id_mutation;date_mutation;numero_disposition;nature_mutation;valeur_fonciere;adresse_numero;adresse_suffixe;adresse_nom_voie;adresse_code_voie;code_postal;code_commune;nom_commune;code_departement;ancien_code_commune;ancien_nom_commune;id_parcelle;ancien_id_parcelle;numero_volume;lot1_numero;lot1_surface_carrez;lot2_numero;lot2_surface_carrez;lot3_numero;lot3_surface_carrez;lot4_numero;lot4_surface_carrez;lot5_numero;lot5_surface_carrez;nombre_lots;code_type_local;type_local;surface_reelle_bati;nombre_pieces_principales;code_nature_culture;nature_culture;code_nature_culture_speciale;nature_culture_speciale;surface_terrain;longitude;latitude;section_prefixe
"2025-58279";"2025-12-30";"1";"Vente";"345990.0";"1.0";"None";"RUE FRANCOIS GUISOL";"2635";"06300";"06088";"Nice";"06";"None";"None";"06088000KO0087";"None";"None";"7";"61.65";"None";"nan";"None";"nan";"None";"nan";"None";"nan";"1";"2";"Appartement";"63.0";"3.0";"None";"None";"None";"None";"nan";"7.284554";"43.701221";"000KO"
"2025-58566";"2025-12-30";"1";"Vente";"55000.0";"9.0";"None";"RUE ARSON";"0390";"06300";"06088";"Nice";"06";"None";"None";"06088000KO0156";"None";"None";"14";"nan";"None";"nan";"None";"nan";"None";"nan";"None";"nan";"1";"3";"Dépendance";"nan";"0.0";"None";"None";"None";"None";"nan";"7.28639";"43.700127";"000KO"
"2025-58542";"2025-12-29";"1";"Vente";"400000.0";"9.0";"None";"RUE CASSINI";"1180";"06300";"06088";"Nice";"06";"None";"None";"06088000KO0268";"None";"None";"22";"95.5";"None";"nan";"None";"nan";"None";"nan";"None";"nan";"1";"2";"Appartement";"98.0";"5.0";"None";"None";"None";"None";"nan";"7.282071";"43.700149";"000KO"
"2025-58542";"2025-12-29";"1";"Vente";"400000.0";"7.0";"T";"RUE EMMANUEL PHILIBERT";"2295";"06300";"06088";"Nice";"06";"None";"None";"06088000KO0207";"None";"None";"247";"nan";"None";"nan";"None";"nan";"None";"nan";"None";"nan";"1";"3";"Dépendance";"nan";"0.0";"None";"None";"None";"None";"nan";"7.283659";"43.700102";"000KO"
"2025-58474";"2025-12-29";"1";"Vente";"120000.0";"22.0";"None";"RUE CASSINI";"1180";"06300";"06088";"Nice";"06";"None";"None";"06088000KO0243";"None";"None";"1";"12.84";"None";"nan";"None";"nan";"None";"nan";"None";"nan";"1";"4";"Local industriel. commercial ou assimilé";"14.0";"0.0";"None";"None";"None";"None";"nan";"7.282832";"43.699189";"000KO"
"2025-58242";"2025-12-23";"1";"Vente";"200000.0";"3.0";"None";"RUE BONAPARTE";"0885";"06300";"06088";"Nice";"06";"None";"None";"06088000KO0040";"None";"None";"6";"25.03";"None";"nan";"None";"nan";"None";"nan";"None";"nan";"1";"2";"Appartement";"24.0";"1.0";"None";"None";"None";"None";"nan";"7.281425";"43.700795";"000KO"
"2025-57588";"2025-12-22";"1";"Vente";"248000.0";"12.0";"None";"RUE EMMANUEL PHILIBERT";"2295";"06300";"06088";"Nice";"06";"None";"None";"06088000KO0257";"None";"None";"27";"nan";"None";"nan";"None";"nan";"None";"nan";"None";"nan";"1";"2";"Appartement";"44.0";"2.0";"None";"None";"None";"None";"nan";"7.282991";"43.699873";"000KO"
"2025-58442";"2025-12-22";"1";"Vente";"255000.0";"22.0";"None";"BD LECH WALESA";"3588";"06300";"06088";"Nice";"06";"None";"None";"06088000KO0140";"None";"None";"14";"nan";"27";"nan";"None";"nan";"None";"nan";"None";"nan";"2";"2";"Appartement";"49.0";"3.0";"None";"None";"None";"None";"nan";"7.287025";"43.698426";"000KO"
"2025-58442";"2025-12-22";"1";"Vente";"255000.0";"22.0";"None";"BD LECH WALESA";"3588";"06300";"06088";"Nice";"06";"None";"None";"06088000KO0140";"None";"None";"14";"nan";"27";"nan";"None";"nan";"None";"nan";"None";"nan";"2";"3";"Dépendance";"nan";"0.0";"None";"None";"None";"None";"nan";"7.287025";"43.698426";"000KO"
"2025-57532";"2025-12-19";"1";"Vente";"172000.0";"4.0";"None";"RUE BARLA";"0610";"06300";"06088";"Nice";"06";"None";"None";"06088000KO0023";"None";"None";"42";"40.49";"None";"nan";"None";"nan";"None";"nan";"None";"nan";"1";"2";"Appartement";"46.0";"2.0";"None";"None";"None";"None";"nan";"7.280562";"43.702308";"000KO"
"2025-57555";"2025-12-18";"1";"Vente";"52000.0";"7.0";"T";"RUE EMMANUEL PHILIBERT";"2295";"06300";"06088";"Nice";"06";"None";"None";"06088000KO0207";"None";"None";"340";"nan";"None";"nan";"None";"nan";"None";"nan";"None";"nan";"1";"3";"Dépendance";"nan";"0.0";"None";"None";"None";"None";"nan";"7.283659";"43.700102";"000KO"
"2025-57859";"2025-12-17";"1";"Vente";"265000.0";"22.0";"None";"RUE BARLA";"0610";"06300";"06088";"Nice";"06";"None";"None";"06088000KO0088";"None";"None";"3";"89.45";"4";"nan";"None";"nan";"None";"nan";"None";"nan";"2";"2";"Appartement";"85.0";"4.0";"None";"None";"None";"None";"nan";"7.284707";"43.701184";"000KO"
"2025-58019";"2025-12-17";"1";"Vente";"395000.0";"1.0";"None";"PL ILE DE BEAUTE";"3265";"06300";"06088";"Nice";"06";"None";"None";"06088000KO0143";"None";"None";"4";"nan";"None";"nan";"None";"nan";"None";"nan";"None";"nan";"1";"2";"Appartement";"42.0";"2.0";"None";"None";"None";"None";"nan";"7.286121";"43.698823";"000KO"
"2025-58391";"2025-12-17";"1";"Vente";"180000.0";"54.0";"None";"BD RISSO";"5490";"06300";"06088";"Nice";"06";"None";"None";"06088000KO0019";"None";"None";"70";"nan";"None";"nan";"None";"nan";"None";"nan";"None";"nan";"1";"2";"Appartement";"95.0";"3.0";"None";"None";"None";"None";"nan";"7.280193";"43.702316";"000KO"
"2025-57536";"2025-12-16";"1";"Vente";"526200.0";"24.0";"None";"RUE BARLA";"0610";"06300";"06088";"Nice";"06";"None";"None";"06088000KO0089";"None";"None";"31";"71.56";"None";"nan";"None";"nan";"None";"nan";"None";"nan";"1";"2";"Appartement";"74.0";"3.0";"None";"None";"None";"None";"nan";"7.284853";"43.700997";"000KO"
"2025-58106";"2025-12-15";"1";"Vente";"415150.0";"12.0";"B";"RUE FRANCOIS GUISOL";"2635";"06300";"06088";"Nice";"06";"None";"None";"06088000KO0207";"None";"None";"206";"nan";"549";"nan";"None";"nan";"None";"nan";"None";"nan";"2";"2";"Appartement";"73.0";"3.0";"None";"None";"None";"None";"nan";"7.283659";"43.700102";"000KO"
"2025-57333";"2025-12-11";"1";"Vente";"169500.0";"3.0";"None";"RUE EMMANUEL PHILIBERT";"2295";"06300";"06088";"Nice";"06";"None";"None";"06088000KO0069";"None";"None";"75";"nan";"None";"nan";"None";"nan";"None";"nan";"None";"nan";"1";"2";"Appartement";"43.0";"2.0";"None";"None";"None";"None";"nan";"7.283747";"43.701324";"000KO"
"2025-57434";"2025-12-10";"1";"Vente";"240000.0";"8.0";"None";"RUE MARTIN SEYTOUR";"4085";"06300";"06088";"Nice";"06";"None";"None";"06088000KO0267";"None";"None";"32";"nan";"None";"nan";"None";"nan";"None";"nan";"None";"nan";"1";"2";"Appartement";"43.0";"3.0";"None";"None";"None";"None";"nan";"7.282151";"43.700281";"000KO"
"2025-56955";"2025-12-10";"1";"Vente";"50000.0";"11.0";"None";"RUE PAPON";"4690";"06300";"06088";"Nice";"06";"None";"None";"06088000KO0356";"None";"None";"87";"nan";"None";"nan";"None";"nan";"None";"nan";"None";"nan";"1";"3";"Dépendance";"nan";"0.0";"None";"None";"None";"None";"nan";"7.283146";"43.701514";"000KO"
"2025-57096";"2025-12-09";"1";"Vente";"49000.0";"19.0";"T";"RUE FODERE";"2495";"06300";"06088";"Nice";"06";"None";"None";"06088000KO0131";"None";"None";"161";"nan";"None";"nan";"None";"nan";"None";"nan";"None";"nan";"1";"3";"Dépendance";"nan";"0.0";"None";"None";"None";"None";"nan";"7.286876";"43.699236";"000KO"
"2025-57055";"2025-12-05";"1";"Vente";"332000.0";"4.0";"None";"RUE RUSCA";"5635";"06300";"06088";"Nice";"06";"None";"None";"06088000KO0147";"None";"None";"8";"48.52";"None";"nan";"None";"nan";"None";"nan";"None";"nan";"1";"2";"Appartement";"55.0";"2.0";"None";"None";"None";"None";"nan";"7.285677";"43.698923";"000KO"
"2025-56979";"2025-12-04";"1";"Vente";"283000.0";"2.0";"None";"RUE BOYER";"0945";"06300";"06088";"Nice";"06";"None";"None";"06088000KO0025";"None";"None";"113";"60.15";"None";"nan";"None";"nan";"None";"nan";"None";"nan";"1";"2";"Appartement";"42.0";"2.0";"None";"None";"None";"None";"nan";"7.281466";"43.701959";"000KO"
"2025-57373";"2025-12-04";"1";"Vente";"520000.0";"12.0";"B";"RUE EMMANUEL PHILIBERT";"2295";"06300";"06088";"Nice";"06";"None";"None";"06088000KO0256";"None";"None";"21";"92.14";"None";"nan";"None";"nan";"None";"nan";"None";"nan";"1";"2";"Appartement";"140.0";"4.0";"None";"None";"None";"None";"nan";"7.282938";"43.699674";"000KO"
"2025-58466";"2025-12-04";"1";"Vente";"339770.0";"19.0";"None";"RUE FODERE";"2495";"06300";"06088";"Nice";"06";"None";"None";"06088000KO0131";"None";"None";"22";"nan";"239";"53.81";"None";"nan";"None";"nan";"None";"nan";"2";"2";"Appartement";"56.0";"2.0";"None";"None";"None";"None";"nan";"7.286876";"43.699236";"000KO"
"2025-56979";"2025-12-04";"1";"Vente";"283000.0";"2.0";"None";"RUE BOYER";"0945";"06300";"06088";"Nice";"06";"None";"None";"06088000KO0025";"None";"None";"113";"60.15";"None";"nan";"None";"nan";"None";"nan";"None";"nan";"1";"3";"Dépendance";"nan";"0.0";"None";"None";"None";"None";"nan";"7.281466";"43.701959";"000KO"
"2025-56979";"2025-12-04";"1";"Vente";"283000.0";"2.0";"None";"RUE BOYER";"0945";"06300";"06088";"Nice";"06";"None";"None";"06088000KO0025";"None";"None";"377";"nan";"None";"nan";"None";"nan";"None";"nan";"None";"nan";"1";"3";"Dépendance";"nan";"0.0";"None";"None";"None";"None";"nan";"7.281466";"43.701959";"000KO"
"2025-56979";"2025-12-04";"1";"Vente";"283000.0";"2.0";"None";"RUE BOYER";"0945";"06300";"06088";"Nice";"06";"None";"None";"06088000KO0025";"None";"None";"113";"60.15";"None";"nan";"None";"nan";"None";"nan";"None";"nan";"1";"3";"Dépendance";"nan";"0.0";"None";"None";"None";"None";"nan";"7.281466";"43.701959";"000KO"
"2025-58466";"2025-12-04";"1";"Vente";"339770.0";"8.0";"None";"RUE ARSON";"0390";"06300";"06088";"Nice";"06";"None";"None";"06088000KO0131";"None";"None";"122";"nan";"None";"nan";"None";"nan";"None";"nan";"None";"nan";"1";"3";"Dépendance";"nan";"0.0";"None";"None";"None";"None";"nan";"7.286876";"43.699236";"000KO"
"2025-58466";"2025-12-04";"1";"Vente";"339770.0";"19.0";"None";"RUE FODERE";"2495";"06300";"06088";"Nice";"06";"None";"None";"06088000KO0131";"None";"None";"22";"nan";"239";"53.81";"None";"nan";"None";"nan";"None";"nan";"2";"3";"Dépendance";"nan";"0.0";"None";"None";"None";"None";"nan";"7.286876";"43.699236";"000KO"
"2025-56809";"2025-12-03";"1";"Vente";"235340.0";"3.0";"None";"RUE BONAPARTE";"0885";"06300";"06088";"Nice";"06";"None";"None";"06088000KO0040";"None";"None";"36";"32.66";"None";"nan";"None";"nan";"None";"nan";"None";"nan";"1";"2";"Appartement";"34.0";"1.0";"None";"None";"None";"None";"nan";"7.281425";"43.700795";"000KO"
"2025-56688";"2025-12-02";"1";"Vente";"310000.0";"2.0";"None";"RUE BOYER";"0945";"06300";"06088";"Nice";"06";"None";"None";"06088000KO0025";"None";"None";"111";"41.25";"None";"nan";"None";"nan";"None";"nan";"None";"nan";"1";"2";"Appartement";"61.0";"3.0";"None";"None";"None";"None";"nan";"7.281466";"43.701959";"000KO"
"2025-56771";"2025-12-02";"1";"Vente";"117000.0";"41.0";"None";"RUE BONAPARTE";"0885";"06300";"06088";"Nice";"06";"None";"None";"06088000KO0302";"None";"None";"13";"23.17";"None";"nan";"None";"nan";"None";"nan";"None";"nan";"1";"2";"Appartement";"25.0";"1.0";"None";"None";"None";"None";"nan";"7.285187";"43.700791";"000KO"
"2025-56688";"2025-12-02";"1";"Vente";"310000.0";"2.0";"None";"RUE BOYER";"0945";"06300";"06088";"Nice";"06";"None";"None";"06088000KO0025";"None";"None";"111";"41.25";"None";"nan";"None";"nan";"None";"nan";"None";"nan";"1";"3";"Dépendance";"nan";"0.0";"None";"None";"None";"None";"nan";"7.281466";"43.701959";"000KO"
"2025-56817";"2025-12-01";"1";"Vente";"230000.0";"12.0";"None";"RUE BAVASTRO";"0670";"06300";"06088";"Nice";"06";"None";"None";"06088000KO0320";"None";"None";"2";"57.19";"None";"nan";"None";"nan";"None";"nan";"None";"nan";"1";"4";"Local industriel. commercial ou assimilé";"60.0";"0.0";"None";"None";"None";"None";"nan";"7.285095";"43.699677";"000KO"
"2025-56748";"2025-11-28";"1";"Vente";"280000.0";"10.0";"None";"RUE PAPON";"4690";"06300";"06088";"Nice";"06";"None";"None";"06088000KO0057";"None";"None";"7";"41.08";"None";"nan";"None";"nan";"None";"nan";"None";"nan";"1";"2";"Appartement";"41.0";"2.0";"None";"None";"None";"None";"nan";"7.282334";"43.701195";"000KO"
"2025-57158";"2025-11-26";"1";"Vente";"530000.0";"12.0";"None";"RUE FRANCOIS GUISOL";"2635";"06300";"06088";"Nice";"06";"None";"None";"06088000KO0207";"None";"None";"410";"nan";"607";"70.56";"None";"nan";"None";"nan";"None";"nan";"2";"2";"Appartement";"71.0";"3.0";"None";"None";"None";"None";"nan";"7.283659";"43.700102";"000KO"
"2025-57158";"2025-11-26";"1";"Vente";"530000.0";"7.0";"T";"RUE EMMANUEL PHILIBERT";"2295";"06300";"06088";"Nice";"06";"None";"None";"06088000KO0207";"None";"None";"332";"nan";"None";"nan";"None";"nan";"None";"nan";"None";"nan";"1";"3";"Dépendance";"nan";"0.0";"None";"None";"None";"None";"nan";"7.283659";"43.700102";"000KO"
"2025-56164";"2025-11-25";"1";"Vente";"170000.0";"49.0";"None";"RUE BONAPARTE";"0885";"06300";"06088";"Nice";"06";"None";"None";"06088000KO0104";"None";"None";"15";"29.24";"None";"nan";"None";"nan";"None";"nan";"None";"nan";"1";"2";"Appartement";"30.0";"2.0";"None";"None";"None";"None";"nan";"7.285958";"43.70065";"000KO"
"2025-56376";"2025-11-25";"1";"Vente";"367500.0";"16.0";"B";"RUE CASSINI";"1180";"06300";"06088";"Nice";"06";"None";"None";"06088000KO0244";"None";"None";"38";"nan";"6";"76.57";"None";"nan";"None";"nan";"None";"nan";"2";"2";"Appartement";"76.0";"3.0";"None";"None";"None";"None";"nan";"7.282555";"43.699433";"000KO"
"2025-56643";"2025-11-25";"1";"Vente";"135000.0";"8.0";"None";"RUE MARTIN SEYTOUR";"4085";"06300";"06088";"Nice";"06";"None";"None";"06088000KO0267";"None";"None";"29";"nan";"None";"nan";"None";"nan";"None";"nan";"None";"nan";"1";"2";"Appartement";"26.0";"1.0";"None";"None";"None";"None";"nan";"7.282151";"43.700281";"000KO"
"2025-56643";"2025-11-25";"1";"Vente";"135000.0";"8.0";"None";"RUE MARTIN SEYTOUR";"4085";"06300";"06088";"Nice";"06";"None";"None";"06088000KO0267";"None";"None";"29";"nan";"None";"nan";"None";"nan";"None";"nan";"None";"nan";"1";"2";"Appartement";"43.0";"3.0";"None";"None";"None";"None";"nan";"7.282151";"43.700281";"000KO"
"2025-57202";"2025-11-21";"1";"Vente";"3030000.0";"7.0";"None";"RUE EMMANUEL PHILIBERT";"2295";"06300";"06088";"Nice";"06";"None";"None";"06088000KO0211";"None";"None";"None";"nan";"None";"nan";"None";"nan";"None";"nan";"None";"nan";"0";"2";"Appartement";"61.0";"3.0";"S";"sols";"None";"None";"201.0";"7.283428";"43.700527";"000KO"
"2025-57202";"2025-11-21";"1";"Vente";"3030000.0";"7.0";"None";"RUE EMMANUEL PHILIBERT";"2295";"06300";"06088";"Nice";"06";"None";"None";"06088000KO0211";"None";"None";"None";"nan";"None";"nan";"None";"nan";"None";"nan";"None";"nan";"0";"2";"Appartement";"61.0";"3.0";"S";"sols";"None";"None";"201.0";"7.283428";"43.700527";"000KO"
"2025-57202";"2025-11-21";"1";"Vente";"3030000.0";"7.0";"None";"RUE EMMANUEL PHILIBERT";"2295";"06300";"06088";"Nice";"06";"None";"None";"06088000KO0211";"None";"None";"None";"nan";"None";"nan";"None";"nan";"None";"nan";"None";"nan";"0";"2";"Appartement";"78.0";"4.0";"S";"sols";"None";"None";"201.0";"7.283428";"43.700527";"000KO"
"2025-57202";"2025-11-21";"1";"Vente";"3030000.0";"7.0";"None";"RUE EMMANUEL PHILIBERT";"2295";"06300";"06088";"Nice";"06";"None";"None";"06088000KO0211";"None";"None";"None";"nan";"None";"nan";"None";"nan";"None";"nan";"None";"nan";"0";"2";"Appartement";"78.0";"4.0";"S";"sols";"None";"None";"201.0";"7.283428";"43.700527";"000KO"
"2025-57202";"2025-11-21";"1";"Vente";"3030000.0";"7.0";"None";"RUE EMMANUEL PHILIBERT";"2295";"06300";"06088";"Nice";"06";"None";"None";"06088000KO0211";"None";"None";"None";"nan";"None";"nan";"None";"nan";"None";"nan";"None";"nan";"0";"2";"Appartement";"78.0";"4.0";"S";"sols";"None";"None";"201.0";"7.283428";"43.700527";"000KO"
"2025-57202";"2025-11-21";"1";"Vente";"3030000.0";"7.0";"None";"RUE EMMANUEL PHILIBERT";"2295";"06300";"06088";"Nice";"06";"None";"None";"06088000KO0211";"None";"None";"None";"nan";"None";"nan";"None";"nan";"None";"nan";"None";"nan";"0";"2";"Appartement";"61.0";"3.0";"S";"sols";"None";"None";"201.0";"7.283428";"43.700527";"000KO"
"2025-57202";"2025-11-21";"1";"Vente";"3030000.0";"7.0";"None";"RUE EMMANUEL PHILIBERT";"2295";"06300";"06088";"Nice";"06";"None";"None";"06088000KO0211";"None";"None";"None";"nan";"None";"nan";"None";"nan";"None";"nan";"None";"nan";"0";"2";"Appartement";"78.0";"4.0";"S";"sols";"None";"None";"201.0";"7.283428";"43.700527";"000KO"
"2025-57202";"2025-11-21";"1";"Vente";"3030000.0";"7.0";"None";"RUE EMMANUEL PHILIBERT";"2295";"06300";"06088";"Nice";"06";"None";"None";"06088000KO0211";"None";"None";"None";"nan";"None";"nan";"None";"nan";"None";"nan";"None";"nan";"0";"2";"Appartement";"61.0";"3.0";"S";"sols";"None";"None";"201.0";"7.283428";"43.700527";"000KO"
"2025-57202";"2025-11-21";"1";"Vente";"3030000.0";"7.0";"None";"RUE EMMANUEL PHILIBERT";"2295";"06300";"06088";"Nice";"06";"None";"None";"06088000KO0211";"None";"None";"None";"nan";"None";"nan";"None";"nan";"None";"nan";"None";"nan";"0";"3";"Dépendance";"nan";"0.0";"S";"sols";"None";"None";"201.0";"7.283428";"43.700527";"000KO"
"2025-57202";"2025-11-21";"1";"Vente";"3030000.0";"7.0";"None";"RUE EMMANUEL PHILIBERT";"2295";"06300";"06088";"Nice";"06";"None";"None";"06088000KO0211";"None";"None";"None";"nan";"None";"nan";"None";"nan";"None";"nan";"None";"nan";"0";"3";"Dépendance";"nan";"0.0";"S";"sols";"None";"None";"201.0";"7.283428";"43.700527";"000KO"
"2025-57202";"2025-11-21";"1";"Vente";"3030000.0";"7.0";"None";"RUE EMMANUEL PHILIBERT";"2295";"06300";"06088";"Nice";"06";"None";"None";"06088000KO0211";"None";"None";"None";"nan";"None";"nan";"None";"nan";"None";"nan";"None";"nan";"0";"3";"Dépendance";"nan";"0.0";"S";"sols";"None";"None";"201.0";"7.283428";"43.700527";"000KO"
"2025-57202";"2025-11-21";"1";"Vente";"3030000.0";"7.0";"None";"RUE EMMANUEL PHILIBERT";"2295";"06300";"06088";"Nice";"06";"None";"None";"06088000KO0211";"None";"None";"None";"nan";"None";"nan";"None";"nan";"None";"nan";"None";"nan";"0";"3";"Dépendance";"nan";"0.0";"S";"sols";"None";"None";"201.0";"7.283428";"43.700527";"000KO"
"2025-57202";"2025-11-21";"1";"Vente";"3030000.0";"7.0";"None";"RUE EMMANUEL PHILIBERT";"2295";"06300";"06088";"Nice";"06";"None";"None";"06088000KO0211";"None";"None";"None";"nan";"None";"nan";"None";"nan";"None";"nan";"None";"nan";"0";"3";"Dépendance";"nan";"0.0";"S";"sols";"None";"None";"201.0";"7.283428";"43.700527";"000KO"
"2025-57202";"2025-11-21";"1";"Vente";"3030000.0";"7.0";"None";"RUE EMMANUEL PHILIBERT";"2295";"06300";"06088";"Nice";"06";"None";"None";"06088000KO0211";"None";"None";"None";"nan";"None";"nan";"None";"nan";"None";"nan";"None";"nan";"0";"3";"Dépendance";"nan";"0.0";"S";"sols";"None";"None";"201.0";"7.283428";"43.700527";"000KO"
"2025-57202";"2025-11-21";"1";"Vente";"3030000.0";"7.0";"None";"RUE EMMANUEL PHILIBERT";"2295";"06300";"06088";"Nice";"06";"None";"None";"06088000KO0211";"None";"None";"None";"nan";"None";"nan";"None";"nan";"None";"nan";"None";"nan";"0";"3";"Dépendance";"nan";"0.0";"S";"sols";"None";"None";"201.0";"7.283428";"43.700527";"000KO"
"2025-57202";"2025-11-21";"1";"Vente";"3030000.0";"7.0";"None";"RUE EMMANUEL PHILIBERT";"2295";"06300";"06088";"Nice";"06";"None";"None";"06088000KO0211";"None";"None";"None";"nan";"None";"nan";"None";"nan";"None";"nan";"None";"nan";"0";"3";"Dépendance";"nan";"0.0";"S";"sols";"None";"None";"201.0";"7.283428";"43.700527";"000KO"
"2025-57202";"2025-11-21";"1";"Vente";"3030000.0";"7.0";"None";"RUE EMMANUEL PHILIBERT";"2295";"06300";"06088";"Nice";"06";"None";"None";"06088000KO0211";"None";"None";"None";"nan";"None";"nan";"None";"nan";"None";"nan";"None";"nan";"0";"4";"Local industriel. commercial ou assimilé";"42.0";"0.0";"S";"sols";"None";"None";"201.0";"7.283428";"43.700527";"000KO"
"2025-57202";"2025-11-21";"1";"Vente";"3030000.0";"7.0";"None";"RUE EMMANUEL PHILIBERT";"2295";"06300";"06088";"Nice";"06";"None";"None";"06088000KO0211";"None";"None";"None";"nan";"None";"nan";"None";"nan";"None";"nan";"None";"nan";"0";"4";"Local industriel. commercial ou assimilé";"45.0";"0.0";"S";"sols";"None";"None";"201.0";"7.283428";"43.700527";"000KO"
"2025-57202";"2025-11-21";"1";"Vente";"3030000.0";"7.0";"None";"RUE EMMANUEL PHILIBERT";"2295";"06300";"06088";"Nice";"06";"None";"None";"06088000KO0211";"None";"None";"None";"nan";"None";"nan";"None";"nan";"None";"nan";"None";"nan";"0";"4";"Local industriel. commercial ou assimilé";"57.0";"0.0";"S";"sols";"None";"None";"201.0";"7.283428";"43.700527";"000KO"
"2025-56459";"2025-11-20";"1";"Vente";"64000.0";"7.0";"T";"RUE EMMANUEL PHILIBERT";"2295";"06300";"06088";"Nice";"06";"None";"None";"06088000KO0207";"None";"None";"348";"nan";"None";"nan";"None";"nan";"None";"nan";"None";"nan";"1";"3";"Dépendance";"nan";"0.0";"None";"None";"None";"None";"nan";"7.283659";"43.700102";"000KO"
"2025-56000";"2025-11-19";"1";"Vente";"178000.0";"47.0";"None";"RUE BONAPARTE";"0885";"06300";"06088";"Nice";"06";"None";"None";"06088000KO0100";"None";"None";"14";"28.5";"15";"nan";"None";"nan";"None";"nan";"None";"nan";"2";"2";"Appartement";"30.0";"2.0";"None";"None";"None";"None";"nan";"7.285794";"43.700637";"000KO"
"2025-56068";"2025-11-18";"1";"Vente";"85304.0";"31.0";"None";"RUE BONAPARTE";"0885";"06300";"06088";"Nice";"06";"None";"None";"06088000KO0081";"None";"None";"8";"59.3";"None";"nan";"None";"nan";"None";"nan";"None";"nan";"1";"2";"Appartement";"59.0";"3.0";"None";"None";"None";"None";"nan";"7.284048";"43.700751";"000KO"
"2025-56611";"2025-11-18";"1";"Vente";"528550.0";"12.0";"None";"RUE PAPON";"4690";"06300";"06088";"Nice";"06";"None";"None";"06088000KO0056";"None";"None";"15";"nan";"5";"nan";"None";"nan";"None";"nan";"None";"nan";"2";"2";"Appartement";"66.0";"3.0";"None";"None";"None";"None";"nan";"7.282511";"43.701153";"000KO"
"2025-56782";"2025-11-18";"1";"Vente";"196000.0";"14.0";"B";"RUE FRANCOIS GUISOL";"2635";"06300";"06088";"Nice";"06";"None";"None";"06088000KO0207";"None";"None";"200";"nan";"520";"nan";"None";"nan";"None";"nan";"None";"nan";"2";"2";"Appartement";"51.0";"2.0";"None";"None";"None";"None";"nan";"7.283659";"43.700102";"000KO"
"2025-56611";"2025-11-18";"1";"Vente";"528550.0";"12.0";"None";"RUE PAPON";"4690";"06300";"06088";"Nice";"06";"None";"None";"06088000KO0056";"None";"None";"15";"nan";"5";"nan";"None";"nan";"None";"nan";"None";"nan";"2";"3";"Dépendance";"nan";"0.0";"None";"None";"None";"None";"nan";"7.282511";"43.701153";"000KO"
"2025-56611";"2025-11-18";"1";"Vente";"528550.0";"12.0";"None";"RUE PAPON";"4690";"06300";"06088";"Nice";"06";"None";"None";"06088000KO0056";"None";"None";"15";"nan";"5";"nan";"None";"nan";"None";"nan";"None";"nan";"2";"3";"Dépendance";"nan";"0.0";"None";"None";"None";"None";"nan";"7.282511";"43.701153";"000KO"
"2025-55708";"2025-11-14";"1";"Vente";"390000.0";"43.0";"None";"AV DE LA REPUBLIQUE";"5435";"06300";"06088";"Nice";"06";"None";"None";"06088000KO0028";"None";"None";"76";"nan";"None";"nan";"None";"nan";"None";"nan";"None";"nan";"1";"2";"Appartement";"50.0";"2.0";"None";"None";"None";"None";"nan";"7.280796";"43.701554";"000KO"
"2025-56590";"2025-11-14";"1";"Vente";"267453.0";"18.0";"None";"RUE CATHERINE SEGURANE";"1192";"06300";"06088";"Nice";"06";"None";"None";"06088000KO0247";"None";"None";"23";"54.66";"None";"nan";"None";"nan";"None";"nan";"None";"nan";"1";"2";"Appartement";"48.0";"4.0";"None";"None";"None";"None";"nan";"7.282009";"43.699371";"000KO"
"2025-55708";"2025-11-14";"1";"Vente";"390000.0";"43.0";"None";"AV DE LA REPUBLIQUE";"5435";"06300";"06088";"Nice";"06";"None";"None";"06088000KO0028";"None";"None";"76";"nan";"None";"nan";"None";"nan";"None";"nan";"None";"nan";"1";"3";"Dépendance";"nan";"0.0";"None";"None";"None";"None";"nan";"7.280796";"43.701554";"000KO"
"2025-55708";"2025-11-14";"1";"Vente";"390000.0";"43.0";"None";"AV DE LA REPUBLIQUE";"5435";"06300";"06088";"Nice";"06";"None";"None";"06088000KO0028";"None";"None";"76";"nan";"None";"nan";"None";"nan";"None";"nan";"None";"nan";"1";"3";"Dépendance";"nan";"0.0";"None";"None";"None";"None";"nan";"7.280796";"43.701554";"000KO"
"2025-56053";"2025-11-10";"1";"Vente";"324000.0";"16.0";"B";"PL GARIBALDI";"2785";"06300";"06088";"Nice";"06";"None";"None";"06088000KO0035";"None";"None";"77";"nan";"None";"nan";"None";"nan";"None";"nan";"None";"nan";"1";"2";"Appartement";"60.0";"3.0";"None";"None";"None";"None";"nan";"7.281299";"43.700982";"000KO"
"2025-55147";"2025-11-06";"1";"Vente";"220000.0";"6.0";"T";"RUE LASCARIS";"3570";"06300";"06088";"Nice";"06";"None";"None";"06088000KO0151";"None";"None";"41";"37.22";"None";"nan";"None";"nan";"None";"nan";"None";"nan";"1";"2";"Appartement";"38.0";"2.0";"None";"None";"None";"None";"nan";"7.285555";"43.699712";"000KO"
"2025-55382";"2025-11-06";"1";"Vente";"70000.0";"3.0";"None";"RUE BONAPARTE";"0885";"06300";"06088";"Nice";"06";"None";"None";"06088000KO0040";"None";"None";"17";"nan";"21";"9.2";"None";"nan";"None";"nan";"None";"nan";"2";"2";"Appartement";"20.0";"1.0";"None";"None";"None";"None";"nan";"7.281425";"43.700795";"000KO"
"2025-55147";"2025-11-06";"1";"Vente";"220000.0";"6.0";"T";"RUE LASCARIS";"3570";"06300";"06088";"Nice";"06";"None";"None";"06088000KO0151";"None";"None";"14";"nan";"None";"nan";"None";"nan";"None";"nan";"None";"nan";"1";"3";"Dépendance";"nan";"0.0";"None";"None";"None";"None";"nan";"7.285555";"43.699712";"000KO"
"2025-55604";"2025-11-05";"1";"Vente";"176000.0";"42.0";"None";"RUE BONAPARTE";"0885";"06300";"06088";"Nice";"06";"None";"None";"06088000KO0161";"None";"None";"4";"17.16";"None";"nan";"None";"nan";"None";"nan";"None";"nan";"1";"2";"Appartement";"17.0";"1.0";"None";"None";"None";"None";"nan";"7.285774";"43.700272";"000KO"
"2025-56131";"2025-11-04";"1";"Vente";"516000.0";"11.0";"None";"RUE BONAPARTE";"0885";"06300";"06088";"Nice";"06";"None";"None";"06088000KO0046";"None";"None";"9";"67.38";"None";"nan";"None";"nan";"None";"nan";"None";"nan";"1";"2";"Appartement";"71.0";"2.0";"None";"None";"None";"None";"nan";"7.282422";"43.700877";"000KO"
"2025-54943";"2025-10-29";"1";"Vente";"105000.0";"17.0";"None";"RUE LASCARIS";"3570";"06300";"06088";"Nice";"06";"None";"None";"06088000KO0316";"None";"None";"41";"nan";"None";"nan";"None";"nan";"None";"nan";"None";"nan";"1";"2";"Appartement";"33.0";"2.0";"None";"None";"None";"None";"nan";"7.284625";"43.700203";"000KO"
"2025-55348";"2025-10-29";"1";"Vente";"223800.0";"6.0";"None";"PAS CATHERINE SEGURANE";"1191";"06300";"06088";"Nice";"06";"None";"None";"06088000KO0279";"None";"None";"12";"46.35";"None";"nan";"None";"nan";"None";"nan";"None";"nan";"1";"2";"Appartement";"41.0";"2.0";"None";"None";"None";"None";"nan";"7.281267";"43.699932";"000KO"
"2025-55016";"2025-10-24";"1";"Vente";"192500.0";"5.0";"None";"RUE CASSINI";"1180";"06300";"06088";"Nice";"06";"None";"None";"06088000KO0270";"None";"None";"8";"19.7";"None";"nan";"None";"nan";"None";"nan";"None";"nan";"1";"2";"Appartement";"19.0";"1.0";"None";"None";"None";"None";"nan";"7.281897";"43.700336";"000KO"
"2025-55424";"2025-10-20";"1";"Vente";"357000.0";"20.0";"None";"RUE FRANCOIS GUISOL";"2635";"06300";"06088";"Nice";"06";"None";"None";"06088000KO0202";"None";"None";"17";"40.57";"None";"nan";"None";"nan";"None";"nan";"None";"nan";"1";"2";"Appartement";"40.0";"2.0";"None";"None";"None";"None";"nan";"7.283784";"43.69937";"000KO"
"2025-54513";"2025-10-17";"1";"Vente";"490000.0";"18.0";"None";"RUE CATHERINE SEGURANE";"1192";"06300";"06088";"Nice";"06";"None";"None";"06088000KO0247";"None";"None";"87";"nan";"None";"nan";"None";"nan";"None";"nan";"None";"nan";"1";"2";"Appartement";"65.0";"4.0";"None";"None";"None";"None";"nan";"7.282009";"43.699371";"000KO"
"2025-54941";"2025-10-17";"1";"Vente";"230000.0";"49.0";"None";"RUE BONAPARTE";"0885";"06300";"06088";"Nice";"06";"None";"None";"06088000KO0104";"None";"None";"23";"29.55";"None";"nan";"None";"nan";"None";"nan";"None";"nan";"1";"2";"Appartement";"30.0";"2.0";"None";"None";"None";"None";"nan";"7.285958";"43.70065";"000KO"
"2025-55107";"2025-10-17";"1";"Vente";"150000.0";"5.0";"None";"RUE CASSINI";"1180";"06300";"06088";"Nice";"06";"None";"None";"06088000KO0270";"None";"None";"6";"19.05";"None";"nan";"None";"nan";"None";"nan";"None";"nan";"1";"2";"Appartement";"21.0";"1.0";"None";"None";"None";"None";"nan";"7.281897";"43.700336";"000KO"
"2025-54421";"2025-10-16";"1";"Vente";"550000.0";"16.0";"None";"RUE FODERE";"2495";"06300";"06088";"Nice";"06";"None";"None";"06088000KO0134";"None";"None";"31";"56.01";"None";"nan";"None";"nan";"None";"nan";"None";"nan";"1";"2";"Appartement";"55.0";"2.0";"None";"None";"None";"None";"nan";"7.286825";"43.698829";"000KO"
"2025-54421";"2025-10-16";"1";"Vente";"550000.0";"16.0";"None";"RUE FODERE";"2495";"06300";"06088";"Nice";"06";"None";"None";"06088000KO0134";"None";"None";"62";"nan";"None";"nan";"None";"nan";"None";"nan";"None";"nan";"1";"3";"Dépendance";"nan";"0.0";"None";"None";"None";"None";"nan";"7.286825";"43.698829";"000KO"
"2025-55086";"2025-10-16";"1";"Vente";"160000.0";"39.0";"None";"RUE BONAPARTE";"0885";"06300";"06088";"Nice";"06";"None";"None";"06088000KO0092";"None";"None";"22";"nan";"None";"nan";"None";"nan";"None";"nan";"None";"nan";"1";"3";"Dépendance";"nan";"0.0";"None";"None";"None";"None";"nan";"7.285018";"43.700746";"000KO"
"2025-55086";"2025-10-16";"1";"Vente";"160000.0";"39.0";"None";"RUE BONAPARTE";"0885";"06300";"06088";"Nice";"06";"None";"None";"06088000KO0092";"None";"None";"1";"nan";"None";"nan";"None";"nan";"None";"nan";"None";"nan";"1";"4";"Local industriel. commercial ou assimilé";"30.0";"0.0";"None";"None";"None";"None";"nan";"7.285018";"43.700746";"000KO"
"2025-54539";"2025-10-15";"1";"Vente";"224200.0";"5.0";"None";"RUE FODERE";"2495";"06300";"06088";"Nice";"06";"None";"None";"06088000KO0191";"None";"None";"11";"36.71";"None";"nan";"None";"nan";"None";"nan";"None";"nan";"1";"2";"Appartement";"37.0";"2.0";"None";"None";"None";"None";"nan";"7.284576";"43.699473";"000KO"
"2025-54683";"2025-10-15";"1";"Vente";"2820000.0";"16.0";"None";"RUE FRANCOIS GUISOL";"2635";"06300";"06088";"Nice";"06";"None";"None";"06088000KO0206";"None";"None";"None";"nan";"None";"nan";"None";"nan";"None";"nan";"None";"nan";"0";"4";"Local industriel. commercial ou assimilé";"532.0";"0.0";"S";"sols";"None";"None";"245.0";"7.283856";"43.699737";"000KO"
"2025-54902";"2025-10-13";"1";"Vente";"600000.0";"54.0";"None";"BD RISSO";"5490";"06300";"06088";"Nice";"06";"None";"None";"06088000KO0019";"None";"None";"55";"nan";"None";"nan";"None";"nan";"None";"nan";"None";"nan";"1";"2";"Appartement";"190.0";"3.0";"None";"None";"None";"None";"nan";"7.280193";"43.702316";"000KO"
"2025-54902";"2025-10-13";"1";"Vente";"600000.0";"54.0";"None";"BD RISSO";"5490";"06300";"06088";"Nice";"06";"None";"None";"06088000KO0019";"None";"None";"103";"nan";"None";"nan";"None";"nan";"None";"nan";"None";"nan";"1";"3";"Dépendance";"nan";"0.0";"None";"None";"None";"None";"nan";"7.280193";"43.702316";"000KO"
"2025-54902";"2025-10-13";"1";"Vente";"600000.0";"54.0";"None";"BD RISSO";"5490";"06300";"06088";"Nice";"06";"None";"None";"06088000KO0019";"None";"None";"55";"nan";"None";"nan";"None";"nan";"None";"nan";"None";"nan";"1";"3";"Dépendance";"nan";"0.0";"None";"None";"None";"None";"nan";"7.280193";"43.702316";"000KO"
"2025-54815";"2025-10-10";"1";"Vente";"96731.0";"18.0";"None";"RUE ARSON";"0390";"06300";"06088";"Nice";"06";"None";"None";"06088000KO0119";"None";"None";"7";"19.2";"None";"nan";"None";"nan";"None";"nan";"None";"nan";"1";"2";"Appartement";"19.0";"1.0";"None";"None";"None";"None";"nan";"7.286903";"43.700034";"000KO"
"2025-54052";"2025-10-07";"1";"Vente";"275000.0";"9.0";"None";"RUE BAVASTRO";"0670";"06300";"06088";"Nice";"06";"None";"None";"06088000KO0165";"None";"None";"10";"nan";"None";"nan";"None";"nan";"None";"nan";"None";"nan";"1";"2";"Appartement";"54.0";"3.0";"None";"None";"None";"None";"nan";"7.285615";"43.700279";"000KO"
"2025-54307";"2025-10-06";"1";"Vente";"104875.0";"18.0";"None";"RUE ARSON";"0390";"06300";"06088";"Nice";"06";"None";"None";"06088000KO0119";"None";"None";"4";"20.84";"None";"nan";"None";"nan";"None";"nan";"None";"nan";"1";"2";"Appartement";"21.0";"1.0";"None";"None";"None";"None";"nan";"7.286903";"43.700034";"000KO"
"2025-54159";"2025-10-03";"1";"Vente";"243000.0";"54.0";"None";"RUE BONAPARTE";"0885";"06300";"06088";"Nice";"06";"None";"None";"06088000KO0115";"None";"None";"14";"48.34";"None";"nan";"None";"nan";"None";"nan";"None";"nan";"1";"2";"Appartement";"49.0";"3.0";"None";"None";"None";"None";"nan";"7.287141";"43.700254";"000KO"
"2025-53287";"2025-09-26";"1";"Vente";"310000.0";"5.0";"None";"RUE ARSON";"0390";"06300";"06088";"Nice";"06";"None";"None";"06088000KO0154";"None";"None";"8";"53.34";"None";"nan";"None";"nan";"None";"nan";"None";"nan";"1";"2";"Appartement";"50.0";"3.0";"None";"None";"None";"None";"nan";"7.286313";"43.699507";"000KO"
"2025-53818";"2025-09-25";"1";"Vente";"115000.0";"54.0";"None";"BD RISSO";"5490";"06300";"06088";"Nice";"06";"None";"None";"06088000KO0019";"None";"None";"98";"17.13";"None";"nan";"None";"nan";"None";"nan";"None";"nan";"1";"2";"Appartement";"16.0";"1.0";"None";"None";"None";"None";"nan";"7.280193";"43.702316";"000KO"
"2025-53630";"2025-09-24";"1";"Vente";"185000.0";"36.0";"None";"RUE BONAPARTE";"0885";"06300";"06088";"Nice";"06";"None";"None";"06088000KO0169";"None";"None";"44";"35.84";"None";"nan";"None";"nan";"None";"nan";"None";"nan";"1";"2";"Appartement";"25.0";"1.0";"None";"None";"None";"None";"nan";"7.285123";"43.700355";"000KO"
"2025-53620";"2025-09-23";"1";"Vente";"237500.0";"2.0";"None";"RUE BAVASTRO";"0670";"06300";"06088";"Nice";"06";"None";"None";"06088000KO0096";"None";"None";"20";"33.29";"None";"nan";"None";"nan";"None";"nan";"None";"nan";"1";"2";"Appartement";"30.0";"1.0";"None";"None";"None";"None";"nan";"7.285334";"43.700914";"000KO"
"2025-54245";"2025-09-22";"1";"Vente";"265000.0";"11.0";"None";"RUE EMMANUEL PHILIBERT";"2295";"06300";"06088";"Nice";"06";"None";"None";"06088000KO0404";"None";"None";"None";"nan";"None";"nan";"None";"nan";"None";"nan";"None";"nan";"0";"1";"Maison";"47.0";"3.0";"S";"sols";"None";"None";"41.0";"7.283485";"43.699406";"000KO"
"2025-54238";"2025-09-19";"1";"Vente";"256700.0";"9.0";"None";"RUE BONAPARTE";"0885";"06300";"06088";"Nice";"06";"None";"None";"06088000KO0045";"None";"None";"14";"35.51";"None";"nan";"None";"nan";"None";"nan";"None";"nan";"1";"2";"Appartement";"40.0";"1.0";"None";"None";"None";"None";"nan";"7.282296";"43.700864";"000KO"
"2025-54220";"2025-09-19";"1";"Vente";"83000.0";"5.0";"None";"RUE FRANCOIS GUISOL";"2635";"06300";"06088";"Nice";"06";"None";"None";"06088000KO0083";"None";"None";"38";"nan";"None";"nan";"None";"nan";"None";"nan";"None";"nan";"1";"4";"Local industriel. commercial ou assimilé";"30.0";"0.0";"None";"None";"None";"None";"nan";"7.284553";"43.700835";"000KO"
"2025-52825";"2025-09-17";"1";"Vente";"114700.0";"3.0";"None";"RUE CASSINI";"1180";"06300";"06088";"Nice";"06";"None";"None";"06088000KO0272";"None";"None";"12";"17.62";"None";"nan";"None";"nan";"None";"nan";"None";"nan";"1";"2";"Appartement";"17.0";"1.0";"None";"None";"None";"None";"nan";"7.281754";"43.700442";"000KO"
"2025-53099";"2025-09-17";"1";"Vente";"50000.0";"7.0";"T";"RUE EMMANUEL PHILIBERT";"2295";"06300";"06088";"Nice";"06";"None";"None";"06088000KO0207";"None";"None";"100";"nan";"None";"nan";"None";"nan";"None";"nan";"None";"nan";"1";"3";"Dépendance";"nan";"0.0";"None";"None";"None";"None";"nan";"7.283659";"43.700102";"000KO"
"2025-52739";"2025-09-16";"1";"Vente";"224300.0";"2.0";"None";"RUE PAPON";"4690";"06300";"06088";"Nice";"06";"None";"None";"06088000KO0029";"None";"None";"12";"26.24";"None";"nan";"None";"nan";"None";"nan";"None";"nan";"1";"2";"Appartement";"26.0";"1.0";"None";"None";"None";"None";"nan";"7.280925";"43.701622";"000KO"
"2025-53171";"2025-09-15";"1";"Vente";"140000.0";"37.0";"None";"AV DE LA REPUBLIQUE";"5435";"06300";"06088";"Nice";"06";"None";"None";"06088000KO0024";"None";"None";"30";"30.22";"40";"nan";"None";"nan";"None";"nan";"None";"nan";"2";"2";"Appartement";"36.0";"1.0";"None";"None";"None";"None";"nan";"7.281179";"43.702207";"000KO"
"2025-53103";"2025-09-15";"1";"Vente";"160000.0";"39.0";"None";"RUE BONAPARTE";"0885";"06300";"06088";"Nice";"06";"None";"None";"06088000KO0092";"None";"None";"21";"nan";"None";"nan";"None";"nan";"None";"nan";"None";"nan";"1";"3";"Dépendance";"nan";"0.0";"None";"None";"None";"None";"nan";"7.285018";"43.700746";"000KO"
"2025-53788";"2025-09-11";"1";"Vente";"810000.0";"13.0";"None";"RUE CASSINI";"1180";"06300";"06088";"Nice";"06";"None";"None";"06088000KO0256";"None";"None";"9";"150.04";"None";"nan";"None";"nan";"None";"nan";"None";"nan";"1";"4";"Local industriel. commercial ou assimilé";"155.0";"0.0";"None";"None";"None";"None";"nan";"7.282938";"43.699674";"000KO"
"2025-54045";"2025-09-10";"1";"Vente";"220000.0";"6.0";"T";"RUE LASCARIS";"3570";"06300";"06088";"Nice";"06";"None";"None";"06088000KO0151";"None";"None";"22";"nan";"None";"nan";"None";"nan";"None";"nan";"None";"nan";"1";"2";"Appartement";"35.0";"2.0";"None";"None";"None";"None";"nan";"7.285555";"43.699712";"000KO"
"2025-54045";"2025-09-10";"1";"Vente";"220000.0";"6.0";"T";"RUE LASCARIS";"3570";"06300";"06088";"Nice";"06";"None";"None";"06088000KO0151";"None";"None";"1";"nan";"None";"nan";"None";"nan";"None";"nan";"None";"nan";"1";"3";"Dépendance";"nan";"0.0";"None";"None";"None";"None";"nan";"7.285555";"43.699712";"000KO"
"2025-52661";"2025-09-09";"1";"Vente";"386000.0";"59.0";"None";"RUE BONAPARTE";"0885";"06300";"06088";"Nice";"06";"None";"None";"06088000KO0112";"None";"None";"15";"77.97";"17";"nan";"None";"nan";"None";"nan";"None";"nan";"2";"2";"Appartement";"64.0";"1.0";"None";"None";"None";"None";"nan";"7.287069";"43.700506";"000KO"
"2025-52679";"2025-09-08";"1";"Vente";"683231.0";"7.0";"B";"RUE EMMANUEL PHILIBERT";"2295";"06300";"06088";"Nice";"06";"None";"None";"06088000KO0212";"None";"None";"11";"60.93";"None";"nan";"None";"nan";"None";"nan";"None";"nan";"1";"2";"Appartement";"61.0";"3.0";"None";"None";"None";"None";"nan";"7.283452";"43.70043";"000KO"
"2025-52679";"2025-09-08";"1";"Vente";"683231.0";"7.0";"B";"RUE EMMANUEL PHILIBERT";"2295";"06300";"06088";"Nice";"06";"None";"None";"06088000KO0212";"None";"None";"11";"60.93";"None";"nan";"None";"nan";"None";"nan";"None";"nan";"1";"3";"Dépendance";"nan";"0.0";"None";"None";"None";"None";"nan";"7.283452";"43.70043";"000KO"
"2025-52704";"2025-09-05";"1";"Vente";"1300000.0";"18.0";"None";"RUE CATHERINE SEGURANE";"1192";"06300";"06088";"Nice";"06";"None";"None";"06088000KO0245";"None";"None";"13";"nan";"None";"nan";"None";"nan";"None";"nan";"None";"nan";"1";"2";"Appartement";"31.0";"1.0";"None";"None";"None";"None";"nan";"7.282264";"43.699324";"000KO"
"2025-52704";"2025-09-05";"1";"Vente";"1300000.0";"18.0";"None";"RUE CATHERINE SEGURANE";"1192";"06300";"06088";"Nice";"06";"None";"None";"06088000KO0245";"None";"None";"9";"nan";"None";"nan";"None";"nan";"None";"nan";"None";"nan";"1";"2";"Appartement";"29.0";"1.0";"None";"None";"None";"None";"nan";"7.282264";"43.699324";"000KO"
"2025-52704";"2025-09-05";"1";"Vente";"1300000.0";"18.0";"None";"RUE CATHERINE SEGURANE";"1192";"06300";"06088";"Nice";"06";"None";"None";"06088000KO0245";"None";"None";"11";"nan";"None";"nan";"None";"nan";"None";"nan";"None";"nan";"1";"2";"Appartement";"37.0";"2.0";"None";"None";"None";"None";"nan";"7.282264";"43.699324";"000KO"
"2025-52704";"2025-09-05";"1";"Vente";"1300000.0";"18.0";"None";"RUE CATHERINE SEGURANE";"1192";"06300";"06088";"Nice";"06";"None";"None";"06088000KO0245";"None";"None";"10";"nan";"None";"nan";"None";"nan";"None";"nan";"None";"nan";"1";"2";"Appartement";"26.0";"1.0";"None";"None";"None";"None";"nan";"7.282264";"43.699324";"000KO"
"2025-52704";"2025-09-05";"1";"Vente";"1300000.0";"18.0";"None";"RUE CATHERINE SEGURANE";"1192";"06300";"06088";"Nice";"06";"None";"None";"06088000KO0245";"None";"None";"3";"nan";"None";"nan";"None";"nan";"None";"nan";"None";"nan";"1";"2";"Appartement";"18.0";"1.0";"None";"None";"None";"None";"nan";"7.282264";"43.699324";"000KO"
"2025-52704";"2025-09-05";"1";"Vente";"1300000.0";"18.0";"None";"RUE CATHERINE SEGURANE";"1192";"06300";"06088";"Nice";"06";"None";"None";"06088000KO0245";"None";"None";"12";"nan";"None";"nan";"None";"nan";"None";"nan";"None";"nan";"1";"2";"Appartement";"30.0";"1.0";"None";"None";"None";"None";"nan";"7.282264";"43.699324";"000KO"
"2025-52704";"2025-09-05";"1";"Vente";"1300000.0";"18.0";"None";"RUE CATHERINE SEGURANE";"1192";"06300";"06088";"Nice";"06";"None";"None";"06088000KO0245";"None";"None";"4";"nan";"None";"nan";"None";"nan";"None";"nan";"None";"nan";"1";"4";"Local industriel. commercial ou assimilé";"77.0";"0.0";"None";"None";"None";"None";"nan";"7.282264";"43.699324";"000KO"
"2025-52472";"2025-09-04";"1";"Vente";"280000.0";"7.0";"None";"RUE LASCARIS";"3570";"06300";"06088";"Nice";"06";"None";"None";"06088000KO0157";"None";"None";"75";"53.31";"9";"nan";"None";"nan";"None";"nan";"None";"nan";"2";"2";"Appartement";"55.0";"2.0";"None";"None";"None";"None";"nan";"7.286135";"43.700096";"000KO"
"2025-52472";"2025-09-04";"1";"Vente";"280000.0";"7.0";"None";"RUE LASCARIS";"3570";"06300";"06088";"Nice";"06";"None";"None";"06088000KO0157";"None";"None";"75";"53.31";"9";"nan";"None";"nan";"None";"nan";"None";"nan";"2";"3";"Dépendance";"nan";"0.0";"None";"None";"None";"None";"nan";"7.286135";"43.700096";"000KO"
"2025-52472";"2025-09-04";"1";"Vente";"280000.0";"7.0";"None";"RUE LASCARIS";"3570";"06300";"06088";"Nice";"06";"None";"None";"06088000KO0157";"None";"None";"44";"nan";"None";"nan";"None";"nan";"None";"nan";"None";"nan";"1";"3";"Dépendance";"nan";"0.0";"None";"None";"None";"None";"nan";"7.286135";"43.700096";"000KO"
"2025-52472";"2025-09-04";"1";"Vente";"280000.0";"7.0";"None";"RUE LASCARIS";"3570";"06300";"06088";"Nice";"06";"None";"None";"06088000KO0157";"None";"None";"75";"53.31";"9";"nan";"None";"nan";"None";"nan";"None";"nan";"2";"3";"Dépendance";"nan";"0.0";"None";"None";"None";"None";"nan";"7.286135";"43.700096";"000KO"
"2025-52756";"2025-09-03";"1";"Vente";"186250.0";"7.0";"None";"RUE LASCARIS";"3570";"06300";"06088";"Nice";"06";"None";"None";"06088000KO0157";"None";"None";"24";"nan";"69";"nan";"None";"nan";"None";"nan";"None";"nan";"2";"2";"Appartement";"30.0";"1.0";"None";"None";"None";"None";"nan";"7.286135";"43.700096";"000KO"
"2025-52756";"2025-09-03";"1";"Vente";"186250.0";"7.0";"None";"RUE LASCARIS";"3570";"06300";"06088";"Nice";"06";"None";"None";"06088000KO0157";"None";"None";"24";"nan";"69";"nan";"None";"nan";"None";"nan";"None";"nan";"2";"3";"Dépendance";"nan";"0.0";"None";"None";"None";"None";"nan";"7.286135";"43.700096";"000KO"
"2025-52505";"2025-09-01";"1";"Vente";"160000.0";"6.0";"T";"RUE LASCARIS";"3570";"06300";"06088";"Nice";"06";"None";"None";"06088000KO0151";"None";"None";"47";"nan";"None";"nan";"None";"nan";"None";"nan";"None";"nan";"1";"2";"Appartement";"22.0";"1.0";"None";"None";"None";"None";"nan";"7.285555";"43.699712";"000KO"
"2025-52802";"2025-09-01";"1";"Vente";"270000.0";"10.0";"None";"RUE PAPON";"4690";"06300";"06088";"Nice";"06";"None";"None";"06088000KO0057";"None";"None";"13";"nan";"20";"nan";"None";"nan";"None";"nan";"None";"nan";"2";"2";"Appartement";"37.0";"2.0";"None";"None";"None";"None";"nan";"7.282334";"43.701195";"000KO"
"2025-52505";"2025-09-01";"1";"Vente";"160000.0";"6.0";"T";"RUE LASCARIS";"3570";"06300";"06088";"Nice";"06";"None";"None";"06088000KO0151";"None";"None";"47";"nan";"None";"nan";"None";"nan";"None";"nan";"None";"nan";"1";"3";"Dépendance";"nan";"0.0";"None";"None";"None";"None";"nan";"7.285555";"43.699712";"000KO"
"2025-52802";"2025-09-01";"1";"Vente";"270000.0";"10.0";"None";"RUE PAPON";"4690";"06300";"06088";"Nice";"06";"None";"None";"06088000KO0057";"None";"None";"13";"nan";"20";"nan";"None";"nan";"None";"nan";"None";"nan";"2";"3";"Dépendance";"nan";"0.0";"None";"None";"None";"None";"nan";"7.282334";"43.701195";"000KO"
"2025-52802";"2025-09-01";"1";"Vente";"270000.0";"10.0";"None";"RUE PAPON";"4690";"06300";"06088";"Nice";"06";"None";"None";"06088000KO0057";"None";"None";"30";"nan";"None";"nan";"None";"nan";"None";"nan";"None";"nan";"1";"3";"Dépendance";"nan";"0.0";"None";"None";"None";"None";"nan";"7.282334";"43.701195";"000KO"
"2025-52020";"2025-08-28";"1";"Vente";"250000.0";"4.0";"None";"RUE PAPON";"4690";"06300";"06088";"Nice";"06";"None";"None";"06088000KO0030";"None";"None";"17";"56.18";"None";"nan";"None";"nan";"None";"nan";"None";"nan";"1";"2";"Appartement";"40.0";"3.0";"None";"None";"None";"None";"nan";"7.281024";"43.701502";"000KO"
"2025-52020";"2025-08-28";"1";"Vente";"250000.0";"4.0";"None";"RUE PAPON";"4690";"06300";"06088";"Nice";"06";"None";"None";"06088000KO0030";"None";"None";"18";"nan";"None";"nan";"None";"nan";"None";"nan";"None";"nan";"1";"3";"Dépendance";"nan";"0.0";"None";"None";"None";"None";"nan";"7.281024";"43.701502";"000KO"
"2025-52129";"2025-08-27";"1";"Vente";"50000.0";"1.0";"None";"RUE BOYER";"0945";"06300";"06088";"Nice";"06";"None";"None";"06088000KO0061";"None";"None";"51";"nan";"None";"nan";"None";"nan";"None";"nan";"None";"nan";"1";"3";"Dépendance";"nan";"0.0";"None";"None";"None";"None";"nan";"7.282143";"43.701676";"000KO"
"2025-52123";"2025-08-25";"1";"Vente";"390000.0";"2.0";"None";"RUE EMMANUEL PHILIBERT";"2295";"06300";"06088";"Nice";"06";"None";"None";"06088000KO0356";"None";"None";"210";"nan";"25";"nan";"None";"nan";"None";"nan";"None";"nan";"2";"2";"Appartement";"64.0";"3.0";"None";"None";"None";"None";"nan";"7.283146";"43.701514";"000KO"
"2025-52123";"2025-08-25";"1";"Vente";"390000.0";"2.0";"None";"RUE EMMANUEL PHILIBERT";"2295";"06300";"06088";"Nice";"06";"None";"None";"06088000KO0356";"None";"None";"210";"nan";"25";"nan";"None";"nan";"None";"nan";"None";"nan";"2";"3";"Dépendance";"nan";"0.0";"None";"None";"None";"None";"nan";"7.283146";"43.701514";"000KO"
"2025-52123";"2025-08-25";"1";"Vente";"390000.0";"2.0";"None";"RUE EMMANUEL PHILIBERT";"2295";"06300";"06088";"Nice";"06";"None";"None";"06088000KO0356";"None";"None";"210";"nan";"25";"nan";"None";"nan";"None";"nan";"None";"nan";"2";"3";"Dépendance";"nan";"0.0";"None";"None";"None";"None";"nan";"7.283146";"43.701514";"000KO"
"2025-52524";"2025-08-22";"1";"Vente";"410000.0";"32.0";"None";"RUE BONAPARTE";"0885";"06300";"06088";"Nice";"06";"None";"None";"06088000KO0171";"None";"None";"15";"nan";"None";"nan";"None";"nan";"None";"nan";"None";"nan";"1";"2";"Appartement";"67.0";"3.0";"None";"None";"None";"None";"nan";"7.284837";"43.700379";"000KO"
"2025-52321";"2025-08-20";"1";"Vente";"390000.0";"17.0";"None";"RUE BAVASTRO";"0670";"06300";"06088";"Nice";"06";"None";"None";"06088000KO0150";"None";"None";"131";"nan";"134";"278.57";"None";"nan";"None";"nan";"None";"nan";"2";"4";"Local industriel. commercial ou assimilé";"210.0";"0.0";"None";"None";"None";"None";"nan";"7.285629";"43.699531";"000KO"
"2025-52388";"2025-08-19";"1";"Vente";"45000.0";"2.0";"None";"RUE MARTIN SEYTOUR";"4085";"06300";"06088";"Nice";"06";"None";"None";"06088000KO0262";"None";"None";"46";"nan";"None";"nan";"None";"nan";"None";"nan";"None";"nan";"1";"2";"Appartement";"7.0";"1.0";"None";"None";"None";"None";"nan";"7.282539";"43.700588";"000KO"
"2025-51625";"2025-08-18";"1";"Vente";"45000.0";"16.0";"None";"RUE FODERE";"2495";"06300";"06088";"Nice";"06";"None";"None";"06088000KO0134";"None";"None";"107";"nan";"None";"nan";"None";"nan";"None";"nan";"None";"nan";"1";"3";"Dépendance";"nan";"0.0";"None";"None";"None";"None";"nan";"7.286825";"43.698829";"000KO"
"2025-51550";"2025-08-12";"1";"Vente";"462000.0";"26.0";"None";"RUE CATHERINE SEGURANE";"1192";"06300";"06088";"Nice";"06";"None";"None";"06088000KO0232";"None";"None";"16";"107.89";"None";"nan";"None";"nan";"None";"nan";"None";"nan";"1";"2";"Appartement";"100.0";"5.0";"None";"None";"None";"None";"nan";"7.282073";"43.698537";"000KO"
"2025-51840";"2025-08-08";"1";"Vente";"325000.0";"31.0";"None";"RUE BONAPARTE";"0885";"06300";"06088";"Nice";"06";"None";"None";"06088000KO0081";"None";"None";"18";"42.73";"None";"nan";"None";"nan";"None";"nan";"None";"nan";"1";"2";"Appartement";"36.0";"3.0";"None";"None";"None";"None";"nan";"7.284048";"43.700751";"000KO"
"2025-51830";"2025-08-05";"1";"Vente";"360000.0";"3.0";"None";"RUE EMMANUEL PHILIBERT";"2295";"06300";"06088";"Nice";"06";"None";"None";"06088000KO0069";"None";"None";"82";"59.27";"None";"nan";"None";"nan";"None";"nan";"None";"nan";"1";"2";"Appartement";"73.0";"4.0";"None";"None";"None";"None";"nan";"7.283747";"43.701324";"000KO"
"2025-51378";"2025-08-01";"1";"Vente";"440000.0";"14.0";"None";"RUE BAVASTRO";"0670";"06300";"06088";"Nice";"06";"None";"None";"06088000KO0193";"None";"None";"23";"nan";"5";"60.34";"None";"nan";"None";"nan";"None";"nan";"2";"2";"Appartement";"64.0";"3.0";"None";"None";"None";"None";"nan";"7.285017";"43.699573";"000KO"
"2025-51456";"2025-08-01";"1";"Vente";"170000.0";"14.0";"None";"RUE LASCARIS";"3570";"06300";"06088";"Nice";"06";"None";"None";"06088000KO0185";"None";"None";"16";"nan";"87";"nan";"None";"nan";"None";"nan";"None";"nan";"2";"2";"Appartement";"27.0";"1.0";"None";"None";"None";"None";"nan";"7.284693";"43.699689";"000KO"
"2025-51925";"2025-08-01";"1";"Vente";"687533.0";"16.0";"None";"RUE ARSON";"0390";"06300";"06088";"Nice";"06";"None";"None";"06088000KO0119";"None";"None";"49";"33.54";"None";"nan";"None";"nan";"None";"nan";"None";"nan";"1";"2";"Appartement";"33.0";"2.0";"None";"None";"None";"None";"nan";"7.286903";"43.700034";"000KO"
"2025-51925";"2025-08-01";"1";"Vente";"687533.0";"18.0";"None";"RUE ARSON";"0390";"06300";"06088";"Nice";"06";"None";"None";"06088000KO0119";"None";"None";"22";"36.18";"None";"nan";"None";"nan";"None";"nan";"None";"nan";"1";"2";"Appartement";"36.0";"2.0";"None";"None";"None";"None";"nan";"7.286903";"43.700034";"000KO"
"2025-51925";"2025-08-01";"1";"Vente";"687533.0";"18.0";"None";"RUE ARSON";"0390";"06300";"06088";"Nice";"06";"None";"None";"06088000KO0119";"None";"None";"21";"37.31";"None";"nan";"None";"nan";"None";"nan";"None";"nan";"1";"2";"Appartement";"37.0";"2.0";"None";"None";"None";"None";"nan";"7.286903";"43.700034";"000KO"
"2025-51925";"2025-08-01";"1";"Vente";"687533.0";"16.0";"None";"RUE ARSON";"0390";"06300";"06088";"Nice";"06";"None";"None";"06088000KO0119";"None";"None";"48";"27.38";"None";"nan";"None";"nan";"None";"nan";"None";"nan";"1";"2";"Appartement";"27.0";"2.0";"None";"None";"None";"None";"nan";"7.286903";"43.700034";"000KO"
"2025-51378";"2025-08-01";"1";"Vente";"440000.0";"14.0";"None";"RUE BAVASTRO";"0670";"06300";"06088";"Nice";"06";"None";"None";"06088000KO0193";"None";"None";"23";"nan";"5";"60.34";"None";"nan";"None";"nan";"None";"nan";"2";"3";"Dépendance";"nan";"0.0";"None";"None";"None";"None";"nan";"7.285017";"43.699573";"000KO"
"2025-51456";"2025-08-01";"1";"Vente";"170000.0";"14.0";"None";"RUE LASCARIS";"3570";"06300";"06088";"Nice";"06";"None";"None";"06088000KO0185";"None";"None";"16";"nan";"87";"nan";"None";"nan";"None";"nan";"None";"nan";"2";"3";"Dépendance";"nan";"0.0";"None";"None";"None";"None";"nan";"7.284693";"43.699689";"000KO"
"2025-50827";"2025-07-31";"1";"Vente";"693000.0";"14.0";"None";"RUE FRANCOIS GUISOL";"2635";"06300";"06088";"Nice";"06";"None";"None";"06088000KO0207";"None";"None";"513";"nan";"None";"nan";"None";"nan";"None";"nan";"None";"nan";"1";"2";"Appartement";"95.0";"3.0";"None";"None";"None";"None";"nan";"7.283659";"43.700102";"000KO"
"2025-51320";"2025-07-31";"1";"Vente";"190000.0";"2.0";"None";"RUE BOYER";"0945";"06300";"06088";"Nice";"06";"None";"None";"06088000KO0025";"None";"None";"111";"41.25";"None";"nan";"None";"nan";"None";"nan";"None";"nan";"1";"2";"Appartement";"61.0";"3.0";"None";"None";"None";"None";"nan";"7.281466";"43.701959";"000KO"
"2025-51320";"2025-07-31";"1";"Vente";"190000.0";"2.0";"None";"RUE BOYER";"0945";"06300";"06088";"Nice";"06";"None";"None";"06088000KO0025";"None";"None";"111";"41.25";"None";"nan";"None";"nan";"None";"nan";"None";"nan";"1";"3";"Dépendance";"nan";"0.0";"None";"None";"None";"None";"nan";"7.281466";"43.701959";"000KO"
"2025-52249";"2025-07-31";"1";"Vente";"60000.0";"7.0";"T";"RUE EMMANUEL PHILIBERT";"2295";"06300";"06088";"Nice";"06";"None";"None";"06088000KO0207";"None";"None";"9";"nan";"None";"nan";"None";"nan";"None";"nan";"None";"nan";"1";"3";"Dépendance";"nan";"0.0";"None";"None";"None";"None";"nan";"7.283659";"43.700102";"000KO"
"2025-52001";"2025-07-30";"1";"Vente";"145000.0";"3.0";"None";"PL ILE DE BEAUTE";"3265";"06300";"06088";"Nice";"06";"None";"None";"06088000KO0350";"None";"None";"32";"12.88";"None";"nan";"None";"nan";"None";"nan";"None";"nan";"1";"3";"Dépendance";"nan";"0.0";"None";"None";"None";"None";"nan";"7.285999";"43.698739";"000KO"
"2025-51800";"2025-07-29";"1";"Vente";"380000.0";"20.0";"None";"BD LECH WALESA";"3588";"06300";"06088";"Nice";"06";"None";"None";"06088000KO0139";"None";"None";"24";"nan";"None";"nan";"None";"nan";"None";"nan";"None";"nan";"1";"2";"Appartement";"82.0";"3.0";"None";"None";"None";"None";"nan";"7.286912";"43.69857";"000KO"
"2025-51800";"2025-07-29";"1";"Vente";"380000.0";"20.0";"None";"BD LECH WALESA";"3588";"06300";"06088";"Nice";"06";"None";"None";"06088000KO0139";"None";"None";"24";"nan";"None";"nan";"None";"nan";"None";"nan";"None";"nan";"1";"3";"Dépendance";"nan";"0.0";"None";"None";"None";"None";"nan";"7.286912";"43.69857";"000KO"
"2025-51305";"2025-07-28";"1";"Vente";"180000.0";"4.0";"None";"RUE FRANCOIS GUISOL";"2635";"06300";"06088";"Nice";"06";"None";"None";"06088000KO0079";"None";"None";"16";"32.28";"None";"nan";"None";"nan";"None";"nan";"None";"nan";"1";"2";"Appartement";"31.0";"2.0";"None";"None";"None";"None";"nan";"7.284111";"43.701031";"000KO"
"2025-50901";"2025-07-28";"1";"Vente";"23000.0";"10.0";"None";"RUE FODERE";"2495";"06300";"06088";"Nice";"06";"None";"None";"06088000KO0144";"None";"None";"25";"nan";"None";"nan";"None";"nan";"None";"nan";"None";"nan";"1";"3";"Dépendance";"nan";"0.0";"None";"None";"None";"None";"nan";"7.285931";"43.698953";"000KO"
"2025-50781";"2025-07-25";"1";"Vente";"103078.0";"18.0";"None";"RUE ARSON";"0390";"06300";"06088";"Nice";"06";"None";"None";"06088000KO0119";"None";"None";"16";"20.63";"None";"nan";"None";"nan";"None";"nan";"None";"nan";"1";"2";"Appartement";"20.0";"1.0";"None";"None";"None";"None";"nan";"7.286903";"43.700034";"000KO"
"2025-51576";"2025-07-25";"1";"Vente";"189000.0";"3.0";"None";"AV SAINT SEBASTIEN";"5945";"06300";"06088";"Nice";"06";"None";"None";"06088000KO0003";"None";"None";"21";"nan";"None";"nan";"None";"nan";"None";"nan";"None";"nan";"1";"2";"Appartement";"28.0";"2.0";"None";"None";"None";"None";"nan";"7.279047";"43.70083";"000KO"
"2025-50727";"2025-07-24";"1";"Vente";"330800.0";"20.0";"None";"BD LECH WALESA";"3588";"06300";"06088";"Nice";"06";"None";"None";"06088000KO0139";"None";"None";"32";"46.58";"None";"nan";"None";"nan";"None";"nan";"None";"nan";"1";"2";"Appartement";"48.0";"3.0";"None";"None";"None";"None";"nan";"7.286912";"43.69857";"000KO"
"2025-51521";"2025-07-23";"1";"Vente";"305000.0";"35.0";"None";"RUE BONAPARTE";"0885";"06300";"06088";"Nice";"06";"None";"None";"06088000KO0310";"None";"None";"4";"51.33";"None";"nan";"None";"nan";"None";"nan";"None";"nan";"1";"2";"Appartement";"53.0";"3.0";"None";"None";"None";"None";"nan";"7.284691";"43.700721";"000KO"
"2025-50629";"2025-07-21";"1";"Vente";"184633.0";"18.0";"None";"RUE ARSON";"0390";"06300";"06088";"Nice";"06";"None";"None";"06088000KO0119";"None";"None";"9";"35.88";"None";"nan";"None";"nan";"None";"nan";"None";"nan";"1";"2";"Appartement";"34.0";"2.0";"None";"None";"None";"None";"nan";"7.286903";"43.700034";"000KO"
"2025-50921";"2025-07-21";"1";"Vente";"209000.0";"12.0";"B";"RUE FRANCOIS GUISOL";"2635";"06300";"06088";"Nice";"06";"None";"None";"06088000KO0207";"None";"None";"559";"39.7";"None";"nan";"None";"nan";"None";"nan";"None";"nan";"1";"2";"Appartement";"38.0";"2.0";"None";"None";"None";"None";"nan";"7.283659";"43.700102";"000KO"
"2025-51390";"2025-07-21";"1";"Vente";"140000.0";"41.0";"None";"RUE BONAPARTE";"0885";"06300";"06088";"Nice";"06";"None";"None";"06088000KO0302";"None";"None";"16";"20.53";"None";"nan";"None";"nan";"None";"nan";"None";"nan";"1";"2";"Appartement";"22.0";"1.0";"None";"None";"None";"None";"nan";"7.285187";"43.700791";"000KO"
"2025-50522";"2025-07-18";"1";"Vente";"325000.0";"9.0";"None";"RUE BAVASTRO";"0670";"06300";"06088";"Nice";"06";"None";"None";"06088000KO0165";"None";"None";"13";"40.76";"None";"nan";"None";"nan";"None";"nan";"None";"nan";"1";"2";"Appartement";"40.0";"2.0";"None";"None";"None";"None";"nan";"7.285615";"43.700279";"000KO"
"2025-50788";"2025-07-18";"1";"Vente";"345000.0";"18.0";"None";"RUE FRANCOIS GUISOL";"2635";"06300";"06088";"Nice";"06";"None";"None";"06088000KO0204";"None";"None";"23";"63.34";"None";"nan";"None";"nan";"None";"nan";"None";"nan";"1";"2";"Appartement";"60.0";"3.0";"None";"None";"None";"None";"nan";"7.283611";"43.699572";"000KO"
"2025-51301";"2025-07-18";"1";"Vente";"310000.0";"15.0";"None";"RUE LASCARIS";"3570";"06300";"06088";"Nice";"06";"None";"None";"06088000KO0179";"None";"None";"16";"52.76";"None";"nan";"None";"nan";"None";"nan";"None";"nan";"1";"2";"Appartement";"55.0";"2.0";"None";"None";"None";"None";"nan";"7.284884";"43.700167";"000KO"
"2025-51301";"2025-07-18";"1";"Vente";"310000.0";"7.0";"T";"RUE EMMANUEL PHILIBERT";"2295";"06300";"06088";"Nice";"06";"None";"None";"06088000KO0207";"None";"None";"137";"nan";"None";"nan";"None";"nan";"None";"nan";"None";"nan";"1";"3";"Dépendance";"nan";"0.0";"None";"None";"None";"None";"nan";"7.283659";"43.700102";"000KO"
"2025-50409";"2025-07-17";"1";"Vente";"342000.0";"22.0";"None";"RUE EMMANUEL PHILIBERT";"2295";"06300";"06088";"Nice";"06";"None";"None";"06088000KO0226";"None";"None";"60";"nan";"None";"nan";"None";"nan";"None";"nan";"None";"nan";"1";"2";"Appartement";"20.0";"1.0";"None";"None";"None";"None";"nan";"7.282808";"43.697973";"000KO"
"2025-50626";"2025-07-17";"1";"Vente";"246900.0";"4.0";"None";"PAS CATHERINE SEGURANE";"1191";"06300";"06088";"Nice";"06";"None";"None";"06088000KO0281";"None";"None";"6";"37.24";"None";"nan";"None";"nan";"None";"nan";"None";"nan";"1";"2";"Appartement";"60.0";"3.0";"None";"None";"None";"None";"nan";"7.28161";"43.699922";"000KO"
"2025-50970";"2025-07-17";"1";"Vente";"275000.0";"1.0";"None";"RUE BOYER";"0945";"06300";"06088";"Nice";"06";"None";"None";"06088000KO0061";"None";"None";"20";"nan";"69";"44.45";"None";"nan";"None";"nan";"None";"nan";"2";"2";"Appartement";"38.0";"2.0";"None";"None";"None";"None";"nan";"7.282143";"43.701676";"000KO"
"2025-50931";"2025-07-16";"1";"Vente";"335000.0";"16.0";"None";"RUE BARLA";"0610";"06300";"06088";"Nice";"06";"None";"None";"06088000KO0356";"None";"None";"254";"68.51";"39";"nan";"None";"nan";"None";"nan";"None";"nan";"2";"2";"Appartement";"68.0";"3.0";"None";"None";"None";"None";"nan";"7.283146";"43.701514";"000KO"
"2025-50931";"2025-07-16";"1";"Vente";"335000.0";"16.0";"None";"RUE BARLA";"0610";"06300";"06088";"Nice";"06";"None";"None";"06088000KO0356";"None";"None";"254";"68.51";"39";"nan";"None";"nan";"None";"nan";"None";"nan";"2";"3";"Dépendance";"nan";"0.0";"None";"None";"None";"None";"nan";"7.283146";"43.701514";"000KO"
"2025-50931";"2025-07-16";"1";"Vente";"335000.0";"16.0";"None";"RUE BARLA";"0610";"06300";"06088";"Nice";"06";"None";"None";"06088000KO0356";"None";"None";"254";"68.51";"39";"nan";"None";"nan";"None";"nan";"None";"nan";"2";"3";"Dépendance";"nan";"0.0";"None";"None";"None";"None";"nan";"7.283146";"43.701514";"000KO"
"2025-50319";"2025-07-10";"1";"Vente";"550000.0";"18.0";"None";"PL GARIBALDI";"2785";"06300";"06088";"Nice";"06";"None";"None";"06088000KO0038";"None";"None";"18";"nan";"None";"nan";"None";"nan";"None";"nan";"None";"nan";"1";"2";"Appartement";"107.0";"4.0";"None";"None";"None";"None";"nan";"7.281048";"43.700792";"000KO"
"2025-50538";"2025-07-10";"1";"Vente";"472700.0";"20.0";"None";"RUE FRANCOIS GUISOL";"2635";"06300";"06088";"Nice";"06";"None";"None";"06088000KO0202";"None";"None";"13";"61.26";"None";"nan";"None";"nan";"None";"nan";"None";"nan";"1";"2";"Appartement";"62.0";"3.0";"None";"None";"None";"None";"nan";"7.283784";"43.69937";"000KO"
"2025-49882";"2025-07-08";"1";"Vente";"143000.0";"16.0";"None";"RUE BARLA";"0610";"06300";"06088";"Nice";"06";"None";"None";"06088000KO0356";"None";"None";"235";"22.25";"None";"nan";"None";"nan";"None";"nan";"None";"nan";"1";"2";"Appartement";"22.0";"1.0";"None";"None";"None";"None";"nan";"7.283146";"43.701514";"000KO"
"2025-49882";"2025-07-08";"1";"Vente";"143000.0";"16.0";"None";"RUE BARLA";"0610";"06300";"06088";"Nice";"06";"None";"None";"06088000KO0356";"None";"None";"235";"22.25";"None";"nan";"None";"nan";"None";"nan";"None";"nan";"1";"3";"Dépendance";"nan";"0.0";"None";"None";"None";"None";"nan";"7.283146";"43.701514";"000KO"
"2025-49882";"2025-07-08";"1";"Vente";"143000.0";"16.0";"None";"RUE BARLA";"0610";"06300";"06088";"Nice";"06";"None";"None";"06088000KO0356";"None";"None";"235";"22.25";"None";"nan";"None";"nan";"None";"nan";"None";"nan";"1";"3";"Dépendance";"nan";"0.0";"None";"None";"None";"None";"nan";"7.283146";"43.701514";"000KO"
"2025-49872";"2025-07-03";"1";"Vente";"362500.0";"6.0";"None";"RUE FRANCOIS GUISOL";"2635";"06300";"06088";"Nice";"06";"None";"None";"06088000KO0080";"None";"None";"7";"48.86";"None";"nan";"None";"nan";"None";"nan";"None";"nan";"1";"2";"Appartement";"54.0";"3.0";"None";"None";"None";"None";"nan";"7.284063";"43.700842";"000KO"
"2025-50381";"2025-07-01";"1";"Vente";"490000.0";"17.0";"B";"RUE LASCARIS";"3570";"06300";"06088";"Nice";"06";"None";"None";"06088000KO0316";"None";"None";"12";"65.01";"2";"nan";"None";"nan";"None";"nan";"None";"nan";"2";"2";"Appartement";"70.0";"3.0";"None";"None";"None";"None";"nan";"7.284625";"43.700203";"000KO"
"2025-50381";"2025-07-01";"1";"Vente";"490000.0";"17.0";"B";"RUE LASCARIS";"3570";"06300";"06088";"Nice";"06";"None";"None";"06088000KO0316";"None";"None";"12";"65.01";"2";"nan";"None";"nan";"None";"nan";"None";"nan";"2";"3";"Dépendance";"nan";"0.0";"None";"None";"None";"None";"nan";"7.284625";"43.700203";"000KO"
"2025-49421";"2025-06-30";"1";"Vente";"404000.0";"20.0";"None";"RUE BONAPARTE";"0885";"06300";"06088";"Nice";"06";"None";"None";"06088000KO0209";"None";"None";"1";"51.01";"None";"nan";"None";"nan";"None";"nan";"None";"nan";"1";"2";"Appartement";"66.0";"3.0";"None";"None";"None";"None";"nan";"7.283779";"43.700518";"000KO"
"2025-49883";"2025-06-30";"1";"Vente";"332500.0";"53.0";"None";"RUE BONAPARTE";"0885";"06300";"06088";"Nice";"06";"None";"None";"06088000KO0108";"None";"None";"14";"52.8";"21";"nan";"None";"nan";"None";"nan";"None";"nan";"2";"2";"Appartement";"64.0";"3.0";"None";"None";"None";"None";"nan";"7.286289";"43.700614";"000KO"
"2025-50222";"2025-06-30";"1";"Vente";"260000.0";"10.0";"None";"RUE PAPON";"4690";"06300";"06088";"Nice";"06";"None";"None";"06088000KO0057";"None";"None";"10";"38.41";"None";"nan";"None";"nan";"None";"nan";"None";"nan";"1";"2";"Appartement";"37.0";"2.0";"None";"None";"None";"None";"nan";"7.282334";"43.701195";"000KO"
"2025-50222";"2025-06-30";"1";"Vente";"260000.0";"10.0";"None";"RUE PAPON";"4690";"06300";"06088";"Nice";"06";"None";"None";"06088000KO0057";"None";"None";"26";"nan";"None";"nan";"None";"nan";"None";"nan";"None";"nan";"1";"3";"Dépendance";"nan";"0.0";"None";"None";"None";"None";"nan";"7.282334";"43.701195";"000KO"
"2025-49368";"2025-06-27";"1";"Vente";"250000.0";"46.0";"B";"RUE BONAPARTE";"0885";"06300";"06088";"Nice";"06";"None";"None";"06088000KO0158";"None";"None";"6";"39.26";"None";"nan";"None";"nan";"None";"nan";"None";"nan";"1";"2";"Appartement";"37.0";"2.0";"None";"None";"None";"None";"nan";"7.286221";"43.700253";"000KO"
"2025-49360";"2025-06-24";"1";"Vente";"148500.0";"41.0";"None";"RUE BONAPARTE";"0885";"06300";"06088";"Nice";"06";"None";"None";"06088000KO0302";"None";"None";"20";"24.65";"None";"nan";"None";"nan";"None";"nan";"None";"nan";"1";"2";"Appartement";"25.0";"1.0";"None";"None";"None";"None";"nan";"7.285187";"43.700791";"000KO"
"2025-49401";"2025-06-24";"1";"Vente";"140000.0";"5.0";"None";"RUE EMMANUEL PHILIBERT";"2295";"06300";"06088";"Nice";"06";"None";"None";"06088000KO0073";"None";"None";"4";"nan";"None";"nan";"None";"nan";"None";"nan";"None";"nan";"1";"2";"Appartement";"25.0";"2.0";"None";"None";"None";"None";"nan";"7.283428";"43.701032";"000KO"
"2025-50017";"2025-06-24";"1";"Vente";"40000.0";"19.0";"None";"RUE FODERE";"2495";"06300";"06088";"Nice";"06";"None";"None";"06088000KO0131";"None";"None";"143";"nan";"None";"nan";"None";"nan";"None";"nan";"None";"nan";"1";"3";"Dépendance";"nan";"0.0";"None";"None";"None";"None";"nan";"7.286876";"43.699236";"000KO"
"2025-49200";"2025-06-19";"1";"Vente";"180000.0";"4.0";"None";"RUE EMMANUEL PHILIBERT";"2295";"06300";"06088";"Nice";"06";"None";"None";"06088000KO0052";"None";"None";"102";"22.12";"None";"nan";"None";"nan";"None";"nan";"None";"nan";"1";"4";"Local industriel. commercial ou assimilé";"24.0";"0.0";"None";"None";"None";"None";"nan";"7.283105";"43.701063";"000KO"
"2025-48918";"2025-06-13";"1";"Vente";"200000.0";"18.0";"None";"RUE FRANCOIS GUISOL";"2635";"06300";"06088";"Nice";"06";"None";"None";"06088000KO0204";"None";"None";"72";"50.17";"None";"nan";"None";"nan";"None";"nan";"None";"nan";"1";"2";"Appartement";"50.0";"3.0";"None";"None";"None";"None";"nan";"7.283611";"43.699572";"000KO"
"2025-49063";"2025-06-13";"1";"Vente";"244000.0";"5.0";"None";"RUE CASSINI";"1180";"06300";"06088";"Nice";"06";"None";"None";"06088000KO0270";"None";"None";"10";"27.35";"None";"nan";"None";"nan";"None";"nan";"None";"nan";"1";"2";"Appartement";"28.0";"2.0";"None";"None";"None";"None";"nan";"7.281897";"43.700336";"000KO"
"2025-49291";"2025-06-13";"1";"Vente";"264000.0";"17.0";"None";"RUE CASSINI";"1180";"06300";"06088";"Nice";"06";"None";"None";"06088000KO0200";"None";"None";"28";"28.54";"None";"nan";"None";"nan";"None";"nan";"None";"nan";"1";"2";"Appartement";"36.0";"2.0";"None";"None";"None";"None";"nan";"7.283796";"43.699114";"000KO"
"2025-49113";"2025-06-12";"1";"Vente";"522500.0";"2.0";"None";"RUE MARTIN SEYTOUR";"4085";"06300";"06088";"Nice";"06";"None";"None";"06088000KO0262";"None";"None";"44";"100.24";"5";"nan";"None";"nan";"None";"nan";"None";"nan";"2";"2";"Appartement";"104.0";"3.0";"None";"None";"None";"None";"nan";"7.282539";"43.700588";"000KO"
"2025-48164";"2025-06-06";"1";"Vente";"1050000.0";"7.0";"None";"RUE LASCARIS";"3570";"06300";"06088";"Nice";"06";"None";"None";"06088000KO0157";"None";"None";"7";"nan";"91";"130.06";"None";"nan";"None";"nan";"None";"nan";"2";"2";"Appartement";"128.0";"4.0";"None";"None";"None";"None";"nan";"7.286135";"43.700096";"000KO"
"2025-48441";"2025-06-06";"1";"Vente";"455000.0";"12.0";"B";"RUE FRANCOIS GUISOL";"2635";"06300";"06088";"Nice";"06";"None";"None";"06088000KO0207";"None";"None";"184";"nan";"575";"74.11";"None";"nan";"None";"nan";"None";"nan";"2";"2";"Appartement";"73.0";"3.0";"None";"None";"None";"None";"nan";"7.283659";"43.700102";"000KO"
"2025-48690";"2025-06-06";"1";"Vente";"311875.0";"38.0";"None";"RUE BONAPARTE";"0885";"06300";"06088";"Nice";"06";"None";"None";"06088000KO0167";"None";"None";"12";"36.04";"28";"36.04";"None";"nan";"None";"nan";"None";"nan";"2";"2";"Appartement";"37.0";"2.0";"None";"None";"None";"None";"nan";"7.285267";"43.700406";"000KO"
"2025-48164";"2025-06-06";"1";"Vente";"1050000.0";"7.0";"None";"RUE LASCARIS";"3570";"06300";"06088";"Nice";"06";"None";"None";"06088000KO0157";"None";"None";"47";"nan";"None";"nan";"None";"nan";"None";"nan";"None";"nan";"1";"3";"Dépendance";"nan";"0.0";"None";"None";"None";"None";"nan";"7.286135";"43.700096";"000KO"
"2025-48164";"2025-06-06";"1";"Vente";"1050000.0";"7.0";"None";"RUE LASCARIS";"3570";"06300";"06088";"Nice";"06";"None";"None";"06088000KO0157";"None";"None";"7";"nan";"91";"130.06";"None";"nan";"None";"nan";"None";"nan";"2";"3";"Dépendance";"nan";"0.0";"None";"None";"None";"None";"nan";"7.286135";"43.700096";"000KO"
"2025-48164";"2025-06-06";"1";"Vente";"1050000.0";"7.0";"None";"RUE LASCARIS";"3570";"06300";"06088";"Nice";"06";"None";"None";"06088000KO0157";"None";"None";"48";"nan";"None";"nan";"None";"nan";"None";"nan";"None";"nan";"1";"3";"Dépendance";"nan";"0.0";"None";"None";"None";"None";"nan";"7.286135";"43.700096";"000KO"
"2025-48164";"2025-06-06";"1";"Vente";"1050000.0";"7.0";"None";"RUE LASCARIS";"3570";"06300";"06088";"Nice";"06";"None";"None";"06088000KO0157";"None";"None";"7";"nan";"91";"130.06";"None";"nan";"None";"nan";"None";"nan";"2";"3";"Dépendance";"nan";"0.0";"None";"None";"None";"None";"nan";"7.286135";"43.700096";"000KO"
"2025-49208";"2025-06-05";"1";"Vente";"810000.0";"3.0";"None";"AV SAINT SEBASTIEN";"5945";"06300";"06088";"Nice";"06";"None";"None";"06088000KO0003";"None";"None";"37";"nan";"None";"nan";"None";"nan";"None";"nan";"None";"nan";"1";"2";"Appartement";"118.0";"4.0";"None";"None";"None";"None";"nan";"7.279047";"43.70083";"000KO"
"2025-48595";"2025-06-03";"1";"Vente";"385000.0";"10.0";"None";"RUE EMMANUEL PHILIBERT";"2295";"06300";"06088";"Nice";"06";"None";"None";"06088000KO0258";"None";"None";"1";"160.94";"None";"nan";"None";"nan";"None";"nan";"None";"nan";"1";"4";"Local industriel. commercial ou assimilé";"44.0";"0.0";"None";"None";"None";"None";"nan";"7.283057";"43.700067";"000KO"
"2025-48604";"2025-06-02";"1";"Vente";"139000.0";"4.0";"None";"RUE FRANCOIS GUISOL";"2635";"06300";"06088";"Nice";"06";"None";"None";"06088000KO0079";"None";"None";"20";"nan";"None";"nan";"None";"nan";"None";"nan";"None";"nan";"1";"2";"Appartement";"31.0";"2.0";"None";"None";"None";"None";"nan";"7.284111";"43.701031";"000KO"
"2025-48243";"2025-06-02";"1";"Vente";"210000.0";"9.0";"None";"RUE FODERE";"2495";"06300";"06088";"Nice";"06";"None";"None";"06088000KO0194";"None";"None";"112";"32.82";"None";"nan";"None";"nan";"None";"nan";"None";"nan";"1";"4";"Local industriel. commercial ou assimilé";"22.0";"0.0";"None";"None";"None";"None";"nan";"7.284976";"43.69947";"000KO"
"2025-48313";"2025-05-27";"1";"Vente";"350000.0";"12.0";"None";"RUE MARTIN SEYTOUR";"4085";"06300";"06088";"Nice";"06";"None";"None";"06088000KO0285";"None";"None";"21";"66.56";"None";"nan";"None";"nan";"None";"nan";"None";"nan";"1";"2";"Appartement";"67.0";"4.0";"None";"None";"None";"None";"nan";"7.281604";"43.699737";"000KO"
"2025-47814";"2025-05-21";"1";"Vente";"45000.0";"14.0";"None";"RUE LASCARIS";"3570";"06300";"06088";"Nice";"06";"None";"None";"06088000KO0185";"None";"None";"64";"nan";"None";"nan";"None";"nan";"None";"nan";"None";"nan";"1";"3";"Dépendance";"nan";"0.0";"None";"None";"None";"None";"nan";"7.284693";"43.699689";"000KO"
"2025-48497";"2025-05-21";"1";"Vente";"6000.0";"6.0";"None";"RUE MARTIN SEYTOUR";"4085";"06300";"06088";"Nice";"06";"None";"None";"06088000KO0266";"None";"None";"13";"3.0";"None";"nan";"None";"nan";"None";"nan";"None";"nan";"1";"3";"Dépendance";"nan";"0.0";"None";"None";"None";"None";"nan";"7.28226";"43.700372";"000KO"
"2025-48129";"2025-05-20";"1";"Vente";"405500.0";"9.0";"None";"RUE ARSON";"0390";"06300";"06088";"Nice";"06";"None";"None";"06088000KO0156";"None";"None";"2";"nan";"68";"nan";"None";"nan";"None";"nan";"None";"nan";"2";"2";"Appartement";"69.0";"3.0";"None";"None";"None";"None";"nan";"7.28639";"43.700127";"000KO"
"2025-47531";"2025-05-15";"1";"Vente";"155100.0";"10.0";"None";"RUE PAPON";"4690";"06300";"06088";"Nice";"06";"None";"None";"06088000KO0057";"None";"None";"4";"nan";"None";"nan";"None";"nan";"None";"nan";"None";"nan";"1";"2";"Appartement";"30.0";"1.0";"None";"None";"None";"None";"nan";"7.282334";"43.701195";"000KO"
"2025-47549";"2025-05-13";"1";"Vente";"260000.0";"35.0";"None";"RUE BONAPARTE";"0885";"06300";"06088";"Nice";"06";"None";"None";"06088000KO0310";"None";"None";"5";"44.01";"None";"nan";"None";"nan";"None";"nan";"None";"nan";"1";"2";"Appartement";"42.0";"3.0";"None";"None";"None";"None";"nan";"7.284691";"43.700721";"000KO"
"2025-47533";"2025-05-12";"1";"Vente";"156500.0";"5.0";"None";"RUE FRANCOIS GUISOL";"2635";"06300";"06088";"Nice";"06";"None";"None";"06088000KO0083";"None";"None";"45";"34.72";"None";"nan";"None";"nan";"None";"nan";"None";"nan";"1";"2";"Appartement";"30.0";"1.0";"None";"None";"None";"None";"nan";"7.284553";"43.700835";"000KO"
"2025-46937";"2025-05-07";"1";"Vente";"285000.0";"52.0";"None";"AV DE LA REPUBLIQUE";"5435";"06300";"06088";"Nice";"06";"None";"None";"06088000KO0018";"None";"None";"3";"nan";"44";"56.05";"None";"nan";"None";"nan";"None";"nan";"2";"2";"Appartement";"56.0";"3.0";"None";"None";"None";"None";"nan";"7.280415";"43.701997";"000KO"
"2025-47340";"2025-05-07";"1";"Vente";"335000.0";"9.0";"None";"RUE ARSON";"0390";"06300";"06088";"Nice";"06";"None";"None";"06088000KO0156";"None";"None";"106";"nan";"62";"51.03";"None";"nan";"None";"nan";"None";"nan";"2";"2";"Appartement";"52.0";"2.0";"None";"None";"None";"None";"nan";"7.28639";"43.700127";"000KO"
"2025-47340";"2025-05-07";"1";"Vente";"335000.0";"9.0";"None";"RUE ARSON";"0390";"06300";"06088";"Nice";"06";"None";"None";"06088000KO0156";"None";"None";"25";"nan";"None";"nan";"None";"nan";"None";"nan";"None";"nan";"1";"3";"Dépendance";"nan";"0.0";"None";"None";"None";"None";"nan";"7.28639";"43.700127";"000KO"
"2025-47340";"2025-05-07";"1";"Vente";"335000.0";"9.0";"None";"RUE ARSON";"0390";"06300";"06088";"Nice";"06";"None";"None";"06088000KO0156";"None";"None";"106";"nan";"62";"51.03";"None";"nan";"None";"nan";"None";"nan";"2";"3";"Dépendance";"nan";"0.0";"None";"None";"None";"None";"nan";"7.28639";"43.700127";"000KO"
"2025-46567";"2025-04-30";"1";"Vente";"507650.0";"12.0";"None";"RUE LASCARIS";"3570";"06300";"06088";"Nice";"06";"None";"None";"06088000KO0184";"None";"None";"21";"60.01";"None";"nan";"None";"nan";"None";"nan";"None";"nan";"1";"2";"Appartement";"60.0";"3.0";"None";"None";"None";"None";"nan";"7.284841";"43.699751";"000KO"
"2025-46965";"2025-04-30";"1";"Vente";"515000.0";"8.0";"None";"RUE ARSON";"0390";"06300";"06088";"Nice";"06";"None";"None";"06088000KO0131";"None";"None";"10";"nan";"197";"89.12";"None";"nan";"None";"nan";"None";"nan";"2";"2";"Appartement";"92.0";"4.0";"None";"None";"None";"None";"nan";"7.286876";"43.699236";"000KO"
"2025-47204";"2025-04-30";"1";"Vente";"600000.0";"9.0";"T";"RUE EMMANUEL PHILIBERT";"2295";"06300";"06088";"Nice";"06";"None";"None";"06088000KO0207";"None";"None";"186";"nan";"434";"72.87";"None";"nan";"None";"nan";"None";"nan";"2";"2";"Appartement";"72.0";"3.0";"None";"None";"None";"None";"nan";"7.283659";"43.700102";"000KO"
"2025-46965";"2025-04-30";"1";"Vente";"515000.0";"8.0";"None";"RUE ARSON";"0390";"06300";"06088";"Nice";"06";"None";"None";"06088000KO0131";"None";"None";"10";"nan";"197";"89.12";"None";"nan";"None";"nan";"None";"nan";"2";"3";"Dépendance";"nan";"0.0";"None";"None";"None";"None";"nan";"7.286876";"43.699236";"000KO"
"2025-47204";"2025-04-30";"1";"Vente";"600000.0";"7.0";"T";"RUE EMMANUEL PHILIBERT";"2295";"06300";"06088";"Nice";"06";"None";"None";"06088000KO0207";"None";"None";"222";"nan";"None";"nan";"None";"nan";"None";"nan";"None";"nan";"1";"3";"Dépendance";"nan";"0.0";"None";"None";"None";"None";"nan";"7.283659";"43.700102";"000KO"
"2025-46583";"2025-04-22";"1";"Vente";"433333.0";"2.0";"B";"RUE BOYER";"0945";"06300";"06088";"Nice";"06";"None";"None";"06088000KO0025";"None";"None";"330";"nan";"91";"79.6";"None";"nan";"None";"nan";"None";"nan";"2";"2";"Appartement";"92.0";"4.0";"None";"None";"None";"None";"nan";"7.281466";"43.701959";"000KO"
"2025-46583";"2025-04-22";"1";"Vente";"433333.0";"2.0";"B";"RUE BOYER";"0945";"06300";"06088";"Nice";"06";"None";"None";"06088000KO0025";"None";"None";"407";"nan";"None";"nan";"None";"nan";"None";"nan";"None";"nan";"1";"3";"Dépendance";"nan";"0.0";"None";"None";"None";"None";"nan";"7.281466";"43.701959";"000KO"
"2025-46583";"2025-04-22";"1";"Vente";"433333.0";"2.0";"B";"RUE BOYER";"0945";"06300";"06088";"Nice";"06";"None";"None";"06088000KO0025";"None";"None";"330";"nan";"91";"79.6";"None";"nan";"None";"nan";"None";"nan";"2";"3";"Dépendance";"nan";"0.0";"None";"None";"None";"None";"nan";"7.281466";"43.701959";"000KO"
"2025-46143";"2025-04-17";"1";"Vente";"245000.0";"14.0";"None";"RUE FRANCOIS GUISOL";"2635";"06300";"06088";"Nice";"06";"None";"None";"06088000KO0207";"None";"None";"493";"42.74";"None";"nan";"None";"nan";"None";"nan";"None";"nan";"1";"4";"Local industriel. commercial ou assimilé";"42.0";"0.0";"None";"None";"None";"None";"nan";"7.283659";"43.700102";"000KO"
"2025-46360";"2025-04-16";"1";"Vente";"455000.0";"4.0";"None";"RUE MARTIN SEYTOUR";"4085";"06300";"06088";"Nice";"06";"None";"None";"06088000KO0265";"None";"None";"8";"72.28";"None";"nan";"None";"nan";"None";"nan";"None";"nan";"1";"2";"Appartement";"77.0";"3.0";"None";"None";"None";"None";"nan";"7.282374";"43.700473";"000KO"
"2025-46727";"2025-04-15";"1";"Vente";"330000.0";"12.0";"None";"RUE EMMANUEL PHILIBERT";"2295";"06300";"06088";"Nice";"06";"None";"None";"06088000KO0257";"None";"None";"23";"79.31";"None";"nan";"None";"nan";"None";"nan";"None";"nan";"1";"2";"Appartement";"81.0";"4.0";"None";"None";"None";"None";"nan";"7.282991";"43.699873";"000KO"
"2025-46167";"2025-04-14";"1";"Vente";"145000.0";"17.0";"None";"RUE FRANCOIS GUISOL";"2635";"06300";"06088";"Nice";"06";"None";"None";"06088000KO0189";"None";"None";"36";"nan";"None";"nan";"None";"nan";"None";"nan";"None";"nan";"1";"2";"Appartement";"20.0";"1.0";"None";"None";"None";"None";"nan";"7.284277";"43.69948";"000KO"
"2025-46577";"2025-04-11";"1";"Vente";"170000.0";"12.0";"None";"RUE FODERE";"2495";"06300";"06088";"Nice";"06";"None";"None";"06088000KO0143";"None";"None";"134";"23.01";"None";"nan";"None";"nan";"None";"nan";"None";"nan";"1";"2";"Appartement";"25.0";"1.0";"None";"None";"None";"None";"nan";"7.286121";"43.698823";"000KO"
"2025-46804";"2025-04-11";"1";"Vente";"320000.0";"52.0";"None";"RUE BONAPARTE";"0885";"06300";"06088";"Nice";"06";"None";"None";"06088000KO0114";"None";"None";"4";"nan";"5";"70.19";"None";"nan";"None";"nan";"None";"nan";"2";"2";"Appartement";"70.0";"4.0";"None";"None";"None";"None";"nan";"7.287025";"43.700219";"000KO"
"2025-46213";"2025-04-11";"1";"Vente";"33000.0";"12.0";"None";"RUE FODERE";"2495";"06300";"06088";"Nice";"06";"None";"None";"06088000KO0143";"None";"None";"65";"nan";"None";"nan";"None";"nan";"None";"nan";"None";"nan";"1";"3";"Dépendance";"nan";"0.0";"None";"None";"None";"None";"nan";"7.286121";"43.698823";"000KO"
"2025-46160";"2025-04-09";"1";"Vente";"123470.0";"12.0";"None";"RUE FODERE";"2495";"06300";"06088";"Nice";"06";"None";"None";"06088000KO0143";"None";"None";"130";"38.53";"None";"nan";"None";"nan";"None";"nan";"None";"nan";"1";"2";"Appartement";"38.0";"2.0";"None";"None";"None";"None";"nan";"7.286121";"43.698823";"000KO"
"2025-45807";"2025-04-08";"1";"Vente";"405000.0";"4.0";"None";"RUE CATHERINE SEGURANE";"1192";"06300";"06088";"Nice";"06";"None";"None";"06088000KO0288";"None";"None";"18";"77.1";"None";"nan";"None";"nan";"None";"nan";"None";"nan";"1";"2";"Appartement";"80.0";"3.0";"None";"None";"None";"None";"nan";"7.281091";"43.699878";"000KO"
"2025-46336";"2025-04-04";"1";"Vente";"340000.0";"2.0";"None";"RUE BAVASTRO";"0670";"06300";"06088";"Nice";"06";"None";"None";"06088000KO0096";"None";"None";"11";"80.0";"None";"nan";"None";"nan";"None";"nan";"None";"nan";"1";"2";"Appartement";"82.0";"3.0";"None";"None";"None";"None";"nan";"7.285334";"43.700914";"000KO"
"2025-45895";"2025-04-03";"1";"Vente";"895000.0";"3.0";"None";"RUE CASSINI";"1180";"06300";"06088";"Nice";"06";"None";"None";"06088000KO0272";"None";"None";"35";"99.94";"None";"nan";"None";"nan";"None";"nan";"None";"nan";"1";"2";"Appartement";"89.0";"3.0";"None";"None";"None";"None";"nan";"7.281754";"43.700442";"000KO"
"2025-46272";"2025-04-03";"1";"Vente";"270000.0";"2.0";"B";"RUE LASCARIS";"3570";"06300";"06088";"Nice";"06";"None";"None";"06088000KO0126";"None";"None";"8";"49.39";"None";"nan";"None";"nan";"None";"nan";"None";"nan";"1";"2";"Appartement";"50.0";"2.0";"None";"None";"None";"None";"nan";"7.28695";"43.699556";"000KO"
"2025-46313";"2025-04-02";"1";"Vente";"35000.0";"16.0";"None";"RUE FODERE";"2495";"06300";"06088";"Nice";"06";"None";"None";"06088000KO0134";"None";"None";"109";"nan";"None";"nan";"None";"nan";"None";"nan";"None";"nan";"1";"3";"Dépendance";"nan";"0.0";"None";"None";"None";"None";"nan";"7.286825";"43.698829";"000KO"
"2025-45371";"2025-03-31";"1";"Vente";"340000.0";"13.0";"None";"RUE BAVASTRO";"0670";"06300";"06088";"Nice";"06";"None";"None";"06088000KO0163";"None";"None";"37";"70.55";"None";"nan";"None";"nan";"None";"nan";"None";"nan";"1";"2";"Appartement";"68.0";"3.0";"None";"None";"None";"None";"nan";"7.285644";"43.700082";"000KO"
"2025-45407";"2025-03-31";"1";"Vente";"403270.0";"3.0";"None";"RUE EMMANUEL PHILIBERT";"2295";"06300";"06088";"Nice";"06";"None";"None";"06088000KO0069";"None";"None";"72";"nan";"77";"57.52";"None";"nan";"None";"nan";"None";"nan";"2";"2";"Appartement";"62.0";"3.0";"None";"None";"None";"None";"nan";"7.283747";"43.701324";"000KO"
"2025-45979";"2025-03-31";"1";"Vente";"188000.0";"14.0";"None";"RUE ARSON";"0390";"06300";"06088";"Nice";"06";"None";"None";"06088000KO0120";"None";"None";"1";"40.05";"None";"nan";"None";"nan";"None";"nan";"None";"nan";"1";"4";"Local industriel. commercial ou assimilé";"35.0";"0.0";"None";"None";"None";"None";"nan";"7.286804";"43.699938";"000KO"
"2025-45233";"2025-03-28";"1";"Vente";"345000.0";"28.0";"None";"RUE BARLA";"0610";"06300";"06088";"Nice";"06";"None";"None";"06088000KO0095";"None";"None";"16";"nan";"None";"nan";"None";"nan";"None";"nan";"None";"nan";"1";"2";"Appartement";"46.0";"3.0";"None";"None";"None";"None";"nan";"7.285233";"43.700974";"000KO"
"2025-45614";"2025-03-28";"1";"Vente";"289000.0";"6.0";"None";"BD LECH WALESA";"3588";"06300";"06088";"Nice";"06";"None";"None";"06088000KO0118";"None";"None";"8";"nan";"None";"nan";"None";"nan";"None";"nan";"None";"nan";"1";"2";"Appartement";"55.0";"3.0";"None";"None";"None";"None";"nan";"7.287166";"43.700014";"000KO"
"2025-45359";"2025-03-27";"1";"Vente";"270000.0";"12.0";"None";"RUE FRANCOIS GUISOL";"2635";"06300";"06088";"Nice";"06";"None";"None";"06088000KO0207";"None";"None";"197";"nan";"593";"46.14";"None";"nan";"None";"nan";"None";"nan";"2";"2";"Appartement";"47.0";"2.0";"None";"None";"None";"None";"nan";"7.283659";"43.700102";"000KO"
"2025-45320";"2025-03-21";"1";"Vente";"103920.0";"18.0";"None";"RUE ARSON";"0390";"06300";"06088";"Nice";"06";"None";"None";"06088000KO0119";"None";"None";"11";"20.62";"None";"nan";"None";"nan";"None";"nan";"None";"nan";"1";"2";"Appartement";"20.0";"1.0";"None";"None";"None";"None";"nan";"7.286903";"43.700034";"000KO"
"2025-45152";"2025-03-21";"1";"Vente";"395000.0";"52.0";"None";"BD RISSO";"5490";"06300";"06088";"Nice";"06";"None";"None";"06088000KO0020";"None";"None";"7";"88.3";"None";"nan";"None";"nan";"None";"nan";"None";"nan";"1";"4";"Local industriel. commercial ou assimilé";"88.0";"0.0";"None";"None";"None";"None";"nan";"7.280165";"43.702552";"000KO"
"2025-45082";"2025-03-21";"1";"Vente en l'état futur d'achèvement";"13934979.0";"nan";"None";"RUE BOYER";"0945";"06300";"06088";"Nice";"06";"None";"None";"06088000KO0406";"None";"None";"None";"nan";"None";"nan";"None";"nan";"None";"nan";"None";"nan";"0";"None";"None";"nan";"nan";"S";"sols";"None";"None";"300.0";"7.28218";"43.701318";"000KO"
"2025-45107";"2025-03-21";"2";"Vente";"3600000.0";"nan";"None";"RUE BOYER";"0945";"06300";"06088";"Nice";"06";"None";"None";"06088000KO0406";"None";"None";"None";"nan";"None";"nan";"None";"nan";"None";"nan";"None";"nan";"0";"None";"None";"nan";"nan";"S";"sols";"None";"None";"300.0";"7.28218";"43.701318";"000KO"
"2025-44976";"2025-03-18";"1";"Vente";"120000.0";"36.0";"None";"RUE BARLA";"0610";"06300";"06088";"Nice";"06";"None";"None";"06088000KO0107";"None";"None";"19";"40.0";"None";"nan";"None";"nan";"None";"nan";"None";"nan";"1";"2";"Appartement";"35.0";"2.0";"None";"None";"None";"None";"nan";"7.286309";"43.700679";"000KO"
"2025-45175";"2025-03-17";"1";"Vente";"467560.0";"2.0";"B";"RUE BOYER";"0945";"06300";"06088";"Nice";"06";"None";"None";"06088000KO0025";"None";"None";"307";"nan";"52";"65.44";"None";"nan";"None";"nan";"None";"nan";"2";"2";"Appartement";"61.0";"3.0";"None";"None";"None";"None";"nan";"7.281466";"43.701959";"000KO"
"2025-45175";"2025-03-17";"1";"Vente";"467560.0";"2.0";"B";"RUE BOYER";"0945";"06300";"06088";"Nice";"06";"None";"None";"06088000KO0025";"None";"None";"307";"nan";"52";"65.44";"None";"nan";"None";"nan";"None";"nan";"2";"3";"Dépendance";"nan";"0.0";"None";"None";"None";"None";"nan";"7.281466";"43.701959";"000KO"
"2025-45545";"2025-03-13";"1";"Vente";"366000.0";"26.0";"None";"RUE BONAPARTE";"0885";"06300";"06088";"Nice";"06";"None";"None";"06088000KO0313";"None";"None";"10";"49.72";"None";"nan";"None";"nan";"None";"nan";"None";"nan";"1";"2";"Appartement";"50.0";"3.0";"None";"None";"None";"None";"nan";"7.284529";"43.700393";"000KO"
"2025-44684";"2025-03-06";"1";"Vente";"130000.0";"7.0";"None";"RUE LASCARIS";"3570";"06300";"06088";"Nice";"06";"None";"None";"06088000KO0157";"None";"None";"16";"nan";"73";"30.47";"None";"nan";"None";"nan";"None";"nan";"2";"2";"Appartement";"29.0";"1.0";"None";"None";"None";"None";"nan";"7.286135";"43.700096";"000KO"
"2025-44735";"2025-03-06";"1";"Vente";"225000.0";"9.0";"None";"RUE ARSON";"0390";"06300";"06088";"Nice";"06";"None";"None";"06088000KO0156";"None";"None";"109";"nan";"47";"nan";"None";"nan";"None";"nan";"None";"nan";"2";"2";"Appartement";"52.0";"2.0";"None";"None";"None";"None";"nan";"7.28639";"43.700127";"000KO"
"2025-44684";"2025-03-06";"1";"Vente";"130000.0";"7.0";"None";"RUE LASCARIS";"3570";"06300";"06088";"Nice";"06";"None";"None";"06088000KO0157";"None";"None";"16";"nan";"73";"30.47";"None";"nan";"None";"nan";"None";"nan";"2";"3";"Dépendance";"nan";"0.0";"None";"None";"None";"None";"nan";"7.286135";"43.700096";"000KO"
"2025-44735";"2025-03-06";"1";"Vente";"225000.0";"9.0";"None";"RUE ARSON";"0390";"06300";"06088";"Nice";"06";"None";"None";"06088000KO0156";"None";"None";"109";"nan";"47";"nan";"None";"nan";"None";"nan";"None";"nan";"2";"3";"Dépendance";"nan";"0.0";"None";"None";"None";"None";"nan";"7.28639";"43.700127";"000KO"
"2025-44180";"2025-03-05";"1";"Vente";"425000.0";"18.0";"None";"PL GARIBALDI";"2785";"06300";"06088";"Nice";"06";"None";"None";"06088000KO0038";"None";"None";"15";"45.39";"None";"nan";"None";"nan";"None";"nan";"None";"nan";"1";"2";"Appartement";"48.0";"2.0";"None";"None";"None";"None";"nan";"7.281048";"43.700792";"000KO"
"2025-44589";"2025-03-01";"1";"Vente";"194500.0";"2.0";"None";"RUE EMMANUEL PHILIBERT";"2295";"06300";"06088";"Nice";"06";"None";"None";"06088000KO0356";"None";"None";"186";"35.14";"44";"nan";"None";"nan";"None";"nan";"None";"nan";"2";"2";"Appartement";"35.0";"1.0";"None";"None";"None";"None";"nan";"7.283146";"43.701514";"000KO"
"2025-44589";"2025-03-01";"1";"Vente";"194500.0";"2.0";"None";"RUE EMMANUEL PHILIBERT";"2295";"06300";"06088";"Nice";"06";"None";"None";"06088000KO0356";"None";"None";"186";"35.14";"44";"nan";"None";"nan";"None";"nan";"None";"nan";"2";"3";"Dépendance";"nan";"0.0";"None";"None";"None";"None";"nan";"7.283146";"43.701514";"000KO"
"2025-44589";"2025-03-01";"1";"Vente";"194500.0";"2.0";"None";"RUE EMMANUEL PHILIBERT";"2295";"06300";"06088";"Nice";"06";"None";"None";"06088000KO0356";"None";"None";"186";"35.14";"44";"nan";"None";"nan";"None";"nan";"None";"nan";"2";"3";"Dépendance";"nan";"0.0";"None";"None";"None";"None";"nan";"7.283146";"43.701514";"000KO"
"2025-44621";"2025-02-28";"1";"Vente";"122645.0";"7.0";"None";"RUE FRANCOIS GUISOL";"2635";"06300";"06088";"Nice";"06";"None";"None";"06088000KO0082";"None";"None";"6";"nan";"None";"nan";"None";"nan";"None";"nan";"None";"nan";"1";"2";"Appartement";"52.0";"3.0";"None";"None";"None";"None";"nan";"7.284511";"43.700735";"000KO"
"2025-44082";"2025-02-27";"1";"Vente";"234000.0";"1.0";"None";"RUE BOYER";"0945";"06300";"06088";"Nice";"06";"None";"None";"06088000KO0061";"None";"None";"13";"nan";"61";"45.43";"None";"nan";"None";"nan";"None";"nan";"2";"2";"Appartement";"48.0";"2.0";"None";"None";"None";"None";"nan";"7.282143";"43.701676";"000KO"
"2025-44573";"2025-02-27";"1";"Vente";"528571.0";"17.0";"None";"RUE FRANCOIS GUISOL";"2635";"06300";"06088";"Nice";"06";"None";"None";"06088000KO0189";"None";"None";"29";"90.3";"7";"nan";"None";"nan";"None";"nan";"None";"nan";"2";"2";"Appartement";"100.0";"4.0";"None";"None";"None";"None";"nan";"7.284277";"43.69948";"000KO"
"2025-44082";"2025-02-27";"1";"Vente";"234000.0";"1.0";"None";"RUE BOYER";"0945";"06300";"06088";"Nice";"06";"None";"None";"06088000KO0061";"None";"None";"13";"nan";"61";"45.43";"None";"nan";"None";"nan";"None";"nan";"2";"3";"Dépendance";"nan";"0.0";"None";"None";"None";"None";"nan";"7.282143";"43.701676";"000KO"
"2025-44573";"2025-02-27";"1";"Vente";"528571.0";"17.0";"None";"RUE FRANCOIS GUISOL";"2635";"06300";"06088";"Nice";"06";"None";"None";"06088000KO0189";"None";"None";"29";"90.3";"7";"nan";"None";"nan";"None";"nan";"None";"nan";"2";"3";"Dépendance";"nan";"0.0";"None";"None";"None";"None";"nan";"7.284277";"43.69948";"000KO"
"2025-44223";"2025-02-26";"1";"Vente";"303000.0";"14.0";"None";"BD LECH WALESA";"3588";"06300";"06088";"Nice";"06";"None";"None";"06088000KO0133";"None";"None";"39";"65.53";"None";"nan";"None";"nan";"None";"nan";"None";"nan";"1";"2";"Appartement";"62.0";"3.0";"None";"None";"None";"None";"nan";"7.287081";"43.698872";"000KO"
"2025-44551";"2025-02-26";"1";"Vente";"162000.0";"5.0";"None";"RUE MARTIN SEYTOUR";"4085";"06300";"06088";"Nice";"06";"None";"None";"06088000KO0252";"None";"None";"8";"nan";"None";"nan";"None";"nan";"None";"nan";"None";"nan";"1";"2";"Appartement";"40.0";"2.0";"None";"None";"None";"None";"nan";"7.281976";"43.699709";"000KO"
"2025-44725";"2025-02-26";"1";"Vente";"158000.0";"11.0";"None";"RUE LASCARIS";"3570";"06300";"06088";"Nice";"06";"None";"None";"06088000KO0181";"None";"None";"14";"nan";"None";"nan";"None";"nan";"None";"nan";"None";"nan";"1";"2";"Appartement";"39.0";"3.0";"None";"None";"None";"None";"nan";"7.285117";"43.700047";"000KO"
"2025-44190";"2025-02-25";"1";"Vente";"635550.0";"4.0";"None";"RUE FODERE";"2495";"06300";"06088";"Nice";"06";"None";"None";"06088000KO0197";"None";"None";"218";"89.35";"None";"nan";"None";"nan";"None";"nan";"None";"nan";"1";"2";"Appartement";"97.0";"3.0";"None";"None";"None";"None";"nan";"7.284449";"43.699004";"000KO"
"2025-44500";"2025-02-24";"1";"Vente";"180000.0";"9.0";"None";"RUE EMMANUEL PHILIBERT";"2295";"06300";"06088";"Nice";"06";"None";"None";"06088000KO0214";"None";"None";"1";"33.78";"None";"nan";"None";"nan";"None";"nan";"None";"nan";"1";"4";"Local industriel. commercial ou assimilé";"34.0";"0.0";"None";"None";"None";"None";"nan";"7.283457";"43.699501";"000KO"
"2025-43651";"2025-02-21";"1";"Vente";"126950.0";"41.0";"None";"RUE BONAPARTE";"0885";"06300";"06088";"Nice";"06";"None";"None";"06088000KO0302";"None";"None";"10";"22.02";"None";"nan";"None";"nan";"None";"nan";"None";"nan";"1";"2";"Appartement";"22.0";"1.0";"None";"None";"None";"None";"nan";"7.285187";"43.700791";"000KO"
"2025-44563";"2025-02-20";"1";"Vente";"265000.0";"5.0";"None";"RUE FRANCOIS GUISOL";"2635";"06300";"06088";"Nice";"06";"None";"None";"06088000KO0083";"None";"None";"40";"nan";"None";"nan";"None";"nan";"None";"nan";"None";"nan";"1";"2";"Appartement";"17.0";"1.0";"None";"None";"None";"None";"nan";"7.284553";"43.700835";"000KO"
"2025-44563";"2025-02-20";"1";"Vente";"265000.0";"5.0";"None";"RUE FRANCOIS GUISOL";"2635";"06300";"06088";"Nice";"06";"None";"None";"06088000KO0083";"None";"None";"41";"nan";"None";"nan";"None";"nan";"None";"nan";"None";"nan";"1";"2";"Appartement";"48.0";"3.0";"None";"None";"None";"None";"nan";"7.284553";"43.700835";"000KO"
"2025-43704";"2025-02-19";"1";"Vente";"65000.0";"3.0";"None";"RUE EMMANUEL PHILIBERT";"2295";"06300";"06088";"Nice";"06";"None";"None";"06088000KO0069";"None";"None";"28";"nan";"None";"nan";"None";"nan";"None";"nan";"None";"nan";"1";"3";"Dépendance";"nan";"0.0";"None";"None";"None";"None";"nan";"7.283747";"43.701324";"000KO"
"2025-43704";"2025-02-19";"1";"Vente";"65000.0";"3.0";"None";"RUE EMMANUEL PHILIBERT";"2295";"06300";"06088";"Nice";"06";"None";"None";"06088000KO0069";"None";"None";"29";"nan";"None";"nan";"None";"nan";"None";"nan";"None";"nan";"1";"3";"Dépendance";"nan";"0.0";"None";"None";"None";"None";"nan";"7.283747";"43.701324";"000KO"
"2025-43399";"2025-02-13";"1";"Vente";"220000.0";"4.0";"None";"BD LECH WALESA";"3588";"06300";"06088";"Nice";"06";"None";"None";"06088000KO0117";"None";"None";"6";"48.48";"None";"nan";"None";"nan";"None";"nan";"None";"nan";"1";"2";"Appartement";"48.0";"3.0";"None";"None";"None";"None";"nan";"7.287177";"43.700103";"000KO"
"2025-43321";"2025-02-12";"1";"Vente";"290000.0";"18.0";"None";"RUE CATHERINE SEGURANE";"1192";"06300";"06088";"Nice";"06";"None";"None";"06088000KO0247";"None";"None";"69";"nan";"None";"nan";"None";"nan";"None";"nan";"None";"nan";"1";"2";"Appartement";"49.0";"3.0";"None";"None";"None";"None";"nan";"7.282009";"43.699371";"000KO"
"2025-43907";"2025-02-11";"1";"Vente";"325000.0";"2.0";"None";"RUE BOYER";"0945";"06300";"06088";"Nice";"06";"None";"None";"06088000KO0025";"None";"None";"350";"nan";"76";"70.09";"None";"nan";"None";"nan";"None";"nan";"2";"2";"Appartement";"71.0";"2.0";"None";"None";"None";"None";"nan";"7.281466";"43.701959";"000KO"
"2025-43928";"2025-02-11";"1";"Vente";"165000.0";"4.0";"None";"RUE ARSON";"0390";"06300";"06088";"Nice";"06";"None";"None";"06088000KO0136";"None";"None";"10";"24.97";"None";"nan";"None";"nan";"None";"nan";"None";"nan";"1";"2";"Appartement";"20.0";"2.0";"None";"None";"None";"None";"nan";"7.286593";"43.698814";"000KO"
"2025-43907";"2025-02-11";"1";"Vente";"325000.0";"2.0";"None";"RUE BOYER";"0945";"06300";"06088";"Nice";"06";"None";"None";"06088000KO0025";"None";"None";"350";"nan";"76";"70.09";"None";"nan";"None";"nan";"None";"nan";"2";"3";"Dépendance";"nan";"0.0";"None";"None";"None";"None";"nan";"7.281466";"43.701959";"000KO"
"2025-43289";"2025-02-10";"1";"Vente";"200000.0";"6.0";"None";"RUE BARLA";"0610";"06300";"06088";"Nice";"06";"None";"None";"06088000KO0025";"None";"None";"26";"63.48";"None";"nan";"None";"nan";"None";"nan";"None";"nan";"1";"2";"Appartement";"63.0";"3.0";"None";"None";"None";"None";"nan";"7.281466";"43.701959";"000KO"
"2025-43289";"2025-02-10";"1";"Vente";"200000.0";"8.0";"None";"RUE BARLA";"0610";"06300";"06088";"Nice";"06";"None";"None";"06088000KO0025";"None";"None";"359";"nan";"None";"nan";"None";"nan";"None";"nan";"None";"nan";"1";"2";"Appartement";"63.0";"3.0";"None";"None";"None";"None";"nan";"7.281466";"43.701959";"000KO"
"2025-43413";"2025-02-10";"1";"Vente";"172570.0";"17.0";"None";"RUE BONAPARTE";"0885";"06300";"06088";"Nice";"06";"None";"None";"06088000KO0049";"None";"None";"9";"20.38";"None";"nan";"None";"nan";"None";"nan";"None";"nan";"1";"2";"Appartement";"23.0";"1.0";"None";"None";"None";"None";"nan";"7.282786";"43.700983";"000KO"
"2025-43289";"2025-02-10";"1";"Vente";"200000.0";"6.0";"None";"RUE BARLA";"0610";"06300";"06088";"Nice";"06";"None";"None";"06088000KO0025";"None";"None";"26";"63.48";"None";"nan";"None";"nan";"None";"nan";"None";"nan";"1";"3";"Dépendance";"nan";"0.0";"None";"None";"None";"None";"nan";"7.281466";"43.701959";"000KO"
"2025-43289";"2025-02-10";"1";"Vente";"200000.0";"8.0";"None";"RUE BARLA";"0610";"06300";"06088";"Nice";"06";"None";"None";"06088000KO0025";"None";"None";"359";"nan";"None";"nan";"None";"nan";"None";"nan";"None";"nan";"1";"3";"Dépendance";"nan";"0.0";"None";"None";"None";"None";"nan";"7.281466";"43.701959";"000KO"
"2025-43391";"2025-02-07";"1";"Vente";"302000.0";"1.0";"None";"RUE BOYER";"0945";"06300";"06088";"Nice";"06";"None";"None";"06088000KO0061";"None";"None";"36";"nan";"75";"57.34";"None";"nan";"None";"nan";"None";"nan";"2";"2";"Appartement";"51.0";"3.0";"None";"None";"None";"None";"nan";"7.282143";"43.701676";"000KO"
"2025-43391";"2025-02-07";"1";"Vente";"302000.0";"1.0";"None";"RUE BOYER";"0945";"06300";"06088";"Nice";"06";"None";"None";"06088000KO0061";"None";"None";"36";"nan";"75";"57.34";"None";"nan";"None";"nan";"None";"nan";"2";"3";"Dépendance";"nan";"0.0";"None";"None";"None";"None";"nan";"7.282143";"43.701676";"000KO"
"2025-43426";"2025-02-05";"1";"Vente";"248000.0";"10.0";"None";"RUE BAVASTRO";"0670";"06300";"06088";"Nice";"06";"None";"None";"06088000KO0180";"None";"None";"26";"28.59";"None";"nan";"None";"nan";"None";"nan";"None";"nan";"1";"2";"Appartement";"32.0";"2.0";"None";"None";"None";"None";"nan";"7.285175";"43.700193";"000KO"
"2025-42877";"2025-01-31";"1";"Vente";"135000.0";"24.0";"None";"RUE PASSERONI";"4830";"06300";"06088";"Nice";"06";"None";"None";"06088000KO0079";"None";"None";"16";"32.28";"None";"nan";"None";"nan";"None";"nan";"None";"nan";"1";"2";"Appartement";"31.0";"2.0";"None";"None";"None";"None";"nan";"7.284111";"43.701031";"000KO"
"2025-42960";"2025-01-31";"1";"Vente";"156360.0";"1.0";"None";"RUE CASSINI";"1180";"06300";"06088";"Nice";"06";"None";"None";"06088000KO0273";"None";"None";"47";"nan";"None";"nan";"None";"nan";"None";"nan";"None";"nan";"1";"2";"Appartement";"20.0";"1.0";"None";"None";"None";"None";"nan";"7.281565";"43.700511";"000KO"
"2025-43032";"2025-01-30";"1";"Vente";"151522.0";"18.0";"None";"RUE ARSON";"0390";"06300";"06088";"Nice";"06";"None";"None";"06088000KO0119";"None";"None";"6";"27.99";"None";"nan";"None";"nan";"None";"nan";"None";"nan";"1";"2";"Appartement";"28.0";"1.0";"None";"None";"None";"None";"nan";"7.286903";"43.700034";"000KO"
"2025-42760";"2025-01-29";"1";"Vente";"1250000.0";"9.0";"None";"RUE FODERE";"2495";"06300";"06088";"Nice";"06";"None";"None";"06088000KO0194";"None";"None";"127";"136.54";"None";"nan";"None";"nan";"None";"nan";"None";"nan";"1";"2";"Appartement";"140.0";"5.0";"None";"None";"None";"None";"nan";"7.284976";"43.69947";"000KO"
"2025-42973";"2025-01-28";"1";"Vente";"172276.0";"16.0";"None";"RUE ARSON";"0390";"06300";"06088";"Nice";"06";"None";"None";"06088000KO0119";"None";"None";"45";"33.01";"None";"nan";"None";"nan";"None";"nan";"None";"nan";"1";"2";"Appartement";"32.0";"2.0";"None";"None";"None";"None";"nan";"7.286903";"43.700034";"000KO"
"2025-42427";"2025-01-21";"1";"Vente";"1084120.0";"2.0";"None";"RUE CATHERINE SEGURANE";"1192";"06300";"06088";"Nice";"06";"None";"None";"06088000KO0290";"None";"None";"15";"nan";"8";"nan";"None";"nan";"None";"nan";"None";"nan";"2";"2";"Appartement";"131.0";"5.0";"None";"None";"None";"None";"nan";"7.28092";"43.70021";"000KO"
"2025-42391";"2025-01-16";"1";"Vente";"45000.0";"7.0";"T";"RUE EMMANUEL PHILIBERT";"2295";"06300";"06088";"Nice";"06";"None";"None";"06088000KO0207";"None";"None";"89";"nan";"None";"nan";"None";"nan";"None";"nan";"None";"nan";"1";"3";"Dépendance";"nan";"0.0";"None";"None";"None";"None";"nan";"7.283659";"43.700102";"000KO"
"2025-42219";"2025-01-15";"1";"Vente";"186800.0";"7.0";"T";"RUE EMMANUEL PHILIBERT";"2295";"06300";"06088";"Nice";"06";"None";"None";"06088000KO0207";"None";"None";"461";"29.2";"None";"nan";"None";"nan";"None";"nan";"None";"nan";"1";"2";"Appartement";"32.0";"1.0";"None";"None";"None";"None";"nan";"7.283659";"43.700102";"000KO"
"2025-42722";"2025-01-15";"1";"Vente";"115000.0";"14.0";"None";"PL GARIBALDI";"2785";"06300";"06088";"Nice";"06";"None";"None";"06088000KO0032";"None";"None";"24";"9.48";"None";"nan";"None";"nan";"None";"nan";"None";"nan";"1";"3";"Dépendance";"nan";"0.0";"None";"None";"None";"None";"nan";"7.281061";"43.701237";"000KO"
"2025-42319";"2025-01-13";"1";"Vente";"220000.0";"22.0";"None";"RUE BARLA";"0610";"06300";"06088";"Nice";"06";"None";"None";"06088000KO0088";"None";"None";"6";"46.31";"None";"nan";"None";"nan";"None";"nan";"None";"nan";"1";"2";"Appartement";"40.0";"2.0";"None";"None";"None";"None";"nan";"7.284707";"43.701184";"000KO"
"2025-42916";"2025-01-13";"1";"Vente";"655000.0";"13.0";"None";"RUE BAVASTRO";"0670";"06300";"06088";"Nice";"06";"None";"None";"06088000KO0163";"None";"None";"26";"81.5";"None";"nan";"None";"nan";"None";"nan";"None";"nan";"1";"2";"Appartement";"85.0";"4.0";"None";"None";"None";"None";"nan";"7.285644";"43.700082";"000KO"
"2025-42190";"2025-01-10";"1";"Vente";"189800.0";"14.0";"B";"RUE FRANCOIS GUISOL";"2635";"06300";"06088";"Nice";"06";"None";"None";"06088000KO0207";"None";"None";"193";"nan";"541";"30.03";"None";"nan";"None";"nan";"None";"nan";"2";"2";"Appartement";"29.0";"1.0";"None";"None";"None";"None";"nan";"7.283659";"43.700102";"000KO"
"2025-42403";"2025-01-10";"1";"Vente";"300000.0";"56.0";"A";"BD RISSO";"5490";"06300";"06088";"Nice";"06";"None";"None";"06088000KO0016";"None";"None";"16";"46.65";"None";"nan";"None";"nan";"None";"nan";"None";"nan";"1";"2";"Appartement";"47.0";"2.0";"None";"None";"None";"None";"nan";"7.28023";"43.701978";"000KO"
"2025-42169";"2025-01-10";"1";"Vente";"25000.0";"7.0";"T";"RUE EMMANUEL PHILIBERT";"2295";"06300";"06088";"Nice";"06";"None";"None";"06088000KO0207";"None";"None";"260";"nan";"None";"nan";"None";"nan";"None";"nan";"None";"nan";"1";"3";"Dépendance";"nan";"0.0";"None";"None";"None";"None";"nan";"7.283659";"43.700102";"000KO"
"2025-42189";"2025-01-10";"1";"Vente";"186000.0";"11.0";"None";"RUE PAPON";"4690";"06300";"06088";"Nice";"06";"None";"None";"06088000KO0356";"None";"None";"161";"nan";"None";"nan";"None";"nan";"None";"nan";"None";"nan";"1";"3";"Dépendance";"nan";"0.0";"None";"None";"None";"None";"nan";"7.283146";"43.701514";"000KO"
"2025-42403";"2025-01-10";"1";"Vente";"300000.0";"56.0";"A";"BD RISSO";"5490";"06300";"06088";"Nice";"06";"None";"None";"06088000KO0016";"None";"None";"4";"nan";"None";"nan";"None";"nan";"None";"nan";"None";"nan";"1";"3";"Dépendance";"nan";"0.0";"None";"None";"None";"None";"nan";"7.28023";"43.701978";"000KO"
"2025-42575";"2025-01-10";"1";"Vente";"48000.0";"9.0";"None";"RUE PAPON";"4690";"06300";"06088";"Nice";"06";"None";"None";"06088000KO0397";"None";"None";"23";"nan";"None";"nan";"None";"nan";"None";"nan";"None";"nan";"1";"3";"Dépendance";"nan";"0.0";"None";"None";"None";"None";"nan";"7.282359";"43.701628";"000KO"
"2025-42189";"2025-01-10";"1";"Vente";"186000.0";"16.0";"None";"RUE BARLA";"0610";"06300";"06088";"Nice";"06";"None";"None";"06088000KO0356";"None";"None";"174";"nan";"None";"nan";"None";"nan";"None";"nan";"None";"nan";"1";"4";"Local industriel. commercial ou assimilé";"25.0";"0.0";"None";"None";"None";"None";"nan";"7.283146";"43.701514";"000KO"
"2025-42287";"2025-01-09";"1";"Vente";"195000.0";"22.0";"None";"BD LECH WALESA";"3588";"06300";"06088";"Nice";"06";"None";"None";"06088000KO0140";"None";"None";"12";"nan";"26";"nan";"None";"nan";"None";"nan";"None";"nan";"2";"2";"Appartement";"47.0";"3.0";"None";"None";"None";"None";"nan";"7.287025";"43.698426";"000KO"
"2025-42287";"2025-01-09";"1";"Vente";"195000.0";"22.0";"None";"BD LECH WALESA";"3588";"06300";"06088";"Nice";"06";"None";"None";"06088000KO0140";"None";"None";"12";"nan";"26";"nan";"None";"nan";"None";"nan";"None";"nan";"2";"3";"Dépendance";"nan";"0.0";"None";"None";"None";"None";"nan";"7.287025";"43.698426";"000KO"
"2025-42208";"2025-01-08";"1";"Vente";"183829.58";"12.0";"None";"RUE FODERE";"2495";"06300";"06088";"Nice";"06";"None";"None";"06088000KO0143";"None";"None";"109";"22.21";"None";"nan";"None";"nan";"None";"nan";"None";"nan";"1";"2";"Appartement";"22.0";"1.0";"None";"None";"None";"None";"nan";"7.286121";"43.698823";"000KO"
"2025-42502";"2025-01-07";"1";"Vente";"237000.0";"7.0";"T";"RUE EMMANUEL PHILIBERT";"2295";"06300";"06088";"Nice";"06";"None";"None";"06088000KO0207";"None";"None";"375";"nan";"457";"nan";"None";"nan";"None";"nan";"None";"nan";"2";"2";"Appartement";"40.0";"2.0";"None";"None";"None";"None";"nan";"7.283659";"43.700102";"000KO"
"2025-42502";"2025-01-07";"1";"Vente";"237000.0";"7.0";"T";"RUE EMMANUEL PHILIBERT";"2295";"06300";"06088";"Nice";"06";"None";"None";"06088000KO0207";"None";"None";"226";"nan";"None";"nan";"None";"nan";"None";"nan";"None";"nan";"1";"3";"Dépendance";"nan";"0.0";"None";"None";"None";"None";"nan";"7.283659";"43.700102";"000KO"
"2025-42105";"2025-01-03";"1";"Vente";"145000.0";"52.0";"None";"RUE BONAPARTE";"0885";"06300";"06088";"Nice";"06";"None";"None";"06088000KO0114";"None";"None";"25";"25.49";"None";"nan";"None";"nan";"None";"nan";"None";"nan";"1";"2";"Appartement";"24.0";"1.0";"None";"None";"None";"None";"nan";"7.287025";"43.700219";"000KO"
"2025-42347";"2025-01-03";"1";"Vente";"148000.0";"10.0";"None";"RUE BAVASTRO";"0670";"06300";"06088";"Nice";"06";"None";"None";"06088000KO0180";"None";"None";"30";"23.63";"None";"nan";"None";"nan";"None";"nan";"None";"nan";"1";"2";"Appartement";"24.0";"1.0";"None";"None";"None";"None";"nan";"7.285175";"43.700193";"000KO"
"2024-54265";"2024-12-27";"1";"Vente";"127740.0";"17.0";"None";"RUE BONAPARTE";"0885";"06300";"06088";"Nice";"06";"None";"None";"06088000KO0049";"None";"None";"5";"nan";"None";"nan";"None";"nan";"None";"nan";"None";"nan";"1";"2";"Appartement";"23.0";"1.0";"None";"None";"None";"None";"nan";"7.282786";"43.700983";"000KO"
"2024-54580";"2024-12-27";"1";"Vente";"515000.0";"22.0";"None";"BD LECH WALESA";"3588";"06300";"06088";"Nice";"06";"None";"None";"06088000KO0140";"None";"None";"4";"71.8";"None";"nan";"None";"nan";"None";"nan";"None";"nan";"1";"2";"Appartement";"75.0";"4.0";"None";"None";"None";"None";"nan";"7.287025";"43.698426";"000KO"
"2024-54580";"2024-12-27";"1";"Vente";"515000.0";"22.0";"None";"BD LECH WALESA";"3588";"06300";"06088";"Nice";"06";"None";"None";"06088000KO0140";"None";"None";"4";"71.8";"None";"nan";"None";"nan";"None";"nan";"None";"nan";"1";"3";"Dépendance";"nan";"0.0";"None";"None";"None";"None";"nan";"7.287025";"43.698426";"000KO"
"2024-54454";"2024-12-20";"1";"Vente";"493500.0";"4.0";"None";"RUE PAPON";"4690";"06300";"06088";"Nice";"06";"None";"None";"06088000KO0030";"None";"None";"15";"nan";"None";"nan";"None";"nan";"None";"nan";"None";"nan";"1";"2";"Appartement";"75.0";"3.0";"None";"None";"None";"None";"nan";"7.281024";"43.701502";"000KO"
"2024-54455";"2024-12-20";"1";"Vente";"191600.0";"5.0";"None";"RUE CASSINI";"1180";"06300";"06088";"Nice";"06";"None";"None";"06088000KO0270";"None";"None";"29";"27.03";"None";"nan";"None";"nan";"None";"nan";"None";"nan";"1";"2";"Appartement";"28.0";"1.0";"None";"None";"None";"None";"nan";"7.281897";"43.700336";"000KO"
"2024-54469";"2024-12-20";"1";"Vente";"506750.0";"52.0";"None";"AV DE LA REPUBLIQUE";"5435";"06300";"06088";"Nice";"06";"None";"None";"06088000KO0018";"None";"None";"26";"106.25";"None";"nan";"None";"nan";"None";"nan";"None";"nan";"1";"2";"Appartement";"103.0";"5.0";"None";"None";"None";"None";"nan";"7.280415";"43.701997";"000KO"
"2024-54283";"2024-12-20";"1";"Vente";"60000.0";"35.0";"None";"RUE BONAPARTE";"0885";"06300";"06088";"Nice";"06";"None";"None";"06088000KO0090";"None";"None";"5";"18.07";"None";"nan";"None";"nan";"None";"nan";"None";"nan";"1";"3";"Dépendance";"nan";"0.0";"None";"None";"None";"None";"nan";"7.284738";"43.700828";"000KO"
"2024-54268";"2024-12-19";"1";"Vente";"420000.0";"1.0";"None";"PL GARIBALDI";"2785";"06300";"06088";"Nice";"06";"None";"None";"06088000KO0004";"None";"None";"34";"75.01";"None";"nan";"None";"nan";"None";"nan";"None";"nan";"1";"2";"Appartement";"73.0";"3.0";"None";"None";"None";"None";"nan";"7.279095";"43.701087";"000KO"
"2024-53659";"2024-12-18";"1";"Vente";"322000.0";"20.0";"None";"RUE ARSON";"0390";"06300";"06088";"Nice";"06";"None";"None";"06088000KO0113";"None";"None";"10";"67.24";"None";"nan";"None";"nan";"None";"nan";"None";"nan";"1";"2";"Appartement";"66.0";"3.0";"None";"None";"None";"None";"nan";"7.286875";"43.700237";"000KO"
"2024-53988";"2024-12-18";"1";"Vente";"329000.0";"4.0";"None";"RUE PAPON";"4690";"06300";"06088";"Nice";"06";"None";"None";"06088000KO0030";"None";"None";"15";"85.85";"None";"nan";"None";"nan";"None";"nan";"None";"nan";"1";"2";"Appartement";"75.0";"3.0";"None";"None";"None";"None";"nan";"7.281024";"43.701502";"000KO"
"2024-54786";"2024-12-18";"1";"Vente";"2300000.0";"46.0";"None";"RUE BONAPARTE";"0885";"06300";"06088";"Nice";"06";"None";"None";"06088000KO0159";"None";"None";"None";"nan";"None";"nan";"None";"nan";"None";"nan";"None";"nan";"0";"2";"Appartement";"59.0";"3.0";"S";"sols";"None";"None";"188.0";"7.286231";"43.700359";"000KO"
"2024-54786";"2024-12-18";"1";"Vente";"2300000.0";"46.0";"None";"RUE BONAPARTE";"0885";"06300";"06088";"Nice";"06";"None";"None";"06088000KO0159";"None";"None";"None";"nan";"None";"nan";"None";"nan";"None";"nan";"None";"nan";"0";"2";"Appartement";"70.0";"4.0";"S";"sols";"None";"None";"188.0";"7.286231";"43.700359";"000KO"
"2024-54786";"2024-12-18";"1";"Vente";"2300000.0";"46.0";"None";"RUE BONAPARTE";"0885";"06300";"06088";"Nice";"06";"None";"None";"06088000KO0159";"None";"None";"None";"nan";"None";"nan";"None";"nan";"None";"nan";"None";"nan";"0";"2";"Appartement";"59.0";"4.0";"S";"sols";"None";"None";"188.0";"7.286231";"43.700359";"000KO"
"2024-54786";"2024-12-18";"1";"Vente";"2300000.0";"46.0";"None";"RUE BONAPARTE";"0885";"06300";"06088";"Nice";"06";"None";"None";"06088000KO0159";"None";"None";"None";"nan";"None";"nan";"None";"nan";"None";"nan";"None";"nan";"0";"2";"Appartement";"70.0";"4.0";"S";"sols";"None";"None";"188.0";"7.286231";"43.700359";"000KO"
"2024-54786";"2024-12-18";"1";"Vente";"2300000.0";"46.0";"None";"RUE BONAPARTE";"0885";"06300";"06088";"Nice";"06";"None";"None";"06088000KO0159";"None";"None";"None";"nan";"None";"nan";"None";"nan";"None";"nan";"None";"nan";"0";"2";"Appartement";"59.0";"4.0";"S";"sols";"None";"None";"188.0";"7.286231";"43.700359";"000KO"
"2024-54786";"2024-12-18";"1";"Vente";"2300000.0";"46.0";"None";"RUE BONAPARTE";"0885";"06300";"06088";"Nice";"06";"None";"None";"06088000KO0159";"None";"None";"None";"nan";"None";"nan";"None";"nan";"None";"nan";"None";"nan";"0";"2";"Appartement";"70.0";"4.0";"S";"sols";"None";"None";"188.0";"7.286231";"43.700359";"000KO"
"2024-54786";"2024-12-18";"1";"Vente";"2300000.0";"46.0";"None";"RUE BONAPARTE";"0885";"06300";"06088";"Nice";"06";"None";"None";"06088000KO0159";"None";"None";"None";"nan";"None";"nan";"None";"nan";"None";"nan";"None";"nan";"0";"2";"Appartement";"59.0";"3.0";"S";"sols";"None";"None";"188.0";"7.286231";"43.700359";"000KO"
"2024-54786";"2024-12-18";"1";"Vente";"2300000.0";"46.0";"None";"RUE BONAPARTE";"0885";"06300";"06088";"Nice";"06";"None";"None";"06088000KO0159";"None";"None";"None";"nan";"None";"nan";"None";"nan";"None";"nan";"None";"nan";"0";"2";"Appartement";"70.0";"4.0";"S";"sols";"None";"None";"188.0";"7.286231";"43.700359";"000KO"
"2024-54786";"2024-12-18";"1";"Vente";"2300000.0";"46.0";"None";"RUE BONAPARTE";"0885";"06300";"06088";"Nice";"06";"None";"None";"06088000KO0159";"None";"None";"None";"nan";"None";"nan";"None";"nan";"None";"nan";"None";"nan";"0";"2";"Appartement";"33.0";"2.0";"S";"sols";"None";"None";"188.0";"7.286231";"43.700359";"000KO"
"2024-54786";"2024-12-18";"1";"Vente";"2300000.0";"46.0";"None";"RUE BONAPARTE";"0885";"06300";"06088";"Nice";"06";"None";"None";"06088000KO0159";"None";"None";"None";"nan";"None";"nan";"None";"nan";"None";"nan";"None";"nan";"0";"2";"Appartement";"34.0";"2.0";"S";"sols";"None";"None";"188.0";"7.286231";"43.700359";"000KO"
"2024-54786";"2024-12-18";"1";"Vente";"2300000.0";"46.0";"None";"RUE BONAPARTE";"0885";"06300";"06088";"Nice";"06";"None";"None";"06088000KO0159";"None";"None";"None";"nan";"None";"nan";"None";"nan";"None";"nan";"None";"nan";"0";"2";"Appartement";"59.0";"4.0";"S";"sols";"None";"None";"188.0";"7.286231";"43.700359";"000KO"
"2024-54786";"2024-12-18";"1";"Vente";"2300000.0";"46.0";"None";"RUE BONAPARTE";"0885";"06300";"06088";"Nice";"06";"None";"None";"06088000KO0159";"None";"None";"None";"nan";"None";"nan";"None";"nan";"None";"nan";"None";"nan";"0";"3";"Dépendance";"nan";"0.0";"S";"sols";"None";"None";"188.0";"7.286231";"43.700359";"000KO"
"2024-54786";"2024-12-18";"1";"Vente";"2300000.0";"46.0";"None";"RUE BONAPARTE";"0885";"06300";"06088";"Nice";"06";"None";"None";"06088000KO0159";"None";"None";"None";"nan";"None";"nan";"None";"nan";"None";"nan";"None";"nan";"0";"4";"Local industriel. commercial ou assimilé";"22.0";"0.0";"S";"sols";"None";"None";"188.0";"7.286231";"43.700359";"000KO"
"2024-54786";"2024-12-18";"1";"Vente";"2300000.0";"46.0";"None";"RUE BONAPARTE";"0885";"06300";"06088";"Nice";"06";"None";"None";"06088000KO0159";"None";"None";"None";"nan";"None";"nan";"None";"nan";"None";"nan";"None";"nan";"0";"4";"Local industriel. commercial ou assimilé";"20.0";"0.0";"S";"sols";"None";"None";"188.0";"7.286231";"43.700359";"000KO"
"2024-54672";"2024-12-17";"1";"Vente";"320000.0";"11.0";"None";"RUE BOYER";"0945";"06300";"06088";"Nice";"06";"None";"None";"06088000KO0043";"None";"None";"4";"nan";"None";"nan";"None";"nan";"None";"nan";"None";"nan";"1";"2";"Appartement";"75.0";"3.0";"None";"None";"None";"None";"nan";"7.282096";"43.700937";"000KO"
"2024-53592";"2024-12-16";"1";"Vente";"305000.0";"6.0";"T";"RUE LASCARIS";"3570";"06300";"06088";"Nice";"06";"None";"None";"06088000KO0151";"None";"None";"37";"35.55";"None";"nan";"None";"nan";"None";"nan";"None";"nan";"1";"2";"Appartement";"35.0";"2.0";"None";"None";"None";"None";"nan";"7.285555";"43.699712";"000KO"
"2024-53944";"2024-12-16";"1";"Vente";"275000.0";"3.0";"None";"AV SAINT SEBASTIEN";"5945";"06300";"06088";"Nice";"06";"None";"None";"06088000KO0003";"None";"None";"19";"nan";"None";"nan";"None";"nan";"None";"nan";"None";"nan";"1";"2";"Appartement";"45.0";"3.0";"None";"None";"None";"None";"nan";"7.279047";"43.70083";"000KO"
"2024-54345";"2024-12-16";"1";"Vente";"55000.0";"7.0";"T";"RUE EMMANUEL PHILIBERT";"2295";"06300";"06088";"Nice";"06";"None";"None";"06088000KO0207";"None";"None";"8";"nan";"None";"nan";"None";"nan";"None";"nan";"None";"nan";"1";"3";"Dépendance";"nan";"0.0";"None";"None";"None";"None";"nan";"7.283659";"43.700102";"000KO"
"2024-53871";"2024-12-13";"1";"Vente";"109467.0";"18.0";"None";"RUE ARSON";"0390";"06300";"06088";"Nice";"06";"None";"None";"06088000KO0119";"None";"None";"10";"20.13";"None";"nan";"None";"nan";"None";"nan";"None";"nan";"1";"2";"Appartement";"19.0";"1.0";"None";"None";"None";"None";"nan";"7.286903";"43.700034";"000KO"
"2024-53491";"2024-12-12";"1";"Vente";"246266.0";"9.0";"None";"RUE PAPON";"4690";"06300";"06088";"Nice";"06";"None";"None";"06088000KO0397";"None";"None";"43";"nan";"None";"nan";"None";"nan";"None";"nan";"None";"nan";"1";"2";"Appartement";"42.0";"2.0";"None";"None";"None";"None";"nan";"7.282359";"43.701628";"000KO"
"2024-53504";"2024-12-12";"1";"Vente";"520000.0";"7.0";"None";"RUE LASCARIS";"3570";"06300";"06088";"Nice";"06";"None";"None";"06088000KO0157";"None";"None";"13";"nan";"70";"81.52";"None";"nan";"None";"nan";"None";"nan";"2";"2";"Appartement";"75.0";"3.0";"None";"None";"None";"None";"nan";"7.286135";"43.700096";"000KO"
"2024-54418";"2024-12-12";"1";"Vente";"226500.0";"53.0";"None";"RUE BONAPARTE";"0885";"06300";"06088";"Nice";"06";"None";"None";"06088000KO0108";"None";"None";"4";"nan";"None";"nan";"None";"nan";"None";"nan";"None";"nan";"1";"2";"Appartement";"51.0";"3.0";"None";"None";"None";"None";"nan";"7.286289";"43.700614";"000KO"
"2024-53491";"2024-12-12";"1";"Vente";"246266.0";"9.0";"None";"RUE PAPON";"4690";"06300";"06088";"Nice";"06";"None";"None";"06088000KO0397";"None";"None";"43";"nan";"None";"nan";"None";"nan";"None";"nan";"None";"nan";"1";"3";"Dépendance";"nan";"0.0";"None";"None";"None";"None";"nan";"7.282359";"43.701628";"000KO"
"2024-53504";"2024-12-12";"1";"Vente";"520000.0";"7.0";"None";"RUE LASCARIS";"3570";"06300";"06088";"Nice";"06";"None";"None";"06088000KO0157";"None";"None";"13";"nan";"70";"81.52";"None";"nan";"None";"nan";"None";"nan";"2";"3";"Dépendance";"nan";"0.0";"None";"None";"None";"None";"nan";"7.286135";"43.700096";"000KO"
"2024-53504";"2024-12-12";"1";"Vente";"520000.0";"7.0";"None";"RUE LASCARIS";"3570";"06300";"06088";"Nice";"06";"None";"None";"06088000KO0157";"None";"None";"13";"nan";"70";"81.52";"None";"nan";"None";"nan";"None";"nan";"2";"3";"Dépendance";"nan";"0.0";"None";"None";"None";"None";"nan";"7.286135";"43.700096";"000KO"
"2024-54529";"2024-12-11";"1";"Vente";"160000.0";"4.0";"None";"PAS CATHERINE SEGURANE";"1191";"06300";"06088";"Nice";"06";"None";"None";"06088000KO0281";"None";"None";"4";"18.07";"None";"nan";"None";"nan";"None";"nan";"None";"nan";"1";"2";"Appartement";"16.0";"1.0";"None";"None";"None";"None";"nan";"7.28161";"43.699922";"000KO"
"2024-54115";"2024-12-05";"1";"Vente";"180000.0";"24.0";"None";"RUE CASSINI";"1180";"06300";"06088";"Nice";"06";"None";"None";"06088000KO0217";"None";"None";"22";"30.69";"None";"nan";"None";"nan";"None";"nan";"None";"nan";"1";"2";"Appartement";"31.0";"2.0";"None";"None";"None";"None";"nan";"7.283328";"43.698986";"000KO"
"2024-53289";"2024-12-03";"1";"Vente";"230000.0";"2.0";"None";"RUE BAVASTRO";"0670";"06300";"06088";"Nice";"06";"None";"None";"06088000KO0096";"None";"None";"14";"70.95";"None";"nan";"None";"nan";"None";"nan";"None";"nan";"1";"2";"Appartement";"65.0";"3.0";"None";"None";"None";"None";"nan";"7.285334";"43.700914";"000KO"
"2024-53709";"2024-11-29";"1";"Vente";"245000.0";"1.0";"None";"PL ILE DE BEAUTE";"3265";"06300";"06088";"Nice";"06";"None";"None";"06088000KO0143";"None";"None";"137";"nan";"None";"nan";"None";"nan";"None";"nan";"None";"nan";"1";"2";"Appartement";"30.0";"2.0";"None";"None";"None";"None";"nan";"7.286121";"43.698823";"000KO"
"2024-53709";"2024-11-29";"1";"Vente";"245000.0";"1.0";"None";"PL ILE DE BEAUTE";"3265";"06300";"06088";"Nice";"06";"None";"None";"06088000KO0143";"None";"None";"45";"nan";"None";"nan";"None";"nan";"None";"nan";"None";"nan";"1";"3";"Dépendance";"nan";"0.0";"None";"None";"None";"None";"nan";"7.286121";"43.698823";"000KO"
"2024-53336";"2024-11-28";"2";"Echange";"880000.0";"3.0";"None";"AV SAINT SEBASTIEN";"5945";"06300";"06088";"Nice";"06";"None";"None";"06088000KO0003";"None";"None";"14";"nan";"4";"nan";"None";"nan";"None";"nan";"None";"nan";"2";"2";"Appartement";"73.0";"3.0";"None";"None";"None";"None";"nan";"7.279047";"43.70083";"000KO"
"2024-53336";"2024-11-28";"2";"Echange";"880000.0";"3.0";"None";"AV SAINT SEBASTIEN";"5945";"06300";"06088";"Nice";"06";"None";"None";"06088000KO0003";"None";"None";"14";"nan";"4";"nan";"None";"nan";"None";"nan";"None";"nan";"2";"3";"Dépendance";"nan";"0.0";"None";"None";"None";"None";"nan";"7.279047";"43.70083";"000KO"
"2024-52920";"2024-11-25";"1";"Vente";"311125.0";"11.0";"None";"RUE BONAPARTE";"0885";"06300";"06088";"Nice";"06";"None";"None";"06088000KO0046";"None";"None";"11";"nan";"None";"nan";"None";"nan";"None";"nan";"None";"nan";"1";"2";"Appartement";"63.0";"3.0";"None";"None";"None";"None";"nan";"7.282422";"43.700877";"000KO"
"2024-52729";"2024-11-22";"1";"Vente";"336500.0";"3.0";"None";"RUE FRANCOIS GUISOL";"2635";"06300";"06088";"Nice";"06";"None";"None";"06088000KO0084";"None";"None";"27";"53.66";"None";"nan";"None";"nan";"None";"nan";"None";"nan";"1";"2";"Appartement";"80.0";"4.0";"None";"None";"None";"None";"nan";"7.284552";"43.701007";"000KO"
"2024-53152";"2024-11-22";"1";"Vente";"276000.0";"2.0";"None";"RUE BOYER";"0945";"06300";"06088";"Nice";"06";"None";"None";"06088000KO0025";"None";"None";"342";"nan";"40";"nan";"None";"nan";"None";"nan";"None";"nan";"2";"2";"Appartement";"71.0";"4.0";"None";"None";"None";"None";"nan";"7.281466";"43.701959";"000KO"
"2024-53383";"2024-11-22";"1";"Vente";"251500.0";"12.0";"None";"RUE FODERE";"2495";"06300";"06088";"Nice";"06";"None";"None";"06088000KO0143";"None";"None";"126";"42.03";"None";"nan";"None";"nan";"None";"nan";"None";"nan";"1";"2";"Appartement";"42.0";"2.0";"None";"None";"None";"None";"nan";"7.286121";"43.698823";"000KO"
"2024-53152";"2024-11-22";"1";"Vente";"276000.0";"2.0";"None";"RUE BOYER";"0945";"06300";"06088";"Nice";"06";"None";"None";"06088000KO0025";"None";"None";"342";"nan";"40";"nan";"None";"nan";"None";"nan";"None";"nan";"2";"3";"Dépendance";"nan";"0.0";"None";"None";"None";"None";"nan";"7.281466";"43.701959";"000KO"
"2024-53152";"2024-11-22";"1";"Vente";"276000.0";"2.0";"None";"RUE BOYER";"0945";"06300";"06088";"Nice";"06";"None";"None";"06088000KO0025";"None";"None";"432";"nan";"None";"nan";"None";"nan";"None";"nan";"None";"nan";"1";"3";"Dépendance";"nan";"0.0";"None";"None";"None";"None";"nan";"7.281466";"43.701959";"000KO"
"2024-53383";"2024-11-22";"1";"Vente";"251500.0";"12.0";"None";"RUE FODERE";"2495";"06300";"06088";"Nice";"06";"None";"None";"06088000KO0143";"None";"None";"74";"nan";"None";"nan";"None";"nan";"None";"nan";"None";"nan";"1";"3";"Dépendance";"nan";"0.0";"None";"None";"None";"None";"nan";"7.286121";"43.698823";"000KO"
"2024-53575";"2024-11-21";"1";"Vente";"296150.0";"6.0";"None";"PAS CATHERINE SEGURANE";"1191";"06300";"06088";"Nice";"06";"None";"None";"06088000KO0279";"None";"None";"17";"48.65";"18";"nan";"None";"nan";"None";"nan";"None";"nan";"2";"2";"Appartement";"52.0";"3.0";"None";"None";"None";"None";"nan";"7.281267";"43.699932";"000KO"
"2024-53708";"2024-11-21";"1";"Vente";"130000.0";"54.0";"None";"BD RISSO";"5490";"06300";"06088";"Nice";"06";"None";"None";"06088000KO0019";"None";"None";"59";"nan";"None";"nan";"None";"nan";"None";"nan";"None";"nan";"1";"2";"Appartement";"70.0";"2.0";"None";"None";"None";"None";"nan";"7.280193";"43.702316";"000KO"
"2024-53708";"2024-11-21";"1";"Vente";"130000.0";"54.0";"None";"BD RISSO";"5490";"06300";"06088";"Nice";"06";"None";"None";"06088000KO0019";"None";"None";"59";"nan";"None";"nan";"None";"nan";"None";"nan";"None";"nan";"1";"3";"Dépendance";"nan";"0.0";"None";"None";"None";"None";"nan";"7.280193";"43.702316";"000KO"
"2024-53708";"2024-11-21";"1";"Vente";"130000.0";"54.0";"None";"BD RISSO";"5490";"06300";"06088";"Nice";"06";"None";"None";"06088000KO0019";"None";"None";"14";"nan";"None";"nan";"None";"nan";"None";"nan";"None";"nan";"1";"3";"Dépendance";"nan";"0.0";"None";"None";"None";"None";"nan";"7.280193";"43.702316";"000KO"
"2024-52554";"2024-11-18";"1";"Vente";"201460.0";"17.0";"None";"RUE BONAPARTE";"0885";"06300";"06088";"Nice";"06";"None";"None";"06088000KO0049";"None";"None";"3";"nan";"None";"nan";"None";"nan";"None";"nan";"None";"nan";"1";"2";"Appartement";"29.0";"2.0";"None";"None";"None";"None";"nan";"7.282786";"43.700983";"000KO"
"2024-53201";"2024-11-15";"1";"Vente";"507000.0";"10.0";"None";"RUE BAVASTRO";"0670";"06300";"06088";"Nice";"06";"None";"None";"06088000KO0180";"None";"None";"8";"101.85";"9";"101.85";"None";"nan";"None";"nan";"None";"nan";"2";"2";"Appartement";"92.0";"5.0";"None";"None";"None";"None";"nan";"7.285175";"43.700193";"000KO"
"2024-52546";"2024-11-14";"1";"Vente";"234500.0";"17.0";"None";"RUE CASSINI";"1180";"06300";"06088";"Nice";"06";"None";"None";"06088000KO0200";"None";"None";"29";"nan";"None";"nan";"None";"nan";"None";"nan";"None";"nan";"1";"2";"Appartement";"28.0";"2.0";"None";"None";"None";"None";"nan";"7.283796";"43.699114";"000KO"
"2024-54870";"2024-11-14";"1";"Adjudication";"702000.0";"13.0";"None";"RUE CASSINI";"1180";"06300";"06088";"Nice";"06";"None";"None";"06088000KO0256";"None";"None";"19";"nan";"None";"nan";"None";"nan";"None";"nan";"None";"nan";"1";"2";"Appartement";"154.0";"5.0";"None";"None";"None";"None";"nan";"7.282938";"43.699674";"000KO"
"2024-52510";"2024-11-13";"1";"Vente";"180000.0";"42.0";"None";"RUE BONAPARTE";"0885";"06300";"06088";"Nice";"06";"None";"None";"06088000KO0161";"None";"None";"25";"35.59";"None";"nan";"None";"nan";"None";"nan";"None";"nan";"1";"2";"Appartement";"33.0";"2.0";"None";"None";"None";"None";"nan";"7.285774";"43.700272";"000KO"
"2024-52516";"2024-11-13";"1";"Vente";"350000.0";"15.0";"None";"RUE LASCARIS";"3570";"06300";"06088";"Nice";"06";"None";"None";"06088000KO0179";"None";"None";"17";"nan";"None";"nan";"None";"nan";"None";"nan";"None";"nan";"1";"2";"Appartement";"55.0";"3.0";"None";"None";"None";"None";"nan";"7.284884";"43.700167";"000KO"
"2024-52867";"2024-11-13";"1";"Vente";"202000.0";"47.0";"None";"RUE BONAPARTE";"0885";"06300";"06088";"Nice";"06";"None";"None";"06088000KO0100";"None";"None";"17";"nan";"None";"nan";"None";"nan";"None";"nan";"None";"nan";"1";"2";"Appartement";"30.0";"2.0";"None";"None";"None";"None";"nan";"7.285794";"43.700637";"000KO"
"2024-52423";"2024-11-12";"1";"Vente";"225000.0";"5.0";"None";"RUE BOYER";"0945";"06300";"06088";"Nice";"06";"None";"None";"06088000KO0059";"None";"None";"13";"nan";"7";"nan";"None";"nan";"None";"nan";"None";"nan";"2";"2";"Appartement";"39.0";"2.0";"None";"None";"None";"None";"nan";"7.282093";"43.701287";"000KO"
"2024-52859";"2024-11-12";"1";"Vente";"182000.0";"14.0";"None";"RUE ARSON";"0390";"06300";"06088";"Nice";"06";"None";"None";"06088000KO0120";"None";"None";"8";"nan";"None";"nan";"None";"nan";"None";"nan";"None";"nan";"1";"2";"Appartement";"45.0";"3.0";"None";"None";"None";"None";"nan";"7.286804";"43.699938";"000KO"
"2024-52859";"2024-11-12";"1";"Vente";"182000.0";"14.0";"None";"RUE ARSON";"0390";"06300";"06088";"Nice";"06";"None";"None";"06088000KO0120";"None";"None";"8";"nan";"None";"nan";"None";"nan";"None";"nan";"None";"nan";"1";"3";"Dépendance";"nan";"0.0";"None";"None";"None";"None";"nan";"7.286804";"43.699938";"000KO"
"2024-52293";"2024-10-30";"1";"Vente";"182000.0";"38.0";"None";"RUE BONAPARTE";"0885";"06300";"06088";"Nice";"06";"None";"None";"06088000KO0167";"None";"None";"12";"nan";"28";"nan";"None";"nan";"None";"nan";"None";"nan";"2";"2";"Appartement";"37.0";"2.0";"None";"None";"None";"None";"nan";"7.285267";"43.700406";"000KO"
"2024-51878";"2024-10-24";"1";"Vente";"112000.0";"42.0";"None";"RUE BONAPARTE";"0885";"06300";"06088";"Nice";"06";"None";"None";"06088000KO0161";"None";"None";"10";"14.41";"None";"nan";"None";"nan";"None";"nan";"None";"nan";"1";"2";"Appartement";"17.0";"1.0";"None";"None";"None";"None";"nan";"7.285774";"43.700272";"000KO"
"2024-52049";"2024-10-23";"1";"Vente";"181200.0";"5.0";"None";"RUE FRANCOIS GUISOL";"2635";"06300";"06088";"Nice";"06";"None";"None";"06088000KO0083";"None";"None";"26";"nan";"None";"nan";"None";"nan";"None";"nan";"None";"nan";"1";"2";"Appartement";"65.0";"2.0";"None";"None";"None";"None";"nan";"7.284553";"43.700835";"000KO"
"2024-51751";"2024-10-16";"1";"Vente";"620000.0";"19.0";"T";"RUE FODERE";"2495";"06300";"06088";"Nice";"06";"None";"None";"06088000KO0131";"None";"None";"257";"nan";"None";"nan";"None";"nan";"None";"nan";"None";"nan";"1";"2";"Appartement";"97.0";"4.0";"None";"None";"None";"None";"nan";"7.286876";"43.699236";"000KO"
"2024-51751";"2024-10-16";"1";"Vente";"620000.0";"19.0";"None";"RUE FODERE";"2495";"06300";"06088";"Nice";"06";"None";"None";"06088000KO0131";"None";"None";"159";"nan";"None";"nan";"None";"nan";"None";"nan";"None";"nan";"1";"3";"Dépendance";"nan";"0.0";"None";"None";"None";"None";"nan";"7.286876";"43.699236";"000KO"
"2024-50719";"2024-10-08";"1";"Vente";"75000.0";"13.0";"None";"RUE LASCARIS";"3570";"06300";"06088";"Nice";"06";"None";"None";"06088000KO0179";"None";"None";"34";"nan";"None";"nan";"None";"nan";"None";"nan";"None";"nan";"1";"3";"Dépendance";"nan";"0.0";"None";"None";"None";"None";"nan";"7.284884";"43.700167";"000KO"
"2024-50528";"2024-10-01";"1";"Vente";"150000.0";"2.0";"None";"RUE EMMANUEL PHILIBERT";"2295";"06300";"06088";"Nice";"06";"None";"None";"06088000KO0356";"None";"None";"208";"nan";"None";"nan";"None";"nan";"None";"nan";"None";"nan";"1";"2";"Appartement";"29.0";"1.0";"None";"None";"None";"None";"nan";"7.283146";"43.701514";"000KO"
"2024-50897";"2024-10-01";"1";"Vente";"315000.0";"19.0";"T";"RUE FODERE";"2495";"06300";"06088";"Nice";"06";"None";"None";"06088000KO0131";"None";"None";"219";"nan";"None";"nan";"None";"nan";"None";"nan";"None";"nan";"1";"2";"Appartement";"60.0";"2.0";"None";"None";"None";"None";"nan";"7.286876";"43.699236";"000KO"
"2024-50528";"2024-10-01";"1";"Vente";"150000.0";"2.0";"None";"RUE EMMANUEL PHILIBERT";"2295";"06300";"06088";"Nice";"06";"None";"None";"06088000KO0356";"None";"None";"208";"nan";"None";"nan";"None";"nan";"None";"nan";"None";"nan";"1";"3";"Dépendance";"nan";"0.0";"None";"None";"None";"None";"nan";"7.283146";"43.701514";"000KO"
"2024-50897";"2024-10-01";"1";"Vente";"315000.0";"19.0";"T";"RUE FODERE";"2495";"06300";"06088";"Nice";"06";"None";"None";"06088000KO0131";"None";"None";"219";"nan";"None";"nan";"None";"nan";"None";"nan";"None";"nan";"1";"3";"Dépendance";"nan";"0.0";"None";"None";"None";"None";"nan";"7.286876";"43.699236";"000KO"
"2024-50910";"2024-10-01";"1";"Vente";"40000.0";"9.0";"None";"RUE ARSON";"0390";"06300";"06088";"Nice";"06";"None";"None";"06088000KO0156";"None";"None";"35";"nan";"None";"nan";"None";"nan";"None";"nan";"None";"nan";"1";"3";"Dépendance";"nan";"0.0";"None";"None";"None";"None";"nan";"7.28639";"43.700127";"000KO"
"2024-50297";"2024-09-27";"1";"Vente";"190000.0";"46.0";"B";"RUE BONAPARTE";"0885";"06300";"06088";"Nice";"06";"None";"None";"06088000KO0158";"None";"None";"11";"30.17";"None";"nan";"None";"nan";"None";"nan";"None";"nan";"1";"2";"Appartement";"30.0";"2.0";"None";"None";"None";"None";"nan";"7.286221";"43.700253";"000KO"
"2024-51094";"2024-09-27";"1";"Vente";"295000.0";"11.0";"None";"RUE FRANCOIS GUISOL";"2635";"06300";"06088";"Nice";"06";"None";"None";"06088000KO0314";"None";"None";"32";"nan";"None";"nan";"None";"nan";"None";"nan";"None";"nan";"1";"2";"Appartement";"72.0";"3.0";"None";"None";"None";"None";"nan";"7.28448";"43.700301";"000KO"
"2024-51094";"2024-09-27";"1";"Vente";"295000.0";"11.0";"None";"RUE FRANCOIS GUISOL";"2635";"06300";"06088";"Nice";"06";"None";"None";"06088000KO0314";"None";"None";"32";"nan";"None";"nan";"None";"nan";"None";"nan";"None";"nan";"1";"3";"Dépendance";"nan";"0.0";"None";"None";"None";"None";"nan";"7.28448";"43.700301";"000KO"
"2024-49812";"2024-09-20";"1";"Vente";"237000.0";"15.0";"None";"RUE CASSINI";"1180";"06300";"06088";"Nice";"06";"None";"None";"06088000KO0375";"None";"None";"20";"nan";"None";"nan";"None";"nan";"None";"nan";"None";"nan";"1";"2";"Appartement";"27.0";"1.0";"None";"None";"None";"None";"nan";"7.283577";"43.699279";"000KO"
"2024-49750";"2024-09-18";"1";"Vente";"630000.0";"13.0";"None";"RUE BAVASTRO";"0670";"06300";"06088";"Nice";"06";"None";"None";"06088000KO0163";"None";"None";"17";"82.4";"None";"nan";"None";"nan";"None";"nan";"None";"nan";"1";"2";"Appartement";"72.0";"4.0";"None";"None";"None";"None";"nan";"7.285644";"43.700082";"000KO"
"2024-50356";"2024-09-13";"1";"Vente";"168000.0";"2.0";"None";"RUE EMMANUEL PHILIBERT";"2295";"06300";"06088";"Nice";"06";"None";"None";"06088000KO0356";"None";"None";"228";"28.54";"None";"nan";"None";"nan";"None";"nan";"None";"nan";"1";"2";"Appartement";"29.0";"1.0";"None";"None";"None";"None";"nan";"7.283146";"43.701514";"000KO"
"2024-50356";"2024-09-13";"1";"Vente";"168000.0";"2.0";"None";"RUE EMMANUEL PHILIBERT";"2295";"06300";"06088";"Nice";"06";"None";"None";"06088000KO0356";"None";"None";"228";"28.54";"None";"nan";"None";"nan";"None";"nan";"None";"nan";"1";"3";"Dépendance";"nan";"0.0";"None";"None";"None";"None";"nan";"7.283146";"43.701514";"000KO"
"2024-49310";"2024-09-11";"1";"Vente";"201000.0";"41.0";"None";"RUE BONAPARTE";"0885";"06300";"06088";"Nice";"06";"None";"None";"06088000KO0303";"None";"None";"5";"42.3";"None";"nan";"None";"nan";"None";"nan";"None";"nan";"1";"2";"Appartement";"42.0";"2.0";"None";"None";"None";"None";"nan";"7.285161";"43.700677";"000KO"
"2024-49572";"2024-09-06";"1";"Vente";"180500.0";"11.0";"None";"RUE BOYER";"0945";"06300";"06088";"Nice";"06";"None";"None";"06088000KO0043";"None";"None";"15";"nan";"None";"nan";"None";"nan";"None";"nan";"None";"nan";"1";"2";"Appartement";"25.0";"1.0";"None";"None";"None";"None";"nan";"7.282096";"43.700937";"000KO"
"2024-49639";"2024-09-06";"1";"Vente";"831350.0";"38.0";"None";"RUE CATHERINE SEGURANE";"1192";"06300";"06088";"Nice";"06";"None";"None";"06088000KO0228";"None";"None";"23";"84.11";"None";"nan";"None";"nan";"None";"nan";"None";"nan";"1";"2";"Appartement";"81.0";"4.0";"None";"None";"None";"None";"nan";"7.282882";"43.697536";"000KO"
"2024-49639";"2024-09-06";"1";"Vente";"831350.0";"38.0";"None";"RUE CATHERINE SEGURANE";"1192";"06300";"06088";"Nice";"06";"None";"None";"06088000KO0228";"None";"None";"23";"84.11";"None";"nan";"None";"nan";"None";"nan";"None";"nan";"1";"3";"Dépendance";"nan";"0.0";"None";"None";"None";"None";"nan";"7.282882";"43.697536";"000KO"
"2024-49247";"2024-09-05";"1";"Vente";"286500.0";"2.0";"None";"RUE ANTOINE GAUTIER";"0265";"06300";"06088";"Nice";"06";"None";"None";"06088000KO0225";"None";"None";"23";"nan";"None";"nan";"None";"nan";"None";"nan";"None";"nan";"1";"2";"Appartement";"110.0";"4.0";"None";"None";"None";"None";"nan";"7.28255";"43.698408";"000KO"
"2024-49187";"2024-09-04";"1";"Vente";"435000.0";"10.0";"None";"RUE LASCARIS";"3570";"06300";"06088";"Nice";"06";"None";"None";"06088000KO0183";"None";"None";"15";"nan";"None";"nan";"None";"nan";"None";"nan";"None";"nan";"1";"2";"Appartement";"40.0";"3.0";"None";"None";"None";"None";"nan";"7.284989";"43.699719";"000KO"
"2024-49187";"2024-09-04";"1";"Vente";"435000.0";"10.0";"None";"RUE LASCARIS";"3570";"06300";"06088";"Nice";"06";"None";"None";"06088000KO0183";"None";"None";"14";"nan";"29";"nan";"None";"nan";"None";"nan";"None";"nan";"2";"2";"Appartement";"48.0";"3.0";"None";"None";"None";"None";"nan";"7.284989";"43.699719";"000KO"
"2024-49093";"2024-09-03";"1";"Vente";"714715.0";"18.0";"None";"RUE CASSINI";"1180";"06300";"06088";"Nice";"06";"None";"None";"06088000KO0244";"None";"None";"9";"nan";"None";"nan";"None";"nan";"None";"nan";"None";"nan";"1";"2";"Appartement";"129.0";"5.0";"None";"None";"None";"None";"nan";"7.282555";"43.699433";"000KO"
"2024-49270";"2024-09-03";"1";"Vente";"394522.0";"14.0";"None";"RUE PAPON";"4690";"06300";"06088";"Nice";"06";"None";"None";"06088000KO0055";"None";"None";"17";"92.51";"5";"nan";"None";"nan";"None";"nan";"None";"nan";"2";"2";"Appartement";"99.0";"4.0";"None";"None";"None";"None";"nan";"7.282693";"43.701134";"000KO"
"2024-49093";"2024-09-03";"1";"Vente";"714715.0";"18.0";"None";"RUE CASSINI";"1180";"06300";"06088";"Nice";"06";"None";"None";"06088000KO0244";"None";"None";"9";"nan";"None";"nan";"None";"nan";"None";"nan";"None";"nan";"1";"3";"Dépendance";"nan";"0.0";"None";"None";"None";"None";"nan";"7.282555";"43.699433";"000KO"
"2024-49270";"2024-09-03";"1";"Vente";"394522.0";"14.0";"None";"RUE PAPON";"4690";"06300";"06088";"Nice";"06";"None";"None";"06088000KO0055";"None";"None";"17";"92.51";"5";"nan";"None";"nan";"None";"nan";"None";"nan";"2";"3";"Dépendance";"nan";"0.0";"None";"None";"None";"None";"nan";"7.282693";"43.701134";"000KO"
"2024-49569";"2024-09-02";"1";"Vente";"77000.0";"14.0";"None";"RUE ARSON";"0390";"06300";"06088";"Nice";"06";"None";"None";"06088000KO0120";"None";"None";"14";"nan";"None";"nan";"None";"nan";"None";"nan";"None";"nan";"1";"2";"Appartement";"15.0";"1.0";"None";"None";"None";"None";"nan";"7.286804";"43.699938";"000KO"
"2024-48885";"2024-08-29";"1";"Vente";"195000.0";"16.0";"None";"RUE FODERE";"2495";"06300";"06088";"Nice";"06";"None";"None";"06088000KO0134";"None";"None";"28";"nan";"None";"nan";"None";"nan";"None";"nan";"None";"nan";"1";"2";"Appartement";"22.0";"1.0";"None";"None";"None";"None";"nan";"7.286825";"43.698829";"000KO"
"2024-48706";"2024-08-09";"1";"Vente";"300000.0";"2.0";"None";"RUE FRANCOIS GUISOL";"2635";"06300";"06088";"Nice";"06";"None";"None";"06088000KO0071";"None";"None";"11";"57.84";"None";"nan";"None";"nan";"None";"nan";"None";"nan";"1";"2";"Appartement";"64.0";"2.0";"None";"None";"None";"None";"nan";"7.284112";"43.701239";"000KO"
"2024-49265";"2024-08-09";"1";"Vente";"575000.0";"8.0";"None";"RUE BONAPARTE";"0885";"06300";"06088";"Nice";"06";"None";"None";"06088000KO0264";"None";"None";"17";"87.57";"None";"nan";"None";"nan";"None";"nan";"None";"nan";"1";"2";"Appartement";"84.0";"5.0";"None";"None";"None";"None";"nan";"7.282303";"43.700596";"000KO"
"2024-49265";"2024-08-09";"1";"Vente";"575000.0";"8.0";"None";"RUE BONAPARTE";"0885";"06300";"06088";"Nice";"06";"None";"None";"06088000KO0264";"None";"None";"22";"nan";"None";"nan";"None";"nan";"None";"nan";"None";"nan";"1";"3";"Dépendance";"nan";"0.0";"None";"None";"None";"None";"nan";"7.282303";"43.700596";"000KO"
"2024-48358";"2024-08-07";"1";"Vente";"565000.0";"2.0";"None";"RUE ARSON";"0390";"06300";"06088";"Nice";"06";"None";"None";"06088000KO0138";"None";"None";"40";"82.07";"None";"nan";"None";"nan";"None";"nan";"None";"nan";"1";"2";"Appartement";"70.0";"3.0";"None";"None";"None";"None";"nan";"7.286662";"43.698643";"000KO"
"2024-48462";"2024-08-07";"1";"Vente";"193500.0";"8.0";"None";"RUE MARTIN SEYTOUR";"4085";"06300";"06088";"Nice";"06";"None";"None";"06088000KO0267";"None";"None";"23";"61.7";"None";"nan";"None";"nan";"None";"nan";"None";"nan";"1";"2";"Appartement";"61.0";"1.0";"None";"None";"None";"None";"nan";"7.282151";"43.700281";"000KO"
"2024-48588";"2024-08-07";"1";"Vente";"273000.0";"1.0";"None";"RUE BOYER";"0945";"06300";"06088";"Nice";"06";"None";"None";"06088000KO0061";"None";"None";"39";"nan";"83";"44.6";"None";"nan";"None";"nan";"None";"nan";"2";"2";"Appartement";"48.0";"2.0";"None";"None";"None";"None";"nan";"7.282143";"43.701676";"000KO"
"2024-48588";"2024-08-07";"1";"Vente";"273000.0";"1.0";"None";"RUE BOYER";"0945";"06300";"06088";"Nice";"06";"None";"None";"06088000KO0061";"None";"None";"39";"nan";"83";"44.6";"None";"nan";"None";"nan";"None";"nan";"2";"3";"Dépendance";"nan";"0.0";"None";"None";"None";"None";"nan";"7.282143";"43.701676";"000KO"
"2024-48612";"2024-08-02";"1";"Vente";"470000.0";"13.0";"None";"RUE BAVASTRO";"0670";"06300";"06088";"Nice";"06";"None";"None";"06088000KO0163";"None";"None";"30";"66.43";"None";"nan";"None";"nan";"None";"nan";"None";"nan";"1";"2";"Appartement";"60.0";"1.0";"None";"None";"None";"None";"nan";"7.285644";"43.700082";"000KO"
"2024-48950";"2024-08-02";"1";"Vente";"320000.0";"4.0";"None";"RUE CATHERINE SEGURANE";"1192";"06300";"06088";"Nice";"06";"None";"None";"06088000KO0288";"None";"None";"18";"nan";"None";"nan";"None";"nan";"None";"nan";"None";"nan";"1";"2";"Appartement";"80.0";"3.0";"None";"None";"None";"None";"nan";"7.281091";"43.699878";"000KO"
"2024-48612";"2024-08-02";"1";"Vente";"470000.0";"13.0";"None";"RUE BAVASTRO";"0670";"06300";"06088";"Nice";"06";"None";"None";"06088000KO0163";"None";"None";"30";"66.43";"None";"nan";"None";"nan";"None";"nan";"None";"nan";"1";"3";"Dépendance";"nan";"0.0";"None";"None";"None";"None";"nan";"7.285644";"43.700082";"000KO"
"2024-47968";"2024-08-02";"1";"Vente";"280000.0";"5.0";"None";"RUE CASSINI";"1180";"06300";"06088";"Nice";"06";"None";"None";"06088000KO0270";"None";"None";"1";"nan";"4";"nan";"None";"nan";"None";"nan";"None";"nan";"2";"4";"Local industriel. commercial ou assimilé";"49.0";"0.0";"None";"None";"None";"None";"nan";"7.281897";"43.700336";"000KO"
"2024-48176";"2024-07-31";"1";"Vente";"250000.0";"24.0";"None";"RUE BARLA";"0610";"06300";"06088";"Nice";"06";"None";"None";"06088000KO0089";"None";"None";"32";"40.2";"None";"nan";"None";"nan";"None";"nan";"None";"nan";"1";"2";"Appartement";"40.0";"2.0";"None";"None";"None";"None";"nan";"7.284853";"43.700997";"000KO"
"2024-48290";"2024-07-31";"1";"Vente";"260000.0";"7.0";"None";"RUE FRANCOIS GUISOL";"2635";"06300";"06088";"Nice";"06";"None";"None";"06088000KO0082";"None";"None";"18";"nan";"None";"nan";"None";"nan";"None";"nan";"None";"nan";"1";"2";"Appartement";"36.0";"2.0";"None";"None";"None";"None";"nan";"7.284511";"43.700735";"000KO"
"2024-48398";"2024-07-29";"1";"Vente";"455127.38";"16.0";"None";"RUE FODERE";"2495";"06300";"06088";"Nice";"06";"None";"None";"06088000KO0134";"None";"None";"30";"58.21";"None";"nan";"None";"nan";"None";"nan";"None";"nan";"1";"2";"Appartement";"57.0";"3.0";"None";"None";"None";"None";"nan";"7.286825";"43.698829";"000KO"
"2024-48397";"2024-07-29";"1";"Vente";"60000.0";"16.0";"None";"RUE FODERE";"2495";"06300";"06088";"Nice";"06";"None";"None";"06088000KO0134";"None";"None";"75";"nan";"None";"nan";"None";"nan";"None";"nan";"None";"nan";"1";"3";"Dépendance";"nan";"0.0";"None";"None";"None";"None";"nan";"7.286825";"43.698829";"000KO"
"2024-47767";"2024-07-26";"1";"Vente";"445000.0";"12.0";"None";"RUE FRANCOIS GUISOL";"2635";"06300";"06088";"Nice";"06";"None";"None";"06088000KO0207";"None";"None";"601";"nan";"None";"nan";"None";"nan";"None";"nan";"None";"nan";"1";"2";"Appartement";"61.0";"3.0";"None";"None";"None";"None";"nan";"7.283659";"43.700102";"000KO"
"2024-47929";"2024-07-26";"1";"Vente";"253850.0";"5.0";"None";"RUE EMMANUEL PHILIBERT";"2295";"06300";"06088";"Nice";"06";"None";"None";"06088000KO0073";"None";"None";"7";"31.01";"None";"nan";"None";"nan";"None";"nan";"None";"nan";"1";"2";"Appartement";"31.0";"2.0";"None";"None";"None";"None";"nan";"7.283428";"43.701032";"000KO"
"2024-48076";"2024-07-26";"1";"Vente";"200000.0";"4.0";"None";"RUE EMMANUEL PHILIBERT";"2295";"06300";"06088";"Nice";"06";"None";"None";"06088000KO0052";"None";"None";"117";"49.5";"118";"nan";"None";"nan";"None";"nan";"None";"nan";"2";"2";"Appartement";"40.0";"3.0";"None";"None";"None";"None";"nan";"7.283105";"43.701063";"000KO"
"2024-48504";"2024-07-26";"1";"Vente";"245000.0";"4.0";"None";"RUE EMMANUEL PHILIBERT";"2295";"06300";"06088";"Nice";"06";"None";"None";"06088000KO0052";"None";"None";"119";"nan";"None";"nan";"None";"nan";"None";"nan";"None";"nan";"1";"2";"Appartement";"33.0";"3.0";"None";"None";"None";"None";"nan";"7.283105";"43.701063";"000KO"
"2024-47765";"2024-07-26";"1";"Vente";"60000.0";"7.0";"T";"RUE EMMANUEL PHILIBERT";"2295";"06300";"06088";"Nice";"06";"None";"None";"06088000KO0207";"None";"None";"133";"nan";"None";"nan";"None";"nan";"None";"nan";"None";"nan";"1";"3";"Dépendance";"nan";"0.0";"None";"None";"None";"None";"nan";"7.283659";"43.700102";"000KO"
"2024-47600";"2024-07-24";"1";"Vente";"3550000.0";"18.0";"None";"RUE BONAPARTE";"0885";"06300";"06088";"Nice";"06";"None";"None";"06088000KO0210";"None";"None";"10";"nan";"None";"nan";"None";"nan";"None";"nan";"None";"nan";"1";"2";"Appartement";"44.0";"3.0";"None";"None";"None";"None";"nan";"7.283592";"43.700511";"000KO"
"2024-47600";"2024-07-24";"1";"Vente";"3550000.0";"18.0";"None";"RUE BONAPARTE";"0885";"06300";"06088";"Nice";"06";"None";"None";"06088000KO0210";"None";"None";"12";"nan";"7";"nan";"None";"nan";"None";"nan";"None";"nan";"2";"2";"Appartement";"48.0";"3.0";"None";"None";"None";"None";"nan";"7.283592";"43.700511";"000KO"
"2024-47600";"2024-07-24";"1";"Vente";"3550000.0";"18.0";"None";"RUE BONAPARTE";"0885";"06300";"06088";"Nice";"06";"None";"None";"06088000KO0210";"None";"None";"6";"nan";"None";"nan";"None";"nan";"None";"nan";"None";"nan";"1";"2";"Appartement";"44.0";"3.0";"None";"None";"None";"None";"nan";"7.283592";"43.700511";"000KO"
"2024-47600";"2024-07-24";"1";"Vente";"3550000.0";"18.0";"None";"RUE BONAPARTE";"0885";"06300";"06088";"Nice";"06";"None";"None";"06088000KO0210";"None";"None";"8";"nan";"None";"nan";"None";"nan";"None";"nan";"None";"nan";"1";"2";"Appartement";"48.0";"3.0";"None";"None";"None";"None";"nan";"7.283592";"43.700511";"000KO"
"2024-47600";"2024-07-24";"1";"Vente";"3550000.0";"18.0";"None";"RUE BONAPARTE";"0885";"06300";"06088";"Nice";"06";"None";"None";"06088000KO0210";"None";"None";"9";"nan";"None";"nan";"None";"nan";"None";"nan";"None";"nan";"1";"2";"Appartement";"47.0";"3.0";"None";"None";"None";"None";"nan";"7.283592";"43.700511";"000KO"
"2024-47600";"2024-07-24";"1";"Vente";"3550000.0";"18.0";"None";"RUE BONAPARTE";"0885";"06300";"06088";"Nice";"06";"None";"None";"06088000KO0210";"None";"None";"11";"nan";"None";"nan";"None";"nan";"None";"nan";"None";"nan";"1";"2";"Appartement";"49.0";"4.0";"None";"None";"None";"None";"nan";"7.283592";"43.700511";"000KO"
"2024-47600";"2024-07-24";"1";"Vente";"3550000.0";"18.0";"None";"RUE BONAPARTE";"0885";"06300";"06088";"Nice";"06";"None";"None";"06088000KO0210";"None";"None";"4";"nan";"None";"nan";"None";"nan";"None";"nan";"None";"nan";"1";"2";"Appartement";"32.0";"2.0";"None";"None";"None";"None";"nan";"7.283592";"43.700511";"000KO"
"2024-47600";"2024-07-24";"1";"Vente";"3550000.0";"18.0";"None";"RUE BONAPARTE";"0885";"06300";"06088";"Nice";"06";"None";"None";"06088000KO0210";"None";"None";"5";"nan";"None";"nan";"None";"nan";"None";"nan";"None";"nan";"1";"2";"Appartement";"22.0";"2.0";"None";"None";"None";"None";"nan";"7.283592";"43.700511";"000KO"
"2024-47600";"2024-07-24";"1";"Vente";"3550000.0";"18.0";"None";"RUE BONAPARTE";"0885";"06300";"06088";"Nice";"06";"None";"None";"06088000KO0210";"None";"None";"3";"nan";"None";"nan";"None";"nan";"None";"nan";"None";"nan";"1";"2";"Appartement";"33.0";"2.0";"None";"None";"None";"None";"nan";"7.283592";"43.700511";"000KO"
"2024-48062";"2024-07-24";"1";"Vente";"287000.0";"52.0";"None";"AV DE LA REPUBLIQUE";"5435";"06300";"06088";"Nice";"06";"None";"None";"06088000KO0018";"None";"None";"43";"48.2";"8";"nan";"None";"nan";"None";"nan";"None";"nan";"2";"2";"Appartement";"52.0";"3.0";"None";"None";"None";"None";"nan";"7.280415";"43.701997";"000KO"
"2024-48062";"2024-07-24";"1";"Vente";"287000.0";"52.0";"None";"AV DE LA REPUBLIQUE";"5435";"06300";"06088";"Nice";"06";"None";"None";"06088000KO0018";"None";"None";"43";"48.2";"8";"nan";"None";"nan";"None";"nan";"None";"nan";"2";"3";"Dépendance";"nan";"0.0";"None";"None";"None";"None";"nan";"7.280415";"43.701997";"000KO"
"2024-47600";"2024-07-24";"1";"Vente";"3550000.0";"18.0";"None";"RUE BONAPARTE";"0885";"06300";"06088";"Nice";"06";"None";"None";"06088000KO0210";"None";"None";"2";"nan";"None";"nan";"None";"nan";"None";"nan";"None";"nan";"1";"4";"Local industriel. commercial ou assimilé";"46.0";"0.0";"None";"None";"None";"None";"nan";"7.283592";"43.700511";"000KO"
"2024-47600";"2024-07-24";"1";"Vente";"3550000.0";"18.0";"None";"RUE BONAPARTE";"0885";"06300";"06088";"Nice";"06";"None";"None";"06088000KO0210";"None";"None";"1";"nan";"None";"nan";"None";"nan";"None";"nan";"None";"nan";"1";"4";"Local industriel. commercial ou assimilé";"40.0";"0.0";"None";"None";"None";"None";"nan";"7.283592";"43.700511";"000KO"
"2024-47826";"2024-07-23";"1";"Vente";"227000.0";"22.0";"None";"RUE BARLA";"0610";"06300";"06088";"Nice";"06";"None";"None";"06088000KO0088";"None";"None";"18";"nan";"None";"nan";"None";"nan";"None";"nan";"None";"nan";"1";"2";"Appartement";"42.0";"2.0";"None";"None";"None";"None";"nan";"7.284707";"43.701184";"000KO"
"2024-47942";"2024-07-19";"1";"Vente";"674000.0";"2.0";"None";"RUE PAPON";"4690";"06300";"06088";"Nice";"06";"None";"None";"06088000KO0029";"None";"None";"3";"nan";"None";"nan";"None";"nan";"None";"nan";"None";"nan";"1";"4";"Local industriel. commercial ou assimilé";"175.0";"0.0";"None";"None";"None";"None";"nan";"7.280925";"43.701622";"000KO"
"2024-47405";"2024-07-17";"1";"Vente";"152500.0";"18.0";"None";"RUE CATHERINE SEGURANE";"1192";"06300";"06088";"Nice";"06";"None";"None";"06088000KO0247";"None";"None";"73";"nan";"None";"nan";"None";"nan";"None";"nan";"None";"nan";"1";"2";"Appartement";"22.0";"1.0";"None";"None";"None";"None";"nan";"7.282009";"43.699371";"000KO"
"2024-47428";"2024-07-16";"1";"Vente";"571000.0";"3.0";"B";"RUE MARTIN SEYTOUR";"4085";"06300";"06088";"Nice";"06";"None";"None";"06088000KO0255";"None";"None";"28";"81.35";"None";"nan";"None";"nan";"None";"nan";"None";"nan";"1";"2";"Appartement";"102.0";"3.0";"None";"None";"None";"None";"nan";"7.28274";"43.699985";"000KO"
"2024-47381";"2024-07-12";"1";"Vente";"351000.0";"3.0";"None";"RUE EMMANUEL PHILIBERT";"2295";"06300";"06088";"Nice";"06";"None";"None";"06088000KO0069";"None";"None";"78";"nan";"None";"nan";"None";"nan";"None";"nan";"None";"nan";"1";"2";"Appartement";"100.0";"4.0";"None";"None";"None";"None";"nan";"7.283747";"43.701324";"000KO"
"2024-47064";"2024-07-09";"1";"Vente";"269000.0";"35.0";"None";"RUE BONAPARTE";"0885";"06300";"06088";"Nice";"06";"None";"None";"06088000KO0310";"None";"None";"7";"nan";"None";"nan";"None";"nan";"None";"nan";"None";"nan";"1";"2";"Appartement";"45.0";"3.0";"None";"None";"None";"None";"nan";"7.284691";"43.700721";"000KO"
"2024-47726";"2024-07-09";"1";"Vente";"150000.0";"31.0";"None";"RUE BONAPARTE";"0885";"06300";"06088";"Nice";"06";"None";"None";"06088000KO0081";"None";"None";"4";"nan";"None";"nan";"None";"nan";"None";"nan";"None";"nan";"1";"4";"Local industriel. commercial ou assimilé";"40.0";"0.0";"None";"None";"None";"None";"nan";"7.284048";"43.700751";"000KO"
"2024-46910";"2024-07-08";"1";"Vente";"754000.0";"25.0";"None";"RUE BONAPARTE";"0885";"06300";"06088";"Nice";"06";"None";"None";"06088000KO0075";"None";"None";"33";"nan";"61";"nan";"None";"nan";"None";"nan";"None";"nan";"2";"2";"Appartement";"80.0";"4.0";"None";"None";"None";"None";"nan";"7.283466";"43.700768";"000KO"
"2024-46910";"2024-07-08";"1";"Vente";"754000.0";"25.0";"None";"RUE BONAPARTE";"0885";"06300";"06088";"Nice";"06";"None";"None";"06088000KO0075";"None";"None";"33";"nan";"61";"nan";"None";"nan";"None";"nan";"None";"nan";"2";"3";"Dépendance";"nan";"0.0";"None";"None";"None";"None";"nan";"7.283466";"43.700768";"000KO"
"2024-46910";"2024-07-08";"1";"Vente";"754000.0";"24.0";"None";"RUE PASSERONI";"4830";"06300";"06088";"Nice";"06";"None";"None";"06088000KO0079";"None";"None";"5";"nan";"None";"nan";"None";"nan";"None";"nan";"None";"nan";"1";"3";"Dépendance";"nan";"0.0";"None";"None";"None";"None";"nan";"7.284111";"43.701031";"000KO"
"2024-46610";"2024-07-04";"1";"Vente";"115000.0";"1.0";"None";"PL ILE DE BEAUTE";"3265";"06300";"06088";"Nice";"06";"None";"None";"06088000KO0143";"None";"None";"144";"nan";"None";"nan";"None";"nan";"None";"nan";"None";"nan";"1";"2";"Appartement";"19.0";"1.0";"None";"None";"None";"None";"nan";"7.286121";"43.698823";"000KO"
"2024-46491";"2024-07-03";"1";"Vente";"80000.0";"7.0";"None";"RUE LASCARIS";"3570";"06300";"06088";"Nice";"06";"None";"None";"06088000KO0157";"None";"None";"50";"nan";"None";"nan";"None";"nan";"None";"nan";"None";"nan";"1";"3";"Dépendance";"nan";"0.0";"None";"None";"None";"None";"nan";"7.286135";"43.700096";"000KO"
"2024-47359";"2024-07-01";"1";"Vente";"500000.0";"6.0";"None";"RUE BONAPARTE";"0885";"06300";"06088";"Nice";"06";"None";"None";"06088000KO0360";"None";"None";"22";"nan";"None";"nan";"None";"nan";"None";"nan";"None";"nan";"1";"2";"Appartement";"74.0";"3.0";"None";"None";"None";"None";"nan";"7.28207";"43.700484";"000KO"
"2024-47359";"2024-07-01";"1";"Vente";"500000.0";"6.0";"None";"RUE BONAPARTE";"0885";"06300";"06088";"Nice";"06";"None";"None";"06088000KO0360";"None";"None";"22";"nan";"None";"nan";"None";"nan";"None";"nan";"None";"nan";"1";"3";"Dépendance";"nan";"0.0";"None";"None";"None";"None";"nan";"7.28207";"43.700484";"000KO"
"2024-47359";"2024-07-01";"1";"Vente";"500000.0";"4.0";"None";"RUE BONAPARTE";"0885";"06300";"06088";"Nice";"06";"None";"None";"06088000KO0365";"None";"None";"None";"nan";"None";"nan";"None";"nan";"None";"nan";"None";"nan";"0";"None";"None";"nan";"nan";"S";"sols";"None";"None";"25.0";"7.281925";"43.700458";"000KO"
"2024-54885";"2024-06-26";"1";"Vente";"214700.0";"42.0";"None";"RUE BONAPARTE";"0885";"06300";"06088";"Nice";"06";"None";"None";"06088000KO0161";"None";"None";"23";"nan";"None";"nan";"None";"nan";"None";"nan";"None";"nan";"1";"2";"Appartement";"33.0";"2.0";"None";"None";"None";"None";"nan";"7.285774";"43.700272";"000KO"
"2024-47056";"2024-06-26";"1";"Vente";"15000.0";"4.0";"None";"PAS CATHERINE SEGURANE";"1191";"06300";"06088";"Nice";"06";"None";"None";"06088000KO0281";"None";"None";"1";"nan";"None";"nan";"None";"nan";"None";"nan";"None";"nan";"1";"3";"Dépendance";"nan";"0.0";"None";"None";"None";"None";"nan";"7.28161";"43.699922";"000KO"
"2024-46198";"2024-06-25";"1";"Vente";"167700.0";"16.0";"None";"RUE FODERE";"2495";"06300";"06088";"Nice";"06";"None";"None";"06088000KO0134";"None";"None";"8";"nan";"None";"nan";"None";"nan";"None";"nan";"None";"nan";"1";"2";"Appartement";"21.0";"1.0";"None";"None";"None";"None";"nan";"7.286825";"43.698829";"000KO"
"2024-46234";"2024-06-20";"1";"Vente";"470000.0";"13.0";"None";"RUE FRANCOIS GUISOL";"2635";"06300";"06088";"Nice";"06";"None";"None";"06088000KO0187";"None";"None";"10";"nan";"None";"nan";"None";"nan";"None";"nan";"None";"nan";"1";"2";"Appartement";"91.0";"4.0";"None";"None";"None";"None";"nan";"7.284258";"43.699778";"000KO"
"2024-45737";"2024-06-18";"1";"Vente";"370000.0";"8.0";"None";"RUE BONAPARTE";"0885";"06300";"06088";"Nice";"06";"None";"None";"06088000KO0264";"None";"None";"17";"87.57";"None";"nan";"None";"nan";"None";"nan";"None";"nan";"1";"2";"Appartement";"84.0";"5.0";"None";"None";"None";"None";"nan";"7.282303";"43.700596";"000KO"
"2024-45737";"2024-06-18";"1";"Vente";"370000.0";"8.0";"None";"RUE BONAPARTE";"0885";"06300";"06088";"Nice";"06";"None";"None";"06088000KO0264";"None";"None";"22";"nan";"None";"nan";"None";"nan";"None";"nan";"None";"nan";"1";"3";"Dépendance";"nan";"0.0";"None";"None";"None";"None";"nan";"7.282303";"43.700596";"000KO"
"2024-45463";"2024-06-10";"1";"Vente";"475000.0";"36.0";"None";"RUE BONAPARTE";"0885";"06300";"06088";"Nice";"06";"None";"None";"06088000KO0169";"None";"None";"57";"77.57";"58";"nan";"None";"nan";"None";"nan";"None";"nan";"2";"2";"Appartement";"42.0";"1.0";"None";"None";"None";"None";"nan";"7.285123";"43.700355";"000KO"
"2024-45353";"2024-06-06";"1";"Vente";"220300.0";"9.0";"None";"RUE PAPON";"4690";"06300";"06088";"Nice";"06";"None";"None";"06088000KO0397";"None";"None";"52";"27.65";"None";"nan";"None";"nan";"None";"nan";"None";"nan";"1";"2";"Appartement";"27.0";"1.0";"None";"None";"None";"None";"nan";"7.282359";"43.701628";"000KO"
"2024-45368";"2024-06-06";"1";"Vente";"365000.0";"10.0";"None";"RUE BAVASTRO";"0670";"06300";"06088";"Nice";"06";"None";"None";"06088000KO0180";"None";"None";"16";"nan";"None";"nan";"None";"nan";"None";"nan";"None";"nan";"1";"2";"Appartement";"52.0";"3.0";"None";"None";"None";"None";"nan";"7.285175";"43.700193";"000KO"
"2024-45353";"2024-06-06";"1";"Vente";"220300.0";"9.0";"None";"RUE PAPON";"4690";"06300";"06088";"Nice";"06";"None";"None";"06088000KO0397";"None";"None";"52";"27.65";"None";"nan";"None";"nan";"None";"nan";"None";"nan";"1";"3";"Dépendance";"nan";"0.0";"None";"None";"None";"None";"nan";"7.282359";"43.701628";"000KO"
"2024-46310";"2024-06-06";"1";"Vente";"45000.0";"7.0";"T";"RUE EMMANUEL PHILIBERT";"2295";"06300";"06088";"Nice";"06";"None";"None";"06088000KO0207";"None";"None";"268";"nan";"None";"nan";"None";"nan";"None";"nan";"None";"nan";"1";"3";"Dépendance";"nan";"0.0";"None";"None";"None";"None";"nan";"7.283659";"43.700102";"000KO"
"2024-45077";"2024-06-04";"1";"Vente";"460000.0";"11.0";"None";"RUE EMMANUEL PHILIBERT";"2295";"06300";"06088";"Nice";"06";"None";"None";"06088000KO0401";"None";"None";"118";"nan";"None";"nan";"None";"nan";"None";"nan";"None";"nan";"1";"2";"Appartement";"72.0";"3.0";"None";"None";"None";"None";"nan";"7.283427";"43.699404";"000KO"
"2024-46043";"2024-06-03";"1";"Vente";"275000.0";"11.0";"None";"RUE FRANCOIS GUISOL";"2635";"06300";"06088";"Nice";"06";"None";"None";"06088000KO0314";"None";"None";"31";"64.59";"None";"nan";"None";"nan";"None";"nan";"None";"nan";"1";"2";"Appartement";"69.0";"3.0";"None";"None";"None";"None";"nan";"7.28448";"43.700301";"000KO"
"2024-45230";"2024-05-31";"1";"Vente";"317500.0";"20.0";"None";"RUE ARSON";"0390";"06300";"06088";"Nice";"06";"None";"None";"06088000KO0113";"None";"None";"13";"nan";"None";"nan";"None";"nan";"None";"nan";"None";"nan";"1";"2";"Appartement";"66.0";"3.0";"None";"None";"None";"None";"nan";"7.286875";"43.700237";"000KO"
"2024-45379";"2024-05-31";"1";"Vente";"225000.0";"6.0";"T";"RUE LASCARIS";"3570";"06300";"06088";"Nice";"06";"None";"None";"06088000KO0151";"None";"None";"31";"nan";"None";"nan";"None";"nan";"None";"nan";"None";"nan";"1";"2";"Appartement";"38.0";"2.0";"None";"None";"None";"None";"nan";"7.285555";"43.699712";"000KO"
"2024-45732";"2024-05-31";"1";"Vente";"750000.0";"3.0";"None";"RUE CASSINI";"1180";"06300";"06088";"Nice";"06";"None";"None";"06088000KO0272";"None";"None";"26";"157.9";"None";"nan";"None";"nan";"None";"nan";"None";"nan";"1";"4";"Local industriel. commercial ou assimilé";"157.0";"0.0";"None";"None";"None";"None";"nan";"7.281754";"43.700442";"000KO"
"2024-45001";"2024-05-30";"1";"Vente";"298800.0";"14.0";"None";"PL GARIBALDI";"2785";"06300";"06088";"Nice";"06";"None";"None";"06088000KO0032";"None";"None";"19";"91.03";"None";"nan";"None";"nan";"None";"nan";"None";"nan";"1";"2";"Appartement";"88.0";"4.0";"None";"None";"None";"None";"nan";"7.281061";"43.701237";"000KO"
"2024-45877";"2024-05-30";"1";"Vente";"177700.0";"5.0";"None";"RUE ARSON";"0390";"06300";"06088";"Nice";"06";"None";"None";"06088000KO0154";"None";"None";"101";"27.13";"None";"nan";"None";"nan";"None";"nan";"None";"nan";"1";"2";"Appartement";"27.0";"2.0";"None";"None";"None";"None";"nan";"7.286313";"43.699507";"000KO"
"2024-45001";"2024-05-30";"1";"Vente";"298800.0";"14.0";"None";"PL GARIBALDI";"2785";"06300";"06088";"Nice";"06";"None";"None";"06088000KO0032";"None";"None";"6";"nan";"None";"nan";"None";"nan";"None";"nan";"None";"nan";"1";"3";"Dépendance";"nan";"0.0";"None";"None";"None";"None";"nan";"7.281061";"43.701237";"000KO"
"2024-44911";"2024-05-29";"1";"Vente";"160000.0";"3.0";"None";"RUE MARTIN SEYTOUR";"4085";"06300";"06088";"Nice";"06";"None";"None";"06088000KO0255";"None";"None";"108";"nan";"None";"nan";"None";"nan";"None";"nan";"None";"nan";"1";"2";"Appartement";"20.0";"1.0";"None";"None";"None";"None";"nan";"7.28274";"43.699985";"000KO"
"2024-44788";"2024-05-27";"1";"Vente";"335000.0";"31.0";"None";"RUE BONAPARTE";"0885";"06300";"06088";"Nice";"06";"None";"None";"06088000KO0081";"None";"None";"11";"43.84";"None";"nan";"None";"nan";"None";"nan";"None";"nan";"1";"2";"Appartement";"44.0";"2.0";"None";"None";"None";"None";"nan";"7.284048";"43.700751";"000KO"
"2024-44982";"2024-05-27";"1";"Vente";"426520.0";"31.0";"None";"RUE BONAPARTE";"0885";"06300";"06088";"Nice";"06";"None";"None";"06088000KO0081";"None";"None";"8";"nan";"None";"nan";"None";"nan";"None";"nan";"None";"nan";"1";"2";"Appartement";"80.0";"3.0";"None";"None";"None";"None";"nan";"7.284048";"43.700751";"000KO"
"2024-44464";"2024-05-22";"1";"Vente";"178000.0";"52.0";"None";"AV DE LA REPUBLIQUE";"5435";"06300";"06088";"Nice";"06";"None";"None";"06088000KO0018";"None";"None";"46";"nan";"None";"nan";"None";"nan";"None";"nan";"None";"nan";"1";"2";"Appartement";"35.0";"2.0";"None";"None";"None";"None";"nan";"7.280415";"43.701997";"000KO"
"2024-44793";"2024-05-22";"1";"Vente";"180000.0";"14.0";"B";"RUE FRANCOIS GUISOL";"2635";"06300";"06088";"Nice";"06";"None";"None";"06088000KO0207";"None";"None";"395";"nan";"620";"nan";"None";"nan";"None";"nan";"None";"nan";"2";"2";"Appartement";"30.0";"1.0";"None";"None";"None";"None";"nan";"7.283659";"43.700102";"000KO"
"2024-44778";"2024-05-17";"1";"Vente";"46000.0";"9.0";"None";"RUE ARSON";"0390";"06300";"06088";"Nice";"06";"None";"None";"06088000KO0156";"None";"None";"24";"nan";"None";"nan";"None";"nan";"None";"nan";"None";"nan";"1";"3";"Dépendance";"nan";"0.0";"None";"None";"None";"None";"nan";"7.28639";"43.700127";"000KO"
"2024-44738";"2024-05-16";"1";"Vente";"220000.0";"9.0";"None";"RUE BOYER";"0945";"06300";"06088";"Nice";"06";"None";"None";"06088000KO0357";"None";"None";"4";"56.76";"None";"nan";"None";"nan";"None";"nan";"None";"nan";"1";"2";"Appartement";"55.0";"3.0";"None";"None";"None";"None";"nan";"7.282082";"43.701056";"000KO"
"2024-45060";"2024-05-16";"1";"Vente";"420000.0";"54.0";"None";"BD RISSO";"5490";"06300";"06088";"Nice";"06";"None";"None";"06088000KO0019";"None";"None";"90";"nan";"None";"nan";"None";"nan";"None";"nan";"None";"nan";"1";"2";"Appartement";"50.0";"2.0";"None";"None";"None";"None";"nan";"7.280193";"43.702316";"000KO"
"2024-45060";"2024-05-16";"1";"Vente";"420000.0";"54.0";"None";"BD RISSO";"5490";"06300";"06088";"Nice";"06";"None";"None";"06088000KO0019";"None";"None";"90";"nan";"None";"nan";"None";"nan";"None";"nan";"None";"nan";"1";"3";"Dépendance";"nan";"0.0";"None";"None";"None";"None";"nan";"7.280193";"43.702316";"000KO"
"2024-45060";"2024-05-16";"1";"Vente";"420000.0";"54.0";"None";"BD RISSO";"5490";"06300";"06088";"Nice";"06";"None";"None";"06088000KO0019";"None";"None";"90";"nan";"None";"nan";"None";"nan";"None";"nan";"None";"nan";"1";"3";"Dépendance";"nan";"0.0";"None";"None";"None";"None";"nan";"7.280193";"43.702316";"000KO"
"2024-45060";"2024-05-16";"1";"Vente";"420000.0";"54.0";"None";"BD RISSO";"5490";"06300";"06088";"Nice";"06";"None";"None";"06088000KO0019";"None";"None";"43";"nan";"None";"nan";"None";"nan";"None";"nan";"None";"nan";"1";"3";"Dépendance";"nan";"0.0";"None";"None";"None";"None";"nan";"7.280193";"43.702316";"000KO"
"2024-44566";"2024-05-15";"1";"Vente";"310000.0";"16.0";"B";"PL GARIBALDI";"2785";"06300";"06088";"Nice";"06";"None";"None";"06088000KO0035";"None";"None";"63";"nan";"None";"nan";"None";"nan";"None";"nan";"None";"nan";"1";"2";"Appartement";"60.0";"3.0";"None";"None";"None";"None";"nan";"7.281299";"43.700982";"000KO"
"2024-44715";"2024-05-15";"1";"Vente";"2250000.0";"18.0";"None";"RUE BONAPARTE";"0885";"06300";"06088";"Nice";"06";"None";"None";"06088000KO0210";"None";"None";"5";"nan";"None";"nan";"None";"nan";"None";"nan";"None";"nan";"1";"2";"Appartement";"22.0";"2.0";"None";"None";"None";"None";"nan";"7.283592";"43.700511";"000KO"
"2024-44715";"2024-05-15";"1";"Vente";"2250000.0";"18.0";"None";"RUE BONAPARTE";"0885";"06300";"06088";"Nice";"06";"None";"None";"06088000KO0210";"None";"None";"4";"nan";"None";"nan";"None";"nan";"None";"nan";"None";"nan";"1";"2";"Appartement";"32.0";"2.0";"None";"None";"None";"None";"nan";"7.283592";"43.700511";"000KO"
"2024-44715";"2024-05-15";"1";"Vente";"2250000.0";"18.0";"None";"RUE BONAPARTE";"0885";"06300";"06088";"Nice";"06";"None";"None";"06088000KO0210";"None";"None";"11";"nan";"None";"nan";"None";"nan";"None";"nan";"None";"nan";"1";"2";"Appartement";"49.0";"4.0";"None";"None";"None";"None";"nan";"7.283592";"43.700511";"000KO"
"2024-44715";"2024-05-15";"1";"Vente";"2250000.0";"18.0";"None";"RUE BONAPARTE";"0885";"06300";"06088";"Nice";"06";"None";"None";"06088000KO0210";"None";"None";"10";"nan";"None";"nan";"None";"nan";"None";"nan";"None";"nan";"1";"2";"Appartement";"44.0";"3.0";"None";"None";"None";"None";"nan";"7.283592";"43.700511";"000KO"
"2024-44715";"2024-05-15";"1";"Vente";"2250000.0";"18.0";"None";"RUE BONAPARTE";"0885";"06300";"06088";"Nice";"06";"None";"None";"06088000KO0210";"None";"None";"9";"nan";"None";"nan";"None";"nan";"None";"nan";"None";"nan";"1";"2";"Appartement";"47.0";"3.0";"None";"None";"None";"None";"nan";"7.283592";"43.700511";"000KO"
"2024-44715";"2024-05-15";"1";"Vente";"2250000.0";"18.0";"None";"RUE BONAPARTE";"0885";"06300";"06088";"Nice";"06";"None";"None";"06088000KO0210";"None";"None";"8";"nan";"None";"nan";"None";"nan";"None";"nan";"None";"nan";"1";"2";"Appartement";"48.0";"3.0";"None";"None";"None";"None";"nan";"7.283592";"43.700511";"000KO"
"2024-44715";"2024-05-15";"1";"Vente";"2250000.0";"18.0";"None";"RUE BONAPARTE";"0885";"06300";"06088";"Nice";"06";"None";"None";"06088000KO0210";"None";"None";"6";"nan";"None";"nan";"None";"nan";"None";"nan";"None";"nan";"1";"2";"Appartement";"44.0";"3.0";"None";"None";"None";"None";"nan";"7.283592";"43.700511";"000KO"
"2024-44715";"2024-05-15";"1";"Vente";"2250000.0";"18.0";"None";"RUE BONAPARTE";"0885";"06300";"06088";"Nice";"06";"None";"None";"06088000KO0210";"None";"None";"12";"nan";"7";"nan";"None";"nan";"None";"nan";"None";"nan";"2";"2";"Appartement";"48.0";"3.0";"None";"None";"None";"None";"nan";"7.283592";"43.700511";"000KO"
"2024-44715";"2024-05-15";"1";"Vente";"2250000.0";"18.0";"None";"RUE BONAPARTE";"0885";"06300";"06088";"Nice";"06";"None";"None";"06088000KO0210";"None";"None";"3";"nan";"None";"nan";"None";"nan";"None";"nan";"None";"nan";"1";"2";"Appartement";"33.0";"2.0";"None";"None";"None";"None";"nan";"7.283592";"43.700511";"000KO"
"2024-44872";"2024-05-15";"1";"Vente";"196000.0";"3.0";"None";"RUE FODERE";"2495";"06300";"06088";"Nice";"06";"None";"None";"06088000KO0190";"None";"None";"19";"nan";"None";"nan";"None";"nan";"None";"nan";"None";"nan";"1";"2";"Appartement";"22.0";"1.0";"None";"None";"None";"None";"nan";"7.284449";"43.699493";"000KO"
"2024-44715";"2024-05-15";"1";"Vente";"2250000.0";"18.0";"None";"RUE BONAPARTE";"0885";"06300";"06088";"Nice";"06";"None";"None";"06088000KO0210";"None";"None";"1";"nan";"None";"nan";"None";"nan";"None";"nan";"None";"nan";"1";"4";"Local industriel. commercial ou assimilé";"40.0";"0.0";"None";"None";"None";"None";"nan";"7.283592";"43.700511";"000KO"
"2024-44715";"2024-05-15";"1";"Vente";"2250000.0";"18.0";"None";"RUE BONAPARTE";"0885";"06300";"06088";"Nice";"06";"None";"None";"06088000KO0210";"None";"None";"2";"nan";"None";"nan";"None";"nan";"None";"nan";"None";"nan";"1";"4";"Local industriel. commercial ou assimilé";"46.0";"0.0";"None";"None";"None";"None";"nan";"7.283592";"43.700511";"000KO"
"2024-44716";"2024-05-14";"1";"Vente";"190000.0";"4.0";"None";"BD LECH WALESA";"3588";"06300";"06088";"Nice";"06";"None";"None";"06088000KO0117";"None";"None";"13";"nan";"None";"nan";"None";"nan";"None";"nan";"None";"nan";"1";"2";"Appartement";"36.0";"2.0";"None";"None";"None";"None";"nan";"7.287177";"43.700103";"000KO"
"2024-44467";"2024-05-07";"1";"Vente";"320000.0";"28.0";"None";"RUE BARLA";"0610";"06300";"06088";"Nice";"06";"None";"None";"06088000KO0095";"None";"None";"17";"nan";"18";"nan";"None";"nan";"None";"nan";"None";"nan";"2";"2";"Appartement";"49.0";"3.0";"None";"None";"None";"None";"nan";"7.285233";"43.700974";"000KO"
"2024-44219";"2024-04-30";"1";"Vente";"110000.0";"3.0";"None";"RUE EMMANUEL PHILIBERT";"2295";"06300";"06088";"Nice";"06";"None";"None";"06088000KO0069";"None";"None";"74";"nan";"None";"nan";"None";"nan";"None";"nan";"None";"nan";"1";"4";"Local industriel. commercial ou assimilé";"23.0";"0.0";"None";"None";"None";"None";"nan";"7.283747";"43.701324";"000KO"
"2024-44149";"2024-04-29";"1";"Vente";"420000.0";"20.0";"None";"BD LECH WALESA";"3588";"06300";"06088";"Nice";"06";"None";"None";"06088000KO0139";"None";"None";"31";"48.3";"None";"nan";"None";"nan";"None";"nan";"None";"nan";"1";"2";"Appartement";"52.0";"3.0";"None";"None";"None";"None";"nan";"7.286912";"43.69857";"000KO"
"2024-43947";"2024-04-26";"1";"Vente";"290000.0";"4.0";"None";"RUE LASCARIS";"3570";"06300";"06088";"Nice";"06";"None";"None";"06088000KO0127";"None";"None";"48";"52.75";"None";"nan";"None";"nan";"None";"nan";"None";"nan";"1";"2";"Appartement";"58.0";"2.0";"None";"None";"None";"None";"nan";"7.286779";"43.699575";"000KO"
"2024-44155";"2024-04-26";"1";"Vente";"360000.0";"11.0";"None";"RUE LASCARIS";"3570";"06300";"06088";"Nice";"06";"None";"None";"06088000KO0181";"None";"None";"22";"40.73";"None";"nan";"None";"nan";"None";"nan";"None";"nan";"1";"2";"Appartement";"44.0";"2.0";"None";"None";"None";"None";"nan";"7.285117";"43.700047";"000KO"
"2024-44451";"2024-04-25";"1";"Vente";"347115.0";"7.0";"B";"RUE EMMANUEL PHILIBERT";"2295";"06300";"06088";"Nice";"06";"None";"None";"06088000KO0212";"None";"None";"11";"nan";"None";"nan";"None";"nan";"None";"nan";"None";"nan";"1";"2";"Appartement";"61.0";"3.0";"None";"None";"None";"None";"nan";"7.283452";"43.70043";"000KO"
"2024-44451";"2024-04-25";"1";"Vente";"347115.0";"7.0";"B";"RUE EMMANUEL PHILIBERT";"2295";"06300";"06088";"Nice";"06";"None";"None";"06088000KO0212";"None";"None";"11";"nan";"None";"nan";"None";"nan";"None";"nan";"None";"nan";"1";"3";"Dépendance";"nan";"0.0";"None";"None";"None";"None";"nan";"7.283452";"43.70043";"000KO"
"2024-44121";"2024-04-24";"1";"Vente";"53000.0";"11.0";"None";"RUE PAPON";"4690";"06300";"06088";"Nice";"06";"None";"None";"06088000KO0356";"None";"None";"101";"10.0";"None";"nan";"None";"nan";"None";"nan";"None";"nan";"1";"3";"Dépendance";"nan";"0.0";"None";"None";"None";"None";"nan";"7.283146";"43.701514";"000KO"
"2024-43587";"2024-04-22";"1";"Vente";"405000.0";"36.0";"None";"RUE CATHERINE SEGURANE";"1192";"06300";"06088";"Nice";"06";"None";"None";"06088000KO0226";"None";"None";"18";"62.14";"None";"nan";"None";"nan";"None";"nan";"None";"nan";"1";"2";"Appartement";"68.0";"3.0";"None";"None";"None";"None";"nan";"7.282808";"43.697973";"000KO"
"2024-43960";"2024-04-19";"1";"Vente";"405000.0";"42.0";"None";"RUE BONAPARTE";"0885";"06300";"06088";"Nice";"06";"None";"None";"06088000KO0161";"None";"None";"13";"nan";"None";"nan";"None";"nan";"None";"nan";"None";"nan";"1";"2";"Appartement";"95.0";"4.0";"None";"None";"None";"None";"nan";"7.285774";"43.700272";"000KO"
"2024-43547";"2024-04-18";"1";"Vente";"262000.0";"14.0";"B";"RUE FRANCOIS GUISOL";"2635";"06300";"06088";"Nice";"06";"None";"None";"06088000KO0207";"None";"None";"156";"nan";"535";"nan";"None";"nan";"None";"nan";"None";"nan";"2";"2";"Appartement";"54.0";"2.0";"None";"None";"None";"None";"nan";"7.283659";"43.700102";"000KO"
"2024-43621";"2024-04-15";"1";"Vente";"166826.0";"18.0";"None";"RUE ARSON";"0390";"06300";"06088";"Nice";"06";"None";"None";"06088000KO0119";"None";"None";"5";"nan";"None";"nan";"None";"nan";"None";"nan";"None";"nan";"1";"2";"Appartement";"31.0";"1.0";"None";"None";"None";"None";"nan";"7.286903";"43.700034";"000KO"
"2024-43562";"2024-04-15";"1";"Vente";"307000.0";"4.0";"None";"RUE LASCARIS";"3570";"06300";"06088";"Nice";"06";"None";"None";"06088000KO0127";"None";"None";"27";"52.79";"None";"nan";"None";"nan";"None";"nan";"None";"nan";"1";"4";"Local industriel. commercial ou assimilé";"50.0";"0.0";"None";"None";"None";"None";"nan";"7.286779";"43.699575";"000KO"
"2024-43253";"2024-04-12";"1";"Vente";"130000.0";"3.0";"None";"RUE EMMANUEL PHILIBERT";"2295";"06300";"06088";"Nice";"06";"None";"None";"06088000KO0069";"None";"None";"81";"31.55";"None";"nan";"None";"nan";"None";"nan";"None";"nan";"1";"2";"Appartement";"31.0";"2.0";"None";"None";"None";"None";"nan";"7.283747";"43.701324";"000KO"
"2024-43457";"2024-04-12";"1";"Vente";"295000.0";"3.0";"None";"RUE FRANCOIS GUISOL";"2635";"06300";"06088";"Nice";"06";"None";"None";"06088000KO0084";"None";"None";"13";"40.07";"None";"nan";"None";"nan";"None";"nan";"None";"nan";"1";"2";"Appartement";"38.0";"2.0";"None";"None";"None";"None";"nan";"7.284552";"43.701007";"000KO"
"2024-43787";"2024-04-12";"1";"Vente";"240000.0";"18.0";"None";"RUE CATHERINE SEGURANE";"1192";"06300";"06088";"Nice";"06";"None";"None";"06088000KO0248";"None";"None";"5";"39.56";"None";"nan";"None";"nan";"None";"nan";"None";"nan";"1";"2";"Appartement";"38.0";"2.0";"None";"None";"None";"None";"nan";"7.281853";"43.699251";"000KO"
"2024-43593";"2024-04-11";"1";"Vente";"158000.0";"11.0";"None";"RUE LASCARIS";"3570";"06300";"06088";"Nice";"06";"None";"None";"06088000KO0181";"None";"None";"9";"nan";"None";"nan";"None";"nan";"None";"nan";"None";"nan";"1";"2";"Appartement";"31.0";"1.0";"None";"None";"None";"None";"nan";"7.285117";"43.700047";"000KO"
"2024-43681";"2024-04-11";"1";"Vente";"265000.0";"20.0";"None";"RUE ARSON";"0390";"06300";"06088";"Nice";"06";"None";"None";"06088000KO0113";"None";"None";"13";"nan";"None";"nan";"None";"nan";"None";"nan";"None";"nan";"1";"2";"Appartement";"66.0";"3.0";"None";"None";"None";"None";"nan";"7.286875";"43.700237";"000KO"
"2024-43646";"2024-04-05";"1";"Vente";"284000.0";"9.0";"B";"RUE EMMANUEL PHILIBERT";"2295";"06300";"06088";"Nice";"06";"None";"None";"06088000KO0213";"None";"None";"17";"nan";"19";"nan";"None";"nan";"None";"nan";"None";"nan";"2";"2";"Appartement";"35.0";"2.0";"None";"None";"None";"None";"nan";"7.283413";"43.699675";"000KO"
"2024-43646";"2024-04-05";"1";"Vente";"284000.0";"9.0";"B";"RUE EMMANUEL PHILIBERT";"2295";"06300";"06088";"Nice";"06";"None";"None";"06088000KO0213";"None";"None";"17";"nan";"19";"nan";"None";"nan";"None";"nan";"None";"nan";"2";"3";"Dépendance";"nan";"0.0";"None";"None";"None";"None";"nan";"7.283413";"43.699675";"000KO"
"2024-43010";"2024-04-04";"1";"Vente";"367250.0";"12.0";"None";"RUE EMMANUEL PHILIBERT";"2295";"06300";"06088";"Nice";"06";"None";"None";"06088000KO0257";"None";"None";"14";"69.42";"None";"nan";"None";"nan";"None";"nan";"None";"nan";"1";"2";"Appartement";"76.0";"4.0";"None";"None";"None";"None";"nan";"7.282991";"43.699873";"000KO"
"2024-42834";"2024-03-28";"1";"Vente";"400000.0";"41.0";"None";"AV DE LA REPUBLIQUE";"5435";"06300";"06088";"Nice";"06";"None";"None";"06088000KO0027";"None";"None";"10";"nan";"15";"59.37";"None";"nan";"None";"nan";"None";"nan";"2";"4";"Local industriel. commercial ou assimilé";"63.0";"0.0";"None";"None";"None";"None";"nan";"7.280891";"43.701737";"000KO"
"2024-42688";"2024-03-26";"1";"Vente";"105000.0";"12.0";"None";"RUE CASSINI";"1180";"06300";"06088";"Nice";"06";"None";"None";"06088000KO0282";"None";"None";"47";"nan";"None";"nan";"None";"nan";"None";"nan";"None";"nan";"1";"2";"Appartement";"14.0";"1.0";"None";"None";"None";"None";"nan";"7.281709";"43.699956";"000KO"
"2024-42476";"2024-03-25";"1";"Vente";"214875.0";"2.0";"None";"RUE FRANCOIS GUISOL";"2635";"06300";"06088";"Nice";"06";"None";"None";"06088000KO0071";"None";"None";"49";"41.82";"None";"nan";"None";"nan";"None";"nan";"None";"nan";"1";"2";"Appartement";"41.0";"2.0";"None";"None";"None";"None";"nan";"7.284112";"43.701239";"000KO"
"2024-42450";"2024-03-22";"1";"Vente";"250000.0";"20.0";"None";"RUE BONAPARTE";"0885";"06300";"06088";"Nice";"06";"None";"None";"06088000KO0209";"None";"None";"4";"nan";"None";"nan";"None";"nan";"None";"nan";"None";"nan";"1";"2";"Appartement";"43.0";"4.0";"None";"None";"None";"None";"nan";"7.283779";"43.700518";"000KO"
"2024-43139";"2024-03-20";"1";"Vente";"35000.0";"11.0";"None";"RUE PAPON";"4690";"06300";"06088";"Nice";"06";"None";"None";"06088000KO0356";"None";"None";"145";"nan";"None";"nan";"None";"nan";"None";"nan";"None";"nan";"1";"3";"Dépendance";"nan";"0.0";"None";"None";"None";"None";"nan";"7.283146";"43.701514";"000KO"
"2024-43178";"2024-03-20";"1";"Vente terrain à bâtir";"203040.0";"20.0";"None";"RUE CATHERINE SEGURANE";"1192";"06300";"06088";"Nice";"06";"None";"None";"06088000KO0305";"None";"2";"None";"nan";"None";"nan";"None";"nan";"None";"nan";"None";"nan";"0";"None";"None";"nan";"nan";"None";"None";"None";"None";"nan";"7.281932";"43.69891";"000KO"
"2024-42406";"2024-03-19";"1";"Vente";"1800000.0";"11.0";"None";"PL ILE DE BEAUTE";"3265";"06300";"06088";"Nice";"06";"None";"None";"06088000KO0197";"None";"None";"109";"227.07";"None";"nan";"None";"nan";"None";"nan";"None";"nan";"1";"2";"Appartement";"237.0";"6.0";"None";"None";"None";"None";"nan";"7.284449";"43.699004";"000KO"
"2024-42036";"2024-03-18";"1";"Vente";"275000.0";"5.0";"None";"RUE CASSINI";"1180";"06300";"06088";"Nice";"06";"None";"None";"06088000KO0270";"None";"None";"17";"40.07";"None";"nan";"None";"nan";"None";"nan";"None";"nan";"1";"2";"Appartement";"40.0";"2.0";"None";"None";"None";"None";"nan";"7.281897";"43.700336";"000KO"
"2024-42991";"2024-03-15";"1";"Vente";"134000.0";"42.0";"None";"RUE BONAPARTE";"0885";"06300";"06088";"Nice";"06";"None";"None";"06088000KO0161";"None";"None";"4";"17.51";"None";"nan";"None";"nan";"None";"nan";"None";"nan";"1";"2";"Appartement";"17.0";"1.0";"None";"None";"None";"None";"nan";"7.285774";"43.700272";"000KO"
"2024-42240";"2024-03-14";"1";"Vente";"135000.0";"2.0";"None";"RUE EMMANUEL PHILIBERT";"2295";"06300";"06088";"Nice";"06";"None";"None";"06088000KO0356";"None";"None";"231";"nan";"None";"nan";"None";"nan";"None";"nan";"None";"nan";"1";"2";"Appartement";"37.0";"2.0";"None";"None";"None";"None";"nan";"7.283146";"43.701514";"000KO"
"2024-42240";"2024-03-14";"1";"Vente";"135000.0";"2.0";"None";"RUE EMMANUEL PHILIBERT";"2295";"06300";"06088";"Nice";"06";"None";"None";"06088000KO0356";"None";"None";"231";"nan";"None";"nan";"None";"nan";"None";"nan";"None";"nan";"1";"3";"Dépendance";"nan";"0.0";"None";"None";"None";"None";"nan";"7.283146";"43.701514";"000KO"
"2024-41982";"2024-03-14";"1";"Vente";"290000.0";"2.0";"None";"RUE BOYER";"0945";"06300";"06088";"Nice";"06";"None";"None";"06088000KO0025";"None";"None";"22";"nan";"338";"nan";"None";"nan";"None";"nan";"None";"nan";"2";"4";"Local industriel. commercial ou assimilé";"67.0";"0.0";"None";"None";"None";"None";"nan";"7.281466";"43.701959";"000KO"
"2024-42646";"2024-03-13";"1";"Vente";"353000.0";"16.0";"B";"PL GARIBALDI";"2785";"06300";"06088";"Nice";"06";"None";"None";"06088000KO0035";"None";"None";"70";"nan";"None";"nan";"None";"nan";"None";"nan";"None";"nan";"1";"2";"Appartement";"60.0";"3.0";"None";"None";"None";"None";"nan";"7.281299";"43.700982";"000KO"
"2024-42117";"2024-03-08";"1";"Vente";"25000.0";"28.0";"None";"RUE BARLA";"0610";"06300";"06088";"Nice";"06";"None";"None";"06088000KO0095";"None";"None";"3";"nan";"None";"nan";"None";"nan";"None";"nan";"None";"nan";"1";"2";"Appartement";"30.0";"2.0";"None";"None";"None";"None";"nan";"7.285233";"43.700974";"000KO"
"2024-42254";"2024-03-08";"1";"Vente";"317200.0";"14.0";"None";"RUE LASCARIS";"3570";"06300";"06088";"Nice";"06";"None";"None";"06088000KO0185";"None";"None";"23";"nan";"74";"70.9";"None";"nan";"None";"nan";"None";"nan";"2";"2";"Appartement";"69.0";"3.0";"None";"None";"None";"None";"nan";"7.284693";"43.699689";"000KO"
"2024-42254";"2024-03-08";"1";"Vente";"317200.0";"14.0";"None";"RUE LASCARIS";"3570";"06300";"06088";"Nice";"06";"None";"None";"06088000KO0185";"None";"None";"23";"nan";"74";"70.9";"None";"nan";"None";"nan";"None";"nan";"2";"3";"Dépendance";"nan";"0.0";"None";"None";"None";"None";"nan";"7.284693";"43.699689";"000KO"
"2024-41823";"2024-03-07";"1";"Vente";"311985.0";"22.0";"None";"RUE EMMANUEL PHILIBERT";"2295";"06300";"06088";"Nice";"06";"None";"None";"06088000KO0226";"None";"None";"41";"nan";"None";"nan";"None";"nan";"None";"nan";"None";"nan";"1";"2";"Appartement";"52.0";"2.0";"None";"None";"None";"None";"nan";"7.282808";"43.697973";"000KO"
"2024-42052";"2024-03-06";"1";"Vente";"41500.0";"6.0";"None";"RUE PASSERONI";"4830";"06300";"06088";"Nice";"06";"None";"None";"06088000KO0069";"None";"None";"47";"nan";"None";"nan";"None";"nan";"None";"nan";"None";"nan";"1";"3";"Dépendance";"nan";"0.0";"None";"None";"None";"None";"nan";"7.283747";"43.701324";"000KO"
"2024-41873";"2024-02-28";"1";"Vente";"310000.0";"1.0";"None";"RUE FRANCOIS GUISOL";"2635";"06300";"06088";"Nice";"06";"None";"None";"06088000KO0087";"None";"None";"11";"63.7";"None";"nan";"None";"nan";"None";"nan";"None";"nan";"1";"2";"Appartement";"60.0";"3.0";"None";"None";"None";"None";"nan";"7.284554";"43.701221";"000KO"
"2024-41898";"2024-02-28";"1";"Vente";"175000.0";"6.0";"T";"RUE LASCARIS";"3570";"06300";"06088";"Nice";"06";"None";"None";"06088000KO0151";"None";"None";"25";"nan";"None";"nan";"None";"nan";"None";"nan";"None";"nan";"1";"2";"Appartement";"36.0";"2.0";"None";"None";"None";"None";"nan";"7.285555";"43.699712";"000KO"
"2024-41481";"2024-02-28";"1";"Vente";"50000.0";"12.0";"None";"RUE FODERE";"2495";"06300";"06088";"Nice";"06";"None";"None";"06088000KO0143";"None";"None";"37";"nan";"None";"nan";"None";"nan";"None";"nan";"None";"nan";"1";"3";"Dépendance";"nan";"0.0";"None";"None";"None";"None";"nan";"7.286121";"43.698823";"000KO"
"2024-41898";"2024-02-28";"1";"Vente";"175000.0";"6.0";"T";"RUE LASCARIS";"3570";"06300";"06088";"Nice";"06";"None";"None";"06088000KO0151";"None";"None";"13";"nan";"None";"nan";"None";"nan";"None";"nan";"None";"nan";"1";"3";"Dépendance";"nan";"0.0";"None";"None";"None";"None";"nan";"7.285555";"43.699712";"000KO"
"2024-41237";"2024-02-22";"1";"Vente";"106500.0";"12.0";"None";"RUE CASSINI";"1180";"06300";"06088";"Nice";"06";"None";"None";"06088000KO0282";"None";"None";"48";"nan";"None";"nan";"None";"nan";"None";"nan";"None";"nan";"1";"2";"Appartement";"14.0";"1.0";"None";"None";"None";"None";"nan";"7.281709";"43.699956";"000KO"
"2024-41341";"2024-02-21";"1";"Vente";"290000.0";"22.0";"None";"BD LECH WALESA";"3588";"06300";"06088";"Nice";"06";"None";"None";"06088000KO0140";"None";"None";"11";"46.82";"20";"nan";"None";"nan";"None";"nan";"None";"nan";"2";"2";"Appartement";"49.0";"3.0";"None";"None";"None";"None";"nan";"7.287025";"43.698426";"000KO"
"2024-41844";"2024-02-21";"1";"Vente";"200000.0";"46.0";"B";"RUE BONAPARTE";"0885";"06300";"06088";"Nice";"06";"None";"None";"06088000KO0158";"None";"None";"3";"37.59";"None";"nan";"None";"nan";"None";"nan";"None";"nan";"1";"2";"Appartement";"37.0";"2.0";"None";"None";"None";"None";"nan";"7.286221";"43.700253";"000KO"
"2024-41341";"2024-02-21";"1";"Vente";"290000.0";"22.0";"None";"BD LECH WALESA";"3588";"06300";"06088";"Nice";"06";"None";"None";"06088000KO0140";"None";"None";"11";"46.82";"20";"nan";"None";"nan";"None";"nan";"None";"nan";"2";"3";"Dépendance";"nan";"0.0";"None";"None";"None";"None";"nan";"7.287025";"43.698426";"000KO"
"2024-41034";"2024-02-16";"1";"Vente";"300000.0";"28.0";"None";"RUE BARLA";"0610";"06300";"06088";"Nice";"06";"None";"None";"06088000KO0095";"None";"None";"17";"nan";"19";"30.57";"None";"nan";"None";"nan";"None";"nan";"2";"2";"Appartement";"49.0";"3.0";"None";"None";"None";"None";"nan";"7.285233";"43.700974";"000KO"
"2024-41521";"2024-02-15";"1";"Vente";"39250.0";"10.0";"None";"RUE ARSON";"0390";"06300";"06088";"Nice";"06";"None";"None";"06088000KO0128";"None";"None";"25";"nan";"None";"nan";"None";"nan";"None";"nan";"None";"nan";"1";"3";"Dépendance";"nan";"0.0";"None";"None";"None";"None";"nan";"7.286804";"43.699453";"000KO"
"2024-41732";"2024-02-14";"1";"Vente";"467800.0";"7.0";"None";"RUE MARTIN SEYTOUR";"4085";"06300";"06088";"Nice";"06";"None";"None";"06088000KO0251";"None";"None";"7";"60.74";"None";"nan";"None";"nan";"None";"nan";"None";"nan";"1";"2";"Appartement";"64.0";"3.0";"None";"None";"None";"None";"nan";"7.281816";"43.699583";"000KO"
"2024-41739";"2024-02-14";"1";"Vente";"39500.0";"2.0";"None";"RUE BOYER";"0945";"06300";"06088";"Nice";"06";"None";"None";"06088000KO0025";"None";"None";"434";"nan";"None";"nan";"None";"nan";"None";"nan";"None";"nan";"1";"3";"Dépendance";"nan";"0.0";"None";"None";"None";"None";"nan";"7.281466";"43.701959";"000KO"
"2024-40965";"2024-02-12";"1";"Vente";"159000.0";"22.0";"None";"RUE EMMANUEL PHILIBERT";"2295";"06300";"06088";"Nice";"06";"None";"None";"06088000KO0226";"None";"None";"39";"nan";"None";"nan";"None";"nan";"None";"nan";"None";"nan";"1";"2";"Appartement";"49.0";"2.0";"None";"None";"None";"None";"nan";"7.282808";"43.697973";"000KO"
"2024-40864";"2024-02-09";"1";"Vente";"390040.0";"11.0";"None";"RUE PAPON";"4690";"06300";"06088";"Nice";"06";"None";"None";"06088000KO0356";"None";"None";"237";"nan";"7";"nan";"None";"nan";"None";"nan";"None";"nan";"2";"2";"Appartement";"62.0";"3.0";"None";"None";"None";"None";"nan";"7.283146";"43.701514";"000KO"
"2024-40864";"2024-02-09";"1";"Vente";"390040.0";"11.0";"None";"RUE PAPON";"4690";"06300";"06088";"Nice";"06";"None";"None";"06088000KO0356";"None";"None";"237";"nan";"7";"nan";"None";"nan";"None";"nan";"None";"nan";"2";"3";"Dépendance";"nan";"0.0";"None";"None";"None";"None";"nan";"7.283146";"43.701514";"000KO"
"2024-40864";"2024-02-09";"1";"Vente";"390040.0";"11.0";"None";"RUE PAPON";"4690";"06300";"06088";"Nice";"06";"None";"None";"06088000KO0356";"None";"None";"237";"nan";"7";"nan";"None";"nan";"None";"nan";"None";"nan";"2";"3";"Dépendance";"nan";"0.0";"None";"None";"None";"None";"nan";"7.283146";"43.701514";"000KO"
"2024-40864";"2024-02-09";"1";"Vente";"390040.0";"11.0";"None";"RUE PAPON";"4690";"06300";"06088";"Nice";"06";"None";"None";"06088000KO0356";"None";"None";"157";"nan";"None";"nan";"None";"nan";"None";"nan";"None";"nan";"1";"3";"Dépendance";"nan";"0.0";"None";"None";"None";"None";"nan";"7.283146";"43.701514";"000KO"
"2024-40575";"2024-02-06";"1";"Vente";"163000.0";"13.0";"None";"RUE LASCARIS";"3570";"06300";"06088";"Nice";"06";"None";"None";"06088000KO0179";"None";"None";"45";"27.72";"None";"nan";"None";"nan";"None";"nan";"None";"nan";"1";"2";"Appartement";"28.0";"2.0";"None";"None";"None";"None";"nan";"7.284884";"43.700167";"000KO"
"2024-40631";"2024-02-02";"1";"Vente";"615000.0";"2.0";"None";"RUE ARSON";"0390";"06300";"06088";"Nice";"06";"None";"None";"06088000KO0138";"None";"None";"23";"144.22";"None";"nan";"None";"nan";"None";"nan";"None";"nan";"1";"2";"Appartement";"99.0";"4.0";"None";"None";"None";"None";"nan";"7.286662";"43.698643";"000KO"
"2024-40631";"2024-02-02";"1";"Vente";"615000.0";"2.0";"None";"RUE ARSON";"0390";"06300";"06088";"Nice";"06";"None";"None";"06088000KO0138";"None";"None";"23";"144.22";"None";"nan";"None";"nan";"None";"nan";"None";"nan";"1";"4";"Local industriel. commercial ou assimilé";"200.0";"0.0";"None";"None";"None";"None";"nan";"7.286662";"43.698643";"000KO"
"2024-40807";"2024-01-31";"1";"Vente";"350000.0";"8.0";"None";"RUE BARLA";"0610";"06300";"06088";"Nice";"06";"None";"None";"06088000KO0025";"None";"None";"447";"nan";"7";"nan";"None";"nan";"None";"nan";"None";"nan";"2";"4";"Local industriel. commercial ou assimilé";"54.0";"0.0";"None";"None";"None";"None";"nan";"7.281466";"43.701959";"000KO"
"2024-40642";"2024-01-30";"1";"Vente";"395000.0";"43.0";"None";"AV DE LA REPUBLIQUE";"5435";"06300";"06088";"Nice";"06";"None";"None";"06088000KO0028";"None";"None";"77";"38.82";"None";"nan";"None";"nan";"None";"nan";"None";"nan";"1";"2";"Appartement";"44.0";"2.0";"None";"None";"None";"None";"nan";"7.280796";"43.701554";"000KO"
"2024-40826";"2024-01-30";"1";"Vente";"230000.0";"28.0";"None";"RUE BARLA";"0610";"06300";"06088";"Nice";"06";"None";"None";"06088000KO0095";"None";"None";"20";"nan";"21";"nan";"None";"nan";"None";"nan";"None";"nan";"2";"2";"Appartement";"48.0";"3.0";"None";"None";"None";"None";"nan";"7.285233";"43.700974";"000KO"
"2024-40902";"2024-01-30";"1";"Vente";"232500.0";"4.0";"None";"BD LECH WALESA";"3588";"06300";"06088";"Nice";"06";"None";"None";"06088000KO0117";"None";"None";"12";"50.44";"None";"nan";"None";"nan";"None";"nan";"None";"nan";"1";"2";"Appartement";"48.0";"3.0";"None";"None";"None";"None";"nan";"7.287177";"43.700103";"000KO"
"2024-40642";"2024-01-30";"1";"Vente";"395000.0";"43.0";"None";"AV DE LA REPUBLIQUE";"5435";"06300";"06088";"Nice";"06";"None";"None";"06088000KO0028";"None";"None";"77";"38.82";"None";"nan";"None";"nan";"None";"nan";"None";"nan";"1";"3";"Dépendance";"nan";"0.0";"None";"None";"None";"None";"nan";"7.280796";"43.701554";"000KO"
"2024-40826";"2024-01-30";"1";"Vente";"230000.0";"28.0";"None";"RUE BARLA";"0610";"06300";"06088";"Nice";"06";"None";"None";"06088000KO0095";"None";"None";"21";"nan";"None";"nan";"None";"nan";"None";"nan";"None";"nan";"1";"3";"Dépendance";"nan";"0.0";"None";"None";"None";"None";"nan";"7.285233";"43.700974";"000KO"
"2024-40143";"2024-01-20";"1";"Vente";"650000.0";"3.0";"None";"RUE CASSINI";"1180";"06300";"06088";"Nice";"06";"None";"None";"06088000KO0272";"None";"None";"18";"nan";"None";"nan";"None";"nan";"None";"nan";"None";"nan";"1";"2";"Appartement";"89.0";"3.0";"None";"None";"None";"None";"nan";"7.281754";"43.700442";"000KO"
"2024-40143";"2024-01-20";"1";"Vente";"650000.0";"3.0";"None";"RUE CASSINI";"1180";"06300";"06088";"Nice";"06";"None";"None";"06088000KO0272";"None";"None";"19";"nan";"None";"nan";"None";"nan";"None";"nan";"None";"nan";"1";"3";"Dépendance";"nan";"0.0";"None";"None";"None";"None";"nan";"7.281754";"43.700442";"000KO"
"2024-40119";"2024-01-19";"1";"Vente";"2300000.0";"16.0";"None";"RUE FRANCOIS GUISOL";"2635";"06300";"06088";"Nice";"06";"None";"None";"06088000KO0206";"None";"None";"None";"nan";"None";"nan";"None";"nan";"None";"nan";"None";"nan";"0";"4";"Local industriel. commercial ou assimilé";"370.0";"0.0";"S";"sols";"None";"None";"245.0";"7.283856";"43.699737";"000KO"
"2024-40049";"2024-01-18";"1";"Vente";"299800.0";"22.0";"None";"RUE BONAPARTE";"0885";"06300";"06088";"Nice";"06";"None";"None";"06088000KO0208";"None";"None";"8";"nan";"None";"nan";"None";"nan";"None";"nan";"None";"nan";"1";"2";"Appartement";"40.0";"3.0";"None";"None";"None";"None";"nan";"7.284025";"43.700502";"000KO"
"2024-39892";"2024-01-16";"1";"Vente";"110000.0";"2.0";"None";"RUE BARLA";"0610";"06300";"06088";"Nice";"06";"None";"None";"06088000KO0021";"None";"None";"2";"nan";"None";"nan";"None";"nan";"None";"nan";"None";"nan";"1";"4";"Local industriel. commercial ou assimilé";"132.0";"0.0";"None";"None";"None";"None";"nan";"7.280347";"43.702469";"000KO"
"2024-40112";"2024-01-15";"1";"Vente";"365000.0";"19.0";"T";"RUE FODERE";"2495";"06300";"06088";"Nice";"06";"None";"None";"06088000KO0131";"None";"None";"245";"52.75";"69";"nan";"None";"nan";"None";"nan";"None";"nan";"2";"2";"Appartement";"58.0";"2.0";"None";"None";"None";"None";"nan";"7.286876";"43.699236";"000KO"
"2024-40112";"2024-01-15";"1";"Vente";"365000.0";"19.0";"T";"RUE FODERE";"2495";"06300";"06088";"Nice";"06";"None";"None";"06088000KO0131";"None";"None";"245";"52.75";"69";"nan";"None";"nan";"None";"nan";"None";"nan";"2";"3";"Dépendance";"nan";"0.0";"None";"None";"None";"None";"nan";"7.286876";"43.699236";"000KO"
"2024-39725";"2024-01-12";"1";"Vente";"410000.0";"11.0";"None";"RUE PAPON";"4690";"06300";"06088";"Nice";"06";"None";"None";"06088000KO0356";"None";"None";"217";"62.9";"None";"nan";"None";"nan";"None";"nan";"None";"nan";"1";"2";"Appartement";"63.0";"3.0";"None";"None";"None";"None";"nan";"7.283146";"43.701514";"000KO"
"2024-39725";"2024-01-12";"1";"Vente";"410000.0";"11.0";"None";"RUE PAPON";"4690";"06300";"06088";"Nice";"06";"None";"None";"06088000KO0356";"None";"None";"217";"62.9";"None";"nan";"None";"nan";"None";"nan";"None";"nan";"1";"3";"Dépendance";"nan";"0.0";"None";"None";"None";"None";"nan";"7.283146";"43.701514";"000KO"
"2024-39834";"2024-01-11";"1";"Vente";"269000.0";"27.0";"None";"RUE BONAPARTE";"0885";"06300";"06088";"Nice";"06";"None";"None";"06088000KO0076";"None";"None";"11";"nan";"None";"nan";"None";"nan";"None";"nan";"None";"nan";"1";"2";"Appartement";"31.0";"2.0";"None";"None";"None";"None";"nan";"7.283648";"43.700845";"000KO"
"2024-40365";"2024-01-11";"1";"Vente";"203800.0";"38.0";"None";"RUE CATHERINE SEGURANE";"1192";"06300";"06088";"Nice";"06";"None";"None";"06088000KO0228";"None";"None";"34";"26.35";"None";"nan";"None";"nan";"None";"nan";"None";"nan";"1";"2";"Appartement";"29.0";"2.0";"None";"None";"None";"None";"nan";"7.282882";"43.697536";"000KO"
"2024-40625";"2024-01-10";"1";"Vente";"425000.0";"26.0";"None";"RUE CATHERINE SEGURANE";"1192";"06300";"06088";"Nice";"06";"None";"None";"06088000KO0232";"None";"None";"11";"113.05";"None";"nan";"None";"nan";"None";"nan";"None";"nan";"1";"2";"Appartement";"110.0";"4.0";"None";"None";"None";"None";"nan";"7.282073";"43.698537";"000KO"
"2024-39858";"2024-01-09";"1";"Vente";"180000.0";"16.0";"None";"RUE CASSINI";"1180";"06300";"06088";"Nice";"06";"None";"None";"06088000KO0298";"None";"None";"5";"66.94";"None";"nan";"None";"nan";"None";"nan";"None";"nan";"1";"2";"Appartement";"50.0";"3.0";"None";"None";"None";"None";"nan";"7.28231";"43.699625";"000KO"
"2024-39783";"2024-01-09";"1";"Vente";"38500.0";"7.0";"T";"RUE EMMANUEL PHILIBERT";"2295";"06300";"06088";"Nice";"06";"None";"None";"06088000KO0207";"None";"None";"234";"nan";"None";"nan";"None";"nan";"None";"nan";"None";"nan";"1";"3";"Dépendance";"nan";"0.0";"None";"None";"None";"None";"nan";"7.283659";"43.700102";"000KO"
"2023-59865";"2023-12-29";"1";"Vente";"367500.0";"25.0";"None";"RUE BONAPARTE";"0885";"06300";"06088";"Nice";"06";"None";"None";"06088000KO0075";"None";"None";"60";"nan";"None";"nan";"None";"nan";"None";"nan";"None";"nan";"1";"2";"Appartement";"58.0";"4.0";"None";"None";"None";"None";"nan";"7.283466";"43.700768";"000KO"
"2023-60062";"2023-12-29";"1";"Vente";"167700.0";"1.0";"None";"RUE EMMANUEL PHILIBERT";"2295";"06300";"06088";"Nice";"06";"None";"None";"06088000KO0068";"None";"None";"6";"nan";"None";"nan";"None";"nan";"None";"nan";"None";"nan";"1";"2";"Appartement";"40.0";"2.0";"None";"None";"None";"None";"nan";"7.283737";"43.701417";"000KO"
"2023-59865";"2023-12-29";"1";"Vente";"367500.0";"25.0";"None";"RUE BONAPARTE";"0885";"06300";"06088";"Nice";"06";"None";"None";"06088000KO0075";"None";"None";"60";"nan";"None";"nan";"None";"nan";"None";"nan";"None";"nan";"1";"3";"Dépendance";"nan";"0.0";"None";"None";"None";"None";"nan";"7.283466";"43.700768";"000KO"
"2023-60281";"2023-12-27";"1";"Vente";"200000.0";"16.0";"B";"PL GARIBALDI";"2785";"06300";"06088";"Nice";"06";"None";"None";"06088000KO0035";"None";"None";"61";"nan";"None";"nan";"None";"nan";"None";"nan";"None";"nan";"1";"2";"Appartement";"58.0";"2.0";"None";"None";"None";"None";"nan";"7.281299";"43.700982";"000KO"
"2023-60253";"2023-12-22";"1";"Vente";"225000.0";"5.0";"None";"RUE ARSON";"0390";"06300";"06088";"Nice";"06";"None";"None";"06088000KO0154";"None";"None";"9";"nan";"None";"nan";"None";"nan";"None";"nan";"None";"nan";"1";"2";"Appartement";"44.0";"3.0";"None";"None";"None";"None";"nan";"7.286313";"43.699507";"000KO"
"2023-60270";"2023-12-22";"1";"Vente";"300000.0";"8.0";"None";"RUE ARSON";"0390";"06300";"06088";"Nice";"06";"None";"None";"06088000KO0131";"None";"None";"249";"nan";"4";"nan";"None";"nan";"None";"nan";"None";"nan";"2";"2";"Appartement";"52.0";"2.0";"None";"None";"None";"None";"nan";"7.286876";"43.699236";"000KO"
"2023-60270";"2023-12-22";"1";"Vente";"300000.0";"8.0";"None";"RUE ARSON";"0390";"06300";"06088";"Nice";"06";"None";"None";"06088000KO0131";"None";"None";"249";"nan";"4";"nan";"None";"nan";"None";"nan";"None";"nan";"2";"3";"Dépendance";"nan";"0.0";"None";"None";"None";"None";"nan";"7.286876";"43.699236";"000KO"
"2023-60270";"2023-12-22";"1";"Vente";"300000.0";"8.0";"None";"RUE ARSON";"0390";"06300";"06088";"Nice";"06";"None";"None";"06088000KO0131";"None";"None";"249";"nan";"4";"nan";"None";"nan";"None";"nan";"None";"nan";"2";"3";"Dépendance";"nan";"0.0";"None";"None";"None";"None";"nan";"7.286876";"43.699236";"000KO"
"2023-60270";"2023-12-22";"1";"Vente";"300000.0";"19.0";"None";"RUE FODERE";"2495";"06300";"06088";"Nice";"06";"None";"None";"06088000KO0131";"None";"None";"158";"nan";"None";"nan";"None";"nan";"None";"nan";"None";"nan";"1";"3";"Dépendance";"nan";"0.0";"None";"None";"None";"None";"nan";"7.286876";"43.699236";"000KO"
"2023-60378";"2023-12-21";"1";"Vente";"173000.0";"28.0";"None";"RUE BARLA";"0610";"06300";"06088";"Nice";"06";"None";"None";"06088000KO0095";"None";"None";"20";"26.32";"22";"18.62";"None";"nan";"None";"nan";"None";"nan";"2";"2";"Appartement";"48.0";"3.0";"None";"None";"None";"None";"nan";"7.285233";"43.700974";"000KO"
"2023-60378";"2023-12-21";"1";"Vente";"173000.0";"28.0";"None";"RUE BARLA";"0610";"06300";"06088";"Nice";"06";"None";"None";"06088000KO0095";"None";"None";"20";"26.32";"22";"18.62";"None";"nan";"None";"nan";"None";"nan";"2";"3";"Dépendance";"nan";"0.0";"None";"None";"None";"None";"nan";"7.285233";"43.700974";"000KO"
"2023-60099";"2023-12-20";"1";"Vente";"170000.0";"6.0";"T";"RUE LASCARIS";"3570";"06300";"06088";"Nice";"06";"None";"None";"06088000KO0151";"None";"None";"31";"nan";"None";"nan";"None";"nan";"None";"nan";"None";"nan";"1";"2";"Appartement";"38.0";"2.0";"None";"None";"None";"None";"nan";"7.285555";"43.699712";"000KO"
"2023-60158";"2023-12-20";"1";"Vente";"247518.0";"16.0";"B";"RUE CASSINI";"1180";"06300";"06088";"Nice";"06";"None";"None";"06088000KO0244";"None";"None";"16";"80.05";"None";"nan";"None";"nan";"None";"nan";"None";"nan";"1";"2";"Appartement";"85.0";"3.0";"None";"None";"None";"None";"nan";"7.282555";"43.699433";"000KO"
"2023-59648";"2023-12-20";"1";"Vente";"47000.0";"5.0";"None";"RUE PAPON";"4690";"06300";"06088";"Nice";"06";"None";"None";"06088000KO0061";"None";"None";"42";"nan";"None";"nan";"None";"nan";"None";"nan";"None";"nan";"1";"3";"Dépendance";"nan";"0.0";"None";"None";"None";"None";"nan";"7.282143";"43.701676";"000KO"
"2023-60158";"2023-12-20";"1";"Vente";"247518.0";"16.0";"B";"RUE CASSINI";"1180";"06300";"06088";"Nice";"06";"None";"None";"06088000KO0244";"None";"None";"16";"80.05";"None";"nan";"None";"nan";"None";"nan";"None";"nan";"1";"3";"Dépendance";"nan";"0.0";"None";"None";"None";"None";"nan";"7.282555";"43.699433";"000KO"
"2023-59657";"2023-12-20";"1";"Vente";"185000.0";"11.0";"None";"RUE FRANCOIS GUISOL";"2635";"06300";"06088";"Nice";"06";"None";"None";"06088000KO0314";"None";"None";"25";"nan";"None";"nan";"None";"nan";"None";"nan";"None";"nan";"1";"4";"Local industriel. commercial ou assimilé";"86.0";"0.0";"None";"None";"None";"None";"nan";"7.28448";"43.700301";"000KO"
"2023-59586";"2023-12-18";"1";"Vente";"102030.0";"2.0";"None";"RUE ARSON";"0390";"06300";"06088";"Nice";"06";"None";"None";"06088000KO0138";"None";"None";"31";"13.5";"None";"nan";"None";"nan";"None";"nan";"None";"nan";"1";"3";"Dépendance";"nan";"0.0";"None";"None";"None";"None";"nan";"7.286662";"43.698643";"000KO"
"2023-59303";"2023-12-18";"1";"Vente";"410000.0";"32.0";"None";"RUE BARLA";"0610";"06300";"06088";"Nice";"06";"None";"None";"06088000KO0103";"None";"None";"3";"89.07";"None";"nan";"None";"nan";"None";"nan";"None";"nan";"1";"4";"Local industriel. commercial ou assimilé";"100.0";"0.0";"None";"None";"None";"None";"nan";"7.285983";"43.700788";"000KO"
"2023-59247";"2023-12-15";"1";"Vente";"160000.0";"24.0";"None";"RUE CASSINI";"1180";"06300";"06088";"Nice";"06";"None";"None";"06088000KO0217";"None";"None";"40";"17.82";"None";"nan";"None";"nan";"None";"nan";"None";"nan";"1";"2";"Appartement";"17.0";"1.0";"None";"None";"None";"None";"nan";"7.283328";"43.698986";"000KO"
"2023-60454";"2023-12-13";"1";"Vente";"168000.0";"7.0";"None";"RUE FRANCOIS GUISOL";"2635";"06300";"06088";"Nice";"06";"None";"None";"06088000KO0082";"None";"None";"16";"nan";"None";"nan";"None";"nan";"None";"nan";"None";"nan";"1";"2";"Appartement";"50.0";"2.0";"None";"None";"None";"None";"nan";"7.284511";"43.700735";"000KO"
"2023-59047";"2023-12-12";"1";"Vente";"455000.0";"7.0";"T";"RUE EMMANUEL PHILIBERT";"2295";"06300";"06088";"Nice";"06";"None";"None";"06088000KO0207";"None";"None";"465";"nan";"None";"nan";"None";"nan";"None";"nan";"None";"nan";"1";"2";"Appartement";"71.0";"3.0";"None";"None";"None";"None";"nan";"7.283659";"43.700102";"000KO"
"2023-59166";"2023-12-12";"1";"Vente";"475000.0";"26.0";"None";"RUE BONAPARTE";"0885";"06300";"06088";"Nice";"06";"None";"None";"06088000KO0313";"None";"None";"9";"nan";"None";"nan";"None";"nan";"None";"nan";"None";"nan";"1";"2";"Appartement";"50.0";"3.0";"None";"None";"None";"None";"nan";"7.284529";"43.700393";"000KO"
"2023-59166";"2023-12-12";"1";"Vente";"475000.0";"26.0";"None";"RUE BONAPARTE";"0885";"06300";"06088";"Nice";"06";"None";"None";"06088000KO0313";"None";"None";"9";"nan";"None";"nan";"None";"nan";"None";"nan";"None";"nan";"1";"3";"Dépendance";"nan";"0.0";"None";"None";"None";"None";"nan";"7.284529";"43.700393";"000KO"
"2023-59263";"2023-12-12";"1";"Vente";"30000.0";"7.0";"T";"RUE EMMANUEL PHILIBERT";"2295";"06300";"06088";"Nice";"06";"None";"None";"06088000KO0207";"None";"None";"101";"nan";"None";"nan";"None";"nan";"None";"nan";"None";"nan";"1";"3";"Dépendance";"nan";"0.0";"None";"None";"None";"None";"nan";"7.283659";"43.700102";"000KO"
"2023-58839";"2023-12-05";"1";"Vente";"170000.0";"4.0";"None";"RUE BARLA";"0610";"06300";"06088";"Nice";"06";"None";"None";"06088000KO0023";"None";"None";"54";"nan";"None";"nan";"None";"nan";"None";"nan";"None";"nan";"1";"2";"Appartement";"37.0";"2.0";"None";"None";"None";"None";"nan";"7.280562";"43.702308";"000KO"
"2023-59441";"2023-12-05";"1";"Vente";"389000.0";"13.0";"None";"RUE BAVASTRO";"0670";"06300";"06088";"Nice";"06";"None";"None";"06088000KO0163";"None";"None";"26";"nan";"None";"nan";"None";"nan";"None";"nan";"None";"nan";"1";"2";"Appartement";"85.0";"4.0";"None";"None";"None";"None";"nan";"7.285644";"43.700082";"000KO"
"2023-58549";"2023-12-04";"1";"Vente";"96000.0";"6.0";"None";"PAS CATHERINE SEGURANE";"1191";"06300";"06088";"Nice";"06";"None";"None";"06088000KO0279";"None";"None";"11";"nan";"None";"nan";"None";"nan";"None";"nan";"None";"nan";"1";"3";"Dépendance";"nan";"0.0";"None";"None";"None";"None";"nan";"7.281267";"43.699932";"000KO"
"2023-58767";"2023-12-01";"1";"Vente";"305000.0";"52.0";"None";"RUE BONAPARTE";"0885";"06300";"06088";"Nice";"06";"None";"None";"06088000KO0114";"None";"None";"12";"58.51";"None";"nan";"None";"nan";"None";"nan";"None";"nan";"1";"2";"Appartement";"63.0";"2.0";"None";"None";"None";"None";"nan";"7.287025";"43.700219";"000KO"
"2023-58767";"2023-12-01";"1";"Vente";"305000.0";"52.0";"None";"RUE BONAPARTE";"0885";"06300";"06088";"Nice";"06";"None";"None";"06088000KO0114";"None";"None";"12";"58.51";"None";"nan";"None";"nan";"None";"nan";"None";"nan";"1";"3";"Dépendance";"nan";"0.0";"None";"None";"None";"None";"nan";"7.287025";"43.700219";"000KO"
"2023-58800";"2023-11-30";"1";"Vente";"82500.0";"10.0";"None";"RUE FODERE";"2495";"06300";"06088";"Nice";"06";"None";"None";"06088000KO0144";"None";"None";"14";"nan";"None";"nan";"None";"nan";"None";"nan";"None";"nan";"1";"2";"Appartement";"25.0";"2.0";"None";"None";"None";"None";"nan";"7.285931";"43.698953";"000KO"
"2023-58837";"2023-11-30";"1";"Vente";"285000.0";"42.0";"None";"RUE BONAPARTE";"0885";"06300";"06088";"Nice";"06";"None";"None";"06088000KO0161";"None";"None";"12";"nan";"None";"nan";"None";"nan";"None";"nan";"None";"nan";"1";"2";"Appartement";"62.0";"3.0";"None";"None";"None";"None";"nan";"7.285774";"43.700272";"000KO"
"2023-59053";"2023-11-30";"1";"Vente";"175000.0";"14.0";"None";"RUE LASCARIS";"3570";"06300";"06088";"Nice";"06";"None";"None";"06088000KO0185";"None";"None";"12";"nan";"70";"nan";"None";"nan";"None";"nan";"None";"nan";"2";"2";"Appartement";"34.0";"1.0";"None";"None";"None";"None";"nan";"7.284693";"43.699689";"000KO"
"2023-59181";"2023-11-30";"1";"Vente";"405750.0";"3.0";"None";"RUE LASCARIS";"3570";"06300";"06088";"Nice";"06";"None";"None";"06088000KO0122";"None";"None";"104";"nan";"137";"53.82";"None";"nan";"None";"nan";"None";"nan";"2";"2";"Appartement";"52.0";"3.0";"None";"None";"None";"None";"nan";"7.28702";"43.699915";"000KO"
"2023-59053";"2023-11-30";"1";"Vente";"175000.0";"14.0";"None";"RUE LASCARIS";"3570";"06300";"06088";"Nice";"06";"None";"None";"06088000KO0185";"None";"None";"12";"nan";"70";"nan";"None";"nan";"None";"nan";"None";"nan";"2";"3";"Dépendance";"nan";"0.0";"None";"None";"None";"None";"nan";"7.284693";"43.699689";"000KO"
"2023-58960";"2023-11-29";"1";"Vente";"165000.0";"24.0";"None";"RUE CASSINI";"1180";"06300";"06088";"Nice";"06";"None";"None";"06088000KO0217";"None";"None";"4";"nan";"None";"nan";"None";"nan";"None";"nan";"None";"nan";"1";"4";"Local industriel. commercial ou assimilé";"18.0";"0.0";"None";"None";"None";"None";"nan";"7.283328";"43.698986";"000KO"
"2023-58688";"2023-11-28";"1";"Vente";"140000.0";"34.0";"None";"RUE BARLA";"0610";"06300";"06088";"Nice";"06";"None";"None";"06088000KO0106";"None";"None";"13";"30.83";"None";"nan";"None";"nan";"None";"nan";"None";"nan";"1";"2";"Appartement";"31.0";"2.0";"None";"None";"None";"None";"nan";"7.28614";"43.700732";"000KO"
"2023-58818";"2023-11-24";"1";"Vente";"220000.0";"1.0";"None";"RUE CASSINI";"1180";"06300";"06088";"Nice";"06";"None";"None";"06088000KO0273";"None";"None";"58";"nan";"None";"nan";"None";"nan";"None";"nan";"None";"nan";"1";"2";"Appartement";"39.0";"1.0";"None";"None";"None";"None";"nan";"7.281565";"43.700511";"000KO"
"2023-59346";"2023-11-24";"1";"Vente";"250000.0";"12.0";"None";"RUE FRANCOIS GUISOL";"2635";"06300";"06088";"Nice";"06";"None";"None";"06088000KO0207";"None";"None";"197";"nan";"593";"nan";"None";"nan";"None";"nan";"None";"nan";"2";"2";"Appartement";"47.0";"2.0";"None";"None";"None";"None";"nan";"7.283659";"43.700102";"000KO"
"2023-57886";"2023-11-17";"1";"Vente";"265000.0";"5.0";"None";"RUE CASSINI";"1180";"06300";"06088";"Nice";"06";"None";"None";"06088000KO0270";"None";"None";"30";"nan";"None";"nan";"None";"nan";"None";"nan";"None";"nan";"1";"2";"Appartement";"37.0";"2.0";"None";"None";"None";"None";"nan";"7.281897";"43.700336";"000KO"
"2023-59030";"2023-11-16";"1";"Vente";"235000.0";"54.0";"None";"BD RISSO";"5490";"06300";"06088";"Nice";"06";"None";"None";"06088000KO0019";"None";"None";"82";"nan";"None";"nan";"None";"nan";"None";"nan";"None";"nan";"1";"2";"Appartement";"95.0";"3.0";"None";"None";"None";"None";"nan";"7.280193";"43.702316";"000KO"
"2023-59030";"2023-11-16";"1";"Vente";"235000.0";"54.0";"None";"BD RISSO";"5490";"06300";"06088";"Nice";"06";"None";"None";"06088000KO0019";"None";"None";"20";"nan";"None";"nan";"None";"nan";"None";"nan";"None";"nan";"1";"2";"Appartement";"95.0";"3.0";"None";"None";"None";"None";"nan";"7.280193";"43.702316";"000KO"
"2023-59030";"2023-11-16";"1";"Vente";"235000.0";"54.0";"None";"BD RISSO";"5490";"06300";"06088";"Nice";"06";"None";"None";"06088000KO0019";"None";"None";"82";"nan";"None";"nan";"None";"nan";"None";"nan";"None";"nan";"1";"3";"Dépendance";"nan";"0.0";"None";"None";"None";"None";"nan";"7.280193";"43.702316";"000KO"
"2023-59030";"2023-11-16";"1";"Vente";"235000.0";"54.0";"None";"BD RISSO";"5490";"06300";"06088";"Nice";"06";"None";"None";"06088000KO0019";"None";"None";"20";"nan";"None";"nan";"None";"nan";"None";"nan";"None";"nan";"1";"3";"Dépendance";"nan";"0.0";"None";"None";"None";"None";"nan";"7.280193";"43.702316";"000KO"
"2023-58776";"2023-11-15";"1";"Vente";"34000.0";"54.0";"None";"BD RISSO";"5490";"06300";"06088";"Nice";"06";"None";"None";"06088000KO0019";"None";"None";"108";"nan";"None";"nan";"None";"nan";"None";"nan";"None";"nan";"1";"3";"Dépendance";"nan";"0.0";"None";"None";"None";"None";"nan";"7.280193";"43.702316";"000KO"
"2023-58126";"2023-11-14";"1";"Vente";"193147.78";"18.0";"None";"RUE ARSON";"0390";"06300";"06088";"Nice";"06";"None";"None";"06088000KO0119";"None";"None";"15";"35.79";"None";"nan";"None";"nan";"None";"nan";"None";"nan";"1";"2";"Appartement";"59.0";"3.0";"None";"None";"None";"None";"nan";"7.286903";"43.700034";"000KO"
"2023-58572";"2023-11-13";"1";"Vente";"524000.0";"54.0";"None";"BD RISSO";"5490";"06300";"06088";"Nice";"06";"None";"None";"06088000KO0019";"None";"None";"92";"44.63";"None";"nan";"None";"nan";"None";"nan";"None";"nan";"1";"2";"Appartement";"44.0";"2.0";"None";"None";"None";"None";"nan";"7.280193";"43.702316";"000KO"
"2023-58572";"2023-11-13";"1";"Vente";"524000.0";"54.0";"None";"BD RISSO";"5490";"06300";"06088";"Nice";"06";"None";"None";"06088000KO0019";"None";"None";"92";"44.63";"None";"nan";"None";"nan";"None";"nan";"None";"nan";"1";"3";"Dépendance";"nan";"0.0";"None";"None";"None";"None";"nan";"7.280193";"43.702316";"000KO"
"2023-58572";"2023-11-13";"1";"Vente";"524000.0";"54.0";"None";"BD RISSO";"5490";"06300";"06088";"Nice";"06";"None";"None";"06088000KO0019";"None";"None";"47";"nan";"None";"nan";"None";"nan";"None";"nan";"None";"nan";"1";"3";"Dépendance";"nan";"0.0";"None";"None";"None";"None";"nan";"7.280193";"43.702316";"000KO"
"2023-58572";"2023-11-13";"1";"Vente";"524000.0";"54.0";"None";"BD RISSO";"5490";"06300";"06088";"Nice";"06";"None";"None";"06088000KO0019";"None";"None";"92";"44.63";"None";"nan";"None";"nan";"None";"nan";"None";"nan";"1";"3";"Dépendance";"nan";"0.0";"None";"None";"None";"None";"nan";"7.280193";"43.702316";"000KO"
"2023-58038";"2023-11-10";"1";"Vente";"103958.0";"18.0";"None";"RUE ARSON";"0390";"06300";"06088";"Nice";"06";"None";"None";"06088000KO0119";"None";"None";"13";"19.09";"None";"nan";"None";"nan";"None";"nan";"None";"nan";"1";"2";"Appartement";"56.0";"3.0";"None";"None";"None";"None";"nan";"7.286903";"43.700034";"000KO"
"2023-57673";"2023-11-06";"1";"Vente";"240000.0";"7.0";"None";"RUE BOYER";"0945";"06300";"06088";"Nice";"06";"None";"None";"06088000KO0058";"None";"None";"4";"36.57";"None";"nan";"None";"nan";"None";"nan";"None";"nan";"1";"2";"Appartement";"36.0";"2.0";"None";"None";"None";"None";"nan";"7.282116";"43.701195";"000KO"
"2023-58331";"2023-10-30";"1";"Vente";"315000.0";"14.0";"None";"BD LECH WALESA";"3588";"06300";"06088";"Nice";"06";"None";"None";"06088000KO0133";"None";"None";"35";"67.75";"None";"nan";"None";"nan";"None";"nan";"None";"nan";"1";"2";"Appartement";"66.0";"2.0";"None";"None";"None";"None";"nan";"7.287081";"43.698872";"000KO"
"2023-58158";"2023-10-27";"1";"Vente";"710000.0";"6.0";"None";"RUE BONAPARTE";"0885";"06300";"06088";"Nice";"06";"None";"None";"06088000KO0360";"None";"None";"11";"nan";"20";"130.12";"None";"nan";"None";"nan";"None";"nan";"2";"2";"Appartement";"100.0";"7.0";"None";"None";"None";"None";"nan";"7.28207";"43.700484";"000KO"
"2023-58158";"2023-10-27";"1";"Vente";"710000.0";"6.0";"None";"RUE BONAPARTE";"0885";"06300";"06088";"Nice";"06";"None";"None";"06088000KO0360";"None";"None";"11";"nan";"20";"130.12";"None";"nan";"None";"nan";"None";"nan";"2";"3";"Dépendance";"nan";"0.0";"None";"None";"None";"None";"nan";"7.28207";"43.700484";"000KO"
"2023-57453";"2023-10-25";"1";"Vente";"462000.0";"7.0";"B";"RUE EMMANUEL PHILIBERT";"2295";"06300";"06088";"Nice";"06";"None";"None";"06088000KO0212";"None";"None";"5";"nan";"None";"nan";"None";"nan";"None";"nan";"None";"nan";"1";"2";"Appartement";"80.0";"3.0";"None";"None";"None";"None";"nan";"7.283452";"43.70043";"000KO"
"2023-57453";"2023-10-25";"1";"Vente";"462000.0";"7.0";"B";"RUE EMMANUEL PHILIBERT";"2295";"06300";"06088";"Nice";"06";"None";"None";"06088000KO0212";"None";"None";"5";"nan";"None";"nan";"None";"nan";"None";"nan";"None";"nan";"1";"3";"Dépendance";"nan";"0.0";"None";"None";"None";"None";"nan";"7.283452";"43.70043";"000KO"
"2023-58176";"2023-10-24";"1";"Vente";"106000.0";"12.0";"None";"RUE BAVASTRO";"0670";"06300";"06088";"Nice";"06";"None";"None";"06088000KO0320";"None";"None";"10";"nan";"9";"nan";"None";"nan";"None";"nan";"None";"nan";"2";"2";"Appartement";"56.0";"3.0";"None";"None";"None";"None";"nan";"7.285095";"43.699677";"000KO"
"2023-58211";"2023-10-24";"1";"Vente";"106000.0";"12.0";"None";"RUE BAVASTRO";"0670";"06300";"06088";"Nice";"06";"None";"None";"06088000KO0320";"None";"None";"11";"nan";"9";"nan";"None";"nan";"None";"nan";"None";"nan";"2";"2";"Appartement";"56.0";"3.0";"None";"None";"None";"None";"nan";"7.285095";"43.699677";"000KO"
"2023-56857";"2023-10-19";"1";"Vente";"1945000.0";"11.0";"None";"PL ILE DE BEAUTE";"3265";"06300";"06088";"Nice";"06";"None";"None";"06088000KO0197";"None";"None";"116";"nan";"None";"nan";"None";"nan";"None";"nan";"None";"nan";"1";"2";"Appartement";"133.0";"6.0";"None";"None";"None";"None";"nan";"7.284449";"43.699004";"000KO"
"2023-56923";"2023-10-19";"1";"Vente";"345000.0";"7.0";"None";"RUE BOYER";"0945";"06300";"06088";"Nice";"06";"None";"None";"06088000KO0058";"None";"None";"12";"27.87";"None";"nan";"None";"nan";"None";"nan";"None";"nan";"1";"2";"Appartement";"49.0";"2.0";"None";"None";"None";"None";"nan";"7.282116";"43.701195";"000KO"
"2023-56923";"2023-10-19";"1";"Vente";"345000.0";"7.0";"None";"RUE BOYER";"0945";"06300";"06088";"Nice";"06";"None";"None";"06088000KO0058";"None";"None";"12";"27.87";"None";"nan";"None";"nan";"None";"nan";"None";"nan";"1";"3";"Dépendance";"nan";"0.0";"None";"None";"None";"None";"nan";"7.282116";"43.701195";"000KO"
"2023-56719";"2023-10-18";"1";"Vente";"132000.0";"1.0";"None";"RUE FRANCOIS GUISOL";"2635";"06300";"06088";"Nice";"06";"None";"None";"06088000KO0087";"None";"None";"6";"nan";"None";"nan";"None";"nan";"None";"nan";"None";"nan";"1";"2";"Appartement";"15.0";"1.0";"None";"None";"None";"None";"nan";"7.284554";"43.701221";"000KO"
"2023-56789";"2023-10-16";"1";"Vente";"45000.0";"1.0";"None";"RUE FRANCOIS GUISOL";"2635";"06300";"06088";"Nice";"06";"None";"None";"06088000KO0087";"None";"None";"18";"nan";"19";"nan";"None";"nan";"None";"nan";"None";"nan";"2";"2";"Appartement";"27.0";"1.0";"None";"None";"None";"None";"nan";"7.284554";"43.701221";"000KO"
"2023-56874";"2023-10-16";"1";"Vente";"129200.0";"1.0";"None";"RUE EMMANUEL PHILIBERT";"2295";"06300";"06088";"Nice";"06";"None";"None";"06088000KO0068";"None";"None";"7";"30.68";"None";"nan";"None";"nan";"None";"nan";"None";"nan";"1";"2";"Appartement";"29.0";"2.0";"None";"None";"None";"None";"nan";"7.283737";"43.701417";"000KO"
"2023-57133";"2023-10-13";"1";"Vente";"144784.3";"18.0";"None";"RUE ARSON";"0390";"06300";"06088";"Nice";"06";"None";"None";"06088000KO0119";"None";"None";"12";"27.89";"None";"nan";"None";"nan";"None";"nan";"None";"nan";"1";"2";"Appartement";"56.0";"3.0";"None";"None";"None";"None";"nan";"7.286903";"43.700034";"000KO"
"2023-56858";"2023-10-11";"1";"Vente";"230000.0";"22.0";"None";"RUE BARLA";"0610";"06300";"06088";"Nice";"06";"None";"None";"06088000KO0088";"None";"None";"14";"nan";"None";"nan";"None";"nan";"None";"nan";"None";"nan";"1";"2";"Appartement";"29.0";"2.0";"None";"None";"None";"None";"nan";"7.284707";"43.701184";"000KO"
"2023-56898";"2023-10-09";"1";"Vente";"200000.0";"28.0";"None";"RUE BARLA";"0610";"06300";"06088";"Nice";"06";"None";"None";"06088000KO0095";"None";"None";"7";"62.67";"None";"nan";"None";"nan";"None";"nan";"None";"nan";"1";"2";"Appartement";"58.0";"3.0";"None";"None";"None";"None";"nan";"7.285233";"43.700974";"000KO"
"2023-56900";"2023-10-09";"1";"Vente";"265000.0";"28.0";"None";"RUE BARLA";"0610";"06300";"06088";"Nice";"06";"None";"None";"06088000KO0095";"None";"None";"8";"61.55";"None";"nan";"None";"nan";"None";"nan";"None";"nan";"1";"2";"Appartement";"60.0";"4.0";"None";"None";"None";"None";"nan";"7.285233";"43.700974";"000KO"
"2023-57609";"2023-10-09";"1";"Vente";"650000.0";"3.0";"None";"AV SAINT SEBASTIEN";"5945";"06300";"06088";"Nice";"06";"None";"None";"06088000KO0003";"None";"None";"37";"111.91";"None";"nan";"None";"nan";"None";"nan";"None";"nan";"1";"2";"Appartement";"118.0";"4.0";"None";"None";"None";"None";"nan";"7.279047";"43.70083";"000KO"
"2023-56916";"2023-10-05";"1";"Vente";"500000.0";"14.0";"None";"RUE FRANCOIS GUISOL";"2635";"06300";"06088";"Nice";"06";"None";"None";"06088000KO0207";"None";"None";"380";"nan";"572";"nan";"None";"nan";"None";"nan";"None";"nan";"2";"2";"Appartement";"73.0";"3.0";"None";"None";"None";"None";"nan";"7.283659";"43.700102";"000KO"
"2023-56916";"2023-10-05";"1";"Vente";"500000.0";"7.0";"T";"RUE EMMANUEL PHILIBERT";"2295";"06300";"06088";"Nice";"06";"None";"None";"06088000KO0207";"None";"None";"337";"nan";"None";"nan";"None";"nan";"None";"nan";"None";"nan";"1";"3";"Dépendance";"nan";"0.0";"None";"None";"None";"None";"nan";"7.283659";"43.700102";"000KO"
"2023-56720";"2023-10-04";"1";"Vente";"242860.0";"9.0";"B";"RUE EMMANUEL PHILIBERT";"2295";"06300";"06088";"Nice";"06";"None";"None";"06088000KO0213";"None";"None";"17";"nan";"19";"nan";"None";"nan";"None";"nan";"None";"nan";"2";"2";"Appartement";"35.0";"2.0";"None";"None";"None";"None";"nan";"7.283413";"43.699675";"000KO"
"2023-56720";"2023-10-04";"1";"Vente";"242860.0";"9.0";"B";"RUE EMMANUEL PHILIBERT";"2295";"06300";"06088";"Nice";"06";"None";"None";"06088000KO0213";"None";"None";"17";"nan";"19";"nan";"None";"nan";"None";"nan";"None";"nan";"2";"3";"Dépendance";"nan";"0.0";"None";"None";"None";"None";"nan";"7.283413";"43.699675";"000KO"
"2023-56723";"2023-10-03";"1";"Vente";"185000.0";"14.0";"None";"BD LECH WALESA";"3588";"06300";"06088";"Nice";"06";"None";"None";"06088000KO0133";"None";"None";"38";"nan";"None";"nan";"None";"nan";"None";"nan";"None";"nan";"1";"2";"Appartement";"130.0";"3.0";"None";"None";"None";"None";"nan";"7.287081";"43.698872";"000KO"
"2023-56723";"2023-10-03";"1";"Vente";"185000.0";"14.0";"None";"BD LECH WALESA";"3588";"06300";"06088";"Nice";"06";"None";"None";"06088000KO0133";"None";"None";"38";"nan";"None";"nan";"None";"nan";"None";"nan";"None";"nan";"1";"2";"Appartement";"66.0";"2.0";"None";"None";"None";"None";"nan";"7.287081";"43.698872";"000KO"
"2023-56379";"2023-10-03";"1";"Vente";"320000.0";"22.0";"None";"BD LECH WALESA";"3588";"06300";"06088";"Nice";"06";"None";"None";"06088000KO0140";"None";"None";"2";"nan";"21";"66.45";"None";"nan";"None";"nan";"None";"nan";"2";"4";"Local industriel. commercial ou assimilé";"67.0";"0.0";"None";"None";"None";"None";"nan";"7.287025";"43.698426";"000KO"
"2023-56444";"2023-09-29";"1";"Vente";"160000.0";"53.0";"None";"RUE BONAPARTE";"0885";"06300";"06088";"Nice";"06";"None";"None";"06088000KO0108";"None";"None";"24";"20.03";"None";"nan";"None";"nan";"None";"nan";"None";"nan";"1";"2";"Appartement";"20.0";"1.0";"None";"None";"None";"None";"nan";"7.286289";"43.700614";"000KO"
"2023-57069";"2023-09-29";"1";"Vente";"181500.0";"42.0";"None";"RUE BONAPARTE";"0885";"06300";"06088";"Nice";"06";"None";"None";"06088000KO0161";"None";"None";"23";"nan";"None";"nan";"None";"nan";"None";"nan";"None";"nan";"1";"2";"Appartement";"33.0";"2.0";"None";"None";"None";"None";"nan";"7.285774";"43.700272";"000KO"
"2023-55827";"2023-09-28";"1";"Vente";"140000.0";"16.0";"None";"RUE BARLA";"0610";"06300";"06088";"Nice";"06";"None";"None";"06088000KO0356";"None";"None";"271";"nan";"None";"nan";"None";"nan";"None";"nan";"None";"nan";"1";"2";"Appartement";"24.0";"2.0";"None";"None";"None";"None";"nan";"7.283146";"43.701514";"000KO"
"2023-55961";"2023-09-28";"1";"Vente";"273000.0";"12.0";"None";"RUE ARSON";"0390";"06300";"06088";"Nice";"06";"None";"None";"06088000KO0127";"None";"None";"46";"71.11";"None";"nan";"None";"nan";"None";"nan";"None";"nan";"1";"2";"Appartement";"70.0";"4.0";"None";"None";"None";"None";"nan";"7.286779";"43.699575";"000KO"
"2023-55834";"2023-09-27";"1";"Vente";"490000.0";"2.0";"None";"RUE BAVASTRO";"0670";"06300";"06088";"Nice";"06";"None";"None";"06088000KO0096";"None";"None";"5";"nan";"None";"nan";"None";"nan";"None";"nan";"None";"nan";"1";"2";"Appartement";"76.0";"3.0";"None";"None";"None";"None";"nan";"7.285334";"43.700914";"000KO"
"2023-56376";"2023-09-27";"1";"Vente";"209740.0";"18.0";"None";"RUE CASSINI";"1180";"06300";"06088";"Nice";"06";"None";"None";"06088000KO0244";"None";"None";"23";"27.18";"None";"nan";"None";"nan";"None";"nan";"None";"nan";"1";"2";"Appartement";"43.0";"1.0";"None";"None";"None";"None";"nan";"7.282555";"43.699433";"000KO"
"2023-56034";"2023-09-26";"1";"Vente";"39900.0";"5.0";"None";"RUE CASSINI";"1180";"06300";"06088";"Nice";"06";"None";"None";"06088000KO0270";"None";"None";"12";"17.11";"None";"nan";"None";"nan";"None";"nan";"None";"nan";"1";"2";"Appartement";"17.0";"1.0";"None";"None";"None";"None";"nan";"7.281897";"43.700336";"000KO"
"2023-56420";"2023-09-26";"1";"Vente";"298000.0";"53.0";"None";"RUE BONAPARTE";"0885";"06300";"06088";"Nice";"06";"None";"None";"06088000KO0108";"None";"None";"25";"19.79";"None";"nan";"None";"nan";"None";"nan";"None";"nan";"1";"2";"Appartement";"20.0";"1.0";"None";"None";"None";"None";"nan";"7.286289";"43.700614";"000KO"
"2023-56420";"2023-09-26";"1";"Vente";"298000.0";"53.0";"None";"RUE BONAPARTE";"0885";"06300";"06088";"Nice";"06";"None";"None";"06088000KO0108";"None";"None";"23";"22.65";"None";"nan";"None";"nan";"None";"nan";"None";"nan";"1";"2";"Appartement";"20.0";"1.0";"None";"None";"None";"None";"nan";"7.286289";"43.700614";"000KO"
"2023-56802";"2023-09-25";"1";"Vente";"261500.0";"11.0";"None";"RUE ARSON";"0390";"06300";"06088";"Nice";"06";"None";"None";"06088000KO0156";"None";"None";"142";"nan";"78";"nan";"None";"nan";"None";"nan";"None";"nan";"2";"2";"Appartement";"52.0";"2.0";"None";"None";"None";"None";"nan";"7.28639";"43.700127";"000KO"
"2023-56802";"2023-09-25";"1";"Vente";"261500.0";"11.0";"None";"RUE ARSON";"0390";"06300";"06088";"Nice";"06";"None";"None";"06088000KO0156";"None";"None";"142";"nan";"78";"nan";"None";"nan";"None";"nan";"None";"nan";"2";"3";"Dépendance";"nan";"0.0";"None";"None";"None";"None";"nan";"7.28639";"43.700127";"000KO"
"2023-55360";"2023-09-22";"1";"Vente";"153000.0";"7.0";"B";"RUE FODERE";"2495";"06300";"06088";"Nice";"06";"None";"None";"06088000KO0192";"None";"None";"17";"28.38";"None";"nan";"None";"nan";"None";"nan";"None";"nan";"1";"2";"Appartement";"24.0";"1.0";"None";"None";"None";"None";"nan";"7.284739";"43.699473";"000KO"
"2023-55984";"2023-09-22";"1";"Vente";"299000.0";"12.0";"None";"RUE EMMANUEL PHILIBERT";"2295";"06300";"06088";"Nice";"06";"None";"None";"06088000KO0257";"None";"None";"13";"47.11";"None";"nan";"None";"nan";"None";"nan";"None";"nan";"1";"2";"Appartement";"49.0";"3.0";"None";"None";"None";"None";"nan";"7.282991";"43.699873";"000KO"
"2023-55599";"2023-09-21";"1";"Vente";"151032.0";"18.0";"None";"RUE ARSON";"0390";"06300";"06088";"Nice";"06";"None";"None";"06088000KO0119";"None";"None";"19";"27.84";"None";"nan";"None";"nan";"None";"nan";"None";"nan";"1";"2";"Appartement";"56.0";"4.0";"None";"None";"None";"None";"nan";"7.286903";"43.700034";"000KO"
"2023-56016";"2023-09-20";"1";"Vente";"400000.0";"38.0";"None";"RUE CATHERINE SEGURANE";"1192";"06300";"06088";"Nice";"06";"None";"None";"06088000KO0228";"None";"None";"19";"75.05";"None";"nan";"None";"nan";"None";"nan";"None";"nan";"1";"2";"Appartement";"81.0";"4.0";"None";"None";"None";"None";"nan";"7.282882";"43.697536";"000KO"
"2023-55539";"2023-09-18";"1";"Vente";"210000.0";"17.0";"None";"RUE FRANCOIS GUISOL";"2635";"06300";"06088";"Nice";"06";"None";"None";"06088000KO0189";"None";"None";"33";"30.11";"None";"nan";"None";"nan";"None";"nan";"None";"nan";"1";"2";"Appartement";"45.0";"2.0";"None";"None";"None";"None";"nan";"7.284277";"43.69948";"000KO"
"2023-55386";"2023-09-14";"1";"Vente";"60000.0";"3.0";"None";"RUE ANTOINE GAUTIER";"0265";"06300";"06088";"Nice";"06";"None";"None";"06088000KO0237";"None";"None";"12";"10.23";"None";"nan";"None";"nan";"None";"nan";"None";"nan";"1";"2";"Appartement";"14.0";"1.0";"None";"None";"None";"None";"nan";"7.282394";"43.698933";"000KO"
"2023-55886";"2023-09-13";"1";"Vente";"120000.0";"12.0";"B";"RUE EMMANUEL PHILIBERT";"2295";"06300";"06088";"Nice";"06";"None";"None";"06088000KO0256";"None";"None";"35";"nan";"None";"nan";"None";"nan";"None";"nan";"None";"nan";"1";"2";"Appartement";"22.0";"1.0";"None";"None";"None";"None";"nan";"7.282938";"43.699674";"000KO"
"2023-56264";"2023-09-12";"1";"Vente";"208000.0";"3.0";"None";"RUE EMMANUEL PHILIBERT";"2295";"06300";"06088";"Nice";"06";"None";"None";"06088000KO0069";"None";"None";"85";"nan";"None";"nan";"None";"nan";"None";"nan";"None";"nan";"1";"2";"Appartement";"36.0";"2.0";"None";"None";"None";"None";"nan";"7.283747";"43.701324";"000KO"
"2023-55219";"2023-09-11";"1";"Vente";"880000.0";"14.0";"None";"RUE LASCARIS";"3570";"06300";"06088";"Nice";"06";"None";"None";"06088000KO0185";"None";"None";"26";"nan";"95";"nan";"None";"nan";"None";"nan";"None";"nan";"2";"2";"Appartement";"100.0";"4.0";"None";"None";"None";"None";"nan";"7.284693";"43.699689";"000KO"
"2023-55219";"2023-09-11";"1";"Vente";"880000.0";"14.0";"None";"RUE LASCARIS";"3570";"06300";"06088";"Nice";"06";"None";"None";"06088000KO0185";"None";"None";"26";"nan";"95";"nan";"None";"nan";"None";"nan";"None";"nan";"2";"3";"Dépendance";"nan";"0.0";"None";"None";"None";"None";"nan";"7.284693";"43.699689";"000KO"
"2023-55219";"2023-09-11";"1";"Vente";"880000.0";"14.0";"None";"RUE LASCARIS";"3570";"06300";"06088";"Nice";"06";"None";"None";"06088000KO0185";"None";"None";"42";"nan";"None";"nan";"None";"nan";"None";"nan";"None";"nan";"1";"3";"Dépendance";"nan";"0.0";"None";"None";"None";"None";"nan";"7.284693";"43.699689";"000KO"
"2023-54689";"2023-09-05";"1";"Vente";"206570.0";"1.0";"None";"RUE CASSINI";"1180";"06300";"06088";"Nice";"06";"None";"None";"06088000KO0273";"None";"None";"46";"24.75";"None";"nan";"None";"nan";"None";"nan";"None";"nan";"1";"2";"Appartement";"24.0";"2.0";"None";"None";"None";"None";"nan";"7.281565";"43.700511";"000KO"
"2023-54775";"2023-09-05";"1";"Vente";"196000.0";"46.0";"B";"RUE BONAPARTE";"0885";"06300";"06088";"Nice";"06";"None";"None";"06088000KO0158";"None";"None";"5";"30.06";"None";"nan";"None";"nan";"None";"nan";"None";"nan";"1";"2";"Appartement";"29.0";"1.0";"None";"None";"None";"None";"nan";"7.286221";"43.700253";"000KO"
"2023-55203";"2023-09-05";"1";"Vente";"109000.0";"8.0";"None";"RUE BAVASTRO";"0670";"06300";"06088";"Nice";"06";"None";"None";"06088000KO0168";"None";"None";"9";"20.48";"None";"nan";"None";"nan";"None";"nan";"None";"nan";"1";"2";"Appartement";"20.0";"1.0";"None";"None";"None";"None";"nan";"7.285242";"43.700307";"000KO"
"2023-54559";"2023-08-30";"1";"Vente";"2578003.0";"13.0";"None";"RUE BONAPARTE";"0885";"06300";"06088";"Nice";"06";"None";"None";"06088000KO0047";"None";"None";"None";"nan";"None";"nan";"None";"nan";"None";"nan";"None";"nan";"0";"2";"Appartement";"31.0";"1.0";"S";"sols";"None";"None";"362.0";"7.28248";"43.700984";"000KO"
"2023-54559";"2023-08-30";"1";"Vente";"2578003.0";"13.0";"None";"RUE BONAPARTE";"0885";"06300";"06088";"Nice";"06";"None";"None";"06088000KO0047";"None";"None";"None";"nan";"None";"nan";"None";"nan";"None";"nan";"None";"nan";"0";"2";"Appartement";"30.0";"1.0";"S";"sols";"None";"None";"362.0";"7.28248";"43.700984";"000KO"
"2023-54559";"2023-08-30";"1";"Vente";"2578003.0";"13.0";"None";"RUE BONAPARTE";"0885";"06300";"06088";"Nice";"06";"None";"None";"06088000KO0047";"None";"None";"None";"nan";"None";"nan";"None";"nan";"None";"nan";"None";"nan";"0";"2";"Appartement";"33.0";"2.0";"S";"sols";"None";"None";"362.0";"7.28248";"43.700984";"000KO"
"2023-54559";"2023-08-30";"1";"Vente";"2578003.0";"13.0";"None";"RUE BONAPARTE";"0885";"06300";"06088";"Nice";"06";"None";"None";"06088000KO0047";"None";"None";"None";"nan";"None";"nan";"None";"nan";"None";"nan";"None";"nan";"0";"2";"Appartement";"39.0";"3.0";"S";"sols";"None";"None";"362.0";"7.28248";"43.700984";"000KO"
"2023-54559";"2023-08-30";"1";"Vente";"2578003.0";"13.0";"None";"RUE BONAPARTE";"0885";"06300";"06088";"Nice";"06";"None";"None";"06088000KO0047";"None";"None";"None";"nan";"None";"nan";"None";"nan";"None";"nan";"None";"nan";"0";"2";"Appartement";"60.0";"3.0";"S";"sols";"None";"None";"362.0";"7.28248";"43.700984";"000KO"
"2023-54559";"2023-08-30";"1";"Vente";"2578003.0";"13.0";"None";"RUE BONAPARTE";"0885";"06300";"06088";"Nice";"06";"None";"None";"06088000KO0047";"None";"None";"None";"nan";"None";"nan";"None";"nan";"None";"nan";"None";"nan";"0";"2";"Appartement";"41.0";"3.0";"S";"sols";"None";"None";"362.0";"7.28248";"43.700984";"000KO"
"2023-54559";"2023-08-30";"1";"Vente";"2578003.0";"13.0";"None";"RUE BONAPARTE";"0885";"06300";"06088";"Nice";"06";"None";"None";"06088000KO0047";"None";"None";"None";"nan";"None";"nan";"None";"nan";"None";"nan";"None";"nan";"0";"2";"Appartement";"59.0";"3.0";"S";"sols";"None";"None";"362.0";"7.28248";"43.700984";"000KO"
"2023-54559";"2023-08-30";"1";"Vente";"2578003.0";"13.0";"None";"RUE BONAPARTE";"0885";"06300";"06088";"Nice";"06";"None";"None";"06088000KO0047";"None";"None";"None";"nan";"None";"nan";"None";"nan";"None";"nan";"None";"nan";"0";"2";"Appartement";"29.0";"2.0";"S";"sols";"None";"None";"362.0";"7.28248";"43.700984";"000KO"
"2023-54559";"2023-08-30";"1";"Vente";"2578003.0";"13.0";"None";"RUE BONAPARTE";"0885";"06300";"06088";"Nice";"06";"None";"None";"06088000KO0047";"None";"None";"None";"nan";"None";"nan";"None";"nan";"None";"nan";"None";"nan";"0";"2";"Appartement";"40.0";"3.0";"S";"sols";"None";"None";"362.0";"7.28248";"43.700984";"000KO"
"2023-54559";"2023-08-30";"1";"Vente";"2578003.0";"13.0";"None";"RUE BONAPARTE";"0885";"06300";"06088";"Nice";"06";"None";"None";"06088000KO0047";"None";"None";"None";"nan";"None";"nan";"None";"nan";"None";"nan";"None";"nan";"0";"2";"Appartement";"60.0";"3.0";"S";"sols";"None";"None";"362.0";"7.28248";"43.700984";"000KO"
"2023-54559";"2023-08-30";"1";"Vente";"2578003.0";"13.0";"None";"RUE BONAPARTE";"0885";"06300";"06088";"Nice";"06";"None";"None";"06088000KO0047";"None";"None";"None";"nan";"None";"nan";"None";"nan";"None";"nan";"None";"nan";"0";"2";"Appartement";"40.0";"3.0";"S";"sols";"None";"None";"362.0";"7.28248";"43.700984";"000KO"
"2023-54559";"2023-08-30";"1";"Vente";"2578003.0";"13.0";"None";"RUE BONAPARTE";"0885";"06300";"06088";"Nice";"06";"None";"None";"06088000KO0047";"None";"None";"None";"nan";"None";"nan";"None";"nan";"None";"nan";"None";"nan";"0";"2";"Appartement";"60.0";"3.0";"S";"sols";"None";"None";"362.0";"7.28248";"43.700984";"000KO"
"2023-54559";"2023-08-30";"1";"Vente";"2578003.0";"13.0";"None";"RUE BONAPARTE";"0885";"06300";"06088";"Nice";"06";"None";"None";"06088000KO0047";"None";"None";"None";"nan";"None";"nan";"None";"nan";"None";"nan";"None";"nan";"0";"2";"Appartement";"29.0";"2.0";"S";"sols";"None";"None";"362.0";"7.28248";"43.700984";"000KO"
"2023-54559";"2023-08-30";"1";"Vente";"2578003.0";"13.0";"None";"RUE BONAPARTE";"0885";"06300";"06088";"Nice";"06";"None";"None";"06088000KO0047";"None";"None";"None";"nan";"None";"nan";"None";"nan";"None";"nan";"None";"nan";"0";"2";"Appartement";"32.0";"2.0";"S";"sols";"None";"None";"362.0";"7.28248";"43.700984";"000KO"
"2023-54559";"2023-08-30";"1";"Vente";"2578003.0";"13.0";"None";"RUE BONAPARTE";"0885";"06300";"06088";"Nice";"06";"None";"None";"06088000KO0047";"None";"None";"None";"nan";"None";"nan";"None";"nan";"None";"nan";"None";"nan";"0";"2";"Appartement";"18.0";"1.0";"S";"sols";"None";"None";"362.0";"7.28248";"43.700984";"000KO"
"2023-54559";"2023-08-30";"1";"Vente";"2578003.0";"13.0";"None";"RUE BONAPARTE";"0885";"06300";"06088";"Nice";"06";"None";"None";"06088000KO0047";"None";"None";"None";"nan";"None";"nan";"None";"nan";"None";"nan";"None";"nan";"0";"2";"Appartement";"40.0";"3.0";"S";"sols";"None";"None";"362.0";"7.28248";"43.700984";"000KO"
"2023-54559";"2023-08-30";"1";"Vente";"2578003.0";"13.0";"None";"RUE BONAPARTE";"0885";"06300";"06088";"Nice";"06";"None";"None";"06088000KO0047";"None";"None";"None";"nan";"None";"nan";"None";"nan";"None";"nan";"None";"nan";"0";"2";"Appartement";"31.0";"1.0";"S";"sols";"None";"None";"362.0";"7.28248";"43.700984";"000KO"
"2023-54559";"2023-08-30";"1";"Vente";"2578003.0";"13.0";"None";"RUE BONAPARTE";"0885";"06300";"06088";"Nice";"06";"None";"None";"06088000KO0047";"None";"None";"None";"nan";"None";"nan";"None";"nan";"None";"nan";"None";"nan";"0";"2";"Appartement";"31.0";"1.0";"S";"sols";"None";"None";"362.0";"7.28248";"43.700984";"000KO"
"2023-54559";"2023-08-30";"1";"Vente";"2578003.0";"13.0";"None";"RUE BONAPARTE";"0885";"06300";"06088";"Nice";"06";"None";"None";"06088000KO0047";"None";"None";"None";"nan";"None";"nan";"None";"nan";"None";"nan";"None";"nan";"0";"4";"Local industriel. commercial ou assimilé";"120.0";"0.0";"S";"sols";"None";"None";"362.0";"7.28248";"43.700984";"000KO"
"2023-54559";"2023-08-30";"1";"Vente";"2578003.0";"13.0";"None";"RUE BONAPARTE";"0885";"06300";"06088";"Nice";"06";"None";"None";"06088000KO0047";"None";"None";"None";"nan";"None";"nan";"None";"nan";"None";"nan";"None";"nan";"0";"4";"Local industriel. commercial ou assimilé";"150.0";"0.0";"S";"sols";"None";"None";"362.0";"7.28248";"43.700984";"000KO"
"2023-54559";"2023-08-30";"1";"Vente";"2578003.0";"13.0";"None";"RUE BONAPARTE";"0885";"06300";"06088";"Nice";"06";"None";"None";"06088000KO0047";"None";"None";"None";"nan";"None";"nan";"None";"nan";"None";"nan";"None";"nan";"0";"4";"Local industriel. commercial ou assimilé";"46.0";"0.0";"S";"sols";"None";"None";"362.0";"7.28248";"43.700984";"000KO"
"2023-54756";"2023-08-28";"1";"Vente";"348000.0";"9.0";"None";"RUE EMMANUEL PHILIBERT";"2295";"06300";"06088";"Nice";"06";"None";"None";"06088000KO0214";"None";"None";"5";"66.0";"None";"nan";"None";"nan";"None";"nan";"None";"nan";"1";"2";"Appartement";"35.0";"2.0";"None";"None";"None";"None";"nan";"7.283457";"43.699501";"000KO"
"2023-54453";"2023-08-24";"1";"Vente";"353000.0";"9.0";"None";"RUE ARSON";"0390";"06300";"06088";"Nice";"06";"None";"None";"06088000KO0156";"None";"None";"108";"nan";"48";"nan";"None";"nan";"None";"nan";"None";"nan";"2";"2";"Appartement";"69.0";"3.0";"None";"None";"None";"None";"nan";"7.28639";"43.700127";"000KO"
"2023-54453";"2023-08-24";"1";"Vente";"353000.0";"9.0";"None";"RUE ARSON";"0390";"06300";"06088";"Nice";"06";"None";"None";"06088000KO0156";"None";"None";"108";"nan";"48";"nan";"None";"nan";"None";"nan";"None";"nan";"2";"3";"Dépendance";"nan";"0.0";"None";"None";"None";"None";"nan";"7.28639";"43.700127";"000KO"
"2023-54410";"2023-08-23";"1";"Vente";"408100.0";"13.0";"None";"RUE CASSINI";"1180";"06300";"06088";"Nice";"06";"None";"None";"06088000KO0256";"None";"None";"12";"nan";"None";"nan";"None";"nan";"None";"nan";"None";"nan";"1";"2";"Appartement";"90.0";"4.0";"None";"None";"None";"None";"nan";"7.282938";"43.699674";"000KO"
"2023-54410";"2023-08-23";"1";"Vente";"408100.0";"13.0";"None";"RUE CASSINI";"1180";"06300";"06088";"Nice";"06";"None";"None";"06088000KO0256";"None";"None";"12";"nan";"None";"nan";"None";"nan";"None";"nan";"None";"nan";"1";"3";"Dépendance";"nan";"0.0";"None";"None";"None";"None";"nan";"7.282938";"43.699674";"000KO"
"2023-54410";"2023-08-23";"1";"Vente";"408100.0";"13.0";"None";"RUE CASSINI";"1180";"06300";"06088";"Nice";"06";"None";"None";"06088000KO0256";"None";"None";"12";"nan";"None";"nan";"None";"nan";"None";"nan";"None";"nan";"1";"3";"Dépendance";"nan";"0.0";"None";"None";"None";"None";"nan";"7.282938";"43.699674";"000KO"
"2023-54361";"2023-08-21";"1";"Vente";"324950.0";"9.0";"T";"RUE EMMANUEL PHILIBERT";"2295";"06300";"06088";"Nice";"06";"None";"None";"06088000KO0207";"None";"None";"443";"40.7";"None";"nan";"None";"nan";"None";"nan";"None";"nan";"1";"2";"Appartement";"41.0";"2.0";"None";"None";"None";"None";"nan";"7.283659";"43.700102";"000KO"
"2023-54361";"2023-08-21";"1";"Vente";"324950.0";"14.0";"None";"RUE FRANCOIS GUISOL";"2635";"06300";"06088";"Nice";"06";"None";"None";"06088000KO0207";"None";"None";"208";"nan";"None";"nan";"None";"nan";"None";"nan";"None";"nan";"1";"2";"Appartement";"88.0";"3.0";"None";"None";"None";"None";"nan";"7.283659";"43.700102";"000KO"
"2023-55059";"2023-08-21";"1";"Vente";"285000.0";"22.0";"None";"RUE ARSON";"0390";"06300";"06088";"Nice";"06";"None";"None";"06088000KO0111";"None";"None";"18";"nan";"None";"nan";"None";"nan";"None";"nan";"None";"nan";"1";"2";"Appartement";"35.0";"3.0";"None";"None";"None";"None";"nan";"7.286896";"43.700534";"000KO"
"2023-54966";"2023-08-17";"1";"Vente";"275000.0";"7.0";"T";"RUE EMMANUEL PHILIBERT";"2295";"06300";"06088";"Nice";"06";"None";"None";"06088000KO0207";"None";"None";"164";"nan";"466";"nan";"None";"nan";"None";"nan";"None";"nan";"2";"2";"Appartement";"47.0";"2.0";"None";"None";"None";"None";"nan";"7.283659";"43.700102";"000KO"
"2023-54258";"2023-08-11";"1";"Vente";"428000.0";"20.0";"None";"BD LECH WALESA";"3588";"06300";"06088";"Nice";"06";"None";"None";"06088000KO0139";"None";"None";"23";"nan";"None";"nan";"None";"nan";"None";"nan";"None";"nan";"1";"2";"Appartement";"100.0";"4.0";"None";"None";"None";"None";"nan";"7.286912";"43.69857";"000KO"
"2023-54163";"2023-08-10";"1";"Vente";"448000.0";"15.0";"None";"RUE BONAPARTE";"0885";"06300";"06088";"Nice";"06";"None";"None";"06088000KO0048";"None";"None";"7";"55.48";"None";"nan";"None";"nan";"None";"nan";"None";"nan";"1";"2";"Appartement";"54.0";"2.0";"None";"None";"None";"None";"nan";"7.282666";"43.700976";"000KO"
"2023-54120";"2023-08-09";"1";"Vente";"256000.0";"8.0";"None";"BD LECH WALESA";"3588";"06300";"06088";"Nice";"06";"None";"None";"06088000KO0129";"None";"None";"14";"nan";"None";"nan";"None";"nan";"None";"nan";"None";"nan";"1";"2";"Appartement";"57.0";"3.0";"None";"None";"None";"None";"nan";"7.287067";"43.699458";"000KO"
"2023-54215";"2023-08-09";"1";"Vente";"325000.0";"31.0";"None";"RUE BONAPARTE";"0885";"06300";"06088";"Nice";"06";"None";"None";"06088000KO0081";"None";"None";"18";"nan";"None";"nan";"None";"nan";"None";"nan";"None";"nan";"1";"2";"Appartement";"36.0";"3.0";"None";"None";"None";"None";"nan";"7.284048";"43.700751";"000KO"
"2023-53968";"2023-08-04";"1";"Vente";"160000.0";"5.0";"None";"RUE EMMANUEL PHILIBERT";"2295";"06300";"06088";"Nice";"06";"None";"None";"06088000KO0073";"None";"None";"7";"31.01";"None";"nan";"None";"nan";"None";"nan";"None";"nan";"1";"2";"Appartement";"31.0";"2.0";"None";"None";"None";"None";"nan";"7.283428";"43.701032";"000KO"
"2023-54022";"2023-08-04";"1";"Vente";"245000.0";"18.0";"None";"PL GARIBALDI";"2785";"06300";"06088";"Nice";"06";"None";"None";"06088000KO0038";"None";"None";"15";"45.96";"None";"nan";"None";"nan";"None";"nan";"None";"nan";"1";"2";"Appartement";"48.0";"2.0";"None";"None";"None";"None";"nan";"7.281048";"43.700792";"000KO"
"2023-53541";"2023-07-27";"1";"Vente";"378600.0";"1.0";"None";"RUE BAVASTRO";"0670";"06300";"06088";"Nice";"06";"None";"None";"06088000KO0102";"None";"None";"11";"nan";"26";"nan";"None";"nan";"None";"nan";"None";"nan";"2";"2";"Appartement";"76.0";"3.0";"None";"None";"None";"None";"nan";"7.285801";"43.700829";"000KO"
"2023-53541";"2023-07-27";"1";"Vente";"378600.0";"1.0";"None";"RUE BAVASTRO";"0670";"06300";"06088";"Nice";"06";"None";"None";"06088000KO0102";"None";"None";"11";"nan";"26";"nan";"None";"nan";"None";"nan";"None";"nan";"2";"3";"Dépendance";"nan";"0.0";"None";"None";"None";"None";"nan";"7.285801";"43.700829";"000KO"
"2023-53769";"2023-07-27";"1";"Vente";"483333.34";"1.0";"None";"RUE CASSINI";"1180";"06300";"06088";"Nice";"06";"None";"None";"06088000KO0273";"None";"None";"9";"52.1";"None";"nan";"None";"nan";"None";"nan";"None";"nan";"1";"4";"Local industriel. commercial ou assimilé";"47.0";"0.0";"None";"None";"None";"None";"nan";"7.281565";"43.700511";"000KO"
"2023-53254";"2023-07-26";"1";"Vente";"207000.0";"36.0";"None";"RUE BARLA";"0610";"06300";"06088";"Nice";"06";"None";"None";"06088000KO0107";"None";"None";"8";"61.75";"None";"nan";"None";"nan";"None";"nan";"None";"nan";"1";"2";"Appartement";"61.0";"3.0";"None";"None";"None";"None";"nan";"7.286309";"43.700679";"000KO"
"2023-53419";"2023-07-26";"1";"Vente";"75000.0";"3.0";"None";"PL ILE DE BEAUTE";"3265";"06300";"06088";"Nice";"06";"None";"None";"06088000KO0350";"None";"None";"32";"12.77";"None";"nan";"None";"nan";"None";"nan";"None";"nan";"1";"3";"Dépendance";"nan";"0.0";"None";"None";"None";"None";"nan";"7.285999";"43.698739";"000KO"
"2023-53290";"2023-07-26";"1";"Vente";"475000.0";"49.0";"None";"RUE BONAPARTE";"0885";"06300";"06088";"Nice";"06";"None";"None";"06088000KO0104";"None";"None";"39";"nan";"None";"nan";"None";"nan";"None";"nan";"None";"nan";"1";"4";"Local industriel. commercial ou assimilé";"150.0";"0.0";"None";"None";"None";"None";"nan";"7.285958";"43.70065";"000KO"
"2023-52946";"2023-07-24";"1";"Vente";"170000.0";"22.0";"None";"BD LECH WALESA";"3588";"06300";"06088";"Nice";"06";"None";"None";"06088000KO0140";"None";"None";"3";"41.03";"None";"nan";"None";"nan";"None";"nan";"None";"nan";"1";"2";"Appartement";"50.0";"3.0";"None";"None";"None";"None";"nan";"7.287025";"43.698426";"000KO"
"2023-52946";"2023-07-24";"1";"Vente";"170000.0";"22.0";"None";"BD LECH WALESA";"3588";"06300";"06088";"Nice";"06";"None";"None";"06088000KO0140";"None";"None";"3";"41.03";"None";"nan";"None";"nan";"None";"nan";"None";"nan";"1";"3";"Dépendance";"nan";"0.0";"None";"None";"None";"None";"nan";"7.287025";"43.698426";"000KO"
"2023-53047";"2023-07-20";"1";"Vente";"648530.0";"14.0";"None";"RUE FRANCOIS GUISOL";"2635";"06300";"06088";"Nice";"06";"None";"None";"06088000KO0207";"None";"None";"509";"95.02";"None";"nan";"None";"nan";"None";"nan";"None";"nan";"1";"2";"Appartement";"95.0";"3.0";"None";"None";"None";"None";"nan";"7.283659";"43.700102";"000KO"
"2023-53047";"2023-07-20";"1";"Vente";"648530.0";"7.0";"T";"RUE EMMANUEL PHILIBERT";"2295";"06300";"06088";"Nice";"06";"None";"None";"06088000KO0207";"None";"None";"86";"nan";"None";"nan";"None";"nan";"None";"nan";"None";"nan";"1";"3";"Dépendance";"nan";"0.0";"None";"None";"None";"None";"nan";"7.283659";"43.700102";"000KO"
"2023-52711";"2023-07-11";"1";"Vente";"300000.0";"22.0";"None";"BD LECH WALESA";"3588";"06300";"06088";"Nice";"06";"None";"None";"06088000KO0140";"None";"None";"4";"nan";"None";"nan";"None";"nan";"None";"nan";"None";"nan";"1";"2";"Appartement";"75.0";"4.0";"None";"None";"None";"None";"nan";"7.287025";"43.698426";"000KO"
"2023-52711";"2023-07-11";"1";"Vente";"300000.0";"22.0";"None";"BD LECH WALESA";"3588";"06300";"06088";"Nice";"06";"None";"None";"06088000KO0140";"None";"None";"4";"nan";"None";"nan";"None";"nan";"None";"nan";"None";"nan";"1";"3";"Dépendance";"nan";"0.0";"None";"None";"None";"None";"nan";"7.287025";"43.698426";"000KO"
"2023-52363";"2023-07-10";"1";"Vente";"320500.0";"6.0";"None";"BD LECH WALESA";"3588";"06300";"06088";"Nice";"06";"None";"None";"06088000KO0118";"None";"None";"42";"nan";"None";"nan";"None";"nan";"None";"nan";"None";"nan";"1";"2";"Appartement";"61.0";"3.0";"None";"None";"None";"None";"nan";"7.287166";"43.700014";"000KO"
"2023-52586";"2023-07-10";"1";"Vente";"475000.0";"28.0";"None";"RUE BARLA";"0610";"06300";"06088";"Nice";"06";"None";"None";"06088000KO0095";"None";"None";"16";"nan";"None";"nan";"None";"nan";"None";"nan";"None";"nan";"1";"2";"Appartement";"46.0";"3.0";"None";"None";"None";"None";"nan";"7.285233";"43.700974";"000KO"
"2023-52587";"2023-07-10";"1";"Vente";"227000.0";"28.0";"None";"RUE BARLA";"0610";"06300";"06088";"Nice";"06";"None";"None";"06088000KO0095";"None";"None";"11";"nan";"None";"nan";"None";"nan";"None";"nan";"None";"nan";"1";"2";"Appartement";"30.0";"2.0";"None";"None";"None";"None";"nan";"7.285233";"43.700974";"000KO"
"2023-53619";"2023-07-06";"1";"Vente";"241000.0";"18.0";"None";"RUE FRANCOIS GUISOL";"2635";"06300";"06088";"Nice";"06";"None";"None";"06088000KO0204";"None";"None";"75";"nan";"None";"nan";"None";"nan";"None";"nan";"None";"nan";"1";"2";"Appartement";"60.0";"3.0";"None";"None";"None";"None";"nan";"7.283611";"43.699572";"000KO"
"2023-52177";"2023-07-05";"1";"Vente";"131000.0";"20.0";"None";"RUE PAPON";"4690";"06300";"06088";"Nice";"06";"None";"None";"06088000KO0053";"None";"None";"5";"nan";"None";"nan";"None";"nan";"None";"nan";"None";"nan";"1";"2";"Appartement";"24.0";"1.0";"None";"None";"None";"None";"nan";"7.282972";"43.701086";"000KO"
"2023-52309";"2023-07-05";"1";"Vente";"648150.0";"4.0";"None";"RUE ANTOINE GAUTIER";"0265";"06300";"06088";"Nice";"06";"None";"None";"06088000KO0225";"None";"None";"32";"nan";"89";"nan";"None";"nan";"None";"nan";"None";"nan";"2";"2";"Appartement";"74.0";"3.0";"None";"None";"None";"None";"nan";"7.28255";"43.698408";"000KO"
"2023-51930";"2023-06-30";"1";"Vente";"137500.0";"4.0";"None";"RUE ARSON";"0390";"06300";"06088";"Nice";"06";"None";"None";"06088000KO0136";"None";"None";"8";"nan";"None";"nan";"None";"nan";"None";"nan";"None";"nan";"1";"2";"Appartement";"22.0";"1.0";"None";"None";"None";"None";"nan";"7.286593";"43.698814";"000KO"
"2023-52034";"2023-06-30";"1";"Vente";"1062000.0";"38.0";"None";"RUE CATHERINE SEGURANE";"1192";"06300";"06088";"Nice";"06";"None";"None";"06088000KO0228";"None";"None";"18";"149.26";"None";"nan";"None";"nan";"None";"nan";"None";"nan";"1";"4";"Local industriel. commercial ou assimilé";"114.0";"0.0";"None";"None";"None";"None";"nan";"7.282882";"43.697536";"000KO"
"2023-52546";"2023-06-30";"1";"Vente";"300000.0";"19.0";"None";"RUE LASCARIS";"3570";"06300";"06088";"Nice";"06";"None";"None";"06088000KO0177";"None";"None";"24";"nan";"5";"nan";"None";"nan";"None";"nan";"None";"nan";"2";"4";"Local industriel. commercial ou assimilé";"86.0";"0.0";"None";"None";"None";"None";"nan";"7.284421";"43.700117";"000KO"
"2023-51784";"2023-06-29";"1";"Vente";"623000.0";"15.0";"None";"RUE EMMANUEL PHILIBERT";"2295";"06300";"06088";"Nice";"06";"None";"None";"06088000KO0224";"None";"None";"15";"76.07";"None";"nan";"None";"nan";"None";"nan";"None";"nan";"1";"2";"Appartement";"82.0";"4.0";"None";"None";"None";"None";"nan";"7.283277";"43.698802";"000KO"
"2023-52279";"2023-06-29";"1";"Vente";"145000.0";"12.0";"None";"RUE FODERE";"2495";"06300";"06088";"Nice";"06";"None";"None";"06088000KO0143";"None";"None";"109";"nan";"None";"nan";"None";"nan";"None";"nan";"None";"nan";"1";"2";"Appartement";"22.0";"1.0";"None";"None";"None";"None";"nan";"7.286121";"43.698823";"000KO"
"2023-51376";"2023-06-28";"1";"Vente";"100000.0";"12.0";"None";"RUE FODERE";"2495";"06300";"06088";"Nice";"06";"None";"None";"06088000KO0143";"None";"None";"113";"nan";"None";"nan";"None";"nan";"None";"nan";"None";"nan";"1";"2";"Appartement";"21.0";"1.0";"None";"None";"None";"None";"nan";"7.286121";"43.698823";"000KO"
"2023-52310";"2023-06-27";"1";"Vente";"230000.0";"9.0";"T";"RUE EMMANUEL PHILIBERT";"2295";"06300";"06088";"Nice";"06";"None";"None";"06088000KO0207";"None";"None";"436";"nan";"None";"nan";"None";"nan";"None";"nan";"None";"nan";"1";"2";"Appartement";"28.0";"1.0";"None";"None";"None";"None";"nan";"7.283659";"43.700102";"000KO"
"2023-52430";"2023-06-27";"1";"Vente";"90000.0";"35.0";"None";"RUE BONAPARTE";"0885";"06300";"06088";"Nice";"06";"None";"None";"06088000KO0310";"None";"None";"13";"nan";"None";"nan";"None";"nan";"None";"nan";"None";"nan";"1";"4";"Local industriel. commercial ou assimilé";"53.0";"0.0";"None";"None";"None";"None";"nan";"7.284691";"43.700721";"000KO"
"2023-52010";"2023-06-26";"1";"Vente";"171000.0";"7.0";"None";"RUE LASCARIS";"3570";"06300";"06088";"Nice";"06";"None";"None";"06088000KO0157";"None";"None";"5";"nan";"77";"nan";"None";"nan";"None";"nan";"None";"nan";"2";"2";"Appartement";"25.0";"1.0";"None";"None";"None";"None";"nan";"7.286135";"43.700096";"000KO"
"2023-52273";"2023-06-26";"1";"Vente";"276000.0";"3.0";"None";"RUE FODERE";"2495";"06300";"06088";"Nice";"06";"None";"None";"06088000KO0190";"None";"None";"18";"nan";"None";"nan";"None";"nan";"None";"nan";"None";"nan";"1";"2";"Appartement";"46.0";"2.0";"None";"None";"None";"None";"nan";"7.284449";"43.699493";"000KO"
"2023-52010";"2023-06-26";"1";"Vente";"171000.0";"7.0";"None";"RUE LASCARIS";"3570";"06300";"06088";"Nice";"06";"None";"None";"06088000KO0157";"None";"None";"5";"nan";"77";"nan";"None";"nan";"None";"nan";"None";"nan";"2";"3";"Dépendance";"nan";"0.0";"None";"None";"None";"None";"nan";"7.286135";"43.700096";"000KO"
"2023-51770";"2023-06-22";"1";"Vente";"320000.0";"16.0";"None";"RUE BARLA";"0610";"06300";"06088";"Nice";"06";"None";"None";"06088000KO0356";"None";"None";"272";"63.2";"36";"nan";"None";"nan";"None";"nan";"None";"nan";"2";"2";"Appartement";"63.0";"3.0";"None";"None";"None";"None";"nan";"7.283146";"43.701514";"000KO"
"2023-52294";"2023-06-22";"1";"Vente";"165000.0";"41.0";"None";"RUE BONAPARTE";"0885";"06300";"06088";"Nice";"06";"None";"None";"06088000KO0302";"None";"None";"23";"nan";"None";"nan";"None";"nan";"None";"nan";"None";"nan";"1";"2";"Appartement";"25.0";"1.0";"None";"None";"None";"None";"nan";"7.285187";"43.700791";"000KO"
"2023-51770";"2023-06-22";"1";"Vente";"320000.0";"16.0";"None";"RUE BARLA";"0610";"06300";"06088";"Nice";"06";"None";"None";"06088000KO0356";"None";"None";"272";"63.2";"36";"nan";"None";"nan";"None";"nan";"None";"nan";"2";"3";"Dépendance";"nan";"0.0";"None";"None";"None";"None";"nan";"7.283146";"43.701514";"000KO"
"2023-51770";"2023-06-22";"1";"Vente";"320000.0";"16.0";"None";"RUE BARLA";"0610";"06300";"06088";"Nice";"06";"None";"None";"06088000KO0356";"None";"None";"272";"63.2";"36";"nan";"None";"nan";"None";"nan";"None";"nan";"2";"3";"Dépendance";"nan";"0.0";"None";"None";"None";"None";"nan";"7.283146";"43.701514";"000KO"
"2023-51721";"2023-06-21";"1";"Vente";"204840.0";"18.0";"None";"RUE ARSON";"0390";"06300";"06088";"Nice";"06";"None";"None";"06088000KO0119";"None";"None";"28";"36.39";"None";"nan";"None";"nan";"None";"nan";"None";"nan";"1";"2";"Appartement";"39.0";"2.0";"None";"None";"None";"None";"nan";"7.286903";"43.700034";"000KO"
"2023-51754";"2023-06-21";"1";"Vente";"169580.0";"18.0";"None";"RUE ARSON";"0390";"06300";"06088";"Nice";"06";"None";"None";"06088000KO0119";"None";"None";"18";"32.56";"None";"nan";"None";"nan";"None";"nan";"None";"nan";"1";"2";"Appartement";"56.0";"4.0";"None";"None";"None";"None";"nan";"7.286903";"43.700034";"000KO"
"2023-51307";"2023-06-20";"1";"Vente";"415000.0";"8.0";"None";"RUE CASSINI";"1180";"06300";"06088";"Nice";"06";"None";"None";"06088000KO0276";"None";"None";"9";"nan";"None";"nan";"None";"nan";"None";"nan";"None";"nan";"1";"2";"Appartement";"51.0";"3.0";"None";"None";"None";"None";"nan";"7.281251";"43.700167";"000KO"
"2023-51612";"2023-06-20";"1";"Vente";"180000.0";"12.0";"B";"RUE EMMANUEL PHILIBERT";"2295";"06300";"06088";"Nice";"06";"None";"None";"06088000KO0256";"None";"None";"32";"nan";"None";"nan";"None";"nan";"None";"nan";"None";"nan";"1";"2";"Appartement";"22.0";"1.0";"None";"None";"None";"None";"nan";"7.282938";"43.699674";"000KO"
"2023-51542";"2023-06-19";"1";"Vente";"249963.0";"2.0";"None";"RUE BAVASTRO";"0670";"06300";"06088";"Nice";"06";"None";"None";"06088000KO0096";"None";"None";"24";"nan";"None";"nan";"None";"nan";"None";"nan";"None";"nan";"1";"2";"Appartement";"39.0";"2.0";"None";"None";"None";"None";"nan";"7.285334";"43.700914";"000KO"
"2023-52089";"2023-06-19";"1";"Vente";"398000.0";"2.0";"None";"RUE ARSON";"0390";"06300";"06088";"Nice";"06";"None";"None";"06088000KO0138";"None";"None";"38";"nan";"39";"nan";"None";"nan";"None";"nan";"None";"nan";"2";"4";"Local industriel. commercial ou assimilé";"200.0";"0.0";"None";"None";"None";"None";"nan";"7.286662";"43.698643";"000KO"
"2023-51793";"2023-06-16";"1";"Vente";"89000.0";"3.0";"None";"RUE ANTOINE GAUTIER";"0265";"06300";"06088";"Nice";"06";"None";"None";"06088000KO0237";"None";"None";"64";"nan";"None";"nan";"None";"nan";"None";"nan";"None";"nan";"1";"2";"Appartement";"10.0";"1.0";"None";"None";"None";"None";"nan";"7.282394";"43.698933";"000KO"
"2023-51334";"2023-06-16";"1";"Vente";"40000.0";"10.0";"None";"RUE ARSON";"0390";"06300";"06088";"Nice";"06";"None";"None";"06088000KO0128";"None";"None";"26";"nan";"None";"nan";"None";"nan";"None";"nan";"None";"nan";"1";"3";"Dépendance";"nan";"0.0";"None";"None";"None";"None";"nan";"7.286804";"43.699453";"000KO"
"2023-51344";"2023-06-15";"1";"Vente";"130276.64";"10.0";"None";"RUE ARSON";"0390";"06300";"06088";"Nice";"06";"None";"None";"06088000KO0128";"None";"None";"43";"nan";"None";"nan";"None";"nan";"None";"nan";"None";"nan";"1";"2";"Appartement";"29.0";"1.0";"None";"None";"None";"None";"nan";"7.286804";"43.699453";"000KO"
"2023-51824";"2023-06-15";"1";"Vente";"133000.0";"34.0";"None";"RUE BONAPARTE";"0885";"06300";"06088";"Nice";"06";"None";"None";"06088000KO0170";"None";"None";"11";"nan";"None";"nan";"None";"nan";"None";"nan";"None";"nan";"1";"2";"Appartement";"19.0";"1.0";"None";"None";"None";"None";"nan";"7.284958";"43.700365";"000KO"
"2023-51087";"2023-06-14";"1";"Vente";"435000.0";"1.0";"None";"RUE PAPON";"4690";"06300";"06088";"Nice";"06";"None";"None";"06088000KO0025";"None";"None";"297";"nan";"31";"nan";"None";"nan";"None";"nan";"None";"nan";"2";"2";"Appartement";"80.0";"4.0";"None";"None";"None";"None";"nan";"7.281466";"43.701959";"000KO"
"2023-51087";"2023-06-14";"1";"Vente";"435000.0";"1.0";"None";"RUE PAPON";"4690";"06300";"06088";"Nice";"06";"None";"None";"06088000KO0025";"None";"None";"297";"nan";"31";"nan";"None";"nan";"None";"nan";"None";"nan";"2";"3";"Dépendance";"nan";"0.0";"None";"None";"None";"None";"nan";"7.281466";"43.701959";"000KO"
"2023-50870";"2023-06-12";"1";"Vente";"300000.0";"12.0";"None";"RUE EMMANUEL PHILIBERT";"2295";"06300";"06088";"Nice";"06";"None";"None";"06088000KO0257";"None";"None";"23";"nan";"None";"nan";"None";"nan";"None";"nan";"None";"nan";"1";"2";"Appartement";"81.0";"4.0";"None";"None";"None";"None";"nan";"7.282991";"43.699873";"000KO"
"2023-50663";"2023-06-02";"1";"Vente";"287000.0";"11.0";"None";"RUE FODERE";"2495";"06300";"06088";"Nice";"06";"None";"None";"06088000KO0149";"None";"None";"148";"58.7";"None";"nan";"None";"nan";"None";"nan";"None";"nan";"1";"2";"Appartement";"54.0";"3.0";"None";"None";"None";"None";"nan";"7.285552";"43.699377";"000KO"
"2023-50574";"2023-06-01";"1";"Vente";"109000.0";"6.0";"B";"BD LECH WALESA";"3588";"06300";"06088";"Nice";"06";"None";"None";"06088000KO0123";"None";"None";"1";"nan";"None";"nan";"None";"nan";"None";"nan";"None";"nan";"1";"2";"Appartement";"26.0";"1.0";"None";"None";"None";"None";"nan";"7.287211";"43.6999";"000KO"
"2023-50349";"2023-05-30";"1";"Vente";"170000.0";"3.0";"None";"RUE ANTOINE GAUTIER";"0265";"06300";"06088";"Nice";"06";"None";"None";"06088000KO0237";"None";"None";"98";"nan";"None";"nan";"None";"nan";"None";"nan";"None";"nan";"1";"2";"Appartement";"23.0";"1.0";"None";"None";"None";"None";"nan";"7.282394";"43.698933";"000KO"
"2023-50127";"2023-05-26";"1";"Vente";"209000.0";"17.0";"None";"RUE CASSINI";"1180";"06300";"06088";"Nice";"06";"None";"None";"06088000KO0200";"None";"None";"26";"nan";"None";"nan";"None";"nan";"None";"nan";"None";"nan";"1";"2";"Appartement";"30.0";"2.0";"None";"None";"None";"None";"nan";"7.283796";"43.699114";"000KO"
"2023-50785";"2023-05-25";"1";"Vente";"132485.0";"16.0";"None";"RUE BARLA";"0610";"06300";"06088";"Nice";"06";"None";"None";"06088000KO0356";"None";"None";"196";"22.32";"42";"nan";"None";"nan";"None";"nan";"None";"nan";"2";"2";"Appartement";"22.0";"1.0";"None";"None";"None";"None";"nan";"7.283146";"43.701514";"000KO"
"2023-50922";"2023-05-25";"1";"Vente";"100000.0";"31.0";"None";"RUE BONAPARTE";"0885";"06300";"06088";"Nice";"06";"None";"None";"06088000KO0081";"None";"None";"12";"28.77";"None";"nan";"None";"nan";"None";"nan";"None";"nan";"1";"2";"Appartement";"23.0";"1.0";"None";"None";"None";"None";"nan";"7.284048";"43.700751";"000KO"
"2023-50785";"2023-05-25";"1";"Vente";"132485.0";"16.0";"None";"RUE BARLA";"0610";"06300";"06088";"Nice";"06";"None";"None";"06088000KO0356";"None";"None";"196";"22.32";"42";"nan";"None";"nan";"None";"nan";"None";"nan";"2";"3";"Dépendance";"nan";"0.0";"None";"None";"None";"None";"nan";"7.283146";"43.701514";"000KO"
"2023-50785";"2023-05-25";"1";"Vente";"132485.0";"16.0";"None";"RUE BARLA";"0610";"06300";"06088";"Nice";"06";"None";"None";"06088000KO0356";"None";"None";"196";"22.32";"42";"nan";"None";"nan";"None";"nan";"None";"nan";"2";"3";"Dépendance";"nan";"0.0";"None";"None";"None";"None";"nan";"7.283146";"43.701514";"000KO"
"2023-50323";"2023-05-22";"1";"Vente";"321600.0";"7.0";"B";"RUE EMMANUEL PHILIBERT";"2295";"06300";"06088";"Nice";"06";"None";"None";"06088000KO0212";"None";"None";"3";"80.14";"None";"nan";"None";"nan";"None";"nan";"None";"nan";"1";"2";"Appartement";"80.0";"3.0";"None";"None";"None";"None";"nan";"7.283452";"43.70043";"000KO"
"2023-50323";"2023-05-22";"1";"Vente";"321600.0";"7.0";"B";"RUE EMMANUEL PHILIBERT";"2295";"06300";"06088";"Nice";"06";"None";"None";"06088000KO0212";"None";"None";"3";"80.14";"None";"nan";"None";"nan";"None";"nan";"None";"nan";"1";"3";"Dépendance";"nan";"0.0";"None";"None";"None";"None";"nan";"7.283452";"43.70043";"000KO"
"2023-49813";"2023-05-17";"1";"Vente";"190000.0";"20.0";"None";"RUE EMMANUEL PHILIBERT";"2295";"06300";"06088";"Nice";"06";"None";"None";"06088000KO0225";"None";"None";"41";"23.58";"None";"nan";"None";"nan";"None";"nan";"None";"nan";"1";"2";"Appartement";"29.0";"1.0";"None";"None";"None";"None";"nan";"7.28255";"43.698408";"000KO"
"2023-49966";"2023-05-17";"1";"Vente";"178000.0";"11.0";"None";"RUE BONAPARTE";"0885";"06300";"06088";"Nice";"06";"None";"None";"06088000KO0046";"None";"None";"2";"nan";"None";"nan";"None";"nan";"None";"nan";"None";"nan";"1";"4";"Local industriel. commercial ou assimilé";"20.0";"0.0";"None";"None";"None";"None";"nan";"7.282422";"43.700877";"000KO"
"2023-49238";"2023-05-12";"1";"Vente";"200000.0";"20.0";"None";"BD LECH WALESA";"3588";"06300";"06088";"Nice";"06";"None";"None";"06088000KO0139";"None";"None";"18";"52.51";"None";"nan";"None";"nan";"None";"nan";"None";"nan";"1";"2";"Appartement";"60.0";"2.0";"None";"None";"None";"None";"nan";"7.286912";"43.69857";"000KO"
"2023-49238";"2023-05-12";"1";"Vente";"200000.0";"20.0";"None";"BD LECH WALESA";"3588";"06300";"06088";"Nice";"06";"None";"None";"06088000KO0139";"None";"None";"18";"52.51";"None";"nan";"None";"nan";"None";"nan";"None";"nan";"1";"3";"Dépendance";"nan";"0.0";"None";"None";"None";"None";"nan";"7.286912";"43.69857";"000KO"
"2023-49914";"2023-05-11";"1";"Vente";"238000.0";"28.0";"None";"RUE BARLA";"0610";"06300";"06088";"Nice";"06";"None";"None";"06088000KO0095";"None";"None";"15";"nan";"None";"nan";"None";"nan";"None";"nan";"None";"nan";"1";"2";"Appartement";"56.0";"4.0";"None";"None";"None";"None";"nan";"7.285233";"43.700974";"000KO"
"2023-49544";"2023-05-11";"1";"Vente";"120000.0";"5.0";"None";"PL ILE DE BEAUTE";"3265";"06300";"06088";"Nice";"06";"None";"None";"06088000KO0146";"None";"None";"18";"10.43";"None";"nan";"None";"nan";"None";"nan";"None";"nan";"1";"3";"Dépendance";"nan";"0.0";"None";"None";"None";"None";"nan";"7.285715";"43.698828";"000KO"
"2023-49914";"2023-05-11";"1";"Vente";"238000.0";"28.0";"None";"RUE BARLA";"0610";"06300";"06088";"Nice";"06";"None";"None";"06088000KO0095";"None";"None";"15";"nan";"None";"nan";"None";"nan";"None";"nan";"None";"nan";"1";"3";"Dépendance";"nan";"0.0";"None";"None";"None";"None";"nan";"7.285233";"43.700974";"000KO"
"2023-49076";"2023-05-10";"1";"Vente";"443000.0";"26.0";"None";"RUE CATHERINE SEGURANE";"1192";"06300";"06088";"Nice";"06";"None";"None";"06088000KO0232";"None";"None";"9";"nan";"None";"nan";"None";"nan";"None";"nan";"None";"nan";"1";"2";"Appartement";"116.0";"4.0";"None";"None";"None";"None";"nan";"7.282073";"43.698537";"000KO"
"2023-48942";"2023-05-09";"1";"Vente";"230000.0";"13.0";"None";"RUE LASCARIS";"3570";"06300";"06088";"Nice";"06";"None";"None";"06088000KO0179";"None";"None";"2";"nan";"5";"nan";"None";"nan";"None";"nan";"None";"nan";"2";"2";"Appartement";"66.0";"3.0";"None";"None";"None";"None";"nan";"7.284884";"43.700167";"000KO"
"2023-49370";"2023-05-09";"1";"Vente";"135000.0";"16.0";"None";"RUE BARLA";"0610";"06300";"06088";"Nice";"06";"None";"None";"06088000KO0356";"None";"None";"176";"nan";"None";"nan";"None";"nan";"None";"nan";"None";"nan";"1";"2";"Appartement";"22.0";"1.0";"None";"None";"None";"None";"nan";"7.283146";"43.701514";"000KO"
"2023-48942";"2023-05-09";"1";"Vente";"230000.0";"13.0";"None";"RUE LASCARIS";"3570";"06300";"06088";"Nice";"06";"None";"None";"06088000KO0179";"None";"None";"2";"nan";"5";"nan";"None";"nan";"None";"nan";"None";"nan";"2";"3";"Dépendance";"nan";"0.0";"None";"None";"None";"None";"nan";"7.284884";"43.700167";"000KO"
"2023-49786";"2023-05-05";"1";"Vente";"155000.0";"2.0";"None";"RUE FRANCOIS GUISOL";"2635";"06300";"06088";"Nice";"06";"None";"None";"06088000KO0071";"None";"None";"40";"nan";"None";"nan";"None";"nan";"None";"nan";"None";"nan";"1";"2";"Appartement";"27.0";"1.0";"None";"None";"None";"None";"nan";"7.284112";"43.701239";"000KO"
"2023-49106";"2023-05-02";"1";"Vente";"170100.0";"16.0";"T";"PL GARIBALDI";"2785";"06300";"06088";"Nice";"06";"None";"None";"06088000KO0037";"None";"None";"9";"49.1";"None";"nan";"None";"nan";"None";"nan";"None";"nan";"1";"2";"Appartement";"43.0";"2.0";"None";"None";"None";"None";"nan";"7.281341";"43.700828";"000KO"
"2023-48805";"2023-04-27";"1";"Vente";"290000.0";"3.0";"None";"RUE LASCARIS";"3570";"06300";"06088";"Nice";"06";"None";"None";"06088000KO0122";"None";"None";"132";"51.55";"None";"nan";"None";"nan";"None";"nan";"None";"nan";"1";"2";"Appartement";"52.0";"3.0";"None";"None";"None";"None";"nan";"7.28702";"43.699915";"000KO"
"2023-49402";"2023-04-27";"1";"Vente";"175000.0";"18.0";"None";"PL GARIBALDI";"2785";"06300";"06088";"Nice";"06";"None";"None";"06088000KO0038";"None";"None";"20";"nan";"None";"nan";"None";"nan";"None";"nan";"None";"nan";"1";"2";"Appartement";"26.0";"1.0";"None";"None";"None";"None";"nan";"7.281048";"43.700792";"000KO"
"2023-49013";"2023-04-25";"1";"Vente";"272110.0";"10.0";"None";"RUE FODERE";"2495";"06300";"06088";"Nice";"06";"None";"None";"06088000KO0144";"None";"None";"22";"nan";"None";"nan";"None";"nan";"None";"nan";"None";"nan";"1";"2";"Appartement";"55.0";"3.0";"None";"None";"None";"None";"nan";"7.285931";"43.698953";"000KO"
"2023-48148";"2023-04-24";"1";"Vente";"357000.0";"5.0";"None";"RUE FRANCOIS GUISOL";"2635";"06300";"06088";"Nice";"06";"None";"None";"06088000KO0083";"None";"None";"31";"nan";"None";"nan";"None";"nan";"None";"nan";"None";"nan";"1";"2";"Appartement";"40.0";"1.0";"None";"None";"None";"None";"nan";"7.284553";"43.700835";"000KO"
"2023-48762";"2023-04-24";"1";"Vente";"62000.0";"8.0";"None";"RUE BAVASTRO";"0670";"06300";"06088";"Nice";"06";"None";"None";"06088000KO0168";"None";"None";"9";"nan";"None";"nan";"None";"nan";"None";"nan";"None";"nan";"1";"2";"Appartement";"20.0";"1.0";"None";"None";"None";"None";"nan";"7.285242";"43.700307";"000KO"
"2023-49294";"2023-04-24";"1";"Vente";"685000.0";"18.0";"None";"RUE CASSINI";"1180";"06300";"06088";"Nice";"06";"None";"None";"06088000KO0244";"None";"None";"49";"nan";"50";"nan";"None";"nan";"None";"nan";"None";"nan";"2";"2";"Appartement";"114.0";"5.0";"None";"None";"None";"None";"nan";"7.282555";"43.699433";"000KO"
"2023-49294";"2023-04-24";"1";"Vente";"685000.0";"18.0";"None";"RUE CASSINI";"1180";"06300";"06088";"Nice";"06";"None";"None";"06088000KO0244";"None";"None";"49";"nan";"50";"nan";"None";"nan";"None";"nan";"None";"nan";"2";"3";"Dépendance";"nan";"0.0";"None";"None";"None";"None";"nan";"7.282555";"43.699433";"000KO"
"2023-48945";"2023-04-21";"1";"Vente";"244520.0";"42.0";"None";"RUE BONAPARTE";"0885";"06300";"06088";"Nice";"06";"None";"None";"06088000KO0161";"None";"None";"24";"nan";"None";"nan";"None";"nan";"None";"nan";"None";"nan";"1";"2";"Appartement";"39.0";"2.0";"None";"None";"None";"None";"nan";"7.285774";"43.700272";"000KO"
"2023-48887";"2023-04-20";"1";"Vente";"202000.0";"18.0";"None";"RUE CATHERINE SEGURANE";"1192";"06300";"06088";"Nice";"06";"None";"None";"06088000KO0248";"None";"None";"15";"nan";"None";"nan";"None";"nan";"None";"nan";"None";"nan";"1";"2";"Appartement";"20.0";"1.0";"None";"None";"None";"None";"nan";"7.281853";"43.699251";"000KO"
"2023-48476";"2023-04-20";"1";"Vente";"620000.0";"18.0";"None";"RUE ARSON";"0390";"06300";"06088";"Nice";"06";"None";"None";"06088000KO0119";"None";"1";"None";"nan";"None";"nan";"None";"nan";"None";"nan";"None";"nan";"0";"None";"None";"nan";"nan";"None";"None";"None";"None";"nan";"7.286903";"43.700034";"000KO"
"2023-48639";"2023-04-19";"1";"Vente";"35000.0";"7.0";"T";"RUE EMMANUEL PHILIBERT";"2295";"06300";"06088";"Nice";"06";"None";"None";"06088000KO0207";"None";"None";"36";"nan";"None";"nan";"None";"nan";"None";"nan";"None";"nan";"1";"3";"Dépendance";"nan";"0.0";"None";"None";"None";"None";"nan";"7.283659";"43.700102";"000KO"
"2023-48377";"2023-04-17";"1";"Vente";"324500.0";"53.0";"None";"RUE BONAPARTE";"0885";"06300";"06088";"Nice";"06";"None";"None";"06088000KO0108";"None";"None";"8";"nan";"None";"nan";"None";"nan";"None";"nan";"None";"nan";"1";"2";"Appartement";"50.0";"3.0";"None";"None";"None";"None";"nan";"7.286289";"43.700614";"000KO"
"2023-48687";"2023-04-14";"1";"Vente";"299000.0";"47.0";"None";"RUE BONAPARTE";"0885";"06300";"06088";"Nice";"06";"None";"None";"06088000KO0100";"None";"None";"23";"nan";"None";"nan";"None";"nan";"None";"nan";"None";"nan";"1";"2";"Appartement";"38.0";"2.0";"None";"None";"None";"None";"nan";"7.285794";"43.700637";"000KO"
"2023-48069";"2023-04-14";"1";"Vente";"40000.0";"8.0";"None";"RUE ARSON";"0390";"06300";"06088";"Nice";"06";"None";"None";"06088000KO0131";"None";"None";"135";"nan";"None";"nan";"None";"nan";"None";"nan";"None";"nan";"1";"3";"Dépendance";"nan";"0.0";"None";"None";"None";"None";"nan";"7.286876";"43.699236";"000KO"
"2023-47747";"2023-04-12";"1";"Vente";"333000.0";"3.0";"None";"RUE MARTIN SEYTOUR";"4085";"06300";"06088";"Nice";"06";"None";"None";"06088000KO0255";"None";"None";"103";"58.0";"None";"nan";"None";"nan";"None";"nan";"None";"nan";"1";"2";"Appartement";"50.0";"3.0";"None";"None";"None";"None";"nan";"7.28274";"43.699985";"000KO"
"2023-48252";"2023-04-11";"1";"Vente";"225000.0";"6.0";"None";"PAS CATHERINE SEGURANE";"1191";"06300";"06088";"Nice";"06";"None";"None";"06088000KO0279";"None";"None";"17";"52.09";"18";"nan";"None";"nan";"None";"nan";"None";"nan";"2";"2";"Appartement";"52.0";"3.0";"None";"None";"None";"None";"nan";"7.281267";"43.699932";"000KO"
"2023-47881";"2023-04-07";"1";"Vente";"50000.0";"24.0";"None";"RUE PASSERONI";"4830";"06300";"06088";"Nice";"06";"None";"None";"06088000KO0079";"None";"None";"7";"nan";"None";"nan";"None";"nan";"None";"nan";"None";"nan";"1";"3";"Dépendance";"nan";"0.0";"None";"None";"None";"None";"nan";"7.284111";"43.701031";"000KO"
"2023-47918";"2023-04-06";"1";"Vente";"143809.0";"16.0";"None";"RUE ARSON";"0390";"06300";"06088";"Nice";"06";"None";"None";"06088000KO0119";"None";"None";"43";"nan";"None";"nan";"None";"nan";"None";"nan";"None";"nan";"1";"2";"Appartement";"25.0";"2.0";"None";"None";"None";"None";"nan";"7.286903";"43.700034";"000KO"
"2023-48465";"2023-04-06";"1";"Vente";"225000.0";"2.0";"None";"RUE RUSCA";"5635";"06300";"06088";"Nice";"06";"None";"None";"06088000KO0148";"None";"None";"19";"nan";"None";"nan";"None";"nan";"None";"nan";"None";"nan";"1";"2";"Appartement";"49.0";"3.0";"None";"None";"None";"None";"nan";"7.285685";"43.69905";"000KO"
"2023-60509";"2023-04-06";"1";"Adjudication";"150000.0";"17.0";"None";"RUE CASSINI";"1180";"06300";"06088";"Nice";"06";"None";"None";"06088000KO0200";"None";"None";"28";"nan";"None";"nan";"None";"nan";"None";"nan";"None";"nan";"1";"2";"Appartement";"36.0";"2.0";"None";"None";"None";"None";"nan";"7.283796";"43.699114";"000KO"
"2023-47672";"2023-04-04";"1";"Vente";"305000.0";"7.0";"T";"RUE EMMANUEL PHILIBERT";"2295";"06300";"06088";"Nice";"06";"None";"None";"06088000KO0207";"None";"None";"484";"nan";"None";"nan";"None";"nan";"None";"nan";"None";"nan";"1";"2";"Appartement";"53.0";"2.0";"None";"None";"None";"None";"nan";"7.283659";"43.700102";"000KO"
"2023-48457";"2023-04-04";"1";"Vente";"208000.0";"2.0";"None";"RUE EMMANUEL PHILIBERT";"2295";"06300";"06088";"Nice";"06";"None";"None";"06088000KO0356";"None";"None";"246";"nan";"None";"nan";"None";"nan";"None";"nan";"None";"nan";"1";"2";"Appartement";"35.0";"1.0";"None";"None";"None";"None";"nan";"7.283146";"43.701514";"000KO"
"2023-48457";"2023-04-04";"1";"Vente";"208000.0";"2.0";"None";"RUE EMMANUEL PHILIBERT";"2295";"06300";"06088";"Nice";"06";"None";"None";"06088000KO0356";"None";"None";"246";"nan";"None";"nan";"None";"nan";"None";"nan";"None";"nan";"1";"3";"Dépendance";"nan";"0.0";"None";"None";"None";"None";"nan";"7.283146";"43.701514";"000KO"
"2023-48015";"2023-03-31";"1";"Vente";"538400.0";"1.0";"None";"RUE PAPON";"4690";"06300";"06088";"Nice";"06";"None";"None";"06088000KO0025";"None";"None";"312";"nan";"67";"nan";"None";"nan";"None";"nan";"None";"nan";"2";"2";"Appartement";"80.0";"4.0";"None";"None";"None";"None";"nan";"7.281466";"43.701959";"000KO"
"2023-48058";"2023-03-31";"1";"Vente";"150000.0";"12.0";"None";"RUE FODERE";"2495";"06300";"06088";"Nice";"06";"None";"None";"06088000KO0143";"None";"None";"89";"26.35";"None";"nan";"None";"nan";"None";"nan";"None";"nan";"1";"2";"Appartement";"26.0";"1.0";"None";"None";"None";"None";"nan";"7.286121";"43.698823";"000KO"
"2023-48015";"2023-03-31";"1";"Vente";"538400.0";"1.0";"None";"RUE PAPON";"4690";"06300";"06088";"Nice";"06";"None";"None";"06088000KO0025";"None";"None";"312";"nan";"67";"nan";"None";"nan";"None";"nan";"None";"nan";"2";"3";"Dépendance";"nan";"0.0";"None";"None";"None";"None";"nan";"7.281466";"43.701959";"000KO"
"2023-47956";"2023-03-30";"1";"Vente";"90000.0";"17.0";"None";"RUE LASCARIS";"3570";"06300";"06088";"Nice";"06";"None";"None";"06088000KO0316";"None";"None";"36";"29.0";"None";"nan";"None";"nan";"None";"nan";"None";"nan";"1";"2";"Appartement";"26.0";"2.0";"None";"None";"None";"None";"nan";"7.284625";"43.700203";"000KO"
"2023-47409";"2023-03-28";"1";"Vente";"117364.0";"18.0";"None";"RUE ARSON";"0390";"06300";"06088";"Nice";"06";"None";"None";"06088000KO0119";"None";"None";"17";"nan";"None";"nan";"None";"nan";"None";"nan";"None";"nan";"1";"2";"Appartement";"69.0";"3.0";"None";"None";"None";"None";"nan";"7.286903";"43.700034";"000KO"
"2023-47209";"2023-03-27";"1";"Vente";"390000.0";"10.0";"None";"RUE BAVASTRO";"0670";"06300";"06088";"Nice";"06";"None";"None";"06088000KO0180";"None";"None";"5";"50.01";"None";"nan";"None";"nan";"None";"nan";"None";"nan";"1";"2";"Appartement";"52.0";"3.0";"None";"None";"None";"None";"nan";"7.285175";"43.700193";"000KO"
"2023-47834";"2023-03-27";"1";"Vente";"90000.0";"17.0";"None";"RUE LASCARIS";"3570";"06300";"06088";"Nice";"06";"None";"None";"06088000KO0316";"None";"None";"37";"nan";"None";"nan";"None";"nan";"None";"nan";"None";"nan";"1";"2";"Appartement";"33.0";"2.0";"None";"None";"None";"None";"nan";"7.284625";"43.700203";"000KO"
"2023-47209";"2023-03-27";"1";"Vente";"390000.0";"10.0";"None";"RUE BAVASTRO";"0670";"06300";"06088";"Nice";"06";"None";"None";"06088000KO0180";"None";"None";"5";"50.01";"None";"nan";"None";"nan";"None";"nan";"None";"nan";"1";"3";"Dépendance";"nan";"0.0";"None";"None";"None";"None";"nan";"7.285175";"43.700193";"000KO"
"2023-47046";"2023-03-24";"1";"Vente";"147000.0";"12.0";"None";"RUE FODERE";"2495";"06300";"06088";"Nice";"06";"None";"None";"06088000KO0143";"None";"None";"88";"nan";"None";"nan";"None";"nan";"None";"nan";"None";"nan";"1";"2";"Appartement";"21.0";"1.0";"None";"None";"None";"None";"nan";"7.286121";"43.698823";"000KO"
"2023-47689";"2023-03-23";"1";"Vente";"100000.0";"17.0";"None";"RUE LASCARIS";"3570";"06300";"06088";"Nice";"06";"None";"None";"06088000KO0316";"None";"None";"35";"nan";"None";"nan";"None";"nan";"None";"nan";"None";"nan";"1";"2";"Appartement";"34.0";"2.0";"None";"None";"None";"None";"nan";"7.284625";"43.700203";"000KO"
"2023-46965";"2023-03-21";"1";"Vente";"200000.0";"14.0";"None";"RUE CASSINI";"1180";"06300";"06088";"Nice";"06";"None";"None";"06088000KO0322";"None";"None";"36";"nan";"None";"nan";"None";"nan";"None";"nan";"None";"nan";"1";"2";"Appartement";"26.0";"1.0";"None";"None";"None";"None";"nan";"7.282081";"43.699652";"000KO"
"2023-47248";"2023-03-21";"1";"Vente";"231550.0";"3.0";"None";"RUE ANTOINE GAUTIER";"0265";"06300";"06088";"Nice";"06";"None";"None";"06088000KO0237";"None";"None";"113";"nan";"114";"nan";"None";"nan";"None";"nan";"None";"nan";"2";"2";"Appartement";"36.0";"2.0";"None";"None";"None";"None";"nan";"7.282394";"43.698933";"000KO"
"2023-46420";"2023-03-17";"1";"Vente";"720000.0";"52.0";"None";"AV DE LA REPUBLIQUE";"5435";"06300";"06088";"Nice";"06";"None";"None";"06088000KO0018";"None";"None";"18";"nan";"None";"nan";"None";"nan";"None";"nan";"None";"nan";"1";"2";"Appartement";"86.0";"3.0";"None";"None";"None";"None";"nan";"7.280415";"43.701997";"000KO"
"2023-46542";"2023-03-17";"1";"Vente";"218500.0";"14.0";"None";"RUE CASSINI";"1180";"06300";"06088";"Nice";"06";"None";"None";"06088000KO0322";"None";"None";"33";"29.23";"None";"nan";"None";"nan";"None";"nan";"None";"nan";"1";"2";"Appartement";"29.0";"2.0";"None";"None";"None";"None";"nan";"7.282081";"43.699652";"000KO"
"2023-46663";"2023-03-17";"1";"Vente";"285000.0";"6.0";"None";"RUE BOYER";"0945";"06300";"06088";"Nice";"06";"None";"None";"06088000KO0034";"None";"None";"37";"50.7";"None";"nan";"None";"nan";"None";"nan";"None";"nan";"1";"2";"Appartement";"49.0";"2.0";"None";"None";"None";"None";"nan";"7.281721";"43.701093";"000KO"
"2023-46999";"2023-03-17";"1";"Vente";"144299.0";"16.0";"None";"RUE ARSON";"0390";"06300";"06088";"Nice";"06";"None";"None";"06088000KO0119";"None";"None";"47";"26.82";"None";"nan";"None";"nan";"None";"nan";"None";"nan";"1";"2";"Appartement";"24.0";"2.0";"None";"None";"None";"None";"nan";"7.286903";"43.700034";"000KO"
"2023-47196";"2023-03-17";"1";"Vente";"215000.0";"3.0";"None";"RUE FRANCOIS GUISOL";"2635";"06300";"06088";"Nice";"06";"None";"None";"06088000KO0084";"None";"None";"27";"54.0";"None";"nan";"None";"nan";"None";"nan";"None";"nan";"1";"2";"Appartement";"80.0";"4.0";"None";"None";"None";"None";"nan";"7.284552";"43.701007";"000KO"
"2023-48057";"2023-03-17";"1";"Vente";"365050.0";"24.0";"None";"RUE BARLA";"0610";"06300";"06088";"Nice";"06";"None";"None";"06088000KO0089";"None";"None";"31";"71.0";"None";"nan";"None";"nan";"None";"nan";"None";"nan";"1";"2";"Appartement";"74.0";"3.0";"None";"None";"None";"None";"nan";"7.284853";"43.700997";"000KO"
"2023-46420";"2023-03-17";"1";"Vente";"720000.0";"52.0";"None";"AV DE LA REPUBLIQUE";"5435";"06300";"06088";"Nice";"06";"None";"None";"06088000KO0018";"None";"None";"18";"nan";"None";"nan";"None";"nan";"None";"nan";"None";"nan";"1";"3";"Dépendance";"nan";"0.0";"None";"None";"None";"None";"nan";"7.280415";"43.701997";"000KO"
"2023-46663";"2023-03-17";"1";"Vente";"285000.0";"6.0";"None";"RUE BOYER";"0945";"06300";"06088";"Nice";"06";"None";"None";"06088000KO0034";"None";"None";"37";"50.7";"None";"nan";"None";"nan";"None";"nan";"None";"nan";"1";"3";"Dépendance";"nan";"0.0";"None";"None";"None";"None";"nan";"7.281721";"43.701093";"000KO"
"2023-47394";"2023-03-16";"1";"Vente";"40000.0";"7.0";"T";"RUE EMMANUEL PHILIBERT";"2295";"06300";"06088";"Nice";"06";"None";"None";"06088000KO0207";"None";"None";"24";"nan";"None";"nan";"None";"nan";"None";"nan";"None";"nan";"1";"3";"Dépendance";"nan";"0.0";"None";"None";"None";"None";"nan";"7.283659";"43.700102";"000KO"
"2023-46972";"2023-03-14";"1";"Vente";"420000.0";"25.0";"None";"RUE BONAPARTE";"0885";"06300";"06088";"Nice";"06";"None";"None";"06088000KO0075";"None";"None";"51";"nan";"None";"nan";"None";"nan";"None";"nan";"None";"nan";"1";"2";"Appartement";"58.0";"3.0";"None";"None";"None";"None";"nan";"7.283466";"43.700768";"000KO"
"2023-46977";"2023-03-14";"1";"Vente";"100000.0";"17.0";"None";"RUE LASCARIS";"3570";"06300";"06088";"Nice";"06";"None";"None";"06088000KO0316";"None";"None";"38";"35.3";"None";"nan";"None";"nan";"None";"nan";"None";"nan";"1";"2";"Appartement";"34.0";"2.0";"None";"None";"None";"None";"nan";"7.284625";"43.700203";"000KO"
"2023-46972";"2023-03-14";"1";"Vente";"420000.0";"25.0";"None";"RUE BONAPARTE";"0885";"06300";"06088";"Nice";"06";"None";"None";"06088000KO0075";"None";"None";"51";"nan";"None";"nan";"None";"nan";"None";"nan";"None";"nan";"1";"3";"Dépendance";"nan";"0.0";"None";"None";"None";"None";"nan";"7.283466";"43.700768";"000KO"
"2023-46859";"2023-03-13";"1";"Vente";"405000.0";"11.0";"None";"RUE BONAPARTE";"0885";"06300";"06088";"Nice";"06";"None";"None";"06088000KO0046";"None";"None";"9";"71.39";"None";"nan";"None";"nan";"None";"nan";"None";"nan";"1";"2";"Appartement";"71.0";"2.0";"None";"None";"None";"None";"nan";"7.282422";"43.700877";"000KO"
"2023-46366";"2023-03-10";"1";"Vente";"230000.0";"17.0";"None";"RUE CASSINI";"1180";"06300";"06088";"Nice";"06";"None";"None";"06088000KO0200";"None";"None";"32";"59.48";"None";"nan";"None";"nan";"None";"nan";"None";"nan";"1";"2";"Appartement";"70.0";"2.0";"None";"None";"None";"None";"nan";"7.283796";"43.699114";"000KO"
"2023-46637";"2023-03-10";"1";"Vente";"720000.0";"2.0";"None";"RUE MARTIN SEYTOUR";"4085";"06300";"06088";"Nice";"06";"None";"None";"06088000KO0262";"None";"None";"26";"nan";"None";"nan";"None";"nan";"None";"nan";"None";"nan";"1";"2";"Appartement";"93.0";"4.0";"None";"None";"None";"None";"nan";"7.282539";"43.700588";"000KO"
"2023-46867";"2023-03-10";"1";"Vente";"225000.0";"12.0";"B";"RUE FRANCOIS GUISOL";"2635";"06300";"06088";"Nice";"06";"None";"None";"06088000KO0207";"None";"None";"567";"nan";"None";"nan";"None";"nan";"None";"nan";"None";"nan";"1";"2";"Appartement";"34.0";"2.0";"None";"None";"None";"None";"nan";"7.283659";"43.700102";"000KO"
"2023-46603";"2023-03-08";"1";"Vente";"151644.0";"18.0";"None";"RUE ARSON";"0390";"06300";"06088";"Nice";"06";"None";"None";"06088000KO0119";"None";"None";"32";"27.65";"None";"nan";"None";"nan";"None";"nan";"None";"nan";"1";"2";"Appartement";"41.0";"3.0";"None";"None";"None";"None";"nan";"7.286903";"43.700034";"000KO"
"2023-46190";"2023-03-08";"1";"Vente";"46000.0";"7.0";"T";"RUE EMMANUEL PHILIBERT";"2295";"06300";"06088";"Nice";"06";"None";"None";"06088000KO0207";"None";"None";"219";"nan";"None";"nan";"None";"nan";"None";"nan";"None";"nan";"1";"3";"Dépendance";"nan";"0.0";"None";"None";"None";"None";"nan";"7.283659";"43.700102";"000KO"
"2023-46010";"2023-03-07";"1";"Vente";"126500.0";"17.0";"None";"RUE BONAPARTE";"0885";"06300";"06088";"Nice";"06";"None";"None";"06088000KO0049";"None";"None";"5";"20.05";"None";"nan";"None";"nan";"None";"nan";"None";"nan";"1";"2";"Appartement";"23.0";"1.0";"None";"None";"None";"None";"nan";"7.282786";"43.700983";"000KO"
"2023-46590";"2023-03-07";"1";"Vente";"220000.0";"3.0";"None";"RUE ANTOINE GAUTIER";"0265";"06300";"06088";"Nice";"06";"None";"None";"06088000KO0237";"None";"None";"18";"nan";"None";"nan";"None";"nan";"None";"nan";"None";"nan";"1";"2";"Appartement";"10.0";"1.0";"None";"None";"None";"None";"nan";"7.282394";"43.698933";"000KO"
"2023-46590";"2023-03-07";"1";"Vente";"220000.0";"3.0";"None";"RUE ANTOINE GAUTIER";"0265";"06300";"06088";"Nice";"06";"None";"None";"06088000KO0237";"None";"None";"20";"nan";"None";"nan";"None";"nan";"None";"nan";"None";"nan";"1";"2";"Appartement";"11.0";"1.0";"None";"None";"None";"None";"nan";"7.282394";"43.698933";"000KO"
"2023-46590";"2023-03-07";"1";"Vente";"220000.0";"3.0";"None";"RUE ANTOINE GAUTIER";"0265";"06300";"06088";"Nice";"06";"None";"None";"06088000KO0237";"None";"None";"17";"nan";"None";"nan";"None";"nan";"None";"nan";"None";"nan";"1";"2";"Appartement";"11.0";"1.0";"None";"None";"None";"None";"nan";"7.282394";"43.698933";"000KO"
"2023-46646";"2023-03-07";"1";"Vente";"108000.0";"52.0";"None";"RUE BONAPARTE";"0885";"06300";"06088";"Nice";"06";"None";"None";"06088000KO0114";"None";"None";"28";"nan";"None";"nan";"None";"nan";"None";"nan";"None";"nan";"1";"2";"Appartement";"21.0";"2.0";"None";"None";"None";"None";"nan";"7.287025";"43.700219";"000KO"
"2023-46544";"2023-03-03";"1";"Vente";"95200.0";"56.0";"None";"AV DE LA REPUBLIQUE";"5435";"06300";"06088";"Nice";"06";"None";"None";"06088000KO0012";"None";"None";"14";"23.37";"None";"nan";"None";"nan";"None";"nan";"None";"nan";"1";"2";"Appartement";"25.0";"1.0";"None";"None";"None";"None";"nan";"7.28027";"43.701667";"000KO"
"2023-46853";"2023-03-03";"1";"Vente";"220000.0";"9.0";"None";"RUE ARSON";"0390";"06300";"06088";"Nice";"06";"None";"None";"06088000KO0156";"None";"None";"137";"52.6";"81";"nan";"None";"nan";"None";"nan";"None";"nan";"2";"2";"Appartement";"52.0";"2.0";"None";"None";"None";"None";"nan";"7.28639";"43.700127";"000KO"
"2023-46853";"2023-03-03";"1";"Vente";"220000.0";"9.0";"None";"RUE ARSON";"0390";"06300";"06088";"Nice";"06";"None";"None";"06088000KO0156";"None";"None";"118";"nan";"None";"nan";"None";"nan";"None";"nan";"None";"nan";"1";"3";"Dépendance";"nan";"0.0";"None";"None";"None";"None";"nan";"7.28639";"43.700127";"000KO"
"2023-46853";"2023-03-03";"1";"Vente";"220000.0";"9.0";"None";"RUE ARSON";"0390";"06300";"06088";"Nice";"06";"None";"None";"06088000KO0156";"None";"None";"137";"52.6";"81";"nan";"None";"nan";"None";"nan";"None";"nan";"2";"3";"Dépendance";"nan";"0.0";"None";"None";"None";"None";"nan";"7.28639";"43.700127";"000KO"
"2023-46544";"2023-03-03";"1";"Vente";"95200.0";"56.0";"None";"AV DE LA REPUBLIQUE";"5435";"06300";"06088";"Nice";"06";"None";"None";"06088000KO0012";"None";"None";"14";"23.37";"None";"nan";"None";"nan";"None";"nan";"None";"nan";"1";"4";"Local industriel. commercial ou assimilé";"45.0";"0.0";"None";"None";"None";"None";"nan";"7.28027";"43.701667";"000KO"
"2023-46367";"2023-03-02";"1";"Vente";"43000.0";"7.0";"T";"RUE EMMANUEL PHILIBERT";"2295";"06300";"06088";"Nice";"06";"None";"None";"06088000KO0207";"None";"None";"84";"nan";"None";"nan";"None";"nan";"None";"nan";"None";"nan";"1";"3";"Dépendance";"nan";"0.0";"None";"None";"None";"None";"nan";"7.283659";"43.700102";"000KO"
"2023-46079";"2023-03-01";"1";"Vente";"144360.0";"16.0";"None";"RUE ARSON";"0390";"06300";"06088";"Nice";"06";"None";"None";"06088000KO0119";"None";"None";"39";"nan";"None";"nan";"None";"nan";"None";"nan";"None";"nan";"1";"2";"Appartement";"25.0";"2.0";"None";"None";"None";"None";"nan";"7.286903";"43.700034";"000KO"
"2023-46344";"2023-02-27";"1";"Vente";"73000.0";"8.0";"None";"RUE BAVASTRO";"0670";"06300";"06088";"Nice";"06";"None";"None";"06088000KO0168";"None";"None";"14";"nan";"None";"nan";"None";"nan";"None";"nan";"None";"nan";"1";"2";"Appartement";"29.0";"1.0";"None";"None";"None";"None";"nan";"7.285242";"43.700307";"000KO"
"2023-46368";"2023-02-27";"1";"Vente";"129000.0";"8.0";"None";"RUE BAVASTRO";"0670";"06300";"06088";"Nice";"06";"None";"None";"06088000KO0168";"None";"None";"14";"28.75";"None";"nan";"None";"nan";"None";"nan";"None";"nan";"1";"2";"Appartement";"29.0";"1.0";"None";"None";"None";"None";"nan";"7.285242";"43.700307";"000KO"
"2023-46405";"2023-02-24";"1";"Vente";"100000.0";"4.0";"None";"RUE LASCARIS";"3570";"06300";"06088";"Nice";"06";"None";"None";"06088000KO0127";"None";"None";"31";"nan";"51";"nan";"None";"nan";"None";"nan";"None";"nan";"2";"2";"Appartement";"31.0";"2.0";"None";"None";"None";"None";"nan";"7.286779";"43.699575";"000KO"
"2023-46405";"2023-02-24";"1";"Vente";"100000.0";"4.0";"None";"RUE LASCARIS";"3570";"06300";"06088";"Nice";"06";"None";"None";"06088000KO0127";"None";"None";"31";"nan";"51";"nan";"None";"nan";"None";"nan";"None";"nan";"2";"3";"Dépendance";"nan";"0.0";"None";"None";"None";"None";"nan";"7.286779";"43.699575";"000KO"
"2023-45560";"2023-02-23";"1";"Vente";"151700.0";"3.0";"None";"RUE ANTOINE GAUTIER";"0265";"06300";"06088";"Nice";"06";"None";"None";"06088000KO0237";"None";"None";"1";"nan";"2";"nan";"None";"nan";"None";"nan";"None";"nan";"2";"2";"Appartement";"28.0";"1.0";"None";"None";"None";"None";"nan";"7.282394";"43.698933";"000KO"
"2023-45133";"2023-02-17";"1";"Vente";"119562.0";"1.0";"None";"RUE EMMANUEL PHILIBERT";"2295";"06300";"06088";"Nice";"06";"None";"None";"06088000KO0068";"None";"None";"40";"26.97";"None";"nan";"None";"nan";"None";"nan";"None";"nan";"1";"2";"Appartement";"54.0";"3.0";"None";"None";"None";"None";"nan";"7.283737";"43.701417";"000KO"
"2023-45762";"2023-02-17";"1";"Vente";"490000.0";"25.0";"None";"RUE BONAPARTE";"0885";"06300";"06088";"Nice";"06";"None";"None";"06088000KO0075";"None";"None";"41";"nan";"56";"52.05";"None";"nan";"None";"nan";"None";"nan";"2";"2";"Appartement";"53.0";"3.0";"None";"None";"None";"None";"nan";"7.283466";"43.700768";"000KO"
"2023-45762";"2023-02-17";"1";"Vente";"490000.0";"25.0";"None";"RUE BONAPARTE";"0885";"06300";"06088";"Nice";"06";"None";"None";"06088000KO0075";"None";"None";"41";"nan";"56";"52.05";"None";"nan";"None";"nan";"None";"nan";"2";"3";"Dépendance";"nan";"0.0";"None";"None";"None";"None";"nan";"7.283466";"43.700768";"000KO"
"2023-46682";"2023-02-17";"1";"Vente";"61000.0";"7.0";"T";"RUE EMMANUEL PHILIBERT";"2295";"06300";"06088";"Nice";"06";"None";"None";"06088000KO0207";"None";"None";"345";"nan";"None";"nan";"None";"nan";"None";"nan";"None";"nan";"1";"3";"Dépendance";"nan";"0.0";"None";"None";"None";"None";"nan";"7.283659";"43.700102";"000KO"
"2023-45846";"2023-02-15";"1";"Vente";"195000.0";"32.0";"None";"RUE BARLA";"0610";"06300";"06088";"Nice";"06";"None";"None";"06088000KO0103";"None";"None";"3";"nan";"None";"nan";"None";"nan";"None";"nan";"None";"nan";"1";"4";"Local industriel. commercial ou assimilé";"100.0";"0.0";"None";"None";"None";"None";"nan";"7.285983";"43.700788";"000KO"
"2023-45566";"2023-02-14";"1";"Vente";"195000.0";"14.0";"None";"RUE FRANCOIS GUISOL";"2635";"06300";"06088";"Nice";"06";"None";"None";"06088000KO0207";"None";"None";"496";"34.73";"None";"nan";"None";"nan";"None";"nan";"None";"nan";"1";"2";"Appartement";"34.0";"1.0";"None";"None";"None";"None";"nan";"7.283659";"43.700102";"000KO"
"2023-45396";"2023-02-14";"1";"Vente";"51000.0";"36.0";"None";"RUE BARLA";"0610";"06300";"06088";"Nice";"06";"None";"None";"06088000KO0107";"None";"None";"2";"nan";"None";"nan";"None";"nan";"None";"nan";"None";"nan";"1";"4";"Local industriel. commercial ou assimilé";"15.0";"0.0";"None";"None";"None";"None";"nan";"7.286309";"43.700679";"000KO"
"2023-45767";"2023-02-13";"1";"Vente";"100000.0";"9.0";"None";"RUE FRANCOIS GUISOL";"2635";"06300";"06088";"Nice";"06";"None";"None";"06088000KO0174";"None";"None";"15";"nan";"None";"nan";"None";"nan";"None";"nan";"None";"nan";"1";"2";"Appartement";"18.0";"1.0";"None";"None";"None";"None";"nan";"7.284406";"43.700478";"000KO"
"2023-44825";"2023-02-08";"1";"Vente";"125000.0";"34.0";"None";"RUE BARLA";"0610";"06300";"06088";"Nice";"06";"None";"None";"06088000KO0106";"None";"None";"10";"39.54";"None";"nan";"None";"nan";"None";"nan";"None";"nan";"1";"2";"Appartement";"42.0";"2.0";"None";"None";"None";"None";"nan";"7.28614";"43.700732";"000KO"
"2023-44864";"2023-02-08";"1";"Vente";"249000.0";"20.0";"None";"BD LECH WALESA";"3588";"06300";"06088";"Nice";"06";"None";"None";"06088000KO0139";"None";"None";"19";"nan";"None";"nan";"None";"nan";"None";"nan";"None";"nan";"1";"4";"Local industriel. commercial ou assimilé";"72.0";"0.0";"None";"None";"None";"None";"nan";"7.286912";"43.69857";"000KO"
"2023-44599";"2023-02-06";"1";"Vente";"295000.0";"7.0";"T";"RUE EMMANUEL PHILIBERT";"2295";"06300";"06088";"Nice";"06";"None";"None";"06088000KO0207";"None";"None";"153";"nan";"463";"nan";"None";"nan";"None";"nan";"None";"nan";"2";"2";"Appartement";"49.0";"2.0";"None";"None";"None";"None";"nan";"7.283659";"43.700102";"000KO"
"2023-44775";"2023-02-06";"1";"Vente";"159000.0";"19.0";"None";"RUE FODERE";"2495";"06300";"06088";"Nice";"06";"None";"None";"06088000KO0131";"None";"None";"176";"47.1";"29";"nan";"None";"nan";"None";"nan";"None";"nan";"2";"2";"Appartement";"50.0";"2.0";"None";"None";"None";"None";"nan";"7.286876";"43.699236";"000KO"
"2023-44775";"2023-02-06";"1";"Vente";"159000.0";"19.0";"None";"RUE FODERE";"2495";"06300";"06088";"Nice";"06";"None";"None";"06088000KO0131";"None";"None";"176";"47.1";"29";"nan";"None";"nan";"None";"nan";"None";"nan";"2";"3";"Dépendance";"nan";"0.0";"None";"None";"None";"None";"nan";"7.286876";"43.699236";"000KO"
"2023-45958";"2023-02-03";"1";"Vente";"335000.0";"15.0";"None";"RUE EMMANUEL PHILIBERT";"2295";"06300";"06088";"Nice";"06";"None";"None";"06088000KO0224";"None";"None";"14";"nan";"None";"nan";"None";"nan";"None";"nan";"None";"nan";"1";"2";"Appartement";"54.0";"4.0";"None";"None";"None";"None";"nan";"7.283277";"43.698802";"000KO"
"2023-45301";"2023-01-31";"1";"Vente";"745192.0";"9.0";"None";"RUE FODERE";"2495";"06300";"06088";"Nice";"06";"None";"None";"06088000KO0194";"None";"None";"104";"nan";"120";"nan";"None";"nan";"None";"nan";"None";"nan";"2";"2";"Appartement";"121.0";"4.0";"None";"None";"None";"None";"nan";"7.284976";"43.69947";"000KO"
"2023-45301";"2023-01-31";"1";"Vente";"745192.0";"9.0";"None";"RUE FODERE";"2495";"06300";"06088";"Nice";"06";"None";"None";"06088000KO0194";"None";"None";"104";"nan";"120";"nan";"None";"nan";"None";"nan";"None";"nan";"2";"3";"Dépendance";"nan";"0.0";"None";"None";"None";"None";"nan";"7.284976";"43.69947";"000KO"
"2023-44731";"2023-01-28";"1";"Vente";"280000.0";"56.0";"None";"AV DE LA REPUBLIQUE";"5435";"06300";"06088";"Nice";"06";"None";"None";"06088000KO0012";"None";"None";"9";"nan";"None";"nan";"None";"nan";"None";"nan";"None";"nan";"1";"2";"Appartement";"25.0";"1.0";"None";"None";"None";"None";"nan";"7.28027";"43.701667";"000KO"
"2023-44731";"2023-01-28";"1";"Vente";"280000.0";"56.0";"None";"AV DE LA REPUBLIQUE";"5435";"06300";"06088";"Nice";"06";"None";"None";"06088000KO0012";"None";"None";"9";"nan";"None";"nan";"None";"nan";"None";"nan";"None";"nan";"1";"4";"Local industriel. commercial ou assimilé";"45.0";"0.0";"None";"None";"None";"None";"nan";"7.28027";"43.701667";"000KO"
"2023-44512";"2023-01-27";"1";"Vente";"99000.0";"11.0";"None";"RUE FRANCOIS GUISOL";"2635";"06300";"06088";"Nice";"06";"None";"None";"06088000KO0314";"None";"None";"43";"nan";"None";"nan";"None";"nan";"None";"nan";"None";"nan";"1";"2";"Appartement";"18.0";"1.0";"None";"None";"None";"None";"nan";"7.28448";"43.700301";"000KO"
"2023-44519";"2023-01-27";"1";"Vente";"350000.0";"16.0";"T";"PL GARIBALDI";"2785";"06300";"06088";"Nice";"06";"None";"None";"06088000KO0037";"None";"None";"7";"nan";"None";"nan";"None";"nan";"None";"nan";"None";"nan";"1";"2";"Appartement";"44.0";"3.0";"None";"None";"None";"None";"nan";"7.281341";"43.700828";"000KO"
"2023-44528";"2023-01-27";"1";"Vente";"99000.0";"11.0";"None";"RUE FRANCOIS GUISOL";"2635";"06300";"06088";"Nice";"06";"None";"None";"06088000KO0314";"None";"None";"40";"nan";"None";"nan";"None";"nan";"None";"nan";"None";"nan";"1";"2";"Appartement";"20.0";"1.0";"None";"None";"None";"None";"nan";"7.28448";"43.700301";"000KO"
"2023-44540";"2023-01-27";"1";"Vente";"160000.0";"12.0";"None";"RUE CASSINI";"1180";"06300";"06088";"Nice";"06";"None";"None";"06088000KO0282";"None";"None";"49";"23.33";"None";"nan";"None";"nan";"None";"nan";"None";"nan";"1";"2";"Appartement";"25.0";"2.0";"None";"None";"None";"None";"nan";"7.281709";"43.699956";"000KO"
"2023-45636";"2023-01-27";"1";"Vente";"290000.0";"26.0";"None";"RUE BONAPARTE";"0885";"06300";"06088";"Nice";"06";"None";"None";"06088000KO0313";"None";"None";"9";"nan";"None";"nan";"None";"nan";"None";"nan";"None";"nan";"1";"2";"Appartement";"50.0";"3.0";"None";"None";"None";"None";"nan";"7.284529";"43.700393";"000KO"
"2023-45636";"2023-01-27";"1";"Vente";"290000.0";"26.0";"None";"RUE BONAPARTE";"0885";"06300";"06088";"Nice";"06";"None";"None";"06088000KO0313";"None";"None";"9";"nan";"None";"nan";"None";"nan";"None";"nan";"None";"nan";"1";"3";"Dépendance";"nan";"0.0";"None";"None";"None";"None";"nan";"7.284529";"43.700393";"000KO"
"2023-44198";"2023-01-26";"1";"Vente";"180000.0";"11.0";"None";"RUE FODERE";"2495";"06300";"06088";"Nice";"06";"None";"None";"06088000KO0149";"None";"None";"123";"nan";"130";"nan";"None";"nan";"None";"nan";"None";"nan";"2";"2";"Appartement";"30.0";"1.0";"None";"None";"None";"None";"nan";"7.285552";"43.699377";"000KO"
"2023-44608";"2023-01-26";"1";"Vente";"109791.0";"30.0";"None";"RUE BARLA";"0610";"06300";"06088";"Nice";"06";"None";"None";"06088000KO0102";"None";"None";"12";"nan";"7";"nan";"None";"nan";"None";"nan";"None";"nan";"2";"2";"Appartement";"17.0";"1.0";"None";"None";"None";"None";"nan";"7.285801";"43.700829";"000KO"
"2023-44944";"2023-01-26";"1";"Vente";"115000.0";"54.0";"None";"RUE BONAPARTE";"0885";"06300";"06088";"Nice";"06";"None";"None";"06088000KO0115";"None";"None";"4";"nan";"None";"nan";"None";"nan";"None";"nan";"None";"nan";"1";"2";"Appartement";"25.0";"2.0";"None";"None";"None";"None";"nan";"7.287141";"43.700254";"000KO"
"2023-44795";"2023-01-23";"1";"Vente";"250000.0";"4.0";"None";"RUE EMMANUEL PHILIBERT";"2295";"06300";"06088";"Nice";"06";"None";"None";"06088000KO0052";"None";"None";"115";"nan";"None";"nan";"None";"nan";"None";"nan";"None";"nan";"1";"2";"Appartement";"48.0";"3.0";"None";"None";"None";"None";"nan";"7.283105";"43.701063";"000KO"
"2023-45096";"2023-01-23";"1";"Vente";"200000.0";"18.0";"None";"RUE CASSINI";"1180";"06300";"06088";"Nice";"06";"None";"None";"06088000KO0244";"None";"None";"23";"nan";"None";"nan";"None";"nan";"None";"nan";"None";"nan";"1";"2";"Appartement";"43.0";"1.0";"None";"None";"None";"None";"nan";"7.282555";"43.699433";"000KO"
"2023-44106";"2023-01-19";"1";"Vente";"48830.0";"38.0";"None";"RUE BONAPARTE";"0885";"06300";"06088";"Nice";"06";"None";"None";"06088000KO0167";"None";"None";"4";"nan";"None";"nan";"None";"nan";"None";"nan";"None";"nan";"1";"3";"Dépendance";"nan";"0.0";"None";"None";"None";"None";"nan";"7.285267";"43.700406";"000KO"
"2023-44793";"2023-01-17";"1";"Vente";"299050.0";"19.0";"T";"RUE FODERE";"2495";"06300";"06088";"Nice";"06";"None";"None";"06088000KO0131";"None";"None";"236";"nan";"74";"nan";"None";"nan";"None";"nan";"None";"nan";"2";"2";"Appartement";"88.0";"3.0";"None";"None";"None";"None";"nan";"7.286876";"43.699236";"000KO"
"2023-44793";"2023-01-17";"1";"Vente";"299050.0";"19.0";"T";"RUE FODERE";"2495";"06300";"06088";"Nice";"06";"None";"None";"06088000KO0131";"None";"None";"236";"nan";"74";"nan";"None";"nan";"None";"nan";"None";"nan";"2";"3";"Dépendance";"nan";"0.0";"None";"None";"None";"None";"nan";"7.286876";"43.699236";"000KO"
"2023-43738";"2023-01-12";"1";"Vente";"573500.0";"7.0";"None";"RUE BONAPARTE";"0885";"06300";"06088";"Nice";"06";"None";"None";"06088000KO0312";"None";"None";"19";"111.2";"None";"nan";"None";"nan";"None";"nan";"None";"nan";"1";"2";"Appartement";"120.0";"5.0";"None";"None";"None";"None";"nan";"7.282132";"43.70085";"000KO"
"2023-43992";"2023-01-12";"1";"Vente";"90000.0";"12.0";"None";"RUE EMMANUEL PHILIBERT";"2295";"06300";"06088";"Nice";"06";"None";"None";"06088000KO0257";"None";"None";"13";"nan";"None";"nan";"None";"nan";"None";"nan";"None";"nan";"1";"2";"Appartement";"49.0";"3.0";"None";"None";"None";"None";"nan";"7.282991";"43.699873";"000KO"
"2023-44075";"2023-01-12";"1";"Vente";"317700.0";"2.0";"None";"RUE FODERE";"2495";"06300";"06088";"Nice";"06";"None";"None";"06088000KO0197";"None";"None";"220";"nan";"None";"nan";"None";"nan";"None";"nan";"None";"nan";"1";"2";"Appartement";"40.0";"2.0";"None";"None";"None";"None";"nan";"7.284449";"43.699004";"000KO"
"2023-43686";"2023-01-11";"1";"Vente";"200000.0";"16.0";"None";"RUE CASSINI";"1180";"06300";"06088";"Nice";"06";"None";"None";"06088000KO0298";"None";"None";"12";"52.41";"None";"nan";"None";"nan";"None";"nan";"None";"nan";"1";"2";"Appartement";"37.0";"1.0";"None";"None";"None";"None";"nan";"7.28231";"43.699625";"000KO"
"2023-43974";"2023-01-11";"1";"Vente";"341080.0";"19.0";"None";"RUE FODERE";"2495";"06300";"06088";"Nice";"06";"None";"None";"06088000KO0131";"None";"None";"231";"52.11";"27";"nan";"None";"nan";"None";"nan";"None";"nan";"2";"2";"Appartement";"55.0";"2.0";"None";"None";"None";"None";"nan";"7.286876";"43.699236";"000KO"
"2023-43686";"2023-01-11";"1";"Vente";"200000.0";"16.0";"None";"RUE CASSINI";"1180";"06300";"06088";"Nice";"06";"None";"None";"06088000KO0298";"None";"None";"12";"52.41";"None";"nan";"None";"nan";"None";"nan";"None";"nan";"1";"3";"Dépendance";"nan";"0.0";"None";"None";"None";"None";"nan";"7.28231";"43.699625";"000KO"
"2023-43974";"2023-01-11";"1";"Vente";"341080.0";"19.0";"None";"RUE FODERE";"2495";"06300";"06088";"Nice";"06";"None";"None";"06088000KO0131";"None";"None";"231";"52.11";"27";"nan";"None";"nan";"None";"nan";"None";"nan";"2";"3";"Dépendance";"nan";"0.0";"None";"None";"None";"None";"nan";"7.286876";"43.699236";"000KO"
"2023-43974";"2023-01-11";"1";"Vente";"341080.0";"8.0";"None";"RUE ARSON";"0390";"06300";"06088";"Nice";"06";"None";"None";"06088000KO0131";"None";"None";"127";"nan";"None";"nan";"None";"nan";"None";"nan";"None";"nan";"1";"3";"Dépendance";"nan";"0.0";"None";"None";"None";"None";"nan";"7.286876";"43.699236";"000KO"
"2023-43974";"2023-01-11";"1";"Vente";"341080.0";"19.0";"None";"RUE FODERE";"2495";"06300";"06088";"Nice";"06";"None";"None";"06088000KO0131";"None";"None";"231";"52.11";"27";"nan";"None";"nan";"None";"nan";"None";"nan";"2";"3";"Dépendance";"nan";"0.0";"None";"None";"None";"None";"nan";"7.286876";"43.699236";"000KO"
"2023-44053";"2023-01-09";"1";"Vente";"318500.0";"12.0";"B";"RUE EMMANUEL PHILIBERT";"2295";"06300";"06088";"Nice";"06";"None";"None";"06088000KO0256";"None";"None";"24";"nan";"None";"nan";"None";"nan";"None";"nan";"None";"nan";"1";"2";"Appartement";"53.0";"3.0";"None";"None";"None";"None";"nan";"7.282938";"43.699674";"000KO"
"2023-44080";"2023-01-09";"1";"Vente";"135000.0";"3.0";"None";"RUE ANTOINE GAUTIER";"0265";"06300";"06088";"Nice";"06";"None";"None";"06088000KO0237";"None";"None";"109";"nan";"None";"nan";"None";"nan";"None";"nan";"None";"nan";"1";"2";"Appartement";"22.0";"1.0";"None";"None";"None";"None";"nan";"7.282394";"43.698933";"000KO"
"2023-44086";"2023-01-09";"1";"Vente";"265000.0";"54.0";"None";"BD RISSO";"5490";"06300";"06088";"Nice";"06";"None";"None";"06088000KO0019";"None";"None";"37";"nan";"57";"nan";"None";"nan";"None";"nan";"None";"nan";"2";"2";"Appartement";"55.0";"2.0";"None";"None";"None";"None";"nan";"7.280193";"43.702316";"000KO"
"2023-44086";"2023-01-09";"1";"Vente";"265000.0";"54.0";"None";"BD RISSO";"5490";"06300";"06088";"Nice";"06";"None";"None";"06088000KO0019";"None";"None";"37";"nan";"57";"nan";"None";"nan";"None";"nan";"None";"nan";"2";"3";"Dépendance";"nan";"0.0";"None";"None";"None";"None";"nan";"7.280193";"43.702316";"000KO"
"2023-43661";"2023-01-05";"1";"Vente";"50000.0";"7.0";"T";"RUE EMMANUEL PHILIBERT";"2295";"06300";"06088";"Nice";"06";"None";"None";"06088000KO0207";"None";"None";"103";"nan";"None";"nan";"None";"nan";"None";"nan";"None";"nan";"1";"3";"Dépendance";"nan";"0.0";"None";"None";"None";"None";"nan";"7.283659";"43.700102";"000KO"
"2023-43676";"2023-01-04";"1";"Vente";"161000.0";"6.0";"None";"BD LECH WALESA";"3588";"06300";"06088";"Nice";"06";"None";"None";"06088000KO0118";"None";"None";"18";"nan";"None";"nan";"None";"nan";"None";"nan";"None";"nan";"1";"2";"Appartement";"20.0";"1.0";"None";"None";"None";"None";"nan";"7.287166";"43.700014";"000KO"
"2022-71634";"2022-12-27";"1";"Vente";"215000.0";"14.0";"B";"RUE FRANCOIS GUISOL";"2635";"06300";"06088";"Nice";"06";"None";"None";"06088000KO0207";"None";"None";"394";"nan";"619";"nan";"None";"nan";"None";"nan";"None";"nan";"2";"2";"Appartement";"38.0";"2.0";"None";"None";"None";"None";"nan";"7.283659";"43.700102";"000KO"
"2022-71034";"2022-12-23";"1";"Vente";"450000.0";"24.0";"None";"RUE PASSERONI";"4830";"06300";"06088";"Nice";"06";"None";"None";"06088000KO0079";"None";"None";"34";"nan";"None";"nan";"None";"nan";"None";"nan";"None";"nan";"1";"2";"Appartement";"31.0";"2.0";"None";"None";"None";"None";"nan";"7.284111";"43.701031";"000KO"
"2022-71295";"2022-12-22";"1";"Vente";"70000.0";"3.0";"None";"RUE BONAPARTE";"0885";"06300";"06088";"Nice";"06";"None";"None";"06088000KO0040";"None";"None";"17";"nan";"21";"9.2";"None";"nan";"None";"nan";"None";"nan";"2";"2";"Appartement";"20.0";"1.0";"None";"None";"None";"None";"nan";"7.281425";"43.700795";"000KO"
"2022-71090";"2022-12-21";"1";"Vente";"155000.0";"9.0";"None";"RUE ARSON";"0390";"06300";"06088";"Nice";"06";"None";"None";"06088000KO0156";"None";"None";"136";"nan";"76";"nan";"None";"nan";"None";"nan";"None";"nan";"2";"2";"Appartement";"35.0";"1.0";"None";"None";"None";"None";"nan";"7.28639";"43.700127";"000KO"
"2022-71090";"2022-12-21";"1";"Vente";"155000.0";"9.0";"None";"RUE ARSON";"0390";"06300";"06088";"Nice";"06";"None";"None";"06088000KO0156";"None";"None";"136";"nan";"76";"nan";"None";"nan";"None";"nan";"None";"nan";"2";"3";"Dépendance";"nan";"0.0";"None";"None";"None";"None";"nan";"7.28639";"43.700127";"000KO"
"2022-70609";"2022-12-20";"1";"Vente";"46000.0";"16.0";"None";"RUE FODERE";"2495";"06300";"06088";"Nice";"06";"None";"None";"06088000KO0134";"None";"None";"79";"nan";"None";"nan";"None";"nan";"None";"nan";"None";"nan";"1";"3";"Dépendance";"nan";"0.0";"None";"None";"None";"None";"nan";"7.286825";"43.698829";"000KO"
"2022-70556";"2022-12-16";"1";"Vente";"237000.0";"3.0";"None";"RUE MARTIN SEYTOUR";"4085";"06300";"06088";"Nice";"06";"None";"None";"06088000KO0255";"None";"None";"60";"nan";"None";"nan";"None";"nan";"None";"nan";"None";"nan";"1";"2";"Appartement";"45.0";"2.0";"None";"None";"None";"None";"nan";"7.28274";"43.699985";"000KO"
"2022-70664";"2022-12-15";"1";"Vente";"122000.0";"22.0";"None";"RUE FRANCOIS GUISOL";"2635";"06300";"06088";"Nice";"06";"None";"None";"06088000KO0201";"None";"None";"8";"15.18";"None";"nan";"None";"nan";"None";"nan";"None";"nan";"1";"2";"Appartement";"17.0";"1.0";"None";"None";"None";"None";"nan";"7.283814";"43.699241";"000KO"
"2022-71691";"2022-12-15";"1";"Adjudication";"295000.0";"14.0";"None";"RUE CASSINI";"1180";"06300";"06088";"Nice";"06";"None";"None";"06088000KO0322";"None";"None";"21";"nan";"None";"nan";"None";"nan";"None";"nan";"None";"nan";"1";"2";"Appartement";"56.0";"3.0";"None";"None";"None";"None";"nan";"7.282081";"43.699652";"000KO"
"2022-70478";"2022-12-13";"1";"Vente";"330000.0";"32.0";"None";"RUE BARLA";"0610";"06300";"06088";"Nice";"06";"None";"None";"06088000KO0103";"None";"None";"8";"71.04";"None";"nan";"None";"nan";"None";"nan";"None";"nan";"1";"2";"Appartement";"70.0";"4.0";"None";"None";"None";"None";"nan";"7.285983";"43.700788";"000KO"
"2022-70507";"2022-12-13";"1";"Vente";"180000.0";"10.0";"None";"RUE BAVASTRO";"0670";"06300";"06088";"Nice";"06";"None";"None";"06088000KO0180";"None";"None";"21";"nan";"None";"nan";"None";"nan";"None";"nan";"None";"nan";"1";"2";"Appartement";"31.0";"2.0";"None";"None";"None";"None";"nan";"7.285175";"43.700193";"000KO"
"2022-69690";"2022-12-12";"1";"Vente";"140000.0";"56.0";"None";"AV DE LA REPUBLIQUE";"5435";"06300";"06088";"Nice";"06";"None";"None";"06088000KO0012";"None";"None";"27";"30.76";"None";"nan";"None";"nan";"None";"nan";"None";"nan";"1";"2";"Appartement";"30.0";"1.0";"None";"None";"None";"None";"nan";"7.28027";"43.701667";"000KO"
"2022-70476";"2022-12-12";"1";"Vente";"680000.0";"7.0";"B";"RUE ANTOINE GAUTIER";"0265";"06300";"06088";"Nice";"06";"None";"None";"06088000KO0222";"None";"None";"3";"104.29";"None";"nan";"None";"nan";"None";"nan";"None";"nan";"1";"2";"Appartement";"105.0";"4.0";"None";"None";"None";"None";"nan";"7.283548";"43.698757";"000KO"
"2022-70476";"2022-12-12";"1";"Vente";"680000.0";"7.0";"B";"RUE ANTOINE GAUTIER";"0265";"06300";"06088";"Nice";"06";"None";"None";"06088000KO0222";"None";"None";"3";"104.29";"None";"nan";"None";"nan";"None";"nan";"None";"nan";"1";"3";"Dépendance";"nan";"0.0";"None";"None";"None";"None";"nan";"7.283548";"43.698757";"000KO"
"2022-69876";"2022-12-08";"1";"Vente";"353950.0";"14.0";"None";"RUE BAVASTRO";"0670";"06300";"06088";"Nice";"06";"None";"None";"06088000KO0193";"None";"None";"11";"nan";"None";"nan";"None";"nan";"None";"nan";"None";"nan";"1";"2";"Appartement";"64.0";"3.0";"None";"None";"None";"None";"nan";"7.285017";"43.699573";"000KO"
"2022-69558";"2022-12-06";"1";"Vente";"10000.0";"11.0";"None";"RUE FODERE";"2495";"06300";"06088";"Nice";"06";"None";"None";"06088000KO0149";"None";"None";"109";"nan";"None";"nan";"None";"nan";"None";"nan";"None";"nan";"1";"2";"Appartement";"125.0";"5.0";"None";"None";"None";"None";"nan";"7.285552";"43.699377";"000KO"
"2022-70527";"2022-12-06";"1";"Vente";"275000.0";"9.0";"T";"RUE EMMANUEL PHILIBERT";"2295";"06300";"06088";"Nice";"06";"None";"None";"06088000KO0207";"None";"None";"437";"42.15";"None";"nan";"None";"nan";"None";"nan";"None";"nan";"1";"2";"Appartement";"41.0";"2.0";"None";"None";"None";"None";"nan";"7.283659";"43.700102";"000KO"
"2022-69558";"2022-12-06";"1";"Vente";"10000.0";"11.0";"None";"RUE FODERE";"2495";"06300";"06088";"Nice";"06";"None";"None";"06088000KO0149";"None";"None";"109";"nan";"None";"nan";"None";"nan";"None";"nan";"None";"nan";"1";"3";"Dépendance";"nan";"0.0";"None";"None";"None";"None";"nan";"7.285552";"43.699377";"000KO"
"2022-69558";"2022-12-06";"1";"Vente";"10000.0";"11.0";"None";"RUE FODERE";"2495";"06300";"06088";"Nice";"06";"None";"None";"06088000KO0149";"None";"None";"109";"nan";"None";"nan";"None";"nan";"None";"nan";"None";"nan";"1";"3";"Dépendance";"nan";"0.0";"None";"None";"None";"None";"nan";"7.285552";"43.699377";"000KO"
"2022-70527";"2022-12-06";"1";"Vente";"275000.0";"7.0";"T";"RUE EMMANUEL PHILIBERT";"2295";"06300";"06088";"Nice";"06";"None";"None";"06088000KO0207";"None";"None";"220";"nan";"None";"nan";"None";"nan";"None";"nan";"None";"nan";"1";"3";"Dépendance";"nan";"0.0";"None";"None";"None";"None";"nan";"7.283659";"43.700102";"000KO"
"2022-70555";"2022-12-05";"1";"Vente";"249000.0";"3.0";"None";"RUE MARTIN SEYTOUR";"4085";"06300";"06088";"Nice";"06";"None";"None";"06088000KO0255";"None";"None";"95";"nan";"None";"nan";"None";"nan";"None";"nan";"None";"nan";"1";"2";"Appartement";"40.0";"1.0";"None";"None";"None";"None";"nan";"7.28274";"43.699985";"000KO"
"2022-69520";"2022-12-02";"1";"Vente";"415000.0";"9.0";"None";"RUE ARSON";"0390";"06300";"06088";"Nice";"06";"None";"None";"06088000KO0156";"None";"None";"152";"nan";"94";"nan";"None";"nan";"None";"nan";"None";"nan";"2";"2";"Appartement";"73.0";"3.0";"None";"None";"None";"None";"nan";"7.28639";"43.700127";"000KO"
"2022-69520";"2022-12-02";"1";"Vente";"415000.0";"9.0";"None";"RUE ARSON";"0390";"06300";"06088";"Nice";"06";"None";"None";"06088000KO0156";"None";"None";"152";"nan";"94";"nan";"None";"nan";"None";"nan";"None";"nan";"2";"3";"Dépendance";"nan";"0.0";"None";"None";"None";"None";"nan";"7.28639";"43.700127";"000KO"
"2022-70515";"2022-12-02";"1";"Vente";"40000.0";"7.0";"T";"RUE EMMANUEL PHILIBERT";"2295";"06300";"06088";"Nice";"06";"None";"None";"06088000KO0207";"None";"None";"279";"nan";"None";"nan";"None";"nan";"None";"nan";"None";"nan";"1";"3";"Dépendance";"nan";"0.0";"None";"None";"None";"None";"nan";"7.283659";"43.700102";"000KO"
"2022-69527";"2022-11-30";"1";"Vente";"410000.0";"54.0";"None";"BD RISSO";"5490";"06300";"06088";"Nice";"06";"None";"None";"06088000KO0019";"None";"None";"6";"nan";"74";"57.62";"None";"nan";"None";"nan";"None";"nan";"2";"2";"Appartement";"63.0";"2.0";"None";"None";"None";"None";"nan";"7.280193";"43.702316";"000KO"
"2022-69575";"2022-11-30";"1";"Vente";"841121.0";"3.0";"None";"RUE MARTIN SEYTOUR";"4085";"06300";"06088";"Nice";"06";"None";"None";"06088000KO0255";"None";"None";"27";"154.18";"None";"nan";"None";"nan";"None";"nan";"None";"nan";"1";"2";"Appartement";"190.0";"5.0";"None";"None";"None";"None";"nan";"7.28274";"43.699985";"000KO"
"2022-69527";"2022-11-30";"1";"Vente";"410000.0";"54.0";"None";"BD RISSO";"5490";"06300";"06088";"Nice";"06";"None";"None";"06088000KO0019";"None";"None";"6";"nan";"74";"57.62";"None";"nan";"None";"nan";"None";"nan";"2";"3";"Dépendance";"nan";"0.0";"None";"None";"None";"None";"nan";"7.280193";"43.702316";"000KO"
"2022-68966";"2022-11-29";"1";"Vente";"123600.0";"2.0";"None";"RUE FRANCOIS GUISOL";"2635";"06300";"06088";"Nice";"06";"None";"None";"06088000KO0071";"None";"None";"34";"25.09";"None";"nan";"None";"nan";"None";"nan";"None";"nan";"1";"2";"Appartement";"25.0";"1.0";"None";"None";"None";"None";"nan";"7.284112";"43.701239";"000KO"
"2022-69246";"2022-11-28";"1";"Vente";"375000.0";"7.0";"None";"RUE BONAPARTE";"0885";"06300";"06088";"Nice";"06";"None";"None";"06088000KO0044";"None";"None";"10";"nan";"None";"nan";"None";"nan";"None";"nan";"None";"nan";"1";"2";"Appartement";"60.0";"3.0";"None";"None";"None";"None";"nan";"7.282259";"43.700988";"000KO"
"2022-69410";"2022-11-28";"1";"Vente";"235000.0";"49.0";"None";"RUE BONAPARTE";"0885";"06300";"06088";"Nice";"06";"None";"None";"06088000KO0104";"None";"None";"25";"30.51";"32";"nan";"None";"nan";"None";"nan";"None";"nan";"2";"2";"Appartement";"38.0";"2.0";"None";"None";"None";"None";"nan";"7.285958";"43.70065";"000KO"
"2022-69614";"2022-11-28";"1";"Vente";"475000.0";"11.0";"None";"RUE EMMANUEL PHILIBERT";"2295";"06300";"06088";"Nice";"06";"None";"None";"06088000KO0401";"None";"None";"129";"nan";"None";"nan";"None";"nan";"None";"nan";"None";"nan";"1";"2";"Appartement";"60.0";"3.0";"None";"None";"None";"None";"nan";"7.283427";"43.699404";"000KO"
"2022-69179";"2022-11-25";"1";"Vente";"335000.0";"11.0";"None";"RUE PAPON";"4690";"06300";"06088";"Nice";"06";"None";"None";"06088000KO0356";"None";"None";"217";"nan";"None";"nan";"None";"nan";"None";"nan";"None";"nan";"1";"2";"Appartement";"63.0";"3.0";"None";"None";"None";"None";"nan";"7.283146";"43.701514";"000KO"
"2022-69924";"2022-11-25";"1";"Vente";"220000.0";"7.0";"None";"RUE BONAPARTE";"0885";"06300";"06088";"Nice";"06";"None";"None";"06088000KO0044";"None";"None";"4";"38.76";"5";"nan";"None";"nan";"None";"nan";"None";"nan";"2";"2";"Appartement";"38.0";"2.0";"None";"None";"None";"None";"nan";"7.282259";"43.700988";"000KO"
"2022-69179";"2022-11-25";"1";"Vente";"335000.0";"11.0";"None";"RUE PAPON";"4690";"06300";"06088";"Nice";"06";"None";"None";"06088000KO0356";"None";"None";"217";"nan";"None";"nan";"None";"nan";"None";"nan";"None";"nan";"1";"3";"Dépendance";"nan";"0.0";"None";"None";"None";"None";"nan";"7.283146";"43.701514";"000KO"
"2022-69179";"2022-11-25";"1";"Vente";"335000.0";"11.0";"None";"RUE PAPON";"4690";"06300";"06088";"Nice";"06";"None";"None";"06088000KO0356";"None";"None";"217";"nan";"None";"nan";"None";"nan";"None";"nan";"None";"nan";"1";"3";"Dépendance";"nan";"0.0";"None";"None";"None";"None";"nan";"7.283146";"43.701514";"000KO"
"2022-69494";"2022-11-25";"1";"Vente";"450000.0";"4.0";"None";"RUE CATHERINE SEGURANE";"1192";"06300";"06088";"Nice";"06";"None";"None";"06088000KO0288";"None";"None";"9";"75.75";"None";"nan";"None";"nan";"None";"nan";"None";"nan";"1";"4";"Local industriel. commercial ou assimilé";"85.0";"0.0";"None";"None";"None";"None";"nan";"7.281091";"43.699878";"000KO"
"2022-68880";"2022-11-21";"1";"Vente";"315000.0";"54.0";"None";"BD RISSO";"5490";"06300";"06088";"Nice";"06";"None";"None";"06088000KO0019";"None";"None";"88";"83.94";"None";"nan";"None";"nan";"None";"nan";"None";"nan";"1";"2";"Appartement";"82.0";"3.0";"None";"None";"None";"None";"nan";"7.280193";"43.702316";"000KO"
"2022-69915";"2022-11-21";"1";"Vente";"193398.0";"2.0";"None";"RUE BAVASTRO";"0670";"06300";"06088";"Nice";"06";"None";"None";"06088000KO0096";"None";"None";"22";"nan";"23";"nan";"None";"nan";"None";"nan";"None";"nan";"2";"2";"Appartement";"69.0";"3.0";"None";"None";"None";"None";"nan";"7.285334";"43.700914";"000KO"
"2022-68880";"2022-11-21";"1";"Vente";"315000.0";"54.0";"None";"BD RISSO";"5490";"06300";"06088";"Nice";"06";"None";"None";"06088000KO0019";"None";"None";"88";"83.94";"None";"nan";"None";"nan";"None";"nan";"None";"nan";"1";"3";"Dépendance";"nan";"0.0";"None";"None";"None";"None";"nan";"7.280193";"43.702316";"000KO"
"2022-68880";"2022-11-21";"1";"Vente";"315000.0";"54.0";"None";"BD RISSO";"5490";"06300";"06088";"Nice";"06";"None";"None";"06088000KO0019";"None";"None";"88";"83.94";"None";"nan";"None";"nan";"None";"nan";"None";"nan";"1";"3";"Dépendance";"nan";"0.0";"None";"None";"None";"None";"nan";"7.280193";"43.702316";"000KO"
"2022-68975";"2022-11-18";"1";"Vente";"615000.0";"12.0";"B";"RUE FRANCOIS GUISOL";"2635";"06300";"06088";"Nice";"06";"None";"None";"06088000KO0207";"None";"None";"208";"nan";"585";"87.75";"None";"nan";"None";"nan";"None";"nan";"2";"2";"Appartement";"88.0";"3.0";"None";"None";"None";"None";"nan";"7.283659";"43.700102";"000KO"
"2022-68975";"2022-11-18";"1";"Vente";"615000.0";"7.0";"T";"RUE EMMANUEL PHILIBERT";"2295";"06300";"06088";"Nice";"06";"None";"None";"06088000KO0207";"None";"None";"103";"nan";"None";"nan";"None";"nan";"None";"nan";"None";"nan";"1";"3";"Dépendance";"nan";"0.0";"None";"None";"None";"None";"nan";"7.283659";"43.700102";"000KO"
"2022-68805";"2022-11-17";"1";"Vente";"326000.0";"54.0";"None";"BD RISSO";"5490";"06300";"06088";"Nice";"06";"None";"None";"06088000KO0019";"None";"None";"60";"57.92";"None";"nan";"None";"nan";"None";"nan";"None";"nan";"1";"2";"Appartement";"65.0";"2.0";"None";"None";"None";"None";"nan";"7.280193";"43.702316";"000KO"
"2022-69262";"2022-11-17";"1";"Vente";"400000.0";"14.0";"None";"RUE LASCARIS";"3570";"06300";"06088";"Nice";"06";"None";"None";"06088000KO0185";"None";"None";"11";"nan";"86";"nan";"None";"nan";"None";"nan";"None";"nan";"2";"2";"Appartement";"69.0";"3.0";"None";"None";"None";"None";"nan";"7.284693";"43.699689";"000KO"
"2022-68805";"2022-11-17";"1";"Vente";"326000.0";"54.0";"None";"BD RISSO";"5490";"06300";"06088";"Nice";"06";"None";"None";"06088000KO0019";"None";"None";"60";"57.92";"None";"nan";"None";"nan";"None";"nan";"None";"nan";"1";"3";"Dépendance";"nan";"0.0";"None";"None";"None";"None";"nan";"7.280193";"43.702316";"000KO"
"2022-69262";"2022-11-17";"1";"Vente";"400000.0";"14.0";"None";"RUE LASCARIS";"3570";"06300";"06088";"Nice";"06";"None";"None";"06088000KO0185";"None";"None";"11";"nan";"86";"nan";"None";"nan";"None";"nan";"None";"nan";"2";"3";"Dépendance";"nan";"0.0";"None";"None";"None";"None";"nan";"7.284693";"43.699689";"000KO"
"2022-68271";"2022-11-16";"1";"Vente";"490000.0";"6.0";"None";"RUE BOYER";"0945";"06300";"06088";"Nice";"06";"None";"None";"06088000KO0034";"None";"None";"11";"nan";"38";"84.0";"None";"nan";"None";"nan";"None";"nan";"2";"2";"Appartement";"84.0";"4.0";"None";"None";"None";"None";"nan";"7.281721";"43.701093";"000KO"
"2022-69056";"2022-11-16";"1";"Vente";"600000.0";"7.0";"None";"RUE BONAPARTE";"0885";"06300";"06088";"Nice";"06";"None";"None";"06088000KO0312";"None";"None";"23";"84.0";"None";"nan";"None";"nan";"None";"nan";"None";"nan";"1";"2";"Appartement";"55.0";"3.0";"None";"None";"None";"None";"nan";"7.282132";"43.70085";"000KO"
"2022-68271";"2022-11-16";"1";"Vente";"490000.0";"6.0";"None";"RUE BOYER";"0945";"06300";"06088";"Nice";"06";"None";"None";"06088000KO0034";"None";"None";"11";"nan";"38";"84.0";"None";"nan";"None";"nan";"None";"nan";"2";"3";"Dépendance";"nan";"0.0";"None";"None";"None";"None";"nan";"7.281721";"43.701093";"000KO"
"2022-69056";"2022-11-16";"1";"Vente";"600000.0";"7.0";"None";"RUE BONAPARTE";"0885";"06300";"06088";"Nice";"06";"None";"None";"06088000KO0312";"None";"None";"23";"84.0";"None";"nan";"None";"nan";"None";"nan";"None";"nan";"1";"3";"Dépendance";"nan";"0.0";"None";"None";"None";"None";"nan";"7.282132";"43.70085";"000KO"
"2022-68320";"2022-11-14";"1";"Vente";"380000.0";"19.0";"None";"RUE FODERE";"2495";"06300";"06088";"Nice";"06";"None";"None";"06088000KO0131";"None";"None";"171";"56.81";"89";"nan";"None";"nan";"None";"nan";"None";"nan";"2";"2";"Appartement";"59.0";"2.0";"None";"None";"None";"None";"nan";"7.286876";"43.699236";"000KO"
"2022-69342";"2022-11-14";"1";"Vente";"75000.0";"5.0";"None";"RUE FRANCOIS GUISOL";"2635";"06300";"06088";"Nice";"06";"None";"None";"06088000KO0083";"None";"None";"27";"33.22";"None";"nan";"None";"nan";"None";"nan";"None";"nan";"1";"2";"Appartement";"30.0";"1.0";"None";"None";"None";"None";"nan";"7.284553";"43.700835";"000KO"
"2022-68320";"2022-11-14";"1";"Vente";"380000.0";"19.0";"None";"RUE FODERE";"2495";"06300";"06088";"Nice";"06";"None";"None";"06088000KO0131";"None";"None";"171";"56.81";"89";"nan";"None";"nan";"None";"nan";"None";"nan";"2";"3";"Dépendance";"nan";"0.0";"None";"None";"None";"None";"nan";"7.286876";"43.699236";"000KO"
"2022-68513";"2022-11-14";"1";"Vente";"50000.0";"16.0";"None";"RUE FODERE";"2495";"06300";"06088";"Nice";"06";"None";"None";"06088000KO0134";"None";"None";"110";"nan";"None";"nan";"None";"nan";"None";"nan";"None";"nan";"1";"3";"Dépendance";"nan";"0.0";"None";"None";"None";"None";"nan";"7.286825";"43.698829";"000KO"
"2022-68513";"2022-11-14";"1";"Vente";"50000.0";"16.0";"None";"RUE FODERE";"2495";"06300";"06088";"Nice";"06";"None";"None";"06088000KO0134";"None";"None";"73";"nan";"None";"nan";"None";"nan";"None";"nan";"None";"nan";"1";"3";"Dépendance";"nan";"0.0";"None";"None";"None";"None";"nan";"7.286825";"43.698829";"000KO"
"2022-68949";"2022-11-10";"1";"Vente";"200000.0";"3.0";"None";"RUE FRANCOIS GUISOL";"2635";"06300";"06088";"Nice";"06";"None";"None";"06088000KO0084";"None";"None";"34";"nan";"None";"nan";"None";"nan";"None";"nan";"None";"nan";"1";"2";"Appartement";"53.0";"3.0";"None";"None";"None";"None";"nan";"7.284552";"43.701007";"000KO"
"2022-69092";"2022-11-10";"1";"Vente";"171215.0";"7.0";"B";"RUE FODERE";"2495";"06300";"06088";"Nice";"06";"None";"None";"06088000KO0192";"None";"None";"19";"nan";"None";"nan";"None";"nan";"None";"nan";"None";"nan";"1";"2";"Appartement";"27.0";"1.0";"None";"None";"None";"None";"nan";"7.284739";"43.699473";"000KO"
"2022-69012";"2022-11-08";"1";"Vente";"115000.0";"22.0";"None";"RUE BARLA";"0610";"06300";"06088";"Nice";"06";"None";"None";"06088000KO0088";"None";"None";"10";"46.53";"None";"nan";"None";"nan";"None";"nan";"None";"nan";"1";"2";"Appartement";"40.0";"2.0";"None";"None";"None";"None";"nan";"7.284707";"43.701184";"000KO"
"2022-68406";"2022-11-04";"1";"Vente";"134000.0";"2.0";"None";"RUE EMMANUEL PHILIBERT";"2295";"06300";"06088";"Nice";"06";"None";"None";"06088000KO0356";"None";"None";"265";"24.3";"None";"nan";"None";"nan";"None";"nan";"None";"nan";"1";"2";"Appartement";"25.0";"1.0";"None";"None";"None";"None";"nan";"7.283146";"43.701514";"000KO"
"2022-68406";"2022-11-04";"1";"Vente";"134000.0";"2.0";"None";"RUE EMMANUEL PHILIBERT";"2295";"06300";"06088";"Nice";"06";"None";"None";"06088000KO0356";"None";"None";"265";"24.3";"None";"nan";"None";"nan";"None";"nan";"None";"nan";"1";"3";"Dépendance";"nan";"0.0";"None";"None";"None";"None";"nan";"7.283146";"43.701514";"000KO"
"2022-68178";"2022-11-02";"1";"Vente";"425000.0";"13.0";"None";"RUE BAVASTRO";"0670";"06300";"06088";"Nice";"06";"None";"None";"06088000KO0163";"None";"None";"17";"nan";"None";"nan";"None";"nan";"None";"nan";"None";"nan";"1";"2";"Appartement";"72.0";"4.0";"None";"None";"None";"None";"nan";"7.285644";"43.700082";"000KO"
"2022-68121";"2022-10-28";"1";"Vente";"410000.0";"18.0";"None";"RUE FRANCOIS GUISOL";"2635";"06300";"06088";"Nice";"06";"None";"None";"06088000KO0204";"None";"None";"100";"nan";"None";"nan";"None";"nan";"None";"nan";"None";"nan";"1";"2";"Appartement";"75.0";"3.0";"None";"None";"None";"None";"nan";"7.283611";"43.699572";"000KO"
"2022-67719";"2022-10-28";"1";"Vente";"370000.0";"31.0";"None";"RUE BONAPARTE";"0885";"06300";"06088";"Nice";"06";"None";"None";"06088000KO0081";"None";"None";"1";"nan";"None";"nan";"None";"nan";"None";"nan";"None";"nan";"1";"4";"Local industriel. commercial ou assimilé";"53.0";"0.0";"None";"None";"None";"None";"nan";"7.284048";"43.700751";"000KO"
"2022-68034";"2022-10-27";"1";"Vente";"275000.0";"28.0";"None";"RUE CASSINI";"1180";"06300";"06088";"Nice";"06";"None";"None";"06088000KO0219";"None";"None";"3";"54.0";"None";"nan";"None";"nan";"None";"nan";"None";"nan";"1";"2";"Appartement";"53.0";"2.0";"None";"None";"None";"None";"nan";"7.283457";"43.698875";"000KO"
"2022-67423";"2022-10-24";"1";"Vente";"147099.0";"1.0";"None";"RUE EMMANUEL PHILIBERT";"2295";"06300";"06088";"Nice";"06";"None";"None";"06088000KO0068";"None";"None";"31";"nan";"None";"nan";"None";"nan";"None";"nan";"None";"nan";"1";"2";"Appartement";"27.0";"2.0";"None";"None";"None";"None";"nan";"7.283737";"43.701417";"000KO"
"2022-67423";"2022-10-24";"1";"Vente";"147099.0";"1.0";"None";"RUE EMMANUEL PHILIBERT";"2295";"06300";"06088";"Nice";"06";"None";"None";"06088000KO0068";"None";"None";"32";"nan";"None";"nan";"None";"nan";"None";"nan";"None";"nan";"1";"2";"Appartement";"4.0";"1.0";"None";"None";"None";"None";"nan";"7.283737";"43.701417";"000KO"
"2022-68628";"2022-10-24";"1";"Vente";"765000.0";"20.0";"None";"BD LECH WALESA";"3588";"06300";"06088";"Nice";"06";"None";"None";"06088000KO0139";"None";"None";"14";"nan";"15";"nan";"16";"nan";"None";"nan";"None";"nan";"3";"4";"Local industriel. commercial ou assimilé";"580.0";"0.0";"None";"None";"None";"None";"nan";"7.286912";"43.69857";"000KO"
"2022-67855";"2022-10-20";"1";"Vente";"250000.0";"9.0";"B";"RUE EMMANUEL PHILIBERT";"2295";"06300";"06088";"Nice";"06";"None";"None";"06088000KO0213";"None";"None";"20";"53.54";"None";"nan";"None";"nan";"None";"nan";"None";"nan";"1";"2";"Appartement";"40.0";"2.0";"None";"None";"None";"None";"nan";"7.283413";"43.699675";"000KO"
"2022-68283";"2022-10-20";"1";"Vente";"555000.0";"56.0";"A";"BD RISSO";"5490";"06300";"06088";"Nice";"06";"None";"None";"06088000KO0016";"None";"None";"17";"nan";"None";"nan";"None";"nan";"None";"nan";"None";"nan";"1";"2";"Appartement";"113.0";"4.0";"None";"None";"None";"None";"nan";"7.28023";"43.701978";"000KO"
"2022-67855";"2022-10-20";"1";"Vente";"250000.0";"9.0";"B";"RUE EMMANUEL PHILIBERT";"2295";"06300";"06088";"Nice";"06";"None";"None";"06088000KO0213";"None";"None";"20";"53.54";"None";"nan";"None";"nan";"None";"nan";"None";"nan";"1";"3";"Dépendance";"nan";"0.0";"None";"None";"None";"None";"nan";"7.283413";"43.699675";"000KO"
"2022-68283";"2022-10-20";"1";"Vente";"555000.0";"56.0";"A";"BD RISSO";"5490";"06300";"06088";"Nice";"06";"None";"None";"06088000KO0016";"None";"None";"12";"nan";"None";"nan";"None";"nan";"None";"nan";"None";"nan";"1";"3";"Dépendance";"nan";"0.0";"None";"None";"None";"None";"nan";"7.28023";"43.701978";"000KO"
"2022-67979";"2022-10-19";"1";"Vente";"250000.0";"41.0";"None";"RUE BONAPARTE";"0885";"06300";"06088";"Nice";"06";"None";"None";"06088000KO0303";"None";"None";"1";"nan";"17";"27.0";"None";"nan";"None";"nan";"None";"nan";"2";"4";"Local industriel. commercial ou assimilé";"25.0";"0.0";"None";"None";"None";"None";"nan";"7.285161";"43.700677";"000KO"
"2022-67780";"2022-10-17";"1";"Vente";"35000.0";"10.0";"None";"RUE PAPON";"4690";"06300";"06088";"Nice";"06";"None";"None";"06088000KO0057";"None";"None";"25";"nan";"None";"nan";"None";"nan";"None";"nan";"None";"nan";"1";"3";"Dépendance";"nan";"0.0";"None";"None";"None";"None";"nan";"7.282334";"43.701195";"000KO"
"2022-67061";"2022-10-14";"1";"Vente";"345000.0";"12.0";"B";"RUE FRANCOIS GUISOL";"2635";"06300";"06088";"Nice";"06";"None";"None";"06088000KO0207";"None";"None";"399";"nan";"578";"54.04";"None";"nan";"None";"nan";"None";"nan";"2";"2";"Appartement";"54.0";"2.0";"None";"None";"None";"None";"nan";"7.283659";"43.700102";"000KO"
"2022-67068";"2022-10-14";"1";"Vente";"466700.0";"12.0";"B";"RUE FRANCOIS GUISOL";"2635";"06300";"06088";"Nice";"06";"None";"None";"06088000KO0207";"None";"None";"579";"73.25";"None";"nan";"None";"nan";"None";"nan";"None";"nan";"1";"2";"Appartement";"73.0";"3.0";"None";"None";"None";"None";"nan";"7.283659";"43.700102";"000KO"
"2022-67068";"2022-10-14";"1";"Vente";"466700.0";"9.0";"T";"RUE EMMANUEL PHILIBERT";"2295";"06300";"06088";"Nice";"06";"None";"None";"06088000KO0207";"None";"None";"368";"nan";"None";"nan";"None";"nan";"None";"nan";"None";"nan";"1";"2";"Appartement";"41.0";"2.0";"None";"None";"None";"None";"nan";"7.283659";"43.700102";"000KO"
"2022-66718";"2022-10-13";"1";"Vente";"245000.0";"2.0";"None";"RUE FRANCOIS GUISOL";"2635";"06300";"06088";"Nice";"06";"None";"None";"06088000KO0071";"None";"None";"39";"nan";"None";"nan";"None";"nan";"None";"nan";"None";"nan";"1";"2";"Appartement";"44.0";"2.0";"None";"None";"None";"None";"nan";"7.284112";"43.701239";"000KO"
"2022-67025";"2022-10-12";"1";"Vente";"213460.0";"8.0";"None";"RUE LASCARIS";"3570";"06300";"06088";"Nice";"06";"None";"None";"06088000KO0319";"None";"None";"9";"nan";"None";"nan";"None";"nan";"None";"nan";"None";"nan";"1";"2";"Appartement";"42.0";"2.0";"None";"None";"None";"None";"nan";"7.285167";"43.699768";"000KO"
"2022-67114";"2022-10-12";"1";"Vente";"200000.0";"14.0";"None";"RUE LASCARIS";"3570";"06300";"06088";"Nice";"06";"None";"None";"06088000KO0185";"None";"None";"2";"nan";"76";"nan";"None";"nan";"None";"nan";"None";"nan";"2";"2";"Appartement";"34.0";"1.0";"None";"None";"None";"None";"nan";"7.284693";"43.699689";"000KO"
"2022-67114";"2022-10-12";"1";"Vente";"200000.0";"14.0";"None";"RUE LASCARIS";"3570";"06300";"06088";"Nice";"06";"None";"None";"06088000KO0185";"None";"None";"2";"nan";"76";"nan";"None";"nan";"None";"nan";"None";"nan";"2";"3";"Dépendance";"nan";"0.0";"None";"None";"None";"None";"nan";"7.284693";"43.699689";"000KO"
"2022-67576";"2022-10-11";"1";"Vente";"238000.0";"19.0";"None";"RUE BONAPARTE";"0885";"06300";"06088";"Nice";"06";"None";"None";"06088000KO0050";"None";"None";"2";"nan";"None";"nan";"None";"nan";"None";"nan";"None";"nan";"1";"2";"Appartement";"38.0";"2.0";"None";"None";"None";"None";"nan";"7.282933";"43.700971";"000KO"
"2022-67123";"2022-10-10";"1";"Vente";"160000.0";"41.0";"None";"RUE BONAPARTE";"0885";"06300";"06088";"Nice";"06";"None";"None";"06088000KO0302";"None";"None";"22";"nan";"None";"nan";"None";"nan";"None";"nan";"None";"nan";"1";"2";"Appartement";"23.0";"1.0";"None";"None";"None";"None";"nan";"7.285187";"43.700791";"000KO"
"2022-67210";"2022-10-07";"1";"Vente";"253000.0";"3.0";"None";"RUE ANTOINE GAUTIER";"0265";"06300";"06088";"Nice";"06";"None";"None";"06088000KO0237";"None";"None";"96";"nan";"None";"nan";"None";"nan";"None";"nan";"None";"nan";"1";"2";"Appartement";"41.0";"2.0";"None";"None";"None";"None";"nan";"7.282394";"43.698933";"000KO"
"2022-66302";"2022-10-06";"1";"Vente";"30000.0";"12.0";"B";"RUE FRANCOIS GUISOL";"2635";"06300";"06088";"Nice";"06";"None";"None";"06088000KO0207";"None";"None";"385";"nan";"None";"nan";"None";"nan";"None";"nan";"None";"nan";"1";"2";"Appartement";"46.0";"2.0";"None";"None";"None";"None";"nan";"7.283659";"43.700102";"000KO"
"2022-66302";"2022-10-06";"1";"Vente";"30000.0";"7.0";"T";"RUE EMMANUEL PHILIBERT";"2295";"06300";"06088";"Nice";"06";"None";"None";"06088000KO0207";"None";"None";"282";"nan";"None";"nan";"None";"nan";"None";"nan";"None";"nan";"1";"3";"Dépendance";"nan";"0.0";"None";"None";"None";"None";"nan";"7.283659";"43.700102";"000KO"
"2022-66303";"2022-10-04";"1";"Vente";"250000.0";"12.0";"B";"RUE FRANCOIS GUISOL";"2635";"06300";"06088";"Nice";"06";"None";"None";"06088000KO0207";"None";"None";"551";"nan";"None";"nan";"None";"nan";"None";"nan";"None";"nan";"1";"2";"Appartement";"46.0";"2.0";"None";"None";"None";"None";"nan";"7.283659";"43.700102";"000KO"
"2022-66462";"2022-10-04";"1";"Vente";"245000.0";"1.0";"None";"RUE BOYER";"0945";"06300";"06088";"Nice";"06";"None";"None";"06088000KO0061";"None";"None";"22";"nan";"76";"44.37";"None";"nan";"None";"nan";"None";"nan";"2";"2";"Appartement";"48.0";"2.0";"None";"None";"None";"None";"nan";"7.282143";"43.701676";"000KO"
"2022-67033";"2022-10-04";"1";"Vente";"380000.0";"7.0";"None";"RUE BONAPARTE";"0885";"06300";"06088";"Nice";"06";"None";"None";"06088000KO0312";"None";"None";"28";"nan";"None";"nan";"None";"nan";"None";"nan";"None";"nan";"1";"2";"Appartement";"70.0";"3.0";"None";"None";"None";"None";"nan";"7.282132";"43.70085";"000KO"
"2022-66462";"2022-10-04";"1";"Vente";"245000.0";"1.0";"None";"RUE BOYER";"0945";"06300";"06088";"Nice";"06";"None";"None";"06088000KO0061";"None";"None";"22";"nan";"76";"44.37";"None";"nan";"None";"nan";"None";"nan";"2";"3";"Dépendance";"nan";"0.0";"None";"None";"None";"None";"nan";"7.282143";"43.701676";"000KO"
"2022-67076";"2022-10-03";"1";"Vente";"3000000.0";"2.0";"None";"RUE BARLA";"0610";"06300";"06088";"Nice";"06";"None";"None";"06088000KO0020";"None";"None";"None";"nan";"None";"nan";"None";"nan";"None";"nan";"None";"nan";"0";"2";"Appartement";"93.0";"4.0";"S";"sols";"None";"None";"253.0";"7.280165";"43.702552";"000KO"
"2022-67076";"2022-10-03";"1";"Vente";"3000000.0";"2.0";"None";"RUE BARLA";"0610";"06300";"06088";"Nice";"06";"None";"None";"06088000KO0020";"None";"None";"None";"nan";"None";"nan";"None";"nan";"None";"nan";"None";"nan";"0";"2";"Appartement";"88.0";"4.0";"S";"sols";"None";"None";"253.0";"7.280165";"43.702552";"000KO"
"2022-67076";"2022-10-03";"1";"Vente";"3000000.0";"2.0";"None";"RUE BARLA";"0610";"06300";"06088";"Nice";"06";"None";"None";"06088000KO0020";"None";"None";"None";"nan";"None";"nan";"None";"nan";"None";"nan";"None";"nan";"0";"2";"Appartement";"53.0";"4.0";"S";"sols";"None";"None";"253.0";"7.280165";"43.702552";"000KO"
"2022-67076";"2022-10-03";"1";"Vente";"3000000.0";"2.0";"None";"RUE BARLA";"0610";"06300";"06088";"Nice";"06";"None";"None";"06088000KO0020";"None";"None";"None";"nan";"None";"nan";"None";"nan";"None";"nan";"None";"nan";"0";"2";"Appartement";"91.0";"4.0";"S";"sols";"None";"None";"253.0";"7.280165";"43.702552";"000KO"
"2022-67076";"2022-10-03";"1";"Vente";"3000000.0";"2.0";"None";"RUE BARLA";"0610";"06300";"06088";"Nice";"06";"None";"None";"06088000KO0020";"None";"None";"None";"nan";"None";"nan";"None";"nan";"None";"nan";"None";"nan";"0";"2";"Appartement";"91.0";"4.0";"S";"sols";"None";"None";"253.0";"7.280165";"43.702552";"000KO"
"2022-67076";"2022-10-03";"1";"Vente";"3000000.0";"2.0";"None";"RUE BARLA";"0610";"06300";"06088";"Nice";"06";"None";"None";"06088000KO0020";"None";"None";"None";"nan";"None";"nan";"None";"nan";"None";"nan";"None";"nan";"0";"2";"Appartement";"89.0";"4.0";"S";"sols";"None";"None";"253.0";"7.280165";"43.702552";"000KO"
"2022-67076";"2022-10-03";"1";"Vente";"3000000.0";"2.0";"None";"RUE BARLA";"0610";"06300";"06088";"Nice";"06";"None";"None";"06088000KO0020";"None";"None";"None";"nan";"None";"nan";"None";"nan";"None";"nan";"None";"nan";"0";"2";"Appartement";"91.0";"4.0";"S";"sols";"None";"None";"253.0";"7.280165";"43.702552";"000KO"
"2022-67076";"2022-10-03";"1";"Vente";"3000000.0";"2.0";"None";"RUE BARLA";"0610";"06300";"06088";"Nice";"06";"None";"None";"06088000KO0020";"None";"None";"None";"nan";"None";"nan";"None";"nan";"None";"nan";"None";"nan";"0";"2";"Appartement";"44.0";"3.0";"S";"sols";"None";"None";"253.0";"7.280165";"43.702552";"000KO"
"2022-67076";"2022-10-03";"1";"Vente";"3000000.0";"2.0";"None";"RUE BARLA";"0610";"06300";"06088";"Nice";"06";"None";"None";"06088000KO0020";"None";"None";"None";"nan";"None";"nan";"None";"nan";"None";"nan";"None";"nan";"0";"3";"Dépendance";"nan";"0.0";"S";"sols";"None";"None";"253.0";"7.280165";"43.702552";"000KO"
"2022-67076";"2022-10-03";"1";"Vente";"3000000.0";"2.0";"None";"RUE BARLA";"0610";"06300";"06088";"Nice";"06";"None";"None";"06088000KO0020";"None";"None";"None";"nan";"None";"nan";"None";"nan";"None";"nan";"None";"nan";"0";"3";"Dépendance";"nan";"0.0";"S";"sols";"None";"None";"253.0";"7.280165";"43.702552";"000KO"
"2022-67076";"2022-10-03";"1";"Vente";"3000000.0";"2.0";"None";"RUE BARLA";"0610";"06300";"06088";"Nice";"06";"None";"None";"06088000KO0020";"None";"None";"None";"nan";"None";"nan";"None";"nan";"None";"nan";"None";"nan";"0";"3";"Dépendance";"nan";"0.0";"S";"sols";"None";"None";"253.0";"7.280165";"43.702552";"000KO"
"2022-67076";"2022-10-03";"1";"Vente";"3000000.0";"2.0";"None";"RUE BARLA";"0610";"06300";"06088";"Nice";"06";"None";"None";"06088000KO0020";"None";"None";"None";"nan";"None";"nan";"None";"nan";"None";"nan";"None";"nan";"0";"3";"Dépendance";"nan";"0.0";"S";"sols";"None";"None";"253.0";"7.280165";"43.702552";"000KO"
"2022-67076";"2022-10-03";"1";"Vente";"3000000.0";"2.0";"None";"RUE BARLA";"0610";"06300";"06088";"Nice";"06";"None";"None";"06088000KO0020";"None";"None";"None";"nan";"None";"nan";"None";"nan";"None";"nan";"None";"nan";"0";"3";"Dépendance";"nan";"0.0";"S";"sols";"None";"None";"253.0";"7.280165";"43.702552";"000KO"
"2022-67076";"2022-10-03";"1";"Vente";"3000000.0";"2.0";"None";"RUE BARLA";"0610";"06300";"06088";"Nice";"06";"None";"None";"06088000KO0020";"None";"None";"None";"nan";"None";"nan";"None";"nan";"None";"nan";"None";"nan";"0";"3";"Dépendance";"nan";"0.0";"S";"sols";"None";"None";"253.0";"7.280165";"43.702552";"000KO"
"2022-67076";"2022-10-03";"1";"Vente";"3000000.0";"2.0";"None";"RUE BARLA";"0610";"06300";"06088";"Nice";"06";"None";"None";"06088000KO0020";"None";"None";"None";"nan";"None";"nan";"None";"nan";"None";"nan";"None";"nan";"0";"4";"Local industriel. commercial ou assimilé";"88.0";"0.0";"S";"sols";"None";"None";"253.0";"7.280165";"43.702552";"000KO"
"2022-67076";"2022-10-03";"1";"Vente";"3000000.0";"2.0";"None";"RUE BARLA";"0610";"06300";"06088";"Nice";"06";"None";"None";"06088000KO0020";"None";"None";"None";"nan";"None";"nan";"None";"nan";"None";"nan";"None";"nan";"0";"4";"Local industriel. commercial ou assimilé";"88.0";"0.0";"S";"sols";"None";"None";"253.0";"7.280165";"43.702552";"000KO"
"2022-67076";"2022-10-03";"1";"Vente";"3000000.0";"2.0";"None";"RUE BARLA";"0610";"06300";"06088";"Nice";"06";"None";"None";"06088000KO0020";"None";"None";"None";"nan";"None";"nan";"None";"nan";"None";"nan";"None";"nan";"0";"4";"Local industriel. commercial ou assimilé";"87.0";"0.0";"S";"sols";"None";"None";"253.0";"7.280165";"43.702552";"000KO"
"2022-67076";"2022-10-03";"1";"Vente";"3000000.0";"2.0";"None";"RUE BARLA";"0610";"06300";"06088";"Nice";"06";"None";"None";"06088000KO0020";"None";"None";"None";"nan";"None";"nan";"None";"nan";"None";"nan";"None";"nan";"0";"4";"Local industriel. commercial ou assimilé";"87.0";"0.0";"S";"sols";"None";"None";"253.0";"7.280165";"43.702552";"000KO"
"2022-67076";"2022-10-03";"1";"Vente";"3000000.0";"2.0";"None";"RUE BARLA";"0610";"06300";"06088";"Nice";"06";"None";"None";"06088000KO0020";"None";"None";"None";"nan";"None";"nan";"None";"nan";"None";"nan";"None";"nan";"0";"4";"Local industriel. commercial ou assimilé";"82.0";"0.0";"S";"sols";"None";"None";"253.0";"7.280165";"43.702552";"000KO"
"2022-67076";"2022-10-03";"1";"Vente";"3000000.0";"2.0";"None";"RUE BARLA";"0610";"06300";"06088";"Nice";"06";"None";"None";"06088000KO0020";"None";"None";"None";"nan";"None";"nan";"None";"nan";"None";"nan";"None";"nan";"0";"4";"Local industriel. commercial ou assimilé";"114.0";"0.0";"S";"sols";"None";"None";"253.0";"7.280165";"43.702552";"000KO"
"2022-67076";"2022-10-03";"1";"Vente";"3000000.0";"2.0";"None";"RUE BARLA";"0610";"06300";"06088";"Nice";"06";"None";"None";"06088000KO0020";"None";"None";"None";"nan";"None";"nan";"None";"nan";"None";"nan";"None";"nan";"0";"4";"Local industriel. commercial ou assimilé";"28.0";"0.0";"S";"sols";"None";"None";"253.0";"7.280165";"43.702552";"000KO"
"2022-66260";"2022-09-30";"1";"Vente";"453000.0";"16.0";"None";"RUE FODERE";"2495";"06300";"06088";"Nice";"06";"None";"None";"06088000KO0134";"None";"None";"30";"nan";"None";"nan";"None";"nan";"None";"nan";"None";"nan";"1";"2";"Appartement";"57.0";"3.0";"None";"None";"None";"None";"nan";"7.286825";"43.698829";"000KO"
"2022-66260";"2022-09-30";"1";"Vente";"453000.0";"16.0";"None";"RUE FODERE";"2495";"06300";"06088";"Nice";"06";"None";"None";"06088000KO0134";"None";"None";"75";"nan";"None";"nan";"None";"nan";"None";"nan";"None";"nan";"1";"3";"Dépendance";"nan";"0.0";"None";"None";"None";"None";"nan";"7.286825";"43.698829";"000KO"
"2022-65758";"2022-09-27";"1";"Vente";"292000.0";"12.0";"B";"RUE FRANCOIS GUISOL";"2635";"06300";"06088";"Nice";"06";"None";"None";"06088000KO0207";"None";"None";"562";"50.09";"None";"nan";"None";"nan";"None";"nan";"None";"nan";"1";"2";"Appartement";"51.0";"2.0";"None";"None";"None";"None";"nan";"7.283659";"43.700102";"000KO"
"2022-66197";"2022-09-23";"1";"Vente";"207440.0";"46.0";"B";"RUE BONAPARTE";"0885";"06300";"06088";"Nice";"06";"None";"None";"06088000KO0158";"None";"None";"4";"nan";"None";"nan";"None";"nan";"None";"nan";"None";"nan";"1";"2";"Appartement";"32.0";"2.0";"None";"None";"None";"None";"nan";"7.286221";"43.700253";"000KO"
"2022-66352";"2022-09-23";"1";"Vente";"285000.0";"5.0";"None";"RUE BOYER";"0945";"06300";"06088";"Nice";"06";"None";"None";"06088000KO0059";"None";"None";"14";"nan";"4";"nan";"None";"nan";"None";"nan";"None";"nan";"2";"2";"Appartement";"52.0";"3.0";"None";"None";"None";"None";"nan";"7.282093";"43.701287";"000KO"
"2022-66663";"2022-09-23";"1";"Vente";"150000.0";"2.0";"B";"RUE BOYER";"0945";"06300";"06088";"Nice";"06";"None";"None";"06088000KO0025";"None";"None";"332";"nan";"36";"nan";"None";"nan";"None";"nan";"None";"nan";"2";"2";"Appartement";"52.0";"2.0";"None";"None";"None";"None";"nan";"7.281466";"43.701959";"000KO"
"2022-66352";"2022-09-23";"1";"Vente";"285000.0";"5.0";"None";"RUE BOYER";"0945";"06300";"06088";"Nice";"06";"None";"None";"06088000KO0059";"None";"None";"14";"nan";"4";"nan";"None";"nan";"None";"nan";"None";"nan";"2";"3";"Dépendance";"nan";"0.0";"None";"None";"None";"None";"nan";"7.282093";"43.701287";"000KO"
"2022-66663";"2022-09-23";"1";"Vente";"150000.0";"2.0";"B";"RUE BOYER";"0945";"06300";"06088";"Nice";"06";"None";"None";"06088000KO0025";"None";"None";"332";"nan";"36";"nan";"None";"nan";"None";"nan";"None";"nan";"2";"3";"Dépendance";"nan";"0.0";"None";"None";"None";"None";"nan";"7.281466";"43.701959";"000KO"
"2022-66663";"2022-09-23";"1";"Vente";"150000.0";"2.0";"None";"RUE BOYER";"0945";"06300";"06088";"Nice";"06";"None";"None";"06088000KO0025";"None";"None";"404";"nan";"None";"nan";"None";"nan";"None";"nan";"None";"nan";"1";"3";"Dépendance";"nan";"0.0";"None";"None";"None";"None";"nan";"7.281466";"43.701959";"000KO"
"2022-66625";"2022-09-21";"1";"Vente";"159000.0";"37.0";"None";"AV DE LA REPUBLIQUE";"5435";"06300";"06088";"Nice";"06";"None";"None";"06088000KO0024";"None";"None";"42";"nan";"None";"nan";"None";"nan";"None";"nan";"None";"nan";"1";"2";"Appartement";"32.0";"1.0";"None";"None";"None";"None";"nan";"7.281179";"43.702207";"000KO"
"2022-65458";"2022-09-20";"1";"Vente";"400000.0";"26.0";"None";"RUE BONAPARTE";"0885";"06300";"06088";"Nice";"06";"None";"None";"06088000KO0313";"None";"None";"14";"nan";"None";"nan";"None";"nan";"None";"nan";"None";"nan";"1";"2";"Appartement";"54.0";"3.0";"None";"None";"None";"None";"nan";"7.284529";"43.700393";"000KO"
"2022-65680";"2022-09-20";"1";"Vente";"128000.0";"2.0";"None";"RUE ANTOINE GAUTIER";"0265";"06300";"06088";"Nice";"06";"None";"None";"06088000KO0225";"None";"None";"74";"17.54";"None";"nan";"None";"nan";"None";"nan";"None";"nan";"1";"2";"Appartement";"20.0";"1.0";"None";"None";"None";"None";"nan";"7.28255";"43.698408";"000KO"
"2022-66497";"2022-09-20";"1";"Vente";"35000.0";"7.0";"T";"RUE EMMANUEL PHILIBERT";"2295";"06300";"06088";"Nice";"06";"None";"None";"06088000KO0207";"None";"None";"115";"nan";"None";"nan";"None";"nan";"None";"nan";"None";"nan";"1";"3";"Dépendance";"nan";"0.0";"None";"None";"None";"None";"nan";"7.283659";"43.700102";"000KO"
"2022-65521";"2022-09-16";"1";"Vente";"600000.0";"18.0";"None";"PL GARIBALDI";"2785";"06300";"06088";"Nice";"06";"None";"None";"06088000KO0038";"None";"None";"6";"nan";"None";"nan";"None";"nan";"None";"nan";"None";"nan";"1";"2";"Appartement";"99.0";"5.0";"None";"None";"None";"None";"nan";"7.281048";"43.700792";"000KO"
"2022-65304";"2022-09-15";"1";"Vente";"100000.0";"11.0";"None";"RUE FRANCOIS GUISOL";"2635";"06300";"06088";"Nice";"06";"None";"None";"06088000KO0314";"None";"None";"41";"15.75";"None";"nan";"None";"nan";"None";"nan";"None";"nan";"1";"2";"Appartement";"17.0";"1.0";"None";"None";"None";"None";"nan";"7.28448";"43.700301";"000KO"
"2022-65932";"2022-09-15";"1";"Vente";"170000.0";"15.0";"None";"RUE EMMANUEL PHILIBERT";"2295";"06300";"06088";"Nice";"06";"None";"None";"06088000KO0224";"None";"None";"24";"18.04";"None";"nan";"None";"nan";"None";"nan";"None";"nan";"1";"2";"Appartement";"19.0";"1.0";"None";"None";"None";"None";"nan";"7.283277";"43.698802";"000KO"
"2022-66612";"2022-09-15";"1";"Vente";"393000.0";"32.0";"None";"RUE BONAPARTE";"0885";"06300";"06088";"Nice";"06";"None";"None";"06088000KO0171";"None";"None";"8";"68.0";"None";"nan";"None";"nan";"None";"nan";"None";"nan";"1";"2";"Appartement";"75.0";"3.0";"None";"None";"None";"None";"nan";"7.284837";"43.700379";"000KO"
"2022-65597";"2022-09-14";"1";"Vente";"455000.0";"9.0";"T";"RUE EMMANUEL PHILIBERT";"2295";"06300";"06088";"Nice";"06";"None";"None";"06088000KO0207";"None";"None";"355";"nan";"428";"nan";"None";"nan";"None";"nan";"None";"nan";"2";"2";"Appartement";"72.0";"3.0";"None";"None";"None";"None";"nan";"7.283659";"43.700102";"000KO"
"2022-65597";"2022-09-14";"1";"Vente";"455000.0";"7.0";"T";"RUE EMMANUEL PHILIBERT";"2295";"06300";"06088";"Nice";"06";"None";"None";"06088000KO0207";"None";"None";"227";"nan";"None";"nan";"None";"nan";"None";"nan";"None";"nan";"1";"3";"Dépendance";"nan";"0.0";"None";"None";"None";"None";"nan";"7.283659";"43.700102";"000KO"
"2022-64961";"2022-09-09";"1";"Vente";"179000.0";"16.0";"None";"RUE FODERE";"2495";"06300";"06088";"Nice";"06";"None";"None";"06088000KO0134";"None";"None";"16";"20.52";"None";"nan";"None";"nan";"None";"nan";"None";"nan";"1";"2";"Appartement";"21.0";"1.0";"None";"None";"None";"None";"nan";"7.286825";"43.698829";"000KO"
"2022-65014";"2022-09-09";"1";"Vente";"313000.0";"52.0";"None";"RUE BONAPARTE";"0885";"06300";"06088";"Nice";"06";"None";"None";"06088000KO0114";"None";"None";"11";"nan";"None";"nan";"None";"nan";"None";"nan";"None";"nan";"1";"2";"Appartement";"78.0";"3.0";"None";"None";"None";"None";"nan";"7.287025";"43.700219";"000KO"
"2022-65208";"2022-09-08";"1";"Vente";"130000.0";"47.0";"None";"RUE BONAPARTE";"0885";"06300";"06088";"Nice";"06";"None";"None";"06088000KO0100";"None";"None";"5";"27.0";"None";"nan";"None";"nan";"None";"nan";"None";"nan";"1";"2";"Appartement";"42.0";"3.0";"None";"None";"None";"None";"nan";"7.285794";"43.700637";"000KO"
"2022-68234";"2022-09-08";"1";"Adjudication";"208000.0";"54.0";"None";"RUE BONAPARTE";"0885";"06300";"06088";"Nice";"06";"None";"None";"06088000KO0115";"None";"None";"6";"nan";"None";"nan";"None";"nan";"None";"nan";"None";"nan";"1";"2";"Appartement";"49.0";"3.0";"None";"None";"None";"None";"nan";"7.287141";"43.700254";"000KO"
"2022-64758";"2022-09-02";"1";"Vente";"190000.0";"34.0";"None";"RUE BARLA";"0610";"06300";"06088";"Nice";"06";"None";"None";"06088000KO0106";"None";"None";"4";"nan";"None";"nan";"None";"nan";"None";"nan";"None";"nan";"1";"2";"Appartement";"40.0";"2.0";"None";"None";"None";"None";"nan";"7.28614";"43.700732";"000KO"
"2022-64372";"2022-09-02";"1";"Vente";"80000.0";"14.0";"B";"RUE FRANCOIS GUISOL";"2635";"06300";"06088";"Nice";"06";"None";"None";"06088000KO0207";"None";"None";"519";"nan";"None";"nan";"None";"nan";"None";"nan";"None";"nan";"1";"4";"Local industriel. commercial ou assimilé";"32.0";"0.0";"None";"None";"None";"None";"nan";"7.283659";"43.700102";"000KO"
"2022-64797";"2022-09-01";"1";"Vente";"240000.0";"5.0";"None";"RUE EMMANUEL PHILIBERT";"2295";"06300";"06088";"Nice";"06";"None";"None";"06088000KO0073";"None";"None";"17";"nan";"None";"nan";"None";"nan";"None";"nan";"None";"nan";"1";"2";"Appartement";"30.0";"3.0";"None";"None";"None";"None";"nan";"7.283428";"43.701032";"000KO"
"2022-64820";"2022-08-31";"1";"Vente";"345000.0";"10.0";"None";"RUE PAPON";"4690";"06300";"06088";"Nice";"06";"None";"None";"06088000KO0057";"None";"None";"9";"nan";"None";"nan";"None";"nan";"None";"nan";"None";"nan";"1";"2";"Appartement";"67.0";"3.0";"None";"None";"None";"None";"nan";"7.282334";"43.701195";"000KO"
"2022-65892";"2022-08-31";"1";"Vente";"350000.0";"2.0";"None";"RUE PAPON";"4690";"06300";"06088";"Nice";"06";"None";"None";"06088000KO0029";"None";"None";"8";"nan";"None";"nan";"None";"nan";"None";"nan";"None";"nan";"1";"2";"Appartement";"65.0";"4.0";"None";"None";"None";"None";"nan";"7.280925";"43.701622";"000KO"
"2022-64384";"2022-08-31";"1";"Vente";"66000.0";"3.0";"None";"RUE BONAPARTE";"0885";"06300";"06088";"Nice";"06";"None";"None";"06088000KO0040";"None";"None";"20";"15.6";"None";"nan";"None";"nan";"None";"nan";"None";"nan";"1";"4";"Local industriel. commercial ou assimilé";"15.0";"0.0";"None";"None";"None";"None";"nan";"7.281425";"43.700795";"000KO"
"2022-64906";"2022-08-31";"1";"Vente";"185000.0";"10.0";"None";"RUE BONAPARTE";"0885";"06300";"06088";"Nice";"06";"None";"None";"06088000KO0263";"None";"None";"3";"nan";"None";"nan";"None";"nan";"None";"nan";"None";"nan";"1";"4";"Local industriel. commercial ou assimilé";"80.0";"0.0";"None";"None";"None";"None";"nan";"7.282435";"43.700616";"000KO"
"2022-64906";"2022-08-31";"1";"Vente";"185000.0";"10.0";"None";"RUE BONAPARTE";"0885";"06300";"06088";"Nice";"06";"None";"None";"06088000KO0263";"None";"None";"2";"nan";"None";"nan";"None";"nan";"None";"nan";"None";"nan";"1";"4";"Local industriel. commercial ou assimilé";"80.0";"0.0";"None";"None";"None";"None";"nan";"7.282435";"43.700616";"000KO"
"2022-64001";"2022-08-30";"1";"Vente";"73500.0";"3.0";"None";"RUE ANTOINE GAUTIER";"0265";"06300";"06088";"Nice";"06";"None";"None";"06088000KO0237";"None";"None";"71";"11.03";"None";"nan";"None";"nan";"None";"nan";"None";"nan";"1";"2";"Appartement";"9.0";"1.0";"None";"None";"None";"None";"nan";"7.282394";"43.698933";"000KO"
"2022-66111";"2022-08-30";"1";"Vente";"705000.0";"12.0";"None";"RUE FRANCOIS GUISOL";"2635";"06300";"06088";"Nice";"06";"None";"None";"06088000KO0207";"None";"None";"617";"nan";"None";"nan";"None";"nan";"None";"nan";"None";"nan";"1";"2";"Appartement";"95.0";"3.0";"None";"None";"None";"None";"nan";"7.283659";"43.700102";"000KO"
"2022-66111";"2022-08-30";"1";"Vente";"705000.0";"7.0";"T";"RUE EMMANUEL PHILIBERT";"2295";"06300";"06088";"Nice";"06";"None";"None";"06088000KO0207";"None";"None";"338";"nan";"None";"nan";"None";"nan";"None";"nan";"None";"nan";"1";"3";"Dépendance";"nan";"0.0";"None";"None";"None";"None";"nan";"7.283659";"43.700102";"000KO"
"2022-64000";"2022-08-25";"1";"Vente";"339000.0";"17.0";"None";"RUE LASCARIS";"3570";"06300";"06088";"Nice";"06";"None";"None";"06088000KO0316";"None";"None";"5";"66.68";"None";"nan";"None";"nan";"None";"nan";"None";"nan";"1";"2";"Appartement";"70.0";"3.0";"None";"None";"None";"None";"nan";"7.284625";"43.700203";"000KO"
"2022-64048";"2022-08-23";"1";"Vente";"291465.0";"4.0";"None";"RUE PAPON";"4690";"06300";"06088";"Nice";"06";"None";"None";"06088000KO0030";"None";"None";"32";"40.25";"None";"nan";"None";"nan";"None";"nan";"None";"nan";"1";"2";"Appartement";"35.0";"2.0";"None";"None";"None";"None";"nan";"7.281024";"43.701502";"000KO"
"2022-63989";"2022-08-23";"1";"Vente";"3750246.0";"9000.0";"None";"PROM DES ARTS";"0401";"06300";"06088";"Nice";"06";"None";"None";"06088000KO0331";"None";"3";"None";"nan";"None";"nan";"None";"nan";"None";"nan";"None";"nan";"0";"None";"None";"nan";"nan";"None";"None";"None";"None";"nan";"7.278356";"43.700891";"000KO"
"2022-63989";"2022-08-23";"1";"Vente";"3750246.0";"9000.0";"None";"PROM DES ARTS";"0401";"06300";"06088";"Nice";"06";"None";"None";"06088000KO0331";"None";"3";"None";"nan";"None";"nan";"None";"nan";"None";"nan";"None";"nan";"0";"None";"None";"nan";"nan";"None";"None";"None";"None";"nan";"7.278356";"43.700891";"000KO"
"2022-64187";"2022-08-22";"1";"Vente";"167200.0";"8.0";"None";"RUE LASCARIS";"3570";"06300";"06088";"Nice";"06";"None";"None";"06088000KO0319";"None";"None";"3";"nan";"None";"nan";"None";"nan";"None";"nan";"None";"nan";"1";"2";"Appartement";"33.0";"3.0";"None";"None";"None";"None";"nan";"7.285167";"43.699768";"000KO"
"2022-64469";"2022-08-22";"1";"Vente";"1900000.0";"2.0";"None";"RUE BOYER";"0945";"06300";"06088";"Nice";"06";"None";"None";"06088000KO0025";"None";"None";"449";"nan";"None";"nan";"None";"nan";"None";"nan";"None";"nan";"1";"3";"Dépendance";"nan";"0.0";"None";"None";"None";"None";"nan";"7.281466";"43.701959";"000KO"
"2022-64469";"2022-08-22";"1";"Vente";"1900000.0";"16.0";"None";"PL GARIBALDI";"2785";"06300";"06088";"Nice";"06";"None";"None";"06088000KO0035";"None";"None";"17";"nan";"19";"nan";"6";"nan";"8";"nan";"None";"nan";"4";"4";"Local industriel. commercial ou assimilé";"320.0";"0.0";"None";"None";"None";"None";"nan";"7.281299";"43.700982";"000KO"
"2022-64469";"2022-08-22";"1";"Vente";"1900000.0";"11.0";"None";"RUE PAPON";"4690";"06300";"06088";"Nice";"06";"None";"None";"06088000KO0356";"None";"None";"115";"nan";"116";"nan";"None";"nan";"None";"nan";"None";"nan";"2";"4";"Local industriel. commercial ou assimilé";"24.0";"0.0";"None";"None";"None";"None";"nan";"7.283146";"43.701514";"000KO"
"2022-64485";"2022-08-19";"1";"Vente";"324175.0";"11.0";"None";"RUE LASCARIS";"3570";"06300";"06088";"Nice";"06";"None";"None";"06088000KO0181";"None";"None";"37";"nan";"None";"nan";"None";"nan";"None";"nan";"None";"nan";"1";"2";"Appartement";"34.0";"2.0";"None";"None";"None";"None";"nan";"7.285117";"43.700047";"000KO"
"2022-64432";"2022-08-18";"1";"Vente";"342320.0";"2.0";"None";"RUE BARLA";"0610";"06300";"06088";"Nice";"06";"None";"None";"06088000KO0021";"None";"None";"9";"58.0";"None";"nan";"None";"nan";"None";"nan";"None";"nan";"1";"2";"Appartement";"55.0";"3.0";"None";"None";"None";"None";"nan";"7.280347";"43.702469";"000KO"
"2022-64531";"2022-08-17";"1";"Vente";"92000.0";"41.0";"None";"RUE BONAPARTE";"0885";"06300";"06088";"Nice";"06";"None";"None";"06088000KO0302";"None";"None";"16";"22.74";"None";"nan";"None";"nan";"None";"nan";"None";"nan";"1";"2";"Appartement";"22.0";"1.0";"None";"None";"None";"None";"nan";"7.285187";"43.700791";"000KO"
"2022-64101";"2022-08-11";"1";"Vente";"320000.0";"9.0";"None";"RUE ARSON";"0390";"06300";"06088";"Nice";"06";"None";"None";"06088000KO0156";"None";"None";"148";"76.02";"93";"nan";"None";"nan";"None";"nan";"None";"nan";"2";"2";"Appartement";"73.0";"3.0";"None";"None";"None";"None";"nan";"7.28639";"43.700127";"000KO"
"2022-64101";"2022-08-11";"1";"Vente";"320000.0";"9.0";"None";"RUE ARSON";"0390";"06300";"06088";"Nice";"06";"None";"None";"06088000KO0156";"None";"None";"148";"76.02";"93";"nan";"None";"nan";"None";"nan";"None";"nan";"2";"3";"Dépendance";"nan";"0.0";"None";"None";"None";"None";"nan";"7.28639";"43.700127";"000KO"
"2022-63548";"2022-08-10";"1";"Vente";"219500.0";"5.0";"None";"RUE CASSINI";"1180";"06300";"06088";"Nice";"06";"None";"None";"06088000KO0270";"None";"None";"10";"nan";"None";"nan";"None";"nan";"None";"nan";"None";"nan";"1";"2";"Appartement";"28.0";"2.0";"None";"None";"None";"None";"nan";"7.281897";"43.700336";"000KO"
"2022-63512";"2022-08-10";"1";"Vente";"26000.0";"11.0";"None";"RUE PAPON";"4690";"06300";"06088";"Nice";"06";"None";"None";"06088000KO0356";"None";"None";"81";"nan";"None";"nan";"None";"nan";"None";"nan";"None";"nan";"1";"3";"Dépendance";"nan";"0.0";"None";"None";"None";"None";"nan";"7.283146";"43.701514";"000KO"
"2022-63830";"2022-08-09";"1";"Vente";"154000.0";"16.0";"None";"RUE BARLA";"0610";"06300";"06088";"Nice";"06";"None";"None";"06088000KO0356";"None";"None";"213";"nan";"None";"nan";"None";"nan";"None";"nan";"None";"nan";"1";"2";"Appartement";"32.0";"2.0";"None";"None";"None";"None";"nan";"7.283146";"43.701514";"000KO"
"2022-63830";"2022-08-09";"1";"Vente";"154000.0";"16.0";"None";"RUE BARLA";"0610";"06300";"06088";"Nice";"06";"None";"None";"06088000KO0356";"None";"None";"213";"nan";"None";"nan";"None";"nan";"None";"nan";"None";"nan";"1";"3";"Dépendance";"nan";"0.0";"None";"None";"None";"None";"nan";"7.283146";"43.701514";"000KO"
"2022-63830";"2022-08-09";"1";"Vente";"154000.0";"16.0";"None";"RUE BARLA";"0610";"06300";"06088";"Nice";"06";"None";"None";"06088000KO0356";"None";"None";"213";"nan";"None";"nan";"None";"nan";"None";"nan";"None";"nan";"1";"3";"Dépendance";"nan";"0.0";"None";"None";"None";"None";"nan";"7.283146";"43.701514";"000KO"
"2022-63754";"2022-08-05";"1";"Vente";"220000.0";"4.0";"None";"RUE BARLA";"0610";"06300";"06088";"Nice";"06";"None";"None";"06088000KO0023";"None";"None";"46";"65.0";"None";"nan";"None";"nan";"None";"nan";"None";"nan";"1";"2";"Appartement";"74.0";"3.0";"None";"None";"None";"None";"nan";"7.280562";"43.702308";"000KO"
"2022-64182";"2022-08-05";"1";"Vente";"300000.0";"31.0";"None";"RUE BONAPARTE";"0885";"06300";"06088";"Nice";"06";"None";"None";"06088000KO0081";"None";"None";"14";"nan";"None";"nan";"None";"nan";"None";"nan";"None";"nan";"1";"2";"Appartement";"70.0";"2.0";"None";"None";"None";"None";"nan";"7.284048";"43.700751";"000KO"
"2022-63362";"2022-08-05";"1";"Vente";"110000.0";"8.0";"None";"RUE ARSON";"0390";"06300";"06088";"Nice";"06";"None";"None";"06088000KO0131";"None";"None";"163";"30.55";"46";"nan";"None";"nan";"None";"nan";"None";"nan";"2";"4";"Local industriel. commercial ou assimilé";"40.0";"0.0";"None";"None";"None";"None";"nan";"7.286876";"43.699236";"000KO"
"2022-62894";"2022-08-04";"1";"Vente";"90000.0";"8.0";"None";"RUE BONAPARTE";"0885";"06300";"06088";"Nice";"06";"None";"None";"06088000KO0264";"None";"None";"8";"nan";"None";"nan";"None";"nan";"None";"nan";"None";"nan";"1";"2";"Appartement";"12.0";"1.0";"None";"None";"None";"None";"nan";"7.282303";"43.700596";"000KO"
"2022-63889";"2022-08-04";"1";"Vente";"214000.0";"46.0";"B";"RUE BONAPARTE";"0885";"06300";"06088";"Nice";"06";"None";"None";"06088000KO0158";"None";"None";"6";"nan";"None";"nan";"None";"nan";"None";"nan";"None";"nan";"1";"2";"Appartement";"37.0";"2.0";"None";"None";"None";"None";"nan";"7.286221";"43.700253";"000KO"
"2022-62920";"2022-08-02";"1";"Vente";"48000.0";"3.0";"None";"RUE ANTOINE GAUTIER";"0265";"06300";"06088";"Nice";"06";"None";"None";"06088000KO0237";"None";"None";"76";"11.05";"None";"nan";"None";"nan";"None";"nan";"None";"nan";"1";"2";"Appartement";"11.0";"1.0";"None";"None";"None";"None";"nan";"7.282394";"43.698933";"000KO"
"2022-63603";"2022-08-02";"1";"Vente";"485000.0";"2.0";"None";"RUE ARSON";"0390";"06300";"06088";"Nice";"06";"None";"None";"06088000KO0138";"None";"None";"27";"88.66";"None";"nan";"None";"nan";"None";"nan";"None";"nan";"1";"2";"Appartement";"88.0";"3.0";"None";"None";"None";"None";"nan";"7.286662";"43.698643";"000KO"
"2022-63749";"2022-08-02";"1";"Vente";"210000.0";"2.0";"None";"RUE PAPON";"4690";"06300";"06088";"Nice";"06";"None";"None";"06088000KO0029";"None";"None";"12";"26.15";"None";"nan";"None";"nan";"None";"nan";"None";"nan";"1";"2";"Appartement";"65.0";"3.0";"None";"None";"None";"None";"nan";"7.280925";"43.701622";"000KO"
"2022-64032";"2022-08-02";"1";"Vente";"190000.0";"54.0";"None";"BD RISSO";"5490";"06300";"06088";"Nice";"06";"None";"None";"06088000KO0019";"None";"None";"90";"nan";"None";"nan";"None";"nan";"None";"nan";"None";"nan";"1";"2";"Appartement";"50.0";"2.0";"None";"None";"None";"None";"nan";"7.280193";"43.702316";"000KO"
"2022-63603";"2022-08-02";"1";"Vente";"485000.0";"2.0";"None";"RUE ARSON";"0390";"06300";"06088";"Nice";"06";"None";"None";"06088000KO0138";"None";"None";"27";"88.66";"None";"nan";"None";"nan";"None";"nan";"None";"nan";"1";"3";"Dépendance";"nan";"0.0";"None";"None";"None";"None";"nan";"7.286662";"43.698643";"000KO"
"2022-64032";"2022-08-02";"1";"Vente";"190000.0";"54.0";"None";"BD RISSO";"5490";"06300";"06088";"Nice";"06";"None";"None";"06088000KO0019";"None";"None";"90";"nan";"None";"nan";"None";"nan";"None";"nan";"None";"nan";"1";"3";"Dépendance";"nan";"0.0";"None";"None";"None";"None";"nan";"7.280193";"43.702316";"000KO"
"2022-64032";"2022-08-02";"1";"Vente";"190000.0";"54.0";"None";"BD RISSO";"5490";"06300";"06088";"Nice";"06";"None";"None";"06088000KO0019";"None";"None";"90";"nan";"None";"nan";"None";"nan";"None";"nan";"None";"nan";"1";"3";"Dépendance";"nan";"0.0";"None";"None";"None";"None";"nan";"7.280193";"43.702316";"000KO"
"2022-63577";"2022-08-01";"1";"Vente";"215000.0";"7.0";"None";"RUE BOYER";"0945";"06300";"06088";"Nice";"06";"None";"None";"06088000KO0058";"None";"None";"8";"nan";"None";"nan";"None";"nan";"None";"nan";"None";"nan";"1";"2";"Appartement";"30.0";"2.0";"None";"None";"None";"None";"nan";"7.282116";"43.701195";"000KO"
"2022-63535";"2022-08-01";"1";"Vente";"95000.0";"9.0";"T";"RUE EMMANUEL PHILIBERT";"2295";"06300";"06088";"Nice";"06";"None";"None";"06088000KO0207";"None";"None";"415";"24.62";"None";"nan";"None";"nan";"None";"nan";"None";"nan";"1";"4";"Local industriel. commercial ou assimilé";"24.0";"0.0";"None";"None";"None";"None";"nan";"7.283659";"43.700102";"000KO"
"2022-62425";"2022-07-27";"1";"Vente";"335000.0";"54.0";"None";"BD RISSO";"5490";"06300";"06088";"Nice";"06";"None";"None";"06088000KO0019";"None";"None";"5";"nan";"85";"57.34";"None";"nan";"None";"nan";"None";"nan";"2";"2";"Appartement";"64.0";"2.0";"None";"None";"None";"None";"nan";"7.280193";"43.702316";"000KO"
"2022-62496";"2022-07-27";"1";"Vente";"555200.0";"4.0";"None";"RUE FODERE";"2495";"06300";"06088";"Nice";"06";"None";"None";"06088000KO0197";"None";"None";"224";"91.0";"None";"nan";"None";"nan";"None";"nan";"None";"nan";"1";"2";"Appartement";"112.0";"4.0";"None";"None";"None";"None";"nan";"7.284449";"43.699004";"000KO"
"2022-62425";"2022-07-27";"1";"Vente";"335000.0";"54.0";"None";"BD RISSO";"5490";"06300";"06088";"Nice";"06";"None";"None";"06088000KO0019";"None";"None";"5";"nan";"85";"57.34";"None";"nan";"None";"nan";"None";"nan";"2";"3";"Dépendance";"nan";"0.0";"None";"None";"None";"None";"nan";"7.280193";"43.702316";"000KO"
"2022-62269";"2022-07-26";"1";"Vente";"670000.0";"3.0";"None";"RUE CASSINI";"1180";"06300";"06088";"Nice";"06";"None";"None";"06088000KO0272";"None";"None";"2";"nan";"None";"nan";"None";"nan";"None";"nan";"None";"nan";"1";"2";"Appartement";"90.0";"5.0";"None";"None";"None";"None";"nan";"7.281754";"43.700442";"000KO"
"2022-62323";"2022-07-26";"1";"Vente";"750000.0";"3.0";"None";"RUE MARTIN SEYTOUR";"4085";"06300";"06088";"Nice";"06";"None";"None";"06088000KO0255";"None";"None";"32";"nan";"None";"nan";"None";"nan";"None";"nan";"None";"nan";"1";"2";"Appartement";"110.0";"3.0";"None";"None";"None";"None";"nan";"7.28274";"43.699985";"000KO"
"2022-62367";"2022-07-26";"1";"Vente";"280000.0";"11.0";"None";"RUE FODERE";"2495";"06300";"06088";"Nice";"06";"None";"None";"06088000KO0149";"None";"None";"128";"53.21";"None";"nan";"None";"nan";"None";"nan";"None";"nan";"1";"2";"Appartement";"30.0";"1.0";"None";"None";"None";"None";"nan";"7.285552";"43.699377";"000KO"
"2022-62269";"2022-07-26";"1";"Vente";"670000.0";"3.0";"None";"RUE CASSINI";"1180";"06300";"06088";"Nice";"06";"None";"None";"06088000KO0272";"None";"None";"2";"nan";"None";"nan";"None";"nan";"None";"nan";"None";"nan";"1";"3";"Dépendance";"nan";"0.0";"None";"None";"None";"None";"nan";"7.281754";"43.700442";"000KO"
"2022-63708";"2022-07-25";"1";"Vente";"108000.0";"24.0";"None";"RUE CASSINI";"1180";"06300";"06088";"Nice";"06";"None";"None";"06088000KO0217";"None";"None";"8";"nan";"None";"nan";"None";"nan";"None";"nan";"None";"nan";"1";"2";"Appartement";"47.0";"2.0";"None";"None";"None";"None";"nan";"7.283328";"43.698986";"000KO"
"2022-62375";"2022-07-22";"1";"Vente";"246025.89";"51.0";"None";"RUE BONAPARTE";"0885";"06300";"06088";"Nice";"06";"None";"None";"06088000KO0105";"None";"None";"12";"nan";"13";"nan";"None";"nan";"None";"nan";"None";"nan";"2";"2";"Appartement";"67.0";"3.0";"None";"None";"None";"None";"nan";"7.286145";"43.70062";"000KO"
"2022-63290";"2022-07-22";"1";"Vente";"80000.0";"16.0";"None";"RUE BARLA";"0610";"06300";"06088";"Nice";"06";"None";"None";"06088000KO0356";"None";"None";"176";"nan";"None";"nan";"None";"nan";"None";"nan";"None";"nan";"1";"2";"Appartement";"22.0";"1.0";"None";"None";"None";"None";"nan";"7.283146";"43.701514";"000KO"
"2022-62668";"2022-07-21";"1";"Vente";"637150.0";"2.0";"None";"RUE FODERE";"2495";"06300";"06088";"Nice";"06";"None";"None";"06088000KO0197";"None";"None";"216";"100.04";"None";"nan";"None";"nan";"None";"nan";"None";"nan";"1";"2";"Appartement";"105.0";"4.0";"None";"None";"None";"None";"nan";"7.284449";"43.699004";"000KO"
"2022-62554";"2022-07-20";"1";"Vente";"122600.0";"24.0";"None";"RUE BARLA";"0610";"06300";"06088";"Nice";"06";"None";"None";"06088000KO0089";"None";"None";"32";"nan";"None";"nan";"None";"nan";"None";"nan";"None";"nan";"1";"2";"Appartement";"40.0";"2.0";"None";"None";"None";"None";"nan";"7.284853";"43.700997";"000KO"
"2022-61734";"2022-07-13";"1";"Vente";"260392.0";"5.0";"None";"RUE FODERE";"2495";"06300";"06088";"Nice";"06";"None";"None";"06088000KO0191";"None";"None";"20";"38.49";"23";"nan";"None";"nan";"None";"nan";"None";"nan";"2";"2";"Appartement";"38.0";"2.0";"None";"None";"None";"None";"nan";"7.284576";"43.699473";"000KO"
"2022-62256";"2022-07-13";"1";"Vente";"115000.0";"12.0";"None";"RUE FODERE";"2495";"06300";"06088";"Nice";"06";"None";"None";"06088000KO0143";"None";"None";"84";"nan";"None";"nan";"None";"nan";"None";"nan";"None";"nan";"1";"2";"Appartement";"22.0";"1.0";"None";"None";"None";"None";"nan";"7.286121";"43.698823";"000KO"
"2022-62779";"2022-07-13";"1";"Vente";"120000.0";"45.0";"None";"RUE BONAPARTE";"0885";"06300";"06088";"Nice";"06";"None";"None";"06088000KO0099";"None";"None";"2";"43.38";"None";"nan";"None";"nan";"None";"nan";"None";"nan";"1";"4";"Local industriel. commercial ou assimilé";"65.0";"0.0";"None";"None";"None";"None";"nan";"7.285678";"43.700636";"000KO"
"2022-62898";"2022-07-13";"1";"Vente";"70000.0";"5.0";"None";"RUE FRANCOIS GUISOL";"2635";"06300";"06088";"Nice";"06";"None";"None";"06088000KO0083";"None";"None";"37";"27.43";"None";"nan";"None";"nan";"None";"nan";"None";"nan";"1";"4";"Local industriel. commercial ou assimilé";"28.0";"0.0";"None";"None";"None";"None";"nan";"7.284553";"43.700835";"000KO"
"2022-61649";"2022-07-12";"1";"Vente";"242025.0";"5.0";"None";"RUE EMMANUEL PHILIBERT";"2295";"06300";"06088";"Nice";"06";"None";"None";"06088000KO0073";"None";"None";"13";"nan";"None";"nan";"None";"nan";"None";"nan";"None";"nan";"1";"2";"Appartement";"31.0";"2.0";"None";"None";"None";"None";"nan";"7.283428";"43.701032";"000KO"
"2022-61282";"2022-07-11";"1";"Vente";"200000.0";"10.0";"B";"RUE MARTIN SEYTOUR";"4085";"06300";"06088";"Nice";"06";"None";"None";"06088000KO0284";"None";"None";"4";"34.08";"None";"nan";"None";"nan";"None";"nan";"None";"nan";"1";"2";"Appartement";"41.0";"2.0";"None";"None";"None";"None";"nan";"7.281641";"43.699708";"000KO"
"2022-61947";"2022-07-11";"1";"Vente";"300000.0";"14.0";"None";"RUE LASCARIS";"3570";"06300";"06088";"Nice";"06";"None";"None";"06088000KO0185";"None";"None";"11";"nan";"86";"nan";"None";"nan";"None";"nan";"None";"nan";"2";"2";"Appartement";"69.0";"3.0";"None";"None";"None";"None";"nan";"7.284693";"43.699689";"000KO"
"2022-61998";"2022-07-11";"1";"Vente";"155000.0";"4.0";"None";"RUE BAVASTRO";"0670";"06300";"06088";"Nice";"06";"None";"None";"06088000KO0097";"None";"None";"3";"39.07";"None";"nan";"None";"nan";"None";"nan";"None";"nan";"1";"2";"Appartement";"43.0";"2.0";"None";"None";"None";"None";"nan";"7.285347";"43.700774";"000KO"
"2022-62071";"2022-07-11";"1";"Vente";"220000.0";"13.0";"None";"RUE BAVASTRO";"0670";"06300";"06088";"Nice";"06";"None";"None";"06088000KO0163";"None";"None";"43";"59.6";"None";"nan";"None";"nan";"None";"nan";"None";"nan";"1";"2";"Appartement";"62.0";"2.0";"None";"None";"None";"None";"nan";"7.285644";"43.700082";"000KO"
"2022-61947";"2022-07-11";"1";"Vente";"300000.0";"14.0";"None";"RUE LASCARIS";"3570";"06300";"06088";"Nice";"06";"None";"None";"06088000KO0185";"None";"None";"11";"nan";"86";"nan";"None";"nan";"None";"nan";"None";"nan";"2";"3";"Dépendance";"nan";"0.0";"None";"None";"None";"None";"nan";"7.284693";"43.699689";"000KO"
"2022-61571";"2022-07-08";"1";"Vente";"179000.0";"16.0";"None";"RUE FODERE";"2495";"06300";"06088";"Nice";"06";"None";"None";"06088000KO0134";"None";"None";"15";"20.63";"None";"nan";"None";"nan";"None";"nan";"None";"nan";"1";"2";"Appartement";"21.0";"1.0";"None";"None";"None";"None";"nan";"7.286825";"43.698829";"000KO"
"2022-61727";"2022-07-08";"1";"Vente";"170000.0";"7.0";"None";"RUE FODERE";"2495";"06300";"06088";"Nice";"06";"None";"None";"06088000KO0192";"None";"None";"20";"nan";"None";"nan";"None";"nan";"None";"nan";"None";"nan";"1";"2";"Appartement";"27.0";"2.0";"None";"None";"None";"None";"nan";"7.284739";"43.699473";"000KO"
"2022-62573";"2022-07-08";"1";"Vente";"162500.0";"54.0";"None";"BD RISSO";"5490";"06300";"06088";"Nice";"06";"None";"None";"06088000KO0019";"None";"None";"3";"nan";"69";"nan";"None";"nan";"None";"nan";"None";"nan";"2";"2";"Appartement";"85.0";"3.0";"None";"None";"None";"None";"nan";"7.280193";"43.702316";"000KO"
"2022-62573";"2022-07-08";"1";"Vente";"162500.0";"54.0";"None";"BD RISSO";"5490";"06300";"06088";"Nice";"06";"None";"None";"06088000KO0019";"None";"None";"3";"nan";"69";"nan";"None";"nan";"None";"nan";"None";"nan";"2";"3";"Dépendance";"nan";"0.0";"None";"None";"None";"None";"nan";"7.280193";"43.702316";"000KO"
"2022-62130";"2022-07-08";"1";"Vente";"335000.0";"5.0";"None";"RUE ANTOINE GAUTIER";"0265";"06300";"06088";"Nice";"06";"None";"None";"06088000KO0240";"None";"None";"1";"58.42";"None";"nan";"None";"nan";"None";"nan";"None";"nan";"1";"4";"Local industriel. commercial ou assimilé";"66.0";"0.0";"None";"None";"None";"None";"nan";"7.282818";"43.698847";"000KO"
"2022-61728";"2022-07-07";"1";"Vente";"316150.0";"36.0";"None";"RUE CATHERINE SEGURANE";"1192";"06300";"06088";"Nice";"06";"None";"None";"06088000KO0226";"None";"None";"18";"nan";"None";"nan";"None";"nan";"None";"nan";"None";"nan";"1";"2";"Appartement";"68.0";"3.0";"None";"None";"None";"None";"nan";"7.282808";"43.697973";"000KO"
"2022-62143";"2022-07-07";"1";"Vente";"543000.0";"52.0";"None";"AV DE LA REPUBLIQUE";"5435";"06300";"06088";"Nice";"06";"None";"None";"06088000KO0018";"None";"None";"34";"94.81";"47";"nan";"5";"nan";"None";"nan";"None";"nan";"3";"2";"Appartement";"94.0";"5.0";"None";"None";"None";"None";"nan";"7.280415";"43.701997";"000KO"
"2022-62143";"2022-07-07";"1";"Vente";"543000.0";"52.0";"None";"AV DE LA REPUBLIQUE";"5435";"06300";"06088";"Nice";"06";"None";"None";"06088000KO0018";"None";"None";"34";"94.81";"47";"nan";"5";"nan";"None";"nan";"None";"nan";"3";"3";"Dépendance";"nan";"0.0";"None";"None";"None";"None";"nan";"7.280415";"43.701997";"000KO"
"2022-61700";"2022-07-01";"1";"Vente";"331550.0";"31.0";"None";"RUE BONAPARTE";"0885";"06300";"06088";"Nice";"06";"None";"None";"06088000KO0081";"None";"None";"18";"42.73";"None";"nan";"None";"nan";"None";"nan";"None";"nan";"1";"2";"Appartement";"36.0";"3.0";"None";"None";"None";"None";"nan";"7.284048";"43.700751";"000KO"
"2022-60649";"2022-06-30";"1";"Vente";"211180.0";"11.0";"None";"PL GARIBALDI";"2785";"06300";"06088";"Nice";"06";"None";"None";"06088000KO0291";"None";"None";"27";"23.11";"None";"nan";"None";"nan";"None";"nan";"None";"nan";"1";"2";"Appartement";"25.0";"2.0";"None";"None";"None";"None";"nan";"7.280895";"43.700368";"000KO"
"2022-61812";"2022-06-30";"1";"Vente";"436120.0";"4.0";"None";"RUE FODERE";"2495";"06300";"06088";"Nice";"06";"None";"None";"06088000KO0197";"None";"None";"213";"88.41";"None";"nan";"None";"nan";"None";"nan";"None";"nan";"1";"2";"Appartement";"66.0";"3.0";"None";"None";"None";"None";"nan";"7.284449";"43.699004";"000KO"
"2022-62217";"2022-06-30";"1";"Vente";"455000.0";"3.0";"None";"RUE PAPON";"4690";"06300";"06088";"Nice";"06";"None";"None";"06088000KO0025";"None";"None";"298";"nan";"32";"98.0";"None";"nan";"None";"nan";"None";"nan";"2";"2";"Appartement";"98.0";"5.0";"None";"None";"None";"None";"nan";"7.281466";"43.701959";"000KO"
"2022-62217";"2022-06-30";"1";"Vente";"455000.0";"3.0";"None";"RUE PAPON";"4690";"06300";"06088";"Nice";"06";"None";"None";"06088000KO0025";"None";"None";"298";"nan";"32";"98.0";"None";"nan";"None";"nan";"None";"nan";"2";"3";"Dépendance";"nan";"0.0";"None";"None";"None";"None";"nan";"7.281466";"43.701959";"000KO"
"2022-62038";"2022-06-29";"1";"Vente";"163111.0";"5.0";"None";"RUE CASSINI";"1180";"06300";"06088";"Nice";"06";"None";"None";"06088000KO0270";"None";"None";"1";"53.9";"4";"53.9";"None";"nan";"None";"nan";"None";"nan";"2";"4";"Local industriel. commercial ou assimilé";"49.0";"0.0";"None";"None";"None";"None";"nan";"7.281897";"43.700336";"000KO"
"2022-60614";"2022-06-28";"1";"Vente";"221500.0";"7.0";"B";"RUE ANTOINE GAUTIER";"0265";"06300";"06088";"Nice";"06";"None";"None";"06088000KO0222";"None";"None";"1";"37.26";"None";"nan";"None";"nan";"None";"nan";"None";"nan";"1";"4";"Local industriel. commercial ou assimilé";"29.0";"0.0";"None";"None";"None";"None";"nan";"7.283548";"43.698757";"000KO"
"2022-60718";"2022-06-27";"1";"Vente";"260000.0";"11.0";"None";"PL GARIBALDI";"2785";"06300";"06088";"Nice";"06";"None";"None";"06088000KO0291";"None";"None";"55";"nan";"None";"nan";"None";"nan";"None";"nan";"None";"nan";"1";"2";"Appartement";"26.0";"1.0";"None";"None";"None";"None";"nan";"7.280895";"43.700368";"000KO"
"2022-60718";"2022-06-27";"1";"Vente";"260000.0";"11.0";"None";"PL GARIBALDI";"2785";"06300";"06088";"Nice";"06";"None";"None";"06088000KO0291";"None";"None";"55";"nan";"None";"nan";"None";"nan";"None";"nan";"None";"nan";"1";"2";"Appartement";"33.0";"2.0";"None";"None";"None";"None";"nan";"7.280895";"43.700368";"000KO"
"2022-60718";"2022-06-27";"1";"Vente";"260000.0";"11.0";"None";"PL GARIBALDI";"2785";"06300";"06088";"Nice";"06";"None";"None";"06088000KO0291";"None";"None";"55";"nan";"None";"nan";"None";"nan";"None";"nan";"None";"nan";"1";"2";"Appartement";"31.0";"2.0";"None";"None";"None";"None";"nan";"7.280895";"43.700368";"000KO"
"2022-60718";"2022-06-27";"1";"Vente";"260000.0";"11.0";"None";"PL GARIBALDI";"2785";"06300";"06088";"Nice";"06";"None";"None";"06088000KO0291";"None";"None";"26";"nan";"None";"nan";"None";"nan";"None";"nan";"None";"nan";"1";"2";"Appartement";"31.0";"2.0";"None";"None";"None";"None";"nan";"7.280895";"43.700368";"000KO"
"2022-60718";"2022-06-27";"1";"Vente";"260000.0";"11.0";"None";"PL GARIBALDI";"2785";"06300";"06088";"Nice";"06";"None";"None";"06088000KO0291";"None";"None";"55";"nan";"None";"nan";"None";"nan";"None";"nan";"None";"nan";"1";"2";"Appartement";"43.0";"2.0";"None";"None";"None";"None";"nan";"7.280895";"43.700368";"000KO"
"2022-60718";"2022-06-27";"1";"Vente";"260000.0";"11.0";"None";"PL GARIBALDI";"2785";"06300";"06088";"Nice";"06";"None";"None";"06088000KO0291";"None";"None";"55";"nan";"None";"nan";"None";"nan";"None";"nan";"None";"nan";"1";"2";"Appartement";"25.0";"1.0";"None";"None";"None";"None";"nan";"7.280895";"43.700368";"000KO"
"2022-60718";"2022-06-27";"1";"Vente";"260000.0";"11.0";"None";"PL GARIBALDI";"2785";"06300";"06088";"Nice";"06";"None";"None";"06088000KO0291";"None";"None";"55";"nan";"None";"nan";"None";"nan";"None";"nan";"None";"nan";"1";"2";"Appartement";"30.0";"1.0";"None";"None";"None";"None";"nan";"7.280895";"43.700368";"000KO"
"2022-61046";"2022-06-27";"1";"Vente";"765000.0";"7.0";"None";"RUE BONAPARTE";"0885";"06300";"06088";"Nice";"06";"None";"None";"06088000KO0044";"None";"None";"8";"137.52";"None";"nan";"None";"nan";"None";"nan";"None";"nan";"1";"2";"Appartement";"140.0";"4.0";"None";"None";"None";"None";"nan";"7.282259";"43.700988";"000KO"
"2022-61166";"2022-06-24";"1";"Vente";"585000.0";"13.0";"None";"RUE CASSINI";"1180";"06300";"06088";"Nice";"06";"None";"None";"06088000KO0256";"None";"None";"18";"118.11";"None";"nan";"None";"nan";"None";"nan";"None";"nan";"1";"2";"Appartement";"90.0";"1.0";"None";"None";"None";"None";"nan";"7.282938";"43.699674";"000KO"
"2022-60119";"2022-06-24";"1";"Vente";"1.0";"49.0";"None";"RUE BONAPARTE";"0885";"06300";"06088";"Nice";"06";"None";"None";"06088000KO0104";"None";"None";"30";"nan";"None";"nan";"None";"nan";"None";"nan";"None";"nan";"1";"4";"Local industriel. commercial ou assimilé";"117.0";"0.0";"None";"None";"None";"None";"nan";"7.285958";"43.70065";"000KO"
"2022-60256";"2022-06-23";"1";"Vente";"315000.0";"20.0";"None";"RUE BONAPARTE";"0885";"06300";"06088";"Nice";"06";"None";"None";"06088000KO0209";"None";"None";"11";"55.37";"None";"nan";"None";"nan";"None";"nan";"None";"nan";"1";"2";"Appartement";"59.0";"2.0";"None";"None";"None";"None";"nan";"7.283779";"43.700518";"000KO"
"2022-60279";"2022-06-23";"1";"Vente";"470250.0";"12.0";"None";"RUE PAPON";"4690";"06300";"06088";"Nice";"06";"None";"None";"06088000KO0056";"None";"None";"15";"nan";"5";"nan";"None";"nan";"None";"nan";"None";"nan";"2";"2";"Appartement";"66.0";"3.0";"None";"None";"None";"None";"nan";"7.282511";"43.701153";"000KO"
"2022-60279";"2022-06-23";"1";"Vente";"470250.0";"12.0";"None";"RUE PAPON";"4690";"06300";"06088";"Nice";"06";"None";"None";"06088000KO0056";"None";"None";"15";"nan";"5";"nan";"None";"nan";"None";"nan";"None";"nan";"2";"3";"Dépendance";"nan";"0.0";"None";"None";"None";"None";"nan";"7.282511";"43.701153";"000KO"
"2022-60279";"2022-06-23";"1";"Vente";"470250.0";"12.0";"None";"RUE PAPON";"4690";"06300";"06088";"Nice";"06";"None";"None";"06088000KO0056";"None";"None";"15";"nan";"5";"nan";"None";"nan";"None";"nan";"None";"nan";"2";"3";"Dépendance";"nan";"0.0";"None";"None";"None";"None";"nan";"7.282511";"43.701153";"000KO"
"2022-61022";"2022-06-23";"1";"Vente";"18000.0";"5.0";"None";"RUE FRANCOIS GUISOL";"2635";"06300";"06088";"Nice";"06";"None";"None";"06088000KO0083";"None";"None";"23";"nan";"None";"nan";"None";"nan";"None";"nan";"None";"nan";"1";"3";"Dépendance";"nan";"0.0";"None";"None";"None";"None";"nan";"7.284553";"43.700835";"000KO"
"2022-61337";"2022-06-23";"1";"Vente";"3120000.0";"44.0";"None";"RUE BONAPARTE";"0885";"06300";"06088";"Nice";"06";"None";"None";"06088000KO0160";"None";"None";"None";"nan";"None";"nan";"None";"nan";"None";"nan";"None";"nan";"0";"4";"Local industriel. commercial ou assimilé";"5.0";"0.0";"S";"sols";"None";"None";"486.0";"7.286002";"43.700254";"000KO"
"2022-61337";"2022-06-23";"1";"Vente";"3120000.0";"44.0";"None";"RUE BONAPARTE";"0885";"06300";"06088";"Nice";"06";"None";"None";"06088000KO0160";"None";"None";"None";"nan";"None";"nan";"None";"nan";"None";"nan";"None";"nan";"0";"4";"Local industriel. commercial ou assimilé";"23.0";"0.0";"S";"sols";"None";"None";"486.0";"7.286002";"43.700254";"000KO"
"2022-61337";"2022-06-23";"1";"Vente";"3120000.0";"44.0";"None";"RUE BONAPARTE";"0885";"06300";"06088";"Nice";"06";"None";"None";"06088000KO0160";"None";"None";"None";"nan";"None";"nan";"None";"nan";"None";"nan";"None";"nan";"0";"4";"Local industriel. commercial ou assimilé";"8.0";"0.0";"S";"sols";"None";"None";"486.0";"7.286002";"43.700254";"000KO"
"2022-61337";"2022-06-23";"1";"Vente";"3120000.0";"44.0";"None";"RUE BONAPARTE";"0885";"06300";"06088";"Nice";"06";"None";"None";"06088000KO0160";"None";"None";"None";"nan";"None";"nan";"None";"nan";"None";"nan";"None";"nan";"0";"4";"Local industriel. commercial ou assimilé";"19.0";"0.0";"S";"sols";"None";"None";"486.0";"7.286002";"43.700254";"000KO"
"2022-61337";"2022-06-23";"1";"Vente";"3120000.0";"44.0";"None";"RUE BONAPARTE";"0885";"06300";"06088";"Nice";"06";"None";"None";"06088000KO0160";"None";"None";"None";"nan";"None";"nan";"None";"nan";"None";"nan";"None";"nan";"0";"4";"Local industriel. commercial ou assimilé";"18.0";"0.0";"S";"sols";"None";"None";"486.0";"7.286002";"43.700254";"000KO"
"2022-61337";"2022-06-23";"1";"Vente";"3120000.0";"44.0";"None";"RUE BONAPARTE";"0885";"06300";"06088";"Nice";"06";"None";"None";"06088000KO0160";"None";"None";"None";"nan";"None";"nan";"None";"nan";"None";"nan";"None";"nan";"0";"4";"Local industriel. commercial ou assimilé";"5.0";"0.0";"S";"sols";"None";"None";"486.0";"7.286002";"43.700254";"000KO"
"2022-61337";"2022-06-23";"1";"Vente";"3120000.0";"44.0";"None";"RUE BONAPARTE";"0885";"06300";"06088";"Nice";"06";"None";"None";"06088000KO0160";"None";"None";"None";"nan";"None";"nan";"None";"nan";"None";"nan";"None";"nan";"0";"4";"Local industriel. commercial ou assimilé";"12.0";"0.0";"S";"sols";"None";"None";"486.0";"7.286002";"43.700254";"000KO"
"2022-61337";"2022-06-23";"1";"Vente";"3120000.0";"44.0";"None";"RUE BONAPARTE";"0885";"06300";"06088";"Nice";"06";"None";"None";"06088000KO0160";"None";"None";"None";"nan";"None";"nan";"None";"nan";"None";"nan";"None";"nan";"0";"4";"Local industriel. commercial ou assimilé";"15.0";"0.0";"S";"sols";"None";"None";"486.0";"7.286002";"43.700254";"000KO"
"2022-61337";"2022-06-23";"1";"Vente";"3120000.0";"44.0";"None";"RUE BONAPARTE";"0885";"06300";"06088";"Nice";"06";"None";"None";"06088000KO0160";"None";"None";"None";"nan";"None";"nan";"None";"nan";"None";"nan";"None";"nan";"0";"4";"Local industriel. commercial ou assimilé";"58.0";"0.0";"S";"sols";"None";"None";"486.0";"7.286002";"43.700254";"000KO"
"2022-61337";"2022-06-23";"1";"Vente";"3120000.0";"44.0";"None";"RUE BONAPARTE";"0885";"06300";"06088";"Nice";"06";"None";"None";"06088000KO0160";"None";"None";"None";"nan";"None";"nan";"None";"nan";"None";"nan";"None";"nan";"0";"4";"Local industriel. commercial ou assimilé";"9.0";"0.0";"S";"sols";"None";"None";"486.0";"7.286002";"43.700254";"000KO"
"2022-61337";"2022-06-23";"1";"Vente";"3120000.0";"44.0";"None";"RUE BONAPARTE";"0885";"06300";"06088";"Nice";"06";"None";"None";"06088000KO0160";"None";"None";"None";"nan";"None";"nan";"None";"nan";"None";"nan";"None";"nan";"0";"4";"Local industriel. commercial ou assimilé";"12.0";"0.0";"S";"sols";"None";"None";"486.0";"7.286002";"43.700254";"000KO"
"2022-61337";"2022-06-23";"1";"Vente";"3120000.0";"44.0";"None";"RUE BONAPARTE";"0885";"06300";"06088";"Nice";"06";"None";"None";"06088000KO0160";"None";"None";"None";"nan";"None";"nan";"None";"nan";"None";"nan";"None";"nan";"0";"4";"Local industriel. commercial ou assimilé";"9.0";"0.0";"S";"sols";"None";"None";"486.0";"7.286002";"43.700254";"000KO"
"2022-61337";"2022-06-23";"1";"Vente";"3120000.0";"44.0";"None";"RUE BONAPARTE";"0885";"06300";"06088";"Nice";"06";"None";"None";"06088000KO0160";"None";"None";"None";"nan";"None";"nan";"None";"nan";"None";"nan";"None";"nan";"0";"4";"Local industriel. commercial ou assimilé";"9.0";"0.0";"S";"sols";"None";"None";"486.0";"7.286002";"43.700254";"000KO"
"2022-61337";"2022-06-23";"1";"Vente";"3120000.0";"44.0";"None";"RUE BONAPARTE";"0885";"06300";"06088";"Nice";"06";"None";"None";"06088000KO0160";"None";"None";"None";"nan";"None";"nan";"None";"nan";"None";"nan";"None";"nan";"0";"4";"Local industriel. commercial ou assimilé";"11.0";"0.0";"S";"sols";"None";"None";"486.0";"7.286002";"43.700254";"000KO"
"2022-61337";"2022-06-23";"1";"Vente";"3120000.0";"44.0";"None";"RUE BONAPARTE";"0885";"06300";"06088";"Nice";"06";"None";"None";"06088000KO0160";"None";"None";"None";"nan";"None";"nan";"None";"nan";"None";"nan";"None";"nan";"0";"4";"Local industriel. commercial ou assimilé";"11.0";"0.0";"S";"sols";"None";"None";"486.0";"7.286002";"43.700254";"000KO"
"2022-61337";"2022-06-23";"1";"Vente";"3120000.0";"44.0";"None";"RUE BONAPARTE";"0885";"06300";"06088";"Nice";"06";"None";"None";"06088000KO0160";"None";"None";"None";"nan";"None";"nan";"None";"nan";"None";"nan";"None";"nan";"0";"4";"Local industriel. commercial ou assimilé";"13.0";"0.0";"S";"sols";"None";"None";"486.0";"7.286002";"43.700254";"000KO"
"2022-61337";"2022-06-23";"1";"Vente";"3120000.0";"44.0";"None";"RUE BONAPARTE";"0885";"06300";"06088";"Nice";"06";"None";"None";"06088000KO0160";"None";"None";"None";"nan";"None";"nan";"None";"nan";"None";"nan";"None";"nan";"0";"4";"Local industriel. commercial ou assimilé";"28.0";"0.0";"S";"sols";"None";"None";"486.0";"7.286002";"43.700254";"000KO"
"2022-61337";"2022-06-23";"1";"Vente";"3120000.0";"44.0";"None";"RUE BONAPARTE";"0885";"06300";"06088";"Nice";"06";"None";"None";"06088000KO0160";"None";"None";"None";"nan";"None";"nan";"None";"nan";"None";"nan";"None";"nan";"0";"4";"Local industriel. commercial ou assimilé";"5.0";"0.0";"S";"sols";"None";"None";"486.0";"7.286002";"43.700254";"000KO"
"2022-61337";"2022-06-23";"1";"Vente";"3120000.0";"44.0";"None";"RUE BONAPARTE";"0885";"06300";"06088";"Nice";"06";"None";"None";"06088000KO0160";"None";"None";"None";"nan";"None";"nan";"None";"nan";"None";"nan";"None";"nan";"0";"4";"Local industriel. commercial ou assimilé";"6.0";"0.0";"S";"sols";"None";"None";"486.0";"7.286002";"43.700254";"000KO"
"2022-61016";"2022-06-22";"1";"Vente";"265000.0";"13.0";"None";"RUE BAVASTRO";"0670";"06300";"06088";"Nice";"06";"None";"None";"06088000KO0163";"None";"None";"4";"nan";"None";"nan";"None";"nan";"None";"nan";"None";"nan";"1";"4";"Local industriel. commercial ou assimilé";"39.0";"0.0";"None";"None";"None";"None";"nan";"7.285644";"43.700082";"000KO"
"2022-60211";"2022-06-21";"1";"Vente";"260000.0";"18.0";"None";"RUE CATHERINE SEGURANE";"1192";"06300";"06088";"Nice";"06";"None";"None";"06088000KO0247";"None";"None";"69";"37.07";"None";"nan";"None";"nan";"None";"nan";"None";"nan";"1";"2";"Appartement";"58.0";"3.0";"None";"None";"None";"None";"nan";"7.282009";"43.699371";"000KO"
"2022-60276";"2022-06-21";"1";"Vente";"287000.0";"22.0";"None";"RUE ARSON";"0390";"06300";"06088";"Nice";"06";"None";"None";"06088000KO0111";"None";"None";"16";"47.52";"None";"nan";"None";"nan";"None";"nan";"None";"nan";"1";"2";"Appartement";"48.0";"4.0";"None";"None";"None";"None";"nan";"7.286896";"43.700534";"000KO"
"2022-60751";"2022-06-20";"1";"Vente";"307570.0";"2.0";"None";"BD LECH WALESA";"3588";"06300";"06088";"Nice";"06";"None";"None";"06088000KO0116";"None";"None";"6";"62.04";"None";"nan";"None";"nan";"None";"nan";"None";"nan";"1";"2";"Appartement";"65.0";"4.0";"None";"None";"None";"None";"nan";"7.287333";"43.700283";"000KO"
"2022-59944";"2022-06-17";"1";"Vente";"573750.0";"28.0";"None";"RUE CASSINI";"1180";"06300";"06088";"Nice";"06";"None";"None";"06088000KO0219";"None";"None";"24";"nan";"None";"nan";"None";"nan";"None";"nan";"None";"nan";"1";"2";"Appartement";"91.0";"4.0";"None";"None";"None";"None";"nan";"7.283457";"43.698875";"000KO"
"2022-60072";"2022-06-17";"1";"Vente";"140000.0";"11.0";"None";"RUE BONAPARTE";"0885";"06300";"06088";"Nice";"06";"None";"None";"06088000KO0046";"None";"None";"5";"19.0";"None";"nan";"None";"nan";"None";"nan";"None";"nan";"1";"2";"Appartement";"19.0";"2.0";"None";"None";"None";"None";"nan";"7.282422";"43.700877";"000KO"
"2022-60604";"2022-06-17";"1";"Vente";"199859.14";"9.0";"B";"RUE EMMANUEL PHILIBERT";"2295";"06300";"06088";"Nice";"06";"None";"None";"06088000KO0213";"None";"None";"25";"nan";"None";"nan";"None";"nan";"None";"nan";"None";"nan";"1";"2";"Appartement";"28.0";"1.0";"None";"None";"None";"None";"nan";"7.283413";"43.699675";"000KO"
"2022-59619";"2022-06-14";"1";"Vente";"100000.0";"8.0";"None";"RUE BONAPARTE";"0885";"06300";"06088";"Nice";"06";"None";"None";"06088000KO0264";"None";"None";"11";"nan";"None";"nan";"None";"nan";"None";"nan";"None";"nan";"1";"2";"Appartement";"11.0";"1.0";"None";"None";"None";"None";"nan";"7.282303";"43.700596";"000KO"
"2022-60216";"2022-06-14";"1";"Vente";"250000.0";"7.0";"None";"RUE FODERE";"2495";"06300";"06088";"Nice";"06";"None";"None";"06088000KO0192";"None";"None";"13";"64.74";"None";"nan";"None";"nan";"None";"nan";"None";"nan";"1";"4";"Local industriel. commercial ou assimilé";"60.0";"0.0";"None";"None";"None";"None";"nan";"7.284739";"43.699473";"000KO"
"2022-60531";"2022-06-13";"1";"Vente";"300000.0";"26.0";"None";"RUE CATHERINE SEGURANE";"1192";"06300";"06088";"Nice";"06";"None";"None";"06088000KO0232";"None";"None";"14";"nan";"None";"nan";"None";"nan";"None";"nan";"None";"nan";"1";"2";"Appartement";"114.0";"5.0";"None";"None";"None";"None";"nan";"7.282073";"43.698537";"000KO"
"2022-60531";"2022-06-13";"1";"Vente";"300000.0";"26.0";"None";"RUE CATHERINE SEGURANE";"1192";"06300";"06088";"Nice";"06";"None";"None";"06088000KO0232";"None";"None";"14";"nan";"None";"nan";"None";"nan";"None";"nan";"None";"nan";"1";"3";"Dépendance";"nan";"0.0";"None";"None";"None";"None";"nan";"7.282073";"43.698537";"000KO"
"2022-60531";"2022-06-13";"1";"Vente";"300000.0";"26.0";"None";"RUE CATHERINE SEGURANE";"1192";"06300";"06088";"Nice";"06";"None";"None";"06088000KO0232";"None";"None";"14";"nan";"None";"nan";"None";"nan";"None";"nan";"None";"nan";"1";"3";"Dépendance";"nan";"0.0";"None";"None";"None";"None";"nan";"7.282073";"43.698537";"000KO"
"2022-59418";"2022-06-10";"1";"Vente";"269000.0";"11.0";"None";"RUE FODERE";"2495";"06300";"06088";"Nice";"06";"None";"None";"06088000KO0149";"None";"None";"125";"nan";"None";"nan";"None";"nan";"None";"nan";"None";"nan";"1";"2";"Appartement";"35.0";"2.0";"None";"None";"None";"None";"nan";"7.285552";"43.699377";"000KO"
"2022-60193";"2022-06-10";"1";"Vente";"1460000.0";"11.0";"None";"PL ILE DE BEAUTE";"3265";"06300";"06088";"Nice";"06";"None";"None";"06088000KO0197";"None";"None";"109";"237.39";"None";"nan";"None";"nan";"None";"nan";"None";"nan";"1";"4";"Local industriel. commercial ou assimilé";"20.0";"0.0";"None";"None";"None";"None";"nan";"7.284449";"43.699004";"000KO"
"2022-59317";"2022-06-09";"1";"Vente";"235000.0";"14.0";"None";"RUE CASSINI";"1180";"06300";"06088";"Nice";"06";"None";"None";"06088000KO0322";"None";"None";"34";"36.78";"None";"nan";"None";"nan";"None";"nan";"None";"nan";"1";"2";"Appartement";"37.0";"2.0";"None";"None";"None";"None";"nan";"7.282081";"43.699652";"000KO"
"2022-60489";"2022-06-08";"1";"Vente";"126000.0";"12.0";"None";"RUE FODERE";"2495";"06300";"06088";"Nice";"06";"None";"None";"06088000KO0143";"None";"None";"92";"nan";"None";"nan";"None";"nan";"None";"nan";"None";"nan";"1";"2";"Appartement";"22.0";"1.0";"None";"None";"None";"None";"nan";"7.286121";"43.698823";"000KO"
"2022-59550";"2022-06-08";"1";"Vente";"164000.0";"22.0";"None";"RUE BARLA";"0610";"06300";"06088";"Nice";"06";"None";"None";"06088000KO0088";"None";"None";"2";"50.0";"None";"nan";"None";"nan";"None";"nan";"None";"nan";"1";"4";"Local industriel. commercial ou assimilé";"43.0";"0.0";"None";"None";"None";"None";"nan";"7.284707";"43.701184";"000KO"
"2022-59967";"2022-06-08";"1";"Vente";"145000.0";"4.0";"None";"RUE LASCARIS";"3570";"06300";"06088";"Nice";"06";"None";"None";"06088000KO0127";"None";"None";"27";"55.24";"None";"nan";"None";"nan";"None";"nan";"None";"nan";"1";"4";"Local industriel. commercial ou assimilé";"50.0";"0.0";"None";"None";"None";"None";"nan";"7.286779";"43.699575";"000KO"
"2022-60128";"2022-06-07";"1";"Vente";"265000.0";"8.0";"None";"RUE CASSINI";"1180";"06300";"06088";"Nice";"06";"None";"None";"06088000KO0276";"None";"None";"18";"nan";"4";"82.87";"None";"nan";"None";"nan";"None";"nan";"2";"2";"Appartement";"75.0";"4.0";"None";"None";"None";"None";"nan";"7.281251";"43.700167";"000KO"
"2022-60128";"2022-06-07";"1";"Vente";"265000.0";"8.0";"None";"RUE CASSINI";"1180";"06300";"06088";"Nice";"06";"None";"None";"06088000KO0276";"None";"None";"18";"nan";"4";"82.87";"None";"nan";"None";"nan";"None";"nan";"2";"3";"Dépendance";"nan";"0.0";"None";"None";"None";"None";"nan";"7.281251";"43.700167";"000KO"
"2022-60169";"2022-06-03";"1";"Vente";"395000.0";"15.0";"None";"RUE CASSINI";"1180";"06300";"06088";"Nice";"06";"None";"None";"06088000KO0375";"None";"None";"11";"nan";"None";"nan";"None";"nan";"None";"nan";"None";"nan";"1";"2";"Appartement";"60.0";"3.0";"None";"None";"None";"None";"nan";"7.283577";"43.699279";"000KO"
"2022-59077";"2022-06-01";"1";"Vente";"235000.0";"5.0";"None";"RUE FODERE";"2495";"06300";"06088";"Nice";"06";"None";"None";"06088000KO0191";"None";"None";"19";"nan";"22";"nan";"None";"nan";"None";"nan";"None";"nan";"2";"2";"Appartement";"33.0";"2.0";"None";"None";"None";"None";"nan";"7.284576";"43.699473";"000KO"
"2022-59556";"2022-06-01";"1";"Vente";"129000.0";"16.0";"None";"RUE BARLA";"0610";"06300";"06088";"Nice";"06";"None";"None";"06088000KO0356";"None";"None";"195";"20.56";"33";"nan";"None";"nan";"None";"nan";"None";"nan";"2";"2";"Appartement";"22.0";"1.0";"None";"None";"None";"None";"nan";"7.283146";"43.701514";"000KO"
"2022-60309";"2022-06-01";"1";"Vente";"290000.0";"9.0";"None";"RUE BOYER";"0945";"06300";"06088";"Nice";"06";"None";"None";"06088000KO0357";"None";"None";"12";"nan";"None";"nan";"None";"nan";"None";"nan";"None";"nan";"1";"2";"Appartement";"59.0";"3.0";"None";"None";"None";"None";"nan";"7.282082";"43.701056";"000KO"
"2022-59556";"2022-06-01";"1";"Vente";"129000.0";"16.0";"None";"RUE BARLA";"0610";"06300";"06088";"Nice";"06";"None";"None";"06088000KO0356";"None";"None";"195";"20.56";"33";"nan";"None";"nan";"None";"nan";"None";"nan";"2";"3";"Dépendance";"nan";"0.0";"None";"None";"None";"None";"nan";"7.283146";"43.701514";"000KO"
"2022-59556";"2022-06-01";"1";"Vente";"129000.0";"16.0";"None";"RUE BARLA";"0610";"06300";"06088";"Nice";"06";"None";"None";"06088000KO0356";"None";"None";"195";"20.56";"33";"nan";"None";"nan";"None";"nan";"None";"nan";"2";"3";"Dépendance";"nan";"0.0";"None";"None";"None";"None";"nan";"7.283146";"43.701514";"000KO"
"2022-58925";"2022-05-31";"1";"Vente";"132000.0";"16.0";"None";"RUE CASSINI";"1180";"06300";"06088";"Nice";"06";"None";"None";"06088000KO0298";"None";"None";"12";"nan";"None";"nan";"None";"nan";"None";"nan";"None";"nan";"1";"2";"Appartement";"37.0";"1.0";"None";"None";"None";"None";"nan";"7.28231";"43.699625";"000KO"
"2022-59892";"2022-05-31";"1";"Vente";"190000.0";"8.0";"None";"RUE ARSON";"0390";"06300";"06088";"Nice";"06";"None";"None";"06088000KO0131";"None";"None";"224";"nan";"84";"nan";"None";"nan";"None";"nan";"None";"nan";"2";"2";"Appartement";"34.0";"1.0";"None";"None";"None";"None";"nan";"7.286876";"43.699236";"000KO"
"2022-58925";"2022-05-31";"1";"Vente";"132000.0";"16.0";"None";"RUE CASSINI";"1180";"06300";"06088";"Nice";"06";"None";"None";"06088000KO0298";"None";"None";"12";"nan";"None";"nan";"None";"nan";"None";"nan";"None";"nan";"1";"3";"Dépendance";"nan";"0.0";"None";"None";"None";"None";"nan";"7.28231";"43.699625";"000KO"
"2022-59892";"2022-05-31";"1";"Vente";"190000.0";"8.0";"None";"RUE ARSON";"0390";"06300";"06088";"Nice";"06";"None";"None";"06088000KO0131";"None";"None";"224";"nan";"84";"nan";"None";"nan";"None";"nan";"None";"nan";"2";"3";"Dépendance";"nan";"0.0";"None";"None";"None";"None";"nan";"7.286876";"43.699236";"000KO"
"2022-60156";"2022-05-30";"1";"Vente";"85000.0";"3.0";"None";"RUE ANTOINE GAUTIER";"0265";"06300";"06088";"Nice";"06";"None";"None";"06088000KO0237";"None";"None";"7";"nan";"None";"nan";"None";"nan";"None";"nan";"None";"nan";"1";"2";"Appartement";"10.0";"1.0";"None";"None";"None";"None";"nan";"7.282394";"43.698933";"000KO"
"2022-60146";"2022-05-27";"1";"Vente";"245000.0";"2.0";"None";"RUE PAPON";"4690";"06300";"06088";"Nice";"06";"None";"None";"06088000KO0029";"None";"None";"11";"nan";"13";"nan";"None";"nan";"None";"nan";"None";"nan";"2";"2";"Appartement";"65.0";"3.0";"None";"None";"None";"None";"nan";"7.280925";"43.701622";"000KO"
"2022-59456";"2022-05-25";"1";"Vente";"224000.0";"22.0";"None";"RUE BARLA";"0610";"06300";"06088";"Nice";"06";"None";"None";"06088000KO0088";"None";"None";"17";"nan";"None";"nan";"None";"nan";"None";"nan";"None";"nan";"1";"2";"Appartement";"45.0";"3.0";"None";"None";"None";"None";"nan";"7.284707";"43.701184";"000KO"
"2022-59060";"2022-05-25";"1";"Vente";"160000.0";"14.0";"None";"RUE EMMANUEL PHILIBERT";"2295";"06300";"06088";"Nice";"06";"None";"None";"06088000KO0242";"None";"None";"3";"28.0";"None";"nan";"None";"nan";"None";"nan";"None";"nan";"1";"4";"Local industriel. commercial ou assimilé";"27.0";"0.0";"None";"None";"None";"None";"nan";"7.282909";"43.699136";"000KO"
"2022-58869";"2022-05-24";"1";"Vente";"45000.0";"7.0";"T";"RUE EMMANUEL PHILIBERT";"2295";"06300";"06088";"Nice";"06";"None";"None";"06088000KO0207";"None";"None";"243";"nan";"None";"nan";"None";"nan";"None";"nan";"None";"nan";"1";"3";"Dépendance";"nan";"0.0";"None";"None";"None";"None";"nan";"7.283659";"43.700102";"000KO"
"2022-59427";"2022-05-23";"1";"Vente";"516000.0";"7.0";"T";"RUE EMMANUEL PHILIBERT";"2295";"06300";"06088";"Nice";"06";"None";"None";"06088000KO0207";"None";"None";"448";"114.1";"None";"nan";"None";"nan";"None";"nan";"None";"nan";"1";"2";"Appartement";"114.0";"4.0";"None";"None";"None";"None";"nan";"7.283659";"43.700102";"000KO"
"2022-58152";"2022-05-20";"1";"Vente";"325000.0";"32.0";"None";"RUE BARLA";"0610";"06300";"06088";"Nice";"06";"None";"None";"06088000KO0103";"None";"None";"9";"nan";"None";"nan";"None";"nan";"None";"nan";"None";"nan";"1";"2";"Appartement";"68.0";"3.0";"None";"None";"None";"None";"nan";"7.285983";"43.700788";"000KO"
"2022-58806";"2022-05-20";"1";"Vente";"300000.0";"9.0";"None";"RUE CASSINI";"1180";"06300";"06088";"Nice";"06";"None";"None";"06088000KO0268";"None";"None";"23";"nan";"None";"nan";"None";"nan";"None";"nan";"None";"nan";"1";"2";"Appartement";"51.0";"3.0";"None";"None";"None";"None";"nan";"7.282071";"43.700149";"000KO"
"2022-58107";"2022-05-19";"1";"Vente";"271000.0";"6.0";"T";"RUE LASCARIS";"3570";"06300";"06088";"Nice";"06";"None";"None";"06088000KO0151";"None";"None";"37";"35.13";"None";"nan";"None";"nan";"None";"nan";"None";"nan";"1";"2";"Appartement";"35.0";"2.0";"None";"None";"None";"None";"nan";"7.285555";"43.699712";"000KO"
"2022-58505";"2022-05-18";"1";"Vente";"565000.0";"14.0";"None";"RUE LASCARIS";"3570";"06300";"06088";"Nice";"06";"None";"None";"06088000KO0185";"None";"None";"14";"nan";"93";"nan";"None";"nan";"None";"nan";"None";"nan";"2";"2";"Appartement";"78.0";"3.0";"None";"None";"None";"None";"nan";"7.284693";"43.699689";"000KO"
"2022-58505";"2022-05-18";"1";"Vente";"565000.0";"14.0";"None";"RUE LASCARIS";"3570";"06300";"06088";"Nice";"06";"None";"None";"06088000KO0185";"None";"None";"14";"nan";"93";"nan";"None";"nan";"None";"nan";"None";"nan";"2";"3";"Dépendance";"nan";"0.0";"None";"None";"None";"None";"nan";"7.284693";"43.699689";"000KO"
"2022-58063";"2022-05-17";"1";"Vente";"818500.0";"13.0";"None";"RUE CASSINI";"1180";"06300";"06088";"Nice";"06";"None";"None";"06088000KO0256";"None";"None";"16";"161.0";"None";"nan";"None";"nan";"None";"nan";"None";"nan";"1";"2";"Appartement";"160.0";"4.0";"None";"None";"None";"None";"nan";"7.282938";"43.699674";"000KO"
"2022-58836";"2022-05-17";"1";"Vente";"85000.0";"8.0";"None";"RUE BONAPARTE";"0885";"06300";"06088";"Nice";"06";"None";"None";"06088000KO0264";"None";"None";"19";"13.2";"None";"nan";"None";"nan";"None";"nan";"None";"nan";"1";"2";"Appartement";"13.0";"1.0";"None";"None";"None";"None";"nan";"7.282303";"43.700596";"000KO"
"2022-59829";"2022-05-13";"1";"Vente";"560000.0";"56.0";"A";"BD RISSO";"5490";"06300";"06088";"Nice";"06";"None";"None";"06088000KO0016";"None";"None";"20";"91.03";"None";"nan";"None";"nan";"None";"nan";"None";"nan";"1";"2";"Appartement";"91.0";"3.0";"None";"None";"None";"None";"nan";"7.28023";"43.701978";"000KO"
"2022-59829";"2022-05-13";"1";"Vente";"560000.0";"56.0";"A";"BD RISSO";"5490";"06300";"06088";"Nice";"06";"None";"None";"06088000KO0016";"None";"None";"3";"nan";"None";"nan";"None";"nan";"None";"nan";"None";"nan";"1";"3";"Dépendance";"nan";"0.0";"None";"None";"None";"None";"nan";"7.28023";"43.701978";"000KO"
"2022-59829";"2022-05-13";"1";"Vente";"560000.0";"56.0";"A";"BD RISSO";"5490";"06300";"06088";"Nice";"06";"None";"None";"06088000KO0016";"None";"None";"2";"nan";"None";"nan";"None";"nan";"None";"nan";"None";"nan";"1";"3";"Dépendance";"nan";"0.0";"None";"None";"None";"None";"nan";"7.28023";"43.701978";"000KO"
"2022-60043";"2022-05-12";"1";"Vente";"200000.0";"2.0";"None";"RUE BOYER";"0945";"06300";"06088";"Nice";"06";"None";"None";"06088000KO0025";"None";"None";"460";"nan";"461";"nan";"462";"nan";"None";"nan";"None";"nan";"3";"4";"Local industriel. commercial ou assimilé";"44.0";"0.0";"None";"None";"None";"None";"nan";"7.281466";"43.701959";"000KO"
"2022-58708";"2022-05-11";"1";"Vente";"330000.0";"18.0";"None";"RUE FRANCOIS GUISOL";"2635";"06300";"06088";"Nice";"06";"None";"None";"06088000KO0204";"None";"None";"100";"nan";"None";"nan";"None";"nan";"None";"nan";"None";"nan";"1";"2";"Appartement";"75.0";"3.0";"None";"None";"None";"None";"nan";"7.283611";"43.699572";"000KO"
"2022-57539";"2022-05-05";"1";"Vente";"95590.0";"1.0";"None";"RUE EMMANUEL PHILIBERT";"2295";"06300";"06088";"Nice";"06";"None";"None";"06088000KO0068";"None";"None";"44";"20.75";"None";"nan";"None";"nan";"None";"nan";"None";"nan";"1";"2";"Appartement";"54.0";"3.0";"None";"None";"None";"None";"nan";"7.283737";"43.701417";"000KO"
"2022-57746";"2022-05-05";"1";"Vente";"255000.0";"18.0";"None";"RUE CATHERINE SEGURANE";"1192";"06300";"06088";"Nice";"06";"None";"None";"06088000KO0247";"None";"None";"51";"nan";"77";"nan";"None";"nan";"None";"nan";"None";"nan";"2";"2";"Appartement";"47.0";"2.0";"None";"None";"None";"None";"nan";"7.282009";"43.699371";"000KO"
"2022-57719";"2022-05-04";"1";"Vente";"233000.0";"19.0";"None";"RUE FODERE";"2495";"06300";"06088";"Nice";"06";"None";"None";"06088000KO0131";"None";"None";"173";"67.59";"31";"nan";"None";"nan";"None";"nan";"None";"nan";"2";"2";"Appartement";"71.0";"3.0";"None";"None";"None";"None";"nan";"7.286876";"43.699236";"000KO"
"2022-57721";"2022-05-04";"1";"Vente";"190000.0";"12.0";"None";"RUE CASSINI";"1180";"06300";"06088";"Nice";"06";"None";"None";"06088000KO0282";"None";"None";"21";"25.73";"None";"nan";"None";"nan";"None";"nan";"None";"nan";"1";"2";"Appartement";"40.0";"2.0";"None";"None";"None";"None";"nan";"7.281709";"43.699956";"000KO"
"2022-57719";"2022-05-04";"1";"Vente";"233000.0";"19.0";"None";"RUE FODERE";"2495";"06300";"06088";"Nice";"06";"None";"None";"06088000KO0131";"None";"None";"173";"67.59";"31";"nan";"None";"nan";"None";"nan";"None";"nan";"2";"3";"Dépendance";"nan";"0.0";"None";"None";"None";"None";"nan";"7.286876";"43.699236";"000KO"
"2022-57626";"2022-05-03";"1";"Vente";"338800.0";"19.0";"T";"RUE FODERE";"2495";"06300";"06088";"Nice";"06";"None";"None";"06088000KO0131";"None";"None";"192";"67.34";"None";"nan";"None";"nan";"None";"nan";"None";"nan";"1";"2";"Appartement";"70.0";"2.0";"None";"None";"None";"None";"nan";"7.286876";"43.699236";"000KO"
"2022-57937";"2022-05-03";"1";"Vente";"434300.0";"7.0";"None";"RUE BONAPARTE";"0885";"06300";"06088";"Nice";"06";"None";"None";"06088000KO0312";"None";"None";"24";"73.29";"None";"nan";"None";"nan";"None";"nan";"None";"nan";"1";"2";"Appartement";"103.0";"5.0";"None";"None";"None";"None";"nan";"7.282132";"43.70085";"000KO"
"2022-58571";"2022-05-03";"1";"Vente";"223960.0";"24.0";"None";"RUE CASSINI";"1180";"06300";"06088";"Nice";"06";"None";"None";"06088000KO0217";"None";"None";"18";"35.8";"None";"nan";"None";"nan";"None";"nan";"None";"nan";"1";"2";"Appartement";"37.0";"2.0";"None";"None";"None";"None";"nan";"7.283328";"43.698986";"000KO"
"2022-57626";"2022-05-03";"1";"Vente";"338800.0";"19.0";"T";"RUE FODERE";"2495";"06300";"06088";"Nice";"06";"None";"None";"06088000KO0131";"None";"None";"192";"67.34";"None";"nan";"None";"nan";"None";"nan";"None";"nan";"1";"3";"Dépendance";"nan";"0.0";"None";"None";"None";"None";"nan";"7.286876";"43.699236";"000KO"
"2022-58264";"2022-05-02";"1";"Vente";"251750.0";"20.0";"None";"RUE BONAPARTE";"0885";"06300";"06088";"Nice";"06";"None";"None";"06088000KO0209";"None";"None";"1";"nan";"None";"nan";"None";"nan";"None";"nan";"None";"nan";"1";"2";"Appartement";"66.0";"3.0";"None";"None";"None";"None";"nan";"7.283779";"43.700518";"000KO"
"2022-57504";"2022-04-28";"1";"Vente";"132000.0";"41.0";"None";"RUE BONAPARTE";"0885";"06300";"06088";"Nice";"06";"None";"None";"06088000KO0302";"None";"None";"10";"23.01";"None";"nan";"None";"nan";"None";"nan";"None";"nan";"1";"2";"Appartement";"22.0";"1.0";"None";"None";"None";"None";"nan";"7.285187";"43.700791";"000KO"
"2022-57974";"2022-04-27";"1";"Vente";"48500.0";"11.0";"None";"RUE PAPON";"4690";"06300";"06088";"Nice";"06";"None";"None";"06088000KO0356";"None";"None";"101";"nan";"None";"nan";"None";"nan";"None";"nan";"None";"nan";"1";"3";"Dépendance";"nan";"0.0";"None";"None";"None";"None";"nan";"7.283146";"43.701514";"000KO"
"2022-57978";"2022-04-26";"1";"Vente";"219000.0";"5.0";"None";"RUE PAPON";"4690";"06300";"06088";"Nice";"06";"None";"None";"06088000KO0061";"None";"None";"99";"nan";"None";"nan";"None";"nan";"None";"nan";"None";"nan";"1";"2";"Appartement";"33.0";"2.0";"None";"None";"None";"None";"nan";"7.282143";"43.701676";"000KO"
"2022-57742";"2022-04-26";"1";"Vente";"30000.0";"11.0";"None";"PL GARIBALDI";"2785";"06300";"06088";"Nice";"06";"None";"None";"06088000KO0291";"None";"None";"7";"nan";"None";"nan";"None";"nan";"None";"nan";"None";"nan";"1";"3";"Dépendance";"nan";"0.0";"None";"None";"None";"None";"nan";"7.280895";"43.700368";"000KO"
"2022-57381";"2022-04-25";"1";"Vente";"238500.0";"15.0";"None";"RUE CASSINI";"1180";"06300";"06088";"Nice";"06";"None";"None";"06088000KO0375";"None";"None";"7";"129.19";"None";"nan";"None";"nan";"None";"nan";"None";"nan";"1";"2";"Appartement";"140.0";"6.0";"None";"None";"None";"None";"nan";"7.283577";"43.699279";"000KO"
"2022-57573";"2022-04-25";"1";"Vente";"240500.0";"5.0";"None";"RUE CASSINI";"1180";"06300";"06088";"Nice";"06";"None";"None";"06088000KO0270";"None";"None";"30";"29.6";"None";"nan";"None";"nan";"None";"nan";"None";"nan";"1";"2";"Appartement";"37.0";"2.0";"None";"None";"None";"None";"nan";"7.281897";"43.700336";"000KO"
"2022-57979";"2022-04-21";"1";"Vente";"220000.0";"31.0";"None";"RUE BONAPARTE";"0885";"06300";"06088";"Nice";"06";"None";"None";"06088000KO0081";"None";"None";"10";"nan";"None";"nan";"None";"nan";"None";"nan";"None";"nan";"1";"2";"Appartement";"40.0";"3.0";"None";"None";"None";"None";"nan";"7.284048";"43.700751";"000KO"
"2022-56686";"2022-04-19";"1";"Vente";"241215.0";"5.0";"None";"RUE FODERE";"2495";"06300";"06088";"Nice";"06";"None";"None";"06088000KO0191";"None";"None";"18";"nan";"21";"nan";"None";"nan";"None";"nan";"None";"nan";"2";"2";"Appartement";"34.0";"2.0";"None";"None";"None";"None";"nan";"7.284576";"43.699473";"000KO"
"2022-56573";"2022-04-15";"1";"Vente";"8000.0";"1.0";"None";"RUE EMMANUEL PHILIBERT";"2295";"06300";"06088";"Nice";"06";"None";"None";"06088000KO0068";"None";"None";"35";"nan";"39";"nan";"None";"nan";"None";"nan";"None";"nan";"2";"2";"Appartement";"54.0";"3.0";"None";"None";"None";"None";"nan";"7.283737";"43.701417";"000KO"
"2022-56573";"2022-04-15";"1";"Vente";"8000.0";"1.0";"None";"RUE EMMANUEL PHILIBERT";"2295";"06300";"06088";"Nice";"06";"None";"None";"06088000KO0068";"None";"None";"37";"nan";"42";"nan";"None";"nan";"None";"nan";"None";"nan";"2";"2";"Appartement";"54.0";"3.0";"None";"None";"None";"None";"nan";"7.283737";"43.701417";"000KO"
"2022-56647";"2022-04-15";"1";"Vente";"85000.0";"7.0";"T";"RUE EMMANUEL PHILIBERT";"2295";"06300";"06088";"Nice";"06";"None";"None";"06088000KO0207";"None";"None";"144";"nan";"491";"nan";"None";"nan";"None";"nan";"None";"nan";"2";"2";"Appartement";"32.0";"1.0";"None";"None";"None";"None";"nan";"7.283659";"43.700102";"000KO"
"2022-56886";"2022-04-15";"1";"Vente";"274311.6";"39.0";"None";"RUE BONAPARTE";"0885";"06300";"06088";"Nice";"06";"None";"None";"06088000KO0092";"None";"None";"33";"44.0";"None";"nan";"None";"nan";"None";"nan";"None";"nan";"1";"2";"Appartement";"45.0";"3.0";"None";"None";"None";"None";"nan";"7.285018";"43.700746";"000KO"
"2022-57452";"2022-04-15";"1";"Vente";"50000.0";"36.0";"None";"RUE BARLA";"0610";"06300";"06088";"Nice";"06";"None";"None";"06088000KO0107";"None";"None";"20";"nan";"None";"nan";"None";"nan";"None";"nan";"None";"nan";"1";"2";"Appartement";"30.0";"1.0";"None";"None";"None";"None";"nan";"7.286309";"43.700679";"000KO"
"2022-56647";"2022-04-15";"1";"Vente";"85000.0";"7.0";"T";"RUE EMMANUEL PHILIBERT";"2295";"06300";"06088";"Nice";"06";"None";"None";"06088000KO0207";"None";"None";"25";"nan";"None";"nan";"None";"nan";"None";"nan";"None";"nan";"1";"3";"Dépendance";"nan";"0.0";"None";"None";"None";"None";"nan";"7.283659";"43.700102";"000KO"
"2022-56608";"2022-04-14";"1";"Vente";"520000.0";"3.0";"None";"RUE CASSINI";"1180";"06300";"06088";"Nice";"06";"None";"None";"06088000KO0272";"None";"None";"2";"76.91";"None";"nan";"None";"nan";"None";"nan";"None";"nan";"1";"2";"Appartement";"90.0";"5.0";"None";"None";"None";"None";"nan";"7.281754";"43.700442";"000KO"
"2022-56608";"2022-04-14";"1";"Vente";"520000.0";"3.0";"None";"RUE CASSINI";"1180";"06300";"06088";"Nice";"06";"None";"None";"06088000KO0272";"None";"None";"2";"76.91";"None";"nan";"None";"nan";"None";"nan";"None";"nan";"1";"3";"Dépendance";"nan";"0.0";"None";"None";"None";"None";"nan";"7.281754";"43.700442";"000KO"
"2022-56161";"2022-04-12";"1";"Vente";"645000.0";"17.0";"None";"RUE FRANCOIS GUISOL";"2635";"06300";"06088";"Nice";"06";"None";"None";"06088000KO0189";"None";"None";"11";"nan";"22";"113.58";"None";"nan";"None";"nan";"None";"nan";"2";"2";"Appartement";"115.0";"4.0";"None";"None";"None";"None";"nan";"7.284277";"43.69948";"000KO"
"2022-56551";"2022-04-12";"1";"Vente";"145000.0";"17.0";"None";"RUE BONAPARTE";"0885";"06300";"06088";"Nice";"06";"None";"None";"06088000KO0049";"None";"None";"21";"15.78";"None";"nan";"None";"nan";"None";"nan";"None";"nan";"1";"2";"Appartement";"13.0";"1.0";"None";"None";"None";"None";"nan";"7.282786";"43.700983";"000KO"
"2022-57114";"2022-04-12";"1";"Vente";"268000.0";"38.0";"None";"RUE BONAPARTE";"0885";"06300";"06088";"Nice";"06";"None";"None";"06088000KO0167";"None";"None";"15";"nan";"None";"nan";"None";"nan";"None";"nan";"None";"nan";"1";"2";"Appartement";"38.0";"2.0";"None";"None";"None";"None";"nan";"7.285267";"43.700406";"000KO"
"2022-57339";"2022-04-12";"1";"Vente";"157500.0";"38.0";"None";"RUE CATHERINE SEGURANE";"1192";"06300";"06088";"Nice";"06";"None";"None";"06088000KO0228";"None";"None";"15";"nan";"None";"nan";"None";"nan";"None";"nan";"None";"nan";"1";"2";"Appartement";"43.0";"3.0";"None";"None";"None";"None";"nan";"7.282882";"43.697536";"000KO"
"2022-56161";"2022-04-12";"1";"Vente";"645000.0";"17.0";"None";"RUE FRANCOIS GUISOL";"2635";"06300";"06088";"Nice";"06";"None";"None";"06088000KO0189";"None";"None";"11";"nan";"22";"113.58";"None";"nan";"None";"nan";"None";"nan";"2";"3";"Dépendance";"nan";"0.0";"None";"None";"None";"None";"nan";"7.284277";"43.69948";"000KO"
"2022-57114";"2022-04-12";"1";"Vente";"268000.0";"38.0";"None";"RUE BONAPARTE";"0885";"06300";"06088";"Nice";"06";"None";"None";"06088000KO0167";"None";"None";"16";"nan";"None";"nan";"None";"nan";"None";"nan";"None";"nan";"1";"3";"Dépendance";"nan";"0.0";"None";"None";"None";"None";"nan";"7.285267";"43.700406";"000KO"
"2022-56576";"2022-04-08";"1";"Vente";"195000.0";"8.0";"None";"RUE ARSON";"0390";"06300";"06088";"Nice";"06";"None";"None";"06088000KO0131";"None";"None";"210";"32.27";"83";"nan";"None";"nan";"None";"nan";"None";"nan";"2";"2";"Appartement";"34.0";"1.0";"None";"None";"None";"None";"nan";"7.286876";"43.699236";"000KO"
"2022-56576";"2022-04-08";"1";"Vente";"195000.0";"8.0";"None";"RUE ARSON";"0390";"06300";"06088";"Nice";"06";"None";"None";"06088000KO0131";"None";"None";"210";"32.27";"83";"nan";"None";"nan";"None";"nan";"None";"nan";"2";"3";"Dépendance";"nan";"0.0";"None";"None";"None";"None";"nan";"7.286876";"43.699236";"000KO"
"2022-56542";"2022-04-07";"1";"Vente";"659067.0";"4.0";"None";"RUE FODERE";"2495";"06300";"06088";"Nice";"06";"None";"None";"06088000KO0197";"None";"None";"218";"89.0";"None";"nan";"None";"nan";"None";"nan";"None";"nan";"1";"2";"Appartement";"97.0";"3.0";"None";"None";"None";"None";"nan";"7.284449";"43.699004";"000KO"
"2022-56542";"2022-04-07";"1";"Vente";"659067.0";"14.0";"None";"RUE LASCARIS";"3570";"06300";"06088";"Nice";"06";"None";"None";"06088000KO0185";"None";"None";"64";"nan";"None";"nan";"None";"nan";"None";"nan";"None";"nan";"1";"3";"Dépendance";"nan";"0.0";"None";"None";"None";"None";"nan";"7.284693";"43.699689";"000KO"
"2022-56194";"2022-04-06";"1";"Vente";"139740.0";"6.0";"None";"BD LECH WALESA";"3588";"06300";"06088";"Nice";"06";"None";"None";"06088000KO0118";"None";"None";"36";"nan";"None";"nan";"None";"nan";"None";"nan";"None";"nan";"1";"2";"Appartement";"24.0";"1.0";"None";"None";"None";"None";"nan";"7.287166";"43.700014";"000KO"
"2022-56764";"2022-04-06";"1";"Vente";"205000.0";"18.0";"None";"RUE CATHERINE SEGURANE";"1192";"06300";"06088";"Nice";"06";"None";"None";"06088000KO0248";"None";"None";"11";"39.46";"None";"nan";"None";"nan";"None";"nan";"None";"nan";"1";"2";"Appartement";"42.0";"2.0";"None";"None";"None";"None";"nan";"7.281853";"43.699251";"000KO"
"2022-57021";"2022-04-05";"1";"Vente";"201600.0";"20.0";"None";"RUE FRANCOIS GUISOL";"2635";"06300";"06088";"Nice";"06";"None";"None";"06088000KO0202";"None";"None";"18";"30.36";"None";"nan";"None";"nan";"None";"nan";"None";"nan";"1";"2";"Appartement";"30.0";"1.0";"None";"None";"None";"None";"nan";"7.283784";"43.69937";"000KO"
"2022-55828";"2022-04-01";"1";"Vente";"320000.0";"2.0";"None";"RUE ARSON";"0390";"06300";"06088";"Nice";"06";"None";"None";"06088000KO0138";"None";"None";"27";"nan";"None";"nan";"None";"nan";"None";"nan";"None";"nan";"1";"2";"Appartement";"88.0";"3.0";"None";"None";"None";"None";"nan";"7.286662";"43.698643";"000KO"
"2022-55833";"2022-04-01";"1";"Vente";"430000.0";"2.0";"None";"RUE ARSON";"0390";"06300";"06088";"Nice";"06";"None";"None";"06088000KO0138";"None";"None";"23";"nan";"None";"nan";"None";"nan";"None";"nan";"None";"nan";"1";"2";"Appartement";"99.0";"4.0";"None";"None";"None";"None";"nan";"7.286662";"43.698643";"000KO"
"2022-55913";"2022-04-01";"1";"Vente";"840000.0";"2.0";"B";"RUE BOYER";"0945";"06300";"06088";"Nice";"06";"None";"None";"06088000KO0025";"None";"None";"120";"85.17";"310";"nan";"None";"nan";"None";"nan";"None";"nan";"2";"2";"Appartement";"87.0";"4.0";"None";"None";"None";"None";"nan";"7.281466";"43.701959";"000KO"
"2022-55828";"2022-04-01";"1";"Vente";"320000.0";"2.0";"None";"RUE ARSON";"0390";"06300";"06088";"Nice";"06";"None";"None";"06088000KO0138";"None";"None";"27";"nan";"None";"nan";"None";"nan";"None";"nan";"None";"nan";"1";"3";"Dépendance";"nan";"0.0";"None";"None";"None";"None";"nan";"7.286662";"43.698643";"000KO"
"2022-55913";"2022-04-01";"1";"Vente";"840000.0";"2.0";"B";"RUE BOYER";"0945";"06300";"06088";"Nice";"06";"None";"None";"06088000KO0025";"None";"None";"467";"nan";"None";"nan";"None";"nan";"None";"nan";"None";"nan";"1";"3";"Dépendance";"nan";"0.0";"None";"None";"None";"None";"nan";"7.281466";"43.701959";"000KO"
"2022-55913";"2022-04-01";"1";"Vente";"840000.0";"2.0";"B";"RUE BOYER";"0945";"06300";"06088";"Nice";"06";"None";"None";"06088000KO0025";"None";"None";"120";"85.17";"310";"nan";"None";"nan";"None";"nan";"None";"nan";"2";"3";"Dépendance";"nan";"0.0";"None";"None";"None";"None";"nan";"7.281466";"43.701959";"000KO"
"2022-55913";"2022-04-01";"1";"Vente";"840000.0";"2.0";"B";"RUE BOYER";"0945";"06300";"06088";"Nice";"06";"None";"None";"06088000KO0025";"None";"None";"120";"85.17";"310";"nan";"None";"nan";"None";"nan";"None";"nan";"2";"3";"Dépendance";"nan";"0.0";"None";"None";"None";"None";"nan";"7.281466";"43.701959";"000KO"
"2022-55833";"2022-04-01";"1";"Vente";"430000.0";"2.0";"None";"RUE ARSON";"0390";"06300";"06088";"Nice";"06";"None";"None";"06088000KO0138";"None";"None";"23";"nan";"None";"nan";"None";"nan";"None";"nan";"None";"nan";"1";"4";"Local industriel. commercial ou assimilé";"200.0";"0.0";"None";"None";"None";"None";"nan";"7.286662";"43.698643";"000KO"
"2022-55487";"2022-03-31";"1";"Vente";"325000.0";"9.0";"T";"RUE EMMANUEL PHILIBERT";"2295";"06300";"06088";"Nice";"06";"None";"None";"06088000KO0207";"None";"None";"435";"60.44";"None";"nan";"None";"nan";"None";"nan";"None";"nan";"1";"2";"Appartement";"61.0";"3.0";"None";"None";"None";"None";"nan";"7.283659";"43.700102";"000KO"
"2022-55794";"2022-03-31";"1";"Vente";"123000.0";"3.0";"None";"RUE ANTOINE GAUTIER";"0265";"06300";"06088";"Nice";"06";"None";"None";"06088000KO0237";"None";"None";"99";"19.42";"None";"nan";"None";"nan";"None";"nan";"None";"nan";"1";"2";"Appartement";"18.0";"1.0";"None";"None";"None";"None";"nan";"7.282394";"43.698933";"000KO"
"2022-55487";"2022-03-31";"1";"Vente";"325000.0";"7.0";"T";"RUE EMMANUEL PHILIBERT";"2295";"06300";"06088";"Nice";"06";"None";"None";"06088000KO0207";"None";"None";"30";"nan";"None";"nan";"None";"nan";"None";"nan";"None";"nan";"1";"3";"Dépendance";"nan";"0.0";"None";"None";"None";"None";"nan";"7.283659";"43.700102";"000KO"
"2022-55602";"2022-03-30";"1";"Vente";"248000.0";"14.0";"None";"RUE PAPON";"4690";"06300";"06088";"Nice";"06";"None";"None";"06088000KO0055";"None";"None";"12";"51.15";"None";"nan";"None";"nan";"None";"nan";"None";"nan";"1";"2";"Appartement";"53.0";"3.0";"None";"None";"None";"None";"nan";"7.282693";"43.701134";"000KO"
"2022-55176";"2022-03-29";"1";"Vente";"86700.0";"3.0";"None";"RUE ANTOINE GAUTIER";"0265";"06300";"06088";"Nice";"06";"None";"None";"06088000KO0237";"None";"None";"112";"15.59";"None";"nan";"None";"nan";"None";"nan";"None";"nan";"1";"2";"Appartement";"24.0";"1.0";"None";"None";"None";"None";"nan";"7.282394";"43.698933";"000KO"
"2022-55451";"2022-03-29";"1";"Vente";"425000.0";"1.0";"None";"BD CARNOT";"1145";"06300";"06088";"Nice";"06";"None";"None";"06088000KO0142";"None";"None";"38";"69.76";"None";"nan";"None";"nan";"None";"nan";"None";"nan";"1";"2";"Appartement";"60.0";"3.0";"None";"None";"None";"None";"nan";"7.286615";"43.698463";"000KO"
"2022-55776";"2022-03-24";"1";"Vente";"123000.0";"41.0";"None";"RUE BONAPARTE";"0885";"06300";"06088";"Nice";"06";"None";"None";"06088000KO0302";"None";"None";"21";"23.54";"None";"nan";"None";"nan";"None";"nan";"None";"nan";"1";"2";"Appartement";"25.0";"1.0";"None";"None";"None";"None";"nan";"7.285187";"43.700791";"000KO"
"2022-55269";"2022-03-23";"1";"Vente";"143500.0";"3.0";"None";"RUE MARTIN SEYTOUR";"4085";"06300";"06088";"Nice";"06";"None";"None";"06088000KO0255";"None";"None";"107";"nan";"None";"nan";"None";"nan";"None";"nan";"None";"nan";"1";"4";"Local industriel. commercial ou assimilé";"20.0";"0.0";"None";"None";"None";"None";"nan";"7.28274";"43.699985";"000KO"
"2022-55135";"2022-03-22";"1";"Vente";"70700.0";"3.0";"None";"RUE ANTOINE GAUTIER";"0265";"06300";"06088";"Nice";"06";"None";"None";"06088000KO0237";"None";"None";"72";"10.51";"None";"nan";"None";"nan";"None";"nan";"None";"nan";"1";"2";"Appartement";"11.0";"1.0";"None";"None";"None";"None";"nan";"7.282394";"43.698933";"000KO"
"2022-55345";"2022-03-22";"1";"Vente";"285000.0";"9.0";"None";"RUE ARSON";"0390";"06300";"06088";"Nice";"06";"None";"None";"06088000KO0156";"None";"None";"155";"51.5";"91";"nan";"None";"nan";"None";"nan";"None";"nan";"2";"2";"Appartement";"52.0";"2.0";"None";"None";"None";"None";"nan";"7.28639";"43.700127";"000KO"
"2022-55345";"2022-03-22";"1";"Vente";"285000.0";"9.0";"None";"RUE ARSON";"0390";"06300";"06088";"Nice";"06";"None";"None";"06088000KO0156";"None";"None";"110";"nan";"None";"nan";"None";"nan";"None";"nan";"None";"nan";"1";"3";"Dépendance";"nan";"0.0";"None";"None";"None";"None";"nan";"7.28639";"43.700127";"000KO"
"2022-55345";"2022-03-22";"1";"Vente";"285000.0";"9.0";"None";"RUE ARSON";"0390";"06300";"06088";"Nice";"06";"None";"None";"06088000KO0156";"None";"None";"155";"51.5";"91";"nan";"None";"nan";"None";"nan";"None";"nan";"2";"3";"Dépendance";"nan";"0.0";"None";"None";"None";"None";"nan";"7.28639";"43.700127";"000KO"
"2022-55534";"2022-03-16";"1";"Vente";"135000.0";"10.0";"None";"RUE PAPON";"4690";"06300";"06088";"Nice";"06";"None";"None";"06088000KO0057";"None";"None";"3";"nan";"None";"nan";"None";"nan";"None";"nan";"None";"nan";"1";"2";"Appartement";"26.0";"1.0";"None";"None";"None";"None";"nan";"7.282334";"43.701195";"000KO"
"2022-55582";"2022-03-16";"1";"Vente";"275000.0";"42.0";"None";"RUE BONAPARTE";"0885";"06300";"06088";"Nice";"06";"None";"None";"06088000KO0161";"None";"None";"17";"nan";"None";"nan";"None";"nan";"None";"nan";"None";"nan";"1";"2";"Appartement";"50.0";"2.0";"None";"None";"None";"None";"nan";"7.285774";"43.700272";"000KO"
"2022-55761";"2022-03-16";"1";"Vente";"80000.0";"13.0";"None";"RUE LASCARIS";"3570";"06300";"06088";"Nice";"06";"None";"None";"06088000KO0179";"None";"None";"8";"58.85";"None";"nan";"None";"nan";"None";"nan";"None";"nan";"1";"2";"Appartement";"58.0";"3.0";"None";"None";"None";"None";"nan";"7.284884";"43.700167";"000KO"
"2022-55933";"2022-03-16";"1";"Vente";"95000.0";"17.0";"None";"RUE BONAPARTE";"0885";"06300";"06088";"Nice";"06";"None";"None";"06088000KO0049";"None";"None";"13";"19.8";"None";"nan";"None";"nan";"None";"nan";"None";"nan";"1";"2";"Appartement";"23.0";"1.0";"None";"None";"None";"None";"nan";"7.282786";"43.700983";"000KO"
"2022-55167";"2022-03-14";"1";"Vente";"90000.0";"4.0";"None";"RUE LASCARIS";"3570";"06300";"06088";"Nice";"06";"None";"None";"06088000KO0127";"None";"None";"27";"55.24";"None";"nan";"None";"nan";"None";"nan";"None";"nan";"1";"4";"Local industriel. commercial ou assimilé";"50.0";"0.0";"None";"None";"None";"None";"nan";"7.286779";"43.699575";"000KO"
"2022-54653";"2022-03-10";"1";"Vente";"950000.0";"5.0";"None";"RUE ANTOINE GAUTIER";"0265";"06300";"06088";"Nice";"06";"None";"None";"06088000KO0240";"None";"None";"12";"155.13";"None";"nan";"None";"nan";"None";"nan";"None";"nan";"1";"2";"Appartement";"154.0";"6.0";"None";"None";"None";"None";"nan";"7.282818";"43.698847";"000KO"
"2022-54653";"2022-03-10";"1";"Vente";"950000.0";"5.0";"None";"RUE ANTOINE GAUTIER";"0265";"06300";"06088";"Nice";"06";"None";"None";"06088000KO0240";"None";"None";"12";"155.13";"None";"nan";"None";"nan";"None";"nan";"None";"nan";"1";"3";"Dépendance";"nan";"0.0";"None";"None";"None";"None";"nan";"7.282818";"43.698847";"000KO"
"2022-55374";"2022-03-08";"1";"Vente";"1000000.0";"7.0";"T";"RUE EMMANUEL PHILIBERT";"2295";"06300";"06088";"Nice";"06";"None";"None";"06088000KO0207";"None";"None";"40";"nan";"None";"nan";"None";"nan";"None";"nan";"None";"nan";"1";"3";"Dépendance";"nan";"0.0";"None";"None";"None";"None";"nan";"7.283659";"43.700102";"000KO"
"2022-53852";"2022-03-03";"1";"Vente";"10000.0";"7.0";"T";"RUE EMMANUEL PHILIBERT";"2295";"06300";"06088";"Nice";"06";"None";"None";"06088000KO0207";"None";"None";"45";"nan";"None";"nan";"None";"nan";"None";"nan";"None";"nan";"1";"3";"Dépendance";"nan";"0.0";"None";"None";"None";"None";"nan";"7.283659";"43.700102";"000KO"
"2022-53906";"2022-03-01";"1";"Vente";"190000.0";"12.0";"None";"RUE CASSINI";"1180";"06300";"06088";"Nice";"06";"None";"None";"06088000KO0282";"None";"None";"38";"33.79";"None";"nan";"None";"nan";"None";"nan";"None";"nan";"1";"2";"Appartement";"34.0";"2.0";"None";"None";"None";"None";"nan";"7.281709";"43.699956";"000KO"
"2022-54332";"2022-03-01";"1";"Vente";"219100.0";"51.0";"None";"RUE BONAPARTE";"0885";"06300";"06088";"Nice";"06";"None";"None";"06088000KO0105";"None";"None";"3";"53.51";"None";"nan";"None";"nan";"None";"nan";"None";"nan";"1";"2";"Appartement";"56.0";"3.0";"None";"None";"None";"None";"nan";"7.286145";"43.70062";"000KO"
"2022-54554";"2022-02-28";"1";"Vente";"515000.0";"10.0";"None";"RUE ARSON";"0390";"06300";"06088";"Nice";"06";"None";"None";"06088000KO0128";"None";"None";"14";"nan";"15";"nan";"48";"90.0";"None";"nan";"None";"nan";"3";"2";"Appartement";"90.0";"4.0";"None";"None";"None";"None";"nan";"7.286804";"43.699453";"000KO"
"2022-54554";"2022-02-28";"1";"Vente";"515000.0";"10.0";"None";"RUE ARSON";"0390";"06300";"06088";"Nice";"06";"None";"None";"06088000KO0128";"None";"None";"14";"nan";"15";"nan";"48";"90.0";"None";"nan";"None";"nan";"3";"3";"Dépendance";"nan";"0.0";"None";"None";"None";"None";"nan";"7.286804";"43.699453";"000KO"
"2022-54554";"2022-02-28";"1";"Vente";"515000.0";"10.0";"None";"RUE ARSON";"0390";"06300";"06088";"Nice";"06";"None";"None";"06088000KO0128";"None";"None";"14";"nan";"15";"nan";"48";"90.0";"None";"nan";"None";"nan";"3";"3";"Dépendance";"nan";"0.0";"None";"None";"None";"None";"nan";"7.286804";"43.699453";"000KO"
"2022-54554";"2022-02-28";"1";"Vente";"515000.0";"10.0";"None";"RUE ARSON";"0390";"06300";"06088";"Nice";"06";"None";"None";"06088000KO0128";"None";"None";"5";"nan";"None";"nan";"None";"nan";"None";"nan";"None";"nan";"1";"3";"Dépendance";"nan";"0.0";"None";"None";"None";"None";"nan";"7.286804";"43.699453";"000KO"
"2022-53612";"2022-02-25";"1";"Vente";"198475.0";"1.0";"None";"PL ILE DE BEAUTE";"3265";"06300";"06088";"Nice";"06";"None";"None";"06088000KO0143";"None";"None";"136";"nan";"None";"nan";"None";"nan";"None";"nan";"None";"nan";"1";"2";"Appartement";"29.0";"1.0";"None";"None";"None";"None";"nan";"7.286121";"43.698823";"000KO"
"2022-55026";"2022-02-25";"1";"Vente";"358200.0";"22.0";"None";"RUE BONAPARTE";"0885";"06300";"06088";"Nice";"06";"None";"None";"06088000KO0208";"None";"None";"12";"70.77";"None";"nan";"None";"nan";"None";"nan";"None";"nan";"1";"2";"Appartement";"67.0";"4.0";"None";"None";"None";"None";"nan";"7.284025";"43.700502";"000KO"
"2022-53339";"2022-02-23";"1";"Vente";"104000.0";"3.0";"None";"AV SAINT SEBASTIEN";"5945";"06300";"06088";"Nice";"06";"None";"None";"06088000KO0003";"None";"None";"27";"16.26";"None";"nan";"None";"nan";"None";"nan";"None";"nan";"1";"2";"Appartement";"25.0";"1.0";"None";"None";"None";"None";"nan";"7.279047";"43.70083";"000KO"
"2022-54508";"2022-02-23";"1";"Vente";"313550.0";"37.0";"None";"RUE BONAPARTE";"0885";"06300";"06088";"Nice";"06";"None";"None";"06088000KO0091";"None";"None";"11";"53.69";"None";"nan";"None";"nan";"None";"nan";"None";"nan";"1";"2";"Appartement";"52.0";"3.0";"None";"None";"None";"None";"nan";"7.284869";"43.700777";"000KO"
"2022-53242";"2022-02-22";"1";"Vente";"500140.0";"17.0";"None";"RUE CASSINI";"1180";"06300";"06088";"Nice";"06";"None";"None";"06088000KO0200";"None";"None";"39";"66.52";"None";"nan";"None";"nan";"None";"nan";"None";"nan";"1";"2";"Appartement";"57.0";"2.0";"None";"None";"None";"None";"nan";"7.283796";"43.699114";"000KO"
"2022-53482";"2022-02-22";"1";"Vente";"100000.0";"3.0";"None";"RUE ANTOINE GAUTIER";"0265";"06300";"06088";"Nice";"06";"None";"None";"06088000KO0237";"None";"None";"98";"nan";"None";"nan";"None";"nan";"None";"nan";"None";"nan";"1";"2";"Appartement";"23.0";"1.0";"None";"None";"None";"None";"nan";"7.282394";"43.698933";"000KO"
"2022-53358";"2022-02-18";"1";"Vente";"263150.0";"8.0";"None";"BD LECH WALESA";"3588";"06300";"06088";"Nice";"06";"None";"None";"06088000KO0129";"None";"None";"11";"57.13";"None";"nan";"None";"nan";"None";"nan";"None";"nan";"1";"2";"Appartement";"62.0";"3.0";"None";"None";"None";"None";"nan";"7.287067";"43.699458";"000KO"
"2022-53481";"2022-02-16";"1";"Vente";"195000.0";"4.0";"None";"PAS CATHERINE SEGURANE";"1191";"06300";"06088";"Nice";"06";"None";"None";"06088000KO0281";"None";"None";"10";"nan";"None";"nan";"None";"nan";"None";"nan";"None";"nan";"1";"2";"Appartement";"40.0";"2.0";"None";"None";"None";"None";"nan";"7.28161";"43.699922";"000KO"
"2022-53481";"2022-02-16";"1";"Vente";"195000.0";"4.0";"None";"PAS CATHERINE SEGURANE";"1191";"06300";"06088";"Nice";"06";"None";"None";"06088000KO0281";"None";"None";"10";"nan";"None";"nan";"None";"nan";"None";"nan";"None";"nan";"1";"3";"Dépendance";"nan";"0.0";"None";"None";"None";"None";"nan";"7.28161";"43.699922";"000KO"
"2022-53102";"2022-02-11";"1";"Vente";"209000.0";"14.0";"None";"RUE PAPON";"4690";"06300";"06088";"Nice";"06";"None";"None";"06088000KO0055";"None";"None";"7";"nan";"8";"nan";"None";"nan";"None";"nan";"None";"nan";"2";"4";"Local industriel. commercial ou assimilé";"70.0";"0.0";"None";"None";"None";"None";"nan";"7.282693";"43.701134";"000KO"
"2022-53172";"2022-02-09";"1";"Vente";"194400.0";"6.0";"None";"RUE ARSON";"0390";"06300";"06088";"Nice";"06";"None";"None";"06088000KO0135";"None";"None";"1";"nan";"10";"50.18";"None";"nan";"None";"nan";"None";"nan";"2";"2";"Appartement";"50.0";"3.0";"None";"None";"None";"None";"nan";"7.286631";"43.698955";"000KO"
"2022-53263";"2022-02-09";"1";"Vente";"280000.0";"2.0";"B";"RUE BOYER";"0945";"06300";"06088";"Nice";"06";"None";"None";"06088000KO0025";"None";"None";"307";"nan";"52";"64.09";"None";"nan";"None";"nan";"None";"nan";"2";"2";"Appartement";"61.0";"3.0";"None";"None";"None";"None";"nan";"7.281466";"43.701959";"000KO"
"2022-53172";"2022-02-09";"1";"Vente";"194400.0";"6.0";"None";"RUE ARSON";"0390";"06300";"06088";"Nice";"06";"None";"None";"06088000KO0135";"None";"None";"1";"nan";"10";"50.18";"None";"nan";"None";"nan";"None";"nan";"2";"3";"Dépendance";"nan";"0.0";"None";"None";"None";"None";"nan";"7.286631";"43.698955";"000KO"
"2022-53263";"2022-02-09";"1";"Vente";"280000.0";"2.0";"B";"RUE BOYER";"0945";"06300";"06088";"Nice";"06";"None";"None";"06088000KO0025";"None";"None";"307";"nan";"52";"64.09";"None";"nan";"None";"nan";"None";"nan";"2";"3";"Dépendance";"nan";"0.0";"None";"None";"None";"None";"nan";"7.281466";"43.701959";"000KO"
"2022-53748";"2022-02-08";"1";"Vente";"220000.0";"3.0";"None";"RUE BAVASTRO";"0670";"06300";"06088";"Nice";"06";"None";"None";"06088000KO0101";"None";"None";"2";"nan";"None";"nan";"None";"nan";"None";"nan";"None";"nan";"1";"4";"Local industriel. commercial ou assimilé";"70.0";"0.0";"None";"None";"None";"None";"nan";"7.285784";"43.700725";"000KO"
"2022-53096";"2022-02-07";"1";"Vente";"50000.0";"14.0";"None";"RUE LASCARIS";"3570";"06300";"06088";"Nice";"06";"None";"None";"06088000KO0185";"None";"None";"47";"nan";"None";"nan";"None";"nan";"None";"nan";"None";"nan";"1";"3";"Dépendance";"nan";"0.0";"None";"None";"None";"None";"nan";"7.284693";"43.699689";"000KO"
"2022-52989";"2022-02-04";"1";"Vente";"275000.0";"5.0";"None";"RUE PAPON";"4690";"06300";"06088";"Nice";"06";"None";"None";"06088000KO0061";"None";"None";"100";"31.25";"26";"nan";"97";"nan";"None";"nan";"None";"nan";"3";"2";"Appartement";"95.0";"5.0";"None";"None";"None";"None";"nan";"7.282143";"43.701676";"000KO"
"2022-53153";"2022-02-04";"1";"Vente";"270000.0";"14.0";"B";"RUE FRANCOIS GUISOL";"2635";"06300";"06088";"Nice";"06";"None";"None";"06088000KO0207";"None";"None";"143";"nan";"540";"nan";"None";"nan";"None";"nan";"None";"nan";"2";"2";"Appartement";"54.0";"2.0";"None";"None";"None";"None";"nan";"7.283659";"43.700102";"000KO"
"2022-52989";"2022-02-04";"1";"Vente";"275000.0";"5.0";"None";"RUE PAPON";"4690";"06300";"06088";"Nice";"06";"None";"None";"06088000KO0061";"None";"None";"100";"31.25";"26";"nan";"97";"nan";"None";"nan";"None";"nan";"3";"3";"Dépendance";"nan";"0.0";"None";"None";"None";"None";"nan";"7.282143";"43.701676";"000KO"
"2022-52434";"2022-02-02";"1";"Vente";"209000.0";"3.0";"None";"AV SAINT SEBASTIEN";"5945";"06300";"06088";"Nice";"06";"None";"None";"06088000KO0003";"None";"None";"26";"nan";"None";"nan";"None";"nan";"None";"nan";"None";"nan";"1";"2";"Appartement";"30.0";"2.0";"None";"None";"None";"None";"nan";"7.279047";"43.70083";"000KO"
"2022-53141";"2022-02-02";"1";"Vente";"235000.0";"4.0";"None";"PAS CATHERINE SEGURANE";"1191";"06300";"06088";"Nice";"06";"None";"None";"06088000KO0281";"None";"None";"7";"nan";"None";"nan";"None";"nan";"None";"nan";"None";"nan";"1";"2";"Appartement";"10.0";"1.0";"None";"None";"None";"None";"nan";"7.28161";"43.699922";"000KO"
"2022-53141";"2022-02-02";"1";"Vente";"235000.0";"4.0";"None";"PAS CATHERINE SEGURANE";"1191";"06300";"06088";"Nice";"06";"None";"None";"06088000KO0281";"None";"None";"4";"nan";"8";"nan";"None";"nan";"None";"nan";"None";"nan";"2";"2";"Appartement";"43.0";"3.0";"None";"None";"None";"None";"nan";"7.28161";"43.699922";"000KO"
"2022-52733";"2022-02-02";"1";"Vente";"35000.0";"7.0";"T";"RUE EMMANUEL PHILIBERT";"2295";"06300";"06088";"Nice";"06";"None";"None";"06088000KO0207";"None";"None";"304";"nan";"None";"nan";"None";"nan";"None";"nan";"None";"nan";"1";"3";"Dépendance";"nan";"0.0";"None";"None";"None";"None";"nan";"7.283659";"43.700102";"000KO"
"2022-52255";"2022-01-28";"1";"Vente";"240000.0";"17.0";"None";"RUE CASSINI";"1180";"06300";"06088";"Nice";"06";"None";"None";"06088000KO0200";"None";"None";"46";"nan";"None";"nan";"None";"nan";"None";"nan";"None";"nan";"1";"2";"Appartement";"60.0";"3.0";"None";"None";"None";"None";"nan";"7.283796";"43.699114";"000KO"
"2022-52599";"2022-01-28";"1";"Vente";"30000.0";"8.0";"None";"RUE ARSON";"0390";"06300";"06088";"Nice";"06";"None";"None";"06088000KO0131";"None";"None";"109";"nan";"None";"nan";"None";"nan";"None";"nan";"None";"nan";"1";"3";"Dépendance";"nan";"0.0";"None";"None";"None";"None";"nan";"7.286876";"43.699236";"000KO"
"2022-52258";"2022-01-28";"1";"Vente";"265000.0";"19.0";"T";"RUE FODERE";"2495";"06300";"06088";"Nice";"06";"None";"None";"06088000KO0131";"None";"None";"177";"nan";"None";"nan";"None";"nan";"None";"nan";"None";"nan";"1";"4";"Local industriel. commercial ou assimilé";"50.0";"0.0";"None";"None";"None";"None";"nan";"7.286876";"43.699236";"000KO"
"2022-52784";"2022-01-27";"1";"Vente";"546000.0";"16.0";"B";"RUE CATHERINE SEGURANE";"1192";"06300";"06088";"Nice";"06";"None";"None";"06088000KO0249";"None";"None";"117";"104.05";"None";"nan";"None";"nan";"None";"nan";"None";"nan";"1";"2";"Appartement";"102.0";"4.0";"None";"None";"None";"None";"nan";"7.281658";"43.699185";"000KO"
"2022-52559";"2022-01-26";"1";"Vente";"384050.0";"11.0";"None";"RUE EMMANUEL PHILIBERT";"2295";"06300";"06088";"Nice";"06";"None";"None";"06088000KO0401";"None";"None";"115";"87.22";"None";"nan";"None";"nan";"None";"nan";"None";"nan";"1";"2";"Appartement";"82.0";"3.0";"None";"None";"None";"None";"nan";"7.283427";"43.699404";"000KO"
"2022-52642";"2022-01-25";"1";"Vente";"295000.0";"32.0";"None";"RUE BARLA";"0610";"06300";"06088";"Nice";"06";"None";"None";"06088000KO0103";"None";"None";"6";"70.83";"None";"nan";"None";"nan";"None";"nan";"None";"nan";"1";"2";"Appartement";"70.0";"4.0";"None";"None";"None";"None";"nan";"7.285983";"43.700788";"000KO"
"2022-52807";"2022-01-17";"1";"Vente";"40000.0";"2.0";"None";"RUE PAPON";"4690";"06300";"06088";"Nice";"06";"None";"None";"06088000KO0029";"None";"None";"4";"9.83";"None";"nan";"None";"nan";"None";"nan";"None";"nan";"1";"2";"Appartement";"65.0";"3.0";"None";"None";"None";"None";"nan";"7.280925";"43.701622";"000KO"
"2022-51679";"2022-01-14";"1";"Vente";"221050.0";"2.0";"None";"RUE MARTIN SEYTOUR";"4085";"06300";"06088";"Nice";"06";"None";"None";"06088000KO0262";"None";"None";"27";"65.47";"49";"nan";"None";"nan";"None";"nan";"None";"nan";"2";"2";"Appartement";"63.0";"4.0";"None";"None";"None";"None";"nan";"7.282539";"43.700588";"000KO"
"2022-51679";"2022-01-14";"1";"Vente";"221050.0";"2.0";"None";"RUE MARTIN SEYTOUR";"4085";"06300";"06088";"Nice";"06";"None";"None";"06088000KO0262";"None";"None";"27";"65.47";"49";"nan";"None";"nan";"None";"nan";"None";"nan";"2";"3";"Dépendance";"nan";"0.0";"None";"None";"None";"None";"nan";"7.282539";"43.700588";"000KO"
"2022-51995";"2022-01-13";"1";"Vente";"430000.0";"5.0";"None";"RUE ANTOINE GAUTIER";"0265";"06300";"06088";"Nice";"06";"None";"None";"06088000KO0240";"None";"None";"15";"60.08";"None";"nan";"None";"nan";"None";"nan";"None";"nan";"1";"2";"Appartement";"64.0";"3.0";"None";"None";"None";"None";"nan";"7.282818";"43.698847";"000KO"
"2022-51616";"2022-01-10";"1";"Vente";"210000.0";"19.0";"T";"RUE FODERE";"2495";"06300";"06088";"Nice";"06";"None";"None";"06088000KO0131";"None";"None";"205";"57.51";"55";"nan";"None";"nan";"None";"nan";"None";"nan";"2";"2";"Appartement";"60.0";"2.0";"None";"None";"None";"None";"nan";"7.286876";"43.699236";"000KO"
"2022-51616";"2022-01-10";"1";"Vente";"210000.0";"19.0";"T";"RUE FODERE";"2495";"06300";"06088";"Nice";"06";"None";"None";"06088000KO0131";"None";"None";"205";"57.51";"55";"nan";"None";"nan";"None";"nan";"None";"nan";"2";"3";"Dépendance";"nan";"0.0";"None";"None";"None";"None";"nan";"7.286876";"43.699236";"000KO"
"2022-51714";"2022-01-07";"1";"Vente";"344686.0";"3.0";"None";"RUE FRANCOIS GUISOL";"2635";"06300";"06088";"Nice";"06";"None";"None";"06088000KO0084";"None";"None";"12";"40.01";"None";"nan";"None";"nan";"None";"nan";"None";"nan";"1";"2";"Appartement";"37.0";"2.0";"None";"None";"None";"None";"nan";"7.284552";"43.701007";"000KO"
"2022-51515";"2022-01-05";"1";"Vente";"100000.0";"22.0";"None";"RUE ARSON";"0390";"06300";"06088";"Nice";"06";"None";"None";"06088000KO0111";"None";"None";"13";"nan";"None";"nan";"None";"nan";"None";"nan";"None";"nan";"1";"2";"Appartement";"37.0";"2.0";"None";"None";"None";"None";"nan";"7.286896";"43.700534";"000KO"
"2022-51829";"2022-01-05";"1";"Vente";"235390.0";"27.0";"None";"RUE BONAPARTE";"0885";"06300";"06088";"Nice";"06";"None";"None";"06088000KO0076";"None";"None";"11";"31.56";"None";"nan";"None";"nan";"None";"nan";"None";"nan";"1";"2";"Appartement";"29.0";"1.0";"None";"None";"None";"None";"nan";"7.283648";"43.700845";"000KO"
"2022-51829";"2022-01-05";"1";"Vente";"235390.0";"27.0";"None";"RUE BONAPARTE";"0885";"06300";"06088";"Nice";"06";"None";"None";"06088000KO0076";"None";"None";"11";"31.56";"None";"nan";"None";"nan";"None";"nan";"None";"nan";"1";"3";"Dépendance";"nan";"0.0";"None";"None";"None";"None";"nan";"7.283648";"43.700845";"000KO"
"2021-72180";"2021-12-28";"1";"Vente";"173850.0";"1.0";"None";"PL ILE DE BEAUTE";"3265";"06300";"06088";"Nice";"06";"None";"None";"06088000KO0143";"None";"None";"100";"28.18";"None";"nan";"None";"nan";"None";"nan";"None";"nan";"1";"2";"Appartement";"28.0";"1.0";"None";"None";"None";"None";"nan";"7.286121";"43.698823";"000KO"
"2021-71462";"2021-12-27";"1";"Vente";"215000.0";"16.0";"None";"RUE BARLA";"0610";"06300";"06088";"Nice";"06";"None";"None";"06088000KO0356";"None";"None";"232";"66.86";"None";"nan";"None";"nan";"None";"nan";"None";"nan";"1";"2";"Appartement";"66.0";"3.0";"None";"None";"None";"None";"nan";"7.283146";"43.701514";"000KO"
"2021-71462";"2021-12-27";"1";"Vente";"215000.0";"16.0";"None";"RUE BARLA";"0610";"06300";"06088";"Nice";"06";"None";"None";"06088000KO0356";"None";"None";"232";"66.86";"None";"nan";"None";"nan";"None";"nan";"None";"nan";"1";"3";"Dépendance";"nan";"0.0";"None";"None";"None";"None";"nan";"7.283146";"43.701514";"000KO"
"2021-71462";"2021-12-27";"1";"Vente";"215000.0";"11.0";"None";"RUE PAPON";"4690";"06300";"06088";"Nice";"06";"None";"None";"06088000KO0356";"None";"None";"35";"nan";"None";"nan";"None";"nan";"None";"nan";"None";"nan";"1";"3";"Dépendance";"nan";"0.0";"None";"None";"None";"None";"nan";"7.283146";"43.701514";"000KO"
"2021-71990";"2021-12-23";"1";"Vente";"226172.0";"40.0";"None";"RUE BONAPARTE";"0885";"06300";"06088";"Nice";"06";"None";"None";"06088000KO0166";"None";"None";"20";"37.72";"None";"nan";"None";"nan";"None";"nan";"None";"nan";"1";"2";"Appartement";"46.0";"3.0";"None";"None";"None";"None";"nan";"7.28563";"43.700371";"000KO"
"2021-71667";"2021-12-23";"1";"Vente";"1.0";"nan";"None";"None";"None";"None";"06088";"Nice";"06";"None";"None";"06088000KO0306";"None";"1";"None";"nan";"None";"nan";"None";"nan";"None";"nan";"None";"nan";"0";"None";"None";"nan";"nan";"None";"None";"None";"None";"nan";"7.281842";"43.698894";"000KO"
"2021-71901";"2021-12-22";"1";"Vente";"250000.0";"17.0";"None";"RUE CASSINI";"1180";"06300";"06088";"Nice";"06";"None";"None";"06088000KO0200";"None";"None";"17";"55.56";"None";"nan";"None";"nan";"None";"nan";"None";"nan";"1";"2";"Appartement";"57.0";"3.0";"None";"None";"None";"None";"nan";"7.283796";"43.699114";"000KO"
"2021-70927";"2021-12-21";"1";"Vente";"141108.0";"1.0";"None";"RUE EMMANUEL PHILIBERT";"2295";"06300";"06088";"Nice";"06";"None";"None";"06088000KO0068";"None";"None";"23";"nan";"None";"nan";"None";"nan";"None";"nan";"None";"nan";"1";"2";"Appartement";"32.0";"2.0";"None";"None";"None";"None";"nan";"7.283737";"43.701417";"000KO"
"2021-71272";"2021-12-21";"1";"Vente";"110000.0";"53.0";"None";"RUE BONAPARTE";"0885";"06300";"06088";"Nice";"06";"None";"None";"06088000KO0108";"None";"None";"16";"nan";"None";"nan";"None";"nan";"None";"nan";"None";"nan";"1";"2";"Appartement";"28.0";"2.0";"None";"None";"None";"None";"nan";"7.286289";"43.700614";"000KO"
"2021-71004";"2021-12-20";"1";"Vente";"284800.0";"10.0";"None";"RUE CATHERINE SEGURANE";"1192";"06300";"06088";"Nice";"06";"None";"None";"06088000KO0286";"None";"None";"19";"44.55";"None";"nan";"None";"nan";"None";"nan";"None";"nan";"1";"2";"Appartement";"43.0";"2.0";"None";"None";"None";"None";"nan";"7.28131";"43.699674";"000KO"
"2021-71922";"2021-12-20";"1";"Vente";"190000.0";"24.0";"None";"RUE BARLA";"0610";"06300";"06088";"Nice";"06";"None";"None";"06088000KO0089";"None";"None";"38";"nan";"None";"nan";"None";"nan";"None";"nan";"None";"nan";"1";"2";"Appartement";"41.0";"2.0";"None";"None";"None";"None";"nan";"7.284853";"43.700997";"000KO"
"2021-71455";"2021-12-17";"1";"Vente";"121000.0";"17.0";"None";"RUE BONAPARTE";"0885";"06300";"06088";"Nice";"06";"None";"None";"06088000KO0049";"None";"None";"18";"15.06";"None";"nan";"None";"nan";"None";"nan";"None";"nan";"1";"2";"Appartement";"13.0";"1.0";"None";"None";"None";"None";"nan";"7.282786";"43.700983";"000KO"
"2021-71454";"2021-12-16";"1";"Vente";"465994.0";"6.0";"None";"RUE BOYER";"0945";"06300";"06088";"Nice";"06";"None";"None";"06088000KO0034";"None";"None";"15";"nan";"44";"84.11";"None";"nan";"None";"nan";"None";"nan";"2";"2";"Appartement";"84.0";"4.0";"None";"None";"None";"None";"nan";"7.281721";"43.701093";"000KO"
"2021-71741";"2021-12-16";"1";"Vente";"635000.0";"1.0";"None";"BD CARNOT";"1145";"06300";"06088";"Nice";"06";"None";"None";"06088000KO0142";"None";"None";"18";"133.07";"8";"nan";"None";"nan";"None";"nan";"None";"nan";"2";"2";"Appartement";"125.0";"5.0";"None";"None";"None";"None";"nan";"7.286615";"43.698463";"000KO"
"2021-71454";"2021-12-16";"1";"Vente";"465994.0";"6.0";"None";"RUE BOYER";"0945";"06300";"06088";"Nice";"06";"None";"None";"06088000KO0034";"None";"None";"23";"nan";"None";"nan";"None";"nan";"None";"nan";"None";"nan";"1";"3";"Dépendance";"nan";"0.0";"None";"None";"None";"None";"nan";"7.281721";"43.701093";"000KO"
"2021-71454";"2021-12-16";"1";"Vente";"465994.0";"6.0";"None";"RUE BOYER";"0945";"06300";"06088";"Nice";"06";"None";"None";"06088000KO0034";"None";"None";"15";"nan";"44";"84.11";"None";"nan";"None";"nan";"None";"nan";"2";"3";"Dépendance";"nan";"0.0";"None";"None";"None";"None";"nan";"7.281721";"43.701093";"000KO"
"2021-71741";"2021-12-16";"1";"Vente";"635000.0";"1.0";"None";"BD CARNOT";"1145";"06300";"06088";"Nice";"06";"None";"None";"06088000KO0142";"None";"None";"18";"133.07";"8";"nan";"None";"nan";"None";"nan";"None";"nan";"2";"3";"Dépendance";"nan";"0.0";"None";"None";"None";"None";"nan";"7.286615";"43.698463";"000KO"
"2021-70846";"2021-12-15";"1";"Vente";"36000.0";"7.0";"T";"RUE EMMANUEL PHILIBERT";"2295";"06300";"06088";"Nice";"06";"None";"None";"06088000KO0207";"None";"None";"124";"nan";"None";"nan";"None";"nan";"None";"nan";"None";"nan";"1";"3";"Dépendance";"nan";"0.0";"None";"None";"None";"None";"nan";"7.283659";"43.700102";"000KO"
"2021-70392";"2021-12-14";"1";"Vente";"353900.0";"54.0";"None";"BD RISSO";"5490";"06300";"06088";"Nice";"06";"None";"None";"06088000KO0019";"None";"None";"11";"nan";"80";"56.27";"None";"nan";"None";"nan";"None";"nan";"2";"2";"Appartement";"64.0";"2.0";"None";"None";"None";"None";"nan";"7.280193";"43.702316";"000KO"
"2021-70392";"2021-12-14";"1";"Vente";"353900.0";"54.0";"None";"BD RISSO";"5490";"06300";"06088";"Nice";"06";"None";"None";"06088000KO0019";"None";"None";"11";"nan";"80";"56.27";"None";"nan";"None";"nan";"None";"nan";"2";"3";"Dépendance";"nan";"0.0";"None";"None";"None";"None";"nan";"7.280193";"43.702316";"000KO"
"2021-70734";"2021-12-14";"1";"Vente";"49500.0";"16.0";"None";"RUE FODERE";"2495";"06300";"06088";"Nice";"06";"None";"None";"06088000KO0134";"None";"None";"80";"nan";"None";"nan";"None";"nan";"None";"nan";"None";"nan";"1";"3";"Dépendance";"nan";"0.0";"None";"None";"None";"None";"nan";"7.286825";"43.698829";"000KO"
"2021-72253";"2021-12-13";"1";"Vente";"116000.0";"8.0";"None";"RUE BONAPARTE";"0885";"06300";"06088";"Nice";"06";"None";"None";"06088000KO0264";"None";"None";"12";"14.83";"None";"nan";"None";"nan";"None";"nan";"None";"nan";"1";"2";"Appartement";"13.0";"1.0";"None";"None";"None";"None";"nan";"7.282303";"43.700596";"000KO"
"2021-71073";"2021-12-10";"1";"Vente";"290000.0";"6.0";"None";"RUE BARLA";"0610";"06300";"06088";"Nice";"06";"None";"None";"06088000KO0025";"None";"None";"389";"nan";"82";"63.02";"None";"nan";"None";"nan";"None";"nan";"2";"2";"Appartement";"63.0";"3.0";"None";"None";"None";"None";"nan";"7.281466";"43.701959";"000KO"
"2021-71141";"2021-12-10";"1";"Vente";"249000.0";"10.0";"None";"RUE ARSON";"0390";"06300";"06088";"Nice";"06";"None";"None";"06088000KO0128";"None";"None";"33";"nan";"49";"51.7";"None";"nan";"None";"nan";"None";"nan";"2";"2";"Appartement";"52.0";"2.0";"None";"None";"None";"None";"nan";"7.286804";"43.699453";"000KO"
"2021-71380";"2021-12-10";"1";"Vente";"755000.0";"2.0";"None";"RUE MARTIN SEYTOUR";"4085";"06300";"06088";"Nice";"06";"None";"None";"06088000KO0262";"None";"None";"21";"131.78";"None";"nan";"None";"nan";"None";"nan";"None";"nan";"1";"2";"Appartement";"132.0";"5.0";"None";"None";"None";"None";"nan";"7.282539";"43.700588";"000KO"
"2021-70845";"2021-12-10";"1";"Vente";"38000.0";"7.0";"T";"RUE EMMANUEL PHILIBERT";"2295";"06300";"06088";"Nice";"06";"None";"None";"06088000KO0207";"None";"None";"92";"nan";"None";"nan";"None";"nan";"None";"nan";"None";"nan";"1";"3";"Dépendance";"nan";"0.0";"None";"None";"None";"None";"nan";"7.283659";"43.700102";"000KO"
"2021-71073";"2021-12-10";"1";"Vente";"290000.0";"6.0";"None";"RUE BARLA";"0610";"06300";"06088";"Nice";"06";"None";"None";"06088000KO0025";"None";"None";"389";"nan";"82";"63.02";"None";"nan";"None";"nan";"None";"nan";"2";"3";"Dépendance";"nan";"0.0";"None";"None";"None";"None";"nan";"7.281466";"43.701959";"000KO"
"2021-71141";"2021-12-10";"1";"Vente";"249000.0";"10.0";"None";"RUE ARSON";"0390";"06300";"06088";"Nice";"06";"None";"None";"06088000KO0128";"None";"None";"3";"nan";"None";"nan";"None";"nan";"None";"nan";"None";"nan";"1";"3";"Dépendance";"nan";"0.0";"None";"None";"None";"None";"nan";"7.286804";"43.699453";"000KO"
"2021-71141";"2021-12-10";"1";"Vente";"249000.0";"10.0";"None";"RUE ARSON";"0390";"06300";"06088";"Nice";"06";"None";"None";"06088000KO0128";"None";"None";"33";"nan";"49";"51.7";"None";"nan";"None";"nan";"None";"nan";"2";"3";"Dépendance";"nan";"0.0";"None";"None";"None";"None";"nan";"7.286804";"43.699453";"000KO"
"2021-71141";"2021-12-10";"1";"Vente";"249000.0";"10.0";"None";"RUE ARSON";"0390";"06300";"06088";"Nice";"06";"None";"None";"06088000KO0128";"None";"None";"33";"nan";"49";"51.7";"None";"nan";"None";"nan";"None";"nan";"2";"3";"Dépendance";"nan";"0.0";"None";"None";"None";"None";"nan";"7.286804";"43.699453";"000KO"
"2021-71380";"2021-12-10";"1";"Vente";"755000.0";"2.0";"None";"RUE MARTIN SEYTOUR";"4085";"06300";"06088";"Nice";"06";"None";"None";"06088000KO0262";"None";"None";"21";"131.78";"None";"nan";"None";"nan";"None";"nan";"None";"nan";"1";"3";"Dépendance";"nan";"0.0";"None";"None";"None";"None";"nan";"7.282539";"43.700588";"000KO"
"2021-70424";"2021-12-08";"1";"Vente";"157000.0";"28.0";"None";"RUE CASSINI";"1180";"06300";"06088";"Nice";"06";"None";"None";"06088000KO0219";"None";"None";"10";"nan";"11";"31.81";"17";"nan";"None";"nan";"None";"nan";"3";"2";"Appartement";"35.0";"2.0";"None";"None";"None";"None";"nan";"7.283457";"43.698875";"000KO"
"2021-70424";"2021-12-08";"1";"Vente";"157000.0";"28.0";"None";"RUE CASSINI";"1180";"06300";"06088";"Nice";"06";"None";"None";"06088000KO0219";"None";"None";"10";"nan";"11";"31.81";"17";"nan";"None";"nan";"None";"nan";"3";"3";"Dépendance";"nan";"0.0";"None";"None";"None";"None";"nan";"7.283457";"43.698875";"000KO"
"2021-71421";"2021-12-06";"1";"Vente";"190000.0";"28.0";"None";"RUE BARLA";"0610";"06300";"06088";"Nice";"06";"None";"None";"06088000KO0095";"None";"None";"9";"51.25";"None";"nan";"None";"nan";"None";"nan";"None";"nan";"1";"2";"Appartement";"49.0";"3.0";"None";"None";"None";"None";"nan";"7.285233";"43.700974";"000KO"
"2021-70042";"2021-12-02";"1";"Vente";"356500.0";"10.0";"None";"PAS CATHERINE SEGURANE";"1191";"06300";"06088";"Nice";"06";"None";"None";"06088000KO0278";"None";"None";"1";"nan";"None";"nan";"None";"nan";"None";"nan";"None";"nan";"1";"2";"Appartement";"83.0";"2.0";"None";"None";"None";"None";"nan";"7.281319";"43.700048";"000KO"
"2021-70443";"2021-12-02";"1";"Vente";"200000.0";"10.0";"None";"RUE FODERE";"2495";"06300";"06088";"Nice";"06";"None";"None";"06088000KO0144";"None";"None";"22";"45.32";"None";"nan";"None";"nan";"None";"nan";"None";"nan";"1";"2";"Appartement";"55.0";"3.0";"None";"None";"None";"None";"nan";"7.285931";"43.698953";"000KO"
"2021-70157";"2021-11-30";"1";"Vente";"210000.0";"16.0";"T";"PL GARIBALDI";"2785";"06300";"06088";"Nice";"06";"None";"None";"06088000KO0037";"None";"None";"7";"nan";"None";"nan";"None";"nan";"None";"nan";"None";"nan";"1";"2";"Appartement";"44.0";"3.0";"None";"None";"None";"None";"nan";"7.281341";"43.700828";"000KO"
"2021-69635";"2021-11-29";"1";"Vente";"456000.0";"39.0";"None";"AV DE LA REPUBLIQUE";"5435";"06300";"06088";"Nice";"06";"None";"None";"06088000KO0026";"None";"None";"17";"102.57";"None";"nan";"None";"nan";"None";"nan";"None";"nan";"1";"2";"Appartement";"121.0";"5.0";"None";"None";"None";"None";"nan";"7.281071";"43.701974";"000KO"
"2021-70070";"2021-11-29";"1";"Vente";"180000.0";"6.0";"None";"RUE FRANCOIS GUISOL";"2635";"06300";"06088";"Nice";"06";"None";"None";"06088000KO0080";"None";"None";"12";"49.3";"None";"nan";"None";"nan";"None";"nan";"None";"nan";"1";"2";"Appartement";"50.0";"3.0";"None";"None";"None";"None";"nan";"7.284063";"43.700842";"000KO"
"2021-70487";"2021-11-29";"1";"Vente";"340000.0";"3.0";"None";"RUE FRANCOIS GUISOL";"2635";"06300";"06088";"Nice";"06";"None";"None";"06088000KO0084";"None";"None";"11";"nan";"13";"nan";"None";"nan";"None";"nan";"None";"nan";"2";"2";"Appartement";"38.0";"2.0";"None";"None";"None";"None";"nan";"7.284552";"43.701007";"000KO"
"2021-70487";"2021-11-29";"1";"Vente";"340000.0";"3.0";"None";"RUE FRANCOIS GUISOL";"2635";"06300";"06088";"Nice";"06";"None";"None";"06088000KO0084";"None";"None";"11";"nan";"13";"nan";"None";"nan";"None";"nan";"None";"nan";"2";"2";"Appartement";"37.0";"2.0";"None";"None";"None";"None";"nan";"7.284552";"43.701007";"000KO"
"2021-70569";"2021-11-29";"1";"Vente";"1573000.0";"10.0";"None";"PL GARIBALDI";"2785";"06300";"06088";"Nice";"06";"None";"None";"06088000KO0031";"None";"None";"15";"173.78";"25";"nan";"None";"nan";"None";"nan";"None";"nan";"2";"2";"Appartement";"160.0";"5.0";"None";"None";"None";"None";"nan";"7.280777";"43.701382";"000KO"
"2021-71034";"2021-11-29";"1";"Vente";"339200.0";"13.0";"None";"RUE FRANCOIS GUISOL";"2635";"06300";"06088";"Nice";"06";"None";"None";"06088000KO0187";"None";"None";"7";"77.65";"None";"nan";"None";"nan";"None";"nan";"None";"nan";"1";"2";"Appartement";"90.0";"4.0";"None";"None";"None";"None";"nan";"7.284258";"43.699778";"000KO"
"2021-70569";"2021-11-29";"1";"Vente";"1573000.0";"10.0";"None";"PL GARIBALDI";"2785";"06300";"06088";"Nice";"06";"None";"None";"06088000KO0031";"None";"None";"15";"173.78";"25";"nan";"None";"nan";"None";"nan";"None";"nan";"2";"3";"Dépendance";"nan";"0.0";"None";"None";"None";"None";"nan";"7.280777";"43.701382";"000KO"
"2021-70569";"2021-11-29";"1";"Vente";"1573000.0";"14.0";"None";"PL GARIBALDI";"2785";"06300";"06088";"Nice";"06";"None";"None";"06088000KO0032";"None";"None";"14";"nan";"None";"nan";"None";"nan";"None";"nan";"None";"nan";"1";"3";"Dépendance";"nan";"0.0";"None";"None";"None";"None";"nan";"7.281061";"43.701237";"000KO"
"2021-70569";"2021-11-29";"1";"Vente";"1573000.0";"7.0";"T";"RUE EMMANUEL PHILIBERT";"2295";"06300";"06088";"Nice";"06";"None";"None";"06088000KO0207";"None";"None";"132";"nan";"None";"nan";"None";"nan";"None";"nan";"None";"nan";"1";"3";"Dépendance";"nan";"0.0";"None";"None";"None";"None";"nan";"7.283659";"43.700102";"000KO"
"2021-69419";"2021-11-26";"1";"Vente";"110000.0";"7.0";"None";"RUE LASCARIS";"3570";"06300";"06088";"Nice";"06";"None";"None";"06088000KO0157";"None";"None";"18";"nan";"65";"nan";"None";"nan";"None";"nan";"None";"nan";"2";"2";"Appartement";"30.0";"1.0";"None";"None";"None";"None";"nan";"7.286135";"43.700096";"000KO"
"2021-69757";"2021-11-26";"1";"Vente";"122000.0";"10.0";"None";"BD LECH WALESA";"3588";"06300";"06088";"Nice";"06";"None";"None";"06088000KO0130";"None";"None";"12";"23.59";"None";"nan";"None";"nan";"None";"nan";"None";"nan";"1";"2";"Appartement";"20.0";"1.0";"None";"None";"None";"None";"nan";"7.287064";"43.699318";"000KO"
"2021-69777";"2021-11-26";"1";"Vente";"200000.0";"3.0";"None";"RUE EMMANUEL PHILIBERT";"2295";"06300";"06088";"Nice";"06";"None";"None";"06088000KO0069";"None";"None";"76";"nan";"None";"nan";"None";"nan";"None";"nan";"None";"nan";"1";"2";"Appartement";"62.0";"3.0";"None";"None";"None";"None";"nan";"7.283747";"43.701324";"000KO"
"2021-69419";"2021-11-26";"1";"Vente";"110000.0";"7.0";"None";"RUE LASCARIS";"3570";"06300";"06088";"Nice";"06";"None";"None";"06088000KO0157";"None";"None";"18";"nan";"65";"nan";"None";"nan";"None";"nan";"None";"nan";"2";"3";"Dépendance";"nan";"0.0";"None";"None";"None";"None";"nan";"7.286135";"43.700096";"000KO"
"2021-70878";"2021-11-25";"1";"Vente";"465000.0";"28.0";"None";"RUE BARLA";"0610";"06300";"06088";"Nice";"06";"None";"None";"06088000KO0095";"None";"None";"5";"60.0";"None";"nan";"None";"nan";"None";"nan";"None";"nan";"1";"2";"Appartement";"56.0";"4.0";"None";"None";"None";"None";"nan";"7.285233";"43.700974";"000KO"
"2021-70878";"2021-11-25";"1";"Vente";"465000.0";"28.0";"None";"RUE BARLA";"0610";"06300";"06088";"Nice";"06";"None";"None";"06088000KO0095";"None";"None";"6";"49.0";"None";"nan";"None";"nan";"None";"nan";"None";"nan";"1";"2";"Appartement";"46.0";"3.0";"None";"None";"None";"None";"nan";"7.285233";"43.700974";"000KO"
"2021-70878";"2021-11-25";"1";"Vente";"465000.0";"28.0";"None";"RUE BARLA";"0610";"06300";"06088";"Nice";"06";"None";"None";"06088000KO0095";"None";"None";"11";"24.0";"3";"nan";"None";"nan";"None";"nan";"None";"nan";"2";"2";"Appartement";"30.0";"2.0";"None";"None";"None";"None";"nan";"7.285233";"43.700974";"000KO"
"2021-70878";"2021-11-25";"1";"Vente";"465000.0";"28.0";"None";"RUE BARLA";"0610";"06300";"06088";"Nice";"06";"None";"None";"06088000KO0095";"None";"None";"5";"60.0";"None";"nan";"None";"nan";"None";"nan";"None";"nan";"1";"3";"Dépendance";"nan";"0.0";"None";"None";"None";"None";"nan";"7.285233";"43.700974";"000KO"
"2021-69946";"2021-11-24";"1";"Vente";"292000.0";"1.0";"None";"RUE BONAPARTE";"0885";"06300";"06088";"Nice";"06";"None";"None";"06088000KO0039";"None";"None";"3";"48.37";"None";"nan";"None";"nan";"None";"nan";"None";"nan";"1";"2";"Appartement";"35.0";"2.0";"None";"None";"None";"None";"nan";"7.281189";"43.700761";"000KO"
"2021-69655";"2021-11-22";"1";"Vente";"299000.0";"1.0";"None";"RUE BOYER";"0945";"06300";"06088";"Nice";"06";"None";"None";"06088000KO0061";"None";"None";"31";"nan";"68";"nan";"None";"nan";"None";"nan";"None";"nan";"2";"2";"Appartement";"57.0";"3.0";"None";"None";"None";"None";"nan";"7.282143";"43.701676";"000KO"
"2021-70136";"2021-11-22";"1";"Vente";"205474.4";"28.0";"None";"RUE CASSINI";"1180";"06300";"06088";"Nice";"06";"None";"None";"06088000KO0219";"None";"None";"25";"nan";"None";"nan";"None";"nan";"None";"nan";"None";"nan";"1";"2";"Appartement";"32.0";"1.0";"None";"None";"None";"None";"nan";"7.283457";"43.698875";"000KO"
"2021-69655";"2021-11-22";"1";"Vente";"299000.0";"1.0";"None";"RUE BOYER";"0945";"06300";"06088";"Nice";"06";"None";"None";"06088000KO0061";"None";"None";"31";"nan";"68";"nan";"None";"nan";"None";"nan";"None";"nan";"2";"3";"Dépendance";"nan";"0.0";"None";"None";"None";"None";"nan";"7.282143";"43.701676";"000KO"
"2021-69695";"2021-11-19";"1";"Vente";"1249000.0";"9.0";"None";"RUE FODERE";"2495";"06300";"06088";"Nice";"06";"None";"None";"06088000KO0194";"None";"None";"121";"nan";"None";"nan";"None";"nan";"None";"nan";"None";"nan";"1";"2";"Appartement";"59.0";"2.0";"None";"None";"None";"None";"nan";"7.284976";"43.69947";"000KO"
"2021-70209";"2021-11-19";"1";"Vente";"58000.0";"11.0";"None";"RUE PAPON";"4690";"06300";"06088";"Nice";"06";"None";"None";"06088000KO0356";"None";"None";"142";"nan";"None";"nan";"None";"nan";"None";"nan";"None";"nan";"1";"3";"Dépendance";"nan";"0.0";"None";"None";"None";"None";"nan";"7.283146";"43.701514";"000KO"
"2021-69695";"2021-11-19";"1";"Vente";"1249000.0";"9.0";"None";"RUE FODERE";"2495";"06300";"06088";"Nice";"06";"None";"None";"06088000KO0194";"None";"None";"121";"nan";"None";"nan";"None";"nan";"None";"nan";"None";"nan";"1";"4";"Local industriel. commercial ou assimilé";"134.0";"0.0";"None";"None";"None";"None";"nan";"7.284976";"43.69947";"000KO"
"2021-69546";"2021-11-17";"1";"Vente";"140000.0";"7.0";"B";"RUE FODERE";"2495";"06300";"06088";"Nice";"06";"None";"None";"06088000KO0192";"None";"None";"19";"24.49";"None";"nan";"None";"nan";"None";"nan";"None";"nan";"1";"2";"Appartement";"27.0";"1.0";"None";"None";"None";"None";"nan";"7.284739";"43.699473";"000KO"
"2021-69121";"2021-11-15";"1";"Vente";"37500.0";"18.0";"None";"RUE CATHERINE SEGURANE";"1192";"06300";"06088";"Nice";"06";"None";"None";"06088000KO0247";"None";"None";"8";"nan";"None";"nan";"None";"nan";"None";"nan";"None";"nan";"1";"2";"Appartement";"29.0";"1.0";"None";"None";"None";"None";"nan";"7.282009";"43.699371";"000KO"
"2021-69121";"2021-11-15";"1";"Vente";"37500.0";"18.0";"None";"RUE CATHERINE SEGURANE";"1192";"06300";"06088";"Nice";"06";"None";"None";"06088000KO0247";"None";"None";"47";"nan";"None";"nan";"None";"nan";"None";"nan";"None";"nan";"1";"2";"Appartement";"32.0";"1.0";"None";"None";"None";"None";"nan";"7.282009";"43.699371";"000KO"
"2021-69135";"2021-11-15";"1";"Vente";"150000.0";"14.0";"None";"RUE LASCARIS";"3570";"06300";"06088";"Nice";"06";"None";"None";"06088000KO0185";"None";"None";"2";"nan";"76";"34.21";"None";"nan";"None";"nan";"None";"nan";"2";"2";"Appartement";"34.0";"1.0";"None";"None";"None";"None";"nan";"7.284693";"43.699689";"000KO"
"2021-70014";"2021-11-15";"1";"Vente";"265000.0";"6.0";"None";"RUE BARLA";"0610";"06300";"06088";"Nice";"06";"None";"None";"06088000KO0025";"None";"None";"394";"nan";"99";"63.08";"None";"nan";"None";"nan";"None";"nan";"2";"2";"Appartement";"63.0";"3.0";"None";"None";"None";"None";"nan";"7.281466";"43.701959";"000KO"
"2021-69135";"2021-11-15";"1";"Vente";"150000.0";"14.0";"None";"RUE LASCARIS";"3570";"06300";"06088";"Nice";"06";"None";"None";"06088000KO0185";"None";"None";"2";"nan";"76";"34.21";"None";"nan";"None";"nan";"None";"nan";"2";"3";"Dépendance";"nan";"0.0";"None";"None";"None";"None";"nan";"7.284693";"43.699689";"000KO"
"2021-70014";"2021-11-15";"1";"Vente";"265000.0";"6.0";"None";"RUE BARLA";"0610";"06300";"06088";"Nice";"06";"None";"None";"06088000KO0025";"None";"None";"394";"nan";"99";"63.08";"None";"nan";"None";"nan";"None";"nan";"2";"3";"Dépendance";"nan";"0.0";"None";"None";"None";"None";"nan";"7.281466";"43.701959";"000KO"
"2021-70170";"2021-11-15";"1";"Vente";"26000.0";"7.0";"T";"RUE EMMANUEL PHILIBERT";"2295";"06300";"06088";"Nice";"06";"None";"None";"06088000KO0207";"None";"None";"56";"nan";"None";"nan";"None";"nan";"None";"nan";"None";"nan";"1";"3";"Dépendance";"nan";"0.0";"None";"None";"None";"None";"nan";"7.283659";"43.700102";"000KO"
"2021-69366";"2021-11-10";"1";"Vente";"160400.0";"49.0";"None";"RUE BONAPARTE";"0885";"06300";"06088";"Nice";"06";"None";"None";"06088000KO0104";"None";"None";"12";"29.32";"None";"nan";"None";"nan";"None";"nan";"None";"nan";"1";"2";"Appartement";"30.0";"2.0";"None";"None";"None";"None";"nan";"7.285958";"43.70065";"000KO"
"2021-69581";"2021-11-09";"1";"Vente";"233000.0";"5.0";"None";"RUE PAPON";"4690";"06300";"06088";"Nice";"06";"None";"None";"06088000KO0061";"None";"None";"12";"nan";"71";"38.0";"None";"nan";"None";"nan";"None";"nan";"2";"2";"Appartement";"36.0";"2.0";"None";"None";"None";"None";"nan";"7.282143";"43.701676";"000KO"
"2021-69581";"2021-11-09";"1";"Vente";"233000.0";"5.0";"None";"RUE PAPON";"4690";"06300";"06088";"Nice";"06";"None";"None";"06088000KO0061";"None";"None";"12";"nan";"71";"38.0";"None";"nan";"None";"nan";"None";"nan";"2";"3";"Dépendance";"nan";"0.0";"None";"None";"None";"None";"nan";"7.282143";"43.701676";"000KO"
"2021-68837";"2021-11-08";"1";"Vente";"250000.0";"54.0";"None";"BD RISSO";"5490";"06300";"06088";"Nice";"06";"None";"None";"06088000KO0019";"None";"None";"10";"nan";"86";"57.61";"None";"nan";"None";"nan";"None";"nan";"2";"2";"Appartement";"63.0";"2.0";"None";"None";"None";"None";"nan";"7.280193";"43.702316";"000KO"
"2021-68844";"2021-11-08";"1";"Vente";"97000.0";"3.0";"None";"RUE ANTOINE GAUTIER";"0265";"06300";"06088";"Nice";"06";"None";"None";"06088000KO0237";"None";"None";"44";"nan";"None";"nan";"None";"nan";"None";"nan";"None";"nan";"1";"2";"Appartement";"25.0";"1.0";"None";"None";"None";"None";"nan";"7.282394";"43.698933";"000KO"
"2021-68837";"2021-11-08";"1";"Vente";"250000.0";"54.0";"None";"BD RISSO";"5490";"06300";"06088";"Nice";"06";"None";"None";"06088000KO0019";"None";"None";"10";"nan";"86";"57.61";"None";"nan";"None";"nan";"None";"nan";"2";"3";"Dépendance";"nan";"0.0";"None";"None";"None";"None";"nan";"7.280193";"43.702316";"000KO"
"2021-69646";"2021-11-04";"1";"Vente";"182500.0";"2.0";"B";"RUE BOYER";"0945";"06300";"06088";"Nice";"06";"None";"None";"06088000KO0025";"None";"None";"18";"53.2";"334";"nan";"None";"nan";"None";"nan";"None";"nan";"2";"2";"Appartement";"56.0";"2.0";"None";"None";"None";"None";"nan";"7.281466";"43.701959";"000KO"
"2021-69646";"2021-11-04";"1";"Vente";"182500.0";"2.0";"B";"RUE BOYER";"0945";"06300";"06088";"Nice";"06";"None";"None";"06088000KO0025";"None";"None";"18";"53.2";"334";"nan";"None";"nan";"None";"nan";"None";"nan";"2";"3";"Dépendance";"nan";"0.0";"None";"None";"None";"None";"nan";"7.281466";"43.701959";"000KO"
"2021-68385";"2021-11-02";"1";"Vente";"465000.0";"7.0";"None";"RUE FODERE";"2495";"06300";"06088";"Nice";"06";"None";"None";"06088000KO0192";"None";"None";"9";"nan";"None";"nan";"None";"nan";"None";"nan";"None";"nan";"1";"2";"Appartement";"100.0";"4.0";"None";"None";"None";"None";"nan";"7.284739";"43.699473";"000KO"
"2021-69004";"2021-10-29";"1";"Vente";"210000.0";"14.0";"None";"RUE ARSON";"0390";"06300";"06088";"Nice";"06";"None";"None";"06088000KO0120";"None";"None";"6";"nan";"None";"nan";"None";"nan";"None";"nan";"None";"nan";"1";"2";"Appartement";"45.0";"3.0";"None";"None";"None";"None";"nan";"7.286804";"43.699938";"000KO"
"2021-69569";"2021-10-29";"1";"Vente";"875000.0";"36.0";"None";"RUE CATHERINE SEGURANE";"1192";"06300";"06088";"Nice";"06";"None";"None";"06088000KO0226";"None";"None";"17";"nan";"20";"nan";"5";"135.05";"None";"nan";"None";"nan";"3";"2";"Appartement";"154.0";"5.0";"None";"None";"None";"None";"nan";"7.282808";"43.697973";"000KO"
"2021-69569";"2021-10-29";"1";"Vente";"875000.0";"36.0";"None";"RUE CATHERINE SEGURANE";"1192";"06300";"06088";"Nice";"06";"None";"None";"06088000KO0226";"None";"None";"17";"nan";"20";"nan";"5";"135.05";"None";"nan";"None";"nan";"3";"3";"Dépendance";"nan";"0.0";"None";"None";"None";"None";"nan";"7.282808";"43.697973";"000KO"
"2021-68327";"2021-10-28";"1";"Vente";"199110.0";"40.0";"None";"RUE BONAPARTE";"0885";"06300";"06088";"Nice";"06";"None";"None";"06088000KO0166";"None";"None";"18";"34.04";"None";"nan";"None";"nan";"None";"nan";"None";"nan";"1";"2";"Appartement";"38.0";"3.0";"None";"None";"None";"None";"nan";"7.28563";"43.700371";"000KO"
"2021-68587";"2021-10-28";"1";"Vente";"590000.0";"13.0";"None";"RUE CASSINI";"1180";"06300";"06088";"Nice";"06";"None";"None";"06088000KO0256";"None";"None";"13";"nan";"None";"nan";"None";"nan";"None";"nan";"None";"nan";"1";"2";"Appartement";"126.0";"6.0";"None";"None";"None";"None";"nan";"7.282938";"43.699674";"000KO"
"2021-69258";"2021-10-28";"1";"Vente";"1000000.0";"11.0";"None";"PL ILE DE BEAUTE";"3265";"06300";"06088";"Nice";"06";"None";"None";"06088000KO0197";"None";"None";"116";"nan";"None";"nan";"None";"nan";"None";"nan";"None";"nan";"1";"2";"Appartement";"133.0";"6.0";"None";"None";"None";"None";"nan";"7.284449";"43.699004";"000KO"
"2021-68246";"2021-10-27";"1";"Vente";"40000.0";"1.0";"None";"PL ILE DE BEAUTE";"3265";"06300";"06088";"Nice";"06";"None";"None";"06088000KO0143";"None";"None";"52";"nan";"None";"nan";"None";"nan";"None";"nan";"None";"nan";"1";"3";"Dépendance";"nan";"0.0";"None";"None";"None";"None";"nan";"7.286121";"43.698823";"000KO"
"2021-68156";"2021-10-25";"1";"Vente";"351000.0";"24.0";"None";"RUE CASSINI";"1180";"06300";"06088";"Nice";"06";"None";"None";"06088000KO0217";"None";"None";"12";"nan";"None";"nan";"None";"nan";"None";"nan";"None";"nan";"1";"2";"Appartement";"38.0";"2.0";"None";"None";"None";"None";"nan";"7.283328";"43.698986";"000KO"
"2021-68156";"2021-10-25";"1";"Vente";"351000.0";"24.0";"None";"RUE CASSINI";"1180";"06300";"06088";"Nice";"06";"None";"None";"06088000KO0217";"None";"None";"11";"nan";"None";"nan";"None";"nan";"None";"nan";"None";"nan";"1";"2";"Appartement";"31.0";"2.0";"None";"None";"None";"None";"nan";"7.283328";"43.698986";"000KO"
"2021-68774";"2021-10-25";"1";"Vente";"273000.0";"22.0";"None";"RUE EMMANUEL PHILIBERT";"2295";"06300";"06088";"Nice";"06";"None";"None";"06088000KO0226";"None";"None";"44";"nan";"None";"nan";"None";"nan";"None";"nan";"None";"nan";"1";"2";"Appartement";"55.0";"2.0";"None";"None";"None";"None";"nan";"7.282808";"43.697973";"000KO"
"2021-67886";"2021-10-22";"1";"Vente";"645000.0";"11.0";"None";"RUE EMMANUEL PHILIBERT";"2295";"06300";"06088";"Nice";"06";"None";"None";"06088000KO0401";"None";"None";"6";"98.07";"None";"nan";"None";"nan";"None";"nan";"None";"nan";"1";"2";"Appartement";"80.0";"4.0";"None";"None";"None";"None";"nan";"7.283427";"43.699404";"000KO"
"2021-68637";"2021-10-22";"1";"Vente";"100000.0";"4.0";"None";"RUE BARLA";"0610";"06300";"06088";"Nice";"06";"None";"None";"06088000KO0023";"None";"None";"55";"19.1";"None";"nan";"None";"nan";"None";"nan";"None";"nan";"1";"2";"Appartement";"19.0";"1.0";"None";"None";"None";"None";"nan";"7.280562";"43.702308";"000KO"
"2021-68281";"2021-10-21";"1";"Vente";"165000.0";"7.0";"None";"RUE MARTIN SEYTOUR";"4085";"06300";"06088";"Nice";"06";"None";"None";"06088000KO0251";"None";"None";"14";"41.6";"None";"nan";"None";"nan";"None";"nan";"None";"nan";"1";"2";"Appartement";"41.0";"2.0";"None";"None";"None";"None";"nan";"7.281816";"43.699583";"000KO"
"2021-68419";"2021-10-21";"1";"Vente";"325000.0";"2.0";"None";"RUE BAVASTRO";"0670";"06300";"06088";"Nice";"06";"None";"None";"06088000KO0096";"None";"None";"5";"77.04";"None";"nan";"None";"nan";"None";"nan";"None";"nan";"1";"2";"Appartement";"76.0";"3.0";"None";"None";"None";"None";"nan";"7.285334";"43.700914";"000KO"
"2021-68044";"2021-10-15";"1";"Vente";"345050.0";"8.0";"None";"RUE BONAPARTE";"0885";"06300";"06088";"Nice";"06";"None";"None";"06088000KO0264";"None";"None";"20";"58.28";"None";"nan";"None";"nan";"None";"nan";"None";"nan";"1";"2";"Appartement";"56.0";"3.0";"None";"None";"None";"None";"nan";"7.282303";"43.700596";"000KO"
"2021-67495";"2021-10-13";"1";"Vente";"255000.0";"3.0";"None";"RUE LASCARIS";"3570";"06300";"06088";"Nice";"06";"None";"None";"06088000KO0122";"None";"None";"138";"nan";"None";"nan";"None";"nan";"None";"nan";"None";"nan";"1";"2";"Appartement";"53.0";"3.0";"None";"None";"None";"None";"nan";"7.28702";"43.699915";"000KO"
"2021-67649";"2021-10-13";"1";"Vente";"235000.0";"38.0";"None";"RUE BONAPARTE";"0885";"06300";"06088";"Nice";"06";"None";"None";"06088000KO0167";"None";"None";"7";"nan";"None";"nan";"None";"nan";"None";"nan";"None";"nan";"1";"2";"Appartement";"38.0";"2.0";"None";"None";"None";"None";"nan";"7.285267";"43.700406";"000KO"
"2021-68253";"2021-10-12";"1";"Vente";"350000.0";"19.0";"T";"RUE FODERE";"2495";"06300";"06088";"Nice";"06";"None";"None";"06088000KO0131";"None";"None";"246";"53.56";"52";"nan";"None";"nan";"None";"nan";"None";"nan";"2";"2";"Appartement";"55.0";"2.0";"None";"None";"None";"None";"nan";"7.286876";"43.699236";"000KO"
"2021-68253";"2021-10-12";"1";"Vente";"350000.0";"19.0";"T";"RUE FODERE";"2495";"06300";"06088";"Nice";"06";"None";"None";"06088000KO0131";"None";"None";"246";"53.56";"52";"nan";"None";"nan";"None";"nan";"None";"nan";"2";"3";"Dépendance";"nan";"0.0";"None";"None";"None";"None";"nan";"7.286876";"43.699236";"000KO"
"2021-67313";"2021-10-12";"1";"Vente";"250000.0";"2.0";"None";"RUE BAVASTRO";"0670";"06300";"06088";"Nice";"06";"None";"None";"06088000KO0096";"None";"None";"2";"84.52";"None";"nan";"None";"nan";"None";"nan";"None";"nan";"1";"4";"Local industriel. commercial ou assimilé";"60.0";"0.0";"None";"None";"None";"None";"nan";"7.285334";"43.700914";"000KO"
"2021-67142";"2021-10-08";"1";"Vente";"290000.0";"6.0";"None";"RUE BARLA";"0610";"06300";"06088";"Nice";"06";"None";"None";"06088000KO0025";"None";"None";"101";"62.65";"396";"nan";"None";"nan";"None";"nan";"None";"nan";"2";"2";"Appartement";"60.0";"3.0";"None";"None";"None";"None";"nan";"7.281466";"43.701959";"000KO"
"2021-67143";"2021-10-08";"1";"Vente";"226500.0";"22.0";"None";"RUE EMMANUEL PHILIBERT";"2295";"06300";"06088";"Nice";"06";"None";"None";"06088000KO0226";"None";"None";"43";"nan";"None";"nan";"None";"nan";"None";"nan";"None";"nan";"1";"2";"Appartement";"44.0";"2.0";"None";"None";"None";"None";"nan";"7.282808";"43.697973";"000KO"
"2021-67142";"2021-10-08";"1";"Vente";"290000.0";"6.0";"None";"RUE BARLA";"0610";"06300";"06088";"Nice";"06";"None";"None";"06088000KO0025";"None";"None";"101";"62.65";"396";"nan";"None";"nan";"None";"nan";"None";"nan";"2";"3";"Dépendance";"nan";"0.0";"None";"None";"None";"None";"nan";"7.281466";"43.701959";"000KO"
"2021-67591";"2021-10-07";"1";"Vente";"310230.0";"17.0";"B";"RUE LASCARIS";"3570";"06300";"06088";"Nice";"06";"None";"None";"06088000KO0316";"None";"None";"9";"67.51";"None";"nan";"None";"nan";"None";"nan";"None";"nan";"1";"2";"Appartement";"70.0";"3.0";"None";"None";"None";"None";"nan";"7.284625";"43.700203";"000KO"
"2021-67635";"2021-10-07";"1";"Vente";"241140.0";"49.0";"None";"RUE BONAPARTE";"0885";"06300";"06088";"Nice";"06";"None";"None";"06088000KO0104";"None";"None";"10";"38.1";"None";"nan";"None";"nan";"None";"nan";"None";"nan";"1";"2";"Appartement";"30.0";"2.0";"None";"None";"None";"None";"nan";"7.285958";"43.70065";"000KO"
"2021-68329";"2021-10-06";"1";"Vente";"250000.0";"2.0";"None";"RUE PAPON";"4690";"06300";"06088";"Nice";"06";"None";"None";"06088000KO0029";"None";"None";"4";"nan";"5";"66.35";"None";"nan";"None";"nan";"None";"nan";"2";"2";"Appartement";"65.0";"3.0";"None";"None";"None";"None";"nan";"7.280925";"43.701622";"000KO"
"2021-67148";"2021-10-01";"1";"Vente";"239000.0";"14.0";"None";"RUE EMMANUEL PHILIBERT";"2295";"06300";"06088";"Nice";"06";"None";"None";"06088000KO0242";"None";"None";"24";"36.06";"None";"nan";"None";"nan";"None";"nan";"None";"nan";"1";"2";"Appartement";"45.0";"2.0";"None";"None";"None";"None";"nan";"7.282909";"43.699136";"000KO"
"2021-67342";"2021-10-01";"1";"Vente";"336100.0";"25.0";"None";"RUE BONAPARTE";"0885";"06300";"06088";"Nice";"06";"None";"None";"06088000KO0075";"None";"None";"51";"55.44";"None";"nan";"None";"nan";"None";"nan";"None";"nan";"1";"2";"Appartement";"58.0";"3.0";"None";"None";"None";"None";"nan";"7.283466";"43.700768";"000KO"
"2021-67342";"2021-10-01";"1";"Vente";"336100.0";"25.0";"None";"RUE BONAPARTE";"0885";"06300";"06088";"Nice";"06";"None";"None";"06088000KO0075";"None";"None";"51";"55.44";"None";"nan";"None";"nan";"None";"nan";"None";"nan";"1";"3";"Dépendance";"nan";"0.0";"None";"None";"None";"None";"nan";"7.283466";"43.700768";"000KO"
"2021-67127";"2021-09-30";"1";"Vente";"119000.0";"6.0";"None";"BD LECH WALESA";"3588";"06300";"06088";"Nice";"06";"None";"None";"06088000KO0118";"None";"None";"38";"nan";"None";"nan";"None";"nan";"None";"nan";"None";"nan";"1";"2";"Appartement";"24.0";"2.0";"None";"None";"None";"None";"nan";"7.287166";"43.700014";"000KO"
"2021-67855";"2021-09-30";"1";"Vente";"298000.0";"13.0";"None";"RUE BAVASTRO";"0670";"06300";"06088";"Nice";"06";"None";"None";"06088000KO0163";"None";"None";"31";"45.77";"None";"nan";"None";"nan";"None";"nan";"None";"nan";"1";"2";"Appartement";"48.0";"2.0";"None";"None";"None";"None";"nan";"7.285644";"43.700082";"000KO"
"2021-67318";"2021-09-29";"1";"Vente";"380000.0";"3.0";"None";"RUE FRANCOIS GUISOL";"2635";"06300";"06088";"Nice";"06";"None";"None";"06088000KO0084";"None";"None";"23";"75.25";"None";"nan";"None";"nan";"None";"nan";"None";"nan";"1";"2";"Appartement";"80.0";"4.0";"None";"None";"None";"None";"nan";"7.284552";"43.701007";"000KO"
"2021-66304";"2021-09-28";"1";"Vente";"590000.0";"3.0";"None";"RUE MARTIN SEYTOUR";"4085";"06300";"06088";"Nice";"06";"None";"None";"06088000KO0255";"None";"None";"27";"153.07";"None";"nan";"None";"nan";"None";"nan";"None";"nan";"1";"2";"Appartement";"190.0";"5.0";"None";"None";"None";"None";"nan";"7.28274";"43.699985";"000KO"
"2021-66792";"2021-09-28";"1";"Vente";"520000.0";"1.0";"None";"RUE CASSINI";"1180";"06300";"06088";"Nice";"06";"None";"None";"06088000KO0273";"None";"None";"16";"115.16";"None";"nan";"None";"nan";"None";"nan";"None";"nan";"1";"2";"Appartement";"74.0";"3.0";"None";"None";"None";"None";"nan";"7.281565";"43.700511";"000KO"
"2021-67711";"2021-09-28";"1";"Vente";"236000.0";"6.0";"None";"PAS CATHERINE SEGURANE";"1191";"06300";"06088";"Nice";"06";"None";"None";"06088000KO0279";"None";"None";"13";"nan";"None";"nan";"None";"nan";"None";"nan";"None";"nan";"1";"2";"Appartement";"52.0";"2.0";"None";"None";"None";"None";"nan";"7.281267";"43.699932";"000KO"
"2021-67779";"2021-09-23";"1";"Vente";"390000.0";"3.0";"None";"RUE MARTIN SEYTOUR";"4085";"06300";"06088";"Nice";"06";"None";"None";"06088000KO0255";"None";"None";"32";"nan";"None";"nan";"None";"nan";"None";"nan";"None";"nan";"1";"2";"Appartement";"110.0";"3.0";"None";"None";"None";"None";"nan";"7.28274";"43.699985";"000KO"
"2021-67856";"2021-09-23";"1";"Vente";"348000.0";"19.0";"None";"RUE BONAPARTE";"0885";"06300";"06088";"Nice";"06";"None";"None";"06088000KO0050";"None";"None";"6";"nan";"None";"nan";"None";"nan";"None";"nan";"None";"nan";"1";"4";"Local industriel. commercial ou assimilé";"81.0";"0.0";"None";"None";"None";"None";"nan";"7.282933";"43.700971";"000KO"
"2021-67070";"2021-09-20";"1";"Vente";"265000.0";"9.0";"None";"RUE BONAPARTE";"0885";"06300";"06088";"Nice";"06";"None";"None";"06088000KO0045";"None";"None";"2";"39.9";"None";"nan";"None";"nan";"None";"nan";"None";"nan";"1";"4";"Local industriel. commercial ou assimilé";"30.0";"0.0";"None";"None";"None";"None";"nan";"7.282296";"43.700864";"000KO"
"2021-65995";"2021-09-17";"1";"Vente";"352000.0";"37.0";"None";"RUE BONAPARTE";"0885";"06300";"06088";"Nice";"06";"None";"None";"06088000KO0091";"None";"None";"10";"nan";"None";"nan";"None";"nan";"None";"nan";"None";"nan";"1";"2";"Appartement";"57.0";"3.0";"None";"None";"None";"None";"nan";"7.284869";"43.700777";"000KO"
"2021-66809";"2021-09-14";"1";"Vente";"405000.0";"4.0";"None";"RUE BARLA";"0610";"06300";"06088";"Nice";"06";"None";"None";"06088000KO0023";"None";"None";"11";"nan";"None";"nan";"None";"nan";"None";"nan";"None";"nan";"1";"2";"Appartement";"108.0";"5.0";"None";"None";"None";"None";"nan";"7.280562";"43.702308";"000KO"
"2021-66809";"2021-09-14";"1";"Vente";"405000.0";"4.0";"None";"RUE BARLA";"0610";"06300";"06088";"Nice";"06";"None";"None";"06088000KO0023";"None";"None";"11";"nan";"None";"nan";"None";"nan";"None";"nan";"None";"nan";"1";"3";"Dépendance";"nan";"0.0";"None";"None";"None";"None";"nan";"7.280562";"43.702308";"000KO"
"2021-65430";"2021-09-10";"1";"Vente";"271600.0";"12.0";"None";"RUE PAPON";"4690";"06300";"06088";"Nice";"06";"None";"None";"06088000KO0056";"None";"None";"15";"nan";"5";"nan";"None";"nan";"None";"nan";"None";"nan";"2";"2";"Appartement";"66.0";"3.0";"None";"None";"None";"None";"nan";"7.282511";"43.701153";"000KO"
"2021-65519";"2021-09-10";"1";"Vente";"325000.0";"34.0";"None";"RUE BONAPARTE";"0885";"06300";"06088";"Nice";"06";"None";"None";"06088000KO0170";"None";"None";"7";"nan";"None";"nan";"None";"nan";"None";"nan";"None";"nan";"1";"2";"Appartement";"64.0";"4.0";"None";"None";"None";"None";"nan";"7.284958";"43.700365";"000KO"
"2021-65633";"2021-09-10";"1";"Vente";"585000.0";"18.0";"None";"RUE FRANCOIS GUISOL";"2635";"06300";"06088";"Nice";"06";"None";"None";"06088000KO0204";"None";"None";"42";"26.92";"None";"nan";"None";"nan";"None";"nan";"None";"nan";"1";"2";"Appartement";"32.0";"2.0";"None";"None";"None";"None";"nan";"7.283611";"43.699572";"000KO"
"2021-65633";"2021-09-10";"1";"Vente";"585000.0";"18.0";"None";"RUE FRANCOIS GUISOL";"2635";"06300";"06088";"Nice";"06";"None";"None";"06088000KO0204";"None";"None";"45";"75.6";"None";"nan";"None";"nan";"None";"nan";"None";"nan";"1";"2";"Appartement";"50.0";"3.0";"None";"None";"None";"None";"nan";"7.283611";"43.699572";"000KO"
"2021-65737";"2021-09-10";"1";"Vente";"285000.0";"2.0";"None";"RUE BAVASTRO";"0670";"06300";"06088";"Nice";"06";"None";"None";"06088000KO0096";"None";"None";"7";"71.01";"None";"nan";"None";"nan";"None";"nan";"None";"nan";"1";"2";"Appartement";"69.0";"3.0";"None";"None";"None";"None";"nan";"7.285334";"43.700914";"000KO"
"2021-65430";"2021-09-10";"1";"Vente";"271600.0";"12.0";"None";"RUE PAPON";"4690";"06300";"06088";"Nice";"06";"None";"None";"06088000KO0056";"None";"None";"15";"nan";"5";"nan";"None";"nan";"None";"nan";"None";"nan";"2";"3";"Dépendance";"nan";"0.0";"None";"None";"None";"None";"nan";"7.282511";"43.701153";"000KO"
"2021-65430";"2021-09-10";"1";"Vente";"271600.0";"12.0";"None";"RUE PAPON";"4690";"06300";"06088";"Nice";"06";"None";"None";"06088000KO0056";"None";"None";"15";"nan";"5";"nan";"None";"nan";"None";"nan";"None";"nan";"2";"3";"Dépendance";"nan";"0.0";"None";"None";"None";"None";"nan";"7.282511";"43.701153";"000KO"
"2021-65633";"2021-09-10";"1";"Vente";"585000.0";"18.0";"None";"RUE FRANCOIS GUISOL";"2635";"06300";"06088";"Nice";"06";"None";"None";"06088000KO0204";"None";"None";"45";"75.6";"None";"nan";"None";"nan";"None";"nan";"None";"nan";"1";"3";"Dépendance";"nan";"0.0";"None";"None";"None";"None";"nan";"7.283611";"43.699572";"000KO"
"2021-66211";"2021-09-10";"1";"Vente";"6500000.0";"nan";"None";"RUE ARSON";"0390";"06300";"06088";"Nice";"06";"None";"None";"06088000KO0119";"None";"2";"None";"nan";"None";"nan";"None";"nan";"None";"nan";"None";"nan";"0";"None";"None";"nan";"nan";"None";"None";"None";"None";"nan";"7.286903";"43.700034";"000KO"
"2021-65808";"2021-09-09";"1";"Vente";"185000.0";"5.0";"None";"RUE ARSON";"0390";"06300";"06088";"Nice";"06";"None";"None";"06088000KO0154";"None";"None";"4";"52.28";"None";"nan";"None";"nan";"None";"nan";"None";"nan";"1";"2";"Appartement";"49.0";"2.0";"None";"None";"None";"None";"nan";"7.286313";"43.699507";"000KO"
"2021-65538";"2021-09-09";"1";"Vente";"116000.0";"11.0";"None";"PL GARIBALDI";"2785";"06300";"06088";"Nice";"06";"None";"None";"06088000KO0291";"None";"None";"23";"17.42";"None";"nan";"None";"nan";"None";"nan";"None";"nan";"1";"3";"Dépendance";"nan";"0.0";"None";"None";"None";"None";"nan";"7.280895";"43.700368";"000KO"
"2021-65745";"2021-09-08";"1";"Vente";"215000.0";"49.0";"None";"RUE BONAPARTE";"0885";"06300";"06088";"Nice";"06";"None";"None";"06088000KO0104";"None";"None";"16";"nan";"None";"nan";"None";"nan";"None";"nan";"None";"nan";"1";"2";"Appartement";"30.0";"2.0";"None";"None";"None";"None";"nan";"7.285958";"43.70065";"000KO"
"2021-66537";"2021-09-07";"1";"Vente";"300000.0";"37.0";"None";"AV DE LA REPUBLIQUE";"5435";"06300";"06088";"Nice";"06";"None";"None";"06088000KO0024";"None";"None";"34";"nan";"5";"nan";"None";"nan";"None";"nan";"None";"nan";"2";"2";"Appartement";"141.0";"5.0";"None";"None";"None";"None";"nan";"7.281179";"43.702207";"000KO"
"2021-66537";"2021-09-07";"1";"Vente";"300000.0";"37.0";"None";"AV DE LA REPUBLIQUE";"5435";"06300";"06088";"Nice";"06";"None";"None";"06088000KO0024";"None";"None";"34";"nan";"5";"nan";"None";"nan";"None";"nan";"None";"nan";"2";"3";"Dépendance";"nan";"0.0";"None";"None";"None";"None";"nan";"7.281179";"43.702207";"000KO"
"2021-66537";"2021-09-07";"1";"Vente";"300000.0";"37.0";"None";"AV DE LA REPUBLIQUE";"5435";"06300";"06088";"Nice";"06";"None";"None";"06088000KO0024";"None";"None";"34";"nan";"5";"nan";"None";"nan";"None";"nan";"None";"nan";"2";"3";"Dépendance";"nan";"0.0";"None";"None";"None";"None";"nan";"7.281179";"43.702207";"000KO"
"2021-65695";"2021-09-06";"1";"Vente";"216000.0";"2.0";"None";"RUE FODERE";"2495";"06300";"06088";"Nice";"06";"None";"None";"06088000KO0197";"None";"None";"207";"nan";"None";"nan";"None";"nan";"None";"nan";"None";"nan";"1";"2";"Appartement";"50.0";"2.0";"None";"None";"None";"None";"nan";"7.284449";"43.699004";"000KO"
"2021-64654";"2021-08-26";"1";"Vente";"280000.0";"52.0";"None";"RUE BONAPARTE";"0885";"06300";"06088";"Nice";"06";"None";"None";"06088000KO0114";"None";"None";"14";"62.75";"None";"nan";"None";"nan";"None";"nan";"None";"nan";"1";"2";"Appartement";"68.0";"4.0";"None";"None";"None";"None";"nan";"7.287025";"43.700219";"000KO"
"2021-64451";"2021-08-20";"1";"Vente";"367388.0";"22.0";"None";"RUE CASSINI";"1180";"06300";"06088";"Nice";"06";"None";"None";"06088000KO0243";"None";"None";"7";"73.07";"None";"nan";"None";"nan";"None";"nan";"None";"nan";"1";"2";"Appartement";"70.0";"2.0";"None";"None";"None";"None";"nan";"7.282832";"43.699189";"000KO"
"2021-64765";"2021-08-12";"1";"Vente";"162000.0";"12.0";"None";"RUE CASSINI";"1180";"06300";"06088";"Nice";"06";"None";"None";"06088000KO0282";"None";"None";"50";"22.5";"None";"nan";"None";"nan";"None";"nan";"None";"nan";"1";"2";"Appartement";"23.0";"2.0";"None";"None";"None";"None";"nan";"7.281709";"43.699956";"000KO"
"2021-65868";"2021-08-09";"1";"Vente";"364000.0";"3.0";"None";"RUE MARTIN SEYTOUR";"4085";"06300";"06088";"Nice";"06";"None";"None";"06088000KO0255";"None";"None";"100";"nan";"None";"nan";"None";"nan";"None";"nan";"None";"nan";"1";"2";"Appartement";"30.0";"2.0";"None";"None";"None";"None";"nan";"7.28274";"43.699985";"000KO"
"2021-65868";"2021-08-09";"1";"Vente";"364000.0";"3.0";"None";"RUE MARTIN SEYTOUR";"4085";"06300";"06088";"Nice";"06";"None";"None";"06088000KO0255";"None";"None";"52";"nan";"None";"nan";"None";"nan";"None";"nan";"None";"nan";"1";"2";"Appartement";"37.0";"1.0";"None";"None";"None";"None";"nan";"7.28274";"43.699985";"000KO"
"2021-64062";"2021-08-06";"1";"Vente";"257000.0";"5.0";"None";"RUE EMMANUEL PHILIBERT";"2295";"06300";"06088";"Nice";"06";"None";"None";"06088000KO0073";"None";"None";"20";"35.13";"None";"nan";"None";"nan";"None";"nan";"None";"nan";"1";"2";"Appartement";"34.0";"3.0";"None";"None";"None";"None";"nan";"7.283428";"43.701032";"000KO"
"2021-64330";"2021-08-06";"1";"Vente";"475000.0";"4.0";"None";"RUE MARTIN SEYTOUR";"4085";"06300";"06088";"Nice";"06";"None";"None";"06088000KO0265";"None";"None";"2";"76.29";"None";"nan";"None";"nan";"None";"nan";"None";"nan";"1";"2";"Appartement";"66.0";"2.0";"None";"None";"None";"None";"nan";"7.282374";"43.700473";"000KO"
"2021-64330";"2021-08-06";"1";"Vente";"475000.0";"7.0";"T";"RUE EMMANUEL PHILIBERT";"2295";"06300";"06088";"Nice";"06";"None";"None";"06088000KO0207";"None";"None";"46";"nan";"None";"nan";"None";"nan";"None";"nan";"None";"nan";"1";"3";"Dépendance";"nan";"0.0";"None";"None";"None";"None";"nan";"7.283659";"43.700102";"000KO"
"2021-63665";"2021-08-05";"1";"Vente";"102923.0";"1.0";"None";"RUE EMMANUEL PHILIBERT";"2295";"06300";"06088";"Nice";"06";"None";"None";"06088000KO0068";"None";"None";"29";"nan";"None";"nan";"None";"nan";"None";"nan";"None";"nan";"1";"2";"Appartement";"5.0";"1.0";"None";"None";"None";"None";"nan";"7.283737";"43.701417";"000KO"
"2021-63665";"2021-08-05";"1";"Vente";"102923.0";"1.0";"None";"RUE EMMANUEL PHILIBERT";"2295";"06300";"06088";"Nice";"06";"None";"None";"06088000KO0068";"None";"None";"30";"nan";"None";"nan";"None";"nan";"None";"nan";"None";"nan";"1";"2";"Appartement";"14.0";"1.0";"None";"None";"None";"None";"nan";"7.283737";"43.701417";"000KO"
"2021-63921";"2021-08-05";"1";"Vente";"185000.0";"16.0";"None";"PL GARIBALDI";"2785";"06300";"06088";"Nice";"06";"None";"None";"06088000KO0035";"None";"None";"31";"nan";"None";"nan";"None";"nan";"None";"nan";"None";"nan";"1";"2";"Appartement";"20.0";"1.0";"None";"None";"None";"None";"nan";"7.281299";"43.700982";"000KO"
"2021-64121";"2021-08-05";"1";"Vente";"230000.0";"36.0";"None";"RUE BONAPARTE";"0885";"06300";"06088";"Nice";"06";"None";"None";"06088000KO0169";"None";"None";"59";"nan";"None";"nan";"None";"nan";"None";"nan";"None";"nan";"1";"2";"Appartement";"48.0";"1.0";"None";"None";"None";"None";"nan";"7.285123";"43.700355";"000KO"
"2021-64298";"2021-08-05";"1";"Vente";"245000.0";"15.0";"None";"RUE EMMANUEL PHILIBERT";"2295";"06300";"06088";"Nice";"06";"None";"None";"06088000KO0224";"None";"None";"23";"49.23";"None";"nan";"None";"nan";"None";"nan";"None";"nan";"1";"2";"Appartement";"49.0";"2.0";"None";"None";"None";"None";"nan";"7.283277";"43.698802";"000KO"
"2021-63921";"2021-08-05";"1";"Vente";"185000.0";"16.0";"None";"PL GARIBALDI";"2785";"06300";"06088";"Nice";"06";"None";"None";"06088000KO0035";"None";"None";"25";"47.67";"None";"nan";"None";"nan";"None";"nan";"None";"nan";"1";"3";"Dépendance";"nan";"0.0";"None";"None";"None";"None";"nan";"7.281299";"43.700982";"000KO"
"2021-64007";"2021-08-05";"1";"Vente";"65000.0";"1.0";"None";"RUE BOYER";"0945";"06300";"06088";"Nice";"06";"None";"None";"06088000KO0061";"None";"None";"49";"nan";"None";"nan";"None";"nan";"None";"nan";"None";"nan";"1";"3";"Dépendance";"nan";"0.0";"None";"None";"None";"None";"nan";"7.282143";"43.701676";"000KO"
"2021-63556";"2021-08-02";"1";"Vente";"492450.0";"17.0";"None";"RUE FRANCOIS GUISOL";"2635";"06300";"06088";"Nice";"06";"None";"None";"06088000KO0189";"None";"None";"21";"101.44";"None";"nan";"None";"nan";"None";"nan";"None";"nan";"1";"2";"Appartement";"101.0";"4.0";"None";"None";"None";"None";"nan";"7.284277";"43.69948";"000KO"
"2021-64404";"2021-08-02";"1";"Vente";"230000.0";"19.0";"None";"RUE FODERE";"2495";"06300";"06088";"Nice";"06";"None";"None";"06088000KO0131";"None";"None";"185";"56.6";"92";"nan";"None";"nan";"None";"nan";"None";"nan";"2";"2";"Appartement";"59.0";"2.0";"None";"None";"None";"None";"nan";"7.286876";"43.699236";"000KO"
"2021-64708";"2021-08-02";"1";"Vente";"160000.0";"6.0";"T";"RUE LASCARIS";"3570";"06300";"06088";"Nice";"06";"None";"None";"06088000KO0151";"None";"None";"30";"45.21";"None";"nan";"None";"nan";"None";"nan";"None";"nan";"1";"2";"Appartement";"42.0";"2.0";"None";"None";"None";"None";"nan";"7.285555";"43.699712";"000KO"
"2021-63556";"2021-08-02";"1";"Vente";"492450.0";"17.0";"None";"RUE FRANCOIS GUISOL";"2635";"06300";"06088";"Nice";"06";"None";"None";"06088000KO0189";"None";"None";"21";"101.44";"None";"nan";"None";"nan";"None";"nan";"None";"nan";"1";"3";"Dépendance";"nan";"0.0";"None";"None";"None";"None";"nan";"7.284277";"43.69948";"000KO"
"2021-64404";"2021-08-02";"1";"Vente";"230000.0";"19.0";"None";"RUE FODERE";"2495";"06300";"06088";"Nice";"06";"None";"None";"06088000KO0131";"None";"None";"185";"56.6";"92";"nan";"None";"nan";"None";"nan";"None";"nan";"2";"3";"Dépendance";"nan";"0.0";"None";"None";"None";"None";"nan";"7.286876";"43.699236";"000KO"
"2021-64640";"2021-07-30";"1";"Vente";"113640.0";"3.0";"None";"RUE ANTOINE GAUTIER";"0265";"06300";"06088";"Nice";"06";"None";"None";"06088000KO0237";"None";"None";"15";"13.45";"25";"nan";"None";"nan";"None";"nan";"None";"nan";"2";"2";"Appartement";"14.0";"1.0";"None";"None";"None";"None";"nan";"7.282394";"43.698933";"000KO"
"2021-63795";"2021-07-30";"1";"Vente";"40000.0";"8.0";"None";"RUE ARSON";"0390";"06300";"06088";"Nice";"06";"None";"None";"06088000KO0131";"None";"None";"135";"nan";"None";"nan";"None";"nan";"None";"nan";"None";"nan";"1";"3";"Dépendance";"nan";"0.0";"None";"None";"None";"None";"nan";"7.286876";"43.699236";"000KO"
"2021-64052";"2021-07-29";"1";"Vente";"105000.0";"3.0";"None";"RUE ANTOINE GAUTIER";"0265";"06300";"06088";"Nice";"06";"None";"None";"06088000KO0237";"None";"None";"34";"nan";"35";"nan";"None";"nan";"None";"nan";"None";"nan";"2";"2";"Appartement";"22.0";"1.0";"None";"None";"None";"None";"nan";"7.282394";"43.698933";"000KO"
"2021-63395";"2021-07-28";"1";"Vente";"125000.0";"54.0";"None";"AV DE LA REPUBLIQUE";"5435";"06300";"06088";"Nice";"06";"None";"None";"06088000KO0018";"None";"None";"10";"22.43";"None";"nan";"None";"nan";"None";"nan";"None";"nan";"1";"4";"Local industriel. commercial ou assimilé";"23.0";"0.0";"None";"None";"None";"None";"nan";"7.280415";"43.701997";"000KO"
"2021-63354";"2021-07-27";"1";"Vente";"286252.0";"6.0";"B";"RUE LASCARIS";"3570";"06300";"06088";"Nice";"06";"None";"None";"06088000KO0152";"None";"None";"19";"nan";"3";"48.1";"None";"nan";"None";"nan";"None";"nan";"2";"2";"Appartement";"52.0";"3.0";"None";"None";"None";"None";"nan";"7.285788";"43.699683";"000KO"
"2021-64409";"2021-07-27";"1";"Vente";"243650.0";"5.0";"None";"RUE PAPON";"4690";"06300";"06088";"Nice";"06";"None";"None";"06088000KO0061";"None";"None";"97";"nan";"98";"28.8";"None";"nan";"None";"nan";"None";"nan";"2";"2";"Appartement";"95.0";"5.0";"None";"None";"None";"None";"nan";"7.282143";"43.701676";"000KO"
"2021-63354";"2021-07-27";"1";"Vente";"286252.0";"6.0";"B";"RUE LASCARIS";"3570";"06300";"06088";"Nice";"06";"None";"None";"06088000KO0152";"None";"None";"19";"nan";"3";"48.1";"None";"nan";"None";"nan";"None";"nan";"2";"3";"Dépendance";"nan";"0.0";"None";"None";"None";"None";"nan";"7.285788";"43.699683";"000KO"
"2021-64409";"2021-07-27";"1";"Vente";"243650.0";"5.0";"None";"RUE PAPON";"4690";"06300";"06088";"Nice";"06";"None";"None";"06088000KO0061";"None";"None";"97";"nan";"98";"28.8";"None";"nan";"None";"nan";"None";"nan";"2";"3";"Dépendance";"nan";"0.0";"None";"None";"None";"None";"nan";"7.282143";"43.701676";"000KO"
"2021-64006";"2021-07-22";"1";"Vente";"185000.0";"10.0";"None";"RUE FODERE";"2495";"06300";"06088";"Nice";"06";"None";"None";"06088000KO0144";"None";"None";"4";"39.66";"None";"nan";"None";"nan";"None";"nan";"None";"nan";"1";"2";"Appartement";"49.0";"2.0";"None";"None";"None";"None";"nan";"7.285931";"43.698953";"000KO"
"2021-64039";"2021-07-22";"1";"Vente";"427500.0";"11.0";"None";"RUE EMMANUEL PHILIBERT";"2295";"06300";"06088";"Nice";"06";"None";"None";"06088000KO0401";"None";"None";"4";"82.09";"None";"nan";"None";"nan";"None";"nan";"None";"nan";"1";"2";"Appartement";"76.0";"3.0";"None";"None";"None";"None";"nan";"7.283427";"43.699404";"000KO"
"2021-63520";"2021-07-19";"1";"Vente";"315000.0";"15.0";"None";"RUE BONAPARTE";"0885";"06300";"06088";"Nice";"06";"None";"None";"06088000KO0048";"None";"None";"12";"nan";"None";"nan";"None";"nan";"None";"nan";"None";"nan";"1";"2";"Appartement";"49.0";"2.0";"None";"None";"None";"None";"nan";"7.282666";"43.700976";"000KO"
"2021-63326";"2021-07-16";"1";"Vente";"391800.0";"16.0";"B";"PL GARIBALDI";"2785";"06300";"06088";"Nice";"06";"None";"None";"06088000KO0035";"None";"None";"74";"68.06";"None";"nan";"None";"nan";"None";"nan";"None";"nan";"1";"2";"Appartement";"60.0";"3.0";"None";"None";"None";"None";"nan";"7.281299";"43.700982";"000KO"
"2021-62811";"2021-07-15";"1";"Vente";"735000.0";"9.0";"None";"RUE FODERE";"2495";"06300";"06088";"Nice";"06";"None";"None";"06088000KO0194";"None";"None";"128";"145.49";"None";"nan";"None";"nan";"None";"nan";"None";"nan";"1";"2";"Appartement";"148.0";"5.0";"None";"None";"None";"None";"nan";"7.284976";"43.69947";"000KO"
"2021-64094";"2021-07-15";"1";"Vente";"370000.0";"8.0";"None";"RUE ARSON";"0390";"06300";"06088";"Nice";"06";"None";"None";"06088000KO0131";"None";"None";"183";"88.86";"None";"nan";"None";"nan";"None";"nan";"None";"nan";"1";"2";"Appartement";"92.0";"4.0";"None";"None";"None";"None";"nan";"7.286876";"43.699236";"000KO"
"2021-64188";"2021-07-15";"1";"Vente";"475000.0";"1.0";"None";"PL GARIBALDI";"2785";"06300";"06088";"Nice";"06";"None";"None";"06088000KO0004";"None";"None";"40";"111.27";"None";"nan";"None";"nan";"None";"nan";"None";"nan";"1";"2";"Appartement";"102.0";"4.0";"None";"None";"None";"None";"nan";"7.279095";"43.701087";"000KO"
"2021-64094";"2021-07-15";"1";"Vente";"370000.0";"8.0";"None";"RUE ARSON";"0390";"06300";"06088";"Nice";"06";"None";"None";"06088000KO0131";"None";"None";"183";"88.86";"None";"nan";"None";"nan";"None";"nan";"None";"nan";"1";"3";"Dépendance";"nan";"0.0";"None";"None";"None";"None";"nan";"7.286876";"43.699236";"000KO"
"2021-62887";"2021-07-09";"1";"Vente";"218000.0";"4.0";"None";"RUE BARLA";"0610";"06300";"06088";"Nice";"06";"None";"None";"06088000KO0023";"None";"None";"40";"41.49";"None";"nan";"None";"nan";"None";"nan";"None";"nan";"1";"2";"Appartement";"47.0";"2.0";"None";"None";"None";"None";"nan";"7.280562";"43.702308";"000KO"
"2021-63478";"2021-07-08";"1";"Vente";"680000.0";"36.0";"None";"RUE CATHERINE SEGURANE";"1192";"06300";"06088";"Nice";"06";"None";"None";"06088000KO0226";"None";"None";"53";"138.75";"None";"nan";"None";"nan";"None";"nan";"None";"nan";"1";"4";"Local industriel. commercial ou assimilé";"79.0";"0.0";"None";"None";"None";"None";"nan";"7.282808";"43.697973";"000KO"
"2021-62162";"2021-07-05";"1";"Vente";"167925.0";"11.0";"None";"RUE PAPON";"4690";"06300";"06088";"Nice";"06";"None";"None";"06088000KO0356";"None";"None";"260";"23.59";"None";"nan";"None";"nan";"None";"nan";"None";"nan";"1";"2";"Appartement";"24.0";"1.0";"None";"None";"None";"None";"nan";"7.283146";"43.701514";"000KO"
"2021-62162";"2021-07-05";"1";"Vente";"167925.0";"11.0";"None";"RUE PAPON";"4690";"06300";"06088";"Nice";"06";"None";"None";"06088000KO0356";"None";"None";"260";"23.59";"None";"nan";"None";"nan";"None";"nan";"None";"nan";"1";"3";"Dépendance";"nan";"0.0";"None";"None";"None";"None";"nan";"7.283146";"43.701514";"000KO"
"2021-62041";"2021-07-02";"1";"Vente";"315320.0";"14.0";"None";"RUE PAPON";"4690";"06300";"06088";"Nice";"06";"None";"None";"06088000KO0055";"None";"None";"11";"nan";"3";"nan";"None";"nan";"None";"nan";"None";"nan";"2";"2";"Appartement";"72.0";"5.0";"None";"None";"None";"None";"nan";"7.282693";"43.701134";"000KO"
"2021-62041";"2021-07-02";"1";"Vente";"315320.0";"14.0";"None";"RUE PAPON";"4690";"06300";"06088";"Nice";"06";"None";"None";"06088000KO0055";"None";"None";"11";"nan";"3";"nan";"None";"nan";"None";"nan";"None";"nan";"2";"3";"Dépendance";"nan";"0.0";"None";"None";"None";"None";"nan";"7.282693";"43.701134";"000KO"
"2021-62041";"2021-07-02";"1";"Vente";"315320.0";"14.0";"None";"RUE PAPON";"4690";"06300";"06088";"Nice";"06";"None";"None";"06088000KO0055";"None";"None";"11";"nan";"3";"nan";"None";"nan";"None";"nan";"None";"nan";"2";"3";"Dépendance";"nan";"0.0";"None";"None";"None";"None";"nan";"7.282693";"43.701134";"000KO"
"2021-61786";"2021-07-01";"1";"Vente";"227000.0";"1.0";"None";"RUE CASSINI";"1180";"06300";"06088";"Nice";"06";"None";"None";"06088000KO0273";"None";"None";"45";"nan";"None";"nan";"None";"nan";"None";"nan";"None";"nan";"1";"2";"Appartement";"33.0";"2.0";"None";"None";"None";"None";"nan";"7.281565";"43.700511";"000KO"
"2021-62518";"2021-07-01";"1";"Vente";"635000.0";"2.0";"None";"RUE BAVASTRO";"0670";"06300";"06088";"Nice";"06";"None";"None";"06088000KO0096";"None";"None";"1";"nan";"None";"nan";"None";"nan";"None";"nan";"None";"nan";"1";"4";"Local industriel. commercial ou assimilé";"160.0";"0.0";"None";"None";"None";"None";"nan";"7.285334";"43.700914";"000KO"
"2021-61758";"2021-06-30";"1";"Vente";"307200.0";"7.0";"B";"RUE EMMANUEL PHILIBERT";"2295";"06300";"06088";"Nice";"06";"None";"None";"06088000KO0212";"None";"None";"10";"66.91";"None";"nan";"None";"nan";"None";"nan";"None";"nan";"1";"2";"Appartement";"67.0";"3.0";"None";"None";"None";"None";"nan";"7.283452";"43.70043";"000KO"
"2021-61758";"2021-06-30";"1";"Vente";"307200.0";"7.0";"B";"RUE EMMANUEL PHILIBERT";"2295";"06300";"06088";"Nice";"06";"None";"None";"06088000KO0212";"None";"None";"10";"66.91";"None";"nan";"None";"nan";"None";"nan";"None";"nan";"1";"3";"Dépendance";"nan";"0.0";"None";"None";"None";"None";"nan";"7.283452";"43.70043";"000KO"
"2021-62959";"2021-06-28";"1";"Vente";"415000.0";"11.0";"None";"RUE EMMANUEL PHILIBERT";"2295";"06300";"06088";"Nice";"06";"None";"None";"06088000KO0401";"None";"None";"9";"100.15";"None";"nan";"None";"nan";"None";"nan";"None";"nan";"1";"2";"Appartement";"103.0";"4.0";"None";"None";"None";"None";"nan";"7.283427";"43.699404";"000KO"
"2021-61712";"2021-06-23";"1";"Vente";"355000.0";"1.0";"None";"RUE LASCARIS";"3570";"06300";"06088";"Nice";"06";"None";"None";"06088000KO0124";"None";"None";"6";"71.61";"None";"nan";"None";"nan";"None";"nan";"None";"nan";"1";"2";"Appartement";"69.0";"4.0";"None";"None";"None";"None";"nan";"7.28723";"43.699815";"000KO"
"2021-61752";"2021-06-22";"1";"Vente";"250000.0";"16.0";"B";"PL GARIBALDI";"2785";"06300";"06088";"Nice";"06";"None";"None";"06088000KO0035";"None";"None";"63";"60.54";"None";"nan";"None";"nan";"None";"nan";"None";"nan";"1";"2";"Appartement";"60.0";"3.0";"None";"None";"None";"None";"nan";"7.281299";"43.700982";"000KO"
"2021-61200";"2021-06-17";"1";"Vente";"145000.0";"9.0";"T";"RUE EMMANUEL PHILIBERT";"2295";"06300";"06088";"Nice";"06";"None";"None";"06088000KO0207";"None";"None";"442";"27.59";"None";"nan";"None";"nan";"None";"nan";"None";"nan";"1";"2";"Appartement";"28.0";"1.0";"None";"None";"None";"None";"nan";"7.283659";"43.700102";"000KO"
"2021-61247";"2021-06-17";"1";"Vente";"170000.0";"14.0";"B";"RUE FRANCOIS GUISOL";"2635";"06300";"06088";"Nice";"06";"None";"None";"06088000KO0207";"None";"None";"353";"nan";"531";"30.11";"None";"nan";"None";"nan";"None";"nan";"2";"2";"Appartement";"29.0";"1.0";"None";"None";"None";"None";"nan";"7.283659";"43.700102";"000KO"
"2021-62145";"2021-06-17";"1";"Vente";"224000.0";"2.0";"None";"RUE BAVASTRO";"0670";"06300";"06088";"Nice";"06";"None";"None";"06088000KO0096";"None";"None";"20";"33.36";"None";"nan";"None";"nan";"None";"nan";"None";"nan";"1";"2";"Appartement";"30.0";"1.0";"None";"None";"None";"None";"nan";"7.285334";"43.700914";"000KO"
"2021-61200";"2021-06-17";"1";"Vente";"145000.0";"7.0";"T";"RUE EMMANUEL PHILIBERT";"2295";"06300";"06088";"Nice";"06";"None";"None";"06088000KO0207";"None";"None";"261";"nan";"None";"nan";"None";"nan";"None";"nan";"None";"nan";"1";"3";"Dépendance";"nan";"0.0";"None";"None";"None";"None";"nan";"7.283659";"43.700102";"000KO"
"2021-61566";"2021-06-17";"1";"Vente";"54000.0";"7.0";"T";"RUE EMMANUEL PHILIBERT";"2295";"06300";"06088";"Nice";"06";"None";"None";"06088000KO0207";"None";"None";"133";"nan";"None";"nan";"None";"nan";"None";"nan";"None";"nan";"1";"3";"Dépendance";"nan";"0.0";"None";"None";"None";"None";"nan";"7.283659";"43.700102";"000KO"
"2021-61578";"2021-06-17";"1";"Vente";"60000.0";"7.0";"T";"RUE EMMANUEL PHILIBERT";"2295";"06300";"06088";"Nice";"06";"None";"None";"06088000KO0207";"None";"None";"104";"nan";"None";"nan";"None";"nan";"None";"nan";"None";"nan";"1";"3";"Dépendance";"nan";"0.0";"None";"None";"None";"None";"nan";"7.283659";"43.700102";"000KO"
"2021-61342";"2021-06-16";"1";"Vente";"672000.0";"9.0";"None";"RUE FODERE";"2495";"06300";"06088";"Nice";"06";"None";"None";"06088000KO0194";"None";"None";"147";"nan";"None";"nan";"None";"nan";"None";"nan";"None";"nan";"1";"2";"Appartement";"50.0";"2.0";"None";"None";"None";"None";"nan";"7.284976";"43.69947";"000KO"
"2021-61342";"2021-06-16";"1";"Vente";"672000.0";"9.0";"None";"RUE FODERE";"2495";"06300";"06088";"Nice";"06";"None";"None";"06088000KO0194";"None";"None";"147";"nan";"None";"nan";"None";"nan";"None";"nan";"None";"nan";"1";"3";"Dépendance";"nan";"0.0";"None";"None";"None";"None";"nan";"7.284976";"43.69947";"000KO"
"2021-60740";"2021-06-14";"1";"Vente";"297540.0";"45.0";"None";"RUE BONAPARTE";"0885";"06300";"06088";"Nice";"06";"None";"None";"06088000KO0099";"None";"None";"8";"43.08";"None";"nan";"None";"nan";"None";"nan";"None";"nan";"1";"2";"Appartement";"42.0";"3.0";"None";"None";"None";"None";"nan";"7.285678";"43.700636";"000KO"
"2021-61179";"2021-06-14";"1";"Vente";"385000.0";"5.0";"None";"RUE PAPON";"4690";"06300";"06088";"Nice";"06";"None";"None";"06088000KO0061";"None";"None";"85";"nan";"9";"nan";"None";"nan";"None";"nan";"None";"nan";"2";"2";"Appartement";"61.0";"2.0";"None";"None";"None";"None";"nan";"7.282143";"43.701676";"000KO"
"2021-61179";"2021-06-14";"1";"Vente";"385000.0";"5.0";"None";"RUE PAPON";"4690";"06300";"06088";"Nice";"06";"None";"None";"06088000KO0061";"None";"None";"85";"nan";"9";"nan";"None";"nan";"None";"nan";"None";"nan";"2";"3";"Dépendance";"nan";"0.0";"None";"None";"None";"None";"nan";"7.282143";"43.701676";"000KO"
"2021-60547";"2021-06-11";"1";"Vente";"200000.0";"37.0";"None";"RUE BONAPARTE";"0885";"06300";"06088";"Nice";"06";"None";"None";"06088000KO0091";"None";"None";"9";"65.69";"None";"nan";"None";"nan";"None";"nan";"None";"nan";"1";"2";"Appartement";"60.0";"4.0";"None";"None";"None";"None";"nan";"7.284869";"43.700777";"000KO"
"2021-60880";"2021-06-11";"1";"Vente";"273244.0";"51.0";"None";"RUE BONAPARTE";"0885";"06300";"06088";"Nice";"06";"None";"None";"06088000KO0105";"None";"None";"4";"52.0";"None";"nan";"None";"nan";"None";"nan";"None";"nan";"1";"2";"Appartement";"54.0";"2.0";"None";"None";"None";"None";"nan";"7.286145";"43.70062";"000KO"
"2021-60547";"2021-06-11";"1";"Vente";"200000.0";"37.0";"None";"RUE BONAPARTE";"0885";"06300";"06088";"Nice";"06";"None";"None";"06088000KO0091";"None";"None";"9";"65.69";"None";"nan";"None";"nan";"None";"nan";"None";"nan";"1";"3";"Dépendance";"nan";"0.0";"None";"None";"None";"None";"nan";"7.284869";"43.700777";"000KO"
"2021-61314";"2021-06-11";"1";"Vente";"56000.0";"6.0";"None";"RUE BOYER";"0945";"06300";"06088";"Nice";"06";"None";"None";"06088000KO0034";"None";"None";"20";"nan";"None";"nan";"None";"nan";"None";"nan";"None";"nan";"1";"3";"Dépendance";"nan";"0.0";"None";"None";"None";"None";"nan";"7.281721";"43.701093";"000KO"
"2021-60547";"2021-06-11";"1";"Vente";"200000.0";"37.0";"None";"RUE BONAPARTE";"0885";"06300";"06088";"Nice";"06";"None";"None";"06088000KO0091";"None";"None";"3";"nan";"None";"nan";"None";"nan";"None";"nan";"None";"nan";"1";"4";"Local industriel. commercial ou assimilé";"48.0";"0.0";"None";"None";"None";"None";"nan";"7.284869";"43.700777";"000KO"
"2021-60635";"2021-06-09";"1";"Vente";"335000.0";"2.0";"None";"RUE BOYER";"0945";"06300";"06088";"Nice";"06";"None";"None";"06088000KO0025";"None";"None";"344";"nan";"56";"nan";"None";"nan";"None";"nan";"None";"nan";"2";"2";"Appartement";"91.0";"4.0";"None";"None";"None";"None";"nan";"7.281466";"43.701959";"000KO"
"2021-61122";"2021-06-09";"1";"Vente";"165000.0";"5.0";"None";"RUE LASCARIS";"3570";"06300";"06088";"Nice";"06";"None";"None";"06088000KO0121";"None";"None";"9";"45.68";"None";"nan";"None";"nan";"None";"nan";"None";"nan";"1";"2";"Appartement";"45.0";"3.0";"None";"None";"None";"None";"nan";"7.28679";"43.699861";"000KO"
"2021-60635";"2021-06-09";"1";"Vente";"335000.0";"2.0";"None";"RUE BOYER";"0945";"06300";"06088";"Nice";"06";"None";"None";"06088000KO0025";"None";"None";"468";"nan";"None";"nan";"None";"nan";"None";"nan";"None";"nan";"1";"3";"Dépendance";"nan";"0.0";"None";"None";"None";"None";"nan";"7.281466";"43.701959";"000KO"
"2021-60635";"2021-06-09";"1";"Vente";"335000.0";"2.0";"None";"RUE BOYER";"0945";"06300";"06088";"Nice";"06";"None";"None";"06088000KO0025";"None";"None";"344";"nan";"56";"nan";"None";"nan";"None";"nan";"None";"nan";"2";"3";"Dépendance";"nan";"0.0";"None";"None";"None";"None";"nan";"7.281466";"43.701959";"000KO"
"2021-59732";"2021-05-31";"1";"Vente";"31500.0";"10.0";"None";"RUE PAPON";"4690";"06300";"06088";"Nice";"06";"None";"None";"06088000KO0057";"None";"None";"28";"nan";"None";"nan";"None";"nan";"None";"nan";"None";"nan";"1";"3";"Dépendance";"nan";"0.0";"None";"None";"None";"None";"nan";"7.282334";"43.701195";"000KO"
"2021-60028";"2021-05-28";"1";"Vente";"110000.0";"3.0";"None";"RUE BAVASTRO";"0670";"06300";"06088";"Nice";"06";"None";"None";"06088000KO0101";"None";"None";"3";"41.52";"None";"nan";"None";"nan";"None";"nan";"None";"nan";"1";"2";"Appartement";"41.0";"3.0";"None";"None";"None";"None";"nan";"7.285784";"43.700725";"000KO"
"2021-61038";"2021-05-28";"1";"Vente";"365000.0";"14.0";"None";"RUE LASCARIS";"3570";"06300";"06088";"Nice";"06";"None";"None";"06088000KO0185";"None";"None";"14";"nan";"93";"80.04";"None";"nan";"None";"nan";"None";"nan";"2";"2";"Appartement";"78.0";"3.0";"None";"None";"None";"None";"nan";"7.284693";"43.699689";"000KO"
"2021-61038";"2021-05-28";"1";"Vente";"365000.0";"14.0";"None";"RUE LASCARIS";"3570";"06300";"06088";"Nice";"06";"None";"None";"06088000KO0185";"None";"None";"14";"nan";"93";"80.04";"None";"nan";"None";"nan";"None";"nan";"2";"3";"Dépendance";"nan";"0.0";"None";"None";"None";"None";"nan";"7.284693";"43.699689";"000KO"
"2021-60600";"2021-05-28";"1";"Vente";"50000.0";"4.0";"None";"RUE LASCARIS";"3570";"06300";"06088";"Nice";"06";"None";"None";"06088000KO0127";"None";"None";"27";"55.24";"None";"nan";"None";"nan";"None";"nan";"None";"nan";"1";"4";"Local industriel. commercial ou assimilé";"50.0";"0.0";"None";"None";"None";"None";"nan";"7.286779";"43.699575";"000KO"
"2021-60044";"2021-05-27";"1";"Vente";"353700.0";"42.0";"None";"RUE BONAPARTE";"0885";"06300";"06088";"Nice";"06";"None";"None";"06088000KO0161";"None";"None";"16";"63.32";"None";"nan";"None";"nan";"None";"nan";"None";"nan";"1";"2";"Appartement";"63.0";"2.0";"None";"None";"None";"None";"nan";"7.285774";"43.700272";"000KO"
"2021-60044";"2021-05-27";"1";"Vente";"353700.0";"42.0";"None";"RUE BONAPARTE";"0885";"06300";"06088";"Nice";"06";"None";"None";"06088000KO0161";"None";"None";"16";"63.32";"None";"nan";"None";"nan";"None";"nan";"None";"nan";"1";"3";"Dépendance";"nan";"0.0";"None";"None";"None";"None";"nan";"7.285774";"43.700272";"000KO"
"2021-59925";"2021-05-21";"1";"Vente";"712500.0";"36.0";"None";"RUE CATHERINE SEGURANE";"1192";"06300";"06088";"Nice";"06";"None";"None";"06088000KO0226";"None";"None";"17";"nan";"20";"nan";"5";"135.05";"None";"nan";"None";"nan";"3";"2";"Appartement";"154.0";"5.0";"None";"None";"None";"None";"nan";"7.282808";"43.697973";"000KO"
"2021-60229";"2021-05-21";"1";"Vente";"206850.0";"4.0";"None";"PAS CATHERINE SEGURANE";"1191";"06300";"06088";"Nice";"06";"None";"None";"06088000KO0281";"None";"None";"5";"nan";"9";"36.4";"None";"nan";"None";"nan";"None";"nan";"2";"2";"Appartement";"44.0";"3.0";"None";"None";"None";"None";"nan";"7.28161";"43.699922";"000KO"
"2021-59925";"2021-05-21";"1";"Vente";"712500.0";"36.0";"None";"RUE CATHERINE SEGURANE";"1192";"06300";"06088";"Nice";"06";"None";"None";"06088000KO0226";"None";"None";"17";"nan";"20";"nan";"5";"135.05";"None";"nan";"None";"nan";"3";"3";"Dépendance";"nan";"0.0";"None";"None";"None";"None";"nan";"7.282808";"43.697973";"000KO"
"2021-60306";"2021-05-21";"1";"Vente";"75000.0";"12.0";"None";"RUE FRANCOIS GUISOL";"2635";"06300";"06088";"Nice";"06";"None";"None";"06088000KO0207";"None";"None";"587";"nan";"None";"nan";"None";"nan";"None";"nan";"None";"nan";"1";"4";"Local industriel. commercial ou assimilé";"27.0";"0.0";"None";"None";"None";"None";"nan";"7.283659";"43.700102";"000KO"
"2021-59963";"2021-05-20";"1";"Vente";"204000.0";"12.0";"None";"RUE LASCARIS";"3570";"06300";"06088";"Nice";"06";"None";"None";"06088000KO0184";"None";"None";"2";"nan";"None";"nan";"None";"nan";"None";"nan";"None";"nan";"1";"2";"Appartement";"40.0";"3.0";"None";"None";"None";"None";"nan";"7.284841";"43.699751";"000KO"
"2021-58840";"2021-05-17";"1";"Vente";"145000.0";"1.0";"None";"PL ILE DE BEAUTE";"3265";"06300";"06088";"Nice";"06";"None";"None";"06088000KO0143";"None";"None";"100";"28.18";"None";"nan";"None";"nan";"None";"nan";"None";"nan";"1";"2";"Appartement";"28.0";"1.0";"None";"None";"None";"None";"nan";"7.286121";"43.698823";"000KO"
"2021-59304";"2021-05-17";"1";"Vente";"280952.0";"3.0";"None";"AV SAINT SEBASTIEN";"5945";"06300";"06088";"Nice";"06";"None";"None";"06088000KO0003";"None";"None";"11";"78.77";"None";"nan";"None";"nan";"None";"nan";"None";"nan";"1";"2";"Appartement";"80.0";"5.0";"None";"None";"None";"None";"nan";"7.279047";"43.70083";"000KO"
"2021-59421";"2021-05-12";"1";"Vente";"79000.0";"2.0";"None";"RUE FRANCOIS GUISOL";"2635";"06300";"06088";"Nice";"06";"None";"None";"06088000KO0071";"None";"None";"48";"10.01";"None";"nan";"None";"nan";"None";"nan";"None";"nan";"1";"2";"Appartement";"14.0";"1.0";"None";"None";"None";"None";"nan";"7.284112";"43.701239";"000KO"
"2021-59593";"2021-05-12";"1";"Vente";"85000.0";"8.0";"None";"RUE LASCARIS";"3570";"06300";"06088";"Nice";"06";"None";"None";"06088000KO0319";"None";"None";"11";"nan";"None";"nan";"None";"nan";"None";"nan";"None";"nan";"1";"2";"Appartement";"17.0";"1.0";"None";"None";"None";"None";"nan";"7.285167";"43.699768";"000KO"
"2021-60162";"2021-05-12";"1";"Vente";"450000.0";"12.0";"None";"RUE FODERE";"2495";"06300";"06088";"Nice";"06";"None";"None";"06088000KO0143";"None";"None";"149";"nan";"None";"nan";"None";"nan";"None";"nan";"None";"nan";"1";"2";"Appartement";"21.0";"1.0";"None";"None";"None";"None";"nan";"7.286121";"43.698823";"000KO"
"2021-60162";"2021-05-12";"1";"Vente";"450000.0";"12.0";"None";"RUE FODERE";"2495";"06300";"06088";"Nice";"06";"None";"None";"06088000KO0143";"None";"None";"145";"nan";"77";"nan";"78";"nan";"None";"nan";"None";"nan";"3";"2";"Appartement";"69.0";"3.0";"None";"None";"None";"None";"nan";"7.286121";"43.698823";"000KO"
"2021-58764";"2021-05-12";"1";"Vente";"35000.0";"16.0";"None";"RUE FODERE";"2495";"06300";"06088";"Nice";"06";"None";"None";"06088000KO0134";"None";"None";"90";"nan";"None";"nan";"None";"nan";"None";"nan";"None";"nan";"1";"3";"Dépendance";"nan";"0.0";"None";"None";"None";"None";"nan";"7.286825";"43.698829";"000KO"
"2021-60162";"2021-05-12";"1";"Vente";"450000.0";"12.0";"None";"RUE FODERE";"2495";"06300";"06088";"Nice";"06";"None";"None";"06088000KO0143";"None";"None";"43";"nan";"None";"nan";"None";"nan";"None";"nan";"None";"nan";"1";"3";"Dépendance";"nan";"0.0";"None";"None";"None";"None";"nan";"7.286121";"43.698823";"000KO"
"2021-59084";"2021-05-10";"1";"Vente";"344000.0";"12.0";"None";"RUE EMMANUEL PHILIBERT";"2295";"06300";"06088";"Nice";"06";"None";"None";"06088000KO0257";"None";"None";"20";"68.08";"None";"nan";"None";"nan";"None";"nan";"None";"nan";"1";"2";"Appartement";"65.0";"4.0";"None";"None";"None";"None";"nan";"7.282991";"43.699873";"000KO"
"2021-58819";"2021-05-03";"1";"Vente";"163100.0";"34.0";"None";"RUE BARLA";"0610";"06300";"06088";"Nice";"06";"None";"None";"06088000KO0106";"None";"None";"5";"31.45";"None";"nan";"None";"nan";"None";"nan";"None";"nan";"1";"2";"Appartement";"34.0";"2.0";"None";"None";"None";"None";"nan";"7.28614";"43.700732";"000KO"
"2021-58817";"2021-04-30";"1";"Vente";"490000.0";"13.0";"None";"RUE EMMANUEL PHILIBERT";"2295";"06300";"06088";"Nice";"06";"None";"None";"06088000KO0218";"None";"None";"3";"nan";"None";"nan";"None";"nan";"None";"nan";"None";"nan";"1";"2";"Appartement";"24.0";"1.0";"None";"None";"None";"None";"nan";"7.283284";"43.698883";"000KO"
"2021-58817";"2021-04-30";"1";"Vente";"490000.0";"13.0";"None";"RUE EMMANUEL PHILIBERT";"2295";"06300";"06088";"Nice";"06";"None";"None";"06088000KO0218";"None";"None";"2";"84.01";"None";"nan";"None";"nan";"None";"nan";"None";"nan";"1";"2";"Appartement";"60.0";"3.0";"None";"None";"None";"None";"nan";"7.283284";"43.698883";"000KO"
"2021-58286";"2021-04-23";"1";"Vente";"178200.0";"6.0";"None";"BD LECH WALESA";"3588";"06300";"06088";"Nice";"06";"None";"None";"06088000KO0118";"None";"None";"17";"nan";"None";"nan";"None";"nan";"None";"nan";"None";"nan";"1";"2";"Appartement";"35.0";"2.0";"None";"None";"None";"None";"nan";"7.287166";"43.700014";"000KO"
"2021-58255";"2021-04-21";"1";"Vente";"573100.0";"2.0";"None";"RUE FODERE";"2495";"06300";"06088";"Nice";"06";"None";"None";"06088000KO0197";"None";"None";"223";"nan";"None";"nan";"None";"nan";"None";"nan";"None";"nan";"1";"2";"Appartement";"80.0";"3.0";"None";"None";"None";"None";"nan";"7.284449";"43.699004";"000KO"
"2021-58255";"2021-04-21";"1";"Vente";"573100.0";"2.0";"None";"RUE FODERE";"2495";"06300";"06088";"Nice";"06";"None";"None";"06088000KO0197";"None";"None";"229";"nan";"None";"nan";"None";"nan";"None";"nan";"None";"nan";"1";"3";"Dépendance";"nan";"0.0";"None";"None";"None";"None";"nan";"7.284449";"43.699004";"000KO"
"2021-57959";"2021-04-21";"1";"Vente";"330000.0";"10.0";"None";"RUE EMMANUEL PHILIBERT";"2295";"06300";"06088";"Nice";"06";"None";"None";"06088000KO0258";"None";"None";"1";"59.7";"None";"nan";"None";"nan";"None";"nan";"None";"nan";"1";"4";"Local industriel. commercial ou assimilé";"44.0";"0.0";"None";"None";"None";"None";"nan";"7.283057";"43.700067";"000KO"
"2021-57916";"2021-04-20";"1";"Vente";"35000.0";"11.0";"None";"RUE PAPON";"4690";"06300";"06088";"Nice";"06";"None";"None";"06088000KO0356";"None";"None";"105";"nan";"None";"nan";"None";"nan";"None";"nan";"None";"nan";"1";"3";"Dépendance";"nan";"0.0";"None";"None";"None";"None";"nan";"7.283146";"43.701514";"000KO"
"2021-57485";"2021-04-15";"1";"Vente";"95000.0";"2.0";"None";"RUE EMMANUEL PHILIBERT";"2295";"06300";"06088";"Nice";"06";"None";"None";"06088000KO0356";"None";"None";"229";"24.81";"None";"nan";"None";"nan";"None";"nan";"None";"nan";"1";"2";"Appartement";"24.0";"1.0";"None";"None";"None";"None";"nan";"7.283146";"43.701514";"000KO"
"2021-57525";"2021-04-02";"1";"Vente";"1585000.0";"11.0";"None";"PL GARIBALDI";"2785";"06300";"06088";"Nice";"06";"None";"None";"06088000KO0291";"None";"None";"49";"29.21";"50";"21.72";"51";"18.13";"52";"18.02";"53";"11.91";"8";"2";"Appartement";"33.0";"2.0";"None";"None";"None";"None";"nan";"7.280895";"43.700368";"000KO"
"2021-57525";"2021-04-02";"1";"Vente";"1585000.0";"11.0";"None";"PL GARIBALDI";"2785";"06300";"06088";"Nice";"06";"None";"None";"06088000KO0291";"None";"None";"49";"29.21";"50";"21.72";"51";"18.13";"52";"18.02";"53";"11.91";"8";"2";"Appartement";"31.0";"2.0";"None";"None";"None";"None";"nan";"7.280895";"43.700368";"000KO"
"2021-57525";"2021-04-02";"1";"Vente";"1585000.0";"11.0";"None";"PL GARIBALDI";"2785";"06300";"06088";"Nice";"06";"None";"None";"06088000KO0291";"None";"None";"49";"29.21";"50";"21.72";"51";"18.13";"52";"18.02";"53";"11.91";"8";"2";"Appartement";"43.0";"2.0";"None";"None";"None";"None";"nan";"7.280895";"43.700368";"000KO"
"2021-57525";"2021-04-02";"1";"Vente";"1585000.0";"11.0";"None";"PL GARIBALDI";"2785";"06300";"06088";"Nice";"06";"None";"None";"06088000KO0291";"None";"None";"49";"29.21";"50";"21.72";"51";"18.13";"52";"18.02";"53";"11.91";"8";"2";"Appartement";"30.0";"1.0";"None";"None";"None";"None";"nan";"7.280895";"43.700368";"000KO"
"2021-57525";"2021-04-02";"1";"Vente";"1585000.0";"11.0";"None";"PL GARIBALDI";"2785";"06300";"06088";"Nice";"06";"None";"None";"06088000KO0291";"None";"None";"49";"29.21";"50";"21.72";"51";"18.13";"52";"18.02";"53";"11.91";"8";"2";"Appartement";"25.0";"1.0";"None";"None";"None";"None";"nan";"7.280895";"43.700368";"000KO"
"2021-57525";"2021-04-02";"1";"Vente";"1585000.0";"11.0";"None";"PL GARIBALDI";"2785";"06300";"06088";"Nice";"06";"None";"None";"06088000KO0291";"None";"None";"49";"29.21";"50";"21.72";"51";"18.13";"52";"18.02";"53";"11.91";"8";"2";"Appartement";"26.0";"1.0";"None";"None";"None";"None";"nan";"7.280895";"43.700368";"000KO"
"2021-58019";"2021-04-02";"1";"Vente";"318000.0";"12.0";"None";"RUE EMMANUEL PHILIBERT";"2295";"06300";"06088";"Nice";"06";"None";"None";"06088000KO0257";"None";"None";"15";"77.01";"None";"nan";"None";"nan";"None";"nan";"None";"nan";"1";"2";"Appartement";"81.0";"4.0";"None";"None";"None";"None";"nan";"7.282991";"43.699873";"000KO"
"2021-57268";"2021-04-01";"1";"Vente";"206000.0";"14.0";"None";"RUE EMMANUEL PHILIBERT";"2295";"06300";"06088";"Nice";"06";"None";"None";"06088000KO0242";"None";"None";"25";"nan";"None";"nan";"None";"nan";"None";"nan";"None";"nan";"1";"2";"Appartement";"80.0";"3.0";"None";"None";"None";"None";"nan";"7.282909";"43.699136";"000KO"
"2021-57385";"2021-04-01";"1";"Vente";"117900.0";"16.0";"None";"RUE BARLA";"0610";"06300";"06088";"Nice";"06";"None";"None";"06088000KO0356";"None";"None";"274";"22.01";"None";"nan";"None";"nan";"None";"nan";"None";"nan";"1";"2";"Appartement";"22.0";"1.0";"None";"None";"None";"None";"nan";"7.283146";"43.701514";"000KO"
"2021-58455";"2021-04-01";"1";"Vente";"60000.0";"3.0";"None";"RUE ANTOINE GAUTIER";"0265";"06300";"06088";"Nice";"06";"None";"None";"06088000KO0237";"None";"None";"6";"11.77";"None";"nan";"None";"nan";"None";"nan";"None";"nan";"1";"2";"Appartement";"13.0";"1.0";"None";"None";"None";"None";"nan";"7.282394";"43.698933";"000KO"
"2021-57143";"2021-04-01";"1";"Vente";"150000.0";"9.0";"None";"RUE ANTOINE GAUTIER";"0265";"06300";"06088";"Nice";"06";"None";"None";"06088000KO0221";"None";"None";"12";"42.55";"2";"nan";"None";"nan";"None";"nan";"None";"nan";"2";"4";"Local industriel. commercial ou assimilé";"80.0";"0.0";"None";"None";"None";"None";"nan";"7.283698";"43.698725";"000KO"
"2021-56853";"2021-03-31";"1";"Vente";"250500.0";"18.0";"None";"RUE CATHERINE SEGURANE";"1192";"06300";"06088";"Nice";"06";"None";"None";"06088000KO0247";"None";"None";"68";"nan";"None";"nan";"None";"nan";"None";"nan";"None";"nan";"1";"2";"Appartement";"34.0";"2.0";"None";"None";"None";"None";"nan";"7.282009";"43.699371";"000KO"
"2021-56853";"2021-03-31";"1";"Vente";"250500.0";"18.0";"None";"RUE CATHERINE SEGURANE";"1192";"06300";"06088";"Nice";"06";"None";"None";"06088000KO0247";"None";"None";"67";"54.02";"None";"nan";"None";"nan";"None";"nan";"None";"nan";"1";"2";"Appartement";"68.0";"3.0";"None";"None";"None";"None";"nan";"7.282009";"43.699371";"000KO"
"2021-57082";"2021-03-31";"1";"Vente";"262500.0";"14.0";"None";"RUE ARSON";"0390";"06300";"06088";"Nice";"06";"None";"None";"06088000KO0120";"None";"None";"9";"55.07";"None";"nan";"None";"nan";"None";"nan";"None";"nan";"1";"2";"Appartement";"50.0";"2.0";"None";"None";"None";"None";"nan";"7.286804";"43.699938";"000KO"
"2021-56708";"2021-03-30";"1";"Vente";"129000.0";"6.0";"None";"BD LECH WALESA";"3588";"06300";"06088";"Nice";"06";"None";"None";"06088000KO0118";"None";"None";"37";"30.76";"None";"nan";"None";"nan";"None";"nan";"None";"nan";"1";"2";"Appartement";"24.0";"2.0";"None";"None";"None";"None";"nan";"7.287166";"43.700014";"000KO"
"2021-57202";"2021-03-30";"1";"Vente";"240000.0";"1.0";"None";"RUE FRANCOIS GUISOL";"2635";"06300";"06088";"Nice";"06";"None";"None";"06088000KO0087";"None";"None";"13";"55.63";"None";"nan";"None";"nan";"None";"nan";"None";"nan";"1";"2";"Appartement";"50.0";"3.0";"None";"None";"None";"None";"nan";"7.284554";"43.701221";"000KO"
"2021-56969";"2021-03-30";"1";"Vente";"42000.0";"54.0";"None";"BD RISSO";"5490";"06300";"06088";"Nice";"06";"None";"None";"06088000KO0019";"None";"None";"47";"nan";"None";"nan";"None";"nan";"None";"nan";"None";"nan";"1";"3";"Dépendance";"nan";"0.0";"None";"None";"None";"None";"nan";"7.280193";"43.702316";"000KO"
"2021-56743";"2021-03-29";"1";"Vente";"180000.0";"31.0";"None";"RUE BONAPARTE";"0885";"06300";"06088";"Nice";"06";"None";"None";"06088000KO0081";"None";"None";"14";"nan";"None";"nan";"None";"nan";"None";"nan";"None";"nan";"1";"2";"Appartement";"70.0";"2.0";"None";"None";"None";"None";"nan";"7.284048";"43.700751";"000KO"
"2021-56429";"2021-03-26";"1";"Vente";"153363.0";"1.0";"None";"RUE EMMANUEL PHILIBERT";"2295";"06300";"06088";"Nice";"06";"None";"None";"06088000KO0068";"None";"None";"25";"32.16";"None";"nan";"None";"nan";"None";"nan";"None";"nan";"1";"2";"Appartement";"32.0";"2.0";"None";"None";"None";"None";"nan";"7.283737";"43.701417";"000KO"
"2021-56718";"2021-03-26";"1";"Vente";"400000.0";"3.0";"None";"RUE FODERE";"2495";"06300";"06088";"Nice";"06";"None";"None";"06088000KO0190";"None";"None";"12";"72.6";"None";"nan";"None";"nan";"None";"nan";"None";"nan";"1";"2";"Appartement";"71.0";"3.0";"None";"None";"None";"None";"nan";"7.284449";"43.699493";"000KO"
"2021-56365";"2021-03-24";"1";"Vente";"223250.0";"51.0";"None";"RUE BONAPARTE";"0885";"06300";"06088";"Nice";"06";"None";"None";"06088000KO0105";"None";"None";"12";"nan";"13";"36.9";"None";"nan";"None";"nan";"None";"nan";"2";"2";"Appartement";"67.0";"3.0";"None";"None";"None";"None";"nan";"7.286145";"43.70062";"000KO"
"2021-57003";"2021-03-24";"1";"Vente";"155000.0";"5.0";"None";"RUE FRANCOIS GUISOL";"2635";"06300";"06088";"Nice";"06";"None";"None";"06088000KO0083";"None";"None";"40";"53.24";"None";"nan";"None";"nan";"None";"nan";"None";"nan";"1";"2";"Appartement";"17.0";"1.0";"None";"None";"None";"None";"nan";"7.284553";"43.700835";"000KO"
"2021-57003";"2021-03-24";"1";"Vente";"155000.0";"5.0";"None";"RUE FRANCOIS GUISOL";"2635";"06300";"06088";"Nice";"06";"None";"None";"06088000KO0083";"None";"None";"41";"53.24";"None";"nan";"None";"nan";"None";"nan";"None";"nan";"1";"2";"Appartement";"48.0";"3.0";"None";"None";"None";"None";"nan";"7.284553";"43.700835";"000KO"
"2021-56595";"2021-03-22";"1";"Vente";"375000.0";"27.0";"None";"RUE BONAPARTE";"0885";"06300";"06088";"Nice";"06";"None";"None";"06088000KO0076";"None";"None";"13";"72.37";"None";"nan";"None";"nan";"None";"nan";"None";"nan";"1";"2";"Appartement";"73.0";"3.0";"None";"None";"None";"None";"nan";"7.283648";"43.700845";"000KO"
"2021-56646";"2021-03-22";"1";"Vente";"230000.0";"54.0";"None";"AV DE LA REPUBLIQUE";"5435";"06300";"06088";"Nice";"06";"None";"None";"06088000KO0017";"None";"None";"20";"35.48";"30";"nan";"None";"nan";"None";"nan";"None";"nan";"2";"2";"Appartement";"37.0";"2.0";"None";"None";"None";"None";"nan";"7.280408";"43.701799";"000KO"
"2021-56653";"2021-03-19";"1";"Vente";"31650.0";"3.0";"None";"RUE ANTOINE GAUTIER";"0265";"06300";"06088";"Nice";"06";"None";"None";"06088000KO0237";"None";"None";"99";"nan";"None";"nan";"None";"nan";"None";"nan";"None";"nan";"1";"2";"Appartement";"18.0";"1.0";"None";"None";"None";"None";"nan";"7.282394";"43.698933";"000KO"
"2021-56542";"2021-03-17";"1";"Vente";"230000.0";"3.0";"None";"BD CARNOT";"1145";"06300";"06088";"Nice";"06";"None";"None";"06088000KO0141";"None";"None";"20";"nan";"None";"nan";"None";"nan";"None";"nan";"None";"nan";"1";"2";"Appartement";"55.0";"3.0";"None";"None";"None";"None";"nan";"7.286841";"43.69847";"000KO"
"2021-61486";"2021-03-15";"1";"Vente";"787500.0";"3.0";"None";"RUE MARTIN SEYTOUR";"4085";"06300";"06088";"Nice";"06";"None";"None";"06088000KO0255";"None";"None";"110";"182.5";"None";"nan";"None";"nan";"None";"nan";"None";"nan";"1";"2";"Appartement";"182.0";"6.0";"None";"None";"None";"None";"nan";"7.28274";"43.699985";"000KO"
"2021-56556";"2021-03-12";"1";"Vente";"141500.0";"8.0";"None";"RUE ARSON";"0390";"06300";"06088";"Nice";"06";"None";"None";"06088000KO0131";"None";"None";"196";"32.48";"85";"nan";"None";"nan";"None";"nan";"None";"nan";"2";"2";"Appartement";"34.0";"1.0";"None";"None";"None";"None";"nan";"7.286876";"43.699236";"000KO"
"2021-56431";"2021-03-12";"1";"Vente";"370000.0";"15.0";"None";"RUE CASSINI";"1180";"06300";"06088";"Nice";"06";"None";"None";"06088000KO0375";"None";"None";"1";"nan";"33";"nan";"None";"nan";"None";"nan";"None";"nan";"2";"4";"Local industriel. commercial ou assimilé";"54.0";"0.0";"None";"None";"None";"None";"nan";"7.283577";"43.699279";"000KO"
"2021-56435";"2021-03-12";"1";"Vente";"365000.0";"15.0";"None";"RUE CASSINI";"1180";"06300";"06088";"Nice";"06";"None";"None";"06088000KO0375";"None";"None";"2";"73.43";"None";"nan";"None";"nan";"None";"nan";"None";"nan";"1";"4";"Local industriel. commercial ou assimilé";"78.0";"0.0";"None";"None";"None";"None";"nan";"7.283577";"43.699279";"000KO"
"2021-56330";"2021-03-11";"1";"Vente";"72000.0";"3.0";"None";"RUE ANTOINE GAUTIER";"0265";"06300";"06088";"Nice";"06";"None";"None";"06088000KO0237";"None";"None";"10";"nan";"None";"nan";"None";"nan";"None";"nan";"None";"nan";"1";"2";"Appartement";"10.0";"1.0";"None";"None";"None";"None";"nan";"7.282394";"43.698933";"000KO"
"2021-56166";"2021-03-08";"1";"Vente";"145000.0";"3.0";"None";"RUE BAVASTRO";"0670";"06300";"06088";"Nice";"06";"None";"None";"06088000KO0101";"None";"None";"1";"26.52";"None";"nan";"None";"nan";"None";"nan";"None";"nan";"1";"4";"Local industriel. commercial ou assimilé";"70.0";"0.0";"None";"None";"None";"None";"nan";"7.285784";"43.700725";"000KO"
"2021-56665";"2021-03-04";"1";"Vente";"425440.0";"18.0";"None";"RUE CATHERINE SEGURANE";"1192";"06300";"06088";"Nice";"06";"None";"None";"06088000KO0245";"None";"None";"5";"27.77";"None";"nan";"None";"nan";"None";"nan";"None";"nan";"1";"2";"Appartement";"28.0";"1.0";"None";"None";"None";"None";"nan";"7.282264";"43.699324";"000KO"
"2021-56665";"2021-03-04";"1";"Vente";"425440.0";"18.0";"None";"RUE CATHERINE SEGURANE";"1192";"06300";"06088";"Nice";"06";"None";"None";"06088000KO0245";"None";"None";"8";"33.3";"None";"nan";"None";"nan";"None";"nan";"None";"nan";"1";"2";"Appartement";"40.0";"20.0";"None";"None";"None";"None";"nan";"7.282264";"43.699324";"000KO"
"2021-56665";"2021-03-04";"1";"Vente";"425440.0";"18.0";"None";"RUE CATHERINE SEGURANE";"1192";"06300";"06088";"Nice";"06";"None";"None";"06088000KO0245";"None";"None";"7";"39.47";"None";"nan";"None";"nan";"None";"nan";"None";"nan";"1";"2";"Appartement";"43.0";"2.0";"None";"None";"None";"None";"nan";"7.282264";"43.699324";"000KO"
"2021-56665";"2021-03-04";"1";"Vente";"425440.0";"18.0";"None";"RUE CATHERINE SEGURANE";"1192";"06300";"06088";"Nice";"06";"None";"None";"06088000KO0245";"None";"None";"14";"30.46";"None";"nan";"None";"nan";"None";"nan";"None";"nan";"1";"2";"Appartement";"37.0";"2.0";"None";"None";"None";"None";"nan";"7.282264";"43.699324";"000KO"
"2021-56665";"2021-03-04";"1";"Vente";"425440.0";"18.0";"None";"RUE CATHERINE SEGURANE";"1192";"06300";"06088";"Nice";"06";"None";"None";"06088000KO0245";"None";"None";"6";"25.7";"None";"nan";"None";"nan";"None";"nan";"None";"nan";"1";"2";"Appartement";"25.0";"1.0";"None";"None";"None";"None";"nan";"7.282264";"43.699324";"000KO"
"2021-56665";"2021-03-04";"1";"Vente";"425440.0";"18.0";"None";"RUE CATHERINE SEGURANE";"1192";"06300";"06088";"Nice";"06";"None";"None";"06088000KO0245";"None";"None";"1";"32.06";"None";"nan";"None";"nan";"None";"nan";"None";"nan";"1";"3";"Dépendance";"nan";"0.0";"None";"None";"None";"None";"nan";"7.282264";"43.699324";"000KO"
"2021-56665";"2021-03-04";"1";"Vente";"425440.0";"18.0";"None";"RUE CATHERINE SEGURANE";"1192";"06300";"06088";"Nice";"06";"None";"None";"06088000KO0245";"None";"None";"2";"nan";"None";"nan";"None";"nan";"None";"nan";"None";"nan";"1";"3";"Dépendance";"nan";"0.0";"None";"None";"None";"None";"nan";"7.282264";"43.699324";"000KO"
"2021-55938";"2021-02-26";"1";"Vente";"152000.0";"12.0";"B";"RUE FRANCOIS GUISOL";"2635";"06300";"06088";"Nice";"06";"None";"None";"06088000KO0207";"None";"None";"546";"43.01";"None";"nan";"None";"nan";"None";"nan";"None";"nan";"1";"4";"Local industriel. commercial ou assimilé";"46.0";"0.0";"None";"None";"None";"None";"nan";"7.283659";"43.700102";"000KO"
"2021-55938";"2021-02-26";"1";"Vente";"152000.0";"12.0";"None";"RUE FRANCOIS GUISOL";"2635";"06300";"06088";"Nice";"06";"None";"None";"06088000KO0207";"None";"None";"586";"27.04";"None";"nan";"None";"nan";"None";"nan";"None";"nan";"1";"4";"Local industriel. commercial ou assimilé";"27.0";"0.0";"None";"None";"None";"None";"nan";"7.283659";"43.700102";"000KO"
"2021-55641";"2021-02-25";"1";"Vente";"240000.0";"1.0";"None";"PL ILE DE BEAUTE";"3265";"06300";"06088";"Nice";"06";"None";"None";"06088000KO0143";"None";"None";"4";"nan";"None";"nan";"None";"nan";"None";"nan";"None";"nan";"1";"2";"Appartement";"42.0";"2.0";"None";"None";"None";"None";"nan";"7.286121";"43.698823";"000KO"
"2021-55654";"2021-02-25";"1";"Vente";"420000.0";"9.0";"None";"RUE ARSON";"0390";"06300";"06088";"Nice";"06";"None";"None";"06088000KO0156";"None";"None";"150";"70.59";"73";"nan";"None";"nan";"None";"nan";"None";"nan";"2";"2";"Appartement";"71.0";"3.0";"None";"None";"None";"None";"nan";"7.28639";"43.700127";"000KO"
"2021-55654";"2021-02-25";"1";"Vente";"420000.0";"9.0";"None";"RUE ARSON";"0390";"06300";"06088";"Nice";"06";"None";"None";"06088000KO0156";"None";"None";"17";"nan";"None";"nan";"None";"nan";"None";"nan";"None";"nan";"1";"3";"Dépendance";"nan";"0.0";"None";"None";"None";"None";"nan";"7.28639";"43.700127";"000KO"
"2021-54780";"2021-02-16";"1";"Vente";"37000.0";"7.0";"T";"RUE EMMANUEL PHILIBERT";"2295";"06300";"06088";"Nice";"06";"None";"None";"06088000KO0207";"None";"None";"242";"nan";"None";"nan";"None";"nan";"None";"nan";"None";"nan";"1";"3";"Dépendance";"nan";"0.0";"None";"None";"None";"None";"nan";"7.283659";"43.700102";"000KO"
"2021-54934";"2021-02-16";"1";"Vente";"40000.0";"16.0";"None";"RUE FODERE";"2495";"06300";"06088";"Nice";"06";"None";"None";"06088000KO0134";"None";"None";"76";"nan";"None";"nan";"None";"nan";"None";"nan";"None";"nan";"1";"3";"Dépendance";"nan";"0.0";"None";"None";"None";"None";"nan";"7.286825";"43.698829";"000KO"
"2021-55013";"2021-02-15";"1";"Vente";"145000.0";"6.0";"T";"RUE LASCARIS";"3570";"06300";"06088";"Nice";"06";"None";"None";"06088000KO0151";"None";"None";"35";"25.19";"None";"nan";"None";"nan";"None";"nan";"None";"nan";"1";"2";"Appartement";"27.0";"1.0";"None";"None";"None";"None";"nan";"7.285555";"43.699712";"000KO"
"2021-55127";"2021-02-15";"1";"Vente";"220800.0";"18.0";"None";"RUE CASSINI";"1180";"06300";"06088";"Nice";"06";"None";"None";"06088000KO0244";"None";"None";"27";"25.5";"None";"nan";"None";"nan";"None";"nan";"None";"nan";"1";"2";"Appartement";"30.0";"1.0";"None";"None";"None";"None";"nan";"7.282555";"43.699433";"000KO"
"2021-55013";"2021-02-15";"1";"Vente";"145000.0";"6.0";"T";"RUE LASCARIS";"3570";"06300";"06088";"Nice";"06";"None";"None";"06088000KO0151";"None";"None";"11";"nan";"None";"nan";"None";"nan";"None";"nan";"None";"nan";"1";"3";"Dépendance";"nan";"0.0";"None";"None";"None";"None";"nan";"7.285555";"43.699712";"000KO"
"2021-54592";"2021-02-12";"1";"Vente";"25000.0";"12.0";"None";"RUE FODERE";"2495";"06300";"06088";"Nice";"06";"None";"None";"06088000KO0143";"None";"None";"44";"nan";"None";"nan";"None";"nan";"None";"nan";"None";"nan";"1";"3";"Dépendance";"nan";"0.0";"None";"None";"None";"None";"nan";"7.286121";"43.698823";"000KO"
"2021-54873";"2021-02-11";"1";"Vente";"83000.0";"12.0";"None";"RUE FODERE";"2495";"06300";"06088";"Nice";"06";"None";"None";"06088000KO0143";"None";"None";"39";"nan";"None";"nan";"None";"nan";"None";"nan";"None";"nan";"1";"3";"Dépendance";"nan";"0.0";"None";"None";"None";"None";"nan";"7.286121";"43.698823";"000KO"
"2021-54873";"2021-02-11";"1";"Vente";"83000.0";"12.0";"None";"RUE FODERE";"2495";"06300";"06088";"Nice";"06";"None";"None";"06088000KO0143";"None";"None";"75";"nan";"None";"nan";"None";"nan";"None";"nan";"None";"nan";"1";"3";"Dépendance";"nan";"0.0";"None";"None";"None";"None";"nan";"7.286121";"43.698823";"000KO"
"2021-54685";"2021-02-09";"1";"Vente";"200000.0";"3.0";"None";"PL ILE DE BEAUTE";"3265";"06300";"06088";"Nice";"06";"None";"None";"06088000KO0350";"None";"None";"16";"17.35";"None";"nan";"None";"nan";"None";"nan";"None";"nan";"1";"4";"Local industriel. commercial ou assimilé";"18.0";"0.0";"None";"None";"None";"None";"nan";"7.285999";"43.698739";"000KO"
"2021-54595";"2021-02-05";"1";"Vente";"285000.0";"9.0";"T";"RUE EMMANUEL PHILIBERT";"2295";"06300";"06088";"Nice";"06";"None";"None";"06088000KO0207";"None";"None";"427";"49.49";"None";"nan";"None";"nan";"None";"nan";"None";"nan";"1";"2";"Appartement";"48.0";"2.0";"None";"None";"None";"None";"nan";"7.283659";"43.700102";"000KO"
"2021-54609";"2021-02-05";"1";"Vente";"37000.0";"7.0";"T";"RUE EMMANUEL PHILIBERT";"2295";"06300";"06088";"Nice";"06";"None";"None";"06088000KO0207";"None";"None";"289";"nan";"None";"nan";"None";"nan";"None";"nan";"None";"nan";"1";"3";"Dépendance";"nan";"0.0";"None";"None";"None";"None";"nan";"7.283659";"43.700102";"000KO"
"2021-54771";"2021-02-02";"1";"Vente";"79000.0";"14.0";"None";"RUE EMMANUEL PHILIBERT";"2295";"06300";"06088";"Nice";"06";"None";"None";"06088000KO0242";"None";"None";"13";"nan";"None";"nan";"None";"nan";"None";"nan";"None";"nan";"1";"2";"Appartement";"25.0";"1.0";"None";"None";"None";"None";"nan";"7.282909";"43.699136";"000KO"
"2021-54437";"2021-02-01";"1";"Vente";"210000.0";"2.0";"B";"RUE EMMANUEL PHILIBERT";"2295";"06300";"06088";"Nice";"06";"None";"None";"06088000KO0356";"None";"None";"204";"46.5";"48";"nan";"None";"nan";"None";"nan";"None";"nan";"2";"2";"Appartement";"47.0";"2.0";"None";"None";"None";"None";"nan";"7.283146";"43.701514";"000KO"
"2021-54472";"2021-01-29";"1";"Vente";"320000.0";"6.0";"T";"RUE LASCARIS";"3570";"06300";"06088";"Nice";"06";"None";"None";"06088000KO0151";"None";"None";"45";"45.01";"None";"nan";"None";"nan";"None";"nan";"None";"nan";"1";"2";"Appartement";"42.0";"2.0";"None";"None";"None";"None";"nan";"7.285555";"43.699712";"000KO"
"2021-54643";"2021-01-29";"1";"Vente";"277000.0";"9.0";"None";"RUE ARSON";"0390";"06300";"06088";"Nice";"06";"None";"None";"06088000KO0156";"None";"None";"10";"nan";"57";"51.22";"None";"nan";"None";"nan";"None";"nan";"2";"2";"Appartement";"52.0";"2.0";"None";"None";"None";"None";"nan";"7.28639";"43.700127";"000KO"
"2021-55033";"2021-01-29";"1";"Vente";"208000.0";"4.0";"None";"BD LECH WALESA";"3588";"06300";"06088";"Nice";"06";"None";"None";"06088000KO0117";"None";"None";"5";"47.07";"None";"nan";"None";"nan";"None";"nan";"None";"nan";"1";"2";"Appartement";"48.0";"2.0";"None";"None";"None";"None";"nan";"7.287177";"43.700103";"000KO"
"2021-54472";"2021-01-29";"1";"Vente";"320000.0";"6.0";"T";"RUE LASCARIS";"3570";"06300";"06088";"Nice";"06";"None";"None";"06088000KO0151";"None";"None";"4";"nan";"None";"nan";"None";"nan";"None";"nan";"None";"nan";"1";"3";"Dépendance";"nan";"0.0";"None";"None";"None";"None";"nan";"7.285555";"43.699712";"000KO"
"2021-54119";"2021-01-29";"1";"Vente";"420000.0";"2.0";"None";"RUE PAPON";"4690";"06300";"06088";"Nice";"06";"None";"None";"06088000KO0029";"None";"None";"3";"nan";"None";"nan";"None";"nan";"None";"nan";"None";"nan";"1";"4";"Local industriel. commercial ou assimilé";"175.0";"0.0";"None";"None";"None";"None";"nan";"7.280925";"43.701622";"000KO"
"2021-54021";"2021-01-27";"1";"Vente";"75000.0";"3.0";"None";"RUE ANTOINE GAUTIER";"0265";"06300";"06088";"Nice";"06";"None";"None";"06088000KO0237";"None";"None";"23";"nan";"None";"nan";"None";"nan";"None";"nan";"None";"nan";"1";"2";"Appartement";"15.0";"1.0";"None";"None";"None";"None";"nan";"7.282394";"43.698933";"000KO"
"2021-53899";"2021-01-26";"1";"Vente";"160000.0";"11.0";"None";"RUE BONAPARTE";"0885";"06300";"06088";"Nice";"06";"None";"None";"06088000KO0046";"None";"None";"6";"52.82";"None";"nan";"None";"nan";"None";"nan";"None";"nan";"1";"2";"Appartement";"52.0";"2.0";"None";"None";"None";"None";"nan";"7.282422";"43.700877";"000KO"
"2021-54413";"2021-01-25";"1";"Vente";"410000.0";"1.0";"None";"RUE PAPON";"4690";"06300";"06088";"Nice";"06";"None";"None";"06088000KO0025";"None";"None";"303";"nan";"48";"93.5";"None";"nan";"None";"nan";"None";"nan";"2";"2";"Appartement";"95.0";"5.0";"None";"None";"None";"None";"nan";"7.281466";"43.701959";"000KO"
"2021-54413";"2021-01-25";"1";"Vente";"410000.0";"1.0";"None";"RUE PAPON";"4690";"06300";"06088";"Nice";"06";"None";"None";"06088000KO0025";"None";"None";"438";"nan";"None";"nan";"None";"nan";"None";"nan";"None";"nan";"1";"3";"Dépendance";"nan";"0.0";"None";"None";"None";"None";"nan";"7.281466";"43.701959";"000KO"
"2021-53887";"2021-01-21";"1";"Vente";"318600.0";"2.0";"None";"RUE BOYER";"0945";"06300";"06088";"Nice";"06";"None";"None";"06088000KO0025";"None";"None";"20";"nan";"337";"nan";"None";"nan";"None";"nan";"None";"nan";"2";"2";"Appartement";"91.0";"4.0";"None";"None";"None";"None";"nan";"7.281466";"43.701959";"000KO"
"2021-53548";"2021-01-20";"1";"Vente";"270000.0";"7.0";"T";"RUE EMMANUEL PHILIBERT";"2295";"06300";"06088";"Nice";"06";"None";"None";"06088000KO0207";"None";"None";"363";"nan";"473";"48.58";"None";"nan";"None";"nan";"None";"nan";"2";"2";"Appartement";"49.0";"2.0";"None";"None";"None";"None";"nan";"7.283659";"43.700102";"000KO"
"2021-53549";"2021-01-20";"1";"Vente";"252500.0";"9.0";"T";"RUE EMMANUEL PHILIBERT";"2295";"06300";"06088";"Nice";"06";"None";"None";"06088000KO0207";"None";"None";"387";"nan";"439";"46.16";"None";"nan";"None";"nan";"None";"nan";"2";"2";"Appartement";"48.0";"2.0";"None";"None";"None";"None";"nan";"7.283659";"43.700102";"000KO"
"2021-53433";"2021-01-19";"1";"Vente";"355000.0";"12.0";"None";"RUE EMMANUEL PHILIBERT";"2295";"06300";"06088";"Nice";"06";"None";"None";"06088000KO0257";"None";"None";"12";"nan";"None";"nan";"None";"nan";"None";"nan";"None";"nan";"1";"2";"Appartement";"60.0";"4.0";"None";"None";"None";"None";"nan";"7.282991";"43.699873";"000KO"
"2021-53381";"2021-01-18";"1";"Vente";"318620.0";"1.0";"None";"RUE CASSINI";"1180";"06300";"06088";"Nice";"06";"None";"None";"06088000KO0273";"None";"None";"30";"nan";"31";"nan";"None";"nan";"None";"nan";"None";"nan";"2";"2";"Appartement";"45.0";"3.0";"None";"None";"None";"None";"nan";"7.281565";"43.700511";"000KO"
"2021-53566";"2021-01-14";"1";"Vente";"265000.0";"12.0";"B";"RUE EMMANUEL PHILIBERT";"2295";"06300";"06088";"Nice";"06";"None";"None";"06088000KO0256";"None";"None";"23";"65.02";"None";"nan";"None";"nan";"None";"nan";"None";"nan";"1";"2";"Appartement";"68.0";"5.0";"None";"None";"None";"None";"nan";"7.282938";"43.699674";"000KO"
"2021-53500";"2021-01-11";"1";"Vente";"17500.0";"10.0";"None";"RUE LASCARIS";"3570";"06300";"06088";"Nice";"06";"None";"None";"06088000KO0183";"None";"None";"20";"nan";"None";"nan";"None";"nan";"None";"nan";"None";"nan";"1";"3";"Dépendance";"nan";"0.0";"None";"None";"None";"None";"nan";"7.284989";"43.699719";"000KO"
"2021-53296";"2021-01-05";"1";"Vente";"200000.0";"1.0";"None";"RUE LASCARIS";"3570";"06300";"06088";"Nice";"06";"None";"None";"06088000KO0124";"None";"None";"12";"37.38";"None";"nan";"None";"nan";"None";"nan";"None";"nan";"1";"2";"Appartement";"37.0";"2.0";"None";"None";"None";"None";"nan";"7.28723";"43.699815";"000KO"
"2021-53342";"2021-01-05";"1";"Vente";"195000.0";"2.0";"None";"RUE RUSCA";"5635";"06300";"06088";"Nice";"06";"None";"None";"06088000KO0148";"None";"None";"15";"35.52";"None";"nan";"None";"nan";"None";"nan";"None";"nan";"1";"2";"Appartement";"35.0";"2.0";"None";"None";"None";"None";"nan";"7.285685";"43.69905";"000KO"