id_mutation;date_mutation;numero_disposition;nature_mutation;valeur_fonciere;adresse_numero;adresse_suffixe;adresse_nom_voie;adresse_code_voie;code_postal;code_commune;nom_commune;code_departement;ancien_code_commune;ancien_nom_commune;id_parcelle;ancien_id_parcelle;numero_volume;lot1_numero;lot1_surface_carrez;lot2_numero;lot2_surface_carrez;lot3_numero;lot3_surface_carrez;lot4_numero;lot4_surface_carrez;lot5_numero;lot5_surface_carrez;nombre_lots;code_type_local;type_local;surface_reelle_bati;nombre_pieces_principales;code_nature_culture;nature_culture;code_nature_culture_speciale;nature_culture_speciale;surface_terrain;longitude;latitude;section_prefixe
"2025-58135";"2025-12-16";"1";"Vente";"91997.33";"7.0";"None";"RUE DELILLE";"1885";"06000";"06088";"Nice";"06";"None";"None";"06088000LD0137";"None";"None";"61";"6.98";"None";"nan";"None";"nan";"None";"None";"None";"None";"1";"2";"Appartement";"13.0";"1.0";"None";"None";"None";"None";"nan";"7.276496";"43.701335";"000LD"
"2025-57500";"2025-12-10";"1";"Vente";"8000.0";"18.0";"None";"AV SAINT JEAN BAPTISTE";"5805";"06000";"06088";"Nice";"06";"None";"None";"06088000LD0125";"None";"None";"9";"nan";"None";"nan";"None";"nan";"None";"None";"None";"None";"1";"3";"Dépendance";"nan";"0.0";"None";"None";"None";"None";"nan";"7.277575";"43.701456";"000LD"
"2025-56301";"2025-12-02";"1";"Vente";"782700.0";"20.0";"B";"RUE GIOFFREDO";"2950";"06000";"06088";"Nice";"06";"None";"None";"06088000LD0142";"None";"None";"24";"85.56";"None";"nan";"None";"nan";"None";"None";"None";"None";"1";"2";"Appartement";"91.0";"4.0";"None";"None";"None";"None";"nan";"7.275761";"43.701374";"000LD"
"2025-56824";"2025-12-01";"1";"Vente";"249000.0";"20.0";"B";"RUE GIOFFREDO";"2950";"06000";"06088";"Nice";"06";"None";"None";"06088000LD0142";"None";"None";"25";"45.55";"None";"nan";"None";"nan";"None";"None";"None";"None";"1";"2";"Appartement";"73.0";"2.0";"None";"None";"None";"None";"nan";"7.275761";"43.701374";"000LD"
"2025-56073";"2025-11-25";"1";"Vente";"270000.0";"25.0";"None";"BD CARABACEL";"1120";"06000";"06088";"Nice";"06";"None";"None";"06088000LD0225";"None";"None";"16";"32.02";"None";"nan";"None";"nan";"None";"None";"None";"None";"1";"2";"Appartement";"34.0";"2.0";"None";"None";"None";"None";"nan";"7.27576";"43.703351";"000LD"
"2025-55060";"2025-10-28";"1";"Vente";"176670.0";"11.0";"None";"BD DUBOUCHAGE";"2102";"06000";"06088";"Nice";"06";"None";"None";"06088000LD0027";"None";"None";"16";"29.17";"60";"nan";"None";"nan";"None";"None";"None";"None";"2";"2";"Appartement";"32.0";"2.0";"None";"None";"None";"None";"nan";"7.273023";"43.702875";"000LD"
"2025-55014";"2025-10-20";"1";"Vente";"384000.0";"25.0";"None";"RUE EDOUARD BERI";"2175";"06000";"06088";"Nice";"06";"None";"None";"06088000LD0015";"None";"None";"43";"43.44";"None";"nan";"None";"nan";"None";"None";"None";"None";"1";"2";"Appartement";"43.0";"2.0";"None";"None";"None";"None";"nan";"7.273826";"43.703527";"000LD"
"2025-55014";"2025-10-20";"1";"Vente";"384000.0";"25.0";"None";"RUE EDOUARD BERI";"2175";"06000";"06088";"Nice";"06";"None";"None";"06088000LD0015";"None";"None";"6";"nan";"None";"nan";"None";"nan";"None";"None";"None";"None";"1";"3";"Dépendance";"nan";"0.0";"None";"None";"None";"None";"nan";"7.273826";"43.703527";"000LD"
"2025-54625";"2025-10-17";"1";"Vente";"186170.0";"13.0";"None";"RUE DELILLE";"1885";"06000";"06088";"Nice";"06";"None";"None";"06088000LD0313";"None";"None";"7";"nan";"None";"nan";"None";"nan";"None";"None";"None";"None";"1";"2";"Appartement";"27.0";"2.0";"None";"None";"None";"None";"nan";"7.275499";"43.701429";"000LD"
"2025-54261";"2025-10-10";"1";"Vente";"796808.0";"35.0";"None";"BD CARABACEL";"1120";"06000";"06088";"Nice";"06";"None";"None";"06088000LD0031";"None";"None";"23";"110.76";"5";"nan";"None";"nan";"None";"None";"None";"None";"2";"2";"Appartement";"115.0";"4.0";"None";"None";"None";"None";"nan";"7.274975";"43.703567";"000LD"
"2025-54261";"2025-10-10";"1";"Vente";"796808.0";"35.0";"None";"BD CARABACEL";"1120";"06000";"06088";"Nice";"06";"None";"None";"06088000LD0031";"None";"None";"23";"110.76";"5";"nan";"None";"nan";"None";"None";"None";"None";"2";"3";"Dépendance";"nan";"0.0";"None";"None";"None";"None";"nan";"7.274975";"43.703567";"000LD"
"2025-54261";"2025-10-10";"1";"Vente";"796808.0";"35.0";"None";"BD CARABACEL";"1120";"06000";"06088";"Nice";"06";"None";"None";"06088000LD0031";"None";"None";"23";"110.76";"5";"nan";"None";"nan";"None";"None";"None";"None";"2";"3";"Dépendance";"nan";"0.0";"None";"None";"None";"None";"nan";"7.274975";"43.703567";"000LD"
"2025-54261";"2025-10-10";"1";"Vente";"796808.0";"35.0";"None";"BD CARABACEL";"1120";"06000";"06088";"Nice";"06";"None";"None";"06088000LD0031";"None";"None";"25";"nan";"None";"nan";"None";"nan";"None";"None";"None";"None";"1";"3";"Dépendance";"nan";"0.0";"None";"None";"None";"None";"nan";"7.274975";"43.703567";"000LD"
"2025-54261";"2025-10-10";"1";"Vente";"796808.0";"20.0";"None";"RUE EDOUARD BERI";"2175";"06000";"06088";"Nice";"06";"None";"None";"06088000LD0036";"None";"None";"78";"nan";"None";"nan";"None";"nan";"None";"None";"None";"None";"1";"3";"Dépendance";"nan";"0.0";"None";"None";"None";"None";"nan";"7.275504";"43.703403";"000LD"
"2025-54040";"2025-10-06";"1";"Vente";"120000.0";"5.0";"None";"RUE PENCHIENATTI";"4940";"06000";"06088";"Nice";"06";"None";"None";"06088000LD0075";"None";"None";"18";"nan";"None";"nan";"None";"nan";"None";"None";"None";"None";"1";"3";"Dépendance";"nan";"0.0";"None";"None";"None";"None";"nan";"7.277541";"43.702183";"000LD"
"2025-54649";"2025-09-30";"1";"Vente";"77000.0";"5.0";"None";"RUE DELILLE";"1885";"06000";"06088";"Nice";"06";"None";"None";"06088000LD0137";"None";"None";"48";"8.05";"None";"nan";"None";"nan";"None";"None";"None";"None";"1";"2";"Appartement";"9.0";"1.0";"None";"None";"None";"None";"nan";"7.276496";"43.701335";"000LD"
"2025-53715";"2025-09-30";"1";"Vente";"12000.0";"13.0";"None";"RUE DELILLE";"1885";"06000";"06088";"Nice";"06";"None";"None";"06088000LD0313";"None";"None";"23";"nan";"None";"nan";"None";"nan";"None";"None";"None";"None";"1";"3";"Dépendance";"nan";"0.0";"None";"None";"None";"None";"nan";"7.275499";"43.701429";"000LD"
"2025-53744";"2025-09-23";"1";"Vente";"1240550.0";"7.0";"None";"RUE DELILLE";"1885";"06000";"06088";"Nice";"06";"None";"None";"06088000LD0137";"None";"None";"28";"nan";"41";"165.06";"None";"nan";"None";"None";"None";"None";"2";"2";"Appartement";"156.0";"5.0";"None";"None";"None";"None";"nan";"7.276496";"43.701335";"000LD"
"2025-53744";"2025-09-23";"1";"Vente";"1240550.0";"7.0";"None";"RUE DELILLE";"1885";"06000";"06088";"Nice";"06";"None";"None";"06088000LD0137";"None";"None";"28";"nan";"41";"165.06";"None";"nan";"None";"None";"None";"None";"2";"2";"Appartement";"20.0";"1.0";"None";"None";"None";"None";"nan";"7.276496";"43.701335";"000LD"
"2025-53744";"2025-09-23";"1";"Vente";"1240550.0";"7.0";"None";"RUE DELILLE";"1885";"06000";"06088";"Nice";"06";"None";"None";"06088000LD0137";"None";"None";"28";"nan";"41";"165.06";"None";"nan";"None";"None";"None";"None";"2";"3";"Dépendance";"nan";"0.0";"None";"None";"None";"None";"nan";"7.276496";"43.701335";"000LD"
"2025-53503";"2025-09-18";"1";"Vente";"176400.0";"25.0";"None";"RUE DELILLE";"1885";"06000";"06088";"Nice";"06";"None";"None";"06088000LD0161";"None";"None";"11";"19.5";"None";"nan";"None";"nan";"None";"None";"None";"None";"1";"2";"Appartement";"19.0";"1.0";"None";"None";"None";"None";"nan";"7.273956";"43.702117";"000LD"
"2025-52767";"2025-09-17";"1";"Vente";"74000.0";"24.0";"None";"RUE DELILLE";"1885";"06000";"06088";"Nice";"06";"None";"None";"06088000LD0028";"None";"None";"27";"12.13";"None";"nan";"None";"nan";"None";"None";"None";"None";"1";"2";"Appartement";"11.0";"1.0";"None";"None";"None";"None";"nan";"7.273216";"43.702778";"000LD"
"2025-52956";"2025-09-11";"1";"Vente";"40000.0";"1.0";"None";"RUE DEFLY";"1880";"06000";"06088";"Nice";"06";"None";"None";"06088000LD0118";"None";"None";"44";"nan";"None";"nan";"None";"nan";"None";"None";"None";"None";"1";"4";"Local industriel. commercial ou assimilé";"17.0";"0.0";"None";"None";"None";"None";"nan";"7.277673";"43.701545";"000LD"
"2025-52837";"2025-09-08";"1";"Vente";"635000.0";"20.0";"B";"RUE GIOFFREDO";"2950";"06000";"06088";"Nice";"06";"None";"None";"06088000LD0142";"None";"None";"11";"127.07";"None";"nan";"None";"nan";"None";"None";"None";"None";"1";"4";"Local industriel. commercial ou assimilé";"126.0";"0.0";"None";"None";"None";"None";"nan";"7.275761";"43.701374";"000LD"
"2025-52298";"2025-08-28";"1";"Vente";"1290000.0";"17.0";"None";"BD DUBOUCHAGE";"2102";"06000";"06088";"Nice";"06";"None";"None";"06088000LD0178";"None";"None";"25";"nan";"37";"99.06";"None";"nan";"None";"None";"None";"None";"2";"2";"Appartement";"100.0";"4.0";"None";"None";"None";"None";"nan";"7.272694";"43.702472";"000LD"
"2025-52298";"2025-08-28";"1";"Vente";"1290000.0";"17.0";"None";"BD DUBOUCHAGE";"2102";"06000";"06088";"Nice";"06";"None";"None";"06088000LD0178";"None";"None";"25";"nan";"37";"99.06";"None";"nan";"None";"None";"None";"None";"2";"3";"Dépendance";"nan";"0.0";"None";"None";"None";"None";"nan";"7.272694";"43.702472";"000LD"
"2025-52298";"2025-08-28";"1";"Vente";"1290000.0";"17.0";"None";"BD DUBOUCHAGE";"2102";"06000";"06088";"Nice";"06";"None";"None";"06088000LD0178";"None";"None";"25";"nan";"37";"99.06";"None";"nan";"None";"None";"None";"None";"2";"3";"Dépendance";"nan";"0.0";"None";"None";"None";"None";"nan";"7.272694";"43.702472";"000LD"
"2025-52168";"2025-08-21";"1";"Vente";"160000.0";"36.0";"None";"RUE TONDUTI DE L ESCARENE";"6425";"06000";"06088";"Nice";"06";"None";"None";"06088000LD0176";"None";"None";"39";"nan";"43";"nan";"None";"nan";"None";"None";"None";"None";"2";"4";"Local industriel. commercial ou assimilé";"115.0";"0.0";"None";"None";"None";"None";"nan";"7.272928";"43.702145";"000LD"
"2025-51841";"2025-08-07";"1";"Vente";"700000.0";"11.0";"B";"BD DUBOUCHAGE";"2102";"06000";"06088";"Nice";"06";"None";"None";"06088000LD0027";"None";"None";"34";"nan";"5";"nan";"None";"nan";"None";"None";"None";"None";"2";"2";"Appartement";"100.0";"4.0";"None";"None";"None";"None";"nan";"7.273023";"43.702875";"000LD"
"2025-51841";"2025-08-07";"1";"Vente";"700000.0";"11.0";"B";"BD DUBOUCHAGE";"2102";"06000";"06088";"Nice";"06";"None";"None";"06088000LD0027";"None";"None";"34";"nan";"5";"nan";"None";"nan";"None";"None";"None";"None";"2";"3";"Dépendance";"nan";"0.0";"None";"None";"None";"None";"nan";"7.273023";"43.702875";"000LD"
"2025-51841";"2025-08-07";"1";"Vente";"700000.0";"11.0";"B";"BD DUBOUCHAGE";"2102";"06000";"06088";"Nice";"06";"None";"None";"06088000LD0027";"None";"None";"26";"nan";"None";"nan";"None";"nan";"None";"None";"None";"None";"1";"3";"Dépendance";"nan";"0.0";"None";"None";"None";"None";"nan";"7.273023";"43.702875";"000LD"
"2025-51567";"2025-08-05";"1";"Vente";"304000.0";"18.0";"None";"RUE GIOFFREDO";"2950";"06000";"06088";"Nice";"06";"None";"None";"06088000LD0144";"None";"None";"5";"70.11";"None";"nan";"None";"nan";"None";"None";"None";"None";"1";"2";"Appartement";"68.0";"4.0";"None";"None";"None";"None";"nan";"7.275868";"43.701528";"000LD"
"2025-51252";"2025-08-04";"1";"Vente";"390000.0";"12.0";"None";"RUE DELILLE";"1885";"06000";"06088";"Nice";"06";"None";"None";"06088000LD0111";"None";"None";"6";"nan";"None";"nan";"None";"nan";"None";"None";"None";"None";"1";"2";"Appartement";"88.0";"4.0";"None";"None";"None";"None";"nan";"7.276703";"43.701501";"000LD"
"2025-50813";"2025-07-30";"1";"Vente";"205000.0";"2.0";"None";"RUE DELILLE";"1885";"06000";"06088";"Nice";"06";"None";"None";"06088000LD0129";"None";"None";"24";"nan";"25";"nan";"27";"nan";"None";"None";"None";"None";"3";"4";"Local industriel. commercial ou assimilé";"45.0";"0.0";"None";"None";"None";"None";"nan";"7.27752";"43.701235";"000LD"
"2025-50813";"2025-07-30";"1";"Vente";"205000.0";"2.0";"None";"RUE DELILLE";"1885";"06000";"06088";"Nice";"06";"None";"None";"06088000LD0129";"None";"None";"28";"nan";"None";"nan";"None";"nan";"None";"None";"None";"None";"1";"4";"Local industriel. commercial ou assimilé";"40.0";"0.0";"None";"None";"None";"None";"nan";"7.27752";"43.701235";"000LD"
"2025-50963";"2025-07-30";"1";"Vente";"182000.0";"2.0";"None";"RUE DELILLE";"1885";"06000";"06088";"Nice";"06";"None";"None";"06088000LD0129";"None";"None";"26";"nan";"None";"nan";"None";"nan";"None";"None";"None";"None";"1";"4";"Local industriel. commercial ou assimilé";"40.0";"0.0";"None";"None";"None";"None";"nan";"7.27752";"43.701235";"000LD"
"2025-50838";"2025-07-29";"1";"Vente";"435000.0";"22.0";"None";"RUE TONDUTI DE L ESCARENE";"6425";"06000";"06088";"Nice";"06";"None";"None";"06088000LD0152";"None";"None";"35";"nan";"None";"nan";"None";"nan";"None";"None";"None";"None";"1";"2";"Appartement";"49.0";"2.0";"None";"None";"None";"None";"nan";"7.274581";"43.701576";"000LD"
"2025-50838";"2025-07-29";"1";"Vente";"435000.0";"22.0";"None";"RUE TONDUTI DE L ESCARENE";"6425";"06000";"06088";"Nice";"06";"None";"None";"06088000LD0152";"None";"None";"35";"nan";"None";"nan";"None";"nan";"None";"None";"None";"None";"1";"3";"Dépendance";"nan";"0.0";"None";"None";"None";"None";"nan";"7.274581";"43.701576";"000LD"
"2025-50830";"2025-07-17";"1";"Vente";"235697.0";"36.0";"None";"RUE TONDUTI DE L ESCARENE";"6425";"06000";"06088";"Nice";"06";"None";"None";"06088000LD0176";"None";"None";"40";"nan";"43";"nan";"None";"nan";"None";"None";"None";"None";"2";"4";"Local industriel. commercial ou assimilé";"115.0";"0.0";"None";"None";"None";"None";"nan";"7.272928";"43.702145";"000LD"
"2025-50337";"2025-07-11";"1";"Vente";"305000.0";"31.0";"None";"BD CARABACEL";"1120";"06000";"06088";"Nice";"06";"None";"None";"06088000LD0215";"None";"None";"14";"63.7";"None";"nan";"None";"nan";"None";"None";"None";"None";"1";"4";"Local industriel. commercial ou assimilé";"63.0";"0.0";"None";"None";"None";"None";"nan";"7.275409";"43.703492";"000LD"
"2025-49735";"2025-07-04";"1";"Vente";"479000.0";"5.0";"None";"RUE PENCHIENATTI";"4940";"06000";"06088";"Nice";"06";"None";"None";"06088000LD0075";"None";"None";"5";"nan";"None";"nan";"None";"nan";"None";"None";"None";"None";"1";"2";"Appartement";"72.0";"3.0";"None";"None";"None";"None";"nan";"7.277541";"43.702183";"000LD"
"2025-50080";"2025-07-04";"1";"Vente";"351200.0";"4.0";"None";"RUE DELILLE";"1885";"06000";"06088";"Nice";"06";"None";"None";"06088000LD0128";"None";"None";"11";"57.6";"2";"nan";"None";"nan";"None";"None";"None";"None";"2";"2";"Appartement";"62.0";"3.0";"None";"None";"None";"None";"nan";"7.277373";"43.701286";"000LD"
"2025-49735";"2025-07-04";"1";"Vente";"479000.0";"5.0";"None";"RUE PENCHIENATTI";"4940";"06000";"06088";"Nice";"06";"None";"None";"06088000LD0075";"None";"None";"5";"nan";"None";"nan";"None";"nan";"None";"None";"None";"None";"1";"3";"Dépendance";"nan";"0.0";"None";"None";"None";"None";"nan";"7.277541";"43.702183";"000LD"
"2025-49864";"2025-07-02";"1";"Vente";"310000.0";"31.0";"None";"RUE DELILLE";"1885";"06000";"06088";"Nice";"06";"None";"None";"06088000LD0173";"None";"None";"34";"77.69";"5";"nan";"None";"nan";"None";"None";"None";"None";"2";"2";"Appartement";"77.0";"3.0";"None";"None";"None";"None";"nan";"7.273208";"43.702388";"000LD"
"2025-49864";"2025-07-02";"1";"Vente";"310000.0";"31.0";"None";"RUE DELILLE";"1885";"06000";"06088";"Nice";"06";"None";"None";"06088000LD0173";"None";"None";"34";"77.69";"5";"nan";"None";"nan";"None";"None";"None";"None";"2";"3";"Dépendance";"nan";"0.0";"None";"None";"None";"None";"nan";"7.273208";"43.702388";"000LD"
"2025-50021";"2025-07-01";"1";"Vente";"90000.0";"24.0";"None";"RUE DELILLE";"1885";"06000";"06088";"Nice";"06";"None";"None";"06088000LD0028";"None";"None";"21";"nan";"22";"nan";"None";"nan";"None";"None";"None";"None";"2";"2";"Appartement";"36.0";"1.0";"None";"None";"None";"None";"nan";"7.273216";"43.702778";"000LD"
"2025-50157";"2025-07-01";"1";"Vente";"570000.0";"19.0";"None";"BD DUBOUCHAGE";"2102";"06000";"06088";"Nice";"06";"None";"None";"06088000LD0177";"None";"None";"25";"nan";"42";"54.17";"None";"nan";"None";"None";"None";"None";"2";"2";"Appartement";"60.0";"2.0";"None";"None";"None";"None";"nan";"7.272585";"43.702303";"000LD"
"2025-50157";"2025-07-01";"1";"Vente";"570000.0";"19.0";"None";"BD DUBOUCHAGE";"2102";"06000";"06088";"Nice";"06";"None";"None";"06088000LD0177";"None";"None";"25";"nan";"42";"54.17";"None";"nan";"None";"None";"None";"None";"2";"3";"Dépendance";"nan";"0.0";"None";"None";"None";"None";"nan";"7.272585";"43.702303";"000LD"
"2025-50157";"2025-07-01";"1";"Vente";"570000.0";"19.0";"None";"BD DUBOUCHAGE";"2102";"06000";"06088";"Nice";"06";"None";"None";"06088000LD0177";"None";"None";"25";"nan";"42";"54.17";"None";"nan";"None";"None";"None";"None";"2";"3";"Dépendance";"nan";"0.0";"None";"None";"None";"None";"nan";"7.272585";"43.702303";"000LD"
"2025-49936";"2025-07-01";"1";"Vente";"275000.0";"4.0";"None";"RUE DEFLY";"1880";"06000";"06088";"Nice";"06";"None";"None";"06088000LD0277";"None";"None";"6";"77.6";"None";"nan";"None";"nan";"None";"None";"None";"None";"1";"4";"Local industriel. commercial ou assimilé";"102.0";"0.0";"None";"None";"None";"None";"nan";"7.277525";"43.702001";"000LD"
"2025-49551";"2025-06-30";"1";"Vente";"280000.0";"4.0";"None";"RUE TONDUTI DE L ESCARENE";"6425";"06000";"06088";"Nice";"06";"None";"None";"06088000LD0214";"None";"None";"625";"65.21";"626";"nan";"None";"nan";"None";"None";"None";"None";"2";"4";"Local industriel. commercial ou assimilé";"69.0";"0.0";"None";"None";"None";"None";"nan";"7.277032";"43.700947";"000LD"
"2025-49545";"2025-06-26";"1";"Vente";"202500.0";"12.0";"None";"RUE DEFLY";"1880";"06000";"06088";"Nice";"06";"None";"None";"06088000LD0087";"None";"None";"6";"nan";"None";"nan";"None";"nan";"None";"None";"None";"None";"1";"4";"Local industriel. commercial ou assimilé";"50.0";"0.0";"None";"None";"None";"None";"nan";"7.27693";"43.702194";"000LD"
"2025-49612";"2025-06-12";"1";"Vente";"342466.0";"5.0";"None";"RUE PENCHIENATTI";"4940";"06000";"06088";"Nice";"06";"None";"None";"06088000LD0075";"None";"None";"15";"70.87";"None";"nan";"None";"nan";"None";"None";"None";"None";"1";"2";"Appartement";"67.0";"3.0";"None";"None";"None";"None";"nan";"7.277541";"43.702183";"000LD"
"2025-48652";"2025-06-10";"1";"Vente";"400000.0";"9.0";"None";"RUE PASTORELLI";"4850";"06000";"06088";"Nice";"06";"None";"None";"06088000LD0164";"None";"None";"2";"87.08";"None";"nan";"None";"nan";"None";"None";"None";"None";"1";"4";"Local industriel. commercial ou assimilé";"87.0";"0.0";"None";"None";"None";"None";"nan";"7.27367";"43.70216";"000LD"
"2025-48514";"2025-06-06";"1";"Vente";"510000.0";"22.0";"None";"RUE TONDUTI DE L ESCARENE";"6425";"06000";"06088";"Nice";"06";"None";"None";"06088000LD0152";"None";"None";"22";"103.0";"6";"nan";"None";"nan";"None";"None";"None";"None";"2";"4";"Local industriel. commercial ou assimilé";"90.0";"0.0";"None";"None";"None";"None";"nan";"7.274581";"43.701576";"000LD"
"2025-48260";"2025-05-28";"1";"Vente";"93000.0";"18.0";"None";"RUE DELILLE";"1885";"06000";"06088";"Nice";"06";"None";"None";"06088000LD0107";"None";"None";"12";"23.02";"13";"23.02";"25";"nan";"None";"None";"None";"None";"3";"2";"Appartement";"29.0";"3.0";"None";"None";"None";"None";"nan";"7.275829";"43.701841";"000LD"
"2025-48260";"2025-05-28";"1";"Vente";"93000.0";"18.0";"None";"RUE DELILLE";"1885";"06000";"06088";"Nice";"06";"None";"None";"06088000LD0107";"None";"None";"12";"23.02";"13";"23.02";"25";"nan";"None";"None";"None";"None";"3";"3";"Dépendance";"nan";"0.0";"None";"None";"None";"None";"nan";"7.275829";"43.701841";"000LD"
"2025-48024";"2025-05-21";"1";"Vente";"465000.0";"9.0";"None";"RUE GIOFFREDO";"2950";"06000";"06088";"Nice";"06";"None";"None";"06088000LD0088";"None";"None";"7";"nan";"None";"nan";"None";"nan";"None";"None";"None";"None";"1";"2";"Appartement";"79.0";"4.0";"None";"None";"None";"None";"nan";"7.276811";"43.702261";"000LD"
"2025-48024";"2025-05-21";"1";"Vente";"465000.0";"9.0";"None";"RUE GIOFFREDO";"2950";"06000";"06088";"Nice";"06";"None";"None";"06088000LD0088";"None";"None";"7";"nan";"None";"nan";"None";"nan";"None";"None";"None";"None";"1";"3";"Dépendance";"nan";"0.0";"None";"None";"None";"None";"nan";"7.276811";"43.702261";"000LD"
"2025-47944";"2025-05-20";"1";"Vente";"75000.0";"2.0";"None";"RUE ADOLPHE DE ROTHSCHILD";"0042";"06000";"06088";"Nice";"06";"None";"None";"06088000LD0213";"None";"None";"15";"nan";"28";"25.39";"None";"nan";"None";"None";"None";"None";"2";"2";"Appartement";"28.0";"1.0";"None";"None";"None";"None";"nan";"7.273828";"43.703284";"000LD"
"2025-47944";"2025-05-20";"1";"Vente";"75000.0";"2.0";"None";"RUE ADOLPHE DE ROTHSCHILD";"0042";"06000";"06088";"Nice";"06";"None";"None";"06088000LD0213";"None";"None";"15";"nan";"28";"25.39";"None";"nan";"None";"None";"None";"None";"2";"3";"Dépendance";"nan";"0.0";"None";"None";"None";"None";"nan";"7.273828";"43.703284";"000LD"
"2025-47657";"2025-05-16";"1";"Vente";"430000.0";"2.0";"None";"RUE DELILLE";"1885";"06000";"06088";"Nice";"06";"None";"None";"06088000LD0129";"None";"None";"8";"66.1";"None";"nan";"None";"nan";"None";"None";"None";"None";"1";"4";"Local industriel. commercial ou assimilé";"85.0";"0.0";"None";"None";"None";"None";"nan";"7.27752";"43.701235";"000LD"
"2025-48254";"2025-05-15";"1";"Vente";"456000.0";"7.0";"None";"RUE PASTORELLI";"4850";"06000";"06088";"Nice";"06";"None";"None";"06088000LD0163";"None";"None";"114";"82.18";"None";"nan";"None";"nan";"None";"None";"None";"None";"1";"2";"Appartement";"81.0";"3.0";"None";"None";"None";"None";"nan";"7.273738";"43.702267";"000LD"
"2025-48039";"2025-05-15";"1";"Vente";"130000.0";"36.0";"None";"RUE TONDUTI DE L ESCARENE";"6425";"06000";"06088";"Nice";"06";"None";"None";"06088000LD0176";"None";"None";"42";"18.3";"43";"nan";"None";"nan";"None";"None";"None";"None";"2";"4";"Local industriel. commercial ou assimilé";"115.0";"0.0";"None";"None";"None";"None";"nan";"7.272928";"43.702145";"000LD"
"2025-47154";"2025-04-30";"1";"Vente";"426900.0";"6.0";"None";"RUE DELILLE";"1885";"06000";"06088";"Nice";"06";"None";"None";"06088000LD0223";"None";"None";"22";"nan";"34";"55.83";"None";"nan";"None";"None";"None";"None";"2";"2";"Appartement";"56.0";"2.0";"None";"None";"None";"None";"nan";"7.277231";"43.701442";"000LD"
"2025-47154";"2025-04-30";"1";"Vente";"426900.0";"6.0";"None";"RUE DELILLE";"1885";"06000";"06088";"Nice";"06";"None";"None";"06088000LD0223";"None";"None";"22";"nan";"34";"55.83";"None";"nan";"None";"None";"None";"None";"2";"3";"Dépendance";"nan";"0.0";"None";"None";"None";"None";"nan";"7.277231";"43.701442";"000LD"
"2025-47154";"2025-04-30";"1";"Vente";"426900.0";"8.0";"None";"RUE DELILLE";"1885";"06000";"06088";"Nice";"06";"None";"None";"06088000LD0223";"None";"None";"101";"nan";"None";"nan";"None";"nan";"None";"None";"None";"None";"1";"3";"Dépendance";"nan";"0.0";"None";"None";"None";"None";"nan";"7.277231";"43.701442";"000LD"
"2025-46911";"2025-04-29";"1";"Vente";"325000.0";"39.0";"None";"BD CARABACEL";"1120";"06000";"06088";"Nice";"06";"None";"None";"06088000LD0211";"None";"None";"1";"93.85";"None";"nan";"None";"nan";"None";"None";"None";"None";"1";"2";"Appartement";"93.0";"3.0";"None";"None";"None";"None";"nan";"7.274276";"43.70381";"000LD"
"2025-46793";"2025-04-29";"1";"Vente";"525000.0";"6.0";"None";"RUE PIERRE DEVOLUY";"5050";"06000";"06088";"Nice";"06";"None";"None";"06088000LD0022";"None";"None";"11";"88.88";"None";"nan";"None";"nan";"None";"None";"None";"None";"1";"4";"Local industriel. commercial ou assimilé";"88.0";"0.0";"None";"None";"None";"None";"nan";"7.273969";"43.703198";"000LD"
"2025-46252";"2025-04-14";"1";"Vente";"40000.0";"24.0";"None";"RUE DELILLE";"1885";"06000";"06088";"Nice";"06";"None";"None";"06088000LD0028";"None";"None";"24";"nan";"None";"nan";"None";"nan";"None";"None";"None";"None";"1";"2";"Appartement";"11.0";"1.0";"None";"None";"None";"None";"nan";"7.273216";"43.702778";"000LD"
"2025-45839";"2025-04-04";"1";"Vente";"27500.0";"35.0";"None";"BD CARABACEL";"1120";"06000";"06088";"Nice";"06";"None";"None";"06088000LD0031";"None";"None";"12";"11.64";"None";"nan";"None";"nan";"None";"None";"None";"None";"1";"3";"Dépendance";"nan";"0.0";"None";"None";"None";"None";"nan";"7.274975";"43.703567";"000LD"
"2025-45294";"2025-03-31";"1";"Vente";"73600.0";"16.0";"None";"RUE PENCHIENATTI";"4940";"06000";"06088";"Nice";"06";"None";"None";"06088000LD0191";"None";"None";"11";"49.04";"None";"nan";"None";"nan";"None";"None";"None";"None";"1";"2";"Appartement";"55.0";"2.0";"None";"None";"None";"None";"nan";"7.276268";"43.70295";"000LD"
"2025-46291";"2025-03-31";"1";"Vente";"320000.0";"4.0";"None";"AV SAINT JEAN BAPTISTE";"5805";"06000";"06088";"Nice";"06";"None";"None";"06088000LD0057";"None";"None";"22";"80.15";"3";"nan";"None";"nan";"None";"None";"None";"None";"2";"2";"Appartement";"80.0";"3.0";"None";"None";"None";"None";"nan";"7.278437";"43.702701";"000LD"
"2025-46883";"2025-03-31";"1";"Vente";"126500.0";"9.0";"None";"BD DUBOUCHAGE";"2102";"06000";"06088";"Nice";"06";"None";"None";"06088000LD0026";"None";"None";"12";"nan";"27";"nan";"38";"nan";"None";"None";"None";"None";"3";"2";"Appartement";"69.0";"2.0";"None";"None";"None";"None";"nan";"7.273094";"43.703018";"000LD"
"2025-45294";"2025-03-31";"1";"Vente";"73600.0";"16.0";"None";"RUE PENCHIENATTI";"4940";"06000";"06088";"Nice";"06";"None";"None";"06088000LD0191";"None";"None";"11";"49.04";"None";"nan";"None";"nan";"None";"None";"None";"None";"1";"3";"Dépendance";"nan";"0.0";"None";"None";"None";"None";"nan";"7.276268";"43.70295";"000LD"
"2025-46291";"2025-03-31";"1";"Vente";"320000.0";"4.0";"None";"AV SAINT JEAN BAPTISTE";"5805";"06000";"06088";"Nice";"06";"None";"None";"06088000LD0057";"None";"None";"22";"80.15";"3";"nan";"None";"nan";"None";"None";"None";"None";"2";"3";"Dépendance";"nan";"0.0";"None";"None";"None";"None";"nan";"7.278437";"43.702701";"000LD"
"2025-46883";"2025-03-31";"1";"Vente";"126500.0";"9.0";"None";"BD DUBOUCHAGE";"2102";"06000";"06088";"Nice";"06";"None";"None";"06088000LD0026";"None";"None";"12";"nan";"27";"nan";"38";"nan";"None";"None";"None";"None";"3";"3";"Dépendance";"nan";"0.0";"None";"None";"None";"None";"nan";"7.273094";"43.703018";"000LD"
"2025-45869";"2025-03-27";"1";"Vente";"60000.0";"11.0";"None";"BD DUBOUCHAGE";"2102";"06000";"06088";"Nice";"06";"None";"None";"06088000LD0027";"None";"None";"21";"8.82";"47";"nan";"None";"nan";"None";"None";"None";"None";"2";"3";"Dépendance";"nan";"0.0";"None";"None";"None";"None";"nan";"7.273023";"43.702875";"000LD"
"2025-45869";"2025-03-27";"1";"Vente";"60000.0";"11.0";"None";"BD DUBOUCHAGE";"2102";"06000";"06088";"Nice";"06";"None";"None";"06088000LD0027";"None";"None";"21";"8.82";"47";"nan";"None";"nan";"None";"None";"None";"None";"2";"3";"Dépendance";"nan";"0.0";"None";"None";"None";"None";"nan";"7.273023";"43.702875";"000LD"
"2025-45354";"2025-03-24";"1";"Vente";"141700.0";"21.0";"None";"BD CARABACEL";"1120";"06000";"06088";"Nice";"06";"None";"None";"06088000LD0192";"None";"None";"27";"21.86";"None";"nan";"None";"nan";"None";"None";"None";"None";"1";"2";"Appartement";"22.0";"1.0";"None";"None";"None";"None";"nan";"7.276356";"43.703203";"000LD"
"2025-45311";"2025-03-21";"1";"Vente";"520000.0";"35.0";"None";"BD CARABACEL";"1120";"06000";"06088";"Nice";"06";"None";"None";"06088000LD0031";"None";"None";"24";"nan";"8";"nan";"None";"nan";"None";"None";"None";"None";"2";"2";"Appartement";"105.0";"5.0";"None";"None";"None";"None";"nan";"7.274975";"43.703567";"000LD"
"2025-45311";"2025-03-21";"1";"Vente";"520000.0";"35.0";"None";"BD CARABACEL";"1120";"06000";"06088";"Nice";"06";"None";"None";"06088000LD0031";"None";"None";"24";"nan";"8";"nan";"None";"nan";"None";"None";"None";"None";"2";"3";"Dépendance";"nan";"0.0";"None";"None";"None";"None";"nan";"7.274975";"43.703567";"000LD"
"2025-45311";"2025-03-21";"1";"Vente";"520000.0";"35.0";"None";"BD CARABACEL";"1120";"06000";"06088";"Nice";"06";"None";"None";"06088000LD0031";"None";"None";"36";"nan";"None";"nan";"None";"nan";"None";"None";"None";"None";"1";"3";"Dépendance";"nan";"0.0";"None";"None";"None";"None";"nan";"7.274975";"43.703567";"000LD"
"2025-45888";"2025-03-19";"1";"Vente";"500000.0";"11.0";"None";"BD CARABACEL";"1120";"06000";"06088";"Nice";"06";"None";"None";"06088000LD0054";"None";"None";"10";"90.07";"20";"nan";"None";"nan";"None";"None";"None";"None";"2";"2";"Appartement";"92.0";"4.0";"None";"None";"None";"None";"nan";"7.277367";"43.702847";"000LD"
"2025-44754";"2025-03-17";"1";"Vente";"900000.0";"36.0";"None";"RUE TONDUTI DE L ESCARENE";"6425";"06000";"06088";"Nice";"06";"None";"None";"06088000LD0176";"None";"None";"2";"nan";"24";"127.19";"None";"nan";"None";"None";"None";"None";"2";"2";"Appartement";"118.0";"3.0";"None";"None";"None";"None";"nan";"7.272928";"43.702145";"000LD"
"2025-44808";"2025-03-12";"1";"Vente";"260000.0";"15.0";"None";"RUE PENCHIENATTI";"4940";"06000";"06088";"Nice";"06";"None";"None";"06088000LD0189";"None";"None";"43";"nan";"None";"nan";"None";"nan";"None";"None";"None";"None";"1";"2";"Appartement";"40.0";"2.0";"None";"None";"None";"None";"nan";"7.276462";"43.70261";"000LD"
"2025-44272";"2025-03-10";"1";"Vente";"249900.0";"27.0";"None";"BD CARABACEL";"1120";"06000";"06088";"Nice";"06";"None";"None";"06088000LD0036";"None";"None";"2";"34.5";"None";"nan";"None";"nan";"None";"None";"None";"None";"1";"2";"Appartement";"36.0";"2.0";"None";"None";"None";"None";"nan";"7.275504";"43.703403";"000LD"
"2025-44940";"2025-03-06";"1";"Vente";"165000.0";"22.0";"None";"RUE GIOFFREDO";"2950";"06000";"06088";"Nice";"06";"None";"None";"06088000LD0140";"None";"None";"23";"nan";"6";"80.09";"None";"nan";"None";"None";"None";"None";"2";"4";"Local industriel. commercial ou assimilé";"90.0";"0.0";"None";"None";"None";"None";"nan";"7.275609";"43.701246";"000LD"
"2025-44434";"2025-02-28";"1";"Vente";"555000.0";"14.0";"None";"RUE TONDUTI DE L ESCARENE";"6425";"06000";"06088";"Nice";"06";"None";"None";"06088000LD0148";"None";"None";"14";"74.03";"None";"nan";"None";"nan";"None";"None";"None";"None";"1";"2";"Appartement";"85.0";"3.0";"None";"None";"None";"None";"nan";"7.275431";"43.701268";"000LD"
"2025-44243";"2025-02-27";"1";"Vente";"543410.0";"10.0";"None";"RUE DELILLE";"1885";"06000";"06088";"Nice";"06";"None";"None";"06088000LD0123";"None";"None";"22";"71.02";"None";"nan";"None";"nan";"None";"None";"None";"None";"1";"2";"Appartement";"68.0";"3.0";"None";"None";"None";"None";"nan";"7.276917";"43.701439";"000LD"
"2025-44347";"2025-02-21";"1";"Vente";"327600.0";"1.0";"None";"BD CARABACEL";"1120";"06000";"06088";"Nice";"06";"None";"None";"06088000LD0056";"None";"None";"104";"nan";"155";"55.16";"None";"nan";"None";"None";"None";"None";"2";"2";"Appartement";"48.0";"2.0";"None";"None";"None";"None";"nan";"7.278538";"43.702866";"000LD"
"2025-43653";"2025-02-12";"1";"Vente";"300000.0";"31.0";"None";"BD CARABACEL";"1120";"06000";"06088";"Nice";"06";"None";"None";"06088000LD0215";"None";"None";"13";"69.47";"None";"nan";"None";"nan";"None";"None";"None";"None";"1";"4";"Local industriel. commercial ou assimilé";"100.0";"0.0";"None";"None";"None";"None";"nan";"7.275409";"43.703492";"000LD"
"2025-43175";"2025-01-30";"1";"Vente";"770000.0";"15.0";"None";"RUE DELILLE";"1885";"06000";"06088";"Nice";"06";"None";"None";"06088000LD0263";"None";"None";"12";"nan";"None";"nan";"None";"nan";"None";"None";"None";"None";"1";"2";"Appartement";"42.0";"1.0";"None";"None";"None";"None";"nan";"7.275523";"43.701601";"000LD"
"2025-43175";"2025-01-30";"1";"Vente";"770000.0";"15.0";"None";"RUE DELILLE";"1885";"06000";"06088";"Nice";"06";"None";"None";"06088000LD0263";"None";"None";"14";"nan";"None";"nan";"None";"nan";"None";"None";"None";"None";"1";"3";"Dépendance";"nan";"0.0";"None";"None";"None";"None";"nan";"7.275523";"43.701601";"000LD"
"2025-43175";"2025-01-30";"1";"Vente";"770000.0";"15.0";"None";"RUE DELILLE";"1885";"06000";"06088";"Nice";"06";"None";"None";"06088000LD0263";"None";"None";"1";"nan";"13";"nan";"None";"nan";"None";"None";"None";"None";"2";"4";"Local industriel. commercial ou assimilé";"112.0";"0.0";"None";"None";"None";"None";"nan";"7.275523";"43.701601";"000LD"
"2025-42708";"2025-01-23";"1";"Vente";"650000.0";"10.0";"None";"RUE DELILLE";"1885";"06000";"06088";"Nice";"06";"None";"None";"06088000LD0123";"None";"None";"12";"118.78";"None";"nan";"None";"nan";"None";"None";"None";"None";"1";"2";"Appartement";"134.0";"5.0";"None";"None";"None";"None";"nan";"7.276917";"43.701439";"000LD"
"2025-43359";"2025-01-22";"1";"Vente";"247134.0";"16.0";"None";"RUE TONDUTI DE L ESCARENE";"6425";"06000";"06088";"Nice";"06";"None";"None";"06088000LD0149";"None";"None";"27";"38.12";"None";"nan";"None";"nan";"None";"None";"None";"None";"1";"2";"Appartement";"40.0";"2.0";"None";"None";"None";"None";"nan";"7.275299";"43.701359";"000LD"
"2025-42753";"2025-01-17";"1";"Vente";"410000.0";"6.0";"None";"RUE DELILLE";"1885";"06000";"06088";"Nice";"06";"None";"None";"06088000LD0223";"None";"None";"17";"nan";"32";"72.8";"None";"nan";"None";"None";"None";"None";"2";"4";"Local industriel. commercial ou assimilé";"55.0";"0.0";"None";"None";"None";"None";"nan";"7.277231";"43.701442";"000LD"
"2025-42771";"2025-01-16";"1";"Vente";"850000.0";"17.0";"None";"BD DUBOUCHAGE";"2102";"06000";"06088";"Nice";"06";"None";"None";"06088000LD0178";"None";"None";"25";"nan";"37";"nan";"39";"nan";"None";"None";"None";"None";"3";"2";"Appartement";"100.0";"4.0";"None";"None";"None";"None";"nan";"7.272694";"43.702472";"000LD"
"2025-42771";"2025-01-16";"1";"Vente";"850000.0";"17.0";"None";"BD DUBOUCHAGE";"2102";"06000";"06088";"Nice";"06";"None";"None";"06088000LD0178";"None";"None";"25";"nan";"37";"nan";"39";"nan";"None";"None";"None";"None";"3";"3";"Dépendance";"nan";"0.0";"None";"None";"None";"None";"nan";"7.272694";"43.702472";"000LD"
"2025-42771";"2025-01-16";"1";"Vente";"850000.0";"17.0";"None";"BD DUBOUCHAGE";"2102";"06000";"06088";"Nice";"06";"None";"None";"06088000LD0178";"None";"None";"25";"nan";"37";"nan";"39";"nan";"None";"None";"None";"None";"3";"3";"Dépendance";"nan";"0.0";"None";"None";"None";"None";"nan";"7.272694";"43.702472";"000LD"
"2025-42303";"2025-01-14";"1";"Vente";"608950.0";"35.0";"None";"BD CARABACEL";"1120";"06000";"06088";"Nice";"06";"None";"None";"06088000LD0031";"None";"None";"17";"nan";"2";"nan";"None";"nan";"None";"None";"None";"None";"2";"2";"Appartement";"108.0";"4.0";"None";"None";"None";"None";"nan";"7.274975";"43.703567";"000LD"
"2025-42303";"2025-01-14";"1";"Vente";"608950.0";"35.0";"None";"BD CARABACEL";"1120";"06000";"06088";"Nice";"06";"None";"None";"06088000LD0031";"None";"None";"34";"nan";"None";"nan";"None";"nan";"None";"None";"None";"None";"1";"3";"Dépendance";"nan";"0.0";"None";"None";"None";"None";"nan";"7.274975";"43.703567";"000LD"
"2025-42303";"2025-01-14";"1";"Vente";"608950.0";"35.0";"None";"BD CARABACEL";"1120";"06000";"06088";"Nice";"06";"None";"None";"06088000LD0031";"None";"None";"17";"nan";"2";"nan";"None";"nan";"None";"None";"None";"None";"2";"3";"Dépendance";"nan";"0.0";"None";"None";"None";"None";"nan";"7.274975";"43.703567";"000LD"
"2025-42303";"2025-01-14";"1";"Vente";"608950.0";"35.0";"None";"BD CARABACEL";"1120";"06000";"06088";"Nice";"06";"None";"None";"06088000LD0031";"None";"None";"32";"nan";"None";"nan";"None";"nan";"None";"None";"None";"None";"1";"3";"Dépendance";"nan";"0.0";"None";"None";"None";"None";"nan";"7.274975";"43.703567";"000LD"
"2024-54427";"2024-12-23";"1";"Vente";"236473.0";"33.0";"None";"RUE DELILLE";"1885";"06000";"06088";"Nice";"06";"None";"None";"06088000LD0174";"None";"None";"25";"28.81";"None";"nan";"None";"nan";"None";"None";"None";"None";"1";"2";"Appartement";"27.0";"2.0";"None";"None";"None";"None";"nan";"7.27298";"43.702473";"000LD"
"2024-54109";"2024-12-20";"1";"Vente";"530000.0";"18.0";"None";"RUE GIOFFREDO";"2950";"06000";"06088";"Nice";"06";"None";"None";"06088000LD0144";"None";"None";"4";"107.4";"None";"nan";"None";"nan";"None";"None";"None";"None";"1";"2";"Appartement";"105.0";"5.0";"None";"None";"None";"None";"nan";"7.275868";"43.701528";"000LD"
"2024-54109";"2024-12-20";"1";"Vente";"530000.0";"18.0";"None";"RUE GIOFFREDO";"2950";"06000";"06088";"Nice";"06";"None";"None";"06088000LD0144";"None";"None";"4";"107.4";"None";"nan";"None";"nan";"None";"None";"None";"None";"1";"3";"Dépendance";"nan";"0.0";"None";"None";"None";"None";"nan";"7.275868";"43.701528";"000LD"
"2024-54255";"2024-12-16";"1";"Vente";"245500.0";"4.0";"None";"RUE DEFLY";"1880";"06000";"06088";"Nice";"06";"None";"None";"06088000LD0277";"None";"None";"32";"35.68";"None";"nan";"None";"nan";"None";"None";"None";"None";"1";"2";"Appartement";"37.0";"2.0";"None";"None";"None";"None";"nan";"7.277525";"43.702001";"000LD"
"2024-54524";"2024-12-11";"1";"Vente";"76000.0";"14.0";"None";"RUE DELILLE";"1885";"06000";"06088";"Nice";"06";"None";"None";"06088000LD0219";"None";"None";"8";"24.48";"None";"nan";"None";"nan";"None";"None";"None";"None";"1";"2";"Appartement";"24.0";"1.0";"None";"None";"None";"None";"nan";"7.276642";"43.701643";"000LD"
"2024-52736";"2024-11-27";"1";"Vente";"290000.0";"19.0";"None";"RUE DELILLE";"1885";"06000";"06088";"Nice";"06";"None";"None";"06088000LD0185";"None";"None";"21";"nan";"None";"nan";"None";"nan";"None";"None";"None";"None";"1";"2";"Appartement";"41.0";"3.0";"None";"None";"None";"None";"nan";"7.27458";"43.702034";"000LD"
"2024-53610";"2024-11-25";"1";"Vente";"260000.0";"16.0";"None";"RUE GIOFFREDO";"2950";"06000";"06088";"Nice";"06";"None";"None";"06088000LD0257";"None";"None";"11";"54.73";"22";"nan";"None";"nan";"None";"None";"None";"None";"2";"2";"Appartement";"56.0";"2.0";"None";"None";"None";"None";"nan";"7.275974";"43.701806";"000LD"
"2024-53610";"2024-11-25";"1";"Vente";"260000.0";"16.0";"None";"RUE GIOFFREDO";"2950";"06000";"06088";"Nice";"06";"None";"None";"06088000LD0257";"None";"None";"11";"54.73";"22";"nan";"None";"nan";"None";"None";"None";"None";"2";"3";"Dépendance";"nan";"0.0";"None";"None";"None";"None";"nan";"7.275974";"43.701806";"000LD"
"2024-52551";"2024-11-12";"1";"Vente";"258135.0";"4.0";"None";"RUE DEFLY";"1880";"06000";"06088";"Nice";"06";"None";"None";"06088000LD0277";"None";"None";"31";"nan";"None";"nan";"None";"nan";"None";"None";"None";"None";"1";"2";"Appartement";"31.0";"2.0";"None";"None";"None";"None";"nan";"7.277525";"43.702001";"000LD"
"2024-51903";"2024-11-08";"1";"Vente";"21166.33";"24.0";"None";"AV SAINT JEAN BAPTISTE";"5805";"06000";"06088";"Nice";"06";"None";"None";"06088000LD0214";"None";"None";"322";"nan";"None";"nan";"None";"nan";"None";"None";"None";"None";"1";"2";"Appartement";"55.0";"2.0";"None";"None";"None";"None";"nan";"7.277032";"43.700947";"000LD"
"2024-51903";"2024-11-08";"1";"Vente";"21166.33";"24.0";"None";"AV SAINT JEAN BAPTISTE";"5805";"06000";"06088";"Nice";"06";"None";"None";"06088000LD0214";"None";"None";"316";"nan";"None";"nan";"None";"nan";"None";"None";"None";"None";"1";"3";"Dépendance";"nan";"0.0";"None";"None";"None";"None";"nan";"7.277032";"43.700947";"000LD"
"2024-51561";"2024-10-21";"1";"Vente";"149000.0";"24.0";"None";"RUE TONDUTI DE L ESCARENE";"6425";"06000";"06088";"Nice";"06";"None";"None";"06088000LD0153";"None";"None";"6";"nan";"None";"nan";"None";"nan";"None";"None";"None";"None";"1";"2";"Appartement";"30.0";"2.0";"None";"None";"None";"None";"nan";"7.27438";"43.701655";"000LD"
"2024-51713";"2024-10-18";"1";"Vente";"156000.0";"25.0";"None";"BD CARABACEL";"1120";"06000";"06088";"Nice";"06";"None";"None";"06088000LD0225";"None";"None";"37";"20.73";"None";"nan";"None";"nan";"None";"None";"None";"None";"1";"2";"Appartement";"21.0";"1.0";"None";"None";"None";"None";"nan";"7.27576";"43.703351";"000LD"
"2024-51895";"2024-10-17";"1";"Vente";"230000.0";"22.0";"None";"RUE TONDUTI DE L ESCARENE";"6425";"06000";"06088";"Nice";"06";"None";"None";"06088000LD0152";"None";"None";"34";"nan";"None";"nan";"None";"nan";"None";"None";"None";"None";"1";"2";"Appartement";"30.0";"1.0";"None";"None";"None";"None";"nan";"7.274581";"43.701576";"000LD"
"2024-51895";"2024-10-17";"1";"Vente";"230000.0";"22.0";"None";"RUE TONDUTI DE L ESCARENE";"6425";"06000";"06088";"Nice";"06";"None";"None";"06088000LD0152";"None";"None";"34";"nan";"None";"nan";"None";"nan";"None";"None";"None";"None";"1";"3";"Dépendance";"nan";"0.0";"None";"None";"None";"None";"nan";"7.274581";"43.701576";"000LD"
"2024-51113";"2024-10-16";"1";"Vente";"304000.0";"15.0";"None";"RUE DEFLY";"1880";"06000";"06088";"Nice";"06";"None";"None";"06088000LD0101";"None";"None";"108";"68.84";"None";"nan";"None";"nan";"None";"None";"None";"None";"1";"2";"Appartement";"70.0";"3.0";"None";"None";"None";"None";"nan";"7.275998";"43.702157";"000LD"
"2024-51388";"2024-10-07";"1";"Vente";"139000.0";"27.0";"None";"BD CARABACEL";"1120";"06000";"06088";"Nice";"06";"None";"None";"06088000LD0036";"None";"None";"17";"nan";"None";"nan";"None";"nan";"None";"None";"None";"None";"1";"2";"Appartement";"22.0";"1.0";"None";"None";"None";"None";"nan";"7.275504";"43.703403";"000LD"
"2024-51198";"2024-09-30";"1";"Vente";"460000.0";"22.0";"None";"RUE TONDUTI DE L ESCARENE";"6425";"06000";"06088";"Nice";"06";"None";"None";"06088000LD0152";"None";"None";"33";"48.12";"None";"nan";"None";"nan";"None";"None";"None";"None";"1";"2";"Appartement";"45.0";"2.0";"None";"None";"None";"None";"nan";"7.274581";"43.701576";"000LD"
"2024-51198";"2024-09-30";"1";"Vente";"460000.0";"22.0";"None";"RUE TONDUTI DE L ESCARENE";"6425";"06000";"06088";"Nice";"06";"None";"None";"06088000LD0152";"None";"None";"33";"48.12";"None";"nan";"None";"nan";"None";"None";"None";"None";"1";"3";"Dépendance";"nan";"0.0";"None";"None";"None";"None";"nan";"7.274581";"43.701576";"000LD"
"2024-49923";"2024-09-20";"1";"Vente";"375000.0";"5.0";"None";"RUE ADOLPHE DE ROTHSCHILD";"0042";"06000";"06088";"Nice";"06";"None";"None";"06088000LD0025";"None";"None";"17";"52.15";"None";"nan";"None";"nan";"None";"None";"None";"None";"1";"2";"Appartement";"55.0";"2.0";"None";"None";"None";"None";"nan";"7.273205";"43.70315";"000LD"
"2024-54857";"2024-09-19";"1";"Adjudication";"217000.0";"25.0";"None";"BD CARABACEL";"1120";"06000";"06088";"Nice";"06";"None";"None";"06088000LD0225";"None";"None";"64";"nan";"None";"nan";"None";"nan";"None";"None";"None";"None";"1";"2";"Appartement";"51.0";"3.0";"None";"None";"None";"None";"nan";"7.27576";"43.703351";"000LD"
"2024-49810";"2024-09-18";"1";"Vente";"214860.0";"7.0";"None";"PL GENERAL MARSHALL";"2883";"06000";"06088";"Nice";"06";"None";"None";"06088000LD0105";"None";"None";"3";"nan";"None";"nan";"None";"nan";"None";"None";"None";"None";"1";"2";"Appartement";"28.0";"1.0";"None";"None";"None";"None";"nan";"7.275838";"43.702059";"000LD"
"2024-49485";"2024-09-11";"1";"Vente";"20000.0";"16.0";"None";"RUE TONDUTI DE L ESCARENE";"6425";"06000";"06088";"Nice";"06";"None";"None";"06088000LD0149";"None";"None";"18";"15.0";"None";"nan";"None";"nan";"None";"None";"None";"None";"1";"3";"Dépendance";"nan";"0.0";"None";"None";"None";"None";"nan";"7.275299";"43.701359";"000LD"
"2024-49245";"2024-09-04";"1";"Vente";"599000.0";"6.0";"None";"RUE DELILLE";"1885";"06000";"06088";"Nice";"06";"None";"None";"06088000LD0223";"None";"None";"42";"89.56";"None";"nan";"None";"nan";"None";"None";"None";"None";"1";"2";"Appartement";"89.0";"3.0";"None";"None";"None";"None";"nan";"7.277231";"43.701442";"000LD"
"2024-49245";"2024-09-04";"1";"Vente";"599000.0";"6.0";"None";"RUE DELILLE";"1885";"06000";"06088";"Nice";"06";"None";"None";"06088000LD0223";"None";"None";"42";"89.56";"None";"nan";"None";"nan";"None";"None";"None";"None";"1";"3";"Dépendance";"nan";"0.0";"None";"None";"None";"None";"nan";"7.277231";"43.701442";"000LD"
"2024-50399";"2024-08-30";"1";"Vente";"249000.0";"1.0";"None";"RUE DEFLY";"1880";"06000";"06088";"Nice";"06";"None";"None";"06088000LD0118";"None";"None";"29";"nan";"None";"nan";"None";"nan";"None";"None";"None";"None";"1";"2";"Appartement";"57.0";"3.0";"None";"None";"None";"None";"nan";"7.277673";"43.701545";"000LD"
"2024-49393";"2024-08-29";"1";"Vente";"159000.0";"12.0";"None";"RUE PENCHIENATTI";"4940";"06000";"06088";"Nice";"06";"None";"None";"06088000LD0048";"None";"None";"23";"24.45";"25";"nan";"None";"nan";"None";"None";"None";"None";"2";"2";"Appartement";"29.0";"2.0";"None";"None";"None";"None";"nan";"7.27658";"43.702866";"000LD"
"2024-49393";"2024-08-29";"1";"Vente";"159000.0";"12.0";"None";"RUE PENCHIENATTI";"4940";"06000";"06088";"Nice";"06";"None";"None";"06088000LD0048";"None";"None";"23";"24.45";"25";"nan";"None";"nan";"None";"None";"None";"None";"2";"3";"Dépendance";"nan";"0.0";"None";"None";"None";"None";"nan";"7.27658";"43.702866";"000LD"
"2024-48793";"2024-08-13";"1";"Vente";"289600.0";"2.0";"None";"RUE DELILLE";"1885";"06000";"06088";"Nice";"06";"None";"None";"06088000LD0129";"None";"None";"9";"nan";"None";"nan";"None";"nan";"None";"None";"None";"None";"1";"2";"Appartement";"60.0";"3.0";"None";"None";"None";"None";"nan";"7.27752";"43.701235";"000LD"
"2024-48641";"2024-08-08";"1";"Vente";"325000.0";"4.0";"None";"RUE GIOFFREDO";"2950";"06000";"06088";"Nice";"06";"None";"None";"06088000LD0049";"None";"None";"42";"nan";"None";"nan";"None";"nan";"None";"None";"None";"None";"1";"2";"Appartement";"75.0";"3.0";"None";"None";"None";"None";"nan";"7.276715";"43.702888";"000LD"
"2024-47869";"2024-07-25";"1";"Vente";"400000.0";"10.0";"None";"RUE DELILLE";"1885";"06000";"06088";"Nice";"06";"None";"None";"06088000LD0123";"None";"None";"12";"nan";"None";"nan";"None";"nan";"None";"None";"None";"None";"1";"2";"Appartement";"134.0";"5.0";"None";"None";"None";"None";"nan";"7.276917";"43.701439";"000LD"
"2024-47441";"2024-07-12";"1";"Vente";"375000.0";"9.0";"None";"BD DUBOUCHAGE";"2102";"06000";"06088";"Nice";"06";"None";"None";"06088000LD0026";"None";"None";"22";"76.61";"7";"nan";"None";"nan";"None";"None";"None";"None";"2";"2";"Appartement";"82.0";"3.0";"None";"None";"None";"None";"nan";"7.273094";"43.703018";"000LD"
"2024-47441";"2024-07-12";"1";"Vente";"375000.0";"9.0";"None";"BD DUBOUCHAGE";"2102";"06000";"06088";"Nice";"06";"None";"None";"06088000LD0026";"None";"None";"22";"76.61";"7";"nan";"None";"nan";"None";"None";"None";"None";"2";"3";"Dépendance";"nan";"0.0";"None";"None";"None";"None";"nan";"7.273094";"43.703018";"000LD"
"2024-48204";"2024-07-09";"1";"Vente";"4888886.0";"2.0";"None";"RUE GIOFFREDO";"2950";"06000";"06088";"Nice";"06";"None";"None";"06088000LD0052";"None";"None";"None";"nan";"None";"nan";"None";"nan";"None";"None";"None";"None";"0";"2";"Appartement";"95.0";"5.0";"S";"sols";"None";"None";"344.0";"7.27688";"43.703012";"000LD"
"2024-48204";"2024-07-09";"1";"Vente";"4888886.0";"2.0";"None";"RUE GIOFFREDO";"2950";"06000";"06088";"Nice";"06";"None";"None";"06088000LD0052";"None";"None";"None";"nan";"None";"nan";"None";"nan";"None";"None";"None";"None";"0";"2";"Appartement";"95.0";"5.0";"S";"sols";"None";"None";"344.0";"7.27688";"43.703012";"000LD"
"2024-48204";"2024-07-09";"1";"Vente";"4888886.0";"2.0";"None";"RUE GIOFFREDO";"2950";"06000";"06088";"Nice";"06";"None";"None";"06088000LD0052";"None";"None";"None";"nan";"None";"nan";"None";"nan";"None";"None";"None";"None";"0";"2";"Appartement";"131.0";"6.0";"S";"sols";"None";"None";"344.0";"7.27688";"43.703012";"000LD"
"2024-48204";"2024-07-09";"1";"Vente";"4888886.0";"2.0";"None";"RUE GIOFFREDO";"2950";"06000";"06088";"Nice";"06";"None";"None";"06088000LD0052";"None";"None";"None";"nan";"None";"nan";"None";"nan";"None";"None";"None";"None";"0";"2";"Appartement";"94.0";"5.0";"S";"sols";"None";"None";"344.0";"7.27688";"43.703012";"000LD"
"2024-48204";"2024-07-09";"1";"Vente";"4888886.0";"2.0";"None";"RUE GIOFFREDO";"2950";"06000";"06088";"Nice";"06";"None";"None";"06088000LD0052";"None";"None";"None";"nan";"None";"nan";"None";"nan";"None";"None";"None";"None";"0";"2";"Appartement";"98.0";"4.0";"S";"sols";"None";"None";"344.0";"7.27688";"43.703012";"000LD"
"2024-48204";"2024-07-09";"1";"Vente";"4888886.0";"2.0";"None";"RUE GIOFFREDO";"2950";"06000";"06088";"Nice";"06";"None";"None";"06088000LD0052";"None";"None";"None";"nan";"None";"nan";"None";"nan";"None";"None";"None";"None";"0";"2";"Appartement";"93.0";"5.0";"S";"sols";"None";"None";"344.0";"7.27688";"43.703012";"000LD"
"2024-48204";"2024-07-09";"1";"Vente";"4888886.0";"2.0";"None";"RUE GIOFFREDO";"2950";"06000";"06088";"Nice";"06";"None";"None";"06088000LD0052";"None";"None";"None";"nan";"None";"nan";"None";"nan";"None";"None";"None";"None";"0";"2";"Appartement";"57.0";"3.0";"S";"sols";"None";"None";"344.0";"7.27688";"43.703012";"000LD"
"2024-48204";"2024-07-09";"1";"Vente";"4888886.0";"2.0";"None";"RUE GIOFFREDO";"2950";"06000";"06088";"Nice";"06";"None";"None";"06088000LD0052";"None";"None";"None";"nan";"None";"nan";"None";"nan";"None";"None";"None";"None";"0";"2";"Appartement";"38.0";"2.0";"S";"sols";"None";"None";"344.0";"7.27688";"43.703012";"000LD"
"2024-48204";"2024-07-09";"1";"Vente";"4888886.0";"2.0";"None";"RUE GIOFFREDO";"2950";"06000";"06088";"Nice";"06";"None";"None";"06088000LD0052";"None";"None";"None";"nan";"None";"nan";"None";"nan";"None";"None";"None";"None";"0";"2";"Appartement";"56.0";"2.0";"S";"sols";"None";"None";"344.0";"7.27688";"43.703012";"000LD"
"2024-48204";"2024-07-09";"1";"Vente";"4888886.0";"2.0";"None";"RUE GIOFFREDO";"2950";"06000";"06088";"Nice";"06";"None";"None";"06088000LD0052";"None";"None";"None";"nan";"None";"nan";"None";"nan";"None";"None";"None";"None";"0";"3";"Dépendance";"nan";"0.0";"S";"sols";"None";"None";"344.0";"7.27688";"43.703012";"000LD"
"2024-48204";"2024-07-09";"1";"Vente";"4888886.0";"2.0";"None";"RUE GIOFFREDO";"2950";"06000";"06088";"Nice";"06";"None";"None";"06088000LD0052";"None";"None";"None";"nan";"None";"nan";"None";"nan";"None";"None";"None";"None";"0";"3";"Dépendance";"nan";"0.0";"S";"sols";"None";"None";"344.0";"7.27688";"43.703012";"000LD"
"2024-48204";"2024-07-09";"1";"Vente";"4888886.0";"2.0";"None";"RUE GIOFFREDO";"2950";"06000";"06088";"Nice";"06";"None";"None";"06088000LD0052";"None";"None";"None";"nan";"None";"nan";"None";"nan";"None";"None";"None";"None";"0";"3";"Dépendance";"nan";"0.0";"S";"sols";"None";"None";"344.0";"7.27688";"43.703012";"000LD"
"2024-48204";"2024-07-09";"1";"Vente";"4888886.0";"2.0";"None";"RUE GIOFFREDO";"2950";"06000";"06088";"Nice";"06";"None";"None";"06088000LD0052";"None";"None";"None";"nan";"None";"nan";"None";"nan";"None";"None";"None";"None";"0";"3";"Dépendance";"nan";"0.0";"S";"sols";"None";"None";"344.0";"7.27688";"43.703012";"000LD"
"2024-48204";"2024-07-09";"1";"Vente";"4888886.0";"2.0";"None";"RUE GIOFFREDO";"2950";"06000";"06088";"Nice";"06";"None";"None";"06088000LD0052";"None";"None";"None";"nan";"None";"nan";"None";"nan";"None";"None";"None";"None";"0";"3";"Dépendance";"nan";"0.0";"S";"sols";"None";"None";"344.0";"7.27688";"43.703012";"000LD"
"2024-48204";"2024-07-09";"1";"Vente";"4888886.0";"2.0";"None";"RUE GIOFFREDO";"2950";"06000";"06088";"Nice";"06";"None";"None";"06088000LD0052";"None";"None";"None";"nan";"None";"nan";"None";"nan";"None";"None";"None";"None";"0";"3";"Dépendance";"nan";"0.0";"S";"sols";"None";"None";"344.0";"7.27688";"43.703012";"000LD"
"2024-48204";"2024-07-09";"1";"Vente";"4888886.0";"2.0";"None";"RUE GIOFFREDO";"2950";"06000";"06088";"Nice";"06";"None";"None";"06088000LD0052";"None";"None";"None";"nan";"None";"nan";"None";"nan";"None";"None";"None";"None";"0";"3";"Dépendance";"nan";"0.0";"S";"sols";"None";"None";"344.0";"7.27688";"43.703012";"000LD"
"2024-47382";"2024-07-09";"1";"Vente";"15000.0";"21.0";"None";"RUE GIOFFREDO";"2950";"06000";"06088";"Nice";"06";"None";"None";"06088000LD0138";"None";"None";"26";"nan";"27";"nan";"None";"nan";"None";"None";"None";"None";"2";"4";"Local industriel. commercial ou assimilé";"600.0";"0.0";"None";"None";"None";"None";"nan";"7.276196";"43.701146";"000LD"
"2024-48204";"2024-07-09";"1";"Vente";"4888886.0";"2.0";"None";"RUE GIOFFREDO";"2950";"06000";"06088";"Nice";"06";"None";"None";"06088000LD0052";"None";"None";"None";"nan";"None";"nan";"None";"nan";"None";"None";"None";"None";"0";"4";"Local industriel. commercial ou assimilé";"80.0";"0.0";"S";"sols";"None";"None";"344.0";"7.27688";"43.703012";"000LD"
"2024-48204";"2024-07-09";"1";"Vente";"4888886.0";"2.0";"None";"RUE GIOFFREDO";"2950";"06000";"06088";"Nice";"06";"None";"None";"06088000LD0052";"None";"None";"None";"nan";"None";"nan";"None";"nan";"None";"None";"None";"None";"0";"4";"Local industriel. commercial ou assimilé";"92.0";"0.0";"S";"sols";"None";"None";"344.0";"7.27688";"43.703012";"000LD"
"2024-48204";"2024-07-09";"1";"Vente";"4888886.0";"2.0";"None";"RUE GIOFFREDO";"2950";"06000";"06088";"Nice";"06";"None";"None";"06088000LD0052";"None";"None";"None";"nan";"None";"nan";"None";"nan";"None";"None";"None";"None";"0";"4";"Local industriel. commercial ou assimilé";"101.0";"0.0";"S";"sols";"None";"None";"344.0";"7.27688";"43.703012";"000LD"
"2024-47762";"2024-07-04";"1";"Vente";"479000.0";"9.0";"None";"RUE GIOFFREDO";"2950";"06000";"06088";"Nice";"06";"None";"None";"06088000LD0088";"None";"None";"9";"80.03";"None";"nan";"None";"nan";"None";"None";"None";"None";"1";"2";"Appartement";"84.0";"4.0";"None";"None";"None";"None";"nan";"7.276811";"43.702261";"000LD"
"2024-47394";"2024-06-28";"1";"Vente";"195000.0";"6.0";"None";"RUE DELILLE";"1885";"06000";"06088";"Nice";"06";"None";"None";"06088000LD0223";"None";"None";"52";"nan";"None";"nan";"None";"nan";"None";"None";"None";"None";"1";"2";"Appartement";"25.0";"1.0";"None";"None";"None";"None";"nan";"7.277231";"43.701442";"000LD"
"2024-46152";"2024-06-26";"1";"Vente";"135000.0";"5.0";"None";"RUE PENCHIENATTI";"4940";"06000";"06088";"Nice";"06";"None";"None";"06088000LD0075";"None";"None";"17";"nan";"None";"nan";"None";"nan";"None";"None";"None";"None";"1";"2";"Appartement";"27.0";"1.0";"None";"None";"None";"None";"nan";"7.277541";"43.702183";"000LD"
"2024-47173";"2024-06-25";"1";"Vente";"840000.0";"2.0";"None";"RUE GIOFFREDO";"2950";"06000";"06088";"Nice";"06";"None";"None";"06088000LD0052";"None";"None";"None";"nan";"None";"nan";"None";"nan";"None";"None";"None";"None";"0";"2";"Appartement";"94.0";"5.0";"S";"sols";"None";"None";"344.0";"7.27688";"43.703012";"000LD"
"2024-47173";"2024-06-25";"1";"Vente";"840000.0";"2.0";"None";"RUE GIOFFREDO";"2950";"06000";"06088";"Nice";"06";"None";"None";"06088000LD0052";"None";"None";"None";"nan";"None";"nan";"None";"nan";"None";"None";"None";"None";"0";"2";"Appartement";"93.0";"5.0";"S";"sols";"None";"None";"344.0";"7.27688";"43.703012";"000LD"
"2024-47173";"2024-06-25";"1";"Vente";"840000.0";"2.0";"None";"RUE GIOFFREDO";"2950";"06000";"06088";"Nice";"06";"None";"None";"06088000LD0052";"None";"None";"None";"nan";"None";"nan";"None";"nan";"None";"None";"None";"None";"0";"2";"Appartement";"95.0";"5.0";"S";"sols";"None";"None";"344.0";"7.27688";"43.703012";"000LD"
"2024-47173";"2024-06-25";"1";"Vente";"840000.0";"2.0";"None";"RUE GIOFFREDO";"2950";"06000";"06088";"Nice";"06";"None";"None";"06088000LD0052";"None";"None";"None";"nan";"None";"nan";"None";"nan";"None";"None";"None";"None";"0";"2";"Appartement";"131.0";"6.0";"S";"sols";"None";"None";"344.0";"7.27688";"43.703012";"000LD"
"2024-47173";"2024-06-25";"1";"Vente";"840000.0";"2.0";"None";"RUE GIOFFREDO";"2950";"06000";"06088";"Nice";"06";"None";"None";"06088000LD0052";"None";"None";"None";"nan";"None";"nan";"None";"nan";"None";"None";"None";"None";"0";"2";"Appartement";"95.0";"5.0";"S";"sols";"None";"None";"344.0";"7.27688";"43.703012";"000LD"
"2024-47173";"2024-06-25";"1";"Vente";"840000.0";"2.0";"None";"RUE GIOFFREDO";"2950";"06000";"06088";"Nice";"06";"None";"None";"06088000LD0052";"None";"None";"None";"nan";"None";"nan";"None";"nan";"None";"None";"None";"None";"0";"2";"Appartement";"98.0";"4.0";"S";"sols";"None";"None";"344.0";"7.27688";"43.703012";"000LD"
"2024-47173";"2024-06-25";"1";"Vente";"840000.0";"2.0";"None";"RUE GIOFFREDO";"2950";"06000";"06088";"Nice";"06";"None";"None";"06088000LD0052";"None";"None";"None";"nan";"None";"nan";"None";"nan";"None";"None";"None";"None";"0";"2";"Appartement";"56.0";"2.0";"S";"sols";"None";"None";"344.0";"7.27688";"43.703012";"000LD"
"2024-47173";"2024-06-25";"1";"Vente";"840000.0";"2.0";"None";"RUE GIOFFREDO";"2950";"06000";"06088";"Nice";"06";"None";"None";"06088000LD0052";"None";"None";"None";"nan";"None";"nan";"None";"nan";"None";"None";"None";"None";"0";"2";"Appartement";"38.0";"2.0";"S";"sols";"None";"None";"344.0";"7.27688";"43.703012";"000LD"
"2024-47173";"2024-06-25";"1";"Vente";"840000.0";"2.0";"None";"RUE GIOFFREDO";"2950";"06000";"06088";"Nice";"06";"None";"None";"06088000LD0052";"None";"None";"None";"nan";"None";"nan";"None";"nan";"None";"None";"None";"None";"0";"2";"Appartement";"57.0";"3.0";"S";"sols";"None";"None";"344.0";"7.27688";"43.703012";"000LD"
"2024-47173";"2024-06-25";"1";"Vente";"840000.0";"2.0";"None";"RUE GIOFFREDO";"2950";"06000";"06088";"Nice";"06";"None";"None";"06088000LD0052";"None";"None";"None";"nan";"None";"nan";"None";"nan";"None";"None";"None";"None";"0";"3";"Dépendance";"nan";"0.0";"S";"sols";"None";"None";"344.0";"7.27688";"43.703012";"000LD"
"2024-47173";"2024-06-25";"1";"Vente";"840000.0";"2.0";"None";"RUE GIOFFREDO";"2950";"06000";"06088";"Nice";"06";"None";"None";"06088000LD0052";"None";"None";"None";"nan";"None";"nan";"None";"nan";"None";"None";"None";"None";"0";"3";"Dépendance";"nan";"0.0";"S";"sols";"None";"None";"344.0";"7.27688";"43.703012";"000LD"
"2024-47173";"2024-06-25";"1";"Vente";"840000.0";"2.0";"None";"RUE GIOFFREDO";"2950";"06000";"06088";"Nice";"06";"None";"None";"06088000LD0052";"None";"None";"None";"nan";"None";"nan";"None";"nan";"None";"None";"None";"None";"0";"3";"Dépendance";"nan";"0.0";"S";"sols";"None";"None";"344.0";"7.27688";"43.703012";"000LD"
"2024-47173";"2024-06-25";"1";"Vente";"840000.0";"2.0";"None";"RUE GIOFFREDO";"2950";"06000";"06088";"Nice";"06";"None";"None";"06088000LD0052";"None";"None";"None";"nan";"None";"nan";"None";"nan";"None";"None";"None";"None";"0";"3";"Dépendance";"nan";"0.0";"S";"sols";"None";"None";"344.0";"7.27688";"43.703012";"000LD"
"2024-47173";"2024-06-25";"1";"Vente";"840000.0";"2.0";"None";"RUE GIOFFREDO";"2950";"06000";"06088";"Nice";"06";"None";"None";"06088000LD0052";"None";"None";"None";"nan";"None";"nan";"None";"nan";"None";"None";"None";"None";"0";"3";"Dépendance";"nan";"0.0";"S";"sols";"None";"None";"344.0";"7.27688";"43.703012";"000LD"
"2024-47173";"2024-06-25";"1";"Vente";"840000.0";"2.0";"None";"RUE GIOFFREDO";"2950";"06000";"06088";"Nice";"06";"None";"None";"06088000LD0052";"None";"None";"None";"nan";"None";"nan";"None";"nan";"None";"None";"None";"None";"0";"3";"Dépendance";"nan";"0.0";"S";"sols";"None";"None";"344.0";"7.27688";"43.703012";"000LD"
"2024-47173";"2024-06-25";"1";"Vente";"840000.0";"2.0";"None";"RUE GIOFFREDO";"2950";"06000";"06088";"Nice";"06";"None";"None";"06088000LD0052";"None";"None";"None";"nan";"None";"nan";"None";"nan";"None";"None";"None";"None";"0";"3";"Dépendance";"nan";"0.0";"S";"sols";"None";"None";"344.0";"7.27688";"43.703012";"000LD"
"2024-47173";"2024-06-25";"1";"Vente";"840000.0";"2.0";"None";"RUE GIOFFREDO";"2950";"06000";"06088";"Nice";"06";"None";"None";"06088000LD0052";"None";"None";"None";"nan";"None";"nan";"None";"nan";"None";"None";"None";"None";"0";"4";"Local industriel. commercial ou assimilé";"101.0";"0.0";"S";"sols";"None";"None";"344.0";"7.27688";"43.703012";"000LD"
"2024-47173";"2024-06-25";"1";"Vente";"840000.0";"2.0";"None";"RUE GIOFFREDO";"2950";"06000";"06088";"Nice";"06";"None";"None";"06088000LD0052";"None";"None";"None";"nan";"None";"nan";"None";"nan";"None";"None";"None";"None";"0";"4";"Local industriel. commercial ou assimilé";"80.0";"0.0";"S";"sols";"None";"None";"344.0";"7.27688";"43.703012";"000LD"
"2024-47173";"2024-06-25";"1";"Vente";"840000.0";"2.0";"None";"RUE GIOFFREDO";"2950";"06000";"06088";"Nice";"06";"None";"None";"06088000LD0052";"None";"None";"None";"nan";"None";"nan";"None";"nan";"None";"None";"None";"None";"0";"4";"Local industriel. commercial ou assimilé";"92.0";"0.0";"S";"sols";"None";"None";"344.0";"7.27688";"43.703012";"000LD"
"2024-46151";"2024-06-19";"1";"Vente";"2245833.0";"2.0";"None";"RUE GIOFFREDO";"2950";"06000";"06088";"Nice";"06";"None";"None";"06088000LD0052";"None";"None";"None";"nan";"None";"nan";"None";"nan";"None";"None";"None";"None";"0";"2";"Appartement";"95.0";"5.0";"S";"sols";"None";"None";"344.0";"7.27688";"43.703012";"000LD"
"2024-46151";"2024-06-19";"1";"Vente";"2245833.0";"2.0";"None";"RUE GIOFFREDO";"2950";"06000";"06088";"Nice";"06";"None";"None";"06088000LD0052";"None";"None";"None";"nan";"None";"nan";"None";"nan";"None";"None";"None";"None";"0";"2";"Appartement";"38.0";"2.0";"S";"sols";"None";"None";"344.0";"7.27688";"43.703012";"000LD"
"2024-46151";"2024-06-19";"1";"Vente";"2245833.0";"2.0";"None";"RUE GIOFFREDO";"2950";"06000";"06088";"Nice";"06";"None";"None";"06088000LD0052";"None";"None";"None";"nan";"None";"nan";"None";"nan";"None";"None";"None";"None";"0";"2";"Appartement";"57.0";"3.0";"S";"sols";"None";"None";"344.0";"7.27688";"43.703012";"000LD"
"2024-46151";"2024-06-19";"1";"Vente";"2245833.0";"2.0";"None";"RUE GIOFFREDO";"2950";"06000";"06088";"Nice";"06";"None";"None";"06088000LD0052";"None";"None";"None";"nan";"None";"nan";"None";"nan";"None";"None";"None";"None";"0";"2";"Appartement";"93.0";"5.0";"S";"sols";"None";"None";"344.0";"7.27688";"43.703012";"000LD"
"2024-46151";"2024-06-19";"1";"Vente";"2245833.0";"2.0";"None";"RUE GIOFFREDO";"2950";"06000";"06088";"Nice";"06";"None";"None";"06088000LD0052";"None";"None";"None";"nan";"None";"nan";"None";"nan";"None";"None";"None";"None";"0";"2";"Appartement";"95.0";"5.0";"S";"sols";"None";"None";"344.0";"7.27688";"43.703012";"000LD"
"2024-46151";"2024-06-19";"1";"Vente";"2245833.0";"2.0";"None";"RUE GIOFFREDO";"2950";"06000";"06088";"Nice";"06";"None";"None";"06088000LD0052";"None";"None";"None";"nan";"None";"nan";"None";"nan";"None";"None";"None";"None";"0";"2";"Appartement";"131.0";"6.0";"S";"sols";"None";"None";"344.0";"7.27688";"43.703012";"000LD"
"2024-46151";"2024-06-19";"1";"Vente";"2245833.0";"2.0";"None";"RUE GIOFFREDO";"2950";"06000";"06088";"Nice";"06";"None";"None";"06088000LD0052";"None";"None";"None";"nan";"None";"nan";"None";"nan";"None";"None";"None";"None";"0";"2";"Appartement";"94.0";"5.0";"S";"sols";"None";"None";"344.0";"7.27688";"43.703012";"000LD"
"2024-46151";"2024-06-19";"1";"Vente";"2245833.0";"2.0";"None";"RUE GIOFFREDO";"2950";"06000";"06088";"Nice";"06";"None";"None";"06088000LD0052";"None";"None";"None";"nan";"None";"nan";"None";"nan";"None";"None";"None";"None";"0";"2";"Appartement";"56.0";"2.0";"S";"sols";"None";"None";"344.0";"7.27688";"43.703012";"000LD"
"2024-46151";"2024-06-19";"1";"Vente";"2245833.0";"2.0";"None";"RUE GIOFFREDO";"2950";"06000";"06088";"Nice";"06";"None";"None";"06088000LD0052";"None";"None";"None";"nan";"None";"nan";"None";"nan";"None";"None";"None";"None";"0";"2";"Appartement";"98.0";"4.0";"S";"sols";"None";"None";"344.0";"7.27688";"43.703012";"000LD"
"2024-46151";"2024-06-19";"1";"Vente";"2245833.0";"2.0";"None";"RUE GIOFFREDO";"2950";"06000";"06088";"Nice";"06";"None";"None";"06088000LD0052";"None";"None";"None";"nan";"None";"nan";"None";"nan";"None";"None";"None";"None";"0";"3";"Dépendance";"nan";"0.0";"S";"sols";"None";"None";"344.0";"7.27688";"43.703012";"000LD"
"2024-46151";"2024-06-19";"1";"Vente";"2245833.0";"2.0";"None";"RUE GIOFFREDO";"2950";"06000";"06088";"Nice";"06";"None";"None";"06088000LD0052";"None";"None";"None";"nan";"None";"nan";"None";"nan";"None";"None";"None";"None";"0";"3";"Dépendance";"nan";"0.0";"S";"sols";"None";"None";"344.0";"7.27688";"43.703012";"000LD"
"2024-46151";"2024-06-19";"1";"Vente";"2245833.0";"2.0";"None";"RUE GIOFFREDO";"2950";"06000";"06088";"Nice";"06";"None";"None";"06088000LD0052";"None";"None";"None";"nan";"None";"nan";"None";"nan";"None";"None";"None";"None";"0";"3";"Dépendance";"nan";"0.0";"S";"sols";"None";"None";"344.0";"7.27688";"43.703012";"000LD"
"2024-46151";"2024-06-19";"1";"Vente";"2245833.0";"2.0";"None";"RUE GIOFFREDO";"2950";"06000";"06088";"Nice";"06";"None";"None";"06088000LD0052";"None";"None";"None";"nan";"None";"nan";"None";"nan";"None";"None";"None";"None";"0";"3";"Dépendance";"nan";"0.0";"S";"sols";"None";"None";"344.0";"7.27688";"43.703012";"000LD"
"2024-46151";"2024-06-19";"1";"Vente";"2245833.0";"2.0";"None";"RUE GIOFFREDO";"2950";"06000";"06088";"Nice";"06";"None";"None";"06088000LD0052";"None";"None";"None";"nan";"None";"nan";"None";"nan";"None";"None";"None";"None";"0";"3";"Dépendance";"nan";"0.0";"S";"sols";"None";"None";"344.0";"7.27688";"43.703012";"000LD"
"2024-46151";"2024-06-19";"1";"Vente";"2245833.0";"2.0";"None";"RUE GIOFFREDO";"2950";"06000";"06088";"Nice";"06";"None";"None";"06088000LD0052";"None";"None";"None";"nan";"None";"nan";"None";"nan";"None";"None";"None";"None";"0";"3";"Dépendance";"nan";"0.0";"S";"sols";"None";"None";"344.0";"7.27688";"43.703012";"000LD"
"2024-46151";"2024-06-19";"1";"Vente";"2245833.0";"2.0";"None";"RUE GIOFFREDO";"2950";"06000";"06088";"Nice";"06";"None";"None";"06088000LD0052";"None";"None";"None";"nan";"None";"nan";"None";"nan";"None";"None";"None";"None";"0";"3";"Dépendance";"nan";"0.0";"S";"sols";"None";"None";"344.0";"7.27688";"43.703012";"000LD"
"2024-46151";"2024-06-19";"1";"Vente";"2245833.0";"2.0";"None";"RUE GIOFFREDO";"2950";"06000";"06088";"Nice";"06";"None";"None";"06088000LD0052";"None";"None";"None";"nan";"None";"nan";"None";"nan";"None";"None";"None";"None";"0";"4";"Local industriel. commercial ou assimilé";"80.0";"0.0";"S";"sols";"None";"None";"344.0";"7.27688";"43.703012";"000LD"
"2024-46151";"2024-06-19";"1";"Vente";"2245833.0";"2.0";"None";"RUE GIOFFREDO";"2950";"06000";"06088";"Nice";"06";"None";"None";"06088000LD0052";"None";"None";"None";"nan";"None";"nan";"None";"nan";"None";"None";"None";"None";"0";"4";"Local industriel. commercial ou assimilé";"92.0";"0.0";"S";"sols";"None";"None";"344.0";"7.27688";"43.703012";"000LD"
"2024-46151";"2024-06-19";"1";"Vente";"2245833.0";"2.0";"None";"RUE GIOFFREDO";"2950";"06000";"06088";"Nice";"06";"None";"None";"06088000LD0052";"None";"None";"None";"nan";"None";"nan";"None";"nan";"None";"None";"None";"None";"0";"4";"Local industriel. commercial ou assimilé";"101.0";"0.0";"S";"sols";"None";"None";"344.0";"7.27688";"43.703012";"000LD"
"2024-45650";"2024-06-06";"1";"Vente";"838100.0";"41.0";"None";"BD CARABACEL";"1120";"06000";"06088";"Nice";"06";"None";"None";"06088000LD0001";"None";"None";"41";"192.56";"None";"nan";"None";"nan";"None";"None";"None";"None";"1";"2";"Appartement";"210.0";"6.0";"None";"None";"None";"None";"nan";"7.273853";"43.703936";"000LD"
"2024-45650";"2024-06-06";"1";"Vente";"838100.0";"41.0";"None";"BD CARABACEL";"1120";"06000";"06088";"Nice";"06";"None";"None";"06088000LD0001";"None";"None";"58";"5.27";"None";"nan";"None";"nan";"None";"None";"None";"None";"1";"3";"Dépendance";"nan";"0.0";"None";"None";"None";"None";"nan";"7.273853";"43.703936";"000LD"
"2024-45650";"2024-06-06";"1";"Vente";"838100.0";"41.0";"None";"BD CARABACEL";"1120";"06000";"06088";"Nice";"06";"None";"None";"06088000LD0001";"None";"None";"55";"15.19";"None";"nan";"None";"nan";"None";"None";"None";"None";"1";"3";"Dépendance";"nan";"0.0";"None";"None";"None";"None";"nan";"7.273853";"43.703936";"000LD"
"2024-45650";"2024-06-06";"1";"Vente";"838100.0";"41.0";"None";"BD CARABACEL";"1120";"06000";"06088";"Nice";"06";"None";"None";"06088000LD0001";"None";"None";"57";"5.0";"None";"nan";"None";"nan";"None";"None";"None";"None";"1";"3";"Dépendance";"nan";"0.0";"None";"None";"None";"None";"nan";"7.273853";"43.703936";"000LD"
"2024-45650";"2024-06-06";"1";"Vente";"838100.0";"41.0";"None";"BD CARABACEL";"1120";"06000";"06088";"Nice";"06";"None";"None";"06088000LD0001";"None";"None";"59";"6.1";"None";"nan";"None";"nan";"None";"None";"None";"None";"1";"3";"Dépendance";"nan";"0.0";"None";"None";"None";"None";"nan";"7.273853";"43.703936";"000LD"
"2024-45650";"2024-06-06";"1";"Vente";"838100.0";"41.0";"None";"BD CARABACEL";"1120";"06000";"06088";"Nice";"06";"None";"None";"06088000LD0001";"None";"None";"56";"nan";"None";"nan";"None";"nan";"None";"None";"None";"None";"1";"3";"Dépendance";"nan";"0.0";"None";"None";"None";"None";"nan";"7.273853";"43.703936";"000LD"
"2024-44858";"2024-05-14";"1";"Vente";"335000.0";"1.0";"None";"RUE DEFLY";"1880";"06000";"06088";"Nice";"06";"None";"None";"06088000LD0118";"None";"None";"15";"nan";"None";"nan";"None";"nan";"None";"None";"None";"None";"1";"2";"Appartement";"69.0";"4.0";"None";"None";"None";"None";"nan";"7.277673";"43.701545";"000LD"
"2024-43665";"2024-04-25";"1";"Vente";"447000.0";"7.0";"None";"RUE PASTORELLI";"4850";"06000";"06088";"Nice";"06";"None";"None";"06088000LD0163";"None";"None";"118";"nan";"None";"nan";"None";"nan";"None";"None";"None";"None";"1";"2";"Appartement";"82.0";"3.0";"None";"None";"None";"None";"nan";"7.273738";"43.702267";"000LD"
"2024-43943";"2024-04-22";"1";"Vente";"74000.0";"24.0";"None";"RUE DELILLE";"1885";"06000";"06088";"Nice";"06";"None";"None";"06088000LD0028";"None";"None";"31";"9.09";"None";"nan";"None";"nan";"None";"None";"None";"None";"1";"2";"Appartement";"11.0";"1.0";"None";"None";"None";"None";"nan";"7.273216";"43.702778";"000LD"
"2024-43482";"2024-04-18";"1";"Vente";"109250.0";"10.0";"None";"RUE DELILLE";"1885";"06000";"06088";"Nice";"06";"None";"None";"06088000LD0123";"None";"None";"26";"nan";"None";"nan";"None";"nan";"None";"None";"None";"None";"1";"2";"Appartement";"42.0";"3.0";"None";"None";"None";"None";"nan";"7.276917";"43.701439";"000LD"
"2024-43190";"2024-03-28";"1";"Vente";"1425000.0";"9.0";"None";"RUE DEFLY";"1880";"06000";"06088";"Nice";"06";"None";"None";"06088000LD0281";"None";"None";"34";"nan";"None";"nan";"None";"nan";"None";"None";"None";"None";"1";"2";"Appartement";"56.0";"3.0";"None";"None";"None";"None";"nan";"7.276806";"43.701904";"000LD"
"2024-43190";"2024-03-28";"1";"Vente";"1425000.0";"9.0";"None";"RUE DEFLY";"1880";"06000";"06088";"Nice";"06";"None";"None";"06088000LD0281";"None";"None";"33";"nan";"None";"nan";"None";"nan";"None";"None";"None";"None";"1";"2";"Appartement";"42.0";"2.0";"None";"None";"None";"None";"nan";"7.276806";"43.701904";"000LD"
"2024-43190";"2024-03-28";"1";"Vente";"1425000.0";"9.0";"None";"RUE DEFLY";"1880";"06000";"06088";"Nice";"06";"None";"None";"06088000LD0281";"None";"None";"11";"nan";"16";"nan";"6";"nan";"9";"None";"None";"None";"4";"2";"Appartement";"54.0";"2.0";"None";"None";"None";"None";"nan";"7.276806";"43.701904";"000LD"
"2024-43190";"2024-03-28";"1";"Vente";"1425000.0";"9.0";"None";"RUE DEFLY";"1880";"06000";"06088";"Nice";"06";"None";"None";"06088000LD0281";"None";"None";"18";"nan";"8";"nan";"None";"nan";"None";"None";"None";"None";"2";"2";"Appartement";"54.0";"2.0";"None";"None";"None";"None";"nan";"7.276806";"43.701904";"000LD"
"2024-43190";"2024-03-28";"1";"Vente";"1425000.0";"9.0";"None";"RUE DEFLY";"1880";"06000";"06088";"Nice";"06";"None";"None";"06088000LD0281";"None";"None";"20";"nan";"None";"nan";"None";"nan";"None";"None";"None";"None";"1";"2";"Appartement";"50.0";"2.0";"None";"None";"None";"None";"nan";"7.276806";"43.701904";"000LD"
"2024-43190";"2024-03-28";"1";"Vente";"1425000.0";"9.0";"None";"RUE DEFLY";"1880";"06000";"06088";"Nice";"06";"None";"None";"06088000LD0281";"None";"None";"22";"nan";"None";"nan";"None";"nan";"None";"None";"None";"None";"1";"2";"Appartement";"54.0";"2.0";"None";"None";"None";"None";"nan";"7.276806";"43.701904";"000LD"
"2024-43190";"2024-03-28";"1";"Vente";"1425000.0";"9.0";"None";"RUE DEFLY";"1880";"06000";"06088";"Nice";"06";"None";"None";"06088000LD0281";"None";"None";"26";"nan";"None";"nan";"None";"nan";"None";"None";"None";"None";"1";"3";"Dépendance";"nan";"0.0";"None";"None";"None";"None";"nan";"7.276806";"43.701904";"000LD"
"2024-43190";"2024-03-28";"1";"Vente";"1425000.0";"9.0";"None";"RUE DEFLY";"1880";"06000";"06088";"Nice";"06";"None";"None";"06088000LD0281";"None";"None";"27";"nan";"None";"nan";"None";"nan";"None";"None";"None";"None";"1";"3";"Dépendance";"nan";"0.0";"None";"None";"None";"None";"nan";"7.276806";"43.701904";"000LD"
"2024-42793";"2024-03-26";"1";"Vente";"30500.0";"8.0";"None";"RUE DELILLE";"1885";"06000";"06088";"Nice";"06";"None";"None";"06088000LD0196";"None";"None";"3";"nan";"None";"nan";"None";"nan";"None";"None";"None";"None";"1";"3";"Dépendance";"nan";"0.0";"None";"None";"None";"None";"nan";"7.277026";"43.701542";"000LD"
"2024-42266";"2024-03-15";"1";"Vente";"50000.0";"11.0";"None";"BD DUBOUCHAGE";"2102";"06000";"06088";"Nice";"06";"None";"None";"06088000LD0027";"None";"None";"20";"nan";"None";"nan";"None";"nan";"None";"None";"None";"None";"1";"3";"Dépendance";"nan";"0.0";"None";"None";"None";"None";"nan";"7.273023";"43.702875";"000LD"
"2024-41793";"2024-03-05";"1";"Vente";"229900.0";"33.0";"None";"RUE DELILLE";"1885";"06000";"06088";"Nice";"06";"None";"None";"06088000LD0174";"None";"None";"29";"26.26";"None";"nan";"None";"nan";"None";"None";"None";"None";"1";"2";"Appartement";"25.0";"2.0";"None";"None";"None";"None";"nan";"7.27298";"43.702473";"000LD"
"2024-41394";"2024-02-16";"1";"Vente";"210000.0";"16.0";"None";"AV SAINT JEAN BAPTISTE";"5805";"06000";"06088";"Nice";"06";"None";"None";"06088000LD0241";"None";"None";"39";"nan";"None";"nan";"None";"nan";"None";"None";"None";"None";"1";"2";"Appartement";"43.0";"2.0";"None";"None";"None";"None";"nan";"7.277897";"43.701826";"000LD"
"2024-41018";"2024-02-09";"1";"Vente";"850000.0";"41.0";"None";"BD CARABACEL";"1120";"06000";"06088";"Nice";"06";"None";"None";"06088000LD0001";"None";"None";"35";"nan";"None";"nan";"None";"nan";"None";"None";"None";"None";"1";"4";"Local industriel. commercial ou assimilé";"200.0";"0.0";"None";"None";"None";"None";"nan";"7.273853";"43.703936";"000LD"
"2024-40646";"2024-02-06";"1";"Vente";"187000.0";"9.0";"None";"RUE PASTORELLI";"4850";"06000";"06088";"Nice";"06";"None";"None";"06088000LD0164";"None";"None";"15";"27.94";"None";"nan";"None";"nan";"None";"None";"None";"None";"1";"2";"Appartement";"26.0";"1.0";"None";"None";"None";"None";"nan";"7.27367";"43.70216";"000LD"
"2024-40851";"2024-02-02";"1";"Vente";"475480.0";"18.0";"None";"AV SAINT JEAN BAPTISTE";"5805";"06000";"06088";"Nice";"06";"None";"None";"06088000LD0125";"None";"None";"24";"nan";"25";"nan";"26";"nan";"None";"None";"None";"None";"3";"2";"Appartement";"75.0";"4.0";"None";"None";"None";"None";"nan";"7.277575";"43.701456";"000LD"
"2024-40851";"2024-02-02";"1";"Vente";"475480.0";"18.0";"None";"AV SAINT JEAN BAPTISTE";"5805";"06000";"06088";"Nice";"06";"None";"None";"06088000LD0125";"None";"None";"24";"nan";"25";"nan";"26";"nan";"None";"None";"None";"None";"3";"3";"Dépendance";"nan";"0.0";"None";"None";"None";"None";"nan";"7.277575";"43.701456";"000LD"
"2024-40726";"2024-02-02";"1";"Vente";"210000.0";"21.0";"None";"RUE DELILLE";"1885";"06000";"06088";"Nice";"06";"None";"None";"06088000LD0184";"None";"None";"24";"nan";"25";"nan";"None";"nan";"None";"None";"None";"None";"2";"4";"Local industriel. commercial ou assimilé";"37.0";"0.0";"None";"None";"None";"None";"nan";"7.274342";"43.702064";"000LD"
"2024-41084";"2024-01-31";"1";"Vente";"170000.0";"16.0";"None";"AV SAINT JEAN BAPTISTE";"5805";"06000";"06088";"Nice";"06";"None";"None";"06088000LD0241";"None";"None";"13";"28.86";"6";"nan";"None";"nan";"None";"None";"None";"None";"2";"4";"Local industriel. commercial ou assimilé";"33.0";"0.0";"None";"None";"None";"None";"nan";"7.277897";"43.701826";"000LD"
"2024-40293";"2024-01-30";"1";"Vente";"257000.0";"12.0";"None";"RUE DEFLY";"1880";"06000";"06088";"Nice";"06";"None";"None";"06088000LD0087";"None";"None";"14";"nan";"None";"nan";"None";"nan";"None";"None";"None";"None";"1";"2";"Appartement";"51.0";"2.0";"None";"None";"None";"None";"nan";"7.27693";"43.702194";"000LD"
"2024-39870";"2024-01-15";"1";"Vente";"27000.0";"1.0";"None";"RUE DEFLY";"1880";"06000";"06088";"Nice";"06";"None";"None";"06088000LD0118";"None";"None";"26";"nan";"None";"nan";"None";"nan";"None";"None";"None";"None";"1";"3";"Dépendance";"nan";"0.0";"None";"None";"None";"None";"nan";"7.277673";"43.701545";"000LD"
"2024-40020";"2024-01-11";"1";"Vente";"45000.0";"19.0";"None";"RUE PENCHIENATTI";"4940";"06000";"06088";"Nice";"06";"None";"None";"06088000LD0094";"None";"None";"1";"nan";"None";"nan";"None";"nan";"None";"None";"None";"None";"1";"4";"Local industriel. commercial ou assimilé";"43.0";"0.0";"None";"None";"None";"None";"nan";"7.276243";"43.702685";"000LD"
"2024-40997";"2024-01-09";"1";"Vente";"390000.0";"25.0";"None";"RUE EDOUARD BERI";"2175";"06000";"06088";"Nice";"06";"None";"None";"06088000LD0015";"None";"None";"51";"nan";"None";"nan";"None";"nan";"None";"None";"None";"None";"1";"2";"Appartement";"43.0";"2.0";"None";"None";"None";"None";"nan";"7.273826";"43.703527";"000LD"
"2024-40997";"2024-01-09";"1";"Vente";"390000.0";"25.0";"None";"RUE EDOUARD BERI";"2175";"06000";"06088";"Nice";"06";"None";"None";"06088000LD0015";"None";"None";"18";"nan";"None";"nan";"None";"nan";"None";"None";"None";"None";"1";"3";"Dépendance";"nan";"0.0";"None";"None";"None";"None";"nan";"7.273826";"43.703527";"000LD"
"2024-40216";"2024-01-04";"1";"Vente";"272000.0";"25.0";"None";"RUE EDOUARD BERI";"2175";"06000";"06088";"Nice";"06";"None";"None";"06088000LD0015";"None";"None";"57";"31.4";"None";"nan";"None";"nan";"None";"None";"None";"None";"1";"2";"Appartement";"31.0";"1.0";"None";"None";"None";"None";"nan";"7.273826";"43.703527";"000LD"
"2024-40044";"2024-01-02";"1";"Vente";"580000.0";"9.0";"None";"BD DUBOUCHAGE";"2102";"06000";"06088";"Nice";"06";"None";"None";"06088000LD0026";"None";"None";"11";"nan";"26";"76.67";"39";"nan";"None";"None";"None";"None";"3";"2";"Appartement";"67.0";"3.0";"None";"None";"None";"None";"nan";"7.273094";"43.703018";"000LD"
"2024-40044";"2024-01-02";"1";"Vente";"580000.0";"9.0";"None";"BD DUBOUCHAGE";"2102";"06000";"06088";"Nice";"06";"None";"None";"06088000LD0026";"None";"None";"11";"nan";"26";"76.67";"39";"nan";"None";"None";"None";"None";"3";"3";"Dépendance";"nan";"0.0";"None";"None";"None";"None";"nan";"7.273094";"43.703018";"000LD"
"2023-59512";"2023-12-21";"1";"Vente";"42000.0";"20.0";"None";"RUE EDOUARD BERI";"2175";"06000";"06088";"Nice";"06";"None";"None";"06088000LD0036";"None";"None";"78";"nan";"None";"nan";"None";"nan";"None";"None";"None";"None";"1";"3";"Dépendance";"nan";"0.0";"None";"None";"None";"None";"nan";"7.275504";"43.703403";"000LD"
"2023-59824";"2023-12-19";"1";"Vente";"90000.0";"6.0";"None";"RUE GIOFFREDO";"2950";"06000";"06088";"Nice";"06";"None";"None";"06088000LD0287";"None";"None";"13";"nan";"4";"nan";"None";"nan";"None";"None";"None";"None";"2";"2";"Appartement";"17.0";"1.0";"None";"None";"None";"None";"nan";"7.276569";"43.702585";"000LD"
"2023-59824";"2023-12-19";"1";"Vente";"90000.0";"6.0";"None";"RUE GIOFFREDO";"2950";"06000";"06088";"Nice";"06";"None";"None";"06088000LD0287";"None";"None";"13";"nan";"4";"nan";"None";"nan";"None";"None";"None";"None";"2";"3";"Dépendance";"nan";"0.0";"None";"None";"None";"None";"nan";"7.276569";"43.702585";"000LD"
"2023-59634";"2023-12-18";"1";"Vente";"162500.0";"12.0";"None";"RUE PENCHIENATTI";"4940";"06000";"06088";"Nice";"06";"None";"None";"06088000LD0048";"None";"None";"22";"28.8";"26";"nan";"None";"nan";"None";"None";"None";"None";"2";"2";"Appartement";"35.0";"2.0";"None";"None";"None";"None";"nan";"7.27658";"43.702866";"000LD"
"2023-59634";"2023-12-18";"1";"Vente";"162500.0";"12.0";"None";"RUE PENCHIENATTI";"4940";"06000";"06088";"Nice";"06";"None";"None";"06088000LD0048";"None";"None";"22";"28.8";"26";"nan";"None";"nan";"None";"None";"None";"None";"2";"3";"Dépendance";"nan";"0.0";"None";"None";"None";"None";"nan";"7.27658";"43.702866";"000LD"
"2023-58968";"2023-12-05";"1";"Vente";"175000.0";"19.0";"None";"BD CARABACEL";"1120";"06000";"06088";"Nice";"06";"None";"None";"06088000LD0046";"None";"None";"3";"nan";"None";"nan";"None";"nan";"None";"None";"None";"None";"1";"2";"Appartement";"36.0";"2.0";"None";"None";"None";"None";"nan";"7.276543";"43.70311";"000LD"
"2023-59231";"2023-11-22";"1";"Vente";"213000.0";"11.0";"None";"BD CARABACEL";"1120";"06000";"06088";"Nice";"06";"None";"None";"06088000LD0054";"None";"None";"2";"nan";"None";"nan";"None";"nan";"None";"None";"None";"None";"1";"4";"Local industriel. commercial ou assimilé";"92.0";"0.0";"None";"None";"None";"None";"nan";"7.277367";"43.702847";"000LD"
"2023-58223";"2023-11-20";"1";"Vente";"515000.0";"22.0";"None";"RUE TONDUTI DE L ESCARENE";"6425";"06000";"06088";"Nice";"06";"None";"None";"06088000LD0152";"None";"None";"40";"nan";"None";"nan";"None";"nan";"None";"None";"None";"None";"1";"4";"Local industriel. commercial ou assimilé";"95.0";"0.0";"None";"None";"None";"None";"nan";"7.274581";"43.701576";"000LD"
"2023-58244";"2023-11-13";"1";"Vente";"15000.0";"39.0";"None";"BD CARABACEL";"1120";"06000";"06088";"Nice";"06";"None";"None";"06088000LD0211";"None";"None";"29";"nan";"None";"nan";"None";"nan";"None";"None";"None";"None";"1";"3";"Dépendance";"nan";"0.0";"None";"None";"None";"None";"nan";"7.274276";"43.70381";"000LD"
"2023-58385";"2023-11-13";"1";"Echange";"15000.0";"39.0";"None";"BD CARABACEL";"1120";"06000";"06088";"Nice";"06";"None";"None";"06088000LD0211";"None";"None";"29";"nan";"None";"nan";"None";"nan";"None";"None";"None";"None";"1";"3";"Dépendance";"nan";"0.0";"None";"None";"None";"None";"nan";"7.274276";"43.70381";"000LD"
"2023-58386";"2023-11-13";"2";"Echange";"16500.0";"39.0";"None";"BD CARABACEL";"1120";"06000";"06088";"Nice";"06";"None";"None";"06088000LD0211";"None";"None";"31";"nan";"None";"nan";"None";"nan";"None";"None";"None";"None";"1";"4";"Local industriel. commercial ou assimilé";"15.0";"0.0";"None";"None";"None";"None";"nan";"7.274276";"43.70381";"000LD"
"2023-57523";"2023-10-27";"1";"Vente";"450000.0";"16.0";"None";"AV SAINT JEAN BAPTISTE";"5805";"06000";"06088";"Nice";"06";"None";"None";"06088000LD0241";"None";"None";"14";"nan";"None";"nan";"None";"nan";"None";"None";"None";"None";"1";"4";"Local industriel. commercial ou assimilé";"80.0";"0.0";"None";"None";"None";"None";"nan";"7.277897";"43.701826";"000LD"
"2023-56475";"2023-10-12";"1";"Vente";"102000.0";"6.0";"None";"RUE GIOFFREDO";"2950";"06000";"06088";"Nice";"06";"None";"None";"06088000LD0287";"None";"None";"19";"nan";"None";"nan";"None";"nan";"None";"None";"None";"None";"1";"2";"Appartement";"40.0";"2.0";"None";"None";"None";"None";"nan";"7.276569";"43.702585";"000LD"
"2023-56175";"2023-09-29";"1";"Vente";"670000.0";"7.0";"None";"RUE DELILLE";"1885";"06000";"06088";"Nice";"06";"None";"None";"06088000LD0137";"None";"None";"28";"nan";"41";"nan";"None";"nan";"None";"None";"None";"None";"2";"2";"Appartement";"20.0";"1.0";"None";"None";"None";"None";"nan";"7.276496";"43.701335";"000LD"
"2023-56175";"2023-09-29";"1";"Vente";"670000.0";"7.0";"None";"RUE DELILLE";"1885";"06000";"06088";"Nice";"06";"None";"None";"06088000LD0137";"None";"None";"28";"nan";"41";"nan";"None";"nan";"None";"None";"None";"None";"2";"2";"Appartement";"156.0";"5.0";"None";"None";"None";"None";"nan";"7.276496";"43.701335";"000LD"
"2023-56175";"2023-09-29";"1";"Vente";"670000.0";"7.0";"None";"RUE DELILLE";"1885";"06000";"06088";"Nice";"06";"None";"None";"06088000LD0137";"None";"None";"28";"nan";"41";"nan";"None";"nan";"None";"None";"None";"None";"2";"3";"Dépendance";"nan";"0.0";"None";"None";"None";"None";"nan";"7.276496";"43.701335";"000LD"
"2023-56357";"2023-09-28";"1";"Vente";"179000.0";"19.0";"None";"RUE PENCHIENATTI";"4940";"06000";"06088";"Nice";"06";"None";"None";"06088000LD0094";"None";"None";"6";"33.91";"None";"nan";"None";"nan";"None";"None";"None";"None";"1";"2";"Appartement";"33.0";"2.0";"None";"None";"None";"None";"nan";"7.276243";"43.702685";"000LD"
"2023-56176";"2023-09-25";"1";"Vente";"80000.0";"25.0";"None";"RUE DELILLE";"1885";"06000";"06088";"Nice";"06";"None";"None";"06088000LD0161";"None";"None";"11";"nan";"None";"nan";"None";"nan";"None";"None";"None";"None";"1";"2";"Appartement";"19.0";"1.0";"None";"None";"None";"None";"nan";"7.273956";"43.702117";"000LD"
"2023-55152";"2023-09-07";"1";"Vente";"435000.0";"3.0";"None";"RUE GIOFFREDO";"2950";"06000";"06088";"Nice";"06";"None";"None";"06088000LD0066";"None";"None";"15";"nan";"8";"76.27";"None";"nan";"None";"None";"None";"None";"2";"2";"Appartement";"78.0";"4.0";"None";"None";"None";"None";"nan";"7.277073";"43.702698";"000LD"
"2023-55152";"2023-09-07";"1";"Vente";"435000.0";"3.0";"None";"RUE GIOFFREDO";"2950";"06000";"06088";"Nice";"06";"None";"None";"06088000LD0066";"None";"None";"15";"nan";"8";"76.27";"None";"nan";"None";"None";"None";"None";"2";"3";"Dépendance";"nan";"0.0";"None";"None";"None";"None";"nan";"7.277073";"43.702698";"000LD"
"2023-53538";"2023-08-03";"1";"Vente";"170000.0";"9.0";"None";"RUE DEFLY";"1880";"06000";"06088";"Nice";"06";"None";"None";"06088000LD0281";"None";"None";"14";"68.05";"3";"nan";"None";"nan";"None";"None";"None";"None";"2";"4";"Local industriel. commercial ou assimilé";"68.0";"0.0";"None";"None";"None";"None";"nan";"7.276806";"43.701904";"000LD"
"2023-53921";"2023-08-01";"1";"Vente";"176040.0";"27.0";"None";"BD CARABACEL";"1120";"06000";"06088";"Nice";"06";"None";"None";"06088000LD0036";"None";"None";"3";"nan";"None";"nan";"None";"nan";"None";"None";"None";"None";"1";"2";"Appartement";"31.0";"2.0";"None";"None";"None";"None";"nan";"7.275504";"43.703403";"000LD"
"2023-53405";"2023-07-31";"1";"Vente";"248290.0";"19.0";"None";"BD CARABACEL";"1120";"06000";"06088";"Nice";"06";"None";"None";"06088000LD0046";"None";"None";"29";"35.31";"None";"nan";"None";"nan";"None";"None";"None";"None";"1";"2";"Appartement";"34.0";"2.0";"None";"None";"None";"None";"nan";"7.276543";"43.70311";"000LD"
"2023-53735";"2023-07-28";"1";"Vente";"811330.0";"4.0";"None";"RUE DEFLY";"1880";"06000";"06088";"Nice";"06";"None";"None";"06088000LD0277";"None";"None";"12";"133.86";"None";"nan";"None";"nan";"None";"None";"None";"None";"1";"2";"Appartement";"134.0";"5.0";"None";"None";"None";"None";"nan";"7.277525";"43.702001";"000LD"
"2023-54132";"2023-07-28";"1";"Vente";"780000.0";"19.0";"None";"BD DUBOUCHAGE";"2102";"06000";"06088";"Nice";"06";"None";"None";"06088000LD0177";"None";"None";"21";"nan";"37";"116.0";"None";"nan";"None";"None";"None";"None";"2";"2";"Appartement";"120.0";"4.0";"None";"None";"None";"None";"nan";"7.272585";"43.702303";"000LD"
"2023-54132";"2023-07-28";"1";"Vente";"780000.0";"19.0";"None";"BD DUBOUCHAGE";"2102";"06000";"06088";"Nice";"06";"None";"None";"06088000LD0177";"None";"None";"21";"nan";"37";"116.0";"None";"nan";"None";"None";"None";"None";"2";"3";"Dépendance";"nan";"0.0";"None";"None";"None";"None";"nan";"7.272585";"43.702303";"000LD"
"2023-53362";"2023-07-17";"1";"Vente";"165000.0";"3.0";"None";"RUE ADOLPHE DE ROTHSCHILD";"0042";"06000";"06088";"Nice";"06";"None";"None";"06088000LD0024";"None";"None";"14";"40.45";"None";"nan";"None";"nan";"None";"None";"None";"None";"1";"2";"Appartement";"53.0";"2.0";"None";"None";"None";"None";"nan";"7.273408";"43.703097";"000LD"
"2023-52469";"2023-07-10";"1";"Vente";"168000.0";"25.0";"None";"BD CARABACEL";"1120";"06000";"06088";"Nice";"06";"None";"None";"06088000LD0225";"None";"None";"35";"nan";"None";"nan";"None";"nan";"None";"None";"None";"None";"1";"2";"Appartement";"23.0";"2.0";"None";"None";"None";"None";"nan";"7.27576";"43.703351";"000LD"
"2023-52493";"2023-07-07";"1";"Vente";"194000.0";"33.0";"None";"RUE DELILLE";"1885";"06000";"06088";"Nice";"06";"None";"None";"06088000LD0174";"None";"None";"19";"26.3";"None";"nan";"None";"nan";"None";"None";"None";"None";"1";"2";"Appartement";"25.0";"2.0";"None";"None";"None";"None";"nan";"7.27298";"43.702473";"000LD"
"2023-52508";"2023-07-06";"1";"Vente";"636000.0";"1.0";"None";"RUE DEFLY";"1880";"06000";"06088";"Nice";"06";"None";"None";"06088000LD0118";"None";"None";"10";"nan";"20";"nan";"None";"nan";"None";"None";"None";"None";"2";"2";"Appartement";"105.0";"5.0";"None";"None";"None";"None";"nan";"7.277673";"43.701545";"000LD"
"2023-52508";"2023-07-06";"1";"Vente";"636000.0";"1.0";"None";"RUE DEFLY";"1880";"06000";"06088";"Nice";"06";"None";"None";"06088000LD0118";"None";"None";"10";"nan";"20";"nan";"None";"nan";"None";"None";"None";"None";"2";"3";"Dépendance";"nan";"0.0";"None";"None";"None";"None";"nan";"7.277673";"43.701545";"000LD"
"2023-52534";"2023-06-30";"1";"Vente";"1140000.0";"35.0";"None";"BD CARABACEL";"1120";"06000";"06088";"Nice";"06";"None";"None";"06088000LD0031";"None";"None";"10";"nan";"15";"nan";"None";"nan";"None";"None";"None";"None";"2";"2";"Appartement";"110.0";"4.0";"None";"None";"None";"None";"nan";"7.274975";"43.703567";"000LD"
"2023-52534";"2023-06-30";"1";"Vente";"1140000.0";"35.0";"None";"BD CARABACEL";"1120";"06000";"06088";"Nice";"06";"None";"None";"06088000LD0031";"None";"None";"10";"nan";"15";"nan";"None";"nan";"None";"None";"None";"None";"2";"3";"Dépendance";"nan";"0.0";"None";"None";"None";"None";"nan";"7.274975";"43.703567";"000LD"
"2023-52534";"2023-06-30";"1";"Vente";"1140000.0";"35.0";"None";"BD CARABACEL";"1120";"06000";"06088";"Nice";"06";"None";"None";"06088000LD0031";"None";"None";"33";"nan";"None";"nan";"None";"nan";"None";"None";"None";"None";"1";"3";"Dépendance";"nan";"0.0";"None";"None";"None";"None";"nan";"7.274975";"43.703567";"000LD"
"2023-52534";"2023-06-30";"1";"Vente";"1140000.0";"35.0";"None";"BD CARABACEL";"1120";"06000";"06088";"Nice";"06";"None";"None";"06088000LD0031";"None";"None";"10";"nan";"15";"nan";"None";"nan";"None";"None";"None";"None";"2";"3";"Dépendance";"nan";"0.0";"None";"None";"None";"None";"nan";"7.274975";"43.703567";"000LD"
"2023-52534";"2023-06-30";"1";"Vente";"1140000.0";"26.0";"None";"RUE EDOUARD BERI";"2175";"06000";"06088";"Nice";"06";"None";"None";"06088000LD0031";"None";"None";"45";"nan";"None";"nan";"None";"nan";"None";"None";"None";"None";"1";"3";"Dépendance";"nan";"0.0";"None";"None";"None";"None";"nan";"7.274975";"43.703567";"000LD"
"2023-52534";"2023-06-30";"1";"Vente";"1140000.0";"35.0";"None";"BD CARABACEL";"1120";"06000";"06088";"Nice";"06";"None";"None";"06088000LD0031";"None";"None";"11";"nan";"None";"nan";"None";"nan";"None";"None";"None";"None";"1";"3";"Dépendance";"nan";"0.0";"None";"None";"None";"None";"nan";"7.274975";"43.703567";"000LD"
"2023-51965";"2023-06-26";"1";"Vente";"30000.0";"16.0";"None";"RUE TONDUTI DE L ESCARENE";"6425";"06000";"06088";"Nice";"06";"None";"None";"06088000LD0149";"None";"None";"2";"nan";"None";"nan";"None";"nan";"None";"None";"None";"None";"1";"3";"Dépendance";"nan";"0.0";"None";"None";"None";"None";"nan";"7.275299";"43.701359";"000LD"
"2023-52007";"2023-06-22";"1";"Vente";"345000.0";"10.0";"None";"RUE DELILLE";"1885";"06000";"06088";"Nice";"06";"None";"None";"06088000LD0123";"None";"None";"22";"nan";"None";"nan";"None";"nan";"None";"None";"None";"None";"1";"2";"Appartement";"68.0";"3.0";"None";"None";"None";"None";"nan";"7.276917";"43.701439";"000LD"
"2023-51025";"2023-06-19";"1";"Vente";"216000.0";"3.0";"None";"BD CARABACEL";"1120";"06000";"06088";"Nice";"06";"None";"None";"06088000LD0056";"None";"None";"131";"nan";"132";"38.59";"None";"nan";"None";"None";"None";"None";"2";"2";"Appartement";"28.0";"2.0";"None";"None";"None";"None";"nan";"7.278538";"43.702866";"000LD"
"2023-50880";"2023-06-15";"1";"Vente";"450000.0";"14.0";"None";"RUE DEFLY";"1880";"06000";"06088";"Nice";"06";"None";"None";"06088000LD0089";"None";"None";"31";"nan";"None";"nan";"None";"nan";"None";"None";"None";"None";"1";"2";"Appartement";"57.0";"3.0";"None";"None";"None";"None";"nan";"7.276747";"43.702198";"000LD"
"2023-51678";"2023-06-15";"1";"Vente";"1500000.0";"20.0";"None";"RUE GIOFFREDO";"2950";"06000";"06088";"Nice";"06";"None";"None";"06088000LD0143";"None";"None";"17";"147.12";"None";"nan";"None";"nan";"None";"None";"None";"None";"1";"2";"Appartement";"161.0";"5.0";"None";"None";"None";"None";"nan";"7.275847";"43.701419";"000LD"
"2023-51675";"2023-06-15";"1";"Vente";"85000.0";"4.0";"None";"RUE TONDUTI DE L ESCARENE";"6425";"06000";"06088";"Nice";"06";"None";"None";"06088000LD0214";"None";"None";"623";"nan";"None";"nan";"None";"nan";"None";"None";"None";"None";"1";"3";"Dépendance";"nan";"0.0";"None";"None";"None";"None";"nan";"7.277032";"43.700947";"000LD"
"2023-51986";"2023-06-15";"1";"Vente";"4000.0";"21.0";"None";"BD CARABACEL";"1120";"06000";"06088";"Nice";"06";"None";"None";"06088000LD0192";"None";"None";"8";"nan";"None";"nan";"None";"nan";"None";"None";"None";"None";"1";"3";"Dépendance";"nan";"0.0";"None";"None";"None";"None";"nan";"7.276356";"43.703203";"000LD"
"2023-50694";"2023-06-12";"1";"Vente";"475000.0";"24.0";"None";"RUE DELILLE";"1885";"06000";"06088";"Nice";"06";"None";"None";"06088000LD0028";"None";"None";"9";"58.03";"None";"nan";"None";"nan";"None";"None";"None";"None";"1";"2";"Appartement";"59.0";"2.0";"None";"None";"None";"None";"nan";"7.273216";"43.702778";"000LD"
"2023-51183";"2023-06-08";"1";"Vente";"489000.0";"19.0";"None";"BD CARABACEL";"1120";"06000";"06088";"Nice";"06";"None";"None";"06088000LD0046";"None";"None";"10";"nan";"13";"nan";"16";"nan";"None";"None";"None";"None";"3";"2";"Appartement";"99.0";"4.0";"None";"None";"None";"None";"nan";"7.276543";"43.70311";"000LD"
"2023-51183";"2023-06-08";"1";"Vente";"489000.0";"19.0";"None";"BD CARABACEL";"1120";"06000";"06088";"Nice";"06";"None";"None";"06088000LD0046";"None";"None";"10";"nan";"13";"nan";"16";"nan";"None";"None";"None";"None";"3";"3";"Dépendance";"nan";"0.0";"None";"None";"None";"None";"nan";"7.276543";"43.70311";"000LD"
"2023-49973";"2023-05-31";"1";"Vente";"266000.0";"1.0";"None";"BD CARABACEL";"1120";"06000";"06088";"Nice";"06";"None";"None";"06088000LD0056";"None";"None";"167";"nan";"None";"nan";"None";"nan";"None";"None";"None";"None";"1";"2";"Appartement";"35.0";"2.0";"None";"None";"None";"None";"nan";"7.278538";"43.702866";"000LD"
"2023-49987";"2023-05-30";"1";"Vente";"244000.0";"24.0";"None";"RUE DELILLE";"1885";"06000";"06088";"Nice";"06";"None";"None";"06088000LD0028";"None";"None";"16";"nan";"44";"nan";"None";"nan";"None";"None";"None";"None";"2";"2";"Appartement";"51.0";"2.0";"None";"None";"None";"None";"nan";"7.273216";"43.702778";"000LD"
"2023-49987";"2023-05-30";"1";"Vente";"244000.0";"24.0";"None";"RUE DELILLE";"1885";"06000";"06088";"Nice";"06";"None";"None";"06088000LD0028";"None";"None";"16";"nan";"44";"nan";"None";"nan";"None";"None";"None";"None";"2";"3";"Dépendance";"nan";"0.0";"None";"None";"None";"None";"nan";"7.273216";"43.702778";"000LD"
"2023-50359";"2023-05-26";"1";"Vente";"1195858.0";"39.0";"None";"BD CARABACEL";"1120";"06000";"06088";"Nice";"06";"None";"None";"06088000LD0211";"None";"None";"14";"nan";"9";"nan";"None";"nan";"None";"None";"None";"None";"2";"2";"Appartement";"160.0";"6.0";"None";"None";"None";"None";"nan";"7.274276";"43.70381";"000LD"
"2023-50359";"2023-05-26";"1";"Vente";"1195858.0";"25.0";"None";"RUE EDOUARD BERI";"2175";"06000";"06088";"Nice";"06";"None";"None";"06088000LD0015";"None";"None";"4";"nan";"None";"nan";"None";"nan";"None";"None";"None";"None";"1";"3";"Dépendance";"nan";"0.0";"None";"None";"None";"None";"nan";"7.273826";"43.703527";"000LD"
"2023-50359";"2023-05-26";"1";"Vente";"1195858.0";"25.0";"None";"RUE EDOUARD BERI";"2175";"06000";"06088";"Nice";"06";"None";"None";"06088000LD0015";"None";"None";"3";"nan";"None";"nan";"None";"nan";"None";"None";"None";"None";"1";"3";"Dépendance";"nan";"0.0";"None";"None";"None";"None";"nan";"7.273826";"43.703527";"000LD"
"2023-48946";"2023-05-04";"1";"Vente";"285000.0";"19.0";"None";"RUE DELILLE";"1885";"06000";"06088";"Nice";"06";"None";"None";"06088000LD0185";"None";"None";"19";"nan";"None";"nan";"None";"nan";"None";"None";"None";"None";"1";"2";"Appartement";"36.0";"2.0";"None";"None";"None";"None";"nan";"7.27458";"43.702034";"000LD"
"2023-48716";"2023-04-28";"1";"Vente";"624700.0";"23.0";"None";"BD CARABACEL";"1120";"06000";"06088";"Nice";"06";"None";"None";"06088000LD0216";"None";"None";"8";"90.19";"None";"nan";"None";"nan";"None";"None";"None";"None";"1";"2";"Appartement";"93.0";"3.0";"None";"None";"None";"None";"nan";"7.276045";"43.703163";"000LD"
"2023-48821";"2023-04-25";"1";"Vente";"320000.0";"18.0";"None";"AV SAINT JEAN BAPTISTE";"5805";"06000";"06088";"Nice";"06";"None";"None";"06088000LD0125";"None";"None";"21";"nan";"9";"nan";"None";"nan";"None";"None";"None";"None";"2";"2";"Appartement";"75.0";"4.0";"None";"None";"None";"None";"nan";"7.277575";"43.701456";"000LD"
"2023-48821";"2023-04-25";"1";"Vente";"320000.0";"18.0";"None";"AV SAINT JEAN BAPTISTE";"5805";"06000";"06088";"Nice";"06";"None";"None";"06088000LD0125";"None";"None";"21";"nan";"9";"nan";"None";"nan";"None";"None";"None";"None";"2";"3";"Dépendance";"nan";"0.0";"None";"None";"None";"None";"nan";"7.277575";"43.701456";"000LD"
"2023-48285";"2023-04-13";"1";"Vente";"265000.0";"25.0";"None";"RUE DELILLE";"1885";"06000";"06088";"Nice";"06";"None";"None";"06088000LD0161";"None";"None";"6";"49.94";"None";"nan";"None";"nan";"None";"None";"None";"None";"1";"2";"Appartement";"47.0";"3.0";"None";"None";"None";"None";"nan";"7.273956";"43.702117";"000LD"
"2023-47050";"2023-03-30";"1";"Vente";"210000.0";"27.0";"None";"BD CARABACEL";"1120";"06000";"06088";"Nice";"06";"None";"None";"06088000LD0036";"None";"None";"2";"nan";"None";"nan";"None";"nan";"None";"None";"None";"None";"1";"2";"Appartement";"36.0";"2.0";"None";"None";"None";"None";"nan";"7.275504";"43.703403";"000LD"
"2023-47980";"2023-03-30";"1";"Vente";"480500.0";"35.0";"None";"BD CARABACEL";"1120";"06000";"06088";"Nice";"06";"None";"None";"06088000LD0031";"None";"None";"23";"nan";"5";"nan";"None";"nan";"None";"None";"None";"None";"2";"2";"Appartement";"115.0";"4.0";"None";"None";"None";"None";"nan";"7.274975";"43.703567";"000LD"
"2023-47980";"2023-03-30";"1";"Vente";"480500.0";"35.0";"None";"BD CARABACEL";"1120";"06000";"06088";"Nice";"06";"None";"None";"06088000LD0031";"None";"None";"23";"nan";"5";"nan";"None";"nan";"None";"None";"None";"None";"2";"3";"Dépendance";"nan";"0.0";"None";"None";"None";"None";"nan";"7.274975";"43.703567";"000LD"
"2023-47980";"2023-03-30";"1";"Vente";"480500.0";"35.0";"None";"BD CARABACEL";"1120";"06000";"06088";"Nice";"06";"None";"None";"06088000LD0031";"None";"None";"23";"nan";"5";"nan";"None";"nan";"None";"None";"None";"None";"2";"3";"Dépendance";"nan";"0.0";"None";"None";"None";"None";"nan";"7.274975";"43.703567";"000LD"
"2023-47980";"2023-03-30";"1";"Vente";"480500.0";"35.0";"None";"BD CARABACEL";"1120";"06000";"06088";"Nice";"06";"None";"None";"06088000LD0031";"None";"None";"25";"nan";"None";"nan";"None";"nan";"None";"None";"None";"None";"1";"3";"Dépendance";"nan";"0.0";"None";"None";"None";"None";"nan";"7.274975";"43.703567";"000LD"
"2023-47025";"2023-03-28";"1";"Vente";"165000.0";"3.0";"None";"RUE ADOLPHE DE ROTHSCHILD";"0042";"06000";"06088";"Nice";"06";"None";"None";"06088000LD0024";"None";"None";"12";"nan";"None";"nan";"None";"nan";"None";"None";"None";"None";"1";"2";"Appartement";"71.0";"3.0";"None";"None";"None";"None";"nan";"7.273408";"43.703097";"000LD"
"2023-46206";"2023-03-03";"1";"Vente";"375000.0";"36.0";"None";"RUE TONDUTI DE L ESCARENE";"6425";"06000";"06088";"Nice";"06";"None";"None";"06088000LD0176";"None";"None";"15";"nan";"26";"120.45";"None";"nan";"None";"None";"None";"None";"2";"2";"Appartement";"118.0";"5.0";"None";"None";"None";"None";"nan";"7.272928";"43.702145";"000LD"
"2023-46206";"2023-03-03";"1";"Vente";"375000.0";"36.0";"None";"RUE TONDUTI DE L ESCARENE";"6425";"06000";"06088";"Nice";"06";"None";"None";"06088000LD0176";"None";"None";"15";"nan";"26";"120.45";"None";"nan";"None";"None";"None";"None";"2";"3";"Dépendance";"nan";"0.0";"None";"None";"None";"None";"nan";"7.272928";"43.702145";"000LD"
"2023-44882";"2023-02-13";"1";"Vente";"225000.0";"21.0";"None";"RUE DELILLE";"1885";"06000";"06088";"Nice";"06";"None";"None";"06088000LD0184";"None";"None";"19";"40.83";"22";"nan";"None";"nan";"None";"None";"None";"None";"2";"2";"Appartement";"34.0";"2.0";"None";"None";"None";"None";"nan";"7.274342";"43.702064";"000LD"
"2023-45870";"2023-02-13";"1";"Vente";"106000.0";"13.0";"None";"RUE PASTORELLI";"4850";"06000";"06088";"Nice";"06";"None";"None";"06088000LD0168";"None";"None";"13";"nan";"None";"nan";"None";"nan";"None";"None";"None";"None";"1";"2";"Appartement";"53.0";"2.0";"None";"None";"None";"None";"nan";"7.273515";"43.70195";"000LD"
"2023-44882";"2023-02-13";"1";"Vente";"225000.0";"21.0";"None";"RUE DELILLE";"1885";"06000";"06088";"Nice";"06";"None";"None";"06088000LD0184";"None";"None";"19";"40.83";"22";"nan";"None";"nan";"None";"None";"None";"None";"2";"3";"Dépendance";"nan";"0.0";"None";"None";"None";"None";"nan";"7.274342";"43.702064";"000LD"
"2023-45971";"2023-02-09";"1";"Vente";"680000.0";"23.0";"None";"BD CARABACEL";"1120";"06000";"06088";"Nice";"06";"None";"None";"06088000LD0216";"None";"None";"4";"nan";"None";"nan";"None";"nan";"None";"None";"None";"None";"1";"2";"Appartement";"146.0";"7.0";"None";"None";"None";"None";"nan";"7.276045";"43.703163";"000LD"
"2023-44887";"2023-02-09";"1";"Vente";"750000.0";"5.0";"None";"RUE DELILLE";"1885";"06000";"06088";"Nice";"06";"None";"None";"06088000LD0137";"None";"None";"16";"167.7";"None";"nan";"None";"nan";"None";"None";"None";"None";"1";"4";"Local industriel. commercial ou assimilé";"59.0";"0.0";"None";"None";"None";"None";"nan";"7.276496";"43.701335";"000LD"
"2023-44846";"2023-02-08";"1";"Vente";"928300.0";"34.0";"None";"RUE TONDUTI DE L ESCARENE";"6425";"06000";"06088";"Nice";"06";"None";"None";"06088000LD0169";"None";"None";"23";"119.0";"5";"nan";"None";"nan";"None";"None";"None";"None";"2";"2";"Appartement";"121.0";"5.0";"None";"None";"None";"None";"nan";"7.273119";"43.702084";"000LD"
"2023-44846";"2023-02-08";"1";"Vente";"928300.0";"34.0";"None";"RUE TONDUTI DE L ESCARENE";"6425";"06000";"06088";"Nice";"06";"None";"None";"06088000LD0169";"None";"None";"23";"119.0";"5";"nan";"None";"nan";"None";"None";"None";"None";"2";"3";"Dépendance";"nan";"0.0";"None";"None";"None";"None";"nan";"7.273119";"43.702084";"000LD"
"2023-44953";"2023-02-07";"1";"Vente";"400000.0";"22.0";"None";"RUE TONDUTI DE L ESCARENE";"6425";"06000";"06088";"Nice";"06";"None";"None";"06088000LD0152";"None";"None";"40";"nan";"None";"nan";"None";"nan";"None";"None";"None";"None";"1";"4";"Local industriel. commercial ou assimilé";"95.0";"0.0";"None";"None";"None";"None";"nan";"7.274581";"43.701576";"000LD"
"2023-45638";"2023-02-03";"1";"Vente";"45000.0";"25.0";"None";"RUE EDOUARD BERI";"2175";"06000";"06088";"Nice";"06";"None";"None";"06088000LD0015";"None";"None";"25";"nan";"None";"nan";"None";"nan";"None";"None";"None";"None";"1";"3";"Dépendance";"nan";"0.0";"None";"None";"None";"None";"nan";"7.273826";"43.703527";"000LD"
"2023-44801";"2023-02-01";"1";"Vente";"200000.0";"25.0";"None";"RUE EDOUARD BERI";"2175";"06000";"06088";"Nice";"06";"None";"None";"06088000LD0015";"None";"None";"57";"nan";"None";"nan";"None";"nan";"None";"None";"None";"None";"1";"2";"Appartement";"31.0";"1.0";"None";"None";"None";"None";"nan";"7.273826";"43.703527";"000LD"
"2023-45471";"2023-02-01";"1";"Vente";"710000.0";"14.0";"None";"AV SAINT JEAN BAPTISTE";"5805";"06000";"06088";"Nice";"06";"None";"None";"06088000LD0079";"None";"None";"34";"nan";"None";"nan";"None";"nan";"None";"None";"None";"None";"1";"2";"Appartement";"40.0";"2.0";"None";"None";"None";"None";"nan";"7.27804";"43.702036";"000LD"
"2023-45471";"2023-02-01";"1";"Vente";"710000.0";"14.0";"None";"AV SAINT JEAN BAPTISTE";"5805";"06000";"06088";"Nice";"06";"None";"None";"06088000LD0079";"None";"None";"36";"nan";"None";"nan";"None";"nan";"None";"None";"None";"None";"1";"2";"Appartement";"70.0";"2.0";"None";"None";"None";"None";"nan";"7.27804";"43.702036";"000LD"
"2023-45471";"2023-02-01";"1";"Vente";"710000.0";"14.0";"None";"AV SAINT JEAN BAPTISTE";"5805";"06000";"06088";"Nice";"06";"None";"None";"06088000LD0079";"None";"None";"36";"nan";"None";"nan";"None";"nan";"None";"None";"None";"None";"1";"2";"Appartement";"28.0";"2.0";"None";"None";"None";"None";"nan";"7.27804";"43.702036";"000LD"
"2023-45471";"2023-02-01";"1";"Vente";"710000.0";"14.0";"None";"AV SAINT JEAN BAPTISTE";"5805";"06000";"06088";"Nice";"06";"None";"None";"06088000LD0079";"None";"None";"36";"nan";"None";"nan";"None";"nan";"None";"None";"None";"None";"1";"2";"Appartement";"50.0";"2.0";"None";"None";"None";"None";"nan";"7.27804";"43.702036";"000LD"
"2023-45471";"2023-02-01";"1";"Vente";"710000.0";"14.0";"None";"AV SAINT JEAN BAPTISTE";"5805";"06000";"06088";"Nice";"06";"None";"None";"06088000LD0079";"None";"None";"35";"nan";"None";"nan";"None";"nan";"None";"None";"None";"None";"1";"2";"Appartement";"61.0";"2.0";"None";"None";"None";"None";"nan";"7.27804";"43.702036";"000LD"
"2023-45471";"2023-02-01";"1";"Vente";"710000.0";"14.0";"None";"AV SAINT JEAN BAPTISTE";"5805";"06000";"06088";"Nice";"06";"None";"None";"06088000LD0079";"None";"None";"32";"nan";"None";"nan";"None";"nan";"None";"None";"None";"None";"1";"2";"Appartement";"30.0";"2.0";"None";"None";"None";"None";"nan";"7.27804";"43.702036";"000LD"
"2023-45471";"2023-02-01";"1";"Vente";"710000.0";"14.0";"None";"AV SAINT JEAN BAPTISTE";"5805";"06000";"06088";"Nice";"06";"None";"None";"06088000LD0079";"None";"None";"32";"nan";"None";"nan";"None";"nan";"None";"None";"None";"None";"1";"2";"Appartement";"40.0";"2.0";"None";"None";"None";"None";"nan";"7.27804";"43.702036";"000LD"
"2023-45471";"2023-02-01";"1";"Vente";"710000.0";"14.0";"None";"AV SAINT JEAN BAPTISTE";"5805";"06000";"06088";"Nice";"06";"None";"None";"06088000LD0079";"None";"None";"32";"nan";"None";"nan";"None";"nan";"None";"None";"None";"None";"1";"2";"Appartement";"25.0";"1.0";"None";"None";"None";"None";"nan";"7.27804";"43.702036";"000LD"
"2023-45471";"2023-02-01";"1";"Vente";"710000.0";"14.0";"None";"AV SAINT JEAN BAPTISTE";"5805";"06000";"06088";"Nice";"06";"None";"None";"06088000LD0079";"None";"None";"35";"nan";"None";"nan";"None";"nan";"None";"None";"None";"None";"1";"2";"Appartement";"62.0";"2.0";"None";"None";"None";"None";"nan";"7.27804";"43.702036";"000LD"
"2023-44801";"2023-02-01";"1";"Vente";"200000.0";"25.0";"None";"RUE EDOUARD BERI";"2175";"06000";"06088";"Nice";"06";"None";"None";"06088000LD0015";"None";"None";"25";"nan";"None";"nan";"None";"nan";"None";"None";"None";"None";"1";"3";"Dépendance";"nan";"0.0";"None";"None";"None";"None";"nan";"7.273826";"43.703527";"000LD"
"2023-45471";"2023-02-01";"1";"Vente";"710000.0";"14.0";"None";"AV SAINT JEAN BAPTISTE";"5805";"06000";"06088";"Nice";"06";"None";"None";"06088000LD0079";"None";"None";"35";"nan";"None";"nan";"None";"nan";"None";"None";"None";"None";"1";"3";"Dépendance";"nan";"0.0";"None";"None";"None";"None";"nan";"7.27804";"43.702036";"000LD"
"2023-45199";"2023-01-26";"1";"Vente";"257130.0";"27.0";"None";"BD CARABACEL";"1120";"06000";"06088";"Nice";"06";"None";"None";"06088000LD0036";"None";"None";"108";"nan";"13";"33.65";"None";"nan";"None";"None";"None";"None";"2";"2";"Appartement";"34.0";"2.0";"None";"None";"None";"None";"nan";"7.275504";"43.703403";"000LD"
"2023-45199";"2023-01-26";"1";"Vente";"257130.0";"20.0";"None";"RUE EDOUARD BERI";"2175";"06000";"06088";"Nice";"06";"None";"None";"06088000LD0036";"None";"None";"67";"nan";"None";"nan";"None";"nan";"None";"None";"None";"None";"1";"3";"Dépendance";"nan";"0.0";"None";"None";"None";"None";"nan";"7.275504";"43.703403";"000LD"
"2023-45199";"2023-01-26";"1";"Vente";"257130.0";"27.0";"None";"BD CARABACEL";"1120";"06000";"06088";"Nice";"06";"None";"None";"06088000LD0036";"None";"None";"108";"nan";"13";"33.65";"None";"nan";"None";"None";"None";"None";"2";"3";"Dépendance";"nan";"0.0";"None";"None";"None";"None";"nan";"7.275504";"43.703403";"000LD"
"2023-45153";"2023-01-25";"1";"Vente";"366000.0";"16.0";"None";"RUE PENCHIENATTI";"4940";"06000";"06088";"Nice";"06";"None";"None";"06088000LD0191";"None";"None";"16";"nan";"3";"52.24";"None";"nan";"None";"None";"None";"None";"2";"2";"Appartement";"56.0";"2.0";"None";"None";"None";"None";"nan";"7.276268";"43.70295";"000LD"
"2023-45153";"2023-01-25";"1";"Vente";"366000.0";"16.0";"None";"RUE PENCHIENATTI";"4940";"06000";"06088";"Nice";"06";"None";"None";"06088000LD0191";"None";"None";"16";"nan";"3";"52.24";"None";"nan";"None";"None";"None";"None";"2";"3";"Dépendance";"nan";"0.0";"None";"None";"None";"None";"nan";"7.276268";"43.70295";"000LD"
"2023-44832";"2023-01-20";"1";"Vente";"360000.0";"16.0";"None";"RUE GIOFFREDO";"2950";"06000";"06088";"Nice";"06";"None";"None";"06088000LD0257";"None";"None";"39";"40.25";"None";"nan";"None";"nan";"None";"None";"None";"None";"1";"2";"Appartement";"41.0";"2.0";"None";"None";"None";"None";"nan";"7.275974";"43.701806";"000LD"
"2023-44832";"2023-01-20";"1";"Vente";"360000.0";"16.0";"None";"RUE GIOFFREDO";"2950";"06000";"06088";"Nice";"06";"None";"None";"06088000LD0257";"None";"None";"39";"40.25";"None";"nan";"None";"nan";"None";"None";"None";"None";"1";"3";"Dépendance";"nan";"0.0";"None";"None";"None";"None";"nan";"7.275974";"43.701806";"000LD"
"2023-44272";"2023-01-19";"1";"Vente";"52000.0";"11.0";"None";"BD CARABACEL";"1120";"06000";"06088";"Nice";"06";"None";"None";"06088000LD0054";"None";"None";"13";"nan";"None";"nan";"None";"nan";"None";"None";"None";"None";"1";"3";"Dépendance";"nan";"0.0";"None";"None";"None";"None";"nan";"7.277367";"43.702847";"000LD"
"2023-43677";"2023-01-06";"1";"Vente";"53000.0";"7.0";"None";"RUE DELILLE";"1885";"06000";"06088";"Nice";"06";"None";"None";"06088000LD0137";"None";"None";"61";"nan";"None";"nan";"None";"nan";"None";"None";"None";"None";"1";"2";"Appartement";"13.0";"1.0";"None";"None";"None";"None";"nan";"7.276496";"43.701335";"000LD"
"2023-44454";"2023-01-03";"1";"Vente";"365000.0";"17.0";"None";"RUE PENCHIENATTI";"4940";"06000";"06088";"Nice";"06";"None";"None";"06088000LD0093";"None";"None";"5";"nan";"None";"nan";"None";"nan";"None";"None";"None";"None";"1";"2";"Appartement";"60.0";"2.0";"None";"None";"None";"None";"nan";"7.276341";"43.702685";"000LD"
"2023-44454";"2023-01-03";"1";"Vente";"365000.0";"nan";"None";"RUE PENCHIENATTI";"4940";"06000";"06088";"Nice";"06";"None";"None";"06088000LD0289";"None";"1";"None";"nan";"None";"nan";"None";"nan";"None";"None";"None";"None";"0";"None";"None";"nan";"nan";"None";"None";"None";"None";"nan";"7.276357";"43.702458";"000LD"
"2023-44454";"2023-01-03";"1";"Vente";"365000.0";"nan";"None";"RUE PENCHIENATTI";"4940";"06000";"06088";"Nice";"06";"None";"None";"06088000LD0289";"None";"3";"None";"nan";"None";"nan";"None";"nan";"None";"None";"None";"None";"0";"None";"None";"nan";"nan";"None";"None";"None";"None";"nan";"7.276357";"43.702458";"000LD"
"2022-71215";"2022-12-29";"1";"Vente";"1363000.0";"7.0";"None";"BD DUBOUCHAGE";"2102";"06000";"06088";"Nice";"06";"None";"None";"06088000LD0025";"None";"None";"10";"nan";"5";"nan";"7";"nan";"None";"None";"None";"None";"3";"4";"Local industriel. commercial ou assimilé";"278.0";"0.0";"None";"None";"None";"None";"nan";"7.273205";"43.70315";"000LD"
"2022-70767";"2022-12-23";"1";"Vente";"562100.0";"5.0";"None";"RUE ADOLPHE DE ROTHSCHILD";"0042";"06000";"06088";"Nice";"06";"None";"None";"06088000LD0025";"None";"None";"23";"73.95";"None";"nan";"None";"nan";"None";"None";"None";"None";"1";"2";"Appartement";"72.0";"3.0";"None";"None";"None";"None";"nan";"7.273205";"43.70315";"000LD"
"2022-70774";"2022-12-21";"1";"Vente";"165000.0";"13.0";"None";"RUE DELILLE";"1885";"06000";"06088";"Nice";"06";"None";"None";"06088000LD0313";"None";"None";"15";"nan";"None";"nan";"None";"nan";"None";"None";"None";"None";"1";"2";"Appartement";"19.0";"2.0";"None";"None";"None";"None";"nan";"7.275499";"43.701429";"000LD"
"2022-71386";"2022-12-21";"1";"Vente";"120000.0";"18.0";"None";"AV SAINT JEAN BAPTISTE";"5805";"06000";"06088";"Nice";"06";"None";"None";"06088000LD0125";"None";"None";"11";"nan";"23";"37.38";"None";"nan";"None";"None";"None";"None";"2";"2";"Appartement";"35.0";"2.0";"None";"None";"None";"None";"nan";"7.277575";"43.701456";"000LD"
"2022-70509";"2022-12-20";"1";"Vente";"143000.0";"1.0";"None";"RUE GIOFFREDO";"2950";"06000";"06088";"Nice";"06";"None";"None";"06088000LD0053";"None";"None";"28";"nan";"29";"nan";"47";"19.27";"None";"None";"None";"None";"3";"4";"Local industriel. commercial ou assimilé";"70.0";"0.0";"None";"None";"None";"None";"nan";"7.277173";"43.702896";"000LD"
"2022-70580";"2022-12-19";"1";"Vente";"384750.0";"19.0";"None";"BD CARABACEL";"1120";"06000";"06088";"Nice";"06";"None";"None";"06088000LD0046";"None";"None";"17";"nan";"7";"103.0";"None";"nan";"None";"None";"None";"None";"2";"2";"Appartement";"96.0";"5.0";"None";"None";"None";"None";"nan";"7.276543";"43.70311";"000LD"
"2022-70741";"2022-12-19";"1";"Vente";"265000.0";"25.0";"None";"BD CARABACEL";"1120";"06000";"06088";"Nice";"06";"None";"None";"06088000LD0225";"None";"None";"40";"38.72";"None";"nan";"None";"nan";"None";"None";"None";"None";"1";"2";"Appartement";"40.0";"2.0";"None";"None";"None";"None";"nan";"7.27576";"43.703351";"000LD"
"2022-70580";"2022-12-19";"1";"Vente";"384750.0";"19.0";"None";"BD CARABACEL";"1120";"06000";"06088";"Nice";"06";"None";"None";"06088000LD0046";"None";"None";"17";"nan";"7";"103.0";"None";"nan";"None";"None";"None";"None";"2";"3";"Dépendance";"nan";"0.0";"None";"None";"None";"None";"nan";"7.276543";"43.70311";"000LD"
"2022-69852";"2022-12-12";"1";"Vente";"172000.0";"1.0";"None";"BD CARABACEL";"1120";"06000";"06088";"Nice";"06";"None";"None";"06088000LD0056";"None";"None";"165";"nan";"None";"nan";"None";"nan";"None";"None";"None";"None";"1";"2";"Appartement";"22.0";"2.0";"None";"None";"None";"None";"nan";"7.278538";"43.702866";"000LD"
"2022-70602";"2022-12-12";"1";"Vente";"470000.0";"1.0";"None";"RUE DEFLY";"1880";"06000";"06088";"Nice";"06";"None";"None";"06088000LD0118";"None";"None";"10";"nan";"20";"112.82";"None";"nan";"None";"None";"None";"None";"2";"2";"Appartement";"105.0";"5.0";"None";"None";"None";"None";"nan";"7.277673";"43.701545";"000LD"
"2022-70602";"2022-12-12";"1";"Vente";"470000.0";"1.0";"None";"RUE DEFLY";"1880";"06000";"06088";"Nice";"06";"None";"None";"06088000LD0118";"None";"None";"10";"nan";"20";"112.82";"None";"nan";"None";"None";"None";"None";"2";"3";"Dépendance";"nan";"0.0";"None";"None";"None";"None";"nan";"7.277673";"43.701545";"000LD"
"2022-70403";"2022-12-07";"1";"Vente";"550000.0";"17.0";"None";"BD DUBOUCHAGE";"2102";"06000";"06088";"Nice";"06";"None";"None";"06088000LD0178";"None";"None";"16";"nan";"3";"nan";"None";"nan";"None";"None";"None";"None";"2";"2";"Appartement";"110.0";"4.0";"None";"None";"None";"None";"nan";"7.272694";"43.702472";"000LD"
"2022-70403";"2022-12-07";"1";"Vente";"550000.0";"17.0";"None";"BD DUBOUCHAGE";"2102";"06000";"06088";"Nice";"06";"None";"None";"06088000LD0178";"None";"None";"16";"nan";"3";"nan";"None";"nan";"None";"None";"None";"None";"2";"3";"Dépendance";"nan";"0.0";"None";"None";"None";"None";"nan";"7.272694";"43.702472";"000LD"
"2022-69720";"2022-11-29";"1";"Vente";"265000.0";"24.0";"None";"RUE DELILLE";"1885";"06000";"06088";"Nice";"06";"None";"None";"06088000LD0028";"None";"None";"9";"nan";"None";"nan";"None";"nan";"None";"None";"None";"None";"1";"2";"Appartement";"59.0";"2.0";"None";"None";"None";"None";"nan";"7.273216";"43.702778";"000LD"
"2022-69295";"2022-11-29";"1";"Vente";"60000.0";"24.0";"None";"RUE DELILLE";"1885";"06000";"06088";"Nice";"06";"None";"None";"06088000LD0028";"None";"None";"20";"6.61";"None";"nan";"None";"nan";"None";"None";"None";"None";"1";"3";"Dépendance";"nan";"0.0";"None";"None";"None";"None";"nan";"7.273216";"43.702778";"000LD"
"2022-69720";"2022-11-29";"1";"Vente";"265000.0";"24.0";"None";"RUE DELILLE";"1885";"06000";"06088";"Nice";"06";"None";"None";"06088000LD0028";"None";"None";"9";"nan";"None";"nan";"None";"nan";"None";"None";"None";"None";"1";"3";"Dépendance";"nan";"0.0";"None";"None";"None";"None";"nan";"7.273216";"43.702778";"000LD"
"2022-69078";"2022-11-21";"1";"Vente";"60000.0";"14.0";"None";"RUE PASTORELLI";"4850";"06000";"06088";"Nice";"06";"None";"None";"06088000LD0170";"None";"None";"26";"nan";"None";"nan";"None";"nan";"None";"None";"None";"None";"1";"2";"Appartement";"14.0";"1.0";"None";"None";"None";"None";"nan";"7.273192";"43.702183";"000LD"
"2022-69123";"2022-11-08";"1";"Vente";"150600.0";"7.0";"None";"RUE PASTORELLI";"4850";"06000";"06088";"Nice";"06";"None";"None";"06088000LD0163";"None";"None";"111";"nan";"None";"nan";"None";"nan";"None";"None";"None";"None";"1";"2";"Appartement";"38.0";"2.0";"None";"None";"None";"None";"nan";"7.273738";"43.702267";"000LD"
"2022-67151";"2022-10-18";"1";"Vente";"165000.0";"13.0";"None";"RUE DELILLE";"1885";"06000";"06088";"Nice";"06";"None";"None";"06088000LD0313";"None";"None";"22";"nan";"None";"nan";"None";"nan";"None";"None";"None";"None";"1";"2";"Appartement";"23.0";"2.0";"None";"None";"None";"None";"nan";"7.275499";"43.701429";"000LD"
"2022-67487";"2022-10-14";"1";"Vente";"151580.0";"25.0";"None";"BD CARABACEL";"1120";"06000";"06088";"Nice";"06";"None";"None";"06088000LD0225";"None";"None";"28";"nan";"None";"nan";"None";"nan";"None";"None";"None";"None";"1";"2";"Appartement";"21.0";"1.0";"None";"None";"None";"None";"nan";"7.27576";"43.703351";"000LD"
"2022-67401";"2022-10-06";"1";"Vente";"430000.0";"23.0";"None";"BD CARABACEL";"1120";"06000";"06088";"Nice";"06";"None";"None";"06088000LD0216";"None";"None";"1";"111.71";"None";"nan";"None";"nan";"None";"None";"None";"None";"1";"2";"Appartement";"93.0";"5.0";"None";"None";"None";"None";"nan";"7.276045";"43.703163";"000LD"
"2022-66367";"2022-10-03";"1";"Vente";"500000.0";"1.0";"None";"RUE GIOFFREDO";"2950";"06000";"06088";"Nice";"06";"None";"None";"06088000LD0053";"None";"None";"32";"nan";"None";"nan";"None";"nan";"None";"None";"None";"None";"1";"4";"Local industriel. commercial ou assimilé";"87.0";"0.0";"None";"None";"None";"None";"nan";"7.277173";"43.702896";"000LD"
"2022-67169";"2022-09-28";"1";"Vente";"300000.0";"3.0";"None";"PL GENERAL MARSHALL";"2883";"06000";"06088";"Nice";"06";"None";"None";"06088000LD0096";"None";"None";"13";"nan";"None";"nan";"None";"nan";"None";"None";"None";"None";"1";"2";"Appartement";"60.0";"3.0";"None";"None";"None";"None";"nan";"7.276105";"43.702566";"000LD"
"2022-65978";"2022-09-23";"1";"Vente";"85000.0";"4.0";"None";"RUE DEFLY";"1880";"06000";"06088";"Nice";"06";"None";"None";"06088000LD0277";"None";"None";"15";"nan";"None";"nan";"None";"nan";"None";"None";"None";"None";"1";"3";"Dépendance";"nan";"0.0";"None";"None";"None";"None";"nan";"7.277525";"43.702001";"000LD"
"2022-65507";"2022-09-13";"1";"Vente";"335000.0";"17.0";"None";"RUE PENCHIENATTI";"4940";"06000";"06088";"Nice";"06";"None";"None";"06088000LD0093";"None";"None";"9";"nan";"None";"nan";"None";"nan";"None";"None";"None";"None";"1";"2";"Appartement";"36.0";"2.0";"None";"None";"None";"None";"nan";"7.276341";"43.702685";"000LD"
"2022-65507";"2022-09-13";"1";"Vente";"335000.0";"17.0";"None";"RUE PENCHIENATTI";"4940";"06000";"06088";"Nice";"06";"None";"None";"06088000LD0093";"None";"None";"9";"nan";"None";"nan";"None";"nan";"None";"None";"None";"None";"1";"3";"Dépendance";"nan";"0.0";"None";"None";"None";"None";"nan";"7.276341";"43.702685";"000LD"
"2022-65507";"2022-09-13";"1";"Vente";"335000.0";"17.0";"None";"RUE PENCHIENATTI";"4940";"06000";"06088";"Nice";"06";"None";"None";"06088000LD0093";"None";"None";"9";"nan";"None";"nan";"None";"nan";"None";"None";"None";"None";"1";"3";"Dépendance";"nan";"0.0";"None";"None";"None";"None";"nan";"7.276341";"43.702685";"000LD"
"2022-65654";"2022-09-12";"1";"Vente";"260000.0";"34.0";"None";"RUE TONDUTI DE L ESCARENE";"6425";"06000";"06088";"Nice";"06";"None";"None";"06088000LD0169";"None";"None";"12";"nan";"13";"nan";"15";"81.56";"None";"None";"None";"None";"3";"4";"Local industriel. commercial ou assimilé";"146.0";"0.0";"None";"None";"None";"None";"nan";"7.273119";"43.702084";"000LD"
"2022-64497";"2022-09-02";"1";"Vente";"450000.0";"20.0";"B";"RUE GIOFFREDO";"2950";"06000";"06088";"Nice";"06";"None";"None";"06088000LD0142";"None";"None";"24";"91.37";"None";"nan";"None";"nan";"None";"None";"None";"None";"1";"2";"Appartement";"91.0";"4.0";"None";"None";"None";"None";"nan";"7.275761";"43.701374";"000LD"
"2022-64621";"2022-08-31";"1";"Vente";"87000.0";"1.0";"None";"RUE DEFLY";"1880";"06000";"06088";"Nice";"06";"None";"None";"06088000LD0118";"None";"None";"25";"nan";"None";"nan";"None";"nan";"None";"None";"None";"None";"1";"3";"Dépendance";"nan";"0.0";"None";"None";"None";"None";"nan";"7.277673";"43.701545";"000LD"
"2022-64791";"2022-08-30";"1";"Vente";"165000.0";"23.0";"None";"BD CARABACEL";"1120";"06000";"06088";"Nice";"06";"None";"None";"06088000LD0216";"None";"None";"3";"nan";"None";"nan";"None";"nan";"None";"None";"None";"None";"1";"2";"Appartement";"43.0";"2.0";"None";"None";"None";"None";"nan";"7.276045";"43.703163";"000LD"
"2022-64799";"2022-08-29";"1";"Vente";"123000.0";"3.0";"None";"RUE ADOLPHE DE ROTHSCHILD";"0042";"06000";"06088";"Nice";"06";"None";"None";"06088000LD0024";"None";"None";"15";"25.1";"None";"nan";"None";"nan";"None";"None";"None";"None";"1";"2";"Appartement";"32.0";"1.0";"None";"None";"None";"None";"nan";"7.273408";"43.703097";"000LD"
"2022-64799";"2022-08-29";"1";"Vente";"123000.0";"3.0";"None";"RUE ADOLPHE DE ROTHSCHILD";"0042";"06000";"06088";"Nice";"06";"None";"None";"06088000LD0024";"None";"None";"15";"25.1";"None";"nan";"None";"nan";"None";"None";"None";"None";"1";"2";"Appartement";"55.0";"2.0";"None";"None";"None";"None";"nan";"7.273408";"43.703097";"000LD"
"2022-65081";"2022-08-29";"1";"Vente";"169000.0";"2.0";"None";"RUE ADOLPHE DE ROTHSCHILD";"0042";"06000";"06088";"Nice";"06";"None";"None";"06088000LD0213";"None";"None";"11";"nan";"26";"nan";"None";"nan";"None";"None";"None";"None";"2";"2";"Appartement";"28.0";"1.0";"None";"None";"None";"None";"nan";"7.273828";"43.703284";"000LD"
"2022-65081";"2022-08-29";"1";"Vente";"169000.0";"2.0";"None";"RUE ADOLPHE DE ROTHSCHILD";"0042";"06000";"06088";"Nice";"06";"None";"None";"06088000LD0213";"None";"None";"11";"nan";"26";"nan";"None";"nan";"None";"None";"None";"None";"2";"3";"Dépendance";"nan";"0.0";"None";"None";"None";"None";"nan";"7.273828";"43.703284";"000LD"
"2022-64616";"2022-08-26";"1";"Vente";"485000.0";"35.0";"None";"BD CARABACEL";"1120";"06000";"06088";"Nice";"06";"None";"None";"06088000LD0031";"None";"None";"19";"nan";"6";"nan";"None";"nan";"None";"None";"None";"None";"2";"2";"Appartement";"115.0";"5.0";"None";"None";"None";"None";"nan";"7.274975";"43.703567";"000LD"
"2022-64640";"2022-08-26";"1";"Vente";"147000.0";"4.0";"None";"RUE PIERRE DEVOLUY";"5050";"06000";"06088";"Nice";"06";"None";"None";"06088000LD0021";"None";"None";"19";"nan";"None";"nan";"None";"nan";"None";"None";"None";"None";"1";"2";"Appartement";"23.0";"1.0";"None";"None";"None";"None";"nan";"7.274037";"43.703333";"000LD"
"2022-65474";"2022-08-26";"1";"Vente";"55815.0";"4.0";"None";"RUE DEFLY";"1880";"06000";"06088";"Nice";"06";"None";"None";"06088000LD0277";"None";"None";"17";"nan";"None";"nan";"None";"nan";"None";"None";"None";"None";"1";"2";"Appartement";"14.0";"1.0";"None";"None";"None";"None";"nan";"7.277525";"43.702001";"000LD"
"2022-64616";"2022-08-26";"1";"Vente";"485000.0";"35.0";"None";"BD CARABACEL";"1120";"06000";"06088";"Nice";"06";"None";"None";"06088000LD0031";"None";"None";"26";"nan";"28";"nan";"None";"nan";"None";"None";"None";"None";"2";"3";"Dépendance";"nan";"0.0";"None";"None";"None";"None";"nan";"7.274975";"43.703567";"000LD"
"2022-64616";"2022-08-26";"1";"Vente";"485000.0";"35.0";"None";"BD CARABACEL";"1120";"06000";"06088";"Nice";"06";"None";"None";"06088000LD0031";"None";"None";"19";"nan";"6";"nan";"None";"nan";"None";"None";"None";"None";"2";"3";"Dépendance";"nan";"0.0";"None";"None";"None";"None";"nan";"7.274975";"43.703567";"000LD"
"2022-64616";"2022-08-26";"1";"Vente";"485000.0";"35.0";"None";"BD CARABACEL";"1120";"06000";"06088";"Nice";"06";"None";"None";"06088000LD0031";"None";"None";"19";"nan";"6";"nan";"None";"nan";"None";"None";"None";"None";"2";"3";"Dépendance";"nan";"0.0";"None";"None";"None";"None";"nan";"7.274975";"43.703567";"000LD"
"2022-64757";"2022-08-23";"1";"Vente";"308750.0";"27.0";"None";"BD CARABACEL";"1120";"06000";"06088";"Nice";"06";"None";"None";"06088000LD0036";"None";"None";"29";"nan";"None";"nan";"None";"nan";"None";"None";"None";"None";"1";"2";"Appartement";"37.0";"2.0";"None";"None";"None";"None";"nan";"7.275504";"43.703403";"000LD"
"2022-63602";"2022-08-03";"1";"Vente";"350000.0";"16.0";"None";"AV SAINT JEAN BAPTISTE";"5805";"06000";"06088";"Nice";"06";"None";"None";"06088000LD0241";"None";"None";"14";"82.9";"None";"nan";"None";"nan";"None";"None";"None";"None";"1";"4";"Local industriel. commercial ou assimilé";"80.0";"0.0";"None";"None";"None";"None";"nan";"7.277897";"43.701826";"000LD"
"2022-62935";"2022-08-02";"1";"Vente";"101000.0";"4.0";"None";"RUE DEFLY";"1880";"06000";"06088";"Nice";"06";"None";"None";"06088000LD0277";"None";"None";"18";"nan";"19";"nan";"None";"nan";"None";"None";"None";"None";"2";"2";"Appartement";"28.0";"1.0";"None";"None";"None";"None";"nan";"7.277525";"43.702001";"000LD"
"2022-63146";"2022-07-29";"1";"Vente";"338500.0";"12.0";"None";"RUE DEFLY";"1880";"06000";"06088";"Nice";"06";"None";"None";"06088000LD0087";"None";"None";"8";"68.42";"None";"nan";"None";"nan";"None";"None";"None";"None";"1";"2";"Appartement";"69.0";"4.0";"None";"None";"None";"None";"nan";"7.27693";"43.702194";"000LD"
"2022-63146";"2022-07-29";"1";"Vente";"338500.0";"12.0";"None";"RUE DEFLY";"1880";"06000";"06088";"Nice";"06";"None";"None";"06088000LD0087";"None";"None";"8";"68.42";"None";"nan";"None";"nan";"None";"None";"None";"None";"1";"3";"Dépendance";"nan";"0.0";"None";"None";"None";"None";"nan";"7.27693";"43.702194";"000LD"
"2022-62325";"2022-07-26";"1";"Vente";"182020.0";"38.0";"None";"RUE TONDUTI DE L ESCARENE";"6425";"06000";"06088";"Nice";"06";"None";"None";"06088000LD0175";"None";"None";"19";"29.01";"None";"nan";"None";"nan";"None";"None";"None";"None";"1";"2";"Appartement";"31.0";"2.0";"None";"None";"None";"None";"nan";"7.272956";"43.702256";"000LD"
"2022-61959";"2022-07-22";"1";"Vente";"149000.0";"24.0";"None";"RUE DELILLE";"1885";"06000";"06088";"Nice";"06";"None";"None";"06088000LD0028";"None";"None";"25";"nan";"None";"nan";"None";"nan";"None";"None";"None";"None";"1";"2";"Appartement";"11.0";"1.0";"None";"None";"None";"None";"nan";"7.273216";"43.702778";"000LD"
"2022-61959";"2022-07-22";"1";"Vente";"149000.0";"24.0";"None";"RUE DELILLE";"1885";"06000";"06088";"Nice";"06";"None";"None";"06088000LD0028";"None";"None";"26";"nan";"None";"nan";"None";"nan";"None";"None";"None";"None";"1";"2";"Appartement";"11.0";"1.0";"None";"None";"None";"None";"nan";"7.273216";"43.702778";"000LD"
"2022-62135";"2022-07-21";"1";"Vente";"280000.0";"9.0";"None";"BD DUBOUCHAGE";"2102";"06000";"06088";"Nice";"06";"None";"None";"06088000LD0026";"None";"None";"23";"55.95";"42";"nan";"8";"nan";"None";"None";"None";"None";"3";"2";"Appartement";"76.0";"2.0";"None";"None";"None";"None";"nan";"7.273094";"43.703018";"000LD"
"2022-63023";"2022-07-21";"1";"Vente";"142965.0";"21.0";"None";"BD CARABACEL";"1120";"06000";"06088";"Nice";"06";"None";"None";"06088000LD0192";"None";"None";"19";"21.01";"None";"nan";"None";"nan";"None";"None";"None";"None";"1";"2";"Appartement";"23.0";"1.0";"None";"None";"None";"None";"nan";"7.276356";"43.703203";"000LD"
"2022-62135";"2022-07-21";"1";"Vente";"280000.0";"9.0";"None";"BD DUBOUCHAGE";"2102";"06000";"06088";"Nice";"06";"None";"None";"06088000LD0026";"None";"None";"23";"55.95";"42";"nan";"8";"nan";"None";"None";"None";"None";"3";"3";"Dépendance";"nan";"0.0";"None";"None";"None";"None";"nan";"7.273094";"43.703018";"000LD"
"2022-61876";"2022-07-19";"1";"Vente";"210000.0";"8.0";"None";"RUE DELILLE";"1885";"06000";"06088";"Nice";"06";"None";"None";"06088000LD0223";"None";"None";"103";"54.5";"None";"nan";"None";"nan";"None";"None";"None";"None";"1";"2";"Appartement";"54.0";"3.0";"None";"None";"None";"None";"nan";"7.277231";"43.701442";"000LD"
"2022-61876";"2022-07-19";"1";"Vente";"210000.0";"6.0";"None";"RUE DELILLE";"1885";"06000";"06088";"Nice";"06";"None";"None";"06088000LD0223";"None";"None";"6";"nan";"None";"nan";"None";"nan";"None";"None";"None";"None";"1";"3";"Dépendance";"nan";"0.0";"None";"None";"None";"None";"nan";"7.277231";"43.701442";"000LD"
"2022-62458";"2022-07-13";"1";"Vente";"15000.0";"12.0";"None";"RUE DEFLY";"1880";"06000";"06088";"Nice";"06";"None";"None";"06088000LD0087";"None";"None";"18";"13.8";"None";"nan";"None";"nan";"None";"None";"None";"None";"1";"4";"Local industriel. commercial ou assimilé";"50.0";"0.0";"None";"None";"None";"None";"nan";"7.27693";"43.702194";"000LD"
"2022-62458";"2022-07-13";"1";"Vente";"15000.0";"12.0";"None";"RUE DEFLY";"1880";"06000";"06088";"Nice";"06";"None";"None";"06088000LD0087";"None";"None";"18";"13.8";"None";"nan";"None";"nan";"None";"None";"None";"None";"1";"4";"Local industriel. commercial ou assimilé";"15.0";"0.0";"None";"None";"None";"None";"nan";"7.27693";"43.702194";"000LD"
"2022-61583";"2022-07-12";"1";"Vente";"415000.0";"1.0";"None";"RUE DEFLY";"1880";"06000";"06088";"Nice";"06";"None";"None";"06088000LD0118";"None";"None";"19";"74.19";"None";"nan";"None";"nan";"None";"None";"None";"None";"1";"2";"Appartement";"73.0";"4.0";"None";"None";"None";"None";"nan";"7.277673";"43.701545";"000LD"
"2022-65749";"2022-07-11";"2";"Vente";"1.0";"39.0";"None";"BD CARABACEL";"1120";"06000";"06088";"Nice";"06";"None";"None";"06088000LD0211";"None";"None";"74";"nan";"None";"nan";"None";"nan";"None";"None";"None";"None";"1";"3";"Dépendance";"nan";"0.0";"None";"None";"None";"None";"nan";"7.274276";"43.70381";"000LD"
"2022-65749";"2022-07-11";"2";"Vente";"1.0";"39.0";"None";"BD CARABACEL";"1120";"06000";"06088";"Nice";"06";"None";"None";"06088000LD0211";"None";"None";"74";"nan";"None";"nan";"None";"nan";"None";"None";"None";"None";"1";"3";"Dépendance";"nan";"0.0";"None";"None";"None";"None";"nan";"7.274276";"43.70381";"000LD"
"2022-65749";"2022-07-11";"2";"Vente";"1.0";"39.0";"None";"BD CARABACEL";"1120";"06000";"06088";"Nice";"06";"None";"None";"06088000LD0211";"None";"None";"74";"nan";"None";"nan";"None";"nan";"None";"None";"None";"None";"1";"3";"Dépendance";"nan";"0.0";"None";"None";"None";"None";"nan";"7.274276";"43.70381";"000LD"
"2022-61720";"2022-07-07";"1";"Vente";"225000.0";"25.0";"None";"BD CARABACEL";"1120";"06000";"06088";"Nice";"06";"None";"None";"06088000LD0225";"None";"None";"24";"nan";"6";"nan";"None";"nan";"None";"None";"None";"None";"2";"2";"Appartement";"31.0";"2.0";"None";"None";"None";"None";"nan";"7.27576";"43.703351";"000LD"
"2022-61720";"2022-07-07";"1";"Vente";"225000.0";"25.0";"None";"BD CARABACEL";"1120";"06000";"06088";"Nice";"06";"None";"None";"06088000LD0225";"None";"None";"24";"nan";"6";"nan";"None";"nan";"None";"None";"None";"None";"2";"3";"Dépendance";"nan";"0.0";"None";"None";"None";"None";"nan";"7.27576";"43.703351";"000LD"
"2022-60108";"2022-06-23";"1";"Vente";"130700.0";"21.0";"None";"BD CARABACEL";"1120";"06000";"06088";"Nice";"06";"None";"None";"06088000LD0192";"None";"None";"18";"25.15";"None";"nan";"None";"nan";"None";"None";"None";"None";"1";"2";"Appartement";"28.0";"1.0";"None";"None";"None";"None";"nan";"7.276356";"43.703203";"000LD"
"2022-61177";"2022-06-20";"1";"Vente";"165000.0";"19.0";"None";"RUE DELILLE";"1885";"06000";"06088";"Nice";"06";"None";"None";"06088000LD0185";"None";"None";"20";"nan";"None";"nan";"None";"nan";"None";"None";"None";"None";"1";"2";"Appartement";"19.0";"1.0";"None";"None";"None";"None";"nan";"7.27458";"43.702034";"000LD"
"2022-61177";"2022-06-20";"1";"Vente";"165000.0";"19.0";"None";"RUE DELILLE";"1885";"06000";"06088";"Nice";"06";"None";"None";"06088000LD0185";"None";"None";"20";"nan";"None";"nan";"None";"nan";"None";"None";"None";"None";"1";"3";"Dépendance";"nan";"0.0";"None";"None";"None";"None";"nan";"7.27458";"43.702034";"000LD"
"2022-59874";"2022-06-17";"1";"Vente";"160000.0";"7.0";"None";"PL GENERAL MARSHALL";"2883";"06000";"06088";"Nice";"06";"None";"None";"06088000LD0105";"None";"None";"3";"nan";"None";"nan";"None";"nan";"None";"None";"None";"None";"1";"2";"Appartement";"28.0";"1.0";"None";"None";"None";"None";"nan";"7.275838";"43.702059";"000LD"
"2022-60672";"2022-06-15";"1";"Vente";"430000.0";"3.0";"None";"RUE GIOFFREDO";"2950";"06000";"06088";"Nice";"06";"None";"None";"06088000LD0066";"None";"None";"20";"nan";"7";"81.89";"None";"nan";"None";"None";"None";"None";"2";"2";"Appartement";"77.0";"4.0";"None";"None";"None";"None";"nan";"7.277073";"43.702698";"000LD"
"2022-60021";"2022-06-15";"1";"Vente";"9000.0";"16.0";"None";"RUE TONDUTI DE L ESCARENE";"6425";"06000";"06088";"Nice";"06";"None";"None";"06088000LD0149";"None";"None";"17";"nan";"None";"nan";"None";"nan";"None";"None";"None";"None";"1";"3";"Dépendance";"nan";"0.0";"None";"None";"None";"None";"nan";"7.275299";"43.701359";"000LD"
"2022-60672";"2022-06-15";"1";"Vente";"430000.0";"3.0";"None";"RUE GIOFFREDO";"2950";"06000";"06088";"Nice";"06";"None";"None";"06088000LD0066";"None";"None";"20";"nan";"7";"81.89";"None";"nan";"None";"None";"None";"None";"2";"3";"Dépendance";"nan";"0.0";"None";"None";"None";"None";"nan";"7.277073";"43.702698";"000LD"
"2022-60428";"2022-06-13";"1";"Vente";"160000.0";"16.0";"None";"RUE TONDUTI DE L ESCARENE";"6425";"06000";"06088";"Nice";"06";"None";"None";"06088000LD0149";"None";"None";"6";"nan";"None";"nan";"None";"nan";"None";"None";"None";"None";"1";"4";"Local industriel. commercial ou assimilé";"50.0";"0.0";"None";"None";"None";"None";"nan";"7.275299";"43.701359";"000LD"
"2022-59429";"2022-06-10";"1";"Vente";"162000.0";"25.0";"None";"BD CARABACEL";"1120";"06000";"06088";"Nice";"06";"None";"None";"06088000LD0225";"None";"None";"46";"20.21";"None";"nan";"None";"nan";"None";"None";"None";"None";"1";"2";"Appartement";"21.0";"1.0";"None";"None";"None";"None";"nan";"7.27576";"43.703351";"000LD"
"2022-60303";"2022-06-10";"1";"Vente";"665000.0";"1.0";"None";"RUE DEFLY";"1880";"06000";"06088";"Nice";"06";"None";"None";"06088000LD0118";"None";"None";"42";"56.75";"None";"nan";"None";"nan";"None";"None";"None";"None";"1";"2";"Appartement";"62.0";"3.0";"None";"None";"None";"None";"nan";"7.277673";"43.701545";"000LD"
"2022-60303";"2022-06-10";"1";"Vente";"665000.0";"1.0";"None";"RUE DEFLY";"1880";"06000";"06088";"Nice";"06";"None";"None";"06088000LD0118";"None";"None";"43";"82.5";"6";"nan";"None";"nan";"None";"None";"None";"None";"2";"2";"Appartement";"80.0";"3.0";"None";"None";"None";"None";"nan";"7.277673";"43.701545";"000LD"
"2022-60303";"2022-06-10";"1";"Vente";"665000.0";"1.0";"None";"RUE DEFLY";"1880";"06000";"06088";"Nice";"06";"None";"None";"06088000LD0118";"None";"None";"43";"82.5";"6";"nan";"None";"nan";"None";"None";"None";"None";"2";"3";"Dépendance";"nan";"0.0";"None";"None";"None";"None";"nan";"7.277673";"43.701545";"000LD"
"2022-59191";"2022-05-30";"1";"Vente";"71000.0";"1.0";"None";"RUE DEFLY";"1880";"06000";"06088";"Nice";"06";"None";"None";"06088000LD0118";"None";"None";"27";"20.61";"None";"nan";"None";"nan";"None";"None";"None";"None";"1";"2";"Appartement";"20.0";"2.0";"None";"None";"None";"None";"nan";"7.277673";"43.701545";"000LD"
"2022-59276";"2022-05-30";"1";"Vente";"470000.0";"36.0";"None";"RUE TONDUTI DE L ESCARENE";"6425";"06000";"06088";"Nice";"06";"None";"None";"06088000LD0176";"None";"None";"11";"nan";"17";"108.16";"None";"nan";"None";"None";"None";"None";"2";"4";"Local industriel. commercial ou assimilé";"115.0";"0.0";"None";"None";"None";"None";"nan";"7.272928";"43.702145";"000LD"
"2022-58672";"2022-05-25";"1";"Vente";"110000.0";"4.0";"None";"RUE DEFLY";"1880";"06000";"06088";"Nice";"06";"None";"None";"06088000LD0277";"None";"None";"16";"21.34";"None";"nan";"None";"nan";"None";"None";"None";"None";"1";"2";"Appartement";"32.0";"1.0";"None";"None";"None";"None";"nan";"7.277525";"43.702001";"000LD"
"2022-59405";"2022-05-19";"1";"Vente";"259500.0";"19.0";"None";"RUE DELILLE";"1885";"06000";"06088";"Nice";"06";"None";"None";"06088000LD0185";"None";"None";"19";"37.0";"None";"nan";"None";"nan";"None";"None";"None";"None";"1";"2";"Appartement";"36.0";"2.0";"None";"None";"None";"None";"nan";"7.27458";"43.702034";"000LD"
"2022-59405";"2022-05-19";"1";"Vente";"259500.0";"19.0";"None";"RUE DELILLE";"1885";"06000";"06088";"Nice";"06";"None";"None";"06088000LD0185";"None";"None";"19";"37.0";"None";"nan";"None";"nan";"None";"None";"None";"None";"1";"3";"Dépendance";"nan";"0.0";"None";"None";"None";"None";"nan";"7.27458";"43.702034";"000LD"
"2022-59247";"2022-05-17";"1";"Vente";"495000.0";"5.0";"None";"RUE ADOLPHE DE ROTHSCHILD";"0042";"06000";"06088";"Nice";"06";"None";"None";"06088000LD0025";"None";"None";"18";"73.12";"None";"nan";"None";"nan";"None";"None";"None";"None";"1";"2";"Appartement";"70.0";"3.0";"None";"None";"None";"None";"nan";"7.273205";"43.70315";"000LD"
"2022-58321";"2022-05-16";"1";"Vente";"100000.0";"5.0";"None";"RUE DELILLE";"1885";"06000";"06088";"Nice";"06";"None";"None";"06088000LD0137";"None";"None";"14";"nan";"3";"nan";"None";"nan";"None";"None";"None";"None";"2";"4";"Local industriel. commercial ou assimilé";"13.0";"0.0";"None";"None";"None";"None";"nan";"7.276496";"43.701335";"000LD"
"2022-57848";"2022-05-10";"1";"Vente";"129000.0";"21.0";"None";"BD CARABACEL";"1120";"06000";"06088";"Nice";"06";"None";"None";"06088000LD0192";"None";"None";"31";"23.15";"None";"nan";"None";"nan";"None";"None";"None";"None";"1";"2";"Appartement";"25.0";"1.0";"None";"None";"None";"None";"nan";"7.276356";"43.703203";"000LD"
"2022-59021";"2022-05-10";"1";"Vente";"170000.0";"9.0";"None";"RUE PASTORELLI";"4850";"06000";"06088";"Nice";"06";"None";"None";"06088000LD0164";"None";"None";"4";"nan";"None";"nan";"None";"nan";"None";"None";"None";"None";"1";"2";"Appartement";"19.0";"1.0";"None";"None";"None";"None";"nan";"7.27367";"43.70216";"000LD"
"2022-59021";"2022-05-10";"1";"Vente";"170000.0";"9.0";"None";"RUE PASTORELLI";"4850";"06000";"06088";"Nice";"06";"None";"None";"06088000LD0164";"None";"None";"5";"nan";"None";"nan";"None";"nan";"None";"None";"None";"None";"1";"2";"Appartement";"17.0";"1.0";"None";"None";"None";"None";"nan";"7.27367";"43.70216";"000LD"
"2022-58337";"2022-05-03";"1";"Vente";"240000.0";"25.0";"None";"BD CARABACEL";"1120";"06000";"06088";"Nice";"06";"None";"None";"06088000LD0225";"None";"None";"22";"31.63";"None";"nan";"None";"nan";"None";"None";"None";"None";"1";"2";"Appartement";"33.0";"2.0";"None";"None";"None";"None";"nan";"7.27576";"43.703351";"000LD"
"2022-58049";"2022-05-02";"1";"Vente";"113000.0";"11.0";"None";"BD DUBOUCHAGE";"2102";"06000";"06088";"Nice";"06";"None";"None";"06088000LD0027";"None";"None";"50";"18.12";"None";"nan";"None";"nan";"None";"None";"None";"None";"1";"3";"Dépendance";"nan";"0.0";"None";"None";"None";"None";"nan";"7.273023";"43.702875";"000LD"
"2022-57277";"2022-04-28";"1";"Vente";"200000.0";"25.0";"None";"RUE DELILLE";"1885";"06000";"06088";"Nice";"06";"None";"None";"06088000LD0161";"None";"None";"6";"50.07";"None";"nan";"None";"nan";"None";"None";"None";"None";"1";"2";"Appartement";"47.0";"3.0";"None";"None";"None";"None";"nan";"7.273956";"43.702117";"000LD"
"2022-56714";"2022-04-26";"1";"Vente";"280000.0";"4.0";"None";"RUE DELILLE";"1885";"06000";"06088";"Nice";"06";"None";"None";"06088000LD0128";"None";"None";"11";"58.22";"2";"nan";"None";"nan";"None";"None";"None";"None";"2";"2";"Appartement";"62.0";"3.0";"None";"None";"None";"None";"nan";"7.277373";"43.701286";"000LD"
"2022-55921";"2022-04-08";"1";"Vente";"150000.0";"10.0";"None";"RUE PENCHIENATTI";"4940";"06000";"06088";"Nice";"06";"None";"None";"06088000LD0065";"None";"None";"35";"22.4";"37";"nan";"None";"nan";"None";"None";"None";"None";"2";"2";"Appartement";"52.0";"2.0";"None";"None";"None";"None";"nan";"7.277195";"43.702658";"000LD"
"2022-55924";"2022-04-07";"1";"Vente";"90000.0";"16.0";"None";"RUE DELILLE";"1885";"06000";"06088";"Nice";"06";"None";"None";"06088000LD0110";"None";"None";"17";"11.67";"None";"nan";"None";"nan";"None";"None";"None";"None";"1";"3";"Dépendance";"nan";"0.0";"None";"None";"None";"None";"nan";"7.276479";"43.701592";"000LD"
"2022-55233";"2022-03-30";"1";"Vente";"100000.0";"9.0";"None";"RUE PASTORELLI";"4850";"06000";"06088";"Nice";"06";"None";"None";"06088000LD0164";"None";"None";"11";"25.91";"None";"nan";"None";"nan";"None";"None";"None";"None";"1";"2";"Appartement";"26.0";"1.0";"None";"None";"None";"None";"nan";"7.27367";"43.70216";"000LD"
"2022-66453";"2022-03-28";"1";"Vente";"405000.0";"1.0";"None";"RUE DEFLY";"1880";"06000";"06088";"Nice";"06";"None";"None";"06088000LD0118";"None";"None";"1";"nan";"21";"nan";"None";"nan";"None";"None";"None";"None";"2";"2";"Appartement";"70.0";"4.0";"None";"None";"None";"None";"nan";"7.277673";"43.701545";"000LD"
"2022-66453";"2022-03-28";"1";"Vente";"405000.0";"1.0";"None";"RUE DEFLY";"1880";"06000";"06088";"Nice";"06";"None";"None";"06088000LD0118";"None";"None";"1";"nan";"21";"nan";"None";"nan";"None";"None";"None";"None";"2";"3";"Dépendance";"nan";"0.0";"None";"None";"None";"None";"nan";"7.277673";"43.701545";"000LD"
"2022-55694";"2022-03-15";"1";"Vente";"630000.0";"4.0";"None";"RUE DEFLY";"1880";"06000";"06088";"Nice";"06";"None";"None";"06088000LD0277";"None";"None";"11";"152.38";"None";"nan";"None";"nan";"None";"None";"None";"None";"1";"2";"Appartement";"135.0";"6.0";"None";"None";"None";"None";"nan";"7.277525";"43.702001";"000LD"
"2022-54393";"2022-03-10";"1";"Vente";"228660.0";"12.0";"None";"RUE DEFLY";"1880";"06000";"06088";"Nice";"06";"None";"None";"06088000LD0087";"None";"None";"10";"39.01";"None";"nan";"None";"nan";"None";"None";"None";"None";"1";"2";"Appartement";"40.0";"3.0";"None";"None";"None";"None";"nan";"7.27693";"43.702194";"000LD"
"2022-54722";"2022-03-09";"1";"Vente";"148000.0";"18.0";"None";"AV SAINT JEAN BAPTISTE";"5805";"06000";"06088";"Nice";"06";"None";"None";"06088000LD0125";"None";"None";"16";"45.6";"5";"nan";"None";"nan";"None";"None";"None";"None";"2";"2";"Appartement";"43.0";"2.0";"None";"None";"None";"None";"nan";"7.277575";"43.701456";"000LD"
"2022-54722";"2022-03-09";"1";"Vente";"148000.0";"18.0";"None";"AV SAINT JEAN BAPTISTE";"5805";"06000";"06088";"Nice";"06";"None";"None";"06088000LD0125";"None";"None";"16";"45.6";"5";"nan";"None";"nan";"None";"None";"None";"None";"2";"3";"Dépendance";"nan";"0.0";"None";"None";"None";"None";"nan";"7.277575";"43.701456";"000LD"
"2022-54891";"2022-03-07";"1";"Vente";"172000.0";"22.0";"None";"RUE TONDUTI DE L ESCARENE";"6425";"06000";"06088";"Nice";"06";"None";"None";"06088000LD0152";"None";"None";"25";"nan";"None";"nan";"None";"nan";"None";"None";"None";"None";"1";"2";"Appartement";"70.0";"2.0";"None";"None";"None";"None";"nan";"7.274581";"43.701576";"000LD"
"2022-54319";"2022-03-01";"1";"Vente";"260000.0";"22.0";"None";"AV SAINT JEAN BAPTISTE";"5805";"06000";"06088";"Nice";"06";"None";"None";"06088000LD0127";"None";"None";"4";"87.41";"None";"nan";"None";"nan";"None";"None";"None";"None";"1";"2";"Appartement";"90.0";"4.0";"None";"None";"None";"None";"nan";"7.277541";"43.701326";"000LD"
"2022-54319";"2022-03-01";"1";"Vente";"260000.0";"22.0";"None";"AV SAINT JEAN BAPTISTE";"5805";"06000";"06088";"Nice";"06";"None";"None";"06088000LD0127";"None";"None";"4";"87.41";"None";"nan";"None";"nan";"None";"None";"None";"None";"1";"3";"Dépendance";"nan";"0.0";"None";"None";"None";"None";"nan";"7.277541";"43.701326";"000LD"
"2022-54139";"2022-02-24";"1";"Vente";"378000.0";"17.0";"None";"RUE PENCHIENATTI";"4940";"06000";"06088";"Nice";"06";"None";"None";"06088000LD0093";"None";"None";"7";"58.0";"None";"nan";"None";"nan";"None";"None";"None";"None";"1";"2";"Appartement";"60.0";"2.0";"None";"None";"None";"None";"nan";"7.276341";"43.702685";"000LD"
"2022-54139";"2022-02-24";"1";"Vente";"378000.0";"17.0";"None";"RUE PENCHIENATTI";"4940";"06000";"06088";"Nice";"06";"None";"None";"06088000LD0093";"None";"None";"6";"19.0";"None";"nan";"None";"nan";"None";"None";"None";"None";"1";"2";"Appartement";"18.0";"1.0";"None";"None";"None";"None";"nan";"7.276341";"43.702685";"000LD"
"2022-54345";"2022-02-24";"1";"Vente";"140000.0";"5.0";"None";"RUE ADOLPHE DE ROTHSCHILD";"0042";"06000";"06088";"Nice";"06";"None";"None";"06088000LD0025";"None";"None";"24";"27.04";"None";"nan";"None";"nan";"None";"None";"None";"None";"1";"2";"Appartement";"28.0";"1.0";"None";"None";"None";"None";"nan";"7.273205";"43.70315";"000LD"
"2022-53532";"2022-02-23";"1";"Vente";"120000.0";"14.0";"None";"RUE TONDUTI DE L ESCARENE";"6425";"06000";"06088";"Nice";"06";"None";"None";"06088000LD0148";"None";"None";"12";"20.09";"None";"nan";"None";"nan";"None";"None";"None";"None";"1";"2";"Appartement";"25.0";"1.0";"None";"None";"None";"None";"nan";"7.275431";"43.701268";"000LD"
"2022-53702";"2022-02-21";"1";"Vente";"160000.0";"4.0";"None";"RUE DEFLY";"1880";"06000";"06088";"Nice";"06";"None";"None";"06088000LD0277";"None";"None";"3";"30.08";"None";"nan";"None";"nan";"None";"None";"None";"None";"1";"4";"Local industriel. commercial ou assimilé";"18.0";"0.0";"None";"None";"None";"None";"nan";"7.277525";"43.702001";"000LD"
"2022-52613";"2022-02-04";"1";"Vente";"449000.0";"1.0";"None";"RUE GIOFFREDO";"2950";"06000";"06088";"Nice";"06";"None";"None";"06088000LD0053";"None";"None";"24";"nan";"40";"100.6";"None";"nan";"None";"None";"None";"None";"2";"2";"Appartement";"95.0";"4.0";"None";"None";"None";"None";"nan";"7.277173";"43.702896";"000LD"
"2022-52613";"2022-02-04";"1";"Vente";"449000.0";"1.0";"None";"RUE GIOFFREDO";"2950";"06000";"06088";"Nice";"06";"None";"None";"06088000LD0053";"None";"None";"24";"nan";"40";"100.6";"None";"nan";"None";"None";"None";"None";"2";"3";"Dépendance";"nan";"0.0";"None";"None";"None";"None";"nan";"7.277173";"43.702896";"000LD"
"2022-52826";"2022-02-04";"1";"Vente";"40000.0";"6.0";"None";"RUE DELILLE";"1885";"06000";"06088";"Nice";"06";"None";"None";"06088000LD0223";"None";"None";"24";"nan";"None";"nan";"None";"nan";"None";"None";"None";"None";"1";"3";"Dépendance";"nan";"0.0";"None";"None";"None";"None";"nan";"7.277231";"43.701442";"000LD"
"2022-52826";"2022-02-04";"1";"Vente";"40000.0";"6.0";"None";"RUE DELILLE";"1885";"06000";"06088";"Nice";"06";"None";"None";"06088000LD0223";"None";"None";"23";"nan";"None";"nan";"None";"nan";"None";"None";"None";"None";"1";"4";"Local industriel. commercial ou assimilé";"12.0";"0.0";"None";"None";"None";"None";"nan";"7.277231";"43.701442";"000LD"
"2022-52522";"2022-02-03";"1";"Vente";"105000.0";"7.0";"None";"PL GENERAL MARSHALL";"2883";"06000";"06088";"Nice";"06";"None";"None";"06088000LD0105";"None";"None";"3";"nan";"None";"nan";"None";"nan";"None";"None";"None";"None";"1";"2";"Appartement";"28.0";"1.0";"None";"None";"None";"None";"nan";"7.275838";"43.702059";"000LD"
"2022-51779";"2022-01-24";"1";"Vente";"280250.0";"16.0";"None";"RUE PENCHIENATTI";"4940";"06000";"06088";"Nice";"06";"None";"None";"06088000LD0191";"None";"None";"5";"nan";"None";"nan";"None";"nan";"None";"None";"None";"None";"1";"2";"Appartement";"56.0";"2.0";"None";"None";"None";"None";"nan";"7.276268";"43.70295";"000LD"
"2022-51779";"2022-01-24";"1";"Vente";"280250.0";"16.0";"None";"RUE PENCHIENATTI";"4940";"06000";"06088";"Nice";"06";"None";"None";"06088000LD0191";"None";"None";"5";"nan";"None";"nan";"None";"nan";"None";"None";"None";"None";"1";"3";"Dépendance";"nan";"0.0";"None";"None";"None";"None";"nan";"7.276268";"43.70295";"000LD"
"2022-52811";"2022-01-20";"1";"Vente";"366000.0";"14.0";"None";"RUE TONDUTI DE L ESCARENE";"6425";"06000";"06088";"Nice";"06";"None";"None";"06088000LD0148";"None";"None";"14";"80.15";"None";"nan";"None";"nan";"None";"None";"None";"None";"1";"2";"Appartement";"85.0";"3.0";"None";"None";"None";"None";"nan";"7.275431";"43.701268";"000LD"
"2022-51761";"2022-01-14";"1";"Vente";"23000.0";"20.0";"None";"RUE EDOUARD BERI";"2175";"06000";"06088";"Nice";"06";"None";"None";"06088000LD0036";"None";"None";"75";"nan";"None";"nan";"None";"nan";"None";"None";"None";"None";"1";"3";"Dépendance";"nan";"0.0";"None";"None";"None";"None";"nan";"7.275504";"43.703403";"000LD"
"2022-51620";"2022-01-10";"1";"Vente";"180000.0";"3.0";"None";"RUE DELILLE";"1885";"06000";"06088";"Nice";"06";"None";"None";"06088000LD0214";"None";"None";"512";"30.6";"515";"nan";"None";"nan";"None";"None";"None";"None";"2";"2";"Appartement";"49.0";"3.0";"None";"None";"None";"None";"nan";"7.277032";"43.700947";"000LD"
"2022-51620";"2022-01-10";"1";"Vente";"180000.0";"3.0";"None";"RUE DELILLE";"1885";"06000";"06088";"Nice";"06";"None";"None";"06088000LD0214";"None";"None";"512";"30.6";"515";"nan";"None";"nan";"None";"None";"None";"None";"2";"3";"Dépendance";"nan";"0.0";"None";"None";"None";"None";"nan";"7.277032";"43.700947";"000LD"
"2021-72192";"2021-12-29";"1";"Vente";"117000.0";"7.0";"None";"RUE PASTORELLI";"4850";"06000";"06088";"Nice";"06";"None";"None";"06088000LD0163";"None";"None";"109";"29.05";"None";"nan";"None";"nan";"None";"None";"None";"None";"1";"4";"Local industriel. commercial ou assimilé";"392.0";"0.0";"None";"None";"None";"None";"nan";"7.273738";"43.702267";"000LD"
"2021-71932";"2021-12-24";"1";"Vente";"190000.0";"16.0";"None";"RUE PENCHIENATTI";"4940";"06000";"06088";"Nice";"06";"None";"None";"06088000LD0191";"None";"None";"16";"nan";"3";"53.46";"None";"nan";"None";"None";"None";"None";"2";"2";"Appartement";"56.0";"2.0";"None";"None";"None";"None";"nan";"7.276268";"43.70295";"000LD"
"2021-71932";"2021-12-24";"1";"Vente";"190000.0";"16.0";"None";"RUE PENCHIENATTI";"4940";"06000";"06088";"Nice";"06";"None";"None";"06088000LD0191";"None";"None";"16";"nan";"3";"53.46";"None";"nan";"None";"None";"None";"None";"2";"3";"Dépendance";"nan";"0.0";"None";"None";"None";"None";"nan";"7.276268";"43.70295";"000LD"
"2021-71107";"2021-12-20";"1";"Vente";"710000.0";"31.0";"None";"BD CARABACEL";"1120";"06000";"06088";"Nice";"06";"None";"None";"06088000LD0215";"None";"None";"12";"135.93";"3";"nan";"None";"nan";"None";"None";"None";"None";"2";"2";"Appartement";"131.0";"5.0";"None";"None";"None";"None";"nan";"7.275409";"43.703492";"000LD"
"2021-71107";"2021-12-20";"1";"Vente";"710000.0";"31.0";"None";"BD CARABACEL";"1120";"06000";"06088";"Nice";"06";"None";"None";"06088000LD0215";"None";"None";"12";"135.93";"3";"nan";"None";"nan";"None";"None";"None";"None";"2";"3";"Dépendance";"nan";"0.0";"None";"None";"None";"None";"nan";"7.275409";"43.703492";"000LD"
"2021-71107";"2021-12-20";"1";"Vente";"710000.0";"31.0";"None";"BD CARABACEL";"1120";"06000";"06088";"Nice";"06";"None";"None";"06088000LD0215";"None";"None";"12";"135.93";"3";"nan";"None";"nan";"None";"None";"None";"None";"2";"3";"Dépendance";"nan";"0.0";"None";"None";"None";"None";"nan";"7.275409";"43.703492";"000LD"
"2021-71310";"2021-12-17";"1";"Vente";"9000.0";"35.0";"None";"BD CARABACEL";"1120";"06000";"06088";"Nice";"06";"None";"None";"06088000LD0031";"None";"None";"37";"nan";"None";"nan";"None";"nan";"None";"None";"None";"None";"1";"3";"Dépendance";"nan";"0.0";"None";"None";"None";"None";"nan";"7.274975";"43.703567";"000LD"
"2021-71147";"2021-12-15";"1";"Vente";"320000.0";"12.0";"None";"RUE GIOFFREDO";"2950";"06000";"06088";"Nice";"06";"None";"None";"06088000LD0102";"None";"None";"16";"101.18";"None";"nan";"None";"nan";"None";"None";"None";"None";"1";"2";"Appartement";"98.0";"4.0";"None";"None";"None";"None";"nan";"7.276174";"43.702033";"000LD"
"2021-70321";"2021-12-09";"1";"Vente";"374000.0";"14.0";"None";"RUE DEFLY";"1880";"06000";"06088";"Nice";"06";"None";"None";"06088000LD0089";"None";"None";"31";"nan";"None";"nan";"None";"nan";"None";"None";"None";"None";"1";"2";"Appartement";"57.0";"3.0";"None";"None";"None";"None";"nan";"7.276747";"43.702198";"000LD"
"2021-70665";"2021-11-30";"1";"Vente";"415000.0";"23.0";"None";"RUE EDOUARD BERI";"2175";"06000";"06088";"Nice";"06";"None";"None";"06088000LD0014";"None";"None";"11";"nan";"9";"nan";"None";"nan";"None";"None";"None";"None";"2";"2";"Appartement";"80.0";"3.0";"None";"None";"None";"None";"nan";"7.274108";"43.703438";"000LD"
"2021-70665";"2021-11-30";"1";"Vente";"415000.0";"23.0";"None";"RUE EDOUARD BERI";"2175";"06000";"06088";"Nice";"06";"None";"None";"06088000LD0014";"None";"None";"11";"nan";"9";"nan";"None";"nan";"None";"None";"None";"None";"2";"3";"Dépendance";"nan";"0.0";"None";"None";"None";"None";"nan";"7.274108";"43.703438";"000LD"
"2021-70526";"2021-11-29";"1";"Vente";"139545.0";"27.0";"None";"BD CARABACEL";"1120";"06000";"06088";"Nice";"06";"None";"None";"06088000LD0036";"None";"None";"30";"nan";"None";"nan";"None";"nan";"None";"None";"None";"None";"1";"2";"Appartement";"20.0";"1.0";"None";"None";"None";"None";"nan";"7.275504";"43.703403";"000LD"
"2021-68962";"2021-11-08";"1";"Vente";"489250.0";"34.0";"None";"RUE TONDUTI DE L ESCARENE";"6425";"06000";"06088";"Nice";"06";"None";"None";"06088000LD0169";"None";"None";"23";"122.05";"5";"nan";"None";"nan";"None";"None";"None";"None";"2";"2";"Appartement";"121.0";"5.0";"None";"None";"None";"None";"nan";"7.273119";"43.702084";"000LD"
"2021-68962";"2021-11-08";"1";"Vente";"489250.0";"34.0";"None";"RUE TONDUTI DE L ESCARENE";"6425";"06000";"06088";"Nice";"06";"None";"None";"06088000LD0169";"None";"None";"23";"122.05";"5";"nan";"None";"nan";"None";"None";"None";"None";"2";"3";"Dépendance";"nan";"0.0";"None";"None";"None";"None";"nan";"7.273119";"43.702084";"000LD"
"2021-68289";"2021-10-28";"1";"Vente";"518000.0";"31.0";"None";"RUE DELILLE";"1885";"06000";"06088";"Nice";"06";"None";"None";"06088000LD0173";"None";"None";"2";"nan";"41";"92.1";"None";"nan";"None";"None";"None";"None";"2";"2";"Appartement";"70.0";"2.0";"None";"None";"None";"None";"nan";"7.273208";"43.702388";"000LD"
"2021-68289";"2021-10-28";"1";"Vente";"518000.0";"31.0";"None";"RUE DELILLE";"1885";"06000";"06088";"Nice";"06";"None";"None";"06088000LD0173";"None";"None";"26";"nan";"42";"nan";"None";"nan";"None";"None";"None";"None";"2";"2";"Appartement";"32.0";"1.0";"None";"None";"None";"None";"nan";"7.273208";"43.702388";"000LD"
"2021-68551";"2021-10-28";"1";"Vente";"125000.0";"7.0";"None";"PL GENERAL MARSHALL";"2883";"06000";"06088";"Nice";"06";"None";"None";"06088000LD0105";"None";"None";"11";"21.32";"None";"nan";"None";"nan";"None";"None";"None";"None";"1";"2";"Appartement";"22.0";"1.0";"None";"None";"None";"None";"nan";"7.275838";"43.702059";"000LD"
"2021-68289";"2021-10-28";"1";"Vente";"518000.0";"31.0";"None";"RUE DELILLE";"1885";"06000";"06088";"Nice";"06";"None";"None";"06088000LD0173";"None";"None";"26";"nan";"42";"nan";"None";"nan";"None";"None";"None";"None";"2";"3";"Dépendance";"nan";"0.0";"None";"None";"None";"None";"nan";"7.273208";"43.702388";"000LD"
"2021-68289";"2021-10-28";"1";"Vente";"518000.0";"31.0";"None";"RUE DELILLE";"1885";"06000";"06088";"Nice";"06";"None";"None";"06088000LD0173";"None";"None";"2";"nan";"41";"92.1";"None";"nan";"None";"None";"None";"None";"2";"3";"Dépendance";"nan";"0.0";"None";"None";"None";"None";"nan";"7.273208";"43.702388";"000LD"
"2021-67814";"2021-10-18";"1";"Vente";"105000.0";"10.0";"None";"RUE PENCHIENATTI";"4940";"06000";"06088";"Nice";"06";"None";"None";"06088000LD0065";"None";"None";"35";"22.4";"37";"nan";"None";"nan";"None";"None";"None";"None";"2";"2";"Appartement";"52.0";"2.0";"None";"None";"None";"None";"nan";"7.277195";"43.702658";"000LD"
"2021-68218";"2021-10-07";"1";"Vente";"670000.0";"2.0";"None";"RUE TONDUTI DE L ESCARENE";"6425";"06000";"06088";"Nice";"06";"None";"None";"06088000LD0214";"None";"None";"124";"nan";"None";"nan";"None";"nan";"None";"None";"None";"None";"1";"2";"Appartement";"205.0";"7.0";"None";"None";"None";"None";"nan";"7.277032";"43.700947";"000LD"
"2021-68218";"2021-10-07";"1";"Vente";"670000.0";"2.0";"None";"RUE TONDUTI DE L ESCARENE";"6425";"06000";"06088";"Nice";"06";"None";"None";"06088000LD0214";"None";"None";"124";"nan";"None";"nan";"None";"nan";"None";"None";"None";"None";"1";"3";"Dépendance";"nan";"0.0";"None";"None";"None";"None";"nan";"7.277032";"43.700947";"000LD"
"2021-67433";"2021-10-04";"1";"Vente";"334000.0";"6.0";"None";"RUE DELILLE";"1885";"06000";"06088";"Nice";"06";"None";"None";"06088000LD0223";"None";"None";"22";"nan";"34";"nan";"None";"nan";"None";"None";"None";"None";"2";"2";"Appartement";"56.0";"2.0";"None";"None";"None";"None";"nan";"7.277231";"43.701442";"000LD"
"2021-67433";"2021-10-04";"1";"Vente";"334000.0";"8.0";"None";"RUE DELILLE";"1885";"06000";"06088";"Nice";"06";"None";"None";"06088000LD0223";"None";"None";"101";"nan";"None";"nan";"None";"nan";"None";"None";"None";"None";"1";"3";"Dépendance";"nan";"0.0";"None";"None";"None";"None";"nan";"7.277231";"43.701442";"000LD"
"2021-67433";"2021-10-04";"1";"Vente";"334000.0";"6.0";"None";"RUE DELILLE";"1885";"06000";"06088";"Nice";"06";"None";"None";"06088000LD0223";"None";"None";"22";"nan";"34";"nan";"None";"nan";"None";"None";"None";"None";"2";"3";"Dépendance";"nan";"0.0";"None";"None";"None";"None";"nan";"7.277231";"43.701442";"000LD"
"2021-66314";"2021-09-24";"1";"Vente";"425000.0";"19.0";"None";"RUE DELILLE";"1885";"06000";"06088";"Nice";"06";"None";"None";"06088000LD0185";"None";"None";"11";"nan";"None";"nan";"None";"nan";"None";"None";"None";"None";"1";"2";"Appartement";"36.0";"2.0";"None";"None";"None";"None";"nan";"7.27458";"43.702034";"000LD"
"2021-66314";"2021-09-24";"1";"Vente";"425000.0";"19.0";"None";"RUE DELILLE";"1885";"06000";"06088";"Nice";"06";"None";"None";"06088000LD0185";"None";"None";"12";"nan";"None";"nan";"None";"nan";"None";"None";"None";"None";"1";"2";"Appartement";"19.0";"1.0";"None";"None";"None";"None";"nan";"7.27458";"43.702034";"000LD"
"2021-66570";"2021-09-24";"1";"Vente";"330000.0";"3.0";"None";"PL GENERAL MARSHALL";"2883";"06000";"06088";"Nice";"06";"None";"None";"06088000LD0096";"None";"None";"10";"58.75";"None";"nan";"None";"nan";"None";"None";"None";"None";"1";"2";"Appartement";"60.0";"3.0";"None";"None";"None";"None";"nan";"7.276105";"43.702566";"000LD"
"2021-66314";"2021-09-24";"1";"Vente";"425000.0";"19.0";"None";"RUE DELILLE";"1885";"06000";"06088";"Nice";"06";"None";"None";"06088000LD0185";"None";"None";"12";"nan";"None";"nan";"None";"nan";"None";"None";"None";"None";"1";"3";"Dépendance";"nan";"0.0";"None";"None";"None";"None";"nan";"7.27458";"43.702034";"000LD"
"2021-66314";"2021-09-24";"1";"Vente";"425000.0";"19.0";"None";"RUE DELILLE";"1885";"06000";"06088";"Nice";"06";"None";"None";"06088000LD0185";"None";"None";"11";"nan";"None";"nan";"None";"nan";"None";"None";"None";"None";"1";"3";"Dépendance";"nan";"0.0";"None";"None";"None";"None";"nan";"7.27458";"43.702034";"000LD"
"2021-66182";"2021-09-22";"1";"Vente";"60000.0";"6.0";"None";"RUE PIERRE DEVOLUY";"5050";"06000";"06088";"Nice";"06";"None";"None";"06088000LD0022";"None";"None";"16";"nan";"None";"nan";"None";"nan";"None";"None";"None";"None";"1";"2";"Appartement";"35.0";"1.0";"None";"None";"None";"None";"nan";"7.273969";"43.703198";"000LD"
"2021-66102";"2021-09-15";"1";"Vente";"125000.0";"21.0";"None";"BD CARABACEL";"1120";"06000";"06088";"Nice";"06";"None";"None";"06088000LD0192";"None";"None";"17";"20.33";"None";"nan";"None";"nan";"None";"None";"None";"None";"1";"2";"Appartement";"21.0";"1.0";"None";"None";"None";"None";"nan";"7.276356";"43.703203";"000LD"
"2021-66099";"2021-09-14";"1";"Vente";"96000.0";"5.0";"None";"RUE PENCHIENATTI";"4940";"06000";"06088";"Nice";"06";"None";"None";"06088000LD0075";"None";"None";"23";"24.17";"None";"nan";"None";"nan";"None";"None";"None";"None";"1";"2";"Appartement";"24.0";"1.0";"None";"None";"None";"None";"nan";"7.277541";"43.702183";"000LD"
"2021-65583";"2021-09-13";"1";"Vente";"485000.0";"4.0";"None";"RUE GIOFFREDO";"2950";"06000";"06088";"Nice";"06";"None";"None";"06088000LD0049";"None";"None";"30";"nan";"40";"107.1";"None";"nan";"None";"None";"None";"None";"2";"2";"Appartement";"112.0";"4.0";"None";"None";"None";"None";"nan";"7.276715";"43.702888";"000LD"
"2021-65446";"2021-09-09";"1";"Vente";"300000.0";"4.0";"None";"RUE PIERRE DEVOLUY";"5050";"06000";"06088";"Nice";"06";"None";"None";"06088000LD0021";"None";"None";"8";"75.36";"None";"nan";"None";"nan";"None";"None";"None";"None";"1";"2";"Appartement";"75.0";"3.0";"None";"None";"None";"None";"nan";"7.274037";"43.703333";"000LD"
"2021-65311";"2021-09-03";"1";"Vente";"280000.0";"3.0";"None";"RUE ADOLPHE DE ROTHSCHILD";"0042";"06000";"06088";"Nice";"06";"None";"None";"06088000LD0024";"None";"None";"9";"nan";"None";"nan";"None";"nan";"None";"None";"None";"None";"1";"2";"Appartement";"64.0";"3.0";"None";"None";"None";"None";"nan";"7.273408";"43.703097";"000LD"
"2021-65771";"2021-08-31";"1";"Vente";"620000.0";"9.0";"B";"RUE DEFLY";"1880";"06000";"06088";"Nice";"06";"None";"None";"06088000LD0281";"None";"None";"10";"nan";"17";"nan";"None";"nan";"None";"None";"None";"None";"2";"2";"Appartement";"160.0";"4.0";"None";"None";"None";"None";"nan";"7.276806";"43.701904";"000LD"
"2021-65771";"2021-08-31";"1";"Vente";"620000.0";"9.0";"B";"RUE DEFLY";"1880";"06000";"06088";"Nice";"06";"None";"None";"06088000LD0281";"None";"None";"10";"nan";"17";"nan";"None";"nan";"None";"None";"None";"None";"2";"3";"Dépendance";"nan";"0.0";"None";"None";"None";"None";"nan";"7.276806";"43.701904";"000LD"
"2021-65153";"2021-08-23";"1";"Vente";"356000.0";"2.0";"None";"RUE DELILLE";"1885";"06000";"06088";"Nice";"06";"None";"None";"06088000LD0129";"None";"None";"10";"67.19";"None";"nan";"None";"nan";"None";"None";"None";"None";"1";"2";"Appartement";"72.0";"3.0";"None";"None";"None";"None";"nan";"7.27752";"43.701235";"000LD"
"2021-64386";"2021-08-12";"1";"Vente";"40000.0";"1.0";"None";"BD CARABACEL";"1120";"06000";"06088";"Nice";"06";"None";"None";"06088000LD0056";"None";"None";"167";"35.67";"None";"nan";"None";"nan";"None";"None";"None";"None";"1";"2";"Appartement";"35.0";"2.0";"None";"None";"None";"None";"nan";"7.278538";"43.702866";"000LD"
"2021-64423";"2021-08-05";"1";"Vente";"579731.0";"14.0";"None";"RUE PENCHIENATTI";"4940";"06000";"06088";"Nice";"06";"None";"None";"06088000LD0047";"None";"None";"7";"95.79";"None";"nan";"None";"nan";"None";"None";"None";"None";"1";"2";"Appartement";"92.0";"4.0";"None";"None";"None";"None";"nan";"7.276432";"43.702938";"000LD"
"2021-63732";"2021-08-02";"1";"Vente";"131000.0";"19.0";"None";"BD CARABACEL";"1120";"06000";"06088";"Nice";"06";"None";"None";"06088000LD0046";"None";"None";"3";"33.06";"None";"nan";"None";"nan";"None";"None";"None";"None";"1";"2";"Appartement";"36.0";"2.0";"None";"None";"None";"None";"nan";"7.276543";"43.70311";"000LD"
"2021-63196";"2021-07-27";"1";"Vente";"116500.0";"16.0";"None";"RUE TONDUTI DE L ESCARENE";"6425";"06000";"06088";"Nice";"06";"None";"None";"06088000LD0149";"None";"None";"28";"20.41";"None";"nan";"None";"nan";"None";"None";"None";"None";"1";"2";"Appartement";"25.0";"1.0";"None";"None";"None";"None";"nan";"7.275299";"43.701359";"000LD"
"2021-63554";"2021-07-22";"1";"Vente";"92000.0";"9.0";"None";"RUE PASTORELLI";"4850";"06000";"06088";"Nice";"06";"None";"None";"06088000LD0164";"None";"None";"13";"13.34";"None";"nan";"None";"nan";"None";"None";"None";"None";"1";"2";"Appartement";"14.0";"1.0";"None";"None";"None";"None";"nan";"7.27367";"43.70216";"000LD"
"2021-62922";"2021-07-20";"1";"Vente";"195000.0";"1.0";"None";"RUE DEFLY";"1880";"06000";"06088";"Nice";"06";"None";"None";"06088000LD0118";"None";"None";"29";"36.97";"None";"nan";"None";"nan";"None";"None";"None";"None";"1";"2";"Appartement";"57.0";"3.0";"None";"None";"None";"None";"nan";"7.277673";"43.701545";"000LD"
"2021-63489";"2021-07-16";"1";"Vente";"65000.0";"21.0";"None";"BD CARABACEL";"1120";"06000";"06088";"Nice";"06";"None";"None";"06088000LD0192";"None";"None";"21";"17.04";"None";"nan";"None";"nan";"None";"None";"None";"None";"1";"2";"Appartement";"18.0";"1.0";"None";"None";"None";"None";"nan";"7.276356";"43.703203";"000LD"
"2021-61445";"2021-06-29";"1";"Vente";"3500.0";"27.0";"None";"BD CARABACEL";"1120";"06000";"06088";"Nice";"06";"None";"None";"06088000LD0036";"None";"None";"100";"nan";"None";"nan";"None";"nan";"None";"None";"None";"None";"1";"2";"Appartement";"34.0";"2.0";"None";"None";"None";"None";"nan";"7.275504";"43.703403";"000LD"
"2021-61445";"2021-06-29";"1";"Vente";"3500.0";"27.0";"None";"BD CARABACEL";"1120";"06000";"06088";"Nice";"06";"None";"None";"06088000LD0036";"None";"None";"100";"nan";"None";"nan";"None";"nan";"None";"None";"None";"None";"1";"3";"Dépendance";"nan";"0.0";"None";"None";"None";"None";"nan";"7.275504";"43.703403";"000LD"
"2021-61604";"2021-06-28";"1";"Vente";"500560.0";"6.0";"None";"RUE DELILLE";"1885";"06000";"06088";"Nice";"06";"None";"None";"06088000LD0223";"None";"None";"21";"nan";"36";"87.06";"None";"nan";"None";"None";"None";"None";"2";"2";"Appartement";"89.0";"4.0";"None";"None";"None";"None";"nan";"7.277231";"43.701442";"000LD"
"2021-62103";"2021-06-28";"1";"Vente";"314415.0";"4.0";"None";"RUE GIOFFREDO";"2950";"06000";"06088";"Nice";"06";"None";"None";"06088000LD0049";"None";"None";"36";"49.18";"None";"nan";"None";"nan";"None";"None";"None";"None";"1";"2";"Appartement";"50.0";"2.0";"None";"None";"None";"None";"nan";"7.276715";"43.702888";"000LD"
"2021-61604";"2021-06-28";"1";"Vente";"500560.0";"6.0";"None";"RUE DELILLE";"1885";"06000";"06088";"Nice";"06";"None";"None";"06088000LD0223";"None";"None";"21";"nan";"36";"87.06";"None";"nan";"None";"None";"None";"None";"2";"3";"Dépendance";"nan";"0.0";"None";"None";"None";"None";"nan";"7.277231";"43.701442";"000LD"
"2021-61604";"2021-06-28";"1";"Vente";"500560.0";"6.0";"None";"RUE DELILLE";"1885";"06000";"06088";"Nice";"06";"None";"None";"06088000LD0223";"None";"None";"4";"nan";"None";"nan";"None";"nan";"None";"None";"None";"None";"1";"3";"Dépendance";"nan";"0.0";"None";"None";"None";"None";"nan";"7.277231";"43.701442";"000LD"
"2021-61867";"2021-06-25";"1";"Vente";"305000.0";"2.0";"None";"RUE DELILLE";"1885";"06000";"06088";"Nice";"06";"None";"None";"06088000LD0129";"None";"None";"9";"57.43";"None";"nan";"None";"nan";"None";"None";"None";"None";"1";"2";"Appartement";"60.0";"3.0";"None";"None";"None";"None";"nan";"7.27752";"43.701235";"000LD"
"2021-60844";"2021-06-16";"1";"Vente";"243200.0";"17.0";"None";"BD CARABACEL";"1120";"06000";"06088";"Nice";"06";"None";"None";"06088000LD0051";"None";"None";"3";"59.75";"None";"nan";"None";"nan";"None";"None";"None";"None";"1";"2";"Appartement";"45.0";"2.0";"None";"None";"None";"None";"nan";"7.276707";"43.703068";"000LD"
"2021-61432";"2021-06-10";"1";"Vente";"280000.0";"1.0";"None";"RUE GIOFFREDO";"2950";"06000";"06088";"Nice";"06";"None";"None";"06088000LD0053";"None";"None";"28";"nan";"29";"nan";"47";"20.93";"None";"None";"None";"None";"3";"4";"Local industriel. commercial ou assimilé";"70.0";"0.0";"None";"None";"None";"None";"nan";"7.277173";"43.702896";"000LD"
"2021-61432";"2021-06-10";"1";"Vente";"280000.0";"1.0";"None";"RUE GIOFFREDO";"2950";"06000";"06088";"Nice";"06";"None";"None";"06088000LD0053";"None";"None";"32";"95.6";"None";"nan";"None";"nan";"None";"None";"None";"None";"1";"4";"Local industriel. commercial ou assimilé";"87.0";"0.0";"None";"None";"None";"None";"nan";"7.277173";"43.702896";"000LD"
"2021-60836";"2021-06-08";"1";"Vente";"260000.0";"3.0";"None";"RUE GIOFFREDO";"2950";"06000";"06088";"Nice";"06";"None";"None";"06088000LD0066";"None";"None";"9";"68.05";"None";"nan";"None";"nan";"None";"None";"None";"None";"1";"2";"Appartement";"80.0";"3.0";"None";"None";"None";"None";"nan";"7.277073";"43.702698";"000LD"
"2021-60083";"2021-06-04";"1";"Vente";"106000.0";"19.0";"None";"BD CARABACEL";"1120";"06000";"06088";"Nice";"06";"None";"None";"06088000LD0046";"None";"None";"28";"18.2";"None";"nan";"None";"nan";"None";"None";"None";"None";"1";"2";"Appartement";"18.0";"1.0";"None";"None";"None";"None";"nan";"7.276543";"43.70311";"000LD"
"2021-66329";"2021-06-03";"1";"Adjudication";"122000.0";"25.0";"None";"BD CARABACEL";"1120";"06000";"06088";"Nice";"06";"None";"None";"06088000LD0225";"None";"None";"63";"nan";"None";"nan";"None";"nan";"None";"None";"None";"None";"1";"2";"Appartement";"28.0";"2.0";"None";"None";"None";"None";"nan";"7.27576";"43.703351";"000LD"
"2021-62028";"2021-06-03";"1";"Vente";"50000.0";"1.0";"None";"RUE DEFLY";"1880";"06000";"06088";"Nice";"06";"None";"None";"06088000LD0118";"None";"None";"44";"nan";"None";"nan";"None";"nan";"None";"None";"None";"None";"1";"3";"Dépendance";"nan";"0.0";"None";"None";"None";"None";"nan";"7.277673";"43.701545";"000LD"
"2021-60605";"2021-05-27";"1";"Vente";"107050.0";"16.0";"None";"RUE DELILLE";"1885";"06000";"06088";"Nice";"06";"None";"None";"06088000LD0110";"None";"None";"14";"nan";"15";"nan";"None";"nan";"None";"None";"None";"None";"2";"2";"Appartement";"22.0";"1.0";"None";"None";"None";"None";"nan";"7.276479";"43.701592";"000LD"
"2021-59869";"2021-05-26";"1";"Vente";"160000.0";"26.0";"None";"AV SAINT JEAN BAPTISTE";"5805";"06000";"06088";"Nice";"06";"None";"None";"06088000LD0214";"None";"None";"133";"nan";"205";"nan";"None";"nan";"None";"None";"None";"None";"2";"2";"Appartement";"60.0";"2.0";"None";"None";"None";"None";"nan";"7.277032";"43.700947";"000LD"
"2021-59807";"2021-05-19";"1";"Vente";"413790.0";"1.0";"None";"RUE DEFLY";"1880";"06000";"06088";"Nice";"06";"None";"None";"06088000LD0118";"None";"None";"12";"nan";"17";"74.23";"None";"nan";"None";"None";"None";"None";"2";"2";"Appartement";"71.0";"4.0";"None";"None";"None";"None";"nan";"7.277673";"43.701545";"000LD"
"2021-59270";"2021-05-19";"1";"Vente";"65000.0";"10.0";"None";"AV SAINT JEAN BAPTISTE";"5805";"06000";"06088";"Nice";"06";"None";"None";"06088000LD0059";"None";"None";"19";"12.09";"None";"nan";"None";"nan";"None";"None";"None";"None";"1";"4";"Local industriel. commercial ou assimilé";"12.0";"0.0";"None";"None";"None";"None";"nan";"7.278262";"43.702433";"000LD"
"2021-58857";"2021-05-07";"1";"Vente";"215000.0";"14.0";"None";"RUE DEFLY";"1880";"06000";"06088";"Nice";"06";"None";"None";"06088000LD0089";"None";"None";"31";"56.99";"None";"nan";"None";"nan";"None";"None";"None";"None";"1";"2";"Appartement";"57.0";"3.0";"None";"None";"None";"None";"nan";"7.276747";"43.702198";"000LD"
"2021-59099";"2021-05-07";"1";"Vente";"121000.0";"25.0";"None";"RUE DELILLE";"1885";"06000";"06088";"Nice";"06";"None";"None";"06088000LD0161";"None";"None";"5";"nan";"None";"nan";"None";"nan";"None";"None";"None";"None";"1";"2";"Appartement";"19.0";"1.0";"None";"None";"None";"None";"nan";"7.273956";"43.702117";"000LD"
"2021-58101";"2021-04-29";"1";"Vente";"122000.0";"9.0";"None";"RUE PASTORELLI";"4850";"06000";"06088";"Nice";"06";"None";"None";"06088000LD0164";"None";"None";"14";"15.2";"None";"nan";"None";"nan";"None";"None";"None";"None";"1";"2";"Appartement";"15.0";"1.0";"None";"None";"None";"None";"nan";"7.27367";"43.70216";"000LD"
"2021-58168";"2021-04-19";"1";"Vente";"590000.0";"7.0";"None";"RUE DELILLE";"1885";"06000";"06088";"Nice";"06";"None";"None";"06088000LD0137";"None";"None";"29";"nan";"43";"141.93";"None";"nan";"None";"None";"None";"None";"2";"2";"Appartement";"150.0";"5.0";"None";"None";"None";"None";"nan";"7.276496";"43.701335";"000LD"
"2021-59004";"2021-04-19";"1";"Vente";"123500.0";"12.0";"None";"RUE PENCHIENATTI";"4940";"06000";"06088";"Nice";"06";"None";"None";"06088000LD0048";"None";"None";"11";"nan";"None";"nan";"None";"nan";"None";"None";"None";"None";"1";"2";"Appartement";"31.0";"2.0";"None";"None";"None";"None";"nan";"7.27658";"43.702866";"000LD"
"2021-58399";"2021-04-14";"1";"Vente";"315000.0";"5.0";"None";"RUE ADOLPHE DE ROTHSCHILD";"0042";"06000";"06088";"Nice";"06";"None";"None";"06088000LD0025";"None";"None";"16";"54.54";"None";"nan";"None";"nan";"None";"None";"None";"None";"1";"2";"Appartement";"54.0";"2.0";"None";"None";"None";"None";"nan";"7.273205";"43.70315";"000LD"
"2021-57335";"2021-04-07";"1";"Vente";"620000.0";"21.0";"None";"RUE DELILLE";"1885";"06000";"06088";"Nice";"06";"None";"None";"06088000LD0184";"None";"None";"7";"141.81";"9";"nan";"None";"nan";"None";"None";"None";"None";"2";"2";"Appartement";"131.0";"6.0";"None";"None";"None";"None";"nan";"7.274342";"43.702064";"000LD"
"2021-57335";"2021-04-07";"1";"Vente";"620000.0";"21.0";"None";"RUE DELILLE";"1885";"06000";"06088";"Nice";"06";"None";"None";"06088000LD0184";"None";"None";"2";"nan";"None";"nan";"None";"nan";"None";"None";"None";"None";"1";"3";"Dépendance";"nan";"0.0";"None";"None";"None";"None";"nan";"7.274342";"43.702064";"000LD"
"2021-56478";"2021-03-29";"1";"Vente";"480000.0";"11.0";"B";"BD DUBOUCHAGE";"2102";"06000";"06088";"Nice";"06";"None";"None";"06088000LD0027";"None";"None";"56";"nan";"66";"nan";"None";"nan";"None";"None";"None";"None";"2";"2";"Appartement";"82.0";"4.0";"None";"None";"None";"None";"nan";"7.273023";"43.702875";"000LD"
"2021-56644";"2021-03-22";"1";"Vente";"135000.0";"4.0";"None";"RUE PIERRE DEVOLUY";"5050";"06000";"06088";"Nice";"06";"None";"None";"06088000LD0021";"None";"None";"16";"27.77";"None";"nan";"None";"nan";"None";"None";"None";"None";"1";"2";"Appartement";"27.0";"1.0";"None";"None";"None";"None";"nan";"7.274037";"43.703333";"000LD"
"2021-57351";"2021-03-19";"1";"Vente";"239100.0";"17.0";"None";"BD CARABACEL";"1120";"06000";"06088";"Nice";"06";"None";"None";"06088000LD0051";"None";"None";"7";"66.7";"None";"nan";"None";"nan";"None";"None";"None";"None";"1";"2";"Appartement";"66.0";"3.0";"None";"None";"None";"None";"nan";"7.276707";"43.703068";"000LD"
"2021-56607";"2021-03-16";"1";"Vente";"76000.0";"4.0";"None";"RUE DEFLY";"1880";"06000";"06088";"Nice";"06";"None";"None";"06088000LD0277";"None";"None";"3";"30.08";"None";"nan";"None";"nan";"None";"None";"None";"None";"1";"4";"Local industriel. commercial ou assimilé";"18.0";"0.0";"None";"None";"None";"None";"nan";"7.277525";"43.702001";"000LD"
"2021-56474";"2021-03-12";"1";"Vente";"250000.0";"24.0";"None";"RUE TONDUTI DE L ESCARENE";"6425";"06000";"06088";"Nice";"06";"None";"None";"06088000LD0153";"None";"None";"24";"nan";"None";"nan";"None";"nan";"None";"None";"None";"None";"1";"2";"Appartement";"56.0";"3.0";"None";"None";"None";"None";"nan";"7.27438";"43.701655";"000LD"
"2021-56401";"2021-03-09";"1";"Vente";"232500.0";"20.0";"None";"RUE EDOUARD BERI";"2175";"06000";"06088";"Nice";"06";"None";"None";"06088000LD0036";"None";"None";"101";"nan";"43";"41.02";"None";"nan";"None";"None";"None";"None";"2";"2";"Appartement";"41.0";"2.0";"None";"None";"None";"None";"nan";"7.275504";"43.703403";"000LD"
"2021-56401";"2021-03-09";"1";"Vente";"232500.0";"20.0";"None";"RUE EDOUARD BERI";"2175";"06000";"06088";"Nice";"06";"None";"None";"06088000LD0036";"None";"None";"62";"nan";"None";"nan";"None";"nan";"None";"None";"None";"None";"1";"3";"Dépendance";"nan";"0.0";"None";"None";"None";"None";"nan";"7.275504";"43.703403";"000LD"
"2021-55963";"2021-03-01";"1";"Vente";"315000.0";"14.0";"None";"RUE TONDUTI DE L ESCARENE";"6425";"06000";"06088";"Nice";"06";"None";"None";"06088000LD0148";"None";"None";"1";"nan";"13";"86.4";"None";"nan";"None";"None";"None";"None";"2";"2";"Appartement";"85.0";"3.0";"None";"None";"None";"None";"nan";"7.275431";"43.701268";"000LD"
"2021-56335";"2021-02-25";"1";"Vente";"230000.0";"4.0";"None";"RUE DEFLY";"1880";"06000";"06088";"Nice";"06";"None";"None";"06088000LD0277";"None";"None";"32";"nan";"None";"nan";"None";"nan";"None";"None";"None";"None";"1";"2";"Appartement";"37.0";"2.0";"None";"None";"None";"None";"nan";"7.277525";"43.702001";"000LD"
"2021-55951";"2021-02-24";"1";"Vente";"185000.0";"17.0";"None";"BD CARABACEL";"1120";"06000";"06088";"Nice";"06";"None";"None";"06088000LD0051";"None";"None";"2";"60.77";"None";"nan";"None";"nan";"None";"None";"None";"None";"1";"2";"Appartement";"65.0";"4.0";"None";"None";"None";"None";"nan";"7.276707";"43.703068";"000LD"
"2021-55429";"2021-02-24";"1";"Vente";"400000.0";"20.0";"None";"RUE DELILLE";"1885";"06000";"06088";"Nice";"06";"None";"None";"06088000LD0106";"None";"None";"8";"96.67";"None";"nan";"None";"nan";"None";"None";"None";"None";"1";"4";"Local industriel. commercial ou assimilé";"71.0";"0.0";"None";"None";"None";"None";"nan";"7.275657";"43.701894";"000LD"
"2021-55353";"2021-02-23";"1";"Vente";"46000.0";"20.0";"None";"RUE EDOUARD BERI";"2175";"06000";"06088";"Nice";"06";"None";"None";"06088000LD0036";"None";"None";"76";"nan";"None";"nan";"None";"nan";"None";"None";"None";"None";"1";"3";"Dépendance";"nan";"0.0";"None";"None";"None";"None";"nan";"7.275504";"43.703403";"000LD"
"2021-55408";"2021-02-22";"1";"Vente";"218000.0";"20.0";"None";"RUE EDOUARD BERI";"2175";"06000";"06088";"Nice";"06";"None";"None";"06088000LD0036";"None";"None";"44";"32.34";"None";"nan";"None";"nan";"None";"None";"None";"None";"1";"2";"Appartement";"37.0";"2.0";"None";"None";"None";"None";"nan";"7.275504";"43.703403";"000LD"
"2021-55408";"2021-02-22";"1";"Vente";"218000.0";"20.0";"None";"RUE EDOUARD BERI";"2175";"06000";"06088";"Nice";"06";"None";"None";"06088000LD0036";"None";"None";"64";"nan";"None";"nan";"None";"nan";"None";"None";"None";"None";"1";"3";"Dépendance";"nan";"0.0";"None";"None";"None";"None";"nan";"7.275504";"43.703403";"000LD"
"2021-53686";"2021-01-28";"1";"Vente";"169500.0";"19.0";"None";"BD CARABACEL";"1120";"06000";"06088";"Nice";"06";"None";"None";"06088000LD0046";"None";"None";"30";"48.06";"None";"nan";"None";"nan";"None";"None";"None";"None";"1";"2";"Appartement";"45.0";"2.0";"None";"None";"None";"None";"nan";"7.276543";"43.70311";"000LD"
"2021-54601";"2021-01-28";"1";"Vente";"469000.0";"35.0";"None";"BD CARABACEL";"1120";"06000";"06088";"Nice";"06";"None";"None";"06088000LD0031";"None";"None";"23";"111.0";"5";"nan";"None";"nan";"None";"None";"None";"None";"2";"2";"Appartement";"115.0";"4.0";"None";"None";"None";"None";"nan";"7.274975";"43.703567";"000LD"
"2021-54601";"2021-01-28";"1";"Vente";"469000.0";"35.0";"None";"BD CARABACEL";"1120";"06000";"06088";"Nice";"06";"None";"None";"06088000LD0031";"None";"None";"25";"nan";"None";"nan";"None";"nan";"None";"None";"None";"None";"1";"3";"Dépendance";"nan";"0.0";"None";"None";"None";"None";"nan";"7.274975";"43.703567";"000LD"
"2021-54617";"2021-01-21";"1";"Vente";"235000.0";"24.0";"None";"RUE DELILLE";"1885";"06000";"06088";"Nice";"06";"None";"None";"06088000LD0028";"None";"None";"18";"49.65";"None";"nan";"None";"nan";"None";"None";"None";"None";"1";"2";"Appartement";"55.0";"2.0";"None";"None";"None";"None";"nan";"7.273216";"43.702778";"000LD"
"2021-54143";"2021-01-19";"1";"Vente";"329000.0";"12.0";"None";"RUE DELILLE";"1885";"06000";"06088";"Nice";"06";"None";"None";"06088000LD0111";"None";"None";"5";"75.7";"None";"nan";"None";"nan";"None";"None";"None";"None";"1";"2";"Appartement";"78.0";"3.0";"None";"None";"None";"None";"nan";"7.276703";"43.701501";"000LD"
"2021-54571";"2021-01-19";"1";"Vente";"207220.0";"15.0";"None";"RUE DEFLY";"1880";"06000";"06088";"Nice";"06";"None";"None";"06088000LD0101";"None";"None";"112";"37.35";"None";"nan";"None";"nan";"None";"None";"None";"None";"1";"2";"Appartement";"35.0";"2.0";"None";"None";"None";"None";"nan";"7.275998";"43.702157";"000LD"
"2021-53302";"2021-01-08";"1";"Vente";"297000.0";"5.0";"None";"RUE PENCHIENATTI";"4940";"06000";"06088";"Nice";"06";"None";"None";"06088000LD0075";"None";"None";"7";"70.42";"None";"nan";"None";"nan";"None";"None";"None";"None";"1";"2";"Appartement";"66.0";"3.0";"None";"None";"None";"None";"nan";"7.277541";"43.702183";"000LD"
"2021-53430";"2021-01-07";"1";"Vente";"160000.0";"16.0";"None";"RUE TONDUTI DE L ESCARENE";"6425";"06000";"06088";"Nice";"06";"None";"None";"06088000LD0149";"None";"None";"25";"nan";"None";"nan";"None";"nan";"None";"None";"None";"None";"1";"2";"Appartement";"30.0";"2.0";"None";"None";"None";"None";"nan";"7.275299";"43.701359";"000LD"
"2021-53256";"2021-01-05";"1";"Vente";"260000.0";"27.0";"None";"BD CARABACEL";"1120";"06000";"06088";"Nice";"06";"None";"None";"06088000LD0036";"None";"None";"15";"35.11";"None";"nan";"None";"nan";"None";"None";"None";"None";"1";"2";"Appartement";"35.0";"2.0";"None";"None";"None";"None";"nan";"7.275504";"43.703403";"000LD"
"2021-53306";"2021-01-05";"1";"Vente";"242000.0";"4.0";"None";"RUE GIOFFREDO";"2950";"06000";"06088";"Nice";"06";"None";"None";"06088000LD0049";"None";"None";"39";"nan";"None";"nan";"None";"nan";"None";"None";"None";"None";"1";"2";"Appartement";"55.0";"2.0";"None";"None";"None";"None";"nan";"7.276715";"43.702888";"000LD"
"2021-53256";"2021-01-05";"1";"Vente";"260000.0";"20.0";"None";"RUE EDOUARD BERI";"2175";"06000";"06088";"Nice";"06";"None";"None";"06088000LD0036";"None";"None";"66";"nan";"None";"nan";"None";"nan";"None";"None";"None";"None";"1";"3";"Dépendance";"nan";"0.0";"None";"None";"None";"None";"nan";"7.275504";"43.703403";"000LD"