id_mutation;date_mutation;numero_disposition;nature_mutation;valeur_fonciere;adresse_numero;adresse_suffixe;adresse_nom_voie;adresse_code_voie;code_postal;code_commune;nom_commune;code_departement;ancien_code_commune;ancien_nom_commune;id_parcelle;ancien_id_parcelle;numero_volume;lot1_numero;lot1_surface_carrez;lot2_numero;lot2_surface_carrez;lot3_numero;lot3_surface_carrez;lot4_numero;lot4_surface_carrez;lot5_numero;lot5_surface_carrez;nombre_lots;code_type_local;type_local;surface_reelle_bati;nombre_pieces_principales;code_nature_culture;nature_culture;code_nature_culture_speciale;nature_culture_speciale;surface_terrain;longitude;latitude;section_prefixe
"2025-58174";"2025-12-30";"1";"Vente";"195000.0";"32.0";"None";"RUE CHATEAUNEUF";"1365";"06000";"06088";"Nice";"06";"None";"None";"06088000KX0007";"None";"None";"11";"nan";"24";"53.43";"None";"nan";"None";"None";"None";"None";"2";"2";"Appartement";"50.0";"3.0";"None";"None";"None";"None";"nan";"7.25251";"43.700513";"000KX"
"2025-58174";"2025-12-30";"1";"Vente";"195000.0";"32.0";"None";"RUE CHATEAUNEUF";"1365";"06000";"06088";"Nice";"06";"None";"None";"06088000KX0007";"None";"None";"11";"nan";"24";"53.43";"None";"nan";"None";"None";"None";"None";"2";"3";"Dépendance";"nan";"0.0";"None";"None";"None";"None";"nan";"7.25251";"43.700513";"000KX"
"2025-58270";"2025-12-23";"1";"Vente";"154300.0";"18.0";"None";"AV SHAKESPEARE";"6220";"06000";"06088";"Nice";"06";"None";"None";"06088000KX0059";"None";"None";"23B";"25.41";"None";"nan";"None";"nan";"None";"None";"None";"None";"1";"2";"Appartement";"26.0";"1.0";"None";"None";"None";"None";"nan";"7.25376";"43.700259";"000KX"
"2025-58350";"2025-12-23";"1";"Vente";"80000.0";"39.0";"None";"RUE CHATEAUNEUF";"1365";"06000";"06088";"Nice";"06";"None";"None";"06088000KX0085";"None";"None";"20";"nan";"21";"68.53";"22";"nan";"None";"None";"None";"None";"3";"4";"Local industriel. commercial ou assimilé";"35.0";"0.0";"None";"None";"None";"None";"nan";"7.25178";"43.699834";"000KX"
"2025-57683";"2025-12-19";"1";"Vente";"270000.0";"4.0";"B";"AV FLEURS";"2460";"06000";"06088";"Nice";"06";"None";"None";"06088000KX0138";"None";"None";"71";"nan";"90";"nan";"None";"nan";"None";"None";"None";"None";"2";"2";"Appartement";"60.0";"2.0";"None";"None";"None";"None";"nan";"7.255201";"43.697883";"000KX"
"2025-57683";"2025-12-19";"1";"Vente";"270000.0";"4.0";"B";"AV FLEURS";"2460";"06000";"06088";"Nice";"06";"None";"None";"06088000KX0138";"None";"None";"71";"nan";"90";"nan";"None";"nan";"None";"None";"None";"None";"2";"3";"Dépendance";"nan";"0.0";"None";"None";"None";"None";"nan";"7.255201";"43.697883";"000KX"
"2025-57749";"2025-12-18";"1";"Vente";"95000.0";"65.0";"None";"BD GAMBETTA";"2755";"06000";"06088";"Nice";"06";"None";"None";"06088000KX0027";"None";"None";"140";"29.47";"None";"nan";"None";"nan";"None";"None";"None";"None";"1";"2";"Appartement";"29.0";"1.0";"None";"None";"None";"None";"nan";"7.255784";"43.701276";"000KX"
"2025-57395";"2025-12-17";"1";"Vente";"183000.0";"24.0";"None";"AV FLEURS";"2460";"06000";"06088";"Nice";"06";"None";"None";"06088000KX0166";"None";"None";"10";"nan";"103";"nan";"None";"nan";"None";"None";"None";"None";"2";"2";"Appartement";"35.0";"1.0";"None";"None";"None";"None";"nan";"7.252508";"43.69819";"000KX"
"2025-57456";"2025-12-17";"1";"Vente";"360000.0";"47.0";"None";"BD GAMBETTA";"2755";"06000";"06088";"Nice";"06";"None";"None";"06088000KX0126";"None";"None";"35";"nan";"79";"47.29";"None";"nan";"None";"None";"None";"None";"2";"2";"Appartement";"53.0";"2.0";"None";"None";"None";"None";"nan";"7.255983";"43.6993";"000KX"
"2025-57565";"2025-12-17";"1";"Vente";"280000.0";"11.0";"None";"AV SHAKESPEARE";"6220";"06000";"06088";"Nice";"06";"None";"None";"06088000KX0096";"None";"None";"31";"nan";"4";"65.63";"None";"nan";"None";"None";"None";"None";"2";"2";"Appartement";"66.0";"3.0";"None";"None";"None";"None";"nan";"7.253412";"43.69937";"000KX"
"2025-58091";"2025-12-17";"1";"Vente";"350000.0";"9.0";"None";"RUE COLONEL MUSSO";"1585";"06000";"06088";"Nice";"06";"None";"None";"06088000KX0178";"None";"None";"11";"52.05";"None";"nan";"None";"nan";"None";"None";"None";"None";"1";"2";"Appartement";"70.0";"3.0";"None";"None";"None";"None";"nan";"7.252312";"43.698676";"000KX"
"2025-57395";"2025-12-17";"1";"Vente";"183000.0";"24.0";"None";"AV FLEURS";"2460";"06000";"06088";"Nice";"06";"None";"None";"06088000KX0166";"None";"None";"10";"nan";"103";"nan";"None";"nan";"None";"None";"None";"None";"2";"3";"Dépendance";"nan";"0.0";"None";"None";"None";"None";"nan";"7.252508";"43.69819";"000KX"
"2025-57395";"2025-12-17";"1";"Vente";"183000.0";"24.0";"None";"AV FLEURS";"2460";"06000";"06088";"Nice";"06";"None";"None";"06088000KX0166";"None";"None";"10";"nan";"103";"nan";"None";"nan";"None";"None";"None";"None";"2";"3";"Dépendance";"nan";"0.0";"None";"None";"None";"None";"nan";"7.252508";"43.69819";"000KX"
"2025-57456";"2025-12-17";"1";"Vente";"360000.0";"47.0";"None";"BD GAMBETTA";"2755";"06000";"06088";"Nice";"06";"None";"None";"06088000KX0126";"None";"None";"35";"nan";"79";"47.29";"None";"nan";"None";"None";"None";"None";"2";"3";"Dépendance";"nan";"0.0";"None";"None";"None";"None";"nan";"7.255983";"43.6993";"000KX"
"2025-57565";"2025-12-17";"1";"Vente";"280000.0";"11.0";"None";"AV SHAKESPEARE";"6220";"06000";"06088";"Nice";"06";"None";"None";"06088000KX0096";"None";"None";"31";"nan";"4";"65.63";"None";"nan";"None";"None";"None";"None";"2";"3";"Dépendance";"nan";"0.0";"None";"None";"None";"None";"nan";"7.253412";"43.69937";"000KX"
"2025-58191";"2025-12-17";"1";"Vente";"49800.0";"25.0";"None";"RUE CHATEAUNEUF";"1365";"06000";"06088";"Nice";"06";"None";"None";"06088000KX0076";"None";"None";"16";"nan";"None";"nan";"None";"nan";"None";"None";"None";"None";"1";"3";"Dépendance";"nan";"0.0";"None";"None";"None";"None";"nan";"7.253243";"43.700271";"000KX"
"2025-57520";"2025-12-15";"1";"Vente";"185000.0";"30.0";"None";"RUE CHATEAUNEUF";"1365";"06000";"06088";"Nice";"06";"None";"None";"06088000KX0009";"None";"None";"44";"48.32";"None";"nan";"None";"nan";"None";"None";"None";"None";"1";"2";"Appartement";"40.0";"2.0";"None";"None";"None";"None";"nan";"7.252935";"43.700701";"000KX"
"2025-57667";"2025-12-11";"1";"Vente";"178600.0";"16.0";"None";"RUE FREDERIC PASSY";"2665";"06000";"06088";"Nice";"06";"None";"None";"06088000KX0067";"None";"None";"153";"nan";"None";"nan";"None";"nan";"None";"None";"None";"None";"1";"2";"Appartement";"40.0";"2.0";"None";"None";"None";"None";"nan";"7.253849";"43.699766";"000KX"
"2025-57460";"2025-12-11";"1";"Vente";"95000.0";"71.0";"None";"BD FRANCOIS GROSSO";"2630";"06000";"06088";"Nice";"06";"None";"None";"06088000KX0216";"None";"None";"2";"nan";"None";"nan";"None";"nan";"None";"None";"None";"None";"1";"4";"Local industriel. commercial ou assimilé";"25.0";"0.0";"None";"None";"None";"None";"nan";"7.250935";"43.699044";"000KX"
"2025-57460";"2025-12-11";"1";"Vente";"95000.0";"71.0";"None";"BD FRANCOIS GROSSO";"2630";"06000";"06088";"Nice";"06";"None";"None";"06088000KX0216";"None";"None";"26";"nan";"None";"nan";"None";"nan";"None";"None";"None";"None";"1";"4";"Local industriel. commercial ou assimilé";"13.0";"0.0";"None";"None";"None";"None";"nan";"7.250935";"43.699044";"000KX"
"2025-57091";"2025-12-10";"1";"Vente";"195000.0";"6.0";"None";"RUE FRANCOIS AUNE";"2615";"06000";"06088";"Nice";"06";"None";"None";"06088000KX0122";"None";"None";"43";"30.82";"5";"nan";"None";"nan";"None";"None";"None";"None";"2";"2";"Appartement";"32.0";"1.0";"None";"None";"None";"None";"nan";"7.255607";"43.699069";"000KX"
"2025-57601";"2025-12-10";"1";"Vente";"245000.0";"8.0";"None";"RUE CAFFARELLI";"1005";"06000";"06088";"Nice";"06";"None";"None";"06088000KX0323";"None";"None";"36";"nan";"None";"nan";"None";"nan";"None";"None";"None";"None";"1";"2";"Appartement";"36.0";"2.0";"None";"None";"None";"None";"nan";"7.254798";"43.698958";"000KX"
"2025-57653";"2025-12-10";"1";"Vente";"15000.0";"5.0";"None";"AV COMBA";"1595";"06000";"06088";"Nice";"06";"None";"None";"06088000KX0054";"None";"None";"48";"nan";"None";"nan";"None";"nan";"None";"None";"None";"None";"1";"4";"Local industriel. commercial ou assimilé";"12.0";"0.0";"None";"None";"None";"None";"nan";"7.254636";"43.700688";"000KX"
"2025-56971";"2025-12-09";"1";"Vente";"117000.0";"47.0";"None";"RUE CAFFARELLI";"1005";"06000";"06088";"Nice";"06";"None";"None";"06088000KX0191";"None";"None";"39";"nan";"79";"20.79";"None";"nan";"None";"None";"None";"None";"2";"2";"Appartement";"21.0";"1.0";"None";"None";"None";"None";"nan";"7.252017";"43.69921";"000KX"
"2025-56971";"2025-12-09";"1";"Vente";"117000.0";"47.0";"None";"RUE CAFFARELLI";"1005";"06000";"06088";"Nice";"06";"None";"None";"06088000KX0191";"None";"None";"39";"nan";"79";"20.79";"None";"nan";"None";"None";"None";"None";"2";"3";"Dépendance";"nan";"0.0";"None";"None";"None";"None";"nan";"7.252017";"43.69921";"000KX"
"2025-57795";"2025-12-08";"1";"Vente";"510000.0";"20.0";"B";"AV FLEURS";"2460";"06000";"06088";"Nice";"06";"None";"None";"06088000KX0164";"None";"None";"42";"85.33";"None";"nan";"None";"nan";"None";"None";"None";"None";"1";"2";"Appartement";"83.0";"3.0";"None";"None";"None";"None";"nan";"7.253183";"43.698116";"000KX"
"2025-57795";"2025-12-08";"1";"Vente";"510000.0";"20.0";"B";"AV FLEURS";"2460";"06000";"06088";"Nice";"06";"None";"None";"06088000KX0164";"None";"None";"42";"85.33";"None";"nan";"None";"nan";"None";"None";"None";"None";"1";"3";"Dépendance";"nan";"0.0";"None";"None";"None";"None";"nan";"7.253183";"43.698116";"000KX"
"2025-56816";"2025-12-05";"1";"Vente";"328820.0";"12.0";"None";"AV FLEURS";"2460";"06000";"06088";"Nice";"06";"None";"None";"06088000KX0146";"None";"None";"10";"55.83";"37";"nan";"None";"nan";"None";"None";"None";"None";"2";"2";"Appartement";"59.0";"2.0";"None";"None";"None";"None";"nan";"7.254018";"43.698016";"000KX"
"2025-56892";"2025-12-05";"1";"Vente";"315304.0";"5.0";"None";"RUE CHATEAUNEUF";"1365";"06000";"06088";"Nice";"06";"None";"None";"06088000KX0031";"None";"None";"87";"67.49";"None";"nan";"None";"nan";"None";"None";"None";"None";"1";"2";"Appartement";"76.0";"3.0";"None";"None";"None";"None";"nan";"7.255243";"43.701091";"000KX"
"2025-56816";"2025-12-05";"1";"Vente";"328820.0";"12.0";"None";"AV FLEURS";"2460";"06000";"06088";"Nice";"06";"None";"None";"06088000KX0146";"None";"None";"10";"55.83";"37";"nan";"None";"nan";"None";"None";"None";"None";"2";"3";"Dépendance";"nan";"0.0";"None";"None";"None";"None";"nan";"7.254018";"43.698016";"000KX"
"2025-56844";"2025-12-04";"1";"Vente";"55000.0";"6.0";"T";"AV FLEURS";"2460";"06000";"06088";"Nice";"06";"None";"None";"06088000KX0142";"None";"None";"17";"nan";"None";"nan";"None";"nan";"None";"None";"None";"None";"1";"3";"Dépendance";"nan";"0.0";"None";"None";"None";"None";"nan";"7.254741";"43.698048";"000KX"
"2025-56416";"2025-11-26";"1";"Vente";"30000.0";"48.0";"None";"RUE SAINT PHILIPPE";"5895";"06000";"06088";"Nice";"06";"None";"None";"06088000KX0133";"None";"None";"50";"nan";"None";"nan";"None";"nan";"None";"None";"None";"None";"1";"3";"Dépendance";"nan";"0.0";"None";"None";"None";"None";"nan";"7.255737";"43.697946";"000KX"
"2025-57153";"2025-11-26";"1";"Vente";"35000.0";"23.0";"None";"RUE FREDERIC PASSY";"2665";"06000";"06088";"Nice";"06";"None";"None";"06088000KX0274";"None";"None";"88";"nan";"None";"nan";"None";"nan";"None";"None";"None";"None";"1";"3";"Dépendance";"nan";"0.0";"None";"None";"None";"None";"nan";"7.251548";"43.699318";"000KX"
"2025-56172";"2025-11-25";"1";"Vente";"280000.0";"11.0";"None";"RUE CAFFARELLI";"1005";"06000";"06088";"Nice";"06";"None";"None";"06088000KX0144";"None";"None";"104";"51.01";"37";"nan";"None";"nan";"None";"None";"None";"None";"2";"2";"Appartement";"60.0";"2.0";"None";"None";"None";"None";"nan";"7.254215";"43.698544";"000KX"
"2025-57121";"2025-11-25";"1";"Vente";"193000.0";"65.0";"None";"BD GAMBETTA";"2755";"06000";"06088";"Nice";"06";"None";"None";"06088000KX0027";"None";"None";"194";"44.5";"None";"nan";"None";"nan";"None";"None";"None";"None";"1";"2";"Appartement";"44.0";"2.0";"None";"None";"None";"None";"nan";"7.255784";"43.701276";"000KX"
"2025-56139";"2025-11-20";"1";"Vente";"250000.0";"8.0";"None";"RUE CAFFARELLI";"1005";"06000";"06088";"Nice";"06";"None";"None";"06088000KX0323";"None";"None";"27";"43.83";"None";"nan";"None";"nan";"None";"None";"None";"None";"1";"2";"Appartement";"43.0";"1.0";"None";"None";"None";"None";"nan";"7.254798";"43.698958";"000KX"
"2025-55908";"2025-11-18";"1";"Vente";"112320.0";"19.0";"None";"RUE FREDERIC PASSY";"2665";"06000";"06088";"Nice";"06";"None";"None";"06088000KX0090";"None";"None";"10";"nan";"39";"53.9";"None";"nan";"None";"None";"None";"None";"2";"2";"Appartement";"51.0";"3.0";"None";"None";"None";"None";"nan";"7.252669";"43.699407";"000KX"
"2025-55938";"2025-11-18";"1";"Vente";"115000.0";"30.0";"B";"RUE CHATEAUNEUF";"1365";"06000";"06088";"Nice";"06";"None";"None";"06088000KX0008";"None";"None";"15";"25.36";"None";"nan";"None";"nan";"None";"None";"None";"None";"1";"2";"Appartement";"27.0";"1.0";"None";"None";"None";"None";"nan";"7.252668";"43.700602";"000KX"
"2025-55908";"2025-11-18";"1";"Vente";"112320.0";"19.0";"None";"RUE FREDERIC PASSY";"2665";"06000";"06088";"Nice";"06";"None";"None";"06088000KX0090";"None";"None";"10";"nan";"39";"53.9";"None";"nan";"None";"None";"None";"None";"2";"3";"Dépendance";"nan";"0.0";"None";"None";"None";"None";"nan";"7.252669";"43.699407";"000KX"
"2025-55999";"2025-11-17";"1";"Vente";"360000.0";"10.0";"None";"AV FLEURS";"2460";"06000";"06088";"Nice";"06";"None";"None";"06088000KX0145";"None";"None";"47";"54.8";"None";"nan";"None";"nan";"None";"None";"None";"None";"1";"2";"Appartement";"65.0";"2.0";"None";"None";"None";"None";"nan";"7.254212";"43.698205";"000KX"
"2025-56061";"2025-11-17";"1";"Vente";"120000.0";"21.0";"None";"RUE CAFFARELLI";"1005";"06000";"06088";"Nice";"06";"None";"None";"06088000KX0155";"None";"None";"55";"27.79";"None";"nan";"None";"nan";"None";"None";"None";"None";"1";"2";"Appartement";"30.0";"1.0";"None";"None";"None";"None";"nan";"7.253342";"43.698476";"000KX"
"2025-57052";"2025-11-17";"1";"Vente";"335000.0";"30.0";"None";"AV FLEURS";"2460";"06000";"06088";"Nice";"06";"None";"None";"06088000KX0237";"None";"None";"19";"nan";"50";"nan";"None";"nan";"None";"None";"None";"None";"2";"2";"Appartement";"51.0";"2.0";"None";"None";"None";"None";"nan";"7.251895";"43.698152";"000KX"
"2025-56061";"2025-11-17";"1";"Vente";"120000.0";"21.0";"None";"RUE CAFFARELLI";"1005";"06000";"06088";"Nice";"06";"None";"None";"06088000KX0155";"None";"None";"55";"27.79";"None";"nan";"None";"nan";"None";"None";"None";"None";"1";"3";"Dépendance";"nan";"0.0";"None";"None";"None";"None";"nan";"7.253342";"43.698476";"000KX"
"2025-57052";"2025-11-17";"1";"Vente";"335000.0";"30.0";"None";"AV FLEURS";"2460";"06000";"06088";"Nice";"06";"None";"None";"06088000KX0237";"None";"None";"19";"nan";"50";"nan";"None";"nan";"None";"None";"None";"None";"2";"3";"Dépendance";"nan";"0.0";"None";"None";"None";"None";"nan";"7.251895";"43.698152";"000KX"
"2025-55644";"2025-11-14";"1";"Vente";"380000.0";"23.0";"None";"RUE FREDERIC PASSY";"2665";"06000";"06088";"Nice";"06";"None";"None";"06088000KX0274";"None";"None";"159";"nan";"None";"nan";"None";"nan";"None";"None";"None";"None";"1";"2";"Appartement";"95.0";"3.0";"None";"None";"None";"None";"nan";"7.251548";"43.699318";"000KX"
"2025-55801";"2025-11-14";"1";"Vente";"280000.0";"23.0";"None";"RUE FREDERIC PASSY";"2665";"06000";"06088";"Nice";"06";"None";"None";"06088000KX0274";"None";"None";"161";"64.61";"99";"nan";"None";"nan";"None";"None";"None";"None";"2";"2";"Appartement";"66.0";"2.0";"None";"None";"None";"None";"nan";"7.251548";"43.699318";"000KX"
"2025-55644";"2025-11-14";"1";"Vente";"380000.0";"23.0";"None";"RUE FREDERIC PASSY";"2665";"06000";"06088";"Nice";"06";"None";"None";"06088000KX0274";"None";"None";"159";"nan";"None";"nan";"None";"nan";"None";"None";"None";"None";"1";"3";"Dépendance";"nan";"0.0";"None";"None";"None";"None";"nan";"7.251548";"43.699318";"000KX"
"2025-55801";"2025-11-14";"1";"Vente";"280000.0";"23.0";"None";"RUE FREDERIC PASSY";"2665";"06000";"06088";"Nice";"06";"None";"None";"06088000KX0274";"None";"None";"161";"64.61";"99";"nan";"None";"nan";"None";"None";"None";"None";"2";"3";"Dépendance";"nan";"0.0";"None";"None";"None";"None";"nan";"7.251548";"43.699318";"000KX"
"2025-55608";"2025-11-12";"1";"Vente";"238000.0";"24.0";"None";"AV FLEURS";"2460";"06000";"06088";"Nice";"06";"None";"None";"06088000KX0166";"None";"None";"101";"37.16";"12";"nan";"None";"nan";"None";"None";"None";"None";"2";"2";"Appartement";"40.0";"1.0";"None";"None";"None";"None";"nan";"7.252508";"43.69819";"000KX"
"2025-55608";"2025-11-12";"1";"Vente";"238000.0";"24.0";"None";"AV FLEURS";"2460";"06000";"06088";"Nice";"06";"None";"None";"06088000KX0166";"None";"None";"101";"37.16";"12";"nan";"None";"nan";"None";"None";"None";"None";"2";"3";"Dépendance";"nan";"0.0";"None";"None";"None";"None";"nan";"7.252508";"43.69819";"000KX"
"2025-55608";"2025-11-12";"1";"Vente";"238000.0";"24.0";"None";"AV FLEURS";"2460";"06000";"06088";"Nice";"06";"None";"None";"06088000KX0166";"None";"None";"101";"37.16";"12";"nan";"None";"nan";"None";"None";"None";"None";"2";"3";"Dépendance";"nan";"0.0";"None";"None";"None";"None";"nan";"7.252508";"43.69819";"000KX"
"2025-56627";"2025-11-12";"1";"Vente";"24500.0";"65.0";"None";"BD GAMBETTA";"2755";"06000";"06088";"Nice";"06";"None";"None";"06088000KX0027";"None";"None";"105";"nan";"None";"nan";"None";"nan";"None";"None";"None";"None";"1";"3";"Dépendance";"nan";"0.0";"None";"None";"None";"None";"nan";"7.255784";"43.701276";"000KX"
"2025-55813";"2025-11-10";"1";"Vente";"44000.0";"69.0";"None";"BD FRANCOIS GROSSO";"2630";"06000";"06088";"Nice";"06";"None";"None";"06088000KX0215";"None";"None";"56";"nan";"None";"nan";"None";"nan";"None";"None";"None";"None";"1";"3";"Dépendance";"nan";"0.0";"None";"None";"None";"None";"nan";"7.250715";"43.69887";"000KX"
"2025-55845";"2025-11-06";"1";"Vente";"265000.0";"34.0";"None";"RUE CAFFARELLI";"1005";"06000";"06088";"Nice";"06";"None";"None";"06088000KX0088";"None";"None";"53";"nan";"None";"nan";"None";"nan";"None";"None";"None";"None";"1";"2";"Appartement";"44.0";"1.0";"None";"None";"None";"None";"nan";"7.252246";"43.699423";"000KX"
"2025-56194";"2025-11-04";"1";"Vente";"350000.0";"15.0";"None";"RUE FREDERIC PASSY";"2665";"06000";"06088";"Nice";"06";"None";"None";"06088000KX0279";"None";"None";"15";"67.59";"6";"nan";"None";"nan";"None";"None";"None";"None";"2";"2";"Appartement";"68.0";"3.0";"None";"None";"None";"None";"nan";"7.25387";"43.699334";"000KX"
"2025-56194";"2025-11-04";"1";"Vente";"350000.0";"15.0";"None";"RUE FREDERIC PASSY";"2665";"06000";"06088";"Nice";"06";"None";"None";"06088000KX0279";"None";"None";"15";"67.59";"6";"nan";"None";"nan";"None";"None";"None";"None";"2";"3";"Dépendance";"nan";"0.0";"None";"None";"None";"None";"nan";"7.25387";"43.699334";"000KX"
"2025-55177";"2025-10-30";"1";"Vente";"250000.0";"48.0";"None";"RUE SAINT PHILIPPE";"5895";"06000";"06088";"Nice";"06";"None";"None";"06088000KX0133";"None";"None";"32";"nan";"None";"nan";"None";"nan";"None";"None";"None";"None";"1";"2";"Appartement";"58.0";"2.0";"None";"None";"None";"None";"nan";"7.255737";"43.697946";"000KX"
"2025-55177";"2025-10-30";"1";"Vente";"250000.0";"48.0";"None";"RUE SAINT PHILIPPE";"5895";"06000";"06088";"Nice";"06";"None";"None";"06088000KX0133";"None";"None";"21";"36.17";"None";"nan";"None";"nan";"None";"None";"None";"None";"1";"2";"Appartement";"32.0";"2.0";"None";"None";"None";"None";"nan";"7.255737";"43.697946";"000KX"
"2025-55734";"2025-10-30";"1";"Vente";"200000.0";"42.0";"B";"BD FRANCOIS GROSSO";"2630";"06000";"06088";"Nice";"06";"None";"None";"06088000KX0236";"None";"None";"59";"34.83";"None";"nan";"None";"nan";"None";"None";"None";"None";"1";"2";"Appartement";"36.0";"1.0";"None";"None";"None";"None";"nan";"7.251755";"43.698394";"000KX"
"2025-55177";"2025-10-30";"1";"Vente";"250000.0";"48.0";"None";"RUE SAINT PHILIPPE";"5895";"06000";"06088";"Nice";"06";"None";"None";"06088000KX0133";"None";"None";"21";"36.17";"None";"nan";"None";"nan";"None";"None";"None";"None";"1";"3";"Dépendance";"nan";"0.0";"None";"None";"None";"None";"nan";"7.255737";"43.697946";"000KX"
"2025-55177";"2025-10-30";"1";"Vente";"250000.0";"48.0";"None";"RUE SAINT PHILIPPE";"5895";"06000";"06088";"Nice";"06";"None";"None";"06088000KX0133";"None";"None";"21";"36.17";"None";"nan";"None";"nan";"None";"None";"None";"None";"1";"3";"Dépendance";"nan";"0.0";"None";"None";"None";"None";"nan";"7.255737";"43.697946";"000KX"
"2025-55177";"2025-10-30";"1";"Vente";"250000.0";"48.0";"None";"RUE SAINT PHILIPPE";"5895";"06000";"06088";"Nice";"06";"None";"None";"06088000KX0133";"None";"None";"32";"nan";"None";"nan";"None";"nan";"None";"None";"None";"None";"1";"3";"Dépendance";"nan";"0.0";"None";"None";"None";"None";"nan";"7.255737";"43.697946";"000KX"
"2025-55734";"2025-10-30";"1";"Vente";"200000.0";"42.0";"B";"BD FRANCOIS GROSSO";"2630";"06000";"06088";"Nice";"06";"None";"None";"06088000KX0236";"None";"None";"59";"34.83";"None";"nan";"None";"nan";"None";"None";"None";"None";"1";"3";"Dépendance";"nan";"0.0";"None";"None";"None";"None";"nan";"7.251755";"43.698394";"000KX"
"2025-55133";"2025-10-29";"1";"Vente";"130000.0";"65.0";"None";"BD GAMBETTA";"2755";"06000";"06088";"Nice";"06";"None";"None";"06088000KX0027";"None";"None";"209";"27.91";"89";"nan";"None";"nan";"None";"None";"None";"None";"2";"2";"Appartement";"28.0";"1.0";"None";"None";"None";"None";"nan";"7.255784";"43.701276";"000KX"
"2025-55133";"2025-10-29";"1";"Vente";"130000.0";"65.0";"None";"BD GAMBETTA";"2755";"06000";"06088";"Nice";"06";"None";"None";"06088000KX0027";"None";"None";"209";"27.91";"89";"nan";"None";"nan";"None";"None";"None";"None";"2";"3";"Dépendance";"nan";"0.0";"None";"None";"None";"None";"nan";"7.255784";"43.701276";"000KX"
"2025-55072";"2025-10-27";"1";"Vente";"650000.0";"18.0";"None";"RUE FRANCOIS AUNE";"2615";"06000";"06088";"Nice";"06";"None";"None";"06088000KX0037";"None";"None";"10";"80.21";"7";"nan";"None";"nan";"None";"None";"None";"None";"2";"2";"Appartement";"83.0";"4.0";"None";"None";"None";"None";"nan";"7.255225";"43.700691";"000KX"
"2025-56436";"2025-10-27";"1";"Vente";"189000.0";"65.0";"None";"BD GAMBETTA";"2755";"06000";"06088";"Nice";"06";"None";"None";"06088000KX0027";"None";"None";"195";"nan";"52";"nan";"None";"nan";"None";"None";"None";"None";"2";"2";"Appartement";"50.0";"2.0";"None";"None";"None";"None";"nan";"7.255784";"43.701276";"000KX"
"2025-55072";"2025-10-27";"1";"Vente";"650000.0";"18.0";"None";"RUE FRANCOIS AUNE";"2615";"06000";"06088";"Nice";"06";"None";"None";"06088000KX0037";"None";"None";"10";"80.21";"7";"nan";"None";"nan";"None";"None";"None";"None";"2";"3";"Dépendance";"nan";"0.0";"None";"None";"None";"None";"nan";"7.255225";"43.700691";"000KX"
"2025-55072";"2025-10-27";"1";"Vente";"650000.0";"18.0";"None";"RUE FRANCOIS AUNE";"2615";"06000";"06088";"Nice";"06";"None";"None";"06088000KX0037";"None";"None";"1";"nan";"None";"nan";"None";"nan";"None";"None";"None";"None";"1";"3";"Dépendance";"nan";"0.0";"None";"None";"None";"None";"nan";"7.255225";"43.700691";"000KX"
"2025-54984";"2025-10-24";"1";"Vente";"33000.0";"4.0";"None";"RUE CHATEAUNEUF";"1365";"06000";"06088";"Nice";"06";"None";"None";"06088000KX0023";"None";"None";"43";"nan";"None";"nan";"None";"nan";"None";"None";"None";"None";"1";"3";"Dépendance";"nan";"0.0";"None";"None";"None";"None";"nan";"7.255705";"43.701793";"000KX"
"2025-55452";"2025-10-23";"1";"Vente";"484000.0";"12.0";"None";"AV FLEURS";"2460";"06000";"06088";"Nice";"06";"None";"None";"06088000KX0146";"None";"None";"21";"nan";"6";"79.15";"None";"nan";"None";"None";"None";"None";"2";"2";"Appartement";"78.0";"3.0";"None";"None";"None";"None";"nan";"7.254018";"43.698016";"000KX"
"2025-55452";"2025-10-23";"1";"Vente";"484000.0";"12.0";"None";"AV FLEURS";"2460";"06000";"06088";"Nice";"06";"None";"None";"06088000KX0146";"None";"None";"21";"nan";"6";"79.15";"None";"nan";"None";"None";"None";"None";"2";"3";"Dépendance";"nan";"0.0";"None";"None";"None";"None";"nan";"7.254018";"43.698016";"000KX"
"2025-55576";"2025-10-23";"1";"Vente";"38500.0";"4.0";"None";"RUE CHATEAUNEUF";"1365";"06000";"06088";"Nice";"06";"None";"None";"06088000KX0023";"None";"None";"76";"nan";"None";"nan";"None";"nan";"None";"None";"None";"None";"1";"3";"Dépendance";"nan";"0.0";"None";"None";"None";"None";"nan";"7.255705";"43.701793";"000KX"
"2025-54543";"2025-10-22";"1";"Vente";"130000.0";"4.0";"None";"RUE PERE A VALENSIN";"4945";"06000";"06088";"Nice";"06";"None";"None";"06088000KX0079";"None";"None";"10";"nan";"None";"nan";"None";"nan";"None";"None";"None";"None";"1";"2";"Appartement";"25.0";"1.0";"None";"None";"None";"None";"nan";"7.25268";"43.69985";"000KX"
"2025-54859";"2025-10-22";"1";"Vente";"123000.0";"21.0";"None";"RUE FRANCOIS AUNE";"2615";"06000";"06088";"Nice";"06";"None";"None";"06088000KX0051";"None";"None";"26";"nan";"None";"nan";"None";"nan";"None";"None";"None";"None";"1";"2";"Appartement";"23.0";"1.0";"None";"None";"None";"None";"nan";"7.254876";"43.700848";"000KX"
"2025-54946";"2025-10-22";"1";"Vente";"250000.0";"3.0";"None";"RUE PERE A VALENSIN";"4945";"06000";"06088";"Nice";"06";"None";"None";"06088000KX0071";"None";"None";"16";"nan";"36";"nan";"None";"nan";"None";"None";"None";"None";"2";"2";"Appartement";"56.0";"3.0";"None";"None";"None";"None";"nan";"7.253082";"43.700088";"000KX"
"2025-54946";"2025-10-22";"1";"Vente";"250000.0";"3.0";"None";"RUE PERE A VALENSIN";"4945";"06000";"06088";"Nice";"06";"None";"None";"06088000KX0071";"None";"None";"16";"nan";"36";"nan";"None";"nan";"None";"None";"None";"None";"2";"3";"Dépendance";"nan";"0.0";"None";"None";"None";"None";"nan";"7.253082";"43.700088";"000KX"
"2025-54170";"2025-10-16";"1";"Vente";"276000.0";"29.0";"None";"RUE CHATEAUNEUF";"1365";"06000";"06088";"Nice";"06";"None";"None";"06088000KX0078";"None";"None";"30";"58.4";"83";"nan";"None";"nan";"None";"None";"None";"None";"2";"2";"Appartement";"62.0";"2.0";"None";"None";"None";"None";"nan";"7.252632";"43.700111";"000KX"
"2025-54170";"2025-10-16";"1";"Vente";"276000.0";"29.0";"None";"RUE CHATEAUNEUF";"1365";"06000";"06088";"Nice";"06";"None";"None";"06088000KX0078";"None";"None";"30";"58.4";"83";"nan";"None";"nan";"None";"None";"None";"None";"2";"3";"Dépendance";"nan";"0.0";"None";"None";"None";"None";"nan";"7.252632";"43.700111";"000KX"
"2025-54718";"2025-10-15";"1";"Vente";"551500.0";"26.0";"None";"RUE CHATEAUNEUF";"1365";"06000";"06088";"Nice";"06";"None";"None";"06088000KX0011";"None";"None";"17";"25.45";"None";"nan";"None";"nan";"None";"None";"None";"None";"1";"2";"Appartement";"25.0";"1.0";"None";"None";"None";"None";"nan";"7.253241";"43.700726";"000KX"
"2025-55029";"2025-10-13";"1";"Vente";"235500.0";"24.0";"None";"RUE FREDERIC PASSY";"2665";"06000";"06088";"Nice";"06";"None";"None";"06088000KX0266";"None";"None";"58";"34.07";"None";"nan";"None";"nan";"None";"None";"None";"None";"1";"2";"Appartement";"34.0";"1.0";"None";"None";"None";"None";"nan";"7.252477";"43.699776";"000KX"
"2025-54191";"2025-10-09";"1";"Vente";"135000.0";"27.0";"None";"RUE CAFFARELLI";"1005";"06000";"06088";"Nice";"06";"None";"None";"06088000KX0158";"None";"None";"15";"33.55";"None";"nan";"None";"nan";"None";"None";"None";"None";"1";"2";"Appartement";"31.0";"2.0";"None";"None";"None";"None";"nan";"7.25284";"43.698795";"000KX"
"2025-54621";"2025-10-06";"1";"Vente";"400000.0";"14.0";"None";"RUE CHATEAUNEUF";"1365";"06000";"06088";"Nice";"06";"None";"None";"06088000KX0018";"None";"None";"22";"nan";"41";"nan";"None";"nan";"None";"None";"None";"None";"2";"2";"Appartement";"126.0";"4.0";"None";"None";"None";"None";"nan";"7.254621";"43.701314";"000KX"
"2025-54767";"2025-10-06";"1";"Vente";"540000.0";"10.0";"None";"AV FLEURS";"2460";"06000";"06088";"Nice";"06";"None";"None";"06088000KX0145";"None";"None";"53";"66.58";"None";"nan";"None";"nan";"None";"None";"None";"None";"1";"2";"Appartement";"66.0";"3.0";"None";"None";"None";"None";"nan";"7.254212";"43.698205";"000KX"
"2025-54621";"2025-10-06";"1";"Vente";"400000.0";"14.0";"None";"RUE CHATEAUNEUF";"1365";"06000";"06088";"Nice";"06";"None";"None";"06088000KX0018";"None";"None";"46";"nan";"None";"nan";"None";"nan";"None";"None";"None";"None";"1";"3";"Dépendance";"nan";"0.0";"None";"None";"None";"None";"nan";"7.254621";"43.701314";"000KX"
"2025-54767";"2025-10-06";"1";"Vente";"540000.0";"10.0";"None";"AV FLEURS";"2460";"06000";"06088";"Nice";"06";"None";"None";"06088000KX0145";"None";"None";"197";"nan";"None";"nan";"None";"nan";"None";"None";"None";"None";"1";"3";"Dépendance";"nan";"0.0";"None";"None";"None";"None";"nan";"7.254212";"43.698205";"000KX"
"2025-53984";"2025-10-02";"1";"Vente";"257000.0";"69.0";"None";"BD FRANCOIS GROSSO";"2630";"06000";"06088";"Nice";"06";"None";"None";"06088000KX0215";"None";"None";"33";"nan";"90";"39.26";"None";"nan";"None";"None";"None";"None";"2";"2";"Appartement";"40.0";"2.0";"None";"None";"None";"None";"nan";"7.250715";"43.69887";"000KX"
"2025-53984";"2025-10-02";"1";"Vente";"257000.0";"69.0";"None";"BD FRANCOIS GROSSO";"2630";"06000";"06088";"Nice";"06";"None";"None";"06088000KX0215";"None";"None";"33";"nan";"90";"39.26";"None";"nan";"None";"None";"None";"None";"2";"3";"Dépendance";"nan";"0.0";"None";"None";"None";"None";"nan";"7.250715";"43.69887";"000KX"
"2025-53984";"2025-10-02";"1";"Vente";"257000.0";"69.0";"None";"BD FRANCOIS GROSSO";"2630";"06000";"06088";"Nice";"06";"None";"None";"06088000KX0215";"None";"None";"33";"nan";"90";"39.26";"None";"nan";"None";"None";"None";"None";"2";"3";"Dépendance";"nan";"0.0";"None";"None";"None";"None";"nan";"7.250715";"43.69887";"000KX"
"2025-54519";"2025-10-01";"1";"Vente";"616850.0";"15.0";"B";"RUE CHATEAUNEUF";"1365";"06000";"06088";"Nice";"06";"None";"None";"06088000KX0055";"None";"None";"6";"137.53";"None";"nan";"None";"nan";"None";"None";"None";"None";"1";"2";"Appartement";"135.0";"5.0";"None";"None";"None";"None";"nan";"7.254368";"43.700705";"000KX"
"2025-54519";"2025-10-01";"1";"Vente";"616850.0";"65.0";"None";"BD GAMBETTA";"2755";"06000";"06088";"Nice";"06";"None";"None";"06088000KX0027";"None";"None";"107";"nan";"None";"nan";"None";"nan";"None";"None";"None";"None";"1";"3";"Dépendance";"nan";"0.0";"None";"None";"None";"None";"nan";"7.255784";"43.701276";"000KX"
"2025-54519";"2025-10-01";"1";"Vente";"616850.0";"15.0";"B";"RUE CHATEAUNEUF";"1365";"06000";"06088";"Nice";"06";"None";"None";"06088000KX0055";"None";"None";"6";"137.53";"None";"nan";"None";"nan";"None";"None";"None";"None";"1";"3";"Dépendance";"nan";"0.0";"None";"None";"None";"None";"nan";"7.254368";"43.700705";"000KX"
"2025-54060";"2025-09-30";"1";"Vente";"4925000.0";"56.0";"None";"RUE SAINT PHILIPPE";"5895";"06000";"06088";"Nice";"06";"None";"None";"06088000KX0268";"None";"None";"42";"1358.7";"None";"nan";"None";"nan";"None";"None";"None";"None";"1";"2";"Appartement";"26.0";"2.0";"None";"None";"None";"None";"nan";"7.255857";"43.698182";"000KX"
"2025-54060";"2025-09-30";"1";"Vente";"4925000.0";"56.0";"None";"RUE SAINT PHILIPPE";"5895";"06000";"06088";"Nice";"06";"None";"None";"06088000KX0268";"None";"None";"42";"1358.7";"None";"nan";"None";"nan";"None";"None";"None";"None";"1";"2";"Appartement";"28.0";"2.0";"None";"None";"None";"None";"nan";"7.255857";"43.698182";"000KX"
"2025-54060";"2025-09-30";"1";"Vente";"4925000.0";"56.0";"None";"RUE SAINT PHILIPPE";"5895";"06000";"06088";"Nice";"06";"None";"None";"06088000KX0268";"None";"None";"42";"1358.7";"None";"nan";"None";"nan";"None";"None";"None";"None";"1";"2";"Appartement";"28.0";"2.0";"None";"None";"None";"None";"nan";"7.255857";"43.698182";"000KX"
"2025-54060";"2025-09-30";"1";"Vente";"4925000.0";"56.0";"None";"RUE SAINT PHILIPPE";"5895";"06000";"06088";"Nice";"06";"None";"None";"06088000KX0268";"None";"None";"42";"1358.7";"None";"nan";"None";"nan";"None";"None";"None";"None";"1";"2";"Appartement";"22.0";"1.0";"None";"None";"None";"None";"nan";"7.255857";"43.698182";"000KX"
"2025-54060";"2025-09-30";"1";"Vente";"4925000.0";"56.0";"None";"RUE SAINT PHILIPPE";"5895";"06000";"06088";"Nice";"06";"None";"None";"06088000KX0268";"None";"None";"42";"1358.7";"None";"nan";"None";"nan";"None";"None";"None";"None";"1";"2";"Appartement";"14.0";"1.0";"None";"None";"None";"None";"nan";"7.255857";"43.698182";"000KX"
"2025-54060";"2025-09-30";"1";"Vente";"4925000.0";"56.0";"None";"RUE SAINT PHILIPPE";"5895";"06000";"06088";"Nice";"06";"None";"None";"06088000KX0268";"None";"None";"42";"1358.7";"None";"nan";"None";"nan";"None";"None";"None";"None";"1";"2";"Appartement";"18.0";"1.0";"None";"None";"None";"None";"nan";"7.255857";"43.698182";"000KX"
"2025-54060";"2025-09-30";"1";"Vente";"4925000.0";"56.0";"None";"RUE SAINT PHILIPPE";"5895";"06000";"06088";"Nice";"06";"None";"None";"06088000KX0268";"None";"None";"42";"1358.7";"None";"nan";"None";"nan";"None";"None";"None";"None";"1";"2";"Appartement";"28.0";"2.0";"None";"None";"None";"None";"nan";"7.255857";"43.698182";"000KX"
"2025-54060";"2025-09-30";"1";"Vente";"4925000.0";"56.0";"None";"RUE SAINT PHILIPPE";"5895";"06000";"06088";"Nice";"06";"None";"None";"06088000KX0268";"None";"None";"42";"1358.7";"None";"nan";"None";"nan";"None";"None";"None";"None";"1";"2";"Appartement";"14.0";"1.0";"None";"None";"None";"None";"nan";"7.255857";"43.698182";"000KX"
"2025-54060";"2025-09-30";"1";"Vente";"4925000.0";"56.0";"None";"RUE SAINT PHILIPPE";"5895";"06000";"06088";"Nice";"06";"None";"None";"06088000KX0268";"None";"None";"42";"1358.7";"None";"nan";"None";"nan";"None";"None";"None";"None";"1";"2";"Appartement";"14.0";"1.0";"None";"None";"None";"None";"nan";"7.255857";"43.698182";"000KX"
"2025-54060";"2025-09-30";"1";"Vente";"4925000.0";"56.0";"None";"RUE SAINT PHILIPPE";"5895";"06000";"06088";"Nice";"06";"None";"None";"06088000KX0268";"None";"None";"42";"1358.7";"None";"nan";"None";"nan";"None";"None";"None";"None";"1";"2";"Appartement";"26.0";"2.0";"None";"None";"None";"None";"nan";"7.255857";"43.698182";"000KX"
"2025-54060";"2025-09-30";"1";"Vente";"4925000.0";"56.0";"None";"RUE SAINT PHILIPPE";"5895";"06000";"06088";"Nice";"06";"None";"None";"06088000KX0268";"None";"None";"42";"1358.7";"None";"nan";"None";"nan";"None";"None";"None";"None";"1";"2";"Appartement";"25.0";"2.0";"None";"None";"None";"None";"nan";"7.255857";"43.698182";"000KX"
"2025-54060";"2025-09-30";"1";"Vente";"4925000.0";"56.0";"None";"RUE SAINT PHILIPPE";"5895";"06000";"06088";"Nice";"06";"None";"None";"06088000KX0268";"None";"None";"42";"1358.7";"None";"nan";"None";"nan";"None";"None";"None";"None";"1";"2";"Appartement";"26.0";"2.0";"None";"None";"None";"None";"nan";"7.255857";"43.698182";"000KX"
"2025-54060";"2025-09-30";"1";"Vente";"4925000.0";"56.0";"None";"RUE SAINT PHILIPPE";"5895";"06000";"06088";"Nice";"06";"None";"None";"06088000KX0268";"None";"None";"42";"1358.7";"None";"nan";"None";"nan";"None";"None";"None";"None";"1";"2";"Appartement";"28.0";"2.0";"None";"None";"None";"None";"nan";"7.255857";"43.698182";"000KX"
"2025-54060";"2025-09-30";"1";"Vente";"4925000.0";"56.0";"None";"RUE SAINT PHILIPPE";"5895";"06000";"06088";"Nice";"06";"None";"None";"06088000KX0268";"None";"None";"42";"1358.7";"None";"nan";"None";"nan";"None";"None";"None";"None";"1";"2";"Appartement";"14.0";"1.0";"None";"None";"None";"None";"nan";"7.255857";"43.698182";"000KX"
"2025-54060";"2025-09-30";"1";"Vente";"4925000.0";"56.0";"None";"RUE SAINT PHILIPPE";"5895";"06000";"06088";"Nice";"06";"None";"None";"06088000KX0268";"None";"None";"42";"1358.7";"None";"nan";"None";"nan";"None";"None";"None";"None";"1";"2";"Appartement";"25.0";"2.0";"None";"None";"None";"None";"nan";"7.255857";"43.698182";"000KX"
"2025-54060";"2025-09-30";"1";"Vente";"4925000.0";"56.0";"None";"RUE SAINT PHILIPPE";"5895";"06000";"06088";"Nice";"06";"None";"None";"06088000KX0268";"None";"None";"42";"1358.7";"None";"nan";"None";"nan";"None";"None";"None";"None";"1";"2";"Appartement";"28.0";"2.0";"None";"None";"None";"None";"nan";"7.255857";"43.698182";"000KX"
"2025-54060";"2025-09-30";"1";"Vente";"4925000.0";"56.0";"None";"RUE SAINT PHILIPPE";"5895";"06000";"06088";"Nice";"06";"None";"None";"06088000KX0268";"None";"None";"42";"1358.7";"None";"nan";"None";"nan";"None";"None";"None";"None";"1";"2";"Appartement";"24.0";"1.0";"None";"None";"None";"None";"nan";"7.255857";"43.698182";"000KX"
"2025-54060";"2025-09-30";"1";"Vente";"4925000.0";"56.0";"None";"RUE SAINT PHILIPPE";"5895";"06000";"06088";"Nice";"06";"None";"None";"06088000KX0268";"None";"None";"42";"1358.7";"None";"nan";"None";"nan";"None";"None";"None";"None";"1";"2";"Appartement";"32.0";"2.0";"None";"None";"None";"None";"nan";"7.255857";"43.698182";"000KX"
"2025-54060";"2025-09-30";"1";"Vente";"4925000.0";"56.0";"None";"RUE SAINT PHILIPPE";"5895";"06000";"06088";"Nice";"06";"None";"None";"06088000KX0268";"None";"None";"42";"1358.7";"None";"nan";"None";"nan";"None";"None";"None";"None";"1";"2";"Appartement";"26.0";"2.0";"None";"None";"None";"None";"nan";"7.255857";"43.698182";"000KX"
"2025-54060";"2025-09-30";"1";"Vente";"4925000.0";"56.0";"None";"RUE SAINT PHILIPPE";"5895";"06000";"06088";"Nice";"06";"None";"None";"06088000KX0268";"None";"None";"42";"1358.7";"None";"nan";"None";"nan";"None";"None";"None";"None";"1";"2";"Appartement";"25.0";"2.0";"None";"None";"None";"None";"nan";"7.255857";"43.698182";"000KX"
"2025-54060";"2025-09-30";"1";"Vente";"4925000.0";"56.0";"None";"RUE SAINT PHILIPPE";"5895";"06000";"06088";"Nice";"06";"None";"None";"06088000KX0268";"None";"None";"42";"1358.7";"None";"nan";"None";"nan";"None";"None";"None";"None";"1";"2";"Appartement";"14.0";"1.0";"None";"None";"None";"None";"nan";"7.255857";"43.698182";"000KX"
"2025-54060";"2025-09-30";"1";"Vente";"4925000.0";"56.0";"None";"RUE SAINT PHILIPPE";"5895";"06000";"06088";"Nice";"06";"None";"None";"06088000KX0268";"None";"None";"42";"1358.7";"None";"nan";"None";"nan";"None";"None";"None";"None";"1";"2";"Appartement";"28.0";"2.0";"None";"None";"None";"None";"nan";"7.255857";"43.698182";"000KX"
"2025-54060";"2025-09-30";"1";"Vente";"4925000.0";"56.0";"None";"RUE SAINT PHILIPPE";"5895";"06000";"06088";"Nice";"06";"None";"None";"06088000KX0268";"None";"None";"42";"1358.7";"None";"nan";"None";"nan";"None";"None";"None";"None";"1";"2";"Appartement";"25.0";"2.0";"None";"None";"None";"None";"nan";"7.255857";"43.698182";"000KX"
"2025-54060";"2025-09-30";"1";"Vente";"4925000.0";"56.0";"None";"RUE SAINT PHILIPPE";"5895";"06000";"06088";"Nice";"06";"None";"None";"06088000KX0268";"None";"None";"42";"1358.7";"None";"nan";"None";"nan";"None";"None";"None";"None";"1";"2";"Appartement";"26.0";"2.0";"None";"None";"None";"None";"nan";"7.255857";"43.698182";"000KX"
"2025-54060";"2025-09-30";"1";"Vente";"4925000.0";"56.0";"None";"RUE SAINT PHILIPPE";"5895";"06000";"06088";"Nice";"06";"None";"None";"06088000KX0268";"None";"None";"42";"1358.7";"None";"nan";"None";"nan";"None";"None";"None";"None";"1";"2";"Appartement";"25.0";"2.0";"None";"None";"None";"None";"nan";"7.255857";"43.698182";"000KX"
"2025-54060";"2025-09-30";"1";"Vente";"4925000.0";"56.0";"None";"RUE SAINT PHILIPPE";"5895";"06000";"06088";"Nice";"06";"None";"None";"06088000KX0268";"None";"None";"42";"1358.7";"None";"nan";"None";"nan";"None";"None";"None";"None";"1";"2";"Appartement";"26.0";"2.0";"None";"None";"None";"None";"nan";"7.255857";"43.698182";"000KX"
"2025-54060";"2025-09-30";"1";"Vente";"4925000.0";"56.0";"None";"RUE SAINT PHILIPPE";"5895";"06000";"06088";"Nice";"06";"None";"None";"06088000KX0268";"None";"None";"42";"1358.7";"None";"nan";"None";"nan";"None";"None";"None";"None";"1";"2";"Appartement";"25.0";"2.0";"None";"None";"None";"None";"nan";"7.255857";"43.698182";"000KX"
"2025-54060";"2025-09-30";"1";"Vente";"4925000.0";"56.0";"None";"RUE SAINT PHILIPPE";"5895";"06000";"06088";"Nice";"06";"None";"None";"06088000KX0268";"None";"None";"42";"1358.7";"None";"nan";"None";"nan";"None";"None";"None";"None";"1";"2";"Appartement";"14.0";"1.0";"None";"None";"None";"None";"nan";"7.255857";"43.698182";"000KX"
"2025-54060";"2025-09-30";"1";"Vente";"4925000.0";"56.0";"None";"RUE SAINT PHILIPPE";"5895";"06000";"06088";"Nice";"06";"None";"None";"06088000KX0268";"None";"None";"42";"1358.7";"None";"nan";"None";"nan";"None";"None";"None";"None";"1";"2";"Appartement";"28.0";"2.0";"None";"None";"None";"None";"nan";"7.255857";"43.698182";"000KX"
"2025-54060";"2025-09-30";"1";"Vente";"4925000.0";"56.0";"None";"RUE SAINT PHILIPPE";"5895";"06000";"06088";"Nice";"06";"None";"None";"06088000KX0268";"None";"None";"42";"1358.7";"None";"nan";"None";"nan";"None";"None";"None";"None";"1";"2";"Appartement";"14.0";"1.0";"None";"None";"None";"None";"nan";"7.255857";"43.698182";"000KX"
"2025-54119";"2025-09-30";"1";"Vente";"181780.0";"61.0";"None";"RUE DES POTIERS";"5225";"06000";"06088";"Nice";"06";"None";"None";"06088000KX0292";"None";"None";"5";"34.2";"None";"nan";"None";"nan";"None";"None";"None";"None";"1";"2";"Appartement";"34.0";"2.0";"None";"None";"None";"None";"nan";"7.251596";"43.698733";"000KX"
"2025-54356";"2025-09-30";"1";"Vente";"814000.0";"22.0";"None";"AV FLEURS";"2460";"06000";"06088";"Nice";"06";"None";"None";"06088000KX0165";"None";"None";"30";"nan";"68";"105.64";"None";"nan";"None";"None";"None";"None";"2";"2";"Appartement";"104.0";"3.0";"None";"None";"None";"None";"nan";"7.252823";"43.698184";"000KX"
"2025-55249";"2025-09-30";"1";"Vente";"230000.0";"29.0";"None";"RUE CHATEAUNEUF";"1365";"06000";"06088";"Nice";"06";"None";"None";"06088000KX0078";"None";"None";"15";"67.43";"None";"nan";"None";"nan";"None";"None";"None";"None";"1";"2";"Appartement";"59.0";"3.0";"None";"None";"None";"None";"nan";"7.252632";"43.700111";"000KX"
"2025-53600";"2025-09-30";"1";"Vente";"23000.0";"22.0";"None";"RUE CHATEAUNEUF";"1365";"06000";"06088";"Nice";"06";"None";"None";"06088000KX0015";"None";"None";"21";"10.0";"None";"nan";"None";"nan";"None";"None";"None";"None";"1";"3";"Dépendance";"nan";"0.0";"None";"None";"None";"None";"nan";"7.253715";"43.700896";"000KX"
"2025-54060";"2025-09-30";"1";"Vente";"4925000.0";"56.0";"None";"RUE SAINT PHILIPPE";"5895";"06000";"06088";"Nice";"06";"None";"None";"06088000KX0268";"None";"None";"15";"10.0";"42";"1358.7";"None";"nan";"None";"None";"None";"None";"2";"3";"Dépendance";"nan";"0.0";"None";"None";"None";"None";"nan";"7.255857";"43.698182";"000KX"
"2025-54356";"2025-09-30";"1";"Vente";"814000.0";"22.0";"None";"AV FLEURS";"2460";"06000";"06088";"Nice";"06";"None";"None";"06088000KX0165";"None";"None";"30";"nan";"68";"105.64";"None";"nan";"None";"None";"None";"None";"2";"3";"Dépendance";"nan";"0.0";"None";"None";"None";"None";"nan";"7.252823";"43.698184";"000KX"
"2025-54356";"2025-09-30";"1";"Vente";"814000.0";"22.0";"None";"AV FLEURS";"2460";"06000";"06088";"Nice";"06";"None";"None";"06088000KX0165";"None";"None";"36";"nan";"None";"nan";"None";"nan";"None";"None";"None";"None";"1";"3";"Dépendance";"nan";"0.0";"None";"None";"None";"None";"nan";"7.252823";"43.698184";"000KX"
"2025-54356";"2025-09-30";"1";"Vente";"814000.0";"22.0";"None";"AV FLEURS";"2460";"06000";"06088";"Nice";"06";"None";"None";"06088000KX0165";"None";"None";"30";"nan";"68";"105.64";"None";"nan";"None";"None";"None";"None";"2";"3";"Dépendance";"nan";"0.0";"None";"None";"None";"None";"nan";"7.252823";"43.698184";"000KX"
"2025-55249";"2025-09-30";"1";"Vente";"230000.0";"29.0";"None";"RUE CHATEAUNEUF";"1365";"06000";"06088";"Nice";"06";"None";"None";"06088000KX0078";"None";"None";"15";"67.43";"None";"nan";"None";"nan";"None";"None";"None";"None";"1";"3";"Dépendance";"nan";"0.0";"None";"None";"None";"None";"nan";"7.252632";"43.700111";"000KX"
"2025-54252";"2025-09-29";"1";"Vente";"128000.0";"59.0";"None";"RUE DES POTIERS";"5225";"06000";"06088";"Nice";"06";"None";"None";"06088000KX0208";"None";"None";"3";"19.57";"None";"nan";"None";"nan";"None";"None";"None";"None";"1";"2";"Appartement";"22.0";"1.0";"None";"None";"None";"None";"nan";"7.25162";"43.698624";"000KX"
"2025-54036";"2025-09-25";"1";"Vente";"405000.0";"5.0";"None";"RUE CAFFARELLI";"1005";"06000";"06088";"Nice";"06";"None";"None";"06088000KX0120";"None";"None";"33";"66.26";"None";"nan";"None";"nan";"None";"None";"None";"None";"1";"2";"Appartement";"65.0";"3.0";"None";"None";"None";"None";"nan";"7.25521";"43.698526";"000KX"
"2025-53292";"2025-09-22";"1";"Vente";"162000.0";"69.0";"None";"BD FRANCOIS GROSSO";"2630";"06000";"06088";"Nice";"06";"None";"None";"06088000KX0215";"None";"None";"49";"30.35";"None";"nan";"None";"nan";"None";"None";"None";"None";"1";"2";"Appartement";"34.0";"1.0";"None";"None";"None";"None";"nan";"7.250715";"43.69887";"000KX"
"2025-53701";"2025-09-22";"1";"Vente";"175000.0";"39.0";"None";"RUE CHATEAUNEUF";"1365";"06000";"06088";"Nice";"06";"None";"None";"06088000KX0085";"None";"None";"30";"40.88";"None";"nan";"None";"nan";"None";"None";"None";"None";"1";"2";"Appartement";"39.0";"3.0";"None";"None";"None";"None";"nan";"7.25178";"43.699834";"000KX"
"2025-54056";"2025-09-22";"1";"Vente";"439000.0";"45.0";"None";"BD GAMBETTA";"2755";"06000";"06088";"Nice";"06";"None";"None";"06088000KX0127";"None";"None";"17";"71.34";"51";"nan";"None";"nan";"None";"None";"None";"None";"2";"2";"Appartement";"70.0";"2.0";"None";"None";"None";"None";"nan";"7.255851";"43.699054";"000KX"
"2025-54056";"2025-09-22";"1";"Vente";"439000.0";"45.0";"None";"BD GAMBETTA";"2755";"06000";"06088";"Nice";"06";"None";"None";"06088000KX0127";"None";"None";"17";"71.34";"51";"nan";"None";"nan";"None";"None";"None";"None";"2";"3";"Dépendance";"nan";"0.0";"None";"None";"None";"None";"nan";"7.255851";"43.699054";"000KX"
"2025-53368";"2025-09-19";"1";"Vente";"412860.0";"23.0";"None";"RUE FREDERIC PASSY";"2665";"06000";"06088";"Nice";"06";"None";"None";"06088000KX0274";"None";"None";"151";"nan";"None";"nan";"None";"nan";"None";"None";"None";"None";"1";"2";"Appartement";"65.0";"2.0";"None";"None";"None";"None";"nan";"7.251548";"43.699318";"000KX"
"2025-53368";"2025-09-19";"1";"Vente";"412860.0";"23.0";"None";"RUE FREDERIC PASSY";"2665";"06000";"06088";"Nice";"06";"None";"None";"06088000KX0274";"None";"None";"151";"nan";"None";"nan";"None";"nan";"None";"None";"None";"None";"1";"3";"Dépendance";"nan";"0.0";"None";"None";"None";"None";"nan";"7.251548";"43.699318";"000KX"
"2025-53267";"2025-09-15";"1";"Vente";"240000.0";"7.0";"None";"RUE SAUSSURE";"6115";"06000";"06088";"Nice";"06";"None";"None";"06088000KX0063";"None";"None";"6";"148.44";"9";"nan";"None";"nan";"None";"None";"None";"None";"2";"4";"Local industriel. commercial ou assimilé";"35.0";"0.0";"None";"None";"None";"None";"nan";"7.253956";"43.700102";"000KX"
"2025-52941";"2025-09-12";"1";"Vente";"211000.0";"34.0";"None";"RUE CAFFARELLI";"1005";"06000";"06088";"Nice";"06";"None";"None";"06088000KX0088";"None";"None";"45";"nan";"None";"nan";"None";"nan";"None";"None";"None";"None";"1";"2";"Appartement";"38.0";"1.0";"None";"None";"None";"None";"nan";"7.252246";"43.699423";"000KX"
"2025-53229";"2025-09-12";"1";"Vente";"148500.0";"32.0";"None";"RUE CHATEAUNEUF";"1365";"06000";"06088";"Nice";"06";"None";"None";"06088000KX0007";"None";"None";"20";"47.46";"None";"nan";"None";"nan";"None";"None";"None";"None";"1";"2";"Appartement";"47.0";"2.0";"None";"None";"None";"None";"nan";"7.25251";"43.700513";"000KX"
"2025-53341";"2025-09-11";"1";"Vente";"370000.0";"17.0";"None";"RUE FREDERIC PASSY";"2665";"06000";"06088";"Nice";"06";"None";"None";"06088000KX0095";"None";"None";"31";"nan";"86";"nan";"None";"nan";"None";"None";"None";"None";"2";"2";"Appartement";"81.0";"3.0";"None";"None";"None";"None";"nan";"7.253214";"43.699354";"000KX"
"2025-52879";"2025-09-11";"1";"Vente";"41000.0";"9.0";"None";"RUE FREDERIC PASSY";"2665";"06000";"06088";"Nice";"06";"None";"None";"06088000KX0109";"None";"None";"37";"11.61";"None";"nan";"None";"nan";"None";"None";"None";"None";"1";"3";"Dépendance";"nan";"0.0";"None";"None";"None";"None";"nan";"7.25442";"43.699293";"000KX"
"2025-53341";"2025-09-11";"1";"Vente";"370000.0";"17.0";"None";"RUE FREDERIC PASSY";"2665";"06000";"06088";"Nice";"06";"None";"None";"06088000KX0095";"None";"None";"31";"nan";"86";"nan";"None";"nan";"None";"None";"None";"None";"2";"3";"Dépendance";"nan";"0.0";"None";"None";"None";"None";"nan";"7.253214";"43.699354";"000KX"
"2025-52573";"2025-09-08";"1";"Vente";"430000.0";"40.0";"None";"BD FRANCOIS GROSSO";"2630";"06000";"06088";"Nice";"06";"None";"None";"06088000KX0239";"None";"None";"28";"nan";"None";"nan";"None";"nan";"None";"None";"None";"None";"1";"3";"Dépendance";"nan";"0.0";"None";"None";"None";"None";"nan";"7.251526";"43.698197";"000KX"
"2025-52540";"2025-09-05";"1";"Vente";"385000.0";"10.0";"None";"AV FLEURS";"2460";"06000";"06088";"Nice";"06";"None";"None";"06088000KX0145";"None";"None";"105";"nan";"20";"65.04";"None";"nan";"None";"None";"None";"None";"2";"2";"Appartement";"66.0";"3.0";"None";"None";"None";"None";"nan";"7.254212";"43.698205";"000KX"
"2025-52540";"2025-09-05";"1";"Vente";"385000.0";"10.0";"None";"AV FLEURS";"2460";"06000";"06088";"Nice";"06";"None";"None";"06088000KX0145";"None";"None";"210";"nan";"None";"nan";"None";"nan";"None";"None";"None";"None";"1";"3";"Dépendance";"nan";"0.0";"None";"None";"None";"None";"nan";"7.254212";"43.698205";"000KX"
"2025-52932";"2025-09-04";"1";"Vente";"142000.0";"47.0";"None";"RUE CAFFARELLI";"1005";"06000";"06088";"Nice";"06";"None";"None";"06088000KX0191";"None";"None";"130";"17.96";"None";"nan";"None";"nan";"None";"None";"None";"None";"1";"2";"Appartement";"19.0";"1.0";"None";"None";"None";"None";"nan";"7.252017";"43.69921";"000KX"
"2025-53505";"2025-09-04";"1";"Vente";"535000.0";"5.0";"None";"AV SHAKESPEARE";"6220";"06000";"06088";"Nice";"06";"None";"None";"06088000KX0097";"None";"None";"15";"nan";"60";"126.28";"None";"nan";"None";"None";"None";"None";"2";"2";"Appartement";"118.0";"5.0";"None";"None";"None";"None";"nan";"7.253417";"43.6992";"000KX"
"2025-53053";"2025-09-04";"1";"Vente";"42000.0";"23.0";"None";"RUE FREDERIC PASSY";"2665";"06000";"06088";"Nice";"06";"None";"None";"06088000KX0274";"None";"None";"22";"nan";"None";"nan";"None";"nan";"None";"None";"None";"None";"1";"3";"Dépendance";"nan";"0.0";"None";"None";"None";"None";"nan";"7.251548";"43.699318";"000KX"
"2025-53505";"2025-09-04";"1";"Vente";"535000.0";"5.0";"None";"AV SHAKESPEARE";"6220";"06000";"06088";"Nice";"06";"None";"None";"06088000KX0097";"None";"None";"15";"nan";"60";"126.28";"None";"nan";"None";"None";"None";"None";"2";"3";"Dépendance";"nan";"0.0";"None";"None";"None";"None";"nan";"7.253417";"43.6992";"000KX"
"2025-52412";"2025-09-02";"1";"Vente";"45750.0";"1.0";"None";"RUE FREDERIC PASSY";"2665";"06000";"06088";"Nice";"06";"None";"None";"06088000KX0123";"None";"None";"56";"nan";"None";"nan";"None";"nan";"None";"None";"None";"None";"1";"3";"Dépendance";"nan";"0.0";"None";"None";"None";"None";"nan";"7.255638";"43.699216";"000KX"
"2025-52770";"2025-09-02";"1";"Vente";"15000.0";"5.0";"None";"AV COMBA";"1595";"06000";"06088";"Nice";"06";"None";"None";"06088000KX0054";"None";"None";"49";"nan";"None";"nan";"None";"nan";"None";"None";"None";"None";"1";"3";"Dépendance";"nan";"0.0";"None";"None";"None";"None";"nan";"7.254636";"43.700688";"000KX"
"2025-52910";"2025-08-27";"1";"Vente";"165000.0";"22.0";"None";"AV FLEURS";"2460";"06000";"06088";"Nice";"06";"None";"None";"06088000KX0165";"None";"None";"60";"nan";"None";"nan";"None";"nan";"None";"None";"None";"None";"1";"2";"Appartement";"41.0";"1.0";"None";"None";"None";"None";"nan";"7.252823";"43.698184";"000KX"
"2025-52910";"2025-08-27";"1";"Vente";"165000.0";"22.0";"None";"AV FLEURS";"2460";"06000";"06088";"Nice";"06";"None";"None";"06088000KX0165";"None";"None";"60";"nan";"None";"nan";"None";"nan";"None";"None";"None";"None";"1";"3";"Dépendance";"nan";"0.0";"None";"None";"None";"None";"nan";"7.252823";"43.698184";"000KX"
"2025-52910";"2025-08-27";"1";"Vente";"165000.0";"22.0";"None";"AV FLEURS";"2460";"06000";"06088";"Nice";"06";"None";"None";"06088000KX0165";"None";"None";"60";"nan";"None";"nan";"None";"nan";"None";"None";"None";"None";"1";"3";"Dépendance";"nan";"0.0";"None";"None";"None";"None";"nan";"7.252823";"43.698184";"000KX"
"2025-51897";"2025-08-22";"1";"Vente";"180000.0";"30.0";"None";"AV FLEURS";"2460";"06000";"06088";"Nice";"06";"None";"None";"06088000KX0237";"None";"None";"16";"30.83";"51";"nan";"None";"nan";"None";"None";"None";"None";"2";"2";"Appartement";"31.0";"1.0";"None";"None";"None";"None";"nan";"7.251895";"43.698152";"000KX"
"2025-51802";"2025-08-14";"1";"Vente";"15000.0";"30.0";"B";"AV FLEURS";"2460";"06000";"06088";"Nice";"06";"None";"None";"06088000KX0210";"None";"None";"21";"nan";"None";"nan";"None";"nan";"None";"None";"None";"None";"1";"3";"Dépendance";"nan";"0.0";"None";"None";"None";"None";"nan";"7.251689";"43.698225";"000KX"
"2025-51881";"2025-08-13";"1";"Vente";"301620.0";"16.0";"None";"AV DEPOILLY";"1910";"06000";"06088";"Nice";"06";"None";"None";"06088000KX0046";"None";"None";"30";"45.55";"None";"nan";"None";"nan";"None";"None";"None";"None";"1";"2";"Appartement";"52.0";"2.0";"None";"None";"None";"None";"nan";"7.254249";"43.700053";"000KX"
"2025-51881";"2025-08-13";"1";"Vente";"301620.0";"16.0";"None";"AV DEPOILLY";"1910";"06000";"06088";"Nice";"06";"None";"None";"06088000KX0046";"None";"None";"30";"45.55";"None";"nan";"None";"nan";"None";"None";"None";"None";"1";"3";"Dépendance";"nan";"0.0";"None";"None";"None";"None";"nan";"7.254249";"43.700053";"000KX"
"2025-51809";"2025-08-08";"1";"Vente";"280000.0";"15.0";"None";"RUE FREDERIC PASSY";"2665";"06000";"06088";"Nice";"06";"None";"None";"06088000KX0279";"None";"None";"19";"67.08";"5";"nan";"None";"nan";"None";"None";"None";"None";"2";"2";"Appartement";"70.0";"3.0";"None";"None";"None";"None";"nan";"7.25387";"43.699334";"000KX"
"2025-51540";"2025-08-07";"1";"Vente";"238000.0";"13.0";"None";"AV SHAKESPEARE";"6220";"06000";"06088";"Nice";"06";"None";"None";"06088000KX0068";"None";"None";"155";"48.01";"None";"nan";"None";"nan";"None";"None";"None";"None";"1";"2";"Appartement";"46.0";"2.0";"None";"None";"None";"None";"nan";"7.253239";"43.699852";"000KX"
"2025-51737";"2025-08-04";"1";"Vente";"154100.0";"38.0";"None";"RUE CHATEAUNEUF";"1365";"06000";"06088";"Nice";"06";"None";"None";"06088000KX0004";"None";"None";"40";"32.42";"6";"nan";"None";"nan";"None";"None";"None";"None";"2";"2";"Appartement";"40.0";"1.0";"None";"None";"None";"None";"nan";"7.252097";"43.700324";"000KX"
"2025-51737";"2025-08-04";"1";"Vente";"154100.0";"38.0";"None";"RUE CHATEAUNEUF";"1365";"06000";"06088";"Nice";"06";"None";"None";"06088000KX0004";"None";"None";"40";"32.42";"6";"nan";"None";"nan";"None";"None";"None";"None";"2";"3";"Dépendance";"nan";"0.0";"None";"None";"None";"None";"nan";"7.252097";"43.700324";"000KX"
"2025-51386";"2025-08-01";"1";"Vente";"197000.0";"16.0";"None";"AV DEPOILLY";"1910";"06000";"06088";"Nice";"06";"None";"None";"06088000KX0046";"None";"None";"12";"25.4";"None";"nan";"None";"nan";"None";"None";"None";"None";"1";"2";"Appartement";"26.0";"2.0";"None";"None";"None";"None";"nan";"7.254249";"43.700053";"000KX"
"2025-50936";"2025-07-31";"1";"Vente";"345000.0";"5.0";"None";"RUE CAFFARELLI";"1005";"06000";"06088";"Nice";"06";"None";"None";"06088000KX0120";"None";"None";"33";"nan";"None";"nan";"None";"nan";"None";"None";"None";"None";"1";"2";"Appartement";"65.0";"3.0";"None";"None";"None";"None";"nan";"7.25521";"43.698526";"000KX"
"2025-51934";"2025-07-31";"1";"Vente";"370000.0";"1.0";"None";"RUE CHATEAUNEUF";"1365";"06000";"06088";"Nice";"06";"None";"None";"06088000KX0029";"None";"None";"17";"75.3";"None";"nan";"None";"nan";"None";"None";"None";"None";"1";"2";"Appartement";"78.0";"3.0";"None";"None";"None";"None";"nan";"7.255466";"43.701147";"000KX"
"2025-51471";"2025-07-29";"1";"Vente";"239000.0";"5.0";"None";"RUE CHATEAUNEUF";"1365";"06000";"06088";"Nice";"06";"None";"None";"06088000KX0031";"None";"None";"5";"nan";"86";"nan";"None";"nan";"None";"None";"None";"None";"2";"2";"Appartement";"44.0";"2.0";"None";"None";"None";"None";"nan";"7.255243";"43.701091";"000KX"
"2025-51471";"2025-07-29";"1";"Vente";"239000.0";"5.0";"None";"RUE CHATEAUNEUF";"1365";"06000";"06088";"Nice";"06";"None";"None";"06088000KX0031";"None";"None";"5";"nan";"86";"nan";"None";"nan";"None";"None";"None";"None";"2";"3";"Dépendance";"nan";"0.0";"None";"None";"None";"None";"nan";"7.255243";"43.701091";"000KX"
"2025-51397";"2025-07-28";"1";"Vente";"234000.0";"42.0";"None";"RUE CHATEAUNEUF";"1365";"06000";"06088";"Nice";"06";"None";"None";"06088000KX0003";"None";"None";"21";"70.84";"6";"nan";"None";"nan";"None";"None";"None";"None";"2";"2";"Appartement";"71.0";"3.0";"None";"None";"None";"None";"nan";"7.251748";"43.700185";"000KX"
"2025-51397";"2025-07-28";"1";"Vente";"234000.0";"42.0";"None";"RUE CHATEAUNEUF";"1365";"06000";"06088";"Nice";"06";"None";"None";"06088000KX0003";"None";"None";"21";"70.84";"6";"nan";"None";"nan";"None";"None";"None";"None";"2";"3";"Dépendance";"nan";"0.0";"None";"None";"None";"None";"nan";"7.251748";"43.700185";"000KX"
"2025-52080";"2025-07-25";"1";"Vente";"35000.0";"10.0";"None";"AV FLEURS";"2460";"06000";"06088";"Nice";"06";"None";"None";"06088000KX0145";"None";"None";"134";"nan";"None";"nan";"None";"nan";"None";"None";"None";"None";"1";"3";"Dépendance";"nan";"0.0";"None";"None";"None";"None";"nan";"7.254212";"43.698205";"000KX"
"2025-50686";"2025-07-23";"1";"Vente";"165000.0";"6.0";"None";"RUE COLONEL MUSSO";"1585";"06000";"06088";"Nice";"06";"None";"None";"06088000KX0261";"None";"None";"1";"32.58";"None";"nan";"None";"nan";"None";"None";"None";"None";"1";"1";"Maison";"33.0";"2.0";"None";"None";"None";"None";"nan";"7.252544";"43.699032";"000KX"
"2025-50840";"2025-07-23";"1";"Vente";"490000.0";"6.0";"None";"AV FLEURS";"2460";"06000";"06088";"Nice";"06";"None";"None";"06088000KX0139";"None";"None";"11";"61.43";"23";"nan";"None";"nan";"None";"None";"None";"None";"2";"2";"Appartement";"58.0";"2.0";"None";"None";"None";"None";"nan";"7.255026";"43.697878";"000KX"
"2025-50840";"2025-07-23";"1";"Vente";"490000.0";"6.0";"None";"AV FLEURS";"2460";"06000";"06088";"Nice";"06";"None";"None";"06088000KX0139";"None";"None";"11";"61.43";"23";"nan";"None";"nan";"None";"None";"None";"None";"2";"3";"Dépendance";"nan";"0.0";"None";"None";"None";"None";"nan";"7.255026";"43.697878";"000KX"
"2025-51455";"2025-07-22";"1";"Vente";"170000.0";"13.0";"None";"AV SHAKESPEARE";"6220";"06000";"06088";"Nice";"06";"None";"None";"06088000KX0068";"None";"None";"100";"29.62";"28";"nan";"None";"nan";"None";"None";"None";"None";"2";"2";"Appartement";"21.0";"1.0";"None";"None";"None";"None";"nan";"7.253239";"43.699852";"000KX"
"2025-51455";"2025-07-22";"1";"Vente";"170000.0";"13.0";"None";"AV SHAKESPEARE";"6220";"06000";"06088";"Nice";"06";"None";"None";"06088000KX0068";"None";"None";"100";"29.62";"28";"nan";"None";"nan";"None";"None";"None";"None";"2";"3";"Dépendance";"nan";"0.0";"None";"None";"None";"None";"nan";"7.253239";"43.699852";"000KX"
"2025-51665";"2025-07-21";"1";"Vente";"315000.0";"22.0";"None";"AV FLEURS";"2460";"06000";"06088";"Nice";"06";"None";"None";"06088000KX0165";"None";"None";"11";"nan";"77";"81.32";"None";"nan";"None";"None";"None";"None";"2";"2";"Appartement";"80.0";"3.0";"None";"None";"None";"None";"nan";"7.252823";"43.698184";"000KX"
"2025-51665";"2025-07-21";"1";"Vente";"315000.0";"22.0";"None";"AV FLEURS";"2460";"06000";"06088";"Nice";"06";"None";"None";"06088000KX0165";"None";"None";"11";"nan";"77";"81.32";"None";"nan";"None";"None";"None";"None";"2";"3";"Dépendance";"nan";"0.0";"None";"None";"None";"None";"nan";"7.252823";"43.698184";"000KX"
"2025-51665";"2025-07-21";"1";"Vente";"315000.0";"22.0";"None";"AV FLEURS";"2460";"06000";"06088";"Nice";"06";"None";"None";"06088000KX0165";"None";"None";"11";"nan";"77";"81.32";"None";"nan";"None";"None";"None";"None";"2";"3";"Dépendance";"nan";"0.0";"None";"None";"None";"None";"nan";"7.252823";"43.698184";"000KX"
"2025-50273";"2025-07-18";"1";"Vente";"325000.0";"14.0";"None";"RUE FREDERIC PASSY";"2665";"06000";"06088";"Nice";"06";"None";"None";"06088000KX0066";"None";"None";"22";"nan";"37";"nan";"None";"nan";"None";"None";"None";"None";"2";"2";"Appartement";"46.0";"1.0";"None";"None";"None";"None";"nan";"7.254213";"43.699719";"000KX"
"2025-50273";"2025-07-18";"1";"Vente";"325000.0";"14.0";"None";"RUE FREDERIC PASSY";"2665";"06000";"06088";"Nice";"06";"None";"None";"06088000KX0066";"None";"None";"22";"nan";"37";"nan";"None";"nan";"None";"None";"None";"None";"2";"3";"Dépendance";"nan";"0.0";"None";"None";"None";"None";"nan";"7.254213";"43.699719";"000KX"
"2025-50356";"2025-07-17";"1";"Vente";"48000.0";"5.0";"None";"RUE FRANCOIS AUNE";"2615";"06000";"06088";"Nice";"06";"None";"None";"06088000KX0117";"None";"None";"25";"nan";"None";"nan";"None";"nan";"None";"None";"None";"None";"1";"3";"Dépendance";"nan";"0.0";"None";"None";"None";"None";"nan";"7.254992";"43.699127";"000KX"
"2025-50640";"2025-07-17";"1";"Vente";"65000.0";"9.0";"None";"RUE FREDERIC PASSY";"2665";"06000";"06088";"Nice";"06";"None";"None";"06088000KX0109";"None";"None";"23";"nan";"None";"nan";"None";"nan";"None";"None";"None";"None";"1";"3";"Dépendance";"nan";"0.0";"None";"None";"None";"None";"nan";"7.25442";"43.699293";"000KX"
"2025-50297";"2025-07-15";"1";"Vente";"35000.0";"10.0";"None";"AV FLEURS";"2460";"06000";"06088";"Nice";"06";"None";"None";"06088000KX0145";"None";"None";"135";"nan";"None";"nan";"None";"nan";"None";"None";"None";"None";"1";"3";"Dépendance";"nan";"0.0";"None";"None";"None";"None";"nan";"7.254212";"43.698205";"000KX"
"2025-50332";"2025-07-11";"1";"Vente";"388000.0";"26.0";"None";"AV FLEURS";"2460";"06000";"06088";"Nice";"06";"None";"None";"06088000KX0327";"None";"None";"9";"86.38";"None";"nan";"None";"nan";"None";"None";"None";"None";"1";"2";"Appartement";"85.0";"4.0";"None";"None";"None";"None";"nan";"7.252418";"43.698442";"000KX"
"2025-50332";"2025-07-11";"1";"Vente";"388000.0";"26.0";"None";"AV FLEURS";"2460";"06000";"06088";"Nice";"06";"None";"None";"06088000KX0327";"None";"None";"9";"86.38";"None";"nan";"None";"nan";"None";"None";"None";"None";"1";"3";"Dépendance";"nan";"0.0";"None";"None";"None";"None";"nan";"7.252418";"43.698442";"000KX"
"2025-50240";"2025-07-09";"1";"Vente";"35000.0";"5.0";"None";"AV COMBA";"1595";"06000";"06088";"Nice";"06";"None";"None";"06088000KX0054";"None";"None";"11";"nan";"None";"nan";"None";"nan";"None";"None";"None";"None";"1";"3";"Dépendance";"nan";"0.0";"None";"None";"None";"None";"nan";"7.254636";"43.700688";"000KX"
"2025-49758";"2025-07-04";"1";"Vente";"380000.0";"47.0";"None";"BD GAMBETTA";"2755";"06000";"06088";"Nice";"06";"None";"None";"06088000KX0126";"None";"None";"111";"65.49";"None";"nan";"None";"nan";"None";"None";"None";"None";"1";"2";"Appartement";"69.0";"3.0";"None";"None";"None";"None";"nan";"7.255983";"43.6993";"000KX"
"2025-49758";"2025-07-04";"1";"Vente";"380000.0";"47.0";"None";"BD GAMBETTA";"2755";"06000";"06088";"Nice";"06";"None";"None";"06088000KX0126";"None";"None";"111";"65.49";"None";"nan";"None";"nan";"None";"None";"None";"None";"1";"3";"Dépendance";"nan";"0.0";"None";"None";"None";"None";"nan";"7.255983";"43.6993";"000KX"
"2025-50289";"2025-07-02";"1";"Vente";"28000.0";"65.0";"None";"BD GAMBETTA";"2755";"06000";"06088";"Nice";"06";"None";"None";"06088000KX0027";"None";"None";"115";"nan";"None";"nan";"None";"nan";"None";"None";"None";"None";"1";"3";"Dépendance";"nan";"0.0";"None";"None";"None";"None";"nan";"7.255784";"43.701276";"000KX"
"2025-49585";"2025-07-01";"1";"Vente";"240000.0";"12.0";"None";"RUE COLONEL MUSSO";"1585";"06000";"06088";"Nice";"06";"None";"None";"06088000KX0231";"None";"None";"None";"nan";"None";"nan";"None";"nan";"None";"None";"None";"None";"0";"2";"Appartement";"16.0";"1.0";"S";"sols";"None";"None";"50.0";"7.252248";"43.699065";"000KX"
"2025-49585";"2025-07-01";"1";"Vente";"240000.0";"12.0";"None";"RUE COLONEL MUSSO";"1585";"06000";"06088";"Nice";"06";"None";"None";"06088000KX0231";"None";"None";"None";"nan";"None";"nan";"None";"nan";"None";"None";"None";"None";"0";"2";"Appartement";"15.0";"1.0";"S";"sols";"None";"None";"50.0";"7.252248";"43.699065";"000KX"
"2025-49585";"2025-07-01";"1";"Vente";"240000.0";"12.0";"None";"RUE COLONEL MUSSO";"1585";"06000";"06088";"Nice";"06";"None";"None";"06088000KX0231";"None";"None";"None";"nan";"None";"nan";"None";"nan";"None";"None";"None";"None";"0";"2";"Appartement";"35.0";"3.0";"S";"sols";"None";"None";"50.0";"7.252248";"43.699065";"000KX"
"2025-49585";"2025-07-01";"1";"Vente";"240000.0";"nan";"None";"RUE COLONEL MUSSO";"1585";"06000";"06088";"Nice";"06";"None";"None";"06088000KX0192";"None";"None";"None";"nan";"None";"nan";"None";"nan";"None";"None";"None";"None";"0";"None";"None";"nan";"nan";"S";"sols";"None";"None";"52.0";"7.252326";"43.699013";"000KX"
"2025-50490";"2025-06-30";"1";"Vente";"383150.0";"45.0";"None";"BD GAMBETTA";"2755";"06000";"06088";"Nice";"06";"None";"None";"06088000KX0127";"None";"None";"21";"47.12";"60";"nan";"None";"nan";"None";"None";"None";"None";"2";"2";"Appartement";"47.0";"2.0";"None";"None";"None";"None";"nan";"7.255851";"43.699054";"000KX"
"2025-50490";"2025-06-30";"1";"Vente";"383150.0";"45.0";"None";"BD GAMBETTA";"2755";"06000";"06088";"Nice";"06";"None";"None";"06088000KX0127";"None";"None";"21";"47.12";"60";"nan";"None";"nan";"None";"None";"None";"None";"2";"3";"Dépendance";"nan";"0.0";"None";"None";"None";"None";"nan";"7.255851";"43.699054";"000KX"
"2025-49750";"2025-06-27";"1";"Vente";"216000.0";"19.0";"None";"RUE FREDERIC PASSY";"2665";"06000";"06088";"Nice";"06";"None";"None";"06088000KX0090";"None";"None";"17";"nan";"36";"32.85";"None";"nan";"None";"None";"None";"None";"2";"2";"Appartement";"33.0";"1.0";"None";"None";"None";"None";"nan";"7.252669";"43.699407";"000KX"
"2025-50226";"2025-06-27";"1";"Vente";"330000.0";"28.0";"None";"RUE FREDERIC PASSY";"2665";"06000";"06088";"Nice";"06";"None";"None";"06088000KX0082";"None";"None";"8";"64.05";"None";"nan";"None";"nan";"None";"None";"None";"None";"1";"2";"Appartement";"62.0";"3.0";"None";"None";"None";"None";"nan";"7.252157";"43.699715";"000KX"
"2025-49750";"2025-06-27";"1";"Vente";"216000.0";"19.0";"None";"RUE FREDERIC PASSY";"2665";"06000";"06088";"Nice";"06";"None";"None";"06088000KX0090";"None";"None";"17";"nan";"36";"32.85";"None";"nan";"None";"None";"None";"None";"2";"3";"Dépendance";"nan";"0.0";"None";"None";"None";"None";"nan";"7.252669";"43.699407";"000KX"
"2025-49750";"2025-06-27";"1";"Vente";"216000.0";"19.0";"None";"RUE FREDERIC PASSY";"2665";"06000";"06088";"Nice";"06";"None";"None";"06088000KX0090";"None";"None";"17";"nan";"36";"32.85";"None";"nan";"None";"None";"None";"None";"2";"3";"Dépendance";"nan";"0.0";"None";"None";"None";"None";"nan";"7.252669";"43.699407";"000KX"
"2025-50226";"2025-06-27";"1";"Vente";"330000.0";"28.0";"None";"RUE FREDERIC PASSY";"2665";"06000";"06088";"Nice";"06";"None";"None";"06088000KX0082";"None";"None";"8";"64.05";"None";"nan";"None";"nan";"None";"None";"None";"None";"1";"3";"Dépendance";"nan";"0.0";"None";"None";"None";"None";"nan";"7.252157";"43.699715";"000KX"
"2025-49168";"2025-06-23";"1";"Vente";"225000.0";"16.0";"None";"AV DEPOILLY";"1910";"06000";"06088";"Nice";"06";"None";"None";"06088000KX0046";"None";"None";"17";"nan";"None";"nan";"None";"nan";"None";"None";"None";"None";"1";"2";"Appartement";"36.0";"2.0";"None";"None";"None";"None";"nan";"7.254249";"43.700053";"000KX"
"2025-49168";"2025-06-23";"1";"Vente";"225000.0";"16.0";"None";"AV DEPOILLY";"1910";"06000";"06088";"Nice";"06";"None";"None";"06088000KX0046";"None";"None";"1";"nan";"None";"nan";"None";"nan";"None";"None";"None";"None";"1";"3";"Dépendance";"nan";"0.0";"None";"None";"None";"None";"nan";"7.254249";"43.700053";"000KX"
"2025-48719";"2025-06-20";"1";"Vente";"155000.0";"65.0";"None";"BD GAMBETTA";"2755";"06000";"06088";"Nice";"06";"None";"None";"06088000KX0027";"None";"None";"190";"nan";"40";"nan";"None";"nan";"None";"None";"None";"None";"2";"2";"Appartement";"29.0";"1.0";"None";"None";"None";"None";"nan";"7.255784";"43.701276";"000KX"
"2025-48719";"2025-06-20";"1";"Vente";"155000.0";"65.0";"None";"BD GAMBETTA";"2755";"06000";"06088";"Nice";"06";"None";"None";"06088000KX0027";"None";"None";"190";"nan";"40";"nan";"None";"nan";"None";"None";"None";"None";"2";"3";"Dépendance";"nan";"0.0";"None";"None";"None";"None";"nan";"7.255784";"43.701276";"000KX"
"2025-49438";"2025-06-20";"1";"Vente";"26000.0";"69.0";"None";"BD FRANCOIS GROSSO";"2630";"06000";"06088";"Nice";"06";"None";"None";"06088000KX0215";"None";"None";"43";"nan";"None";"nan";"None";"nan";"None";"None";"None";"None";"1";"3";"Dépendance";"nan";"0.0";"None";"None";"None";"None";"nan";"7.250715";"43.69887";"000KX"
"2025-49109";"2025-06-19";"1";"Vente";"347500.0";"6.0";"None";"RUE FRANCOIS AUNE";"2615";"06000";"06088";"Nice";"06";"None";"None";"06088000KX0122";"None";"None";"6";"nan";"64";"59.7";"None";"nan";"None";"None";"None";"None";"2";"2";"Appartement";"63.0";"2.0";"None";"None";"None";"None";"nan";"7.255607";"43.699069";"000KX"
"2025-49144";"2025-06-19";"1";"Vente";"60000.0";"22.0";"None";"AV FLEURS";"2460";"06000";"06088";"Nice";"06";"None";"None";"06088000KX0165";"None";"None";"41";"nan";"None";"nan";"None";"nan";"None";"None";"None";"None";"1";"3";"Dépendance";"nan";"0.0";"None";"None";"None";"None";"nan";"7.252823";"43.698184";"000KX"
"2025-48555";"2025-06-11";"1";"Vente";"180000.0";"61.0";"None";"RUE DES POTIERS";"5225";"06000";"06088";"Nice";"06";"None";"None";"06088000KX0292";"None";"None";"7";"27.11";"None";"nan";"None";"nan";"None";"None";"None";"None";"1";"2";"Appartement";"23.0";"1.0";"None";"None";"None";"None";"nan";"7.251596";"43.698733";"000KX"
"2025-48339";"2025-06-10";"1";"Vente";"234000.0";"13.0";"None";"AV SHAKESPEARE";"6220";"06000";"06088";"Nice";"06";"None";"None";"06088000KX0068";"None";"None";"158";"nan";"174";"51.81";"None";"nan";"None";"None";"None";"None";"2";"2";"Appartement";"47.0";"2.0";"None";"None";"None";"None";"nan";"7.253239";"43.699852";"000KX"
"2025-48285";"2025-06-02";"1";"Vente";"38000.0";"10.0";"None";"AV FLEURS";"2460";"06000";"06088";"Nice";"06";"None";"None";"06088000KX0145";"None";"None";"204";"nan";"None";"nan";"None";"nan";"None";"None";"None";"None";"1";"3";"Dépendance";"nan";"0.0";"None";"None";"None";"None";"nan";"7.254212";"43.698205";"000KX"
"2025-48353";"2025-06-02";"1";"Vente";"97000.0";"8.0";"None";"RUE CHATEAUNEUF";"1365";"06000";"06088";"Nice";"06";"None";"None";"06088000KX0021";"None";"None";"122";"19.6";"None";"nan";"None";"nan";"None";"None";"None";"None";"1";"3";"Dépendance";"nan";"0.0";"None";"None";"None";"None";"nan";"7.25518";"43.701508";"000KX"
"2025-48353";"2025-06-02";"1";"Vente";"97000.0";"8.0";"None";"RUE CHATEAUNEUF";"1365";"06000";"06088";"Nice";"06";"None";"None";"06088000KX0021";"None";"None";"122";"19.6";"None";"nan";"None";"nan";"None";"None";"None";"None";"1";"3";"Dépendance";"nan";"0.0";"None";"None";"None";"None";"nan";"7.25518";"43.701508";"000KX"
"2025-48353";"2025-06-02";"1";"Vente";"97000.0";"8.0";"None";"RUE CHATEAUNEUF";"1365";"06000";"06088";"Nice";"06";"None";"None";"06088000KX0021";"None";"None";"149";"nan";"None";"nan";"None";"nan";"None";"None";"None";"None";"1";"3";"Dépendance";"nan";"0.0";"None";"None";"None";"None";"nan";"7.25518";"43.701508";"000KX"
"2025-48559";"2025-05-28";"1";"Vente";"275000.0";"36.0";"None";"RUE CHATEAUNEUF";"1365";"06000";"06088";"Nice";"06";"None";"None";"06088000KX0005";"None";"None";"33";"61.21";"None";"nan";"None";"nan";"None";"None";"None";"None";"1";"2";"Appartement";"62.0";"3.0";"None";"None";"None";"None";"nan";"7.252243";"43.700401";"000KX"
"2025-48869";"2025-05-28";"1";"Vente";"120000.0";"13.0";"None";"AV SHAKESPEARE";"6220";"06000";"06088";"Nice";"06";"None";"None";"06088000KX0068";"None";"None";"119";"nan";"None";"nan";"None";"nan";"None";"None";"None";"None";"1";"2";"Appartement";"35.0";"1.0";"None";"None";"None";"None";"nan";"7.253239";"43.699852";"000KX"
"2025-48559";"2025-05-28";"1";"Vente";"275000.0";"36.0";"None";"RUE CHATEAUNEUF";"1365";"06000";"06088";"Nice";"06";"None";"None";"06088000KX0005";"None";"None";"33";"61.21";"None";"nan";"None";"nan";"None";"None";"None";"None";"1";"3";"Dépendance";"nan";"0.0";"None";"None";"None";"None";"nan";"7.252243";"43.700401";"000KX"
"2025-48559";"2025-05-28";"1";"Vente";"275000.0";"36.0";"None";"RUE CHATEAUNEUF";"1365";"06000";"06088";"Nice";"06";"None";"None";"06088000KX0005";"None";"None";"33";"61.21";"None";"nan";"None";"nan";"None";"None";"None";"None";"1";"3";"Dépendance";"nan";"0.0";"None";"None";"None";"None";"nan";"7.252243";"43.700401";"000KX"
"2025-48321";"2025-05-28";"1";"Vente";"15000.0";"5.0";"None";"AV COMBA";"1595";"06000";"06088";"Nice";"06";"None";"None";"06088000KX0054";"None";"None";"48";"nan";"None";"nan";"None";"nan";"None";"None";"None";"None";"1";"4";"Local industriel. commercial ou assimilé";"12.0";"0.0";"None";"None";"None";"None";"nan";"7.254636";"43.700688";"000KX"
"2025-48052";"2025-05-23";"1";"Vente";"335000.0";"15.0";"None";"AV SHAKESPEARE";"6220";"06000";"06088";"Nice";"06";"None";"None";"06088000KX0072";"None";"None";"53";"48.22";"None";"nan";"None";"nan";"None";"None";"None";"None";"1";"2";"Appartement";"50.0";"2.0";"None";"None";"None";"None";"nan";"7.253377";"43.700082";"000KX"
"2025-47718";"2025-05-23";"1";"Vente";"54000.0";"5.0";"None";"RUE FRANCOIS AUNE";"2615";"06000";"06088";"Nice";"06";"None";"None";"06088000KX0117";"None";"None";"27";"nan";"None";"nan";"None";"nan";"None";"None";"None";"None";"1";"3";"Dépendance";"nan";"0.0";"None";"None";"None";"None";"nan";"7.254992";"43.699127";"000KX"
"2025-48192";"2025-05-19";"1";"Vente";"490000.0";"47.0";"None";"BD GAMBETTA";"2755";"06000";"06088";"Nice";"06";"None";"None";"06088000KX0126";"None";"None";"108";"51.82";"28";"nan";"None";"nan";"None";"None";"None";"None";"2";"2";"Appartement";"25.0";"2.0";"None";"None";"None";"None";"nan";"7.255983";"43.6993";"000KX"
"2025-48393";"2025-05-19";"1";"Vente";"184210.0";"3.0";"None";"RUE PERE A VALENSIN";"4945";"06000";"06088";"Nice";"06";"None";"None";"06088000KX0071";"None";"None";"17";"nan";"35";"nan";"None";"nan";"None";"None";"None";"None";"2";"2";"Appartement";"35.0";"2.0";"None";"None";"None";"None";"nan";"7.253082";"43.700088";"000KX"
"2025-48192";"2025-05-19";"1";"Vente";"490000.0";"47.0";"None";"BD GAMBETTA";"2755";"06000";"06088";"Nice";"06";"None";"None";"06088000KX0126";"None";"None";"108";"51.82";"28";"nan";"None";"nan";"None";"None";"None";"None";"2";"3";"Dépendance";"nan";"0.0";"None";"None";"None";"None";"nan";"7.255983";"43.6993";"000KX"
"2025-48192";"2025-05-19";"1";"Vente";"490000.0";"47.0";"None";"BD GAMBETTA";"2755";"06000";"06088";"Nice";"06";"None";"None";"06088000KX0126";"None";"None";"108";"51.82";"28";"nan";"None";"nan";"None";"None";"None";"None";"2";"3";"Dépendance";"nan";"0.0";"None";"None";"None";"None";"nan";"7.255983";"43.6993";"000KX"
"2025-48393";"2025-05-19";"1";"Vente";"184210.0";"3.0";"None";"RUE PERE A VALENSIN";"4945";"06000";"06088";"Nice";"06";"None";"None";"06088000KX0071";"None";"None";"17";"nan";"35";"nan";"None";"nan";"None";"None";"None";"None";"2";"3";"Dépendance";"nan";"0.0";"None";"None";"None";"None";"nan";"7.253082";"43.700088";"000KX"
"2025-47785";"2025-05-16";"1";"Vente";"320000.0";"56.0";"None";"RUE SAINT PHILIPPE";"5895";"06000";"06088";"Nice";"06";"None";"None";"06088000KX0268";"None";"None";"67";"58.5";"68";"nan";"None";"nan";"None";"None";"None";"None";"2";"2";"Appartement";"55.0";"2.0";"None";"None";"None";"None";"nan";"7.255857";"43.698182";"000KX"
"2025-47950";"2025-05-16";"1";"Vente";"232500.0";"38.0";"None";"RUE CHATEAUNEUF";"1365";"06000";"06088";"Nice";"06";"None";"None";"06088000KX0004";"None";"None";"47";"78.62";"None";"nan";"None";"nan";"None";"None";"None";"None";"1";"2";"Appartement";"80.0";"3.0";"None";"None";"None";"None";"nan";"7.252097";"43.700324";"000KX"
"2025-47729";"2025-05-16";"1";"Vente";"39000.0";"10.0";"None";"AV FLEURS";"2460";"06000";"06088";"Nice";"06";"None";"None";"06088000KX0145";"None";"None";"141";"nan";"None";"nan";"None";"nan";"None";"None";"None";"None";"1";"3";"Dépendance";"nan";"0.0";"None";"None";"None";"None";"nan";"7.254212";"43.698205";"000KX"
"2025-47785";"2025-05-16";"1";"Vente";"320000.0";"56.0";"None";"RUE SAINT PHILIPPE";"5895";"06000";"06088";"Nice";"06";"None";"None";"06088000KX0268";"None";"None";"67";"58.5";"68";"nan";"None";"nan";"None";"None";"None";"None";"2";"3";"Dépendance";"nan";"0.0";"None";"None";"None";"None";"nan";"7.255857";"43.698182";"000KX"
"2025-47950";"2025-05-16";"1";"Vente";"232500.0";"38.0";"None";"RUE CHATEAUNEUF";"1365";"06000";"06088";"Nice";"06";"None";"None";"06088000KX0004";"None";"None";"47";"78.62";"None";"nan";"None";"nan";"None";"None";"None";"None";"1";"3";"Dépendance";"nan";"0.0";"None";"None";"None";"None";"nan";"7.252097";"43.700324";"000KX"
"2025-47602";"2025-05-13";"1";"Vente";"190000.0";"23.0";"None";"RUE CAFFARELLI";"1005";"06000";"06088";"Nice";"06";"None";"None";"06088000KX0156";"None";"None";"9";"44.87";"None";"nan";"None";"nan";"None";"None";"None";"None";"1";"2";"Appartement";"43.0";"2.0";"None";"None";"None";"None";"nan";"7.25316";"43.698791";"000KX"
"2025-47511";"2025-05-12";"1";"Vente";"230500.0";"13.0";"None";"AV SHAKESPEARE";"6220";"06000";"06088";"Nice";"06";"None";"None";"06088000KX0068";"None";"None";"73";"nan";"None";"nan";"None";"nan";"None";"None";"None";"None";"1";"2";"Appartement";"53.0";"2.0";"None";"None";"None";"None";"nan";"7.253239";"43.699852";"000KX"
"2025-47873";"2025-05-12";"1";"Vente";"100000.0";"47.0";"None";"RUE CAFFARELLI";"1005";"06000";"06088";"Nice";"06";"None";"None";"06088000KX0191";"None";"None";"61";"nan";"None";"nan";"None";"nan";"None";"None";"None";"None";"1";"2";"Appartement";"27.0";"2.0";"None";"None";"None";"None";"nan";"7.252017";"43.69921";"000KX"
"2025-47369";"2025-05-07";"1";"Vente";"117000.0";"4.0";"None";"AV FLEURS";"2460";"06000";"06088";"Nice";"06";"None";"None";"06088000KX0137";"None";"None";"28";"nan";"43";"33.8";"None";"nan";"None";"None";"None";"None";"2";"2";"Appartement";"34.0";"1.0";"None";"None";"None";"None";"nan";"7.255466";"43.697813";"000KX"
"2025-47369";"2025-05-07";"1";"Vente";"117000.0";"4.0";"None";"AV FLEURS";"2460";"06000";"06088";"Nice";"06";"None";"None";"06088000KX0137";"None";"None";"28";"nan";"43";"33.8";"None";"nan";"None";"None";"None";"None";"2";"3";"Dépendance";"nan";"0.0";"None";"None";"None";"None";"nan";"7.255466";"43.697813";"000KX"
"2025-47025";"2025-05-06";"1";"Vente";"132000.0";"59.0";"None";"RUE DES POTIERS";"5225";"06000";"06088";"Nice";"06";"None";"None";"06088000KX0208";"None";"None";"10";"20.74";"None";"nan";"None";"nan";"None";"None";"None";"None";"1";"2";"Appartement";"19.0";"1.0";"None";"None";"None";"None";"nan";"7.25162";"43.698624";"000KX"
"2025-47158";"2025-05-06";"1";"Vente";"320000.0";"19.0";"None";"RUE FREDERIC PASSY";"2665";"06000";"06088";"Nice";"06";"None";"None";"06088000KX0090";"None";"None";"21";"66.02";"6";"nan";"None";"nan";"None";"None";"None";"None";"2";"2";"Appartement";"68.0";"2.0";"None";"None";"None";"None";"nan";"7.252669";"43.699407";"000KX"
"2025-47593";"2025-05-06";"1";"Vente";"149000.0";"13.0";"None";"AV SHAKESPEARE";"6220";"06000";"06088";"Nice";"06";"None";"None";"06088000KX0068";"None";"None";"137";"31.8";"None";"nan";"None";"nan";"None";"None";"None";"None";"1";"2";"Appartement";"37.0";"1.0";"None";"None";"None";"None";"nan";"7.253239";"43.699852";"000KX"
"2025-47239";"2025-05-05";"1";"Vente";"12000.0";"5.0";"None";"RUE CHATEAUNEUF";"1365";"06000";"06088";"Nice";"06";"None";"None";"06088000KX0031";"None";"None";"19";"nan";"None";"nan";"None";"nan";"None";"None";"None";"None";"1";"3";"Dépendance";"nan";"0.0";"None";"None";"None";"None";"nan";"7.255243";"43.701091";"000KX"
"2025-46973";"2025-04-30";"1";"Vente";"37000.0";"30.0";"B";"AV FLEURS";"2460";"06000";"06088";"Nice";"06";"None";"None";"06088000KX0210";"None";"None";"13";"nan";"None";"nan";"None";"nan";"None";"None";"None";"None";"1";"3";"Dépendance";"nan";"0.0";"None";"None";"None";"None";"nan";"7.251689";"43.698225";"000KX"
"2025-47183";"2025-04-30";"1";"Vente";"150000.0";"27.0";"None";"RUE CHATEAUNEUF";"1365";"06000";"06088";"Nice";"06";"None";"None";"06088000KX0077";"None";"None";"20";"79.54";"None";"nan";"None";"nan";"None";"None";"None";"None";"1";"4";"Local industriel. commercial ou assimilé";"73.0";"0.0";"None";"None";"None";"None";"nan";"7.252975";"43.700257";"000KX"
"2025-47140";"2025-04-28";"1";"Vente";"117000.0";"47.0";"None";"RUE CAFFARELLI";"1005";"06000";"06088";"Nice";"06";"None";"None";"06088000KX0191";"None";"None";"87";"35.01";"None";"nan";"None";"nan";"None";"None";"None";"None";"1";"2";"Appartement";"36.0";"1.0";"None";"None";"None";"None";"nan";"7.252017";"43.69921";"000KX"
"2025-47583";"2025-04-28";"1";"Vente";"188000.0";"48.0";"None";"BD FRANCOIS GROSSO";"2630";"06000";"06088";"Nice";"06";"None";"None";"06088000KX0207";"None";"None";"3";"55.05";"None";"nan";"None";"nan";"None";"None";"None";"None";"1";"2";"Appartement";"65.0";"3.0";"None";"None";"None";"None";"nan";"7.251455";"43.698583";"000KX"
"2025-47145";"2025-04-24";"1";"Vente";"190000.0";"29.0";"None";"RUE CHATEAUNEUF";"1365";"06000";"06088";"Nice";"06";"None";"None";"06088000KX0078";"None";"None";"67";"nan";"None";"nan";"None";"nan";"None";"None";"None";"None";"1";"2";"Appartement";"30.0";"1.0";"None";"None";"None";"None";"nan";"7.252632";"43.700111";"000KX"
"2025-47145";"2025-04-24";"1";"Vente";"190000.0";"29.0";"None";"RUE CHATEAUNEUF";"1365";"06000";"06088";"Nice";"06";"None";"None";"06088000KX0078";"None";"None";"24";"70.22";"None";"nan";"None";"nan";"None";"None";"None";"None";"1";"2";"Appartement";"69.0";"3.0";"None";"None";"None";"None";"nan";"7.252632";"43.700111";"000KX"
"2025-46646";"2025-04-24";"1";"Vente";"27000.0";"10.0";"None";"AV FLEURS";"2460";"06000";"06088";"Nice";"06";"None";"None";"06088000KX0145";"None";"None";"215";"nan";"None";"nan";"None";"nan";"None";"None";"None";"None";"1";"3";"Dépendance";"nan";"0.0";"None";"None";"None";"None";"nan";"7.254212";"43.698205";"000KX"
"2025-47145";"2025-04-24";"1";"Vente";"190000.0";"29.0";"None";"RUE CHATEAUNEUF";"1365";"06000";"06088";"Nice";"06";"None";"None";"06088000KX0078";"None";"None";"67";"nan";"None";"nan";"None";"nan";"None";"None";"None";"None";"1";"3";"Dépendance";"nan";"0.0";"None";"None";"None";"None";"nan";"7.252632";"43.700111";"000KX"
"2025-47145";"2025-04-24";"1";"Vente";"190000.0";"29.0";"None";"RUE CHATEAUNEUF";"1365";"06000";"06088";"Nice";"06";"None";"None";"06088000KX0078";"None";"None";"24";"70.22";"None";"nan";"None";"nan";"None";"None";"None";"None";"1";"3";"Dépendance";"nan";"0.0";"None";"None";"None";"None";"nan";"7.252632";"43.700111";"000KX"
"2025-46519";"2025-04-23";"1";"Vente";"290000.0";"17.0";"None";"RUE FREDERIC PASSY";"2665";"06000";"06088";"Nice";"06";"None";"None";"06088000KX0095";"None";"None";"16";"nan";"80";"75.39";"None";"nan";"None";"None";"None";"None";"2";"2";"Appartement";"76.0";"3.0";"None";"None";"None";"None";"nan";"7.253214";"43.699354";"000KX"
"2025-47539";"2025-04-23";"1";"Vente";"90000.0";"47.0";"None";"RUE CAFFARELLI";"1005";"06000";"06088";"Nice";"06";"None";"None";"06088000KX0191";"None";"None";"88";"nan";"None";"nan";"None";"nan";"None";"None";"None";"None";"1";"2";"Appartement";"27.0";"1.0";"None";"None";"None";"None";"nan";"7.252017";"43.69921";"000KX"
"2025-46519";"2025-04-23";"1";"Vente";"290000.0";"17.0";"None";"RUE FREDERIC PASSY";"2665";"06000";"06088";"Nice";"06";"None";"None";"06088000KX0095";"None";"None";"16";"nan";"80";"75.39";"None";"nan";"None";"None";"None";"None";"2";"3";"Dépendance";"nan";"0.0";"None";"None";"None";"None";"nan";"7.253214";"43.699354";"000KX"
"2025-47107";"2025-04-23";"1";"Vente";"34000.0";"47.0";"None";"RUE CAFFARELLI";"1005";"06000";"06088";"Nice";"06";"None";"None";"06088000KX0191";"None";"None";"50";"nan";"None";"nan";"None";"nan";"None";"None";"None";"None";"1";"3";"Dépendance";"nan";"0.0";"None";"None";"None";"None";"nan";"7.252017";"43.69921";"000KX"
"2025-47345";"2025-04-23";"1";"Vente";"943100.0";"6.0";"T";"AV FLEURS";"2460";"06000";"06088";"Nice";"06";"None";"None";"06088000KX0142";"None";"None";"22";"nan";"None";"nan";"None";"nan";"None";"None";"None";"None";"1";"3";"Dépendance";"nan";"0.0";"None";"None";"None";"None";"nan";"7.254741";"43.698048";"000KX"
"2025-46397";"2025-04-22";"1";"Vente";"175000.0";"48.0";"None";"RUE SAINT PHILIPPE";"5895";"06000";"06088";"Nice";"06";"None";"None";"06088000KX0133";"None";"None";"24";"nan";"58";"33.74";"None";"nan";"None";"None";"None";"None";"2";"2";"Appartement";"33.0";"1.0";"None";"None";"None";"None";"nan";"7.255737";"43.697946";"000KX"
"2025-46581";"2025-04-22";"1";"Vente";"265000.0";"4.0";"None";"AV FLEURS";"2460";"06000";"06088";"Nice";"06";"None";"None";"06088000KX0137";"None";"None";"2";"nan";"61";"37.1";"None";"nan";"None";"None";"None";"None";"2";"2";"Appartement";"35.0";"1.0";"None";"None";"None";"None";"nan";"7.255466";"43.697813";"000KX"
"2025-46397";"2025-04-22";"1";"Vente";"175000.0";"48.0";"None";"RUE SAINT PHILIPPE";"5895";"06000";"06088";"Nice";"06";"None";"None";"06088000KX0133";"None";"None";"24";"nan";"58";"33.74";"None";"nan";"None";"None";"None";"None";"2";"3";"Dépendance";"nan";"0.0";"None";"None";"None";"None";"nan";"7.255737";"43.697946";"000KX"
"2025-46397";"2025-04-22";"1";"Vente";"175000.0";"48.0";"None";"RUE SAINT PHILIPPE";"5895";"06000";"06088";"Nice";"06";"None";"None";"06088000KX0133";"None";"None";"24";"nan";"58";"33.74";"None";"nan";"None";"None";"None";"None";"2";"3";"Dépendance";"nan";"0.0";"None";"None";"None";"None";"nan";"7.255737";"43.697946";"000KX"
"2025-46581";"2025-04-22";"1";"Vente";"265000.0";"4.0";"None";"AV FLEURS";"2460";"06000";"06088";"Nice";"06";"None";"None";"06088000KX0137";"None";"None";"2";"nan";"61";"37.1";"None";"nan";"None";"None";"None";"None";"2";"3";"Dépendance";"nan";"0.0";"None";"None";"None";"None";"nan";"7.255466";"43.697813";"000KX"
"2025-46553";"2025-04-18";"1";"Vente";"180000.0";"11.0";"None";"RUE CHATEAUNEUF";"1365";"06000";"06088";"Nice";"06";"None";"None";"06088000KX0052";"None";"None";"22";"nan";"9";"47.09";"None";"nan";"None";"None";"None";"None";"2";"2";"Appartement";"51.0";"3.0";"None";"None";"None";"None";"nan";"7.254802";"43.700908";"000KX"
"2025-46801";"2025-04-15";"1";"Vente";"550000.0";"6.0";"None";"RUE CHATEAUNEUF";"1365";"06000";"06088";"Nice";"06";"None";"None";"06088000KX0022";"None";"None";"8";"105.45";"None";"nan";"None";"nan";"None";"None";"None";"None";"1";"2";"Appartement";"100.0";"4.0";"None";"None";"None";"None";"nan";"7.255437";"43.70161";"000KX"
"2025-46478";"2025-04-14";"1";"Vente";"166000.0";"19.0";"None";"RUE FRANCOIS AUNE";"2615";"06000";"06088";"Nice";"06";"None";"None";"06088000KX0050";"None";"None";"1";"30.88";"None";"nan";"None";"nan";"None";"None";"None";"None";"1";"2";"Appartement";"30.0";"1.0";"None";"None";"None";"None";"nan";"7.254873";"43.700653";"000KX"
"2025-46478";"2025-04-14";"1";"Vente";"166000.0";"19.0";"None";"RUE FRANCOIS AUNE";"2615";"06000";"06088";"Nice";"06";"None";"None";"06088000KX0050";"None";"None";"1";"30.88";"None";"nan";"None";"nan";"None";"None";"None";"None";"1";"3";"Dépendance";"nan";"0.0";"None";"None";"None";"None";"nan";"7.254873";"43.700653";"000KX"
"2025-46208";"2025-04-11";"1";"Vente";"507000.0";"54.0";"None";"BD FRANCOIS GROSSO";"2630";"06000";"06088";"Nice";"06";"None";"None";"06088000KX0203";"None";"None";"6";"nan";"60";"116.22";"7";"nan";"None";"None";"None";"None";"3";"2";"Appartement";"120.0";"5.0";"None";"None";"None";"None";"nan";"7.251503";"43.699051";"000KX"
"2025-46208";"2025-04-11";"1";"Vente";"507000.0";"54.0";"None";"BD FRANCOIS GROSSO";"2630";"06000";"06088";"Nice";"06";"None";"None";"06088000KX0203";"None";"None";"1";"nan";"None";"nan";"None";"nan";"None";"None";"None";"None";"1";"3";"Dépendance";"nan";"0.0";"None";"None";"None";"None";"nan";"7.251503";"43.699051";"000KX"
"2025-46208";"2025-04-11";"1";"Vente";"507000.0";"54.0";"None";"BD FRANCOIS GROSSO";"2630";"06000";"06088";"Nice";"06";"None";"None";"06088000KX0203";"None";"None";"6";"nan";"60";"116.22";"7";"nan";"None";"None";"None";"None";"3";"3";"Dépendance";"nan";"0.0";"None";"None";"None";"None";"nan";"7.251503";"43.699051";"000KX"
"2025-45592";"2025-04-03";"1";"Vente";"266100.0";"28.0";"None";"AV FLEURS";"2460";"06000";"06088";"Nice";"06";"None";"None";"06088000KX0170";"None";"None";"40";"nan";"71";"28.82";"None";"nan";"None";"None";"None";"None";"2";"2";"Appartement";"30.0";"1.0";"None";"None";"None";"None";"nan";"7.252282";"43.698176";"000KX"
"2025-52616";"2025-04-03";"1";"Adjudication";"70000.0";"47.0";"None";"RUE CAFFARELLI";"1005";"06000";"06088";"Nice";"06";"None";"None";"06088000KX0191";"None";"None";"39";"nan";"79";"nan";"None";"nan";"None";"None";"None";"None";"2";"2";"Appartement";"21.0";"1.0";"None";"None";"None";"None";"nan";"7.252017";"43.69921";"000KX"
"2025-45592";"2025-04-03";"1";"Vente";"266100.0";"28.0";"None";"AV FLEURS";"2460";"06000";"06088";"Nice";"06";"None";"None";"06088000KX0170";"None";"None";"40";"nan";"71";"28.82";"None";"nan";"None";"None";"None";"None";"2";"3";"Dépendance";"nan";"0.0";"None";"None";"None";"None";"nan";"7.252282";"43.698176";"000KX"
"2025-52616";"2025-04-03";"1";"Adjudication";"70000.0";"47.0";"None";"RUE CAFFARELLI";"1005";"06000";"06088";"Nice";"06";"None";"None";"06088000KX0191";"None";"None";"39";"nan";"79";"nan";"None";"nan";"None";"None";"None";"None";"2";"3";"Dépendance";"nan";"0.0";"None";"None";"None";"None";"nan";"7.252017";"43.69921";"000KX"
"2025-46174";"2025-04-01";"1";"Vente";"43000.0";"17.0";"None";"RUE FREDERIC PASSY";"2665";"06000";"06088";"Nice";"06";"None";"None";"06088000KX0095";"None";"None";"39";"nan";"None";"nan";"None";"nan";"None";"None";"None";"None";"1";"3";"Dépendance";"nan";"0.0";"None";"None";"None";"None";"nan";"7.253214";"43.699354";"000KX"
"2025-45483";"2025-03-31";"1";"Vente";"184000.0";"11.0";"None";"RUE CAFFARELLI";"1005";"06000";"06088";"Nice";"06";"None";"None";"06088000KX0144";"None";"None";"46";"nan";"97";"30.35";"None";"nan";"None";"None";"None";"None";"2";"2";"Appartement";"33.0";"1.0";"None";"None";"None";"None";"nan";"7.254215";"43.698544";"000KX"
"2025-45976";"2025-03-31";"1";"Vente";"95000.0";"41.0";"None";"RUE CHATEAUNEUF";"1365";"06000";"06088";"Nice";"06";"None";"None";"06088000KX0087";"None";"None";"24";"18.67";"None";"nan";"None";"nan";"None";"None";"None";"None";"1";"2";"Appartement";"17.0";"1.0";"None";"None";"None";"None";"nan";"7.251692";"43.699792";"000KX"
"2025-45483";"2025-03-31";"1";"Vente";"184000.0";"11.0";"None";"RUE CAFFARELLI";"1005";"06000";"06088";"Nice";"06";"None";"None";"06088000KX0144";"None";"None";"46";"nan";"97";"30.35";"None";"nan";"None";"None";"None";"None";"2";"3";"Dépendance";"nan";"0.0";"None";"None";"None";"None";"nan";"7.254215";"43.698544";"000KX"
"2025-45483";"2025-03-31";"1";"Vente";"184000.0";"11.0";"None";"RUE CAFFARELLI";"1005";"06000";"06088";"Nice";"06";"None";"None";"06088000KX0144";"None";"None";"46";"nan";"97";"30.35";"None";"nan";"None";"None";"None";"None";"2";"3";"Dépendance";"nan";"0.0";"None";"None";"None";"None";"nan";"7.254215";"43.698544";"000KX"
"2025-45570";"2025-03-31";"1";"Vente";"55000.0";"24.0";"None";"RUE FREDERIC PASSY";"2665";"06000";"06088";"Nice";"06";"None";"None";"06088000KX0266";"None";"None";"22";"nan";"None";"nan";"None";"nan";"None";"None";"None";"None";"1";"3";"Dépendance";"nan";"0.0";"None";"None";"None";"None";"nan";"7.252477";"43.699776";"000KX"
"2025-45330";"2025-03-26";"1";"Vente";"167000.0";"24.0";"None";"AV FLEURS";"2460";"06000";"06088";"Nice";"06";"None";"None";"06088000KX0166";"None";"None";"110";"nan";"7";"nan";"None";"nan";"None";"None";"None";"None";"2";"2";"Appartement";"32.0";"1.0";"None";"None";"None";"None";"nan";"7.252508";"43.69819";"000KX"
"2025-45492";"2025-03-26";"1";"Vente";"130000.0";"28.0";"None";"RUE CHATEAUNEUF";"1365";"06000";"06088";"Nice";"06";"None";"None";"06088000KX0010";"None";"None";"32";"24.69";"None";"nan";"None";"nan";"None";"None";"None";"None";"1";"2";"Appartement";"31.0";"2.0";"None";"None";"None";"None";"nan";"7.253116";"43.700748";"000KX"
"2025-45330";"2025-03-26";"1";"Vente";"167000.0";"24.0";"None";"AV FLEURS";"2460";"06000";"06088";"Nice";"06";"None";"None";"06088000KX0166";"None";"None";"110";"nan";"7";"nan";"None";"nan";"None";"None";"None";"None";"2";"3";"Dépendance";"nan";"0.0";"None";"None";"None";"None";"nan";"7.252508";"43.69819";"000KX"
"2025-45332";"2025-03-25";"1";"Vente";"120000.0";"23.0";"None";"RUE CAFFARELLI";"1005";"06000";"06088";"Nice";"06";"None";"None";"06088000KX0156";"None";"None";"6";"38.79";"None";"nan";"None";"nan";"None";"None";"None";"None";"1";"2";"Appartement";"31.0";"2.0";"None";"None";"None";"None";"nan";"7.25316";"43.698791";"000KX"
"2025-45469";"2025-03-24";"1";"Vente";"20000.0";"14.0";"None";"RUE CAFFARELLI";"1005";"06000";"06088";"Nice";"06";"None";"None";"06088000KX0110";"None";"None";"69";"nan";"None";"nan";"None";"nan";"None";"None";"None";"None";"1";"3";"Dépendance";"nan";"0.0";"None";"None";"None";"None";"nan";"7.254418";"43.698946";"000KX"
"2025-45673";"2025-03-20";"1";"Vente";"46000.0";"6.0";"None";"RUE FRANCOIS AUNE";"2615";"06000";"06088";"Nice";"06";"None";"None";"06088000KX0122";"None";"None";"36";"nan";"None";"nan";"None";"nan";"None";"None";"None";"None";"1";"3";"Dépendance";"nan";"0.0";"None";"None";"None";"None";"nan";"7.255607";"43.699069";"000KX"
"2025-45336";"2025-03-14";"1";"Vente";"340000.0";"15.0";"None";"RUE FREDERIC PASSY";"2665";"06000";"06088";"Nice";"06";"None";"None";"06088000KX0279";"None";"None";"13";"64.34";"9";"nan";"None";"nan";"None";"None";"None";"None";"2";"2";"Appartement";"68.0";"3.0";"None";"None";"None";"None";"nan";"7.25387";"43.699334";"000KX"
"2025-45336";"2025-03-14";"1";"Vente";"340000.0";"15.0";"None";"RUE FREDERIC PASSY";"2665";"06000";"06088";"Nice";"06";"None";"None";"06088000KX0279";"None";"None";"13";"64.34";"9";"nan";"None";"nan";"None";"None";"None";"None";"2";"3";"Dépendance";"nan";"0.0";"None";"None";"None";"None";"nan";"7.25387";"43.699334";"000KX"
"2025-44862";"2025-03-11";"1";"Vente";"299000.0";"56.0";"None";"RUE SAINT PHILIPPE";"5895";"06000";"06088";"Nice";"06";"None";"None";"06088000KX0268";"None";"None";"77";"nan";"None";"nan";"None";"nan";"None";"None";"None";"None";"1";"2";"Appartement";"72.0";"3.0";"None";"None";"None";"None";"nan";"7.255857";"43.698182";"000KX"
"2025-44862";"2025-03-11";"1";"Vente";"299000.0";"56.0";"None";"RUE SAINT PHILIPPE";"5895";"06000";"06088";"Nice";"06";"None";"None";"06088000KX0268";"None";"None";"77";"nan";"None";"nan";"None";"nan";"None";"None";"None";"None";"1";"3";"Dépendance";"nan";"0.0";"None";"None";"None";"None";"nan";"7.255857";"43.698182";"000KX"
"2025-44803";"2025-03-10";"1";"Vente";"262000.0";"11.0";"None";"AV SHAKESPEARE";"6220";"06000";"06088";"Nice";"06";"None";"None";"06088000KX0096";"None";"None";"11";"46.34";"23";"nan";"None";"nan";"None";"None";"None";"None";"2";"2";"Appartement";"44.0";"2.0";"None";"None";"None";"None";"nan";"7.253412";"43.69937";"000KX"
"2025-44803";"2025-03-10";"1";"Vente";"262000.0";"11.0";"None";"AV SHAKESPEARE";"6220";"06000";"06088";"Nice";"06";"None";"None";"06088000KX0096";"None";"None";"11";"46.34";"23";"nan";"None";"nan";"None";"None";"None";"None";"2";"3";"Dépendance";"nan";"0.0";"None";"None";"None";"None";"nan";"7.253412";"43.69937";"000KX"
"2025-44462";"2025-03-07";"1";"Vente";"50000.0";"3.0";"None";"RUE COLONEL MUSSO";"1585";"06000";"06088";"Nice";"06";"None";"None";"06088000KX0182";"None";"None";"3";"nan";"7";"nan";"None";"nan";"None";"None";"None";"None";"2";"2";"Appartement";"37.0";"2.0";"None";"None";"None";"None";"nan";"7.252609";"43.698824";"000KX"
"2025-45370";"2025-03-07";"1";"Vente";"225252.0";"5.0";"None";"RUE COLONEL MUSSO";"1585";"06000";"06088";"Nice";"06";"None";"None";"06088000KX0181";"None";"None";"5";"47.88";"None";"nan";"None";"nan";"None";"None";"None";"None";"1";"2";"Appartement";"47.0";"3.0";"None";"None";"None";"None";"nan";"7.252594";"43.698724";"000KX"
"2025-45129";"2025-03-06";"1";"Vente";"275000.0";"24.0";"None";"RUE CHATEAUNEUF";"1365";"06000";"06088";"Nice";"06";"None";"None";"06088000KX0012";"None";"None";"34";"nan";"51";"65.32";"None";"nan";"None";"None";"None";"None";"2";"2";"Appartement";"62.0";"3.0";"None";"None";"None";"None";"nan";"7.25339";"43.700734";"000KX"
"2025-44677";"2025-03-06";"1";"Vente";"50000.0";"6.0";"T";"AV FLEURS";"2460";"06000";"06088";"Nice";"06";"None";"None";"06088000KX0142";"None";"None";"9";"nan";"None";"nan";"None";"nan";"None";"None";"None";"None";"1";"3";"Dépendance";"nan";"0.0";"None";"None";"None";"None";"nan";"7.254741";"43.698048";"000KX"
"2025-45129";"2025-03-06";"1";"Vente";"275000.0";"24.0";"None";"RUE CHATEAUNEUF";"1365";"06000";"06088";"Nice";"06";"None";"None";"06088000KX0012";"None";"None";"34";"nan";"51";"65.32";"None";"nan";"None";"None";"None";"None";"2";"3";"Dépendance";"nan";"0.0";"None";"None";"None";"None";"nan";"7.25339";"43.700734";"000KX"
"2025-44484";"2025-03-03";"1";"Vente";"400000.0";"19.0";"None";"RUE FRANCOIS AUNE";"2615";"06000";"06088";"Nice";"06";"None";"None";"06088000KX0050";"None";"None";"17";"71.15";"None";"nan";"None";"nan";"None";"None";"None";"None";"1";"2";"Appartement";"65.0";"3.0";"None";"None";"None";"None";"nan";"7.254873";"43.700653";"000KX"
"2025-44520";"2025-03-03";"1";"Vente";"275000.0";"15.0";"None";"AV SHAKESPEARE";"6220";"06000";"06088";"Nice";"06";"None";"None";"06088000KX0072";"None";"None";"16";"nan";"52";"51.54";"None";"nan";"None";"None";"None";"None";"2";"2";"Appartement";"52.0";"2.0";"None";"None";"None";"None";"nan";"7.253377";"43.700082";"000KX"
"2025-44437";"2025-03-03";"1";"Vente";"47000.0";"5.0";"None";"RUE FRANCOIS AUNE";"2615";"06000";"06088";"Nice";"06";"None";"None";"06088000KX0117";"None";"None";"18";"nan";"None";"nan";"None";"nan";"None";"None";"None";"None";"1";"3";"Dépendance";"nan";"0.0";"None";"None";"None";"None";"nan";"7.254992";"43.699127";"000KX"
"2025-44484";"2025-03-03";"1";"Vente";"400000.0";"19.0";"None";"RUE FRANCOIS AUNE";"2615";"06000";"06088";"Nice";"06";"None";"None";"06088000KX0050";"None";"None";"17";"71.15";"None";"nan";"None";"nan";"None";"None";"None";"None";"1";"3";"Dépendance";"nan";"0.0";"None";"None";"None";"None";"nan";"7.254873";"43.700653";"000KX"
"2025-43873";"2025-02-28";"1";"Vente";"625000.0";"37.0";"None";"BD GAMBETTA";"2755";"06000";"06088";"Nice";"06";"None";"None";"06088000KX0134";"None";"None";"10";"81.3";"None";"nan";"None";"nan";"None";"None";"None";"None";"1";"2";"Appartement";"93.0";"4.0";"None";"None";"None";"None";"nan";"7.255993";"43.698061";"000KX"
"2025-43969";"2025-02-28";"1";"Vente";"143000.0";"14.0";"None";"AV SHAKESPEARE";"6220";"06000";"06088";"Nice";"06";"None";"None";"06088000KX0064";"None";"None";"11";"nan";"62";"30.22";"None";"nan";"None";"None";"None";"None";"2";"2";"Appartement";"30.0";"1.0";"None";"None";"None";"None";"nan";"7.253902";"43.699996";"000KX"
"2025-43999";"2025-02-28";"1";"Vente";"224500.0";"33.0";"None";"RUE CHATEAUNEUF";"1365";"06000";"06088";"Nice";"06";"None";"None";"06088000KX0285";"None";"None";"17";"nan";"29";"83.73";"None";"nan";"None";"None";"None";"None";"2";"2";"Appartement";"81.0";"3.0";"None";"None";"None";"None";"nan";"7.252263";"43.699988";"000KX"
"2025-43873";"2025-02-28";"1";"Vente";"625000.0";"37.0";"None";"BD GAMBETTA";"2755";"06000";"06088";"Nice";"06";"None";"None";"06088000KX0134";"None";"None";"10";"81.3";"None";"nan";"None";"nan";"None";"None";"None";"None";"1";"3";"Dépendance";"nan";"0.0";"None";"None";"None";"None";"nan";"7.255993";"43.698061";"000KX"
"2025-43969";"2025-02-28";"1";"Vente";"143000.0";"14.0";"None";"AV SHAKESPEARE";"6220";"06000";"06088";"Nice";"06";"None";"None";"06088000KX0064";"None";"None";"11";"nan";"62";"30.22";"None";"nan";"None";"None";"None";"None";"2";"3";"Dépendance";"nan";"0.0";"None";"None";"None";"None";"nan";"7.253902";"43.699996";"000KX"
"2025-43999";"2025-02-28";"1";"Vente";"224500.0";"33.0";"None";"RUE CHATEAUNEUF";"1365";"06000";"06088";"Nice";"06";"None";"None";"06088000KX0285";"None";"None";"17";"nan";"29";"83.73";"None";"nan";"None";"None";"None";"None";"2";"3";"Dépendance";"nan";"0.0";"None";"None";"None";"None";"nan";"7.252263";"43.699988";"000KX"
"2025-44185";"2025-02-27";"1";"Vente";"510000.0";"10.0";"None";"AV FLEURS";"2460";"06000";"06088";"Nice";"06";"None";"None";"06088000KX0145";"None";"None";"45";"66.17";"None";"nan";"None";"nan";"None";"None";"None";"None";"1";"2";"Appartement";"66.0";"3.0";"None";"None";"None";"None";"nan";"7.254212";"43.698205";"000KX"
"2025-43966";"2025-02-25";"1";"Vente";"470250.0";"26.0";"None";"RUE CAFFARELLI";"1005";"06000";"06088";"Nice";"06";"None";"None";"06088000KX0098";"None";"None";"15";"nan";"61";"80.02";"None";"nan";"None";"None";"None";"None";"2";"2";"Appartement";"78.0";"3.0";"None";"None";"None";"None";"nan";"7.253206";"43.699147";"000KX"
"2025-43966";"2025-02-25";"1";"Vente";"470250.0";"26.0";"None";"RUE CAFFARELLI";"1005";"06000";"06088";"Nice";"06";"None";"None";"06088000KX0098";"None";"None";"15";"nan";"61";"80.02";"None";"nan";"None";"None";"None";"None";"2";"3";"Dépendance";"nan";"0.0";"None";"None";"None";"None";"nan";"7.253206";"43.699147";"000KX"
"2025-44019";"2025-02-21";"1";"Vente";"155000.0";"31.0";"None";"RUE CHATEAUNEUF";"1365";"06000";"06088";"Nice";"06";"None";"None";"06088000KX0265";"None";"None";"56";"34.4";"None";"nan";"None";"nan";"None";"None";"None";"None";"1";"2";"Appartement";"34.0";"1.0";"None";"None";"None";"None";"nan";"7.252446";"43.700014";"000KX"
"2025-44132";"2025-02-14";"1";"Vente";"127000.0";"21.0";"None";"RUE FRANCOIS AUNE";"2615";"06000";"06088";"Nice";"06";"None";"None";"06088000KX0051";"None";"None";"37";"19.79";"None";"nan";"None";"nan";"None";"None";"None";"None";"1";"2";"Appartement";"25.0";"1.0";"None";"None";"None";"None";"nan";"7.254876";"43.700848";"000KX"
"2025-43414";"2025-02-14";"1";"Vente";"88350.0";"15.0";"None";"RUE CHATEAUNEUF";"1365";"06000";"06088";"Nice";"06";"None";"None";"06088000KX0055";"None";"None";"5";"nan";"None";"nan";"None";"nan";"None";"None";"None";"None";"1";"4";"Local industriel. commercial ou assimilé";"40.0";"0.0";"None";"None";"None";"None";"nan";"7.254368";"43.700705";"000KX"
"2025-43170";"2025-02-12";"1";"Vente";"445000.0";"13.0";"None";"AV SHAKESPEARE";"6220";"06000";"06088";"Nice";"06";"None";"None";"06088000KX0068";"None";"None";"127";"70.0";"162";"nan";"None";"nan";"None";"None";"None";"None";"2";"2";"Appartement";"80.0";"3.0";"None";"None";"None";"None";"nan";"7.253239";"43.699852";"000KX"
"2025-43170";"2025-02-12";"1";"Vente";"445000.0";"13.0";"None";"AV SHAKESPEARE";"6220";"06000";"06088";"Nice";"06";"None";"None";"06088000KX0068";"None";"None";"127";"70.0";"162";"nan";"None";"nan";"None";"None";"None";"None";"2";"3";"Dépendance";"nan";"0.0";"None";"None";"None";"None";"nan";"7.253239";"43.699852";"000KX"
"2025-43535";"2025-02-07";"1";"Vente";"312780.0";"15.0";"None";"AV SHAKESPEARE";"6220";"06000";"06088";"Nice";"06";"None";"None";"06088000KX0072";"None";"None";"14";"nan";"34";"45.43";"None";"nan";"None";"None";"None";"None";"2";"2";"Appartement";"39.0";"2.0";"None";"None";"None";"None";"nan";"7.253377";"43.700082";"000KX"
"2025-43535";"2025-02-07";"1";"Vente";"312780.0";"15.0";"None";"AV SHAKESPEARE";"6220";"06000";"06088";"Nice";"06";"None";"None";"06088000KX0072";"None";"None";"14";"nan";"34";"45.43";"None";"nan";"None";"None";"None";"None";"2";"3";"Dépendance";"nan";"0.0";"None";"None";"None";"None";"nan";"7.253377";"43.700082";"000KX"
"2025-43322";"2025-02-05";"1";"Vente";"195000.0";"4.0";"None";"RUE CAFFARELLI";"1005";"06000";"06088";"Nice";"06";"None";"None";"06088000KX0121";"None";"None";"40";"nan";"66";"27.79";"None";"nan";"None";"None";"None";"None";"2";"2";"Appartement";"29.0";"1.0";"None";"None";"None";"None";"nan";"7.255622";"43.698827";"000KX"
"2025-43322";"2025-02-05";"1";"Vente";"195000.0";"4.0";"None";"RUE CAFFARELLI";"1005";"06000";"06088";"Nice";"06";"None";"None";"06088000KX0121";"None";"None";"40";"nan";"66";"27.79";"None";"nan";"None";"None";"None";"None";"2";"3";"Dépendance";"nan";"0.0";"None";"None";"None";"None";"nan";"7.255622";"43.698827";"000KX"
"2025-42759";"2025-01-31";"1";"Vente";"120000.0";"13.0";"None";"AV SHAKESPEARE";"6220";"06000";"06088";"Nice";"06";"None";"None";"06088000KX0068";"None";"None";"4";"nan";"None";"nan";"None";"nan";"None";"None";"None";"None";"1";"2";"Appartement";"22.0";"1.0";"None";"None";"None";"None";"nan";"7.253239";"43.699852";"000KX"
"2025-43171";"2025-01-31";"1";"Vente";"340000.0";"56.0";"None";"RUE SAINT PHILIPPE";"5895";"06000";"06088";"Nice";"06";"None";"None";"06088000KX0268";"None";"None";"29";"63.39";"None";"nan";"None";"nan";"None";"None";"None";"None";"1";"2";"Appartement";"73.0";"2.0";"None";"None";"None";"None";"nan";"7.255857";"43.698182";"000KX"
"2025-42876";"2025-01-31";"1";"Vente";"46000.0";"8.0";"None";"AV FLEURS";"2460";"06000";"06088";"Nice";"06";"None";"None";"06088000KX0141";"None";"None";"8";"nan";"None";"nan";"None";"nan";"None";"None";"None";"None";"1";"3";"Dépendance";"nan";"0.0";"None";"None";"None";"None";"nan";"7.25459";"43.697935";"000KX"
"2025-43542";"2025-01-30";"1";"Vente";"179970.0";"13.0";"None";"AV SHAKESPEARE";"6220";"06000";"06088";"Nice";"06";"None";"None";"06088000KX0068";"None";"None";"130";"nan";"None";"nan";"None";"nan";"None";"None";"None";"None";"1";"2";"Appartement";"28.0";"1.0";"None";"None";"None";"None";"nan";"7.253239";"43.699852";"000KX"
"2025-43542";"2025-01-30";"1";"Vente";"179970.0";"13.0";"None";"AV SHAKESPEARE";"6220";"06000";"06088";"Nice";"06";"None";"None";"06088000KX0068";"None";"None";"130";"nan";"None";"nan";"None";"nan";"None";"None";"None";"None";"1";"3";"Dépendance";"nan";"0.0";"None";"None";"None";"None";"nan";"7.253239";"43.699852";"000KX"
"2025-42777";"2025-01-27";"1";"Vente";"333000.0";"35.0";"None";"BD GAMBETTA";"2755";"06000";"06088";"Nice";"06";"None";"None";"06088000KX0135";"None";"None";"32";"57.46";"None";"nan";"None";"nan";"None";"None";"None";"None";"1";"2";"Appartement";"60.0";"2.0";"None";"None";"None";"None";"nan";"7.255992";"43.697774";"000KX"
"2025-42777";"2025-01-27";"1";"Vente";"333000.0";"35.0";"None";"BD GAMBETTA";"2755";"06000";"06088";"Nice";"06";"None";"None";"06088000KX0135";"None";"None";"1";"nan";"None";"nan";"None";"nan";"None";"None";"None";"None";"1";"3";"Dépendance";"nan";"0.0";"None";"None";"None";"None";"nan";"7.255992";"43.697774";"000KX"
"2025-42270";"2025-01-16";"1";"Vente";"310000.0";"24.0";"None";"RUE FREDERIC PASSY";"2665";"06000";"06088";"Nice";"06";"None";"None";"06088000KX0266";"None";"None";"48";"nan";"None";"nan";"None";"nan";"None";"None";"None";"None";"1";"2";"Appartement";"65.0";"2.0";"None";"None";"None";"None";"nan";"7.252477";"43.699776";"000KX"
"2025-43401";"2025-01-15";"1";"Vente";"490000.0";"4.0";"None";"AV FLEURS";"2460";"06000";"06088";"Nice";"06";"None";"None";"06088000KX0137";"None";"None";"56";"82.18";"6";"nan";"None";"nan";"None";"None";"None";"None";"2";"2";"Appartement";"86.0";"3.0";"None";"None";"None";"None";"nan";"7.255466";"43.697813";"000KX"
"2025-43401";"2025-01-15";"1";"Vente";"490000.0";"4.0";"None";"AV FLEURS";"2460";"06000";"06088";"Nice";"06";"None";"None";"06088000KX0137";"None";"None";"56";"82.18";"6";"nan";"None";"nan";"None";"None";"None";"None";"2";"3";"Dépendance";"nan";"0.0";"None";"None";"None";"None";"nan";"7.255466";"43.697813";"000KX"
"2025-42256";"2025-01-14";"1";"Vente";"203000.0";"11.0";"None";"AV SHAKESPEARE";"6220";"06000";"06088";"Nice";"06";"None";"None";"06088000KX0096";"None";"None";"11";"nan";"23";"nan";"None";"nan";"None";"None";"None";"None";"2";"2";"Appartement";"44.0";"2.0";"None";"None";"None";"None";"nan";"7.253412";"43.69937";"000KX"
"2025-42256";"2025-01-14";"1";"Vente";"203000.0";"11.0";"None";"AV SHAKESPEARE";"6220";"06000";"06088";"Nice";"06";"None";"None";"06088000KX0096";"None";"None";"11";"nan";"23";"nan";"None";"nan";"None";"None";"None";"None";"2";"3";"Dépendance";"nan";"0.0";"None";"None";"None";"None";"nan";"7.253412";"43.69937";"000KX"
"2025-42089";"2025-01-03";"1";"Vente";"180000.0";"21.0";"None";"RUE CAFFARELLI";"1005";"06000";"06088";"Nice";"06";"None";"None";"06088000KX0155";"None";"None";"67";"28.21";"None";"nan";"None";"nan";"None";"None";"None";"None";"1";"2";"Appartement";"30.0";"1.0";"None";"None";"None";"None";"nan";"7.253342";"43.698476";"000KX"
"2025-42089";"2025-01-03";"1";"Vente";"180000.0";"21.0";"None";"RUE CAFFARELLI";"1005";"06000";"06088";"Nice";"06";"None";"None";"06088000KX0155";"None";"None";"67";"28.21";"None";"nan";"None";"nan";"None";"None";"None";"None";"1";"3";"Dépendance";"nan";"0.0";"None";"None";"None";"None";"nan";"7.253342";"43.698476";"000KX"
"2024-54144";"2024-12-20";"1";"Vente";"192500.0";"47.0";"None";"BD GAMBETTA";"2755";"06000";"06088";"Nice";"06";"None";"None";"06088000KX0126";"None";"None";"81";"33.27";"None";"nan";"None";"nan";"None";"None";"None";"None";"1";"2";"Appartement";"32.0";"1.0";"None";"None";"None";"None";"nan";"7.255983";"43.6993";"000KX"
"2024-54609";"2024-12-20";"1";"Vente";"207500.0";"31.0";"None";"RUE CHATEAUNEUF";"1365";"06000";"06088";"Nice";"06";"None";"None";"06088000KX0265";"None";"None";"53";"nan";"None";"nan";"None";"nan";"None";"None";"None";"None";"1";"2";"Appartement";"77.0";"2.0";"None";"None";"None";"None";"nan";"7.252446";"43.700014";"000KX"
"2024-54764";"2024-12-20";"1";"Vente";"690000.0";"1.0";"None";"PL FRANKLIN";"2650";"06000";"06088";"Nice";"06";"None";"None";"06088000KX0125";"None";"None";"18";"78.02";"33";"nan";"None";"nan";"None";"None";"None";"None";"2";"2";"Appartement";"81.0";"3.0";"None";"None";"None";"None";"nan";"7.255824";"43.699372";"000KX"
"2024-54144";"2024-12-20";"1";"Vente";"192500.0";"47.0";"None";"BD GAMBETTA";"2755";"06000";"06088";"Nice";"06";"None";"None";"06088000KX0126";"None";"None";"81";"33.27";"None";"nan";"None";"nan";"None";"None";"None";"None";"1";"3";"Dépendance";"nan";"0.0";"None";"None";"None";"None";"nan";"7.255983";"43.6993";"000KX"
"2024-54609";"2024-12-20";"1";"Vente";"207500.0";"31.0";"None";"RUE CHATEAUNEUF";"1365";"06000";"06088";"Nice";"06";"None";"None";"06088000KX0265";"None";"None";"53";"nan";"None";"nan";"None";"nan";"None";"None";"None";"None";"1";"3";"Dépendance";"nan";"0.0";"None";"None";"None";"None";"nan";"7.252446";"43.700014";"000KX"
"2024-54764";"2024-12-20";"1";"Vente";"690000.0";"1.0";"None";"PL FRANKLIN";"2650";"06000";"06088";"Nice";"06";"None";"None";"06088000KX0125";"None";"None";"18";"78.02";"33";"nan";"None";"nan";"None";"None";"None";"None";"2";"3";"Dépendance";"nan";"0.0";"None";"None";"None";"None";"nan";"7.255824";"43.699372";"000KX"
"2024-54764";"2024-12-20";"1";"Vente";"690000.0";"1.0";"None";"PL FRANKLIN";"2650";"06000";"06088";"Nice";"06";"None";"None";"06088000KX0125";"None";"None";"18";"78.02";"33";"nan";"None";"nan";"None";"None";"None";"None";"2";"3";"Dépendance";"nan";"0.0";"None";"None";"None";"None";"nan";"7.255824";"43.699372";"000KX"
"2024-54040";"2024-12-19";"1";"Vente";"377400.0";"17.0";"None";"RUE FREDERIC PASSY";"2665";"06000";"06088";"Nice";"06";"None";"None";"06088000KX0095";"None";"None";"26";"nan";"84";"62.33";"None";"nan";"None";"None";"None";"None";"2";"2";"Appartement";"61.0";"3.0";"None";"None";"None";"None";"nan";"7.253214";"43.699354";"000KX"
"2024-54146";"2024-12-19";"1";"Vente";"195000.0";"13.0";"None";"RUE CHATEAUNEUF";"1365";"06000";"06088";"Nice";"06";"None";"None";"06088000KX0053";"None";"None";"32";"40.12";"None";"nan";"None";"nan";"None";"None";"None";"None";"1";"2";"Appartement";"45.0";"2.0";"None";"None";"None";"None";"nan";"7.254632";"43.700883";"000KX"
"2024-54684";"2024-12-19";"1";"Vente";"326000.0";"5.0";"None";"RUE CAFFARELLI";"1005";"06000";"06088";"Nice";"06";"None";"None";"06088000KX0120";"None";"None";"21";"66.08";"None";"nan";"None";"nan";"None";"None";"None";"None";"1";"2";"Appartement";"65.0";"3.0";"None";"None";"None";"None";"nan";"7.25521";"43.698526";"000KX"
"2024-54040";"2024-12-19";"1";"Vente";"377400.0";"17.0";"None";"RUE FREDERIC PASSY";"2665";"06000";"06088";"Nice";"06";"None";"None";"06088000KX0095";"None";"None";"26";"nan";"84";"62.33";"None";"nan";"None";"None";"None";"None";"2";"3";"Dépendance";"nan";"0.0";"None";"None";"None";"None";"nan";"7.253214";"43.699354";"000KX"
"2024-54146";"2024-12-19";"1";"Vente";"195000.0";"13.0";"None";"RUE CHATEAUNEUF";"1365";"06000";"06088";"Nice";"06";"None";"None";"06088000KX0053";"None";"None";"32";"40.12";"None";"nan";"None";"nan";"None";"None";"None";"None";"1";"3";"Dépendance";"nan";"0.0";"None";"None";"None";"None";"nan";"7.254632";"43.700883";"000KX"
"2024-54117";"2024-12-16";"1";"Vente";"30000.0";"31.0";"None";"RUE CHATEAUNEUF";"1365";"06000";"06088";"Nice";"06";"None";"None";"06088000KX0265";"None";"None";"27";"nan";"None";"nan";"None";"nan";"None";"None";"None";"None";"1";"3";"Dépendance";"nan";"0.0";"None";"None";"None";"None";"nan";"7.252446";"43.700014";"000KX"
"2024-53799";"2024-12-13";"1";"Vente";"435000.0";"10.0";"None";"AV FLEURS";"2460";"06000";"06088";"Nice";"06";"None";"None";"06088000KX0145";"None";"None";"117";"nan";"52";"66.44";"None";"nan";"None";"None";"None";"None";"2";"2";"Appartement";"66.0";"3.0";"None";"None";"None";"None";"nan";"7.254212";"43.698205";"000KX"
"2024-54608";"2024-12-13";"1";"Vente";"178600.0";"4.0";"B";"AV FLEURS";"2460";"06000";"06088";"Nice";"06";"None";"None";"06088000KX0138";"None";"None";"103";"nan";"57";"nan";"None";"nan";"None";"None";"None";"None";"2";"2";"Appartement";"76.0";"2.0";"None";"None";"None";"None";"nan";"7.255201";"43.697883";"000KX"
"2024-54608";"2024-12-13";"1";"Vente";"178600.0";"4.0";"B";"AV FLEURS";"2460";"06000";"06088";"Nice";"06";"None";"None";"06088000KX0138";"None";"None";"103";"nan";"57";"nan";"None";"nan";"None";"None";"None";"None";"2";"3";"Dépendance";"nan";"0.0";"None";"None";"None";"None";"nan";"7.255201";"43.697883";"000KX"
"2024-54608";"2024-12-13";"1";"Vente";"178600.0";"4.0";"B";"AV FLEURS";"2460";"06000";"06088";"Nice";"06";"None";"None";"06088000KX0138";"None";"None";"103";"nan";"57";"nan";"None";"nan";"None";"None";"None";"None";"2";"3";"Dépendance";"nan";"0.0";"None";"None";"None";"None";"nan";"7.255201";"43.697883";"000KX"
"2024-53414";"2024-12-11";"1";"Vente";"130000.0";"1.0";"None";"AV COMBA";"1595";"06000";"06088";"Nice";"06";"None";"None";"06088000KX0035";"None";"None";"20";"47.18";"None";"nan";"None";"nan";"None";"None";"None";"None";"1";"2";"Appartement";"36.0";"2.0";"None";"None";"None";"None";"nan";"7.25567";"43.700561";"000KX"
"2024-53414";"2024-12-11";"1";"Vente";"130000.0";"1.0";"None";"AV COMBA";"1595";"06000";"06088";"Nice";"06";"None";"None";"06088000KX0035";"None";"None";"20";"47.18";"None";"nan";"None";"nan";"None";"None";"None";"None";"1";"3";"Dépendance";"nan";"0.0";"None";"None";"None";"None";"nan";"7.25567";"43.700561";"000KX"
"2024-53300";"2024-12-10";"1";"Vente";"397852.0";"11.0";"B";"RUE FREDERIC PASSY";"2665";"06000";"06088";"Nice";"06";"None";"None";"06088000KX0107";"None";"None";"15";"66.43";"4";"nan";"None";"nan";"None";"None";"None";"None";"2";"2";"Appartement";"65.0";"3.0";"None";"None";"None";"None";"nan";"7.25402";"43.699373";"000KX"
"2024-53513";"2024-12-10";"1";"Vente";"270000.0";"29.0";"None";"RUE CHATEAUNEUF";"1365";"06000";"06088";"Nice";"06";"None";"None";"06088000KX0078";"None";"None";"28";"71.05";"81";"nan";"None";"nan";"None";"None";"None";"None";"2";"2";"Appartement";"75.0";"3.0";"None";"None";"None";"None";"nan";"7.252632";"43.700111";"000KX"
"2024-53300";"2024-12-10";"1";"Vente";"397852.0";"11.0";"B";"RUE FREDERIC PASSY";"2665";"06000";"06088";"Nice";"06";"None";"None";"06088000KX0107";"None";"None";"15";"66.43";"4";"nan";"None";"nan";"None";"None";"None";"None";"2";"3";"Dépendance";"nan";"0.0";"None";"None";"None";"None";"nan";"7.25402";"43.699373";"000KX"
"2024-53320";"2024-12-10";"1";"Vente";"35000.0";"40.0";"None";"BD FRANCOIS GROSSO";"2630";"06000";"06088";"Nice";"06";"None";"None";"06088000KX0239";"None";"None";"30";"nan";"None";"nan";"None";"nan";"None";"None";"None";"None";"1";"3";"Dépendance";"nan";"0.0";"None";"None";"None";"None";"nan";"7.251526";"43.698197";"000KX"
"2024-53513";"2024-12-10";"1";"Vente";"270000.0";"29.0";"None";"RUE CHATEAUNEUF";"1365";"06000";"06088";"Nice";"06";"None";"None";"06088000KX0078";"None";"None";"28";"71.05";"81";"nan";"None";"nan";"None";"None";"None";"None";"2";"3";"Dépendance";"nan";"0.0";"None";"None";"None";"None";"nan";"7.252632";"43.700111";"000KX"
"2024-53641";"2024-12-06";"1";"Vente";"320000.0";"63.0";"None";"BD GAMBETTA";"2755";"06000";"06088";"Nice";"06";"None";"None";"06088000KX0028";"None";"None";"10";"nan";"20";"nan";"None";"nan";"None";"None";"None";"None";"2";"2";"Appartement";"95.0";"4.0";"None";"None";"None";"None";"nan";"7.255731";"43.701115";"000KX"
"2024-53641";"2024-12-06";"1";"Vente";"320000.0";"63.0";"None";"BD GAMBETTA";"2755";"06000";"06088";"Nice";"06";"None";"None";"06088000KX0028";"None";"None";"10";"nan";"20";"nan";"None";"nan";"None";"None";"None";"None";"2";"3";"Dépendance";"nan";"0.0";"None";"None";"None";"None";"nan";"7.255731";"43.701115";"000KX"
"2024-53194";"2024-12-02";"1";"Vente";"105000.0";"13.0";"None";"AV SHAKESPEARE";"6220";"06000";"06088";"Nice";"06";"None";"None";"06088000KX0068";"None";"None";"149";"25.53";"None";"nan";"None";"nan";"None";"None";"None";"None";"1";"2";"Appartement";"25.0";"1.0";"None";"None";"None";"None";"nan";"7.253239";"43.699852";"000KX"
"2024-53123";"2024-11-28";"1";"Vente";"797425.0";"14.0";"None";"RUE CAFFARELLI";"1005";"06000";"06088";"Nice";"06";"None";"None";"06088000KX0110";"None";"None";"55";"nan";"64";"156.07";"None";"nan";"None";"None";"None";"None";"2";"2";"Appartement";"160.0";"5.0";"None";"None";"None";"None";"nan";"7.254418";"43.698946";"000KX"
"2024-53123";"2024-11-28";"1";"Vente";"797425.0";"14.0";"None";"RUE CAFFARELLI";"1005";"06000";"06088";"Nice";"06";"None";"None";"06088000KX0110";"None";"None";"55";"nan";"64";"156.07";"None";"nan";"None";"None";"None";"None";"2";"3";"Dépendance";"nan";"0.0";"None";"None";"None";"None";"nan";"7.254418";"43.698946";"000KX"
"2024-53005";"2024-11-27";"1";"Vente";"307755.0";"6.0";"None";"AV FLEURS";"2460";"06000";"06088";"Nice";"06";"None";"None";"06088000KX0139";"None";"None";"11";"60.78";"23";"nan";"None";"nan";"None";"None";"None";"None";"2";"2";"Appartement";"58.0";"2.0";"None";"None";"None";"None";"nan";"7.255026";"43.697878";"000KX"
"2024-53005";"2024-11-27";"1";"Vente";"307755.0";"6.0";"None";"AV FLEURS";"2460";"06000";"06088";"Nice";"06";"None";"None";"06088000KX0139";"None";"None";"11";"60.78";"23";"nan";"None";"nan";"None";"None";"None";"None";"2";"3";"Dépendance";"nan";"0.0";"None";"None";"None";"None";"nan";"7.255026";"43.697878";"000KX"
"2024-52974";"2024-11-25";"1";"Vente";"145000.0";"65.0";"None";"BD GAMBETTA";"2755";"06000";"06088";"Nice";"06";"None";"None";"06088000KX0027";"None";"None";"164";"29.37";"26";"nan";"None";"nan";"None";"None";"None";"None";"2";"2";"Appartement";"32.0";"1.0";"None";"None";"None";"None";"nan";"7.255784";"43.701276";"000KX"
"2024-52974";"2024-11-25";"1";"Vente";"145000.0";"65.0";"None";"BD GAMBETTA";"2755";"06000";"06088";"Nice";"06";"None";"None";"06088000KX0027";"None";"None";"164";"29.37";"26";"nan";"None";"nan";"None";"None";"None";"None";"2";"3";"Dépendance";"nan";"0.0";"None";"None";"None";"None";"nan";"7.255784";"43.701276";"000KX"
"2024-52458";"2024-11-21";"1";"Vente";"243000.0";"5.0";"None";"RUE CAFFARELLI";"1005";"06000";"06088";"Nice";"06";"None";"None";"06088000KX0120";"None";"None";"27";"66.53";"None";"nan";"None";"nan";"None";"None";"None";"None";"1";"2";"Appartement";"78.0";"3.0";"None";"None";"None";"None";"nan";"7.25521";"43.698526";"000KX"
"2024-53247";"2024-11-21";"1";"Vente";"311620.0";"3.0";"None";"AV COMBA";"1595";"06000";"06088";"Nice";"06";"None";"None";"06088000KX0036";"None";"None";"31";"57.21";"None";"nan";"None";"nan";"None";"None";"None";"None";"1";"2";"Appartement";"75.0";"3.0";"None";"None";"None";"None";"nan";"7.255308";"43.700683";"000KX"
"2024-53247";"2024-11-21";"1";"Vente";"311620.0";"3.0";"None";"AV COMBA";"1595";"06000";"06088";"Nice";"06";"None";"None";"06088000KX0036";"None";"None";"31";"57.21";"None";"nan";"None";"nan";"None";"None";"None";"None";"1";"3";"Dépendance";"nan";"0.0";"None";"None";"None";"None";"nan";"7.255308";"43.700683";"000KX"
"2024-52418";"2024-11-15";"1";"Vente";"190000.0";"1.0";"None";"RUE SAUSSURE";"6115";"06000";"06088";"Nice";"06";"None";"None";"06088000KX0060";"None";"None";"5";"nan";"None";"nan";"None";"nan";"None";"None";"None";"None";"1";"2";"Appartement";"61.0";"3.0";"None";"None";"None";"None";"nan";"7.253885";"43.700492";"000KX"
"2024-52418";"2024-11-15";"1";"Vente";"190000.0";"1.0";"None";"RUE SAUSSURE";"6115";"06000";"06088";"Nice";"06";"None";"None";"06088000KX0060";"None";"None";"5";"nan";"None";"nan";"None";"nan";"None";"None";"None";"None";"1";"3";"Dépendance";"nan";"0.0";"None";"None";"None";"None";"nan";"7.253885";"43.700492";"000KX"
"2024-52701";"2024-11-15";"1";"Vente";"25000.0";"23.0";"None";"RUE FREDERIC PASSY";"2665";"06000";"06088";"Nice";"06";"None";"None";"06088000KX0274";"None";"None";"93";"nan";"None";"nan";"None";"nan";"None";"None";"None";"None";"1";"3";"Dépendance";"nan";"0.0";"None";"None";"None";"None";"nan";"7.251548";"43.699318";"000KX"
"2024-52723";"2024-11-15";"1";"Vente";"40000.0";"14.0";"None";"AV SHAKESPEARE";"6220";"06000";"06088";"Nice";"06";"None";"None";"06088000KX0064";"None";"None";"77";"nan";"None";"nan";"None";"nan";"None";"None";"None";"None";"1";"3";"Dépendance";"nan";"0.0";"None";"None";"None";"None";"nan";"7.253902";"43.699996";"000KX"
"2024-51906";"2024-11-08";"1";"Vente";"234000.0";"4.0";"None";"RUE PERE A VALENSIN";"4945";"06000";"06088";"Nice";"06";"None";"None";"06088000KX0079";"None";"None";"48";"56.15";"None";"nan";"None";"nan";"None";"None";"None";"None";"1";"2";"Appartement";"70.0";"3.0";"None";"None";"None";"None";"nan";"7.25268";"43.69985";"000KX"
"2024-52991";"2024-11-08";"1";"Vente";"119500.0";"73.0";"None";"BD FRANCOIS GROSSO";"2630";"06000";"06088";"Nice";"06";"None";"None";"06088000KX0309";"None";"None";"30";"19.28";"None";"nan";"None";"nan";"None";"None";"None";"None";"1";"2";"Appartement";"20.0";"1.0";"None";"None";"None";"None";"nan";"7.250936";"43.699209";"000KX"
"2024-52052";"2024-11-08";"1";"Vente";"38000.0";"10.0";"None";"AV FLEURS";"2460";"06000";"06088";"Nice";"06";"None";"None";"06088000KX0145";"None";"None";"212";"nan";"None";"nan";"None";"nan";"None";"None";"None";"None";"1";"3";"Dépendance";"nan";"0.0";"None";"None";"None";"None";"nan";"7.254212";"43.698205";"000KX"
"2024-52216";"2024-11-06";"1";"Vente";"117600.0";"5.0";"None";"AV COMBA";"1595";"06000";"06088";"Nice";"06";"None";"None";"06088000KX0054";"None";"None";"12";"nan";"34";"nan";"None";"nan";"None";"None";"None";"None";"2";"2";"Appartement";"27.0";"1.0";"None";"None";"None";"None";"nan";"7.254636";"43.700688";"000KX"
"2024-51789";"2024-11-05";"1";"Vente";"450000.0";"1.0";"None";"RUE FREDERIC PASSY";"2665";"06000";"06088";"Nice";"06";"None";"None";"06088000KX0123";"None";"None";"145";"nan";"237";"nan";"None";"nan";"None";"None";"None";"None";"2";"2";"Appartement";"74.0";"2.0";"None";"None";"None";"None";"nan";"7.255638";"43.699216";"000KX"
"2024-51789";"2024-11-05";"1";"Vente";"450000.0";"1.0";"None";"RUE FREDERIC PASSY";"2665";"06000";"06088";"Nice";"06";"None";"None";"06088000KX0123";"None";"None";"145";"nan";"237";"nan";"None";"nan";"None";"None";"None";"None";"2";"3";"Dépendance";"nan";"0.0";"None";"None";"None";"None";"nan";"7.255638";"43.699216";"000KX"
"2024-51789";"2024-11-05";"1";"Vente";"450000.0";"1.0";"None";"RUE FREDERIC PASSY";"2665";"06000";"06088";"Nice";"06";"None";"None";"06088000KX0123";"None";"None";"145";"nan";"237";"nan";"None";"nan";"None";"None";"None";"None";"2";"3";"Dépendance";"nan";"0.0";"None";"None";"None";"None";"nan";"7.255638";"43.699216";"000KX"
"2024-51866";"2024-11-04";"1";"Vente";"37000.0";"65.0";"None";"BD GAMBETTA";"2755";"06000";"06088";"Nice";"06";"None";"None";"06088000KX0027";"None";"None";"94";"nan";"None";"nan";"None";"nan";"None";"None";"None";"None";"1";"3";"Dépendance";"nan";"0.0";"None";"None";"None";"None";"nan";"7.255784";"43.701276";"000KX"
"2024-51929";"2024-11-04";"1";"Vente";"38000.0";"69.0";"None";"BD FRANCOIS GROSSO";"2630";"06000";"06088";"Nice";"06";"None";"None";"06088000KX0215";"None";"None";"57";"nan";"None";"nan";"None";"nan";"None";"None";"None";"None";"1";"3";"Dépendance";"nan";"0.0";"None";"None";"None";"None";"nan";"7.250715";"43.69887";"000KX"
"2024-51954";"2024-10-31";"1";"Vente";"159000.0";"23.0";"None";"RUE FREDERIC PASSY";"2665";"06000";"06088";"Nice";"06";"None";"None";"06088000KX0274";"None";"None";"119";"50.7";"None";"nan";"None";"nan";"None";"None";"None";"None";"1";"4";"Local industriel. commercial ou assimilé";"50.0";"0.0";"None";"None";"None";"None";"nan";"7.251548";"43.699318";"000KX"
"2024-51999";"2024-10-30";"1";"Vente";"170000.0";"1.0";"None";"RUE FREDERIC PASSY";"2665";"06000";"06088";"Nice";"06";"None";"None";"06088000KX0123";"None";"None";"251";"37.54";"81";"nan";"None";"nan";"None";"None";"None";"None";"2";"2";"Appartement";"38.0";"1.0";"None";"None";"None";"None";"nan";"7.255638";"43.699216";"000KX"
"2024-52095";"2024-10-24";"1";"Vente";"237000.0";"6.0";"None";"RUE FRANCOIS AUNE";"2615";"06000";"06088";"Nice";"06";"None";"None";"06088000KX0122";"None";"None";"43";"nan";"5";"nan";"None";"nan";"None";"None";"None";"None";"2";"2";"Appartement";"32.0";"1.0";"None";"None";"None";"None";"nan";"7.255607";"43.699069";"000KX"
"2024-51359";"2024-10-23";"1";"Vente";"146000.0";"47.0";"None";"RUE CAFFARELLI";"1005";"06000";"06088";"Nice";"06";"None";"None";"06088000KX0191";"None";"None";"137";"20.32";"None";"nan";"None";"nan";"None";"None";"None";"None";"1";"2";"Appartement";"22.0";"1.0";"None";"None";"None";"None";"nan";"7.252017";"43.69921";"000KX"
"2024-51333";"2024-10-23";"1";"Vente";"33000.0";"65.0";"None";"BD GAMBETTA";"2755";"06000";"06088";"Nice";"06";"None";"None";"06088000KX0027";"None";"None";"106";"nan";"None";"nan";"None";"nan";"None";"None";"None";"None";"1";"3";"Dépendance";"nan";"0.0";"None";"None";"None";"None";"nan";"7.255784";"43.701276";"000KX"
"2024-52023";"2024-10-21";"1";"Vente";"471000.0";"24.0";"None";"AV FLEURS";"2460";"06000";"06088";"Nice";"06";"None";"None";"06088000KX0166";"None";"None";"6";"nan";"75";"87.56";"None";"nan";"None";"None";"None";"None";"2";"2";"Appartement";"95.0";"3.0";"None";"None";"None";"None";"nan";"7.252508";"43.69819";"000KX"
"2024-52023";"2024-10-21";"1";"Vente";"471000.0";"24.0";"None";"AV FLEURS";"2460";"06000";"06088";"Nice";"06";"None";"None";"06088000KX0166";"None";"None";"6";"nan";"75";"87.56";"None";"nan";"None";"None";"None";"None";"2";"3";"Dépendance";"nan";"0.0";"None";"None";"None";"None";"nan";"7.252508";"43.69819";"000KX"
"2024-51531";"2024-10-21";"1";"Vente";"240000.0";"11.0";"None";"RUE CHATEAUNEUF";"1365";"06000";"06088";"Nice";"06";"None";"None";"06088000KX0052";"None";"None";"2";"nan";"24";"nan";"None";"nan";"None";"None";"None";"None";"2";"4";"Local industriel. commercial ou assimilé";"73.0";"0.0";"None";"None";"None";"None";"nan";"7.254802";"43.700908";"000KX"
"2024-51289";"2024-10-18";"1";"Vente";"480000.0";"5.0";"None";"RUE FRANCOIS AUNE";"2615";"06000";"06088";"Nice";"06";"None";"None";"06088000KX0117";"None";"None";"116";"85.53";"65";"nan";"None";"nan";"None";"None";"None";"None";"2";"2";"Appartement";"86.0";"3.0";"None";"None";"None";"None";"nan";"7.254992";"43.699127";"000KX"
"2024-51289";"2024-10-18";"1";"Vente";"480000.0";"5.0";"None";"RUE FRANCOIS AUNE";"2615";"06000";"06088";"Nice";"06";"None";"None";"06088000KX0117";"None";"None";"116";"85.53";"65";"nan";"None";"nan";"None";"None";"None";"None";"2";"3";"Dépendance";"nan";"0.0";"None";"None";"None";"None";"nan";"7.254992";"43.699127";"000KX"
"2024-51279";"2024-10-18";"1";"Vente";"1800000.0";"53.0";"None";"BD GAMBETTA";"2755";"06000";"06088";"Nice";"06";"None";"None";"06088000KX0042";"None";"None";"1";"nan";"16";"244.58";"2";"nan";"27";"None";"28";"None";"7";"4";"Local industriel. commercial ou assimilé";"316.0";"0.0";"None";"None";"None";"None";"nan";"7.255754";"43.699861";"000KX"
"2024-51626";"2024-10-17";"1";"Vente";"160000.0";"59.0";"None";"RUE DES POTIERS";"5225";"06000";"06088";"Nice";"06";"None";"None";"06088000KX0208";"None";"None";"22";"nan";"None";"nan";"None";"nan";"None";"None";"None";"None";"1";"2";"Appartement";"28.0";"2.0";"None";"None";"None";"None";"nan";"7.25162";"43.698624";"000KX"
"2024-51799";"2024-10-17";"1";"Vente";"343000.0";"1.0";"None";"RUE FREDERIC PASSY";"2665";"06000";"06088";"Nice";"06";"None";"None";"06088000KX0123";"None";"None";"184";"nan";"209";"nan";"None";"nan";"None";"None";"None";"None";"2";"2";"Appartement";"65.0";"2.0";"None";"None";"None";"None";"nan";"7.255638";"43.699216";"000KX"
"2024-51799";"2024-10-17";"1";"Vente";"343000.0";"1.0";"None";"RUE FREDERIC PASSY";"2665";"06000";"06088";"Nice";"06";"None";"None";"06088000KX0123";"None";"None";"184";"nan";"209";"nan";"None";"nan";"None";"None";"None";"None";"2";"3";"Dépendance";"nan";"0.0";"None";"None";"None";"None";"nan";"7.255638";"43.699216";"000KX"
"2024-51718";"2024-10-16";"1";"Vente";"80000.0";"4.0";"None";"RUE CAFFARELLI";"1005";"06000";"06088";"Nice";"06";"None";"None";"06088000KX0121";"None";"None";"4";"nan";"None";"nan";"None";"nan";"None";"None";"None";"None";"1";"3";"Dépendance";"nan";"0.0";"None";"None";"None";"None";"nan";"7.255622";"43.698827";"000KX"
"2024-51718";"2024-10-16";"1";"Vente";"80000.0";"47.0";"None";"BD GAMBETTA";"2755";"06000";"06088";"Nice";"06";"None";"None";"06088000KX0126";"None";"None";"46";"11.0";"None";"nan";"None";"nan";"None";"None";"None";"None";"1";"4";"Local industriel. commercial ou assimilé";"12.0";"0.0";"None";"None";"None";"None";"nan";"7.255983";"43.6993";"000KX"
"2024-51290";"2024-10-14";"1";"Vente";"92000.0";"16.0";"None";"AV SHAKESPEARE";"6220";"06000";"06088";"Nice";"06";"None";"None";"06088000KX0059";"None";"None";"15A";"17.5";"None";"nan";"None";"nan";"None";"None";"None";"None";"1";"2";"Appartement";"32.0";"1.0";"None";"None";"None";"None";"nan";"7.25376";"43.700259";"000KX"
"2024-51638";"2024-10-14";"1";"Vente";"610000.0";"4.0";"None";"AV FLEURS";"2460";"06000";"06088";"Nice";"06";"None";"None";"06088000KX0137";"None";"None";"11";"nan";"55";"nan";"None";"nan";"None";"None";"None";"None";"2";"2";"Appartement";"95.0";"3.0";"None";"None";"None";"None";"nan";"7.255466";"43.697813";"000KX"
"2024-51638";"2024-10-14";"1";"Vente";"610000.0";"4.0";"None";"AV FLEURS";"2460";"06000";"06088";"Nice";"06";"None";"None";"06088000KX0137";"None";"None";"11";"nan";"55";"nan";"None";"nan";"None";"None";"None";"None";"2";"3";"Dépendance";"nan";"0.0";"None";"None";"None";"None";"nan";"7.255466";"43.697813";"000KX"
"2024-51638";"2024-10-14";"1";"Vente";"610000.0";"4.0";"None";"AV FLEURS";"2460";"06000";"06088";"Nice";"06";"None";"None";"06088000KX0137";"None";"None";"31";"nan";"None";"nan";"None";"nan";"None";"None";"None";"None";"1";"3";"Dépendance";"nan";"0.0";"None";"None";"None";"None";"nan";"7.255466";"43.697813";"000KX"
"2024-50984";"2024-10-03";"1";"Vente";"332700.0";"16.0";"None";"AV DEPOILLY";"1910";"06000";"06088";"Nice";"06";"None";"None";"06088000KX0046";"None";"None";"11";"53.04";"None";"nan";"None";"nan";"None";"None";"None";"None";"1";"2";"Appartement";"55.0";"3.0";"None";"None";"None";"None";"nan";"7.254249";"43.700053";"000KX"
"2024-51003";"2024-10-03";"1";"Vente";"315000.0";"56.0";"None";"RUE SAINT PHILIPPE";"5895";"06000";"06088";"Nice";"06";"None";"None";"06088000KX0268";"None";"None";"12";"nan";"None";"nan";"None";"nan";"None";"None";"None";"None";"1";"2";"Appartement";"68.0";"3.0";"None";"None";"None";"None";"nan";"7.255857";"43.698182";"000KX"
"2024-50984";"2024-10-03";"1";"Vente";"332700.0";"16.0";"None";"AV DEPOILLY";"1910";"06000";"06088";"Nice";"06";"None";"None";"06088000KX0046";"None";"None";"8";"nan";"None";"nan";"None";"nan";"None";"None";"None";"None";"1";"3";"Dépendance";"nan";"0.0";"None";"None";"None";"None";"nan";"7.254249";"43.700053";"000KX"
"2024-51003";"2024-10-03";"1";"Vente";"315000.0";"56.0";"None";"RUE SAINT PHILIPPE";"5895";"06000";"06088";"Nice";"06";"None";"None";"06088000KX0268";"None";"None";"12";"nan";"None";"nan";"None";"nan";"None";"None";"None";"None";"1";"3";"Dépendance";"nan";"0.0";"None";"None";"None";"None";"nan";"7.255857";"43.698182";"000KX"
"2024-50440";"2024-10-01";"1";"Vente";"55000.0";"22.0";"None";"RUE COLONEL MUSSO";"1585";"06000";"06088";"Nice";"06";"None";"None";"06088000KX0310";"None";"None";"101";"nan";"136";"48.81";"None";"nan";"None";"None";"None";"None";"2";"2";"Appartement";"49.0";"2.0";"None";"None";"None";"None";"nan";"7.25206";"43.698905";"000KX"
"2024-54881";"2024-10-01";"1";"Vente";"115000.0";"14.0";"None";"AV SHAKESPEARE";"6220";"06000";"06088";"Nice";"06";"None";"None";"06088000KX0064";"None";"None";"19";"nan";"45";"nan";"None";"nan";"None";"None";"None";"None";"2";"2";"Appartement";"75.0";"3.0";"None";"None";"None";"None";"nan";"7.253902";"43.699996";"000KX"
"2024-50440";"2024-10-01";"1";"Vente";"55000.0";"22.0";"None";"RUE COLONEL MUSSO";"1585";"06000";"06088";"Nice";"06";"None";"None";"06088000KX0310";"None";"None";"101";"nan";"136";"48.81";"None";"nan";"None";"None";"None";"None";"2";"3";"Dépendance";"nan";"0.0";"None";"None";"None";"None";"nan";"7.25206";"43.698905";"000KX"
"2024-54881";"2024-10-01";"1";"Vente";"115000.0";"14.0";"None";"AV SHAKESPEARE";"6220";"06000";"06088";"Nice";"06";"None";"None";"06088000KX0064";"None";"None";"35";"nan";"None";"nan";"None";"nan";"None";"None";"None";"None";"1";"3";"Dépendance";"nan";"0.0";"None";"None";"None";"None";"nan";"7.253902";"43.699996";"000KX"
"2024-50358";"2024-09-26";"1";"Vente";"308000.0";"4.0";"None";"RUE CHATEAUNEUF";"1365";"06000";"06088";"Nice";"06";"None";"None";"06088000KX0023";"None";"None";"110";"nan";"24";"nan";"None";"nan";"None";"None";"None";"None";"2";"2";"Appartement";"48.0";"2.0";"None";"None";"None";"None";"nan";"7.255705";"43.701793";"000KX"
"2024-50358";"2024-09-26";"1";"Vente";"308000.0";"4.0";"None";"RUE CHATEAUNEUF";"1365";"06000";"06088";"Nice";"06";"None";"None";"06088000KX0023";"None";"None";"110";"nan";"24";"nan";"None";"nan";"None";"None";"None";"None";"2";"3";"Dépendance";"nan";"0.0";"None";"None";"None";"None";"nan";"7.255705";"43.701793";"000KX"
"2024-50358";"2024-09-26";"1";"Vente";"308000.0";"4.0";"None";"RUE CHATEAUNEUF";"1365";"06000";"06088";"Nice";"06";"None";"None";"06088000KX0023";"None";"None";"55";"nan";"None";"nan";"None";"nan";"None";"None";"None";"None";"1";"3";"Dépendance";"nan";"0.0";"None";"None";"None";"None";"nan";"7.255705";"43.701793";"000KX"
"2024-50014";"2024-09-24";"1";"Vente";"4000.0";"5.0";"None";"RUE SAUSSURE";"6115";"06000";"06088";"Nice";"06";"None";"None";"06088000KX0062";"None";"None";"7";"nan";"None";"nan";"None";"nan";"None";"None";"None";"None";"1";"3";"Dépendance";"nan";"0.0";"None";"None";"None";"None";"nan";"7.253911";"43.700231";"000KX"
"2024-50014";"2024-09-24";"1";"Vente";"4000.0";"5.0";"None";"RUE SAUSSURE";"6115";"06000";"06088";"Nice";"06";"None";"None";"06088000KX0062";"None";"None";"7";"nan";"None";"nan";"None";"nan";"None";"None";"None";"None";"1";"3";"Dépendance";"nan";"0.0";"None";"None";"None";"None";"nan";"7.253911";"43.700231";"000KX"
"2024-49960";"2024-09-21";"1";"Vente";"1650000.0";"6.0";"None";"AV SHAKESPEARE";"6220";"06000";"06088";"Nice";"06";"None";"None";"06088000KX0104";"None";"None";"None";"nan";"None";"nan";"None";"nan";"None";"None";"None";"None";"0";"1";"Maison";"150.0";"5.0";"S";"sols";"None";"None";"442.0";"7.253951";"43.699144";"000KX"
"2024-49960";"2024-09-21";"1";"Vente";"1650000.0";"6.0";"None";"AV SHAKESPEARE";"6220";"06000";"06088";"Nice";"06";"None";"None";"06088000KX0104";"None";"None";"None";"nan";"None";"nan";"None";"nan";"None";"None";"None";"None";"0";"3";"Dépendance";"nan";"0.0";"S";"sols";"None";"None";"442.0";"7.253951";"43.699144";"000KX"
"2024-49960";"2024-09-21";"1";"Vente";"1650000.0";"6.0";"None";"AV SHAKESPEARE";"6220";"06000";"06088";"Nice";"06";"None";"None";"06088000KX0104";"None";"None";"None";"nan";"None";"nan";"None";"nan";"None";"None";"None";"None";"0";"3";"Dépendance";"nan";"0.0";"S";"sols";"None";"None";"442.0";"7.253951";"43.699144";"000KX"
"2024-50228";"2024-09-20";"1";"Vente";"410000.0";"43.0";"None";"BD GAMBETTA";"2755";"06000";"06088";"Nice";"06";"None";"None";"06088000KX0307";"None";"None";"13";"nan";"37";"nan";"None";"nan";"None";"None";"None";"None";"2";"2";"Appartement";"53.0";"3.0";"None";"None";"None";"None";"nan";"7.255973";"43.698822";"000KX"
"2024-50228";"2024-09-20";"1";"Vente";"410000.0";"43.0";"None";"BD GAMBETTA";"2755";"06000";"06088";"Nice";"06";"None";"None";"06088000KX0307";"None";"None";"13";"nan";"37";"nan";"None";"nan";"None";"None";"None";"None";"2";"3";"Dépendance";"nan";"0.0";"None";"None";"None";"None";"nan";"7.255973";"43.698822";"000KX"
"2024-50730";"2024-09-19";"1";"Vente";"605000.0";"45.0";"None";"BD GAMBETTA";"2755";"06000";"06088";"Nice";"06";"None";"None";"06088000KX0127";"None";"None";"19";"nan";"46";"nan";"None";"nan";"None";"None";"None";"None";"2";"2";"Appartement";"94.0";"3.0";"None";"None";"None";"None";"nan";"7.255851";"43.699054";"000KX"
"2024-50730";"2024-09-19";"1";"Vente";"605000.0";"45.0";"None";"BD GAMBETTA";"2755";"06000";"06088";"Nice";"06";"None";"None";"06088000KX0127";"None";"None";"19";"nan";"46";"nan";"None";"nan";"None";"None";"None";"None";"2";"3";"Dépendance";"nan";"0.0";"None";"None";"None";"None";"nan";"7.255851";"43.699054";"000KX"
"2024-50501";"2024-09-18";"1";"Vente";"176760.0";"5.0";"None";"AV SHAKESPEARE";"6220";"06000";"06088";"Nice";"06";"None";"None";"06088000KX0097";"None";"None";"20";"nan";"31";"nan";"None";"nan";"None";"None";"None";"None";"2";"2";"Appartement";"52.0";"2.0";"None";"None";"None";"None";"nan";"7.253417";"43.6992";"000KX"
"2024-50501";"2024-09-18";"1";"Vente";"176760.0";"5.0";"None";"AV SHAKESPEARE";"6220";"06000";"06088";"Nice";"06";"None";"None";"06088000KX0097";"None";"None";"20";"nan";"31";"nan";"None";"nan";"None";"None";"None";"None";"2";"3";"Dépendance";"nan";"0.0";"None";"None";"None";"None";"nan";"7.253417";"43.6992";"000KX"
"2024-49942";"2024-09-16";"1";"Vente";"140000.0";"23.0";"None";"RUE CAFFARELLI";"1005";"06000";"06088";"Nice";"06";"None";"None";"06088000KX0156";"None";"None";"9";"nan";"None";"nan";"None";"nan";"None";"None";"None";"None";"1";"2";"Appartement";"43.0";"2.0";"None";"None";"None";"None";"nan";"7.25316";"43.698791";"000KX"
"2024-50022";"2024-09-11";"1";"Vente";"320000.0";"6.0";"None";"RUE CHATEAUNEUF";"1365";"06000";"06088";"Nice";"06";"None";"None";"06088000KX0022";"None";"None";"39";"nan";"4";"100.17";"None";"nan";"None";"None";"None";"None";"2";"2";"Appartement";"100.0";"4.0";"None";"None";"None";"None";"nan";"7.255437";"43.70161";"000KX"
"2024-50022";"2024-09-11";"1";"Vente";"320000.0";"6.0";"None";"RUE CHATEAUNEUF";"1365";"06000";"06088";"Nice";"06";"None";"None";"06088000KX0022";"None";"None";"39";"nan";"4";"100.17";"None";"nan";"None";"None";"None";"None";"2";"3";"Dépendance";"nan";"0.0";"None";"None";"None";"None";"nan";"7.255437";"43.70161";"000KX"
"2024-49486";"2024-09-09";"1";"Vente";"322950.0";"56.0";"None";"RUE SAINT PHILIPPE";"5895";"06000";"06088";"Nice";"06";"None";"None";"06088000KX0268";"None";"None";"24";"58.6";"None";"nan";"None";"nan";"None";"None";"None";"None";"1";"2";"Appartement";"58.0";"2.0";"None";"None";"None";"None";"nan";"7.255857";"43.698182";"000KX"
"2024-51624";"2024-09-09";"1";"Adjudication";"150000.0";"25.0";"None";"RUE CHATEAUNEUF";"1365";"06000";"06088";"Nice";"06";"None";"None";"06088000KX0076";"None";"None";"42";"nan";"None";"nan";"None";"nan";"None";"None";"None";"None";"1";"2";"Appartement";"77.0";"3.0";"None";"None";"None";"None";"nan";"7.253243";"43.700271";"000KX"
"2024-51624";"2024-09-09";"1";"Adjudication";"150000.0";"25.0";"None";"RUE CHATEAUNEUF";"1365";"06000";"06088";"Nice";"06";"None";"None";"06088000KX0076";"None";"None";"42";"nan";"None";"nan";"None";"nan";"None";"None";"None";"None";"1";"3";"Dépendance";"nan";"0.0";"None";"None";"None";"None";"nan";"7.253243";"43.700271";"000KX"
"2024-51624";"2024-09-09";"1";"Adjudication";"150000.0";"25.0";"None";"RUE CHATEAUNEUF";"1365";"06000";"06088";"Nice";"06";"None";"None";"06088000KX0076";"None";"None";"15";"nan";"None";"nan";"None";"nan";"None";"None";"None";"None";"1";"3";"Dépendance";"nan";"0.0";"None";"None";"None";"None";"nan";"7.253243";"43.700271";"000KX"
"2024-49122";"2024-09-06";"1";"Vente";"292700.0";"27.0";"None";"RUE CHATEAUNEUF";"1365";"06000";"06088";"Nice";"06";"None";"None";"06088000KX0077";"None";"None";"17";"nan";"38";"78.04";"None";"nan";"None";"None";"None";"None";"2";"2";"Appartement";"73.0";"3.0";"None";"None";"None";"None";"nan";"7.252975";"43.700257";"000KX"
"2024-49122";"2024-09-06";"1";"Vente";"292700.0";"27.0";"None";"RUE CHATEAUNEUF";"1365";"06000";"06088";"Nice";"06";"None";"None";"06088000KX0077";"None";"None";"17";"nan";"38";"78.04";"None";"nan";"None";"None";"None";"None";"2";"3";"Dépendance";"nan";"0.0";"None";"None";"None";"None";"nan";"7.252975";"43.700257";"000KX"
"2024-49102";"2024-09-03";"1";"Vente";"325000.0";"47.0";"None";"RUE CAFFARELLI";"1005";"06000";"06088";"Nice";"06";"None";"None";"06088000KX0191";"None";"None";"133";"45.22";"None";"nan";"None";"nan";"None";"None";"None";"None";"1";"2";"Appartement";"46.0";"2.0";"None";"None";"None";"None";"nan";"7.252017";"43.69921";"000KX"
"2024-49190";"2024-09-02";"1";"Vente";"200000.0";"17.0";"None";"RUE CAFFARELLI";"1005";"06000";"06088";"Nice";"06";"None";"None";"06088000KX0150";"None";"None";"35";"35.75";"None";"nan";"None";"nan";"None";"None";"None";"None";"1";"2";"Appartement";"34.0";"1.0";"None";"None";"None";"None";"nan";"7.253576";"43.698611";"000KX"
"2024-49155";"2024-08-29";"1";"Vente";"80000.0";"22.0";"None";"RUE COLONEL MUSSO";"1585";"06000";"06088";"Nice";"06";"None";"None";"06088000KX0310";"None";"None";"133";"nan";"None";"nan";"None";"nan";"None";"None";"None";"None";"1";"2";"Appartement";"27.0";"1.0";"None";"None";"None";"None";"nan";"7.25206";"43.698905";"000KX"
"2024-49583";"2024-08-29";"1";"Vente";"424400.0";"5.0";"None";"RUE FRANCOIS AUNE";"2615";"06000";"06088";"Nice";"06";"None";"None";"06088000KX0117";"None";"None";"106";"87.66";"43";"nan";"None";"nan";"None";"None";"None";"None";"2";"2";"Appartement";"88.0";"3.0";"None";"None";"None";"None";"nan";"7.254992";"43.699127";"000KX"
"2024-48983";"2024-08-27";"1";"Vente";"60000.0";"6.0";"T";"AV FLEURS";"2460";"06000";"06088";"Nice";"06";"None";"None";"06088000KX0142";"None";"None";"23";"nan";"None";"nan";"None";"nan";"None";"None";"None";"None";"1";"3";"Dépendance";"nan";"0.0";"None";"None";"None";"None";"nan";"7.254741";"43.698048";"000KX"
"2024-48942";"2024-08-20";"1";"Vente";"281360.0";"30.0";"None";"RUE CHATEAUNEUF";"1365";"06000";"06088";"Nice";"06";"None";"None";"06088000KX0009";"None";"None";"28";"97.24";"None";"nan";"None";"nan";"None";"None";"None";"None";"1";"2";"Appartement";"100.0";"4.0";"None";"None";"None";"None";"nan";"7.252935";"43.700701";"000KX"
"2024-49214";"2024-08-12";"1";"Vente";"83300.0";"20.0";"None";"RUE CHATEAUNEUF";"1365";"06000";"06088";"Nice";"06";"None";"None";"06088000KX0016";"None";"None";"44";"nan";"None";"nan";"None";"nan";"None";"None";"None";"None";"1";"2";"Appartement";"20.0";"1.0";"None";"None";"None";"None";"nan";"7.253845";"43.701009";"000KX"
"2024-48455";"2024-08-09";"1";"Vente";"630000.0";"37.0";"None";"BD GAMBETTA";"2755";"06000";"06088";"Nice";"06";"None";"None";"06088000KX0134";"None";"None";"8";"81.62";"None";"nan";"None";"nan";"None";"None";"None";"None";"1";"2";"Appartement";"77.0";"3.0";"None";"None";"None";"None";"nan";"7.255993";"43.698061";"000KX"
"2024-48455";"2024-08-09";"1";"Vente";"630000.0";"37.0";"None";"BD GAMBETTA";"2755";"06000";"06088";"Nice";"06";"None";"None";"06088000KX0134";"None";"None";"8";"81.62";"None";"nan";"None";"nan";"None";"None";"None";"None";"1";"3";"Dépendance";"nan";"0.0";"None";"None";"None";"None";"nan";"7.255993";"43.698061";"000KX"
"2024-48282";"2024-08-07";"1";"Vente";"45000.0";"4.0";"B";"AV FLEURS";"2460";"06000";"06088";"Nice";"06";"None";"None";"06088000KX0138";"None";"None";"44";"nan";"None";"nan";"None";"nan";"None";"None";"None";"None";"1";"3";"Dépendance";"nan";"0.0";"None";"None";"None";"None";"nan";"7.255201";"43.697883";"000KX"
"2024-48427";"2024-08-06";"1";"Vente";"290000.0";"23.0";"None";"RUE CAFFARELLI";"1005";"06000";"06088";"Nice";"06";"None";"None";"06088000KX0156";"None";"None";"16";"nan";"None";"nan";"None";"nan";"None";"None";"None";"None";"1";"2";"Appartement";"66.0";"3.0";"None";"None";"None";"None";"nan";"7.25316";"43.698791";"000KX"
"2024-48427";"2024-08-06";"1";"Vente";"290000.0";"23.0";"None";"RUE CAFFARELLI";"1005";"06000";"06088";"Nice";"06";"None";"None";"06088000KX0156";"None";"None";"16";"nan";"None";"nan";"None";"nan";"None";"None";"None";"None";"1";"3";"Dépendance";"nan";"0.0";"None";"None";"None";"None";"nan";"7.25316";"43.698791";"000KX"
"2024-49018";"2024-08-02";"1";"Vente";"160000.0";"38.0";"None";"RUE CHATEAUNEUF";"1365";"06000";"06088";"Nice";"06";"None";"None";"06088000KX0004";"None";"None";"15";"nan";"49";"nan";"None";"nan";"None";"None";"None";"None";"2";"2";"Appartement";"61.0";"2.0";"None";"None";"None";"None";"nan";"7.252097";"43.700324";"000KX"
"2024-49018";"2024-08-02";"1";"Vente";"160000.0";"38.0";"None";"RUE CHATEAUNEUF";"1365";"06000";"06088";"Nice";"06";"None";"None";"06088000KX0004";"None";"None";"15";"nan";"49";"nan";"None";"nan";"None";"None";"None";"None";"2";"3";"Dépendance";"nan";"0.0";"None";"None";"None";"None";"nan";"7.252097";"43.700324";"000KX"
"2024-48218";"2024-07-30";"1";"Vente";"286600.0";"47.0";"None";"BD GAMBETTA";"2755";"06000";"06088";"Nice";"06";"None";"None";"06088000KX0126";"None";"None";"19";"nan";"73";"nan";"None";"nan";"None";"None";"None";"None";"2";"2";"Appartement";"41.0";"2.0";"None";"None";"None";"None";"nan";"7.255983";"43.6993";"000KX"
"2024-48218";"2024-07-30";"1";"Vente";"286600.0";"47.0";"None";"BD GAMBETTA";"2755";"06000";"06088";"Nice";"06";"None";"None";"06088000KX0126";"None";"None";"19";"nan";"73";"nan";"None";"nan";"None";"None";"None";"None";"2";"3";"Dépendance";"nan";"0.0";"None";"None";"None";"None";"nan";"7.255983";"43.6993";"000KX"
"2024-48335";"2024-07-26";"1";"Vente";"39500.0";"69.0";"None";"BD FRANCOIS GROSSO";"2630";"06000";"06088";"Nice";"06";"None";"None";"06088000KX0215";"None";"None";"94";"nan";"None";"nan";"None";"nan";"None";"None";"None";"None";"1";"3";"Dépendance";"nan";"0.0";"None";"None";"None";"None";"nan";"7.250715";"43.69887";"000KX"
"2024-48443";"2024-07-23";"1";"Vente";"217000.0";"31.0";"None";"RUE CHATEAUNEUF";"1365";"06000";"06088";"Nice";"06";"None";"None";"06088000KX0265";"None";"None";"65";"nan";"None";"nan";"None";"nan";"None";"None";"None";"None";"1";"2";"Appartement";"77.0";"2.0";"None";"None";"None";"None";"nan";"7.252446";"43.700014";"000KX"
"2024-48535";"2024-07-23";"1";"Vente";"65000.0";"32.0";"None";"RUE CHATEAUNEUF";"1365";"06000";"06088";"Nice";"06";"None";"None";"06088000KX0007";"None";"None";"32";"nan";"None";"nan";"None";"nan";"None";"None";"None";"None";"1";"2";"Appartement";"45.0";"2.0";"None";"None";"None";"None";"nan";"7.25251";"43.700513";"000KX"
"2024-47537";"2024-07-22";"1";"Vente";"230000.0";"6.0";"None";"RUE CAFFARELLI";"1005";"06000";"06088";"Nice";"06";"None";"None";"06088000KX0118";"None";"None";"18";"nan";"45";"46.83";"None";"nan";"None";"None";"None";"None";"2";"2";"Appartement";"40.0";"2.0";"None";"None";"None";"None";"nan";"7.255082";"43.698826";"000KX"
"2024-47806";"2024-07-22";"1";"Vente";"545000.0";"32.0";"None";"AV FLEURS";"2460";"06000";"06088";"Nice";"06";"None";"None";"06088000KX0238";"None";"None";"17";"78.59";"36";"nan";"None";"nan";"None";"None";"None";"None";"2";"2";"Appartement";"78.0";"4.0";"None";"None";"None";"None";"nan";"7.251725";"43.698175";"000KX"
"2024-47806";"2024-07-22";"1";"Vente";"545000.0";"32.0";"None";"AV FLEURS";"2460";"06000";"06088";"Nice";"06";"None";"None";"06088000KX0238";"None";"None";"17";"78.59";"36";"nan";"None";"nan";"None";"None";"None";"None";"2";"3";"Dépendance";"nan";"0.0";"None";"None";"None";"None";"nan";"7.251725";"43.698175";"000KX"
"2024-47806";"2024-07-22";"1";"Vente";"545000.0";"32.0";"None";"AV FLEURS";"2460";"06000";"06088";"Nice";"06";"None";"None";"06088000KX0238";"None";"None";"17";"78.59";"36";"nan";"None";"nan";"None";"None";"None";"None";"2";"3";"Dépendance";"nan";"0.0";"None";"None";"None";"None";"nan";"7.251725";"43.698175";"000KX"
"2024-47634";"2024-07-18";"1";"Vente";"215000.0";"11.0";"None";"RUE CAFFARELLI";"1005";"06000";"06088";"Nice";"06";"None";"None";"06088000KX0144";"None";"None";"106";"nan";"52";"nan";"None";"nan";"None";"None";"None";"None";"2";"2";"Appartement";"29.0";"1.0";"None";"None";"None";"None";"nan";"7.254215";"43.698544";"000KX"
"2024-47634";"2024-07-18";"1";"Vente";"215000.0";"11.0";"None";"RUE CAFFARELLI";"1005";"06000";"06088";"Nice";"06";"None";"None";"06088000KX0144";"None";"None";"106";"nan";"52";"nan";"None";"nan";"None";"None";"None";"None";"2";"3";"Dépendance";"nan";"0.0";"None";"None";"None";"None";"nan";"7.254215";"43.698544";"000KX"
"2024-47634";"2024-07-18";"1";"Vente";"215000.0";"11.0";"None";"RUE CAFFARELLI";"1005";"06000";"06088";"Nice";"06";"None";"None";"06088000KX0144";"None";"None";"106";"nan";"52";"nan";"None";"nan";"None";"None";"None";"None";"2";"3";"Dépendance";"nan";"0.0";"None";"None";"None";"None";"nan";"7.254215";"43.698544";"000KX"
"2024-47866";"2024-07-18";"1";"Vente";"120000.0";"34.0";"None";"RUE CAFFARELLI";"1005";"06000";"06088";"Nice";"06";"None";"None";"06088000KX0088";"None";"None";"10";"nan";"None";"nan";"None";"nan";"None";"None";"None";"None";"1";"3";"Dépendance";"nan";"0.0";"None";"None";"None";"None";"nan";"7.252246";"43.699423";"000KX"
"2024-47866";"2024-07-18";"1";"Vente";"120000.0";"34.0";"None";"RUE CAFFARELLI";"1005";"06000";"06088";"Nice";"06";"None";"None";"06088000KX0088";"None";"None";"11";"nan";"None";"nan";"None";"nan";"None";"None";"None";"None";"1";"3";"Dépendance";"nan";"0.0";"None";"None";"None";"None";"nan";"7.252246";"43.699423";"000KX"
"2024-47518";"2024-07-17";"1";"Vente";"230000.0";"24.0";"None";"RUE FREDERIC PASSY";"2665";"06000";"06088";"Nice";"06";"None";"None";"06088000KX0266";"None";"None";"44";"65.02";"None";"nan";"None";"nan";"None";"None";"None";"None";"1";"2";"Appartement";"65.0";"2.0";"None";"None";"None";"None";"nan";"7.252477";"43.699776";"000KX"
"2024-48260";"2024-07-17";"1";"Vente";"85000.0";"36.0";"None";"RUE CHATEAUNEUF";"1365";"06000";"06088";"Nice";"06";"None";"None";"06088000KX0005";"None";"None";"10";"nan";"17";"nan";"None";"nan";"None";"None";"None";"None";"2";"2";"Appartement";"36.0";"2.0";"None";"None";"None";"None";"nan";"7.252243";"43.700401";"000KX"
"2024-48260";"2024-07-17";"1";"Vente";"85000.0";"36.0";"None";"RUE CHATEAUNEUF";"1365";"06000";"06088";"Nice";"06";"None";"None";"06088000KX0005";"None";"None";"10";"nan";"17";"nan";"None";"nan";"None";"None";"None";"None";"2";"3";"Dépendance";"nan";"0.0";"None";"None";"None";"None";"nan";"7.252243";"43.700401";"000KX"
"2024-48004";"2024-07-10";"1";"Vente";"36000.0";"22.0";"None";"RUE FRANCOIS AUNE";"2615";"06000";"06088";"Nice";"06";"None";"None";"06088000KX0031";"None";"None";"43";"nan";"None";"nan";"None";"nan";"None";"None";"None";"None";"1";"3";"Dépendance";"nan";"0.0";"None";"None";"None";"None";"nan";"7.255243";"43.701091";"000KX"
"2024-47009";"2024-07-09";"1";"Vente";"299000.0";"24.0";"None";"RUE CAFFARELLI";"1005";"06000";"06088";"Nice";"06";"None";"None";"06088000KX0099";"None";"None";"12";"nan";"9";"nan";"None";"nan";"None";"None";"None";"None";"2";"2";"Appartement";"90.0";"3.0";"None";"None";"None";"None";"nan";"7.253416";"43.699001";"000KX"
"2024-47009";"2024-07-09";"1";"Vente";"299000.0";"24.0";"None";"RUE CAFFARELLI";"1005";"06000";"06088";"Nice";"06";"None";"None";"06088000KX0099";"None";"None";"12";"nan";"9";"nan";"None";"nan";"None";"None";"None";"None";"2";"3";"Dépendance";"nan";"0.0";"None";"None";"None";"None";"nan";"7.253416";"43.699001";"000KX"
"2024-46829";"2024-07-05";"1";"Vente";"170000.0";"30.0";"None";"AV FLEURS";"2460";"06000";"06088";"Nice";"06";"None";"None";"06088000KX0237";"None";"None";"16";"30.74";"51";"nan";"None";"nan";"None";"None";"None";"None";"2";"2";"Appartement";"31.0";"1.0";"None";"None";"None";"None";"nan";"7.251895";"43.698152";"000KX"
"2024-46798";"2024-07-03";"1";"Vente";"33000.0";"65.0";"None";"BD GAMBETTA";"2755";"06000";"06088";"Nice";"06";"None";"None";"06088000KX0027";"None";"None";"106";"nan";"None";"nan";"None";"nan";"None";"None";"None";"None";"1";"3";"Dépendance";"nan";"0.0";"None";"None";"None";"None";"nan";"7.255784";"43.701276";"000KX"
"2024-46305";"2024-07-02";"1";"Vente";"305000.0";"1.0";"None";"PL FRANKLIN";"2650";"06000";"06088";"Nice";"06";"None";"None";"06088000KX0125";"None";"None";"14";"53.02";"45";"nan";"None";"nan";"None";"None";"None";"None";"2";"2";"Appartement";"55.0";"2.0";"None";"None";"None";"None";"nan";"7.255824";"43.699372";"000KX"
"2024-46305";"2024-07-02";"1";"Vente";"305000.0";"1.0";"None";"PL FRANKLIN";"2650";"06000";"06088";"Nice";"06";"None";"None";"06088000KX0125";"None";"None";"14";"53.02";"45";"nan";"None";"nan";"None";"None";"None";"None";"2";"3";"Dépendance";"nan";"0.0";"None";"None";"None";"None";"nan";"7.255824";"43.699372";"000KX"
"2024-47177";"2024-07-01";"1";"Vente";"42000.0";"22.0";"None";"AV FLEURS";"2460";"06000";"06088";"Nice";"06";"None";"None";"06088000KX0165";"None";"None";"42";"nan";"None";"nan";"None";"nan";"None";"None";"None";"None";"1";"3";"Dépendance";"nan";"0.0";"None";"None";"None";"None";"nan";"7.252823";"43.698184";"000KX"
"2024-46698";"2024-06-28";"1";"Vente";"311850.0";"6.0";"None";"RUE FRANCOIS AUNE";"2615";"06000";"06088";"Nice";"06";"None";"None";"06088000KX0122";"None";"None";"26";"nan";"45";"47.85";"None";"nan";"None";"None";"None";"None";"2";"2";"Appartement";"46.0";"2.0";"None";"None";"None";"None";"nan";"7.255607";"43.699069";"000KX"
"2024-46698";"2024-06-28";"1";"Vente";"311850.0";"6.0";"None";"RUE FRANCOIS AUNE";"2615";"06000";"06088";"Nice";"06";"None";"None";"06088000KX0122";"None";"None";"26";"nan";"45";"47.85";"None";"nan";"None";"None";"None";"None";"2";"3";"Dépendance";"nan";"0.0";"None";"None";"None";"None";"nan";"7.255607";"43.699069";"000KX"
"2024-46788";"2024-06-27";"1";"Vente";"144200.0";"18.0";"None";"AV SHAKESPEARE";"6220";"06000";"06088";"Nice";"06";"None";"None";"06088000KX0059";"None";"None";"51B";"nan";"None";"nan";"None";"nan";"None";"None";"None";"None";"1";"2";"Appartement";"17.0";"1.0";"None";"None";"None";"None";"nan";"7.25376";"43.700259";"000KX"
"2024-47379";"2024-06-27";"1";"Vente";"119163.0";"47.0";"None";"RUE CAFFARELLI";"1005";"06000";"06088";"Nice";"06";"None";"None";"06088000KX0191";"None";"None";"64";"nan";"None";"nan";"None";"nan";"None";"None";"None";"None";"1";"2";"Appartement";"20.0";"1.0";"None";"None";"None";"None";"nan";"7.252017";"43.69921";"000KX"
"2024-46668";"2024-06-27";"1";"Vente";"1270000.0";"53.0";"None";"BD GAMBETTA";"2755";"06000";"06088";"Nice";"06";"None";"None";"06088000KX0042";"None";"None";"1";"244.58";"16";"nan";"2";"nan";"27";"None";"28";"None";"7";"4";"Local industriel. commercial ou assimilé";"316.0";"0.0";"None";"None";"None";"None";"nan";"7.255754";"43.699861";"000KX"
"2024-46420";"2024-06-26";"1";"Vente";"106000.0";"47.0";"None";"RUE CAFFARELLI";"1005";"06000";"06088";"Nice";"06";"None";"None";"06088000KX0191";"None";"None";"130";"17.4";"None";"nan";"None";"nan";"None";"None";"None";"None";"1";"2";"Appartement";"19.0";"1.0";"None";"None";"None";"None";"nan";"7.252017";"43.69921";"000KX"
"2024-46711";"2024-06-25";"1";"Vente";"200000.0";"30.0";"None";"AV FLEURS";"2460";"06000";"06088";"Nice";"06";"None";"None";"06088000KX0237";"None";"None";"31";"nan";"62";"nan";"None";"nan";"None";"None";"None";"None";"2";"2";"Appartement";"33.0";"1.0";"None";"None";"None";"None";"nan";"7.251895";"43.698152";"000KX"
"2024-46711";"2024-06-25";"1";"Vente";"200000.0";"30.0";"None";"AV FLEURS";"2460";"06000";"06088";"Nice";"06";"None";"None";"06088000KX0237";"None";"None";"31";"nan";"62";"nan";"None";"nan";"None";"None";"None";"None";"2";"3";"Dépendance";"nan";"0.0";"None";"None";"None";"None";"nan";"7.251895";"43.698152";"000KX"
"2024-46711";"2024-06-25";"1";"Vente";"200000.0";"30.0";"None";"AV FLEURS";"2460";"06000";"06088";"Nice";"06";"None";"None";"06088000KX0237";"None";"None";"31";"nan";"62";"nan";"None";"nan";"None";"None";"None";"None";"2";"3";"Dépendance";"nan";"0.0";"None";"None";"None";"None";"nan";"7.251895";"43.698152";"000KX"
"2024-46393";"2024-06-20";"1";"Vente";"219010.0";"26.0";"None";"AV FLEURS";"2460";"06000";"06088";"Nice";"06";"None";"None";"06088000KX0315";"None";"None";"10";"nan";"5";"nan";"None";"nan";"None";"None";"None";"None";"2";"2";"Appartement";"50.0";"4.0";"None";"None";"None";"None";"nan";"7.252189";"43.6986";"000KX"
"2024-46393";"2024-06-20";"1";"Vente";"219010.0";"26.0";"None";"AV FLEURS";"2460";"06000";"06088";"Nice";"06";"None";"None";"06088000KX0315";"None";"None";"10";"nan";"5";"nan";"None";"nan";"None";"None";"None";"None";"2";"3";"Dépendance";"nan";"0.0";"None";"None";"None";"None";"nan";"7.252189";"43.6986";"000KX"
"2024-46120";"2024-06-19";"1";"Vente";"190000.0";"4.0";"B";"AV FLEURS";"2460";"06000";"06088";"Nice";"06";"None";"None";"06088000KX0138";"None";"None";"51";"nan";"None";"nan";"None";"nan";"None";"None";"None";"None";"1";"4";"Local industriel. commercial ou assimilé";"74.0";"0.0";"None";"None";"None";"None";"nan";"7.255201";"43.697883";"000KX"
"2024-45787";"2024-06-18";"1";"Vente";"177500.0";"65.0";"None";"BD FRANCOIS GROSSO";"2630";"06000";"06088";"Nice";"06";"None";"None";"06088000KX0214";"None";"None";"102";"nan";"45";"24.77";"None";"nan";"None";"None";"None";"None";"2";"2";"Appartement";"26.0";"1.0";"None";"None";"None";"None";"nan";"7.250981";"43.698658";"000KX"
"2024-45904";"2024-06-18";"1";"Vente";"104000.0";"59.0";"None";"RUE DES POTIERS";"5225";"06000";"06088";"Nice";"06";"None";"None";"06088000KX0208";"None";"None";"5";"19.34";"None";"nan";"None";"nan";"None";"None";"None";"None";"1";"2";"Appartement";"19.0";"1.0";"None";"None";"None";"None";"nan";"7.25162";"43.698624";"000KX"
"2024-45787";"2024-06-18";"1";"Vente";"177500.0";"65.0";"None";"BD FRANCOIS GROSSO";"2630";"06000";"06088";"Nice";"06";"None";"None";"06088000KX0214";"None";"None";"102";"nan";"45";"24.77";"None";"nan";"None";"None";"None";"None";"2";"3";"Dépendance";"nan";"0.0";"None";"None";"None";"None";"nan";"7.250981";"43.698658";"000KX"
"2024-45787";"2024-06-18";"1";"Vente";"177500.0";"65.0";"None";"BD FRANCOIS GROSSO";"2630";"06000";"06088";"Nice";"06";"None";"None";"06088000KX0214";"None";"None";"87";"nan";"None";"nan";"None";"nan";"None";"None";"None";"None";"1";"3";"Dépendance";"nan";"0.0";"None";"None";"None";"None";"nan";"7.250981";"43.698658";"000KX"
"2024-45942";"2024-06-14";"1";"Vente";"436000.0";"11.0";"None";"AV SHAKESPEARE";"6220";"06000";"06088";"Nice";"06";"None";"None";"06088000KX0096";"None";"None";"15";"nan";"26";"nan";"None";"nan";"None";"None";"None";"None";"2";"2";"Appartement";"74.0";"3.0";"None";"None";"None";"None";"nan";"7.253412";"43.69937";"000KX"
"2024-45942";"2024-06-14";"1";"Vente";"436000.0";"11.0";"None";"AV SHAKESPEARE";"6220";"06000";"06088";"Nice";"06";"None";"None";"06088000KX0096";"None";"None";"15";"nan";"26";"nan";"None";"nan";"None";"None";"None";"None";"2";"3";"Dépendance";"nan";"0.0";"None";"None";"None";"None";"nan";"7.253412";"43.69937";"000KX"
"2024-45526";"2024-06-11";"1";"Vente";"42000.0";"8.0";"None";"AV FLEURS";"2460";"06000";"06088";"Nice";"06";"None";"None";"06088000KX0141";"None";"None";"9";"nan";"None";"nan";"None";"nan";"None";"None";"None";"None";"1";"3";"Dépendance";"nan";"0.0";"None";"None";"None";"None";"nan";"7.25459";"43.697935";"000KX"
"2024-45440";"2024-06-10";"1";"Vente";"591000.0";"52.0";"None";"BD FRANCOIS GROSSO";"2630";"06000";"06088";"Nice";"06";"None";"None";"06088000KX0272";"None";"None";"14";"nan";"None";"nan";"None";"nan";"None";"None";"None";"None";"1";"2";"Appartement";"96.0";"4.0";"None";"None";"None";"None";"nan";"7.25152";"43.698935";"000KX"
"2024-45385";"2024-06-07";"1";"Vente";"327750.0";"52.0";"None";"BD FRANCOIS GROSSO";"2630";"06000";"06088";"Nice";"06";"None";"None";"06088000KX0272";"None";"None";"24";"nan";"None";"nan";"None";"nan";"None";"None";"None";"None";"1";"2";"Appartement";"52.0";"2.0";"None";"None";"None";"None";"nan";"7.25152";"43.698935";"000KX"
"2024-45385";"2024-06-07";"1";"Vente";"327750.0";"52.0";"None";"BD FRANCOIS GROSSO";"2630";"06000";"06088";"Nice";"06";"None";"None";"06088000KX0272";"None";"None";"24";"nan";"None";"nan";"None";"nan";"None";"None";"None";"None";"1";"3";"Dépendance";"nan";"0.0";"None";"None";"None";"None";"nan";"7.25152";"43.698935";"000KX"
"2024-45520";"2024-06-06";"1";"Vente";"313000.0";"69.0";"None";"BD FRANCOIS GROSSO";"2630";"06000";"06088";"Nice";"06";"None";"None";"06088000KX0215";"None";"None";"46";"nan";"None";"nan";"None";"nan";"None";"None";"None";"None";"1";"2";"Appartement";"78.0";"3.0";"None";"None";"None";"None";"nan";"7.250715";"43.69887";"000KX"
"2024-45842";"2024-06-06";"1";"Vente";"135000.0";"47.0";"None";"RUE CAFFARELLI";"1005";"06000";"06088";"Nice";"06";"None";"None";"06088000KX0191";"None";"None";"59";"nan";"None";"nan";"None";"nan";"None";"None";"None";"None";"1";"2";"Appartement";"37.0";"1.0";"None";"None";"None";"None";"nan";"7.252017";"43.69921";"000KX"
"2024-45520";"2024-06-06";"1";"Vente";"313000.0";"69.0";"None";"BD FRANCOIS GROSSO";"2630";"06000";"06088";"Nice";"06";"None";"None";"06088000KX0215";"None";"None";"36";"nan";"None";"nan";"None";"nan";"None";"None";"None";"None";"1";"3";"Dépendance";"nan";"0.0";"None";"None";"None";"None";"nan";"7.250715";"43.69887";"000KX"
"2024-45837";"2024-06-04";"1";"Vente";"45000.0";"4.0";"B";"AV FLEURS";"2460";"06000";"06088";"Nice";"06";"None";"None";"06088000KX0138";"None";"None";"3";"nan";"None";"nan";"None";"nan";"None";"None";"None";"None";"1";"3";"Dépendance";"nan";"0.0";"None";"None";"None";"None";"nan";"7.255201";"43.697883";"000KX"
"2024-44847";"2024-05-28";"1";"Vente";"150000.0";"23.0";"None";"RUE FREDERIC PASSY";"2665";"06000";"06088";"Nice";"06";"None";"None";"06088000KX0274";"None";"None";"111";"nan";"140";"nan";"None";"nan";"None";"None";"None";"None";"2";"2";"Appartement";"44.0";"1.0";"None";"None";"None";"None";"nan";"7.251548";"43.699318";"000KX"
"2024-45171";"2024-05-28";"1";"Vente";"50000.0";"50.0";"None";"RUE SAINT PHILIPPE";"5895";"06000";"06088";"Nice";"06";"None";"None";"06088000KX0132";"None";"None";"1";"36.03";"2";"nan";"None";"nan";"None";"None";"None";"None";"2";"2";"Appartement";"36.0";"2.0";"None";"None";"None";"None";"nan";"7.255657";"43.69804";"000KX"
"2024-44847";"2024-05-28";"1";"Vente";"150000.0";"23.0";"None";"RUE FREDERIC PASSY";"2665";"06000";"06088";"Nice";"06";"None";"None";"06088000KX0274";"None";"None";"14";"nan";"None";"nan";"None";"nan";"None";"None";"None";"None";"1";"3";"Dépendance";"nan";"0.0";"None";"None";"None";"None";"nan";"7.251548";"43.699318";"000KX"
"2024-44847";"2024-05-28";"1";"Vente";"150000.0";"23.0";"None";"RUE FREDERIC PASSY";"2665";"06000";"06088";"Nice";"06";"None";"None";"06088000KX0274";"None";"None";"111";"nan";"140";"nan";"None";"nan";"None";"None";"None";"None";"2";"3";"Dépendance";"nan";"0.0";"None";"None";"None";"None";"nan";"7.251548";"43.699318";"000KX"
"2024-45175";"2024-05-24";"1";"Vente";"210000.0";"77.0";"B";"BD FRANCOIS GROSSO";"2630";"06000";"06088";"Nice";"06";"None";"None";"06088000KX0223";"None";"None";"None";"nan";"None";"nan";"None";"nan";"None";"None";"None";"None";"0";"2";"Appartement";"27.0";"1.0";"S";"sols";"None";"None";"62.0";"7.250752";"43.699306";"000KX"
"2024-45175";"2024-05-24";"1";"Vente";"210000.0";"77.0";"B";"BD FRANCOIS GROSSO";"2630";"06000";"06088";"Nice";"06";"None";"None";"06088000KX0223";"None";"None";"None";"nan";"None";"nan";"None";"nan";"None";"None";"None";"None";"0";"2";"Appartement";"27.0";"1.0";"S";"sols";"None";"None";"62.0";"7.250752";"43.699306";"000KX"
"2024-45004";"2024-05-23";"1";"Vente";"330000.0";"24.0";"None";"AV FLEURS";"2460";"06000";"06088";"Nice";"06";"None";"None";"06088000KX0166";"None";"None";"6";"nan";"75";"nan";"None";"nan";"None";"None";"None";"None";"2";"2";"Appartement";"95.0";"3.0";"None";"None";"None";"None";"nan";"7.252508";"43.69819";"000KX"
"2024-45004";"2024-05-23";"1";"Vente";"330000.0";"24.0";"None";"AV FLEURS";"2460";"06000";"06088";"Nice";"06";"None";"None";"06088000KX0166";"None";"None";"6";"nan";"75";"nan";"None";"nan";"None";"None";"None";"None";"2";"3";"Dépendance";"nan";"0.0";"None";"None";"None";"None";"nan";"7.252508";"43.69819";"000KX"
"2024-44592";"2024-05-22";"1";"Vente";"25000.0";"65.0";"None";"BD GAMBETTA";"2755";"06000";"06088";"Nice";"06";"None";"None";"06088000KX0027";"None";"None";"130";"nan";"None";"nan";"None";"nan";"None";"None";"None";"None";"1";"3";"Dépendance";"nan";"0.0";"None";"None";"None";"None";"nan";"7.255784";"43.701276";"000KX"
"2024-44362";"2024-05-21";"1";"Vente";"115000.0";"21.0";"None";"RUE FRANCOIS AUNE";"2615";"06000";"06088";"Nice";"06";"None";"None";"06088000KX0051";"None";"None";"2";"nan";"40";"22.7";"None";"nan";"None";"None";"None";"None";"2";"2";"Appartement";"20.0";"1.0";"None";"None";"None";"None";"nan";"7.254876";"43.700848";"000KX"
"2024-44471";"2024-05-21";"1";"Vente";"395000.0";"5.0";"None";"RUE FRANCOIS AUNE";"2615";"06000";"06088";"Nice";"06";"None";"None";"06088000KX0117";"None";"None";"135";"nan";"67";"nan";"None";"nan";"None";"None";"None";"None";"2";"2";"Appartement";"42.0";"2.0";"None";"None";"None";"None";"nan";"7.254992";"43.699127";"000KX"
"2024-44705";"2024-05-21";"1";"Vente";"255000.0";"31.0";"None";"RUE CHATEAUNEUF";"1365";"06000";"06088";"Nice";"06";"None";"None";"06088000KX0265";"None";"None";"69";"75.83";"None";"nan";"None";"nan";"None";"None";"None";"None";"1";"2";"Appartement";"77.0";"2.0";"None";"None";"None";"None";"nan";"7.252446";"43.700014";"000KX"
"2024-44471";"2024-05-21";"1";"Vente";"395000.0";"5.0";"None";"RUE FRANCOIS AUNE";"2615";"06000";"06088";"Nice";"06";"None";"None";"06088000KX0117";"None";"None";"135";"nan";"67";"nan";"None";"nan";"None";"None";"None";"None";"2";"3";"Dépendance";"nan";"0.0";"None";"None";"None";"None";"nan";"7.254992";"43.699127";"000KX"
"2024-44471";"2024-05-21";"1";"Vente";"395000.0";"5.0";"None";"RUE FRANCOIS AUNE";"2615";"06000";"06088";"Nice";"06";"None";"None";"06088000KX0117";"None";"None";"135";"nan";"67";"nan";"None";"nan";"None";"None";"None";"None";"2";"3";"Dépendance";"nan";"0.0";"None";"None";"None";"None";"nan";"7.254992";"43.699127";"000KX"
"2024-44502";"2024-05-15";"1";"Vente";"485000.0";"8.0";"None";"AV FLEURS";"2460";"06000";"06088";"Nice";"06";"None";"None";"06088000KX0141";"None";"None";"56";"nan";"None";"nan";"None";"nan";"None";"None";"None";"None";"1";"2";"Appartement";"65.0";"2.0";"None";"None";"None";"None";"nan";"7.25459";"43.697935";"000KX"
"2024-44502";"2024-05-15";"1";"Vente";"485000.0";"8.0";"None";"AV FLEURS";"2460";"06000";"06088";"Nice";"06";"None";"None";"06088000KX0141";"None";"None";"28";"nan";"None";"nan";"None";"nan";"None";"None";"None";"None";"1";"3";"Dépendance";"nan";"0.0";"None";"None";"None";"None";"nan";"7.25459";"43.697935";"000KX"
"2024-44430";"2024-05-06";"1";"Vente";"189980.0";"30.0";"None";"RUE FREDERIC PASSY";"2665";"06000";"06088";"Nice";"06";"None";"None";"06088000KX0083";"None";"None";"14";"nan";"None";"nan";"None";"nan";"None";"None";"None";"None";"1";"2";"Appartement";"29.0";"1.0";"None";"None";"None";"None";"nan";"7.251991";"43.699725";"000KX"
"2024-44430";"2024-05-06";"1";"Vente";"189980.0";"30.0";"None";"RUE FREDERIC PASSY";"2665";"06000";"06088";"Nice";"06";"None";"None";"06088000KX0083";"None";"None";"14";"nan";"None";"nan";"None";"nan";"None";"None";"None";"None";"1";"3";"Dépendance";"nan";"0.0";"None";"None";"None";"None";"nan";"7.251991";"43.699725";"000KX"
"2024-43756";"2024-05-02";"1";"Vente";"350000.0";"15.0";"None";"RUE FREDERIC PASSY";"2665";"06000";"06088";"Nice";"06";"None";"None";"06088000KX0279";"None";"None";"12";"64.85";"4";"nan";"None";"nan";"None";"None";"None";"None";"2";"2";"Appartement";"68.0";"3.0";"None";"None";"None";"None";"nan";"7.25387";"43.699334";"000KX"
"2024-44216";"2024-05-02";"1";"Vente";"245000.0";"15.0";"None";"AV SHAKESPEARE";"6220";"06000";"06088";"Nice";"06";"None";"None";"06088000KX0072";"None";"None";"36";"nan";"None";"nan";"None";"nan";"None";"None";"None";"None";"1";"2";"Appartement";"38.0";"2.0";"None";"None";"None";"None";"nan";"7.253377";"43.700082";"000KX"
"2024-43756";"2024-05-02";"1";"Vente";"350000.0";"15.0";"None";"RUE FREDERIC PASSY";"2665";"06000";"06088";"Nice";"06";"None";"None";"06088000KX0279";"None";"None";"12";"64.85";"4";"nan";"None";"nan";"None";"None";"None";"None";"2";"3";"Dépendance";"nan";"0.0";"None";"None";"None";"None";"nan";"7.25387";"43.699334";"000KX"
"2024-44186";"2024-04-29";"1";"Vente";"100000.0";"30.0";"None";"RUE CHATEAUNEUF";"1365";"06000";"06088";"Nice";"06";"None";"None";"06088000KX0009";"None";"None";"41";"26.54";"None";"nan";"None";"nan";"None";"None";"None";"None";"1";"2";"Appartement";"27.0";"1.0";"None";"None";"None";"None";"nan";"7.252935";"43.700701";"000KX"
"2024-43726";"2024-04-25";"1";"Vente";"103000.0";"5.0";"None";"AV COMBA";"1595";"06000";"06088";"Nice";"06";"None";"None";"06088000KX0054";"None";"None";"18";"nan";"45";"nan";"None";"nan";"None";"None";"None";"None";"2";"2";"Appartement";"22.0";"1.0";"None";"None";"None";"None";"nan";"7.254636";"43.700688";"000KX"
"2024-44320";"2024-04-23";"1";"Vente";"235000.0";"17.0";"None";"RUE FREDERIC PASSY";"2665";"06000";"06088";"Nice";"06";"None";"None";"06088000KX0095";"None";"None";"26";"nan";"84";"nan";"None";"nan";"None";"None";"None";"None";"2";"2";"Appartement";"61.0";"3.0";"None";"None";"None";"None";"nan";"7.253214";"43.699354";"000KX"
"2024-44320";"2024-04-23";"1";"Vente";"235000.0";"17.0";"None";"RUE FREDERIC PASSY";"2665";"06000";"06088";"Nice";"06";"None";"None";"06088000KX0095";"None";"None";"26";"nan";"84";"nan";"None";"nan";"None";"None";"None";"None";"2";"3";"Dépendance";"nan";"0.0";"None";"None";"None";"None";"nan";"7.253214";"43.699354";"000KX"
"2024-43598";"2024-04-19";"1";"Vente";"194000.0";"24.0";"None";"AV FLEURS";"2460";"06000";"06088";"Nice";"06";"None";"None";"06088000KX0166";"None";"None";"109";"nan";"15";"nan";"None";"nan";"None";"None";"None";"None";"2";"2";"Appartement";"36.0";"1.0";"None";"None";"None";"None";"nan";"7.252508";"43.69819";"000KX"
"2024-43598";"2024-04-19";"1";"Vente";"194000.0";"24.0";"None";"AV FLEURS";"2460";"06000";"06088";"Nice";"06";"None";"None";"06088000KX0166";"None";"None";"109";"nan";"15";"nan";"None";"nan";"None";"None";"None";"None";"2";"3";"Dépendance";"nan";"0.0";"None";"None";"None";"None";"nan";"7.252508";"43.69819";"000KX"
"2024-43598";"2024-04-19";"1";"Vente";"194000.0";"24.0";"None";"AV FLEURS";"2460";"06000";"06088";"Nice";"06";"None";"None";"06088000KX0166";"None";"None";"109";"nan";"15";"nan";"None";"nan";"None";"None";"None";"None";"2";"3";"Dépendance";"nan";"0.0";"None";"None";"None";"None";"nan";"7.252508";"43.69819";"000KX"
"2024-43902";"2024-04-16";"1";"Vente";"204000.0";"26.0";"None";"AV FLEURS";"2460";"06000";"06088";"Nice";"06";"None";"None";"06088000KX0315";"None";"None";"9";"nan";"None";"nan";"None";"nan";"None";"None";"None";"None";"1";"2";"Appartement";"40.0";"2.0";"None";"None";"None";"None";"nan";"7.252189";"43.6986";"000KX"
"2024-43902";"2024-04-16";"1";"Vente";"204000.0";"26.0";"None";"AV FLEURS";"2460";"06000";"06088";"Nice";"06";"None";"None";"06088000KX0315";"None";"None";"9";"nan";"None";"nan";"None";"nan";"None";"None";"None";"None";"1";"3";"Dépendance";"nan";"0.0";"None";"None";"None";"None";"nan";"7.252189";"43.6986";"000KX"
"2024-43375";"2024-04-15";"1";"Vente";"250000.0";"10.0";"None";"AV DEPOILLY";"1910";"06000";"06088";"Nice";"06";"None";"None";"06088000KX0049";"None";"None";"55";"79.57";"None";"nan";"None";"nan";"None";"None";"None";"None";"1";"2";"Appartement";"82.0";"1.0";"None";"None";"None";"None";"nan";"7.254871";"43.700349";"000KX"
"2024-43378";"2024-04-13";"1";"Vente";"36000.0";"38.0";"None";"RUE CHATEAUNEUF";"1365";"06000";"06088";"Nice";"06";"None";"None";"06088000KX0004";"None";"None";"34";"nan";"None";"nan";"None";"nan";"None";"None";"None";"None";"1";"3";"Dépendance";"nan";"0.0";"None";"None";"None";"None";"nan";"7.252097";"43.700324";"000KX"
"2024-43173";"2024-04-11";"1";"Vente";"132000.0";"13.0";"None";"AV SHAKESPEARE";"6220";"06000";"06088";"Nice";"06";"None";"None";"06088000KX0068";"None";"None";"67";"nan";"None";"nan";"None";"nan";"None";"None";"None";"None";"1";"2";"Appartement";"31.0";"1.0";"None";"None";"None";"None";"nan";"7.253239";"43.699852";"000KX"
"2024-43280";"2024-04-11";"1";"Vente";"390000.0";"16.0";"None";"AV DEPOILLY";"1910";"06000";"06088";"Nice";"06";"None";"None";"06088000KX0046";"None";"None";"24";"68.93";"None";"nan";"None";"nan";"None";"None";"None";"None";"1";"2";"Appartement";"69.0";"4.0";"None";"None";"None";"None";"nan";"7.254249";"43.700053";"000KX"
"2024-43291";"2024-04-11";"1";"Vente";"234900.0";"7.0";"None";"RUE SAUSSURE";"6115";"06000";"06088";"Nice";"06";"None";"None";"06088000KX0063";"None";"None";"11";"51.78";"2";"nan";"None";"nan";"None";"None";"None";"None";"2";"2";"Appartement";"49.0";"3.0";"None";"None";"None";"None";"nan";"7.253956";"43.700102";"000KX"
"2024-43291";"2024-04-11";"1";"Vente";"234900.0";"7.0";"None";"RUE SAUSSURE";"6115";"06000";"06088";"Nice";"06";"None";"None";"06088000KX0063";"None";"None";"11";"51.78";"2";"nan";"None";"nan";"None";"None";"None";"None";"2";"3";"Dépendance";"nan";"0.0";"None";"None";"None";"None";"nan";"7.253956";"43.700102";"000KX"
"2024-43660";"2024-04-09";"1";"Vente";"120000.0";"22.0";"None";"RUE COLONEL MUSSO";"1585";"06000";"06088";"Nice";"06";"None";"None";"06088000KX0310";"None";"None";"137";"nan";"None";"nan";"None";"nan";"None";"None";"None";"None";"1";"2";"Appartement";"27.0";"1.0";"None";"None";"None";"None";"nan";"7.25206";"43.698905";"000KX"
"2024-43912";"2024-04-09";"1";"Vente";"151000.0";"13.0";"None";"AV SHAKESPEARE";"6220";"06000";"06088";"Nice";"06";"None";"None";"06088000KX0068";"None";"None";"93";"nan";"None";"nan";"None";"nan";"None";"None";"None";"None";"1";"2";"Appartement";"27.0";"1.0";"None";"None";"None";"None";"nan";"7.253239";"43.699852";"000KX"
"2024-43660";"2024-04-09";"1";"Vente";"120000.0";"22.0";"None";"RUE COLONEL MUSSO";"1585";"06000";"06088";"Nice";"06";"None";"None";"06088000KX0310";"None";"None";"123";"nan";"None";"nan";"None";"nan";"None";"None";"None";"None";"1";"3";"Dépendance";"nan";"0.0";"None";"None";"None";"None";"nan";"7.25206";"43.698905";"000KX"
"2024-43260";"2024-04-08";"1";"Vente";"495000.0";"4.0";"B";"AV FLEURS";"2460";"06000";"06088";"Nice";"06";"None";"None";"06088000KX0138";"None";"None";"105";"nan";"60";"109.18";"None";"nan";"None";"None";"None";"None";"2";"2";"Appartement";"104.0";"5.0";"None";"None";"None";"None";"nan";"7.255201";"43.697883";"000KX"
"2024-43260";"2024-04-08";"1";"Vente";"495000.0";"4.0";"B";"AV FLEURS";"2460";"06000";"06088";"Nice";"06";"None";"None";"06088000KX0138";"None";"None";"105";"nan";"60";"109.18";"None";"nan";"None";"None";"None";"None";"2";"3";"Dépendance";"nan";"0.0";"None";"None";"None";"None";"nan";"7.255201";"43.697883";"000KX"
"2024-43260";"2024-04-08";"1";"Vente";"495000.0";"4.0";"B";"AV FLEURS";"2460";"06000";"06088";"Nice";"06";"None";"None";"06088000KX0138";"None";"None";"105";"nan";"60";"109.18";"None";"nan";"None";"None";"None";"None";"2";"3";"Dépendance";"nan";"0.0";"None";"None";"None";"None";"nan";"7.255201";"43.697883";"000KX"
"2024-43137";"2024-04-05";"1";"Vente";"500000.0";"22.0";"None";"AV FLEURS";"2460";"06000";"06088";"Nice";"06";"None";"None";"06088000KX0165";"None";"None";"10";"nan";"71";"78.41";"None";"nan";"None";"None";"None";"None";"2";"2";"Appartement";"77.0";"3.0";"None";"None";"None";"None";"nan";"7.252823";"43.698184";"000KX"
"2024-43137";"2024-04-05";"1";"Vente";"500000.0";"22.0";"None";"AV FLEURS";"2460";"06000";"06088";"Nice";"06";"None";"None";"06088000KX0165";"None";"None";"10";"nan";"71";"78.41";"None";"nan";"None";"None";"None";"None";"2";"3";"Dépendance";"nan";"0.0";"None";"None";"None";"None";"nan";"7.252823";"43.698184";"000KX"
"2024-42966";"2024-04-04";"1";"Vente";"109300.0";"52.0";"None";"RUE DES POTIERS";"5225";"06000";"06088";"Nice";"06";"None";"None";"06088000KX0312";"None";"None";"1";"24.29";"None";"nan";"None";"nan";"None";"None";"None";"None";"1";"2";"Appartement";"25.0";"1.0";"None";"None";"None";"None";"nan";"7.252086";"43.69838";"000KX"
"2024-43135";"2024-04-04";"1";"Vente";"225000.0";"4.0";"B";"AV FLEURS";"2460";"06000";"06088";"Nice";"06";"None";"None";"06088000KX0138";"None";"None";"68";"34.68";"None";"nan";"None";"nan";"None";"None";"None";"None";"1";"2";"Appartement";"36.0";"1.0";"None";"None";"None";"None";"nan";"7.255201";"43.697883";"000KX"
"2024-43181";"2024-04-04";"1";"Vente";"168000.0";"7.0";"None";"RUE SAUSSURE";"6115";"06000";"06088";"Nice";"06";"None";"None";"06088000KX0063";"None";"None";"13";"nan";"None";"nan";"None";"nan";"None";"None";"None";"None";"1";"2";"Appartement";"50.0";"3.0";"None";"None";"None";"None";"nan";"7.253956";"43.700102";"000KX"
"2024-43135";"2024-04-04";"1";"Vente";"225000.0";"4.0";"B";"AV FLEURS";"2460";"06000";"06088";"Nice";"06";"None";"None";"06088000KX0138";"None";"None";"68";"34.68";"None";"nan";"None";"nan";"None";"None";"None";"None";"1";"3";"Dépendance";"nan";"0.0";"None";"None";"None";"None";"nan";"7.255201";"43.697883";"000KX"
"2024-43135";"2024-04-04";"1";"Vente";"225000.0";"4.0";"B";"AV FLEURS";"2460";"06000";"06088";"Nice";"06";"None";"None";"06088000KX0138";"None";"None";"68";"34.68";"None";"nan";"None";"nan";"None";"None";"None";"None";"1";"3";"Dépendance";"nan";"0.0";"None";"None";"None";"None";"nan";"7.255201";"43.697883";"000KX"
"2024-43181";"2024-04-04";"1";"Vente";"168000.0";"7.0";"None";"RUE SAUSSURE";"6115";"06000";"06088";"Nice";"06";"None";"None";"06088000KX0063";"None";"None";"13";"nan";"None";"nan";"None";"nan";"None";"None";"None";"None";"1";"3";"Dépendance";"nan";"0.0";"None";"None";"None";"None";"nan";"7.253956";"43.700102";"000KX"
"2024-42878";"2024-04-03";"1";"Vente";"370000.0";"5.0";"None";"RUE FRANCOIS AUNE";"2615";"06000";"06088";"Nice";"06";"None";"None";"06088000KX0117";"None";"None";"132";"69.36";"94";"nan";"None";"nan";"None";"None";"None";"None";"2";"2";"Appartement";"70.0";"2.0";"None";"None";"None";"None";"nan";"7.254992";"43.699127";"000KX"
"2024-42878";"2024-04-03";"1";"Vente";"370000.0";"5.0";"None";"RUE FRANCOIS AUNE";"2615";"06000";"06088";"Nice";"06";"None";"None";"06088000KX0117";"None";"None";"132";"69.36";"94";"nan";"None";"nan";"None";"None";"None";"None";"2";"3";"Dépendance";"nan";"0.0";"None";"None";"None";"None";"nan";"7.254992";"43.699127";"000KX"
"2024-42878";"2024-04-03";"1";"Vente";"370000.0";"5.0";"None";"RUE FRANCOIS AUNE";"2615";"06000";"06088";"Nice";"06";"None";"None";"06088000KX0117";"None";"None";"132";"69.36";"94";"nan";"None";"nan";"None";"None";"None";"None";"2";"3";"Dépendance";"nan";"0.0";"None";"None";"None";"None";"nan";"7.254992";"43.699127";"000KX"
"2024-42882";"2024-04-03";"1";"Vente";"50000.0";"5.0";"None";"RUE FRANCOIS AUNE";"2615";"06000";"06088";"Nice";"06";"None";"None";"06088000KX0117";"None";"None";"80";"nan";"None";"nan";"None";"nan";"None";"None";"None";"None";"1";"3";"Dépendance";"nan";"0.0";"None";"None";"None";"None";"nan";"7.254992";"43.699127";"000KX"
"2024-43018";"2024-03-29";"1";"Vente";"320000.0";"14.0";"None";"AV SHAKESPEARE";"6220";"06000";"06088";"Nice";"06";"None";"None";"06088000KX0064";"None";"None";"26";"nan";"47";"76.5";"None";"nan";"None";"None";"None";"None";"2";"2";"Appartement";"73.0";"3.0";"None";"None";"None";"None";"nan";"7.253902";"43.699996";"000KX"
"2024-43439";"2024-03-29";"1";"Vente";"98000.0";"40.0";"None";"RUE CHATEAUNEUF";"1365";"06000";"06088";"Nice";"06";"None";"None";"06088000KX0246";"None";"None";"32";"55.27";"None";"nan";"None";"nan";"None";"None";"None";"None";"1";"2";"Appartement";"55.0";"3.0";"None";"None";"None";"None";"nan";"7.251927";"43.700251";"000KX"
"2024-43018";"2024-03-29";"1";"Vente";"320000.0";"14.0";"None";"AV SHAKESPEARE";"6220";"06000";"06088";"Nice";"06";"None";"None";"06088000KX0064";"None";"None";"26";"nan";"47";"76.5";"None";"nan";"None";"None";"None";"None";"2";"3";"Dépendance";"nan";"0.0";"None";"None";"None";"None";"nan";"7.253902";"43.699996";"000KX"
"2024-42698";"2024-03-28";"1";"Vente";"343000.0";"26.0";"None";"RUE FREDERIC PASSY";"2665";"06000";"06088";"Nice";"06";"None";"None";"06088000KX0081";"None";"None";"10";"75.31";"4";"nan";"None";"nan";"None";"None";"None";"None";"2";"2";"Appartement";"70.0";"3.0";"None";"None";"None";"None";"nan";"7.252299";"43.699722";"000KX"
"2024-42831";"2024-03-28";"1";"Vente";"112000.0";"13.0";"None";"AV SHAKESPEARE";"6220";"06000";"06088";"Nice";"06";"None";"None";"06088000KX0068";"None";"None";"40";"26.68";"None";"nan";"None";"nan";"None";"None";"None";"None";"1";"2";"Appartement";"22.0";"1.0";"None";"None";"None";"None";"nan";"7.253239";"43.699852";"000KX"
"2024-43130";"2024-03-28";"1";"Vente";"90000.0";"13.0";"None";"AV SHAKESPEARE";"6220";"06000";"06088";"Nice";"06";"None";"None";"06088000KX0068";"None";"None";"53";"nan";"None";"nan";"None";"nan";"None";"None";"None";"None";"1";"2";"Appartement";"30.0";"2.0";"None";"None";"None";"None";"nan";"7.253239";"43.699852";"000KX"
"2024-43337";"2024-03-28";"1";"Vente";"155000.0";"47.0";"None";"RUE CAFFARELLI";"1005";"06000";"06088";"Nice";"06";"None";"None";"06088000KX0191";"None";"None";"66";"nan";"None";"nan";"None";"nan";"None";"None";"None";"None";"1";"2";"Appartement";"48.0";"2.0";"None";"None";"None";"None";"nan";"7.252017";"43.69921";"000KX"
"2024-42698";"2024-03-28";"1";"Vente";"343000.0";"26.0";"None";"RUE FREDERIC PASSY";"2665";"06000";"06088";"Nice";"06";"None";"None";"06088000KX0081";"None";"None";"10";"75.31";"4";"nan";"None";"nan";"None";"None";"None";"None";"2";"3";"Dépendance";"nan";"0.0";"None";"None";"None";"None";"nan";"7.252299";"43.699722";"000KX"
"2024-42703";"2024-03-25";"1";"Vente";"118230.0";"26.0";"None";"RUE CHATEAUNEUF";"1365";"06000";"06088";"Nice";"06";"None";"None";"06088000KX0011";"None";"None";"16";"36.12";"2";"nan";"None";"nan";"None";"None";"None";"None";"2";"2";"Appartement";"36.0";"1.0";"None";"None";"None";"None";"nan";"7.253241";"43.700726";"000KX"
"2024-42703";"2024-03-25";"1";"Vente";"118230.0";"26.0";"None";"RUE CHATEAUNEUF";"1365";"06000";"06088";"Nice";"06";"None";"None";"06088000KX0011";"None";"None";"16";"36.12";"2";"nan";"None";"nan";"None";"None";"None";"None";"2";"3";"Dépendance";"nan";"0.0";"None";"None";"None";"None";"nan";"7.253241";"43.700726";"000KX"
"2024-42096";"2024-03-20";"1";"Vente";"976710.0";"5.0";"None";"RUE FRANCOIS AUNE";"2615";"06000";"06088";"Nice";"06";"None";"None";"06088000KX0117";"None";"None";"144";"nan";"93";"nan";"None";"nan";"None";"None";"None";"None";"2";"2";"Appartement";"117.0";"4.0";"None";"None";"None";"None";"nan";"7.254992";"43.699127";"000KX"
"2024-42445";"2024-03-20";"1";"Vente";"562760.56";"5.0";"None";"RUE FRANCOIS AUNE";"2615";"06000";"06088";"Nice";"06";"None";"None";"06088000KX0117";"None";"None";"123";"nan";"None";"nan";"None";"nan";"None";"None";"None";"None";"1";"2";"Appartement";"82.0";"3.0";"None";"None";"None";"None";"nan";"7.254992";"43.699127";"000KX"
"2024-42096";"2024-03-20";"1";"Vente";"976710.0";"5.0";"None";"RUE FRANCOIS AUNE";"2615";"06000";"06088";"Nice";"06";"None";"None";"06088000KX0117";"None";"None";"144";"nan";"93";"nan";"None";"nan";"None";"None";"None";"None";"2";"3";"Dépendance";"nan";"0.0";"None";"None";"None";"None";"nan";"7.254992";"43.699127";"000KX"
"2024-42096";"2024-03-20";"1";"Vente";"976710.0";"5.0";"None";"RUE FRANCOIS AUNE";"2615";"06000";"06088";"Nice";"06";"None";"None";"06088000KX0117";"None";"None";"144";"nan";"93";"nan";"None";"nan";"None";"None";"None";"None";"2";"3";"Dépendance";"nan";"0.0";"None";"None";"None";"None";"nan";"7.254992";"43.699127";"000KX"
"2024-42445";"2024-03-20";"1";"Vente";"562760.56";"5.0";"None";"RUE FRANCOIS AUNE";"2615";"06000";"06088";"Nice";"06";"None";"None";"06088000KX0117";"None";"None";"123";"nan";"None";"nan";"None";"nan";"None";"None";"None";"None";"1";"3";"Dépendance";"nan";"0.0";"None";"None";"None";"None";"nan";"7.254992";"43.699127";"000KX"
"2024-42445";"2024-03-20";"1";"Vente";"562760.56";"5.0";"None";"RUE FRANCOIS AUNE";"2615";"06000";"06088";"Nice";"06";"None";"None";"06088000KX0117";"None";"None";"147";"nan";"None";"nan";"None";"nan";"None";"None";"None";"None";"1";"3";"Dépendance";"nan";"0.0";"None";"None";"None";"None";"nan";"7.254992";"43.699127";"000KX"
"2024-42248";"2024-03-18";"1";"Vente";"118000.0";"47.0";"None";"RUE CAFFARELLI";"1005";"06000";"06088";"Nice";"06";"None";"None";"06088000KX0191";"None";"None";"104";"nan";"None";"nan";"None";"nan";"None";"None";"None";"None";"1";"2";"Appartement";"21.0";"1.0";"None";"None";"None";"None";"nan";"7.252017";"43.69921";"000KX"
"2024-42308";"2024-03-14";"1";"Vente";"115000.0";"16.0";"None";"RUE FREDERIC PASSY";"2665";"06000";"06088";"Nice";"06";"None";"None";"06088000KX0067";"None";"None";"155";"nan";"None";"nan";"None";"nan";"None";"None";"None";"None";"1";"2";"Appartement";"30.0";"1.0";"None";"None";"None";"None";"nan";"7.253849";"43.699766";"000KX"
"2024-41904";"2024-03-08";"1";"Vente";"155000.0";"52.0";"None";"BD FRANCOIS GROSSO";"2630";"06000";"06088";"Nice";"06";"None";"None";"06088000KX0272";"None";"None";"22";"27.29";"None";"nan";"None";"nan";"None";"None";"None";"None";"1";"2";"Appartement";"28.0";"1.0";"None";"None";"None";"None";"nan";"7.25152";"43.698935";"000KX"
"2024-41641";"2024-03-05";"1";"Vente";"131320.0";"19.0";"None";"RUE FRANCOIS AUNE";"2615";"06000";"06088";"Nice";"06";"None";"None";"06088000KX0050";"None";"None";"1";"nan";"None";"nan";"None";"nan";"None";"None";"None";"None";"1";"2";"Appartement";"30.0";"1.0";"None";"None";"None";"None";"nan";"7.254873";"43.700653";"000KX"
"2024-41974";"2024-03-05";"1";"Vente";"616570.0";"10.0";"None";"AV FLEURS";"2460";"06000";"06088";"Nice";"06";"None";"None";"06088000KX0145";"None";"None";"12";"nan";"None";"nan";"None";"nan";"None";"None";"None";"None";"1";"2";"Appartement";"87.0";"4.0";"None";"None";"None";"None";"nan";"7.254212";"43.698205";"000KX"
"2024-41641";"2024-03-05";"1";"Vente";"131320.0";"19.0";"None";"RUE FRANCOIS AUNE";"2615";"06000";"06088";"Nice";"06";"None";"None";"06088000KX0050";"None";"None";"1";"nan";"None";"nan";"None";"nan";"None";"None";"None";"None";"1";"3";"Dépendance";"nan";"0.0";"None";"None";"None";"None";"nan";"7.254873";"43.700653";"000KX"
"2024-41974";"2024-03-05";"1";"Vente";"616570.0";"10.0";"None";"AV FLEURS";"2460";"06000";"06088";"Nice";"06";"None";"None";"06088000KX0145";"None";"None";"212";"nan";"None";"nan";"None";"nan";"None";"None";"None";"None";"1";"3";"Dépendance";"nan";"0.0";"None";"None";"None";"None";"nan";"7.254212";"43.698205";"000KX"
"2024-42408";"2024-02-28";"1";"Vente";"1085000.0";"6.0";"None";"AV DEPOILLY";"1910";"06000";"06088";"Nice";"06";"None";"None";"06088000KX0038";"None";"None";"24";"nan";"None";"nan";"None";"nan";"None";"None";"None";"None";"1";"2";"Appartement";"154.0";"8.0";"None";"None";"None";"None";"nan";"7.255307";"43.700328";"000KX"
"2024-42408";"2024-02-28";"1";"Vente";"1085000.0";"6.0";"None";"AV DEPOILLY";"1910";"06000";"06088";"Nice";"06";"None";"None";"06088000KX0038";"None";"None";"21";"nan";"None";"nan";"None";"nan";"None";"None";"None";"None";"1";"3";"Dépendance";"nan";"0.0";"None";"None";"None";"None";"nan";"7.255307";"43.700328";"000KX"
"2024-41838";"2024-02-26";"1";"Vente";"130000.0";"10.0";"None";"AV FLEURS";"2460";"06000";"06088";"Nice";"06";"None";"None";"06088000KX0145";"None";"None";"232";"24.04";"None";"nan";"None";"nan";"None";"None";"None";"None";"1";"2";"Appartement";"24.0";"2.0";"None";"None";"None";"None";"nan";"7.254212";"43.698205";"000KX"
"2024-42016";"2024-02-26";"1";"Vente";"115000.0";"13.0";"None";"AV SHAKESPEARE";"6220";"06000";"06088";"Nice";"06";"None";"None";"06088000KX0068";"None";"None";"92";"nan";"None";"nan";"None";"nan";"None";"None";"None";"None";"1";"2";"Appartement";"30.0";"1.0";"None";"None";"None";"None";"nan";"7.253239";"43.699852";"000KX"
"2024-41768";"2024-02-23";"1";"Vente";"63000.0";"36.0";"None";"RUE CHATEAUNEUF";"1365";"06000";"06088";"Nice";"06";"None";"None";"06088000KX0005";"None";"None";"20";"nan";"4";"nan";"None";"nan";"None";"None";"None";"None";"2";"2";"Appartement";"36.0";"2.0";"None";"None";"None";"None";"nan";"7.252243";"43.700401";"000KX"
"2024-41768";"2024-02-23";"1";"Vente";"63000.0";"36.0";"None";"RUE CHATEAUNEUF";"1365";"06000";"06088";"Nice";"06";"None";"None";"06088000KX0005";"None";"None";"20";"nan";"4";"nan";"None";"nan";"None";"None";"None";"None";"2";"3";"Dépendance";"nan";"0.0";"None";"None";"None";"None";"nan";"7.252243";"43.700401";"000KX"
"2024-41817";"2024-02-23";"1";"Vente";"460000.0";"23.0";"None";"RUE FREDERIC PASSY";"2665";"06000";"06088";"Nice";"06";"None";"None";"06088000KX0274";"None";"None";"49";"nan";"None";"nan";"None";"nan";"None";"None";"None";"None";"1";"3";"Dépendance";"nan";"0.0";"None";"None";"None";"None";"nan";"7.251548";"43.699318";"000KX"
"2024-41817";"2024-02-23";"1";"Vente";"460000.0";"23.0";"None";"RUE FREDERIC PASSY";"2665";"06000";"06088";"Nice";"06";"None";"None";"06088000KX0274";"None";"None";"17";"nan";"None";"nan";"None";"nan";"None";"None";"None";"None";"1";"3";"Dépendance";"nan";"0.0";"None";"None";"None";"None";"nan";"7.251548";"43.699318";"000KX"
"2024-41817";"2024-02-23";"1";"Vente";"460000.0";"23.0";"None";"RUE FREDERIC PASSY";"2665";"06000";"06088";"Nice";"06";"None";"None";"06088000KX0274";"None";"None";"85";"nan";"None";"nan";"None";"nan";"None";"None";"None";"None";"1";"3";"Dépendance";"nan";"0.0";"None";"None";"None";"None";"nan";"7.251548";"43.699318";"000KX"
"2024-41817";"2024-02-23";"1";"Vente";"460000.0";"23.0";"None";"RUE FREDERIC PASSY";"2665";"06000";"06088";"Nice";"06";"None";"None";"06088000KX0274";"None";"None";"107";"nan";"121";"nan";"None";"nan";"None";"None";"None";"None";"2";"4";"Local industriel. commercial ou assimilé";"158.0";"0.0";"None";"None";"None";"None";"nan";"7.251548";"43.699318";"000KX"
"2024-42013";"2024-02-21";"1";"Vente";"8500.0";"14.0";"None";"RUE FREDERIC PASSY";"2665";"06000";"06088";"Nice";"06";"None";"None";"06088000KX0066";"None";"None";"32";"nan";"None";"nan";"None";"nan";"None";"None";"None";"None";"1";"3";"Dépendance";"nan";"0.0";"None";"None";"None";"None";"nan";"7.254213";"43.699719";"000KX"
"2024-41383";"2024-02-19";"1";"Vente";"70000.0";"30.0";"None";"RUE CHATEAUNEUF";"1365";"06000";"06088";"Nice";"06";"None";"None";"06088000KX0009";"None";"None";"7";"nan";"None";"nan";"None";"nan";"None";"None";"None";"None";"1";"4";"Local industriel. commercial ou assimilé";"40.0";"0.0";"None";"None";"None";"None";"nan";"7.252935";"43.700701";"000KX"
"2024-41910";"2024-02-16";"1";"Vente";"300000.0";"56.0";"None";"RUE SAINT PHILIPPE";"5895";"06000";"06088";"Nice";"06";"None";"None";"06088000KX0268";"None";"None";"67";"nan";"68";"nan";"None";"nan";"None";"None";"None";"None";"2";"2";"Appartement";"55.0";"2.0";"None";"None";"None";"None";"nan";"7.255857";"43.698182";"000KX"
"2024-41910";"2024-02-16";"1";"Vente";"300000.0";"56.0";"None";"RUE SAINT PHILIPPE";"5895";"06000";"06088";"Nice";"06";"None";"None";"06088000KX0268";"None";"None";"67";"nan";"68";"nan";"None";"nan";"None";"None";"None";"None";"2";"3";"Dépendance";"nan";"0.0";"None";"None";"None";"None";"nan";"7.255857";"43.698182";"000KX"
"2024-41889";"2024-02-14";"1";"Vente";"285000.0";"73.0";"None";"BD GAMBETTA";"2755";"06000";"06088";"Nice";"06";"None";"None";"06088000KX0025";"None";"None";"14";"nan";"5";"nan";"None";"nan";"None";"None";"None";"None";"2";"2";"Appartement";"76.0";"4.0";"None";"None";"None";"None";"nan";"7.255916";"43.70186";"000KX"
"2024-41889";"2024-02-14";"1";"Vente";"285000.0";"73.0";"None";"BD GAMBETTA";"2755";"06000";"06088";"Nice";"06";"None";"None";"06088000KX0025";"None";"None";"14";"nan";"5";"nan";"None";"nan";"None";"None";"None";"None";"2";"3";"Dépendance";"nan";"0.0";"None";"None";"None";"None";"nan";"7.255916";"43.70186";"000KX"
"2024-41287";"2024-02-08";"1";"Vente";"196000.0";"4.0";"None";"RUE PERE A VALENSIN";"4945";"06000";"06088";"Nice";"06";"None";"None";"06088000KX0079";"None";"None";"44";"42.33";"None";"nan";"None";"nan";"None";"None";"None";"None";"1";"2";"Appartement";"42.0";"2.0";"None";"None";"None";"None";"nan";"7.25268";"43.69985";"000KX"
"2024-41287";"2024-02-08";"1";"Vente";"196000.0";"4.0";"None";"RUE PERE A VALENSIN";"4945";"06000";"06088";"Nice";"06";"None";"None";"06088000KX0079";"None";"None";"44";"42.33";"None";"nan";"None";"nan";"None";"None";"None";"None";"1";"3";"Dépendance";"nan";"0.0";"None";"None";"None";"None";"nan";"7.25268";"43.69985";"000KX"
"2024-40759";"2024-02-05";"1";"Vente";"55000.0";"20.0";"None";"RUE CHATEAUNEUF";"1365";"06000";"06088";"Nice";"06";"None";"None";"06088000KX0016";"None";"None";"44";"nan";"None";"nan";"None";"nan";"None";"None";"None";"None";"1";"2";"Appartement";"20.0";"1.0";"None";"None";"None";"None";"nan";"7.253845";"43.701009";"000KX"
"2024-40806";"2024-02-05";"1";"Vente";"653820.0";"10.0";"None";"AV FLEURS";"2460";"06000";"06088";"Nice";"06";"None";"None";"06088000KX0145";"None";"None";"59";"nan";"None";"nan";"None";"nan";"None";"None";"None";"None";"1";"2";"Appartement";"87.0";"4.0";"None";"None";"None";"None";"nan";"7.254212";"43.698205";"000KX"
"2024-40769";"2024-02-05";"1";"Vente";"40000.0";"47.0";"None";"RUE CAFFARELLI";"1005";"06000";"06088";"Nice";"06";"None";"None";"06088000KX0191";"None";"None";"37";"nan";"None";"nan";"None";"nan";"None";"None";"None";"None";"1";"3";"Dépendance";"nan";"0.0";"None";"None";"None";"None";"nan";"7.252017";"43.69921";"000KX"
"2024-40806";"2024-02-05";"1";"Vente";"653820.0";"10.0";"None";"AV FLEURS";"2460";"06000";"06088";"Nice";"06";"None";"None";"06088000KX0145";"None";"None";"173";"nan";"None";"nan";"None";"nan";"None";"None";"None";"None";"1";"3";"Dépendance";"nan";"0.0";"None";"None";"None";"None";"nan";"7.254212";"43.698205";"000KX"
"2024-40482";"2024-01-26";"1";"Vente";"215000.0";"13.0";"None";"AV SHAKESPEARE";"6220";"06000";"06088";"Nice";"06";"None";"None";"06088000KX0068";"None";"None";"140";"27.06";"None";"nan";"None";"nan";"None";"None";"None";"None";"1";"2";"Appartement";"31.0";"1.0";"None";"None";"None";"None";"nan";"7.253239";"43.699852";"000KX"
"2024-41475";"2024-01-25";"1";"Vente";"585000.0";"35.0";"None";"BD GAMBETTA";"2755";"06000";"06088";"Nice";"06";"None";"None";"06088000KX0135";"None";"None";"10";"nan";"None";"nan";"None";"nan";"None";"None";"None";"None";"1";"2";"Appartement";"78.0";"3.0";"None";"None";"None";"None";"nan";"7.255992";"43.697774";"000KX"
"2024-40620";"2024-01-24";"1";"Vente";"23200.0";"4.0";"None";"RUE CHATEAUNEUF";"1365";"06000";"06088";"Nice";"06";"None";"None";"06088000KX0023";"None";"None";"54";"nan";"None";"nan";"None";"nan";"None";"None";"None";"None";"1";"3";"Dépendance";"nan";"0.0";"None";"None";"None";"None";"nan";"7.255705";"43.701793";"000KX"
"2024-40005";"2024-01-19";"1";"Vente";"100000.0";"20.0";"None";"RUE CHATEAUNEUF";"1365";"06000";"06088";"Nice";"06";"None";"None";"06088000KX0016";"None";"None";"48";"22.66";"None";"nan";"None";"nan";"None";"None";"None";"None";"1";"2";"Appartement";"21.0";"1.0";"None";"None";"None";"None";"nan";"7.253845";"43.701009";"000KX"
"2024-40243";"2024-01-16";"1";"Vente";"480000.0";"24.0";"None";"RUE FREDERIC PASSY";"2665";"06000";"06088";"Nice";"06";"None";"None";"06088000KX0266";"None";"None";"65";"nan";"None";"nan";"None";"nan";"None";"None";"None";"None";"1";"2";"Appartement";"95.0";"3.0";"None";"None";"None";"None";"nan";"7.252477";"43.699776";"000KX"
"2024-39973";"2024-01-15";"1";"Vente";"106000.0";"8.0";"None";"RUE CAFFARELLI";"1005";"06000";"06088";"Nice";"06";"None";"None";"06088000KX0323";"None";"None";"47";"22.07";"None";"nan";"None";"nan";"None";"None";"None";"None";"1";"2";"Appartement";"23.0";"1.0";"None";"None";"None";"None";"nan";"7.254798";"43.698958";"000KX"
"2024-40662";"2024-01-12";"1";"Vente";"174000.0";"13.0";"None";"AV SHAKESPEARE";"6220";"06000";"06088";"Nice";"06";"None";"None";"06088000KX0068";"None";"None";"83";"nan";"None";"nan";"None";"nan";"None";"None";"None";"None";"1";"2";"Appartement";"33.0";"1.0";"None";"None";"None";"None";"nan";"7.253239";"43.699852";"000KX"
"2024-40705";"2024-01-11";"1";"Vente";"375100.0";"10.0";"None";"AV FLEURS";"2460";"06000";"06088";"Nice";"06";"None";"None";"06088000KX0145";"None";"None";"24";"66.0";"None";"nan";"None";"nan";"None";"None";"None";"None";"1";"2";"Appartement";"67.0";"2.0";"None";"None";"None";"None";"nan";"7.254212";"43.698205";"000KX"
"2024-40705";"2024-01-11";"1";"Vente";"375100.0";"10.0";"None";"AV FLEURS";"2460";"06000";"06088";"Nice";"06";"None";"None";"06088000KX0145";"None";"None";"156";"nan";"None";"nan";"None";"nan";"None";"None";"None";"None";"1";"3";"Dépendance";"nan";"0.0";"None";"None";"None";"None";"nan";"7.254212";"43.698205";"000KX"
"2024-39712";"2024-01-08";"1";"Vente";"610000.0";"58.0";"None";"BD FRANCOIS GROSSO";"2630";"06000";"06088";"Nice";"06";"None";"None";"06088000KX0202";"None";"None";"1";"nan";"10";"nan";"11";"nan";"2";"None";"8";"None";"6";"4";"Local industriel. commercial ou assimilé";"159.0";"0.0";"None";"None";"None";"None";"nan";"7.251362";"43.699286";"000KX"
"2024-39860";"2024-01-05";"1";"Vente";"385000.0";"45.0";"None";"BD GAMBETTA";"2755";"06000";"06088";"Nice";"06";"None";"None";"06088000KX0127";"None";"None";"20";"nan";"53";"nan";"None";"nan";"None";"None";"None";"None";"2";"2";"Appartement";"87.0";"3.0";"None";"None";"None";"None";"nan";"7.255851";"43.699054";"000KX"
"2024-39860";"2024-01-05";"1";"Vente";"385000.0";"45.0";"None";"BD GAMBETTA";"2755";"06000";"06088";"Nice";"06";"None";"None";"06088000KX0127";"None";"None";"20";"nan";"53";"nan";"None";"nan";"None";"None";"None";"None";"2";"3";"Dépendance";"nan";"0.0";"None";"None";"None";"None";"nan";"7.255851";"43.699054";"000KX"
"2023-59724";"2023-12-29";"1";"Vente";"580200.0";"10.0";"None";"AV FLEURS";"2460";"06000";"06088";"Nice";"06";"None";"None";"06088000KX0145";"None";"None";"10";"nan";"None";"nan";"None";"nan";"None";"None";"None";"None";"1";"2";"Appartement";"110.0";"5.0";"None";"None";"None";"None";"nan";"7.254212";"43.698205";"000KX"
"2023-59799";"2023-12-29";"1";"Vente";"500000.0";"10.0";"None";"AV FLEURS";"2460";"06000";"06088";"Nice";"06";"None";"None";"06088000KX0145";"None";"None";"54";"82.02";"None";"nan";"None";"nan";"None";"None";"None";"None";"1";"2";"Appartement";"83.0";"4.0";"None";"None";"None";"None";"nan";"7.254212";"43.698205";"000KX"
"2023-59724";"2023-12-29";"1";"Vente";"580200.0";"10.0";"None";"AV FLEURS";"2460";"06000";"06088";"Nice";"06";"None";"None";"06088000KX0145";"None";"None";"137";"nan";"None";"nan";"None";"nan";"None";"None";"None";"None";"1";"3";"Dépendance";"nan";"0.0";"None";"None";"None";"None";"nan";"7.254212";"43.698205";"000KX"
"2023-59799";"2023-12-29";"1";"Vente";"500000.0";"10.0";"None";"AV FLEURS";"2460";"06000";"06088";"Nice";"06";"None";"None";"06088000KX0145";"None";"None";"147";"nan";"None";"nan";"None";"nan";"None";"None";"None";"None";"1";"3";"Dépendance";"nan";"0.0";"None";"None";"None";"None";"nan";"7.254212";"43.698205";"000KX"
"2023-59665";"2023-12-28";"1";"Vente";"229050.0";"30.0";"None";"AV FLEURS";"2460";"06000";"06088";"Nice";"06";"None";"None";"06088000KX0237";"None";"None";"36";"nan";"5";"43.15";"None";"nan";"None";"None";"None";"None";"2";"2";"Appartement";"42.0";"2.0";"None";"None";"None";"None";"nan";"7.251895";"43.698152";"000KX"
"2023-59665";"2023-12-28";"1";"Vente";"229050.0";"30.0";"None";"AV FLEURS";"2460";"06000";"06088";"Nice";"06";"None";"None";"06088000KX0237";"None";"None";"36";"nan";"None";"nan";"None";"nan";"None";"None";"None";"None";"1";"3";"Dépendance";"nan";"0.0";"None";"None";"None";"None";"nan";"7.251895";"43.698152";"000KX"
"2023-60068";"2023-12-27";"1";"Vente";"224000.0";"5.0";"None";"AV SHAKESPEARE";"6220";"06000";"06088";"Nice";"06";"None";"None";"06088000KX0097";"None";"None";"25";"nan";"37";"26.89";"None";"nan";"None";"None";"None";"None";"2";"2";"Appartement";"27.0";"1.0";"None";"None";"None";"None";"nan";"7.253417";"43.6992";"000KX"
"2023-60240";"2023-12-27";"1";"Vente";"210000.0";"3.0";"None";"RUE PERE A VALENSIN";"4945";"06000";"06088";"Nice";"06";"None";"None";"06088000KX0071";"None";"None";"3";"nan";"48";"nan";"None";"nan";"None";"None";"None";"None";"2";"2";"Appartement";"56.0";"3.0";"None";"None";"None";"None";"nan";"7.253082";"43.700088";"000KX"
"2023-60240";"2023-12-27";"1";"Vente";"210000.0";"3.0";"None";"RUE PERE A VALENSIN";"4945";"06000";"06088";"Nice";"06";"None";"None";"06088000KX0071";"None";"None";"3";"nan";"48";"nan";"None";"nan";"None";"None";"None";"None";"2";"3";"Dépendance";"nan";"0.0";"None";"None";"None";"None";"nan";"7.253082";"43.700088";"000KX"
"2023-59940";"2023-12-20";"1";"Vente";"223000.0";"42.0";"B";"BD FRANCOIS GROSSO";"2630";"06000";"06088";"Nice";"06";"None";"None";"06088000KX0236";"None";"None";"38";"nan";"51";"49.17";"None";"nan";"None";"None";"None";"None";"2";"2";"Appartement";"49.0";"2.0";"None";"None";"None";"None";"nan";"7.251755";"43.698394";"000KX"
"2023-60342";"2023-12-18";"1";"Vente";"90000.0";"28.0";"None";"RUE CHATEAUNEUF";"1365";"06000";"06088";"Nice";"06";"None";"None";"06088000KX0010";"None";"None";"16";"28.5";"None";"nan";"None";"nan";"None";"None";"None";"None";"1";"2";"Appartement";"30.0";"2.0";"None";"None";"None";"None";"nan";"7.253116";"43.700748";"000KX"
"2023-59283";"2023-12-13";"1";"Vente";"116500.0";"31.0";"None";"RUE CHATEAUNEUF";"1365";"06000";"06088";"Nice";"06";"None";"None";"06088000KX0265";"None";"None";"74";"nan";"None";"nan";"None";"nan";"None";"None";"None";"None";"1";"2";"Appartement";"33.0";"1.0";"None";"None";"None";"None";"nan";"7.252446";"43.700014";"000KX"
"2023-59203";"2023-12-12";"1";"Vente";"55000.0";"31.0";"None";"RUE CHATEAUNEUF";"1365";"06000";"06088";"Nice";"06";"None";"None";"06088000KX0265";"None";"None";"22";"nan";"None";"nan";"None";"nan";"None";"None";"None";"None";"1";"3";"Dépendance";"nan";"0.0";"None";"None";"None";"None";"nan";"7.252446";"43.700014";"000KX"
"2023-59173";"2023-12-11";"1";"Vente";"232750.0";"47.0";"None";"RUE CAFFARELLI";"1005";"06000";"06088";"Nice";"06";"None";"None";"06088000KX0191";"None";"None";"133";"nan";"None";"nan";"None";"nan";"None";"None";"None";"None";"1";"2";"Appartement";"46.0";"2.0";"None";"None";"None";"None";"nan";"7.252017";"43.69921";"000KX"
"2023-59389";"2023-12-11";"1";"Vente";"80000.0";"9.0";"None";"RUE FREDERIC PASSY";"2665";"06000";"06088";"Nice";"06";"None";"None";"06088000KX0109";"None";"None";"35";"28.85";"36";"nan";"None";"nan";"None";"None";"None";"None";"2";"2";"Appartement";"28.0";"1.0";"None";"None";"None";"None";"nan";"7.25442";"43.699293";"000KX"
"2023-59141";"2023-12-07";"1";"Vente";"3650000.0";"56.0";"None";"RUE SAINT PHILIPPE";"5895";"06000";"06088";"Nice";"06";"None";"None";"06088000KX0268";"None";"None";"42";"nan";"None";"nan";"None";"nan";"None";"None";"None";"None";"1";"2";"Appartement";"32.0";"2.0";"None";"None";"None";"None";"nan";"7.255857";"43.698182";"000KX"
"2023-59141";"2023-12-07";"1";"Vente";"3650000.0";"56.0";"None";"RUE SAINT PHILIPPE";"5895";"06000";"06088";"Nice";"06";"None";"None";"06088000KX0268";"None";"None";"42";"nan";"None";"nan";"None";"nan";"None";"None";"None";"None";"1";"2";"Appartement";"24.0";"1.0";"None";"None";"None";"None";"nan";"7.255857";"43.698182";"000KX"
"2023-59141";"2023-12-07";"1";"Vente";"3650000.0";"56.0";"None";"RUE SAINT PHILIPPE";"5895";"06000";"06088";"Nice";"06";"None";"None";"06088000KX0268";"None";"None";"42";"nan";"None";"nan";"None";"nan";"None";"None";"None";"None";"1";"2";"Appartement";"22.0";"1.0";"None";"None";"None";"None";"nan";"7.255857";"43.698182";"000KX"
"2023-59141";"2023-12-07";"1";"Vente";"3650000.0";"56.0";"None";"RUE SAINT PHILIPPE";"5895";"06000";"06088";"Nice";"06";"None";"None";"06088000KX0268";"None";"None";"42";"nan";"None";"nan";"None";"nan";"None";"None";"None";"None";"1";"2";"Appartement";"18.0";"1.0";"None";"None";"None";"None";"nan";"7.255857";"43.698182";"000KX"
"2023-59141";"2023-12-07";"1";"Vente";"3650000.0";"56.0";"None";"RUE SAINT PHILIPPE";"5895";"06000";"06088";"Nice";"06";"None";"None";"06088000KX0268";"None";"None";"42";"nan";"None";"nan";"None";"nan";"None";"None";"None";"None";"1";"2";"Appartement";"14.0";"1.0";"None";"None";"None";"None";"nan";"7.255857";"43.698182";"000KX"
"2023-59141";"2023-12-07";"1";"Vente";"3650000.0";"56.0";"None";"RUE SAINT PHILIPPE";"5895";"06000";"06088";"Nice";"06";"None";"None";"06088000KX0268";"None";"None";"42";"nan";"None";"nan";"None";"nan";"None";"None";"None";"None";"1";"2";"Appartement";"26.0";"2.0";"None";"None";"None";"None";"nan";"7.255857";"43.698182";"000KX"
"2023-59141";"2023-12-07";"1";"Vente";"3650000.0";"56.0";"None";"RUE SAINT PHILIPPE";"5895";"06000";"06088";"Nice";"06";"None";"None";"06088000KX0268";"None";"None";"42";"nan";"None";"nan";"None";"nan";"None";"None";"None";"None";"1";"2";"Appartement";"26.0";"2.0";"None";"None";"None";"None";"nan";"7.255857";"43.698182";"000KX"
"2023-59141";"2023-12-07";"1";"Vente";"3650000.0";"56.0";"None";"RUE SAINT PHILIPPE";"5895";"06000";"06088";"Nice";"06";"None";"None";"06088000KX0268";"None";"None";"42";"nan";"None";"nan";"None";"nan";"None";"None";"None";"None";"1";"2";"Appartement";"28.0";"2.0";"None";"None";"None";"None";"nan";"7.255857";"43.698182";"000KX"
"2023-59141";"2023-12-07";"1";"Vente";"3650000.0";"56.0";"None";"RUE SAINT PHILIPPE";"5895";"06000";"06088";"Nice";"06";"None";"None";"06088000KX0268";"None";"None";"42";"nan";"None";"nan";"None";"nan";"None";"None";"None";"None";"1";"2";"Appartement";"14.0";"1.0";"None";"None";"None";"None";"nan";"7.255857";"43.698182";"000KX"
"2023-59141";"2023-12-07";"1";"Vente";"3650000.0";"56.0";"None";"RUE SAINT PHILIPPE";"5895";"06000";"06088";"Nice";"06";"None";"None";"06088000KX0268";"None";"None";"42";"nan";"None";"nan";"None";"nan";"None";"None";"None";"None";"1";"2";"Appartement";"25.0";"2.0";"None";"None";"None";"None";"nan";"7.255857";"43.698182";"000KX"
"2023-59141";"2023-12-07";"1";"Vente";"3650000.0";"56.0";"None";"RUE SAINT PHILIPPE";"5895";"06000";"06088";"Nice";"06";"None";"None";"06088000KX0268";"None";"None";"42";"nan";"None";"nan";"None";"nan";"None";"None";"None";"None";"1";"2";"Appartement";"26.0";"2.0";"None";"None";"None";"None";"nan";"7.255857";"43.698182";"000KX"
"2023-59141";"2023-12-07";"1";"Vente";"3650000.0";"56.0";"None";"RUE SAINT PHILIPPE";"5895";"06000";"06088";"Nice";"06";"None";"None";"06088000KX0268";"None";"None";"42";"nan";"None";"nan";"None";"nan";"None";"None";"None";"None";"1";"2";"Appartement";"28.0";"2.0";"None";"None";"None";"None";"nan";"7.255857";"43.698182";"000KX"
"2023-59141";"2023-12-07";"1";"Vente";"3650000.0";"56.0";"None";"RUE SAINT PHILIPPE";"5895";"06000";"06088";"Nice";"06";"None";"None";"06088000KX0268";"None";"None";"42";"nan";"None";"nan";"None";"nan";"None";"None";"None";"None";"1";"2";"Appartement";"14.0";"1.0";"None";"None";"None";"None";"nan";"7.255857";"43.698182";"000KX"
"2023-59141";"2023-12-07";"1";"Vente";"3650000.0";"56.0";"None";"RUE SAINT PHILIPPE";"5895";"06000";"06088";"Nice";"06";"None";"None";"06088000KX0268";"None";"None";"42";"nan";"None";"nan";"None";"nan";"None";"None";"None";"None";"1";"2";"Appartement";"25.0";"2.0";"None";"None";"None";"None";"nan";"7.255857";"43.698182";"000KX"
"2023-59141";"2023-12-07";"1";"Vente";"3650000.0";"56.0";"None";"RUE SAINT PHILIPPE";"5895";"06000";"06088";"Nice";"06";"None";"None";"06088000KX0268";"None";"None";"42";"nan";"None";"nan";"None";"nan";"None";"None";"None";"None";"1";"2";"Appartement";"28.0";"2.0";"None";"None";"None";"None";"nan";"7.255857";"43.698182";"000KX"
"2023-59141";"2023-12-07";"1";"Vente";"3650000.0";"56.0";"None";"RUE SAINT PHILIPPE";"5895";"06000";"06088";"Nice";"06";"None";"None";"06088000KX0268";"None";"None";"42";"nan";"None";"nan";"None";"nan";"None";"None";"None";"None";"1";"2";"Appartement";"14.0";"1.0";"None";"None";"None";"None";"nan";"7.255857";"43.698182";"000KX"
"2023-59141";"2023-12-07";"1";"Vente";"3650000.0";"56.0";"None";"RUE SAINT PHILIPPE";"5895";"06000";"06088";"Nice";"06";"None";"None";"06088000KX0268";"None";"None";"42";"nan";"None";"nan";"None";"nan";"None";"None";"None";"None";"1";"2";"Appartement";"25.0";"2.0";"None";"None";"None";"None";"nan";"7.255857";"43.698182";"000KX"
"2023-59141";"2023-12-07";"1";"Vente";"3650000.0";"56.0";"None";"RUE SAINT PHILIPPE";"5895";"06000";"06088";"Nice";"06";"None";"None";"06088000KX0268";"None";"None";"42";"nan";"None";"nan";"None";"nan";"None";"None";"None";"None";"1";"2";"Appartement";"26.0";"2.0";"None";"None";"None";"None";"nan";"7.255857";"43.698182";"000KX"
"2023-59141";"2023-12-07";"1";"Vente";"3650000.0";"56.0";"None";"RUE SAINT PHILIPPE";"5895";"06000";"06088";"Nice";"06";"None";"None";"06088000KX0268";"None";"None";"42";"nan";"None";"nan";"None";"nan";"None";"None";"None";"None";"1";"2";"Appartement";"28.0";"2.0";"None";"None";"None";"None";"nan";"7.255857";"43.698182";"000KX"
"2023-59141";"2023-12-07";"1";"Vente";"3650000.0";"56.0";"None";"RUE SAINT PHILIPPE";"5895";"06000";"06088";"Nice";"06";"None";"None";"06088000KX0268";"None";"None";"42";"nan";"None";"nan";"None";"nan";"None";"None";"None";"None";"1";"2";"Appartement";"28.0";"2.0";"None";"None";"None";"None";"nan";"7.255857";"43.698182";"000KX"
"2023-59141";"2023-12-07";"1";"Vente";"3650000.0";"56.0";"None";"RUE SAINT PHILIPPE";"5895";"06000";"06088";"Nice";"06";"None";"None";"06088000KX0268";"None";"None";"42";"nan";"None";"nan";"None";"nan";"None";"None";"None";"None";"1";"2";"Appartement";"14.0";"1.0";"None";"None";"None";"None";"nan";"7.255857";"43.698182";"000KX"
"2023-59141";"2023-12-07";"1";"Vente";"3650000.0";"56.0";"None";"RUE SAINT PHILIPPE";"5895";"06000";"06088";"Nice";"06";"None";"None";"06088000KX0268";"None";"None";"42";"nan";"None";"nan";"None";"nan";"None";"None";"None";"None";"1";"2";"Appartement";"25.0";"2.0";"None";"None";"None";"None";"nan";"7.255857";"43.698182";"000KX"
"2023-59141";"2023-12-07";"1";"Vente";"3650000.0";"56.0";"None";"RUE SAINT PHILIPPE";"5895";"06000";"06088";"Nice";"06";"None";"None";"06088000KX0268";"None";"None";"42";"nan";"None";"nan";"None";"nan";"None";"None";"None";"None";"1";"2";"Appartement";"26.0";"2.0";"None";"None";"None";"None";"nan";"7.255857";"43.698182";"000KX"
"2023-59141";"2023-12-07";"1";"Vente";"3650000.0";"56.0";"None";"RUE SAINT PHILIPPE";"5895";"06000";"06088";"Nice";"06";"None";"None";"06088000KX0268";"None";"None";"42";"nan";"None";"nan";"None";"nan";"None";"None";"None";"None";"1";"2";"Appartement";"28.0";"2.0";"None";"None";"None";"None";"nan";"7.255857";"43.698182";"000KX"
"2023-59141";"2023-12-07";"1";"Vente";"3650000.0";"56.0";"None";"RUE SAINT PHILIPPE";"5895";"06000";"06088";"Nice";"06";"None";"None";"06088000KX0268";"None";"None";"42";"nan";"None";"nan";"None";"nan";"None";"None";"None";"None";"1";"2";"Appartement";"14.0";"1.0";"None";"None";"None";"None";"nan";"7.255857";"43.698182";"000KX"
"2023-59141";"2023-12-07";"1";"Vente";"3650000.0";"56.0";"None";"RUE SAINT PHILIPPE";"5895";"06000";"06088";"Nice";"06";"None";"None";"06088000KX0268";"None";"None";"42";"nan";"None";"nan";"None";"nan";"None";"None";"None";"None";"1";"2";"Appartement";"25.0";"2.0";"None";"None";"None";"None";"nan";"7.255857";"43.698182";"000KX"
"2023-59141";"2023-12-07";"1";"Vente";"3650000.0";"56.0";"None";"RUE SAINT PHILIPPE";"5895";"06000";"06088";"Nice";"06";"None";"None";"06088000KX0268";"None";"None";"42";"nan";"None";"nan";"None";"nan";"None";"None";"None";"None";"1";"2";"Appartement";"26.0";"2.0";"None";"None";"None";"None";"nan";"7.255857";"43.698182";"000KX"
"2023-59141";"2023-12-07";"1";"Vente";"3650000.0";"56.0";"None";"RUE SAINT PHILIPPE";"5895";"06000";"06088";"Nice";"06";"None";"None";"06088000KX0268";"None";"None";"42";"nan";"None";"nan";"None";"nan";"None";"None";"None";"None";"1";"2";"Appartement";"25.0";"2.0";"None";"None";"None";"None";"nan";"7.255857";"43.698182";"000KX"
"2023-59141";"2023-12-07";"1";"Vente";"3650000.0";"56.0";"None";"RUE SAINT PHILIPPE";"5895";"06000";"06088";"Nice";"06";"None";"None";"06088000KX0268";"None";"None";"42";"nan";"None";"nan";"None";"nan";"None";"None";"None";"None";"1";"2";"Appartement";"14.0";"1.0";"None";"None";"None";"None";"nan";"7.255857";"43.698182";"000KX"
"2023-59141";"2023-12-07";"1";"Vente";"3650000.0";"56.0";"None";"RUE SAINT PHILIPPE";"5895";"06000";"06088";"Nice";"06";"None";"None";"06088000KX0268";"None";"None";"42";"nan";"None";"nan";"None";"nan";"None";"None";"None";"None";"1";"2";"Appartement";"28.0";"2.0";"None";"None";"None";"None";"nan";"7.255857";"43.698182";"000KX"
"2023-59141";"2023-12-07";"1";"Vente";"3650000.0";"56.0";"None";"RUE SAINT PHILIPPE";"5895";"06000";"06088";"Nice";"06";"None";"None";"06088000KX0268";"None";"None";"15";"nan";"42";"nan";"None";"nan";"None";"None";"None";"None";"2";"3";"Dépendance";"nan";"0.0";"None";"None";"None";"None";"nan";"7.255857";"43.698182";"000KX"
"2023-59162";"2023-12-06";"1";"Vente";"169000.0";"47.0";"None";"RUE CAFFARELLI";"1005";"06000";"06088";"Nice";"06";"None";"None";"06088000KX0191";"None";"None";"133";"nan";"None";"nan";"None";"nan";"None";"None";"None";"None";"1";"2";"Appartement";"46.0";"2.0";"None";"None";"None";"None";"nan";"7.252017";"43.69921";"000KX"
"2023-59082";"2023-12-05";"1";"Vente";"90000.0";"20.0";"B";"AV FLEURS";"2460";"06000";"06088";"Nice";"06";"None";"None";"06088000KX0164";"None";"None";"86";"nan";"None";"nan";"None";"nan";"None";"None";"None";"None";"1";"3";"Dépendance";"nan";"0.0";"None";"None";"None";"None";"nan";"7.253183";"43.698116";"000KX"
"2023-59082";"2023-12-05";"1";"Vente";"90000.0";"20.0";"B";"AV FLEURS";"2460";"06000";"06088";"Nice";"06";"None";"None";"06088000KX0164";"None";"None";"85";"nan";"None";"nan";"None";"nan";"None";"None";"None";"None";"1";"3";"Dépendance";"nan";"0.0";"None";"None";"None";"None";"nan";"7.253183";"43.698116";"000KX"
"2023-59331";"2023-12-04";"1";"Vente";"135000.0";"39.0";"None";"RUE CHATEAUNEUF";"1365";"06000";"06088";"Nice";"06";"None";"None";"06088000KX0085";"None";"None";"30";"nan";"None";"nan";"None";"nan";"None";"None";"None";"None";"1";"2";"Appartement";"39.0";"3.0";"None";"None";"None";"None";"nan";"7.25178";"43.699834";"000KX"
"2023-58773";"2023-12-01";"1";"Vente";"40000.0";"1.0";"None";"RUE FREDERIC PASSY";"2665";"06000";"06088";"Nice";"06";"None";"None";"06088000KX0123";"None";"None";"62";"nan";"None";"nan";"None";"nan";"None";"None";"None";"None";"1";"3";"Dépendance";"nan";"0.0";"None";"None";"None";"None";"nan";"7.255638";"43.699216";"000KX"
"2023-58466";"2023-11-30";"1";"Vente";"38000.0";"10.0";"None";"AV FLEURS";"2460";"06000";"06088";"Nice";"06";"None";"None";"06088000KX0145";"None";"None";"178";"nan";"None";"nan";"None";"nan";"None";"None";"None";"None";"1";"3";"Dépendance";"nan";"0.0";"None";"None";"None";"None";"nan";"7.254212";"43.698205";"000KX"
"2023-58536";"2023-11-29";"1";"Vente";"170000.0";"19.0";"None";"AV SHAKESPEARE";"6220";"06000";"06088";"Nice";"06";"None";"None";"06088000KX0074";"None";"None";"42";"nan";"None";"nan";"None";"nan";"None";"None";"None";"None";"1";"2";"Appartement";"44.0";"1.0";"None";"None";"None";"None";"nan";"7.253334";"43.700387";"000KX"
"2023-58536";"2023-11-29";"1";"Vente";"170000.0";"19.0";"None";"AV SHAKESPEARE";"6220";"06000";"06088";"Nice";"06";"None";"None";"06088000KX0074";"None";"None";"42";"nan";"None";"nan";"None";"nan";"None";"None";"None";"None";"1";"3";"Dépendance";"nan";"0.0";"None";"None";"None";"None";"nan";"7.253334";"43.700387";"000KX"
"2023-59005";"2023-11-21";"1";"Vente";"106950.0";"4.0";"None";"RUE PERE A VALENSIN";"4945";"06000";"06088";"Nice";"06";"None";"None";"06088000KX0079";"None";"None";"20";"nan";"None";"nan";"None";"nan";"None";"None";"None";"None";"1";"2";"Appartement";"23.0";"1.0";"None";"None";"None";"None";"nan";"7.25268";"43.69985";"000KX"
"2023-58725";"2023-11-20";"1";"Vente";"210000.0";"6.0";"None";"RUE CAFFARELLI";"1005";"06000";"06088";"Nice";"06";"None";"None";"06088000KX0118";"None";"None";"47";"nan";"None";"nan";"None";"nan";"None";"None";"None";"None";"1";"2";"Appartement";"50.0";"2.0";"None";"None";"None";"None";"nan";"7.255082";"43.698826";"000KX"
"2023-58725";"2023-11-20";"1";"Vente";"210000.0";"6.0";"None";"RUE CAFFARELLI";"1005";"06000";"06088";"Nice";"06";"None";"None";"06088000KX0118";"None";"None";"47";"nan";"None";"nan";"None";"nan";"None";"None";"None";"None";"1";"3";"Dépendance";"nan";"0.0";"None";"None";"None";"None";"nan";"7.255082";"43.698826";"000KX"
"2023-58725";"2023-11-20";"1";"Vente";"210000.0";"6.0";"None";"RUE CAFFARELLI";"1005";"06000";"06088";"Nice";"06";"None";"None";"06088000KX0118";"None";"None";"47";"nan";"None";"nan";"None";"nan";"None";"None";"None";"None";"1";"3";"Dépendance";"nan";"0.0";"None";"None";"None";"None";"nan";"7.255082";"43.698826";"000KX"
"2023-58993";"2023-11-20";"1";"Vente";"80000.0";"31.0";"None";"RUE CHATEAUNEUF";"1365";"06000";"06088";"Nice";"06";"None";"None";"06088000KX0265";"None";"None";"44";"nan";"None";"nan";"None";"nan";"None";"None";"None";"None";"1";"3";"Dépendance";"nan";"0.0";"None";"None";"None";"None";"nan";"7.252446";"43.700014";"000KX"
"2023-57984";"2023-11-14";"1";"Vente";"187800.0";"26.0";"None";"AV FLEURS";"2460";"06000";"06088";"Nice";"06";"None";"None";"06088000KX0327";"None";"None";"10";"33.19";"None";"nan";"None";"nan";"None";"None";"None";"None";"1";"2";"Appartement";"40.0";"2.0";"None";"None";"None";"None";"nan";"7.252418";"43.698442";"000KX"
"2023-58191";"2023-11-13";"1";"Vente";"315000.0";"12.0";"None";"AV FLEURS";"2460";"06000";"06088";"Nice";"06";"None";"None";"06088000KX0146";"None";"None";"16";"55.65";"29";"nan";"None";"nan";"None";"None";"None";"None";"2";"2";"Appartement";"57.0";"2.0";"None";"None";"None";"None";"nan";"7.254018";"43.698016";"000KX"
"2023-58191";"2023-11-13";"1";"Vente";"315000.0";"12.0";"None";"AV FLEURS";"2460";"06000";"06088";"Nice";"06";"None";"None";"06088000KX0146";"None";"None";"16";"55.65";"29";"nan";"None";"nan";"None";"None";"None";"None";"2";"3";"Dépendance";"nan";"0.0";"None";"None";"None";"None";"nan";"7.254018";"43.698016";"000KX"
"2023-58191";"2023-11-13";"1";"Vente";"315000.0";"12.0";"None";"AV FLEURS";"2460";"06000";"06088";"Nice";"06";"None";"None";"06088000KX0146";"None";"None";"16";"55.65";"29";"nan";"None";"nan";"None";"None";"None";"None";"2";"3";"Dépendance";"nan";"0.0";"None";"None";"None";"None";"nan";"7.254018";"43.698016";"000KX"
"2023-58307";"2023-11-07";"1";"Vente";"27000.0";"4.0";"B";"AV FLEURS";"2460";"06000";"06088";"Nice";"06";"None";"None";"06088000KX0138";"None";"None";"9";"nan";"None";"nan";"None";"nan";"None";"None";"None";"None";"1";"3";"Dépendance";"nan";"0.0";"None";"None";"None";"None";"nan";"7.255201";"43.697883";"000KX"
"2023-57709";"2023-11-02";"1";"Vente";"29000.0";"2.0";"None";"RUE CAFFARELLI";"1005";"06000";"06088";"Nice";"06";"None";"None";"06088000KX0308";"None";"None";"11";"nan";"None";"nan";"None";"nan";"None";"None";"None";"None";"1";"3";"Dépendance";"nan";"0.0";"None";"None";"None";"None";"nan";"7.255891";"43.698807";"000KX"
"2023-57638";"2023-10-31";"1";"Vente";"303000.0";"9.0";"None";"RUE PERE A VALENSIN";"4945";"06000";"06088";"Nice";"06";"None";"None";"06088000KX0098";"None";"None";"30";"nan";"58";"nan";"None";"nan";"None";"None";"None";"None";"2";"2";"Appartement";"44.0";"2.0";"None";"None";"None";"None";"nan";"7.253206";"43.699147";"000KX"
"2023-57638";"2023-10-31";"1";"Vente";"303000.0";"9.0";"None";"RUE PERE A VALENSIN";"4945";"06000";"06088";"Nice";"06";"None";"None";"06088000KX0098";"None";"None";"30";"nan";"58";"nan";"None";"nan";"None";"None";"None";"None";"2";"3";"Dépendance";"nan";"0.0";"None";"None";"None";"None";"nan";"7.253206";"43.699147";"000KX"
"2023-57648";"2023-10-20";"1";"Vente";"307000.0";"3.0";"None";"AV COMBA";"1595";"06000";"06088";"Nice";"06";"None";"None";"06088000KX0036";"None";"None";"19";"59.36";"4";"nan";"None";"nan";"None";"None";"None";"None";"2";"2";"Appartement";"60.0";"3.0";"None";"None";"None";"None";"nan";"7.255308";"43.700683";"000KX"
"2023-57648";"2023-10-20";"1";"Vente";"307000.0";"3.0";"None";"AV COMBA";"1595";"06000";"06088";"Nice";"06";"None";"None";"06088000KX0036";"None";"None";"19";"59.36";"4";"nan";"None";"nan";"None";"None";"None";"None";"2";"3";"Dépendance";"nan";"0.0";"None";"None";"None";"None";"nan";"7.255308";"43.700683";"000KX"
"2023-57141";"2023-10-17";"1";"Vente";"1098100.0";"4.0";"None";"RUE CAFFARELLI";"1005";"06000";"06088";"Nice";"06";"None";"None";"06088000KX0121";"None";"None";"87";"nan";"None";"nan";"None";"nan";"None";"None";"None";"None";"1";"2";"Appartement";"149.0";"6.0";"None";"None";"None";"None";"nan";"7.255622";"43.698827";"000KX"
"2023-57141";"2023-10-17";"1";"Vente";"1098100.0";"4.0";"None";"RUE CAFFARELLI";"1005";"06000";"06088";"Nice";"06";"None";"None";"06088000KX0121";"None";"None";"6";"nan";"None";"nan";"None";"nan";"None";"None";"None";"None";"1";"3";"Dépendance";"nan";"0.0";"None";"None";"None";"None";"nan";"7.255622";"43.698827";"000KX"
"2023-57141";"2023-10-17";"1";"Vente";"1098100.0";"4.0";"None";"RUE CAFFARELLI";"1005";"06000";"06088";"Nice";"06";"None";"None";"06088000KX0121";"None";"None";"87";"nan";"None";"nan";"None";"nan";"None";"None";"None";"None";"1";"3";"Dépendance";"nan";"0.0";"None";"None";"None";"None";"nan";"7.255622";"43.698827";"000KX"
"2023-57141";"2023-10-17";"1";"Vente";"1098100.0";"4.0";"None";"RUE CAFFARELLI";"1005";"06000";"06088";"Nice";"06";"None";"None";"06088000KX0121";"None";"None";"87";"nan";"None";"nan";"None";"nan";"None";"None";"None";"None";"1";"3";"Dépendance";"nan";"0.0";"None";"None";"None";"None";"nan";"7.255622";"43.698827";"000KX"
"2023-56799";"2023-10-13";"1";"Vente";"209000.0";"5.0";"None";"RUE CHATEAUNEUF";"1365";"06000";"06088";"Nice";"06";"None";"None";"06088000KX0031";"None";"None";"5";"nan";"86";"nan";"None";"nan";"None";"None";"None";"None";"2";"2";"Appartement";"44.0";"2.0";"None";"None";"None";"None";"nan";"7.255243";"43.701091";"000KX"
"2023-56799";"2023-10-13";"1";"Vente";"209000.0";"5.0";"None";"RUE CHATEAUNEUF";"1365";"06000";"06088";"Nice";"06";"None";"None";"06088000KX0031";"None";"None";"5";"nan";"86";"nan";"None";"nan";"None";"None";"None";"None";"2";"3";"Dépendance";"nan";"0.0";"None";"None";"None";"None";"nan";"7.255243";"43.701091";"000KX"
"2023-56934";"2023-10-11";"1";"Vente";"188000.0";"38.0";"None";"RUE CHATEAUNEUF";"1365";"06000";"06088";"Nice";"06";"None";"None";"06088000KX0004";"None";"None";"17";"nan";"51";"79.21";"None";"nan";"None";"None";"None";"None";"2";"2";"Appartement";"80.0";"3.0";"None";"None";"None";"None";"nan";"7.252097";"43.700324";"000KX"
"2023-57016";"2023-10-11";"1";"Vente";"173000.0";"47.0";"None";"RUE CAFFARELLI";"1005";"06000";"06088";"Nice";"06";"None";"None";"06088000KX0191";"None";"None";"80";"48.56";"None";"nan";"None";"nan";"None";"None";"None";"None";"1";"2";"Appartement";"49.0";"2.0";"None";"None";"None";"None";"nan";"7.252017";"43.69921";"000KX"
"2023-56934";"2023-10-11";"1";"Vente";"188000.0";"38.0";"None";"RUE CHATEAUNEUF";"1365";"06000";"06088";"Nice";"06";"None";"None";"06088000KX0004";"None";"None";"17";"nan";"51";"79.21";"None";"nan";"None";"None";"None";"None";"2";"3";"Dépendance";"nan";"0.0";"None";"None";"None";"None";"nan";"7.252097";"43.700324";"000KX"
"2023-57008";"2023-10-06";"1";"Vente";"4000.0";"8.0";"None";"RUE CHATEAUNEUF";"1365";"06000";"06088";"Nice";"06";"None";"None";"06088000KX0021";"None";"None";"143";"nan";"None";"nan";"None";"nan";"None";"None";"None";"None";"1";"3";"Dépendance";"nan";"0.0";"None";"None";"None";"None";"nan";"7.25518";"43.701508";"000KX"
"2023-55929";"2023-10-04";"1";"Vente";"149000.0";"13.0";"None";"AV SHAKESPEARE";"6220";"06000";"06088";"Nice";"06";"None";"None";"06088000KX0068";"None";"None";"65";"nan";"None";"nan";"None";"nan";"None";"None";"None";"None";"1";"2";"Appartement";"27.0";"1.0";"None";"None";"None";"None";"nan";"7.253239";"43.699852";"000KX"
"2023-56073";"2023-09-29";"1";"Vente";"293500.0";"15.0";"None";"AV SHAKESPEARE";"6220";"06000";"06088";"Nice";"06";"None";"None";"06088000KX0072";"None";"None";"53";"nan";"None";"nan";"None";"nan";"None";"None";"None";"None";"1";"2";"Appartement";"50.0";"2.0";"None";"None";"None";"None";"nan";"7.253377";"43.700082";"000KX"
"2023-56142";"2023-09-29";"1";"Vente";"368400.0";"11.0";"None";"RUE CAFFARELLI";"1005";"06000";"06088";"Nice";"06";"None";"None";"06088000KX0144";"None";"None";"109";"nan";"55";"nan";"None";"nan";"None";"None";"None";"None";"2";"2";"Appartement";"52.0";"2.0";"None";"None";"None";"None";"nan";"7.254215";"43.698544";"000KX"
"2023-56639";"2023-09-29";"1";"Vente";"910500.0";"4.0";"None";"AV DEPOILLY";"1910";"06000";"06088";"Nice";"06";"None";"None";"06088000KX0040";"None";"None";"2";"134.25";"7";"nan";"None";"nan";"None";"None";"None";"None";"2";"2";"Appartement";"133.0";"5.0";"None";"None";"None";"None";"nan";"7.255615";"43.700324";"000KX"
"2023-56142";"2023-09-29";"1";"Vente";"368400.0";"11.0";"None";"RUE CAFFARELLI";"1005";"06000";"06088";"Nice";"06";"None";"None";"06088000KX0144";"None";"None";"109";"nan";"55";"nan";"None";"nan";"None";"None";"None";"None";"2";"3";"Dépendance";"nan";"0.0";"None";"None";"None";"None";"nan";"7.254215";"43.698544";"000KX"
"2023-56233";"2023-09-29";"1";"Vente";"41000.0";"22.0";"None";"RUE CHATEAUNEUF";"1365";"06000";"06088";"Nice";"06";"None";"None";"06088000KX0015";"None";"None";"20";"nan";"None";"nan";"None";"nan";"None";"None";"None";"None";"1";"3";"Dépendance";"nan";"0.0";"None";"None";"None";"None";"nan";"7.253715";"43.700896";"000KX"
"2023-56639";"2023-09-29";"1";"Vente";"910500.0";"4.0";"None";"AV DEPOILLY";"1910";"06000";"06088";"Nice";"06";"None";"None";"06088000KX0040";"None";"None";"2";"134.25";"7";"nan";"None";"nan";"None";"None";"None";"None";"2";"3";"Dépendance";"nan";"0.0";"None";"None";"None";"None";"nan";"7.255615";"43.700324";"000KX"
"2023-56639";"2023-09-29";"1";"Vente";"910500.0";"4.0";"None";"AV DEPOILLY";"1910";"06000";"06088";"Nice";"06";"None";"None";"06088000KX0040";"None";"None";"2";"134.25";"7";"nan";"None";"nan";"None";"None";"None";"None";"2";"3";"Dépendance";"nan";"0.0";"None";"None";"None";"None";"nan";"7.255615";"43.700324";"000KX"
"2023-56015";"2023-09-28";"1";"Vente";"388000.0";"6.0";"None";"RUE FRANCOIS AUNE";"2615";"06000";"06088";"Nice";"06";"None";"None";"06088000KX0122";"None";"None";"28";"nan";"47";"74.48";"None";"nan";"None";"None";"None";"None";"2";"2";"Appartement";"71.0";"3.0";"None";"None";"None";"None";"nan";"7.255607";"43.699069";"000KX"
"2023-56015";"2023-09-28";"1";"Vente";"388000.0";"6.0";"None";"RUE FRANCOIS AUNE";"2615";"06000";"06088";"Nice";"06";"None";"None";"06088000KX0122";"None";"None";"28";"nan";"47";"74.48";"None";"nan";"None";"None";"None";"None";"2";"3";"Dépendance";"nan";"0.0";"None";"None";"None";"None";"nan";"7.255607";"43.699069";"000KX"
"2023-56015";"2023-09-28";"1";"Vente";"388000.0";"6.0";"None";"RUE FRANCOIS AUNE";"2615";"06000";"06088";"Nice";"06";"None";"None";"06088000KX0122";"None";"None";"28";"nan";"47";"74.48";"None";"nan";"None";"None";"None";"None";"2";"3";"Dépendance";"nan";"0.0";"None";"None";"None";"None";"nan";"7.255607";"43.699069";"000KX"
"2023-56931";"2023-09-27";"1";"Vente";"160000.0";"13.0";"None";"AV SHAKESPEARE";"6220";"06000";"06088";"Nice";"06";"None";"None";"06088000KX0068";"None";"None";"19";"nan";"50";"37.2";"None";"nan";"None";"None";"None";"None";"2";"2";"Appartement";"36.0";"2.0";"None";"None";"None";"None";"nan";"7.253239";"43.699852";"000KX"
"2023-56564";"2023-09-26";"1";"Vente";"170000.0";"32.0";"None";"RUE CHATEAUNEUF";"1365";"06000";"06088";"Nice";"06";"None";"None";"06088000KX0007";"None";"None";"33";"nan";"7";"nan";"None";"nan";"None";"None";"None";"None";"2";"2";"Appartement";"52.0";"3.0";"None";"None";"None";"None";"nan";"7.25251";"43.700513";"000KX"
"2023-55797";"2023-09-21";"1";"Vente";"223000.0";"22.0";"None";"AV FLEURS";"2460";"06000";"06088";"Nice";"06";"None";"None";"06088000KX0165";"None";"None";"35";"nan";"72";"nan";"None";"nan";"None";"None";"None";"None";"2";"2";"Appartement";"42.0";"1.0";"None";"None";"None";"None";"nan";"7.252823";"43.698184";"000KX"
"2023-58134";"2023-09-21";"1";"Adjudication";"130000.0";"21.0";"None";"RUE FRANCOIS AUNE";"2615";"06000";"06088";"Nice";"06";"None";"None";"06088000KX0051";"None";"None";"35";"nan";"None";"nan";"None";"nan";"None";"None";"None";"None";"1";"2";"Appartement";"26.0";"1.0";"None";"None";"None";"None";"nan";"7.254876";"43.700848";"000KX"
"2023-55797";"2023-09-21";"1";"Vente";"223000.0";"22.0";"None";"AV FLEURS";"2460";"06000";"06088";"Nice";"06";"None";"None";"06088000KX0165";"None";"None";"35";"nan";"72";"nan";"None";"nan";"None";"None";"None";"None";"2";"3";"Dépendance";"nan";"0.0";"None";"None";"None";"None";"nan";"7.252823";"43.698184";"000KX"
"2023-55797";"2023-09-21";"1";"Vente";"223000.0";"22.0";"None";"AV FLEURS";"2460";"06000";"06088";"Nice";"06";"None";"None";"06088000KX0165";"None";"None";"35";"nan";"72";"nan";"None";"nan";"None";"None";"None";"None";"2";"3";"Dépendance";"nan";"0.0";"None";"None";"None";"None";"nan";"7.252823";"43.698184";"000KX"
"2023-58134";"2023-09-21";"1";"Adjudication";"130000.0";"21.0";"None";"RUE FRANCOIS AUNE";"2615";"06000";"06088";"Nice";"06";"None";"None";"06088000KX0051";"None";"None";"12";"nan";"None";"nan";"None";"nan";"None";"None";"None";"None";"1";"3";"Dépendance";"nan";"0.0";"None";"None";"None";"None";"nan";"7.254876";"43.700848";"000KX"
"2023-56452";"2023-09-19";"1";"Vente";"20000.0";"20.0";"B";"AV FLEURS";"2460";"06000";"06088";"Nice";"06";"None";"None";"06088000KX0164";"None";"None";"52";"8.17";"None";"nan";"None";"nan";"None";"None";"None";"None";"1";"3";"Dépendance";"nan";"0.0";"None";"None";"None";"None";"nan";"7.253183";"43.698116";"000KX"
"2023-55382";"2023-09-18";"1";"Vente";"193000.0";"22.0";"None";"RUE FRANCOIS AUNE";"2615";"06000";"06088";"Nice";"06";"None";"None";"06088000KX0031";"None";"None";"45";"48.67";"8";"nan";"None";"nan";"None";"None";"None";"None";"2";"2";"Appartement";"48.0";"2.0";"None";"None";"None";"None";"nan";"7.255243";"43.701091";"000KX"
"2023-55382";"2023-09-18";"1";"Vente";"193000.0";"22.0";"None";"RUE FRANCOIS AUNE";"2615";"06000";"06088";"Nice";"06";"None";"None";"06088000KX0031";"None";"None";"45";"48.67";"8";"nan";"None";"nan";"None";"None";"None";"None";"2";"3";"Dépendance";"nan";"0.0";"None";"None";"None";"None";"nan";"7.255243";"43.701091";"000KX"
"2023-55267";"2023-09-13";"1";"Vente";"40000.0";"4.0";"None";"RUE PERE A VALENSIN";"4945";"06000";"06088";"Nice";"06";"None";"None";"06088000KX0079";"None";"None";"6";"10.15";"None";"nan";"None";"nan";"None";"None";"None";"None";"1";"2";"Appartement";"12.0";"1.0";"None";"None";"None";"None";"nan";"7.25268";"43.69985";"000KX"
"2023-54825";"2023-09-07";"1";"Vente";"345000.0";"23.0";"None";"RUE CAFFARELLI";"1005";"06000";"06088";"Nice";"06";"None";"None";"06088000KX0156";"None";"None";"19";"nan";"None";"nan";"None";"nan";"None";"None";"None";"None";"1";"2";"Appartement";"45.0";"2.0";"None";"None";"None";"None";"nan";"7.25316";"43.698791";"000KX"
"2023-55297";"2023-09-06";"1";"Vente";"275000.0";"13.0";"None";"AV SHAKESPEARE";"6220";"06000";"06088";"Nice";"06";"None";"None";"06088000KX0068";"None";"None";"80";"38.53";"None";"nan";"None";"nan";"None";"None";"None";"None";"1";"2";"Appartement";"33.0";"2.0";"None";"None";"None";"None";"nan";"7.253239";"43.699852";"000KX"
"2023-55590";"2023-09-06";"1";"Vente";"150500.0";"53.0";"None";"RUE CAFFARELLI";"1005";"06000";"06088";"Nice";"06";"None";"None";"06088000KX0190";"None";"None";"1";"34.8";"15";"nan";"None";"nan";"None";"None";"None";"None";"2";"2";"Appartement";"28.0";"1.0";"None";"None";"None";"None";"nan";"7.251878";"43.699307";"000KX"
"2023-54688";"2023-09-05";"1";"Vente";"168000.0";"65.0";"None";"BD GAMBETTA";"2755";"06000";"06088";"Nice";"06";"None";"None";"06088000KX0027";"None";"None";"14";"nan";"152";"30.0";"None";"nan";"None";"None";"None";"None";"2";"2";"Appartement";"31.0";"1.0";"None";"None";"None";"None";"nan";"7.255784";"43.701276";"000KX"
"2023-54688";"2023-09-05";"1";"Vente";"168000.0";"65.0";"None";"BD GAMBETTA";"2755";"06000";"06088";"Nice";"06";"None";"None";"06088000KX0027";"None";"None";"14";"nan";"152";"30.0";"None";"nan";"None";"None";"None";"None";"2";"3";"Dépendance";"nan";"0.0";"None";"None";"None";"None";"nan";"7.255784";"43.701276";"000KX"
"2023-54852";"2023-08-31";"1";"Vente";"180000.0";"30.0";"None";"RUE CHATEAUNEUF";"1365";"06000";"06088";"Nice";"06";"None";"None";"06088000KX0009";"None";"None";"37";"65.23";"None";"nan";"None";"nan";"None";"None";"None";"None";"1";"2";"Appartement";"65.0";"3.0";"None";"None";"None";"None";"nan";"7.252935";"43.700701";"000KX"
"2023-55113";"2023-08-31";"1";"Vente";"485000.0";"41.0";"None";"BD GAMBETTA";"2755";"06000";"06088";"Nice";"06";"None";"None";"06088000KX0267";"None";"None";"5";"nan";"None";"nan";"None";"nan";"None";"None";"None";"None";"1";"2";"Appartement";"106.0";"2.0";"None";"None";"None";"None";"nan";"7.255935";"43.698483";"000KX"
"2023-55113";"2023-08-31";"1";"Vente";"485000.0";"41.0";"None";"BD GAMBETTA";"2755";"06000";"06088";"Nice";"06";"None";"None";"06088000KX0267";"None";"None";"5";"nan";"None";"nan";"None";"nan";"None";"None";"None";"None";"1";"3";"Dépendance";"nan";"0.0";"None";"None";"None";"None";"nan";"7.255935";"43.698483";"000KX"
"2023-54834";"2023-08-30";"1";"Vente";"583750.0";"14.0";"None";"RUE CAFFARELLI";"1005";"06000";"06088";"Nice";"06";"None";"None";"06088000KX0110";"None";"None";"50";"nan";"65";"nan";"None";"nan";"None";"None";"None";"None";"2";"2";"Appartement";"128.0";"4.0";"None";"None";"None";"None";"nan";"7.254418";"43.698946";"000KX"
"2023-54834";"2023-08-30";"1";"Vente";"583750.0";"14.0";"None";"RUE CAFFARELLI";"1005";"06000";"06088";"Nice";"06";"None";"None";"06088000KX0110";"None";"None";"50";"nan";"65";"nan";"None";"nan";"None";"None";"None";"None";"2";"3";"Dépendance";"nan";"0.0";"None";"None";"None";"None";"nan";"7.254418";"43.698946";"000KX"
"2023-54737";"2023-08-28";"1";"Vente";"305000.0";"30.0";"None";"RUE CHATEAUNEUF";"1365";"06000";"06088";"Nice";"06";"None";"None";"06088000KX0009";"None";"None";"14";"nan";"47";"nan";"None";"nan";"None";"None";"None";"None";"2";"2";"Appartement";"99.0";"4.0";"None";"None";"None";"None";"nan";"7.252935";"43.700701";"000KX"
"2023-54737";"2023-08-28";"1";"Vente";"305000.0";"30.0";"None";"RUE CHATEAUNEUF";"1365";"06000";"06088";"Nice";"06";"None";"None";"06088000KX0009";"None";"None";"14";"nan";"47";"nan";"None";"nan";"None";"None";"None";"None";"2";"3";"Dépendance";"nan";"0.0";"None";"None";"None";"None";"nan";"7.252935";"43.700701";"000KX"
"2023-54737";"2023-08-28";"1";"Vente";"305000.0";"30.0";"None";"RUE CHATEAUNEUF";"1365";"06000";"06088";"Nice";"06";"None";"None";"06088000KX0009";"None";"None";"14";"nan";"47";"nan";"None";"nan";"None";"None";"None";"None";"2";"3";"Dépendance";"nan";"0.0";"None";"None";"None";"None";"nan";"7.252935";"43.700701";"000KX"
"2023-54192";"2023-08-11";"1";"Vente";"150550.0";"14.0";"None";"RUE FREDERIC PASSY";"2665";"06000";"06088";"Nice";"06";"None";"None";"06088000KX0066";"None";"None";"38";"nan";"None";"nan";"None";"nan";"None";"None";"None";"None";"1";"2";"Appartement";"31.0";"1.0";"None";"None";"None";"None";"nan";"7.254213";"43.699719";"000KX"
"2023-54260";"2023-08-11";"1";"Vente";"145000.0";"3.0";"None";"AV DEPOILLY";"1910";"06000";"06088";"Nice";"06";"None";"None";"06088000KX0043";"None";"None";"18";"nan";"31";"24.16";"None";"nan";"None";"None";"None";"None";"2";"2";"Appartement";"23.0";"1.0";"None";"None";"None";"None";"nan";"7.255428";"43.699875";"000KX"
"2023-54586";"2023-08-11";"1";"Vente";"75000.0";"41.0";"None";"RUE CHATEAUNEUF";"1365";"06000";"06088";"Nice";"06";"None";"None";"06088000KX0087";"None";"None";"22";"nan";"None";"nan";"None";"nan";"None";"None";"None";"None";"1";"2";"Appartement";"23.0";"1.0";"None";"None";"None";"None";"nan";"7.251692";"43.699792";"000KX"
"2023-54260";"2023-08-11";"1";"Vente";"145000.0";"3.0";"None";"AV DEPOILLY";"1910";"06000";"06088";"Nice";"06";"None";"None";"06088000KX0043";"None";"None";"18";"nan";"31";"24.16";"None";"nan";"None";"None";"None";"None";"2";"3";"Dépendance";"nan";"0.0";"None";"None";"None";"None";"nan";"7.255428";"43.699875";"000KX"
"2023-54586";"2023-08-11";"1";"Vente";"75000.0";"41.0";"None";"RUE CHATEAUNEUF";"1365";"06000";"06088";"Nice";"06";"None";"None";"06088000KX0087";"None";"None";"22";"nan";"None";"nan";"None";"nan";"None";"None";"None";"None";"1";"3";"Dépendance";"nan";"0.0";"None";"None";"None";"None";"nan";"7.251692";"43.699792";"000KX"
"2023-53927";"2023-08-09";"1";"Vente";"285000.0";"11.0";"B";"RUE FREDERIC PASSY";"2665";"06000";"06088";"Nice";"06";"None";"None";"06088000KX0107";"None";"None";"15";"nan";"4";"nan";"None";"nan";"None";"None";"None";"None";"2";"2";"Appartement";"65.0";"3.0";"None";"None";"None";"None";"nan";"7.25402";"43.699373";"000KX"
"2023-54217";"2023-08-09";"1";"Vente";"182000.0";"16.0";"None";"RUE FREDERIC PASSY";"2665";"06000";"06088";"Nice";"06";"None";"None";"06088000KX0067";"None";"None";"109";"nan";"28";"nan";"None";"nan";"None";"None";"None";"None";"2";"2";"Appartement";"31.0";"1.0";"None";"None";"None";"None";"nan";"7.253849";"43.699766";"000KX"
"2023-53927";"2023-08-09";"1";"Vente";"285000.0";"11.0";"B";"RUE FREDERIC PASSY";"2665";"06000";"06088";"Nice";"06";"None";"None";"06088000KX0107";"None";"None";"15";"nan";"4";"nan";"None";"nan";"None";"None";"None";"None";"2";"3";"Dépendance";"nan";"0.0";"None";"None";"None";"None";"nan";"7.25402";"43.699373";"000KX"
"2023-54217";"2023-08-09";"1";"Vente";"182000.0";"16.0";"None";"RUE FREDERIC PASSY";"2665";"06000";"06088";"Nice";"06";"None";"None";"06088000KX0067";"None";"None";"109";"nan";"28";"nan";"None";"nan";"None";"None";"None";"None";"2";"3";"Dépendance";"nan";"0.0";"None";"None";"None";"None";"nan";"7.253849";"43.699766";"000KX"
"2023-53773";"2023-08-04";"1";"Vente";"70000.0";"41.0";"None";"RUE CHATEAUNEUF";"1365";"06000";"06088";"Nice";"06";"None";"None";"06088000KX0087";"None";"None";"16";"23.25";"None";"nan";"None";"nan";"None";"None";"None";"None";"1";"2";"Appartement";"20.0";"1.0";"None";"None";"None";"None";"nan";"7.251692";"43.699792";"000KX"
"2023-53797";"2023-08-04";"1";"Vente";"975000.0";"12.0";"None";"AV DEPOILLY";"1910";"06000";"06088";"Nice";"06";"None";"None";"06088000KX0048";"None";"None";"27";"nan";"7";"nan";"None";"nan";"None";"None";"None";"None";"2";"2";"Appartement";"136.0";"6.0";"None";"None";"None";"None";"nan";"7.25456";"43.700372";"000KX"
"2023-54525";"2023-08-04";"1";"Vente";"325000.0";"11.0";"None";"RUE CHATEAUNEUF";"1365";"06000";"06088";"Nice";"06";"None";"None";"06088000KX0052";"None";"None";"3";"87.53";"30";"nan";"None";"nan";"None";"None";"None";"None";"2";"2";"Appartement";"90.0";"4.0";"None";"None";"None";"None";"nan";"7.254802";"43.700908";"000KX"
"2023-53797";"2023-08-04";"1";"Vente";"975000.0";"12.0";"None";"AV DEPOILLY";"1910";"06000";"06088";"Nice";"06";"None";"None";"06088000KX0048";"None";"None";"38";"nan";"None";"nan";"None";"nan";"None";"None";"None";"None";"1";"3";"Dépendance";"nan";"0.0";"None";"None";"None";"None";"nan";"7.25456";"43.700372";"000KX"
"2023-53797";"2023-08-04";"1";"Vente";"975000.0";"12.0";"None";"AV DEPOILLY";"1910";"06000";"06088";"Nice";"06";"None";"None";"06088000KX0048";"None";"None";"27";"nan";"7";"nan";"None";"nan";"None";"None";"None";"None";"2";"3";"Dépendance";"nan";"0.0";"None";"None";"None";"None";"nan";"7.25456";"43.700372";"000KX"
"2023-54525";"2023-08-04";"1";"Vente";"325000.0";"11.0";"None";"RUE CHATEAUNEUF";"1365";"06000";"06088";"Nice";"06";"None";"None";"06088000KX0052";"None";"None";"3";"87.53";"30";"nan";"None";"nan";"None";"None";"None";"None";"2";"3";"Dépendance";"nan";"0.0";"None";"None";"None";"None";"nan";"7.254802";"43.700908";"000KX"
"2023-53729";"2023-08-04";"1";"Vente en l'état futur d'achèvement";"179000.0";"9017.0";"None";"RUE COLONEL MUSSO";"1585";"06000";"06088";"Nice";"06";"None";"None";"06088000KX0292";"None";"None";"19";"nan";"None";"nan";"None";"nan";"None";"None";"None";"None";"1";"None";"None";"nan";"nan";"None";"None";"None";"None";"nan";"7.251596";"43.698733";"000KX"
"2023-53741";"2023-08-03";"1";"Vente";"2550000.0";"56.0";"None";"RUE SAINT PHILIPPE";"5895";"06000";"06088";"Nice";"06";"None";"None";"06088000KX0268";"None";"None";"42";"1358.7";"None";"nan";"None";"nan";"None";"None";"None";"None";"1";"2";"Appartement";"22.0";"1.0";"None";"None";"None";"None";"nan";"7.255857";"43.698182";"000KX"
"2023-53741";"2023-08-03";"1";"Vente";"2550000.0";"56.0";"None";"RUE SAINT PHILIPPE";"5895";"06000";"06088";"Nice";"06";"None";"None";"06088000KX0268";"None";"None";"42";"1358.7";"None";"nan";"None";"nan";"None";"None";"None";"None";"1";"2";"Appartement";"32.0";"2.0";"None";"None";"None";"None";"nan";"7.255857";"43.698182";"000KX"
"2023-53741";"2023-08-03";"1";"Vente";"2550000.0";"56.0";"None";"RUE SAINT PHILIPPE";"5895";"06000";"06088";"Nice";"06";"None";"None";"06088000KX0268";"None";"None";"42";"1358.7";"None";"nan";"None";"nan";"None";"None";"None";"None";"1";"2";"Appartement";"24.0";"1.0";"None";"None";"None";"None";"nan";"7.255857";"43.698182";"000KX"
"2023-53741";"2023-08-03";"1";"Vente";"2550000.0";"56.0";"None";"RUE SAINT PHILIPPE";"5895";"06000";"06088";"Nice";"06";"None";"None";"06088000KX0268";"None";"None";"42";"1358.7";"None";"nan";"None";"nan";"None";"None";"None";"None";"1";"2";"Appartement";"25.0";"2.0";"None";"None";"None";"None";"nan";"7.255857";"43.698182";"000KX"
"2023-53741";"2023-08-03";"1";"Vente";"2550000.0";"56.0";"None";"RUE SAINT PHILIPPE";"5895";"06000";"06088";"Nice";"06";"None";"None";"06088000KX0268";"None";"None";"42";"1358.7";"None";"nan";"None";"nan";"None";"None";"None";"None";"1";"2";"Appartement";"28.0";"2.0";"None";"None";"None";"None";"nan";"7.255857";"43.698182";"000KX"
"2023-53741";"2023-08-03";"1";"Vente";"2550000.0";"56.0";"None";"RUE SAINT PHILIPPE";"5895";"06000";"06088";"Nice";"06";"None";"None";"06088000KX0268";"None";"None";"42";"1358.7";"None";"nan";"None";"nan";"None";"None";"None";"None";"1";"2";"Appartement";"14.0";"1.0";"None";"None";"None";"None";"nan";"7.255857";"43.698182";"000KX"
"2023-53741";"2023-08-03";"1";"Vente";"2550000.0";"56.0";"None";"RUE SAINT PHILIPPE";"5895";"06000";"06088";"Nice";"06";"None";"None";"06088000KX0268";"None";"None";"42";"1358.7";"None";"nan";"None";"nan";"None";"None";"None";"None";"1";"2";"Appartement";"14.0";"1.0";"None";"None";"None";"None";"nan";"7.255857";"43.698182";"000KX"
"2023-53741";"2023-08-03";"1";"Vente";"2550000.0";"56.0";"None";"RUE SAINT PHILIPPE";"5895";"06000";"06088";"Nice";"06";"None";"None";"06088000KX0268";"None";"None";"42";"1358.7";"None";"nan";"None";"nan";"None";"None";"None";"None";"1";"2";"Appartement";"25.0";"2.0";"None";"None";"None";"None";"nan";"7.255857";"43.698182";"000KX"
"2023-53741";"2023-08-03";"1";"Vente";"2550000.0";"56.0";"None";"RUE SAINT PHILIPPE";"5895";"06000";"06088";"Nice";"06";"None";"None";"06088000KX0268";"None";"None";"42";"1358.7";"None";"nan";"None";"nan";"None";"None";"None";"None";"1";"2";"Appartement";"26.0";"2.0";"None";"None";"None";"None";"nan";"7.255857";"43.698182";"000KX"
"2023-53741";"2023-08-03";"1";"Vente";"2550000.0";"56.0";"None";"RUE SAINT PHILIPPE";"5895";"06000";"06088";"Nice";"06";"None";"None";"06088000KX0268";"None";"None";"42";"1358.7";"None";"nan";"None";"nan";"None";"None";"None";"None";"1";"2";"Appartement";"28.0";"2.0";"None";"None";"None";"None";"nan";"7.255857";"43.698182";"000KX"
"2023-53741";"2023-08-03";"1";"Vente";"2550000.0";"56.0";"None";"RUE SAINT PHILIPPE";"5895";"06000";"06088";"Nice";"06";"None";"None";"06088000KX0268";"None";"None";"42";"1358.7";"None";"nan";"None";"nan";"None";"None";"None";"None";"1";"2";"Appartement";"14.0";"1.0";"None";"None";"None";"None";"nan";"7.255857";"43.698182";"000KX"
"2023-53741";"2023-08-03";"1";"Vente";"2550000.0";"56.0";"None";"RUE SAINT PHILIPPE";"5895";"06000";"06088";"Nice";"06";"None";"None";"06088000KX0268";"None";"None";"42";"1358.7";"None";"nan";"None";"nan";"None";"None";"None";"None";"1";"2";"Appartement";"28.0";"2.0";"None";"None";"None";"None";"nan";"7.255857";"43.698182";"000KX"
"2023-53741";"2023-08-03";"1";"Vente";"2550000.0";"56.0";"None";"RUE SAINT PHILIPPE";"5895";"06000";"06088";"Nice";"06";"None";"None";"06088000KX0268";"None";"None";"42";"1358.7";"None";"nan";"None";"nan";"None";"None";"None";"None";"1";"2";"Appartement";"26.0";"2.0";"None";"None";"None";"None";"nan";"7.255857";"43.698182";"000KX"
"2023-53741";"2023-08-03";"1";"Vente";"2550000.0";"56.0";"None";"RUE SAINT PHILIPPE";"5895";"06000";"06088";"Nice";"06";"None";"None";"06088000KX0268";"None";"None";"42";"1358.7";"None";"nan";"None";"nan";"None";"None";"None";"None";"1";"2";"Appartement";"25.0";"2.0";"None";"None";"None";"None";"nan";"7.255857";"43.698182";"000KX"
"2023-53741";"2023-08-03";"1";"Vente";"2550000.0";"56.0";"None";"RUE SAINT PHILIPPE";"5895";"06000";"06088";"Nice";"06";"None";"None";"06088000KX0268";"None";"None";"42";"1358.7";"None";"nan";"None";"nan";"None";"None";"None";"None";"1";"2";"Appartement";"28.0";"2.0";"None";"None";"None";"None";"nan";"7.255857";"43.698182";"000KX"
"2023-53741";"2023-08-03";"1";"Vente";"2550000.0";"56.0";"None";"RUE SAINT PHILIPPE";"5895";"06000";"06088";"Nice";"06";"None";"None";"06088000KX0268";"None";"None";"42";"1358.7";"None";"nan";"None";"nan";"None";"None";"None";"None";"1";"2";"Appartement";"26.0";"2.0";"None";"None";"None";"None";"nan";"7.255857";"43.698182";"000KX"
"2023-53741";"2023-08-03";"1";"Vente";"2550000.0";"56.0";"None";"RUE SAINT PHILIPPE";"5895";"06000";"06088";"Nice";"06";"None";"None";"06088000KX0268";"None";"None";"42";"1358.7";"None";"nan";"None";"nan";"None";"None";"None";"None";"1";"2";"Appartement";"26.0";"2.0";"None";"None";"None";"None";"nan";"7.255857";"43.698182";"000KX"
"2023-53741";"2023-08-03";"1";"Vente";"2550000.0";"56.0";"None";"RUE SAINT PHILIPPE";"5895";"06000";"06088";"Nice";"06";"None";"None";"06088000KX0268";"None";"None";"42";"1358.7";"None";"nan";"None";"nan";"None";"None";"None";"None";"1";"2";"Appartement";"25.0";"2.0";"None";"None";"None";"None";"nan";"7.255857";"43.698182";"000KX"
"2023-53741";"2023-08-03";"1";"Vente";"2550000.0";"56.0";"None";"RUE SAINT PHILIPPE";"5895";"06000";"06088";"Nice";"06";"None";"None";"06088000KX0268";"None";"None";"42";"1358.7";"None";"nan";"None";"nan";"None";"None";"None";"None";"1";"2";"Appartement";"14.0";"1.0";"None";"None";"None";"None";"nan";"7.255857";"43.698182";"000KX"
"2023-53741";"2023-08-03";"1";"Vente";"2550000.0";"56.0";"None";"RUE SAINT PHILIPPE";"5895";"06000";"06088";"Nice";"06";"None";"None";"06088000KX0268";"None";"None";"42";"1358.7";"None";"nan";"None";"nan";"None";"None";"None";"None";"1";"2";"Appartement";"28.0";"2.0";"None";"None";"None";"None";"nan";"7.255857";"43.698182";"000KX"
"2023-53741";"2023-08-03";"1";"Vente";"2550000.0";"56.0";"None";"RUE SAINT PHILIPPE";"5895";"06000";"06088";"Nice";"06";"None";"None";"06088000KX0268";"None";"None";"42";"1358.7";"None";"nan";"None";"nan";"None";"None";"None";"None";"1";"2";"Appartement";"26.0";"2.0";"None";"None";"None";"None";"nan";"7.255857";"43.698182";"000KX"
"2023-53741";"2023-08-03";"1";"Vente";"2550000.0";"56.0";"None";"RUE SAINT PHILIPPE";"5895";"06000";"06088";"Nice";"06";"None";"None";"06088000KX0268";"None";"None";"42";"1358.7";"None";"nan";"None";"nan";"None";"None";"None";"None";"1";"2";"Appartement";"25.0";"2.0";"None";"None";"None";"None";"nan";"7.255857";"43.698182";"000KX"
"2023-53741";"2023-08-03";"1";"Vente";"2550000.0";"56.0";"None";"RUE SAINT PHILIPPE";"5895";"06000";"06088";"Nice";"06";"None";"None";"06088000KX0268";"None";"None";"42";"1358.7";"None";"nan";"None";"nan";"None";"None";"None";"None";"1";"2";"Appartement";"14.0";"1.0";"None";"None";"None";"None";"nan";"7.255857";"43.698182";"000KX"
"2023-53741";"2023-08-03";"1";"Vente";"2550000.0";"56.0";"None";"RUE SAINT PHILIPPE";"5895";"06000";"06088";"Nice";"06";"None";"None";"06088000KX0268";"None";"None";"42";"1358.7";"None";"nan";"None";"nan";"None";"None";"None";"None";"1";"2";"Appartement";"28.0";"2.0";"None";"None";"None";"None";"nan";"7.255857";"43.698182";"000KX"
"2023-53741";"2023-08-03";"1";"Vente";"2550000.0";"56.0";"None";"RUE SAINT PHILIPPE";"5895";"06000";"06088";"Nice";"06";"None";"None";"06088000KX0268";"None";"None";"42";"1358.7";"None";"nan";"None";"nan";"None";"None";"None";"None";"1";"2";"Appartement";"28.0";"2.0";"None";"None";"None";"None";"nan";"7.255857";"43.698182";"000KX"
"2023-53741";"2023-08-03";"1";"Vente";"2550000.0";"56.0";"None";"RUE SAINT PHILIPPE";"5895";"06000";"06088";"Nice";"06";"None";"None";"06088000KX0268";"None";"None";"42";"1358.7";"None";"nan";"None";"nan";"None";"None";"None";"None";"1";"2";"Appartement";"26.0";"2.0";"None";"None";"None";"None";"nan";"7.255857";"43.698182";"000KX"
"2023-53741";"2023-08-03";"1";"Vente";"2550000.0";"56.0";"None";"RUE SAINT PHILIPPE";"5895";"06000";"06088";"Nice";"06";"None";"None";"06088000KX0268";"None";"None";"42";"1358.7";"None";"nan";"None";"nan";"None";"None";"None";"None";"1";"2";"Appartement";"25.0";"2.0";"None";"None";"None";"None";"nan";"7.255857";"43.698182";"000KX"
"2023-53741";"2023-08-03";"1";"Vente";"2550000.0";"56.0";"None";"RUE SAINT PHILIPPE";"5895";"06000";"06088";"Nice";"06";"None";"None";"06088000KX0268";"None";"None";"42";"1358.7";"None";"nan";"None";"nan";"None";"None";"None";"None";"1";"2";"Appartement";"14.0";"1.0";"None";"None";"None";"None";"nan";"7.255857";"43.698182";"000KX"
"2023-53741";"2023-08-03";"1";"Vente";"2550000.0";"56.0";"None";"RUE SAINT PHILIPPE";"5895";"06000";"06088";"Nice";"06";"None";"None";"06088000KX0268";"None";"None";"42";"1358.7";"None";"nan";"None";"nan";"None";"None";"None";"None";"1";"2";"Appartement";"14.0";"1.0";"None";"None";"None";"None";"nan";"7.255857";"43.698182";"000KX"
"2023-53741";"2023-08-03";"1";"Vente";"2550000.0";"56.0";"None";"RUE SAINT PHILIPPE";"5895";"06000";"06088";"Nice";"06";"None";"None";"06088000KX0268";"None";"None";"42";"1358.7";"None";"nan";"None";"nan";"None";"None";"None";"None";"1";"2";"Appartement";"18.0";"1.0";"None";"None";"None";"None";"nan";"7.255857";"43.698182";"000KX"
"2023-53741";"2023-08-03";"1";"Vente";"2550000.0";"56.0";"None";"RUE SAINT PHILIPPE";"5895";"06000";"06088";"Nice";"06";"None";"None";"06088000KX0268";"None";"None";"15";"nan";"42";"1358.7";"None";"nan";"None";"None";"None";"None";"2";"3";"Dépendance";"nan";"0.0";"None";"None";"None";"None";"nan";"7.255857";"43.698182";"000KX"
"2023-53778";"2023-08-02";"1";"Vente";"230000.0";"65.0";"None";"BD GAMBETTA";"2755";"06000";"06088";"Nice";"06";"None";"None";"06088000KX0027";"None";"None";"153";"60.66";"20";"nan";"None";"nan";"None";"None";"None";"None";"2";"2";"Appartement";"73.0";"3.0";"None";"None";"None";"None";"nan";"7.255784";"43.701276";"000KX"
"2023-53778";"2023-08-02";"1";"Vente";"230000.0";"65.0";"None";"BD GAMBETTA";"2755";"06000";"06088";"Nice";"06";"None";"None";"06088000KX0027";"None";"None";"153";"60.66";"20";"nan";"None";"nan";"None";"None";"None";"None";"2";"3";"Dépendance";"nan";"0.0";"None";"None";"None";"None";"nan";"7.255784";"43.701276";"000KX"
"2023-53984";"2023-08-01";"1";"Vente";"179000.0";"30.0";"None";"RUE CHATEAUNEUF";"1365";"06000";"06088";"Nice";"06";"None";"None";"06088000KX0009";"None";"None";"23";"nan";"None";"nan";"None";"nan";"None";"None";"None";"None";"1";"2";"Appartement";"45.0";"2.0";"None";"None";"None";"None";"nan";"7.252935";"43.700701";"000KX"
"2023-53984";"2023-08-01";"1";"Vente";"179000.0";"30.0";"None";"RUE CHATEAUNEUF";"1365";"06000";"06088";"Nice";"06";"None";"None";"06088000KX0009";"None";"None";"23";"nan";"None";"nan";"None";"nan";"None";"None";"None";"None";"1";"3";"Dépendance";"nan";"0.0";"None";"None";"None";"None";"nan";"7.252935";"43.700701";"000KX"
"2023-53951";"2023-07-28";"1";"Vente";"235550.0";"4.0";"None";"RUE CAFFARELLI";"1005";"06000";"06088";"Nice";"06";"None";"None";"06088000KX0121";"None";"None";"44";"nan";"57";"nan";"None";"nan";"None";"None";"None";"None";"2";"2";"Appartement";"39.0";"1.0";"None";"None";"None";"None";"nan";"7.255622";"43.698827";"000KX"
"2023-53951";"2023-07-28";"1";"Vente";"235550.0";"4.0";"None";"RUE CAFFARELLI";"1005";"06000";"06088";"Nice";"06";"None";"None";"06088000KX0121";"None";"None";"44";"nan";"57";"nan";"None";"nan";"None";"None";"None";"None";"2";"3";"Dépendance";"nan";"0.0";"None";"None";"None";"None";"nan";"7.255622";"43.698827";"000KX"
"2023-53402";"2023-07-26";"1";"Vente";"325000.0";"4.0";"None";"RUE CAFFARELLI";"1005";"06000";"06088";"Nice";"06";"None";"None";"06088000KX0121";"None";"None";"28";"nan";"65";"51.09";"None";"nan";"None";"None";"None";"None";"2";"2";"Appartement";"64.0";"2.0";"None";"None";"None";"None";"nan";"7.255622";"43.698827";"000KX"
"2023-54111";"2023-07-26";"1";"Vente";"322000.0";"30.0";"None";"RUE FREDERIC PASSY";"2665";"06000";"06088";"Nice";"06";"None";"None";"06088000KX0083";"None";"None";"13";"76.64";"None";"nan";"None";"nan";"None";"None";"None";"None";"1";"2";"Appartement";"70.0";"2.0";"None";"None";"None";"None";"nan";"7.251991";"43.699725";"000KX"
"2023-53402";"2023-07-26";"1";"Vente";"325000.0";"4.0";"None";"RUE CAFFARELLI";"1005";"06000";"06088";"Nice";"06";"None";"None";"06088000KX0121";"None";"None";"28";"nan";"65";"51.09";"None";"nan";"None";"None";"None";"None";"2";"3";"Dépendance";"nan";"0.0";"None";"None";"None";"None";"nan";"7.255622";"43.698827";"000KX"
"2023-54111";"2023-07-26";"1";"Vente";"322000.0";"30.0";"None";"RUE FREDERIC PASSY";"2665";"06000";"06088";"Nice";"06";"None";"None";"06088000KX0083";"None";"None";"13";"76.64";"None";"nan";"None";"nan";"None";"None";"None";"None";"1";"3";"Dépendance";"nan";"0.0";"None";"None";"None";"None";"nan";"7.251991";"43.699725";"000KX"
"2023-53444";"2023-07-25";"1";"Vente";"105000.0";"13.0";"None";"AV SHAKESPEARE";"6220";"06000";"06088";"Nice";"06";"None";"None";"06088000KX0068";"None";"None";"123";"nan";"None";"nan";"None";"nan";"None";"None";"None";"None";"1";"2";"Appartement";"31.0";"1.0";"None";"None";"None";"None";"nan";"7.253239";"43.699852";"000KX"
"2023-53832";"2023-07-25";"1";"Vente";"614500.0";"7.0";"None";"RUE FREDERIC PASSY";"2665";"06000";"06088";"Nice";"06";"None";"None";"06088000KX0114";"None";"None";"12";"nan";"None";"nan";"None";"nan";"None";"None";"None";"None";"1";"2";"Appartement";"90.0";"3.0";"None";"None";"None";"None";"nan";"7.254728";"43.699251";"000KX"
"2023-53832";"2023-07-25";"1";"Vente";"614500.0";"7.0";"None";"RUE FREDERIC PASSY";"2665";"06000";"06088";"Nice";"06";"None";"None";"06088000KX0114";"None";"None";"12";"nan";"None";"nan";"None";"nan";"None";"None";"None";"None";"1";"3";"Dépendance";"nan";"0.0";"None";"None";"None";"None";"nan";"7.254728";"43.699251";"000KX"
"2023-53753";"2023-07-24";"1";"Vente";"246000.0";"27.0";"None";"RUE CHATEAUNEUF";"1365";"06000";"06088";"Nice";"06";"None";"None";"06088000KX0077";"None";"None";"36";"nan";"5";"nan";"None";"nan";"None";"None";"None";"None";"2";"2";"Appartement";"81.0";"4.0";"None";"None";"None";"None";"nan";"7.252975";"43.700257";"000KX"
"2023-53753";"2023-07-24";"1";"Vente";"246000.0";"27.0";"None";"RUE CHATEAUNEUF";"1365";"06000";"06088";"Nice";"06";"None";"None";"06088000KX0077";"None";"None";"36";"nan";"5";"nan";"None";"nan";"None";"None";"None";"None";"2";"3";"Dépendance";"nan";"0.0";"None";"None";"None";"None";"nan";"7.252975";"43.700257";"000KX"
"2023-53097";"2023-07-21";"1";"Vente";"190000.0";"16.0";"None";"RUE FREDERIC PASSY";"2665";"06000";"06088";"Nice";"06";"None";"None";"06088000KX0067";"None";"None";"151";"nan";"None";"nan";"None";"nan";"None";"None";"None";"None";"1";"2";"Appartement";"35.0";"2.0";"None";"None";"None";"None";"nan";"7.253849";"43.699766";"000KX"
"2023-53334";"2023-07-19";"1";"Vente";"128500.0";"25.0";"None";"AV SHAKESPEARE";"6220";"06000";"06088";"Nice";"06";"None";"None";"06088000KX0013";"None";"None";"5";"34.4";"None";"nan";"None";"nan";"None";"None";"None";"None";"1";"2";"Appartement";"41.0";"2.0";"None";"None";"None";"None";"nan";"7.25329";"43.700849";"000KX"
"2023-53762";"2023-07-18";"1";"Vente";"276700.0";"5.0";"None";"RUE SAUSSURE";"6115";"06000";"06088";"Nice";"06";"None";"None";"06088000KX0062";"None";"None";"17";"nan";"5";"nan";"None";"nan";"None";"None";"None";"None";"2";"2";"Appartement";"60.0";"3.0";"None";"None";"None";"None";"nan";"7.253911";"43.700231";"000KX"
"2023-52795";"2023-07-18";"1";"Vente";"43000.0";"31.0";"None";"RUE CHATEAUNEUF";"1365";"06000";"06088";"Nice";"06";"None";"None";"06088000KX0265";"None";"None";"22";"nan";"None";"nan";"None";"nan";"None";"None";"None";"None";"1";"3";"Dépendance";"nan";"0.0";"None";"None";"None";"None";"nan";"7.252446";"43.700014";"000KX"
"2023-53762";"2023-07-18";"1";"Vente";"276700.0";"5.0";"None";"RUE SAUSSURE";"6115";"06000";"06088";"Nice";"06";"None";"None";"06088000KX0062";"None";"None";"17";"nan";"5";"nan";"None";"nan";"None";"None";"None";"None";"2";"3";"Dépendance";"nan";"0.0";"None";"None";"None";"None";"nan";"7.253911";"43.700231";"000KX"
"2023-52816";"2023-07-18";"1";"Vente en l'état futur d'achèvement";"45000.0";"9017.0";"None";"RUE COLONEL MUSSO";"1585";"06000";"06088";"Nice";"06";"None";"None";"06088000KX0292";"None";"None";"3";"nan";"None";"nan";"None";"nan";"None";"None";"None";"None";"1";"None";"None";"nan";"nan";"None";"None";"None";"None";"nan";"7.251596";"43.698733";"000KX"
"2023-52411";"2023-07-10";"1";"Vente";"155000.0";"5.0";"None";"AV SHAKESPEARE";"6220";"06000";"06088";"Nice";"06";"None";"None";"06088000KX0097";"None";"None";"25";"nan";"37";"26.87";"None";"nan";"None";"None";"None";"None";"2";"2";"Appartement";"27.0";"1.0";"None";"None";"None";"None";"nan";"7.253417";"43.6992";"000KX"
"2023-52451";"2023-07-06";"1";"Vente";"100000.0";"47.0";"None";"RUE CAFFARELLI";"1005";"06000";"06088";"Nice";"06";"None";"None";"06088000KX0191";"None";"None";"104";"20.13";"None";"nan";"None";"nan";"None";"None";"None";"None";"1";"2";"Appartement";"21.0";"1.0";"None";"None";"None";"None";"nan";"7.252017";"43.69921";"000KX"
"2023-52497";"2023-07-06";"1";"Vente";"240000.0";"4.0";"None";"RUE CHATEAUNEUF";"1365";"06000";"06088";"Nice";"06";"None";"None";"06088000KX0023";"None";"None";"103";"nan";"29";"nan";"None";"nan";"None";"None";"None";"None";"2";"2";"Appartement";"63.0";"2.0";"None";"None";"None";"None";"nan";"7.255705";"43.701793";"000KX"
"2023-52497";"2023-07-06";"1";"Vente";"240000.0";"4.0";"None";"RUE CHATEAUNEUF";"1365";"06000";"06088";"Nice";"06";"None";"None";"06088000KX0023";"None";"None";"76";"nan";"None";"nan";"None";"nan";"None";"None";"None";"None";"1";"3";"Dépendance";"nan";"0.0";"None";"None";"None";"None";"nan";"7.255705";"43.701793";"000KX"
"2023-52497";"2023-07-06";"1";"Vente";"240000.0";"4.0";"None";"RUE CHATEAUNEUF";"1365";"06000";"06088";"Nice";"06";"None";"None";"06088000KX0023";"None";"None";"103";"nan";"29";"nan";"None";"nan";"None";"None";"None";"None";"2";"3";"Dépendance";"nan";"0.0";"None";"None";"None";"None";"nan";"7.255705";"43.701793";"000KX"
"2023-52198";"2023-07-04";"1";"Vente";"413000.0";"6.0";"None";"RUE CAFFARELLI";"1005";"06000";"06088";"Nice";"06";"None";"None";"06088000KX0118";"None";"None";"32";"nan";"62";"70.41";"None";"nan";"None";"None";"None";"None";"2";"2";"Appartement";"67.0";"3.0";"None";"None";"None";"None";"nan";"7.255082";"43.698826";"000KX"
"2023-52225";"2023-07-04";"1";"Vente";"223000.0";"47.0";"None";"BD GAMBETTA";"2755";"06000";"06088";"Nice";"06";"None";"None";"06088000KX0126";"None";"None";"37";"nan";"69";"nan";"None";"nan";"None";"None";"None";"None";"2";"2";"Appartement";"48.0";"2.0";"None";"None";"None";"None";"nan";"7.255983";"43.6993";"000KX"
"2023-52198";"2023-07-04";"1";"Vente";"413000.0";"6.0";"None";"RUE CAFFARELLI";"1005";"06000";"06088";"Nice";"06";"None";"None";"06088000KX0118";"None";"None";"32";"nan";"62";"70.41";"None";"nan";"None";"None";"None";"None";"2";"3";"Dépendance";"nan";"0.0";"None";"None";"None";"None";"nan";"7.255082";"43.698826";"000KX"
"2023-52225";"2023-07-04";"1";"Vente";"223000.0";"47.0";"None";"BD GAMBETTA";"2755";"06000";"06088";"Nice";"06";"None";"None";"06088000KX0126";"None";"None";"37";"nan";"69";"nan";"None";"nan";"None";"None";"None";"None";"2";"3";"Dépendance";"nan";"0.0";"None";"None";"None";"None";"nan";"7.255983";"43.6993";"000KX"
"2023-52230";"2023-07-03";"1";"Vente";"36000.0";"38.0";"None";"RUE CHATEAUNEUF";"1365";"06000";"06088";"Nice";"06";"None";"None";"06088000KX0004";"None";"None";"34";"nan";"None";"nan";"None";"nan";"None";"None";"None";"None";"1";"3";"Dépendance";"nan";"0.0";"None";"None";"None";"None";"nan";"7.252097";"43.700324";"000KX"
"2023-51956";"2023-07-03";"1";"Vente";"1188000.0";"18.0";"None";"RUE CHATEAUNEUF";"1365";"06000";"06088";"Nice";"06";"None";"None";"06088000KX0017";"None";"None";"30";"nan";"32";"nan";"33";"nan";"4";"None";"5";"None";"6";"4";"Local industriel. commercial ou assimilé";"330.0";"0.0";"None";"None";"None";"None";"nan";"7.254236";"43.701104";"000KX"
"2023-51956";"2023-07-03";"1";"Vente";"1188000.0";"16.0";"None";"RUE CHATEAUNEUF";"1365";"06000";"06088";"Nice";"06";"None";"None";"06088000KX0296";"None";"None";"18";"nan";"19";"nan";"None";"nan";"None";"None";"None";"None";"2";"4";"Local industriel. commercial ou assimilé";"259.0";"0.0";"None";"None";"None";"None";"nan";"7.254469";"43.701158";"000KX"
"2023-51956";"2023-07-03";"1";"Vente";"1188000.0";"9.0";"None";"RUE CLUVIER";"1490";"06000";"06088";"Nice";"06";"None";"None";"06088000KX0298";"None";"None";"2";"nan";"3";"nan";"4";"nan";"None";"None";"None";"None";"3";"4";"Local industriel. commercial ou assimilé";"46.0";"0.0";"None";"None";"None";"None";"nan";"7.254409";"43.701316";"000KX"
"2023-51712";"2023-06-29";"1";"Vente";"540000.0";"20.0";"B";"AV FLEURS";"2460";"06000";"06088";"Nice";"06";"None";"None";"06088000KX0164";"None";"None";"17";"nan";"33";"84.78";"None";"nan";"None";"None";"None";"None";"2";"2";"Appartement";"83.0";"3.0";"None";"None";"None";"None";"nan";"7.253183";"43.698116";"000KX"
"2023-52405";"2023-06-29";"1";"Vente";"290000.0";"31.0";"None";"RUE CHATEAUNEUF";"1365";"06000";"06088";"Nice";"06";"None";"None";"06088000KX0265";"None";"None";"71";"79.83";"None";"nan";"None";"nan";"None";"None";"None";"None";"1";"2";"Appartement";"80.0";"3.0";"None";"None";"None";"None";"nan";"7.252446";"43.700014";"000KX"
"2023-51712";"2023-06-29";"1";"Vente";"540000.0";"20.0";"B";"AV FLEURS";"2460";"06000";"06088";"Nice";"06";"None";"None";"06088000KX0164";"None";"None";"17";"nan";"33";"84.78";"None";"nan";"None";"None";"None";"None";"2";"3";"Dépendance";"nan";"0.0";"None";"None";"None";"None";"nan";"7.253183";"43.698116";"000KX"
"2023-51712";"2023-06-29";"1";"Vente";"540000.0";"20.0";"B";"AV FLEURS";"2460";"06000";"06088";"Nice";"06";"None";"None";"06088000KX0164";"None";"None";"65";"nan";"None";"nan";"None";"nan";"None";"None";"None";"None";"1";"3";"Dépendance";"nan";"0.0";"None";"None";"None";"None";"nan";"7.253183";"43.698116";"000KX"
"2023-52162";"2023-06-29";"1";"Vente";"29000.0";"29.0";"None";"RUE CHATEAUNEUF";"1365";"06000";"06088";"Nice";"06";"None";"None";"06088000KX0078";"None";"None";"5";"nan";"None";"nan";"None";"nan";"None";"None";"None";"None";"1";"3";"Dépendance";"nan";"0.0";"None";"None";"None";"None";"nan";"7.252632";"43.700111";"000KX"
"2023-52009";"2023-06-26";"1";"Vente";"195000.0";"5.0";"None";"RUE CAFFARELLI";"1005";"06000";"06088";"Nice";"06";"None";"None";"06088000KX0120";"None";"None";"18";"nan";"None";"nan";"None";"nan";"None";"None";"None";"None";"1";"2";"Appartement";"53.0";"2.0";"None";"None";"None";"None";"nan";"7.25521";"43.698526";"000KX"
"2023-52009";"2023-06-26";"1";"Vente";"195000.0";"5.0";"None";"RUE CAFFARELLI";"1005";"06000";"06088";"Nice";"06";"None";"None";"06088000KX0120";"None";"None";"3";"nan";"None";"nan";"None";"nan";"None";"None";"None";"None";"1";"3";"Dépendance";"nan";"0.0";"None";"None";"None";"None";"nan";"7.25521";"43.698526";"000KX"
"2023-57227";"2023-06-23";"1";"Vente";"34000.0";"29.0";"None";"RUE CHATEAUNEUF";"1365";"06000";"06088";"Nice";"06";"None";"None";"06088000KX0078";"None";"None";"1";"nan";"None";"nan";"None";"nan";"None";"None";"None";"None";"1";"3";"Dépendance";"nan";"0.0";"None";"None";"None";"None";"nan";"7.252632";"43.700111";"000KX"
"2023-52165";"2023-06-22";"1";"Vente";"36000.0";"29.0";"None";"RUE CHATEAUNEUF";"1365";"06000";"06088";"Nice";"06";"None";"None";"06088000KX0078";"None";"None";"4";"nan";"None";"nan";"None";"nan";"None";"None";"None";"None";"1";"3";"Dépendance";"nan";"0.0";"None";"None";"None";"None";"nan";"7.252632";"43.700111";"000KX"
"2023-51132";"2023-06-20";"1";"Vente";"215000.0";"30.0";"None";"RUE CHATEAUNEUF";"1365";"06000";"06088";"Nice";"06";"None";"None";"06088000KX0009";"None";"None";"11";"nan";"49";"nan";"None";"nan";"None";"None";"None";"None";"2";"2";"Appartement";"52.0";"2.0";"None";"None";"None";"None";"nan";"7.252935";"43.700701";"000KX"
"2023-51399";"2023-06-20";"1";"Vente";"290000.0";"65.0";"None";"BD FRANCOIS GROSSO";"2630";"06000";"06088";"Nice";"06";"None";"None";"06088000KX0214";"None";"None";"131";"nan";"24";"42.67";"None";"nan";"None";"None";"None";"None";"2";"2";"Appartement";"43.0";"2.0";"None";"None";"None";"None";"nan";"7.250981";"43.698658";"000KX"
"2023-51567";"2023-06-20";"1";"Vente";"126250.0";"26.0";"None";"RUE CHATEAUNEUF";"1365";"06000";"06088";"Nice";"06";"None";"None";"06088000KX0011";"None";"None";"17";"nan";"None";"nan";"None";"nan";"None";"None";"None";"None";"1";"2";"Appartement";"25.0";"1.0";"None";"None";"None";"None";"nan";"7.253241";"43.700726";"000KX"
"2023-51132";"2023-06-20";"1";"Vente";"215000.0";"30.0";"None";"RUE CHATEAUNEUF";"1365";"06000";"06088";"Nice";"06";"None";"None";"06088000KX0009";"None";"None";"11";"nan";"49";"nan";"None";"nan";"None";"None";"None";"None";"2";"3";"Dépendance";"nan";"0.0";"None";"None";"None";"None";"nan";"7.252935";"43.700701";"000KX"
"2023-51132";"2023-06-20";"1";"Vente";"215000.0";"30.0";"None";"RUE CHATEAUNEUF";"1365";"06000";"06088";"Nice";"06";"None";"None";"06088000KX0009";"None";"None";"11";"nan";"49";"nan";"None";"nan";"None";"None";"None";"None";"2";"3";"Dépendance";"nan";"0.0";"None";"None";"None";"None";"nan";"7.252935";"43.700701";"000KX"
"2023-51399";"2023-06-20";"1";"Vente";"290000.0";"65.0";"None";"BD FRANCOIS GROSSO";"2630";"06000";"06088";"Nice";"06";"None";"None";"06088000KX0214";"None";"None";"122";"nan";"None";"nan";"None";"nan";"None";"None";"None";"None";"1";"3";"Dépendance";"nan";"0.0";"None";"None";"None";"None";"nan";"7.250981";"43.698658";"000KX"
"2023-51399";"2023-06-20";"1";"Vente";"290000.0";"65.0";"None";"BD FRANCOIS GROSSO";"2630";"06000";"06088";"Nice";"06";"None";"None";"06088000KX0214";"None";"None";"131";"nan";"24";"42.67";"None";"nan";"None";"None";"None";"None";"2";"3";"Dépendance";"nan";"0.0";"None";"None";"None";"None";"nan";"7.250981";"43.698658";"000KX"
"2023-52215";"2023-06-19";"1";"Vente";"128000.0";"2.0";"None";"RUE CHATEAUNEUF";"1365";"06000";"06088";"Nice";"06";"None";"None";"06088000KX0026";"None";"None";"7";"nan";"None";"nan";"None";"nan";"None";"None";"None";"None";"1";"2";"Appartement";"24.0";"2.0";"None";"None";"None";"None";"nan";"7.255914";"43.701667";"000KX"
"2023-52291";"2023-06-19";"1";"Vente";"145967.0";"40.0";"None";"RUE CHATEAUNEUF";"1365";"06000";"06088";"Nice";"06";"None";"None";"06088000KX0246";"None";"None";"34";"nan";"None";"nan";"None";"nan";"None";"None";"None";"None";"1";"2";"Appartement";"48.0";"2.0";"None";"None";"None";"None";"nan";"7.251927";"43.700251";"000KX"
"2023-51516";"2023-06-16";"1";"Vente";"30000.0";"30.0";"B";"AV FLEURS";"2460";"06000";"06088";"Nice";"06";"None";"None";"06088000KX0210";"None";"None";"3";"nan";"None";"nan";"None";"nan";"None";"None";"None";"None";"1";"3";"Dépendance";"nan";"0.0";"None";"None";"None";"None";"nan";"7.251689";"43.698225";"000KX"
"2023-51266";"2023-06-15";"1";"Vente";"467000.0";"23.0";"None";"RUE FREDERIC PASSY";"2665";"06000";"06088";"Nice";"06";"None";"None";"06088000KX0274";"None";"None";"145";"nan";"28";"nan";"None";"nan";"None";"None";"None";"None";"2";"2";"Appartement";"80.0";"3.0";"None";"None";"None";"None";"nan";"7.251548";"43.699318";"000KX"
"2023-51271";"2023-06-15";"1";"Vente";"340000.0";"5.0";"None";"RUE FRANCOIS AUNE";"2615";"06000";"06088";"Nice";"06";"None";"None";"06088000KX0117";"None";"None";"123";"nan";"None";"nan";"None";"nan";"None";"None";"None";"None";"1";"2";"Appartement";"82.0";"3.0";"None";"None";"None";"None";"nan";"7.254992";"43.699127";"000KX"
"2023-55737";"2023-06-15";"1";"Adjudication";"41000.0";"38.0";"None";"RUE CHATEAUNEUF";"1365";"06000";"06088";"Nice";"06";"None";"None";"06088000KX0004";"None";"None";"24";"nan";"58";"nan";"None";"nan";"None";"None";"None";"None";"2";"2";"Appartement";"32.0";"1.0";"None";"None";"None";"None";"nan";"7.252097";"43.700324";"000KX"
"2023-51266";"2023-06-15";"1";"Vente";"467000.0";"23.0";"None";"RUE FREDERIC PASSY";"2665";"06000";"06088";"Nice";"06";"None";"None";"06088000KX0274";"None";"None";"51";"nan";"None";"nan";"None";"nan";"None";"None";"None";"None";"1";"3";"Dépendance";"nan";"0.0";"None";"None";"None";"None";"nan";"7.251548";"43.699318";"000KX"
"2023-51266";"2023-06-15";"1";"Vente";"467000.0";"23.0";"None";"RUE FREDERIC PASSY";"2665";"06000";"06088";"Nice";"06";"None";"None";"06088000KX0274";"None";"None";"145";"nan";"28";"nan";"None";"nan";"None";"None";"None";"None";"2";"3";"Dépendance";"nan";"0.0";"None";"None";"None";"None";"nan";"7.251548";"43.699318";"000KX"
"2023-51271";"2023-06-15";"1";"Vente";"340000.0";"5.0";"None";"RUE FRANCOIS AUNE";"2615";"06000";"06088";"Nice";"06";"None";"None";"06088000KX0117";"None";"None";"147";"nan";"None";"nan";"None";"nan";"None";"None";"None";"None";"1";"3";"Dépendance";"nan";"0.0";"None";"None";"None";"None";"nan";"7.254992";"43.699127";"000KX"
"2023-51271";"2023-06-15";"1";"Vente";"340000.0";"5.0";"None";"RUE FRANCOIS AUNE";"2615";"06000";"06088";"Nice";"06";"None";"None";"06088000KX0117";"None";"None";"123";"nan";"None";"nan";"None";"nan";"None";"None";"None";"None";"1";"3";"Dépendance";"nan";"0.0";"None";"None";"None";"None";"nan";"7.254992";"43.699127";"000KX"
"2023-55737";"2023-06-15";"1";"Adjudication";"41000.0";"38.0";"None";"RUE CHATEAUNEUF";"1365";"06000";"06088";"Nice";"06";"None";"None";"06088000KX0004";"None";"None";"24";"nan";"58";"nan";"None";"nan";"None";"None";"None";"None";"2";"3";"Dépendance";"nan";"0.0";"None";"None";"None";"None";"nan";"7.252097";"43.700324";"000KX"
"2023-50504";"2023-06-06";"1";"Vente";"44000.0";"28.0";"None";"AV FLEURS";"2460";"06000";"06088";"Nice";"06";"None";"None";"06088000KX0170";"None";"None";"5";"nan";"None";"nan";"None";"nan";"None";"None";"None";"None";"1";"3";"Dépendance";"nan";"0.0";"None";"None";"None";"None";"nan";"7.252282";"43.698176";"000KX"
"2023-50666";"2023-06-02";"1";"Vente";"177450.0";"20.0";"None";"RUE CHATEAUNEUF";"1365";"06000";"06088";"Nice";"06";"None";"None";"06088000KX0016";"None";"None";"33";"nan";"None";"nan";"None";"nan";"None";"None";"None";"None";"1";"2";"Appartement";"33.0";"1.0";"None";"None";"None";"None";"nan";"7.253845";"43.701009";"000KX"
"2023-50737";"2023-06-02";"1";"Vente";"232500.0";"13.0";"None";"AV SHAKESPEARE";"6220";"06000";"06088";"Nice";"06";"None";"None";"06088000KX0068";"None";"None";"151";"nan";"16";"nan";"None";"nan";"None";"None";"None";"None";"2";"2";"Appartement";"27.0";"1.0";"None";"None";"None";"None";"nan";"7.253239";"43.699852";"000KX"
"2023-50737";"2023-06-02";"1";"Vente";"232500.0";"13.0";"None";"AV SHAKESPEARE";"6220";"06000";"06088";"Nice";"06";"None";"None";"06088000KX0068";"None";"None";"151";"nan";"16";"nan";"None";"nan";"None";"None";"None";"None";"2";"3";"Dépendance";"nan";"0.0";"None";"None";"None";"None";"nan";"7.253239";"43.699852";"000KX"
"2023-50737";"2023-06-02";"1";"Vente";"232500.0";"13.0";"None";"AV SHAKESPEARE";"6220";"06000";"06088";"Nice";"06";"None";"None";"06088000KX0068";"None";"None";"151";"nan";"16";"nan";"None";"nan";"None";"None";"None";"None";"2";"3";"Dépendance";"nan";"0.0";"None";"None";"None";"None";"nan";"7.253239";"43.699852";"000KX"
"2023-51475";"2023-06-01";"1";"Vente en l'état futur d'achèvement";"160000.0";"9017.0";"None";"RUE COLONEL MUSSO";"1585";"06000";"06088";"Nice";"06";"None";"None";"06088000KX0292";"None";"None";"25";"nan";"None";"nan";"None";"nan";"None";"None";"None";"None";"1";"None";"None";"nan";"nan";"None";"None";"None";"None";"nan";"7.251596";"43.698733";"000KX"
"2023-50449";"2023-05-31";"1";"Vente";"255000.0";"6.0";"None";"RUE PERE A VALENSIN";"4945";"06000";"06088";"Nice";"06";"None";"None";"06088000KX0079";"None";"None";"23";"nan";"None";"nan";"None";"nan";"None";"None";"None";"None";"1";"2";"Appartement";"57.0";"3.0";"None";"None";"None";"None";"nan";"7.25268";"43.69985";"000KX"
"2023-50692";"2023-05-31";"1";"Vente";"788400.0";"5.0";"None";"RUE FRANCOIS AUNE";"2615";"06000";"06088";"Nice";"06";"None";"None";"06088000KX0117";"None";"None";"141";"107.94";"50";"nan";"None";"nan";"None";"None";"None";"None";"2";"2";"Appartement";"106.0";"4.0";"None";"None";"None";"None";"nan";"7.254992";"43.699127";"000KX"
"2023-50722";"2023-05-31";"1";"Vente";"441750.0";"20.0";"B";"AV FLEURS";"2460";"06000";"06088";"Nice";"06";"None";"None";"06088000KX0164";"None";"None";"40";"nan";"9";"nan";"None";"nan";"None";"None";"None";"None";"2";"2";"Appartement";"83.0";"3.0";"None";"None";"None";"None";"nan";"7.253183";"43.698116";"000KX"
"2023-50369";"2023-05-31";"1";"Vente";"60000.0";"22.0";"None";"AV FLEURS";"2460";"06000";"06088";"Nice";"06";"None";"None";"06088000KX0165";"None";"None";"41";"nan";"None";"nan";"None";"nan";"None";"None";"None";"None";"1";"3";"Dépendance";"nan";"0.0";"None";"None";"None";"None";"nan";"7.252823";"43.698184";"000KX"
"2023-50692";"2023-05-31";"1";"Vente";"788400.0";"5.0";"None";"RUE FRANCOIS AUNE";"2615";"06000";"06088";"Nice";"06";"None";"None";"06088000KX0117";"None";"None";"74";"nan";"None";"nan";"None";"nan";"None";"None";"None";"None";"1";"3";"Dépendance";"nan";"0.0";"None";"None";"None";"None";"nan";"7.254992";"43.699127";"000KX"
"2023-50692";"2023-05-31";"1";"Vente";"788400.0";"5.0";"None";"RUE FRANCOIS AUNE";"2615";"06000";"06088";"Nice";"06";"None";"None";"06088000KX0117";"None";"None";"141";"107.94";"50";"nan";"None";"nan";"None";"None";"None";"None";"2";"3";"Dépendance";"nan";"0.0";"None";"None";"None";"None";"nan";"7.254992";"43.699127";"000KX"
"2023-50692";"2023-05-31";"1";"Vente";"788400.0";"5.0";"None";"RUE FRANCOIS AUNE";"2615";"06000";"06088";"Nice";"06";"None";"None";"06088000KX0117";"None";"None";"141";"107.94";"50";"nan";"None";"nan";"None";"None";"None";"None";"2";"3";"Dépendance";"nan";"0.0";"None";"None";"None";"None";"nan";"7.254992";"43.699127";"000KX"
"2023-50722";"2023-05-31";"1";"Vente";"441750.0";"20.0";"B";"AV FLEURS";"2460";"06000";"06088";"Nice";"06";"None";"None";"06088000KX0164";"None";"None";"40";"nan";"9";"nan";"None";"nan";"None";"None";"None";"None";"2";"3";"Dépendance";"nan";"0.0";"None";"None";"None";"None";"nan";"7.253183";"43.698116";"000KX"
"2023-50722";"2023-05-31";"1";"Vente";"441750.0";"20.0";"B";"AV FLEURS";"2460";"06000";"06088";"Nice";"06";"None";"None";"06088000KX0164";"None";"None";"70";"nan";"None";"nan";"None";"nan";"None";"None";"None";"None";"1";"3";"Dépendance";"nan";"0.0";"None";"None";"None";"None";"nan";"7.253183";"43.698116";"000KX"
"2023-50117";"2023-05-26";"1";"Vente";"584250.0";"39.0";"None";"BD GAMBETTA";"2755";"06000";"06088";"Nice";"06";"None";"None";"06088000KX0134";"None";"None";"22";"nan";"31";"nan";"None";"nan";"None";"None";"None";"None";"2";"2";"Appartement";"90.0";"4.0";"None";"None";"None";"None";"nan";"7.255993";"43.698061";"000KX"
"2023-50117";"2023-05-26";"1";"Vente";"584250.0";"39.0";"None";"BD GAMBETTA";"2755";"06000";"06088";"Nice";"06";"None";"None";"06088000KX0134";"None";"None";"22";"nan";"31";"nan";"None";"nan";"None";"None";"None";"None";"2";"3";"Dépendance";"nan";"0.0";"None";"None";"None";"None";"nan";"7.255993";"43.698061";"000KX"
"2023-50316";"2023-05-24";"1";"Vente";"234060.0";"73.0";"None";"BD FRANCOIS GROSSO";"2630";"06000";"06088";"Nice";"06";"None";"None";"06088000KX0309";"None";"None";"44";"nan";"46";"nan";"None";"nan";"None";"None";"None";"None";"2";"4";"Local industriel. commercial ou assimilé";"91.0";"0.0";"None";"None";"None";"None";"nan";"7.250936";"43.699209";"000KX"
"2023-49990";"2023-05-22";"1";"Vente";"277700.0";"6.0";"None";"RUE PERE A VALENSIN";"4945";"06000";"06088";"Nice";"06";"None";"None";"06088000KX0079";"None";"None";"31";"nan";"74";"nan";"None";"nan";"None";"None";"None";"None";"2";"2";"Appartement";"60.0";"3.0";"None";"None";"None";"None";"nan";"7.25268";"43.69985";"000KX"
"2023-50350";"2023-05-22";"1";"Vente";"12500.0";"6.0";"None";"RUE CHATEAUNEUF";"1365";"06000";"06088";"Nice";"06";"None";"None";"06088000KX0022";"None";"None";"29";"nan";"None";"nan";"None";"nan";"None";"None";"None";"None";"1";"3";"Dépendance";"nan";"0.0";"None";"None";"None";"None";"nan";"7.255437";"43.70161";"000KX"
"2023-50162";"2023-05-17";"1";"Vente";"156000.0";"32.0";"None";"RUE CHATEAUNEUF";"1365";"06000";"06088";"Nice";"06";"None";"None";"06088000KX0007";"None";"None";"13";"nan";"31";"29.22";"None";"nan";"None";"None";"None";"None";"2";"2";"Appartement";"30.0";"2.0";"None";"None";"None";"None";"nan";"7.25251";"43.700513";"000KX"
"2023-50162";"2023-05-17";"1";"Vente";"156000.0";"32.0";"None";"RUE CHATEAUNEUF";"1365";"06000";"06088";"Nice";"06";"None";"None";"06088000KX0007";"None";"None";"13";"nan";"31";"29.22";"None";"nan";"None";"None";"None";"None";"2";"3";"Dépendance";"nan";"0.0";"None";"None";"None";"None";"nan";"7.25251";"43.700513";"000KX"
"2023-49326";"2023-05-10";"1";"Vente";"99000.0";"5.0";"None";"AV SHAKESPEARE";"6220";"06000";"06088";"Nice";"06";"None";"None";"06088000KX0097";"None";"None";"25";"nan";"37";"nan";"None";"nan";"None";"None";"None";"None";"2";"2";"Appartement";"27.0";"1.0";"None";"None";"None";"None";"nan";"7.253417";"43.6992";"000KX"
"2023-49033";"2023-05-09";"1";"Vente";"185000.0";"14.0";"None";"AV SHAKESPEARE";"6220";"06000";"06088";"Nice";"06";"None";"None";"06088000KX0064";"None";"None";"26";"nan";"47";"nan";"None";"nan";"None";"None";"None";"None";"2";"2";"Appartement";"73.0";"3.0";"None";"None";"None";"None";"nan";"7.253902";"43.699996";"000KX"
"2023-49033";"2023-05-09";"1";"Vente";"185000.0";"14.0";"None";"AV SHAKESPEARE";"6220";"06000";"06088";"Nice";"06";"None";"None";"06088000KX0064";"None";"None";"77";"nan";"None";"nan";"None";"nan";"None";"None";"None";"None";"1";"3";"Dépendance";"nan";"0.0";"None";"None";"None";"None";"nan";"7.253902";"43.699996";"000KX"
"2023-49033";"2023-05-09";"1";"Vente";"185000.0";"14.0";"None";"AV SHAKESPEARE";"6220";"06000";"06088";"Nice";"06";"None";"None";"06088000KX0064";"None";"None";"26";"nan";"47";"nan";"None";"nan";"None";"None";"None";"None";"2";"3";"Dépendance";"nan";"0.0";"None";"None";"None";"None";"nan";"7.253902";"43.699996";"000KX"
"2023-49831";"2023-05-05";"1";"Vente";"384000.0";"32.0";"None";"AV FLEURS";"2460";"06000";"06088";"Nice";"06";"None";"None";"06088000KX0238";"None";"None";"17";"77.15";"36";"nan";"None";"nan";"None";"None";"None";"None";"2";"2";"Appartement";"78.0";"4.0";"None";"None";"None";"None";"nan";"7.251725";"43.698175";"000KX"
"2023-49352";"2023-05-05";"1";"Vente";"13500.0";"5.0";"None";"RUE CHATEAUNEUF";"1365";"06000";"06088";"Nice";"06";"None";"None";"06088000KX0031";"None";"None";"19";"nan";"None";"nan";"None";"nan";"None";"None";"None";"None";"1";"3";"Dépendance";"nan";"0.0";"None";"None";"None";"None";"nan";"7.255243";"43.701091";"000KX"
"2023-49831";"2023-05-05";"1";"Vente";"384000.0";"32.0";"None";"AV FLEURS";"2460";"06000";"06088";"Nice";"06";"None";"None";"06088000KX0238";"None";"None";"17";"77.15";"36";"nan";"None";"nan";"None";"None";"None";"None";"2";"3";"Dépendance";"nan";"0.0";"None";"None";"None";"None";"nan";"7.251725";"43.698175";"000KX"
"2023-49831";"2023-05-05";"1";"Vente";"384000.0";"32.0";"None";"AV FLEURS";"2460";"06000";"06088";"Nice";"06";"None";"None";"06088000KX0238";"None";"None";"17";"77.15";"36";"nan";"None";"nan";"None";"None";"None";"None";"2";"3";"Dépendance";"nan";"0.0";"None";"None";"None";"None";"nan";"7.251725";"43.698175";"000KX"
"2023-49831";"2023-05-05";"1";"Vente";"384000.0";"40.0";"None";"BD FRANCOIS GROSSO";"2630";"06000";"06088";"Nice";"06";"None";"None";"06088000KX0239";"None";"None";"30";"nan";"None";"nan";"None";"nan";"None";"None";"None";"None";"1";"3";"Dépendance";"nan";"0.0";"None";"None";"None";"None";"nan";"7.251526";"43.698197";"000KX"
"2023-49105";"2023-05-04";"1";"Vente";"200000.0";"16.0";"None";"RUE FREDERIC PASSY";"2665";"06000";"06088";"Nice";"06";"None";"None";"06088000KX0067";"None";"None";"153";"nan";"None";"nan";"None";"nan";"None";"None";"None";"None";"1";"2";"Appartement";"40.0";"2.0";"None";"None";"None";"None";"nan";"7.253849";"43.699766";"000KX"
"2023-48720";"2023-05-03";"1";"Vente";"175000.0";"21.0";"None";"RUE FRANCOIS AUNE";"2615";"06000";"06088";"Nice";"06";"None";"None";"06088000KX0051";"None";"None";"18";"nan";"None";"nan";"None";"nan";"None";"None";"None";"None";"1";"2";"Appartement";"29.0";"1.0";"None";"None";"None";"None";"nan";"7.254876";"43.700848";"000KX"
"2023-49448";"2023-05-03";"1";"Vente";"330000.0";"47.0";"None";"BD GAMBETTA";"2755";"06000";"06088";"Nice";"06";"None";"None";"06088000KX0126";"None";"None";"108";"nan";"28";"nan";"None";"nan";"None";"None";"None";"None";"2";"2";"Appartement";"25.0";"2.0";"None";"None";"None";"None";"nan";"7.255983";"43.6993";"000KX"
"2023-49448";"2023-05-03";"1";"Vente";"330000.0";"47.0";"None";"BD GAMBETTA";"2755";"06000";"06088";"Nice";"06";"None";"None";"06088000KX0126";"None";"None";"108";"nan";"28";"nan";"None";"nan";"None";"None";"None";"None";"2";"3";"Dépendance";"nan";"0.0";"None";"None";"None";"None";"nan";"7.255983";"43.6993";"000KX"
"2023-49448";"2023-05-03";"1";"Vente";"330000.0";"47.0";"None";"BD GAMBETTA";"2755";"06000";"06088";"Nice";"06";"None";"None";"06088000KX0126";"None";"None";"108";"nan";"28";"nan";"None";"nan";"None";"None";"None";"None";"2";"3";"Dépendance";"nan";"0.0";"None";"None";"None";"None";"nan";"7.255983";"43.6993";"000KX"
"2023-49721";"2023-05-02";"1";"Vente";"204000.0";"5.0";"None";"RUE CHATEAUNEUF";"1365";"06000";"06088";"Nice";"06";"None";"None";"06088000KX0031";"None";"None";"7";"nan";"91";"nan";"None";"nan";"None";"None";"None";"None";"2";"2";"Appartement";"52.0";"3.0";"None";"None";"None";"None";"nan";"7.255243";"43.701091";"000KX"
"2023-49721";"2023-05-02";"1";"Vente";"204000.0";"5.0";"None";"RUE CHATEAUNEUF";"1365";"06000";"06088";"Nice";"06";"None";"None";"06088000KX0031";"None";"None";"7";"nan";"91";"nan";"None";"nan";"None";"None";"None";"None";"2";"3";"Dépendance";"nan";"0.0";"None";"None";"None";"None";"nan";"7.255243";"43.701091";"000KX"
"2023-48991";"2023-04-27";"1";"Vente";"260000.0";"1.0";"None";"RUE FREDERIC PASSY";"2665";"06000";"06088";"Nice";"06";"None";"None";"06088000KX0123";"None";"None";"143";"nan";"224";"nan";"None";"nan";"None";"None";"None";"None";"2";"2";"Appartement";"62.0";"2.0";"None";"None";"None";"None";"nan";"7.255638";"43.699216";"000KX"
"2023-48991";"2023-04-27";"1";"Vente";"260000.0";"1.0";"None";"RUE FREDERIC PASSY";"2665";"06000";"06088";"Nice";"06";"None";"None";"06088000KX0123";"None";"None";"143";"nan";"224";"nan";"None";"nan";"None";"None";"None";"None";"2";"3";"Dépendance";"nan";"0.0";"None";"None";"None";"None";"nan";"7.255638";"43.699216";"000KX"
"2023-48373";"2023-04-24";"1";"Vente";"1130000.0";"10.0";"None";"RUE CAFFARELLI";"1005";"06000";"06088";"Nice";"06";"None";"None";"06088000KX0112";"None";"None";"None";"nan";"None";"nan";"None";"nan";"None";"None";"None";"None";"0";"1";"Maison";"175.0";"6.0";"S";"sols";"None";"None";"158.0";"7.254648";"43.698871";"000KX"
"2023-48589";"2023-04-21";"1";"Vente";"162000.0";"47.0";"None";"BD GAMBETTA";"2755";"06000";"06088";"Nice";"06";"None";"None";"06088000KX0126";"None";"None";"58";"31.82";"None";"nan";"None";"nan";"None";"None";"None";"None";"1";"2";"Appartement";"32.0";"1.0";"None";"None";"None";"None";"nan";"7.255983";"43.6993";"000KX"
"2023-48589";"2023-04-21";"1";"Vente";"162000.0";"47.0";"None";"BD GAMBETTA";"2755";"06000";"06088";"Nice";"06";"None";"None";"06088000KX0126";"None";"None";"58";"31.82";"None";"nan";"None";"nan";"None";"None";"None";"None";"1";"3";"Dépendance";"nan";"0.0";"None";"None";"None";"None";"nan";"7.255983";"43.6993";"000KX"
"2023-48822";"2023-04-20";"1";"Vente";"152000.0";"13.0";"None";"AV SHAKESPEARE";"6220";"06000";"06088";"Nice";"06";"None";"None";"06088000KX0068";"None";"None";"84";"24.55";"None";"nan";"None";"nan";"None";"None";"None";"None";"1";"2";"Appartement";"22.0";"1.0";"None";"None";"None";"None";"nan";"7.253239";"43.699852";"000KX"
"2023-48356";"2023-04-19";"1";"Vente";"640000.0";"1.0";"None";"PL FRANKLIN";"2650";"06000";"06088";"Nice";"06";"None";"None";"06088000KX0125";"None";"None";"18";"78.02";"33";"nan";"None";"nan";"None";"None";"None";"None";"2";"2";"Appartement";"81.0";"3.0";"None";"None";"None";"None";"nan";"7.255824";"43.699372";"000KX"
"2023-48985";"2023-04-19";"1";"Vente";"220000.0";"4.0";"None";"RUE PERE A VALENSIN";"4945";"06000";"06088";"Nice";"06";"None";"None";"06088000KX0079";"None";"None";"53";"nan";"None";"nan";"None";"nan";"None";"None";"None";"None";"1";"2";"Appartement";"40.0";"2.0";"None";"None";"None";"None";"nan";"7.25268";"43.69985";"000KX"
"2023-48356";"2023-04-19";"1";"Vente";"640000.0";"1.0";"None";"PL FRANKLIN";"2650";"06000";"06088";"Nice";"06";"None";"None";"06088000KX0125";"None";"None";"18";"78.02";"33";"nan";"None";"nan";"None";"None";"None";"None";"2";"3";"Dépendance";"nan";"0.0";"None";"None";"None";"None";"nan";"7.255824";"43.699372";"000KX"
"2023-48356";"2023-04-19";"1";"Vente";"640000.0";"1.0";"None";"PL FRANKLIN";"2650";"06000";"06088";"Nice";"06";"None";"None";"06088000KX0125";"None";"None";"18";"78.02";"33";"nan";"None";"nan";"None";"None";"None";"None";"2";"3";"Dépendance";"nan";"0.0";"None";"None";"None";"None";"nan";"7.255824";"43.699372";"000KX"
"2023-48727";"2023-04-18";"1";"Vente";"410000.0";"6.0";"None";"RUE CAFFARELLI";"1005";"06000";"06088";"Nice";"06";"None";"None";"06088000KX0118";"None";"None";"37";"nan";"73";"nan";"None";"nan";"None";"None";"None";"None";"2";"2";"Appartement";"65.0";"3.0";"None";"None";"None";"None";"nan";"7.255082";"43.698826";"000KX"
"2023-48727";"2023-04-18";"1";"Vente";"410000.0";"6.0";"None";"RUE CAFFARELLI";"1005";"06000";"06088";"Nice";"06";"None";"None";"06088000KX0118";"None";"None";"37";"nan";"73";"nan";"None";"nan";"None";"None";"None";"None";"2";"3";"Dépendance";"nan";"0.0";"None";"None";"None";"None";"nan";"7.255082";"43.698826";"000KX"
"2023-51576";"2023-04-17";"1";"Vente";"286500.0";"65.0";"None";"BD FRANCOIS GROSSO";"2630";"06000";"06088";"Nice";"06";"None";"None";"06088000KX0214";"None";"None";"126";"nan";"25";"nan";"None";"nan";"None";"None";"None";"None";"2";"2";"Appartement";"42.0";"2.0";"None";"None";"None";"None";"nan";"7.250981";"43.698658";"000KX"
"2023-51576";"2023-04-17";"1";"Vente";"286500.0";"65.0";"None";"BD FRANCOIS GROSSO";"2630";"06000";"06088";"Nice";"06";"None";"None";"06088000KX0214";"None";"None";"126";"nan";"25";"nan";"None";"nan";"None";"None";"None";"None";"2";"3";"Dépendance";"nan";"0.0";"None";"None";"None";"None";"nan";"7.250981";"43.698658";"000KX"
"2023-48489";"2023-04-13";"1";"Vente";"129000.0";"32.0";"None";"RUE CHATEAUNEUF";"1365";"06000";"06088";"Nice";"06";"None";"None";"06088000KX0007";"None";"None";"25";"30.46";"9";"nan";"None";"nan";"None";"None";"None";"None";"2";"2";"Appartement";"30.0";"2.0";"None";"None";"None";"None";"nan";"7.25251";"43.700513";"000KX"
"2023-48489";"2023-04-13";"1";"Vente";"129000.0";"32.0";"None";"RUE CHATEAUNEUF";"1365";"06000";"06088";"Nice";"06";"None";"None";"06088000KX0007";"None";"None";"25";"30.46";"9";"nan";"None";"nan";"None";"None";"None";"None";"2";"3";"Dépendance";"nan";"0.0";"None";"None";"None";"None";"nan";"7.25251";"43.700513";"000KX"
"2023-47800";"2023-04-12";"1";"Vente";"137000.0";"4.0";"None";"RUE PERE A VALENSIN";"4945";"06000";"06088";"Nice";"06";"None";"None";"06088000KX0079";"None";"None";"56";"45.88";"None";"nan";"None";"nan";"None";"None";"None";"None";"1";"2";"Appartement";"40.0";"2.0";"None";"None";"None";"None";"nan";"7.25268";"43.69985";"000KX"
"2023-48352";"2023-04-06";"1";"Vente";"140000.0";"6.0";"None";"RUE FRANCOIS AUNE";"2615";"06000";"06088";"Nice";"06";"None";"None";"06088000KX0122";"None";"None";"13";"nan";"54";"57.55";"None";"nan";"None";"None";"None";"None";"2";"2";"Appartement";"56.0";"2.0";"None";"None";"None";"None";"nan";"7.255607";"43.699069";"000KX"
"2023-48352";"2023-04-06";"1";"Vente";"140000.0";"6.0";"None";"RUE FRANCOIS AUNE";"2615";"06000";"06088";"Nice";"06";"None";"None";"06088000KX0122";"None";"None";"13";"nan";"54";"57.55";"None";"nan";"None";"None";"None";"None";"2";"3";"Dépendance";"nan";"0.0";"None";"None";"None";"None";"nan";"7.255607";"43.699069";"000KX"
"2023-47906";"2023-04-05";"1";"Vente";"275000.0";"5.0";"None";"RUE CHATEAUNEUF";"1365";"06000";"06088";"Nice";"06";"None";"None";"06088000KX0031";"None";"None";"74";"57.82";"None";"nan";"None";"nan";"None";"None";"None";"None";"1";"2";"Appartement";"57.0";"4.0";"None";"None";"None";"None";"nan";"7.255243";"43.701091";"000KX"
"2023-47906";"2023-04-05";"1";"Vente";"275000.0";"5.0";"None";"RUE CHATEAUNEUF";"1365";"06000";"06088";"Nice";"06";"None";"None";"06088000KX0031";"None";"None";"38";"nan";"None";"nan";"None";"nan";"None";"None";"None";"None";"1";"2";"Appartement";"20.0";"1.0";"None";"None";"None";"None";"nan";"7.255243";"43.701091";"000KX"
"2023-47736";"2023-04-04";"1";"Vente";"144000.0";"16.0";"None";"RUE FREDERIC PASSY";"2665";"06000";"06088";"Nice";"06";"None";"None";"06088000KX0067";"None";"None";"152";"30.45";"None";"nan";"None";"nan";"None";"None";"None";"None";"1";"2";"Appartement";"33.0";"1.0";"None";"None";"None";"None";"nan";"7.253849";"43.699766";"000KX"
"2023-47536";"2023-03-31";"1";"Vente";"346700.0";"11.0";"None";"AV SHAKESPEARE";"6220";"06000";"06088";"Nice";"06";"None";"None";"06088000KX0096";"None";"None";"13";"70.14";"32";"nan";"None";"nan";"None";"None";"None";"None";"2";"2";"Appartement";"72.0";"3.0";"None";"None";"None";"None";"nan";"7.253412";"43.69937";"000KX"
"2023-47716";"2023-03-31";"1";"Vente";"188000.0";"48.0";"None";"BD FRANCOIS GROSSO";"2630";"06000";"06088";"Nice";"06";"None";"None";"06088000KX0207";"None";"None";"2";"nan";"None";"nan";"None";"nan";"None";"None";"None";"None";"1";"2";"Appartement";"52.0";"3.0";"None";"None";"None";"None";"nan";"7.251455";"43.698583";"000KX"
"2023-48097";"2023-03-31";"1";"Vente";"645000.0";"24.0";"None";"RUE FREDERIC PASSY";"2665";"06000";"06088";"Nice";"06";"None";"None";"06088000KX0266";"None";"None";"71";"nan";"None";"nan";"None";"nan";"None";"None";"None";"None";"1";"2";"Appartement";"89.0";"3.0";"None";"None";"None";"None";"nan";"7.252477";"43.699776";"000KX"
"2023-47536";"2023-03-31";"1";"Vente";"346700.0";"11.0";"None";"AV SHAKESPEARE";"6220";"06000";"06088";"Nice";"06";"None";"None";"06088000KX0096";"None";"None";"13";"70.14";"32";"nan";"None";"nan";"None";"None";"None";"None";"2";"3";"Dépendance";"nan";"0.0";"None";"None";"None";"None";"nan";"7.253412";"43.69937";"000KX"
"2023-48097";"2023-03-31";"1";"Vente";"645000.0";"24.0";"None";"RUE FREDERIC PASSY";"2665";"06000";"06088";"Nice";"06";"None";"None";"06088000KX0266";"None";"None";"25";"nan";"None";"nan";"None";"nan";"None";"None";"None";"None";"1";"3";"Dépendance";"nan";"0.0";"None";"None";"None";"None";"nan";"7.252477";"43.699776";"000KX"
"2023-47162";"2023-03-28";"1";"Vente";"160000.0";"48.0";"None";"BD FRANCOIS GROSSO";"2630";"06000";"06088";"Nice";"06";"None";"None";"06088000KX0207";"None";"None";"2";"54.66";"None";"nan";"None";"nan";"None";"None";"None";"None";"1";"2";"Appartement";"52.0";"3.0";"None";"None";"None";"None";"nan";"7.251455";"43.698583";"000KX"
"2023-48023";"2023-03-28";"1";"Vente";"80000.0";"30.0";"None";"RUE CHATEAUNEUF";"1365";"06000";"06088";"Nice";"06";"None";"None";"06088000KX0009";"None";"None";"30";"nan";"None";"nan";"None";"nan";"None";"None";"None";"None";"1";"2";"Appartement";"43.0";"2.0";"None";"None";"None";"None";"nan";"7.252935";"43.700701";"000KX"
"2023-46938";"2023-03-27";"1";"Vente";"295420.0";"27.0";"None";"RUE CHATEAUNEUF";"1365";"06000";"06088";"Nice";"06";"None";"None";"06088000KX0077";"None";"None";"33";"nan";"6";"nan";"None";"nan";"None";"None";"None";"None";"2";"2";"Appartement";"81.0";"4.0";"None";"None";"None";"None";"nan";"7.252975";"43.700257";"000KX"
"2023-46938";"2023-03-27";"1";"Vente";"295420.0";"27.0";"None";"RUE CHATEAUNEUF";"1365";"06000";"06088";"Nice";"06";"None";"None";"06088000KX0077";"None";"None";"33";"nan";"6";"nan";"None";"nan";"None";"None";"None";"None";"2";"3";"Dépendance";"nan";"0.0";"None";"None";"None";"None";"nan";"7.252975";"43.700257";"000KX"
"2023-47160";"2023-03-23";"1";"Vente";"298000.0";"11.0";"None";"AV SHAKESPEARE";"6220";"06000";"06088";"Nice";"06";"None";"None";"06088000KX0096";"None";"None";"15";"76.41";"26";"nan";"None";"nan";"None";"None";"None";"None";"2";"2";"Appartement";"74.0";"3.0";"None";"None";"None";"None";"nan";"7.253412";"43.69937";"000KX"
"2023-47160";"2023-03-23";"1";"Vente";"298000.0";"11.0";"None";"AV SHAKESPEARE";"6220";"06000";"06088";"Nice";"06";"None";"None";"06088000KX0096";"None";"None";"15";"76.41";"26";"nan";"None";"nan";"None";"None";"None";"None";"2";"3";"Dépendance";"nan";"0.0";"None";"None";"None";"None";"nan";"7.253412";"43.69937";"000KX"
"2023-47477";"2023-03-22";"1";"Vente";"300000.0";"5.0";"None";"RUE FRANCOIS AUNE";"2615";"06000";"06088";"Nice";"06";"None";"None";"06088000KX0117";"None";"None";"135";"40.62";"67";"nan";"None";"nan";"None";"None";"None";"None";"2";"2";"Appartement";"42.0";"2.0";"None";"None";"None";"None";"nan";"7.254992";"43.699127";"000KX"
"2023-46997";"2023-03-22";"1";"Vente";"42000.0";"5.0";"None";"RUE FRANCOIS AUNE";"2615";"06000";"06088";"Nice";"06";"None";"None";"06088000KX0117";"None";"None";"27";"nan";"None";"nan";"None";"nan";"None";"None";"None";"None";"1";"3";"Dépendance";"nan";"0.0";"None";"None";"None";"None";"nan";"7.254992";"43.699127";"000KX"
"2023-47477";"2023-03-22";"1";"Vente";"300000.0";"5.0";"None";"RUE FRANCOIS AUNE";"2615";"06000";"06088";"Nice";"06";"None";"None";"06088000KX0117";"None";"None";"135";"40.62";"67";"nan";"None";"nan";"None";"None";"None";"None";"2";"3";"Dépendance";"nan";"0.0";"None";"None";"None";"None";"nan";"7.254992";"43.699127";"000KX"
"2023-47477";"2023-03-22";"1";"Vente";"300000.0";"5.0";"None";"RUE FRANCOIS AUNE";"2615";"06000";"06088";"Nice";"06";"None";"None";"06088000KX0117";"None";"None";"135";"40.62";"67";"nan";"None";"nan";"None";"None";"None";"None";"2";"3";"Dépendance";"nan";"0.0";"None";"None";"None";"None";"nan";"7.254992";"43.699127";"000KX"
"2023-48175";"2023-03-21";"1";"Vente";"200000.0";"3.0";"None";"RUE PERE A VALENSIN";"4945";"06000";"06088";"Nice";"06";"None";"None";"06088000KX0071";"None";"None";"19";"nan";"33";"nan";"None";"nan";"None";"None";"None";"None";"2";"2";"Appartement";"55.0";"3.0";"None";"None";"None";"None";"nan";"7.253082";"43.700088";"000KX"
"2023-48175";"2023-03-21";"1";"Vente";"200000.0";"3.0";"None";"RUE PERE A VALENSIN";"4945";"06000";"06088";"Nice";"06";"None";"None";"06088000KX0071";"None";"None";"19";"nan";"33";"nan";"None";"nan";"None";"None";"None";"None";"2";"3";"Dépendance";"nan";"0.0";"None";"None";"None";"None";"nan";"7.253082";"43.700088";"000KX"
"2023-46890";"2023-03-16";"1";"Vente";"112200.0";"11.0";"None";"RUE FREDERIC PASSY";"2665";"06000";"06088";"Nice";"06";"None";"None";"06088000KX0108";"None";"None";"7";"26.01";"None";"nan";"None";"nan";"None";"None";"None";"None";"1";"2";"Appartement";"28.0";"1.0";"None";"None";"None";"None";"nan";"7.254209";"43.699385";"000KX"
"2023-47124";"2023-03-16";"1";"Vente";"255000.0";"6.0";"None";"RUE PERE A VALENSIN";"4945";"06000";"06088";"Nice";"06";"None";"None";"06088000KX0079";"None";"None";"12";"nan";"89";"nan";"None";"nan";"None";"None";"None";"None";"2";"2";"Appartement";"72.0";"4.0";"None";"None";"None";"None";"nan";"7.25268";"43.69985";"000KX"
"2023-47124";"2023-03-16";"1";"Vente";"255000.0";"6.0";"None";"RUE PERE A VALENSIN";"4945";"06000";"06088";"Nice";"06";"None";"None";"06088000KX0079";"None";"None";"12";"nan";"89";"nan";"None";"nan";"None";"None";"None";"None";"2";"3";"Dépendance";"nan";"0.0";"None";"None";"None";"None";"nan";"7.25268";"43.69985";"000KX"
"2023-47112";"2023-03-15";"1";"Vente";"315000.0";"30.0";"None";"AV FLEURS";"2460";"06000";"06088";"Nice";"06";"None";"None";"06088000KX0237";"None";"None";"22";"nan";"53";"nan";"None";"nan";"None";"None";"None";"None";"2";"2";"Appartement";"57.0";"2.0";"None";"None";"None";"None";"nan";"7.251895";"43.698152";"000KX"
"2023-47112";"2023-03-15";"1";"Vente";"315000.0";"30.0";"None";"AV FLEURS";"2460";"06000";"06088";"Nice";"06";"None";"None";"06088000KX0237";"None";"None";"22";"nan";"53";"nan";"None";"nan";"None";"None";"None";"None";"2";"3";"Dépendance";"nan";"0.0";"None";"None";"None";"None";"nan";"7.251895";"43.698152";"000KX"
"2023-46463";"2023-03-08";"1";"Vente";"125680.0";"4.0";"None";"RUE PERE A VALENSIN";"4945";"06000";"06088";"Nice";"06";"None";"None";"06088000KX0079";"None";"None";"40";"24.54";"None";"nan";"None";"nan";"None";"None";"None";"None";"1";"2";"Appartement";"20.0";"1.0";"None";"None";"None";"None";"nan";"7.25268";"43.69985";"000KX"
"2023-46348";"2023-03-07";"1";"Vente";"413000.0";"56.0";"None";"RUE SAINT PHILIPPE";"5895";"06000";"06088";"Nice";"06";"None";"None";"06088000KX0268";"None";"None";"33";"nan";"None";"nan";"None";"nan";"None";"None";"None";"None";"1";"2";"Appartement";"64.0";"2.0";"None";"None";"None";"None";"nan";"7.255857";"43.698182";"000KX"
"2023-46348";"2023-03-07";"1";"Vente";"413000.0";"56.0";"None";"RUE SAINT PHILIPPE";"5895";"06000";"06088";"Nice";"06";"None";"None";"06088000KX0268";"None";"None";"33";"nan";"None";"nan";"None";"nan";"None";"None";"None";"None";"1";"3";"Dépendance";"nan";"0.0";"None";"None";"None";"None";"nan";"7.255857";"43.698182";"000KX"
"2023-46348";"2023-03-07";"1";"Vente";"413000.0";"56.0";"None";"RUE SAINT PHILIPPE";"5895";"06000";"06088";"Nice";"06";"None";"None";"06088000KX0268";"None";"None";"25";"nan";"None";"nan";"None";"nan";"None";"None";"None";"None";"1";"4";"Local industriel. commercial ou assimilé";"65.0";"0.0";"None";"None";"None";"None";"nan";"7.255857";"43.698182";"000KX"
"2023-46740";"2023-03-06";"1";"Vente";"220000.0";"42.0";"B";"BD FRANCOIS GROSSO";"2630";"06000";"06088";"Nice";"06";"None";"None";"06088000KX0236";"None";"None";"32";"nan";"55";"nan";"None";"nan";"None";"None";"None";"None";"2";"2";"Appartement";"49.0";"2.0";"None";"None";"None";"None";"nan";"7.251755";"43.698394";"000KX"
"2023-46243";"2023-02-27";"1";"Vente";"235200.0";"69.0";"None";"BD FRANCOIS GROSSO";"2630";"06000";"06088";"Nice";"06";"None";"None";"06088000KX0215";"None";"None";"24";"nan";"68";"50.63";"None";"nan";"None";"None";"None";"None";"2";"2";"Appartement";"55.0";"2.0";"None";"None";"None";"None";"nan";"7.250715";"43.69887";"000KX"
"2023-46494";"2023-02-27";"1";"Vente";"625000.0";"12.0";"None";"AV DEPOILLY";"1910";"06000";"06088";"Nice";"06";"None";"None";"06088000KX0048";"None";"None";"18";"nan";"25";"135.31";"None";"nan";"None";"None";"None";"None";"2";"2";"Appartement";"134.0";"6.0";"None";"None";"None";"None";"nan";"7.25456";"43.700372";"000KX"
"2023-46243";"2023-02-27";"1";"Vente";"235200.0";"69.0";"None";"BD FRANCOIS GROSSO";"2630";"06000";"06088";"Nice";"06";"None";"None";"06088000KX0215";"None";"None";"24";"nan";"68";"50.63";"None";"nan";"None";"None";"None";"None";"2";"3";"Dépendance";"nan";"0.0";"None";"None";"None";"None";"nan";"7.250715";"43.69887";"000KX"
"2023-46494";"2023-02-27";"1";"Vente";"625000.0";"12.0";"None";"AV DEPOILLY";"1910";"06000";"06088";"Nice";"06";"None";"None";"06088000KX0048";"None";"None";"18";"nan";"25";"135.31";"None";"nan";"None";"None";"None";"None";"2";"3";"Dépendance";"nan";"0.0";"None";"None";"None";"None";"nan";"7.25456";"43.700372";"000KX"
"2023-46494";"2023-02-27";"1";"Vente";"625000.0";"12.0";"None";"AV DEPOILLY";"1910";"06000";"06088";"Nice";"06";"None";"None";"06088000KX0048";"None";"None";"42";"nan";"None";"nan";"None";"nan";"None";"None";"None";"None";"1";"3";"Dépendance";"nan";"0.0";"None";"None";"None";"None";"nan";"7.25456";"43.700372";"000KX"
"2023-45867";"2023-02-17";"1";"Vente";"247000.0";"4.0";"None";"RUE PERE A VALENSIN";"4945";"06000";"06088";"Nice";"06";"None";"None";"06088000KX0079";"None";"None";"63";"nan";"None";"nan";"None";"nan";"None";"None";"None";"None";"1";"2";"Appartement";"31.0";"2.0";"None";"None";"None";"None";"nan";"7.25268";"43.69985";"000KX"
"2023-45867";"2023-02-17";"1";"Vente";"247000.0";"4.0";"None";"RUE PERE A VALENSIN";"4945";"06000";"06088";"Nice";"06";"None";"None";"06088000KX0079";"None";"None";"63";"nan";"None";"nan";"None";"nan";"None";"None";"None";"None";"1";"3";"Dépendance";"nan";"0.0";"None";"None";"None";"None";"nan";"7.25268";"43.69985";"000KX"
"2023-45316";"2023-02-16";"1";"Vente";"213000.0";"13.0";"None";"AV SHAKESPEARE";"6220";"06000";"06088";"Nice";"06";"None";"None";"06088000KX0068";"None";"None";"111";"nan";"25";"nan";"None";"nan";"None";"None";"None";"None";"2";"2";"Appartement";"30.0";"1.0";"None";"None";"None";"None";"nan";"7.253239";"43.699852";"000KX"
"2023-45389";"2023-02-16";"1";"Vente";"99600.0";"13.0";"None";"AV SHAKESPEARE";"6220";"06000";"06088";"Nice";"06";"None";"None";"06088000KX0068";"None";"None";"143";"nan";"None";"nan";"None";"nan";"None";"None";"None";"None";"1";"2";"Appartement";"31.0";"1.0";"None";"None";"None";"None";"nan";"7.253239";"43.699852";"000KX"
"2023-45316";"2023-02-16";"1";"Vente";"213000.0";"13.0";"None";"AV SHAKESPEARE";"6220";"06000";"06088";"Nice";"06";"None";"None";"06088000KX0068";"None";"None";"111";"nan";"25";"nan";"None";"nan";"None";"None";"None";"None";"2";"3";"Dépendance";"nan";"0.0";"None";"None";"None";"None";"nan";"7.253239";"43.699852";"000KX"
"2023-45711";"2023-02-14";"1";"Vente";"150000.0";"44.0";"None";"RUE CHATEAUNEUF";"1365";"06000";"06088";"Nice";"06";"None";"None";"06088000KX0002";"None";"None";"10";"nan";"None";"nan";"None";"nan";"None";"None";"None";"None";"1";"2";"Appartement";"44.0";"2.0";"None";"None";"None";"None";"nan";"7.251537";"43.700055";"000KX"
"2023-45257";"2023-02-08";"1";"Vente";"126860.0";"13.0";"None";"AV SHAKESPEARE";"6220";"06000";"06088";"Nice";"06";"None";"None";"06088000KX0068";"None";"None";"7";"26.73";"None";"nan";"None";"nan";"None";"None";"None";"None";"1";"2";"Appartement";"25.0";"1.0";"None";"None";"None";"None";"nan";"7.253239";"43.699852";"000KX"
"2023-45591";"2023-02-08";"1";"Vente";"205000.0";"4.0";"None";"RUE CHATEAUNEUF";"1365";"06000";"06088";"Nice";"06";"None";"None";"06088000KX0023";"None";"None";"110";"nan";"24";"nan";"None";"nan";"None";"None";"None";"None";"2";"2";"Appartement";"48.0";"2.0";"None";"None";"None";"None";"nan";"7.255705";"43.701793";"000KX"
"2023-44787";"2023-02-08";"1";"Vente";"49000.0";"24.0";"None";"RUE FREDERIC PASSY";"2665";"06000";"06088";"Nice";"06";"None";"None";"06088000KX0266";"None";"None";"30";"nan";"None";"nan";"None";"nan";"None";"None";"None";"None";"1";"3";"Dépendance";"nan";"0.0";"None";"None";"None";"None";"nan";"7.252477";"43.699776";"000KX"
"2023-45591";"2023-02-08";"1";"Vente";"205000.0";"4.0";"None";"RUE CHATEAUNEUF";"1365";"06000";"06088";"Nice";"06";"None";"None";"06088000KX0023";"None";"None";"55";"nan";"None";"nan";"None";"nan";"None";"None";"None";"None";"1";"3";"Dépendance";"nan";"0.0";"None";"None";"None";"None";"nan";"7.255705";"43.701793";"000KX"
"2023-45591";"2023-02-08";"1";"Vente";"205000.0";"4.0";"None";"RUE CHATEAUNEUF";"1365";"06000";"06088";"Nice";"06";"None";"None";"06088000KX0023";"None";"None";"110";"nan";"24";"nan";"None";"nan";"None";"None";"None";"None";"2";"3";"Dépendance";"nan";"0.0";"None";"None";"None";"None";"nan";"7.255705";"43.701793";"000KX"
"2023-45463";"2023-02-06";"1";"Vente";"465655.0";"69.0";"None";"BD FRANCOIS GROSSO";"2630";"06000";"06088";"Nice";"06";"None";"None";"06088000KX0215";"None";"None";"12";"nan";"85";"nan";"None";"nan";"None";"None";"None";"None";"2";"2";"Appartement";"94.0";"4.0";"None";"None";"None";"None";"nan";"7.250715";"43.69887";"000KX"
"2023-45463";"2023-02-06";"1";"Vente";"465655.0";"69.0";"None";"BD FRANCOIS GROSSO";"2630";"06000";"06088";"Nice";"06";"None";"None";"06088000KX0215";"None";"None";"12";"nan";"85";"nan";"None";"nan";"None";"None";"None";"None";"2";"3";"Dépendance";"nan";"0.0";"None";"None";"None";"None";"nan";"7.250715";"43.69887";"000KX"
"2023-45463";"2023-02-06";"1";"Vente";"465655.0";"69.0";"None";"BD FRANCOIS GROSSO";"2630";"06000";"06088";"Nice";"06";"None";"None";"06088000KX0215";"None";"None";"39";"nan";"None";"nan";"None";"nan";"None";"None";"None";"None";"1";"3";"Dépendance";"nan";"0.0";"None";"None";"None";"None";"nan";"7.250715";"43.69887";"000KX"
"2023-45463";"2023-02-06";"1";"Vente";"465655.0";"69.0";"None";"BD FRANCOIS GROSSO";"2630";"06000";"06088";"Nice";"06";"None";"None";"06088000KX0215";"None";"None";"12";"nan";"85";"nan";"None";"nan";"None";"None";"None";"None";"2";"3";"Dépendance";"nan";"0.0";"None";"None";"None";"None";"nan";"7.250715";"43.69887";"000KX"
"2023-45198";"2023-02-02";"1";"Vente";"120000.0";"41.0";"None";"RUE CHATEAUNEUF";"1365";"06000";"06088";"Nice";"06";"None";"None";"06088000KX0087";"None";"None";"18";"23.45";"None";"nan";"None";"nan";"None";"None";"None";"None";"1";"2";"Appartement";"25.0";"1.0";"None";"None";"None";"None";"nan";"7.251692";"43.699792";"000KX"
"2023-45233";"2023-02-02";"1";"Vente";"255000.0";"15.0";"None";"AV SHAKESPEARE";"6220";"06000";"06088";"Nice";"06";"None";"None";"06088000KX0072";"None";"None";"35";"47.05";"None";"nan";"None";"nan";"None";"None";"None";"None";"1";"2";"Appartement";"44.0";"2.0";"None";"None";"None";"None";"nan";"7.253377";"43.700082";"000KX"
"2023-44582";"2023-01-31";"1";"Vente";"1299000.0";"9.0";"None";"RUE FREDERIC PASSY";"2665";"06000";"06088";"Nice";"06";"None";"None";"06088000KX0109";"None";"None";"16";"nan";"17";"209.03";"9";"9.88";"None";"None";"None";"None";"3";"2";"Appartement";"190.0";"5.0";"None";"None";"None";"None";"nan";"7.25442";"43.699293";"000KX"
"2023-44582";"2023-01-31";"1";"Vente";"1299000.0";"9.0";"None";"RUE FREDERIC PASSY";"2665";"06000";"06088";"Nice";"06";"None";"None";"06088000KX0109";"None";"None";"33";"nan";"None";"nan";"None";"nan";"None";"None";"None";"None";"1";"3";"Dépendance";"nan";"0.0";"None";"None";"None";"None";"nan";"7.25442";"43.699293";"000KX"
"2023-44153";"2023-01-20";"1";"Vente";"425000.0";"45.0";"None";"BD GAMBETTA";"2755";"06000";"06088";"Nice";"06";"None";"None";"06088000KX0127";"None";"None";"10";"nan";"45";"nan";"None";"nan";"None";"None";"None";"None";"2";"2";"Appartement";"90.0";"3.0";"None";"None";"None";"None";"nan";"7.255851";"43.699054";"000KX"
"2023-44766";"2023-01-20";"1";"Vente";"371000.0";"32.0";"None";"AV FLEURS";"2460";"06000";"06088";"Nice";"06";"None";"None";"06088000KX0238";"None";"None";"11";"79.3";"33";"nan";"None";"nan";"None";"None";"None";"None";"2";"2";"Appartement";"81.0";"4.0";"None";"None";"None";"None";"nan";"7.251725";"43.698175";"000KX"
"2023-44153";"2023-01-20";"1";"Vente";"425000.0";"45.0";"None";"BD GAMBETTA";"2755";"06000";"06088";"Nice";"06";"None";"None";"06088000KX0127";"None";"None";"10";"nan";"45";"nan";"None";"nan";"None";"None";"None";"None";"2";"3";"Dépendance";"nan";"0.0";"None";"None";"None";"None";"nan";"7.255851";"43.699054";"000KX"
"2023-44153";"2023-01-20";"1";"Vente";"425000.0";"45.0";"None";"BD GAMBETTA";"2755";"06000";"06088";"Nice";"06";"None";"None";"06088000KX0127";"None";"None";"10";"nan";"45";"nan";"None";"nan";"None";"None";"None";"None";"2";"3";"Dépendance";"nan";"0.0";"None";"None";"None";"None";"nan";"7.255851";"43.699054";"000KX"
"2023-44766";"2023-01-20";"1";"Vente";"371000.0";"32.0";"None";"AV FLEURS";"2460";"06000";"06088";"Nice";"06";"None";"None";"06088000KX0238";"None";"None";"11";"79.3";"33";"nan";"None";"nan";"None";"None";"None";"None";"2";"3";"Dépendance";"nan";"0.0";"None";"None";"None";"None";"nan";"7.251725";"43.698175";"000KX"
"2023-44766";"2023-01-20";"1";"Vente";"371000.0";"32.0";"None";"AV FLEURS";"2460";"06000";"06088";"Nice";"06";"None";"None";"06088000KX0238";"None";"None";"11";"79.3";"33";"nan";"None";"nan";"None";"None";"None";"None";"2";"3";"Dépendance";"nan";"0.0";"None";"None";"None";"None";"nan";"7.251725";"43.698175";"000KX"
"2023-44839";"2023-01-19";"1";"Vente";"167000.0";"34.0";"None";"RUE CHATEAUNEUF";"1365";"06000";"06088";"Nice";"06";"None";"None";"06088000KX0006";"None";"None";"21";"54.5";"6";"nan";"None";"nan";"None";"None";"None";"None";"2";"2";"Appartement";"60.0";"2.0";"None";"None";"None";"None";"nan";"7.252386";"43.700453";"000KX"
"2023-43969";"2023-01-18";"1";"Vente";"130000.0";"47.0";"None";"RUE CAFFARELLI";"1005";"06000";"06088";"Nice";"06";"None";"None";"06088000KX0191";"None";"None";"131";"17.3";"None";"nan";"None";"nan";"None";"None";"None";"None";"1";"2";"Appartement";"17.0";"1.0";"None";"None";"None";"None";"nan";"7.252017";"43.69921";"000KX"
"2023-44113";"2023-01-16";"1";"Vente";"1620000.0";"9.0";"None";"RUE FREDERIC PASSY";"2665";"06000";"06088";"Nice";"06";"None";"None";"06088000KX0109";"None";"None";"11";"nan";"18";"nan";"6";"nan";"None";"None";"None";"None";"3";"2";"Appartement";"208.0";"6.0";"None";"None";"None";"None";"nan";"7.25442";"43.699293";"000KX"
"2023-44449";"2023-01-16";"1";"Vente";"50000.0";"39.0";"None";"RUE CHATEAUNEUF";"1365";"06000";"06088";"Nice";"06";"None";"None";"06088000KX0085";"None";"None";"25";"20.28";"None";"nan";"None";"nan";"None";"None";"None";"None";"1";"2";"Appartement";"28.0";"1.0";"None";"None";"None";"None";"nan";"7.25178";"43.699834";"000KX"
"2023-44113";"2023-01-16";"1";"Vente";"1620000.0";"9.0";"None";"RUE FREDERIC PASSY";"2665";"06000";"06088";"Nice";"06";"None";"None";"06088000KX0109";"None";"None";"28";"nan";"None";"nan";"None";"nan";"None";"None";"None";"None";"1";"3";"Dépendance";"nan";"0.0";"None";"None";"None";"None";"nan";"7.25442";"43.699293";"000KX"
"2023-44113";"2023-01-16";"1";"Vente";"1620000.0";"9.0";"None";"RUE FREDERIC PASSY";"2665";"06000";"06088";"Nice";"06";"None";"None";"06088000KX0109";"None";"None";"11";"nan";"18";"nan";"6";"nan";"None";"None";"None";"None";"3";"3";"Dépendance";"nan";"0.0";"None";"None";"None";"None";"nan";"7.25442";"43.699293";"000KX"
"2023-44409";"2023-01-12";"1";"Vente";"138000.0";"29.0";"None";"RUE CHATEAUNEUF";"1365";"06000";"06088";"Nice";"06";"None";"None";"06088000KX0078";"None";"None";"33";"nan";"68";"nan";"None";"nan";"None";"None";"None";"None";"2";"2";"Appartement";"30.0";"1.0";"None";"None";"None";"None";"nan";"7.252632";"43.700111";"000KX"
"2023-44409";"2023-01-12";"1";"Vente";"138000.0";"29.0";"None";"RUE CHATEAUNEUF";"1365";"06000";"06088";"Nice";"06";"None";"None";"06088000KX0078";"None";"None";"33";"nan";"68";"nan";"None";"nan";"None";"None";"None";"None";"2";"3";"Dépendance";"nan";"0.0";"None";"None";"None";"None";"nan";"7.252632";"43.700111";"000KX"
"2023-43736";"2023-01-06";"1";"Vente";"730000.0";"14.0";"None";"RUE CAFFARELLI";"1005";"06000";"06088";"Nice";"06";"None";"None";"06088000KX0110";"None";"None";"58";"nan";"None";"nan";"None";"nan";"None";"None";"None";"None";"1";"2";"Appartement";"191.0";"8.0";"None";"None";"None";"None";"nan";"7.254418";"43.698946";"000KX"
"2023-43736";"2023-01-06";"1";"Vente";"730000.0";"14.0";"None";"RUE CAFFARELLI";"1005";"06000";"06088";"Nice";"06";"None";"None";"06088000KX0110";"None";"None";"58";"nan";"None";"nan";"None";"nan";"None";"None";"None";"None";"1";"3";"Dépendance";"nan";"0.0";"None";"None";"None";"None";"nan";"7.254418";"43.698946";"000KX"
"2023-43654";"2023-01-06";"1";"Vente";"105000.0";"17.0";"None";"RUE FREDERIC PASSY";"2665";"06000";"06088";"Nice";"06";"None";"None";"06088000KX0095";"None";"None";"59";"nan";"71";"28.05";"None";"nan";"None";"None";"None";"None";"2";"4";"Local industriel. commercial ou assimilé";"33.0";"0.0";"None";"None";"None";"None";"nan";"7.253214";"43.699354";"000KX"
"2023-43675";"2023-01-05";"1";"Vente";"98000.0";"5.0";"None";"AV DEPOILLY";"1910";"06000";"06088";"Nice";"06";"None";"None";"06088000KX0044";"None";"None";"39";"nan";"40";"nan";"None";"nan";"None";"None";"None";"None";"2";"3";"Dépendance";"nan";"0.0";"None";"None";"None";"None";"nan";"7.254976";"43.699999";"000KX"
"2023-43816";"2023-01-04";"1";"Vente";"470000.0";"8.0";"None";"AV FLEURS";"2460";"06000";"06088";"Nice";"06";"None";"None";"06088000KX0141";"None";"None";"53";"nan";"None";"nan";"None";"nan";"None";"None";"None";"None";"1";"2";"Appartement";"62.0";"2.0";"None";"None";"None";"None";"nan";"7.25459";"43.697935";"000KX"
"2023-43792";"2023-01-04";"1";"Vente";"45000.0";"6.0";"T";"AV FLEURS";"2460";"06000";"06088";"Nice";"06";"None";"None";"06088000KX0142";"None";"None";"11";"nan";"None";"nan";"None";"nan";"None";"None";"None";"None";"1";"3";"Dépendance";"nan";"0.0";"None";"None";"None";"None";"nan";"7.254741";"43.698048";"000KX"
"2023-43816";"2023-01-04";"1";"Vente";"470000.0";"8.0";"None";"AV FLEURS";"2460";"06000";"06088";"Nice";"06";"None";"None";"06088000KX0141";"None";"None";"25";"nan";"None";"nan";"None";"nan";"None";"None";"None";"None";"1";"3";"Dépendance";"nan";"0.0";"None";"None";"None";"None";"nan";"7.25459";"43.697935";"000KX"
"2022-71418";"2022-12-29";"1";"Vente";"500000.0";"18.0";"None";"AV FLEURS";"2460";"06000";"06088";"Nice";"06";"None";"None";"06088000KX0151";"None";"None";"15";"31.22";"16";"nan";"None";"nan";"None";"None";"None";"None";"2";"2";"Appartement";"30.0";"1.0";"None";"None";"None";"None";"nan";"7.253574";"43.698361";"000KX"
"2022-71418";"2022-12-29";"1";"Vente";"500000.0";"18.0";"None";"AV FLEURS";"2460";"06000";"06088";"Nice";"06";"None";"None";"06088000KX0151";"None";"None";"13";"64.16";"None";"nan";"None";"nan";"None";"None";"None";"None";"1";"2";"Appartement";"70.0";"2.0";"None";"None";"None";"None";"nan";"7.253574";"43.698361";"000KX"
"2022-71418";"2022-12-29";"1";"Vente";"500000.0";"18.0";"None";"AV FLEURS";"2460";"06000";"06088";"Nice";"06";"None";"None";"06088000KX0151";"None";"None";"17";"nan";"None";"nan";"None";"nan";"None";"None";"None";"None";"1";"3";"Dépendance";"nan";"0.0";"None";"None";"None";"None";"nan";"7.253574";"43.698361";"000KX"
"2022-71418";"2022-12-29";"1";"Vente";"500000.0";"18.0";"None";"AV FLEURS";"2460";"06000";"06088";"Nice";"06";"None";"None";"06088000KX0151";"None";"None";"15";"31.22";"16";"nan";"None";"nan";"None";"None";"None";"None";"2";"3";"Dépendance";"nan";"0.0";"None";"None";"None";"None";"nan";"7.253574";"43.698361";"000KX"
"2022-71418";"2022-12-29";"1";"Vente";"500000.0";"18.0";"None";"AV FLEURS";"2460";"06000";"06088";"Nice";"06";"None";"None";"06088000KX0151";"None";"None";"13";"64.16";"None";"nan";"None";"nan";"None";"None";"None";"None";"1";"3";"Dépendance";"nan";"0.0";"None";"None";"None";"None";"nan";"7.253574";"43.698361";"000KX"
"2022-71418";"2022-12-29";"1";"Vente";"500000.0";"18.0";"None";"AV FLEURS";"2460";"06000";"06088";"Nice";"06";"None";"None";"06088000KX0151";"None";"None";"13";"64.16";"None";"nan";"None";"nan";"None";"None";"None";"None";"1";"3";"Dépendance";"nan";"0.0";"None";"None";"None";"None";"nan";"7.253574";"43.698361";"000KX"
"2022-71115";"2022-12-22";"1";"Vente";"272000.0";"40.0";"None";"BD FRANCOIS GROSSO";"2630";"06000";"06088";"Nice";"06";"None";"None";"06088000KX0239";"None";"None";"17";"52.47";"None";"nan";"None";"nan";"None";"None";"None";"None";"1";"2";"Appartement";"54.0";"2.0";"None";"None";"None";"None";"nan";"7.251526";"43.698197";"000KX"
"2022-71115";"2022-12-22";"1";"Vente";"272000.0";"40.0";"None";"BD FRANCOIS GROSSO";"2630";"06000";"06088";"Nice";"06";"None";"None";"06088000KX0239";"None";"None";"17";"52.47";"None";"nan";"None";"nan";"None";"None";"None";"None";"1";"3";"Dépendance";"nan";"0.0";"None";"None";"None";"None";"nan";"7.251526";"43.698197";"000KX"
"2022-70380";"2022-12-21";"1";"Vente";"106500.0";"36.0";"None";"RUE CHATEAUNEUF";"1365";"06000";"06088";"Nice";"06";"None";"None";"06088000KX0005";"None";"None";"21";"nan";"7";"nan";"None";"nan";"None";"None";"None";"None";"2";"2";"Appartement";"36.0";"1.0";"None";"None";"None";"None";"nan";"7.252243";"43.700401";"000KX"
"2022-70449";"2022-12-21";"1";"Vente";"315000.0";"13.0";"None";"AV SHAKESPEARE";"6220";"06000";"06088";"Nice";"06";"None";"None";"06088000KX0068";"None";"None";"127";"69.33";"162";"nan";"None";"nan";"None";"None";"None";"None";"2";"2";"Appartement";"80.0";"3.0";"None";"None";"None";"None";"nan";"7.253239";"43.699852";"000KX"
"2022-70380";"2022-12-21";"1";"Vente";"106500.0";"36.0";"None";"RUE CHATEAUNEUF";"1365";"06000";"06088";"Nice";"06";"None";"None";"06088000KX0005";"None";"None";"21";"nan";"7";"nan";"None";"nan";"None";"None";"None";"None";"2";"3";"Dépendance";"nan";"0.0";"None";"None";"None";"None";"nan";"7.252243";"43.700401";"000KX"
"2022-70449";"2022-12-21";"1";"Vente";"315000.0";"13.0";"None";"AV SHAKESPEARE";"6220";"06000";"06088";"Nice";"06";"None";"None";"06088000KX0068";"None";"None";"127";"69.33";"162";"nan";"None";"nan";"None";"None";"None";"None";"2";"3";"Dépendance";"nan";"0.0";"None";"None";"None";"None";"nan";"7.253239";"43.699852";"000KX"
"2022-70791";"2022-12-20";"1";"Vente";"266100.0";"21.0";"None";"RUE CHATEAUNEUF";"1365";"06000";"06088";"Nice";"06";"None";"None";"06088000KX0058";"None";"None";"16";"59.49";"None";"nan";"None";"nan";"None";"None";"None";"None";"1";"2";"Appartement";"48.0";"2.0";"None";"None";"None";"None";"nan";"7.253715";"43.700574";"000KX"
"2022-71121";"2022-12-19";"1";"Vente";"45000.0";"17.0";"None";"RUE FREDERIC PASSY";"2665";"06000";"06088";"Nice";"06";"None";"None";"06088000KX0095";"None";"None";"41";"nan";"None";"nan";"None";"nan";"None";"None";"None";"None";"1";"3";"Dépendance";"nan";"0.0";"None";"None";"None";"None";"nan";"7.253214";"43.699354";"000KX"
"2022-70807";"2022-12-15";"1";"Vente";"165000.0";"20.0";"None";"RUE CHATEAUNEUF";"1365";"06000";"06088";"Nice";"06";"None";"None";"06088000KX0016";"None";"None";"33";"nan";"None";"nan";"None";"nan";"None";"None";"None";"None";"1";"2";"Appartement";"33.0";"1.0";"None";"None";"None";"None";"nan";"7.253845";"43.701009";"000KX"
"2022-70459";"2022-12-14";"1";"Vente";"730000.0";"12.0";"None";"AV FLEURS";"2460";"06000";"06088";"Nice";"06";"None";"None";"06088000KX0146";"None";"None";"1";"nan";"25";"nan";"None";"nan";"None";"None";"None";"None";"2";"2";"Appartement";"110.0";"3.0";"None";"None";"None";"None";"nan";"7.254018";"43.698016";"000KX"
"2022-70459";"2022-12-14";"1";"Vente";"730000.0";"12.0";"None";"AV FLEURS";"2460";"06000";"06088";"Nice";"06";"None";"None";"06088000KX0146";"None";"None";"1";"nan";"25";"nan";"None";"nan";"None";"None";"None";"None";"2";"3";"Dépendance";"nan";"0.0";"None";"None";"None";"None";"nan";"7.254018";"43.698016";"000KX"
"2022-70137";"2022-12-12";"1";"Vente";"151200.0";"73.0";"T";"BD GAMBETTA";"2755";"06000";"06088";"Nice";"06";"None";"None";"06088000KX0228";"None";"None";"7";"nan";"None";"nan";"None";"nan";"None";"None";"None";"None";"1";"2";"Appartement";"42.0";"2.0";"None";"None";"None";"None";"nan";"7.255935";"43.702036";"000KX"
"2022-69947";"2022-12-12";"1";"Vente";"10000.0";"1.0";"None";"PL FRANKLIN";"2650";"06000";"06088";"Nice";"06";"None";"None";"06088000KX0125";"None";"None";"22";"nan";"None";"nan";"None";"nan";"None";"None";"None";"None";"1";"3";"Dépendance";"nan";"0.0";"None";"None";"None";"None";"nan";"7.255824";"43.699372";"000KX"
"2022-70137";"2022-12-12";"1";"Vente";"151200.0";"73.0";"T";"BD GAMBETTA";"2755";"06000";"06088";"Nice";"06";"None";"None";"06088000KX0228";"None";"None";"7";"nan";"None";"nan";"None";"nan";"None";"None";"None";"None";"1";"3";"Dépendance";"nan";"0.0";"None";"None";"None";"None";"nan";"7.255935";"43.702036";"000KX"
"2022-70269";"2022-12-09";"1";"Vente";"540000.0";"12.0";"None";"AV FLEURS";"2460";"06000";"06088";"Nice";"06";"None";"None";"06088000KX0146";"None";"None";"15";"79.26";"40";"nan";"None";"nan";"None";"None";"None";"None";"2";"2";"Appartement";"80.0";"3.0";"None";"None";"None";"None";"nan";"7.254018";"43.698016";"000KX"
"2022-70269";"2022-12-09";"1";"Vente";"540000.0";"12.0";"None";"AV FLEURS";"2460";"06000";"06088";"Nice";"06";"None";"None";"06088000KX0146";"None";"None";"15";"79.26";"40";"nan";"None";"nan";"None";"None";"None";"None";"2";"3";"Dépendance";"nan";"0.0";"None";"None";"None";"None";"nan";"7.254018";"43.698016";"000KX"
"2022-69563";"2022-12-08";"1";"Vente";"130150.0";"73.0";"T";"BD GAMBETTA";"2755";"06000";"06088";"Nice";"06";"None";"None";"06088000KX0228";"None";"None";"11";"nan";"19";"nan";"None";"nan";"None";"None";"None";"None";"2";"2";"Appartement";"43.0";"2.0";"None";"None";"None";"None";"nan";"7.255935";"43.702036";"000KX"
"2022-69563";"2022-12-08";"1";"Vente";"130150.0";"73.0";"T";"BD GAMBETTA";"2755";"06000";"06088";"Nice";"06";"None";"None";"06088000KX0228";"None";"None";"11";"nan";"19";"nan";"None";"nan";"None";"None";"None";"None";"2";"3";"Dépendance";"nan";"0.0";"None";"None";"None";"None";"nan";"7.255935";"43.702036";"000KX"
"2022-69739";"2022-12-07";"1";"Vente";"149000.0";"30.0";"None";"AV FLEURS";"2460";"06000";"06088";"Nice";"06";"None";"None";"06088000KX0237";"None";"None";"1";"33.48";"32";"nan";"None";"nan";"None";"None";"None";"None";"2";"2";"Appartement";"32.0";"1.0";"None";"None";"None";"None";"nan";"7.251895";"43.698152";"000KX"
"2022-69739";"2022-12-07";"1";"Vente";"149000.0";"30.0";"None";"AV FLEURS";"2460";"06000";"06088";"Nice";"06";"None";"None";"06088000KX0237";"None";"None";"1";"33.48";"32";"nan";"None";"nan";"None";"None";"None";"None";"2";"3";"Dépendance";"nan";"0.0";"None";"None";"None";"None";"nan";"7.251895";"43.698152";"000KX"
"2022-69682";"2022-12-02";"1";"Vente";"292585.0";"65.0";"None";"BD FRANCOIS GROSSO";"2630";"06000";"06088";"Nice";"06";"None";"None";"06088000KX0214";"None";"None";"10";"nan";"84";"nan";"None";"nan";"None";"None";"None";"None";"2";"2";"Appartement";"41.0";"2.0";"None";"None";"None";"None";"nan";"7.250981";"43.698658";"000KX"
"2022-69682";"2022-12-02";"1";"Vente";"292585.0";"65.0";"None";"BD FRANCOIS GROSSO";"2630";"06000";"06088";"Nice";"06";"None";"None";"06088000KX0214";"None";"None";"10";"nan";"84";"nan";"None";"nan";"None";"None";"None";"None";"2";"3";"Dépendance";"nan";"0.0";"None";"None";"None";"None";"nan";"7.250981";"43.698658";"000KX"
"2022-69682";"2022-12-02";"1";"Vente";"292585.0";"65.0";"None";"BD FRANCOIS GROSSO";"2630";"06000";"06088";"Nice";"06";"None";"None";"06088000KX0214";"None";"None";"88";"nan";"None";"nan";"None";"nan";"None";"None";"None";"None";"1";"3";"Dépendance";"nan";"0.0";"None";"None";"None";"None";"nan";"7.250981";"43.698658";"000KX"
"2022-69456";"2022-11-30";"1";"Vente";"127000.0";"47.0";"None";"RUE CAFFARELLI";"1005";"06000";"06088";"Nice";"06";"None";"None";"06088000KX0191";"None";"None";"114";"25.96";"None";"nan";"None";"nan";"None";"None";"None";"None";"1";"2";"Appartement";"27.0";"1.0";"None";"None";"None";"None";"nan";"7.252017";"43.69921";"000KX"
"2022-71676";"2022-11-28";"1";"Vente";"85000.0";"9.0";"None";"RUE PERE A VALENSIN";"4945";"06000";"06088";"Nice";"06";"None";"None";"06088000KX0098";"None";"None";"33";"nan";"55";"29.49";"None";"nan";"None";"None";"None";"None";"2";"2";"Appartement";"28.0";"1.0";"None";"None";"None";"None";"nan";"7.253206";"43.699147";"000KX"
"2022-71676";"2022-11-28";"1";"Vente";"85000.0";"9.0";"None";"RUE PERE A VALENSIN";"4945";"06000";"06088";"Nice";"06";"None";"None";"06088000KX0098";"None";"None";"33";"nan";"55";"29.49";"None";"nan";"None";"None";"None";"None";"2";"3";"Dépendance";"nan";"0.0";"None";"None";"None";"None";"nan";"7.253206";"43.699147";"000KX"
"2022-69481";"2022-11-28";"1";"Vente en l'état futur d'achèvement";"538000.0";"nan";"None";"RUE COLONEL MUSSO";"1585";"06000";"06088";"Nice";"06";"None";"None";"06088000KX0292";"None";"None";"4";"nan";"None";"nan";"None";"nan";"None";"None";"None";"None";"1";"None";"None";"nan";"nan";"None";"None";"None";"None";"nan";"7.251596";"43.698733";"000KX"
"2022-69481";"2022-11-28";"1";"Vente en l'état futur d'achèvement";"538000.0";"nan";"None";"RUE COLONEL MUSSO";"1585";"06000";"06088";"Nice";"06";"None";"None";"06088000KX0292";"None";"None";"24";"nan";"None";"nan";"None";"nan";"None";"None";"None";"None";"1";"None";"None";"nan";"nan";"None";"None";"None";"None";"nan";"7.251596";"43.698733";"000KX"
"2022-69727";"2022-11-28";"1";"Vente en l'état futur d'achèvement";"40000.0";"nan";"None";"RUE COLONEL MUSSO";"1585";"06000";"06088";"Nice";"06";"None";"None";"06088000KX0292";"None";"None";"2";"nan";"None";"nan";"None";"nan";"None";"None";"None";"None";"1";"None";"None";"nan";"nan";"None";"None";"None";"None";"nan";"7.251596";"43.698733";"000KX"
"2022-69378";"2022-11-25";"1";"Vente";"370000.0";"24.0";"None";"RUE FREDERIC PASSY";"2665";"06000";"06088";"Nice";"06";"None";"None";"06088000KX0266";"None";"None";"52";"nan";"None";"nan";"None";"nan";"None";"None";"None";"None";"1";"2";"Appartement";"65.0";"2.0";"None";"None";"None";"None";"nan";"7.252477";"43.699776";"000KX"
"2022-69774";"2022-11-25";"1";"Vente";"2000.0";"3.0";"None";"AV DEPOILLY";"1910";"06000";"06088";"Nice";"06";"None";"None";"06088000KX0043";"None";"None";"1";"nan";"None";"nan";"None";"nan";"None";"None";"None";"None";"1";"2";"Appartement";"55.0";"2.0";"None";"None";"None";"None";"nan";"7.255428";"43.699875";"000KX"
"2022-69905";"2022-11-25";"1";"Vente";"231000.0";"13.0";"None";"AV SHAKESPEARE";"6220";"06000";"06088";"Nice";"06";"None";"None";"06088000KX0068";"None";"None";"98";"nan";"None";"nan";"None";"nan";"None";"None";"None";"None";"1";"2";"Appartement";"32.0";"1.0";"None";"None";"None";"None";"nan";"7.253239";"43.699852";"000KX"
"2022-69774";"2022-11-25";"1";"Vente";"2000.0";"3.0";"None";"AV DEPOILLY";"1910";"06000";"06088";"Nice";"06";"None";"None";"06088000KX0043";"None";"None";"1";"nan";"None";"nan";"None";"nan";"None";"None";"None";"None";"1";"3";"Dépendance";"nan";"0.0";"None";"None";"None";"None";"nan";"7.255428";"43.699875";"000KX"
"2022-69394";"2022-11-23";"1";"Vente";"218450.0";"42.0";"None";"RUE CHATEAUNEUF";"1365";"06000";"06088";"Nice";"06";"None";"None";"06088000KX0003";"None";"None";"21";"71.43";"6";"nan";"None";"nan";"None";"None";"None";"None";"2";"2";"Appartement";"71.0";"3.0";"None";"None";"None";"None";"nan";"7.251748";"43.700185";"000KX"
"2022-69394";"2022-11-23";"1";"Vente";"218450.0";"42.0";"None";"RUE CHATEAUNEUF";"1365";"06000";"06088";"Nice";"06";"None";"None";"06088000KX0003";"None";"None";"21";"71.43";"6";"nan";"None";"nan";"None";"None";"None";"None";"2";"3";"Dépendance";"nan";"0.0";"None";"None";"None";"None";"nan";"7.251748";"43.700185";"000KX"
"2022-69062";"2022-11-21";"1";"Vente";"415000.0";"16.0";"None";"RUE FREDERIC PASSY";"2665";"06000";"06088";"Nice";"06";"None";"None";"06088000KX0067";"None";"None";"139";"nan";"26";"nan";"None";"nan";"None";"None";"None";"None";"2";"2";"Appartement";"80.0";"3.0";"None";"None";"None";"None";"nan";"7.253849";"43.699766";"000KX"
"2022-69228";"2022-11-21";"1";"Vente";"95000.0";"22.0";"None";"RUE FRANCOIS AUNE";"2615";"06000";"06088";"Nice";"06";"None";"None";"06088000KX0031";"None";"None";"21";"nan";"53";"nan";"None";"nan";"None";"None";"None";"None";"2";"2";"Appartement";"56.0";"3.0";"None";"None";"None";"None";"nan";"7.255243";"43.701091";"000KX"
"2022-69062";"2022-11-21";"1";"Vente";"415000.0";"16.0";"None";"RUE FREDERIC PASSY";"2665";"06000";"06088";"Nice";"06";"None";"None";"06088000KX0067";"None";"None";"139";"nan";"26";"nan";"None";"nan";"None";"None";"None";"None";"2";"3";"Dépendance";"nan";"0.0";"None";"None";"None";"None";"nan";"7.253849";"43.699766";"000KX"
"2022-69228";"2022-11-21";"1";"Vente";"95000.0";"22.0";"None";"RUE FRANCOIS AUNE";"2615";"06000";"06088";"Nice";"06";"None";"None";"06088000KX0031";"None";"None";"21";"nan";"53";"nan";"None";"nan";"None";"None";"None";"None";"2";"3";"Dépendance";"nan";"0.0";"None";"None";"None";"None";"nan";"7.255243";"43.701091";"000KX"
"2022-68915";"2022-11-18";"1";"Vente";"420000.0";"39.0";"None";"BD GAMBETTA";"2755";"06000";"06088";"Nice";"06";"None";"None";"06088000KX0134";"None";"None";"22";"nan";"31";"nan";"None";"nan";"None";"None";"None";"None";"2";"2";"Appartement";"90.0";"4.0";"None";"None";"None";"None";"nan";"7.255993";"43.698061";"000KX"
"2022-68915";"2022-11-18";"1";"Vente";"420000.0";"39.0";"None";"BD GAMBETTA";"2755";"06000";"06088";"Nice";"06";"None";"None";"06088000KX0134";"None";"None";"22";"nan";"31";"nan";"None";"nan";"None";"None";"None";"None";"2";"3";"Dépendance";"nan";"0.0";"None";"None";"None";"None";"nan";"7.255993";"43.698061";"000KX"
"2022-69970";"2022-11-18";"1";"Vente";"30000.0";"69.0";"None";"BD FRANCOIS GROSSO";"2630";"06000";"06088";"Nice";"06";"None";"None";"06088000KX0215";"None";"None";"55";"nan";"None";"nan";"None";"nan";"None";"None";"None";"None";"1";"3";"Dépendance";"nan";"0.0";"None";"None";"None";"None";"nan";"7.250715";"43.69887";"000KX"
"2022-69251";"2022-11-17";"1";"Vente";"117000.0";"47.0";"None";"RUE CAFFARELLI";"1005";"06000";"06088";"Nice";"06";"None";"None";"06088000KX0191";"None";"None";"39";"nan";"79";"nan";"None";"nan";"None";"None";"None";"None";"2";"2";"Appartement";"21.0";"1.0";"None";"None";"None";"None";"nan";"7.252017";"43.69921";"000KX"
"2022-69251";"2022-11-17";"1";"Vente";"117000.0";"47.0";"None";"RUE CAFFARELLI";"1005";"06000";"06088";"Nice";"06";"None";"None";"06088000KX0191";"None";"None";"39";"nan";"79";"nan";"None";"nan";"None";"None";"None";"None";"2";"3";"Dépendance";"nan";"0.0";"None";"None";"None";"None";"nan";"7.252017";"43.69921";"000KX"
"2022-68608";"2022-11-10";"1";"Vente";"158500.0";"16.0";"None";"AV SHAKESPEARE";"6220";"06000";"06088";"Nice";"06";"None";"None";"06088000KX0059";"None";"None";"57A";"nan";"None";"nan";"None";"nan";"None";"None";"None";"None";"1";"2";"Appartement";"21.0";"1.0";"None";"None";"None";"None";"nan";"7.25376";"43.700259";"000KX"
"2022-68262";"2022-11-09";"1";"Vente";"295000.0";"18.0";"None";"AV FLEURS";"2460";"06000";"06088";"Nice";"06";"None";"None";"06088000KX0151";"None";"None";"12";"51.24";"22";"nan";"None";"nan";"None";"None";"None";"None";"2";"2";"Appartement";"60.0";"2.0";"None";"None";"None";"None";"nan";"7.253574";"43.698361";"000KX"
"2022-68509";"2022-11-09";"1";"Vente";"820000.0";"10.0";"None";"AV DEPOILLY";"1910";"06000";"06088";"Nice";"06";"None";"None";"06088000KX0049";"None";"None";"14";"nan";"25";"nan";"None";"nan";"None";"None";"None";"None";"2";"2";"Appartement";"126.0";"5.0";"None";"None";"None";"None";"nan";"7.254871";"43.700349";"000KX"
"2022-68509";"2022-11-09";"1";"Vente";"820000.0";"10.0";"None";"AV DEPOILLY";"1910";"06000";"06088";"Nice";"06";"None";"None";"06088000KX0049";"None";"None";"14";"nan";"25";"nan";"None";"nan";"None";"None";"None";"None";"2";"3";"Dépendance";"nan";"0.0";"None";"None";"None";"None";"nan";"7.254871";"43.700349";"000KX"
"2022-68239";"2022-11-09";"1";"Vente en l'état futur d'achèvement";"208000.0";"nan";"None";"RUE COLONEL MUSSO";"1585";"06000";"06088";"Nice";"06";"None";"None";"06088000KX0292";"None";"None";"5";"nan";"None";"nan";"None";"nan";"None";"None";"None";"None";"1";"None";"None";"nan";"nan";"None";"None";"None";"None";"nan";"7.251596";"43.698733";"000KX"
"2022-68350";"2022-11-08";"1";"Vente";"340000.0";"1.0";"None";"PL FRANKLIN";"2650";"06000";"06088";"Nice";"06";"None";"None";"06088000KX0125";"None";"None";"15";"59.77";"41";"nan";"None";"nan";"None";"None";"None";"None";"2";"2";"Appartement";"60.0";"2.0";"None";"None";"None";"None";"nan";"7.255824";"43.699372";"000KX"
"2022-68350";"2022-11-08";"1";"Vente";"340000.0";"1.0";"None";"PL FRANKLIN";"2650";"06000";"06088";"Nice";"06";"None";"None";"06088000KX0125";"None";"None";"15";"59.77";"41";"nan";"None";"nan";"None";"None";"None";"None";"2";"3";"Dépendance";"nan";"0.0";"None";"None";"None";"None";"nan";"7.255824";"43.699372";"000KX"
"2022-68238";"2022-11-04";"1";"Vente";"338000.0";"4.0";"None";"RUE CAFFARELLI";"1005";"06000";"06088";"Nice";"06";"None";"None";"06088000KX0121";"None";"None";"76";"nan";"None";"nan";"None";"nan";"None";"None";"None";"None";"1";"2";"Appartement";"54.0";"2.0";"None";"None";"None";"None";"nan";"7.255622";"43.698827";"000KX"
"2022-68238";"2022-11-04";"1";"Vente";"338000.0";"4.0";"None";"RUE CAFFARELLI";"1005";"06000";"06088";"Nice";"06";"None";"None";"06088000KX0121";"None";"None";"76";"nan";"None";"nan";"None";"nan";"None";"None";"None";"None";"1";"3";"Dépendance";"nan";"0.0";"None";"None";"None";"None";"nan";"7.255622";"43.698827";"000KX"
"2022-68055";"2022-10-28";"1";"Vente";"184900.0";"6.0";"None";"RUE FRANCOIS AUNE";"2615";"06000";"06088";"Nice";"06";"None";"None";"06088000KX0122";"None";"None";"16";"nan";"56";"30.43";"None";"nan";"None";"None";"None";"None";"2";"2";"Appartement";"31.0";"1.0";"None";"None";"None";"None";"nan";"7.255607";"43.699069";"000KX"
"2022-68055";"2022-10-28";"1";"Vente";"184900.0";"6.0";"None";"RUE FRANCOIS AUNE";"2615";"06000";"06088";"Nice";"06";"None";"None";"06088000KX0122";"None";"None";"16";"nan";"56";"30.43";"None";"nan";"None";"None";"None";"None";"2";"3";"Dépendance";"nan";"0.0";"None";"None";"None";"None";"nan";"7.255607";"43.699069";"000KX"
"2022-68729";"2022-10-27";"1";"Vente";"207000.0";"15.0";"None";"AV SHAKESPEARE";"6220";"06000";"06088";"Nice";"06";"None";"None";"06088000KX0072";"None";"None";"61";"54.77";"9";"nan";"None";"nan";"None";"None";"None";"None";"2";"2";"Appartement";"60.0";"3.0";"None";"None";"None";"None";"nan";"7.253377";"43.700082";"000KX"
"2022-68765";"2022-10-27";"1";"Vente";"258000.0";"3.0";"None";"RUE PERE A VALENSIN";"4945";"06000";"06088";"Nice";"06";"None";"None";"06088000KX0071";"None";"None";"22";"nan";"38";"55.28";"None";"nan";"None";"None";"None";"None";"2";"2";"Appartement";"56.0";"3.0";"None";"None";"None";"None";"nan";"7.253082";"43.700088";"000KX"
"2022-68765";"2022-10-27";"1";"Vente";"258000.0";"3.0";"None";"RUE PERE A VALENSIN";"4945";"06000";"06088";"Nice";"06";"None";"None";"06088000KX0071";"None";"None";"22";"nan";"38";"55.28";"None";"nan";"None";"None";"None";"None";"2";"3";"Dépendance";"nan";"0.0";"None";"None";"None";"None";"nan";"7.253082";"43.700088";"000KX"
"2022-68056";"2022-10-26";"1";"Vente";"235000.0";"4.0";"None";"RUE CHATEAUNEUF";"1365";"06000";"06088";"Nice";"06";"None";"None";"06088000KX0023";"None";"None";"25";"nan";"85";"nan";"None";"nan";"None";"None";"None";"None";"2";"4";"Local industriel. commercial ou assimilé";"90.0";"0.0";"None";"None";"None";"None";"nan";"7.255705";"43.701793";"000KX"
"2022-68602";"2022-10-25";"1";"Vente";"267000.0";"24.0";"None";"AV FLEURS";"2460";"06000";"06088";"Nice";"06";"None";"None";"06088000KX0166";"None";"None";"31";"nan";"77";"nan";"None";"nan";"None";"None";"None";"None";"2";"2";"Appartement";"57.0";"2.0";"None";"None";"None";"None";"nan";"7.252508";"43.69819";"000KX"
"2022-68607";"2022-10-25";"1";"Vente";"164455.0";"27.0";"None";"RUE CHATEAUNEUF";"1365";"06000";"06088";"Nice";"06";"None";"None";"06088000KX0077";"None";"None";"16";"nan";"26";"nan";"None";"nan";"None";"None";"None";"None";"2";"2";"Appartement";"73.0";"3.0";"None";"None";"None";"None";"nan";"7.252975";"43.700257";"000KX"
"2022-68602";"2022-10-25";"1";"Vente";"267000.0";"24.0";"None";"AV FLEURS";"2460";"06000";"06088";"Nice";"06";"None";"None";"06088000KX0166";"None";"None";"31";"nan";"77";"nan";"None";"nan";"None";"None";"None";"None";"2";"3";"Dépendance";"nan";"0.0";"None";"None";"None";"None";"nan";"7.252508";"43.69819";"000KX"
"2022-68607";"2022-10-25";"1";"Vente";"164455.0";"27.0";"None";"RUE CHATEAUNEUF";"1365";"06000";"06088";"Nice";"06";"None";"None";"06088000KX0077";"None";"None";"16";"nan";"26";"nan";"None";"nan";"None";"None";"None";"None";"2";"3";"Dépendance";"nan";"0.0";"None";"None";"None";"None";"nan";"7.252975";"43.700257";"000KX"
"2022-68607";"2022-10-25";"1";"Vente";"164455.0";"17.0";"None";"RUE FREDERIC PASSY";"2665";"06000";"06088";"Nice";"06";"None";"None";"06088000KX0095";"None";"None";"33";"nan";"None";"nan";"None";"nan";"None";"None";"None";"None";"1";"3";"Dépendance";"nan";"0.0";"None";"None";"None";"None";"nan";"7.253214";"43.699354";"000KX"
"2022-68607";"2022-10-25";"1";"Vente";"164455.0";"17.0";"None";"RUE FREDERIC PASSY";"2665";"06000";"06088";"Nice";"06";"None";"None";"06088000KX0095";"None";"None";"33";"nan";"None";"nan";"None";"nan";"None";"None";"None";"None";"1";"3";"Dépendance";"nan";"0.0";"None";"None";"None";"None";"nan";"7.253214";"43.699354";"000KX"
"2022-67314";"2022-10-24";"1";"Vente";"397350.0";"14.0";"None";"AV SHAKESPEARE";"6220";"06000";"06088";"Nice";"06";"None";"None";"06088000KX0064";"None";"None";"27";"nan";"55";"nan";"None";"nan";"None";"None";"None";"None";"2";"2";"Appartement";"78.0";"3.0";"None";"None";"None";"None";"nan";"7.253902";"43.699996";"000KX"
"2022-67314";"2022-10-24";"1";"Vente";"397350.0";"14.0";"None";"AV SHAKESPEARE";"6220";"06000";"06088";"Nice";"06";"None";"None";"06088000KX0064";"None";"None";"27";"nan";"55";"nan";"None";"nan";"None";"None";"None";"None";"2";"3";"Dépendance";"nan";"0.0";"None";"None";"None";"None";"nan";"7.253902";"43.699996";"000KX"
"2022-67653";"2022-10-21";"1";"Vente";"135000.0";"5.0";"None";"AV SHAKESPEARE";"6220";"06000";"06088";"Nice";"06";"None";"None";"06088000KX0097";"None";"None";"40";"nan";"6";"nan";"None";"nan";"None";"None";"None";"None";"2";"2";"Appartement";"29.0";"1.0";"None";"None";"None";"None";"nan";"7.253417";"43.6992";"000KX"
"2022-67740";"2022-10-21";"1";"Vente";"243500.0";"30.0";"None";"AV FLEURS";"2460";"06000";"06088";"Nice";"06";"None";"None";"06088000KX0237";"None";"None";"3";"nan";"None";"nan";"None";"nan";"None";"None";"None";"None";"1";"2";"Appartement";"20.0";"1.0";"None";"None";"None";"None";"nan";"7.251895";"43.698152";"000KX"
"2022-67740";"2022-10-21";"1";"Vente";"243500.0";"30.0";"None";"AV FLEURS";"2460";"06000";"06088";"Nice";"06";"None";"None";"06088000KX0237";"None";"None";"3";"nan";"34";"nan";"None";"nan";"None";"None";"None";"None";"2";"2";"Appartement";"41.0";"2.0";"None";"None";"None";"None";"nan";"7.251895";"43.698152";"000KX"
"2022-67653";"2022-10-21";"1";"Vente";"135000.0";"5.0";"None";"AV SHAKESPEARE";"6220";"06000";"06088";"Nice";"06";"None";"None";"06088000KX0097";"None";"None";"40";"nan";"6";"nan";"None";"nan";"None";"None";"None";"None";"2";"3";"Dépendance";"nan";"0.0";"None";"None";"None";"None";"nan";"7.253417";"43.6992";"000KX"
"2022-67264";"2022-10-19";"1";"Vente";"400900.0";"1.0";"None";"RUE FREDERIC PASSY";"2665";"06000";"06088";"Nice";"06";"None";"None";"06088000KX0123";"None";"None";"239";"nan";"87";"nan";"None";"nan";"None";"None";"None";"None";"2";"2";"Appartement";"65.0";"2.0";"None";"None";"None";"None";"nan";"7.255638";"43.699216";"000KX"
"2022-67264";"2022-10-19";"1";"Vente";"400900.0";"1.0";"None";"RUE FREDERIC PASSY";"2665";"06000";"06088";"Nice";"06";"None";"None";"06088000KX0123";"None";"None";"239";"nan";"87";"nan";"None";"nan";"None";"None";"None";"None";"2";"3";"Dépendance";"nan";"0.0";"None";"None";"None";"None";"nan";"7.255638";"43.699216";"000KX"
"2022-67264";"2022-10-19";"1";"Vente";"400900.0";"1.0";"None";"RUE FREDERIC PASSY";"2665";"06000";"06088";"Nice";"06";"None";"None";"06088000KX0123";"None";"None";"239";"nan";"87";"nan";"None";"nan";"None";"None";"None";"None";"2";"3";"Dépendance";"nan";"0.0";"None";"None";"None";"None";"nan";"7.255638";"43.699216";"000KX"
"2022-67916";"2022-10-18";"1";"Vente";"234060.0";"73.0";"None";"BD FRANCOIS GROSSO";"2630";"06000";"06088";"Nice";"06";"None";"None";"06088000KX0309";"None";"None";"44";"nan";"46";"91.03";"None";"nan";"None";"None";"None";"None";"2";"4";"Local industriel. commercial ou assimilé";"91.0";"0.0";"None";"None";"None";"None";"nan";"7.250936";"43.699209";"000KX"
"2022-67092";"2022-10-14";"1";"Vente";"200000.0";"4.0";"None";"RUE PERE A VALENSIN";"4945";"06000";"06088";"Nice";"06";"None";"None";"06088000KX0079";"None";"None";"57";"38.6";"None";"nan";"None";"nan";"None";"None";"None";"None";"1";"2";"Appartement";"80.0";"4.0";"None";"None";"None";"None";"nan";"7.25268";"43.69985";"000KX"
"2022-71679";"2022-10-14";"1";"Vente";"nan";"18.0";"None";"RUE CHATEAUNEUF";"1365";"06000";"06088";"Nice";"06";"None";"None";"06088000KX0017";"None";"None";"30";"nan";"32";"nan";"33";"nan";"4";"None";"5";"None";"6";"4";"Local industriel. commercial ou assimilé";"330.0";"0.0";"None";"None";"None";"None";"nan";"7.254236";"43.701104";"000KX"
"2022-71679";"2022-10-14";"1";"Vente";"nan";"16.0";"None";"RUE CHATEAUNEUF";"1365";"06000";"06088";"Nice";"06";"None";"None";"06088000KX0296";"None";"None";"18";"nan";"19";"nan";"None";"nan";"None";"None";"None";"None";"2";"4";"Local industriel. commercial ou assimilé";"259.0";"0.0";"None";"None";"None";"None";"nan";"7.254469";"43.701158";"000KX"
"2022-71679";"2022-10-14";"1";"Vente";"nan";"9.0";"None";"RUE CLUVIER";"1490";"06000";"06088";"Nice";"06";"None";"None";"06088000KX0298";"None";"None";"2";"nan";"3";"nan";"4";"nan";"None";"None";"None";"None";"3";"4";"Local industriel. commercial ou assimilé";"46.0";"0.0";"None";"None";"None";"None";"nan";"7.254409";"43.701316";"000KX"
"2022-66998";"2022-10-12";"1";"Vente";"360000.0";"24.0";"None";"RUE FREDERIC PASSY";"2665";"06000";"06088";"Nice";"06";"None";"None";"06088000KX0266";"None";"None";"49";"nan";"None";"nan";"None";"nan";"None";"None";"None";"None";"1";"2";"Appartement";"95.0";"3.0";"None";"None";"None";"None";"nan";"7.252477";"43.699776";"000KX"
"2022-66998";"2022-10-12";"1";"Vente";"360000.0";"31.0";"None";"RUE CHATEAUNEUF";"1365";"06000";"06088";"Nice";"06";"None";"None";"06088000KX0265";"None";"None";"39";"nan";"None";"nan";"None";"nan";"None";"None";"None";"None";"1";"3";"Dépendance";"nan";"0.0";"None";"None";"None";"None";"nan";"7.252446";"43.700014";"000KX"
"2022-67313";"2022-10-07";"1";"Vente";"124528.0";"30.0";"B";"RUE CHATEAUNEUF";"1365";"06000";"06088";"Nice";"06";"None";"None";"06088000KX0008";"None";"None";"10";"nan";"None";"nan";"None";"nan";"None";"None";"None";"None";"1";"2";"Appartement";"55.0";"2.0";"None";"None";"None";"None";"nan";"7.252668";"43.700602";"000KX"
"2022-66629";"2022-10-07";"1";"Vente";"175000.0";"14.0";"None";"AV SHAKESPEARE";"6220";"06000";"06088";"Nice";"06";"None";"None";"06088000KX0064";"None";"None";"78";"nan";"None";"nan";"None";"nan";"None";"None";"None";"None";"1";"4";"Local industriel. commercial ou assimilé";"42.0";"0.0";"None";"None";"None";"None";"nan";"7.253902";"43.699996";"000KX"
"2022-67772";"2022-10-05";"1";"Vente";"110000.0";"21.0";"None";"RUE CAFFARELLI";"1005";"06000";"06088";"Nice";"06";"None";"None";"06088000KX0155";"None";"None";"74";"nan";"None";"nan";"None";"nan";"None";"None";"None";"None";"1";"2";"Appartement";"35.0";"1.0";"None";"None";"None";"None";"nan";"7.253342";"43.698476";"000KX"
"2022-67439";"2022-10-03";"1";"Vente";"111600.0";"5.0";"None";"AV DEPOILLY";"1910";"06000";"06088";"Nice";"06";"None";"None";"06088000KX0044";"None";"None";"36";"nan";"57";"nan";"None";"nan";"None";"None";"None";"None";"2";"2";"Appartement";"40.0";"2.0";"None";"None";"None";"None";"nan";"7.254976";"43.699999";"000KX"
"2022-66147";"2022-09-30";"1";"Vente";"166800.0";"11.0";"None";"AV SHAKESPEARE";"6220";"06000";"06088";"Nice";"06";"None";"None";"06088000KX0096";"None";"None";"34";"nan";"7";"nan";"None";"nan";"None";"None";"None";"None";"2";"2";"Appartement";"70.0";"3.0";"None";"None";"None";"None";"nan";"7.253412";"43.69937";"000KX"
"2022-66564";"2022-09-30";"1";"Vente";"237500.0";"52.0";"None";"RUE DES POTIERS";"5225";"06000";"06088";"Nice";"06";"None";"None";"06088000KX0312";"None";"None";"7";"50.7";"None";"nan";"None";"nan";"None";"None";"None";"None";"1";"2";"Appartement";"48.0";"3.0";"None";"None";"None";"None";"nan";"7.252086";"43.69838";"000KX"
"2022-67415";"2022-09-30";"1";"Vente";"265000.0";"24.0";"None";"AV FLEURS";"2460";"06000";"06088";"Nice";"06";"None";"None";"06088000KX0166";"None";"None";"76";"nan";"None";"nan";"None";"nan";"None";"None";"None";"None";"1";"2";"Appartement";"60.0";"2.0";"None";"None";"None";"None";"nan";"7.252508";"43.69819";"000KX"
"2022-66147";"2022-09-30";"1";"Vente";"166800.0";"11.0";"None";"AV SHAKESPEARE";"6220";"06000";"06088";"Nice";"06";"None";"None";"06088000KX0096";"None";"None";"34";"nan";"7";"nan";"None";"nan";"None";"None";"None";"None";"2";"3";"Dépendance";"nan";"0.0";"None";"None";"None";"None";"nan";"7.253412";"43.69937";"000KX"
"2022-66564";"2022-09-30";"1";"Vente";"237500.0";"52.0";"None";"RUE DES POTIERS";"5225";"06000";"06088";"Nice";"06";"None";"None";"06088000KX0312";"None";"None";"7";"50.7";"None";"nan";"None";"nan";"None";"None";"None";"None";"1";"3";"Dépendance";"nan";"0.0";"None";"None";"None";"None";"nan";"7.252086";"43.69838";"000KX"
"2022-67415";"2022-09-30";"1";"Vente";"265000.0";"24.0";"None";"AV FLEURS";"2460";"06000";"06088";"Nice";"06";"None";"None";"06088000KX0166";"None";"None";"76";"nan";"None";"nan";"None";"nan";"None";"None";"None";"None";"1";"3";"Dépendance";"nan";"0.0";"None";"None";"None";"None";"nan";"7.252508";"43.69819";"000KX"
"2022-66440";"2022-09-30";"1";"Vente en l'état futur d'achèvement";"149000.0";"nan";"None";"RUE COLONEL MUSSO";"1585";"06000";"06088";"Nice";"06";"None";"None";"06088000KX0292";"None";"None";"22";"nan";"None";"nan";"None";"nan";"None";"None";"None";"None";"1";"None";"None";"nan";"nan";"None";"None";"None";"None";"nan";"7.251596";"43.698733";"000KX"
"2022-66448";"2022-09-30";"1";"Vente en l'état futur d'achèvement";"147000.0";"nan";"None";"RUE COLONEL MUSSO";"1585";"06000";"06088";"Nice";"06";"None";"None";"06088000KX0292";"None";"None";"15";"nan";"None";"nan";"None";"nan";"None";"None";"None";"None";"1";"None";"None";"nan";"nan";"None";"None";"None";"None";"nan";"7.251596";"43.698733";"000KX"
"2022-66181";"2022-09-29";"1";"Vente";"262000.0";"15.0";"None";"AV SHAKESPEARE";"6220";"06000";"06088";"Nice";"06";"None";"None";"06088000KX0072";"None";"None";"46";"nan";"8";"nan";"None";"nan";"None";"None";"None";"None";"2";"2";"Appartement";"54.0";"2.0";"None";"None";"None";"None";"nan";"7.253377";"43.700082";"000KX"
"2022-66673";"2022-09-29";"1";"Vente";"125000.0";"1.0";"None";"RUE SAUSSURE";"6115";"06000";"06088";"Nice";"06";"None";"None";"06088000KX0060";"None";"None";"11";"nan";"13";"nan";"None";"nan";"None";"None";"None";"None";"2";"2";"Appartement";"24.0";"1.0";"None";"None";"None";"None";"nan";"7.253885";"43.700492";"000KX"
"2022-66967";"2022-09-29";"1";"Vente";"180000.0";"21.0";"None";"RUE FRANCOIS AUNE";"2615";"06000";"06088";"Nice";"06";"None";"None";"06088000KX0051";"None";"None";"39";"nan";"None";"nan";"None";"nan";"None";"None";"None";"None";"1";"2";"Appartement";"25.0";"1.0";"None";"None";"None";"None";"nan";"7.254876";"43.700848";"000KX"
"2022-66181";"2022-09-29";"1";"Vente";"262000.0";"15.0";"None";"AV SHAKESPEARE";"6220";"06000";"06088";"Nice";"06";"None";"None";"06088000KX0072";"None";"None";"46";"nan";"8";"nan";"None";"nan";"None";"None";"None";"None";"2";"3";"Dépendance";"nan";"0.0";"None";"None";"None";"None";"nan";"7.253377";"43.700082";"000KX"
"2022-66967";"2022-09-29";"1";"Vente";"180000.0";"21.0";"None";"RUE FRANCOIS AUNE";"2615";"06000";"06088";"Nice";"06";"None";"None";"06088000KX0051";"None";"None";"39";"nan";"None";"nan";"None";"nan";"None";"None";"None";"None";"1";"3";"Dépendance";"nan";"0.0";"None";"None";"None";"None";"nan";"7.254876";"43.700848";"000KX"
"2022-66967";"2022-09-29";"1";"Vente";"180000.0";"21.0";"None";"RUE FRANCOIS AUNE";"2615";"06000";"06088";"Nice";"06";"None";"None";"06088000KX0051";"None";"None";"39";"nan";"None";"nan";"None";"nan";"None";"None";"None";"None";"1";"3";"Dépendance";"nan";"0.0";"None";"None";"None";"None";"nan";"7.254876";"43.700848";"000KX"
"2022-67331";"2022-09-28";"1";"Vente";"1035000.0";"9.0";"None";"RUE FREDERIC PASSY";"2665";"06000";"06088";"Nice";"06";"None";"None";"06088000KX0109";"None";"None";"16";"nan";"17";"nan";"9";"nan";"None";"None";"None";"None";"3";"2";"Appartement";"190.0";"5.0";"None";"None";"None";"None";"nan";"7.25442";"43.699293";"000KX"
"2022-67331";"2022-09-28";"1";"Vente";"1035000.0";"9.0";"None";"RUE FREDERIC PASSY";"2665";"06000";"06088";"Nice";"06";"None";"None";"06088000KX0109";"None";"None";"33";"nan";"None";"nan";"None";"nan";"None";"None";"None";"None";"1";"3";"Dépendance";"nan";"0.0";"None";"None";"None";"None";"nan";"7.25442";"43.699293";"000KX"
"2022-66890";"2022-09-27";"1";"Vente en l'état futur d'achèvement";"169000.0";"nan";"None";"RUE COLONEL MUSSO";"1585";"06000";"06088";"Nice";"06";"None";"None";"06088000KX0292";"None";"None";"14";"nan";"None";"nan";"None";"nan";"None";"None";"None";"None";"1";"None";"None";"nan";"nan";"None";"None";"None";"None";"nan";"7.251596";"43.698733";"000KX"
"2022-65536";"2022-09-22";"1";"Vente";"227000.0";"8.0";"None";"RUE CAFFARELLI";"1005";"06000";"06088";"Nice";"06";"None";"None";"06088000KX0323";"None";"None";"201";"nan";"None";"nan";"None";"nan";"None";"None";"None";"None";"1";"2";"Appartement";"35.0";"2.0";"None";"None";"None";"None";"nan";"7.254798";"43.698958";"000KX"
"2022-66854";"2022-09-22";"1";"Vente";"41500.0";"22.0";"None";"RUE COLONEL MUSSO";"1585";"06000";"06088";"Nice";"06";"None";"None";"06088000KX0310";"None";"None";"124";"nan";"None";"nan";"None";"nan";"None";"None";"None";"None";"1";"3";"Dépendance";"nan";"0.0";"None";"None";"None";"None";"nan";"7.25206";"43.698905";"000KX"
"2022-65820";"2022-09-21";"1";"Vente";"125000.0";"5.0";"None";"RUE CAFFARELLI";"1005";"06000";"06088";"Nice";"06";"None";"None";"06088000KX0120";"None";"None";"18";"37.75";"None";"nan";"None";"nan";"None";"None";"None";"None";"1";"2";"Appartement";"53.0";"2.0";"None";"None";"None";"None";"nan";"7.25521";"43.698526";"000KX"
"2022-65820";"2022-09-21";"1";"Vente";"125000.0";"5.0";"None";"RUE CAFFARELLI";"1005";"06000";"06088";"Nice";"06";"None";"None";"06088000KX0120";"None";"None";"3";"nan";"None";"nan";"None";"nan";"None";"None";"None";"None";"1";"3";"Dépendance";"nan";"0.0";"None";"None";"None";"None";"nan";"7.25521";"43.698526";"000KX"
"2022-66344";"2022-09-21";"1";"Vente";"45000.0";"4.0";"B";"AV FLEURS";"2460";"06000";"06088";"Nice";"06";"None";"None";"06088000KX0138";"None";"None";"44";"nan";"None";"nan";"None";"nan";"None";"None";"None";"None";"1";"3";"Dépendance";"nan";"0.0";"None";"None";"None";"None";"nan";"7.255201";"43.697883";"000KX"
"2022-66433";"2022-09-19";"1";"Vente";"494650.0";"1.0";"None";"RUE FREDERIC PASSY";"2665";"06000";"06088";"Nice";"06";"None";"None";"06088000KX0123";"None";"None";"203";"nan";"79";"nan";"None";"nan";"None";"None";"None";"None";"2";"2";"Appartement";"84.0";"3.0";"None";"None";"None";"None";"nan";"7.255638";"43.699216";"000KX"
"2022-66433";"2022-09-19";"1";"Vente";"494650.0";"1.0";"None";"RUE FREDERIC PASSY";"2665";"06000";"06088";"Nice";"06";"None";"None";"06088000KX0123";"None";"None";"128";"nan";"None";"nan";"None";"nan";"None";"None";"None";"None";"1";"3";"Dépendance";"nan";"0.0";"None";"None";"None";"None";"nan";"7.255638";"43.699216";"000KX"
"2022-66433";"2022-09-19";"1";"Vente";"494650.0";"1.0";"None";"RUE FREDERIC PASSY";"2665";"06000";"06088";"Nice";"06";"None";"None";"06088000KX0123";"None";"None";"203";"nan";"79";"nan";"None";"nan";"None";"None";"None";"None";"2";"3";"Dépendance";"nan";"0.0";"None";"None";"None";"None";"nan";"7.255638";"43.699216";"000KX"
"2022-65698";"2022-09-16";"1";"Vente";"70000.0";"24.0";"None";"AV FLEURS";"2460";"06000";"06088";"Nice";"06";"None";"None";"06088000KX0166";"None";"None";"50";"nan";"None";"nan";"None";"nan";"None";"None";"None";"None";"1";"3";"Dépendance";"nan";"0.0";"None";"None";"None";"None";"nan";"7.252508";"43.69819";"000KX"
"2022-65922";"2022-09-16";"1";"Vente";"33000.0";"14.0";"None";"AV SHAKESPEARE";"6220";"06000";"06088";"Nice";"06";"None";"None";"06088000KX0064";"None";"None";"68";"nan";"None";"nan";"None";"nan";"None";"None";"None";"None";"1";"3";"Dépendance";"nan";"0.0";"None";"None";"None";"None";"nan";"7.253902";"43.699996";"000KX"
"2022-65380";"2022-09-15";"1";"Vente";"370200.0";"75.0";"None";"BD FRANCOIS GROSSO";"2630";"06000";"06088";"Nice";"06";"None";"None";"06088000KX0318";"None";"None";"9";"57.5";"None";"nan";"None";"nan";"None";"None";"None";"None";"1";"2";"Appartement";"59.0";"3.0";"None";"None";"None";"None";"nan";"7.250954";"43.699398";"000KX"
"2022-65488";"2022-09-15";"1";"Vente";"213700.0";"4.0";"None";"RUE PERE A VALENSIN";"4945";"06000";"06088";"Nice";"06";"None";"None";"06088000KX0079";"None";"None";"58";"nan";"None";"nan";"None";"nan";"None";"None";"None";"None";"1";"2";"Appartement";"80.0";"4.0";"None";"None";"None";"None";"nan";"7.25268";"43.69985";"000KX"
"2022-65742";"2022-09-15";"1";"Vente";"704000.0";"37.0";"None";"BD GAMBETTA";"2755";"06000";"06088";"Nice";"06";"None";"None";"06088000KX0134";"None";"None";"36";"122.78";"None";"nan";"None";"nan";"None";"None";"None";"None";"1";"2";"Appartement";"130.0";"5.0";"None";"None";"None";"None";"nan";"7.255993";"43.698061";"000KX"
"2022-65380";"2022-09-15";"1";"Vente";"370200.0";"75.0";"None";"BD FRANCOIS GROSSO";"2630";"06000";"06088";"Nice";"06";"None";"None";"06088000KX0318";"None";"None";"9";"57.5";"None";"nan";"None";"nan";"None";"None";"None";"None";"1";"3";"Dépendance";"nan";"0.0";"None";"None";"None";"None";"nan";"7.250954";"43.699398";"000KX"
"2022-65742";"2022-09-15";"1";"Vente";"704000.0";"37.0";"None";"BD GAMBETTA";"2755";"06000";"06088";"Nice";"06";"None";"None";"06088000KX0134";"None";"None";"36";"122.78";"None";"nan";"None";"nan";"None";"None";"None";"None";"1";"3";"Dépendance";"nan";"0.0";"None";"None";"None";"None";"nan";"7.255993";"43.698061";"000KX"
"2022-65742";"2022-09-15";"1";"Vente";"704000.0";"37.0";"None";"BD GAMBETTA";"2755";"06000";"06088";"Nice";"06";"None";"None";"06088000KX0134";"None";"None";"36";"122.78";"None";"nan";"None";"nan";"None";"None";"None";"None";"1";"3";"Dépendance";"nan";"0.0";"None";"None";"None";"None";"nan";"7.255993";"43.698061";"000KX"
"2022-65285";"2022-09-13";"1";"Vente";"222000.0";"4.0";"None";"RUE PERE A VALENSIN";"4945";"06000";"06088";"Nice";"06";"None";"None";"06088000KX0079";"None";"None";"26";"39.0";"None";"nan";"None";"nan";"None";"None";"None";"None";"1";"2";"Appartement";"39.0";"2.0";"None";"None";"None";"None";"nan";"7.25268";"43.69985";"000KX"
"2022-64940";"2022-09-12";"1";"Vente";"285000.0";"27.0";"None";"RUE CHATEAUNEUF";"1365";"06000";"06088";"Nice";"06";"None";"None";"06088000KX0077";"None";"None";"41";"nan";"7";"nan";"None";"nan";"None";"None";"None";"None";"2";"2";"Appartement";"39.0";"2.0";"None";"None";"None";"None";"nan";"7.252975";"43.700257";"000KX"
"2022-65171";"2022-09-12";"1";"Vente";"470000.0";"10.0";"None";"AV FLEURS";"2460";"06000";"06088";"Nice";"06";"None";"None";"06088000KX0145";"None";"None";"59";"86.75";"None";"nan";"None";"nan";"None";"None";"None";"None";"1";"2";"Appartement";"87.0";"4.0";"None";"None";"None";"None";"nan";"7.254212";"43.698205";"000KX"
"2022-65310";"2022-09-12";"1";"Vente";"370000.0";"3.0";"None";"AV COMBA";"1595";"06000";"06088";"Nice";"06";"None";"None";"06088000KX0036";"None";"None";"26";"62.47";"3";"nan";"None";"nan";"None";"None";"None";"None";"2";"2";"Appartement";"64.0";"3.0";"None";"None";"None";"None";"nan";"7.255308";"43.700683";"000KX"
"2022-64940";"2022-09-12";"1";"Vente";"285000.0";"27.0";"None";"RUE CHATEAUNEUF";"1365";"06000";"06088";"Nice";"06";"None";"None";"06088000KX0077";"None";"None";"41";"nan";"7";"nan";"None";"nan";"None";"None";"None";"None";"2";"3";"Dépendance";"nan";"0.0";"None";"None";"None";"None";"nan";"7.252975";"43.700257";"000KX"
"2022-64940";"2022-09-12";"1";"Vente";"285000.0";"27.0";"None";"RUE CHATEAUNEUF";"1365";"06000";"06088";"Nice";"06";"None";"None";"06088000KX0077";"None";"None";"41";"nan";"7";"nan";"None";"nan";"None";"None";"None";"None";"2";"3";"Dépendance";"nan";"0.0";"None";"None";"None";"None";"nan";"7.252975";"43.700257";"000KX"
"2022-65171";"2022-09-12";"1";"Vente";"470000.0";"10.0";"None";"AV FLEURS";"2460";"06000";"06088";"Nice";"06";"None";"None";"06088000KX0145";"None";"None";"173";"nan";"None";"nan";"None";"nan";"None";"None";"None";"None";"1";"3";"Dépendance";"nan";"0.0";"None";"None";"None";"None";"nan";"7.254212";"43.698205";"000KX"
"2022-65310";"2022-09-12";"1";"Vente";"370000.0";"3.0";"None";"AV COMBA";"1595";"06000";"06088";"Nice";"06";"None";"None";"06088000KX0036";"None";"None";"26";"62.47";"3";"nan";"None";"nan";"None";"None";"None";"None";"2";"3";"Dépendance";"nan";"0.0";"None";"None";"None";"None";"nan";"7.255308";"43.700683";"000KX"
"2022-65225";"2022-09-09";"1";"Vente";"105000.0";"5.0";"None";"RUE CAFFARELLI";"1005";"06000";"06088";"Nice";"06";"None";"None";"06088000KX0120";"None";"None";"18";"nan";"None";"nan";"None";"nan";"None";"None";"None";"None";"1";"2";"Appartement";"53.0";"2.0";"None";"None";"None";"None";"nan";"7.25521";"43.698526";"000KX"
"2022-65225";"2022-09-09";"1";"Vente";"105000.0";"5.0";"None";"RUE CAFFARELLI";"1005";"06000";"06088";"Nice";"06";"None";"None";"06088000KX0120";"None";"None";"3";"nan";"None";"nan";"None";"nan";"None";"None";"None";"None";"1";"3";"Dépendance";"nan";"0.0";"None";"None";"None";"None";"nan";"7.25521";"43.698526";"000KX"
"2022-64728";"2022-09-08";"1";"Vente";"370000.0";"35.0";"None";"BD GAMBETTA";"2755";"06000";"06088";"Nice";"06";"None";"None";"06088000KX0135";"None";"None";"27";"nan";"None";"nan";"None";"nan";"None";"None";"None";"None";"1";"2";"Appartement";"62.0";"3.0";"None";"None";"None";"None";"nan";"7.255992";"43.697774";"000KX"
"2022-64872";"2022-09-08";"1";"Vente";"264000.0";"47.0";"None";"BD GAMBETTA";"2755";"06000";"06088";"Nice";"06";"None";"None";"06088000KX0126";"None";"None";"64";"nan";"None";"nan";"None";"nan";"None";"None";"None";"None";"1";"2";"Appartement";"33.0";"2.0";"None";"None";"None";"None";"nan";"7.255983";"43.6993";"000KX"
"2022-65531";"2022-09-08";"1";"Vente";"260000.0";"23.0";"None";"RUE FREDERIC PASSY";"2665";"06000";"06088";"Nice";"06";"None";"None";"06088000KX0274";"None";"None";"102";"nan";"141";"nan";"None";"nan";"None";"None";"None";"None";"2";"2";"Appartement";"66.0";"2.0";"None";"None";"None";"None";"nan";"7.251548";"43.699318";"000KX"
"2022-64728";"2022-09-08";"1";"Vente";"370000.0";"35.0";"None";"BD GAMBETTA";"2755";"06000";"06088";"Nice";"06";"None";"None";"06088000KX0135";"None";"None";"5";"nan";"None";"nan";"None";"nan";"None";"None";"None";"None";"1";"3";"Dépendance";"nan";"0.0";"None";"None";"None";"None";"nan";"7.255992";"43.697774";"000KX"
"2022-64872";"2022-09-08";"1";"Vente";"264000.0";"47.0";"None";"BD GAMBETTA";"2755";"06000";"06088";"Nice";"06";"None";"None";"06088000KX0126";"None";"None";"64";"nan";"None";"nan";"None";"nan";"None";"None";"None";"None";"1";"3";"Dépendance";"nan";"0.0";"None";"None";"None";"None";"nan";"7.255983";"43.6993";"000KX"
"2022-65531";"2022-09-08";"1";"Vente";"260000.0";"23.0";"None";"RUE FREDERIC PASSY";"2665";"06000";"06088";"Nice";"06";"None";"None";"06088000KX0274";"None";"None";"102";"nan";"141";"nan";"None";"nan";"None";"None";"None";"None";"2";"3";"Dépendance";"nan";"0.0";"None";"None";"None";"None";"nan";"7.251548";"43.699318";"000KX"
"2022-64688";"2022-09-05";"1";"Vente";"177730.0";"13.0";"None";"AV SHAKESPEARE";"6220";"06000";"06088";"Nice";"06";"None";"None";"06088000KX0068";"None";"None";"124";"nan";"None";"nan";"None";"nan";"None";"None";"None";"None";"1";"2";"Appartement";"20.0";"1.0";"None";"None";"None";"None";"nan";"7.253239";"43.699852";"000KX"
"2022-66020";"2022-09-05";"1";"Vente";"110000.0";"53.0";"None";"RUE CAFFARELLI";"1005";"06000";"06088";"Nice";"06";"None";"None";"06088000KX0190";"None";"None";"24";"nan";"3";"nan";"None";"nan";"None";"None";"None";"None";"2";"2";"Appartement";"48.0";"2.0";"None";"None";"None";"None";"nan";"7.251878";"43.699307";"000KX"
"2022-64921";"2022-09-02";"1";"Vente";"1193000.0";"41.0";"None";"BD GAMBETTA";"2755";"06000";"06088";"Nice";"06";"None";"None";"06088000KX0267";"None";"None";"15";"nan";"None";"nan";"None";"nan";"None";"None";"None";"None";"1";"2";"Appartement";"220.0";"5.0";"None";"None";"None";"None";"nan";"7.255935";"43.698483";"000KX"
"2022-65229";"2022-09-02";"1";"Vente";"425000.0";"28.0";"None";"AV FLEURS";"2460";"06000";"06088";"Nice";"06";"None";"None";"06088000KX0170";"None";"None";"26";"nan";"57";"nan";"None";"nan";"None";"None";"None";"None";"2";"2";"Appartement";"100.0";"3.0";"None";"None";"None";"None";"nan";"7.252282";"43.698176";"000KX"
"2022-64921";"2022-09-02";"1";"Vente";"1193000.0";"6.0";"None";"RUE FRANCOIS AUNE";"2615";"06000";"06088";"Nice";"06";"None";"None";"06088000KX0122";"None";"None";"38";"nan";"None";"nan";"None";"nan";"None";"None";"None";"None";"1";"3";"Dépendance";"nan";"0.0";"None";"None";"None";"None";"nan";"7.255607";"43.699069";"000KX"
"2022-64921";"2022-09-02";"1";"Vente";"1193000.0";"41.0";"None";"BD GAMBETTA";"2755";"06000";"06088";"Nice";"06";"None";"None";"06088000KX0267";"None";"None";"15";"nan";"None";"nan";"None";"nan";"None";"None";"None";"None";"1";"3";"Dépendance";"nan";"0.0";"None";"None";"None";"None";"nan";"7.255935";"43.698483";"000KX"
"2022-64921";"2022-09-02";"1";"Vente";"1193000.0";"41.0";"None";"BD GAMBETTA";"2755";"06000";"06088";"Nice";"06";"None";"None";"06088000KX0267";"None";"None";"15";"nan";"None";"nan";"None";"nan";"None";"None";"None";"None";"1";"3";"Dépendance";"nan";"0.0";"None";"None";"None";"None";"nan";"7.255935";"43.698483";"000KX"
"2022-64921";"2022-09-02";"1";"Vente";"1193000.0";"41.0";"None";"BD GAMBETTA";"2755";"06000";"06088";"Nice";"06";"None";"None";"06088000KX0267";"None";"None";"15";"nan";"None";"nan";"None";"nan";"None";"None";"None";"None";"1";"3";"Dépendance";"nan";"0.0";"None";"None";"None";"None";"nan";"7.255935";"43.698483";"000KX"
"2022-65273";"2022-09-02";"1";"Vente en l'état futur d'achèvement";"162000.0";"nan";"None";"RUE COLONEL MUSSO";"1585";"06000";"06088";"Nice";"06";"None";"None";"06088000KX0292";"None";"None";"7";"nan";"None";"nan";"None";"nan";"None";"None";"None";"None";"1";"None";"None";"nan";"nan";"None";"None";"None";"None";"nan";"7.251596";"43.698733";"000KX"
"2022-65032";"2022-08-31";"1";"Vente";"230000.0";"6.0";"None";"AV FLEURS";"2460";"06000";"06088";"Nice";"06";"None";"None";"06088000KX0139";"None";"None";"36";"nan";"9";"60.7";"None";"nan";"None";"None";"None";"None";"2";"2";"Appartement";"58.0";"2.0";"None";"None";"None";"None";"nan";"7.255026";"43.697878";"000KX"
"2022-65032";"2022-08-31";"1";"Vente";"230000.0";"6.0";"None";"AV FLEURS";"2460";"06000";"06088";"Nice";"06";"None";"None";"06088000KX0139";"None";"None";"36";"nan";"9";"60.7";"None";"nan";"None";"None";"None";"None";"2";"3";"Dépendance";"nan";"0.0";"None";"None";"None";"None";"nan";"7.255026";"43.697878";"000KX"
"2022-64068";"2022-08-26";"1";"Vente";"323650.0";"4.0";"None";"RUE CAFFARELLI";"1005";"06000";"06088";"Nice";"06";"None";"None";"06088000KX0121";"None";"None";"33";"nan";"58";"59.73";"None";"nan";"None";"None";"None";"None";"2";"2";"Appartement";"62.0";"2.0";"None";"None";"None";"None";"nan";"7.255622";"43.698827";"000KX"
"2022-64615";"2022-08-26";"1";"Vente";"135000.0";"59.0";"None";"RUE DES POTIERS";"5225";"06000";"06088";"Nice";"06";"None";"None";"06088000KX0208";"None";"None";"13";"nan";"None";"nan";"None";"nan";"None";"None";"None";"None";"1";"2";"Appartement";"17.0";"1.0";"None";"None";"None";"None";"nan";"7.25162";"43.698624";"000KX"
"2022-64068";"2022-08-26";"1";"Vente";"323650.0";"4.0";"None";"RUE CAFFARELLI";"1005";"06000";"06088";"Nice";"06";"None";"None";"06088000KX0121";"None";"None";"33";"nan";"58";"59.73";"None";"nan";"None";"None";"None";"None";"2";"3";"Dépendance";"nan";"0.0";"None";"None";"None";"None";"nan";"7.255622";"43.698827";"000KX"
"2022-64291";"2022-08-25";"1";"Vente";"405000.0";"19.0";"None";"AV SHAKESPEARE";"6220";"06000";"06088";"Nice";"06";"None";"None";"06088000KX0074";"None";"None";"25";"nan";"52";"nan";"None";"nan";"None";"None";"None";"None";"2";"2";"Appartement";"80.0";"3.0";"None";"None";"None";"None";"nan";"7.253334";"43.700387";"000KX"
"2022-64291";"2022-08-25";"1";"Vente";"405000.0";"19.0";"None";"AV SHAKESPEARE";"6220";"06000";"06088";"Nice";"06";"None";"None";"06088000KX0074";"None";"None";"25";"nan";"52";"nan";"None";"nan";"None";"None";"None";"None";"2";"3";"Dépendance";"nan";"0.0";"None";"None";"None";"None";"nan";"7.253334";"43.700387";"000KX"
"2022-64291";"2022-08-25";"1";"Vente";"405000.0";"19.0";"None";"AV SHAKESPEARE";"6220";"06000";"06088";"Nice";"06";"None";"None";"06088000KX0074";"None";"None";"6";"nan";"None";"nan";"None";"nan";"None";"None";"None";"None";"1";"3";"Dépendance";"nan";"0.0";"None";"None";"None";"None";"nan";"7.253334";"43.700387";"000KX"
"2022-64329";"2022-08-24";"1";"Vente";"75000.0";"20.0";"B";"AV FLEURS";"2460";"06000";"06088";"Nice";"06";"None";"None";"06088000KX0164";"None";"None";"89";"nan";"None";"nan";"None";"nan";"None";"None";"None";"None";"1";"3";"Dépendance";"nan";"0.0";"None";"None";"None";"None";"nan";"7.253183";"43.698116";"000KX"
"2022-63966";"2022-08-22";"1";"Vente";"94300.0";"53.0";"None";"RUE CAFFARELLI";"1005";"06000";"06088";"Nice";"06";"None";"None";"06088000KX0190";"None";"None";"33";"nan";"None";"nan";"None";"nan";"None";"None";"None";"None";"1";"2";"Appartement";"13.0";"1.0";"None";"None";"None";"None";"nan";"7.251878";"43.699307";"000KX"
"2022-64289";"2022-08-19";"1";"Vente";"415000.0";"41.0";"None";"BD GAMBETTA";"2755";"06000";"06088";"Nice";"06";"None";"None";"06088000KX0267";"None";"None";"5";"nan";"None";"nan";"None";"nan";"None";"None";"None";"None";"1";"2";"Appartement";"106.0";"2.0";"None";"None";"None";"None";"nan";"7.255935";"43.698483";"000KX"
"2022-64289";"2022-08-19";"1";"Vente";"415000.0";"41.0";"None";"BD GAMBETTA";"2755";"06000";"06088";"Nice";"06";"None";"None";"06088000KX0267";"None";"None";"5";"nan";"None";"nan";"None";"nan";"None";"None";"None";"None";"1";"3";"Dépendance";"nan";"0.0";"None";"None";"None";"None";"nan";"7.255935";"43.698483";"000KX"
"2022-63640";"2022-08-12";"1";"Vente";"310000.0";"56.0";"None";"RUE SAINT PHILIPPE";"5895";"06000";"06088";"Nice";"06";"None";"None";"06088000KX0268";"None";"None";"32";"nan";"None";"nan";"None";"nan";"None";"None";"None";"None";"1";"2";"Appartement";"55.0";"2.0";"None";"None";"None";"None";"nan";"7.255857";"43.698182";"000KX"
"2022-63640";"2022-08-12";"1";"Vente";"310000.0";"56.0";"None";"RUE SAINT PHILIPPE";"5895";"06000";"06088";"Nice";"06";"None";"None";"06088000KX0268";"None";"None";"32";"nan";"None";"nan";"None";"nan";"None";"None";"None";"None";"1";"3";"Dépendance";"nan";"0.0";"None";"None";"None";"None";"nan";"7.255857";"43.698182";"000KX"
"2022-63939";"2022-08-10";"1";"Vente";"137800.0";"34.0";"None";"RUE CAFFARELLI";"1005";"06000";"06088";"Nice";"06";"None";"None";"06088000KX0088";"None";"None";"27";"38.3";"None";"nan";"None";"nan";"None";"None";"None";"None";"1";"2";"Appartement";"36.0";"1.0";"None";"None";"None";"None";"nan";"7.252246";"43.699423";"000KX"
"2022-64146";"2022-08-09";"1";"Vente";"56000.0";"13.0";"None";"AV SHAKESPEARE";"6220";"06000";"06088";"Nice";"06";"None";"None";"06088000KX0068";"None";"None";"177";"nan";"None";"nan";"None";"nan";"None";"None";"None";"None";"1";"3";"Dépendance";"nan";"0.0";"None";"None";"None";"None";"nan";"7.253239";"43.699852";"000KX"
"2022-64304";"2022-08-09";"1";"Vente";"40000.0";"29.0";"None";"RUE CHATEAUNEUF";"1365";"06000";"06088";"Nice";"06";"None";"None";"06088000KX0078";"None";"None";"11";"nan";"None";"nan";"None";"nan";"None";"None";"None";"None";"1";"3";"Dépendance";"nan";"0.0";"None";"None";"None";"None";"nan";"7.252632";"43.700111";"000KX"
"2022-63128";"2022-08-02";"1";"Vente";"635000.0";"11.0";"None";"RUE CAFFARELLI";"1005";"06000";"06088";"Nice";"06";"None";"None";"06088000KX0144";"None";"None";"31";"nan";"94";"nan";"None";"nan";"None";"None";"None";"None";"2";"2";"Appartement";"90.0";"3.0";"None";"None";"None";"None";"nan";"7.254215";"43.698544";"000KX"
"2022-63128";"2022-08-02";"1";"Vente";"635000.0";"11.0";"None";"RUE CAFFARELLI";"1005";"06000";"06088";"Nice";"06";"None";"None";"06088000KX0144";"None";"None";"31";"nan";"94";"nan";"None";"nan";"None";"None";"None";"None";"2";"3";"Dépendance";"nan";"0.0";"None";"None";"None";"None";"nan";"7.254215";"43.698544";"000KX"
"2022-63039";"2022-08-01";"1";"Vente";"247350.0";"6.0";"None";"RUE FRANCOIS AUNE";"2615";"06000";"06088";"Nice";"06";"None";"None";"06088000KX0122";"None";"None";"26";"nan";"45";"47.85";"None";"nan";"None";"None";"None";"None";"2";"2";"Appartement";"46.0";"2.0";"None";"None";"None";"None";"nan";"7.255607";"43.699069";"000KX"
"2022-63257";"2022-08-01";"1";"Vente";"420000.0";"23.0";"None";"RUE FREDERIC PASSY";"2665";"06000";"06088";"Nice";"06";"None";"None";"06088000KX0274";"None";"None";"158";"nan";"94";"nan";"None";"nan";"None";"None";"None";"None";"2";"2";"Appartement";"80.0";"3.0";"None";"None";"None";"None";"nan";"7.251548";"43.699318";"000KX"
"2022-63039";"2022-08-01";"1";"Vente";"247350.0";"6.0";"None";"RUE FRANCOIS AUNE";"2615";"06000";"06088";"Nice";"06";"None";"None";"06088000KX0122";"None";"None";"26";"nan";"45";"47.85";"None";"nan";"None";"None";"None";"None";"2";"3";"Dépendance";"nan";"0.0";"None";"None";"None";"None";"nan";"7.255607";"43.699069";"000KX"
"2022-63183";"2022-08-01";"1";"Vente";"55000.0";"5.0";"None";"AV DEPOILLY";"1910";"06000";"06088";"Nice";"06";"None";"None";"06088000KX0044";"None";"None";"39";"23.95";"40";"19.57";"None";"nan";"None";"None";"None";"None";"2";"3";"Dépendance";"nan";"0.0";"None";"None";"None";"None";"nan";"7.254976";"43.699999";"000KX"
"2022-62859";"2022-07-29";"1";"Vente";"290000.0";"4.0";"None";"RUE CHATEAUNEUF";"1365";"06000";"06088";"Nice";"06";"None";"None";"06088000KX0023";"None";"None";"101";"80.04";"7";"nan";"None";"nan";"None";"None";"None";"None";"2";"2";"Appartement";"86.0";"3.0";"None";"None";"None";"None";"nan";"7.255705";"43.701793";"000KX"
"2022-62859";"2022-07-29";"1";"Vente";"290000.0";"4.0";"None";"RUE CHATEAUNEUF";"1365";"06000";"06088";"Nice";"06";"None";"None";"06088000KX0023";"None";"None";"101";"80.04";"7";"nan";"None";"nan";"None";"None";"None";"None";"2";"3";"Dépendance";"nan";"0.0";"None";"None";"None";"None";"nan";"7.255705";"43.701793";"000KX"
"2022-62859";"2022-07-29";"1";"Vente";"290000.0";"4.0";"None";"RUE CHATEAUNEUF";"1365";"06000";"06088";"Nice";"06";"None";"None";"06088000KX0023";"None";"None";"32";"nan";"None";"nan";"None";"nan";"None";"None";"None";"None";"1";"3";"Dépendance";"nan";"0.0";"None";"None";"None";"None";"nan";"7.255705";"43.701793";"000KX"
"2022-62493";"2022-07-28";"1";"Vente";"830000.0";"41.0";"None";"BD GAMBETTA";"2755";"06000";"06088";"Nice";"06";"None";"None";"06088000KX0267";"None";"None";"6";"220.0";"None";"nan";"None";"nan";"None";"None";"None";"None";"1";"2";"Appartement";"210.0";"5.0";"None";"None";"None";"None";"nan";"7.255935";"43.698483";"000KX"
"2022-62579";"2022-07-28";"1";"Vente";"234000.0";"15.0";"None";"AV SHAKESPEARE";"6220";"06000";"06088";"Nice";"06";"None";"None";"06088000KX0072";"None";"None";"41";"48.76";"None";"nan";"None";"nan";"None";"None";"None";"None";"1";"2";"Appartement";"48.0";"2.0";"None";"None";"None";"None";"nan";"7.253377";"43.700082";"000KX"
"2022-63184";"2022-07-28";"1";"Vente";"170000.0";"22.0";"None";"RUE CHATEAUNEUF";"1365";"06000";"06088";"Nice";"06";"None";"None";"06088000KX0015";"None";"None";"39";"44.35";"6";"nan";"None";"nan";"None";"None";"None";"None";"2";"2";"Appartement";"40.0";"2.0";"None";"None";"None";"None";"nan";"7.253715";"43.700896";"000KX"
"2022-63450";"2022-07-28";"1";"Vente";"115000.0";"20.0";"B";"AV FLEURS";"2460";"06000";"06088";"Nice";"06";"None";"None";"06088000KX0164";"None";"None";"90";"nan";"91";"nan";"92";"nan";"None";"None";"None";"None";"3";"2";"Appartement";"28.0";"2.0";"None";"None";"None";"None";"nan";"7.253183";"43.698116";"000KX"
"2022-62493";"2022-07-28";"1";"Vente";"830000.0";"41.0";"None";"BD GAMBETTA";"2755";"06000";"06088";"Nice";"06";"None";"None";"06088000KX0267";"None";"None";"6";"220.0";"None";"nan";"None";"nan";"None";"None";"None";"None";"1";"3";"Dépendance";"nan";"0.0";"None";"None";"None";"None";"nan";"7.255935";"43.698483";"000KX"
"2022-62493";"2022-07-28";"1";"Vente";"830000.0";"41.0";"None";"BD GAMBETTA";"2755";"06000";"06088";"Nice";"06";"None";"None";"06088000KX0267";"None";"None";"6";"220.0";"None";"nan";"None";"nan";"None";"None";"None";"None";"1";"3";"Dépendance";"nan";"0.0";"None";"None";"None";"None";"nan";"7.255935";"43.698483";"000KX"
"2022-63184";"2022-07-28";"1";"Vente";"170000.0";"22.0";"None";"RUE CHATEAUNEUF";"1365";"06000";"06088";"Nice";"06";"None";"None";"06088000KX0015";"None";"None";"39";"44.35";"6";"nan";"None";"nan";"None";"None";"None";"None";"2";"3";"Dépendance";"nan";"0.0";"None";"None";"None";"None";"nan";"7.253715";"43.700896";"000KX"
"2022-63450";"2022-07-28";"1";"Vente";"115000.0";"20.0";"B";"AV FLEURS";"2460";"06000";"06088";"Nice";"06";"None";"None";"06088000KX0164";"None";"None";"92";"nan";"None";"nan";"None";"nan";"None";"None";"None";"None";"1";"3";"Dépendance";"nan";"0.0";"None";"None";"None";"None";"nan";"7.253183";"43.698116";"000KX"
"2022-63450";"2022-07-28";"1";"Vente";"115000.0";"20.0";"B";"AV FLEURS";"2460";"06000";"06088";"Nice";"06";"None";"None";"06088000KX0164";"None";"None";"91";"nan";"None";"nan";"None";"nan";"None";"None";"None";"None";"1";"3";"Dépendance";"nan";"0.0";"None";"None";"None";"None";"nan";"7.253183";"43.698116";"000KX"
"2022-62498";"2022-07-27";"1";"Vente";"325000.0";"14.0";"None";"AV SHAKESPEARE";"6220";"06000";"06088";"Nice";"06";"None";"None";"06088000KX0064";"None";"None";"49";"78.0";"5";"nan";"None";"nan";"None";"None";"None";"None";"2";"2";"Appartement";"74.0";"3.0";"None";"None";"None";"None";"nan";"7.253902";"43.699996";"000KX"
"2022-62600";"2022-07-27";"1";"Vente";"272600.0";"5.0";"None";"RUE FRANCOIS AUNE";"2615";"06000";"06088";"Nice";"06";"None";"None";"06088000KX0117";"None";"None";"100";"58.03";"69";"nan";"None";"nan";"None";"None";"None";"None";"2";"2";"Appartement";"60.0";"2.0";"None";"None";"None";"None";"nan";"7.254992";"43.699127";"000KX"
"2022-63112";"2022-07-27";"1";"Vente";"470000.0";"28.0";"None";"AV FLEURS";"2460";"06000";"06088";"Nice";"06";"None";"None";"06088000KX0170";"None";"None";"34";"nan";"65";"nan";"None";"nan";"None";"None";"None";"None";"2";"2";"Appartement";"100.0";"3.0";"None";"None";"None";"None";"nan";"7.252282";"43.698176";"000KX"
"2022-63157";"2022-07-27";"1";"Vente";"150000.0";"28.0";"None";"RUE FREDERIC PASSY";"2665";"06000";"06088";"Nice";"06";"None";"None";"06088000KX0082";"None";"None";"1";"51.36";"None";"nan";"None";"nan";"None";"None";"None";"None";"1";"2";"Appartement";"54.0";"1.0";"None";"None";"None";"None";"nan";"7.252157";"43.699715";"000KX"
"2022-62498";"2022-07-27";"1";"Vente";"325000.0";"14.0";"None";"AV SHAKESPEARE";"6220";"06000";"06088";"Nice";"06";"None";"None";"06088000KX0064";"None";"None";"49";"78.0";"5";"nan";"None";"nan";"None";"None";"None";"None";"2";"3";"Dépendance";"nan";"0.0";"None";"None";"None";"None";"nan";"7.253902";"43.699996";"000KX"
"2022-62600";"2022-07-27";"1";"Vente";"272600.0";"5.0";"None";"RUE FRANCOIS AUNE";"2615";"06000";"06088";"Nice";"06";"None";"None";"06088000KX0117";"None";"None";"100";"58.03";"69";"nan";"None";"nan";"None";"None";"None";"None";"2";"3";"Dépendance";"nan";"0.0";"None";"None";"None";"None";"nan";"7.254992";"43.699127";"000KX"
"2022-63097";"2022-07-27";"1";"Vente";"40000.0";"28.0";"None";"AV FLEURS";"2460";"06000";"06088";"Nice";"06";"None";"None";"06088000KX0170";"None";"None";"5";"nan";"None";"nan";"None";"nan";"None";"None";"None";"None";"1";"3";"Dépendance";"nan";"0.0";"None";"None";"None";"None";"nan";"7.252282";"43.698176";"000KX"
"2022-63112";"2022-07-27";"1";"Vente";"470000.0";"28.0";"None";"AV FLEURS";"2460";"06000";"06088";"Nice";"06";"None";"None";"06088000KX0170";"None";"None";"34";"nan";"65";"nan";"None";"nan";"None";"None";"None";"None";"2";"3";"Dépendance";"nan";"0.0";"None";"None";"None";"None";"nan";"7.252282";"43.698176";"000KX"
"2022-63112";"2022-07-27";"1";"Vente";"470000.0";"28.0";"None";"AV FLEURS";"2460";"06000";"06088";"Nice";"06";"None";"None";"06088000KX0170";"None";"None";"34";"nan";"65";"nan";"None";"nan";"None";"None";"None";"None";"2";"3";"Dépendance";"nan";"0.0";"None";"None";"None";"None";"nan";"7.252282";"43.698176";"000KX"
"2022-63157";"2022-07-27";"1";"Vente";"150000.0";"28.0";"None";"RUE FREDERIC PASSY";"2665";"06000";"06088";"Nice";"06";"None";"None";"06088000KX0082";"None";"None";"1";"51.36";"None";"nan";"None";"nan";"None";"None";"None";"None";"1";"3";"Dépendance";"nan";"0.0";"None";"None";"None";"None";"nan";"7.252157";"43.699715";"000KX"
"2022-64967";"2022-07-27";"1";"Vente";"46500.0";"23.0";"None";"RUE FREDERIC PASSY";"2665";"06000";"06088";"Nice";"06";"None";"None";"06088000KX0274";"None";"None";"5";"nan";"None";"nan";"None";"nan";"None";"None";"None";"None";"1";"3";"Dépendance";"nan";"0.0";"None";"None";"None";"None";"nan";"7.251548";"43.699318";"000KX"
"2022-62379";"2022-07-26";"1";"Vente";"345000.0";"5.0";"None";"RUE CAFFARELLI";"1005";"06000";"06088";"Nice";"06";"None";"None";"06088000KX0120";"None";"None";"23";"70.4";"None";"nan";"None";"nan";"None";"None";"None";"None";"1";"2";"Appartement";"81.0";"3.0";"None";"None";"None";"None";"nan";"7.25521";"43.698526";"000KX"
"2022-63536";"2022-07-26";"1";"Vente";"99450.0";"57.0";"None";"BD GAMBETTA";"2755";"06000";"06088";"Nice";"06";"None";"None";"06088000KX0034";"None";"None";"16";"21.7";"None";"nan";"None";"nan";"None";"None";"None";"None";"1";"4";"Local industriel. commercial ou assimilé";"21.0";"0.0";"None";"None";"None";"None";"nan";"7.255968";"43.700563";"000KX"
"2022-62860";"2022-07-25";"1";"Vente";"322540.0";"5.0";"None";"RUE CHATEAUNEUF";"1365";"06000";"06088";"Nice";"06";"None";"None";"06088000KX0031";"None";"None";"61";"93.13";"None";"nan";"None";"nan";"None";"None";"None";"None";"1";"2";"Appartement";"50.0";"2.0";"None";"None";"None";"None";"nan";"7.255243";"43.701091";"000KX"
"2022-62860";"2022-07-25";"1";"Vente";"322540.0";"5.0";"None";"RUE CHATEAUNEUF";"1365";"06000";"06088";"Nice";"06";"None";"None";"06088000KX0031";"None";"None";"15";"nan";"None";"nan";"None";"nan";"None";"None";"None";"None";"1";"2";"Appartement";"20.0";"1.0";"None";"None";"None";"None";"nan";"7.255243";"43.701091";"000KX"
"2022-62860";"2022-07-25";"1";"Vente";"322540.0";"5.0";"None";"RUE CHATEAUNEUF";"1365";"06000";"06088";"Nice";"06";"None";"None";"06088000KX0031";"None";"None";"61";"93.13";"None";"nan";"None";"nan";"None";"None";"None";"None";"1";"3";"Dépendance";"nan";"0.0";"None";"None";"None";"None";"nan";"7.255243";"43.701091";"000KX"
"2022-62846";"2022-07-21";"1";"Vente";"115000.0";"6.0";"None";"RUE CHATEAUNEUF";"1365";"06000";"06088";"Nice";"06";"None";"None";"06088000KX0022";"None";"None";"40";"27.71";"None";"nan";"None";"nan";"None";"None";"None";"None";"1";"2";"Appartement";"27.0";"2.0";"None";"None";"None";"None";"nan";"7.255437";"43.70161";"000KX"
"2022-62856";"2022-07-21";"1";"Vente";"124950.0";"21.0";"None";"RUE FRANCOIS AUNE";"2615";"06000";"06088";"Nice";"06";"None";"None";"06088000KX0051";"None";"None";"22";"18.91";"None";"nan";"None";"nan";"None";"None";"None";"None";"1";"2";"Appartement";"29.0";"1.0";"None";"None";"None";"None";"nan";"7.254876";"43.700848";"000KX"
"2022-63106";"2022-07-21";"1";"Vente";"300000.0";"35.0";"None";"BD GAMBETTA";"2755";"06000";"06088";"Nice";"06";"None";"None";"06088000KX0135";"None";"None";"27";"nan";"None";"nan";"None";"nan";"None";"None";"None";"None";"1";"2";"Appartement";"62.0";"3.0";"None";"None";"None";"None";"nan";"7.255992";"43.697774";"000KX"
"2022-63336";"2022-07-21";"1";"Vente";"112000.0";"4.0";"None";"RUE PERE A VALENSIN";"4945";"06000";"06088";"Nice";"06";"None";"None";"06088000KX0079";"None";"None";"8";"nan";"None";"nan";"None";"nan";"None";"None";"None";"None";"1";"2";"Appartement";"24.0";"1.0";"None";"None";"None";"None";"nan";"7.25268";"43.69985";"000KX"
"2022-63106";"2022-07-21";"1";"Vente";"300000.0";"35.0";"None";"BD GAMBETTA";"2755";"06000";"06088";"Nice";"06";"None";"None";"06088000KX0135";"None";"None";"5";"nan";"None";"nan";"None";"nan";"None";"None";"None";"None";"1";"3";"Dépendance";"nan";"0.0";"None";"None";"None";"None";"nan";"7.255992";"43.697774";"000KX"
"2022-62205";"2022-07-18";"1";"Vente";"298000.0";"29.0";"None";"RUE CHATEAUNEUF";"1365";"06000";"06088";"Nice";"06";"None";"None";"06088000KX0078";"None";"None";"20";"70.48";"74";"nan";"None";"nan";"None";"None";"None";"None";"2";"2";"Appartement";"75.0";"3.0";"None";"None";"None";"None";"nan";"7.252632";"43.700111";"000KX"
"2022-62262";"2022-07-18";"1";"Vente";"335246.0";"30.0";"None";"AV FLEURS";"2460";"06000";"06088";"Nice";"06";"None";"None";"06088000KX0237";"None";"None";"17";"nan";"48";"nan";"None";"nan";"None";"None";"None";"None";"2";"2";"Appartement";"57.0";"2.0";"None";"None";"None";"None";"nan";"7.251895";"43.698152";"000KX"
"2022-62205";"2022-07-18";"1";"Vente";"298000.0";"29.0";"None";"RUE CHATEAUNEUF";"1365";"06000";"06088";"Nice";"06";"None";"None";"06088000KX0078";"None";"None";"20";"70.48";"74";"nan";"None";"nan";"None";"None";"None";"None";"2";"3";"Dépendance";"nan";"0.0";"None";"None";"None";"None";"nan";"7.252632";"43.700111";"000KX"
"2022-62262";"2022-07-18";"1";"Vente";"335246.0";"30.0";"None";"AV FLEURS";"2460";"06000";"06088";"Nice";"06";"None";"None";"06088000KX0237";"None";"None";"17";"nan";"48";"nan";"None";"nan";"None";"None";"None";"None";"2";"3";"Dépendance";"nan";"0.0";"None";"None";"None";"None";"nan";"7.251895";"43.698152";"000KX"
"2022-62080";"2022-07-12";"1";"Vente";"101500.0";"15.0";"None";"RUE CHATEAUNEUF";"1365";"06000";"06088";"Nice";"06";"None";"None";"06088000KX0055";"None";"None";"18";"24.18";"None";"nan";"None";"nan";"None";"None";"None";"None";"1";"2";"Appartement";"25.0";"1.0";"None";"None";"None";"None";"nan";"7.254368";"43.700705";"000KX"
"2022-62830";"2022-07-12";"1";"Vente en l'état futur d'achèvement";"152000.0";"nan";"None";"RUE COLONEL MUSSO";"1585";"06000";"06088";"Nice";"06";"None";"None";"06088000KX0292";"None";"None";"11";"nan";"None";"nan";"None";"nan";"None";"None";"None";"None";"1";"None";"None";"nan";"nan";"None";"None";"None";"None";"nan";"7.251596";"43.698733";"000KX"
"2022-62689";"2022-07-11";"1";"Vente";"160000.0";"11.0";"None";"RUE CAFFARELLI";"1005";"06000";"06088";"Nice";"06";"None";"None";"06088000KX0144";"None";"None";"108";"53.29";"54";"nan";"None";"nan";"None";"None";"None";"None";"2";"2";"Appartement";"50.0";"2.0";"None";"None";"None";"None";"nan";"7.254215";"43.698544";"000KX"
"2022-62689";"2022-07-11";"1";"Vente";"160000.0";"11.0";"None";"RUE CAFFARELLI";"1005";"06000";"06088";"Nice";"06";"None";"None";"06088000KX0144";"None";"None";"108";"53.29";"54";"nan";"None";"nan";"None";"None";"None";"None";"2";"3";"Dépendance";"nan";"0.0";"None";"None";"None";"None";"nan";"7.254215";"43.698544";"000KX"
"2022-63366";"2022-07-11";"1";"Vente";"610000.0";"55.0";"None";"BD GAMBETTA";"2755";"06000";"06088";"Nice";"06";"None";"None";"06088000KX0041";"None";"None";"11";"nan";"15";"127.22";"23";"nan";"24";"None";"None";"None";"4";"4";"Local industriel. commercial ou assimilé";"180.0";"0.0";"None";"None";"None";"None";"nan";"7.2559";"43.700345";"000KX"
"2022-61570";"2022-07-08";"1";"Vente";"200000.0";"65.0";"None";"BD GAMBETTA";"2755";"06000";"06088";"Nice";"06";"None";"None";"06088000KX0027";"None";"None";"189";"61.01";"41";"nan";"None";"nan";"None";"None";"None";"None";"2";"2";"Appartement";"62.0";"3.0";"None";"None";"None";"None";"nan";"7.255784";"43.701276";"000KX"
"2022-61570";"2022-07-08";"1";"Vente";"200000.0";"65.0";"None";"BD GAMBETTA";"2755";"06000";"06088";"Nice";"06";"None";"None";"06088000KX0027";"None";"None";"189";"61.01";"41";"nan";"None";"nan";"None";"None";"None";"None";"2";"3";"Dépendance";"nan";"0.0";"None";"None";"None";"None";"nan";"7.255784";"43.701276";"000KX"
"2022-62144";"2022-07-06";"1";"Vente";"353850.0";"14.0";"None";"RUE CHATEAUNEUF";"1365";"06000";"06088";"Nice";"06";"None";"None";"06088000KX0018";"None";"None";"21";"nan";"42";"111.15";"None";"nan";"None";"None";"None";"None";"2";"2";"Appartement";"111.0";"4.0";"None";"None";"None";"None";"nan";"7.254621";"43.701314";"000KX"
"2022-62144";"2022-07-06";"1";"Vente";"353850.0";"14.0";"None";"RUE CHATEAUNEUF";"1365";"06000";"06088";"Nice";"06";"None";"None";"06088000KX0018";"None";"None";"21";"nan";"42";"111.15";"None";"nan";"None";"None";"None";"None";"2";"3";"Dépendance";"nan";"0.0";"None";"None";"None";"None";"nan";"7.254621";"43.701314";"000KX"
"2022-62144";"2022-07-06";"1";"Vente";"353850.0";"14.0";"None";"RUE CHATEAUNEUF";"1365";"06000";"06088";"Nice";"06";"None";"None";"06088000KX0018";"None";"None";"48";"nan";"None";"nan";"None";"nan";"None";"None";"None";"None";"1";"3";"Dépendance";"nan";"0.0";"None";"None";"None";"None";"nan";"7.254621";"43.701314";"000KX"
"2022-62001";"2022-07-06";"1";"Vente";"500.0";"53.0";"None";"BD GAMBETTA";"2755";"06000";"06088";"Nice";"06";"None";"None";"06088000KX0042";"None";"None";"8";"nan";"None";"nan";"None";"nan";"None";"None";"None";"None";"1";"4";"Local industriel. commercial ou assimilé";"316.0";"0.0";"None";"None";"None";"None";"nan";"7.255754";"43.699861";"000KX"
"2022-62011";"2022-07-06";"1";"Vente";"1300000.0";"53.0";"None";"BD GAMBETTA";"2755";"06000";"06088";"Nice";"06";"None";"None";"06088000KX0042";"None";"None";"14";"nan";"8";"nan";"None";"nan";"None";"None";"None";"None";"2";"4";"Local industriel. commercial ou assimilé";"316.0";"0.0";"None";"None";"None";"None";"nan";"7.255754";"43.699861";"000KX"
"2022-61091";"2022-07-05";"1";"Vente";"263000.0";"47.0";"None";"BD GAMBETTA";"2755";"06000";"06088";"Nice";"06";"None";"None";"06088000KX0126";"None";"None";"32";"nan";"78";"nan";"None";"nan";"None";"None";"None";"None";"2";"2";"Appartement";"48.0";"2.0";"None";"None";"None";"None";"nan";"7.255983";"43.6993";"000KX"
"2022-61160";"2022-07-05";"1";"Vente";"176000.0";"53.0";"None";"RUE CAFFARELLI";"1005";"06000";"06088";"Nice";"06";"None";"None";"06088000KX0190";"None";"None";"27";"nan";"8";"52.74";"None";"nan";"None";"None";"None";"None";"2";"2";"Appartement";"45.0";"2.0";"None";"None";"None";"None";"nan";"7.251878";"43.699307";"000KX"
"2022-61712";"2022-07-05";"1";"Vente";"255000.0";"29.0";"None";"RUE CHATEAUNEUF";"1365";"06000";"06088";"Nice";"06";"None";"None";"06088000KX0078";"None";"None";"30";"58.28";"83";"nan";"None";"nan";"None";"None";"None";"None";"2";"2";"Appartement";"62.0";"2.0";"None";"None";"None";"None";"nan";"7.252632";"43.700111";"000KX"
"2022-62355";"2022-07-05";"1";"Vente";"237000.0";"5.0";"None";"RUE CHATEAUNEUF";"1365";"06000";"06088";"Nice";"06";"None";"None";"06088000KX0031";"None";"None";"18";"nan";"76";"nan";"None";"nan";"None";"None";"None";"None";"2";"2";"Appartement";"57.0";"4.0";"None";"None";"None";"None";"nan";"7.255243";"43.701091";"000KX"
"2022-61091";"2022-07-05";"1";"Vente";"263000.0";"47.0";"None";"BD GAMBETTA";"2755";"06000";"06088";"Nice";"06";"None";"None";"06088000KX0126";"None";"None";"32";"nan";"78";"nan";"None";"nan";"None";"None";"None";"None";"2";"3";"Dépendance";"nan";"0.0";"None";"None";"None";"None";"nan";"7.255983";"43.6993";"000KX"
"2022-61160";"2022-07-05";"1";"Vente";"176000.0";"53.0";"None";"RUE CAFFARELLI";"1005";"06000";"06088";"Nice";"06";"None";"None";"06088000KX0190";"None";"None";"27";"nan";"8";"52.74";"None";"nan";"None";"None";"None";"None";"2";"3";"Dépendance";"nan";"0.0";"None";"None";"None";"None";"nan";"7.251878";"43.699307";"000KX"
"2022-61712";"2022-07-05";"1";"Vente";"255000.0";"29.0";"None";"RUE CHATEAUNEUF";"1365";"06000";"06088";"Nice";"06";"None";"None";"06088000KX0078";"None";"None";"30";"58.28";"83";"nan";"None";"nan";"None";"None";"None";"None";"2";"3";"Dépendance";"nan";"0.0";"None";"None";"None";"None";"nan";"7.252632";"43.700111";"000KX"
"2022-61982";"2022-07-04";"1";"Vente en l'état futur d'achèvement";"144000.0";"nan";"None";"RUE COLONEL MUSSO";"1585";"06000";"06088";"Nice";"06";"None";"None";"06088000KX0292";"None";"None";"20";"nan";"None";"nan";"None";"nan";"None";"None";"None";"None";"1";"None";"None";"nan";"nan";"None";"None";"None";"None";"nan";"7.251596";"43.698733";"000KX"
"2022-60817";"2022-07-01";"1";"Vente";"32000.0";"69.0";"None";"BD FRANCOIS GROSSO";"2630";"06000";"06088";"Nice";"06";"None";"None";"06088000KX0215";"None";"None";"54";"nan";"None";"nan";"None";"nan";"None";"None";"None";"None";"1";"3";"Dépendance";"nan";"0.0";"None";"None";"None";"None";"nan";"7.250715";"43.69887";"000KX"
"2022-60880";"2022-06-30";"1";"Vente";"140000.0";"42.0";"B";"BD FRANCOIS GROSSO";"2630";"06000";"06088";"Nice";"06";"None";"None";"06088000KX0236";"None";"None";"21";"nan";"54";"49.56";"None";"nan";"None";"None";"None";"None";"2";"2";"Appartement";"46.0";"2.0";"None";"None";"None";"None";"nan";"7.251755";"43.698394";"000KX"
"2022-60957";"2022-06-30";"1";"Vente";"630000.0";"30.0";"None";"AV FLEURS";"2460";"06000";"06088";"Nice";"06";"None";"None";"06088000KX0237";"None";"None";"30";"nan";"61";"nan";"None";"nan";"None";"None";"None";"None";"2";"2";"Appartement";"63.0";"2.0";"None";"None";"None";"None";"nan";"7.251895";"43.698152";"000KX"
"2022-61561";"2022-06-30";"1";"Vente";"143000.0";"47.0";"None";"RUE CAFFARELLI";"1005";"06000";"06088";"Nice";"06";"None";"None";"06088000KX0191";"None";"None";"68";"34.07";"None";"nan";"None";"nan";"None";"None";"None";"None";"1";"2";"Appartement";"35.0";"1.0";"None";"None";"None";"None";"nan";"7.252017";"43.69921";"000KX"
"2022-61942";"2022-06-30";"1";"Vente";"118350.0";"47.0";"None";"RUE CAFFARELLI";"1005";"06000";"06088";"Nice";"06";"None";"None";"06088000KX0191";"None";"None";"77";"20.76";"None";"nan";"None";"nan";"None";"None";"None";"None";"1";"2";"Appartement";"21.0";"1.0";"None";"None";"None";"None";"nan";"7.252017";"43.69921";"000KX"
"2022-60880";"2022-06-30";"1";"Vente";"140000.0";"42.0";"B";"BD FRANCOIS GROSSO";"2630";"06000";"06088";"Nice";"06";"None";"None";"06088000KX0236";"None";"None";"21";"nan";"54";"49.56";"None";"nan";"None";"None";"None";"None";"2";"3";"Dépendance";"nan";"0.0";"None";"None";"None";"None";"nan";"7.251755";"43.698394";"000KX"
"2022-60957";"2022-06-30";"1";"Vente";"630000.0";"30.0";"None";"AV FLEURS";"2460";"06000";"06088";"Nice";"06";"None";"None";"06088000KX0237";"None";"None";"30";"nan";"61";"nan";"None";"nan";"None";"None";"None";"None";"2";"3";"Dépendance";"nan";"0.0";"None";"None";"None";"None";"nan";"7.251895";"43.698152";"000KX"
"2022-60957";"2022-06-30";"1";"Vente";"630000.0";"30.0";"None";"AV FLEURS";"2460";"06000";"06088";"Nice";"06";"None";"None";"06088000KX0237";"None";"None";"30";"nan";"61";"nan";"None";"nan";"None";"None";"None";"None";"2";"3";"Dépendance";"nan";"0.0";"None";"None";"None";"None";"nan";"7.251895";"43.698152";"000KX"
"2022-60878";"2022-06-29";"1";"Vente";"410000.0";"4.0";"B";"AV FLEURS";"2460";"06000";"06088";"Nice";"06";"None";"None";"06088000KX0138";"None";"None";"63";"95.55";"94";"nan";"None";"nan";"None";"None";"None";"None";"2";"2";"Appartement";"96.0";"3.0";"None";"None";"None";"None";"nan";"7.255201";"43.697883";"000KX"
"2022-60878";"2022-06-29";"1";"Vente";"410000.0";"4.0";"B";"AV FLEURS";"2460";"06000";"06088";"Nice";"06";"None";"None";"06088000KX0138";"None";"None";"63";"95.55";"94";"nan";"None";"nan";"None";"None";"None";"None";"2";"3";"Dépendance";"nan";"0.0";"None";"None";"None";"None";"nan";"7.255201";"43.697883";"000KX"
"2022-61404";"2022-06-29";"1";"Vente en l'état futur d'achèvement";"127000.0";"nan";"None";"RUE COLONEL MUSSO";"1585";"06000";"06088";"Nice";"06";"None";"None";"06088000KX0292";"None";"None";"6";"nan";"None";"nan";"None";"nan";"None";"None";"None";"None";"1";"None";"None";"nan";"nan";"None";"None";"None";"None";"nan";"7.251596";"43.698733";"000KX"
"2022-61178";"2022-06-27";"1";"Vente";"136400.0";"65.0";"None";"BD GAMBETTA";"2755";"06000";"06088";"Nice";"06";"None";"None";"06088000KX0027";"None";"None";"178";"29.11";"39";"nan";"None";"nan";"None";"None";"None";"None";"2";"2";"Appartement";"29.0";"1.0";"None";"None";"None";"None";"nan";"7.255784";"43.701276";"000KX"
"2022-61178";"2022-06-27";"1";"Vente";"136400.0";"65.0";"None";"BD GAMBETTA";"2755";"06000";"06088";"Nice";"06";"None";"None";"06088000KX0027";"None";"None";"178";"29.11";"39";"nan";"None";"nan";"None";"None";"None";"None";"2";"3";"Dépendance";"nan";"0.0";"None";"None";"None";"None";"nan";"7.255784";"43.701276";"000KX"
"2022-61144";"2022-06-24";"1";"Vente";"415000.0";"6.0";"None";"AV FLEURS";"2460";"06000";"06088";"Nice";"06";"None";"None";"06088000KX0139";"None";"None";"24";"nan";"8";"nan";"None";"nan";"None";"None";"None";"None";"2";"2";"Appartement";"60.0";"2.0";"None";"None";"None";"None";"nan";"7.255026";"43.697878";"000KX"
"2022-61144";"2022-06-24";"1";"Vente";"415000.0";"6.0";"None";"AV FLEURS";"2460";"06000";"06088";"Nice";"06";"None";"None";"06088000KX0139";"None";"None";"24";"nan";"8";"nan";"None";"nan";"None";"None";"None";"None";"2";"3";"Dépendance";"nan";"0.0";"None";"None";"None";"None";"nan";"7.255026";"43.697878";"000KX"
"2022-60197";"2022-06-23";"1";"Vente";"537380.0";"77.0";"B";"BD FRANCOIS GROSSO";"2630";"06000";"06088";"Nice";"06";"None";"None";"06088000KX0224";"None";"None";"None";"nan";"None";"nan";"None";"nan";"None";"None";"None";"None";"0";"1";"Maison";"50.0";"2.0";"S";"sols";"None";"None";"168.0";"7.25083";"43.699102";"000KX"
"2022-61682";"2022-06-23";"1";"Vente";"307000.0";"21.0";"None";"RUE CHATEAUNEUF";"1365";"06000";"06088";"Nice";"06";"None";"None";"06088000KX0058";"None";"None";"1";"nan";"12";"93.89";"None";"nan";"None";"None";"None";"None";"2";"2";"Appartement";"93.0";"4.0";"None";"None";"None";"None";"nan";"7.253715";"43.700574";"000KX"
"2022-60218";"2022-06-23";"1";"Vente";"830000.0";"11.0";"None";"RUE CAFFARELLI";"1005";"06000";"06088";"Nice";"06";"None";"None";"06088000KX0144";"None";"None";"118";"nan";"None";"nan";"None";"nan";"None";"None";"None";"None";"1";"3";"Dépendance";"nan";"0.0";"None";"None";"None";"None";"nan";"7.254215";"43.698544";"000KX"
"2022-60927";"2022-06-23";"1";"Vente";"32000.0";"24.0";"None";"AV FLEURS";"2460";"06000";"06088";"Nice";"06";"None";"None";"06088000KX0166";"None";"None";"61";"nan";"None";"nan";"None";"nan";"None";"None";"None";"None";"1";"3";"Dépendance";"nan";"0.0";"None";"None";"None";"None";"nan";"7.252508";"43.69819";"000KX"
"2022-60763";"2022-06-21";"1";"Vente";"175000.0";"40.0";"None";"BD FRANCOIS GROSSO";"2630";"06000";"06088";"Nice";"06";"None";"None";"06088000KX0239";"None";"None";"16";"44.11";"None";"nan";"None";"nan";"None";"None";"None";"None";"1";"2";"Appartement";"45.0";"2.0";"None";"None";"None";"None";"nan";"7.251526";"43.698197";"000KX"
"2022-60763";"2022-06-21";"1";"Vente";"175000.0";"40.0";"None";"BD FRANCOIS GROSSO";"2630";"06000";"06088";"Nice";"06";"None";"None";"06088000KX0239";"None";"None";"16";"44.11";"None";"nan";"None";"nan";"None";"None";"None";"None";"1";"3";"Dépendance";"nan";"0.0";"None";"None";"None";"None";"nan";"7.251526";"43.698197";"000KX"
"2022-60390";"2022-06-20";"1";"Vente";"133000.0";"28.0";"None";"RUE CHATEAUNEUF";"1365";"06000";"06088";"Nice";"06";"None";"None";"06088000KX0010";"None";"None";"24";"39.72";"None";"nan";"None";"nan";"None";"None";"None";"None";"1";"2";"Appartement";"40.0";"2.0";"None";"None";"None";"None";"nan";"7.253116";"43.700748";"000KX"
"2022-61119";"2022-06-20";"1";"Vente";"150000.0";"5.0";"None";"RUE SAUSSURE";"6115";"06000";"06088";"Nice";"06";"None";"None";"06088000KX0062";"None";"None";"11";"42.95";"6";"nan";"None";"nan";"None";"None";"None";"None";"2";"2";"Appartement";"50.0";"2.0";"None";"None";"None";"None";"nan";"7.253911";"43.700231";"000KX"
"2022-61119";"2022-06-20";"1";"Vente";"150000.0";"5.0";"None";"RUE SAUSSURE";"6115";"06000";"06088";"Nice";"06";"None";"None";"06088000KX0062";"None";"None";"11";"42.95";"6";"nan";"None";"nan";"None";"None";"None";"None";"2";"3";"Dépendance";"nan";"0.0";"None";"None";"None";"None";"nan";"7.253911";"43.700231";"000KX"
"2022-60397";"2022-06-17";"1";"Vente en l'état futur d'achèvement";"249000.0";"nan";"None";"RUE COLONEL MUSSO";"1585";"06000";"06088";"Nice";"06";"None";"None";"06088000KX0292";"None";"None";"12";"nan";"None";"nan";"None";"nan";"None";"None";"None";"None";"1";"None";"None";"nan";"nan";"None";"None";"None";"None";"nan";"7.251596";"43.698733";"000KX"
"2022-61088";"2022-06-16";"1";"Vente";"712000.0";"3.0";"None";"AV DEPOILLY";"1910";"06000";"06088";"Nice";"06";"None";"None";"06088000KX0043";"None";"None";"13";"nan";"26";"144.25";"None";"nan";"None";"None";"None";"None";"2";"2";"Appartement";"150.0";"5.0";"None";"None";"None";"None";"nan";"7.255428";"43.699875";"000KX"
"2022-61088";"2022-06-16";"1";"Vente";"712000.0";"3.0";"None";"AV DEPOILLY";"1910";"06000";"06088";"Nice";"06";"None";"None";"06088000KX0043";"None";"None";"13";"nan";"26";"144.25";"None";"nan";"None";"None";"None";"None";"2";"3";"Dépendance";"nan";"0.0";"None";"None";"None";"None";"nan";"7.255428";"43.699875";"000KX"
"2022-60416";"2022-06-15";"1";"Vente";"30000.0";"14.0";"None";"RUE FREDERIC PASSY";"2665";"06000";"06088";"Nice";"06";"None";"None";"06088000KX0066";"None";"None";"45";"71.02";"5";"nan";"None";"nan";"None";"None";"None";"None";"2";"2";"Appartement";"72.0";"3.0";"None";"None";"None";"None";"nan";"7.254213";"43.699719";"000KX"
"2022-60608";"2022-06-15";"1";"Vente";"307000.0";"65.0";"None";"BD FRANCOIS GROSSO";"2630";"06000";"06088";"Nice";"06";"None";"None";"06088000KX0214";"None";"None";"105";"nan";"146";"nan";"None";"nan";"None";"None";"None";"None";"2";"2";"Appartement";"42.0";"2.0";"None";"None";"None";"None";"nan";"7.250981";"43.698658";"000KX"
"2022-60608";"2022-06-15";"1";"Vente";"307000.0";"65.0";"None";"BD FRANCOIS GROSSO";"2630";"06000";"06088";"Nice";"06";"None";"None";"06088000KX0214";"None";"None";"91";"nan";"None";"nan";"None";"nan";"None";"None";"None";"None";"1";"3";"Dépendance";"nan";"0.0";"None";"None";"None";"None";"nan";"7.250981";"43.698658";"000KX"
"2022-60608";"2022-06-15";"1";"Vente";"307000.0";"65.0";"None";"BD FRANCOIS GROSSO";"2630";"06000";"06088";"Nice";"06";"None";"None";"06088000KX0214";"None";"None";"105";"nan";"146";"nan";"None";"nan";"None";"None";"None";"None";"2";"3";"Dépendance";"nan";"0.0";"None";"None";"None";"None";"nan";"7.250981";"43.698658";"000KX"
"2022-59809";"2022-06-14";"1";"Vente";"98000.0";"32.0";"None";"AV FLEURS";"2460";"06000";"06088";"Nice";"06";"None";"None";"06088000KX0238";"None";"None";"43";"19.01";"None";"nan";"None";"nan";"None";"None";"None";"None";"1";"3";"Dépendance";"nan";"0.0";"None";"None";"None";"None";"nan";"7.251725";"43.698175";"000KX"
"2022-60041";"2022-06-14";"1";"Vente en l'état futur d'achèvement";"238000.0";"nan";"None";"RUE COLONEL MUSSO";"1585";"06000";"06088";"Nice";"06";"None";"None";"06088000KX0292";"None";"None";"8";"nan";"None";"nan";"None";"nan";"None";"None";"None";"None";"1";"None";"None";"nan";"nan";"None";"None";"None";"None";"nan";"7.251596";"43.698733";"000KX"
"2022-59731";"2022-06-13";"1";"Vente";"342700.0";"21.0";"None";"RUE CAFFARELLI";"1005";"06000";"06088";"Nice";"06";"None";"None";"06088000KX0155";"None";"None";"58";"66.7";"None";"nan";"None";"nan";"None";"None";"None";"None";"1";"2";"Appartement";"70.0";"2.0";"None";"None";"None";"None";"nan";"7.253342";"43.698476";"000KX"
"2022-60622";"2022-06-13";"1";"Vente";"185000.0";"65.0";"None";"BD GAMBETTA";"2755";"06000";"06088";"Nice";"06";"None";"None";"06088000KX0027";"None";"None";"223";"40.48";"None";"nan";"None";"nan";"None";"None";"None";"None";"1";"2";"Appartement";"40.0";"2.0";"None";"None";"None";"None";"nan";"7.255784";"43.701276";"000KX"
"2022-61104";"2022-06-13";"1";"Vente";"330000.0";"8.0";"None";"AV FLEURS";"2460";"06000";"06088";"Nice";"06";"None";"None";"06088000KX0141";"None";"None";"57";"64.4";"None";"nan";"None";"nan";"None";"None";"None";"None";"1";"2";"Appartement";"69.0";"2.0";"None";"None";"None";"None";"nan";"7.25459";"43.697935";"000KX"
"2022-59731";"2022-06-13";"1";"Vente";"342700.0";"21.0";"None";"RUE CAFFARELLI";"1005";"06000";"06088";"Nice";"06";"None";"None";"06088000KX0155";"None";"None";"37";"nan";"None";"nan";"None";"nan";"None";"None";"None";"None";"1";"3";"Dépendance";"nan";"0.0";"None";"None";"None";"None";"nan";"7.253342";"43.698476";"000KX"
"2022-59731";"2022-06-13";"1";"Vente";"342700.0";"21.0";"None";"RUE CAFFARELLI";"1005";"06000";"06088";"Nice";"06";"None";"None";"06088000KX0155";"None";"None";"58";"66.7";"None";"nan";"None";"nan";"None";"None";"None";"None";"1";"3";"Dépendance";"nan";"0.0";"None";"None";"None";"None";"nan";"7.253342";"43.698476";"000KX"
"2022-61104";"2022-06-13";"1";"Vente";"330000.0";"8.0";"None";"AV FLEURS";"2460";"06000";"06088";"Nice";"06";"None";"None";"06088000KX0141";"None";"None";"10";"nan";"None";"nan";"None";"nan";"None";"None";"None";"None";"1";"3";"Dépendance";"nan";"0.0";"None";"None";"None";"None";"nan";"7.25459";"43.697935";"000KX"
"2022-60250";"2022-06-10";"1";"Vente";"75000.0";"13.0";"None";"AV SHAKESPEARE";"6220";"06000";"06088";"Nice";"06";"None";"None";"06088000KX0068";"None";"None";"47";"nan";"None";"nan";"None";"nan";"None";"None";"None";"None";"1";"2";"Appartement";"11.0";"1.0";"None";"None";"None";"None";"nan";"7.253239";"43.699852";"000KX"
"2022-60429";"2022-06-10";"1";"Vente";"90000.0";"13.0";"None";"RUE CHATEAUNEUF";"1365";"06000";"06088";"Nice";"06";"None";"None";"06088000KX0053";"None";"None";"27";"nan";"None";"nan";"None";"nan";"None";"None";"None";"None";"1";"2";"Appartement";"28.0";"1.0";"None";"None";"None";"None";"nan";"7.254632";"43.700883";"000KX"
"2022-59539";"2022-06-09";"1";"Vente";"405000.0";"1.0";"None";"RUE FREDERIC PASSY";"2665";"06000";"06088";"Nice";"06";"None";"None";"06088000KX0123";"None";"None";"131";"nan";"225";"nan";"None";"nan";"None";"None";"None";"None";"2";"2";"Appartement";"68.0";"2.0";"None";"None";"None";"None";"nan";"7.255638";"43.699216";"000KX"
"2022-59914";"2022-06-09";"1";"Vente";"163000.0";"13.0";"None";"AV SHAKESPEARE";"6220";"06000";"06088";"Nice";"06";"None";"None";"06088000KX0068";"None";"None";"103";"29.04";"None";"nan";"None";"nan";"None";"None";"None";"None";"1";"2";"Appartement";"28.0";"1.0";"None";"None";"None";"None";"nan";"7.253239";"43.699852";"000KX"
"2022-59539";"2022-06-09";"1";"Vente";"405000.0";"1.0";"None";"RUE FREDERIC PASSY";"2665";"06000";"06088";"Nice";"06";"None";"None";"06088000KX0123";"None";"None";"131";"nan";"225";"nan";"None";"nan";"None";"None";"None";"None";"2";"3";"Dépendance";"nan";"0.0";"None";"None";"None";"None";"nan";"7.255638";"43.699216";"000KX"
"2022-59539";"2022-06-09";"1";"Vente";"405000.0";"1.0";"None";"RUE FREDERIC PASSY";"2665";"06000";"06088";"Nice";"06";"None";"None";"06088000KX0123";"None";"None";"131";"nan";"225";"nan";"None";"nan";"None";"None";"None";"None";"2";"3";"Dépendance";"nan";"0.0";"None";"None";"None";"None";"nan";"7.255638";"43.699216";"000KX"
"2022-60050";"2022-06-09";"1";"Vente en l'état futur d'achèvement";"172000.0";"nan";"None";"RUE COLONEL MUSSO";"1585";"06000";"06088";"Nice";"06";"None";"None";"06088000KX0292";"None";"None";"23";"nan";"None";"nan";"None";"nan";"None";"None";"None";"None";"1";"None";"None";"nan";"nan";"None";"None";"None";"None";"nan";"7.251596";"43.698733";"000KX"
"2022-60893";"2022-06-08";"1";"Vente";"223000.0";"32.0";"None";"AV FLEURS";"2460";"06000";"06088";"Nice";"06";"None";"None";"06088000KX0238";"None";"None";"29";"nan";"7";"39.69";"None";"nan";"None";"None";"None";"None";"2";"2";"Appartement";"40.0";"2.0";"None";"None";"None";"None";"nan";"7.251725";"43.698175";"000KX"
"2022-60893";"2022-06-08";"1";"Vente";"223000.0";"32.0";"None";"AV FLEURS";"2460";"06000";"06088";"Nice";"06";"None";"None";"06088000KX0238";"None";"None";"29";"nan";"7";"39.69";"None";"nan";"None";"None";"None";"None";"2";"3";"Dépendance";"nan";"0.0";"None";"None";"None";"None";"nan";"7.251725";"43.698175";"000KX"
"2022-59978";"2022-06-08";"1";"Vente en l'état futur d'achèvement";"265000.0";"nan";"None";"RUE COLONEL MUSSO";"1585";"06000";"06088";"Nice";"06";"None";"None";"06088000KX0292";"None";"None";"18";"nan";"None";"nan";"None";"nan";"None";"None";"None";"None";"1";"None";"None";"nan";"nan";"None";"None";"None";"None";"nan";"7.251596";"43.698733";"000KX"
"2022-60090";"2022-06-02";"1";"Vente";"380000.0";"20.0";"B";"AV FLEURS";"2460";"06000";"06088";"Nice";"06";"None";"None";"06088000KX0164";"None";"None";"38";"82.21";"None";"nan";"None";"nan";"None";"None";"None";"None";"1";"2";"Appartement";"80.0";"3.0";"None";"None";"None";"None";"nan";"7.253183";"43.698116";"000KX"
"2022-60090";"2022-06-02";"1";"Vente";"380000.0";"20.0";"B";"AV FLEURS";"2460";"06000";"06088";"Nice";"06";"None";"None";"06088000KX0164";"None";"None";"38";"82.21";"None";"nan";"None";"nan";"None";"None";"None";"None";"1";"3";"Dépendance";"nan";"0.0";"None";"None";"None";"None";"nan";"7.253183";"43.698116";"000KX"
"2022-59379";"2022-06-01";"1";"Vente";"51000.0";"65.0";"None";"BD GAMBETTA";"2755";"06000";"06088";"Nice";"06";"None";"None";"06088000KX0027";"None";"None";"127";"nan";"86";"nan";"None";"nan";"None";"None";"None";"None";"2";"4";"Local industriel. commercial ou assimilé";"13.0";"0.0";"None";"None";"None";"None";"nan";"7.255784";"43.701276";"000KX"
"2022-58914";"2022-05-31";"1";"Vente";"300000.0";"24.0";"None";"RUE FREDERIC PASSY";"2665";"06000";"06088";"Nice";"06";"None";"None";"06088000KX0266";"None";"None";"47";"73.66";"None";"nan";"None";"nan";"None";"None";"None";"None";"1";"2";"Appartement";"75.0";"2.0";"None";"None";"None";"None";"nan";"7.252477";"43.699776";"000KX"
"2022-58955";"2022-05-31";"1";"Vente";"193000.0";"17.0";"None";"RUE FREDERIC PASSY";"2665";"06000";"06088";"Nice";"06";"None";"None";"06088000KX0095";"None";"None";"19";"nan";"78";"64.15";"None";"nan";"None";"None";"None";"None";"2";"2";"Appartement";"68.0";"3.0";"None";"None";"None";"None";"nan";"7.253214";"43.699354";"000KX"
"2022-58955";"2022-05-31";"1";"Vente";"193000.0";"17.0";"None";"RUE FREDERIC PASSY";"2665";"06000";"06088";"Nice";"06";"None";"None";"06088000KX0095";"None";"None";"19";"nan";"78";"64.15";"None";"nan";"None";"None";"None";"None";"2";"3";"Dépendance";"nan";"0.0";"None";"None";"None";"None";"nan";"7.253214";"43.699354";"000KX"
"2022-59504";"2022-05-30";"1";"Vente";"290000.0";"18.0";"None";"RUE FRANCOIS AUNE";"2615";"06000";"06088";"Nice";"06";"None";"None";"06088000KX0037";"None";"None";"10";"nan";"7";"nan";"None";"nan";"None";"None";"None";"None";"2";"2";"Appartement";"83.0";"3.0";"None";"None";"None";"None";"nan";"7.255225";"43.700691";"000KX"
"2022-59504";"2022-05-30";"1";"Vente";"290000.0";"18.0";"None";"RUE FRANCOIS AUNE";"2615";"06000";"06088";"Nice";"06";"None";"None";"06088000KX0037";"None";"None";"10";"nan";"7";"nan";"None";"nan";"None";"None";"None";"None";"2";"3";"Dépendance";"nan";"0.0";"None";"None";"None";"None";"nan";"7.255225";"43.700691";"000KX"
"2022-59504";"2022-05-30";"1";"Vente";"290000.0";"18.0";"None";"RUE FRANCOIS AUNE";"2615";"06000";"06088";"Nice";"06";"None";"None";"06088000KX0037";"None";"None";"1";"nan";"None";"nan";"None";"nan";"None";"None";"None";"None";"1";"3";"Dépendance";"nan";"0.0";"None";"None";"None";"None";"nan";"7.255225";"43.700691";"000KX"
"2022-61811";"2022-05-25";"1";"Vente";"190000.0";"73.0";"T";"BD GAMBETTA";"2755";"06000";"06088";"Nice";"06";"None";"None";"06088000KX0228";"None";"None";"4";"55.03";"None";"nan";"None";"nan";"None";"None";"None";"None";"1";"2";"Appartement";"60.0";"3.0";"None";"None";"None";"None";"nan";"7.255935";"43.702036";"000KX"
"2022-61811";"2022-05-25";"1";"Vente";"190000.0";"73.0";"T";"BD GAMBETTA";"2755";"06000";"06088";"Nice";"06";"None";"None";"06088000KX0228";"None";"None";"4";"55.03";"None";"nan";"None";"nan";"None";"None";"None";"None";"1";"3";"Dépendance";"nan";"0.0";"None";"None";"None";"None";"nan";"7.255935";"43.702036";"000KX"
"2022-58557";"2022-05-24";"1";"Vente";"110280.0";"13.0";"None";"AV SHAKESPEARE";"6220";"06000";"06088";"Nice";"06";"None";"None";"06088000KX0068";"None";"None";"168";"nan";"None";"nan";"None";"nan";"None";"None";"None";"None";"1";"2";"Appartement";"20.0";"1.0";"None";"None";"None";"None";"nan";"7.253239";"43.699852";"000KX"
"2022-59061";"2022-05-24";"1";"Vente en l'état futur d'achèvement";"133000.0";"nan";"None";"RUE COLONEL MUSSO";"1585";"06000";"06088";"Nice";"06";"None";"None";"06088000KX0292";"None";"None";"10";"nan";"None";"nan";"None";"nan";"None";"None";"None";"None";"1";"None";"None";"nan";"nan";"None";"None";"None";"None";"nan";"7.251596";"43.698733";"000KX"
"2022-58848";"2022-05-23";"1";"Vente";"455000.0";"1.0";"None";"AV COMBA";"1595";"06000";"06088";"Nice";"06";"None";"None";"06088000KX0035";"None";"None";"17";"104.44";"7";"nan";"None";"nan";"None";"None";"None";"None";"2";"2";"Appartement";"94.0";"4.0";"None";"None";"None";"None";"nan";"7.25567";"43.700561";"000KX"
"2022-58427";"2022-05-23";"1";"Vente";"30000.0";"17.0";"None";"RUE FREDERIC PASSY";"2665";"06000";"06088";"Nice";"06";"None";"None";"06088000KX0095";"None";"None";"66";"nan";"None";"nan";"None";"nan";"None";"None";"None";"None";"1";"3";"Dépendance";"nan";"0.0";"None";"None";"None";"None";"nan";"7.253214";"43.699354";"000KX"
"2022-58848";"2022-05-23";"1";"Vente";"455000.0";"1.0";"None";"AV COMBA";"1595";"06000";"06088";"Nice";"06";"None";"None";"06088000KX0035";"None";"None";"17";"104.44";"7";"nan";"None";"nan";"None";"None";"None";"None";"2";"3";"Dépendance";"nan";"0.0";"None";"None";"None";"None";"nan";"7.25567";"43.700561";"000KX"
"2022-58234";"2022-05-20";"1";"Vente";"347750.0";"45.0";"None";"BD GAMBETTA";"2755";"06000";"06088";"Nice";"06";"None";"None";"06088000KX0127";"None";"None";"21";"nan";"60";"nan";"None";"nan";"None";"None";"None";"None";"2";"2";"Appartement";"50.0";"1.0";"None";"None";"None";"None";"nan";"7.255851";"43.699054";"000KX"
"2022-58952";"2022-05-20";"1";"Vente";"234000.0";"26.0";"None";"RUE CAFFARELLI";"1005";"06000";"06088";"Nice";"06";"None";"None";"06088000KX0098";"None";"None";"15";"nan";"61";"nan";"None";"nan";"None";"None";"None";"None";"2";"2";"Appartement";"78.0";"3.0";"None";"None";"None";"None";"nan";"7.253206";"43.699147";"000KX"
"2022-58234";"2022-05-20";"1";"Vente";"347750.0";"45.0";"None";"BD GAMBETTA";"2755";"06000";"06088";"Nice";"06";"None";"None";"06088000KX0127";"None";"None";"21";"nan";"60";"nan";"None";"nan";"None";"None";"None";"None";"2";"3";"Dépendance";"nan";"0.0";"None";"None";"None";"None";"nan";"7.255851";"43.699054";"000KX"
"2022-58234";"2022-05-20";"1";"Vente";"347750.0";"45.0";"None";"BD GAMBETTA";"2755";"06000";"06088";"Nice";"06";"None";"None";"06088000KX0127";"None";"None";"21";"nan";"60";"nan";"None";"nan";"None";"None";"None";"None";"2";"3";"Dépendance";"nan";"0.0";"None";"None";"None";"None";"nan";"7.255851";"43.699054";"000KX"
"2022-58952";"2022-05-20";"1";"Vente";"234000.0";"26.0";"None";"RUE CAFFARELLI";"1005";"06000";"06088";"Nice";"06";"None";"None";"06088000KX0098";"None";"None";"15";"nan";"61";"nan";"None";"nan";"None";"None";"None";"None";"2";"3";"Dépendance";"nan";"0.0";"None";"None";"None";"None";"nan";"7.253206";"43.699147";"000KX"
"2022-58071";"2022-05-19";"1";"Vente";"375000.0";"41.0";"None";"RUE CHATEAUNEUF";"1365";"06000";"06088";"Nice";"06";"None";"None";"06088000KX0087";"None";"None";"2";"nan";"3";"nan";"4";"96.0";"None";"None";"None";"None";"3";"4";"Local industriel. commercial ou assimilé";"95.0";"0.0";"None";"None";"None";"None";"nan";"7.251692";"43.699792";"000KX"
"2022-59063";"2022-05-18";"1";"Vente en l'état futur d'achèvement";"616000.0";"nan";"None";"RUE COLONEL MUSSO";"1585";"06000";"06088";"Nice";"06";"None";"None";"06088000KX0292";"None";"None";"21";"nan";"None";"nan";"None";"nan";"None";"None";"None";"None";"1";"None";"None";"nan";"nan";"None";"None";"None";"None";"nan";"7.251596";"43.698733";"000KX"
"2022-57920";"2022-05-16";"1";"Vente";"322000.0";"5.0";"None";"AV DEPOILLY";"1910";"06000";"06088";"Nice";"06";"None";"None";"06088000KX0044";"None";"None";"61";"60.8";"None";"nan";"None";"nan";"None";"None";"None";"None";"1";"2";"Appartement";"57.0";"2.0";"None";"None";"None";"None";"nan";"7.254976";"43.699999";"000KX"
"2022-58151";"2022-05-16";"1";"Vente";"525000.0";"23.0";"None";"RUE CAFFARELLI";"1005";"06000";"06088";"Nice";"06";"None";"None";"06088000KX0156";"None";"None";"18";"69.17";"None";"nan";"None";"nan";"None";"None";"None";"None";"1";"2";"Appartement";"66.0";"3.0";"None";"None";"None";"None";"nan";"7.25316";"43.698791";"000KX"
"2022-57920";"2022-05-16";"1";"Vente";"322000.0";"5.0";"None";"AV DEPOILLY";"1910";"06000";"06088";"Nice";"06";"None";"None";"06088000KX0044";"None";"None";"64";"nan";"None";"nan";"None";"nan";"None";"None";"None";"None";"1";"3";"Dépendance";"nan";"0.0";"None";"None";"None";"None";"nan";"7.254976";"43.699999";"000KX"
"2022-59065";"2022-05-16";"1";"Vente en l'état futur d'achèvement";"157000.0";"nan";"None";"RUE COLONEL MUSSO";"1585";"06000";"06088";"Nice";"06";"None";"None";"06088000KX0292";"None";"None";"16";"nan";"None";"nan";"None";"nan";"None";"None";"None";"None";"1";"None";"None";"nan";"nan";"None";"None";"None";"None";"nan";"7.251596";"43.698733";"000KX"
"2022-58180";"2022-05-13";"1";"Vente";"290000.0";"1.0";"None";"RUE FREDERIC PASSY";"2665";"06000";"06088";"Nice";"06";"None";"None";"06088000KX0123";"None";"None";"184";"nan";"209";"65.11";"None";"nan";"None";"None";"None";"None";"2";"2";"Appartement";"65.0";"2.0";"None";"None";"None";"None";"nan";"7.255638";"43.699216";"000KX"
"2022-58180";"2022-05-13";"1";"Vente";"290000.0";"1.0";"None";"RUE FREDERIC PASSY";"2665";"06000";"06088";"Nice";"06";"None";"None";"06088000KX0123";"None";"None";"184";"nan";"209";"65.11";"None";"nan";"None";"None";"None";"None";"2";"3";"Dépendance";"nan";"0.0";"None";"None";"None";"None";"nan";"7.255638";"43.699216";"000KX"
"2022-58762";"2022-05-12";"1";"Vente";"270000.0";"9.0";"None";"RUE PERE A VALENSIN";"4945";"06000";"06088";"Nice";"06";"None";"None";"06088000KX0098";"None";"None";"30";"nan";"58";"48.0";"None";"nan";"None";"None";"None";"None";"2";"2";"Appartement";"44.0";"2.0";"None";"None";"None";"None";"nan";"7.253206";"43.699147";"000KX"
"2022-67347";"2022-05-12";"1";"Adjudication";"86000.0";"39.0";"None";"RUE CHATEAUNEUF";"1365";"06000";"06088";"Nice";"06";"None";"None";"06088000KX0085";"None";"None";"29";"nan";"None";"nan";"None";"nan";"None";"None";"None";"None";"1";"2";"Appartement";"38.0";"2.0";"None";"None";"None";"None";"nan";"7.25178";"43.699834";"000KX"
"2022-58762";"2022-05-12";"1";"Vente";"270000.0";"9.0";"None";"RUE PERE A VALENSIN";"4945";"06000";"06088";"Nice";"06";"None";"None";"06088000KX0098";"None";"None";"30";"nan";"58";"48.0";"None";"nan";"None";"None";"None";"None";"2";"3";"Dépendance";"nan";"0.0";"None";"None";"None";"None";"nan";"7.253206";"43.699147";"000KX"
"2022-58604";"2022-05-11";"1";"Vente";"109000.0";"30.0";"None";"RUE CHATEAUNEUF";"1365";"06000";"06088";"Nice";"06";"None";"None";"06088000KX0009";"None";"None";"40";"46.81";"None";"nan";"None";"nan";"None";"None";"None";"None";"1";"2";"Appartement";"46.0";"2.0";"None";"None";"None";"None";"nan";"7.252935";"43.700701";"000KX"
"2022-58600";"2022-05-06";"1";"Vente";"206460.0";"5.0";"None";"RUE FRANCOIS AUNE";"2615";"06000";"06088";"Nice";"06";"None";"None";"06088000KX0117";"None";"None";"129";"87.53";"44";"nan";"None";"nan";"None";"None";"None";"None";"2";"2";"Appartement";"89.0";"3.0";"None";"None";"None";"None";"nan";"7.254992";"43.699127";"000KX"
"2022-58600";"2022-05-06";"1";"Vente";"206460.0";"5.0";"None";"RUE FRANCOIS AUNE";"2615";"06000";"06088";"Nice";"06";"None";"None";"06088000KX0117";"None";"None";"129";"87.53";"44";"nan";"None";"nan";"None";"None";"None";"None";"2";"3";"Dépendance";"nan";"0.0";"None";"None";"None";"None";"nan";"7.254992";"43.699127";"000KX"
"2022-57361";"2022-05-04";"1";"Vente";"400000.0";"55.0";"None";"BD GAMBETTA";"2755";"06000";"06088";"Nice";"06";"None";"None";"06088000KX0041";"None";"None";"17";"nan";"8";"nan";"None";"nan";"None";"None";"None";"None";"2";"2";"Appartement";"122.0";"6.0";"None";"None";"None";"None";"nan";"7.2559";"43.700345";"000KX"
"2022-58258";"2022-05-04";"1";"Vente";"145000.0";"13.0";"None";"AV SHAKESPEARE";"6220";"06000";"06088";"Nice";"06";"None";"None";"06088000KX0068";"None";"None";"95";"nan";"None";"nan";"None";"nan";"None";"None";"None";"None";"1";"2";"Appartement";"24.0";"1.0";"None";"None";"None";"None";"nan";"7.253239";"43.699852";"000KX"
"2022-58888";"2022-05-04";"1";"Vente";"133475.0";"22.0";"None";"RUE COLONEL MUSSO";"1585";"06000";"06088";"Nice";"06";"None";"None";"06088000KX0310";"None";"None";"110";"nan";"148";"24.43";"None";"nan";"None";"None";"None";"None";"2";"2";"Appartement";"24.0";"1.0";"None";"None";"None";"None";"nan";"7.25206";"43.698905";"000KX"
"2022-57361";"2022-05-04";"1";"Vente";"400000.0";"4.0";"None";"RUE CHATEAUNEUF";"1365";"06000";"06088";"Nice";"06";"None";"None";"06088000KX0023";"None";"None";"51";"nan";"None";"nan";"None";"nan";"None";"None";"None";"None";"1";"3";"Dépendance";"nan";"0.0";"None";"None";"None";"None";"nan";"7.255705";"43.701793";"000KX"
"2022-57361";"2022-05-04";"1";"Vente";"400000.0";"55.0";"None";"BD GAMBETTA";"2755";"06000";"06088";"Nice";"06";"None";"None";"06088000KX0041";"None";"None";"17";"nan";"8";"nan";"None";"nan";"None";"None";"None";"None";"2";"3";"Dépendance";"nan";"0.0";"None";"None";"None";"None";"nan";"7.2559";"43.700345";"000KX"
"2022-57361";"2022-05-04";"1";"Vente";"400000.0";"55.0";"None";"BD GAMBETTA";"2755";"06000";"06088";"Nice";"06";"None";"None";"06088000KX0041";"None";"None";"26";"nan";"None";"nan";"None";"nan";"None";"None";"None";"None";"1";"3";"Dépendance";"nan";"0.0";"None";"None";"None";"None";"nan";"7.2559";"43.700345";"000KX"
"2022-58888";"2022-05-04";"1";"Vente";"133475.0";"22.0";"None";"RUE COLONEL MUSSO";"1585";"06000";"06088";"Nice";"06";"None";"None";"06088000KX0310";"None";"None";"110";"nan";"148";"24.43";"None";"nan";"None";"None";"None";"None";"2";"3";"Dépendance";"nan";"0.0";"None";"None";"None";"None";"nan";"7.25206";"43.698905";"000KX"
"2022-58888";"2022-05-04";"1";"Vente";"133475.0";"22.0";"None";"RUE COLONEL MUSSO";"1585";"06000";"06088";"Nice";"06";"None";"None";"06088000KX0310";"None";"None";"110";"nan";"148";"24.43";"None";"nan";"None";"None";"None";"None";"2";"3";"Dépendance";"nan";"0.0";"None";"None";"None";"None";"nan";"7.25206";"43.698905";"000KX"
"2022-57624";"2022-05-02";"1";"Vente";"441750.0";"1.0";"None";"RUE FREDERIC PASSY";"2665";"06000";"06088";"Nice";"06";"None";"None";"06088000KX0123";"None";"None";"186";"nan";"263";"74.71";"None";"nan";"None";"None";"None";"None";"2";"2";"Appartement";"77.0";"3.0";"None";"None";"None";"None";"nan";"7.255638";"43.699216";"000KX"
"2022-58275";"2022-05-02";"1";"Vente";"117320.0";"47.0";"None";"RUE CAFFARELLI";"1005";"06000";"06088";"Nice";"06";"None";"None";"06088000KX0191";"None";"None";"78";"20.49";"None";"nan";"None";"nan";"None";"None";"None";"None";"1";"2";"Appartement";"21.0";"1.0";"None";"None";"None";"None";"nan";"7.252017";"43.69921";"000KX"
"2022-57624";"2022-05-02";"1";"Vente";"441750.0";"1.0";"None";"RUE FREDERIC PASSY";"2665";"06000";"06088";"Nice";"06";"None";"None";"06088000KX0123";"None";"None";"114";"nan";"None";"nan";"None";"nan";"None";"None";"None";"None";"1";"3";"Dépendance";"nan";"0.0";"None";"None";"None";"None";"nan";"7.255638";"43.699216";"000KX"
"2022-57624";"2022-05-02";"1";"Vente";"441750.0";"1.0";"None";"RUE FREDERIC PASSY";"2665";"06000";"06088";"Nice";"06";"None";"None";"06088000KX0123";"None";"None";"186";"nan";"263";"74.71";"None";"nan";"None";"None";"None";"None";"2";"3";"Dépendance";"nan";"0.0";"None";"None";"None";"None";"nan";"7.255638";"43.699216";"000KX"
"2022-57156";"2022-04-28";"1";"Vente";"360020.0";"4.0";"B";"AV FLEURS";"2460";"06000";"06088";"Nice";"06";"None";"None";"06088000KX0138";"None";"None";"35";"nan";"54";"nan";"None";"nan";"None";"None";"None";"None";"2";"2";"Appartement";"82.0";"2.0";"None";"None";"None";"None";"nan";"7.255201";"43.697883";"000KX"
"2022-57860";"2022-04-28";"1";"Vente";"108000.0";"28.0";"None";"RUE CHATEAUNEUF";"1365";"06000";"06088";"Nice";"06";"None";"None";"06088000KX0010";"None";"None";"12";"nan";"None";"nan";"None";"nan";"None";"None";"None";"None";"1";"2";"Appartement";"33.0";"2.0";"None";"None";"None";"None";"nan";"7.253116";"43.700748";"000KX"
"2022-57156";"2022-04-28";"1";"Vente";"360020.0";"4.0";"B";"AV FLEURS";"2460";"06000";"06088";"Nice";"06";"None";"None";"06088000KX0138";"None";"None";"35";"nan";"54";"nan";"None";"nan";"None";"None";"None";"None";"2";"3";"Dépendance";"nan";"0.0";"None";"None";"None";"None";"nan";"7.255201";"43.697883";"000KX"
"2022-57156";"2022-04-28";"1";"Vente";"360020.0";"4.0";"B";"AV FLEURS";"2460";"06000";"06088";"Nice";"06";"None";"None";"06088000KX0138";"None";"None";"35";"nan";"54";"nan";"None";"nan";"None";"None";"None";"None";"2";"3";"Dépendance";"nan";"0.0";"None";"None";"None";"None";"nan";"7.255201";"43.697883";"000KX"
"2022-57589";"2022-04-28";"1";"Vente";"42000.0";"4.0";"B";"AV FLEURS";"2460";"06000";"06088";"Nice";"06";"None";"None";"06088000KX0138";"None";"None";"49";"nan";"None";"nan";"None";"nan";"None";"None";"None";"None";"1";"3";"Dépendance";"nan";"0.0";"None";"None";"None";"None";"nan";"7.255201";"43.697883";"000KX"
"2022-57858";"2022-04-28";"1";"Vente en l'état futur d'achèvement";"201000.0";"nan";"None";"RUE COLONEL MUSSO";"1585";"06000";"06088";"Nice";"06";"None";"None";"06088000KX0292";"None";"None";"9";"nan";"None";"nan";"None";"nan";"None";"None";"None";"None";"1";"None";"None";"nan";"nan";"None";"None";"None";"None";"nan";"7.251596";"43.698733";"000KX"
"2022-57368";"2022-04-25";"1";"Vente";"310000.0";"28.0";"None";"AV FLEURS";"2460";"06000";"06088";"Nice";"06";"None";"None";"06088000KX0170";"None";"None";"31";"nan";"62";"61.59";"None";"nan";"None";"None";"None";"None";"2";"2";"Appartement";"68.0";"2.0";"None";"None";"None";"None";"nan";"7.252282";"43.698176";"000KX"
"2022-57368";"2022-04-25";"1";"Vente";"310000.0";"28.0";"None";"AV FLEURS";"2460";"06000";"06088";"Nice";"06";"None";"None";"06088000KX0170";"None";"None";"31";"nan";"62";"61.59";"None";"nan";"None";"None";"None";"None";"2";"3";"Dépendance";"nan";"0.0";"None";"None";"None";"None";"nan";"7.252282";"43.698176";"000KX"
"2022-57368";"2022-04-25";"1";"Vente";"310000.0";"28.0";"None";"AV FLEURS";"2460";"06000";"06088";"Nice";"06";"None";"None";"06088000KX0170";"None";"None";"31";"nan";"62";"61.59";"None";"nan";"None";"None";"None";"None";"2";"3";"Dépendance";"nan";"0.0";"None";"None";"None";"None";"nan";"7.252282";"43.698176";"000KX"
"2022-57371";"2022-04-22";"1";"Vente";"303200.0";"45.0";"None";"BD GAMBETTA";"2755";"06000";"06088";"Nice";"06";"None";"None";"06088000KX0127";"None";"None";"15";"47.03";"54";"nan";"None";"nan";"None";"None";"None";"None";"2";"2";"Appartement";"45.0";"1.0";"None";"None";"None";"None";"nan";"7.255851";"43.699054";"000KX"
"2022-57371";"2022-04-22";"1";"Vente";"303200.0";"45.0";"None";"BD GAMBETTA";"2755";"06000";"06088";"Nice";"06";"None";"None";"06088000KX0127";"None";"None";"15";"47.03";"54";"nan";"None";"nan";"None";"None";"None";"None";"2";"3";"Dépendance";"nan";"0.0";"None";"None";"None";"None";"nan";"7.255851";"43.699054";"000KX"
"2022-56947";"2022-04-21";"1";"Vente";"184000.0";"25.0";"None";"RUE CHATEAUNEUF";"1365";"06000";"06088";"Nice";"06";"None";"None";"06088000KX0076";"None";"None";"41";"44.65";"None";"nan";"None";"nan";"None";"None";"None";"None";"1";"2";"Appartement";"41.0";"2.0";"None";"None";"None";"None";"nan";"7.253243";"43.700271";"000KX"
"2022-56947";"2022-04-21";"1";"Vente";"184000.0";"25.0";"None";"RUE CHATEAUNEUF";"1365";"06000";"06088";"Nice";"06";"None";"None";"06088000KX0076";"None";"None";"41";"44.65";"None";"nan";"None";"nan";"None";"None";"None";"None";"1";"3";"Dépendance";"nan";"0.0";"None";"None";"None";"None";"nan";"7.253243";"43.700271";"000KX"
"2022-57192";"2022-04-21";"1";"Vente";"36000.0";"73.0";"T";"BD GAMBETTA";"2755";"06000";"06088";"Nice";"06";"None";"None";"06088000KX0228";"None";"None";"16";"nan";"17";"nan";"None";"nan";"None";"None";"None";"None";"2";"4";"Local industriel. commercial ou assimilé";"40.0";"0.0";"None";"None";"None";"None";"nan";"7.255935";"43.702036";"000KX"
"2022-56872";"2022-04-20";"1";"Vente";"113500.0";"13.0";"None";"AV SHAKESPEARE";"6220";"06000";"06088";"Nice";"06";"None";"None";"06088000KX0068";"None";"None";"179";"22.49";"None";"nan";"None";"nan";"None";"None";"None";"None";"1";"2";"Appartement";"22.0";"1.0";"None";"None";"None";"None";"nan";"7.253239";"43.699852";"000KX"
"2022-56761";"2022-04-15";"1";"Vente";"95000.0";"47.0";"None";"RUE CAFFARELLI";"1005";"06000";"06088";"Nice";"06";"None";"None";"06088000KX0191";"None";"None";"135";"21.3";"None";"nan";"None";"nan";"None";"None";"None";"None";"1";"2";"Appartement";"24.0";"1.0";"None";"None";"None";"None";"nan";"7.252017";"43.69921";"000KX"
"2022-56621";"2022-04-14";"1";"Vente";"516700.0";"8.0";"None";"AV FLEURS";"2460";"06000";"06088";"Nice";"06";"None";"None";"06088000KX0141";"None";"None";"66";"nan";"None";"nan";"None";"nan";"None";"None";"None";"None";"1";"2";"Appartement";"63.0";"2.0";"None";"None";"None";"None";"nan";"7.25459";"43.697935";"000KX"
"2022-56621";"2022-04-14";"1";"Vente";"516700.0";"8.0";"None";"AV FLEURS";"2460";"06000";"06088";"Nice";"06";"None";"None";"06088000KX0141";"None";"None";"66";"nan";"None";"nan";"None";"nan";"None";"None";"None";"None";"1";"3";"Dépendance";"nan";"0.0";"None";"None";"None";"None";"nan";"7.25459";"43.697935";"000KX"
"2022-56635";"2022-04-11";"1";"Vente";"42000.0";"6.0";"T";"AV FLEURS";"2460";"06000";"06088";"Nice";"06";"None";"None";"06088000KX0142";"None";"None";"11";"nan";"None";"nan";"None";"nan";"None";"None";"None";"None";"1";"3";"Dépendance";"nan";"0.0";"None";"None";"None";"None";"nan";"7.254741";"43.698048";"000KX"
"2022-55765";"2022-04-08";"1";"Vente";"315000.0";"23.0";"None";"RUE CAFFARELLI";"1005";"06000";"06088";"Nice";"06";"None";"None";"06088000KX0156";"None";"None";"15";"49.41";"None";"nan";"None";"nan";"None";"None";"None";"None";"1";"2";"Appartement";"47.0";"2.0";"None";"None";"None";"None";"nan";"7.25316";"43.698791";"000KX"
"2022-56068";"2022-04-08";"1";"Vente";"223000.0";"32.0";"None";"AV FLEURS";"2460";"06000";"06088";"Nice";"06";"None";"None";"06088000KX0238";"None";"None";"19";"38.0";"40";"nan";"None";"nan";"None";"None";"None";"None";"2";"2";"Appartement";"39.0";"2.0";"None";"None";"None";"None";"nan";"7.251725";"43.698175";"000KX"
"2022-56078";"2022-04-08";"1";"Vente";"255000.0";"26.0";"None";"RUE FREDERIC PASSY";"2665";"06000";"06088";"Nice";"06";"None";"None";"06088000KX0081";"None";"None";"10";"75.11";"4";"nan";"None";"nan";"None";"None";"None";"None";"2";"2";"Appartement";"70.0";"3.0";"None";"None";"None";"None";"nan";"7.252299";"43.699722";"000KX"
"2022-56309";"2022-04-08";"1";"Vente";"205000.0";"53.0";"None";"RUE CAFFARELLI";"1005";"06000";"06088";"Nice";"06";"None";"None";"06088000KX0190";"None";"None";"11";"nan";"29";"nan";"None";"nan";"None";"None";"None";"None";"2";"2";"Appartement";"46.0";"2.0";"None";"None";"None";"None";"nan";"7.251878";"43.699307";"000KX"
"2022-56672";"2022-04-08";"1";"Vente";"620000.0";"12.0";"None";"AV DEPOILLY";"1910";"06000";"06088";"Nice";"06";"None";"None";"06088000KX0048";"None";"None";"16";"nan";"20";"nan";"None";"nan";"None";"None";"None";"None";"2";"2";"Appartement";"90.0";"4.0";"None";"None";"None";"None";"nan";"7.25456";"43.700372";"000KX"
"2022-56068";"2022-04-08";"1";"Vente";"223000.0";"32.0";"None";"AV FLEURS";"2460";"06000";"06088";"Nice";"06";"None";"None";"06088000KX0238";"None";"None";"19";"38.0";"40";"nan";"None";"nan";"None";"None";"None";"None";"2";"3";"Dépendance";"nan";"0.0";"None";"None";"None";"None";"nan";"7.251725";"43.698175";"000KX"
"2022-56068";"2022-04-08";"1";"Vente";"223000.0";"32.0";"None";"AV FLEURS";"2460";"06000";"06088";"Nice";"06";"None";"None";"06088000KX0238";"None";"None";"19";"38.0";"40";"nan";"None";"nan";"None";"None";"None";"None";"2";"3";"Dépendance";"nan";"0.0";"None";"None";"None";"None";"nan";"7.251725";"43.698175";"000KX"
"2022-56078";"2022-04-08";"1";"Vente";"255000.0";"26.0";"None";"RUE FREDERIC PASSY";"2665";"06000";"06088";"Nice";"06";"None";"None";"06088000KX0081";"None";"None";"10";"75.11";"4";"nan";"None";"nan";"None";"None";"None";"None";"2";"3";"Dépendance";"nan";"0.0";"None";"None";"None";"None";"nan";"7.252299";"43.699722";"000KX"
"2022-56309";"2022-04-08";"1";"Vente";"205000.0";"53.0";"None";"RUE CAFFARELLI";"1005";"06000";"06088";"Nice";"06";"None";"None";"06088000KX0190";"None";"None";"11";"nan";"29";"nan";"None";"nan";"None";"None";"None";"None";"2";"3";"Dépendance";"nan";"0.0";"None";"None";"None";"None";"nan";"7.251878";"43.699307";"000KX"
"2022-56672";"2022-04-08";"1";"Vente";"620000.0";"12.0";"None";"AV DEPOILLY";"1910";"06000";"06088";"Nice";"06";"None";"None";"06088000KX0048";"None";"None";"16";"nan";"20";"nan";"None";"nan";"None";"None";"None";"None";"2";"3";"Dépendance";"nan";"0.0";"None";"None";"None";"None";"nan";"7.25456";"43.700372";"000KX"
"2022-56672";"2022-04-08";"1";"Vente";"620000.0";"12.0";"None";"AV DEPOILLY";"1910";"06000";"06088";"Nice";"06";"None";"None";"06088000KX0048";"None";"None";"41";"nan";"None";"nan";"None";"nan";"None";"None";"None";"None";"1";"3";"Dépendance";"nan";"0.0";"None";"None";"None";"None";"nan";"7.25456";"43.700372";"000KX"
"2022-57420";"2022-04-05";"1";"Vente";"190000.0";"21.0";"None";"RUE CHATEAUNEUF";"1365";"06000";"06088";"Nice";"06";"None";"None";"06088000KX0058";"None";"None";"16";"nan";"None";"nan";"None";"nan";"None";"None";"None";"None";"1";"2";"Appartement";"48.0";"2.0";"None";"None";"None";"None";"nan";"7.253715";"43.700574";"000KX"
"2022-56065";"2022-03-31";"1";"Vente";"335000.0";"45.0";"B";"BD GAMBETTA";"2755";"06000";"06088";"Nice";"06";"None";"None";"06088000KX0127";"None";"None";"28";"65.56";"76";"nan";"None";"nan";"None";"None";"None";"None";"2";"2";"Appartement";"71.0";"2.0";"None";"None";"None";"None";"nan";"7.255851";"43.699054";"000KX"
"2022-56065";"2022-03-31";"1";"Vente";"335000.0";"45.0";"B";"BD GAMBETTA";"2755";"06000";"06088";"Nice";"06";"None";"None";"06088000KX0127";"None";"None";"28";"65.56";"76";"nan";"None";"nan";"None";"None";"None";"None";"2";"3";"Dépendance";"nan";"0.0";"None";"None";"None";"None";"nan";"7.255851";"43.699054";"000KX"
"2022-55839";"2022-03-30";"1";"Vente";"120000.0";"30.0";"None";"RUE CHATEAUNEUF";"1365";"06000";"06088";"Nice";"06";"None";"None";"06088000KX0009";"None";"None";"44";"nan";"None";"nan";"None";"nan";"None";"None";"None";"None";"1";"2";"Appartement";"40.0";"2.0";"None";"None";"None";"None";"nan";"7.252935";"43.700701";"000KX"
"2022-55354";"2022-03-29";"1";"Vente";"47000.0";"24.0";"None";"AV FLEURS";"2460";"06000";"06088";"Nice";"06";"None";"None";"06088000KX0166";"None";"None";"56";"nan";"None";"nan";"None";"nan";"None";"None";"None";"None";"1";"3";"Dépendance";"nan";"0.0";"None";"None";"None";"None";"nan";"7.252508";"43.69819";"000KX"
"2022-56496";"2022-03-28";"1";"Vente";"197000.0";"26.0";"None";"AV FLEURS";"2460";"06000";"06088";"Nice";"06";"None";"None";"06088000KX0315";"None";"None";"9";"nan";"None";"nan";"None";"nan";"None";"None";"None";"None";"1";"2";"Appartement";"40.0";"2.0";"None";"None";"None";"None";"nan";"7.252189";"43.6986";"000KX"
"2022-56498";"2022-03-28";"1";"Vente";"204600.0";"26.0";"None";"AV FLEURS";"2460";"06000";"06088";"Nice";"06";"None";"None";"06088000KX0315";"None";"None";"10";"nan";"5";"nan";"None";"nan";"None";"None";"None";"None";"2";"2";"Appartement";"50.0";"4.0";"None";"None";"None";"None";"nan";"7.252189";"43.6986";"000KX"
"2022-55651";"2022-03-28";"1";"Vente";"55000.0";"22.0";"None";"AV FLEURS";"2460";"06000";"06088";"Nice";"06";"None";"None";"06088000KX0165";"None";"None";"39";"nan";"None";"nan";"None";"nan";"None";"None";"None";"None";"1";"3";"Dépendance";"nan";"0.0";"None";"None";"None";"None";"nan";"7.252823";"43.698184";"000KX"
"2022-56496";"2022-03-28";"1";"Vente";"197000.0";"26.0";"None";"AV FLEURS";"2460";"06000";"06088";"Nice";"06";"None";"None";"06088000KX0315";"None";"None";"9";"nan";"None";"nan";"None";"nan";"None";"None";"None";"None";"1";"3";"Dépendance";"nan";"0.0";"None";"None";"None";"None";"nan";"7.252189";"43.6986";"000KX"
"2022-56498";"2022-03-28";"1";"Vente";"204600.0";"26.0";"None";"AV FLEURS";"2460";"06000";"06088";"Nice";"06";"None";"None";"06088000KX0315";"None";"None";"10";"nan";"5";"nan";"None";"nan";"None";"None";"None";"None";"2";"3";"Dépendance";"nan";"0.0";"None";"None";"None";"None";"nan";"7.252189";"43.6986";"000KX"
"2022-55187";"2022-03-25";"1";"Vente";"386000.0";"24.0";"None";"RUE FREDERIC PASSY";"2665";"06000";"06088";"Nice";"06";"None";"None";"06088000KX0266";"None";"None";"61";"92.53";"None";"nan";"None";"nan";"None";"None";"None";"None";"1";"2";"Appartement";"89.0";"3.0";"None";"None";"None";"None";"nan";"7.252477";"43.699776";"000KX"
"2022-55187";"2022-03-25";"1";"Vente";"386000.0";"24.0";"None";"RUE FREDERIC PASSY";"2665";"06000";"06088";"Nice";"06";"None";"None";"06088000KX0266";"None";"None";"24";"nan";"None";"nan";"None";"nan";"None";"None";"None";"None";"1";"3";"Dépendance";"nan";"0.0";"None";"None";"None";"None";"nan";"7.252477";"43.699776";"000KX"
"2022-56300";"2022-03-24";"1";"Vente";"546700.0";"9.0";"None";"RUE FREDERIC PASSY";"2665";"06000";"06088";"Nice";"06";"None";"None";"06088000KX0109";"None";"None";"2";"nan";"21";"nan";"7";"nan";"None";"None";"None";"None";"3";"2";"Appartement";"230.0";"6.0";"None";"None";"None";"None";"nan";"7.25442";"43.699293";"000KX"
"2022-56300";"2022-03-24";"1";"Vente";"546700.0";"9.0";"None";"RUE FREDERIC PASSY";"2665";"06000";"06088";"Nice";"06";"None";"None";"06088000KX0109";"None";"None";"2";"nan";"21";"nan";"7";"nan";"None";"None";"None";"None";"3";"3";"Dépendance";"nan";"0.0";"None";"None";"None";"None";"nan";"7.25442";"43.699293";"000KX"
"2022-56300";"2022-03-24";"1";"Vente";"546700.0";"9.0";"None";"RUE FREDERIC PASSY";"2665";"06000";"06088";"Nice";"06";"None";"None";"06088000KX0109";"None";"None";"31";"nan";"None";"nan";"None";"nan";"None";"None";"None";"None";"1";"3";"Dépendance";"nan";"0.0";"None";"None";"None";"None";"nan";"7.25442";"43.699293";"000KX"
"2022-55827";"2022-03-21";"1";"Vente";"275000.0";"30.0";"None";"AV FLEURS";"2460";"06000";"06088";"Nice";"06";"None";"None";"06088000KX0237";"None";"None";"19";"nan";"50";"nan";"None";"nan";"None";"None";"None";"None";"2";"2";"Appartement";"51.0";"2.0";"None";"None";"None";"None";"nan";"7.251895";"43.698152";"000KX"
"2022-55827";"2022-03-21";"1";"Vente";"275000.0";"30.0";"None";"AV FLEURS";"2460";"06000";"06088";"Nice";"06";"None";"None";"06088000KX0237";"None";"None";"19";"nan";"50";"nan";"None";"nan";"None";"None";"None";"None";"2";"3";"Dépendance";"nan";"0.0";"None";"None";"None";"None";"nan";"7.251895";"43.698152";"000KX"
"2022-55327";"2022-03-18";"1";"Vente";"185000.0";"3.0";"None";"RUE PERE A VALENSIN";"4945";"06000";"06088";"Nice";"06";"None";"None";"06088000KX0071";"None";"None";"2";"nan";"47";"nan";"None";"nan";"None";"None";"None";"None";"2";"2";"Appartement";"40.0";"2.0";"None";"None";"None";"None";"nan";"7.253082";"43.700088";"000KX"
"2022-55477";"2022-03-18";"1";"Vente";"250000.0";"13.0";"None";"RUE CHATEAUNEUF";"1365";"06000";"06088";"Nice";"06";"None";"None";"06088000KX0053";"None";"None";"12";"nan";"36";"71.71";"None";"nan";"None";"None";"None";"None";"2";"2";"Appartement";"80.0";"3.0";"None";"None";"None";"None";"nan";"7.254632";"43.700883";"000KX"
"2022-55327";"2022-03-18";"1";"Vente";"185000.0";"3.0";"None";"RUE PERE A VALENSIN";"4945";"06000";"06088";"Nice";"06";"None";"None";"06088000KX0071";"None";"None";"2";"nan";"47";"nan";"None";"nan";"None";"None";"None";"None";"2";"3";"Dépendance";"nan";"0.0";"None";"None";"None";"None";"nan";"7.253082";"43.700088";"000KX"
"2022-55477";"2022-03-18";"1";"Vente";"250000.0";"13.0";"None";"RUE CHATEAUNEUF";"1365";"06000";"06088";"Nice";"06";"None";"None";"06088000KX0053";"None";"None";"12";"nan";"36";"71.71";"None";"nan";"None";"None";"None";"None";"2";"3";"Dépendance";"nan";"0.0";"None";"None";"None";"None";"nan";"7.254632";"43.700883";"000KX"
"2022-55477";"2022-03-18";"1";"Vente";"250000.0";"13.0";"None";"RUE CHATEAUNEUF";"1365";"06000";"06088";"Nice";"06";"None";"None";"06088000KX0053";"None";"None";"7";"nan";"None";"nan";"None";"nan";"None";"None";"None";"None";"1";"3";"Dépendance";"nan";"0.0";"None";"None";"None";"None";"nan";"7.254632";"43.700883";"000KX"
"2022-54987";"2022-03-16";"1";"Vente";"280000.0";"24.0";"None";"RUE CAFFARELLI";"1005";"06000";"06088";"Nice";"06";"None";"None";"06088000KX0099";"None";"None";"11";"80.57";"None";"nan";"None";"nan";"None";"None";"None";"None";"1";"2";"Appartement";"81.0";"3.0";"None";"None";"None";"None";"nan";"7.253416";"43.699001";"000KX"
"2022-56155";"2022-03-16";"1";"Vente";"238600.0";"31.0";"None";"RUE CHATEAUNEUF";"1365";"06000";"06088";"Nice";"06";"None";"None";"06088000KX0265";"None";"None";"55";"nan";"None";"nan";"None";"nan";"None";"None";"None";"None";"1";"2";"Appartement";"80.0";"3.0";"None";"None";"None";"None";"nan";"7.252446";"43.700014";"000KX"
"2022-54883";"2022-03-11";"1";"Vente";"124000.0";"4.0";"None";"RUE PERE A VALENSIN";"4945";"06000";"06088";"Nice";"06";"None";"None";"06088000KX0079";"None";"None";"28";"24.2";"None";"nan";"None";"nan";"None";"None";"None";"None";"1";"2";"Appartement";"20.0";"1.0";"None";"None";"None";"None";"nan";"7.25268";"43.69985";"000KX"
"2022-54541";"2022-03-11";"1";"Vente";"40000.0";"47.0";"None";"RUE CAFFARELLI";"1005";"06000";"06088";"Nice";"06";"None";"None";"06088000KX0191";"None";"None";"6";"nan";"None";"nan";"None";"nan";"None";"None";"None";"None";"1";"3";"Dépendance";"nan";"0.0";"None";"None";"None";"None";"nan";"7.252017";"43.69921";"000KX"
"2022-54334";"2022-03-10";"1";"Vente";"190000.0";"15.0";"None";"AV SHAKESPEARE";"6220";"06000";"06088";"Nice";"06";"None";"None";"06088000KX0072";"None";"None";"30";"55.2";"None";"nan";"None";"nan";"None";"None";"None";"None";"1";"2";"Appartement";"60.0";"2.0";"None";"None";"None";"None";"nan";"7.253377";"43.700082";"000KX"
"2022-55496";"2022-03-10";"1";"Vente";"290000.0";"10.0";"None";"AV FLEURS";"2460";"06000";"06088";"Nice";"06";"None";"None";"06088000KX0145";"None";"None";"15";"66.07";"None";"nan";"None";"nan";"None";"None";"None";"None";"1";"2";"Appartement";"67.0";"2.0";"None";"None";"None";"None";"nan";"7.254212";"43.698205";"000KX"
"2022-54490";"2022-03-04";"1";"Vente";"575000.0";"40.0";"None";"BD FRANCOIS GROSSO";"2630";"06000";"06088";"Nice";"06";"None";"None";"06088000KX0239";"None";"None";"26";"nan";"None";"nan";"None";"nan";"None";"None";"None";"None";"1";"2";"Appartement";"96.0";"4.0";"None";"None";"None";"None";"nan";"7.251526";"43.698197";"000KX"
"2022-54470";"2022-03-04";"1";"Vente";"23000.0";"5.0";"None";"AV COMBA";"1595";"06000";"06088";"Nice";"06";"None";"None";"06088000KX0054";"None";"None";"4";"nan";"None";"nan";"None";"nan";"None";"None";"None";"None";"1";"3";"Dépendance";"nan";"0.0";"None";"None";"None";"None";"nan";"7.254636";"43.700688";"000KX"
"2022-54490";"2022-03-04";"1";"Vente";"575000.0";"40.0";"None";"BD FRANCOIS GROSSO";"2630";"06000";"06088";"Nice";"06";"None";"None";"06088000KX0239";"None";"None";"26";"nan";"None";"nan";"None";"nan";"None";"None";"None";"None";"1";"3";"Dépendance";"nan";"0.0";"None";"None";"None";"None";"nan";"7.251526";"43.698197";"000KX"
"2022-54329";"2022-03-03";"1";"Vente";"421010.0";"12.0";"None";"AV FLEURS";"2460";"06000";"06088";"Nice";"06";"None";"None";"06088000KX0146";"None";"None";"34";"nan";"5";"98.71";"None";"nan";"None";"None";"None";"None";"2";"2";"Appartement";"98.0";"4.0";"None";"None";"None";"None";"nan";"7.254018";"43.698016";"000KX"
"2022-54546";"2022-03-03";"1";"Vente";"170000.0";"52.0";"None";"RUE SAINT PHILIPPE";"5895";"06000";"06088";"Nice";"06";"None";"None";"06088000KX0131";"None";"None";"4";"nan";"None";"nan";"None";"nan";"None";"None";"None";"None";"1";"2";"Appartement";"50.0";"2.0";"None";"None";"None";"None";"nan";"7.255675";"43.698098";"000KX"
"2022-54329";"2022-03-03";"1";"Vente";"421010.0";"12.0";"None";"AV FLEURS";"2460";"06000";"06088";"Nice";"06";"None";"None";"06088000KX0146";"None";"None";"34";"nan";"5";"98.71";"None";"nan";"None";"None";"None";"None";"2";"3";"Dépendance";"nan";"0.0";"None";"None";"None";"None";"nan";"7.254018";"43.698016";"000KX"
"2022-53505";"2022-02-28";"1";"Vente";"195000.0";"5.0";"None";"AV SHAKESPEARE";"6220";"06000";"06088";"Nice";"06";"None";"None";"06088000KX0097";"None";"None";"57";"nan";"8";"nan";"None";"nan";"None";"None";"None";"None";"2";"2";"Appartement";"46.0";"2.0";"None";"None";"None";"None";"nan";"7.253417";"43.6992";"000KX"
"2022-53505";"2022-02-28";"1";"Vente";"195000.0";"5.0";"None";"AV SHAKESPEARE";"6220";"06000";"06088";"Nice";"06";"None";"None";"06088000KX0097";"None";"None";"57";"nan";"8";"nan";"None";"nan";"None";"None";"None";"None";"2";"3";"Dépendance";"nan";"0.0";"None";"None";"None";"None";"nan";"7.253417";"43.6992";"000KX"
"2022-53505";"2022-02-28";"1";"Vente";"195000.0";"5.0";"None";"AV SHAKESPEARE";"6220";"06000";"06088";"Nice";"06";"None";"None";"06088000KX0097";"None";"None";"57";"nan";"8";"nan";"None";"nan";"None";"None";"None";"None";"2";"3";"Dépendance";"nan";"0.0";"None";"None";"None";"None";"nan";"7.253417";"43.6992";"000KX"
"2022-53837";"2022-02-25";"1";"Vente";"200000.0";"8.0";"None";"RUE CAFFARELLI";"1005";"06000";"06088";"Nice";"06";"None";"None";"06088000KX0323";"None";"None";"35";"36.16";"None";"nan";"None";"nan";"None";"None";"None";"None";"1";"2";"Appartement";"41.0";"2.0";"None";"None";"None";"None";"nan";"7.254798";"43.698958";"000KX"
"2022-53755";"2022-02-24";"1";"Vente";"350000.0";"31.0";"None";"RUE CHATEAUNEUF";"1365";"06000";"06088";"Nice";"06";"None";"None";"06088000KX0265";"None";"None";"79";"nan";"None";"nan";"None";"nan";"None";"None";"None";"None";"1";"2";"Appartement";"84.0";"2.0";"None";"None";"None";"None";"nan";"7.252446";"43.700014";"000KX"
"2022-54067";"2022-02-21";"1";"Vente";"352955.0";"11.0";"None";"RUE FREDERIC PASSY";"2665";"06000";"06088";"Nice";"06";"None";"None";"06088000KX0108";"None";"None";"17";"67.37";"9";"nan";"None";"nan";"None";"None";"None";"None";"2";"2";"Appartement";"50.0";"3.0";"None";"None";"None";"None";"nan";"7.254209";"43.699385";"000KX"
"2022-54067";"2022-02-21";"1";"Vente";"352955.0";"11.0";"None";"RUE FREDERIC PASSY";"2665";"06000";"06088";"Nice";"06";"None";"None";"06088000KX0108";"None";"None";"17";"67.37";"9";"nan";"None";"nan";"None";"None";"None";"None";"2";"3";"Dépendance";"nan";"0.0";"None";"None";"None";"None";"nan";"7.254209";"43.699385";"000KX"
"2022-59750";"2022-02-10";"1";"Adjudication";"117000.0";"21.0";"None";"RUE FRANCOIS AUNE";"2615";"06000";"06088";"Nice";"06";"None";"None";"06088000KX0051";"None";"None";"18";"nan";"None";"nan";"None";"nan";"None";"None";"None";"None";"1";"2";"Appartement";"29.0";"1.0";"None";"None";"None";"None";"nan";"7.254876";"43.700848";"000KX"
"2022-53576";"2022-02-09";"1";"Vente";"750000.0";"7.0";"None";"AV DEPOILLY";"1910";"06000";"06088";"Nice";"06";"None";"None";"06088000KX0045";"None";"None";"16";"122.51";"6";"nan";"None";"nan";"None";"None";"None";"None";"2";"2";"Appartement";"123.0";"4.0";"None";"None";"None";"None";"nan";"7.254519";"43.699918";"000KX"
"2022-53576";"2022-02-09";"1";"Vente";"750000.0";"7.0";"None";"AV DEPOILLY";"1910";"06000";"06088";"Nice";"06";"None";"None";"06088000KX0045";"None";"None";"16";"122.51";"6";"nan";"None";"nan";"None";"None";"None";"None";"2";"3";"Dépendance";"nan";"0.0";"None";"None";"None";"None";"nan";"7.254519";"43.699918";"000KX"
"2022-52441";"2022-02-08";"1";"Vente";"108000.0";"47.0";"None";"RUE CAFFARELLI";"1005";"06000";"06088";"Nice";"06";"None";"None";"06088000KX0191";"None";"None";"137";"20.62";"None";"nan";"None";"nan";"None";"None";"None";"None";"1";"2";"Appartement";"22.0";"1.0";"None";"None";"None";"None";"nan";"7.252017";"43.69921";"000KX"
"2022-52990";"2022-02-08";"1";"Vente";"184000.0";"44.0";"None";"RUE CHATEAUNEUF";"1365";"06000";"06088";"Nice";"06";"None";"None";"06088000KX0002";"None";"None";"4";"nan";"None";"nan";"None";"nan";"None";"None";"None";"None";"1";"2";"Appartement";"50.0";"2.0";"None";"None";"None";"None";"nan";"7.251537";"43.700055";"000KX"
"2022-54006";"2022-02-08";"1";"Vente";"158500.0";"29.0";"None";"RUE CHATEAUNEUF";"1365";"06000";"06088";"Nice";"06";"None";"None";"06088000KX0078";"None";"None";"15";"67.43";"None";"nan";"None";"nan";"None";"None";"None";"None";"1";"2";"Appartement";"59.0";"3.0";"None";"None";"None";"None";"nan";"7.252632";"43.700111";"000KX"
"2022-54006";"2022-02-08";"1";"Vente";"158500.0";"29.0";"None";"RUE CHATEAUNEUF";"1365";"06000";"06088";"Nice";"06";"None";"None";"06088000KX0078";"None";"None";"15";"67.43";"None";"nan";"None";"nan";"None";"None";"None";"None";"1";"3";"Dépendance";"nan";"0.0";"None";"None";"None";"None";"nan";"7.252632";"43.700111";"000KX"
"2022-53199";"2022-02-07";"1";"Vente";"120000.0";"47.0";"None";"BD GAMBETTA";"2755";"06000";"06088";"Nice";"06";"None";"None";"06088000KX0126";"None";"None";"57";"32.39";"None";"nan";"None";"nan";"None";"None";"None";"None";"1";"2";"Appartement";"35.0";"1.0";"None";"None";"None";"None";"nan";"7.255983";"43.6993";"000KX"
"2022-53199";"2022-02-07";"1";"Vente";"120000.0";"47.0";"None";"BD GAMBETTA";"2755";"06000";"06088";"Nice";"06";"None";"None";"06088000KX0126";"None";"None";"57";"32.39";"None";"nan";"None";"nan";"None";"None";"None";"None";"1";"3";"Dépendance";"nan";"0.0";"None";"None";"None";"None";"nan";"7.255983";"43.6993";"000KX"
"2022-52777";"2022-02-03";"1";"Vente";"195000.0";"20.0";"None";"RUE CHATEAUNEUF";"1365";"06000";"06088";"Nice";"06";"None";"None";"06088000KX0016";"None";"None";"47";"43.54";"None";"nan";"None";"nan";"None";"None";"None";"None";"1";"2";"Appartement";"42.0";"2.0";"None";"None";"None";"None";"nan";"7.253845";"43.701009";"000KX"
"2022-52777";"2022-02-03";"1";"Vente";"195000.0";"20.0";"None";"RUE CHATEAUNEUF";"1365";"06000";"06088";"Nice";"06";"None";"None";"06088000KX0016";"None";"None";"47";"43.54";"None";"nan";"None";"nan";"None";"None";"None";"None";"1";"3";"Dépendance";"nan";"0.0";"None";"None";"None";"None";"nan";"7.253845";"43.701009";"000KX"
"2022-52777";"2022-02-03";"1";"Vente";"195000.0";"20.0";"None";"RUE CHATEAUNEUF";"1365";"06000";"06088";"Nice";"06";"None";"None";"06088000KX0016";"None";"None";"47";"43.54";"None";"nan";"None";"nan";"None";"None";"None";"None";"1";"3";"Dépendance";"nan";"0.0";"None";"None";"None";"None";"nan";"7.253845";"43.701009";"000KX"
"2022-52319";"2022-01-28";"1";"Vente";"168000.0";"9.0";"None";"RUE PERE A VALENSIN";"4945";"06000";"06088";"Nice";"06";"None";"None";"06088000KX0098";"None";"None";"30";"nan";"58";"45.71";"None";"nan";"None";"None";"None";"None";"2";"2";"Appartement";"44.0";"2.0";"None";"None";"None";"None";"nan";"7.253206";"43.699147";"000KX"
"2022-52774";"2022-01-28";"1";"Vente";"234000.0";"13.0";"None";"AV SHAKESPEARE";"6220";"06000";"06088";"Nice";"06";"None";"None";"06088000KX0068";"None";"None";"91";"nan";"None";"nan";"None";"nan";"None";"None";"None";"None";"1";"2";"Appartement";"57.0";"2.0";"None";"None";"None";"None";"nan";"7.253239";"43.699852";"000KX"
"2022-52319";"2022-01-28";"1";"Vente";"168000.0";"9.0";"None";"RUE PERE A VALENSIN";"4945";"06000";"06088";"Nice";"06";"None";"None";"06088000KX0098";"None";"None";"30";"nan";"58";"45.71";"None";"nan";"None";"None";"None";"None";"2";"3";"Dépendance";"nan";"0.0";"None";"None";"None";"None";"nan";"7.253206";"43.699147";"000KX"
"2022-52533";"2022-01-27";"1";"Vente";"233000.0";"24.0";"None";"RUE FREDERIC PASSY";"2665";"06000";"06088";"Nice";"06";"None";"None";"06088000KX0266";"None";"None";"52";"nan";"None";"nan";"None";"nan";"None";"None";"None";"None";"1";"2";"Appartement";"65.0";"2.0";"None";"None";"None";"None";"nan";"7.252477";"43.699776";"000KX"
"2022-53054";"2022-01-26";"1";"Vente";"254100.0";"24.0";"None";"AV FLEURS";"2460";"06000";"06088";"Nice";"06";"None";"None";"06088000KX0166";"None";"None";"28";"nan";"89";"58.16";"None";"nan";"None";"None";"None";"None";"2";"2";"Appartement";"67.0";"2.0";"None";"None";"None";"None";"nan";"7.252508";"43.69819";"000KX"
"2022-53054";"2022-01-26";"1";"Vente";"254100.0";"24.0";"None";"AV FLEURS";"2460";"06000";"06088";"Nice";"06";"None";"None";"06088000KX0166";"None";"None";"28";"nan";"89";"58.16";"None";"nan";"None";"None";"None";"None";"2";"3";"Dépendance";"nan";"0.0";"None";"None";"None";"None";"nan";"7.252508";"43.69819";"000KX"
"2022-52081";"2022-01-20";"1";"Vente";"209000.0";"21.0";"None";"RUE CAFFARELLI";"1005";"06000";"06088";"Nice";"06";"None";"None";"06088000KX0155";"None";"None";"22";"nan";"73";"nan";"None";"nan";"None";"None";"None";"None";"2";"2";"Appartement";"33.0";"1.0";"None";"None";"None";"None";"nan";"7.253342";"43.698476";"000KX"
"2022-52081";"2022-01-20";"1";"Vente";"209000.0";"21.0";"None";"RUE CAFFARELLI";"1005";"06000";"06088";"Nice";"06";"None";"None";"06088000KX0155";"None";"None";"22";"nan";"73";"nan";"None";"nan";"None";"None";"None";"None";"2";"3";"Dépendance";"nan";"0.0";"None";"None";"None";"None";"nan";"7.253342";"43.698476";"000KX"
"2022-51681";"2022-01-18";"1";"Vente";"106500.0";"13.0";"None";"AV SHAKESPEARE";"6220";"06000";"06088";"Nice";"06";"None";"None";"06088000KX0068";"None";"None";"43";"30.77";"None";"nan";"None";"nan";"None";"None";"None";"None";"1";"2";"Appartement";"32.0";"2.0";"None";"None";"None";"None";"nan";"7.253239";"43.699852";"000KX"
"2022-51791";"2022-01-14";"1";"Vente";"112000.0";"25.0";"None";"AV SHAKESPEARE";"6220";"06000";"06088";"Nice";"06";"None";"None";"06088000KX0013";"None";"None";"4";"24.55";"None";"nan";"None";"nan";"None";"None";"None";"None";"1";"2";"Appartement";"93.0";"3.0";"None";"None";"None";"None";"nan";"7.25329";"43.700849";"000KX"
"2022-51483";"2022-01-13";"1";"Vente";"280000.0";"23.0";"None";"RUE FREDERIC PASSY";"2665";"06000";"06088";"Nice";"06";"None";"None";"06088000KX0274";"None";"None";"139";"94.28";"32";"nan";"None";"nan";"None";"None";"None";"None";"2";"2";"Appartement";"95.0";"4.0";"None";"None";"None";"None";"nan";"7.251548";"43.699318";"000KX"
"2022-51785";"2022-01-13";"1";"Vente";"164000.0";"11.0";"None";"AV SHAKESPEARE";"6220";"06000";"06088";"Nice";"06";"None";"None";"06088000KX0096";"None";"None";"1";"55.0";"37";"nan";"None";"nan";"None";"None";"None";"None";"2";"2";"Appartement";"54.0";"2.0";"None";"None";"None";"None";"nan";"7.253412";"43.69937";"000KX"
"2022-51483";"2022-01-13";"1";"Vente";"280000.0";"23.0";"None";"RUE FREDERIC PASSY";"2665";"06000";"06088";"Nice";"06";"None";"None";"06088000KX0274";"None";"None";"139";"94.28";"32";"nan";"None";"nan";"None";"None";"None";"None";"2";"3";"Dépendance";"nan";"0.0";"None";"None";"None";"None";"nan";"7.251548";"43.699318";"000KX"
"2022-51483";"2022-01-13";"1";"Vente";"280000.0";"23.0";"None";"RUE FREDERIC PASSY";"2665";"06000";"06088";"Nice";"06";"None";"None";"06088000KX0274";"None";"None";"40";"nan";"None";"nan";"None";"nan";"None";"None";"None";"None";"1";"3";"Dépendance";"nan";"0.0";"None";"None";"None";"None";"nan";"7.251548";"43.699318";"000KX"
"2022-51785";"2022-01-13";"1";"Vente";"164000.0";"11.0";"None";"AV SHAKESPEARE";"6220";"06000";"06088";"Nice";"06";"None";"None";"06088000KX0096";"None";"None";"1";"55.0";"37";"nan";"None";"nan";"None";"None";"None";"None";"2";"3";"Dépendance";"nan";"0.0";"None";"None";"None";"None";"nan";"7.253412";"43.69937";"000KX"
"2022-51772";"2022-01-11";"1";"Vente";"195000.0";"20.0";"None";"RUE CHATEAUNEUF";"1365";"06000";"06088";"Nice";"06";"None";"None";"06088000KX0016";"None";"None";"20";"nan";"None";"nan";"None";"nan";"None";"None";"None";"None";"1";"2";"Appartement";"67.0";"3.0";"None";"None";"None";"None";"nan";"7.253845";"43.701009";"000KX"
"2022-51772";"2022-01-11";"1";"Vente";"195000.0";"20.0";"None";"RUE CHATEAUNEUF";"1365";"06000";"06088";"Nice";"06";"None";"None";"06088000KX0016";"None";"None";"20";"nan";"None";"nan";"None";"nan";"None";"None";"None";"None";"1";"3";"Dépendance";"nan";"0.0";"None";"None";"None";"None";"nan";"7.253845";"43.701009";"000KX"
"2022-52296";"2022-01-07";"1";"Vente";"325000.0";"73.0";"None";"BD FRANCOIS GROSSO";"2630";"06000";"06088";"Nice";"06";"None";"None";"06088000KX0309";"None";"None";"41";"nan";"None";"nan";"None";"nan";"None";"None";"None";"None";"1";"2";"Appartement";"86.0";"4.0";"None";"None";"None";"None";"nan";"7.250936";"43.699209";"000KX"
"2022-51817";"2022-01-07";"1";"Vente";"45000.0";"4.0";"B";"AV FLEURS";"2460";"06000";"06088";"Nice";"06";"None";"None";"06088000KX0138";"None";"None";"43";"nan";"None";"nan";"None";"nan";"None";"None";"None";"None";"1";"3";"Dépendance";"nan";"0.0";"None";"None";"None";"None";"nan";"7.255201";"43.697883";"000KX"
"2022-52296";"2022-01-07";"1";"Vente";"325000.0";"73.0";"None";"BD FRANCOIS GROSSO";"2630";"06000";"06088";"Nice";"06";"None";"None";"06088000KX0309";"None";"None";"19";"nan";"None";"nan";"None";"nan";"None";"None";"None";"None";"1";"3";"Dépendance";"nan";"0.0";"None";"None";"None";"None";"nan";"7.250936";"43.699209";"000KX"
"2022-51871";"2022-01-04";"1";"Vente";"22500.0";"41.0";"None";"RUE CHATEAUNEUF";"1365";"06000";"06088";"Nice";"06";"None";"None";"06088000KX0087";"None";"None";"5";"nan";"None";"nan";"None";"nan";"None";"None";"None";"None";"1";"3";"Dépendance";"nan";"0.0";"None";"None";"None";"None";"nan";"7.251692";"43.699792";"000KX"
"2021-71737";"2021-12-30";"1";"Vente";"97000.0";"13.0";"None";"AV SHAKESPEARE";"6220";"06000";"06088";"Nice";"06";"None";"None";"06088000KX0068";"None";"None";"7";"26.73";"None";"nan";"None";"nan";"None";"None";"None";"None";"1";"2";"Appartement";"25.0";"1.0";"None";"None";"None";"None";"nan";"7.253239";"43.699852";"000KX"
"2021-71424";"2021-12-29";"1";"Vente";"660000.0";"61.0";"None";"RUE DES POTIERS";"5225";"06000";"06088";"Nice";"06";"None";"None";"06088000KX0293";"None";"None";"None";"nan";"None";"nan";"None";"nan";"None";"None";"None";"None";"0";"2";"Appartement";"46.0";"3.0";"S";"sols";"None";"None";"249.0";"7.251715";"43.698719";"000KX"
"2021-71424";"2021-12-29";"1";"Vente";"660000.0";"61.0";"None";"RUE DES POTIERS";"5225";"06000";"06088";"Nice";"06";"None";"None";"06088000KX0293";"None";"None";"None";"nan";"None";"nan";"None";"nan";"None";"None";"None";"None";"0";"2";"Appartement";"27.0";"2.0";"S";"sols";"None";"None";"249.0";"7.251715";"43.698719";"000KX"
"2021-71424";"2021-12-29";"1";"Vente";"660000.0";"61.0";"None";"RUE DES POTIERS";"5225";"06000";"06088";"Nice";"06";"None";"None";"06088000KX0293";"None";"None";"None";"nan";"None";"nan";"None";"nan";"None";"None";"None";"None";"0";"2";"Appartement";"56.0";"3.0";"S";"sols";"None";"None";"249.0";"7.251715";"43.698719";"000KX"
"2021-71429";"2021-12-29";"1";"Vente";"400000.0";"9017.0";"None";"RUE COLONEL MUSSO";"1585";"06000";"06088";"Nice";"06";"None";"None";"06088000KX0292";"None";"None";"None";"nan";"None";"nan";"None";"nan";"None";"None";"None";"None";"0";"2";"Appartement";"48.0";"2.0";"S";"sols";"None";"None";"82.0";"7.251596";"43.698733";"000KX"
"2021-71429";"2021-12-29";"1";"Vente";"400000.0";"9017.0";"None";"RUE COLONEL MUSSO";"1585";"06000";"06088";"Nice";"06";"None";"None";"06088000KX0292";"None";"None";"None";"nan";"None";"nan";"None";"nan";"None";"None";"None";"None";"0";"2";"Appartement";"30.0";"2.0";"S";"sols";"None";"None";"82.0";"7.251596";"43.698733";"000KX"
"2021-71424";"2021-12-29";"1";"Vente";"660000.0";"61.0";"None";"RUE DES POTIERS";"5225";"06000";"06088";"Nice";"06";"None";"None";"06088000KX0293";"None";"None";"None";"nan";"None";"nan";"None";"nan";"None";"None";"None";"None";"0";"3";"Dépendance";"nan";"0.0";"S";"sols";"None";"None";"249.0";"7.251715";"43.698719";"000KX"
"2021-71424";"2021-12-29";"1";"Vente";"660000.0";"61.0";"None";"RUE DES POTIERS";"5225";"06000";"06088";"Nice";"06";"None";"None";"06088000KX0293";"None";"None";"None";"nan";"None";"nan";"None";"nan";"None";"None";"None";"None";"0";"4";"Local industriel. commercial ou assimilé";"42.0";"0.0";"S";"sols";"None";"None";"249.0";"7.251715";"43.698719";"000KX"
"2021-71299";"2021-12-23";"1";"Vente";"178339.5";"5.0";"None";"RUE FRANCOIS AUNE";"2615";"06000";"06088";"Nice";"06";"None";"None";"06088000KX0117";"None";"None";"108";"nan";"90";"nan";"None";"nan";"None";"None";"None";"None";"2";"2";"Appartement";"77.0";"3.0";"None";"None";"None";"None";"nan";"7.254992";"43.699127";"000KX"
"2021-71300";"2021-12-23";"2";"Vente";"416125.5";"5.0";"None";"RUE FRANCOIS AUNE";"2615";"06000";"06088";"Nice";"06";"None";"None";"06088000KX0117";"None";"None";"108";"nan";"90";"nan";"None";"nan";"None";"None";"None";"None";"2";"2";"Appartement";"77.0";"3.0";"None";"None";"None";"None";"nan";"7.254992";"43.699127";"000KX"
"2021-71618";"2021-12-23";"1";"Vente";"105000.0";"8.0";"None";"RUE CAFFARELLI";"1005";"06000";"06088";"Nice";"06";"None";"None";"06088000KX0323";"None";"None";"46";"22.01";"None";"nan";"None";"nan";"None";"None";"None";"None";"1";"2";"Appartement";"28.0";"2.0";"None";"None";"None";"None";"nan";"7.254798";"43.698958";"000KX"
"2021-71299";"2021-12-23";"1";"Vente";"178339.5";"5.0";"None";"RUE FRANCOIS AUNE";"2615";"06000";"06088";"Nice";"06";"None";"None";"06088000KX0117";"None";"None";"108";"nan";"90";"nan";"None";"nan";"None";"None";"None";"None";"2";"3";"Dépendance";"nan";"0.0";"None";"None";"None";"None";"nan";"7.254992";"43.699127";"000KX"
"2021-71300";"2021-12-23";"2";"Vente";"416125.5";"5.0";"None";"RUE FRANCOIS AUNE";"2615";"06000";"06088";"Nice";"06";"None";"None";"06088000KX0117";"None";"None";"108";"nan";"90";"nan";"None";"nan";"None";"None";"None";"None";"2";"3";"Dépendance";"nan";"0.0";"None";"None";"None";"None";"nan";"7.254992";"43.699127";"000KX"
"2021-71989";"2021-12-23";"6";"Vente";"nan";"nan";"None";"None";"None";"None";"06088";"Nice";"06";"None";"None";"06088000KX0330";"None";"1";"None";"nan";"None";"nan";"None";"nan";"None";"None";"None";"None";"0";"None";"None";"nan";"nan";"None";"None";"None";"None";"nan";"7.255503";"43.702199";"000KX"
"2021-71989";"2021-12-23";"7";"Vente";"nan";"nan";"None";"None";"None";"None";"06088";"Nice";"06";"None";"None";"06088000KX0330";"None";"1";"None";"nan";"None";"nan";"None";"nan";"None";"None";"None";"None";"0";"None";"None";"nan";"nan";"None";"None";"None";"None";"nan";"7.255503";"43.702199";"000KX"
"2021-71989";"2021-12-23";"8";"Vente";"nan";"nan";"None";"None";"None";"None";"06088";"Nice";"06";"None";"None";"06088000KX0330";"None";"1";"None";"nan";"None";"nan";"None";"nan";"None";"None";"None";"None";"0";"None";"None";"nan";"nan";"None";"None";"None";"None";"nan";"7.255503";"43.702199";"000KX"
"2021-71681";"2021-12-21";"1";"Vente";"149333.0";"34.0";"None";"RUE CAFFARELLI";"1005";"06000";"06088";"Nice";"06";"None";"None";"06088000KX0088";"None";"None";"50";"nan";"None";"nan";"None";"nan";"None";"None";"None";"None";"1";"2";"Appartement";"66.0";"2.0";"None";"None";"None";"None";"nan";"7.252246";"43.699423";"000KX"
"2021-71687";"2021-12-21";"1";"Vente";"56000.0";"34.0";"None";"RUE CAFFARELLI";"1005";"06000";"06088";"Nice";"06";"None";"None";"06088000KX0088";"None";"None";"50";"69.0";"None";"nan";"None";"nan";"None";"None";"None";"None";"1";"2";"Appartement";"66.0";"2.0";"None";"None";"None";"None";"nan";"7.252246";"43.699423";"000KX"
"2021-71681";"2021-12-21";"1";"Vente";"149333.0";"34.0";"None";"RUE CAFFARELLI";"1005";"06000";"06088";"Nice";"06";"None";"None";"06088000KX0088";"None";"None";"50";"nan";"None";"nan";"None";"nan";"None";"None";"None";"None";"1";"3";"Dépendance";"nan";"0.0";"None";"None";"None";"None";"nan";"7.252246";"43.699423";"000KX"
"2021-71687";"2021-12-21";"1";"Vente";"56000.0";"34.0";"None";"RUE CAFFARELLI";"1005";"06000";"06088";"Nice";"06";"None";"None";"06088000KX0088";"None";"None";"50";"69.0";"None";"nan";"None";"nan";"None";"None";"None";"None";"1";"3";"Dépendance";"nan";"0.0";"None";"None";"None";"None";"nan";"7.252246";"43.699423";"000KX"
"2021-71576";"2021-12-20";"1";"Vente";"137000.0";"28.0";"None";"RUE CHATEAUNEUF";"1365";"06000";"06088";"Nice";"06";"None";"None";"06088000KX0010";"None";"None";"14";"40.02";"37";"nan";"None";"nan";"None";"None";"None";"None";"2";"2";"Appartement";"40.0";"2.0";"None";"None";"None";"None";"nan";"7.253116";"43.700748";"000KX"
"2021-71576";"2021-12-20";"1";"Vente";"137000.0";"28.0";"None";"RUE CHATEAUNEUF";"1365";"06000";"06088";"Nice";"06";"None";"None";"06088000KX0010";"None";"None";"14";"40.02";"37";"nan";"None";"nan";"None";"None";"None";"None";"2";"3";"Dépendance";"nan";"0.0";"None";"None";"None";"None";"nan";"7.253116";"43.700748";"000KX"
"2021-70645";"2021-12-14";"1";"Vente";"117000.0";"54.0";"None";"RUE SAINT PHILIPPE";"5895";"06000";"06088";"Nice";"06";"None";"None";"06088000KX0130";"None";"None";"3";"17.58";"None";"nan";"None";"nan";"None";"None";"None";"None";"1";"2";"Appartement";"15.0";"1.0";"None";"None";"None";"None";"nan";"7.255693";"43.698157";"000KX"
"2021-71187";"2021-12-14";"1";"Vente";"234823.0";"8.0";"None";"RUE CAFFARELLI";"1005";"06000";"06088";"Nice";"06";"None";"None";"06088000KX0323";"None";"None";"404";"nan";"None";"nan";"None";"nan";"None";"None";"None";"None";"1";"2";"Appartement";"38.0";"2.0";"None";"None";"None";"None";"nan";"7.254798";"43.698958";"000KX"
"2021-71213";"2021-12-14";"1";"Vente";"459000.0";"16.0";"None";"RUE FREDERIC PASSY";"2665";"06000";"06088";"Nice";"06";"None";"None";"06088000KX0067";"None";"None";"132";"85.59";"61";"nan";"None";"nan";"None";"None";"None";"None";"2";"2";"Appartement";"78.0";"3.0";"None";"None";"None";"None";"nan";"7.253849";"43.699766";"000KX"
"2021-71213";"2021-12-14";"1";"Vente";"459000.0";"16.0";"None";"RUE FREDERIC PASSY";"2665";"06000";"06088";"Nice";"06";"None";"None";"06088000KX0067";"None";"None";"76";"nan";"None";"nan";"None";"nan";"None";"None";"None";"None";"1";"3";"Dépendance";"nan";"0.0";"None";"None";"None";"None";"nan";"7.253849";"43.699766";"000KX"
"2021-71213";"2021-12-14";"1";"Vente";"459000.0";"16.0";"None";"RUE FREDERIC PASSY";"2665";"06000";"06088";"Nice";"06";"None";"None";"06088000KX0067";"None";"None";"132";"85.59";"61";"nan";"None";"nan";"None";"None";"None";"None";"2";"3";"Dépendance";"nan";"0.0";"None";"None";"None";"None";"nan";"7.253849";"43.699766";"000KX"
"2021-70753";"2021-12-13";"1";"Vente";"360000.0";"20.0";"B";"AV FLEURS";"2460";"06000";"06088";"Nice";"06";"None";"None";"06088000KX0164";"None";"None";"23";"nan";"29";"81.25";"None";"nan";"None";"None";"None";"None";"2";"2";"Appartement";"84.0";"3.0";"None";"None";"None";"None";"nan";"7.253183";"43.698116";"000KX"
"2021-70753";"2021-12-13";"1";"Vente";"360000.0";"20.0";"B";"AV FLEURS";"2460";"06000";"06088";"Nice";"06";"None";"None";"06088000KX0164";"None";"None";"58";"8.07";"None";"nan";"None";"nan";"None";"None";"None";"None";"1";"3";"Dépendance";"nan";"0.0";"None";"None";"None";"None";"nan";"7.253183";"43.698116";"000KX"
"2021-70693";"2021-12-10";"1";"Vente";"250000.0";"23.0";"None";"RUE CAFFARELLI";"1005";"06000";"06088";"Nice";"06";"None";"None";"06088000KX0156";"None";"None";"18";"68.4";"None";"nan";"None";"nan";"None";"None";"None";"None";"1";"2";"Appartement";"66.0";"3.0";"None";"None";"None";"None";"nan";"7.25316";"43.698791";"000KX"
"2021-70511";"2021-12-07";"1";"Vente";"93000.0";"29.0";"None";"RUE CHATEAUNEUF";"1365";"06000";"06088";"Nice";"06";"None";"None";"06088000KX0078";"None";"None";"21";"nan";"65";"nan";"None";"nan";"None";"None";"None";"None";"2";"2";"Appartement";"37.0";"1.0";"None";"None";"None";"None";"nan";"7.252632";"43.700111";"000KX"
"2021-70511";"2021-12-07";"1";"Vente";"93000.0";"29.0";"None";"RUE CHATEAUNEUF";"1365";"06000";"06088";"Nice";"06";"None";"None";"06088000KX0078";"None";"None";"21";"nan";"65";"nan";"None";"nan";"None";"None";"None";"None";"2";"3";"Dépendance";"nan";"0.0";"None";"None";"None";"None";"nan";"7.252632";"43.700111";"000KX"
"2021-71369";"2021-12-06";"1";"Vente";"87000.0";"54.0";"None";"RUE SAINT PHILIPPE";"5895";"06000";"06088";"Nice";"06";"None";"None";"06088000KX0130";"None";"None";"2";"15.34";"None";"nan";"None";"nan";"None";"None";"None";"None";"1";"2";"Appartement";"15.0";"1.0";"None";"None";"None";"None";"nan";"7.255693";"43.698157";"000KX"
"2021-70192";"2021-12-06";"1";"Vente";"1020000.0";"53.0";"None";"BD GAMBETTA";"2755";"06000";"06088";"Nice";"06";"None";"None";"06088000KX0042";"None";"None";"14";"nan";"None";"nan";"None";"nan";"None";"None";"None";"None";"1";"4";"Local industriel. commercial ou assimilé";"316.0";"0.0";"None";"None";"None";"None";"nan";"7.255754";"43.699861";"000KX"
"2021-70258";"2021-12-03";"1";"Vente";"260000.0";"27.0";"None";"RUE CHATEAUNEUF";"1365";"06000";"06088";"Nice";"06";"None";"None";"06088000KX0077";"None";"None";"39";"81.12";"4";"nan";"None";"nan";"None";"None";"None";"None";"2";"2";"Appartement";"81.0";"4.0";"None";"None";"None";"None";"nan";"7.252975";"43.700257";"000KX"
"2021-70258";"2021-12-03";"1";"Vente";"260000.0";"27.0";"None";"RUE CHATEAUNEUF";"1365";"06000";"06088";"Nice";"06";"None";"None";"06088000KX0077";"None";"None";"39";"81.12";"4";"nan";"None";"nan";"None";"None";"None";"None";"2";"3";"Dépendance";"nan";"0.0";"None";"None";"None";"None";"nan";"7.252975";"43.700257";"000KX"
"2021-69893";"2021-11-29";"1";"Vente";"220000.0";"26.0";"None";"RUE FREDERIC PASSY";"2665";"06000";"06088";"Nice";"06";"None";"None";"06088000KX0081";"None";"None";"10";"74.0";"4";"nan";"None";"nan";"None";"None";"None";"None";"2";"2";"Appartement";"70.0";"3.0";"None";"None";"None";"None";"nan";"7.252299";"43.699722";"000KX"
"2021-69893";"2021-11-29";"1";"Vente";"220000.0";"26.0";"None";"RUE FREDERIC PASSY";"2665";"06000";"06088";"Nice";"06";"None";"None";"06088000KX0081";"None";"None";"10";"74.0";"4";"nan";"None";"nan";"None";"None";"None";"None";"2";"3";"Dépendance";"nan";"0.0";"None";"None";"None";"None";"nan";"7.252299";"43.699722";"000KX"
"2021-69940";"2021-11-26";"1";"Vente";"143000.0";"5.0";"None";"RUE CHATEAUNEUF";"1365";"06000";"06088";"Nice";"06";"None";"None";"06088000KX0031";"None";"None";"69";"nan";"None";"nan";"None";"nan";"None";"None";"None";"None";"1";"2";"Appartement";"60.0";"2.0";"None";"None";"None";"None";"nan";"7.255243";"43.701091";"000KX"
"2021-69940";"2021-11-26";"1";"Vente";"143000.0";"5.0";"None";"RUE CHATEAUNEUF";"1365";"06000";"06088";"Nice";"06";"None";"None";"06088000KX0031";"None";"None";"37";"nan";"None";"nan";"None";"nan";"None";"None";"None";"None";"1";"3";"Dépendance";"nan";"0.0";"None";"None";"None";"None";"nan";"7.255243";"43.701091";"000KX"
"2021-69880";"2021-11-23";"1";"Vente";"120000.0";"20.0";"None";"RUE CHATEAUNEUF";"1365";"06000";"06088";"Nice";"06";"None";"None";"06088000KX0016";"None";"None";"41";"29.11";"None";"nan";"None";"nan";"None";"None";"None";"None";"1";"2";"Appartement";"26.0";"1.0";"None";"None";"None";"None";"nan";"7.253845";"43.701009";"000KX"
"2021-69416";"2021-11-22";"1";"Vente";"28000.0";"21.0";"None";"RUE CAFFARELLI";"1005";"06000";"06088";"Nice";"06";"None";"None";"06088000KX0155";"None";"None";"29";"nan";"None";"nan";"None";"nan";"None";"None";"None";"None";"1";"3";"Dépendance";"nan";"0.0";"None";"None";"None";"None";"nan";"7.253342";"43.698476";"000KX"
"2021-69975";"2021-11-19";"1";"Vente";"235000.0";"1.0";"None";"RUE FREDERIC PASSY";"2665";"06000";"06088";"Nice";"06";"None";"None";"06088000KX0123";"None";"None";"131";"nan";"225";"67.38";"None";"nan";"None";"None";"None";"None";"2";"2";"Appartement";"68.0";"2.0";"None";"None";"None";"None";"nan";"7.255638";"43.699216";"000KX"
"2021-69975";"2021-11-19";"1";"Vente";"235000.0";"1.0";"None";"RUE FREDERIC PASSY";"2665";"06000";"06088";"Nice";"06";"None";"None";"06088000KX0123";"None";"None";"131";"nan";"225";"67.38";"None";"nan";"None";"None";"None";"None";"2";"3";"Dépendance";"nan";"0.0";"None";"None";"None";"None";"nan";"7.255638";"43.699216";"000KX"
"2021-69975";"2021-11-19";"1";"Vente";"235000.0";"1.0";"None";"RUE FREDERIC PASSY";"2665";"06000";"06088";"Nice";"06";"None";"None";"06088000KX0123";"None";"None";"131";"nan";"225";"67.38";"None";"nan";"None";"None";"None";"None";"2";"3";"Dépendance";"nan";"0.0";"None";"None";"None";"None";"nan";"7.255638";"43.699216";"000KX"
"2021-69537";"2021-11-18";"1";"Vente";"99000.0";"65.0";"None";"BD GAMBETTA";"2755";"06000";"06088";"Nice";"06";"None";"None";"06088000KX0027";"None";"None";"154";"28.08";"36";"nan";"None";"nan";"None";"None";"None";"None";"2";"2";"Appartement";"27.0";"1.0";"None";"None";"None";"None";"nan";"7.255784";"43.701276";"000KX"
"2021-69537";"2021-11-18";"1";"Vente";"99000.0";"65.0";"None";"BD GAMBETTA";"2755";"06000";"06088";"Nice";"06";"None";"None";"06088000KX0027";"None";"None";"154";"28.08";"36";"nan";"None";"nan";"None";"None";"None";"None";"2";"3";"Dépendance";"nan";"0.0";"None";"None";"None";"None";"nan";"7.255784";"43.701276";"000KX"
"2021-69389";"2021-11-17";"1";"Vente";"110000.0";"53.0";"None";"RUE CAFFARELLI";"1005";"06000";"06088";"Nice";"06";"None";"None";"06088000KX0190";"None";"None";"27";"nan";"8";"nan";"None";"nan";"None";"None";"None";"None";"2";"2";"Appartement";"45.0";"2.0";"None";"None";"None";"None";"nan";"7.251878";"43.699307";"000KX"
"2021-69705";"2021-11-17";"1";"Vente";"60000.0";"41.0";"None";"RUE CHATEAUNEUF";"1365";"06000";"06088";"Nice";"06";"None";"None";"06088000KX0087";"None";"None";"10";"16.07";"None";"nan";"None";"nan";"None";"None";"None";"None";"1";"2";"Appartement";"18.0";"1.0";"None";"None";"None";"None";"nan";"7.251692";"43.699792";"000KX"
"2021-69389";"2021-11-17";"1";"Vente";"110000.0";"53.0";"None";"RUE CAFFARELLI";"1005";"06000";"06088";"Nice";"06";"None";"None";"06088000KX0190";"None";"None";"27";"nan";"8";"nan";"None";"nan";"None";"None";"None";"None";"2";"3";"Dépendance";"nan";"0.0";"None";"None";"None";"None";"nan";"7.251878";"43.699307";"000KX"
"2021-69705";"2021-11-17";"1";"Vente";"60000.0";"41.0";"None";"RUE CHATEAUNEUF";"1365";"06000";"06088";"Nice";"06";"None";"None";"06088000KX0087";"None";"None";"10";"16.07";"None";"nan";"None";"nan";"None";"None";"None";"None";"1";"3";"Dépendance";"nan";"0.0";"None";"None";"None";"None";"nan";"7.251692";"43.699792";"000KX"
"2021-69638";"2021-11-15";"1";"Vente";"140370.0";"14.0";"None";"AV SHAKESPEARE";"6220";"06000";"06088";"Nice";"06";"None";"None";"06088000KX0064";"None";"None";"1";"nan";"44";"31.6";"None";"nan";"None";"None";"None";"None";"2";"2";"Appartement";"29.0";"1.0";"None";"None";"None";"None";"nan";"7.253902";"43.699996";"000KX"
"2021-69638";"2021-11-15";"1";"Vente";"140370.0";"14.0";"None";"AV SHAKESPEARE";"6220";"06000";"06088";"Nice";"06";"None";"None";"06088000KX0064";"None";"None";"1";"nan";"44";"31.6";"None";"nan";"None";"None";"None";"None";"2";"3";"Dépendance";"nan";"0.0";"None";"None";"None";"None";"nan";"7.253902";"43.699996";"000KX"
"2021-68971";"2021-11-10";"1";"Vente";"510000.0";"47.0";"None";"BD GAMBETTA";"2755";"06000";"06088";"Nice";"06";"None";"None";"06088000KX0126";"None";"None";"112";"84.05";"None";"nan";"None";"nan";"None";"None";"None";"None";"1";"2";"Appartement";"75.0";"3.0";"None";"None";"None";"None";"nan";"7.255983";"43.6993";"000KX"
"2021-69087";"2021-11-10";"1";"Vente";"75000.0";"47.0";"None";"RUE CAFFARELLI";"1005";"06000";"06088";"Nice";"06";"None";"None";"06088000KX0191";"None";"None";"131";"17.45";"None";"nan";"None";"nan";"None";"None";"None";"None";"1";"2";"Appartement";"17.0";"1.0";"None";"None";"None";"None";"nan";"7.252017";"43.69921";"000KX"
"2021-68971";"2021-11-10";"1";"Vente";"510000.0";"47.0";"None";"BD GAMBETTA";"2755";"06000";"06088";"Nice";"06";"None";"None";"06088000KX0126";"None";"None";"112";"84.05";"None";"nan";"None";"nan";"None";"None";"None";"None";"1";"3";"Dépendance";"nan";"0.0";"None";"None";"None";"None";"nan";"7.255983";"43.6993";"000KX"
"2021-69399";"2021-11-08";"1";"Vente";"226500.0";"4.0";"None";"RUE PERE A VALENSIN";"4945";"06000";"06088";"Nice";"06";"None";"None";"06088000KX0079";"None";"None";"57";"nan";"58";"nan";"None";"nan";"None";"None";"None";"None";"2";"2";"Appartement";"80.0";"4.0";"None";"None";"None";"None";"nan";"7.25268";"43.69985";"000KX"
"2021-68557";"2021-11-02";"1";"Vente";"455000.0";"17.0";"None";"RUE FREDERIC PASSY";"2665";"06000";"06088";"Nice";"06";"None";"None";"06088000KX0095";"None";"None";"109";"66.37";"17";"nan";"None";"nan";"None";"None";"None";"None";"2";"2";"Appartement";"64.0";"3.0";"None";"None";"None";"None";"nan";"7.253214";"43.699354";"000KX"
"2021-68557";"2021-11-02";"1";"Vente";"455000.0";"17.0";"None";"RUE FREDERIC PASSY";"2665";"06000";"06088";"Nice";"06";"None";"None";"06088000KX0095";"None";"None";"109";"66.37";"17";"nan";"None";"nan";"None";"None";"None";"None";"2";"3";"Dépendance";"nan";"0.0";"None";"None";"None";"None";"nan";"7.253214";"43.699354";"000KX"
"2021-68458";"2021-10-28";"1";"Vente";"296000.0";"22.0";"None";"AV FLEURS";"2460";"06000";"06088";"Nice";"06";"None";"None";"06088000KX0165";"None";"None";"10";"nan";"71";"76.7";"None";"nan";"None";"None";"None";"None";"2";"2";"Appartement";"77.0";"3.0";"None";"None";"None";"None";"nan";"7.252823";"43.698184";"000KX"
"2021-69299";"2021-10-28";"1";"Vente";"125000.0";"13.0";"None";"AV SHAKESPEARE";"6220";"06000";"06088";"Nice";"06";"None";"None";"06088000KX0068";"None";"None";"126";"31.5";"None";"nan";"None";"nan";"None";"None";"None";"None";"1";"2";"Appartement";"40.0";"1.0";"None";"None";"None";"None";"nan";"7.253239";"43.699852";"000KX"
"2021-69326";"2021-10-28";"1";"Vente";"890000.0";"6.0";"None";"AV DEPOILLY";"1910";"06000";"06088";"Nice";"06";"None";"None";"06088000KX0038";"None";"None";"7";"nan";"None";"nan";"None";"nan";"None";"None";"None";"None";"1";"2";"Appartement";"157.0";"7.0";"None";"None";"None";"None";"nan";"7.255307";"43.700328";"000KX"
"2021-68458";"2021-10-28";"1";"Vente";"296000.0";"22.0";"None";"AV FLEURS";"2460";"06000";"06088";"Nice";"06";"None";"None";"06088000KX0165";"None";"None";"10";"nan";"71";"76.7";"None";"nan";"None";"None";"None";"None";"2";"3";"Dépendance";"nan";"0.0";"None";"None";"None";"None";"nan";"7.252823";"43.698184";"000KX"
"2021-69326";"2021-10-28";"1";"Vente";"890000.0";"6.0";"None";"AV DEPOILLY";"1910";"06000";"06088";"Nice";"06";"None";"None";"06088000KX0038";"None";"None";"7";"nan";"None";"nan";"None";"nan";"None";"None";"None";"None";"1";"3";"Dépendance";"nan";"0.0";"None";"None";"None";"None";"nan";"7.255307";"43.700328";"000KX"
"2021-69326";"2021-10-28";"1";"Vente";"890000.0";"6.0";"None";"AV DEPOILLY";"1910";"06000";"06088";"Nice";"06";"None";"None";"06088000KX0038";"None";"None";"23";"nan";"None";"nan";"None";"nan";"None";"None";"None";"None";"1";"3";"Dépendance";"nan";"0.0";"None";"None";"None";"None";"nan";"7.255307";"43.700328";"000KX"
"2021-69315";"2021-10-27";"1";"Vente";"470000.0";"10.0";"None";"AV FLEURS";"2460";"06000";"06088";"Nice";"06";"None";"None";"06088000KX0145";"None";"None";"58";"63.11";"None";"nan";"None";"nan";"None";"None";"None";"None";"1";"2";"Appartement";"63.0";"3.0";"None";"None";"None";"None";"nan";"7.254212";"43.698205";"000KX"
"2021-69315";"2021-10-27";"1";"Vente";"470000.0";"10.0";"None";"AV FLEURS";"2460";"06000";"06088";"Nice";"06";"None";"None";"06088000KX0145";"None";"None";"209";"nan";"None";"nan";"None";"nan";"None";"None";"None";"None";"1";"3";"Dépendance";"nan";"0.0";"None";"None";"None";"None";"nan";"7.254212";"43.698205";"000KX"
"2021-68834";"2021-10-26";"1";"Vente";"322000.0";"21.0";"None";"RUE CAFFARELLI";"1005";"06000";"06088";"Nice";"06";"None";"None";"06088000KX0155";"None";"None";"49";"93.5";"None";"nan";"None";"nan";"None";"None";"None";"None";"1";"2";"Appartement";"68.0";"2.0";"None";"None";"None";"None";"nan";"7.253342";"43.698476";"000KX"
"2021-69090";"2021-10-26";"1";"Vente";"173000.0";"56.0";"None";"RUE SAINT PHILIPPE";"5895";"06000";"06088";"Nice";"06";"None";"None";"06088000KX0268";"None";"None";"40";"41.5";"None";"nan";"None";"nan";"None";"None";"None";"None";"1";"2";"Appartement";"59.0";"2.0";"None";"None";"None";"None";"nan";"7.255857";"43.698182";"000KX"
"2021-68834";"2021-10-26";"1";"Vente";"322000.0";"21.0";"None";"RUE CAFFARELLI";"1005";"06000";"06088";"Nice";"06";"None";"None";"06088000KX0155";"None";"None";"49";"93.5";"None";"nan";"None";"nan";"None";"None";"None";"None";"1";"3";"Dépendance";"nan";"0.0";"None";"None";"None";"None";"nan";"7.253342";"43.698476";"000KX"
"2021-68834";"2021-10-26";"1";"Vente";"322000.0";"21.0";"None";"RUE CAFFARELLI";"1005";"06000";"06088";"Nice";"06";"None";"None";"06088000KX0155";"None";"None";"43";"nan";"None";"nan";"None";"nan";"None";"None";"None";"None";"1";"3";"Dépendance";"nan";"0.0";"None";"None";"None";"None";"nan";"7.253342";"43.698476";"000KX"
"2021-69247";"2021-10-25";"1";"Vente";"438000.0";"5.0";"None";"AV SHAKESPEARE";"6220";"06000";"06088";"Nice";"06";"None";"None";"06088000KX0097";"None";"None";"14";"nan";"53";"71.77";"None";"nan";"None";"None";"None";"None";"2";"2";"Appartement";"74.0";"3.0";"None";"None";"None";"None";"nan";"7.253417";"43.6992";"000KX"
"2021-69247";"2021-10-25";"1";"Vente";"438000.0";"5.0";"None";"AV SHAKESPEARE";"6220";"06000";"06088";"Nice";"06";"None";"None";"06088000KX0097";"None";"None";"14";"nan";"53";"71.77";"None";"nan";"None";"None";"None";"None";"2";"3";"Dépendance";"nan";"0.0";"None";"None";"None";"None";"nan";"7.253417";"43.6992";"000KX"
"2021-69125";"2021-10-22";"1";"Vente";"79500.0";"71.0";"None";"BD FRANCOIS GROSSO";"2630";"06000";"06088";"Nice";"06";"None";"None";"06088000KX0216";"None";"None";"17";"22.9";"None";"nan";"None";"nan";"None";"None";"None";"None";"1";"2";"Appartement";"24.0";"1.0";"None";"None";"None";"None";"nan";"7.250935";"43.699044";"000KX"
"2021-67731";"2021-10-15";"1";"Vente";"237000.0";"20.0";"None";"RUE CHATEAUNEUF";"1365";"06000";"06088";"Nice";"06";"None";"None";"06088000KX0016";"None";"None";"19";"nan";"7";"nan";"None";"nan";"None";"None";"None";"None";"2";"2";"Appartement";"77.0";"4.0";"None";"None";"None";"None";"nan";"7.253845";"43.701009";"000KX"
"2021-68075";"2021-10-15";"1";"Vente";"170000.0";"4.0";"None";"RUE PERE A VALENSIN";"4945";"06000";"06088";"Nice";"06";"None";"None";"06088000KX0079";"None";"None";"26";"38.74";"None";"nan";"None";"nan";"None";"None";"None";"None";"1";"2";"Appartement";"39.0";"2.0";"None";"None";"None";"None";"nan";"7.25268";"43.69985";"000KX"
"2021-67731";"2021-10-15";"1";"Vente";"237000.0";"20.0";"None";"RUE CHATEAUNEUF";"1365";"06000";"06088";"Nice";"06";"None";"None";"06088000KX0016";"None";"None";"19";"nan";"7";"nan";"None";"nan";"None";"None";"None";"None";"2";"3";"Dépendance";"nan";"0.0";"None";"None";"None";"None";"nan";"7.253845";"43.701009";"000KX"
"2021-67213";"2021-10-11";"1";"Vente";"260000.0";"69.0";"None";"BD FRANCOIS GROSSO";"2630";"06000";"06088";"Nice";"06";"None";"None";"06088000KX0215";"None";"None";"18";"nan";"77";"71.03";"None";"nan";"None";"None";"None";"None";"2";"2";"Appartement";"80.0";"3.0";"None";"None";"None";"None";"nan";"7.250715";"43.69887";"000KX"
"2021-67554";"2021-10-11";"1";"Vente";"124800.0";"4.0";"None";"AV FLEURS";"2460";"06000";"06088";"Nice";"06";"None";"None";"06088000KX0137";"None";"None";"25";"nan";"54";"59.91";"None";"nan";"None";"None";"None";"None";"2";"2";"Appartement";"62.0";"2.0";"None";"None";"None";"None";"nan";"7.255466";"43.697813";"000KX"
"2021-67213";"2021-10-11";"1";"Vente";"260000.0";"69.0";"None";"BD FRANCOIS GROSSO";"2630";"06000";"06088";"Nice";"06";"None";"None";"06088000KX0215";"None";"None";"59";"nan";"None";"nan";"None";"nan";"None";"None";"None";"None";"1";"3";"Dépendance";"nan";"0.0";"None";"None";"None";"None";"nan";"7.250715";"43.69887";"000KX"
"2021-67213";"2021-10-11";"1";"Vente";"260000.0";"69.0";"None";"BD FRANCOIS GROSSO";"2630";"06000";"06088";"Nice";"06";"None";"None";"06088000KX0215";"None";"None";"18";"nan";"77";"71.03";"None";"nan";"None";"None";"None";"None";"2";"3";"Dépendance";"nan";"0.0";"None";"None";"None";"None";"nan";"7.250715";"43.69887";"000KX"
"2021-67554";"2021-10-11";"1";"Vente";"124800.0";"4.0";"None";"AV FLEURS";"2460";"06000";"06088";"Nice";"06";"None";"None";"06088000KX0137";"None";"None";"25";"nan";"54";"59.91";"None";"nan";"None";"None";"None";"None";"2";"3";"Dépendance";"nan";"0.0";"None";"None";"None";"None";"nan";"7.255466";"43.697813";"000KX"
"2021-68142";"2021-10-08";"1";"Vente";"68000.0";"30.0";"None";"RUE CHATEAUNEUF";"1365";"06000";"06088";"Nice";"06";"None";"None";"06088000KX0009";"None";"None";"21";"10.15";"None";"nan";"None";"nan";"None";"None";"None";"None";"1";"2";"Appartement";"9.0";"1.0";"None";"None";"None";"None";"nan";"7.252935";"43.700701";"000KX"
"2021-68114";"2021-10-07";"1";"Vente";"350000.0";"14.0";"None";"RUE CAFFARELLI";"1005";"06000";"06088";"Nice";"06";"None";"None";"06088000KX0110";"None";"None";"59";"nan";"None";"nan";"None";"nan";"None";"None";"None";"None";"1";"2";"Appartement";"150.0";"5.0";"None";"None";"None";"None";"nan";"7.254418";"43.698946";"000KX"
"2021-67225";"2021-10-07";"1";"Vente";"35500.0";"47.0";"None";"RUE CAFFARELLI";"1005";"06000";"06088";"Nice";"06";"None";"None";"06088000KX0191";"None";"None";"10";"nan";"None";"nan";"None";"nan";"None";"None";"None";"None";"1";"3";"Dépendance";"nan";"0.0";"None";"None";"None";"None";"nan";"7.252017";"43.69921";"000KX"
"2021-68114";"2021-10-07";"1";"Vente";"350000.0";"14.0";"None";"RUE CAFFARELLI";"1005";"06000";"06088";"Nice";"06";"None";"None";"06088000KX0110";"None";"None";"59";"nan";"None";"nan";"None";"nan";"None";"None";"None";"None";"1";"3";"Dépendance";"nan";"0.0";"None";"None";"None";"None";"nan";"7.254418";"43.698946";"000KX"
"2021-66940";"2021-10-06";"1";"Vente";"178269.0";"4.0";"None";"AV FLEURS";"2460";"06000";"06088";"Nice";"06";"None";"None";"06088000KX0137";"None";"None";"29";"nan";"37";"34.1";"None";"nan";"None";"None";"None";"None";"2";"2";"Appartement";"35.0";"1.0";"None";"None";"None";"None";"nan";"7.255466";"43.697813";"000KX"
"2021-66940";"2021-10-06";"1";"Vente";"178269.0";"4.0";"None";"AV FLEURS";"2460";"06000";"06088";"Nice";"06";"None";"None";"06088000KX0137";"None";"None";"29";"nan";"37";"34.1";"None";"nan";"None";"None";"None";"None";"2";"3";"Dépendance";"nan";"0.0";"None";"None";"None";"None";"nan";"7.255466";"43.697813";"000KX"
"2021-67606";"2021-10-05";"1";"Vente";"273000.0";"8.0";"None";"RUE CAFFARELLI";"1005";"06000";"06088";"Nice";"06";"None";"None";"06088000KX0323";"None";"None";"406";"37.1";"None";"nan";"None";"nan";"None";"None";"None";"None";"1";"2";"Appartement";"37.0";"2.0";"None";"None";"None";"None";"nan";"7.254798";"43.698958";"000KX"
"2021-66894";"2021-10-04";"1";"Vente";"180000.0";"65.0";"None";"BD GAMBETTA";"2755";"06000";"06088";"Nice";"06";"None";"None";"06088000KX0027";"None";"None";"148";"43.58";"91";"nan";"None";"nan";"None";"None";"None";"None";"2";"2";"Appartement";"43.0";"2.0";"None";"None";"None";"None";"nan";"7.255784";"43.701276";"000KX"
"2021-67438";"2021-10-04";"1";"Vente";"440000.0";"8.0";"None";"AV FLEURS";"2460";"06000";"06088";"Nice";"06";"None";"None";"06088000KX0141";"None";"None";"44";"nan";"None";"nan";"None";"nan";"None";"None";"None";"None";"1";"2";"Appartement";"85.0";"3.0";"None";"None";"None";"None";"nan";"7.25459";"43.697935";"000KX"
"2021-67990";"2021-10-01";"1";"Vente";"443500.0";"22.0";"None";"AV FLEURS";"2460";"06000";"06088";"Nice";"06";"None";"None";"06088000KX0165";"None";"None";"30";"nan";"68";"105.64";"None";"nan";"None";"None";"None";"None";"2";"2";"Appartement";"104.0";"3.0";"None";"None";"None";"None";"nan";"7.252823";"43.698184";"000KX"
"2021-67990";"2021-10-01";"1";"Vente";"443500.0";"22.0";"None";"AV FLEURS";"2460";"06000";"06088";"Nice";"06";"None";"None";"06088000KX0165";"None";"None";"30";"nan";"68";"105.64";"None";"nan";"None";"None";"None";"None";"2";"3";"Dépendance";"nan";"0.0";"None";"None";"None";"None";"nan";"7.252823";"43.698184";"000KX"
"2021-67990";"2021-10-01";"1";"Vente";"443500.0";"22.0";"None";"AV FLEURS";"2460";"06000";"06088";"Nice";"06";"None";"None";"06088000KX0165";"None";"None";"30";"nan";"68";"105.64";"None";"nan";"None";"None";"None";"None";"2";"3";"Dépendance";"nan";"0.0";"None";"None";"None";"None";"nan";"7.252823";"43.698184";"000KX"
"2021-67990";"2021-10-01";"1";"Vente";"443500.0";"22.0";"None";"AV FLEURS";"2460";"06000";"06088";"Nice";"06";"None";"None";"06088000KX0165";"None";"None";"36";"nan";"None";"nan";"None";"nan";"None";"None";"None";"None";"1";"3";"Dépendance";"nan";"0.0";"None";"None";"None";"None";"nan";"7.252823";"43.698184";"000KX"
"2021-66941";"2021-09-29";"1";"Vente";"780000.0";"53.0";"None";"BD GAMBETTA";"2755";"06000";"06088";"Nice";"06";"None";"None";"06088000KX0042";"None";"None";"14";"nan";"8";"nan";"None";"nan";"None";"None";"None";"None";"2";"4";"Local industriel. commercial ou assimilé";"316.0";"0.0";"None";"None";"None";"None";"nan";"7.255754";"43.699861";"000KX"
"2021-67330";"2021-09-28";"1";"Vente";"141000.0";"1.0";"None";"RUE SAUSSURE";"6115";"06000";"06088";"Nice";"06";"None";"None";"06088000KX0060";"None";"None";"16";"63.16";"None";"nan";"None";"nan";"None";"None";"None";"None";"1";"2";"Appartement";"69.0";"3.0";"None";"None";"None";"None";"nan";"7.253885";"43.700492";"000KX"
"2021-67363";"2021-09-28";"1";"Vente";"160000.0";"4.0";"None";"RUE CAFFARELLI";"1005";"06000";"06088";"Nice";"06";"None";"None";"06088000KX0121";"None";"None";"22";"nan";"71";"50.8";"None";"nan";"None";"None";"None";"None";"2";"2";"Appartement";"50.0";"2.0";"None";"None";"None";"None";"nan";"7.255622";"43.698827";"000KX"
"2021-67330";"2021-09-28";"1";"Vente";"141000.0";"1.0";"None";"RUE SAUSSURE";"6115";"06000";"06088";"Nice";"06";"None";"None";"06088000KX0060";"None";"None";"16";"63.16";"None";"nan";"None";"nan";"None";"None";"None";"None";"1";"3";"Dépendance";"nan";"0.0";"None";"None";"None";"None";"nan";"7.253885";"43.700492";"000KX"
"2021-67353";"2021-09-28";"1";"Vente";"29000.0";"23.0";"None";"RUE FREDERIC PASSY";"2665";"06000";"06088";"Nice";"06";"None";"None";"06088000KX0274";"None";"None";"17";"nan";"None";"nan";"None";"nan";"None";"None";"None";"None";"1";"3";"Dépendance";"nan";"0.0";"None";"None";"None";"None";"nan";"7.251548";"43.699318";"000KX"
"2021-67363";"2021-09-28";"1";"Vente";"160000.0";"4.0";"None";"RUE CAFFARELLI";"1005";"06000";"06088";"Nice";"06";"None";"None";"06088000KX0121";"None";"None";"22";"nan";"71";"50.8";"None";"nan";"None";"None";"None";"None";"2";"3";"Dépendance";"nan";"0.0";"None";"None";"None";"None";"nan";"7.255622";"43.698827";"000KX"
"2021-66950";"2021-09-27";"1";"Vente";"25000.0";"47.0";"None";"RUE CAFFARELLI";"1005";"06000";"06088";"Nice";"06";"None";"None";"06088000KX0191";"None";"None";"50";"nan";"None";"nan";"None";"nan";"None";"None";"None";"None";"1";"3";"Dépendance";"nan";"0.0";"None";"None";"None";"None";"nan";"7.252017";"43.69921";"000KX"
"2021-66530";"2021-09-24";"1";"Vente";"176500.0";"13.0";"None";"AV SHAKESPEARE";"6220";"06000";"06088";"Nice";"06";"None";"None";"06088000KX0068";"None";"None";"140";"27.06";"None";"nan";"None";"nan";"None";"None";"None";"None";"1";"2";"Appartement";"31.0";"1.0";"None";"None";"None";"None";"nan";"7.253239";"43.699852";"000KX"
"2021-66929";"2021-09-23";"1";"Vente";"151500.0";"21.0";"None";"RUE CAFFARELLI";"1005";"06000";"06088";"Nice";"06";"None";"None";"06088000KX0155";"None";"None";"22";"nan";"73";"30.8";"None";"nan";"None";"None";"None";"None";"2";"2";"Appartement";"33.0";"1.0";"None";"None";"None";"None";"nan";"7.253342";"43.698476";"000KX"
"2021-66929";"2021-09-23";"1";"Vente";"151500.0";"21.0";"None";"RUE CAFFARELLI";"1005";"06000";"06088";"Nice";"06";"None";"None";"06088000KX0155";"None";"None";"22";"nan";"73";"30.8";"None";"nan";"None";"None";"None";"None";"2";"3";"Dépendance";"nan";"0.0";"None";"None";"None";"None";"nan";"7.253342";"43.698476";"000KX"
"2021-66929";"2021-09-23";"1";"Vente";"151500.0";"21.0";"None";"RUE CAFFARELLI";"1005";"06000";"06088";"Nice";"06";"None";"None";"06088000KX0155";"None";"None";"29";"nan";"None";"nan";"None";"nan";"None";"None";"None";"None";"1";"3";"Dépendance";"nan";"0.0";"None";"None";"None";"None";"nan";"7.253342";"43.698476";"000KX"
"2021-66858";"2021-09-22";"1";"Vente";"183000.0";"4.0";"None";"RUE CHATEAUNEUF";"1365";"06000";"06088";"Nice";"06";"None";"None";"06088000KX0023";"None";"None";"19";"nan";"94";"nan";"None";"nan";"None";"None";"None";"None";"2";"2";"Appartement";"52.0";"2.0";"None";"None";"None";"None";"nan";"7.255705";"43.701793";"000KX"
"2021-66858";"2021-09-22";"1";"Vente";"183000.0";"4.0";"None";"RUE CHATEAUNEUF";"1365";"06000";"06088";"Nice";"06";"None";"None";"06088000KX0023";"None";"None";"19";"nan";"94";"nan";"None";"nan";"None";"None";"None";"None";"2";"3";"Dépendance";"nan";"0.0";"None";"None";"None";"None";"nan";"7.255705";"43.701793";"000KX"
"2021-66198";"2021-09-21";"1";"Vente";"41200.0";"28.0";"None";"AV FLEURS";"2460";"06000";"06088";"Nice";"06";"None";"None";"06088000KX0170";"None";"None";"6";"5.0";"None";"nan";"None";"nan";"None";"None";"None";"None";"1";"3";"Dépendance";"nan";"0.0";"None";"None";"None";"None";"nan";"7.252282";"43.698176";"000KX"
"2021-66020";"2021-09-20";"1";"Vente";"844800.0";"9.0";"None";"RUE FREDERIC PASSY";"2665";"06000";"06088";"Nice";"06";"None";"None";"06088000KX0109";"None";"None";"15";"nan";"19";"221.0";"None";"nan";"None";"None";"None";"None";"2";"2";"Appartement";"228.0";"6.0";"None";"None";"None";"None";"nan";"7.25442";"43.699293";"000KX"
"2021-66020";"2021-09-20";"1";"Vente";"844800.0";"9.0";"None";"RUE FREDERIC PASSY";"2665";"06000";"06088";"Nice";"06";"None";"None";"06088000KX0109";"None";"None";"32";"nan";"None";"nan";"None";"nan";"None";"None";"None";"None";"1";"3";"Dépendance";"nan";"0.0";"None";"None";"None";"None";"nan";"7.25442";"43.699293";"000KX"
"2021-66020";"2021-09-20";"1";"Vente";"844800.0";"9.0";"None";"RUE FREDERIC PASSY";"2665";"06000";"06088";"Nice";"06";"None";"None";"06088000KX0109";"None";"None";"15";"nan";"19";"221.0";"None";"nan";"None";"None";"None";"None";"2";"3";"Dépendance";"nan";"0.0";"None";"None";"None";"None";"nan";"7.25442";"43.699293";"000KX"
"2021-66020";"2021-09-20";"1";"Vente";"844800.0";"9.0";"None";"RUE FREDERIC PASSY";"2665";"06000";"06088";"Nice";"06";"None";"None";"06088000KX0109";"None";"None";"10";"nan";"5";"nan";"None";"nan";"None";"None";"None";"None";"2";"3";"Dépendance";"nan";"0.0";"None";"None";"None";"None";"nan";"7.25442";"43.699293";"000KX"
"2021-67344";"2021-09-20";"1";"Vente";"130000.0";"16.0";"None";"RUE FREDERIC PASSY";"2665";"06000";"06088";"Nice";"06";"None";"None";"06088000KX0067";"None";"None";"58";"nan";"87";"nan";"None";"nan";"None";"None";"None";"None";"2";"4";"Local industriel. commercial ou assimilé";"38.0";"0.0";"None";"None";"None";"None";"nan";"7.253849";"43.699766";"000KX"
"2021-66220";"2021-09-15";"1";"Vente";"89000.0";"20.0";"B";"AV FLEURS";"2460";"06000";"06088";"Nice";"06";"None";"None";"06088000KX0164";"None";"None";"81";"13.9";"None";"nan";"None";"nan";"None";"None";"None";"None";"1";"2";"Appartement";"13.0";"1.0";"None";"None";"None";"None";"nan";"7.253183";"43.698116";"000KX"
"2021-67263";"2021-09-15";"1";"Vente";"138000.0";"69.0";"None";"BD FRANCOIS GROSSO";"2630";"06000";"06088";"Nice";"06";"None";"None";"06088000KX0215";"None";"None";"49";"30.53";"None";"nan";"None";"nan";"None";"None";"None";"None";"1";"2";"Appartement";"34.0";"1.0";"None";"None";"None";"None";"nan";"7.250715";"43.69887";"000KX"
"2021-67263";"2021-09-15";"1";"Vente";"138000.0";"69.0";"None";"BD FRANCOIS GROSSO";"2630";"06000";"06088";"Nice";"06";"None";"None";"06088000KX0215";"None";"None";"49";"30.53";"None";"nan";"None";"nan";"None";"None";"None";"None";"1";"3";"Dépendance";"nan";"0.0";"None";"None";"None";"None";"nan";"7.250715";"43.69887";"000KX"
"2021-66095";"2021-09-13";"1";"Vente";"120000.0";"41.0";"None";"RUE CHATEAUNEUF";"1365";"06000";"06088";"Nice";"06";"None";"None";"06088000KX0087";"None";"None";"17";"22.4";"None";"nan";"None";"nan";"None";"None";"None";"None";"1";"2";"Appartement";"23.0";"1.0";"None";"None";"None";"None";"nan";"7.251692";"43.699792";"000KX"
"2021-66095";"2021-09-13";"1";"Vente";"120000.0";"41.0";"None";"RUE CHATEAUNEUF";"1365";"06000";"06088";"Nice";"06";"None";"None";"06088000KX0087";"None";"None";"17";"22.4";"None";"nan";"None";"nan";"None";"None";"None";"None";"1";"3";"Dépendance";"nan";"0.0";"None";"None";"None";"None";"nan";"7.251692";"43.699792";"000KX"
"2021-66072";"2021-09-09";"1";"Vente";"135000.0";"65.0";"None";"BD FRANCOIS GROSSO";"2630";"06000";"06088";"Nice";"06";"None";"None";"06088000KX0214";"None";"None";"20";"nan";"None";"nan";"None";"nan";"None";"None";"None";"None";"1";"2";"Appartement";"21.0";"1.0";"None";"None";"None";"None";"nan";"7.250981";"43.698658";"000KX"
"2021-66019";"2021-09-08";"1";"Vente";"200000.0";"15.0";"None";"AV SHAKESPEARE";"6220";"06000";"06088";"Nice";"06";"None";"None";"06088000KX0072";"None";"None";"20";"nan";"57";"41.6";"None";"nan";"None";"None";"None";"None";"2";"2";"Appartement";"43.0";"2.0";"None";"None";"None";"None";"nan";"7.253377";"43.700082";"000KX"
"2021-65518";"2021-09-08";"1";"Vente";"35000.0";"23.0";"None";"RUE FREDERIC PASSY";"2665";"06000";"06088";"Nice";"06";"None";"None";"06088000KX0274";"None";"None";"58";"nan";"None";"nan";"None";"nan";"None";"None";"None";"None";"1";"3";"Dépendance";"nan";"0.0";"None";"None";"None";"None";"nan";"7.251548";"43.699318";"000KX"
"2021-66019";"2021-09-08";"1";"Vente";"200000.0";"15.0";"None";"AV SHAKESPEARE";"6220";"06000";"06088";"Nice";"06";"None";"None";"06088000KX0072";"None";"None";"20";"nan";"57";"41.6";"None";"nan";"None";"None";"None";"None";"2";"3";"Dépendance";"nan";"0.0";"None";"None";"None";"None";"nan";"7.253377";"43.700082";"000KX"
"2021-65750";"2021-09-03";"1";"Vente";"214250.0";"30.0";"None";"RUE FREDERIC PASSY";"2665";"06000";"06088";"Nice";"06";"None";"None";"06088000KX0083";"None";"None";"6";"nan";"None";"nan";"None";"nan";"None";"None";"None";"None";"1";"2";"Appartement";"55.0";"2.0";"None";"None";"None";"None";"nan";"7.251991";"43.699725";"000KX"
"2021-65750";"2021-09-03";"1";"Vente";"214250.0";"30.0";"None";"RUE FREDERIC PASSY";"2665";"06000";"06088";"Nice";"06";"None";"None";"06088000KX0083";"None";"None";"6";"nan";"None";"nan";"None";"nan";"None";"None";"None";"None";"1";"3";"Dépendance";"nan";"0.0";"None";"None";"None";"None";"nan";"7.251991";"43.699725";"000KX"
"2021-65326";"2021-09-02";"1";"Vente";"300500.0";"63.0";"None";"BD GAMBETTA";"2755";"06000";"06088";"Nice";"06";"None";"None";"06088000KX0028";"None";"None";"1";"nan";"14";"95.08";"None";"nan";"None";"None";"None";"None";"2";"2";"Appartement";"92.0";"4.0";"None";"None";"None";"None";"nan";"7.255731";"43.701115";"000KX"
"2021-65326";"2021-09-02";"1";"Vente";"300500.0";"63.0";"None";"BD GAMBETTA";"2755";"06000";"06088";"Nice";"06";"None";"None";"06088000KX0028";"None";"None";"1";"nan";"14";"95.08";"None";"nan";"None";"None";"None";"None";"2";"3";"Dépendance";"nan";"0.0";"None";"None";"None";"None";"nan";"7.255731";"43.701115";"000KX"
"2021-65114";"2021-09-01";"1";"Vente";"172000.0";"5.0";"None";"RUE COLONEL MUSSO";"1585";"06000";"06088";"Nice";"06";"None";"None";"06088000KX0181";"None";"None";"5";"47.24";"None";"nan";"None";"nan";"None";"None";"None";"None";"1";"2";"Appartement";"45.0";"3.0";"None";"None";"None";"None";"nan";"7.252594";"43.698724";"000KX"
"2021-65304";"2021-09-01";"1";"Vente";"259000.0";"48.0";"None";"RUE SAINT PHILIPPE";"5895";"06000";"06088";"Nice";"06";"None";"None";"06088000KX0133";"None";"None";"10";"nan";"33";"nan";"42";"nan";"None";"None";"None";"None";"3";"2";"Appartement";"61.0";"2.0";"None";"None";"None";"None";"nan";"7.255737";"43.697946";"000KX"
"2021-65402";"2021-09-01";"1";"Vente";"239000.0";"6.0";"None";"RUE PERE A VALENSIN";"4945";"06000";"06088";"Nice";"06";"None";"None";"06088000KX0079";"None";"None";"31";"58.65";"74";"nan";"None";"nan";"None";"None";"None";"None";"2";"2";"Appartement";"60.0";"3.0";"None";"None";"None";"None";"nan";"7.25268";"43.69985";"000KX"
"2021-65114";"2021-09-01";"1";"Vente";"172000.0";"5.0";"None";"RUE COLONEL MUSSO";"1585";"06000";"06088";"Nice";"06";"None";"None";"06088000KX0181";"None";"None";"5";"47.24";"None";"nan";"None";"nan";"None";"None";"None";"None";"1";"3";"Dépendance";"nan";"0.0";"None";"None";"None";"None";"nan";"7.252594";"43.698724";"000KX"
"2021-65304";"2021-09-01";"1";"Vente";"259000.0";"48.0";"None";"RUE SAINT PHILIPPE";"5895";"06000";"06088";"Nice";"06";"None";"None";"06088000KX0133";"None";"None";"10";"nan";"33";"nan";"42";"nan";"None";"None";"None";"None";"3";"3";"Dépendance";"nan";"0.0";"None";"None";"None";"None";"nan";"7.255737";"43.697946";"000KX"
"2021-64829";"2021-08-31";"1";"Vente";"150000.0";"11.0";"None";"RUE CAFFARELLI";"1005";"06000";"06088";"Nice";"06";"None";"None";"06088000KX0144";"None";"None";"44";"nan";"92";"55.22";"None";"nan";"None";"None";"None";"None";"2";"2";"Appartement";"51.0";"2.0";"None";"None";"None";"None";"nan";"7.254215";"43.698544";"000KX"
"2021-64829";"2021-08-31";"1";"Vente";"150000.0";"11.0";"None";"RUE CAFFARELLI";"1005";"06000";"06088";"Nice";"06";"None";"None";"06088000KX0144";"None";"None";"44";"nan";"92";"55.22";"None";"nan";"None";"None";"None";"None";"2";"3";"Dépendance";"nan";"0.0";"None";"None";"None";"None";"nan";"7.254215";"43.698544";"000KX"
"2021-64829";"2021-08-31";"1";"Vente";"150000.0";"11.0";"None";"RUE CAFFARELLI";"1005";"06000";"06088";"Nice";"06";"None";"None";"06088000KX0144";"None";"None";"44";"nan";"92";"55.22";"None";"nan";"None";"None";"None";"None";"2";"3";"Dépendance";"nan";"0.0";"None";"None";"None";"None";"nan";"7.254215";"43.698544";"000KX"
"2021-65524";"2021-08-30";"1";"Vente";"157000.0";"20.0";"None";"RUE CHATEAUNEUF";"1365";"06000";"06088";"Nice";"06";"None";"None";"06088000KX0016";"None";"None";"33";"nan";"None";"nan";"None";"nan";"None";"None";"None";"None";"1";"2";"Appartement";"33.0";"1.0";"None";"None";"None";"None";"nan";"7.253845";"43.701009";"000KX"
"2021-64934";"2021-08-25";"1";"Vente";"285000.0";"25.0";"None";"RUE CHATEAUNEUF";"1365";"06000";"06088";"Nice";"06";"None";"None";"06088000KX0076";"None";"None";"37";"75.45";"None";"nan";"None";"nan";"None";"None";"None";"None";"1";"2";"Appartement";"78.0";"3.0";"None";"None";"None";"None";"nan";"7.253243";"43.700271";"000KX"
"2021-64934";"2021-08-25";"1";"Vente";"285000.0";"25.0";"None";"RUE CHATEAUNEUF";"1365";"06000";"06088";"Nice";"06";"None";"None";"06088000KX0076";"None";"None";"37";"75.45";"None";"nan";"None";"nan";"None";"None";"None";"None";"1";"3";"Dépendance";"nan";"0.0";"None";"None";"None";"None";"nan";"7.253243";"43.700271";"000KX"
"2021-64934";"2021-08-25";"1";"Vente";"285000.0";"25.0";"None";"RUE CHATEAUNEUF";"1365";"06000";"06088";"Nice";"06";"None";"None";"06088000KX0076";"None";"None";"28";"nan";"None";"nan";"None";"nan";"None";"None";"None";"None";"1";"3";"Dépendance";"nan";"0.0";"None";"None";"None";"None";"nan";"7.253243";"43.700271";"000KX"
"2021-64801";"2021-08-24";"1";"Vente";"104000.0";"21.0";"None";"RUE FRANCOIS AUNE";"2615";"06000";"06088";"Nice";"06";"None";"None";"06088000KX0051";"None";"None";"30";"19.53";"None";"nan";"None";"nan";"None";"None";"None";"None";"1";"2";"Appartement";"21.0";"1.0";"None";"None";"None";"None";"nan";"7.254876";"43.700848";"000KX"
"2021-65925";"2021-08-24";"1";"Vente";"123000.0";"47.0";"None";"RUE CAFFARELLI";"1005";"06000";"06088";"Nice";"06";"None";"None";"06088000KX0191";"None";"None";"125";"20.85";"None";"nan";"None";"nan";"None";"None";"None";"None";"1";"2";"Appartement";"21.0";"1.0";"None";"None";"None";"None";"nan";"7.252017";"43.69921";"000KX"
"2021-64127";"2021-08-06";"1";"Vente";"323000.0";"3.0";"None";"RUE FREDERIC PASSY";"2665";"06000";"06088";"Nice";"06";"None";"None";"06088000KX0317";"None";"None";"1";"nan";"18";"87.03";"None";"nan";"None";"None";"None";"None";"2";"2";"Appartement";"86.0";"3.0";"None";"None";"None";"None";"nan";"7.255097";"43.699395";"000KX"
"2021-64179";"2021-08-06";"1";"Vente";"360000.0";"34.0";"None";"RUE CAFFARELLI";"1005";"06000";"06088";"Nice";"06";"None";"None";"06088000KX0088";"None";"None";"43";"92.8";"None";"nan";"None";"nan";"None";"None";"None";"None";"1";"2";"Appartement";"93.0";"3.0";"None";"None";"None";"None";"nan";"7.252246";"43.699423";"000KX"
"2021-64224";"2021-08-06";"1";"Vente";"265000.0";"15.0";"None";"RUE FREDERIC PASSY";"2665";"06000";"06088";"Nice";"06";"None";"None";"06088000KX0279";"None";"None";"19";"67.08";"5";"nan";"None";"nan";"None";"None";"None";"None";"2";"2";"Appartement";"70.0";"3.0";"None";"None";"None";"None";"nan";"7.25387";"43.699334";"000KX"
"2021-64900";"2021-08-06";"1";"Vente";"150000.0";"47.0";"None";"BD GAMBETTA";"2755";"06000";"06088";"Nice";"06";"None";"None";"06088000KX0126";"None";"None";"83";"31.12";"None";"nan";"None";"nan";"None";"None";"None";"None";"1";"2";"Appartement";"31.0";"1.0";"None";"None";"None";"None";"nan";"7.255983";"43.6993";"000KX"
"2021-64918";"2021-08-06";"1";"Vente";"130000.0";"47.0";"None";"RUE CAFFARELLI";"1005";"06000";"06088";"Nice";"06";"None";"None";"06088000KX0191";"None";"None";"81";"49.31";"97";"nan";"None";"nan";"None";"None";"None";"None";"2";"2";"Appartement";"51.0";"2.0";"None";"None";"None";"None";"nan";"7.252017";"43.69921";"000KX"
"2021-64127";"2021-08-06";"1";"Vente";"323000.0";"3.0";"None";"RUE FREDERIC PASSY";"2665";"06000";"06088";"Nice";"06";"None";"None";"06088000KX0317";"None";"None";"1";"nan";"18";"87.03";"None";"nan";"None";"None";"None";"None";"2";"3";"Dépendance";"nan";"0.0";"None";"None";"None";"None";"nan";"7.255097";"43.699395";"000KX"
"2021-64900";"2021-08-06";"1";"Vente";"150000.0";"47.0";"None";"BD GAMBETTA";"2755";"06000";"06088";"Nice";"06";"None";"None";"06088000KX0126";"None";"None";"83";"31.12";"None";"nan";"None";"nan";"None";"None";"None";"None";"1";"3";"Dépendance";"nan";"0.0";"None";"None";"None";"None";"nan";"7.255983";"43.6993";"000KX"
"2021-64918";"2021-08-06";"1";"Vente";"130000.0";"47.0";"None";"RUE CAFFARELLI";"1005";"06000";"06088";"Nice";"06";"None";"None";"06088000KX0191";"None";"None";"81";"49.31";"97";"nan";"None";"nan";"None";"None";"None";"None";"2";"3";"Dépendance";"nan";"0.0";"None";"None";"None";"None";"nan";"7.252017";"43.69921";"000KX"
"2021-63819";"2021-07-30";"1";"Vente";"269000.0";"27.0";"None";"RUE CHATEAUNEUF";"1365";"06000";"06088";"Nice";"06";"None";"None";"06088000KX0077";"None";"None";"12";"nan";"30";"nan";"None";"nan";"None";"None";"None";"None";"2";"2";"Appartement";"81.0";"3.0";"None";"None";"None";"None";"nan";"7.252975";"43.700257";"000KX"
"2021-63819";"2021-07-30";"1";"Vente";"269000.0";"27.0";"None";"RUE CHATEAUNEUF";"1365";"06000";"06088";"Nice";"06";"None";"None";"06088000KX0077";"None";"None";"12";"nan";"30";"nan";"None";"nan";"None";"None";"None";"None";"2";"3";"Dépendance";"nan";"0.0";"None";"None";"None";"None";"nan";"7.252975";"43.700257";"000KX"
"2021-63895";"2021-07-30";"1";"Vente";"85000.0";"7.0";"None";"AV DEPOILLY";"1910";"06000";"06088";"Nice";"06";"None";"None";"06088000KX0045";"None";"None";"21";"10.25";"None";"nan";"None";"nan";"None";"None";"None";"None";"1";"3";"Dépendance";"nan";"0.0";"None";"None";"None";"None";"nan";"7.254519";"43.699918";"000KX"
"2021-63895";"2021-07-30";"1";"Vente";"85000.0";"7.0";"None";"AV DEPOILLY";"1910";"06000";"06088";"Nice";"06";"None";"None";"06088000KX0045";"None";"None";"22";"8.69";"None";"nan";"None";"nan";"None";"None";"None";"None";"1";"3";"Dépendance";"nan";"0.0";"None";"None";"None";"None";"nan";"7.254519";"43.699918";"000KX"
"2021-63895";"2021-07-30";"1";"Vente";"85000.0";"7.0";"None";"AV DEPOILLY";"1910";"06000";"06088";"Nice";"06";"None";"None";"06088000KX0045";"None";"None";"18";"10.18";"None";"nan";"None";"nan";"None";"None";"None";"None";"1";"3";"Dépendance";"nan";"0.0";"None";"None";"None";"None";"nan";"7.254519";"43.699918";"000KX"
"2021-63530";"2021-07-27";"1";"Vente";"210000.0";"5.0";"None";"RUE CHATEAUNEUF";"1365";"06000";"06088";"Nice";"06";"None";"None";"06088000KX0031";"None";"None";"63";"57.7";"None";"nan";"None";"nan";"None";"None";"None";"None";"1";"2";"Appartement";"56.0";"3.0";"None";"None";"None";"None";"nan";"7.255243";"43.701091";"000KX"
"2021-63529";"2021-07-23";"1";"Vente";"224900.0";"47.0";"None";"BD GAMBETTA";"2755";"06000";"06088";"Nice";"06";"None";"None";"06088000KX0126";"None";"None";"30";"nan";"60";"nan";"None";"nan";"None";"None";"None";"None";"2";"2";"Appartement";"46.0";"2.0";"None";"None";"None";"None";"nan";"7.255983";"43.6993";"000KX"
"2021-63733";"2021-07-23";"1";"Vente";"138000.0";"16.0";"None";"AV DEPOILLY";"1910";"06000";"06088";"Nice";"06";"None";"None";"06088000KX0046";"None";"None";"12";"25.4";"None";"nan";"None";"nan";"None";"None";"None";"None";"1";"2";"Appartement";"26.0";"2.0";"None";"None";"None";"None";"nan";"7.254249";"43.700053";"000KX"
"2021-63529";"2021-07-23";"1";"Vente";"224900.0";"47.0";"None";"BD GAMBETTA";"2755";"06000";"06088";"Nice";"06";"None";"None";"06088000KX0126";"None";"None";"30";"nan";"60";"nan";"None";"nan";"None";"None";"None";"None";"2";"3";"Dépendance";"nan";"0.0";"None";"None";"None";"None";"nan";"7.255983";"43.6993";"000KX"
"2021-62941";"2021-07-22";"1";"Vente";"147500.0";"13.0";"None";"AV SHAKESPEARE";"6220";"06000";"06088";"Nice";"06";"None";"None";"06088000KX0068";"None";"None";"130";"29.12";"None";"nan";"None";"nan";"None";"None";"None";"None";"1";"2";"Appartement";"28.0";"1.0";"None";"None";"None";"None";"nan";"7.253239";"43.699852";"000KX"
"2021-62941";"2021-07-22";"1";"Vente";"147500.0";"13.0";"None";"AV SHAKESPEARE";"6220";"06000";"06088";"Nice";"06";"None";"None";"06088000KX0068";"None";"None";"130";"29.12";"None";"nan";"None";"nan";"None";"None";"None";"None";"1";"3";"Dépendance";"nan";"0.0";"None";"None";"None";"None";"nan";"7.253239";"43.699852";"000KX"
"2021-64338";"2021-07-21";"1";"Vente";"265000.0";"28.0";"None";"RUE FREDERIC PASSY";"2665";"06000";"06088";"Nice";"06";"None";"None";"06088000KX0082";"None";"None";"3";"74.52";"None";"nan";"None";"nan";"None";"None";"None";"None";"1";"2";"Appartement";"71.0";"3.0";"None";"None";"None";"None";"nan";"7.252157";"43.699715";"000KX"
"2021-64338";"2021-07-21";"1";"Vente";"265000.0";"28.0";"None";"RUE FREDERIC PASSY";"2665";"06000";"06088";"Nice";"06";"None";"None";"06088000KX0082";"None";"None";"3";"74.52";"None";"nan";"None";"nan";"None";"None";"None";"None";"1";"3";"Dépendance";"nan";"0.0";"None";"None";"None";"None";"nan";"7.252157";"43.699715";"000KX"
"2021-62551";"2021-07-13";"1";"Vente";"175000.0";"23.0";"None";"RUE CAFFARELLI";"1005";"06000";"06088";"Nice";"06";"None";"None";"06088000KX0156";"None";"None";"19";"45.46";"None";"nan";"None";"nan";"None";"None";"None";"None";"1";"2";"Appartement";"45.0";"2.0";"None";"None";"None";"None";"nan";"7.25316";"43.698791";"000KX"
"2021-63012";"2021-07-12";"1";"Vente";"78000.0";"2.0";"None";"RUE CHATEAUNEUF";"1365";"06000";"06088";"Nice";"06";"None";"None";"06088000KX0026";"None";"None";"4";"35.82";"None";"nan";"None";"nan";"None";"None";"None";"None";"1";"2";"Appartement";"20.0";"2.0";"None";"None";"None";"None";"nan";"7.255914";"43.701667";"000KX"
"2021-63012";"2021-07-12";"1";"Vente";"78000.0";"2.0";"None";"RUE CHATEAUNEUF";"1365";"06000";"06088";"Nice";"06";"None";"None";"06088000KX0026";"None";"None";"4";"35.82";"None";"nan";"None";"nan";"None";"None";"None";"None";"1";"3";"Dépendance";"nan";"0.0";"None";"None";"None";"None";"nan";"7.255914";"43.701667";"000KX"
"2021-62343";"2021-07-09";"1";"Vente";"128000.0";"11.0";"None";"AV SHAKESPEARE";"6220";"06000";"06088";"Nice";"06";"None";"None";"06088000KX0096";"None";"None";"1";"55.0";"37";"nan";"None";"nan";"None";"None";"None";"None";"2";"2";"Appartement";"54.0";"2.0";"None";"None";"None";"None";"nan";"7.253412";"43.69937";"000KX"
"2021-62920";"2021-07-09";"1";"Vente";"259990.0";"8.0";"None";"RUE CAFFARELLI";"1005";"06000";"06088";"Nice";"06";"None";"None";"06088000KX0323";"None";"None";"407";"nan";"None";"nan";"None";"nan";"None";"None";"None";"None";"1";"2";"Appartement";"42.0";"2.0";"None";"None";"None";"None";"nan";"7.254798";"43.698958";"000KX"
"2021-62343";"2021-07-09";"1";"Vente";"128000.0";"11.0";"None";"AV SHAKESPEARE";"6220";"06000";"06088";"Nice";"06";"None";"None";"06088000KX0096";"None";"None";"1";"55.0";"37";"nan";"None";"nan";"None";"None";"None";"None";"2";"3";"Dépendance";"nan";"0.0";"None";"None";"None";"None";"nan";"7.253412";"43.69937";"000KX"
"2021-62166";"2021-07-06";"1";"Vente";"300000.0";"42.0";"B";"BD FRANCOIS GROSSO";"2630";"06000";"06088";"Nice";"06";"None";"None";"06088000KX0236";"None";"None";"14";"68.32";"36";"nan";"None";"nan";"None";"None";"None";"None";"2";"2";"Appartement";"76.0";"3.0";"None";"None";"None";"None";"nan";"7.251755";"43.698394";"000KX"
"2021-62166";"2021-07-06";"1";"Vente";"300000.0";"42.0";"B";"BD FRANCOIS GROSSO";"2630";"06000";"06088";"Nice";"06";"None";"None";"06088000KX0236";"None";"None";"14";"68.32";"36";"nan";"None";"nan";"None";"None";"None";"None";"2";"3";"Dépendance";"nan";"0.0";"None";"None";"None";"None";"nan";"7.251755";"43.698394";"000KX"
"2021-62524";"2021-07-02";"1";"Vente";"214000.0";"31.0";"None";"RUE CHATEAUNEUF";"1365";"06000";"06088";"Nice";"06";"None";"None";"06088000KX0265";"None";"None";"69";"75.58";"None";"nan";"None";"nan";"None";"None";"None";"None";"1";"2";"Appartement";"77.0";"2.0";"None";"None";"None";"None";"nan";"7.252446";"43.700014";"000KX"
"2021-63237";"2021-07-01";"1";"Vente";"328000.0";"12.0";"None";"RUE CHATEAUNEUF";"1365";"06000";"06088";"Nice";"06";"None";"None";"06088000KX0019";"None";"None";"15";"nan";"37";"nan";"None";"nan";"None";"None";"None";"None";"2";"2";"Appartement";"90.0";"3.0";"None";"None";"None";"None";"nan";"7.254834";"43.701407";"000KX"
"2021-63237";"2021-07-01";"1";"Vente";"328000.0";"12.0";"None";"RUE CHATEAUNEUF";"1365";"06000";"06088";"Nice";"06";"None";"None";"06088000KX0019";"None";"None";"32";"nan";"None";"nan";"None";"nan";"None";"None";"None";"None";"1";"3";"Dépendance";"nan";"0.0";"None";"None";"None";"None";"nan";"7.254834";"43.701407";"000KX"
"2021-63237";"2021-07-01";"1";"Vente";"328000.0";"12.0";"None";"RUE CHATEAUNEUF";"1365";"06000";"06088";"Nice";"06";"None";"None";"06088000KX0019";"None";"None";"15";"nan";"37";"nan";"None";"nan";"None";"None";"None";"None";"2";"3";"Dépendance";"nan";"0.0";"None";"None";"None";"None";"nan";"7.254834";"43.701407";"000KX"
"2021-61568";"2021-06-25";"1";"Vente";"278000.0";"5.0";"None";"RUE CHATEAUNEUF";"1365";"06000";"06088";"Nice";"06";"None";"None";"06088000KX0031";"None";"None";"87";"nan";"None";"nan";"None";"nan";"None";"None";"None";"None";"1";"2";"Appartement";"76.0";"3.0";"None";"None";"None";"None";"nan";"7.255243";"43.701091";"000KX"
"2021-62618";"2021-06-23";"1";"Vente";"186650.0";"47.0";"None";"BD GAMBETTA";"2755";"06000";"06088";"Nice";"06";"None";"None";"06088000KX0126";"None";"None";"19";"nan";"73";"41.12";"None";"nan";"None";"None";"None";"None";"2";"2";"Appartement";"41.0";"2.0";"None";"None";"None";"None";"nan";"7.255983";"43.6993";"000KX"
"2021-62618";"2021-06-23";"1";"Vente";"186650.0";"47.0";"None";"BD GAMBETTA";"2755";"06000";"06088";"Nice";"06";"None";"None";"06088000KX0126";"None";"None";"19";"nan";"73";"41.12";"None";"nan";"None";"None";"None";"None";"2";"3";"Dépendance";"nan";"0.0";"None";"None";"None";"None";"nan";"7.255983";"43.6993";"000KX"
"2021-61256";"2021-06-22";"1";"Vente";"435000.0";"12.0";"None";"AV FLEURS";"2460";"06000";"06088";"Nice";"06";"None";"None";"06088000KX0146";"None";"None";"18";"nan";"27";"nan";"None";"nan";"None";"None";"None";"None";"2";"2";"Appartement";"65.0";"3.0";"None";"None";"None";"None";"nan";"7.254018";"43.698016";"000KX"
"2021-61256";"2021-06-22";"1";"Vente";"435000.0";"12.0";"None";"AV FLEURS";"2460";"06000";"06088";"Nice";"06";"None";"None";"06088000KX0146";"None";"None";"18";"nan";"27";"nan";"None";"nan";"None";"None";"None";"None";"2";"3";"Dépendance";"nan";"0.0";"None";"None";"None";"None";"nan";"7.254018";"43.698016";"000KX"
"2021-61256";"2021-06-22";"1";"Vente";"435000.0";"12.0";"None";"AV FLEURS";"2460";"06000";"06088";"Nice";"06";"None";"None";"06088000KX0146";"None";"None";"18";"nan";"27";"nan";"None";"nan";"None";"None";"None";"None";"2";"3";"Dépendance";"nan";"0.0";"None";"None";"None";"None";"nan";"7.254018";"43.698016";"000KX"
"2021-61599";"2021-06-21";"1";"Vente";"193600.0";"6.0";"None";"RUE PERE A VALENSIN";"4945";"06000";"06088";"Nice";"06";"None";"None";"06088000KX0079";"None";"None";"41";"58.62";"None";"nan";"None";"nan";"None";"None";"None";"None";"1";"2";"Appartement";"60.0";"3.0";"None";"None";"None";"None";"nan";"7.25268";"43.69985";"000KX"
"2021-61599";"2021-06-21";"1";"Vente";"193600.0";"6.0";"None";"RUE PERE A VALENSIN";"4945";"06000";"06088";"Nice";"06";"None";"None";"06088000KX0079";"None";"None";"41";"58.62";"None";"nan";"None";"nan";"None";"None";"None";"None";"1";"3";"Dépendance";"nan";"0.0";"None";"None";"None";"None";"nan";"7.25268";"43.69985";"000KX"
"2021-62608";"2021-06-21";"1";"Vente";"100000.0";"69.0";"None";"BD FRANCOIS GROSSO";"2630";"06000";"06088";"Nice";"06";"None";"None";"06088000KX0215";"None";"None";"20";"nan";"31";"nan";"None";"nan";"None";"None";"None";"None";"2";"4";"Local industriel. commercial ou assimilé";"46.0";"0.0";"None";"None";"None";"None";"nan";"7.250715";"43.69887";"000KX"
"2021-60857";"2021-06-17";"1";"Vente";"418000.0";"20.0";"B";"AV FLEURS";"2460";"06000";"06088";"Nice";"06";"None";"None";"06088000KX0164";"None";"None";"47";"91.46";"7";"nan";"None";"nan";"None";"None";"None";"None";"2";"2";"Appartement";"83.0";"3.0";"None";"None";"None";"None";"nan";"7.253183";"43.698116";"000KX"
"2021-62051";"2021-06-17";"1";"Vente";"190800.0";"6.0";"None";"AV FLEURS";"2460";"06000";"06088";"Nice";"06";"None";"None";"06088000KX0139";"None";"None";"24";"nan";"8";"61.03";"None";"nan";"None";"None";"None";"None";"2";"2";"Appartement";"60.0";"2.0";"None";"None";"None";"None";"nan";"7.255026";"43.697878";"000KX"
"2021-60857";"2021-06-17";"1";"Vente";"418000.0";"20.0";"B";"AV FLEURS";"2460";"06000";"06088";"Nice";"06";"None";"None";"06088000KX0164";"None";"None";"71";"nan";"None";"nan";"None";"nan";"None";"None";"None";"None";"1";"3";"Dépendance";"nan";"0.0";"None";"None";"None";"None";"nan";"7.253183";"43.698116";"000KX"
"2021-60857";"2021-06-17";"1";"Vente";"418000.0";"20.0";"B";"AV FLEURS";"2460";"06000";"06088";"Nice";"06";"None";"None";"06088000KX0164";"None";"None";"53";"nan";"None";"nan";"None";"nan";"None";"None";"None";"None";"1";"3";"Dépendance";"nan";"0.0";"None";"None";"None";"None";"nan";"7.253183";"43.698116";"000KX"
"2021-60857";"2021-06-17";"1";"Vente";"418000.0";"20.0";"B";"AV FLEURS";"2460";"06000";"06088";"Nice";"06";"None";"None";"06088000KX0164";"None";"None";"47";"91.46";"7";"nan";"None";"nan";"None";"None";"None";"None";"2";"3";"Dépendance";"nan";"0.0";"None";"None";"None";"None";"nan";"7.253183";"43.698116";"000KX"
"2021-62051";"2021-06-17";"1";"Vente";"190800.0";"6.0";"None";"AV FLEURS";"2460";"06000";"06088";"Nice";"06";"None";"None";"06088000KX0139";"None";"None";"24";"nan";"8";"61.03";"None";"nan";"None";"None";"None";"None";"2";"3";"Dépendance";"nan";"0.0";"None";"None";"None";"None";"nan";"7.255026";"43.697878";"000KX"
"2021-61264";"2021-06-16";"1";"Vente";"244490.0";"8.0";"None";"RUE CAFFARELLI";"1005";"06000";"06088";"Nice";"06";"None";"None";"06088000KX0323";"None";"None";"405";"37.6";"None";"nan";"None";"nan";"None";"None";"None";"None";"1";"2";"Appartement";"23.0";"1.0";"None";"None";"None";"None";"nan";"7.254798";"43.698958";"000KX"
"2021-61264";"2021-06-16";"1";"Vente";"244490.0";"8.0";"None";"RUE CAFFARELLI";"1005";"06000";"06088";"Nice";"06";"None";"None";"06088000KX0323";"None";"None";"405";"37.6";"None";"nan";"None";"nan";"None";"None";"None";"None";"1";"2";"Appartement";"22.0";"1.0";"None";"None";"None";"None";"nan";"7.254798";"43.698958";"000KX"
"2021-61264";"2021-06-16";"1";"Vente";"244490.0";"8.0";"None";"RUE CAFFARELLI";"1005";"06000";"06088";"Nice";"06";"None";"None";"06088000KX0323";"None";"None";"405";"37.6";"None";"nan";"None";"nan";"None";"None";"None";"None";"1";"2";"Appartement";"38.0";"2.0";"None";"None";"None";"None";"nan";"7.254798";"43.698958";"000KX"
"2021-61264";"2021-06-16";"1";"Vente";"244490.0";"8.0";"None";"RUE CAFFARELLI";"1005";"06000";"06088";"Nice";"06";"None";"None";"06088000KX0323";"None";"None";"405";"37.6";"None";"nan";"None";"nan";"None";"None";"None";"None";"1";"2";"Appartement";"41.0";"2.0";"None";"None";"None";"None";"nan";"7.254798";"43.698958";"000KX"
"2021-61264";"2021-06-16";"1";"Vente";"244490.0";"8.0";"None";"RUE CAFFARELLI";"1005";"06000";"06088";"Nice";"06";"None";"None";"06088000KX0323";"None";"None";"405";"37.6";"None";"nan";"None";"nan";"None";"None";"None";"None";"1";"2";"Appartement";"60.0";"3.0";"None";"None";"None";"None";"nan";"7.254798";"43.698958";"000KX"
"2021-61983";"2021-06-16";"1";"Vente";"180000.0";"47.0";"None";"RUE CAFFARELLI";"1005";"06000";"06088";"Nice";"06";"None";"None";"06088000KX0191";"None";"None";"94";"43.09";"98";"nan";"None";"nan";"None";"None";"None";"None";"2";"2";"Appartement";"43.0";"2.0";"None";"None";"None";"None";"nan";"7.252017";"43.69921";"000KX"
"2021-61983";"2021-06-16";"1";"Vente";"180000.0";"47.0";"None";"RUE CAFFARELLI";"1005";"06000";"06088";"Nice";"06";"None";"None";"06088000KX0191";"None";"None";"94";"43.09";"98";"nan";"None";"nan";"None";"None";"None";"None";"2";"3";"Dépendance";"nan";"0.0";"None";"None";"None";"None";"nan";"7.252017";"43.69921";"000KX"
"2021-60631";"2021-06-11";"1";"Vente";"215000.0";"77.0";"None";"BD FRANCOIS GROSSO";"2630";"06000";"06088";"Nice";"06";"None";"None";"06088000KX0227";"None";"None";"14";"56.38";"9";"nan";"None";"nan";"None";"None";"None";"None";"2";"2";"Appartement";"57.0";"2.0";"None";"None";"None";"None";"nan";"7.250921";"43.699533";"000KX"
"2021-60631";"2021-06-11";"1";"Vente";"215000.0";"77.0";"None";"BD FRANCOIS GROSSO";"2630";"06000";"06088";"Nice";"06";"None";"None";"06088000KX0227";"None";"None";"14";"56.38";"9";"nan";"None";"nan";"None";"None";"None";"None";"2";"3";"Dépendance";"nan";"0.0";"None";"None";"None";"None";"nan";"7.250921";"43.699533";"000KX"
"2021-60826";"2021-06-11";"1";"Vente";"55000.0";"5.0";"None";"RUE FRANCOIS AUNE";"2615";"06000";"06088";"Nice";"06";"None";"None";"06088000KX0117";"None";"None";"79";"nan";"None";"nan";"None";"nan";"None";"None";"None";"None";"1";"3";"Dépendance";"nan";"0.0";"None";"None";"None";"None";"nan";"7.254992";"43.699127";"000KX"
"2021-61299";"2021-06-10";"1";"Vente";"60000.0";"1.0";"None";"RUE COLONEL MUSSO";"1585";"06000";"06088";"Nice";"06";"None";"None";"06088000KX0158";"None";"None";"1";"nan";"None";"nan";"None";"nan";"None";"None";"None";"None";"1";"2";"Appartement";"50.0";"2.0";"None";"None";"None";"None";"nan";"7.25284";"43.698795";"000KX"
"2021-61959";"2021-06-10";"1";"Vente";"225000.0";"23.0";"None";"RUE FREDERIC PASSY";"2665";"06000";"06088";"Nice";"06";"None";"None";"06088000KX0274";"None";"None";"166";"65.65";"65";"nan";"None";"nan";"None";"None";"None";"None";"2";"2";"Appartement";"66.0";"2.0";"None";"None";"None";"None";"nan";"7.251548";"43.699318";"000KX"
"2021-61959";"2021-06-10";"1";"Vente";"225000.0";"23.0";"None";"RUE FREDERIC PASSY";"2665";"06000";"06088";"Nice";"06";"None";"None";"06088000KX0274";"None";"None";"166";"65.65";"65";"nan";"None";"nan";"None";"None";"None";"None";"2";"3";"Dépendance";"nan";"0.0";"None";"None";"None";"None";"nan";"7.251548";"43.699318";"000KX"
"2021-60913";"2021-06-08";"1";"Vente";"226000.0";"1.0";"None";"RUE CHATEAUNEUF";"1365";"06000";"06088";"Nice";"06";"None";"None";"06088000KX0029";"None";"None";"17";"74.04";"None";"nan";"None";"nan";"None";"None";"None";"None";"1";"2";"Appartement";"78.0";"3.0";"None";"None";"None";"None";"nan";"7.255466";"43.701147";"000KX"
"2021-60809";"2021-06-04";"1";"Vente";"9600.0";"58.0";"None";"BD FRANCOIS GROSSO";"2630";"06000";"06088";"Nice";"06";"None";"None";"06088000KX0202";"None";"None";"13";"58.6";"4";"nan";"None";"nan";"None";"None";"None";"None";"2";"2";"Appartement";"59.0";"2.0";"None";"None";"None";"None";"nan";"7.251362";"43.699286";"000KX"
"2021-60279";"2021-06-03";"1";"Vente";"49900.0";"6.0";"None";"RUE FRANCOIS AUNE";"2615";"06000";"06088";"Nice";"06";"None";"None";"06088000KX0122";"None";"None";"38";"nan";"None";"nan";"None";"nan";"None";"None";"None";"None";"1";"3";"Dépendance";"nan";"0.0";"None";"None";"None";"None";"nan";"7.255607";"43.699069";"000KX"
"2021-60504";"2021-06-03";"1";"Vente";"440000.0";"5.0";"None";"AV COMBA";"1595";"06000";"06088";"Nice";"06";"None";"None";"06088000KX0054";"None";"None";"6";"nan";"None";"nan";"None";"nan";"None";"None";"None";"None";"1";"3";"Dépendance";"nan";"0.0";"None";"None";"None";"None";"nan";"7.254636";"43.700688";"000KX"
"2021-60035";"2021-06-01";"1";"Vente";"279000.0";"4.0";"None";"RUE CHATEAUNEUF";"1365";"06000";"06088";"Nice";"06";"None";"None";"06088000KX0023";"None";"None";"109";"79.31";"5";"nan";"None";"nan";"None";"None";"None";"None";"2";"2";"Appartement";"84.0";"3.0";"None";"None";"None";"None";"nan";"7.255705";"43.701793";"000KX"
"2021-60035";"2021-06-01";"1";"Vente";"279000.0";"4.0";"None";"RUE CHATEAUNEUF";"1365";"06000";"06088";"Nice";"06";"None";"None";"06088000KX0023";"None";"None";"39";"nan";"None";"nan";"None";"nan";"None";"None";"None";"None";"1";"3";"Dépendance";"nan";"0.0";"None";"None";"None";"None";"nan";"7.255705";"43.701793";"000KX"
"2021-60020";"2021-05-31";"1";"Vente";"160000.0";"23.0";"None";"RUE CAFFARELLI";"1005";"06000";"06088";"Nice";"06";"None";"None";"06088000KX0156";"None";"None";"15";"48.27";"None";"nan";"None";"nan";"None";"None";"None";"None";"1";"2";"Appartement";"47.0";"2.0";"None";"None";"None";"None";"nan";"7.25316";"43.698791";"000KX"
"2021-60446";"2021-05-27";"1";"Vente";"220000.0";"19.0";"None";"AV SHAKESPEARE";"6220";"06000";"06088";"Nice";"06";"None";"None";"06088000KX0074";"None";"None";"25";"nan";"52";"77.68";"None";"nan";"None";"None";"None";"None";"2";"2";"Appartement";"80.0";"3.0";"None";"None";"None";"None";"nan";"7.253334";"43.700387";"000KX"
"2021-61268";"2021-05-27";"1";"Vente";"99000.0";"20.0";"None";"RUE CHATEAUNEUF";"1365";"06000";"06088";"Nice";"06";"None";"None";"06088000KX0016";"None";"None";"20";"nan";"None";"nan";"None";"nan";"None";"None";"None";"None";"1";"2";"Appartement";"67.0";"3.0";"None";"None";"None";"None";"nan";"7.253845";"43.701009";"000KX"
"2021-60446";"2021-05-27";"1";"Vente";"220000.0";"19.0";"None";"AV SHAKESPEARE";"6220";"06000";"06088";"Nice";"06";"None";"None";"06088000KX0074";"None";"None";"25";"nan";"52";"77.68";"None";"nan";"None";"None";"None";"None";"2";"3";"Dépendance";"nan";"0.0";"None";"None";"None";"None";"nan";"7.253334";"43.700387";"000KX"
"2021-60446";"2021-05-27";"1";"Vente";"220000.0";"19.0";"None";"AV SHAKESPEARE";"6220";"06000";"06088";"Nice";"06";"None";"None";"06088000KX0074";"None";"None";"6";"nan";"None";"nan";"None";"nan";"None";"None";"None";"None";"1";"3";"Dépendance";"nan";"0.0";"None";"None";"None";"None";"nan";"7.253334";"43.700387";"000KX"
"2021-61268";"2021-05-27";"1";"Vente";"99000.0";"20.0";"None";"RUE CHATEAUNEUF";"1365";"06000";"06088";"Nice";"06";"None";"None";"06088000KX0016";"None";"None";"20";"nan";"None";"nan";"None";"nan";"None";"None";"None";"None";"1";"3";"Dépendance";"nan";"0.0";"None";"None";"None";"None";"nan";"7.253845";"43.701009";"000KX"
"2021-59405";"2021-05-21";"1";"Vente";"210000.0";"8.0";"None";"RUE CAFFARELLI";"1005";"06000";"06088";"Nice";"06";"None";"None";"06088000KX0323";"None";"None";"29";"37.54";"None";"nan";"None";"nan";"None";"None";"None";"None";"1";"2";"Appartement";"36.0";"2.0";"None";"None";"None";"None";"nan";"7.254798";"43.698958";"000KX"
"2021-59857";"2021-05-21";"1";"Vente";"167500.0";"40.0";"None";"BD FRANCOIS GROSSO";"2630";"06000";"06088";"Nice";"06";"None";"None";"06088000KX0239";"None";"None";"10";"nan";"None";"nan";"None";"nan";"None";"None";"None";"None";"1";"2";"Appartement";"51.0";"2.0";"None";"None";"None";"None";"nan";"7.251526";"43.698197";"000KX"
"2021-59857";"2021-05-21";"1";"Vente";"167500.0";"40.0";"None";"BD FRANCOIS GROSSO";"2630";"06000";"06088";"Nice";"06";"None";"None";"06088000KX0239";"None";"None";"10";"nan";"None";"nan";"None";"nan";"None";"None";"None";"None";"1";"3";"Dépendance";"nan";"0.0";"None";"None";"None";"None";"nan";"7.251526";"43.698197";"000KX"
"2021-59598";"2021-05-20";"1";"Vente";"237000.0";"28.0";"None";"AV FLEURS";"2460";"06000";"06088";"Nice";"06";"None";"None";"06088000KX0170";"None";"None";"19";"nan";"50";"63.75";"None";"nan";"None";"None";"None";"None";"2";"2";"Appartement";"62.0";"2.0";"None";"None";"None";"None";"nan";"7.252282";"43.698176";"000KX"
"2021-59514";"2021-05-18";"1";"Vente";"134000.0";"24.0";"None";"RUE FREDERIC PASSY";"2665";"06000";"06088";"Nice";"06";"None";"None";"06088000KX0266";"None";"None";"50";"34.11";"None";"nan";"None";"nan";"None";"None";"None";"None";"1";"2";"Appartement";"35.0";"1.0";"None";"None";"None";"None";"nan";"7.252477";"43.699776";"000KX"
"2021-59508";"2021-05-12";"1";"Vente";"102280.0";"5.0";"None";"AV SHAKESPEARE";"6220";"06000";"06088";"Nice";"06";"None";"None";"06088000KX0097";"None";"None";"61";"27.92";"None";"nan";"None";"nan";"None";"None";"None";"None";"1";"2";"Appartement";"27.0";"1.0";"None";"None";"None";"None";"nan";"7.253417";"43.6992";"000KX"
"2021-59302";"2021-05-12";"1";"Vente";"40000.0";"4.0";"B";"AV FLEURS";"2460";"06000";"06088";"Nice";"06";"None";"None";"06088000KX0138";"None";"None";"11";"nan";"None";"nan";"None";"nan";"None";"None";"None";"None";"1";"3";"Dépendance";"nan";"0.0";"None";"None";"None";"None";"nan";"7.255201";"43.697883";"000KX"
"2021-60529";"2021-05-11";"1";"Vente";"157500.0";"6.0";"None";"RUE PERE A VALENSIN";"4945";"06000";"06088";"Nice";"06";"None";"None";"06088000KX0079";"None";"None";"1";"nan";"79";"nan";"None";"nan";"None";"None";"None";"None";"2";"2";"Appartement";"46.0";"2.0";"None";"None";"None";"None";"nan";"7.25268";"43.69985";"000KX"
"2021-58953";"2021-05-07";"1";"Vente";"90000.0";"41.0";"None";"RUE CHATEAUNEUF";"1365";"06000";"06088";"Nice";"06";"None";"None";"06088000KX0087";"None";"None";"8";"23.75";"None";"nan";"None";"nan";"None";"None";"None";"None";"1";"2";"Appartement";"26.0";"1.0";"None";"None";"None";"None";"nan";"7.251692";"43.699792";"000KX"
"2021-59283";"2021-05-07";"1";"Vente";"202000.0";"23.0";"None";"RUE FREDERIC PASSY";"2665";"06000";"06088";"Nice";"06";"None";"None";"06088000KX0274";"None";"None";"143";"55.02";"98";"nan";"None";"nan";"None";"None";"None";"None";"2";"2";"Appartement";"55.0";"2.0";"None";"None";"None";"None";"nan";"7.251548";"43.699318";"000KX"
"2021-58476";"2021-05-06";"1";"Vente";"80000.0";"52.0";"None";"RUE DES POTIERS";"5225";"06000";"06088";"Nice";"06";"None";"None";"06088000KX0312";"None";"None";"6";"20.33";"None";"nan";"None";"nan";"None";"None";"None";"None";"1";"2";"Appartement";"20.0";"1.0";"None";"None";"None";"None";"nan";"7.252086";"43.69838";"000KX"
"2021-58954";"2021-05-06";"1";"Vente";"28500.0";"4.0";"None";"RUE CHATEAUNEUF";"1365";"06000";"06088";"Nice";"06";"None";"None";"06088000KX0023";"None";"None";"40";"nan";"None";"nan";"None";"nan";"None";"None";"None";"None";"1";"3";"Dépendance";"nan";"0.0";"None";"None";"None";"None";"nan";"7.255705";"43.701793";"000KX"
"2021-58361";"2021-05-05";"1";"Vente";"286000.0";"6.0";"B";"AV FLEURS";"2460";"06000";"06088";"Nice";"06";"None";"None";"06088000KX0140";"None";"None";"28";"nan";"5";"nan";"None";"nan";"None";"None";"None";"None";"2";"2";"Appartement";"59.0";"2.0";"None";"None";"None";"None";"nan";"7.25483";"43.697913";"000KX"
"2021-59056";"2021-05-04";"1";"Vente";"93000.0";"41.0";"None";"RUE CHATEAUNEUF";"1365";"06000";"06088";"Nice";"06";"None";"None";"06088000KX0087";"None";"None";"20";"18.93";"None";"nan";"None";"nan";"None";"None";"None";"None";"1";"2";"Appartement";"18.0";"1.0";"None";"None";"None";"None";"nan";"7.251692";"43.699792";"000KX"
"2021-59094";"2021-05-04";"1";"Vente";"207000.0";"65.0";"None";"BD GAMBETTA";"2755";"06000";"06088";"Nice";"06";"None";"None";"06088000KX0027";"None";"None";"211";"65.8";"75";"nan";"None";"nan";"None";"None";"None";"None";"2";"2";"Appartement";"66.0";"3.0";"None";"None";"None";"None";"nan";"7.255784";"43.701276";"000KX"
"2021-58570";"2021-05-03";"1";"Vente";"165000.0";"36.0";"None";"RUE CHATEAUNEUF";"1365";"06000";"06088";"Nice";"06";"None";"None";"06088000KX0005";"None";"None";"24";"44.56";"None";"nan";"None";"nan";"None";"None";"None";"None";"1";"2";"Appartement";"44.0";"2.0";"None";"None";"None";"None";"nan";"7.252243";"43.700401";"000KX"
"2021-59258";"2021-05-03";"1";"Vente";"44000.0";"24.0";"None";"RUE FREDERIC PASSY";"2665";"06000";"06088";"Nice";"06";"None";"None";"06088000KX0266";"None";"None";"13";"nan";"None";"nan";"None";"nan";"None";"None";"None";"None";"1";"3";"Dépendance";"nan";"0.0";"None";"None";"None";"None";"nan";"7.252477";"43.699776";"000KX"
"2021-58090";"2021-04-30";"1";"Vente";"160000.0";"15.0";"None";"AV SHAKESPEARE";"6220";"06000";"06088";"Nice";"06";"None";"None";"06088000KX0072";"None";"None";"42";"53.12";"None";"nan";"None";"nan";"None";"None";"None";"None";"1";"2";"Appartement";"60.0";"3.0";"None";"None";"None";"None";"nan";"7.253377";"43.700082";"000KX"
"2021-58218";"2021-04-30";"1";"Vente";"153500.0";"24.0";"None";"RUE CHATEAUNEUF";"1365";"06000";"06088";"Nice";"06";"None";"None";"06088000KX0012";"None";"None";"29";"nan";"52";"45.32";"None";"nan";"None";"None";"None";"None";"2";"2";"Appartement";"45.0";"2.0";"None";"None";"None";"None";"nan";"7.25339";"43.700734";"000KX"
"2021-58091";"2021-04-27";"1";"Vente";"143000.0";"50.0";"None";"RUE DES POTIERS";"5225";"06000";"06088";"Nice";"06";"None";"None";"06088000KX0170";"None";"None";"47";"33.24";"None";"nan";"None";"nan";"None";"None";"None";"None";"1";"2";"Appartement";"36.0";"2.0";"None";"None";"None";"None";"nan";"7.252282";"43.698176";"000KX"
"2021-58874";"2021-04-27";"1";"Vente";"216490.0";"8.0";"None";"RUE CAFFARELLI";"1005";"06000";"06088";"Nice";"06";"None";"None";"06088000KX0323";"None";"None";"408";"36.2";"None";"nan";"None";"nan";"None";"None";"None";"None";"1";"2";"Appartement";"23.0";"1.0";"None";"None";"None";"None";"nan";"7.254798";"43.698958";"000KX"
"2021-58874";"2021-04-27";"1";"Vente";"216490.0";"8.0";"None";"RUE CAFFARELLI";"1005";"06000";"06088";"Nice";"06";"None";"None";"06088000KX0323";"None";"None";"408";"36.2";"None";"nan";"None";"nan";"None";"None";"None";"None";"1";"2";"Appartement";"60.0";"3.0";"None";"None";"None";"None";"nan";"7.254798";"43.698958";"000KX"
"2021-58874";"2021-04-27";"1";"Vente";"216490.0";"8.0";"None";"RUE CAFFARELLI";"1005";"06000";"06088";"Nice";"06";"None";"None";"06088000KX0323";"None";"None";"408";"36.2";"None";"nan";"None";"nan";"None";"None";"None";"None";"1";"2";"Appartement";"22.0";"1.0";"None";"None";"None";"None";"nan";"7.254798";"43.698958";"000KX"
"2021-58874";"2021-04-27";"1";"Vente";"216490.0";"8.0";"None";"RUE CAFFARELLI";"1005";"06000";"06088";"Nice";"06";"None";"None";"06088000KX0323";"None";"None";"408";"36.2";"None";"nan";"None";"nan";"None";"None";"None";"None";"1";"2";"Appartement";"38.0";"2.0";"None";"None";"None";"None";"nan";"7.254798";"43.698958";"000KX"
"2021-58874";"2021-04-27";"1";"Vente";"216490.0";"8.0";"None";"RUE CAFFARELLI";"1005";"06000";"06088";"Nice";"06";"None";"None";"06088000KX0323";"None";"None";"408";"36.2";"None";"nan";"None";"nan";"None";"None";"None";"None";"1";"2";"Appartement";"41.0";"2.0";"None";"None";"None";"None";"nan";"7.254798";"43.698958";"000KX"
"2021-58652";"2021-04-22";"1";"Vente";"450000.0";"45.0";"B";"BD GAMBETTA";"2755";"06000";"06088";"Nice";"06";"None";"None";"06088000KX0127";"None";"None";"35";"97.16";"77";"nan";"None";"nan";"None";"None";"None";"None";"2";"2";"Appartement";"94.0";"3.0";"None";"None";"None";"None";"nan";"7.255851";"43.699054";"000KX"
"2021-67370";"2021-04-22";"1";"Adjudication";"87000.0";"73.0";"T";"BD GAMBETTA";"2755";"06000";"06088";"Nice";"06";"None";"None";"06088000KX0228";"None";"None";"7";"nan";"None";"nan";"None";"nan";"None";"None";"None";"None";"1";"2";"Appartement";"42.0";"2.0";"None";"None";"None";"None";"nan";"7.255935";"43.702036";"000KX"
"2021-67370";"2021-04-22";"1";"Adjudication";"87000.0";"73.0";"T";"BD GAMBETTA";"2755";"06000";"06088";"Nice";"06";"None";"None";"06088000KX0228";"None";"None";"7";"nan";"None";"nan";"None";"nan";"None";"None";"None";"None";"1";"3";"Dépendance";"nan";"0.0";"None";"None";"None";"None";"nan";"7.255935";"43.702036";"000KX"
"2021-58434";"2021-04-20";"1";"Vente";"218000.0";"42.0";"None";"BD FRANCOIS GROSSO";"2630";"06000";"06088";"Nice";"06";"None";"None";"06088000KX0235";"None";"None";"20";"62.85";"7";"nan";"None";"nan";"None";"None";"None";"None";"2";"2";"Appartement";"66.0";"3.0";"None";"None";"None";"None";"nan";"7.251516";"43.698375";"000KX"
"2021-58435";"2021-04-19";"1";"Vente";"149000.0";"28.0";"None";"RUE CHATEAUNEUF";"1365";"06000";"06088";"Nice";"06";"None";"None";"06088000KX0010";"None";"None";"13";"40.44";"None";"nan";"None";"nan";"None";"None";"None";"None";"1";"2";"Appartement";"40.0";"2.0";"None";"None";"None";"None";"nan";"7.253116";"43.700748";"000KX"
"2021-58270";"2021-04-16";"1";"Vente";"189000.0";"13.0";"None";"AV SHAKESPEARE";"6220";"06000";"06088";"Nice";"06";"None";"None";"06088000KX0068";"None";"None";"135";"36.09";"None";"nan";"None";"nan";"None";"None";"None";"None";"1";"2";"Appartement";"40.0";"2.0";"None";"None";"None";"None";"nan";"7.253239";"43.699852";"000KX"
"2021-57818";"2021-04-15";"1";"Vente";"227000.0";"65.0";"None";"BD GAMBETTA";"2755";"06000";"06088";"Nice";"06";"None";"None";"06088000KX0027";"None";"None";"95";"nan";"None";"nan";"None";"nan";"None";"None";"None";"None";"1";"3";"Dépendance";"nan";"0.0";"None";"None";"None";"None";"nan";"7.255784";"43.701276";"000KX"
"2021-57326";"2021-04-12";"1";"Vente";"211000.0";"11.0";"None";"AV SHAKESPEARE";"6220";"06000";"06088";"Nice";"06";"None";"None";"06088000KX0096";"None";"None";"29";"nan";"6";"66.81";"None";"nan";"None";"None";"None";"None";"2";"2";"Appartement";"74.0";"3.0";"None";"None";"None";"None";"nan";"7.253412";"43.69937";"000KX"
"2021-58116";"2021-04-12";"1";"Vente";"22000.0";"23.0";"None";"RUE FREDERIC PASSY";"2665";"06000";"06088";"Nice";"06";"None";"None";"06088000KX0274";"None";"None";"22";"nan";"None";"nan";"None";"nan";"None";"None";"None";"None";"1";"3";"Dépendance";"nan";"0.0";"None";"None";"None";"None";"nan";"7.251548";"43.699318";"000KX"
"2021-57977";"2021-04-09";"1";"Vente";"180000.0";"42.0";"B";"BD FRANCOIS GROSSO";"2630";"06000";"06088";"Nice";"06";"None";"None";"06088000KX0236";"None";"None";"37";"nan";"46";"48.47";"None";"nan";"None";"None";"None";"None";"2";"2";"Appartement";"50.0";"2.0";"None";"None";"None";"None";"nan";"7.251755";"43.698394";"000KX"
"2021-57870";"2021-04-08";"1";"Vente";"135000.0";"3.0";"None";"RUE COLONEL MUSSO";"1585";"06000";"06088";"Nice";"06";"None";"None";"06088000KX0182";"None";"None";"5";"39.53";"None";"nan";"None";"nan";"None";"None";"None";"None";"1";"2";"Appartement";"39.0";"3.0";"None";"None";"None";"None";"nan";"7.252609";"43.698824";"000KX"
"2021-57989";"2021-04-06";"1";"Vente";"360000.0";"37.0";"None";"BD GAMBETTA";"2755";"06000";"06088";"Nice";"06";"None";"None";"06088000KX0134";"None";"None";"35";"109.16";"None";"nan";"None";"nan";"None";"None";"None";"None";"1";"2";"Appartement";"116.0";"4.0";"None";"None";"None";"None";"nan";"7.255993";"43.698061";"000KX"
"2021-57257";"2021-04-02";"1";"Vente";"38500.0";"8.0";"None";"AV FLEURS";"2460";"06000";"06088";"Nice";"06";"None";"None";"06088000KX0141";"None";"None";"8";"nan";"None";"nan";"None";"nan";"None";"None";"None";"None";"1";"3";"Dépendance";"nan";"0.0";"None";"None";"None";"None";"nan";"7.25459";"43.697935";"000KX"
"2021-57216";"2021-04-01";"1";"Vente";"139000.0";"53.0";"None";"RUE CAFFARELLI";"1005";"06000";"06088";"Nice";"06";"None";"None";"06088000KX0190";"None";"None";"28";"nan";"4";"43.82";"None";"nan";"None";"None";"None";"None";"2";"2";"Appartement";"45.0";"2.0";"None";"None";"None";"None";"nan";"7.251878";"43.699307";"000KX"
"2021-67365";"2021-04-01";"1";"Adjudication";"58000.0";"26.0";"None";"RUE CHATEAUNEUF";"1365";"06000";"06088";"Nice";"06";"None";"None";"06088000KX0011";"None";"None";"1";"nan";"15";"nan";"None";"nan";"None";"None";"None";"None";"2";"2";"Appartement";"26.0";"2.0";"None";"None";"None";"None";"nan";"7.253241";"43.700726";"000KX"
"2021-67365";"2021-04-01";"1";"Adjudication";"58000.0";"26.0";"None";"RUE CHATEAUNEUF";"1365";"06000";"06088";"Nice";"06";"None";"None";"06088000KX0011";"None";"None";"1";"nan";"15";"nan";"None";"nan";"None";"None";"None";"None";"2";"3";"Dépendance";"nan";"0.0";"None";"None";"None";"None";"nan";"7.253241";"43.700726";"000KX"
"2021-57869";"2021-03-31";"1";"Vente";"120000.0";"1.0";"None";"RUE CHATEAUNEUF";"1365";"06000";"06088";"Nice";"06";"None";"None";"06088000KX0029";"None";"None";"1";"nan";"16";"48.27";"None";"nan";"None";"None";"None";"None";"2";"2";"Appartement";"44.0";"3.0";"None";"None";"None";"None";"nan";"7.255466";"43.701147";"000KX"
"2021-57067";"2021-03-31";"1";"Vente";"148000.0";"75.0";"None";"BD FRANCOIS GROSSO";"2630";"06000";"06088";"Nice";"06";"None";"None";"06088000KX0318";"None";"None";"4";"nan";"7";"nan";"None";"nan";"None";"None";"None";"None";"2";"4";"Local industriel. commercial ou assimilé";"120.0";"0.0";"None";"None";"None";"None";"nan";"7.250954";"43.699398";"000KX"
"2021-58655";"2021-03-30";"1";"Vente";"680000.0";"7.0";"None";"AV DEPOILLY";"1910";"06000";"06088";"Nice";"06";"None";"None";"06088000KX0045";"None";"None";"16";"122.51";"6";"nan";"None";"nan";"None";"None";"None";"None";"2";"2";"Appartement";"123.0";"4.0";"None";"None";"None";"None";"nan";"7.254519";"43.699918";"000KX"
"2021-58655";"2021-03-30";"1";"Vente";"680000.0";"7.0";"None";"AV DEPOILLY";"1910";"06000";"06088";"Nice";"06";"None";"None";"06088000KX0045";"None";"None";"22";"10.25";"None";"nan";"None";"nan";"None";"None";"None";"None";"1";"3";"Dépendance";"nan";"0.0";"None";"None";"None";"None";"nan";"7.254519";"43.699918";"000KX"
"2021-58655";"2021-03-30";"1";"Vente";"680000.0";"7.0";"None";"AV DEPOILLY";"1910";"06000";"06088";"Nice";"06";"None";"None";"06088000KX0045";"None";"None";"18";"10.18";"None";"nan";"None";"nan";"None";"None";"None";"None";"1";"3";"Dépendance";"nan";"0.0";"None";"None";"None";"None";"nan";"7.254519";"43.699918";"000KX"
"2021-58655";"2021-03-30";"1";"Vente";"680000.0";"7.0";"None";"AV DEPOILLY";"1910";"06000";"06088";"Nice";"06";"None";"None";"06088000KX0045";"None";"None";"21";"8.69";"None";"nan";"None";"nan";"None";"None";"None";"None";"1";"3";"Dépendance";"nan";"0.0";"None";"None";"None";"None";"nan";"7.254519";"43.699918";"000KX"
"2021-57271";"2021-03-29";"1";"Vente";"22000.0";"47.0";"None";"RUE CAFFARELLI";"1005";"06000";"06088";"Nice";"06";"None";"None";"06088000KX0191";"None";"None";"50";"nan";"None";"nan";"None";"nan";"None";"None";"None";"None";"1";"3";"Dépendance";"nan";"0.0";"None";"None";"None";"None";"nan";"7.252017";"43.69921";"000KX"
"2021-57331";"2021-03-25";"1";"Vente";"1184000.0";"41.0";"None";"BD GAMBETTA";"2755";"06000";"06088";"Nice";"06";"None";"None";"06088000KX0267";"None";"None";"15";"243.21";"None";"nan";"None";"nan";"None";"None";"None";"None";"1";"2";"Appartement";"220.0";"5.0";"None";"None";"None";"None";"nan";"7.255935";"43.698483";"000KX"
"2021-57331";"2021-03-25";"1";"Vente";"1184000.0";"41.0";"None";"BD GAMBETTA";"2755";"06000";"06088";"Nice";"06";"None";"None";"06088000KX0267";"None";"None";"15";"243.21";"None";"nan";"None";"nan";"None";"None";"None";"None";"1";"3";"Dépendance";"nan";"0.0";"None";"None";"None";"None";"nan";"7.255935";"43.698483";"000KX"
"2021-60533";"2021-03-24";"1";"Vente";"390000.0";"12.0";"None";"AV FLEURS";"2460";"06000";"06088";"Nice";"06";"None";"None";"06088000KX0146";"None";"None";"28";"nan";"3";"nan";"None";"nan";"None";"None";"None";"None";"2";"2";"Appartement";"80.0";"3.0";"None";"None";"None";"None";"nan";"7.254018";"43.698016";"000KX"
"2021-57304";"2021-03-24";"1";"Vente";"50000.0";"5.0";"None";"RUE FRANCOIS AUNE";"2615";"06000";"06088";"Nice";"06";"None";"None";"06088000KX0117";"None";"None";"16";"nan";"None";"nan";"None";"nan";"None";"None";"None";"None";"1";"3";"Dépendance";"nan";"0.0";"None";"None";"None";"None";"nan";"7.254992";"43.699127";"000KX"
"2021-60533";"2021-03-24";"1";"Vente";"390000.0";"12.0";"None";"AV FLEURS";"2460";"06000";"06088";"Nice";"06";"None";"None";"06088000KX0146";"None";"None";"28";"nan";"3";"nan";"None";"nan";"None";"None";"None";"None";"2";"3";"Dépendance";"nan";"0.0";"None";"None";"None";"None";"nan";"7.254018";"43.698016";"000KX"
"2021-56782";"2021-03-23";"1";"Vente";"125000.0";"38.0";"None";"RUE CHATEAUNEUF";"1365";"06000";"06088";"Nice";"06";"None";"None";"06088000KX0004";"None";"None";"44";"33.57";"None";"nan";"None";"nan";"None";"None";"None";"None";"1";"2";"Appartement";"32.0";"1.0";"None";"None";"None";"None";"nan";"7.252097";"43.700324";"000KX"
"2021-56872";"2021-03-23";"1";"Vente";"146000.0";"27.0";"None";"RUE CHATEAUNEUF";"1365";"06000";"06088";"Nice";"06";"None";"None";"06088000KX0077";"None";"None";"46";"36.97";"None";"nan";"None";"nan";"None";"None";"None";"None";"1";"2";"Appartement";"36.0";"2.0";"None";"None";"None";"None";"nan";"7.252975";"43.700257";"000KX"
"2021-56732";"2021-03-19";"1";"Vente";"209696.0";"3.0";"None";"RUE PERE A VALENSIN";"4945";"06000";"06088";"Nice";"06";"None";"None";"06088000KX0071";"None";"None";"54";"39.24";"9";"nan";"None";"nan";"None";"None";"None";"None";"2";"2";"Appartement";"40.0";"2.0";"None";"None";"None";"None";"nan";"7.253082";"43.700088";"000KX"
"2021-56489";"2021-03-18";"1";"Vente";"110000.0";"39.0";"None";"RUE CHATEAUNEUF";"1365";"06000";"06088";"Nice";"06";"None";"None";"06088000KX0085";"None";"None";"27";"nan";"None";"nan";"None";"nan";"None";"None";"None";"None";"1";"2";"Appartement";"40.0";"2.0";"None";"None";"None";"None";"nan";"7.25178";"43.699834";"000KX"
"2021-57028";"2021-03-18";"1";"Vente";"280000.0";"3.0";"None";"RUE FREDERIC PASSY";"2665";"06000";"06088";"Nice";"06";"None";"None";"06088000KX0317";"None";"None";"10";"nan";"19";"70.51";"None";"nan";"None";"None";"None";"None";"2";"2";"Appartement";"68.0";"3.0";"None";"None";"None";"None";"nan";"7.255097";"43.699395";"000KX"
"2021-56132";"2021-03-17";"1";"Vente";"185000.0";"65.0";"None";"BD FRANCOIS GROSSO";"2630";"06000";"06088";"Nice";"06";"None";"None";"06088000KX0214";"None";"None";"27";"38.0";"70";"nan";"None";"nan";"None";"None";"None";"None";"2";"2";"Appartement";"38.0";"2.0";"None";"None";"None";"None";"nan";"7.250981";"43.698658";"000KX"
"2021-56698";"2021-03-16";"1";"Vente";"44000.0";"6.0";"T";"AV FLEURS";"2460";"06000";"06088";"Nice";"06";"None";"None";"06088000KX0142";"None";"None";"1";"nan";"None";"nan";"None";"nan";"None";"None";"None";"None";"1";"3";"Dépendance";"nan";"0.0";"None";"None";"None";"None";"nan";"7.254741";"43.698048";"000KX"
"2021-56547";"2021-03-15";"1";"Vente";"455000.0";"24.0";"None";"AV FLEURS";"2460";"06000";"06088";"Nice";"06";"None";"None";"06088000KX0166";"None";"None";"105";"87.27";"37";"nan";"None";"nan";"None";"None";"None";"None";"2";"2";"Appartement";"91.0";"3.0";"None";"None";"None";"None";"nan";"7.252508";"43.69819";"000KX"
"2021-56547";"2021-03-15";"1";"Vente";"455000.0";"28.0";"None";"AV FLEURS";"2460";"06000";"06088";"Nice";"06";"None";"None";"06088000KX0170";"None";"None";"1";"nan";"None";"nan";"None";"nan";"None";"None";"None";"None";"1";"3";"Dépendance";"nan";"0.0";"None";"None";"None";"None";"nan";"7.252282";"43.698176";"000KX"
"2021-56545";"2021-03-15";"1";"Vente";"2500000.0";"20.0";"None";"AV FLEURS";"2460";"06000";"06088";"Nice";"06";"None";"None";"06088000KX0162";"None";"None";"None";"nan";"None";"nan";"None";"nan";"None";"None";"None";"None";"0";"4";"Local industriel. commercial ou assimilé";"476.0";"0.0";"AG";"terrains d'agrément";"None";"None";"940.0";"7.252991";"43.698558";"000KX"
"2021-56545";"2021-03-15";"1";"Vente";"2500000.0";"20.0";"None";"AV FLEURS";"2460";"06000";"06088";"Nice";"06";"None";"None";"06088000KX0162";"None";"None";"None";"nan";"None";"nan";"None";"nan";"None";"None";"None";"None";"0";"4";"Local industriel. commercial ou assimilé";"476.0";"0.0";"S";"sols";"None";"None";"340.0";"7.252991";"43.698558";"000KX"
"2021-56703";"2021-03-12";"1";"Vente";"678100.0";"5.0";"None";"AV DEPOILLY";"1910";"06000";"06088";"Nice";"06";"None";"None";"06088000KX0044";"None";"None";"62";"81.18";"71";"81.18";"None";"nan";"None";"None";"None";"None";"2";"2";"Appartement";"38.0";"1.0";"None";"None";"None";"None";"nan";"7.254976";"43.699999";"000KX"
"2021-56703";"2021-03-12";"1";"Vente";"678100.0";"5.0";"None";"AV DEPOILLY";"1910";"06000";"06088";"Nice";"06";"None";"None";"06088000KX0044";"None";"None";"63";"81.18";"None";"nan";"None";"nan";"None";"None";"None";"None";"1";"2";"Appartement";"46.0";"1.0";"None";"None";"None";"None";"nan";"7.254976";"43.699999";"000KX"
"2021-55817";"2021-03-12";"1";"Vente";"14000.0";"73.0";"None";"BD FRANCOIS GROSSO";"2630";"06000";"06088";"Nice";"06";"None";"None";"06088000KX0309";"None";"None";"6";"nan";"None";"nan";"None";"nan";"None";"None";"None";"None";"1";"3";"Dépendance";"nan";"0.0";"None";"None";"None";"None";"nan";"7.250936";"43.699209";"000KX"
"2021-56028";"2021-03-11";"1";"Vente";"171500.0";"5.0";"None";"RUE CHATEAUNEUF";"1365";"06000";"06088";"Nice";"06";"None";"None";"06088000KX0031";"None";"None";"34";"nan";"89";"55.25";"None";"nan";"None";"None";"None";"None";"2";"2";"Appartement";"57.0";"3.0";"None";"None";"None";"None";"nan";"7.255243";"43.701091";"000KX"
"2021-57010";"2021-03-10";"1";"Vente";"350000.0";"20.0";"B";"AV FLEURS";"2460";"06000";"06088";"Nice";"06";"None";"None";"06088000KX0164";"None";"None";"42";"82.53";"None";"nan";"None";"nan";"None";"None";"None";"None";"1";"2";"Appartement";"83.0";"3.0";"None";"None";"None";"None";"nan";"7.253183";"43.698116";"000KX"
"2021-56281";"2021-03-09";"1";"Vente";"30000.0";"5.0";"None";"AV COMBA";"1595";"06000";"06088";"Nice";"06";"None";"None";"06088000KX0054";"None";"None";"8";"nan";"None";"nan";"None";"nan";"None";"None";"None";"None";"1";"3";"Dépendance";"nan";"0.0";"None";"None";"None";"None";"nan";"7.254636";"43.700688";"000KX"
"2021-55481";"2021-02-26";"1";"Vente";"330000.0";"26.0";"None";"RUE CAFFARELLI";"1005";"06000";"06088";"Nice";"06";"None";"None";"06088000KX0098";"None";"None";"29";"nan";"68";"78.14";"None";"nan";"None";"None";"None";"None";"2";"2";"Appartement";"76.0";"3.0";"None";"None";"None";"None";"nan";"7.253206";"43.699147";"000KX"
"2021-55420";"2021-02-22";"1";"Vente";"467000.0";"1.0";"None";"RUE FREDERIC PASSY";"2665";"06000";"06088";"Nice";"06";"None";"None";"06088000KX0123";"None";"None";"203";"81.24";"79";"nan";"None";"nan";"None";"None";"None";"None";"2";"2";"Appartement";"84.0";"3.0";"None";"None";"None";"None";"nan";"7.255638";"43.699216";"000KX"
"2021-55753";"2021-02-22";"1";"Vente";"259050.0";"5.0";"None";"AV COMBA";"1595";"06000";"06088";"Nice";"06";"None";"None";"06088000KX0054";"None";"None";"20";"nan";"33";"58.82";"None";"nan";"None";"None";"None";"None";"2";"2";"Appartement";"57.0";"2.0";"None";"None";"None";"None";"nan";"7.254636";"43.700688";"000KX"
"2021-55420";"2021-02-22";"1";"Vente";"467000.0";"1.0";"None";"RUE FREDERIC PASSY";"2665";"06000";"06088";"Nice";"06";"None";"None";"06088000KX0123";"None";"None";"128";"nan";"None";"nan";"None";"nan";"None";"None";"None";"None";"1";"3";"Dépendance";"nan";"0.0";"None";"None";"None";"None";"nan";"7.255638";"43.699216";"000KX"
"2021-55113";"2021-02-18";"1";"Vente";"320000.0";"10.0";"None";"AV FLEURS";"2460";"06000";"06088";"Nice";"06";"None";"None";"06088000KX0145";"None";"None";"58";"61.72";"None";"nan";"None";"nan";"None";"None";"None";"None";"1";"2";"Appartement";"63.0";"3.0";"None";"None";"None";"None";"nan";"7.254212";"43.698205";"000KX"
"2021-55113";"2021-02-18";"1";"Vente";"320000.0";"10.0";"None";"AV FLEURS";"2460";"06000";"06088";"Nice";"06";"None";"None";"06088000KX0145";"None";"None";"209";"nan";"None";"nan";"None";"nan";"None";"None";"None";"None";"1";"3";"Dépendance";"nan";"0.0";"None";"None";"None";"None";"nan";"7.254212";"43.698205";"000KX"
"2021-55533";"2021-02-17";"1";"Vente";"412700.0";"14.0";"None";"RUE CHATEAUNEUF";"1365";"06000";"06088";"Nice";"06";"None";"None";"06088000KX0018";"None";"None";"22";"nan";"41";"110.91";"None";"nan";"None";"None";"None";"None";"2";"2";"Appartement";"126.0";"4.0";"None";"None";"None";"None";"nan";"7.254621";"43.701314";"000KX"
"2021-55533";"2021-02-17";"1";"Vente";"412700.0";"14.0";"None";"RUE CHATEAUNEUF";"1365";"06000";"06088";"Nice";"06";"None";"None";"06088000KX0018";"None";"None";"46";"nan";"None";"nan";"None";"nan";"None";"None";"None";"None";"1";"3";"Dépendance";"nan";"0.0";"None";"None";"None";"None";"nan";"7.254621";"43.701314";"000KX"
"2021-54525";"2021-02-15";"1";"Vente";"112500.0";"48.0";"None";"RUE SAINT PHILIPPE";"5895";"06000";"06088";"Nice";"06";"None";"None";"06088000KX0133";"None";"None";"57";"22.11";"None";"nan";"None";"nan";"None";"None";"None";"None";"1";"2";"Appartement";"21.0";"1.0";"None";"None";"None";"None";"nan";"7.255737";"43.697946";"000KX"
"2021-54985";"2021-02-15";"1";"Vente";"375000.0";"45.0";"None";"BD GAMBETTA";"2755";"06000";"06088";"Nice";"06";"None";"None";"06088000KX0127";"None";"None";"14";"90.22";"47";"nan";"None";"nan";"None";"None";"None";"None";"2";"2";"Appartement";"70.0";"3.0";"None";"None";"None";"None";"nan";"7.255851";"43.699054";"000KX"
"2021-54955";"2021-02-15";"1";"Vente";"1430000.0";"20.0";"None";"AV FLEURS";"2460";"06000";"06088";"Nice";"06";"None";"None";"06088000KX0162";"None";"None";"None";"nan";"None";"nan";"None";"nan";"None";"None";"None";"None";"0";"4";"Local industriel. commercial ou assimilé";"476.0";"0.0";"AG";"terrains d'agrément";"None";"None";"940.0";"7.252991";"43.698558";"000KX"
"2021-54955";"2021-02-15";"1";"Vente";"1430000.0";"20.0";"None";"AV FLEURS";"2460";"06000";"06088";"Nice";"06";"None";"None";"06088000KX0162";"None";"None";"None";"nan";"None";"nan";"None";"nan";"None";"None";"None";"None";"0";"4";"Local industriel. commercial ou assimilé";"476.0";"0.0";"S";"sols";"None";"None";"340.0";"7.252991";"43.698558";"000KX"
"2021-54703";"2021-02-12";"1";"Vente";"131125.0";"54.0";"None";"RUE SAINT PHILIPPE";"5895";"06000";"06088";"Nice";"06";"None";"None";"06088000KX0130";"None";"None";"5";"20.45";"None";"nan";"None";"nan";"None";"None";"None";"None";"1";"2";"Appartement";"21.0";"1.0";"None";"None";"None";"None";"nan";"7.255693";"43.698157";"000KX"
"2021-55059";"2021-02-12";"1";"Vente";"323810.0";"4.0";"None";"AV FLEURS";"2460";"06000";"06088";"Nice";"06";"None";"None";"06088000KX0137";"None";"None";"30";"nan";"36";"78.02";"None";"nan";"None";"None";"None";"None";"2";"2";"Appartement";"80.0";"3.0";"None";"None";"None";"None";"nan";"7.255466";"43.697813";"000KX"
"2021-54922";"2021-02-08";"1";"Vente";"195000.0";"3.0";"None";"RUE SAUSSURE";"6115";"06000";"06088";"Nice";"06";"None";"None";"06088000KX0061";"None";"None";"19";"55.08";"8";"nan";"None";"nan";"None";"None";"None";"None";"2";"2";"Appartement";"53.0";"3.0";"None";"None";"None";"None";"nan";"7.253904";"43.700359";"000KX"
"2021-55221";"2021-02-03";"1";"Vente";"168000.0";"40.0";"None";"BD FRANCOIS GROSSO";"2630";"06000";"06088";"Nice";"06";"None";"None";"06088000KX0239";"None";"None";"3";"42.73";"None";"nan";"None";"nan";"None";"None";"None";"None";"1";"2";"Appartement";"43.0";"1.0";"None";"None";"None";"None";"nan";"7.251526";"43.698197";"000KX"
"2021-54691";"2021-02-01";"1";"Vente";"205000.0";"14.0";"None";"AV SHAKESPEARE";"6220";"06000";"06088";"Nice";"06";"None";"None";"06088000KX0064";"None";"None";"43";"75.62";"8";"nan";"None";"nan";"None";"None";"None";"None";"2";"2";"Appartement";"98.0";"3.0";"None";"None";"None";"None";"nan";"7.253902";"43.699996";"000KX"
"2021-54576";"2021-01-29";"1";"Vente";"185000.0";"5.0";"None";"RUE CHATEAUNEUF";"1365";"06000";"06088";"Nice";"06";"None";"None";"06088000KX0031";"None";"None";"56";"55.8";"None";"nan";"None";"nan";"None";"None";"None";"None";"1";"2";"Appartement";"54.0";"3.0";"None";"None";"None";"None";"nan";"7.255243";"43.701091";"000KX"
"2021-53937";"2021-01-28";"1";"Vente";"245000.0";"30.0";"None";"AV FLEURS";"2460";"06000";"06088";"Nice";"06";"None";"None";"06088000KX0237";"None";"None";"24";"52.88";"55";"nan";"None";"nan";"None";"None";"None";"None";"2";"2";"Appartement";"48.0";"2.0";"None";"None";"None";"None";"nan";"7.251895";"43.698152";"000KX"
"2021-54080";"2021-01-28";"1";"Vente";"665240.0";"14.0";"None";"AV DEPOILLY";"1910";"06000";"06088";"Nice";"06";"None";"None";"06088000KX0047";"None";"None";"13";"nan";"None";"nan";"None";"nan";"None";"None";"None";"None";"1";"2";"Appartement";"93.0";"3.0";"None";"None";"None";"None";"nan";"7.25431";"43.700369";"000KX"
"2021-54080";"2021-01-28";"1";"Vente";"665240.0";"14.0";"None";"AV DEPOILLY";"1910";"06000";"06088";"Nice";"06";"None";"None";"06088000KX0047";"None";"None";"38";"nan";"None";"nan";"None";"nan";"None";"None";"None";"None";"1";"3";"Dépendance";"nan";"0.0";"None";"None";"None";"None";"nan";"7.25431";"43.700369";"000KX"
"2021-54195";"2021-01-27";"1";"Vente";"99000.0";"38.0";"None";"RUE CHATEAUNEUF";"1365";"06000";"06088";"Nice";"06";"None";"None";"06088000KX0004";"None";"None";"2";"nan";"36";"nan";"None";"nan";"None";"None";"None";"None";"2";"2";"Appartement";"38.0";"1.0";"None";"None";"None";"None";"nan";"7.252097";"43.700324";"000KX"
"2021-54111";"2021-01-26";"1";"Vente";"259000.0";"32.0";"None";"AV FLEURS";"2460";"06000";"06088";"Nice";"06";"None";"None";"06088000KX0238";"None";"None";"12";"66.77";"26";"nan";"None";"nan";"None";"None";"None";"None";"2";"2";"Appartement";"70.0";"3.0";"None";"None";"None";"None";"nan";"7.251725";"43.698175";"000KX"
"2021-53992";"2021-01-22";"1";"Vente";"130000.0";"4.0";"None";"AV FLEURS";"2460";"06000";"06088";"Nice";"06";"None";"None";"06088000KX0137";"None";"None";"29";"nan";"37";"nan";"None";"nan";"None";"None";"None";"None";"2";"2";"Appartement";"35.0";"1.0";"None";"None";"None";"None";"nan";"7.255466";"43.697813";"000KX"
"2021-54388";"2021-01-22";"1";"Vente";"285000.0";"20.0";"None";"RUE CHATEAUNEUF";"1365";"06000";"06088";"Nice";"06";"None";"None";"06088000KX0016";"None";"None";"29";"125.32";"None";"nan";"None";"nan";"None";"None";"None";"None";"1";"2";"Appartement";"126.0";"6.0";"None";"None";"None";"None";"nan";"7.253845";"43.701009";"000KX"
"2021-54388";"2021-01-22";"1";"Vente";"285000.0";"20.0";"None";"RUE CHATEAUNEUF";"1365";"06000";"06088";"Nice";"06";"None";"None";"06088000KX0016";"None";"None";"13";"nan";"None";"nan";"None";"nan";"None";"None";"None";"None";"1";"3";"Dépendance";"nan";"0.0";"None";"None";"None";"None";"nan";"7.253845";"43.701009";"000KX"
"2021-54247";"2021-01-21";"1";"Vente";"550000.0";"16.0";"None";"RUE FREDERIC PASSY";"2665";"06000";"06088";"Nice";"06";"None";"None";"06088000KX0067";"None";"None";"150";"166.27";"154";"nan";"None";"nan";"None";"None";"None";"None";"2";"4";"Local industriel. commercial ou assimilé";"277.0";"0.0";"None";"None";"None";"None";"nan";"7.253849";"43.699766";"000KX"
"2021-54150";"2021-01-18";"1";"Vente";"155000.0";"24.0";"None";"RUE FREDERIC PASSY";"2665";"06000";"06088";"Nice";"06";"None";"None";"06088000KX0266";"None";"None";"48";"65.23";"None";"nan";"None";"nan";"None";"None";"None";"None";"1";"2";"Appartement";"65.0";"2.0";"None";"None";"None";"None";"nan";"7.252477";"43.699776";"000KX"
"2021-53970";"2021-01-15";"1";"Vente";"90000.0";"25.0";"None";"AV SHAKESPEARE";"6220";"06000";"06088";"Nice";"06";"None";"None";"06088000KX0013";"None";"None";"5";"31.16";"None";"nan";"None";"nan";"None";"None";"None";"None";"1";"2";"Appartement";"41.0";"2.0";"None";"None";"None";"None";"nan";"7.25329";"43.700849";"000KX"
"2021-54020";"2021-01-12";"1";"Vente";"460000.0";"8.0";"None";"RUE CAFFARELLI";"1005";"06000";"06088";"Nice";"06";"None";"None";"06088000KX0323";"None";"None";"401";"nan";"None";"nan";"None";"nan";"None";"None";"None";"None";"1";"3";"Dépendance";"nan";"0.0";"None";"None";"None";"None";"nan";"7.254798";"43.698958";"000KX"
"2021-53437";"2021-01-08";"1";"Vente";"121800.0";"5.0";"None";"RUE CAFFARELLI";"1005";"06000";"06088";"Nice";"06";"None";"None";"06088000KX0120";"None";"None";"13";"nan";"None";"nan";"None";"nan";"None";"None";"None";"None";"1";"2";"Appartement";"39.0";"1.0";"None";"None";"None";"None";"nan";"7.25521";"43.698526";"000KX"
"2021-53902";"2021-01-07";"1";"Vente";"45000.0";"8.0";"None";"AV FLEURS";"2460";"06000";"06088";"Nice";"06";"None";"None";"06088000KX0141";"None";"None";"25";"nan";"None";"nan";"None";"nan";"None";"None";"None";"None";"1";"3";"Dépendance";"nan";"0.0";"None";"None";"None";"None";"nan";"7.25459";"43.697935";"000KX"
"2021-53301";"2021-01-05";"1";"Vente";"240000.0";"4.0";"None";"RUE CAFFARELLI";"1005";"06000";"06088";"Nice";"06";"None";"None";"06088000KX0121";"None";"None";"44";"nan";"57";"39.05";"None";"nan";"None";"None";"None";"None";"2";"2";"Appartement";"39.0";"1.0";"None";"None";"None";"None";"nan";"7.255622";"43.698827";"000KX"