id_mutation;date_mutation;numero_disposition;nature_mutation;valeur_fonciere;adresse_numero;adresse_suffixe;adresse_nom_voie;adresse_code_voie;code_postal;code_commune;nom_commune;code_departement;ancien_code_commune;ancien_nom_commune;id_parcelle;ancien_id_parcelle;numero_volume;lot1_numero;lot1_surface_carrez;lot2_numero;lot2_surface_carrez;lot3_numero;lot3_surface_carrez;lot4_numero;lot4_surface_carrez;lot5_numero;lot5_surface_carrez;nombre_lots;code_type_local;type_local;surface_reelle_bati;nombre_pieces_principales;code_nature_culture;nature_culture;code_nature_culture_speciale;nature_culture_speciale;surface_terrain;longitude;latitude;section_prefixe
"2025-58188";"2025-12-30";"1";"Vente";"149000.0";"78.0";"None";"RUE DE FRANCE";"2595";"06000";"06088";"Nice";"06";"None";"None";"06088000KW0292";"None";"None";"24";"28.22";"None";"nan";"None";"nan";"None";"None";"None";"None";"1";"2";"Appartement";"20.0";"1.0";"None";"None";"None";"None";"nan";"7.25401";"43.694778";"000KW"
"2025-58230";"2025-12-23";"1";"Vente";"36750.0";"70.0";"None";"RUE DE FRANCE";"2595";"06000";"06088";"Nice";"06";"None";"None";"06088000KW0419";"None";"None";"23BIS";"nan";"None";"nan";"None";"nan";"None";"None";"None";"None";"1";"4";"Local industriel. commercial ou assimilé";"51.0";"0.0";"None";"None";"None";"None";"nan";"7.254973";"43.695132";"000KW"
"2025-57671";"2025-12-22";"1";"Vente";"300000.0";"15.0";"None";"AV DES ORANGERS";"4590";"06000";"06088";"Nice";"06";"None";"None";"06088000KW0149";"None";"None";"33";"nan";"4";"56.24";"None";"nan";"None";"None";"None";"None";"2";"2";"Appartement";"57.0";"2.0";"None";"None";"None";"None";"nan";"7.253415";"43.696904";"000KW"
"2025-58293";"2025-12-22";"1";"Vente";"390000.0";"19.0";"None";"RUE ANDRIOLI";"0230";"06000";"06088";"Nice";"06";"None";"None";"06088000KW0206";"None";"None";"131";"87.86";"22";"nan";"None";"nan";"None";"None";"None";"None";"2";"2";"Appartement";"82.0";"2.0";"None";"None";"None";"None";"nan";"7.253381";"43.696371";"000KW"
"2025-57671";"2025-12-22";"1";"Vente";"300000.0";"15.0";"None";"AV DES ORANGERS";"4590";"06000";"06088";"Nice";"06";"None";"None";"06088000KW0149";"None";"None";"33";"nan";"4";"56.24";"None";"nan";"None";"None";"None";"None";"2";"3";"Dépendance";"nan";"0.0";"None";"None";"None";"None";"nan";"7.253415";"43.696904";"000KW"
"2025-58293";"2025-12-22";"1";"Vente";"390000.0";"19.0";"None";"RUE ANDRIOLI";"0230";"06000";"06088";"Nice";"06";"None";"None";"06088000KW0206";"None";"None";"131";"87.86";"22";"nan";"None";"nan";"None";"None";"None";"None";"2";"3";"Dépendance";"nan";"0.0";"None";"None";"None";"None";"nan";"7.253381";"43.696371";"000KW"
"2025-57693";"2025-12-19";"1";"Vente";"122700.0";"4.0";"None";"RUE JOSEPH FRICERO";"3470";"06000";"06088";"Nice";"06";"None";"None";"06088000KW0267";"None";"None";"2";"nan";"None";"nan";"None";"nan";"None";"None";"None";"None";"1";"2";"Appartement";"15.0";"1.0";"None";"None";"None";"None";"nan";"7.254606";"43.695382";"000KW"
"2025-58278";"2025-12-19";"1";"Vente";"405000.0";"76.0";"None";"AV BAUMETTES PANORAMIC";"0665";"06000";"06088";"Nice";"06";"None";"None";"06088000KW0005";"None";"None";"517";"nan";"564";"62.6";"None";"nan";"None";"None";"None";"None";"2";"2";"Appartement";"70.0";"3.0";"None";"None";"None";"None";"nan";"7.250071";"43.698297";"000KW"
"2025-57693";"2025-12-19";"1";"Vente";"122700.0";"4.0";"None";"RUE JOSEPH FRICERO";"3470";"06000";"06088";"Nice";"06";"None";"None";"06088000KW0267";"None";"None";"1";"37.52";"None";"nan";"None";"nan";"None";"None";"None";"None";"1";"3";"Dépendance";"nan";"0.0";"None";"None";"None";"None";"nan";"7.254606";"43.695382";"000KW"
"2025-58278";"2025-12-19";"1";"Vente";"405000.0";"76.0";"None";"AV BAUMETTES PANORAMIC";"0665";"06000";"06088";"Nice";"06";"None";"None";"06088000KW0005";"None";"None";"517";"nan";"564";"62.6";"None";"nan";"None";"None";"None";"None";"2";"3";"Dépendance";"nan";"0.0";"None";"None";"None";"None";"nan";"7.250071";"43.698297";"000KW"
"2025-57323";"2025-12-18";"1";"Vente";"941100.0";"4.0";"None";"RUE DANTE";"1835";"06000";"06088";"Nice";"06";"None";"None";"06088000KW0231";"None";"None";"16";"170.55";"None";"nan";"None";"nan";"None";"None";"None";"None";"1";"2";"Appartement";"179.0";"7.0";"None";"None";"None";"None";"nan";"7.255522";"43.696219";"000KW"
"2025-57777";"2025-12-18";"1";"Vente";"250000.0";"10.0";"B";"BD FRANCOIS GROSSO";"2630";"06000";"06088";"Nice";"06";"None";"None";"06088000KW0186";"None";"None";"14";"49.73";"None";"nan";"None";"nan";"None";"None";"None";"None";"1";"2";"Appartement";"45.0";"2.0";"None";"None";"None";"None";"nan";"7.252003";"43.695813";"000KW"
"2025-58325";"2025-12-18";"1";"Vente";"52500.0";"4.0";"B";"RUE SAINT PHILIPPE";"5895";"06000";"06088";"Nice";"06";"None";"None";"06088000KW0252";"None";"None";"71B";"9.01";"None";"nan";"None";"nan";"None";"None";"None";"None";"1";"2";"Appartement";"9.0";"1.0";"None";"None";"None";"None";"nan";"7.255928";"43.694042";"000KW"
"2025-57323";"2025-12-18";"1";"Vente";"941100.0";"4.0";"None";"RUE DANTE";"1835";"06000";"06088";"Nice";"06";"None";"None";"06088000KW0231";"None";"None";"2";"nan";"None";"nan";"None";"nan";"None";"None";"None";"None";"1";"3";"Dépendance";"nan";"0.0";"None";"None";"None";"None";"nan";"7.255522";"43.696219";"000KW"
"2025-57751";"2025-12-18";"1";"Vente";"39000.0";"5.0";"None";"RUE ANDRIOLI";"0230";"06000";"06088";"Nice";"06";"None";"None";"06088000KW0278";"None";"None";"40";"nan";"None";"nan";"None";"nan";"None";"None";"None";"None";"1";"3";"Dépendance";"nan";"0.0";"None";"None";"None";"None";"nan";"7.254107";"43.694359";"000KW"
"2025-57777";"2025-12-18";"1";"Vente";"250000.0";"10.0";"B";"BD FRANCOIS GROSSO";"2630";"06000";"06088";"Nice";"06";"None";"None";"06088000KW0186";"None";"None";"14";"49.73";"None";"nan";"None";"nan";"None";"None";"None";"None";"1";"3";"Dépendance";"nan";"0.0";"None";"None";"None";"None";"nan";"7.252003";"43.695813";"000KW"
"2025-57805";"2025-12-18";"1";"Vente";"79000.0";"9.0";"None";"AV DES ORANGERS";"4590";"06000";"06088";"Nice";"06";"None";"None";"06088000KW0144";"None";"None";"12";"14.78";"None";"nan";"None";"nan";"None";"None";"None";"None";"1";"4";"Local industriel. commercial ou assimilé";"19.0";"0.0";"None";"None";"None";"None";"nan";"7.254202";"43.696919";"000KW"
"2025-57452";"2025-12-17";"1";"Vente";"262000.0";"27.0";"None";"AV FLEURS";"2460";"06000";"06088";"Nice";"06";"None";"None";"06088000KW0108";"None";"None";"57";"47.23";"None";"nan";"None";"nan";"None";"None";"None";"None";"1";"2";"Appartement";"46.0";"2.0";"None";"None";"None";"None";"nan";"7.251754";"43.697744";"000KW"
"2025-57598";"2025-12-17";"1";"Vente";"329000.0";"16.0";"None";"RUE SAINT PHILIPPE";"5895";"06000";"06088";"Nice";"06";"None";"None";"06088000KW0245";"None";"None";"7";"nan";"None";"nan";"None";"nan";"None";"None";"None";"None";"1";"2";"Appartement";"62.0";"3.0";"None";"None";"None";"None";"nan";"7.255397";"43.695369";"000KW"
"2025-57741";"2025-12-16";"1";"Vente";"867000.0";"53.0";"None";"PROM DES ANGLAIS";"0240";"06000";"06088";"Nice";"06";"None";"None";"06088000KW0282";"None";"None";"137";"nan";"4";"nan";"None";"nan";"None";"None";"None";"None";"2";"2";"Appartement";"112.0";"3.0";"None";"None";"None";"None";"nan";"7.254413";"43.693761";"000KW"
"2025-57922";"2025-12-16";"1";"Vente";"280000.0";"72.0";"None";"RUE DE FRANCE";"2595";"06000";"06088";"Nice";"06";"None";"None";"06088000KW0259";"None";"None";"11";"52.15";"None";"nan";"None";"nan";"None";"None";"None";"None";"1";"2";"Appartement";"52.0";"3.0";"None";"None";"None";"None";"nan";"7.254832";"43.695051";"000KW"
"2025-57563";"2025-12-16";"1";"Vente";"35000.0";"17.0";"None";"AV FLEURS";"2460";"06000";"06088";"Nice";"06";"None";"None";"06088000KW0123";"None";"None";"112";"nan";"None";"nan";"None";"nan";"None";"None";"None";"None";"1";"3";"Dépendance";"nan";"0.0";"None";"None";"None";"None";"nan";"7.253164";"43.697428";"000KW"
"2025-57483";"2025-12-15";"1";"Vente";"110000.0";"4.0";"None";"RUE SAINT PHILIPPE";"5895";"06000";"06088";"Nice";"06";"None";"None";"06088000KW0252";"None";"None";"85B";"nan";"96B";"nan";"None";"nan";"None";"None";"None";"None";"2";"2";"Appartement";"44.0";"2.0";"None";"None";"None";"None";"nan";"7.255928";"43.694042";"000KW"
"2025-57487";"2025-12-15";"1";"Vente";"105000.0";"3.0";"None";"RUE DANTE";"1835";"06000";"06088";"Nice";"06";"None";"None";"06088000KW0241";"None";"None";"255";"nan";"None";"nan";"None";"nan";"None";"None";"None";"None";"1";"2";"Appartement";"26.0";"2.0";"None";"None";"None";"None";"nan";"7.25552";"43.695542";"000KW"
"2025-57487";"2025-12-15";"1";"Vente";"105000.0";"3.0";"None";"RUE DANTE";"1835";"06000";"06088";"Nice";"06";"None";"None";"06088000KW0241";"None";"None";"212";"nan";"None";"nan";"None";"nan";"None";"None";"None";"None";"1";"2";"Appartement";"41.0";"2.0";"None";"None";"None";"None";"nan";"7.25552";"43.695542";"000KW"
"2025-57491";"2025-12-15";"1";"Vente";"79000.0";"3.0";"None";"RUE DANTE";"1835";"06000";"06088";"Nice";"06";"None";"None";"06088000KW0241";"None";"None";"218";"nan";"None";"nan";"None";"nan";"None";"None";"None";"None";"1";"2";"Appartement";"31.0";"2.0";"None";"None";"None";"None";"nan";"7.25552";"43.695542";"000KW"
"2025-57491";"2025-12-15";"1";"Vente";"79000.0";"3.0";"None";"RUE DANTE";"1835";"06000";"06088";"Nice";"06";"None";"None";"06088000KW0241";"None";"None";"252";"nan";"None";"nan";"None";"nan";"None";"None";"None";"None";"1";"2";"Appartement";"32.0";"2.0";"None";"None";"None";"None";"nan";"7.25552";"43.695542";"000KW"
"2025-57560";"2025-12-15";"1";"Vente";"295000.0";"30.0";"None";"RUE SAINT PHILIPPE";"5895";"06000";"06088";"Nice";"06";"None";"None";"06088000KW0487";"None";"None";"28";"27.55";"48";"nan";"None";"nan";"None";"None";"None";"None";"2";"2";"Appartement";"33.0";"1.0";"None";"None";"None";"None";"nan";"7.25522";"43.696505";"000KW"
"2025-57743";"2025-12-15";"1";"Vente";"530000.0";"9.0";"T";"AV FLEURS";"2460";"06000";"06088";"Nice";"06";"None";"None";"06088000KW0127";"None";"None";"64MR";"nan";"6MR";"nan";"None";"nan";"None";"None";"None";"None";"2";"2";"Appartement";"89.0";"4.0";"None";"None";"None";"None";"nan";"7.254233";"43.697353";"000KW"
"2025-58175";"2025-12-15";"1";"Vente";"414000.0";"11.0";"B";"AV FLEURS";"2460";"06000";"06088";"Nice";"06";"None";"None";"06088000KW0125";"None";"None";"34";"nan";"67";"52.56";"None";"nan";"None";"None";"None";"None";"2";"2";"Appartement";"45.0";"2.0";"None";"None";"None";"None";"nan";"7.253698";"43.697412";"000KW"
"2025-57483";"2025-12-15";"1";"Vente";"110000.0";"4.0";"None";"RUE SAINT PHILIPPE";"5895";"06000";"06088";"Nice";"06";"None";"None";"06088000KW0252";"None";"None";"85B";"nan";"96B";"nan";"None";"nan";"None";"None";"None";"None";"2";"3";"Dépendance";"nan";"0.0";"None";"None";"None";"None";"nan";"7.255928";"43.694042";"000KW"
"2025-57487";"2025-12-15";"1";"Vente";"105000.0";"3.0";"None";"RUE DANTE";"1835";"06000";"06088";"Nice";"06";"None";"None";"06088000KW0241";"None";"None";"255";"nan";"None";"nan";"None";"nan";"None";"None";"None";"None";"1";"3";"Dépendance";"nan";"0.0";"None";"None";"None";"None";"nan";"7.25552";"43.695542";"000KW"
"2025-57491";"2025-12-15";"1";"Vente";"79000.0";"3.0";"None";"RUE DANTE";"1835";"06000";"06088";"Nice";"06";"None";"None";"06088000KW0241";"None";"None";"252";"nan";"None";"nan";"None";"nan";"None";"None";"None";"None";"1";"3";"Dépendance";"nan";"0.0";"None";"None";"None";"None";"nan";"7.25552";"43.695542";"000KW"
"2025-57491";"2025-12-15";"1";"Vente";"79000.0";"3.0";"None";"RUE DANTE";"1835";"06000";"06088";"Nice";"06";"None";"None";"06088000KW0241";"None";"None";"218";"nan";"None";"nan";"None";"nan";"None";"None";"None";"None";"1";"3";"Dépendance";"nan";"0.0";"None";"None";"None";"None";"nan";"7.25552";"43.695542";"000KW"
"2025-57560";"2025-12-15";"1";"Vente";"295000.0";"30.0";"None";"RUE SAINT PHILIPPE";"5895";"06000";"06088";"Nice";"06";"None";"None";"06088000KW0487";"None";"None";"28";"27.55";"48";"nan";"None";"nan";"None";"None";"None";"None";"2";"3";"Dépendance";"nan";"0.0";"None";"None";"None";"None";"nan";"7.25522";"43.696505";"000KW"
"2025-57560";"2025-12-15";"1";"Vente";"295000.0";"30.0";"None";"RUE SAINT PHILIPPE";"5895";"06000";"06088";"Nice";"06";"None";"None";"06088000KW0487";"None";"None";"28";"27.55";"48";"nan";"None";"nan";"None";"None";"None";"None";"2";"3";"Dépendance";"nan";"0.0";"None";"None";"None";"None";"nan";"7.25522";"43.696505";"000KW"
"2025-57743";"2025-12-15";"1";"Vente";"530000.0";"9.0";"T";"AV FLEURS";"2460";"06000";"06088";"Nice";"06";"None";"None";"06088000KW0127";"None";"None";"64MR";"nan";"6MR";"nan";"None";"nan";"None";"None";"None";"None";"2";"3";"Dépendance";"nan";"0.0";"None";"None";"None";"None";"nan";"7.254233";"43.697353";"000KW"
"2025-58175";"2025-12-15";"1";"Vente";"414000.0";"11.0";"B";"AV FLEURS";"2460";"06000";"06088";"Nice";"06";"None";"None";"06088000KW0125";"None";"None";"34";"nan";"67";"52.56";"None";"nan";"None";"None";"None";"None";"2";"3";"Dépendance";"nan";"0.0";"None";"None";"None";"None";"nan";"7.253698";"43.697412";"000KW"
"2025-57195";"2025-12-12";"1";"Vente";"260000.0";"16.0";"None";"RUE SAINT PHILIPPE";"5895";"06000";"06088";"Nice";"06";"None";"None";"06088000KW0245";"None";"None";"7";"nan";"None";"nan";"None";"nan";"None";"None";"None";"None";"1";"2";"Appartement";"62.0";"3.0";"None";"None";"None";"None";"nan";"7.255397";"43.695369";"000KW"
"2025-57465";"2025-12-11";"1";"Vente";"800000.0";"54.0";"None";"PROM DES ANGLAIS";"0240";"06000";"06088";"Nice";"06";"None";"None";"06088000KW0283";"None";"None";"27";"90.17";"73";"nan";"None";"nan";"None";"None";"None";"None";"2";"2";"Appartement";"91.0";"2.0";"None";"None";"None";"None";"nan";"7.254063";"43.693742";"000KW"
"2025-57656";"2025-12-11";"1";"Vente";"200000.0";"93.0";"None";"RUE DE FRANCE";"2595";"06000";"06088";"Nice";"06";"None";"None";"06088000KW0248";"None";"None";"34";"nan";"None";"nan";"None";"nan";"None";"None";"None";"None";"1";"2";"Appartement";"45.0";"2.0";"None";"None";"None";"None";"nan";"7.255898";"43.695005";"000KW"
"2025-58086";"2025-12-11";"1";"Vente";"795000.0";"7.0";"None";"BD GAMBETTA";"2755";"06000";"06088";"Nice";"06";"None";"None";"06088000KW0446";"None";"None";"184";"nan";"None";"nan";"None";"nan";"None";"None";"None";"None";"1";"2";"Appartement";"77.0";"3.0";"None";"None";"None";"None";"nan";"7.255854";"43.694672";"000KW"
"2025-57003";"2025-12-10";"1";"Vente";"304000.0";"6.0";"None";"RUE DES POTIERS";"5225";"06000";"06088";"Nice";"06";"None";"None";"06088000KW0311";"None";"None";"140";"43.18";"None";"nan";"None";"nan";"None";"None";"None";"None";"1";"2";"Appartement";"36.0";"2.0";"None";"None";"None";"None";"nan";"7.253284";"43.694842";"000KW"
"2025-57274";"2025-12-10";"1";"Vente";"35000.0";"21.0";"None";"BD FRANCOIS GROSSO";"2630";"06000";"06088";"Nice";"06";"None";"None";"06088000KW0076";"None";"None";"315";"nan";"None";"nan";"None";"nan";"None";"None";"None";"None";"1";"3";"Dépendance";"nan";"0.0";"None";"None";"None";"None";"nan";"7.251171";"43.696065";"000KW"
"2025-56691";"2025-12-09";"1";"Vente";"630000.0";"19.0";"None";"RUE ANDRIOLI";"0230";"06000";"06088";"Nice";"06";"None";"None";"06088000KW0206";"None";"None";"142";"nan";"81";"nan";"None";"nan";"None";"None";"None";"None";"2";"2";"Appartement";"69.0";"2.0";"None";"None";"None";"None";"nan";"7.253381";"43.696371";"000KW"
"2025-57031";"2025-12-09";"1";"Vente";"157000.0";"7.0";"None";"RUE ALEXIS MOSSA";"0094";"06000";"06088";"Nice";"06";"None";"None";"06088000KW0192";"None";"None";"32";"nan";"71";"34.49";"None";"nan";"None";"None";"None";"None";"2";"2";"Appartement";"36.0";"1.0";"None";"None";"None";"None";"nan";"7.253074";"43.695885";"000KW"
"2025-57251";"2025-12-09";"1";"Vente";"740000.0";"30.0";"None";"AV DES BAUMETTES";"0660";"06000";"06088";"Nice";"06";"None";"None";"06088000KW0055";"None";"None";"3";"nan";"9";"96.04";"None";"nan";"None";"None";"None";"None";"2";"2";"Appartement";"79.0";"4.0";"None";"None";"None";"None";"nan";"7.250141";"43.694709";"000KW"
"2025-57251";"2025-12-09";"1";"Vente";"740000.0";"30.0";"None";"AV DES BAUMETTES";"0660";"06000";"06088";"Nice";"06";"None";"None";"06088000KW0055";"None";"None";"9";"96.04";"None";"nan";"None";"nan";"None";"None";"None";"None";"1";"2";"Appartement";"14.0";"1.0";"None";"None";"None";"None";"nan";"7.250141";"43.694709";"000KW"
"2025-56691";"2025-12-09";"1";"Vente";"630000.0";"19.0";"None";"RUE ANDRIOLI";"0230";"06000";"06088";"Nice";"06";"None";"None";"06088000KW0206";"None";"None";"142";"nan";"81";"nan";"None";"nan";"None";"None";"None";"None";"2";"3";"Dépendance";"nan";"0.0";"None";"None";"None";"None";"nan";"7.253381";"43.696371";"000KW"
"2025-57031";"2025-12-09";"1";"Vente";"157000.0";"7.0";"None";"RUE ALEXIS MOSSA";"0094";"06000";"06088";"Nice";"06";"None";"None";"06088000KW0192";"None";"None";"32";"nan";"71";"34.49";"None";"nan";"None";"None";"None";"None";"2";"3";"Dépendance";"nan";"0.0";"None";"None";"None";"None";"nan";"7.253074";"43.695885";"000KW"
"2025-57251";"2025-12-09";"1";"Vente";"740000.0";"30.0";"None";"AV DES BAUMETTES";"0660";"06000";"06088";"Nice";"06";"None";"None";"06088000KW0055";"None";"None";"3";"nan";"9";"96.04";"None";"nan";"None";"None";"None";"None";"2";"3";"Dépendance";"nan";"0.0";"None";"None";"None";"None";"nan";"7.250141";"43.694709";"000KW"
"2025-57162";"2025-12-08";"1";"Vente";"293410.0";"27.0";"None";"BD GAMBETTA";"2755";"06000";"06088";"Nice";"06";"None";"None";"06088000KW0234";"None";"None";"18";"45.04";"None";"nan";"None";"nan";"None";"None";"None";"None";"1";"2";"Appartement";"46.0";"2.0";"None";"None";"None";"None";"nan";"7.255942";"43.69657";"000KW"
"2025-57755";"2025-12-08";"1";"Vente";"490000.0";"7.0";"None";"BD GAMBETTA";"2755";"06000";"06088";"Nice";"06";"None";"None";"06088000KW0446";"None";"None";"207";"nan";"None";"nan";"None";"nan";"None";"None";"None";"None";"1";"2";"Appartement";"72.0";"3.0";"None";"None";"None";"None";"nan";"7.255854";"43.694672";"000KW"
"2025-57755";"2025-12-08";"1";"Vente";"490000.0";"10.0";"None";"RUE SAINT PHILIPPE";"5895";"06000";"06088";"Nice";"06";"None";"None";"06088000KW0446";"None";"None";"103";"nan";"None";"nan";"None";"nan";"None";"None";"None";"None";"1";"3";"Dépendance";"nan";"0.0";"None";"None";"None";"None";"nan";"7.255854";"43.694672";"000KW"
"2025-57755";"2025-12-08";"1";"Vente";"490000.0";"7.0";"None";"BD GAMBETTA";"2755";"06000";"06088";"Nice";"06";"None";"None";"06088000KW0446";"None";"None";"207";"nan";"None";"nan";"None";"nan";"None";"None";"None";"None";"1";"3";"Dépendance";"nan";"0.0";"None";"None";"None";"None";"nan";"7.255854";"43.694672";"000KW"
"2025-56835";"2025-12-05";"1";"Vente";"466000.0";"7.0";"None";"RUE ALEXIS MOSSA";"0094";"06000";"06088";"Nice";"06";"None";"None";"06088000KW0192";"None";"None";"46";"nan";"95";"48.04";"None";"nan";"None";"None";"None";"None";"2";"2";"Appartement";"42.0";"1.0";"None";"None";"None";"None";"nan";"7.253074";"43.695885";"000KW"
"2025-56835";"2025-12-05";"1";"Vente";"466000.0";"7.0";"None";"RUE ALEXIS MOSSA";"0094";"06000";"06088";"Nice";"06";"None";"None";"06088000KW0192";"None";"None";"46";"nan";"95";"48.04";"None";"nan";"None";"None";"None";"None";"2";"3";"Dépendance";"nan";"0.0";"None";"None";"None";"None";"nan";"7.253074";"43.695885";"000KW"
"2025-56835";"2025-12-05";"1";"Vente";"466000.0";"7.0";"None";"RUE ALEXIS MOSSA";"0094";"06000";"06088";"Nice";"06";"None";"None";"06088000KW0192";"None";"None";"46";"nan";"95";"48.04";"None";"nan";"None";"None";"None";"None";"2";"3";"Dépendance";"nan";"0.0";"None";"None";"None";"None";"nan";"7.253074";"43.695885";"000KW"
"2025-57735";"2025-12-04";"1";"Vente";"308000.0";"13.0";"None";"RUE BOTTERO";"0925";"06000";"06088";"Nice";"06";"None";"None";"06088000KW0221";"None";"None";"13";"nan";"33";"39.11";"None";"nan";"None";"None";"None";"None";"2";"2";"Appartement";"40.0";"2.0";"None";"None";"None";"None";"nan";"7.254291";"43.696458";"000KW"
"2025-57735";"2025-12-04";"1";"Vente";"308000.0";"13.0";"None";"RUE BOTTERO";"0925";"06000";"06088";"Nice";"06";"None";"None";"06088000KW0221";"None";"None";"13";"nan";"33";"39.11";"None";"nan";"None";"None";"None";"None";"2";"3";"Dépendance";"nan";"0.0";"None";"None";"None";"None";"nan";"7.254291";"43.696458";"000KW"
"2025-56779";"2025-12-03";"1";"Vente";"800000.0";"11.0";"None";"BD GAMBETTA";"2755";"06000";"06088";"Nice";"06";"None";"None";"06088000KW0249";"None";"None";"33";"129.6";"66";"nan";"None";"nan";"None";"None";"None";"None";"2";"2";"Appartement";"128.0";"5.0";"None";"None";"None";"None";"nan";"7.255965";"43.694979";"000KW"
"2025-57146";"2025-12-03";"1";"Vente";"460000.0";"15.0";"None";"RUE ANDRIOLI";"0230";"06000";"06088";"Nice";"06";"None";"None";"06088000KW0198";"None";"None";"114B";"nan";"23B";"nan";"None";"nan";"None";"None";"None";"None";"2";"2";"Appartement";"70.0";"3.0";"None";"None";"None";"None";"nan";"7.253622";"43.695971";"000KW"
"2025-56779";"2025-12-03";"1";"Vente";"800000.0";"11.0";"None";"BD GAMBETTA";"2755";"06000";"06088";"Nice";"06";"None";"None";"06088000KW0249";"None";"None";"33";"129.6";"66";"nan";"None";"nan";"None";"None";"None";"None";"2";"3";"Dépendance";"nan";"0.0";"None";"None";"None";"None";"nan";"7.255965";"43.694979";"000KW"
"2025-57146";"2025-12-03";"1";"Vente";"460000.0";"15.0";"None";"RUE ANDRIOLI";"0230";"06000";"06088";"Nice";"06";"None";"None";"06088000KW0198";"None";"None";"114B";"nan";"23B";"nan";"None";"nan";"None";"None";"None";"None";"2";"3";"Dépendance";"nan";"0.0";"None";"None";"None";"None";"nan";"7.253622";"43.695971";"000KW"
"2025-57416";"2025-12-02";"1";"Vente";"200000.0";"8.0";"None";"IMP VIOLETTES";"6745";"06000";"06088";"Nice";"06";"None";"None";"06088000KW0306";"None";"None";"4";"46.64";"None";"nan";"None";"nan";"None";"None";"None";"None";"1";"2";"Appartement";"50.0";"3.0";"None";"None";"None";"None";"nan";"7.25343";"43.695109";"000KW"
"2025-57621";"2025-12-02";"1";"Vente";"245000.0";"1.0";"None";"RUE JOSEPH FRICERO";"3470";"06000";"06088";"Nice";"06";"None";"None";"06088000KW0515";"None";"None";"41";"34.14";"None";"nan";"None";"nan";"None";"None";"None";"None";"1";"2";"Appartement";"34.0";"2.0";"None";"None";"None";"None";"nan";"7.254373";"43.694881";"000KW"
"2025-56787";"2025-11-27";"1";"Vente";"164870.0";"28.0";"None";"RUE BOTTERO";"0925";"06000";"06088";"Nice";"06";"None";"None";"06088000KW0439";"None";"None";"69";"24.08";"None";"nan";"None";"nan";"None";"None";"None";"None";"1";"2";"Appartement";"24.0";"1.0";"None";"None";"None";"None";"nan";"7.252368";"43.696615";"000KW"
"2025-57345";"2025-11-27";"1";"Vente";"655000.0";"7.0";"None";"AV FLEURS";"2460";"06000";"06088";"Nice";"06";"None";"None";"06088000KW0130";"None";"None";"13";"98.03";"None";"nan";"None";"nan";"None";"None";"None";"None";"1";"2";"Appartement";"111.0";"4.0";"None";"None";"None";"None";"nan";"7.254675";"43.697427";"000KW"
"2025-56720";"2025-11-27";"1";"Vente";"40000.0";"3.0";"None";"RUE ANDRIOLI";"0230";"06000";"06088";"Nice";"06";"None";"None";"06088000KW0279";"None";"None";"18";"nan";"None";"nan";"None";"nan";"None";"None";"None";"None";"1";"3";"Dépendance";"nan";"0.0";"None";"None";"None";"None";"nan";"7.254341";"43.694122";"000KW"
"2025-57345";"2025-11-27";"1";"Vente";"655000.0";"7.0";"None";"AV FLEURS";"2460";"06000";"06088";"Nice";"06";"None";"None";"06088000KW0130";"None";"None";"35";"nan";"None";"nan";"None";"nan";"None";"None";"None";"None";"1";"3";"Dépendance";"nan";"0.0";"None";"None";"None";"None";"nan";"7.254675";"43.697427";"000KW"
"2025-57345";"2025-11-27";"1";"Vente";"655000.0";"7.0";"None";"AV FLEURS";"2460";"06000";"06088";"Nice";"06";"None";"None";"06088000KW0130";"None";"None";"13";"98.03";"None";"nan";"None";"nan";"None";"None";"None";"None";"1";"3";"Dépendance";"nan";"0.0";"None";"None";"None";"None";"nan";"7.254675";"43.697427";"000KW"
"2025-56136";"2025-11-21";"1";"Vente";"282750.0";"15.0";"None";"RUE ALEXIS MOSSA";"0094";"06000";"06088";"Nice";"06";"None";"None";"06088000KW0183";"None";"None";"10";"53.12";"None";"nan";"None";"nan";"None";"None";"None";"None";"1";"2";"Appartement";"40.0";"2.0";"None";"None";"None";"None";"nan";"7.252412";"43.695896";"000KW"
"2025-57062";"2025-11-21";"1";"Vente";"1043900.0";"5.0";"None";"RUE ANDRIOLI";"0230";"06000";"06088";"Nice";"06";"None";"None";"06088000KW0278";"None";"None";"136";"nan";"232";"66.88";"None";"nan";"None";"None";"None";"None";"2";"2";"Appartement";"66.0";"3.0";"None";"None";"None";"None";"nan";"7.254107";"43.694359";"000KW"
"2025-56077";"2025-11-21";"1";"Vente";"61500.0";"53.0";"None";"PROM DES ANGLAIS";"0240";"06000";"06088";"Nice";"06";"None";"None";"06088000KW0282";"None";"None";"75";"10.12";"None";"nan";"None";"nan";"None";"None";"None";"None";"1";"3";"Dépendance";"nan";"0.0";"None";"None";"None";"None";"nan";"7.254413";"43.693761";"000KW"
"2025-57062";"2025-11-21";"1";"Vente";"1043900.0";"5.0";"None";"RUE ANDRIOLI";"0230";"06000";"06088";"Nice";"06";"None";"None";"06088000KW0278";"None";"None";"5";"nan";"None";"nan";"None";"nan";"None";"None";"None";"None";"1";"3";"Dépendance";"nan";"0.0";"None";"None";"None";"None";"nan";"7.254107";"43.694359";"000KW"
"2025-57062";"2025-11-21";"1";"Vente";"1043900.0";"5.0";"None";"RUE ANDRIOLI";"0230";"06000";"06088";"Nice";"06";"None";"None";"06088000KW0278";"None";"None";"136";"nan";"232";"66.88";"None";"nan";"None";"None";"None";"None";"2";"3";"Dépendance";"nan";"0.0";"None";"None";"None";"None";"nan";"7.254107";"43.694359";"000KW"
"2025-57000";"2025-11-19";"1";"Vente";"50000.0";"7.0";"None";"AV FLEURS";"2460";"06000";"06088";"Nice";"06";"None";"None";"06088000KW0130";"None";"None";"32";"nan";"None";"nan";"None";"nan";"None";"None";"None";"None";"1";"3";"Dépendance";"nan";"0.0";"None";"None";"None";"None";"nan";"7.254675";"43.697427";"000KW"
"2025-55885";"2025-11-18";"1";"Vente";"525000.0";"70.0";"None";"RUE DE FRANCE";"2595";"06000";"06088";"Nice";"06";"None";"None";"06088000KW0419";"None";"None";"5";"129.22";"None";"nan";"None";"nan";"None";"None";"None";"None";"1";"2";"Appartement";"11.0";"1.0";"None";"None";"None";"None";"nan";"7.254973";"43.695132";"000KW"
"2025-55885";"2025-11-18";"1";"Vente";"525000.0";"70.0";"None";"RUE DE FRANCE";"2595";"06000";"06088";"Nice";"06";"None";"None";"06088000KW0419";"None";"None";"5";"129.22";"None";"nan";"None";"nan";"None";"None";"None";"None";"1";"2";"Appartement";"15.0";"1.0";"None";"None";"None";"None";"nan";"7.254973";"43.695132";"000KW"
"2025-55885";"2025-11-18";"1";"Vente";"525000.0";"70.0";"None";"RUE DE FRANCE";"2595";"06000";"06088";"Nice";"06";"None";"None";"06088000KW0419";"None";"None";"5";"129.22";"None";"nan";"None";"nan";"None";"None";"None";"None";"1";"2";"Appartement";"13.0";"1.0";"None";"None";"None";"None";"nan";"7.254973";"43.695132";"000KW"
"2025-55885";"2025-11-18";"1";"Vente";"525000.0";"70.0";"None";"RUE DE FRANCE";"2595";"06000";"06088";"Nice";"06";"None";"None";"06088000KW0419";"None";"None";"5";"129.22";"None";"nan";"None";"nan";"None";"None";"None";"None";"1";"2";"Appartement";"22.0";"1.0";"None";"None";"None";"None";"nan";"7.254973";"43.695132";"000KW"
"2025-55885";"2025-11-18";"1";"Vente";"525000.0";"70.0";"None";"RUE DE FRANCE";"2595";"06000";"06088";"Nice";"06";"None";"None";"06088000KW0419";"None";"None";"5";"129.22";"None";"nan";"None";"nan";"None";"None";"None";"None";"1";"2";"Appartement";"17.0";"1.0";"None";"None";"None";"None";"nan";"7.254973";"43.695132";"000KW"
"2025-55885";"2025-11-18";"1";"Vente";"525000.0";"70.0";"None";"RUE DE FRANCE";"2595";"06000";"06088";"Nice";"06";"None";"None";"06088000KW0419";"None";"None";"5";"129.22";"None";"nan";"None";"nan";"None";"None";"None";"None";"1";"2";"Appartement";"8.0";"1.0";"None";"None";"None";"None";"nan";"7.254973";"43.695132";"000KW"
"2025-55885";"2025-11-18";"1";"Vente";"525000.0";"70.0";"None";"RUE DE FRANCE";"2595";"06000";"06088";"Nice";"06";"None";"None";"06088000KW0419";"None";"None";"5";"129.22";"None";"nan";"None";"nan";"None";"None";"None";"None";"1";"2";"Appartement";"15.0";"1.0";"None";"None";"None";"None";"nan";"7.254973";"43.695132";"000KW"
"2025-55885";"2025-11-18";"1";"Vente";"525000.0";"70.0";"None";"RUE DE FRANCE";"2595";"06000";"06088";"Nice";"06";"None";"None";"06088000KW0419";"None";"None";"5";"129.22";"None";"nan";"None";"nan";"None";"None";"None";"None";"1";"3";"Dépendance";"nan";"0.0";"None";"None";"None";"None";"nan";"7.254973";"43.695132";"000KW"
"2025-55885";"2025-11-18";"1";"Vente";"525000.0";"70.0";"None";"RUE DE FRANCE";"2595";"06000";"06088";"Nice";"06";"None";"None";"06088000KW0419";"None";"None";"5";"129.22";"None";"nan";"None";"nan";"None";"None";"None";"None";"1";"3";"Dépendance";"nan";"0.0";"None";"None";"None";"None";"nan";"7.254973";"43.695132";"000KW"
"2025-56174";"2025-11-17";"1";"Vente";"395000.0";"4.0";"None";"RUE SAINT PHILIPPE";"5895";"06000";"06088";"Nice";"06";"None";"None";"06088000KW0252";"None";"None";"22B";"76.09";"None";"nan";"None";"nan";"None";"None";"None";"None";"1";"2";"Appartement";"75.0";"3.0";"None";"None";"None";"None";"nan";"7.255928";"43.694042";"000KW"
"2025-55934";"2025-11-13";"1";"Vente";"170602.0";"76.0";"None";"AV BAUMETTES OLIVIERS";"0662";"06000";"06088";"Nice";"06";"None";"None";"06088000KW0005";"None";"None";"283";"nan";"314";"44.58";"None";"nan";"None";"None";"None";"None";"2";"2";"Appartement";"46.0";"2.0";"None";"None";"None";"None";"nan";"7.250071";"43.698297";"000KW"
"2025-55934";"2025-11-13";"1";"Vente";"170602.0";"76.0";"None";"AV BAUMETTES OLIVIERS";"0662";"06000";"06088";"Nice";"06";"None";"None";"06088000KW0005";"None";"None";"283";"nan";"314";"44.58";"None";"nan";"None";"None";"None";"None";"2";"3";"Dépendance";"nan";"0.0";"None";"None";"None";"None";"nan";"7.250071";"43.698297";"000KW"
"2025-55703";"2025-11-07";"1";"Vente";"109250.0";"76.0";"None";"AV DES BAUMETTES";"0660";"06000";"06088";"Nice";"06";"None";"None";"06088000KW0005";"None";"None";"614";"nan";"636";"nan";"None";"nan";"None";"None";"None";"None";"2";"2";"Appartement";"29.0";"1.0";"None";"None";"None";"None";"nan";"7.250071";"43.698297";"000KW"
"2025-55703";"2025-11-07";"1";"Vente";"109250.0";"76.0";"None";"AV DES BAUMETTES";"0660";"06000";"06088";"Nice";"06";"None";"None";"06088000KW0005";"None";"None";"614";"nan";"636";"nan";"None";"nan";"None";"None";"None";"None";"2";"3";"Dépendance";"nan";"0.0";"None";"None";"None";"None";"nan";"7.250071";"43.698297";"000KW"
"2025-55483";"2025-11-07";"1";"Vente";"34000.0";"17.0";"None";"AV FLEURS";"2460";"06000";"06088";"Nice";"06";"None";"None";"06088000KW0123";"None";"None";"118";"15.0";"None";"nan";"None";"nan";"None";"None";"None";"None";"1";"4";"Local industriel. commercial ou assimilé";"12.0";"0.0";"None";"None";"None";"None";"nan";"7.253164";"43.697428";"000KW"
"2025-55187";"2025-11-06";"1";"Vente";"28000.0";"17.0";"None";"AV DES BAUMETTES";"0660";"06000";"06088";"Nice";"06";"None";"None";"06088000KW0060";"None";"None";"23";"nan";"None";"nan";"None";"nan";"None";"None";"None";"None";"1";"3";"Dépendance";"nan";"0.0";"None";"None";"None";"None";"nan";"7.250529";"43.695381";"000KW"
"2025-55232";"2025-10-30";"1";"Vente";"580000.0";"3.0";"None";"RUE ANDRIOLI";"0230";"06000";"06088";"Nice";"06";"None";"None";"06088000KW0279";"None";"None";"25";"nan";"56";"75.95";"None";"nan";"None";"None";"None";"None";"2";"2";"Appartement";"79.0";"3.0";"None";"None";"None";"None";"nan";"7.254341";"43.694122";"000KW"
"2025-55444";"2025-10-30";"1";"Vente";"600000.0";"6.0";"T";"AV DES ORANGERS";"4590";"06000";"06088";"Nice";"06";"None";"None";"06088000KW0127";"None";"None";"103PO";"76.02";"25PO";"nan";"None";"nan";"None";"None";"None";"None";"2";"2";"Appartement";"82.0";"1.0";"None";"None";"None";"None";"nan";"7.254233";"43.697353";"000KW"
"2025-55926";"2025-10-30";"1";"Vente";"160000.0";"21.0";"None";"BD FRANCOIS GROSSO";"2630";"06000";"06088";"Nice";"06";"None";"None";"06088000KW0076";"None";"None";"165";"nan";"19";"nan";"None";"nan";"None";"None";"None";"None";"2";"2";"Appartement";"70.0";"3.0";"None";"None";"None";"None";"nan";"7.251171";"43.696065";"000KW"
"2025-56054";"2025-10-30";"1";"Vente";"180000.0";"17.0";"None";"AV FLEURS";"2460";"06000";"06088";"Nice";"06";"None";"None";"06088000KW0123";"None";"None";"35";"58.55";"None";"nan";"None";"nan";"None";"None";"None";"None";"1";"2";"Appartement";"52.0";"2.0";"None";"None";"None";"None";"nan";"7.253164";"43.697428";"000KW"
"2025-55232";"2025-10-30";"1";"Vente";"580000.0";"3.0";"None";"RUE ANDRIOLI";"0230";"06000";"06088";"Nice";"06";"None";"None";"06088000KW0279";"None";"None";"25";"nan";"56";"75.95";"None";"nan";"None";"None";"None";"None";"2";"3";"Dépendance";"nan";"0.0";"None";"None";"None";"None";"nan";"7.254341";"43.694122";"000KW"
"2025-55441";"2025-10-30";"1";"Vente";"72000.0";"21.0";"None";"BD FRANCOIS GROSSO";"2630";"06000";"06088";"Nice";"06";"None";"None";"06088000KW0076";"None";"None";"287";"nan";"None";"nan";"None";"nan";"None";"None";"None";"None";"1";"3";"Dépendance";"nan";"0.0";"None";"None";"None";"None";"nan";"7.251171";"43.696065";"000KW"
"2025-55441";"2025-10-30";"1";"Vente";"72000.0";"21.0";"None";"BD FRANCOIS GROSSO";"2630";"06000";"06088";"Nice";"06";"None";"None";"06088000KW0076";"None";"None";"288";"nan";"None";"nan";"None";"nan";"None";"None";"None";"None";"1";"3";"Dépendance";"nan";"0.0";"None";"None";"None";"None";"nan";"7.251171";"43.696065";"000KW"
"2025-55444";"2025-10-30";"1";"Vente";"600000.0";"6.0";"T";"AV DES ORANGERS";"4590";"06000";"06088";"Nice";"06";"None";"None";"06088000KW0127";"None";"None";"103PO";"76.02";"25PO";"nan";"None";"nan";"None";"None";"None";"None";"2";"3";"Dépendance";"nan";"0.0";"None";"None";"None";"None";"nan";"7.254233";"43.697353";"000KW"
"2025-55926";"2025-10-30";"1";"Vente";"160000.0";"21.0";"None";"BD FRANCOIS GROSSO";"2630";"06000";"06088";"Nice";"06";"None";"None";"06088000KW0076";"None";"None";"165";"nan";"19";"nan";"None";"nan";"None";"None";"None";"None";"2";"3";"Dépendance";"nan";"0.0";"None";"None";"None";"None";"nan";"7.251171";"43.696065";"000KW"
"2025-55379";"2025-10-24";"1";"Vente";"80000.0";"107.0";"None";"RUE DE FRANCE";"2595";"06000";"06088";"Nice";"06";"None";"None";"06088000KW0278";"None";"None";"238";"nan";"None";"nan";"None";"nan";"None";"None";"None";"None";"1";"4";"Local industriel. commercial ou assimilé";"32.0";"0.0";"None";"None";"None";"None";"nan";"7.254107";"43.694359";"000KW"
"2025-55001";"2025-10-22";"1";"Vente";"556000.0";"6.0";"B";"AV DES ORANGERS";"4590";"06000";"06088";"Nice";"06";"None";"None";"06088000KW0127";"None";"None";"53PO";"88.46";"82PO";"nan";"None";"nan";"None";"None";"None";"None";"2";"2";"Appartement";"88.0";"3.0";"None";"None";"None";"None";"nan";"7.254233";"43.697353";"000KW"
"2025-55245";"2025-10-22";"1";"Vente";"295000.0";"22.0";"None";"RUE BOTTERO";"0925";"06000";"06088";"Nice";"06";"None";"None";"06088000KW0153";"None";"None";"267";"nan";"60";"nan";"None";"nan";"None";"None";"None";"None";"2";"2";"Appartement";"51.0";"2.0";"None";"None";"None";"None";"nan";"7.252797";"43.696798";"000KW"
"2025-55245";"2025-10-22";"1";"Vente";"295000.0";"22.0";"None";"RUE BOTTERO";"0925";"06000";"06088";"Nice";"06";"None";"None";"06088000KW0153";"None";"None";"44";"nan";"None";"nan";"None";"nan";"None";"None";"None";"None";"1";"3";"Dépendance";"nan";"0.0";"None";"None";"None";"None";"nan";"7.252797";"43.696798";"000KW"
"2025-55245";"2025-10-22";"1";"Vente";"295000.0";"22.0";"None";"RUE BOTTERO";"0925";"06000";"06088";"Nice";"06";"None";"None";"06088000KW0153";"None";"None";"267";"nan";"60";"nan";"None";"nan";"None";"None";"None";"None";"2";"3";"Dépendance";"nan";"0.0";"None";"None";"None";"None";"nan";"7.252797";"43.696798";"000KW"
"2025-55185";"2025-10-21";"1";"Vente";"153000.0";"45.0";"B";"BD FRANCOIS GROSSO";"2630";"06000";"06088";"Nice";"06";"None";"None";"06088000KW0432";"None";"None";"103";"53.67";"None";"nan";"None";"nan";"None";"None";"None";"None";"1";"2";"Appartement";"45.0";"2.0";"None";"None";"None";"None";"nan";"7.250955";"43.697141";"000KW"
"2025-54325";"2025-10-17";"1";"Vente";"205000.0";"21.0";"None";"BD FRANCOIS GROSSO";"2630";"06000";"06088";"Nice";"06";"None";"None";"06088000KW0076";"None";"None";"146";"nan";"73";"nan";"None";"nan";"None";"None";"None";"None";"2";"2";"Appartement";"36.0";"1.0";"None";"None";"None";"None";"nan";"7.251171";"43.696065";"000KW"
"2025-54325";"2025-10-17";"1";"Vente";"205000.0";"21.0";"None";"BD FRANCOIS GROSSO";"2630";"06000";"06088";"Nice";"06";"None";"None";"06088000KW0076";"None";"None";"146";"nan";"73";"nan";"None";"nan";"None";"None";"None";"None";"2";"3";"Dépendance";"nan";"0.0";"None";"None";"None";"None";"nan";"7.251171";"43.696065";"000KW"
"2025-54454";"2025-10-17";"1";"Vente";"390000.0";"2.0";"None";"RUE ALEXIS MOSSA";"0094";"06000";"06088";"Nice";"06";"None";"None";"06088000KW0199";"None";"None";"33";"nan";"None";"nan";"None";"nan";"None";"None";"None";"None";"1";"4";"Local industriel. commercial ou assimilé";"102.0";"0.0";"None";"None";"None";"None";"nan";"7.253681";"43.696274";"000KW"
"2025-54717";"2025-10-16";"1";"Vente";"480000.0";"12.0";"None";"RUE BOTTERO";"0925";"06000";"06088";"Nice";"06";"None";"None";"06088000KW0143";"None";"None";"11";"60.68";"None";"nan";"None";"nan";"None";"None";"None";"None";"1";"2";"Appartement";"119.0";"4.0";"None";"None";"None";"None";"nan";"7.254062";"43.696768";"000KW"
"2025-54764";"2025-10-16";"1";"Vente";"380000.0";"22.0";"None";"RUE BOTTERO";"0925";"06000";"06088";"Nice";"06";"None";"None";"06088000KW0153";"None";"None";"251";"nan";"65";"nan";"None";"nan";"None";"None";"None";"None";"2";"2";"Appartement";"75.0";"3.0";"None";"None";"None";"None";"nan";"7.252797";"43.696798";"000KW"
"2025-54516";"2025-10-16";"1";"Vente";"33000.0";"21.0";"None";"BD FRANCOIS GROSSO";"2630";"06000";"06088";"Nice";"06";"None";"None";"06088000KW0076";"None";"None";"306";"nan";"None";"nan";"None";"nan";"None";"None";"None";"None";"1";"3";"Dépendance";"nan";"0.0";"None";"None";"None";"None";"nan";"7.251171";"43.696065";"000KW"
"2025-54764";"2025-10-16";"1";"Vente";"380000.0";"22.0";"None";"RUE BOTTERO";"0925";"06000";"06088";"Nice";"06";"None";"None";"06088000KW0153";"None";"None";"251";"nan";"65";"nan";"None";"nan";"None";"None";"None";"None";"2";"3";"Dépendance";"nan";"0.0";"None";"None";"None";"None";"nan";"7.252797";"43.696798";"000KW"
"2025-54764";"2025-10-16";"1";"Vente";"380000.0";"22.0";"None";"RUE BOTTERO";"0925";"06000";"06088";"Nice";"06";"None";"None";"06088000KW0153";"None";"None";"251";"nan";"65";"nan";"None";"nan";"None";"None";"None";"None";"2";"3";"Dépendance";"nan";"0.0";"None";"None";"None";"None";"nan";"7.252797";"43.696798";"000KW"
"2025-55038";"2025-10-16";"1";"Vente";"53000.0";"19.0";"None";"AV DES ORANGERS";"4590";"06000";"06088";"Nice";"06";"None";"None";"06088000KW0153";"None";"None";"165";"nan";"None";"nan";"None";"nan";"None";"None";"None";"None";"1";"3";"Dépendance";"nan";"0.0";"None";"None";"None";"None";"nan";"7.252797";"43.696798";"000KW"
"2025-54475";"2025-10-15";"1";"Vente";"215000.0";"1.0";"None";"RUE JOSEPH FRICERO";"3470";"06000";"06088";"Nice";"06";"None";"None";"06088000KW0515";"None";"None";"35";"40.25";"None";"nan";"None";"nan";"None";"None";"None";"None";"1";"2";"Appartement";"41.0";"2.0";"None";"None";"None";"None";"nan";"7.254373";"43.694881";"000KW"
"2025-54557";"2025-10-15";"1";"Vente";"49000.0";"18.0";"None";"RUE BOTTERO";"0925";"06000";"06088";"Nice";"06";"None";"None";"06088000KW0330";"None";"None";"9";"nan";"None";"nan";"None";"nan";"None";"None";"None";"None";"1";"3";"Dépendance";"nan";"0.0";"None";"None";"None";"None";"nan";"7.253225";"43.69672";"000KW"
"2025-54567";"2025-10-14";"1";"Vente";"38000.0";"nan";"None";"AV DES ORANGERS";"4590";"06000";"06088";"Nice";"06";"None";"None";"06088000KW0606";"None";"None";"None";"nan";"None";"nan";"None";"nan";"None";"None";"None";"None";"0";"None";"None";"nan";"nan";"S";"sols";"None";"None";"216.0";"7.255017";"43.697146";"000KW"
"2025-54122";"2025-10-10";"1";"Vente";"199000.0";"3.0";"None";"RUE ANDRE POULLAN";"0220";"06000";"06088";"Nice";"06";"None";"None";"06088000KW0241";"None";"None";"242";"43.31";"None";"nan";"None";"nan";"None";"None";"None";"None";"1";"2";"Appartement";"44.0";"2.0";"None";"None";"None";"None";"nan";"7.25552";"43.695542";"000KW"
"2025-54197";"2025-10-10";"1";"Vente";"186660.0";"14.0";"None";"BD FRANCOIS GROSSO";"2630";"06000";"06088";"Nice";"06";"None";"None";"06088000KW0171";"None";"None";"13";"47.8";"5";"nan";"None";"nan";"None";"None";"None";"None";"2";"2";"Appartement";"50.0";"3.0";"None";"None";"None";"None";"nan";"7.251889";"43.696133";"000KW"
"2025-54796";"2025-10-09";"1";"Vente";"286700.0";"54.0";"None";"PROM DES ANGLAIS";"0240";"06000";"06088";"Nice";"06";"None";"None";"06088000KW0283";"None";"None";"2";"nan";"78";"nan";"None";"nan";"None";"None";"None";"None";"2";"2";"Appartement";"43.0";"1.0";"None";"None";"None";"None";"nan";"7.254063";"43.693742";"000KW"
"2025-54898";"2025-10-06";"1";"Vente";"255000.0";"6.0";"None";"RUE DANTE";"1835";"06000";"06088";"Nice";"06";"None";"None";"06088000KW0493";"None";"None";"83";"45.0";"None";"nan";"None";"nan";"None";"None";"None";"None";"1";"2";"Appartement";"50.0";"2.0";"None";"None";"None";"None";"nan";"7.255103";"43.696037";"000KW"
"2025-53960";"2025-10-03";"1";"Vente";"295000.0";"90.0";"None";"RUE DE FRANCE";"2595";"06000";"06088";"Nice";"06";"None";"None";"06088000KW0369";"None";"None";"1072";"nan";"None";"nan";"None";"nan";"None";"None";"None";"None";"1";"2";"Appartement";"49.0";"2.0";"None";"None";"None";"None";"nan";"7.252761";"43.694482";"000KW"
"2025-54713";"2025-10-03";"1";"Vente";"210000.0";"27.0";"None";"RUE DES POTIERS";"5225";"06000";"06088";"Nice";"06";"None";"None";"06088000KW0356";"None";"None";"26";"nan";"None";"nan";"None";"nan";"None";"None";"None";"None";"1";"2";"Appartement";"44.0";"2.0";"None";"None";"None";"None";"nan";"7.252576";"43.695881";"000KW"
"2025-53746";"2025-10-02";"1";"Vente";"125000.0";"105.0";"None";"RUE DE FRANCE";"2595";"06000";"06088";"Nice";"06";"None";"None";"06088000KW0256";"None";"None";"20";"28.08";"None";"nan";"None";"nan";"None";"None";"None";"None";"1";"2";"Appartement";"33.0";"2.0";"None";"None";"None";"None";"nan";"7.254987";"43.694721";"000KW"
"2025-54072";"2025-10-02";"1";"Vente";"740000.0";"2.0";"None";"IMP VIOLETTES";"6745";"06000";"06088";"Nice";"06";"None";"None";"06088000KW0307";"None";"None";"None";"nan";"None";"nan";"None";"nan";"None";"None";"None";"None";"0";"2";"Appartement";"42.0";"2.0";"S";"sols";"None";"None";"150.0";"7.253411";"43.695242";"000KW"
"2025-54072";"2025-10-02";"1";"Vente";"740000.0";"2.0";"None";"IMP VIOLETTES";"6745";"06000";"06088";"Nice";"06";"None";"None";"06088000KW0307";"None";"None";"None";"nan";"None";"nan";"None";"nan";"None";"None";"None";"None";"0";"2";"Appartement";"48.0";"2.0";"S";"sols";"None";"None";"150.0";"7.253411";"43.695242";"000KW"
"2025-54072";"2025-10-02";"1";"Vente";"740000.0";"2.0";"None";"IMP VIOLETTES";"6745";"06000";"06088";"Nice";"06";"None";"None";"06088000KW0307";"None";"None";"None";"nan";"None";"nan";"None";"nan";"None";"None";"None";"None";"0";"2";"Appartement";"26.0";"2.0";"S";"sols";"None";"None";"150.0";"7.253411";"43.695242";"000KW"
"2025-54072";"2025-10-02";"1";"Vente";"740000.0";"2.0";"None";"IMP VIOLETTES";"6745";"06000";"06088";"Nice";"06";"None";"None";"06088000KW0307";"None";"None";"None";"nan";"None";"nan";"None";"nan";"None";"None";"None";"None";"0";"2";"Appartement";"36.0";"3.0";"S";"sols";"None";"None";"150.0";"7.253411";"43.695242";"000KW"
"2025-54072";"2025-10-02";"1";"Vente";"740000.0";"2.0";"None";"IMP VIOLETTES";"6745";"06000";"06088";"Nice";"06";"None";"None";"06088000KW0307";"None";"None";"None";"nan";"None";"nan";"None";"nan";"None";"None";"None";"None";"0";"2";"Appartement";"16.0";"2.0";"S";"sols";"None";"None";"150.0";"7.253411";"43.695242";"000KW"
"2025-54530";"2025-10-02";"1";"Vente";"1052000.0";"16.0";"None";"AV DES BAUMETTES";"0660";"06000";"06088";"Nice";"06";"None";"None";"06088000KW0080";"None";"None";"1";"nan";"9";"nan";"None";"nan";"None";"None";"None";"None";"2";"2";"Appartement";"109.0";"3.0";"None";"None";"None";"None";"nan";"7.250366";"43.695706";"000KW"
"2025-54530";"2025-10-02";"1";"Vente";"1052000.0";"16.0";"None";"AV DES BAUMETTES";"0660";"06000";"06088";"Nice";"06";"None";"None";"06088000KW0080";"None";"None";"1";"nan";"9";"nan";"None";"nan";"None";"None";"None";"None";"2";"3";"Dépendance";"nan";"0.0";"None";"None";"None";"None";"nan";"7.250366";"43.695706";"000KW"
"2025-54530";"2025-10-02";"1";"Vente";"1052000.0";"16.0";"None";"AV DES BAUMETTES";"0660";"06000";"06088";"Nice";"06";"None";"None";"06088000KW0080";"None";"None";"49";"nan";"None";"nan";"None";"nan";"None";"None";"None";"None";"1";"3";"Dépendance";"nan";"0.0";"None";"None";"None";"None";"nan";"7.250366";"43.695706";"000KW"
"2025-54530";"2025-10-02";"1";"Vente";"1052000.0";"16.0";"None";"AV DES BAUMETTES";"0660";"06000";"06088";"Nice";"06";"None";"None";"06088000KW0080";"None";"None";"1";"nan";"9";"nan";"None";"nan";"None";"None";"None";"None";"2";"3";"Dépendance";"nan";"0.0";"None";"None";"None";"None";"nan";"7.250366";"43.695706";"000KW"
"2025-54072";"2025-10-02";"1";"Vente";"740000.0";"2.0";"None";"IMP VIOLETTES";"6745";"06000";"06088";"Nice";"06";"None";"None";"06088000KW0307";"None";"None";"None";"nan";"None";"nan";"None";"nan";"None";"None";"None";"None";"0";"4";"Local industriel. commercial ou assimilé";"134.0";"0.0";"S";"sols";"None";"None";"150.0";"7.253411";"43.695242";"000KW"
"2025-54999";"2025-10-01";"1";"Vente";"400000.0";"6.0";"None";"RUE BOTTERO";"0925";"06000";"06088";"Nice";"06";"None";"None";"06088000KW0141";"None";"None";"115";"nan";"150";"nan";"None";"nan";"None";"None";"None";"None";"2";"2";"Appartement";"68.0";"3.0";"None";"None";"None";"None";"nan";"7.255299";"43.696854";"000KW"
"2025-54999";"2025-10-01";"1";"Vente";"400000.0";"6.0";"None";"RUE BOTTERO";"0925";"06000";"06088";"Nice";"06";"None";"None";"06088000KW0141";"None";"None";"115";"nan";"150";"nan";"None";"nan";"None";"None";"None";"None";"2";"3";"Dépendance";"nan";"0.0";"None";"None";"None";"None";"nan";"7.255299";"43.696854";"000KW"
"2025-56076";"2025-10-01";"1";"Vente";"38000.0";"90.0";"None";"RUE DE FRANCE";"2595";"06000";"06088";"Nice";"06";"None";"None";"06088000KW0369";"None";"None";"1262";"nan";"None";"nan";"None";"nan";"None";"None";"None";"None";"1";"3";"Dépendance";"nan";"0.0";"None";"None";"None";"None";"nan";"7.252761";"43.694482";"000KW"
"2025-53491";"2025-09-30";"1";"Vente";"830000.0";"11.0";"B";"AV FLEURS";"2460";"06000";"06088";"Nice";"06";"None";"None";"06088000KW0125";"None";"None";"38";"nan";"98";"104.91";"None";"nan";"None";"None";"None";"None";"2";"2";"Appartement";"100.0";"3.0";"None";"None";"None";"None";"nan";"7.253698";"43.697412";"000KW"
"2025-53491";"2025-09-30";"1";"Vente";"830000.0";"11.0";"B";"AV FLEURS";"2460";"06000";"06088";"Nice";"06";"None";"None";"06088000KW0125";"None";"None";"38";"nan";"98";"104.91";"None";"nan";"None";"None";"None";"None";"2";"3";"Dépendance";"nan";"0.0";"None";"None";"None";"None";"nan";"7.253698";"43.697412";"000KW"
"2025-53598";"2025-09-29";"1";"Vente";"260000.0";"15.0";"None";"AV DES ORANGERS";"4590";"06000";"06088";"Nice";"06";"None";"None";"06088000KW0149";"None";"None";"33";"nan";"4";"56.24";"None";"nan";"None";"None";"None";"None";"2";"2";"Appartement";"57.0";"2.0";"None";"None";"None";"None";"nan";"7.253415";"43.696904";"000KW"
"2025-53598";"2025-09-29";"1";"Vente";"260000.0";"15.0";"None";"AV DES ORANGERS";"4590";"06000";"06088";"Nice";"06";"None";"None";"06088000KW0149";"None";"None";"33";"nan";"4";"56.24";"None";"nan";"None";"None";"None";"None";"2";"3";"Dépendance";"nan";"0.0";"None";"None";"None";"None";"nan";"7.253415";"43.696904";"000KW"
"2025-53712";"2025-09-26";"1";"Vente";"200000.0";"27.0";"None";"AV FLEURS";"2460";"06000";"06088";"Nice";"06";"None";"None";"06088000KW0108";"None";"None";"67";"nan";"None";"nan";"None";"nan";"None";"None";"None";"None";"1";"2";"Appartement";"48.0";"2.0";"None";"None";"None";"None";"nan";"7.251754";"43.697744";"000KW"
"2025-54285";"2025-09-26";"1";"Vente";"163000.0";"44.0";"None";"RUE DES POTIERS";"5225";"06000";"06088";"Nice";"06";"None";"None";"06088000KW0116";"None";"None";"39";"33.06";"None";"nan";"None";"nan";"None";"None";"None";"None";"1";"2";"Appartement";"31.0";"2.0";"None";"None";"None";"None";"nan";"7.252397";"43.6976";"000KW"
"2025-54286";"2025-09-26";"1";"Vente";"592000.0";"10.0";"None";"RUE SAINT PHILIPPE";"5895";"06000";"06088";"Nice";"06";"None";"None";"06088000KW0446";"None";"None";"216";"100.17";"None";"nan";"None";"nan";"None";"None";"None";"None";"1";"2";"Appartement";"98.0";"4.0";"None";"None";"None";"None";"nan";"7.255854";"43.694672";"000KW"
"2025-54285";"2025-09-26";"1";"Vente";"163000.0";"44.0";"None";"RUE DES POTIERS";"5225";"06000";"06088";"Nice";"06";"None";"None";"06088000KW0116";"None";"None";"39";"33.06";"None";"nan";"None";"nan";"None";"None";"None";"None";"1";"3";"Dépendance";"nan";"0.0";"None";"None";"None";"None";"nan";"7.252397";"43.6976";"000KW"
"2025-54286";"2025-09-26";"1";"Vente";"592000.0";"10.0";"None";"RUE SAINT PHILIPPE";"5895";"06000";"06088";"Nice";"06";"None";"None";"06088000KW0446";"None";"None";"216";"100.17";"None";"nan";"None";"nan";"None";"None";"None";"None";"1";"3";"Dépendance";"nan";"0.0";"None";"None";"None";"None";"nan";"7.255854";"43.694672";"000KW"
"2025-54286";"2025-09-26";"1";"Vente";"592000.0";"10.0";"None";"RUE SAINT PHILIPPE";"5895";"06000";"06088";"Nice";"06";"None";"None";"06088000KW0446";"None";"None";"88";"nan";"None";"nan";"None";"nan";"None";"None";"None";"None";"1";"3";"Dépendance";"nan";"0.0";"None";"None";"None";"None";"nan";"7.255854";"43.694672";"000KW"
"2025-54035";"2025-09-25";"1";"Vente";"125000.0";"10.0";"None";"AV DES ORANGERS";"4590";"06000";"06088";"Nice";"06";"None";"None";"06088000KW0124";"None";"None";"88";"19.03";"None";"nan";"None";"nan";"None";"None";"None";"None";"1";"2";"Appartement";"20.0";"1.0";"None";"None";"None";"None";"nan";"7.253552";"43.697329";"000KW"
"2025-53252";"2025-09-23";"1";"Vente";"500500.0";"18.0";"None";"AV DES ORANGERS";"4590";"06000";"06088";"Nice";"06";"None";"None";"06088000KW0119";"None";"None";"35";"nan";"8";"nan";"None";"nan";"None";"None";"None";"None";"2";"2";"Appartement";"110.0";"4.0";"None";"None";"None";"None";"nan";"7.25258";"43.69729";"000KW"
"2025-53839";"2025-09-23";"1";"Vente";"130000.0";"66.0";"None";"RUE DE FRANCE";"2595";"06000";"06088";"Nice";"06";"None";"None";"06088000KW0239";"None";"None";"53";"21.7";"None";"nan";"None";"nan";"None";"None";"None";"None";"1";"2";"Appartement";"23.0";"1.0";"None";"None";"None";"None";"nan";"7.25562";"43.695298";"000KW"
"2025-53252";"2025-09-23";"1";"Vente";"500500.0";"18.0";"None";"AV DES ORANGERS";"4590";"06000";"06088";"Nice";"06";"None";"None";"06088000KW0119";"None";"None";"35";"nan";"8";"nan";"None";"nan";"None";"None";"None";"None";"2";"3";"Dépendance";"nan";"0.0";"None";"None";"None";"None";"nan";"7.25258";"43.69729";"000KW"
"2025-53839";"2025-09-23";"1";"Vente";"130000.0";"66.0";"None";"RUE DE FRANCE";"2595";"06000";"06088";"Nice";"06";"None";"None";"06088000KW0239";"None";"None";"53";"21.7";"None";"nan";"None";"nan";"None";"None";"None";"None";"1";"3";"Dépendance";"nan";"0.0";"None";"None";"None";"None";"nan";"7.25562";"43.695298";"000KW"
"2025-53839";"2025-09-23";"1";"Vente";"130000.0";"66.0";"None";"RUE DE FRANCE";"2595";"06000";"06088";"Nice";"06";"None";"None";"06088000KW0239";"None";"None";"57";"nan";"None";"nan";"None";"nan";"None";"None";"None";"None";"1";"3";"Dépendance";"nan";"0.0";"None";"None";"None";"None";"nan";"7.25562";"43.695298";"000KW"
"2025-53142";"2025-09-22";"1";"Vente";"1400000.0";"49.0";"None";"PROM DES ANGLAIS";"0240";"06000";"06088";"Nice";"06";"None";"None";"06088000KW0253";"None";"None";"10";"nan";"35";"nan";"None";"nan";"None";"None";"None";"None";"2";"2";"Appartement";"100.0";"4.0";"None";"None";"None";"None";"nan";"7.255442";"43.693856";"000KW"
"2025-53142";"2025-09-22";"1";"Vente";"1400000.0";"49.0";"None";"PROM DES ANGLAIS";"0240";"06000";"06088";"Nice";"06";"None";"None";"06088000KW0253";"None";"None";"19";"nan";"None";"nan";"None";"nan";"None";"None";"None";"None";"1";"3";"Dépendance";"nan";"0.0";"None";"None";"None";"None";"nan";"7.255442";"43.693856";"000KW"
"2025-53142";"2025-09-22";"1";"Vente";"1400000.0";"49.0";"None";"PROM DES ANGLAIS";"0240";"06000";"06088";"Nice";"06";"None";"None";"06088000KW0253";"None";"None";"10";"nan";"35";"nan";"None";"nan";"None";"None";"None";"None";"2";"3";"Dépendance";"nan";"0.0";"None";"None";"None";"None";"nan";"7.255442";"43.693856";"000KW"
"2025-53680";"2025-09-20";"1";"Vente";"285000.0";"76.0";"None";"AV BAUMETTES PANORAMIC";"0665";"06000";"06088";"Nice";"06";"None";"None";"06088000KW0005";"None";"None";"489";"nan";"548";"nan";"None";"nan";"None";"None";"None";"None";"2";"2";"Appartement";"57.0";"2.0";"None";"None";"None";"None";"nan";"7.250071";"43.698297";"000KW"
"2025-53680";"2025-09-20";"1";"Vente";"285000.0";"76.0";"None";"AV BAUMETTES PANORAMIC";"0665";"06000";"06088";"Nice";"06";"None";"None";"06088000KW0005";"None";"None";"489";"nan";"548";"nan";"None";"nan";"None";"None";"None";"None";"2";"3";"Dépendance";"nan";"0.0";"None";"None";"None";"None";"nan";"7.250071";"43.698297";"000KW"
"2025-53243";"2025-09-19";"1";"Vente";"339100.0";"7.0";"None";"BD FRANCOIS GROSSO";"2630";"06000";"06088";"Nice";"06";"None";"None";"06088000KW0068";"None";"None";"50";"37.62";"None";"nan";"None";"nan";"None";"None";"None";"None";"1";"2";"Appartement";"45.0";"1.0";"None";"None";"None";"None";"nan";"7.251621";"43.69524";"000KW"
"2025-54226";"2025-09-19";"1";"Vente";"270000.0";"16.0";"None";"AV CHATEAU DE LA TOUR";"1355";"06000";"06088";"Nice";"06";"None";"None";"06088000KW0030";"None";"None";"1";"nan";"5";"nan";"None";"nan";"None";"None";"None";"None";"2";"2";"Appartement";"67.0";"4.0";"None";"None";"None";"None";"nan";"7.249409";"43.695941";"000KW"
"2025-53243";"2025-09-19";"1";"Vente";"339100.0";"7.0";"None";"BD FRANCOIS GROSSO";"2630";"06000";"06088";"Nice";"06";"None";"None";"06088000KW0068";"None";"None";"50";"37.62";"None";"nan";"None";"nan";"None";"None";"None";"None";"1";"3";"Dépendance";"nan";"0.0";"None";"None";"None";"None";"nan";"7.251621";"43.69524";"000KW"
"2025-54226";"2025-09-19";"1";"Vente";"270000.0";"16.0";"None";"AV CHATEAU DE LA TOUR";"1355";"06000";"06088";"Nice";"06";"None";"None";"06088000KW0030";"None";"None";"1";"nan";"5";"nan";"None";"nan";"None";"None";"None";"None";"2";"3";"Dépendance";"nan";"0.0";"None";"None";"None";"None";"nan";"7.249409";"43.695941";"000KW"
"2025-53348";"2025-09-18";"1";"Vente";"315000.0";"17.0";"None";"AV DES BAUMETTES";"0660";"06000";"06088";"Nice";"06";"None";"None";"06088000KW0060";"None";"None";"49";"57.12";"None";"nan";"None";"nan";"None";"None";"None";"None";"1";"2";"Appartement";"59.0";"2.0";"None";"None";"None";"None";"nan";"7.250529";"43.695381";"000KW"
"2025-52870";"2025-09-15";"1";"Vente";"130000.0";"90.0";"None";"RUE DE FRANCE";"2595";"06000";"06088";"Nice";"06";"None";"None";"06088000KW0369";"None";"None";"1036";"nan";"None";"nan";"None";"nan";"None";"None";"None";"None";"1";"2";"Appartement";"18.0";"1.0";"None";"None";"None";"None";"nan";"7.252761";"43.694482";"000KW"
"2025-52871";"2025-09-11";"1";"Vente";"166000.0";"18.0";"None";"RUE SAINT PHILIPPE";"5895";"06000";"06088";"Nice";"06";"None";"None";"06088000KW0244";"None";"None";"10";"nan";"None";"nan";"None";"nan";"None";"None";"None";"None";"1";"2";"Appartement";"54.0";"2.0";"None";"None";"None";"None";"nan";"7.255348";"43.695515";"000KW"
"2025-52705";"2025-09-09";"1";"Vente";"299000.0";"8.0";"None";"RUE JOSEPH FRICERO";"3470";"06000";"06088";"Nice";"06";"None";"None";"06088000KW0585";"None";"None";"64";"nan";"None";"nan";"None";"nan";"None";"None";"None";"None";"1";"2";"Appartement";"40.0";"2.0";"None";"None";"None";"None";"nan";"7.254344";"43.696029";"000KW"
"2025-52573";"2025-09-08";"1";"Vente";"430000.0";"53.0";"None";"PROM DES ANGLAIS";"0240";"06000";"06088";"Nice";"06";"None";"None";"06088000KW0282";"None";"None";"130";"nan";"53";"nan";"None";"nan";"None";"None";"None";"None";"2";"2";"Appartement";"58.0";"2.0";"None";"None";"None";"None";"nan";"7.254413";"43.693761";"000KW"
"2025-53032";"2025-09-08";"1";"Vente";"334441.0";"31.0";"None";"RUE BOTTERO";"0925";"06000";"06088";"Nice";"06";"None";"None";"06088000KW0173";"None";"None";"11";"nan";"21";"65.62";"None";"nan";"None";"None";"None";"None";"2";"2";"Appartement";"65.0";"3.0";"None";"None";"None";"None";"nan";"7.251978";"43.696277";"000KW"
"2025-53032";"2025-09-08";"1";"Vente";"334441.0";"31.0";"None";"RUE BOTTERO";"0925";"06000";"06088";"Nice";"06";"None";"None";"06088000KW0173";"None";"None";"11";"nan";"21";"65.62";"None";"nan";"None";"None";"None";"None";"2";"3";"Dépendance";"nan";"0.0";"None";"None";"None";"None";"nan";"7.251978";"43.696277";"000KW"
"2025-52792";"2025-09-05";"1";"Vente";"300000.0";"28.0";"None";"RUE BOTTERO";"0925";"06000";"06088";"Nice";"06";"None";"None";"06088000KW0439";"None";"None";"74";"50.13";"None";"nan";"None";"nan";"None";"None";"None";"None";"1";"2";"Appartement";"49.0";"3.0";"None";"None";"None";"None";"nan";"7.252368";"43.696615";"000KW"
"2025-52792";"2025-09-05";"1";"Vente";"300000.0";"28.0";"None";"RUE BOTTERO";"0925";"06000";"06088";"Nice";"06";"None";"None";"06088000KW0439";"None";"None";"48";"nan";"None";"nan";"None";"nan";"None";"None";"None";"None";"1";"3";"Dépendance";"nan";"0.0";"None";"None";"None";"None";"nan";"7.252368";"43.696615";"000KW"
"2025-52526";"2025-09-04";"1";"Vente";"595000.0";"5.0";"None";"RUE ANDRIOLI";"0230";"06000";"06088";"Nice";"06";"None";"None";"06088000KW0278";"None";"None";"113";"nan";"216";"68.04";"None";"nan";"None";"None";"None";"None";"2";"2";"Appartement";"68.0";"3.0";"None";"None";"None";"None";"nan";"7.254107";"43.694359";"000KW"
"2025-52959";"2025-09-04";"1";"Vente";"702000.0";"2.0";"None";"RUE SAINT PHILIPPE";"5895";"06000";"06088";"Nice";"06";"None";"None";"06088000KW0252";"None";"None";"11C";"nan";"20C";"nan";"None";"nan";"None";"None";"None";"None";"2";"2";"Appartement";"118.0";"5.0";"None";"None";"None";"None";"nan";"7.255928";"43.694042";"000KW"
"2025-52526";"2025-09-04";"1";"Vente";"595000.0";"5.0";"None";"RUE ANDRIOLI";"0230";"06000";"06088";"Nice";"06";"None";"None";"06088000KW0278";"None";"None";"66";"nan";"None";"nan";"None";"nan";"None";"None";"None";"None";"1";"3";"Dépendance";"nan";"0.0";"None";"None";"None";"None";"nan";"7.254107";"43.694359";"000KW"
"2025-52526";"2025-09-04";"1";"Vente";"595000.0";"5.0";"None";"RUE ANDRIOLI";"0230";"06000";"06088";"Nice";"06";"None";"None";"06088000KW0278";"None";"None";"113";"nan";"216";"68.04";"None";"nan";"None";"None";"None";"None";"2";"3";"Dépendance";"nan";"0.0";"None";"None";"None";"None";"nan";"7.254107";"43.694359";"000KW"
"2025-52959";"2025-09-04";"1";"Vente";"702000.0";"2.0";"None";"RUE SAINT PHILIPPE";"5895";"06000";"06088";"Nice";"06";"None";"None";"06088000KW0252";"None";"None";"11C";"nan";"20C";"nan";"None";"nan";"None";"None";"None";"None";"2";"3";"Dépendance";"nan";"0.0";"None";"None";"None";"None";"nan";"7.255928";"43.694042";"000KW"
"2025-52959";"2025-09-04";"1";"Vente";"702000.0";"10.0";"None";"RUE SAINT PHILIPPE";"5895";"06000";"06088";"Nice";"06";"None";"None";"06088000KW0446";"None";"None";"24";"nan";"None";"nan";"None";"nan";"None";"None";"None";"None";"1";"3";"Dépendance";"nan";"0.0";"None";"None";"None";"None";"nan";"7.255854";"43.694672";"000KW"
"2025-52908";"2025-09-03";"1";"Vente";"175795.0";"18.0";"None";"RUE BOTTERO";"0925";"06000";"06088";"Nice";"06";"None";"None";"06088000KW0330";"None";"None";"21";"28.3";"None";"nan";"None";"nan";"None";"None";"None";"None";"1";"2";"Appartement";"27.0";"1.0";"None";"None";"None";"None";"nan";"7.253225";"43.69672";"000KW"
"2025-52466";"2025-09-02";"1";"Vente";"320780.0";"14.0";"None";"RUE BOTTERO";"0925";"06000";"06088";"Nice";"06";"None";"None";"06088000KW0147";"None";"None";"23";"nan";"9";"47.01";"None";"nan";"None";"None";"None";"None";"2";"2";"Appartement";"47.0";"2.0";"None";"None";"None";"None";"nan";"7.253644";"43.696767";"000KW"
"2025-52811";"2025-09-02";"1";"Vente";"454300.0";"7.0";"None";"RUE ALEXIS MOSSA";"0094";"06000";"06088";"Nice";"06";"None";"None";"06088000KW0192";"None";"None";"30";"nan";"87";"83.07";"None";"nan";"None";"None";"None";"None";"2";"2";"Appartement";"82.0";"3.0";"None";"None";"None";"None";"nan";"7.253074";"43.695885";"000KW"
"2025-52466";"2025-09-02";"1";"Vente";"320780.0";"14.0";"None";"RUE BOTTERO";"0925";"06000";"06088";"Nice";"06";"None";"None";"06088000KW0147";"None";"None";"23";"nan";"9";"47.01";"None";"nan";"None";"None";"None";"None";"2";"3";"Dépendance";"nan";"0.0";"None";"None";"None";"None";"nan";"7.253644";"43.696767";"000KW"
"2025-52811";"2025-09-02";"1";"Vente";"454300.0";"7.0";"None";"RUE ALEXIS MOSSA";"0094";"06000";"06088";"Nice";"06";"None";"None";"06088000KW0192";"None";"None";"30";"nan";"87";"83.07";"None";"nan";"None";"None";"None";"None";"2";"3";"Dépendance";"nan";"0.0";"None";"None";"None";"None";"nan";"7.253074";"43.695885";"000KW"
"2025-53076";"2025-08-27";"1";"Vente";"260000.0";"22.0";"None";"BD FRANCOIS GROSSO";"2630";"06000";"06088";"Nice";"06";"None";"None";"06088000KW0158";"None";"None";"10";"nan";"28";"51.67";"None";"nan";"None";"None";"None";"None";"2";"2";"Appartement";"66.0";"2.0";"None";"None";"None";"None";"nan";"7.251673";"43.696847";"000KW"
"2025-52092";"2025-08-27";"1";"Vente";"38500.0";"45.0";"None";"BD FRANCOIS GROSSO";"2630";"06000";"06088";"Nice";"06";"None";"None";"06088000KW0432";"None";"None";"25";"nan";"None";"nan";"None";"nan";"None";"None";"None";"None";"1";"3";"Dépendance";"nan";"0.0";"None";"None";"None";"None";"nan";"7.250955";"43.697141";"000KW"
"2025-53076";"2025-08-27";"1";"Vente";"260000.0";"22.0";"None";"BD FRANCOIS GROSSO";"2630";"06000";"06088";"Nice";"06";"None";"None";"06088000KW0158";"None";"None";"10";"nan";"28";"51.67";"None";"nan";"None";"None";"None";"None";"2";"3";"Dépendance";"nan";"0.0";"None";"None";"None";"None";"nan";"7.251673";"43.696847";"000KW"
"2025-52216";"2025-08-25";"1";"Vente";"330000.0";"55.0";"B";"BD FRANCOIS GROSSO";"2630";"06000";"06088";"Nice";"06";"None";"None";"06088000KW0103";"None";"None";"38";"74.36";"None";"nan";"None";"nan";"None";"None";"None";"None";"1";"2";"Appartement";"75.0";"3.0";"None";"None";"None";"None";"nan";"7.251033";"43.69772";"000KW"
"2025-52216";"2025-08-25";"1";"Vente";"330000.0";"55.0";"B";"BD FRANCOIS GROSSO";"2630";"06000";"06088";"Nice";"06";"None";"None";"06088000KW0103";"None";"None";"38";"74.36";"None";"nan";"None";"nan";"None";"None";"None";"None";"1";"3";"Dépendance";"nan";"0.0";"None";"None";"None";"None";"nan";"7.251033";"43.69772";"000KW"
"2025-52404";"2025-08-22";"1";"Vente";"120000.0";"42.0";"None";"AV DES BAUMETTES";"0660";"06000";"06088";"Nice";"06";"None";"None";"06088000KW0026";"None";"None";"25";"nan";"None";"nan";"None";"nan";"None";"None";"None";"None";"1";"3";"Dépendance";"nan";"0.0";"None";"None";"None";"None";"nan";"7.248501";"43.695256";"000KW"
"2025-52109";"2025-08-19";"1";"Vente";"232750.0";"45.0";"None";"RUE DES POTIERS";"5225";"06000";"06088";"Nice";"06";"None";"None";"06088000KW0434";"None";"None";"40";"49.93";"59";"37.28";"None";"nan";"None";"None";"None";"None";"2";"2";"Appartement";"49.0";"2.0";"None";"None";"None";"None";"nan";"7.25216";"43.697366";"000KW"
"2025-52109";"2025-08-19";"1";"Vente";"232750.0";"45.0";"None";"RUE DES POTIERS";"5225";"06000";"06088";"Nice";"06";"None";"None";"06088000KW0434";"None";"None";"40";"49.93";"59";"37.28";"None";"nan";"None";"None";"None";"None";"2";"3";"Dépendance";"nan";"0.0";"None";"None";"None";"None";"nan";"7.25216";"43.697366";"000KW"
"2025-51950";"2025-08-13";"1";"Vente";"380000.0";"36.0";"None";"RUE BOTTERO";"0925";"06000";"06088";"Nice";"06";"None";"None";"06088000KW0169";"None";"None";"41";"nan";"42";"nan";"None";"nan";"None";"None";"None";"None";"2";"4";"Local industriel. commercial ou assimilé";"137.0";"0.0";"None";"None";"None";"None";"nan";"7.251825";"43.69656";"000KW"
"2025-51535";"2025-08-11";"1";"Vente";"375000.0";"27.0";"None";"AV FLEURS";"2460";"06000";"06088";"Nice";"06";"None";"None";"06088000KW0108";"None";"None";"72";"79.24";"None";"nan";"None";"nan";"None";"None";"None";"None";"1";"2";"Appartement";"60.0";"3.0";"None";"None";"None";"None";"nan";"7.251754";"43.697744";"000KW"
"2025-51983";"2025-08-09";"1";"Vente";"1250000.0";"11.0";"None";"AV FLEURS";"2460";"06000";"06088";"Nice";"06";"None";"None";"06088000KW0125";"None";"None";"14";"nan";"None";"nan";"None";"nan";"None";"None";"None";"None";"1";"2";"Appartement";"194.0";"5.0";"None";"None";"None";"None";"nan";"7.253698";"43.697412";"000KW"
"2025-51983";"2025-08-09";"1";"Vente";"1250000.0";"11.0";"None";"AV FLEURS";"2460";"06000";"06088";"Nice";"06";"None";"None";"06088000KW0125";"None";"None";"14";"nan";"None";"nan";"None";"nan";"None";"None";"None";"None";"1";"3";"Dépendance";"nan";"0.0";"None";"None";"None";"None";"nan";"7.253698";"43.697412";"000KW"
"2025-51983";"2025-08-09";"1";"Vente";"1250000.0";"11.0";"None";"AV FLEURS";"2460";"06000";"06088";"Nice";"06";"None";"None";"06088000KW0125";"None";"None";"14";"nan";"None";"nan";"None";"nan";"None";"None";"None";"None";"1";"3";"Dépendance";"nan";"0.0";"None";"None";"None";"None";"nan";"7.253698";"43.697412";"000KW"
"2025-51983";"2025-08-09";"1";"Vente";"1250000.0";"11.0";"None";"AV FLEURS";"2460";"06000";"06088";"Nice";"06";"None";"None";"06088000KW0125";"None";"None";"14";"nan";"None";"nan";"None";"nan";"None";"None";"None";"None";"1";"3";"Dépendance";"nan";"0.0";"None";"None";"None";"None";"nan";"7.253698";"43.697412";"000KW"
"2025-51983";"2025-08-09";"1";"Vente";"1250000.0";"11.0";"None";"AV FLEURS";"2460";"06000";"06088";"Nice";"06";"None";"None";"06088000KW0125";"None";"None";"20";"nan";"57";"nan";"None";"nan";"None";"None";"None";"None";"2";"3";"Dépendance";"nan";"0.0";"None";"None";"None";"None";"nan";"7.253698";"43.697412";"000KW"
"2025-51425";"2025-08-07";"1";"Vente";"234000.0";"10.0";"B";"BD FRANCOIS GROSSO";"2630";"06000";"06088";"Nice";"06";"None";"None";"06088000KW0186";"None";"None";"14";"49.73";"None";"nan";"None";"nan";"None";"None";"None";"None";"1";"2";"Appartement";"45.0";"2.0";"None";"None";"None";"None";"nan";"7.252003";"43.695813";"000KW"
"2025-51641";"2025-08-07";"1";"Vente";"135474.62";"76.0";"None";"AV BAUMETTES OLIVIERS";"0662";"06000";"06088";"Nice";"06";"None";"None";"06088000KW0005";"None";"None";"281";"nan";"306";"43.32";"None";"nan";"None";"None";"None";"None";"2";"2";"Appartement";"44.0";"2.0";"None";"None";"None";"None";"nan";"7.250071";"43.698297";"000KW"
"2025-51425";"2025-08-07";"1";"Vente";"234000.0";"21.0";"None";"BD FRANCOIS GROSSO";"2630";"06000";"06088";"Nice";"06";"None";"None";"06088000KW0076";"None";"None";"314";"10.0";"None";"nan";"None";"nan";"None";"None";"None";"None";"1";"3";"Dépendance";"nan";"0.0";"None";"None";"None";"None";"nan";"7.251171";"43.696065";"000KW"
"2025-51425";"2025-08-07";"1";"Vente";"234000.0";"10.0";"B";"BD FRANCOIS GROSSO";"2630";"06000";"06088";"Nice";"06";"None";"None";"06088000KW0186";"None";"None";"14";"49.73";"None";"nan";"None";"nan";"None";"None";"None";"None";"1";"3";"Dépendance";"nan";"0.0";"None";"None";"None";"None";"nan";"7.252003";"43.695813";"000KW"
"2025-51641";"2025-08-07";"1";"Vente";"135474.62";"76.0";"None";"AV BAUMETTES OLIVIERS";"0662";"06000";"06088";"Nice";"06";"None";"None";"06088000KW0005";"None";"None";"281";"nan";"306";"43.32";"None";"nan";"None";"None";"None";"None";"2";"3";"Dépendance";"nan";"0.0";"None";"None";"None";"None";"nan";"7.250071";"43.698297";"000KW"
"2025-51198";"2025-08-05";"1";"Vente";"445000.0";"8.0";"None";"RUE SAINT PHILIPPE";"5895";"06000";"06088";"Nice";"06";"None";"None";"06088000KW0446";"None";"None";"232";"46.44";"None";"nan";"None";"nan";"None";"None";"None";"None";"1";"2";"Appartement";"49.0";"2.0";"None";"None";"None";"None";"nan";"7.255854";"43.694672";"000KW"
"2025-51569";"2025-08-05";"1";"Vente";"515000.0";"1.0";"None";"AV DES ORANGERS";"4590";"06000";"06088";"Nice";"06";"None";"None";"06088000KW0387";"None";"None";"271";"nan";"273";"103.8";"None";"nan";"None";"None";"None";"None";"2";"2";"Appartement";"95.0";"5.0";"None";"None";"None";"None";"nan";"7.254509";"43.696873";"000KW"
"2025-51569";"2025-08-05";"1";"Vente";"515000.0";"1.0";"None";"AV DES ORANGERS";"4590";"06000";"06088";"Nice";"06";"None";"None";"06088000KW0387";"None";"None";"271";"nan";"273";"103.8";"None";"nan";"None";"None";"None";"None";"2";"3";"Dépendance";"nan";"0.0";"None";"None";"None";"None";"nan";"7.254509";"43.696873";"000KW"
"2025-51982";"2025-08-04";"1";"Vente";"171500.0";"37.0";"None";"BD FRANCOIS GROSSO";"2630";"06000";"06088";"Nice";"06";"None";"None";"06088000KW0089";"None";"None";"29";"38.79";"None";"nan";"None";"nan";"None";"None";"None";"None";"1";"2";"Appartement";"50.0";"2.0";"None";"None";"None";"None";"nan";"7.250929";"43.696539";"000KW"
"2025-50965";"2025-08-01";"1";"Vente";"125000.0";"9.0";"None";"AV DES ORANGERS";"4590";"06000";"06088";"Nice";"06";"None";"None";"06088000KW0144";"None";"None";"31";"29.34";"50";"nan";"None";"nan";"None";"None";"None";"None";"2";"2";"Appartement";"28.0";"1.0";"None";"None";"None";"None";"nan";"7.254202";"43.696919";"000KW"
"2025-51924";"2025-08-01";"1";"Vente";"185000.0";"5.0";"None";"AV FLEURS";"2460";"06000";"06088";"Nice";"06";"None";"None";"06088000KW0131";"None";"None";"6";"41.31";"None";"nan";"None";"nan";"None";"None";"None";"None";"1";"2";"Appartement";"45.0";"1.0";"None";"None";"None";"None";"nan";"7.255071";"43.697471";"000KW"
"2025-50965";"2025-08-01";"1";"Vente";"125000.0";"9.0";"None";"AV DES ORANGERS";"4590";"06000";"06088";"Nice";"06";"None";"None";"06088000KW0144";"None";"None";"31";"29.34";"50";"nan";"None";"nan";"None";"None";"None";"None";"2";"3";"Dépendance";"nan";"0.0";"None";"None";"None";"None";"nan";"7.254202";"43.696919";"000KW"
"2025-51739";"2025-08-01";"1";"Vente";"54000.0";"90.0";"None";"RUE DE FRANCE";"2595";"06000";"06088";"Nice";"06";"None";"None";"06088000KW0369";"None";"None";"1281";"nan";"None";"nan";"None";"nan";"None";"None";"None";"None";"1";"3";"Dépendance";"nan";"0.0";"None";"None";"None";"None";"nan";"7.252761";"43.694482";"000KW"
"2025-51924";"2025-08-01";"1";"Vente";"185000.0";"5.0";"None";"AV FLEURS";"2460";"06000";"06088";"Nice";"06";"None";"None";"06088000KW0131";"None";"None";"6";"41.31";"None";"nan";"None";"nan";"None";"None";"None";"None";"1";"3";"Dépendance";"nan";"0.0";"None";"None";"None";"None";"nan";"7.255071";"43.697471";"000KW"
"2025-51062";"2025-07-31";"1";"Vente";"450000.0";"9.0";"B";"AV FLEURS";"2460";"06000";"06088";"Nice";"06";"None";"None";"06088000KW0127";"None";"None";"96MR";"80.96";"None";"nan";"None";"nan";"None";"None";"None";"None";"1";"2";"Appartement";"136.0";"5.0";"None";"None";"None";"None";"nan";"7.254233";"43.697353";"000KW"
"2025-51062";"2025-07-31";"1";"Vente";"450000.0";"9.0";"B";"AV FLEURS";"2460";"06000";"06088";"Nice";"06";"None";"None";"06088000KW0127";"None";"None";"96MR";"80.96";"None";"nan";"None";"nan";"None";"None";"None";"None";"1";"3";"Dépendance";"nan";"0.0";"None";"None";"None";"None";"nan";"7.254233";"43.697353";"000KW"
"2025-51062";"2025-07-31";"1";"Vente";"450000.0";"9.0";"B";"AV FLEURS";"2460";"06000";"06088";"Nice";"06";"None";"None";"06088000KW0127";"None";"None";"96MR";"80.96";"None";"nan";"None";"nan";"None";"None";"None";"None";"1";"3";"Dépendance";"nan";"0.0";"None";"None";"None";"None";"nan";"7.254233";"43.697353";"000KW"
"2025-51127";"2025-07-30";"1";"Vente";"450000.0";"23.0";"None";"AV FLEURS";"2460";"06000";"06088";"Nice";"06";"None";"None";"06088000KW0367";"None";"None";"19";"67.11";"None";"nan";"None";"nan";"None";"None";"None";"None";"1";"2";"Appartement";"68.0";"3.0";"None";"None";"None";"None";"nan";"7.252283";"43.697823";"000KW"
"2025-51391";"2025-07-30";"1";"Vente";"190000.0";"14.0";"None";"AV LOUIS COCHOIS";"3740";"06000";"06088";"Nice";"06";"None";"None";"06088000KW0011";"None";"None";"107";"26.39";"None";"nan";"None";"nan";"None";"None";"None";"None";"1";"2";"Appartement";"26.0";"1.0";"None";"None";"None";"None";"nan";"7.250085";"43.697442";"000KW"
"2025-51768";"2025-07-30";"1";"Vente";"1084906.0";"20.0";"None";"AV CHATEAU DE LA TOUR";"1355";"06000";"06088";"Nice";"06";"None";"None";"06088000KW0544";"None";"None";"25";"nan";"None";"nan";"None";"nan";"None";"None";"None";"None";"1";"2";"Appartement";"150.0";"4.0";"None";"None";"None";"None";"nan";"7.249402";"43.696281";"000KW"
"2025-51127";"2025-07-30";"1";"Vente";"450000.0";"23.0";"None";"AV FLEURS";"2460";"06000";"06088";"Nice";"06";"None";"None";"06088000KW0367";"None";"None";"19";"67.11";"None";"nan";"None";"nan";"None";"None";"None";"None";"1";"3";"Dépendance";"nan";"0.0";"None";"None";"None";"None";"nan";"7.252283";"43.697823";"000KW"
"2025-51391";"2025-07-30";"1";"Vente";"190000.0";"14.0";"None";"AV LOUIS COCHOIS";"3740";"06000";"06088";"Nice";"06";"None";"None";"06088000KW0011";"None";"None";"31";"nan";"None";"nan";"None";"nan";"None";"None";"None";"None";"1";"3";"Dépendance";"nan";"0.0";"None";"None";"None";"None";"nan";"7.250085";"43.697442";"000KW"
"2025-51768";"2025-07-30";"1";"Vente";"1084906.0";"20.0";"None";"AV CHATEAU DE LA TOUR";"1355";"06000";"06088";"Nice";"06";"None";"None";"06088000KW0544";"None";"None";"25";"nan";"None";"nan";"None";"nan";"None";"None";"None";"None";"1";"3";"Dépendance";"nan";"0.0";"None";"None";"None";"None";"nan";"7.249402";"43.696281";"000KW"
"2025-50745";"2025-07-29";"1";"Vente";"22500.0";"11.0";"B";"AV FLEURS";"2460";"06000";"06088";"Nice";"06";"None";"None";"06088000KW0125";"None";"None";"50";"nan";"None";"nan";"None";"nan";"None";"None";"None";"None";"1";"3";"Dépendance";"nan";"0.0";"None";"None";"None";"None";"nan";"7.253698";"43.697412";"000KW"
"2025-50948";"2025-07-28";"1";"Vente";"261800.0";"17.0";"None";"AV FLEURS";"2460";"06000";"06088";"Nice";"06";"None";"None";"06088000KW0123";"None";"None";"49";"46.41";"None";"nan";"None";"nan";"None";"None";"None";"None";"1";"2";"Appartement";"46.0";"2.0";"None";"None";"None";"None";"nan";"7.253164";"43.697428";"000KW"
"2025-50993";"2025-07-28";"1";"Vente";"149000.0";"9.0";"T";"AV FLEURS";"2460";"06000";"06088";"Nice";"06";"None";"None";"06088000KW0127";"None";"None";"95MR";"nan";"None";"nan";"None";"nan";"None";"None";"None";"None";"1";"2";"Appartement";"22.0";"1.0";"None";"None";"None";"None";"nan";"7.254233";"43.697353";"000KW"
"2025-50948";"2025-07-28";"1";"Vente";"261800.0";"17.0";"None";"AV FLEURS";"2460";"06000";"06088";"Nice";"06";"None";"None";"06088000KW0123";"None";"None";"174";"nan";"None";"nan";"None";"nan";"None";"None";"None";"None";"1";"3";"Dépendance";"nan";"0.0";"None";"None";"None";"None";"nan";"7.253164";"43.697428";"000KW"
"2025-51259";"2025-07-28";"1";"Vente";"240000.0";"54.0";"None";"PROM DES ANGLAIS";"0240";"06000";"06088";"Nice";"06";"None";"None";"06088000KW0283";"None";"None";"43";"37.44";"None";"nan";"None";"nan";"None";"None";"None";"None";"1";"3";"Dépendance";"nan";"0.0";"None";"None";"None";"None";"nan";"7.254063";"43.693742";"000KW"
"2025-51259";"2025-07-28";"1";"Vente";"240000.0";"54.0";"None";"PROM DES ANGLAIS";"0240";"06000";"06088";"Nice";"06";"None";"None";"06088000KW0283";"None";"None";"44";"nan";"None";"nan";"None";"nan";"None";"None";"None";"None";"1";"3";"Dépendance";"nan";"0.0";"None";"None";"None";"None";"nan";"7.254063";"43.693742";"000KW"
"2025-51185";"2025-07-24";"1";"Vente";"188000.0";"15.0";"None";"AV DES ORANGERS";"4590";"06000";"06088";"Nice";"06";"None";"None";"06088000KW0149";"None";"None";"13";"nan";"35";"nan";"None";"nan";"None";"None";"None";"None";"2";"2";"Appartement";"51.0";"1.0";"None";"None";"None";"None";"nan";"7.253415";"43.696904";"000KW"
"2025-51185";"2025-07-24";"1";"Vente";"188000.0";"15.0";"None";"AV DES ORANGERS";"4590";"06000";"06088";"Nice";"06";"None";"None";"06088000KW0149";"None";"None";"13";"nan";"35";"nan";"None";"nan";"None";"None";"None";"None";"2";"3";"Dépendance";"nan";"0.0";"None";"None";"None";"None";"nan";"7.253415";"43.696904";"000KW"
"2025-50499";"2025-07-22";"1";"Vente";"525000.0";"4.0";"None";"RUE ALEXIS MOSSA";"0094";"06000";"06088";"Nice";"06";"None";"None";"06088000KW0200";"None";"None";"14";"80.63";"None";"nan";"None";"nan";"None";"None";"None";"None";"1";"2";"Appartement";"75.0";"3.0";"None";"None";"None";"None";"nan";"7.253455";"43.696245";"000KW"
"2025-50697";"2025-07-22";"1";"Vente";"150000.0";"17.0";"None";"AV FLEURS";"2460";"06000";"06088";"Nice";"06";"None";"None";"06088000KW0123";"None";"None";"80";"26.62";"None";"nan";"None";"nan";"None";"None";"None";"None";"1";"2";"Appartement";"26.0";"1.0";"None";"None";"None";"None";"nan";"7.253164";"43.697428";"000KW"
"2025-51392";"2025-07-22";"1";"Vente";"415000.0";"57.0";"None";"BD FRANCOIS GROSSO";"2630";"06000";"06088";"Nice";"06";"None";"None";"06088000KW0107";"None";"None";"20";"nan";"53";"67.5";"None";"nan";"None";"None";"None";"None";"2";"2";"Appartement";"67.0";"3.0";"None";"None";"None";"None";"nan";"7.25101";"43.698207";"000KW"
"2025-51392";"2025-07-22";"1";"Vente";"415000.0";"57.0";"None";"BD FRANCOIS GROSSO";"2630";"06000";"06088";"Nice";"06";"None";"None";"06088000KW0107";"None";"None";"20";"nan";"53";"67.5";"None";"nan";"None";"None";"None";"None";"2";"3";"Dépendance";"nan";"0.0";"None";"None";"None";"None";"nan";"7.25101";"43.698207";"000KW"
"2025-50359";"2025-07-18";"1";"Vente";"240000.0";"1.0";"B";"RUE ANDRIOLI";"0230";"06000";"06088";"Nice";"06";"None";"None";"06088000KW0280";"None";"None";"85";"24.63";"None";"nan";"None";"nan";"None";"None";"None";"None";"1";"2";"Appartement";"25.0";"1.0";"None";"None";"None";"None";"nan";"7.254013";"43.694098";"000KW"
"2025-51098";"2025-07-18";"1";"Vente";"190000.0";"14.0";"None";"RUE BOTTERO";"0925";"06000";"06088";"Nice";"06";"None";"None";"06088000KW0147";"None";"None";"35";"nan";"4";"47.64";"None";"nan";"None";"None";"None";"None";"2";"2";"Appartement";"48.0";"2.0";"None";"None";"None";"None";"nan";"7.253644";"43.696767";"000KW"
"2025-50359";"2025-07-18";"1";"Vente";"240000.0";"1.0";"B";"RUE ANDRIOLI";"0230";"06000";"06088";"Nice";"06";"None";"None";"06088000KW0280";"None";"None";"85";"24.63";"None";"nan";"None";"nan";"None";"None";"None";"None";"1";"3";"Dépendance";"nan";"0.0";"None";"None";"None";"None";"nan";"7.254013";"43.694098";"000KW"
"2025-51098";"2025-07-18";"1";"Vente";"190000.0";"14.0";"None";"RUE BOTTERO";"0925";"06000";"06088";"Nice";"06";"None";"None";"06088000KW0147";"None";"None";"35";"nan";"4";"47.64";"None";"nan";"None";"None";"None";"None";"2";"3";"Dépendance";"nan";"0.0";"None";"None";"None";"None";"nan";"7.253644";"43.696767";"000KW"
"2025-50806";"2025-07-17";"1";"Vente";"7500.0";"25.0";"None";"AV DES ORANGERS";"4590";"06000";"06088";"Nice";"06";"None";"None";"06088000KW0156";"None";"None";"6";"nan";"None";"nan";"None";"nan";"None";"None";"None";"None";"1";"3";"Dépendance";"nan";"0.0";"None";"None";"None";"None";"nan";"7.252013";"43.6969";"000KW"
"2025-50719";"2025-07-16";"1";"Vente";"238095.0";"20.0";"None";"AV DES ORANGERS";"4590";"06000";"06088";"Nice";"06";"None";"None";"06088000KW0362";"None";"None";"769";"nan";"828";"51.73";"None";"nan";"None";"None";"None";"None";"2";"2";"Appartement";"48.0";"2.0";"None";"None";"None";"None";"nan";"7.251748";"43.69738";"000KW"
"2025-50719";"2025-07-16";"1";"Vente";"238095.0";"20.0";"None";"AV DES ORANGERS";"4590";"06000";"06088";"Nice";"06";"None";"None";"06088000KW0362";"None";"None";"769";"nan";"828";"51.73";"None";"nan";"None";"None";"None";"None";"2";"3";"Dépendance";"nan";"0.0";"None";"None";"None";"None";"nan";"7.251748";"43.69738";"000KW"
"2025-51398";"2025-07-15";"1";"Vente";"375000.0";"2.0";"None";"AV DES ORANGERS";"4590";"06000";"06088";"Nice";"06";"None";"None";"06088000KW0132";"None";"None";"11";"nan";"43";"68.0";"None";"nan";"None";"None";"None";"None";"2";"2";"Appartement";"69.0";"2.0";"None";"None";"None";"None";"nan";"7.255031";"43.697279";"000KW"
"2025-51398";"2025-07-15";"1";"Vente";"375000.0";"2.0";"None";"AV DES ORANGERS";"4590";"06000";"06088";"Nice";"06";"None";"None";"06088000KW0132";"None";"None";"11";"nan";"43";"68.0";"None";"nan";"None";"None";"None";"None";"2";"3";"Dépendance";"nan";"0.0";"None";"None";"None";"None";"nan";"7.255031";"43.697279";"000KW"
"2025-49857";"2025-07-11";"1";"Vente";"52500.0";"4.0";"B";"RUE SAINT PHILIPPE";"5895";"06000";"06088";"Nice";"06";"None";"None";"06088000KW0252";"None";"None";"71B";"9.01";"None";"nan";"None";"nan";"None";"None";"None";"None";"1";"2";"Appartement";"9.0";"1.0";"None";"None";"None";"None";"nan";"7.255928";"43.694042";"000KW"
"2025-50229";"2025-07-10";"1";"Vente";"206000.0";"55.0";"None";"BD FRANCOIS GROSSO";"2630";"06000";"06088";"Nice";"06";"None";"None";"06088000KW0103";"None";"None";"52";"nan";"None";"nan";"None";"nan";"None";"None";"None";"None";"1";"2";"Appartement";"47.0";"1.0";"None";"None";"None";"None";"nan";"7.251033";"43.69772";"000KW"
"2025-50229";"2025-07-10";"1";"Vente";"206000.0";"55.0";"None";"BD FRANCOIS GROSSO";"2630";"06000";"06088";"Nice";"06";"None";"None";"06088000KW0103";"None";"None";"52";"nan";"None";"nan";"None";"nan";"None";"None";"None";"None";"1";"3";"Dépendance";"nan";"0.0";"None";"None";"None";"None";"nan";"7.251033";"43.69772";"000KW"
"2025-50424";"2025-07-09";"1";"Vente";"181000.0";"1.0";"None";"RUE CLAUDIA";"1460";"06000";"06088";"Nice";"06";"None";"None";"06088000KW0419";"None";"None";"26";"34.08";"None";"nan";"None";"nan";"None";"None";"None";"None";"1";"2";"Appartement";"35.0";"2.0";"None";"None";"None";"None";"nan";"7.254973";"43.695132";"000KW"
"2025-49874";"2025-07-08";"1";"Vente";"540000.0";"5.0";"None";"BD GAMBETTA";"2755";"06000";"06088";"Nice";"06";"None";"None";"06088000KW0446";"None";"None";"158";"75.75";"None";"nan";"None";"nan";"None";"None";"None";"None";"1";"2";"Appartement";"76.0";"3.0";"None";"None";"None";"None";"nan";"7.255854";"43.694672";"000KW"
"2025-49874";"2025-07-08";"1";"Vente";"540000.0";"5.0";"None";"BD GAMBETTA";"2755";"06000";"06088";"Nice";"06";"None";"None";"06088000KW0446";"None";"None";"158";"75.75";"None";"nan";"None";"nan";"None";"None";"None";"None";"1";"3";"Dépendance";"nan";"0.0";"None";"None";"None";"None";"nan";"7.255854";"43.694672";"000KW"
"2025-50279";"2025-07-08";"1";"Vente";"35000.0";"21.0";"None";"BD FRANCOIS GROSSO";"2630";"06000";"06088";"Nice";"06";"None";"None";"06088000KW0076";"None";"None";"252";"nan";"None";"nan";"None";"nan";"None";"None";"None";"None";"1";"3";"Dépendance";"nan";"0.0";"None";"None";"None";"None";"nan";"7.251171";"43.696065";"000KW"
"2025-50156";"2025-07-07";"1";"Vente";"399000.0";"15.0";"None";"RUE ANDRIOLI";"0230";"06000";"06088";"Nice";"06";"None";"None";"06088000KW0198";"None";"None";"17A";"nan";"57A";"nan";"None";"nan";"None";"None";"None";"None";"2";"2";"Appartement";"38.0";"2.0";"None";"None";"None";"None";"nan";"7.253622";"43.695971";"000KW"
"2025-50910";"2025-07-07";"1";"Vente";"199800.0";"21.0";"None";"BD FRANCOIS GROSSO";"2630";"06000";"06088";"Nice";"06";"None";"None";"06088000KW0076";"None";"None";"115";"nan";"92";"30.01";"None";"nan";"None";"None";"None";"None";"2";"2";"Appartement";"35.0";"1.0";"None";"None";"None";"None";"nan";"7.251171";"43.696065";"000KW"
"2025-50156";"2025-07-07";"1";"Vente";"399000.0";"15.0";"None";"RUE ANDRIOLI";"0230";"06000";"06088";"Nice";"06";"None";"None";"06088000KW0198";"None";"None";"17A";"nan";"57A";"nan";"None";"nan";"None";"None";"None";"None";"2";"3";"Dépendance";"nan";"0.0";"None";"None";"None";"None";"nan";"7.253622";"43.695971";"000KW"
"2025-50156";"2025-07-07";"1";"Vente";"399000.0";"15.0";"None";"RUE ANDRIOLI";"0230";"06000";"06088";"Nice";"06";"None";"None";"06088000KW0198";"None";"None";"17A";"nan";"57A";"nan";"None";"nan";"None";"None";"None";"None";"2";"3";"Dépendance";"nan";"0.0";"None";"None";"None";"None";"nan";"7.253622";"43.695971";"000KW"
"2025-50910";"2025-07-07";"1";"Vente";"199800.0";"21.0";"None";"BD FRANCOIS GROSSO";"2630";"06000";"06088";"Nice";"06";"None";"None";"06088000KW0076";"None";"None";"115";"nan";"92";"30.01";"None";"nan";"None";"None";"None";"None";"2";"3";"Dépendance";"nan";"0.0";"None";"None";"None";"None";"nan";"7.251171";"43.696065";"000KW"
"2025-50546";"2025-07-04";"1";"Vente";"920000.0";"19.0";"None";"BD GAMBETTA";"2755";"06000";"06088";"Nice";"06";"None";"None";"06088000KW0337";"None";"None";"28";"nan";"None";"nan";"None";"nan";"None";"None";"None";"None";"1";"2";"Appartement";"70.0";"4.0";"None";"None";"None";"None";"nan";"7.255978";"43.695826";"000KW"
"2025-50546";"2025-07-04";"1";"Vente";"920000.0";"19.0";"None";"BD GAMBETTA";"2755";"06000";"06088";"Nice";"06";"None";"None";"06088000KW0337";"None";"None";"28";"nan";"None";"nan";"None";"nan";"None";"None";"None";"None";"1";"3";"Dépendance";"nan";"0.0";"None";"None";"None";"None";"nan";"7.255978";"43.695826";"000KW"
"2025-49775";"2025-07-03";"1";"Vente";"399000.0";"15.0";"None";"RUE ANDRIOLI";"0230";"06000";"06088";"Nice";"06";"None";"None";"06088000KW0198";"None";"None";"100B";"nan";"39B";"nan";"None";"nan";"None";"None";"None";"None";"2";"2";"Appartement";"54.0";"2.0";"None";"None";"None";"None";"nan";"7.253622";"43.695971";"000KW"
"2025-49775";"2025-07-03";"1";"Vente";"399000.0";"15.0";"None";"RUE ANDRIOLI";"0230";"06000";"06088";"Nice";"06";"None";"None";"06088000KW0198";"None";"None";"100B";"nan";"39B";"nan";"None";"nan";"None";"None";"None";"None";"2";"3";"Dépendance";"nan";"0.0";"None";"None";"None";"None";"nan";"7.253622";"43.695971";"000KW"
"2025-49457";"2025-07-02";"1";"Vente";"35000.0";"18.0";"None";"RUE DES POTIERS";"5225";"06000";"06088";"Nice";"06";"None";"None";"06088000KW0310";"None";"None";"44";"nan";"None";"nan";"None";"nan";"None";"None";"None";"None";"1";"3";"Dépendance";"nan";"0.0";"None";"None";"None";"None";"nan";"7.253089";"43.695172";"000KW"
"2025-49643";"2025-07-01";"1";"Vente";"800.0";"27.0";"None";"BD GAMBETTA";"2755";"06000";"06088";"Nice";"06";"None";"None";"06088000KW0234";"None";"None";"39";"nan";"None";"nan";"None";"nan";"None";"None";"None";"None";"1";"2";"Appartement";"32.0";"2.0";"None";"None";"None";"None";"nan";"7.255942";"43.69657";"000KW"
"2025-50244";"2025-06-30";"1";"Vente";"660000.0";"13.0";"None";"RUE DANTE";"1835";"06000";"06088";"Nice";"06";"None";"None";"06088000KW0299";"None";"None";"29";"nan";"90";"67.34";"None";"nan";"None";"None";"None";"None";"2";"2";"Appartement";"68.0";"2.0";"None";"None";"None";"None";"nan";"7.253871";"43.695389";"000KW"
"2025-50265";"2025-06-30";"1";"Vente";"395000.0";"52.0";"None";"AV CHATEAU DE LA TOUR";"1355";"06000";"06088";"Nice";"06";"None";"None";"06088000KW0014";"None";"None";"42";"80.83";"6";"nan";"None";"nan";"None";"None";"None";"None";"2";"2";"Appartement";"81.0";"5.0";"None";"None";"None";"None";"nan";"7.24944";"43.696588";"000KW"
"2025-50244";"2025-06-30";"1";"Vente";"660000.0";"13.0";"None";"RUE DANTE";"1835";"06000";"06088";"Nice";"06";"None";"None";"06088000KW0299";"None";"None";"29";"nan";"90";"67.34";"None";"nan";"None";"None";"None";"None";"2";"3";"Dépendance";"nan";"0.0";"None";"None";"None";"None";"nan";"7.253871";"43.695389";"000KW"
"2025-50265";"2025-06-30";"1";"Vente";"395000.0";"52.0";"None";"AV CHATEAU DE LA TOUR";"1355";"06000";"06088";"Nice";"06";"None";"None";"06088000KW0014";"None";"None";"42";"80.83";"6";"nan";"None";"nan";"None";"None";"None";"None";"2";"3";"Dépendance";"nan";"0.0";"None";"None";"None";"None";"nan";"7.24944";"43.696588";"000KW"
"2025-49822";"2025-06-27";"1";"Vente";"250000.0";"74.0";"None";"RUE DE FRANCE";"2595";"06000";"06088";"Nice";"06";"None";"None";"06088000KW0423";"None";"None";"13";"42.09";"None";"nan";"None";"nan";"None";"None";"None";"None";"1";"2";"Appartement";"45.0";"3.0";"None";"None";"None";"None";"nan";"7.254726";"43.694993";"000KW"
"2025-49879";"2025-06-27";"1";"Vente";"240000.0";"76.0";"None";"AV BAUMETTES HORIZON";"0666";"06000";"06088";"Nice";"06";"None";"None";"06088000KW0005";"None";"None";"28";"nan";"56";"48.7";"None";"nan";"None";"None";"None";"None";"2";"2";"Appartement";"47.0";"2.0";"None";"None";"None";"None";"nan";"7.250071";"43.698297";"000KW"
"2025-50095";"2025-06-27";"1";"Vente";"210000.0";"2.0";"None";"AV DES ORANGERS";"4590";"06000";"06088";"Nice";"06";"None";"None";"06088000KW0132";"None";"None";"15";"nan";"54";"35.06";"None";"nan";"None";"None";"None";"None";"2";"2";"Appartement";"36.0";"1.0";"None";"None";"None";"None";"nan";"7.255031";"43.697279";"000KW"
"2025-49879";"2025-06-27";"1";"Vente";"240000.0";"76.0";"None";"AV BAUMETTES HORIZON";"0666";"06000";"06088";"Nice";"06";"None";"None";"06088000KW0005";"None";"None";"28";"nan";"56";"48.7";"None";"nan";"None";"None";"None";"None";"2";"3";"Dépendance";"nan";"0.0";"None";"None";"None";"None";"nan";"7.250071";"43.698297";"000KW"
"2025-50095";"2025-06-27";"1";"Vente";"210000.0";"2.0";"None";"AV DES ORANGERS";"4590";"06000";"06088";"Nice";"06";"None";"None";"06088000KW0132";"None";"None";"15";"nan";"54";"35.06";"None";"nan";"None";"None";"None";"None";"2";"3";"Dépendance";"nan";"0.0";"None";"None";"None";"None";"nan";"7.255031";"43.697279";"000KW"
"2025-49269";"2025-06-26";"1";"Vente";"95000.0";"37.0";"None";"BD FRANCOIS GROSSO";"2630";"06000";"06088";"Nice";"06";"None";"None";"06088000KW0089";"None";"None";"8";"17.93";"None";"nan";"None";"nan";"None";"None";"None";"None";"1";"2";"Appartement";"18.0";"1.0";"None";"None";"None";"None";"nan";"7.250929";"43.696539";"000KW"
"2025-49269";"2025-06-26";"1";"Vente";"95000.0";"37.0";"None";"BD FRANCOIS GROSSO";"2630";"06000";"06088";"Nice";"06";"None";"None";"06088000KW0089";"None";"None";"8";"17.93";"None";"nan";"None";"nan";"None";"None";"None";"None";"1";"3";"Dépendance";"nan";"0.0";"None";"None";"None";"None";"nan";"7.250929";"43.696539";"000KW"
"2025-49269";"2025-06-26";"1";"Vente";"95000.0";"37.0";"None";"BD FRANCOIS GROSSO";"2630";"06000";"06088";"Nice";"06";"None";"None";"06088000KW0089";"None";"None";"8";"17.93";"None";"nan";"None";"nan";"None";"None";"None";"None";"1";"3";"Dépendance";"nan";"0.0";"None";"None";"None";"None";"nan";"7.250929";"43.696539";"000KW"
"2025-49232";"2025-06-24";"1";"Vente";"32000.0";"2.0";"None";"BD FRANCOIS GROSSO";"2630";"06000";"06088";"Nice";"06";"None";"None";"06088000KW0370";"None";"None";"13";"nan";"None";"nan";"None";"nan";"None";"None";"None";"None";"1";"3";"Dépendance";"nan";"0.0";"None";"None";"None";"None";"nan";"7.252572";"43.694566";"000KW"
"2025-49033";"2025-06-23";"1";"Vente";"370000.0";"15.0";"None";"AV DES ORANGERS";"4590";"06000";"06088";"Nice";"06";"None";"None";"06088000KW0149";"None";"None";"3";"45.04";"None";"nan";"None";"nan";"None";"None";"None";"None";"1";"2";"Appartement";"46.0";"2.0";"None";"None";"None";"None";"nan";"7.253415";"43.696904";"000KW"
"2025-49599";"2025-06-23";"1";"Vente";"25000.0";"10.0";"None";"RUE SAINT PHILIPPE";"5895";"06000";"06088";"Nice";"06";"None";"None";"06088000KW0446";"None";"None";"273";"nan";"None";"nan";"None";"nan";"None";"None";"None";"None";"1";"3";"Dépendance";"nan";"0.0";"None";"None";"None";"None";"nan";"7.255854";"43.694672";"000KW"
"2025-49266";"2025-06-18";"1";"Vente";"195000.0";"49.0";"None";"BD FRANCOIS GROSSO";"2630";"06000";"06088";"Nice";"06";"None";"None";"06088000KW0095";"None";"None";"27";"41.31";"None";"nan";"None";"nan";"None";"None";"None";"None";"1";"2";"Appartement";"50.0";"2.0";"None";"None";"None";"None";"nan";"7.25106";"43.697415";"000KW"
"2025-48856";"2025-06-13";"1";"Vente";"1050000.0";"4.0";"None";"RUE DANTE";"1835";"06000";"06088";"Nice";"06";"None";"None";"06088000KW0231";"None";"None";"1";"nan";"13";"241.0";"5";"nan";"None";"None";"None";"None";"3";"4";"Local industriel. commercial ou assimilé";"243.0";"0.0";"None";"None";"None";"None";"nan";"7.255522";"43.696219";"000KW"
"2025-49747";"2025-06-12";"1";"Vente";"249000.0";"28.0";"None";"BD FRANCOIS GROSSO";"2630";"06000";"06088";"Nice";"06";"None";"None";"06088000KW0362";"None";"None";"1015";"nan";"1092";"57.02";"None";"nan";"None";"None";"None";"None";"2";"2";"Appartement";"58.0";"2.0";"None";"None";"None";"None";"nan";"7.251748";"43.69738";"000KW"
"2025-49127";"2025-06-12";"1";"Vente";"18500.0";"90.0";"None";"RUE DE FRANCE";"2595";"06000";"06088";"Nice";"06";"None";"None";"06088000KW0369";"None";"None";"1279";"nan";"None";"nan";"None";"nan";"None";"None";"None";"None";"1";"3";"Dépendance";"nan";"0.0";"None";"None";"None";"None";"nan";"7.252761";"43.694482";"000KW"
"2025-48881";"2025-06-12";"1";"Vente";"260000.0";"7.0";"None";"BD FRANCOIS GROSSO";"2630";"06000";"06088";"Nice";"06";"None";"None";"06088000KW0068";"None";"None";"1";"123.38";"19";"118.31";"4";"10.0";"None";"None";"None";"None";"3";"4";"Local industriel. commercial ou assimilé";"60.0";"0.0";"None";"None";"None";"None";"nan";"7.251621";"43.69524";"000KW"
"2025-48551";"2025-06-11";"1";"Vente";"240000.0";"12.0";"None";"AV LOUIS COCHOIS";"3740";"06000";"06088";"Nice";"06";"None";"None";"06088000KW0010";"None";"None";"12";"46.51";"None";"nan";"None";"nan";"None";"None";"None";"None";"1";"2";"Appartement";"47.0";"2.0";"None";"None";"None";"None";"nan";"7.250258";"43.697837";"000KW"
"2025-49435";"2025-06-11";"1";"Vente";"151800.0";"27.0";"None";"BD GAMBETTA";"2755";"06000";"06088";"Nice";"06";"None";"None";"06088000KW0234";"None";"None";"34";"nan";"None";"nan";"None";"nan";"None";"None";"None";"None";"1";"2";"Appartement";"11.0";"1.0";"None";"None";"None";"None";"nan";"7.255942";"43.69657";"000KW"
"2025-48551";"2025-06-11";"1";"Vente";"240000.0";"12.0";"None";"AV LOUIS COCHOIS";"3740";"06000";"06088";"Nice";"06";"None";"None";"06088000KW0010";"None";"None";"12";"46.51";"None";"nan";"None";"nan";"None";"None";"None";"None";"1";"3";"Dépendance";"nan";"0.0";"None";"None";"None";"None";"nan";"7.250258";"43.697837";"000KW"
"2025-49592";"2025-06-10";"1";"Vente";"332500.0";"16.0";"None";"RUE BOTTERO";"0925";"06000";"06088";"Nice";"06";"None";"None";"06088000KW0150";"None";"None";"10";"nan";"None";"nan";"None";"nan";"None";"None";"None";"None";"1";"2";"Appartement";"73.0";"3.0";"None";"None";"None";"None";"nan";"7.25339";"43.696731";"000KW"
"2025-49139";"2025-06-06";"1";"Vente";"41700.0";"21.0";"None";"BD FRANCOIS GROSSO";"2630";"06000";"06088";"Nice";"06";"None";"None";"06088000KW0076";"None";"None";"265";"nan";"None";"nan";"None";"nan";"None";"None";"None";"None";"1";"3";"Dépendance";"nan";"0.0";"None";"None";"None";"None";"nan";"7.251171";"43.696065";"000KW"
"2025-48461";"2025-06-05";"1";"Vente";"625000.0";"9.0";"None";"AV DES BAUMETTES";"0660";"06000";"06088";"Nice";"06";"None";"None";"06088000KW0063";"None";"None";"37";"nan";"56";"94.63";"None";"nan";"None";"None";"None";"None";"2";"2";"Appartement";"90.0";"3.0";"None";"None";"None";"None";"nan";"7.250954";"43.694669";"000KW"
"2025-52414";"2025-06-05";"1";"Adjudication";"160000.0";"2.0";"None";"RUE ALEXIS MOSSA";"0094";"06000";"06088";"Nice";"06";"None";"None";"06088000KW0199";"None";"None";"34";"nan";"None";"nan";"None";"nan";"None";"None";"None";"None";"1";"2";"Appartement";"40.0";"2.0";"None";"None";"None";"None";"nan";"7.253681";"43.696274";"000KW"
"2025-48461";"2025-06-05";"1";"Vente";"625000.0";"9.0";"None";"AV DES BAUMETTES";"0660";"06000";"06088";"Nice";"06";"None";"None";"06088000KW0063";"None";"None";"37";"nan";"56";"94.63";"None";"nan";"None";"None";"None";"None";"2";"3";"Dépendance";"nan";"0.0";"None";"None";"None";"None";"nan";"7.250954";"43.694669";"000KW"
"2025-49286";"2025-06-03";"1";"Vente";"1605500.0";"20.0";"None";"AV CHATEAU DE LA TOUR";"1355";"06000";"06088";"Nice";"06";"None";"None";"06088000KW0544";"None";"None";"32";"nan";"None";"nan";"None";"nan";"None";"None";"None";"None";"1";"2";"Appartement";"159.0";"2.0";"None";"None";"None";"None";"nan";"7.249402";"43.696281";"000KW"
"2025-49286";"2025-06-03";"1";"Vente";"1605500.0";"20.0";"None";"AV CHATEAU DE LA TOUR";"1355";"06000";"06088";"Nice";"06";"None";"None";"06088000KW0544";"None";"None";"32";"nan";"None";"nan";"None";"nan";"None";"None";"None";"None";"1";"3";"Dépendance";"nan";"0.0";"None";"None";"None";"None";"nan";"7.249402";"43.696281";"000KW"
"2025-48501";"2025-06-02";"1";"Vente";"172550.0";"72.0";"None";"RUE DE FRANCE";"2595";"06000";"06088";"Nice";"06";"None";"None";"06088000KW0259";"None";"None";"8";"56.06";"None";"nan";"None";"nan";"None";"None";"None";"None";"1";"2";"Appartement";"57.0";"3.0";"None";"None";"None";"None";"nan";"7.254832";"43.695051";"000KW"
"2025-47868";"2025-05-28";"1";"Vente";"1240000.0";"53.0";"None";"PROM DES ANGLAIS";"0240";"06000";"06088";"Nice";"06";"None";"None";"06088000KW0282";"None";"None";"117";"nan";"23";"nan";"None";"nan";"None";"None";"None";"None";"2";"2";"Appartement";"118.0";"3.0";"None";"None";"None";"None";"nan";"7.254413";"43.693761";"000KW"
"2025-47868";"2025-05-28";"1";"Vente";"1240000.0";"3.0";"None";"RUE ANDRIOLI";"0230";"06000";"06088";"Nice";"06";"None";"None";"06088000KW0279";"None";"None";"13";"nan";"None";"nan";"None";"nan";"None";"None";"None";"None";"1";"3";"Dépendance";"nan";"0.0";"None";"None";"None";"None";"nan";"7.254341";"43.694122";"000KW"
"2025-47868";"2025-05-28";"1";"Vente";"1240000.0";"53.0";"None";"PROM DES ANGLAIS";"0240";"06000";"06088";"Nice";"06";"None";"None";"06088000KW0282";"None";"None";"117";"nan";"23";"nan";"None";"nan";"None";"None";"None";"None";"2";"3";"Dépendance";"nan";"0.0";"None";"None";"None";"None";"nan";"7.254413";"43.693761";"000KW"
"2025-48661";"2025-05-28";"1";"Vente";"40000.0";"90.0";"None";"RUE DE FRANCE";"2595";"06000";"06088";"Nice";"06";"None";"None";"06088000KW0369";"None";"None";"1019";"nan";"None";"nan";"None";"nan";"None";"None";"None";"None";"1";"3";"Dépendance";"nan";"0.0";"None";"None";"None";"None";"nan";"7.252761";"43.694482";"000KW"
"2025-48661";"2025-05-28";"1";"Vente";"40000.0";"90.0";"None";"RUE DE FRANCE";"2595";"06000";"06088";"Nice";"06";"None";"None";"06088000KW0369";"None";"None";"1018";"nan";"None";"nan";"None";"nan";"None";"None";"None";"None";"1";"3";"Dépendance";"nan";"0.0";"None";"None";"None";"None";"nan";"7.252761";"43.694482";"000KW"
"2025-48990";"2025-05-28";"1";"Vente";"25000.0";"5.0";"None";"RUE ANDRIOLI";"0230";"06000";"06088";"Nice";"06";"None";"None";"06088000KW0278";"None";"None";"57";"nan";"None";"nan";"None";"nan";"None";"None";"None";"None";"1";"3";"Dépendance";"nan";"0.0";"None";"None";"None";"None";"nan";"7.254107";"43.694359";"000KW"
"2025-48660";"2025-05-27";"1";"Vente";"59990.0";"4.0";"B";"RUE SAINT PHILIPPE";"5895";"06000";"06088";"Nice";"06";"None";"None";"06088000KW0252";"None";"None";"29B";"nan";"None";"nan";"None";"nan";"None";"None";"None";"None";"1";"2";"Appartement";"11.0";"1.0";"None";"None";"None";"None";"nan";"7.255928";"43.694042";"000KW"
"2025-47695";"2025-05-26";"1";"Vente";"155400.0";"17.0";"None";"AV FLEURS";"2460";"06000";"06088";"Nice";"06";"None";"None";"06088000KW0123";"None";"None";"58";"31.0";"None";"nan";"None";"nan";"None";"None";"None";"None";"1";"2";"Appartement";"30.0";"1.0";"None";"None";"None";"None";"nan";"7.253164";"43.697428";"000KW"
"2025-48280";"2025-05-26";"1";"Vente";"435000.0";"20.0";"None";"AV CHATEAU DE LA TOUR";"1355";"06000";"06088";"Nice";"06";"None";"None";"06088000KW0544";"None";"None";"21";"105.39";"22";"nan";"None";"nan";"None";"None";"None";"None";"2";"2";"Appartement";"90.0";"4.0";"None";"None";"None";"None";"nan";"7.249402";"43.696281";"000KW"
"2025-47730";"2025-05-23";"1";"Vente";"28000.0";"10.0";"None";"RUE SAINT PHILIPPE";"5895";"06000";"06088";"Nice";"06";"None";"None";"06088000KW0446";"None";"None";"28";"nan";"None";"nan";"None";"nan";"None";"None";"None";"None";"1";"3";"Dépendance";"nan";"0.0";"None";"None";"None";"None";"nan";"7.255854";"43.694672";"000KW"
"2025-48522";"2025-05-23";"1";"Vente";"50000.0";"19.0";"None";"RUE ANDRIOLI";"0230";"06000";"06088";"Nice";"06";"None";"None";"06088000KW0206";"None";"None";"40";"nan";"None";"nan";"None";"nan";"None";"None";"None";"None";"1";"3";"Dépendance";"nan";"0.0";"None";"None";"None";"None";"nan";"7.253381";"43.696371";"000KW"
"2025-47775";"2025-05-22";"1";"Vente";"267000.0";"78.0";"None";"RUE DE FRANCE";"2595";"06000";"06088";"Nice";"06";"None";"None";"06088000KW0292";"None";"None";"10";"67.25";"None";"nan";"None";"nan";"None";"None";"None";"None";"1";"2";"Appartement";"65.0";"3.0";"None";"None";"None";"None";"nan";"7.25401";"43.694778";"000KW"
"2025-47897";"2025-05-21";"1";"Vente";"699000.0";"9.0";"B";"AV FLEURS";"2460";"06000";"06088";"Nice";"06";"None";"None";"06088000KW0127";"None";"None";"22MR";"92.9";"77MR";"nan";"None";"nan";"None";"None";"None";"None";"2";"2";"Appartement";"92.0";"3.0";"None";"None";"None";"None";"nan";"7.254233";"43.697353";"000KW"
"2025-47897";"2025-05-21";"1";"Vente";"699000.0";"9.0";"B";"AV FLEURS";"2460";"06000";"06088";"Nice";"06";"None";"None";"06088000KW0127";"None";"None";"42MR";"8.37";"None";"nan";"None";"nan";"None";"None";"None";"None";"1";"3";"Dépendance";"nan";"0.0";"None";"None";"None";"None";"nan";"7.254233";"43.697353";"000KW"
"2025-47897";"2025-05-21";"1";"Vente";"699000.0";"9.0";"B";"AV FLEURS";"2460";"06000";"06088";"Nice";"06";"None";"None";"06088000KW0127";"None";"None";"22MR";"92.9";"77MR";"nan";"None";"nan";"None";"None";"None";"None";"2";"3";"Dépendance";"nan";"0.0";"None";"None";"None";"None";"nan";"7.254233";"43.697353";"000KW"
"2025-47897";"2025-05-21";"1";"Vente";"699000.0";"6.0";"None";"AV DES ORANGERS";"4590";"06000";"06088";"Nice";"06";"None";"None";"06088000KW0127";"None";"None";"153PO";"nan";"None";"nan";"None";"nan";"None";"None";"None";"None";"1";"3";"Dépendance";"nan";"0.0";"None";"None";"None";"None";"nan";"7.254233";"43.697353";"000KW"
"2025-47658";"2025-05-20";"1";"Vente";"157500.0";"90.0";"None";"RUE DE FRANCE";"2595";"06000";"06088";"Nice";"06";"None";"None";"06088000KW0369";"None";"None";"1129";"17.82";"None";"nan";"None";"nan";"None";"None";"None";"None";"1";"2";"Appartement";"17.0";"1.0";"None";"None";"None";"None";"nan";"7.252761";"43.694482";"000KW"
"2025-48005";"2025-05-20";"1";"Vente";"187620.0";"47.0";"None";"BD FRANCOIS GROSSO";"2630";"06000";"06088";"Nice";"06";"None";"None";"06088000KW0094";"None";"None";"13";"51.76";"22";"nan";"None";"nan";"None";"None";"None";"None";"2";"2";"Appartement";"55.0";"2.0";"None";"None";"None";"None";"nan";"7.251098";"43.697255";"000KW"
"2025-48005";"2025-05-20";"1";"Vente";"187620.0";"47.0";"None";"BD FRANCOIS GROSSO";"2630";"06000";"06088";"Nice";"06";"None";"None";"06088000KW0094";"None";"None";"13";"51.76";"22";"nan";"None";"nan";"None";"None";"None";"None";"2";"3";"Dépendance";"nan";"0.0";"None";"None";"None";"None";"nan";"7.251098";"43.697255";"000KW"
"2025-48015";"2025-05-19";"1";"Vente";"189000.0";"41.0";"None";"BD FRANCOIS GROSSO";"2630";"06000";"06088";"Nice";"06";"None";"None";"06088000KW0092";"None";"None";"2";"nan";"23";"nan";"None";"nan";"None";"None";"None";"None";"2";"2";"Appartement";"64.0";"2.0";"None";"None";"None";"None";"nan";"7.251177";"43.696981";"000KW"
"2025-47677";"2025-05-16";"1";"Vente";"415000.0";"18.0";"None";"RUE ALEXIS MOSSA";"0094";"06000";"06088";"Nice";"06";"None";"None";"06088000KW0172";"None";"None";"13";"54.28";"15";"nan";"None";"nan";"None";"None";"None";"None";"2";"2";"Appartement";"53.0";"2.0";"None";"None";"None";"None";"nan";"7.252007";"43.69617";"000KW"
"2025-47852";"2025-05-16";"1";"Vente";"38000.0";"5.0";"None";"RUE ANDRIOLI";"0230";"06000";"06088";"Nice";"06";"None";"None";"06088000KW0278";"None";"None";"79";"nan";"None";"nan";"None";"nan";"None";"None";"None";"None";"1";"3";"Dépendance";"nan";"0.0";"None";"None";"None";"None";"nan";"7.254107";"43.694359";"000KW"
"2025-48008";"2025-05-15";"1";"Vente";"190000.0";"25.0";"None";"AV DES ORANGERS";"4590";"06000";"06088";"Nice";"06";"None";"None";"06088000KW0156";"None";"None";"30";"35.81";"None";"nan";"None";"nan";"None";"None";"None";"None";"1";"2";"Appartement";"36.0";"2.0";"None";"None";"None";"None";"nan";"7.252013";"43.6969";"000KW"
"2025-47538";"2025-05-14";"1";"Vente";"665000.0";"22.0";"None";"AV DES ORANGERS";"4590";"06000";"06088";"Nice";"06";"None";"None";"06088000KW0362";"None";"None";"1241";"nan";"1282";"69.25";"None";"nan";"None";"None";"None";"None";"2";"2";"Appartement";"64.0";"2.0";"None";"None";"None";"None";"nan";"7.251748";"43.69738";"000KW"
"2025-47291";"2025-05-13";"1";"Vente";"388000.0";"21.0";"None";"BD FRANCOIS GROSSO";"2630";"06000";"06088";"Nice";"06";"None";"None";"06088000KW0076";"None";"None";"124";"nan";"2";"68.16";"None";"nan";"None";"None";"None";"None";"2";"2";"Appartement";"75.0";"3.0";"None";"None";"None";"None";"nan";"7.251171";"43.696065";"000KW"
"2025-47291";"2025-05-13";"1";"Vente";"388000.0";"21.0";"None";"BD FRANCOIS GROSSO";"2630";"06000";"06088";"Nice";"06";"None";"None";"06088000KW0076";"None";"None";"124";"nan";"2";"68.16";"None";"nan";"None";"None";"None";"None";"2";"3";"Dépendance";"nan";"0.0";"None";"None";"None";"None";"nan";"7.251171";"43.696065";"000KW"
"2025-47252";"2025-05-09";"1";"Vente";"22000.0";"28.0";"None";"RUE BOTTERO";"0925";"06000";"06088";"Nice";"06";"None";"None";"06088000KW0439";"None";"None";"38";"nan";"None";"nan";"None";"nan";"None";"None";"None";"None";"1";"3";"Dépendance";"nan";"0.0";"None";"None";"None";"None";"nan";"7.252368";"43.696615";"000KW"
"2025-47252";"2025-05-09";"1";"Vente";"22000.0";"28.0";"None";"RUE BOTTERO";"0925";"06000";"06088";"Nice";"06";"None";"None";"06088000KW0439";"None";"None";"37";"nan";"None";"nan";"None";"nan";"None";"None";"None";"None";"1";"3";"Dépendance";"nan";"0.0";"None";"None";"None";"None";"nan";"7.252368";"43.696615";"000KW"
"2025-47141";"2025-05-07";"1";"Vente";"315000.0";"8.0";"None";"RUE JOSEPH FRICERO";"3470";"06000";"06088";"Nice";"06";"None";"None";"06088000KW0585";"None";"None";"20";"nan";"42";"nan";"None";"nan";"None";"None";"None";"None";"2";"2";"Appartement";"56.0";"2.0";"None";"None";"None";"None";"nan";"7.254344";"43.696029";"000KW"
"2025-47141";"2025-05-07";"1";"Vente";"315000.0";"8.0";"None";"RUE JOSEPH FRICERO";"3470";"06000";"06088";"Nice";"06";"None";"None";"06088000KW0585";"None";"None";"20";"nan";"42";"nan";"None";"nan";"None";"None";"None";"None";"2";"3";"Dépendance";"nan";"0.0";"None";"None";"None";"None";"nan";"7.254344";"43.696029";"000KW"
"2025-47372";"2025-05-07";"1";"Vente";"35000.0";"21.0";"None";"BD FRANCOIS GROSSO";"2630";"06000";"06088";"Nice";"06";"None";"None";"06088000KW0076";"None";"None";"289";"nan";"None";"nan";"None";"nan";"None";"None";"None";"None";"1";"3";"Dépendance";"nan";"0.0";"None";"None";"None";"None";"nan";"7.251171";"43.696065";"000KW"
"2025-47903";"2025-05-06";"1";"Vente";"191300.0";"2.0";"None";"BD FRANCOIS GROSSO";"2630";"06000";"06088";"Nice";"06";"None";"None";"06088000KW0370";"None";"None";"57";"36.13";"None";"nan";"None";"nan";"None";"None";"None";"None";"1";"2";"Appartement";"35.0";"2.0";"None";"None";"None";"None";"nan";"7.252572";"43.694566";"000KW"
"2025-47241";"2025-05-05";"1";"Vente";"219550.0";"12.0";"None";"BD FRANCOIS GROSSO";"2630";"06000";"06088";"Nice";"06";"None";"None";"06088000KW0185";"None";"None";"23";"nan";"None";"nan";"None";"nan";"None";"None";"None";"None";"1";"2";"Appartement";"41.0";"2.0";"None";"None";"None";"None";"nan";"7.251933";"43.695895";"000KW"
"2025-47542";"2025-05-05";"1";"Vente";"40000.0";"90.0";"None";"RUE DE FRANCE";"2595";"06000";"06088";"Nice";"06";"None";"None";"06088000KW0369";"None";"None";"1285";"nan";"None";"nan";"None";"nan";"None";"None";"None";"None";"1";"3";"Dépendance";"nan";"0.0";"None";"None";"None";"None";"nan";"7.252761";"43.694482";"000KW"
"2025-46930";"2025-04-30";"1";"Vente";"35000.0";"15.0";"None";"RUE DANTE";"1835";"06000";"06088";"Nice";"06";"None";"None";"06088000KW0300";"None";"None";"79";"nan";"None";"nan";"None";"nan";"None";"None";"None";"None";"1";"3";"Dépendance";"nan";"0.0";"None";"None";"None";"None";"nan";"7.253574";"43.695318";"000KW"
"2025-47651";"2025-04-29";"1";"Vente";"144000.0";"76.0";"None";"AV DES BAUMETTES";"0660";"06000";"06088";"Nice";"06";"None";"None";"06088000KW0005";"None";"None";"615";"nan";"642";"nan";"None";"nan";"None";"None";"None";"None";"2";"2";"Appartement";"29.0";"1.0";"None";"None";"None";"None";"nan";"7.250071";"43.698297";"000KW"
"2025-47651";"2025-04-29";"1";"Vente";"144000.0";"76.0";"None";"AV DES BAUMETTES";"0660";"06000";"06088";"Nice";"06";"None";"None";"06088000KW0005";"None";"None";"615";"nan";"642";"nan";"None";"nan";"None";"None";"None";"None";"2";"3";"Dépendance";"nan";"0.0";"None";"None";"None";"None";"nan";"7.250071";"43.698297";"000KW"
"2025-46677";"2025-04-28";"1";"Vente";"210000.0";"37.0";"None";"BD FRANCOIS GROSSO";"2630";"06000";"06088";"Nice";"06";"None";"None";"06088000KW0089";"None";"None";"71";"32.85";"None";"nan";"None";"nan";"None";"None";"None";"None";"1";"2";"Appartement";"35.0";"1.0";"None";"None";"None";"None";"nan";"7.250929";"43.696539";"000KW"
"2025-46666";"2025-04-25";"1";"Vente";"795000.0";"17.0";"None";"BD GAMBETTA";"2755";"06000";"06088";"Nice";"06";"None";"None";"06088000KW0338";"None";"None";"23";"113.11";"9";"nan";"None";"nan";"None";"None";"None";"None";"2";"2";"Appartement";"110.0";"4.0";"None";"None";"None";"None";"nan";"7.255966";"43.695651";"000KW"
"2025-47296";"2025-04-25";"1";"Vente";"85000.0";"27.0";"None";"RUE BOTTERO";"0925";"06000";"06088";"Nice";"06";"None";"None";"06088000KW0176";"None";"None";"33";"21.36";"None";"nan";"None";"nan";"None";"None";"None";"None";"1";"2";"Appartement";"22.0";"1.0";"None";"None";"None";"None";"nan";"7.252335";"43.696306";"000KW"
"2025-46666";"2025-04-25";"1";"Vente";"795000.0";"17.0";"None";"BD GAMBETTA";"2755";"06000";"06088";"Nice";"06";"None";"None";"06088000KW0338";"None";"None";"23";"113.11";"9";"nan";"None";"nan";"None";"None";"None";"None";"2";"3";"Dépendance";"nan";"0.0";"None";"None";"None";"None";"nan";"7.255966";"43.695651";"000KW"
"2025-46532";"2025-04-24";"1";"Vente";"154750.0";"17.0";"None";"AV DES ORANGERS";"4590";"06000";"06088";"Nice";"06";"None";"None";"06088000KW0152";"None";"None";"17";"23.19";"None";"nan";"None";"nan";"None";"None";"None";"None";"1";"2";"Appartement";"23.0";"1.0";"None";"None";"None";"None";"nan";"7.253076";"43.696901";"000KW"
"2025-47403";"2025-04-24";"1";"Vente";"375000.0";"66.0";"None";"AV DES BAUMETTES";"0660";"06000";"06088";"Nice";"06";"None";"None";"06088000KW0019";"None";"None";"174";"nan";"182";"82.59";"None";"nan";"None";"None";"None";"None";"2";"2";"Appartement";"76.0";"3.0";"None";"None";"None";"None";"nan";"7.248507";"43.696603";"000KW"
"2025-47403";"2025-04-24";"1";"Vente";"375000.0";"66.0";"None";"AV DES BAUMETTES";"0660";"06000";"06088";"Nice";"06";"None";"None";"06088000KW0019";"None";"None";"209";"nan";"None";"nan";"None";"nan";"None";"None";"None";"None";"1";"3";"Dépendance";"nan";"0.0";"None";"None";"None";"None";"nan";"7.248507";"43.696603";"000KW"
"2025-47403";"2025-04-24";"1";"Vente";"375000.0";"66.0";"None";"AV DES BAUMETTES";"0660";"06000";"06088";"Nice";"06";"None";"None";"06088000KW0019";"None";"None";"174";"nan";"182";"82.59";"None";"nan";"None";"None";"None";"None";"2";"3";"Dépendance";"nan";"0.0";"None";"None";"None";"None";"nan";"7.248507";"43.696603";"000KW"
"2025-46785";"2025-04-23";"1";"Vente";"37000.0";"28.0";"None";"RUE BOTTERO";"0925";"06000";"06088";"Nice";"06";"None";"None";"06088000KW0439";"None";"None";"49";"nan";"None";"nan";"None";"nan";"None";"None";"None";"None";"1";"3";"Dépendance";"nan";"0.0";"None";"None";"None";"None";"nan";"7.252368";"43.696615";"000KW"
"2025-46229";"2025-04-17";"1";"Vente";"180000.0";"16.0";"None";"AV DES ORANGERS";"4590";"06000";"06088";"Nice";"06";"None";"None";"06088000KW0120";"None";"None";"22";"nan";"None";"nan";"None";"nan";"None";"None";"None";"None";"1";"2";"Appartement";"33.0";"2.0";"None";"None";"None";"None";"nan";"7.252789";"43.697222";"000KW"
"2025-46614";"2025-04-17";"1";"Vente";"278600.0";"18.0";"None";"RUE SAINT PHILIPPE";"5895";"06000";"06088";"Nice";"06";"None";"None";"06088000KW0244";"None";"None";"24";"35.85";"None";"nan";"None";"nan";"None";"None";"None";"None";"1";"2";"Appartement";"37.0";"2.0";"None";"None";"None";"None";"nan";"7.255348";"43.695515";"000KW"
"2025-45965";"2025-04-16";"1";"Vente";"160000.0";"45.0";"B";"BD FRANCOIS GROSSO";"2630";"06000";"06088";"Nice";"06";"None";"None";"06088000KW0432";"None";"None";"105";"31.16";"None";"nan";"None";"nan";"None";"None";"None";"None";"1";"2";"Appartement";"36.0";"1.0";"None";"None";"None";"None";"nan";"7.250955";"43.697141";"000KW"
"2025-46292";"2025-04-16";"1";"Vente";"35000.0";"21.0";"None";"BD FRANCOIS GROSSO";"2630";"06000";"06088";"Nice";"06";"None";"None";"06088000KW0076";"None";"None";"194";"nan";"None";"nan";"None";"nan";"None";"None";"None";"None";"1";"3";"Dépendance";"nan";"0.0";"None";"None";"None";"None";"nan";"7.251171";"43.696065";"000KW"
"2025-46195";"2025-04-14";"1";"Vente";"124000.0";"5.0";"None";"RUE ANDRIOLI";"0230";"06000";"06088";"Nice";"06";"None";"None";"06088000KW0278";"None";"None";"153";"18.45";"None";"nan";"None";"nan";"None";"None";"None";"None";"1";"2";"Appartement";"20.0";"1.0";"None";"None";"None";"None";"nan";"7.254107";"43.694359";"000KW"
"2025-46522";"2025-04-10";"1";"Vente";"70000.0";"70.0";"None";"RUE DE FRANCE";"2595";"06000";"06088";"Nice";"06";"None";"None";"06088000KW0419";"None";"None";"45";"nan";"None";"nan";"None";"nan";"None";"None";"None";"None";"1";"2";"Appartement";"23.0";"1.0";"None";"None";"None";"None";"nan";"7.254973";"43.695132";"000KW"
"2025-46647";"2025-04-08";"1";"Vente";"360000.0";"52.0";"None";"AV CHATEAU DE LA TOUR";"1355";"06000";"06088";"Nice";"06";"None";"None";"06088000KW0014";"None";"None";"14";"nan";"50";"76.47";"None";"nan";"None";"None";"None";"None";"2";"2";"Appartement";"78.0";"4.0";"None";"None";"None";"None";"nan";"7.24944";"43.696588";"000KW"
"2025-46647";"2025-04-08";"1";"Vente";"360000.0";"52.0";"None";"AV CHATEAU DE LA TOUR";"1355";"06000";"06088";"Nice";"06";"None";"None";"06088000KW0014";"None";"None";"14";"nan";"50";"76.47";"None";"nan";"None";"None";"None";"None";"2";"3";"Dépendance";"nan";"0.0";"None";"None";"None";"None";"nan";"7.24944";"43.696588";"000KW"
"2025-45490";"2025-04-02";"1";"Vente";"112000.0";"5.0";"None";"BD GAMBETTA";"2755";"06000";"06088";"Nice";"06";"None";"None";"06088000KW0446";"None";"None";"157";"16.26";"None";"nan";"None";"nan";"None";"None";"None";"None";"1";"2";"Appartement";"16.0";"1.0";"None";"None";"None";"None";"nan";"7.255854";"43.694672";"000KW"
"2025-45623";"2025-04-02";"1";"Vente";"860000.0";"3.0";"None";"BD GAMBETTA";"2755";"06000";"06088";"Nice";"06";"None";"None";"06088000KW0252";"None";"None";"20D";"143.67";"5D";"nan";"None";"nan";"None";"None";"None";"None";"2";"2";"Appartement";"150.0";"5.0";"None";"None";"None";"None";"nan";"7.255928";"43.694042";"000KW"
"2025-46055";"2025-04-02";"1";"Vente";"155500.0";"2.0";"None";"BD FRANCOIS GROSSO";"2630";"06000";"06088";"Nice";"06";"None";"None";"06088000KW0370";"None";"None";"43";"22.51";"None";"nan";"None";"nan";"None";"None";"None";"None";"1";"2";"Appartement";"22.0";"1.0";"None";"None";"None";"None";"nan";"7.252572";"43.694566";"000KW"
"2025-45623";"2025-04-02";"1";"Vente";"860000.0";"3.0";"None";"BD GAMBETTA";"2755";"06000";"06088";"Nice";"06";"None";"None";"06088000KW0252";"None";"None";"20D";"143.67";"5D";"nan";"None";"nan";"None";"None";"None";"None";"2";"3";"Dépendance";"nan";"0.0";"None";"None";"None";"None";"nan";"7.255928";"43.694042";"000KW"
"2025-45649";"2025-03-31";"1";"Vente";"300000.0";"12.0";"None";"RUE JOSEPH FRICERO";"3470";"06000";"06088";"Nice";"06";"None";"None";"06088000KW0216";"None";"None";"5";"58.58";"None";"nan";"None";"nan";"None";"None";"None";"None";"1";"2";"Appartement";"58.0";"3.0";"None";"None";"None";"None";"nan";"7.254264";"43.696251";"000KW"
"2025-46283";"2025-03-31";"1";"Vente";"1600000.0";"19.0";"None";"AV DES BAUMETTES";"0660";"06000";"06088";"Nice";"06";"None";"None";"06088000KW0062";"None";"None";"None";"nan";"None";"nan";"None";"nan";"None";"None";"None";"None";"0";"2";"Appartement";"32.0";"2.0";"S";"sols";"None";"None";"338.0";"7.250367";"43.694717";"000KW"
"2025-46283";"2025-03-31";"1";"Vente";"1600000.0";"19.0";"None";"AV DES BAUMETTES";"0660";"06000";"06088";"Nice";"06";"None";"None";"06088000KW0062";"None";"None";"None";"nan";"None";"nan";"None";"nan";"None";"None";"None";"None";"0";"2";"Appartement";"30.0";"1.0";"AG";"terrains d'agrément";"None";"None";"1252.0";"7.250367";"43.694717";"000KW"
"2025-46283";"2025-03-31";"1";"Vente";"1600000.0";"19.0";"None";"AV DES BAUMETTES";"0660";"06000";"06088";"Nice";"06";"None";"None";"06088000KW0062";"None";"None";"None";"nan";"None";"nan";"None";"nan";"None";"None";"None";"None";"0";"2";"Appartement";"30.0";"1.0";"S";"sols";"None";"None";"338.0";"7.250367";"43.694717";"000KW"
"2025-46283";"2025-03-31";"1";"Vente";"1600000.0";"19.0";"None";"AV DES BAUMETTES";"0660";"06000";"06088";"Nice";"06";"None";"None";"06088000KW0062";"None";"None";"None";"nan";"None";"nan";"None";"nan";"None";"None";"None";"None";"0";"2";"Appartement";"190.0";"8.0";"AG";"terrains d'agrément";"None";"None";"1252.0";"7.250367";"43.694717";"000KW"
"2025-46283";"2025-03-31";"1";"Vente";"1600000.0";"19.0";"None";"AV DES BAUMETTES";"0660";"06000";"06088";"Nice";"06";"None";"None";"06088000KW0062";"None";"None";"None";"nan";"None";"nan";"None";"nan";"None";"None";"None";"None";"0";"2";"Appartement";"32.0";"2.0";"AG";"terrains d'agrément";"None";"None";"1252.0";"7.250367";"43.694717";"000KW"
"2025-46283";"2025-03-31";"1";"Vente";"1600000.0";"19.0";"None";"AV DES BAUMETTES";"0660";"06000";"06088";"Nice";"06";"None";"None";"06088000KW0062";"None";"None";"None";"nan";"None";"nan";"None";"nan";"None";"None";"None";"None";"0";"2";"Appartement";"190.0";"8.0";"S";"sols";"None";"None";"338.0";"7.250367";"43.694717";"000KW"
"2025-46283";"2025-03-31";"1";"Vente";"1600000.0";"19.0";"None";"AV DES BAUMETTES";"0660";"06000";"06088";"Nice";"06";"None";"None";"06088000KW0062";"None";"None";"None";"nan";"None";"nan";"None";"nan";"None";"None";"None";"None";"0";"3";"Dépendance";"nan";"0.0";"S";"sols";"None";"None";"338.0";"7.250367";"43.694717";"000KW"
"2025-46283";"2025-03-31";"1";"Vente";"1600000.0";"19.0";"None";"AV DES BAUMETTES";"0660";"06000";"06088";"Nice";"06";"None";"None";"06088000KW0062";"None";"None";"None";"nan";"None";"nan";"None";"nan";"None";"None";"None";"None";"0";"3";"Dépendance";"nan";"0.0";"S";"sols";"None";"None";"338.0";"7.250367";"43.694717";"000KW"
"2025-46283";"2025-03-31";"1";"Vente";"1600000.0";"19.0";"None";"AV DES BAUMETTES";"0660";"06000";"06088";"Nice";"06";"None";"None";"06088000KW0062";"None";"None";"None";"nan";"None";"nan";"None";"nan";"None";"None";"None";"None";"0";"3";"Dépendance";"nan";"0.0";"AG";"terrains d'agrément";"None";"None";"1252.0";"7.250367";"43.694717";"000KW"
"2025-46283";"2025-03-31";"1";"Vente";"1600000.0";"19.0";"None";"AV DES BAUMETTES";"0660";"06000";"06088";"Nice";"06";"None";"None";"06088000KW0062";"None";"None";"None";"nan";"None";"nan";"None";"nan";"None";"None";"None";"None";"0";"3";"Dépendance";"nan";"0.0";"S";"sols";"None";"None";"338.0";"7.250367";"43.694717";"000KW"
"2025-46283";"2025-03-31";"1";"Vente";"1600000.0";"19.0";"None";"AV DES BAUMETTES";"0660";"06000";"06088";"Nice";"06";"None";"None";"06088000KW0062";"None";"None";"None";"nan";"None";"nan";"None";"nan";"None";"None";"None";"None";"0";"3";"Dépendance";"nan";"0.0";"S";"sols";"None";"None";"338.0";"7.250367";"43.694717";"000KW"
"2025-46283";"2025-03-31";"1";"Vente";"1600000.0";"19.0";"None";"AV DES BAUMETTES";"0660";"06000";"06088";"Nice";"06";"None";"None";"06088000KW0062";"None";"None";"None";"nan";"None";"nan";"None";"nan";"None";"None";"None";"None";"0";"3";"Dépendance";"nan";"0.0";"AG";"terrains d'agrément";"None";"None";"1252.0";"7.250367";"43.694717";"000KW"
"2025-46283";"2025-03-31";"1";"Vente";"1600000.0";"19.0";"None";"AV DES BAUMETTES";"0660";"06000";"06088";"Nice";"06";"None";"None";"06088000KW0062";"None";"None";"None";"nan";"None";"nan";"None";"nan";"None";"None";"None";"None";"0";"3";"Dépendance";"nan";"0.0";"AG";"terrains d'agrément";"None";"None";"1252.0";"7.250367";"43.694717";"000KW"
"2025-46283";"2025-03-31";"1";"Vente";"1600000.0";"19.0";"None";"AV DES BAUMETTES";"0660";"06000";"06088";"Nice";"06";"None";"None";"06088000KW0062";"None";"None";"None";"nan";"None";"nan";"None";"nan";"None";"None";"None";"None";"0";"3";"Dépendance";"nan";"0.0";"AG";"terrains d'agrément";"None";"None";"1252.0";"7.250367";"43.694717";"000KW"
"2025-45901";"2025-03-28";"1";"Vente";"48000.0";"28.0";"None";"BD FRANCOIS GROSSO";"2630";"06000";"06088";"Nice";"06";"None";"None";"06088000KW0362";"None";"None";"1051";"nan";"None";"nan";"None";"nan";"None";"None";"None";"None";"1";"3";"Dépendance";"nan";"0.0";"None";"None";"None";"None";"nan";"7.251748";"43.69738";"000KW"
"2025-45443";"2025-03-27";"1";"Vente";"1000000.0";"20.0";"None";"AV CHATEAU DE LA TOUR";"1355";"06000";"06088";"Nice";"06";"None";"None";"06088000KW0544";"None";"None";"5";"127.2";"None";"nan";"None";"nan";"None";"None";"None";"None";"1";"2";"Appartement";"127.0";"4.0";"None";"None";"None";"None";"nan";"7.249402";"43.696281";"000KW"
"2025-45443";"2025-03-27";"1";"Vente";"1000000.0";"20.0";"None";"AV CHATEAU DE LA TOUR";"1355";"06000";"06088";"Nice";"06";"None";"None";"06088000KW0544";"None";"None";"5";"127.2";"None";"nan";"None";"nan";"None";"None";"None";"None";"1";"3";"Dépendance";"nan";"0.0";"None";"None";"None";"None";"nan";"7.249402";"43.696281";"000KW"
"2025-45443";"2025-03-27";"1";"Vente";"1000000.0";"20.0";"None";"AV CHATEAU DE LA TOUR";"1355";"06000";"06088";"Nice";"06";"None";"None";"06088000KW0544";"None";"None";"5";"127.2";"None";"nan";"None";"nan";"None";"None";"None";"None";"1";"3";"Dépendance";"nan";"0.0";"None";"None";"None";"None";"nan";"7.249402";"43.696281";"000KW"
"2025-45196";"2025-03-26";"1";"Vente";"235000.0";"1.0";"None";"RUE JOSEPH FRICERO";"3470";"06000";"06088";"Nice";"06";"None";"None";"06088000KW0515";"None";"None";"40";"nan";"None";"nan";"None";"nan";"None";"None";"None";"None";"1";"2";"Appartement";"32.0";"2.0";"None";"None";"None";"None";"nan";"7.254373";"43.694881";"000KW"
"2025-45353";"2025-03-26";"1";"Vente";"235500.0";"28.0";"None";"RUE BOTTERO";"0925";"06000";"06088";"Nice";"06";"None";"None";"06088000KW0439";"None";"None";"70";"36.79";"None";"nan";"None";"nan";"None";"None";"None";"None";"1";"2";"Appartement";"37.0";"2.0";"None";"None";"None";"None";"nan";"7.252368";"43.696615";"000KW"
"2025-45427";"2025-03-26";"1";"Vente";"39996.0";"4.0";"B";"RUE SAINT PHILIPPE";"5895";"06000";"06088";"Nice";"06";"None";"None";"06088000KW0252";"None";"None";"6B";"nan";"None";"nan";"None";"nan";"None";"None";"None";"None";"1";"2";"Appartement";"9.0";"1.0";"None";"None";"None";"None";"nan";"7.255928";"43.694042";"000KW"
"2025-45580";"2025-03-26";"1";"Vente";"32000.0";"4.0";"B";"RUE SAINT PHILIPPE";"5895";"06000";"06088";"Nice";"06";"None";"None";"06088000KW0252";"None";"None";"1B";"11.42";"None";"nan";"None";"nan";"None";"None";"None";"None";"1";"2";"Appartement";"9.0";"1.0";"None";"None";"None";"None";"nan";"7.255928";"43.694042";"000KW"
"2025-46244";"2025-03-26";"1";"Vente";"19500.0";"6.0";"None";"RUE DES POTIERS";"5225";"06000";"06088";"Nice";"06";"None";"None";"06088000KW0311";"None";"None";"124";"nan";"None";"nan";"None";"nan";"None";"None";"None";"None";"1";"3";"Dépendance";"nan";"0.0";"None";"None";"None";"None";"nan";"7.253284";"43.694842";"000KW"
"2025-45413";"2025-03-25";"1";"Vente";"800000.0";"54.0";"None";"PROM DES ANGLAIS";"0240";"06000";"06088";"Nice";"06";"None";"None";"06088000KW0283";"None";"None";"37";"65.34";"81";"nan";"None";"nan";"None";"None";"None";"None";"2";"2";"Appartement";"68.0";"2.0";"None";"None";"None";"None";"nan";"7.254063";"43.693742";"000KW"
"2025-46147";"2025-03-25";"1";"Vente";"612000.0";"15.0";"None";"BD GAMBETTA";"2755";"06000";"06088";"Nice";"06";"None";"None";"06088000KW0339";"None";"None";"15";"nan";"7";"101.48";"None";"nan";"None";"None";"None";"None";"2";"2";"Appartement";"90.0";"5.0";"None";"None";"None";"None";"nan";"7.256003";"43.695509";"000KW"
"2025-46147";"2025-03-25";"1";"Vente";"612000.0";"15.0";"None";"BD GAMBETTA";"2755";"06000";"06088";"Nice";"06";"None";"None";"06088000KW0339";"None";"None";"15";"nan";"7";"101.48";"None";"nan";"None";"None";"None";"None";"2";"3";"Dépendance";"nan";"0.0";"None";"None";"None";"None";"nan";"7.256003";"43.695509";"000KW"
"2025-45599";"2025-03-24";"1";"Vente";"523500.0";"113.0";"None";"RUE DE FRANCE";"2595";"06000";"06088";"Nice";"06";"None";"None";"06088000KW0517";"None";"None";"21";"78.72";"27";"nan";"None";"nan";"None";"None";"None";"None";"2";"2";"Appartement";"85.0";"3.0";"None";"None";"None";"None";"nan";"7.25329";"43.69421";"000KW"
"2025-45774";"2025-03-24";"1";"Vente";"570000.0";"20.0";"None";"AV DES ORANGERS";"4590";"06000";"06088";"Nice";"06";"None";"None";"06088000KW0362";"None";"None";"788";"nan";"827";"99.08";"None";"nan";"None";"None";"None";"None";"2";"2";"Appartement";"96.0";"3.0";"None";"None";"None";"None";"nan";"7.251748";"43.69738";"000KW"
"2025-45599";"2025-03-24";"1";"Vente";"523500.0";"113.0";"None";"RUE DE FRANCE";"2595";"06000";"06088";"Nice";"06";"None";"None";"06088000KW0517";"None";"None";"21";"78.72";"27";"nan";"None";"nan";"None";"None";"None";"None";"2";"3";"Dépendance";"nan";"0.0";"None";"None";"None";"None";"nan";"7.25329";"43.69421";"000KW"
"2025-45599";"2025-03-24";"1";"Vente";"523500.0";"113.0";"None";"RUE DE FRANCE";"2595";"06000";"06088";"Nice";"06";"None";"None";"06088000KW0517";"None";"None";"21";"78.72";"27";"nan";"None";"nan";"None";"None";"None";"None";"2";"3";"Dépendance";"nan";"0.0";"None";"None";"None";"None";"nan";"7.25329";"43.69421";"000KW"
"2025-45774";"2025-03-24";"1";"Vente";"570000.0";"20.0";"None";"AV DES ORANGERS";"4590";"06000";"06088";"Nice";"06";"None";"None";"06088000KW0362";"None";"None";"788";"nan";"827";"99.08";"None";"nan";"None";"None";"None";"None";"2";"3";"Dépendance";"nan";"0.0";"None";"None";"None";"None";"nan";"7.251748";"43.69738";"000KW"
"2025-45498";"2025-03-17";"1";"Vente";"1410000.0";"24.0";"None";"AV DES BAUMETTES";"0660";"06000";"06088";"Nice";"06";"None";"None";"06088000KW0081";"None";"None";"8";"155.5";"None";"nan";"None";"nan";"None";"None";"None";"None";"1";"2";"Appartement";"150.0";"5.0";"None";"None";"None";"None";"nan";"7.250258";"43.696294";"000KW"
"2025-45498";"2025-03-17";"1";"Vente";"1410000.0";"24.0";"None";"AV DES BAUMETTES";"0660";"06000";"06088";"Nice";"06";"None";"None";"06088000KW0081";"None";"None";"24";"6.33";"None";"nan";"None";"nan";"None";"None";"None";"None";"1";"3";"Dépendance";"nan";"0.0";"None";"None";"None";"None";"nan";"7.250258";"43.696294";"000KW"
"2025-45498";"2025-03-17";"1";"Vente";"1410000.0";"24.0";"None";"AV DES BAUMETTES";"0660";"06000";"06088";"Nice";"06";"None";"None";"06088000KW0081";"None";"None";"22";"nan";"None";"nan";"None";"nan";"None";"None";"None";"None";"1";"3";"Dépendance";"nan";"0.0";"None";"None";"None";"None";"nan";"7.250258";"43.696294";"000KW"
"2025-45498";"2025-03-17";"1";"Vente";"1410000.0";"24.0";"None";"AV DES BAUMETTES";"0660";"06000";"06088";"Nice";"06";"None";"None";"06088000KW0081";"None";"None";"8";"155.5";"None";"nan";"None";"nan";"None";"None";"None";"None";"1";"3";"Dépendance";"nan";"0.0";"None";"None";"None";"None";"nan";"7.250258";"43.696294";"000KW"
"2025-45498";"2025-03-17";"1";"Vente";"1410000.0";"24.0";"None";"AV DES BAUMETTES";"0660";"06000";"06088";"Nice";"06";"None";"None";"06088000KW0081";"None";"None";"23";"6.98";"None";"nan";"None";"nan";"None";"None";"None";"None";"1";"3";"Dépendance";"nan";"0.0";"None";"None";"None";"None";"nan";"7.250258";"43.696294";"000KW"
"2025-44982";"2025-03-13";"1";"Vente";"365000.0";"3.0";"None";"RUE JOSEPH FRICERO";"3470";"06000";"06088";"Nice";"06";"None";"None";"06088000KW0513";"None";"None";"33";"31.07";"None";"nan";"None";"nan";"None";"None";"None";"None";"1";"2";"Appartement";"34.0";"1.0";"None";"None";"None";"None";"nan";"7.254409";"43.694994";"000KW"
"2025-44982";"2025-03-13";"1";"Vente";"365000.0";"3.0";"None";"RUE JOSEPH FRICERO";"3470";"06000";"06088";"Nice";"06";"None";"None";"06088000KW0513";"None";"None";"33";"31.07";"None";"nan";"None";"nan";"None";"None";"None";"None";"1";"3";"Dépendance";"nan";"0.0";"None";"None";"None";"None";"nan";"7.254409";"43.694994";"000KW"
"2025-44687";"2025-03-12";"1";"Vente";"190200.0";"21.0";"None";"BD FRANCOIS GROSSO";"2630";"06000";"06088";"Nice";"06";"None";"None";"06088000KW0076";"None";"None";"108";"nan";"85";"29.82";"None";"nan";"None";"None";"None";"None";"2";"2";"Appartement";"35.0";"1.0";"None";"None";"None";"None";"nan";"7.251171";"43.696065";"000KW"
"2025-45414";"2025-03-12";"1";"Vente";"215000.0";"3.0";"None";"RUE ANDRIOLI";"0230";"06000";"06088";"Nice";"06";"None";"None";"06088000KW0279";"None";"None";"63";"27.12";"None";"nan";"None";"nan";"None";"None";"None";"None";"1";"2";"Appartement";"28.0";"1.0";"None";"None";"None";"None";"nan";"7.254341";"43.694122";"000KW"
"2025-44687";"2025-03-12";"1";"Vente";"190200.0";"21.0";"None";"BD FRANCOIS GROSSO";"2630";"06000";"06088";"Nice";"06";"None";"None";"06088000KW0076";"None";"None";"108";"nan";"85";"29.82";"None";"nan";"None";"None";"None";"None";"2";"3";"Dépendance";"nan";"0.0";"None";"None";"None";"None";"nan";"7.251171";"43.696065";"000KW"
"2025-44738";"2025-03-11";"1";"Vente";"255881.0";"5.0";"None";"RUE ANDRIOLI";"0230";"06000";"06088";"Nice";"06";"None";"None";"06088000KW0278";"None";"None";"126";"nan";"229";"40.89";"None";"nan";"None";"None";"None";"None";"2";"2";"Appartement";"41.0";"1.0";"None";"None";"None";"None";"nan";"7.254107";"43.694359";"000KW"
"2025-44738";"2025-03-11";"1";"Vente";"255881.0";"5.0";"None";"RUE ANDRIOLI";"0230";"06000";"06088";"Nice";"06";"None";"None";"06088000KW0278";"None";"None";"126";"nan";"229";"40.89";"None";"nan";"None";"None";"None";"None";"2";"3";"Dépendance";"nan";"0.0";"None";"None";"None";"None";"nan";"7.254107";"43.694359";"000KW"
"2025-45308";"2025-03-06";"1";"Vente";"264000.0";"15.0";"None";"RUE SAINT PHILIPPE";"5895";"06000";"06088";"Nice";"06";"None";"None";"06088000KW0265";"None";"None";"20";"60.8";"None";"nan";"None";"nan";"None";"None";"None";"None";"1";"2";"Appartement";"62.0";"3.0";"None";"None";"None";"None";"nan";"7.254956";"43.695463";"000KW"
"2025-45308";"2025-03-06";"1";"Vente";"264000.0";"15.0";"None";"RUE SAINT PHILIPPE";"5895";"06000";"06088";"Nice";"06";"None";"None";"06088000KW0265";"None";"None";"20";"60.8";"None";"nan";"None";"nan";"None";"None";"None";"None";"1";"3";"Dépendance";"nan";"0.0";"None";"None";"None";"None";"nan";"7.254956";"43.695463";"000KW"
"2025-45308";"2025-03-06";"1";"Vente";"264000.0";"2.0";"None";"RUE CLAUDIA";"1460";"06000";"06088";"Nice";"06";"None";"None";"06088000KW0265";"None";"None";"19";"158.77";"None";"nan";"None";"nan";"None";"None";"None";"None";"1";"4";"Local industriel. commercial ou assimilé";"180.0";"0.0";"None";"None";"None";"None";"nan";"7.254956";"43.695463";"000KW"
"2025-44373";"2025-03-05";"1";"Vente";"310000.0";"25.0";"None";"AV FLEURS";"2460";"06000";"06088";"Nice";"06";"None";"None";"06088000KW0112";"None";"None";"15";"nan";"43";"55.45";"None";"nan";"None";"None";"None";"None";"2";"2";"Appartement";"60.0";"2.0";"None";"None";"None";"None";"nan";"7.251977";"43.697788";"000KW"
"2025-45188";"2025-03-05";"1";"Vente";"120000.0";"10.0";"None";"AV DES ORANGERS";"4590";"06000";"06088";"Nice";"06";"None";"None";"06088000KW0124";"None";"None";"56";"18.69";"None";"nan";"None";"nan";"None";"None";"None";"None";"1";"2";"Appartement";"20.0";"1.0";"None";"None";"None";"None";"nan";"7.253552";"43.697329";"000KW"
"2025-44373";"2025-03-05";"1";"Vente";"310000.0";"25.0";"None";"AV FLEURS";"2460";"06000";"06088";"Nice";"06";"None";"None";"06088000KW0112";"None";"None";"15";"nan";"43";"55.45";"None";"nan";"None";"None";"None";"None";"2";"3";"Dépendance";"nan";"0.0";"None";"None";"None";"None";"nan";"7.251977";"43.697788";"000KW"
"2025-45218";"2025-03-03";"1";"Vente";"59000.0";"10.0";"None";"AV DES ORANGERS";"4590";"06000";"06088";"Nice";"06";"None";"None";"06088000KW0124";"None";"None";"18";"nan";"None";"nan";"None";"nan";"None";"None";"None";"None";"1";"3";"Dépendance";"nan";"0.0";"None";"None";"None";"None";"nan";"7.253552";"43.697329";"000KW"
"2025-44154";"2025-02-28";"1";"Vente";"530000.0";"9.0";"None";"BD GAMBETTA";"2755";"06000";"06088";"Nice";"06";"None";"None";"06088000KW0446";"None";"None";"169";"78.01";"None";"nan";"None";"nan";"None";"None";"None";"None";"1";"2";"Appartement";"77.0";"3.0";"None";"None";"None";"None";"nan";"7.255854";"43.694672";"000KW"
"2025-44186";"2025-02-28";"1";"Vente";"239000.0";"76.0";"None";"AV BAUMETTES OLIVIERS";"0662";"06000";"06088";"Nice";"06";"None";"None";"06088000KW0005";"None";"None";"267";"nan";"301";"44.2";"None";"nan";"None";"None";"None";"None";"2";"2";"Appartement";"48.0";"2.0";"None";"None";"None";"None";"nan";"7.250071";"43.698297";"000KW"
"2025-44186";"2025-02-28";"1";"Vente";"239000.0";"76.0";"None";"AV BAUMETTES OLIVIERS";"0662";"06000";"06088";"Nice";"06";"None";"None";"06088000KW0005";"None";"None";"267";"nan";"301";"44.2";"None";"nan";"None";"None";"None";"None";"2";"3";"Dépendance";"nan";"0.0";"None";"None";"None";"None";"nan";"7.250071";"43.698297";"000KW"
"2025-44240";"2025-02-28";"1";"Vente";"49000.0";"45.0";"None";"RUE DES POTIERS";"5225";"06000";"06088";"Nice";"06";"None";"None";"06088000KW0434";"None";"None";"119";"nan";"None";"nan";"None";"nan";"None";"None";"None";"None";"1";"3";"Dépendance";"nan";"0.0";"None";"None";"None";"None";"nan";"7.25216";"43.697366";"000KW"
"2025-43959";"2025-02-27";"1";"Vente";"189610.0";"11.0";"None";"RUE ALEXIS MOSSA";"0094";"06000";"06088";"Nice";"06";"None";"None";"06088000KW0383";"None";"None";"4";"30.14";"None";"nan";"None";"nan";"None";"None";"None";"None";"1";"2";"Appartement";"30.0";"2.0";"None";"None";"None";"None";"nan";"7.252627";"43.695976";"000KW"
"2025-44285";"2025-02-27";"1";"Vente";"220000.0";"32.0";"None";"RUE BOTTERO";"0925";"06000";"06088";"Nice";"06";"None";"None";"06088000KW0167";"None";"None";"4";"52.97";"5";"nan";"None";"nan";"None";"None";"None";"None";"2";"2";"Appartement";"55.0";"3.0";"None";"None";"None";"None";"nan";"7.252061";"43.696523";"000KW"
"2025-44004";"2025-02-26";"1";"Vente";"190000.0";"9.0";"None";"AV DES ORANGERS";"4590";"06000";"06088";"Nice";"06";"None";"None";"06088000KW0144";"None";"None";"32";"22.63";"63";"nan";"None";"nan";"None";"None";"None";"None";"2";"2";"Appartement";"23.0";"1.0";"None";"None";"None";"None";"nan";"7.254202";"43.696919";"000KW"
"2025-43988";"2025-02-24";"1";"Vente";"450000.0";"90.0";"None";"RUE DE FRANCE";"2595";"06000";"06088";"Nice";"06";"None";"None";"06088000KW0369";"None";"None";"1065";"62.68";"None";"nan";"None";"nan";"None";"None";"None";"None";"1";"2";"Appartement";"63.0";"2.0";"None";"None";"None";"None";"nan";"7.252761";"43.694482";"000KW"
"2025-44207";"2025-02-24";"1";"Vente";"107905.0";"21.0";"None";"AV FLEURS";"2460";"06000";"06088";"Nice";"06";"None";"None";"06088000KW0114";"None";"None";"1";"22.2";"2";"nan";"None";"nan";"None";"None";"None";"None";"2";"2";"Appartement";"23.0";"1.0";"None";"None";"None";"None";"nan";"7.252479";"43.697761";"000KW"
"2025-44256";"2025-02-24";"1";"Vente";"120000.0";"2.0";"None";"BD FRANCOIS GROSSO";"2630";"06000";"06088";"Nice";"06";"None";"None";"06088000KW0370";"None";"None";"62";"nan";"None";"nan";"None";"nan";"None";"None";"None";"None";"1";"2";"Appartement";"27.0";"2.0";"None";"None";"None";"None";"nan";"7.252572";"43.694566";"000KW"
"2025-44519";"2025-02-24";"1";"Vente";"550000.0";"15.0";"None";"RUE JOSEPH FRICERO";"3470";"06000";"06088";"Nice";"06";"None";"None";"06088000KW0210";"None";"None";"10";"81.54";"None";"nan";"None";"nan";"None";"None";"None";"None";"1";"2";"Appartement";"95.0";"4.0";"None";"None";"None";"None";"nan";"7.254129";"43.695803";"000KW"
"2025-44256";"2025-02-24";"1";"Vente";"120000.0";"2.0";"None";"BD FRANCOIS GROSSO";"2630";"06000";"06088";"Nice";"06";"None";"None";"06088000KW0370";"None";"None";"16";"nan";"None";"nan";"None";"nan";"None";"None";"None";"None";"1";"3";"Dépendance";"nan";"0.0";"None";"None";"None";"None";"nan";"7.252572";"43.694566";"000KW"
"2025-44024";"2025-02-20";"1";"Vente";"216000.0";"15.0";"None";"RUE ANDRIOLI";"0230";"06000";"06088";"Nice";"06";"None";"None";"06088000KW0198";"None";"None";"100B";"54.34";"39B";"nan";"None";"nan";"None";"None";"None";"None";"2";"2";"Appartement";"54.0";"2.0";"None";"None";"None";"None";"nan";"7.253622";"43.695971";"000KW"
"2025-44024";"2025-02-20";"1";"Vente";"216000.0";"15.0";"None";"RUE ANDRIOLI";"0230";"06000";"06088";"Nice";"06";"None";"None";"06088000KW0198";"None";"None";"100B";"54.34";"39B";"nan";"None";"nan";"None";"None";"None";"None";"2";"3";"Dépendance";"nan";"0.0";"None";"None";"None";"None";"nan";"7.253622";"43.695971";"000KW"
"2025-43724";"2025-02-14";"1";"Vente";"30000.0";"21.0";"None";"BD FRANCOIS GROSSO";"2630";"06000";"06088";"Nice";"06";"None";"None";"06088000KW0076";"None";"None";"354";"nan";"None";"nan";"None";"nan";"None";"None";"None";"None";"1";"3";"Dépendance";"nan";"0.0";"None";"None";"None";"None";"nan";"7.251171";"43.696065";"000KW"
"2025-43217";"2025-02-13";"1";"Vente";"340000.0";"21.0";"None";"BD FRANCOIS GROSSO";"2630";"06000";"06088";"Nice";"06";"None";"None";"06088000KW0076";"None";"None";"134";"nan";"16";"69.02";"None";"nan";"None";"None";"None";"None";"2";"2";"Appartement";"70.0";"3.0";"None";"None";"None";"None";"nan";"7.251171";"43.696065";"000KW"
"2025-43217";"2025-02-13";"1";"Vente";"340000.0";"21.0";"None";"BD FRANCOIS GROSSO";"2630";"06000";"06088";"Nice";"06";"None";"None";"06088000KW0076";"None";"None";"134";"nan";"16";"69.02";"None";"nan";"None";"None";"None";"None";"2";"3";"Dépendance";"nan";"0.0";"None";"None";"None";"None";"nan";"7.251171";"43.696065";"000KW"
"2025-43217";"2025-02-13";"1";"Vente";"340000.0";"21.0";"None";"BD FRANCOIS GROSSO";"2630";"06000";"06088";"Nice";"06";"None";"None";"06088000KW0076";"None";"None";"291";"nan";"None";"nan";"None";"nan";"None";"None";"None";"None";"1";"3";"Dépendance";"nan";"0.0";"None";"None";"None";"None";"nan";"7.251171";"43.696065";"000KW"
"2025-44202";"2025-02-13";"1";"Vente";"230000.0";"20.0";"None";"AV DES ORANGERS";"4590";"06000";"06088";"Nice";"06";"None";"None";"06088000KW0362";"None";"None";"755";"nan";"None";"nan";"None";"nan";"None";"None";"None";"None";"1";"3";"Dépendance";"nan";"0.0";"None";"None";"None";"None";"nan";"7.251748";"43.69738";"000KW"
"2025-43479";"2025-02-07";"1";"Vente";"235000.0";"8.0";"None";"RUE SAINT PHILIPPE";"5895";"06000";"06088";"Nice";"06";"None";"None";"06088000KW0446";"None";"None";"232";"44.53";"None";"nan";"None";"nan";"None";"None";"None";"None";"1";"2";"Appartement";"49.0";"2.0";"None";"None";"None";"None";"nan";"7.255854";"43.694672";"000KW"
"2025-43485";"2025-02-07";"1";"Vente";"195000.0";"27.0";"None";"AV FLEURS";"2460";"06000";"06088";"Nice";"06";"None";"None";"06088000KW0108";"None";"None";"36";"51.07";"None";"nan";"None";"nan";"None";"None";"None";"None";"1";"2";"Appartement";"49.0";"2.0";"None";"None";"None";"None";"nan";"7.251754";"43.697744";"000KW"
"2025-43388";"2025-02-06";"1";"Vente";"190000.0";"76.0";"None";"AV DES BAUMETTES";"0660";"06000";"06088";"Nice";"06";"None";"None";"06088000KW0005";"None";"None";"612";"nan";"650";"nan";"None";"nan";"None";"None";"None";"None";"2";"2";"Appartement";"55.0";"2.0";"None";"None";"None";"None";"nan";"7.250071";"43.698297";"000KW"
"2025-43167";"2025-02-06";"1";"Vente";"36000.0";"17.0";"None";"AV FLEURS";"2460";"06000";"06088";"Nice";"06";"None";"None";"06088000KW0123";"None";"None";"93";"nan";"None";"nan";"None";"nan";"None";"None";"None";"None";"1";"3";"Dépendance";"nan";"0.0";"None";"None";"None";"None";"nan";"7.253164";"43.697428";"000KW"
"2025-43388";"2025-02-06";"1";"Vente";"190000.0";"76.0";"None";"AV DES BAUMETTES";"0660";"06000";"06088";"Nice";"06";"None";"None";"06088000KW0005";"None";"None";"612";"nan";"650";"nan";"None";"nan";"None";"None";"None";"None";"2";"3";"Dépendance";"nan";"0.0";"None";"None";"None";"None";"nan";"7.250071";"43.698297";"000KW"
"2025-42786";"2025-01-30";"1";"Vente";"335000.0";"47.0";"None";"BD FRANCOIS GROSSO";"2630";"06000";"06088";"Nice";"06";"None";"None";"06088000KW0094";"None";"None";"12";"67.44";"None";"nan";"None";"nan";"None";"None";"None";"None";"1";"2";"Appartement";"64.0";"3.0";"None";"None";"None";"None";"nan";"7.251098";"43.697255";"000KW"
"2025-43833";"2025-01-30";"1";"Vente";"115000.0";"25.0";"None";"AV FLEURS";"2460";"06000";"06088";"Nice";"06";"None";"None";"06088000KW0112";"None";"None";"51";"22.46";"None";"nan";"None";"nan";"None";"None";"None";"None";"1";"2";"Appartement";"20.0";"1.0";"None";"None";"None";"None";"nan";"7.251977";"43.697788";"000KW"
"2025-42786";"2025-01-30";"1";"Vente";"335000.0";"47.0";"None";"BD FRANCOIS GROSSO";"2630";"06000";"06088";"Nice";"06";"None";"None";"06088000KW0094";"None";"None";"12";"67.44";"None";"nan";"None";"nan";"None";"None";"None";"None";"1";"3";"Dépendance";"nan";"0.0";"None";"None";"None";"None";"nan";"7.251098";"43.697255";"000KW"
"2025-42947";"2025-01-30";"1";"Vente";"480000.0";"19.0";"None";"BD GAMBETTA";"2755";"06000";"06088";"Nice";"06";"None";"None";"06088000KW0337";"None";"None";"12";"107.94";"None";"nan";"None";"nan";"None";"None";"None";"None";"1";"4";"Local industriel. commercial ou assimilé";"102.0";"0.0";"None";"None";"None";"None";"nan";"7.255978";"43.695826";"000KW"
"2025-42837";"2025-01-28";"1";"Vente";"643010.0";"10.0";"None";"RUE SAINT PHILIPPE";"5895";"06000";"06088";"Nice";"06";"None";"None";"06088000KW0446";"None";"None";"245";"nan";"None";"nan";"None";"nan";"None";"None";"None";"None";"1";"2";"Appartement";"67.0";"3.0";"None";"None";"None";"None";"nan";"7.255854";"43.694672";"000KW"
"2025-42837";"2025-01-28";"1";"Vente";"643010.0";"10.0";"None";"RUE SAINT PHILIPPE";"5895";"06000";"06088";"Nice";"06";"None";"None";"06088000KW0446";"None";"None";"100";"nan";"None";"nan";"None";"nan";"None";"None";"None";"None";"1";"3";"Dépendance";"nan";"0.0";"None";"None";"None";"None";"nan";"7.255854";"43.694672";"000KW"
"2025-42837";"2025-01-28";"1";"Vente";"643010.0";"10.0";"None";"RUE SAINT PHILIPPE";"5895";"06000";"06088";"Nice";"06";"None";"None";"06088000KW0446";"None";"None";"245";"nan";"None";"nan";"None";"nan";"None";"None";"None";"None";"1";"3";"Dépendance";"nan";"0.0";"None";"None";"None";"None";"nan";"7.255854";"43.694672";"000KW"
"2025-43234";"2025-01-27";"1";"Vente";"340000.0";"21.0";"None";"BD FRANCOIS GROSSO";"2630";"06000";"06088";"Nice";"06";"None";"None";"06088000KW0076";"None";"None";"100";"nan";"83";"66.75";"None";"nan";"None";"None";"None";"None";"2";"2";"Appartement";"70.0";"3.0";"None";"None";"None";"None";"nan";"7.251171";"43.696065";"000KW"
"2025-42705";"2025-01-27";"1";"Vente";"31000.0";"49.0";"None";"BD FRANCOIS GROSSO";"2630";"06000";"06088";"Nice";"06";"None";"None";"06088000KW0095";"None";"None";"1";"nan";"None";"nan";"None";"nan";"None";"None";"None";"None";"1";"3";"Dépendance";"nan";"0.0";"None";"None";"None";"None";"nan";"7.25106";"43.697415";"000KW"
"2025-43234";"2025-01-27";"1";"Vente";"340000.0";"21.0";"None";"BD FRANCOIS GROSSO";"2630";"06000";"06088";"Nice";"06";"None";"None";"06088000KW0076";"None";"None";"100";"nan";"83";"66.75";"None";"nan";"None";"None";"None";"None";"2";"3";"Dépendance";"nan";"0.0";"None";"None";"None";"None";"nan";"7.251171";"43.696065";"000KW"
"2025-42692";"2025-01-23";"1";"Vente";"542500.0";"68.0";"None";"RUE DE FRANCE";"2595";"06000";"06088";"Nice";"06";"None";"None";"06088000KW0246";"None";"None";"27";"69.59";"None";"nan";"None";"nan";"None";"None";"None";"None";"1";"2";"Appartement";"65.0";"3.0";"None";"None";"None";"None";"nan";"7.255434";"43.695279";"000KW"
"2025-43291";"2025-01-23";"1";"Vente";"245000.0";"1.0";"None";"RUE JOSEPH FRICERO";"3470";"06000";"06088";"Nice";"06";"None";"None";"06088000KW0515";"None";"None";"41";"34.14";"None";"nan";"None";"nan";"None";"None";"None";"None";"1";"2";"Appartement";"34.0";"2.0";"None";"None";"None";"None";"nan";"7.254373";"43.694881";"000KW"
"2025-42381";"2025-01-22";"1";"Vente";"39000.0";"5.0";"None";"RUE ANDRIOLI";"0230";"06000";"06088";"Nice";"06";"None";"None";"06088000KW0278";"None";"None";"69";"nan";"None";"nan";"None";"nan";"None";"None";"None";"None";"1";"3";"Dépendance";"nan";"0.0";"None";"None";"None";"None";"nan";"7.254107";"43.694359";"000KW"
"2025-42390";"2025-01-21";"1";"Vente";"90000.0";"7.0";"None";"AV FLEURS";"2460";"06000";"06088";"Nice";"06";"None";"None";"06088000KW0130";"None";"None";"39";"46.41";"None";"nan";"None";"nan";"None";"None";"None";"None";"1";"2";"Appartement";"49.0";"1.0";"None";"None";"None";"None";"nan";"7.254675";"43.697427";"000KW"
"2025-42390";"2025-01-21";"1";"Vente";"90000.0";"7.0";"None";"AV FLEURS";"2460";"06000";"06088";"Nice";"06";"None";"None";"06088000KW0130";"None";"None";"39";"46.41";"None";"nan";"None";"nan";"None";"None";"None";"None";"1";"3";"Dépendance";"nan";"0.0";"None";"None";"None";"None";"nan";"7.254675";"43.697427";"000KW"
"2025-42272";"2025-01-17";"1";"Vente";"170000.0";"37.0";"None";"BD FRANCOIS GROSSO";"2630";"06000";"06088";"Nice";"06";"None";"None";"06088000KW0089";"None";"None";"46";"nan";"None";"nan";"None";"nan";"None";"None";"None";"None";"1";"2";"Appartement";"35.0";"1.0";"None";"None";"None";"None";"nan";"7.250929";"43.696539";"000KW"
"2025-42274";"2025-01-17";"1";"Vente";"350000.0";"7.0";"None";"RUE ALEXIS MOSSA";"0094";"06000";"06088";"Nice";"06";"None";"None";"06088000KW0192";"None";"None";"46";"nan";"95";"nan";"None";"nan";"None";"None";"None";"None";"2";"2";"Appartement";"42.0";"1.0";"None";"None";"None";"None";"nan";"7.253074";"43.695885";"000KW"
"2025-42488";"2025-01-17";"1";"Vente";"186000.0";"3.0";"None";"RUE CLAUDIA";"1460";"06000";"06088";"Nice";"06";"None";"None";"06088000KW0263";"None";"None";"11";"28.76";"None";"nan";"None";"nan";"None";"None";"None";"None";"1";"2";"Appartement";"29.0";"1.0";"None";"None";"None";"None";"nan";"7.254793";"43.695153";"000KW"
"2025-42754";"2025-01-17";"1";"Vente";"326000.0";"18.0";"None";"RUE SAINT PHILIPPE";"5895";"06000";"06088";"Nice";"06";"None";"None";"06088000KW0244";"None";"None";"5";"71.53";"None";"nan";"None";"nan";"None";"None";"None";"None";"1";"2";"Appartement";"75.0";"3.0";"None";"None";"None";"None";"nan";"7.255348";"43.695515";"000KW"
"2025-42274";"2025-01-17";"1";"Vente";"350000.0";"7.0";"None";"RUE ALEXIS MOSSA";"0094";"06000";"06088";"Nice";"06";"None";"None";"06088000KW0192";"None";"None";"46";"nan";"95";"nan";"None";"nan";"None";"None";"None";"None";"2";"3";"Dépendance";"nan";"0.0";"None";"None";"None";"None";"nan";"7.253074";"43.695885";"000KW"
"2025-42274";"2025-01-17";"1";"Vente";"350000.0";"7.0";"None";"RUE ALEXIS MOSSA";"0094";"06000";"06088";"Nice";"06";"None";"None";"06088000KW0192";"None";"None";"46";"nan";"95";"nan";"None";"nan";"None";"None";"None";"None";"2";"3";"Dépendance";"nan";"0.0";"None";"None";"None";"None";"nan";"7.253074";"43.695885";"000KW"
"2025-43158";"2025-01-16";"1";"Vente";"373010.0";"18.0";"None";"RUE BOTTERO";"0925";"06000";"06088";"Nice";"06";"None";"None";"06088000KW0330";"None";"None";"17";"74.26";"None";"nan";"None";"nan";"None";"None";"None";"None";"1";"2";"Appartement";"65.0";"2.0";"None";"None";"None";"None";"nan";"7.253225";"43.69672";"000KW"
"2025-42411";"2025-01-15";"1";"Vente";"205000.0";"76.0";"None";"AV BAUMETTES OLIVIERS";"0662";"06000";"06088";"Nice";"06";"None";"None";"06088000KW0005";"None";"None";"291";"nan";"331";"nan";"None";"nan";"None";"None";"None";"None";"2";"2";"Appartement";"46.0";"2.0";"None";"None";"None";"None";"nan";"7.250071";"43.698297";"000KW"
"2025-42411";"2025-01-15";"1";"Vente";"205000.0";"76.0";"None";"AV BAUMETTES OLIVIERS";"0662";"06000";"06088";"Nice";"06";"None";"None";"06088000KW0005";"None";"None";"291";"nan";"331";"nan";"None";"nan";"None";"None";"None";"None";"2";"3";"Dépendance";"nan";"0.0";"None";"None";"None";"None";"nan";"7.250071";"43.698297";"000KW"
"2025-42380";"2025-01-14";"1";"Vente";"650000.0";"90.0";"None";"RUE DE FRANCE";"2595";"06000";"06088";"Nice";"06";"None";"None";"06088000KW0369";"None";"None";"1011";"nan";"1120";"85.32";"None";"nan";"None";"None";"None";"None";"2";"2";"Appartement";"83.0";"3.0";"None";"None";"None";"None";"nan";"7.252761";"43.694482";"000KW"
"2025-42984";"2025-01-14";"1";"Vente";"147250.0";"29.0";"None";"RUE DES POTIERS";"5225";"06000";"06088";"Nice";"06";"None";"None";"06088000KW0383";"None";"None";"2";"19.19";"None";"nan";"None";"nan";"None";"None";"None";"None";"1";"2";"Appartement";"28.0";"1.0";"None";"None";"None";"None";"nan";"7.252627";"43.695976";"000KW"
"2025-42380";"2025-01-14";"1";"Vente";"650000.0";"90.0";"None";"RUE DE FRANCE";"2595";"06000";"06088";"Nice";"06";"None";"None";"06088000KW0369";"None";"None";"1205";"nan";"None";"nan";"None";"nan";"None";"None";"None";"None";"1";"3";"Dépendance";"nan";"0.0";"None";"None";"None";"None";"nan";"7.252761";"43.694482";"000KW"
"2025-42380";"2025-01-14";"1";"Vente";"650000.0";"90.0";"None";"RUE DE FRANCE";"2595";"06000";"06088";"Nice";"06";"None";"None";"06088000KW0369";"None";"None";"1011";"nan";"1120";"85.32";"None";"nan";"None";"None";"None";"None";"2";"3";"Dépendance";"nan";"0.0";"None";"None";"None";"None";"nan";"7.252761";"43.694482";"000KW"
"2025-42420";"2025-01-10";"1";"Vente";"22500.0";"10.0";"None";"AV DES ORANGERS";"4590";"06000";"06088";"Nice";"06";"None";"None";"06088000KW0124";"None";"None";"32";"nan";"None";"nan";"None";"nan";"None";"None";"None";"None";"1";"3";"Dépendance";"nan";"0.0";"None";"None";"None";"None";"nan";"7.253552";"43.697329";"000KW"
"2025-42096";"2025-01-06";"1";"Vente";"154000.0";"76.0";"None";"AV BAUMETTES MIRAMAR";"0664";"06000";"06088";"Nice";"06";"None";"None";"06088000KW0005";"None";"None";"129";"nan";"202";"nan";"None";"nan";"None";"None";"None";"None";"2";"2";"Appartement";"26.0";"1.0";"None";"None";"None";"None";"nan";"7.250071";"43.698297";"000KW"
"2025-42096";"2025-01-06";"1";"Vente";"154000.0";"76.0";"None";"AV BAUMETTES MIRAMAR";"0664";"06000";"06088";"Nice";"06";"None";"None";"06088000KW0005";"None";"None";"129";"nan";"202";"nan";"None";"nan";"None";"None";"None";"None";"2";"3";"Dépendance";"nan";"0.0";"None";"None";"None";"None";"nan";"7.250071";"43.698297";"000KW"
"2024-54623";"2024-12-30";"1";"Vente";"244400.0";"76.0";"None";"AV BAUMETTES HORIZON";"0666";"06000";"06088";"Nice";"06";"None";"None";"06088000KW0005";"None";"None";"47";"nan";"95";"43.22";"None";"nan";"None";"None";"None";"None";"2";"2";"Appartement";"43.0";"1.0";"None";"None";"None";"None";"nan";"7.250071";"43.698297";"000KW"
"2024-54623";"2024-12-30";"1";"Vente";"244400.0";"76.0";"None";"AV BAUMETTES HORIZON";"0666";"06000";"06088";"Nice";"06";"None";"None";"06088000KW0005";"None";"None";"47";"nan";"95";"43.22";"None";"nan";"None";"None";"None";"None";"2";"3";"Dépendance";"nan";"0.0";"None";"None";"None";"None";"nan";"7.250071";"43.698297";"000KW"
"2024-54623";"2024-12-30";"1";"Vente";"244400.0";"76.0";"None";"AV BAUMETTES HORIZON";"0666";"06000";"06088";"Nice";"06";"None";"None";"06088000KW0005";"None";"None";"47";"nan";"95";"43.22";"None";"nan";"None";"None";"None";"None";"2";"3";"Dépendance";"nan";"0.0";"None";"None";"None";"None";"nan";"7.250071";"43.698297";"000KW"
"2024-54092";"2024-12-27";"1";"Vente";"41000.0";"22.0";"None";"RUE BOTTERO";"0925";"06000";"06088";"Nice";"06";"None";"None";"06088000KW0153";"None";"None";"24";"nan";"None";"nan";"None";"nan";"None";"None";"None";"None";"1";"3";"Dépendance";"nan";"0.0";"None";"None";"None";"None";"nan";"7.252797";"43.696798";"000KW"
"2024-54829";"2024-12-26";"1";"Vente";"329635.0";"18.0";"None";"RUE SAINT PHILIPPE";"5895";"06000";"06088";"Nice";"06";"None";"None";"06088000KW0244";"None";"None";"3";"71.23";"None";"nan";"None";"nan";"None";"None";"None";"None";"1";"2";"Appartement";"70.0";"3.0";"None";"None";"None";"None";"nan";"7.255348";"43.695515";"000KW"
"2024-54321";"2024-12-23";"1";"Vente";"160000.0";"1.0";"B";"RUE ANDRIOLI";"0230";"06000";"06088";"Nice";"06";"None";"None";"06088000KW0280";"None";"None";"85";"nan";"None";"nan";"None";"nan";"None";"None";"None";"None";"1";"2";"Appartement";"25.0";"1.0";"None";"None";"None";"None";"nan";"7.254013";"43.694098";"000KW"
"2024-54348";"2024-12-23";"1";"Vente";"936200.0";"3.0";"None";"RUE CLAUDIA";"1460";"06000";"06088";"Nice";"06";"None";"None";"06088000KW0263";"None";"None";"13";"nan";"None";"nan";"None";"nan";"None";"None";"None";"None";"1";"2";"Appartement";"123.0";"4.0";"None";"None";"None";"None";"nan";"7.254793";"43.695153";"000KW"
"2024-54615";"2024-12-23";"1";"Vente";"560000.0";"11.0";"B";"AV FLEURS";"2460";"06000";"06088";"Nice";"06";"None";"None";"06088000KW0125";"None";"None";"38";"nan";"98";"nan";"None";"nan";"None";"None";"None";"None";"2";"2";"Appartement";"100.0";"3.0";"None";"None";"None";"None";"nan";"7.253698";"43.697412";"000KW"
"2024-54321";"2024-12-23";"1";"Vente";"160000.0";"5.0";"None";"RUE ANDRIOLI";"0230";"06000";"06088";"Nice";"06";"None";"None";"06088000KW0278";"None";"None";"40";"nan";"None";"nan";"None";"nan";"None";"None";"None";"None";"1";"3";"Dépendance";"nan";"0.0";"None";"None";"None";"None";"nan";"7.254107";"43.694359";"000KW"
"2024-54321";"2024-12-23";"1";"Vente";"160000.0";"1.0";"B";"RUE ANDRIOLI";"0230";"06000";"06088";"Nice";"06";"None";"None";"06088000KW0280";"None";"None";"85";"nan";"None";"nan";"None";"nan";"None";"None";"None";"None";"1";"3";"Dépendance";"nan";"0.0";"None";"None";"None";"None";"nan";"7.254013";"43.694098";"000KW"
"2024-54615";"2024-12-23";"1";"Vente";"560000.0";"11.0";"B";"AV FLEURS";"2460";"06000";"06088";"Nice";"06";"None";"None";"06088000KW0125";"None";"None";"38";"nan";"98";"nan";"None";"nan";"None";"None";"None";"None";"2";"3";"Dépendance";"nan";"0.0";"None";"None";"None";"None";"nan";"7.253698";"43.697412";"000KW"
"2024-54142";"2024-12-20";"1";"Vente";"1296000.0";"90.0";"None";"RUE DE FRANCE";"2595";"06000";"06088";"Nice";"06";"None";"None";"06088000KW0369";"None";"None";"1139";"nan";"1156";"nan";"None";"nan";"None";"None";"None";"None";"2";"2";"Appartement";"94.0";"4.0";"None";"None";"None";"None";"nan";"7.252761";"43.694482";"000KW"
"2024-54565";"2024-12-20";"1";"Vente";"123500.0";"27.0";"None";"AV FLEURS";"2460";"06000";"06088";"Nice";"06";"None";"None";"06088000KW0108";"None";"None";"18";"nan";"None";"nan";"None";"nan";"None";"None";"None";"None";"1";"2";"Appartement";"20.0";"1.0";"None";"None";"None";"None";"nan";"7.251754";"43.697744";"000KW"
"2024-54142";"2024-12-20";"1";"Vente";"1296000.0";"90.0";"None";"RUE DE FRANCE";"2595";"06000";"06088";"Nice";"06";"None";"None";"06088000KW0369";"None";"None";"1139";"nan";"1156";"nan";"None";"nan";"None";"None";"None";"None";"2";"3";"Dépendance";"nan";"0.0";"None";"None";"None";"None";"nan";"7.252761";"43.694482";"000KW"
"2024-54142";"2024-12-20";"1";"Vente";"1296000.0";"90.0";"None";"RUE DE FRANCE";"2595";"06000";"06088";"Nice";"06";"None";"None";"06088000KW0369";"None";"None";"1195";"nan";"None";"nan";"None";"nan";"None";"None";"None";"None";"1";"3";"Dépendance";"nan";"0.0";"None";"None";"None";"None";"nan";"7.252761";"43.694482";"000KW"
"2024-54699";"2024-12-20";"1";"Vente";"60000.0";"76.0";"None";"AV BAUMETTES PANORAMIC";"0665";"06000";"06088";"Nice";"06";"None";"None";"06088000KW0005";"None";"None";"456";"nan";"None";"nan";"None";"nan";"None";"None";"None";"None";"1";"3";"Dépendance";"nan";"0.0";"None";"None";"None";"None";"nan";"7.250071";"43.698297";"000KW"
"2024-54699";"2024-12-20";"1";"Vente";"60000.0";"76.0";"None";"AV DES BAUMETTES";"0660";"06000";"06088";"Nice";"06";"None";"None";"06088000KW0005";"None";"None";"455";"nan";"None";"nan";"None";"nan";"None";"None";"None";"None";"1";"3";"Dépendance";"nan";"0.0";"None";"None";"None";"None";"nan";"7.250071";"43.698297";"000KW"
"2024-54629";"2024-12-19";"1";"Vente";"227100.0";"7.0";"None";"BD FRANCOIS GROSSO";"2630";"06000";"06088";"Nice";"06";"None";"None";"06088000KW0068";"None";"None";"38";"51.69";"None";"nan";"None";"nan";"None";"None";"None";"None";"1";"2";"Appartement";"50.0";"2.0";"None";"None";"None";"None";"nan";"7.251621";"43.69524";"000KW"
"2024-53748";"2024-12-19";"1";"Vente";"42000.0";"21.0";"None";"BD FRANCOIS GROSSO";"2630";"06000";"06088";"Nice";"06";"None";"None";"06088000KW0076";"None";"None";"270";"nan";"None";"nan";"None";"nan";"None";"None";"None";"None";"1";"3";"Dépendance";"nan";"0.0";"None";"None";"None";"None";"nan";"7.251171";"43.696065";"000KW"
"2024-54570";"2024-12-16";"1";"Vente";"400000.0";"5.0";"None";"RUE ANDRIOLI";"0230";"06000";"06088";"Nice";"06";"None";"None";"06088000KW0278";"None";"None";"209";"nan";"89";"nan";"None";"nan";"None";"None";"None";"None";"2";"2";"Appartement";"55.0";"3.0";"None";"None";"None";"None";"nan";"7.254107";"43.694359";"000KW"
"2024-54570";"2024-12-16";"1";"Vente";"400000.0";"5.0";"None";"RUE ANDRIOLI";"0230";"06000";"06088";"Nice";"06";"None";"None";"06088000KW0278";"None";"None";"209";"nan";"89";"nan";"None";"nan";"None";"None";"None";"None";"2";"3";"Dépendance";"nan";"0.0";"None";"None";"None";"None";"nan";"7.254107";"43.694359";"000KW"
"2024-54570";"2024-12-16";"1";"Vente";"400000.0";"5.0";"None";"RUE ANDRIOLI";"0230";"06000";"06088";"Nice";"06";"None";"None";"06088000KW0278";"None";"None";"209";"nan";"89";"nan";"None";"nan";"None";"None";"None";"None";"2";"3";"Dépendance";"nan";"0.0";"None";"None";"None";"None";"nan";"7.254107";"43.694359";"000KW"
"2024-54570";"2024-12-16";"1";"Vente";"400000.0";"5.0";"None";"RUE ANDRIOLI";"0230";"06000";"06088";"Nice";"06";"None";"None";"06088000KW0278";"None";"None";"56";"nan";"None";"nan";"None";"nan";"None";"None";"None";"None";"1";"3";"Dépendance";"nan";"0.0";"None";"None";"None";"None";"nan";"7.254107";"43.694359";"000KW"
"2024-53787";"2024-12-13";"1";"Vente";"41000.0";"5.0";"None";"RUE ANDRIOLI";"0230";"06000";"06088";"Nice";"06";"None";"None";"06088000KW0278";"None";"None";"4";"nan";"None";"nan";"None";"nan";"None";"None";"None";"None";"1";"3";"Dépendance";"nan";"0.0";"None";"None";"None";"None";"nan";"7.254107";"43.694359";"000KW"
"2024-53353";"2024-12-12";"1";"Vente";"922400.0";"42.0";"None";"AV DES BAUMETTES";"0660";"06000";"06088";"Nice";"06";"None";"None";"06088000KW0026";"None";"None";"2";"nan";"43";"97.33";"None";"nan";"None";"None";"None";"None";"2";"2";"Appartement";"95.0";"4.0";"None";"None";"None";"None";"nan";"7.248501";"43.695256";"000KW"
"2024-53795";"2024-12-12";"1";"Vente";"760000.0";"15.0";"None";"RUE DANTE";"1835";"06000";"06088";"Nice";"06";"None";"None";"06088000KW0300";"None";"None";"27";"80.71";"55";"nan";"None";"nan";"None";"None";"None";"None";"2";"2";"Appartement";"80.0";"3.0";"None";"None";"None";"None";"nan";"7.253574";"43.695318";"000KW"
"2024-53353";"2024-12-12";"1";"Vente";"922400.0";"42.0";"None";"AV DES BAUMETTES";"0660";"06000";"06088";"Nice";"06";"None";"None";"06088000KW0026";"None";"None";"2";"nan";"43";"97.33";"None";"nan";"None";"None";"None";"None";"2";"3";"Dépendance";"nan";"0.0";"None";"None";"None";"None";"nan";"7.248501";"43.695256";"000KW"
"2024-53353";"2024-12-12";"1";"Vente";"922400.0";"42.0";"None";"AV DES BAUMETTES";"0660";"06000";"06088";"Nice";"06";"None";"None";"06088000KW0026";"None";"None";"19";"nan";"None";"nan";"None";"nan";"None";"None";"None";"None";"1";"3";"Dépendance";"nan";"0.0";"None";"None";"None";"None";"nan";"7.248501";"43.695256";"000KW"
"2024-53353";"2024-12-12";"1";"Vente";"922400.0";"42.0";"None";"AV DES BAUMETTES";"0660";"06000";"06088";"Nice";"06";"None";"None";"06088000KW0026";"None";"None";"2";"nan";"43";"97.33";"None";"nan";"None";"None";"None";"None";"2";"3";"Dépendance";"nan";"0.0";"None";"None";"None";"None";"nan";"7.248501";"43.695256";"000KW"
"2024-53795";"2024-12-12";"1";"Vente";"760000.0";"15.0";"None";"RUE DANTE";"1835";"06000";"06088";"Nice";"06";"None";"None";"06088000KW0300";"None";"None";"27";"80.71";"55";"nan";"None";"nan";"None";"None";"None";"None";"2";"3";"Dépendance";"nan";"0.0";"None";"None";"None";"None";"nan";"7.253574";"43.695318";"000KW"
"2024-53795";"2024-12-12";"1";"Vente";"760000.0";"15.0";"None";"RUE DANTE";"1835";"06000";"06088";"Nice";"06";"None";"None";"06088000KW0300";"None";"None";"81";"nan";"None";"nan";"None";"nan";"None";"None";"None";"None";"1";"3";"Dépendance";"nan";"0.0";"None";"None";"None";"None";"nan";"7.253574";"43.695318";"000KW"
"2024-53181";"2024-12-10";"1";"Vente";"435000.0";"2.0";"None";"RUE ALEXIS MOSSA";"0094";"06000";"06088";"Nice";"06";"None";"None";"06088000KW0199";"None";"None";"44";"57.31";"None";"nan";"None";"nan";"None";"None";"None";"None";"1";"2";"Appartement";"66.0";"3.0";"None";"None";"None";"None";"nan";"7.253681";"43.696274";"000KW"
"2024-53181";"2024-12-10";"1";"Vente";"435000.0";"2.0";"None";"RUE ALEXIS MOSSA";"0094";"06000";"06088";"Nice";"06";"None";"None";"06088000KW0199";"None";"None";"44";"57.31";"None";"nan";"None";"nan";"None";"None";"None";"None";"1";"3";"Dépendance";"nan";"0.0";"None";"None";"None";"None";"nan";"7.253681";"43.696274";"000KW"
"2024-53398";"2024-12-06";"1";"Vente";"25000.0";"4.0";"B";"RUE SAINT PHILIPPE";"5895";"06000";"06088";"Nice";"06";"None";"None";"06088000KW0252";"None";"None";"32B";"nan";"None";"nan";"None";"nan";"None";"None";"None";"None";"1";"2";"Appartement";"11.0";"1.0";"None";"None";"None";"None";"nan";"7.255928";"43.694042";"000KW"
"2024-53507";"2024-12-05";"1";"Vente";"90000.0";"105.0";"None";"RUE DE FRANCE";"2595";"06000";"06088";"Nice";"06";"None";"None";"06088000KW0256";"None";"None";"16";"14.6";"None";"nan";"None";"nan";"None";"None";"None";"None";"1";"2";"Appartement";"15.0";"1.0";"None";"None";"None";"None";"nan";"7.254987";"43.694721";"000KW"
"2024-53649";"2024-12-05";"1";"Vente";"205000.0";"90.0";"None";"RUE DE FRANCE";"2595";"06000";"06088";"Nice";"06";"None";"None";"06088000KW0369";"None";"None";"1055";"nan";"None";"nan";"None";"nan";"None";"None";"None";"None";"1";"2";"Appartement";"36.0";"1.0";"None";"None";"None";"None";"nan";"7.252761";"43.694482";"000KW"
"2024-53337";"2024-12-03";"1";"Vente";"230000.0";"8.0";"None";"BD FRANCOIS GROSSO";"2630";"06000";"06088";"Nice";"06";"None";"None";"06088000KW0321";"None";"None";"26";"nan";"None";"nan";"None";"nan";"None";"None";"None";"None";"1";"2";"Appartement";"40.0";"2.0";"None";"None";"None";"None";"nan";"7.25226";"43.695046";"000KW"
"2024-53178";"2024-12-03";"1";"Vente";"40000.0";"28.0";"None";"BD FRANCOIS GROSSO";"2630";"06000";"06088";"Nice";"06";"None";"None";"06088000KW0362";"None";"None";"1084";"nan";"None";"nan";"None";"nan";"None";"None";"None";"None";"1";"3";"Dépendance";"nan";"0.0";"None";"None";"None";"None";"nan";"7.251748";"43.69738";"000KW"
"2024-53215";"2024-12-03";"1";"Vente";"45000.0";"20.0";"None";"AV CHATEAU DE LA TOUR";"1355";"06000";"06088";"Nice";"06";"None";"None";"06088000KW0544";"None";"None";"23";"nan";"None";"nan";"None";"nan";"None";"None";"None";"None";"1";"3";"Dépendance";"nan";"0.0";"None";"None";"None";"None";"nan";"7.249402";"43.696281";"000KW"
"2024-54005";"2024-12-02";"1";"Vente";"363000.0";"41.0";"None";"BD FRANCOIS GROSSO";"2630";"06000";"06088";"Nice";"06";"None";"None";"06088000KW0092";"None";"None";"17";"nan";"35";"60.7";"None";"nan";"None";"None";"None";"None";"2";"2";"Appartement";"61.0";"2.0";"None";"None";"None";"None";"nan";"7.251177";"43.696981";"000KW"
"2024-54005";"2024-12-02";"1";"Vente";"363000.0";"41.0";"None";"BD FRANCOIS GROSSO";"2630";"06000";"06088";"Nice";"06";"None";"None";"06088000KW0092";"None";"None";"17";"nan";"35";"60.7";"None";"nan";"None";"None";"None";"None";"2";"3";"Dépendance";"nan";"0.0";"None";"None";"None";"None";"nan";"7.251177";"43.696981";"000KW"
"2024-54005";"2024-12-02";"1";"Vente";"363000.0";"20.0";"None";"AV DES ORANGERS";"4590";"06000";"06088";"Nice";"06";"None";"None";"06088000KW0362";"None";"None";"703";"nan";"None";"nan";"None";"nan";"None";"None";"None";"None";"1";"3";"Dépendance";"nan";"0.0";"None";"None";"None";"None";"nan";"7.251748";"43.69738";"000KW"
"2024-52919";"2024-11-29";"1";"Vente";"142000.0";"8.0";"None";"RUE JOSEPH FRICERO";"3470";"06000";"06088";"Nice";"06";"None";"None";"06088000KW0585";"None";"None";"65";"26.4";"None";"nan";"None";"nan";"None";"None";"None";"None";"1";"2";"Appartement";"27.0";"2.0";"None";"None";"None";"None";"nan";"7.254344";"43.696029";"000KW"
"2024-53070";"2024-11-29";"1";"Vente";"68000.0";"12.0";"None";"RUE BOTTERO";"0925";"06000";"06088";"Nice";"06";"None";"None";"06088000KW0143";"None";"None";"2";"nan";"None";"nan";"None";"nan";"None";"None";"None";"None";"1";"2";"Appartement";"119.0";"4.0";"None";"None";"None";"None";"nan";"7.254062";"43.696768";"000KW"
"2024-53047";"2024-11-28";"1";"Vente";"190000.0";"66.0";"None";"AV DES BAUMETTES";"0660";"06000";"06088";"Nice";"06";"None";"None";"06088000KW0019";"None";"None";"134";"50.09";"80";"nan";"None";"nan";"None";"None";"None";"None";"2";"2";"Appartement";"63.0";"2.0";"None";"None";"None";"None";"nan";"7.248507";"43.696603";"000KW"
"2024-53633";"2024-11-28";"1";"Vente";"100000.0";"5.0";"None";"BD GAMBETTA";"2755";"06000";"06088";"Nice";"06";"None";"None";"06088000KW0446";"None";"None";"164";"16.04";"None";"nan";"None";"nan";"None";"None";"None";"None";"1";"2";"Appartement";"16.0";"1.0";"None";"None";"None";"None";"nan";"7.255854";"43.694672";"000KW"
"2024-52893";"2024-11-28";"1";"Vente";"53000.0";"10.0";"None";"RUE SAINT PHILIPPE";"5895";"06000";"06088";"Nice";"06";"None";"None";"06088000KW0446";"None";"None";"61";"nan";"None";"nan";"None";"nan";"None";"None";"None";"None";"1";"3";"Dépendance";"nan";"0.0";"None";"None";"None";"None";"nan";"7.255854";"43.694672";"000KW"
"2024-53047";"2024-11-28";"1";"Vente";"190000.0";"66.0";"None";"AV DES BAUMETTES";"0660";"06000";"06088";"Nice";"06";"None";"None";"06088000KW0019";"None";"None";"134";"50.09";"80";"nan";"None";"nan";"None";"None";"None";"None";"2";"3";"Dépendance";"nan";"0.0";"None";"None";"None";"None";"nan";"7.248507";"43.696603";"000KW"
"2024-54344";"2024-11-27";"1";"Vente";"375000.0";"9.0";"T";"AV FLEURS";"2460";"06000";"06088";"Nice";"06";"None";"None";"06088000KW0127";"None";"None";"56MR";"nan";"58MR";"nan";"None";"nan";"None";"None";"None";"None";"2";"2";"Appartement";"109.0";"4.0";"None";"None";"None";"None";"nan";"7.254233";"43.697353";"000KW"
"2024-53442";"2024-11-26";"1";"Vente";"199000.0";"2.0";"None";"AV DES ORANGERS";"4590";"06000";"06088";"Nice";"06";"None";"None";"06088000KW0132";"None";"None";"48";"36.11";"None";"nan";"None";"nan";"None";"None";"None";"None";"1";"2";"Appartement";"40.0";"1.0";"None";"None";"None";"None";"nan";"7.255031";"43.697279";"000KW"
"2024-54818";"2024-11-26";"1";"Vente";"600000.0";"5.0";"None";"RUE DANTE";"1835";"06000";"06088";"Nice";"06";"None";"None";"06088000KW0243";"None";"None";"4";"nan";"None";"nan";"None";"nan";"None";"None";"None";"None";"1";"4";"Local industriel. commercial ou assimilé";"41.0";"0.0";"None";"None";"None";"None";"nan";"7.255346";"43.695658";"000KW"
"2024-54818";"2024-11-26";"1";"Vente";"600000.0";"5.0";"None";"RUE DANTE";"1835";"06000";"06088";"Nice";"06";"None";"None";"06088000KW0243";"None";"None";"4";"nan";"None";"nan";"None";"nan";"None";"None";"None";"None";"1";"4";"Local industriel. commercial ou assimilé";"74.0";"0.0";"None";"None";"None";"None";"nan";"7.255346";"43.695658";"000KW"
"2024-52693";"2024-11-21";"1";"Vente";"478000.0";"14.0";"None";"RUE BOTTERO";"0925";"06000";"06088";"Nice";"06";"None";"None";"06088000KW0147";"None";"None";"25";"nan";"5";"69.79";"None";"nan";"None";"None";"None";"None";"2";"2";"Appartement";"70.0";"3.0";"None";"None";"None";"None";"nan";"7.253644";"43.696767";"000KW"
"2024-53546";"2024-11-21";"1";"Vente";"355000.0";"30.0";"None";"AV DES BAUMETTES";"0660";"06000";"06088";"Nice";"06";"None";"None";"06088000KW0055";"None";"None";"13";"nan";"6";"nan";"None";"nan";"None";"None";"None";"None";"2";"2";"Appartement";"55.0";"3.0";"None";"None";"None";"None";"nan";"7.250141";"43.694709";"000KW"
"2024-52693";"2024-11-21";"1";"Vente";"478000.0";"14.0";"None";"RUE BOTTERO";"0925";"06000";"06088";"Nice";"06";"None";"None";"06088000KW0147";"None";"None";"25";"nan";"5";"69.79";"None";"nan";"None";"None";"None";"None";"2";"3";"Dépendance";"nan";"0.0";"None";"None";"None";"None";"nan";"7.253644";"43.696767";"000KW"
"2024-53546";"2024-11-21";"1";"Vente";"355000.0";"30.0";"None";"AV DES BAUMETTES";"0660";"06000";"06088";"Nice";"06";"None";"None";"06088000KW0055";"None";"None";"13";"nan";"6";"nan";"None";"nan";"None";"None";"None";"None";"2";"3";"Dépendance";"nan";"0.0";"None";"None";"None";"None";"nan";"7.250141";"43.694709";"000KW"
"2024-53270";"2024-11-19";"1";"Vente";"155000.0";"5.0";"None";"RUE ANDRIOLI";"0230";"06000";"06088";"Nice";"06";"None";"None";"06088000KW0278";"None";"None";"163";"23.85";"None";"nan";"None";"nan";"None";"None";"None";"None";"1";"2";"Appartement";"24.0";"1.0";"None";"None";"None";"None";"nan";"7.254107";"43.694359";"000KW"
"2024-52506";"2024-11-18";"1";"Vente";"495000.0";"18.0";"None";"AV DES ORANGERS";"4590";"06000";"06088";"Nice";"06";"None";"None";"06088000KW0119";"None";"None";"27";"nan";"6";"nan";"None";"nan";"None";"None";"None";"None";"2";"2";"Appartement";"110.0";"4.0";"None";"None";"None";"None";"nan";"7.25258";"43.69729";"000KW"
"2024-52256";"2024-11-15";"1";"Vente";"257000.0";"12.0";"None";"RUE JOSEPH FRICERO";"3470";"06000";"06088";"Nice";"06";"None";"None";"06088000KW0216";"None";"None";"3";"48.09";"None";"nan";"None";"nan";"None";"None";"None";"None";"1";"2";"Appartement";"44.0";"3.0";"None";"None";"None";"None";"nan";"7.254264";"43.696251";"000KW"
"2024-52670";"2024-11-15";"1";"Vente";"414600.0";"6.0";"None";"RUE BOTTERO";"0925";"06000";"06088";"Nice";"06";"None";"None";"06088000KW0141";"None";"None";"105";"nan";"127";"nan";"None";"nan";"None";"None";"None";"None";"2";"2";"Appartement";"82.0";"3.0";"None";"None";"None";"None";"nan";"7.255299";"43.696854";"000KW"
"2024-52868";"2024-11-15";"1";"Vente";"230000.0";"18.0";"None";"RUE SAINT PHILIPPE";"5895";"06000";"06088";"Nice";"06";"None";"None";"06088000KW0244";"None";"None";"5";"nan";"None";"nan";"None";"nan";"None";"None";"None";"None";"1";"2";"Appartement";"75.0";"3.0";"None";"None";"None";"None";"nan";"7.255348";"43.695515";"000KW"
"2024-52670";"2024-11-15";"1";"Vente";"414600.0";"6.0";"None";"RUE BOTTERO";"0925";"06000";"06088";"Nice";"06";"None";"None";"06088000KW0141";"None";"None";"105";"nan";"127";"nan";"None";"nan";"None";"None";"None";"None";"2";"3";"Dépendance";"nan";"0.0";"None";"None";"None";"None";"nan";"7.255299";"43.696854";"000KW"
"2024-52897";"2024-11-12";"1";"Vente";"612077.0";"3.0";"None";"BD GAMBETTA";"2755";"06000";"06088";"Nice";"06";"None";"None";"06088000KW0252";"None";"None";"15D";"nan";"None";"nan";"None";"nan";"None";"None";"None";"None";"1";"2";"Appartement";"105.0";"4.0";"None";"None";"None";"None";"nan";"7.255928";"43.694042";"000KW"
"2024-52374";"2024-11-08";"1";"Vente";"205000.0";"11.0";"None";"RUE ANDRIOLI";"0230";"06000";"06088";"Nice";"06";"None";"None";"06088000KW0575";"None";"None";"33";"nan";"None";"nan";"None";"nan";"None";"None";"None";"None";"1";"2";"Appartement";"37.0";"2.0";"None";"None";"None";"None";"nan";"7.253888";"43.695227";"000KW"
"2024-52455";"2024-11-08";"1";"Vente";"910000.0";"90.0";"None";"RUE DE FRANCE";"2595";"06000";"06088";"Nice";"06";"None";"None";"06088000KW0369";"None";"None";"1139";"nan";"1156";"nan";"None";"nan";"None";"None";"None";"None";"2";"2";"Appartement";"94.0";"4.0";"None";"None";"None";"None";"nan";"7.252761";"43.694482";"000KW"
"2024-52455";"2024-11-08";"1";"Vente";"910000.0";"90.0";"None";"RUE DE FRANCE";"2595";"06000";"06088";"Nice";"06";"None";"None";"06088000KW0369";"None";"None";"1195";"nan";"None";"nan";"None";"nan";"None";"None";"None";"None";"1";"3";"Dépendance";"nan";"0.0";"None";"None";"None";"None";"nan";"7.252761";"43.694482";"000KW"
"2024-52455";"2024-11-08";"1";"Vente";"910000.0";"90.0";"None";"RUE DE FRANCE";"2595";"06000";"06088";"Nice";"06";"None";"None";"06088000KW0369";"None";"None";"1139";"nan";"1156";"nan";"None";"nan";"None";"None";"None";"None";"2";"3";"Dépendance";"nan";"0.0";"None";"None";"None";"None";"nan";"7.252761";"43.694482";"000KW"
"2024-52166";"2024-11-06";"1";"Vente";"200000.0";"76.0";"None";"AV BAUMETTES HORIZON";"0666";"06000";"06088";"Nice";"06";"None";"None";"06088000KW0005";"None";"None";"23";"nan";"88";"nan";"None";"nan";"None";"None";"None";"None";"2";"2";"Appartement";"37.0";"1.0";"None";"None";"None";"None";"nan";"7.250071";"43.698297";"000KW"
"2024-51965";"2024-11-06";"1";"Vente";"55000.0";"7.0";"None";"AV FLEURS";"2460";"06000";"06088";"Nice";"06";"None";"None";"06088000KW0130";"None";"None";"32";"nan";"None";"nan";"None";"nan";"None";"None";"None";"None";"1";"3";"Dépendance";"nan";"0.0";"None";"None";"None";"None";"nan";"7.254675";"43.697427";"000KW"
"2024-52166";"2024-11-06";"1";"Vente";"200000.0";"76.0";"None";"AV BAUMETTES HORIZON";"0666";"06000";"06088";"Nice";"06";"None";"None";"06088000KW0005";"None";"None";"23";"nan";"88";"nan";"None";"nan";"None";"None";"None";"None";"2";"3";"Dépendance";"nan";"0.0";"None";"None";"None";"None";"nan";"7.250071";"43.698297";"000KW"
"2024-52232";"2024-11-06";"1";"Vente";"45000.0";"22.0";"None";"RUE BOTTERO";"0925";"06000";"06088";"Nice";"06";"None";"None";"06088000KW0153";"None";"None";"25";"nan";"None";"nan";"None";"nan";"None";"None";"None";"None";"1";"3";"Dépendance";"nan";"0.0";"None";"None";"None";"None";"nan";"7.252797";"43.696798";"000KW"
"2024-52112";"2024-11-05";"1";"Vente";"118000.0";"4.0";"None";"BD FRANCOIS GROSSO";"2630";"06000";"06088";"Nice";"06";"None";"None";"06088000KW0318";"None";"None";"69";"19.16";"None";"nan";"None";"nan";"None";"None";"None";"None";"1";"2";"Appartement";"20.0";"1.0";"None";"None";"None";"None";"nan";"7.252322";"43.694771";"000KW"
"2024-51948";"2024-11-05";"1";"Vente";"15000.0";"12.0";"None";"AV DES BAUMETTES";"0660";"06000";"06088";"Nice";"06";"None";"None";"06088000KW0070";"None";"None";"12";"nan";"None";"nan";"None";"nan";"None";"None";"None";"None";"1";"3";"Dépendance";"nan";"0.0";"None";"None";"None";"None";"nan";"7.250942";"43.695302";"000KW"
"2024-52228";"2024-11-05";"1";"Vente";"15000.0";"12.0";"None";"AV DES BAUMETTES";"0660";"06000";"06088";"Nice";"06";"None";"None";"06088000KW0070";"None";"None";"8";"nan";"None";"nan";"None";"nan";"None";"None";"None";"None";"1";"3";"Dépendance";"nan";"0.0";"None";"None";"None";"None";"nan";"7.250942";"43.695302";"000KW"
"2024-52218";"2024-11-04";"1";"Vente";"644650.0";"11.0";"None";"BD GAMBETTA";"2755";"06000";"06088";"Nice";"06";"None";"None";"06088000KW0249";"None";"None";"30";"nan";"62";"nan";"None";"nan";"None";"None";"None";"None";"2";"2";"Appartement";"96.0";"4.0";"None";"None";"None";"None";"nan";"7.255965";"43.694979";"000KW"
"2024-52210";"2024-11-04";"1";"Vente";"60000.0";"10.0";"None";"RUE SAINT PHILIPPE";"5895";"06000";"06088";"Nice";"06";"None";"None";"06088000KW0446";"None";"None";"68";"nan";"None";"nan";"None";"nan";"None";"None";"None";"None";"1";"3";"Dépendance";"nan";"0.0";"None";"None";"None";"None";"nan";"7.255854";"43.694672";"000KW"
"2024-52218";"2024-11-04";"1";"Vente";"644650.0";"11.0";"None";"BD GAMBETTA";"2755";"06000";"06088";"Nice";"06";"None";"None";"06088000KW0249";"None";"None";"30";"nan";"62";"nan";"None";"nan";"None";"None";"None";"None";"2";"3";"Dépendance";"nan";"0.0";"None";"None";"None";"None";"nan";"7.255965";"43.694979";"000KW"
"2024-51854";"2024-10-30";"1";"Vente";"128000.0";"9.0";"None";"AV DES ORANGERS";"4590";"06000";"06088";"Nice";"06";"None";"None";"06088000KW0144";"None";"None";"32";"23.27";"63";"nan";"None";"nan";"None";"None";"None";"None";"2";"2";"Appartement";"23.0";"1.0";"None";"None";"None";"None";"nan";"7.254202";"43.696919";"000KW"
"2024-51891";"2024-10-30";"1";"Vente";"150000.0";"55.0";"None";"BD FRANCOIS GROSSO";"2630";"06000";"06088";"Nice";"06";"None";"None";"06088000KW0103";"None";"None";"45";"nan";"None";"nan";"None";"nan";"None";"None";"None";"None";"1";"2";"Appartement";"40.0";"1.0";"None";"None";"None";"None";"nan";"7.251033";"43.69772";"000KW"
"2024-51891";"2024-10-30";"1";"Vente";"150000.0";"55.0";"None";"BD FRANCOIS GROSSO";"2630";"06000";"06088";"Nice";"06";"None";"None";"06088000KW0103";"None";"None";"45";"nan";"None";"nan";"None";"nan";"None";"None";"None";"None";"1";"3";"Dépendance";"nan";"0.0";"None";"None";"None";"None";"nan";"7.251033";"43.69772";"000KW"
"2024-51887";"2024-10-29";"1";"Vente";"315000.0";"68.0";"None";"RUE DE FRANCE";"2595";"06000";"06088";"Nice";"06";"None";"None";"06088000KW0246";"None";"None";"19";"nan";"None";"nan";"None";"nan";"None";"None";"None";"None";"1";"2";"Appartement";"71.0";"3.0";"None";"None";"None";"None";"nan";"7.255434";"43.695279";"000KW"
"2024-51980";"2024-10-29";"1";"Vente";"150000.0";"12.0";"None";"AV DES BAUMETTES";"0660";"06000";"06088";"Nice";"06";"None";"None";"06088000KW0070";"None";"None";"17";"nan";"None";"nan";"None";"nan";"None";"None";"None";"None";"1";"2";"Appartement";"50.0";"2.0";"None";"None";"None";"None";"nan";"7.250942";"43.695302";"000KW"
"2024-51848";"2024-10-28";"1";"Vente";"295000.0";"45.0";"None";"BD FRANCOIS GROSSO";"2630";"06000";"06088";"Nice";"06";"None";"None";"06088000KW0432";"None";"None";"45";"nan";"63";"67.16";"None";"nan";"None";"None";"None";"None";"2";"2";"Appartement";"68.0";"3.0";"None";"None";"None";"None";"nan";"7.250955";"43.697141";"000KW"
"2024-52101";"2024-10-28";"1";"Vente";"206000.0";"15.0";"None";"RUE ALEXIS MOSSA";"0094";"06000";"06088";"Nice";"06";"None";"None";"06088000KW0183";"None";"None";"10";"nan";"None";"nan";"None";"nan";"None";"None";"None";"None";"1";"2";"Appartement";"40.0";"2.0";"None";"None";"None";"None";"nan";"7.252412";"43.695896";"000KW"
"2024-52514";"2024-10-28";"1";"Vente";"285000.0";"45.0";"None";"RUE DES POTIERS";"5225";"06000";"06088";"Nice";"06";"None";"None";"06088000KW0434";"None";"None";"46";"nan";"64";"nan";"None";"nan";"None";"None";"None";"None";"2";"2";"Appartement";"49.0";"2.0";"None";"None";"None";"None";"nan";"7.25216";"43.697366";"000KW"
"2024-51848";"2024-10-28";"1";"Vente";"295000.0";"45.0";"None";"BD FRANCOIS GROSSO";"2630";"06000";"06088";"Nice";"06";"None";"None";"06088000KW0432";"None";"None";"45";"nan";"63";"67.16";"None";"nan";"None";"None";"None";"None";"2";"3";"Dépendance";"nan";"0.0";"None";"None";"None";"None";"nan";"7.250955";"43.697141";"000KW"
"2024-52514";"2024-10-28";"1";"Vente";"285000.0";"45.0";"None";"RUE DES POTIERS";"5225";"06000";"06088";"Nice";"06";"None";"None";"06088000KW0434";"None";"None";"111";"nan";"None";"nan";"None";"nan";"None";"None";"None";"None";"1";"3";"Dépendance";"nan";"0.0";"None";"None";"None";"None";"nan";"7.25216";"43.697366";"000KW"
"2024-52514";"2024-10-28";"1";"Vente";"285000.0";"45.0";"None";"RUE DES POTIERS";"5225";"06000";"06088";"Nice";"06";"None";"None";"06088000KW0434";"None";"None";"46";"nan";"64";"nan";"None";"nan";"None";"None";"None";"None";"2";"3";"Dépendance";"nan";"0.0";"None";"None";"None";"None";"nan";"7.25216";"43.697366";"000KW"
"2024-51923";"2024-10-25";"1";"Vente";"231000.0";"15.0";"None";"RUE ANDRIOLI";"0230";"06000";"06088";"Nice";"06";"None";"None";"06088000KW0198";"None";"None";"14A";"nan";"54A";"24.51";"None";"nan";"None";"None";"None";"None";"2";"2";"Appartement";"25.0";"1.0";"None";"None";"None";"None";"nan";"7.253622";"43.695971";"000KW"
"2024-51923";"2024-10-25";"1";"Vente";"231000.0";"15.0";"None";"RUE ANDRIOLI";"0230";"06000";"06088";"Nice";"06";"None";"None";"06088000KW0198";"None";"None";"14A";"nan";"54A";"24.51";"None";"nan";"None";"None";"None";"None";"2";"3";"Dépendance";"nan";"0.0";"None";"None";"None";"None";"nan";"7.253622";"43.695971";"000KW"
"2024-51923";"2024-10-25";"1";"Vente";"231000.0";"15.0";"None";"RUE ANDRIOLI";"0230";"06000";"06088";"Nice";"06";"None";"None";"06088000KW0198";"None";"None";"14A";"nan";"54A";"24.51";"None";"nan";"None";"None";"None";"None";"2";"3";"Dépendance";"nan";"0.0";"None";"None";"None";"None";"nan";"7.253622";"43.695971";"000KW"
"2024-51727";"2024-10-24";"1";"Vente";"90000.0";"27.0";"None";"BD GAMBETTA";"2755";"06000";"06088";"Nice";"06";"None";"None";"06088000KW0234";"None";"None";"34";"nan";"None";"nan";"None";"nan";"None";"None";"None";"None";"1";"2";"Appartement";"11.0";"1.0";"None";"None";"None";"None";"nan";"7.255942";"43.69657";"000KW"
"2024-52182";"2024-10-23";"1";"Vente";"859000.0";"111.0";"None";"RUE DE FRANCE";"2595";"06000";"06088";"Nice";"06";"None";"None";"06088000KW0519";"None";"None";"11";"nan";"None";"nan";"None";"nan";"None";"None";"None";"None";"1";"3";"Dépendance";"nan";"0.0";"None";"None";"None";"None";"nan";"7.253533";"43.694288";"000KW"
"2024-52182";"2024-10-23";"1";"Vente";"859000.0";"111.0";"None";"RUE DE FRANCE";"2595";"06000";"06088";"Nice";"06";"None";"None";"06088000KW0519";"None";"None";"21";"nan";"None";"nan";"None";"nan";"None";"None";"None";"None";"1";"4";"Local industriel. commercial ou assimilé";"140.0";"0.0";"None";"None";"None";"None";"nan";"7.253533";"43.694288";"000KW"
"2024-51544";"2024-10-21";"1";"Vente";"200000.0";"1.0";"B";"RUE ANDRIOLI";"0230";"06000";"06088";"Nice";"06";"None";"None";"06088000KW0280";"None";"None";"65";"30.03";"None";"nan";"None";"nan";"None";"None";"None";"None";"1";"2";"Appartement";"30.0";"1.0";"None";"None";"None";"None";"nan";"7.254013";"43.694098";"000KW"
"2024-51544";"2024-10-21";"1";"Vente";"200000.0";"1.0";"B";"RUE ANDRIOLI";"0230";"06000";"06088";"Nice";"06";"None";"None";"06088000KW0280";"None";"None";"65";"30.03";"None";"nan";"None";"nan";"None";"None";"None";"None";"1";"3";"Dépendance";"nan";"0.0";"None";"None";"None";"None";"nan";"7.254013";"43.694098";"000KW"
"2024-51378";"2024-10-15";"1";"Vente";"590000.0";"6.0";"None";"RUE BOTTERO";"0925";"06000";"06088";"Nice";"06";"None";"None";"06088000KW0141";"None";"None";"128";"92.15";"None";"nan";"None";"nan";"None";"None";"None";"None";"1";"2";"Appartement";"82.0";"4.0";"None";"None";"None";"None";"nan";"7.255299";"43.696854";"000KW"
"2024-51378";"2024-10-15";"1";"Vente";"590000.0";"6.0";"None";"RUE BOTTERO";"0925";"06000";"06088";"Nice";"06";"None";"None";"06088000KW0141";"None";"None";"128";"92.15";"None";"nan";"None";"nan";"None";"None";"None";"None";"1";"3";"Dépendance";"nan";"0.0";"None";"None";"None";"None";"nan";"7.255299";"43.696854";"000KW"
"2024-51651";"2024-10-14";"1";"Vente";"48000.0";"23.0";"None";"AV FLEURS";"2460";"06000";"06088";"Nice";"06";"None";"None";"06088000KW0367";"None";"None";"7";"nan";"None";"nan";"None";"nan";"None";"None";"None";"None";"1";"3";"Dépendance";"nan";"0.0";"None";"None";"None";"None";"nan";"7.252283";"43.697823";"000KW"
"2024-50982";"2024-10-11";"1";"Vente";"177000.0";"11.0";"B";"AV FLEURS";"2460";"06000";"06088";"Nice";"06";"None";"None";"06088000KW0125";"None";"None";"41";"nan";"73";"30.41";"None";"nan";"None";"None";"None";"None";"2";"2";"Appartement";"28.0";"1.0";"None";"None";"None";"None";"nan";"7.253698";"43.697412";"000KW"
"2024-50982";"2024-10-11";"1";"Vente";"177000.0";"11.0";"B";"AV FLEURS";"2460";"06000";"06088";"Nice";"06";"None";"None";"06088000KW0125";"None";"None";"41";"nan";"73";"30.41";"None";"nan";"None";"None";"None";"None";"2";"3";"Dépendance";"nan";"0.0";"None";"None";"None";"None";"nan";"7.253698";"43.697412";"000KW"
"2024-50735";"2024-10-10";"1";"Vente";"230000.0";"76.0";"None";"AV BAUMETTES OLIVIERS";"0662";"06000";"06088";"Nice";"06";"None";"None";"06088000KW0005";"None";"None";"252";"nan";"329";"nan";"None";"nan";"None";"None";"None";"None";"2";"2";"Appartement";"66.0";"3.0";"None";"None";"None";"None";"nan";"7.250071";"43.698297";"000KW"
"2024-50735";"2024-10-10";"1";"Vente";"230000.0";"76.0";"None";"AV BAUMETTES OLIVIERS";"0662";"06000";"06088";"Nice";"06";"None";"None";"06088000KW0005";"None";"None";"252";"nan";"329";"nan";"None";"nan";"None";"None";"None";"None";"2";"3";"Dépendance";"nan";"0.0";"None";"None";"None";"None";"nan";"7.250071";"43.698297";"000KW"
"2024-51060";"2024-10-09";"1";"Vente";"235000.0";"17.0";"None";"AV FLEURS";"2460";"06000";"06088";"Nice";"06";"None";"None";"06088000KW0123";"None";"None";"81";"nan";"None";"nan";"None";"nan";"None";"None";"None";"None";"1";"2";"Appartement";"41.0";"2.0";"None";"None";"None";"None";"nan";"7.253164";"43.697428";"000KW"
"2024-51051";"2024-10-09";"1";"Vente";"36000.0";"18.0";"None";"RUE DES POTIERS";"5225";"06000";"06088";"Nice";"06";"None";"None";"06088000KW0310";"None";"None";"35";"nan";"85";"nan";"None";"nan";"None";"None";"None";"None";"2";"2";"Appartement";"25.0";"1.0";"None";"None";"None";"None";"nan";"7.253089";"43.695172";"000KW"
"2024-51051";"2024-10-09";"1";"Vente";"36000.0";"18.0";"None";"RUE DES POTIERS";"5225";"06000";"06088";"Nice";"06";"None";"None";"06088000KW0310";"None";"None";"35";"nan";"85";"nan";"None";"nan";"None";"None";"None";"None";"2";"3";"Dépendance";"nan";"0.0";"None";"None";"None";"None";"nan";"7.253089";"43.695172";"000KW"
"2024-50896";"2024-10-08";"1";"Vente";"390000.0";"12.0";"None";"RUE BOTTERO";"0925";"06000";"06088";"Nice";"06";"None";"None";"06088000KW0143";"None";"None";"11";"nan";"None";"nan";"None";"nan";"None";"None";"None";"None";"1";"2";"Appartement";"119.0";"4.0";"None";"None";"None";"None";"nan";"7.254062";"43.696768";"000KW"
"2024-50864";"2024-10-07";"1";"Vente";"195000.0";"27.0";"None";"BD GAMBETTA";"2755";"06000";"06088";"Nice";"06";"None";"None";"06088000KW0234";"None";"None";"18";"nan";"None";"nan";"None";"nan";"None";"None";"None";"None";"1";"2";"Appartement";"46.0";"2.0";"None";"None";"None";"None";"nan";"7.255942";"43.69657";"000KW"
"2024-50914";"2024-10-04";"1";"Vente";"117000.0";"10.0";"None";"AV DES ORANGERS";"4590";"06000";"06088";"Nice";"06";"None";"None";"06088000KW0124";"None";"None";"58";"19.12";"None";"nan";"None";"nan";"None";"None";"None";"None";"1";"2";"Appartement";"20.0";"1.0";"None";"None";"None";"None";"nan";"7.253552";"43.697329";"000KW"
"2024-50578";"2024-10-03";"1";"Vente";"235000.0";"17.0";"None";"AV DES ORANGERS";"4590";"06000";"06088";"Nice";"06";"None";"None";"06088000KW0152";"None";"None";"2";"nan";"None";"nan";"None";"nan";"None";"None";"None";"None";"1";"2";"Appartement";"37.0";"1.0";"None";"None";"None";"None";"nan";"7.253076";"43.696901";"000KW"
"2024-50570";"2024-10-01";"1";"Vente";"115100.0";"6.0";"None";"RUE BOTTERO";"0925";"06000";"06088";"Nice";"06";"None";"None";"06088000KW0141";"None";"None";"101";"nan";"None";"nan";"None";"nan";"None";"None";"None";"None";"1";"2";"Appartement";"20.0";"1.0";"None";"None";"None";"None";"nan";"7.255299";"43.696854";"000KW"
"2024-50695";"2024-10-01";"1";"Vente";"182000.0";"15.0";"None";"RUE SAINT PHILIPPE";"5895";"06000";"06088";"Nice";"06";"None";"None";"06088000KW0265";"None";"None";"24";"23.07";"None";"nan";"None";"nan";"None";"None";"None";"None";"1";"2";"Appartement";"24.0";"1.0";"None";"None";"None";"None";"nan";"7.254956";"43.695463";"000KW"
"2024-50573";"2024-09-30";"1";"Vente";"445000.0";"19.0";"None";"AV DES ORANGERS";"4590";"06000";"06088";"Nice";"06";"None";"None";"06088000KW0153";"None";"None";"115";"nan";"218";"nan";"None";"nan";"None";"None";"None";"None";"2";"2";"Appartement";"57.0";"1.0";"None";"None";"None";"None";"nan";"7.252797";"43.696798";"000KW"
"2024-50573";"2024-09-30";"1";"Vente";"445000.0";"19.0";"None";"AV DES ORANGERS";"4590";"06000";"06088";"Nice";"06";"None";"None";"06088000KW0153";"None";"None";"115";"nan";"218";"nan";"None";"nan";"None";"None";"None";"None";"2";"3";"Dépendance";"nan";"0.0";"None";"None";"None";"None";"nan";"7.252797";"43.696798";"000KW"
"2024-50873";"2024-09-27";"1";"Vente";"145000.0";"18.0";"None";"RUE DES POTIERS";"5225";"06000";"06088";"Nice";"06";"None";"None";"06088000KW0310";"None";"None";"2";"nan";"56";"nan";"None";"nan";"None";"None";"None";"None";"2";"2";"Appartement";"26.0";"1.0";"None";"None";"None";"None";"nan";"7.253089";"43.695172";"000KW"
"2024-50873";"2024-09-27";"1";"Vente";"145000.0";"18.0";"None";"RUE DES POTIERS";"5225";"06000";"06088";"Nice";"06";"None";"None";"06088000KW0310";"None";"None";"2";"nan";"56";"nan";"None";"nan";"None";"None";"None";"None";"2";"3";"Dépendance";"nan";"0.0";"None";"None";"None";"None";"nan";"7.253089";"43.695172";"000KW"
"2024-51064";"2024-09-26";"1";"Vente";"270000.0";"76.0";"None";"AV BAUMETTES HORIZON";"0666";"06000";"06088";"Nice";"06";"None";"None";"06088000KW0005";"None";"None";"2";"nan";"80";"nan";"None";"nan";"None";"None";"None";"None";"2";"2";"Appartement";"35.0";"1.0";"None";"None";"None";"None";"nan";"7.250071";"43.698297";"000KW"
"2024-51064";"2024-09-26";"1";"Vente";"270000.0";"76.0";"None";"AV BAUMETTES HORIZON";"0666";"06000";"06088";"Nice";"06";"None";"None";"06088000KW0005";"None";"None";"2";"nan";"80";"nan";"None";"nan";"None";"None";"None";"None";"2";"3";"Dépendance";"nan";"0.0";"None";"None";"None";"None";"nan";"7.250071";"43.698297";"000KW"
"2024-50234";"2024-09-23";"1";"Vente";"339000.0";"21.0";"None";"BD FRANCOIS GROSSO";"2630";"06000";"06088";"Nice";"06";"None";"None";"06088000KW0076";"None";"None";"1";"74.12";"133";"nan";"None";"nan";"None";"None";"None";"None";"2";"2";"Appartement";"74.0";"3.0";"None";"None";"None";"None";"nan";"7.251171";"43.696065";"000KW"
"2024-51020";"2024-09-23";"1";"Vente";"385000.0";"66.0";"None";"AV DES BAUMETTES";"0660";"06000";"06088";"Nice";"06";"None";"None";"06088000KW0019";"None";"None";"171";"nan";"185";"94.01";"None";"nan";"None";"None";"None";"None";"2";"2";"Appartement";"99.0";"3.0";"None";"None";"None";"None";"nan";"7.248507";"43.696603";"000KW"
"2024-50199";"2024-09-23";"1";"Vente";"32000.0";"17.0";"None";"AV FLEURS";"2460";"06000";"06088";"Nice";"06";"None";"None";"06088000KW0123";"None";"None";"95";"nan";"None";"nan";"None";"nan";"None";"None";"None";"None";"1";"3";"Dépendance";"nan";"0.0";"None";"None";"None";"None";"nan";"7.253164";"43.697428";"000KW"
"2024-50234";"2024-09-23";"1";"Vente";"339000.0";"21.0";"None";"BD FRANCOIS GROSSO";"2630";"06000";"06088";"Nice";"06";"None";"None";"06088000KW0076";"None";"None";"1";"74.12";"133";"nan";"None";"nan";"None";"None";"None";"None";"2";"3";"Dépendance";"nan";"0.0";"None";"None";"None";"None";"nan";"7.251171";"43.696065";"000KW"
"2024-51020";"2024-09-23";"1";"Vente";"385000.0";"66.0";"None";"AV DES BAUMETTES";"0660";"06000";"06088";"Nice";"06";"None";"None";"06088000KW0019";"None";"None";"171";"nan";"185";"94.01";"None";"nan";"None";"None";"None";"None";"2";"3";"Dépendance";"nan";"0.0";"None";"None";"None";"None";"nan";"7.248507";"43.696603";"000KW"
"2024-50632";"2024-09-20";"1";"Vente";"130000.0";"6.0";"None";"RUE ALEXIS MOSSA";"0094";"06000";"06088";"Nice";"06";"None";"None";"06088000KW0201";"None";"None";"48";"nan";"None";"nan";"None";"nan";"None";"None";"None";"None";"1";"2";"Appartement";"27.0";"1.0";"None";"None";"None";"None";"nan";"7.253236";"43.696235";"000KW"
"2024-50681";"2024-09-20";"1";"Vente";"183000.0";"27.0";"None";"BD GAMBETTA";"2755";"06000";"06088";"Nice";"06";"None";"None";"06088000KW0234";"None";"None";"36";"nan";"37";"nan";"None";"nan";"None";"None";"None";"None";"2";"2";"Appartement";"35.0";"1.0";"None";"None";"None";"None";"nan";"7.255942";"43.69657";"000KW"
"2024-50334";"2024-09-20";"1";"Vente";"60000.0";"1.0";"None";"AV MARIE CHRISTINE";"4055";"06000";"06088";"Nice";"06";"None";"None";"06088000KW0038";"None";"None";"8";"nan";"None";"nan";"None";"nan";"None";"None";"None";"None";"1";"3";"Dépendance";"nan";"0.0";"None";"None";"None";"None";"nan";"7.249452";"43.694837";"000KW"
"2024-50918";"2024-09-20";"1";"Vente";"53500.0";"76.0";"None";"AV BAUMETTES PANORAMIC";"0665";"06000";"06088";"Nice";"06";"None";"None";"06088000KW0005";"None";"None";"474";"nan";"None";"nan";"None";"nan";"None";"None";"None";"None";"1";"3";"Dépendance";"nan";"0.0";"None";"None";"None";"None";"nan";"7.250071";"43.698297";"000KW"
"2024-49610";"2024-09-19";"1";"Vente";"330000.0";"10.0";"B";"BD FRANCOIS GROSSO";"2630";"06000";"06088";"Nice";"06";"None";"None";"06088000KW0186";"None";"None";"40";"nan";"44";"nan";"None";"nan";"None";"None";"None";"None";"2";"2";"Appartement";"70.0";"2.0";"None";"None";"None";"None";"nan";"7.252003";"43.695813";"000KW"
"2024-50340";"2024-09-19";"1";"Vente";"320000.0";"6.0";"T";"AV DES ORANGERS";"4590";"06000";"06088";"Nice";"06";"None";"None";"06088000KW0127";"None";"None";"102PO";"nan";"122PO";"nan";"None";"nan";"None";"None";"None";"None";"2";"2";"Appartement";"69.0";"2.0";"None";"None";"None";"None";"nan";"7.254233";"43.697353";"000KW"
"2024-50412";"2024-09-19";"1";"Vente";"700000.0";"8.0";"None";"RUE SAINT PHILIPPE";"5895";"06000";"06088";"Nice";"06";"None";"None";"06088000KW0446";"None";"None";"237";"77.85";"None";"nan";"None";"nan";"None";"None";"None";"None";"1";"2";"Appartement";"75.0";"3.0";"None";"None";"None";"None";"nan";"7.255854";"43.694672";"000KW"
"2024-50340";"2024-09-19";"1";"Vente";"320000.0";"6.0";"T";"AV DES ORANGERS";"4590";"06000";"06088";"Nice";"06";"None";"None";"06088000KW0127";"None";"None";"102PO";"nan";"122PO";"nan";"None";"nan";"None";"None";"None";"None";"2";"3";"Dépendance";"nan";"0.0";"None";"None";"None";"None";"nan";"7.254233";"43.697353";"000KW"
"2024-50412";"2024-09-19";"1";"Vente";"700000.0";"8.0";"None";"RUE SAINT PHILIPPE";"5895";"06000";"06088";"Nice";"06";"None";"None";"06088000KW0446";"None";"None";"237";"77.85";"None";"nan";"None";"nan";"None";"None";"None";"None";"1";"3";"Dépendance";"nan";"0.0";"None";"None";"None";"None";"nan";"7.255854";"43.694672";"000KW"
"2024-50128";"2024-09-17";"1";"Vente";"135000.0";"10.0";"None";"AV DES ORANGERS";"4590";"06000";"06088";"Nice";"06";"None";"None";"06088000KW0124";"None";"None";"5";"nan";"61";"nan";"None";"nan";"None";"None";"None";"None";"2";"2";"Appartement";"20.0";"1.0";"None";"None";"None";"None";"nan";"7.253552";"43.697329";"000KW"
"2024-50128";"2024-09-17";"1";"Vente";"135000.0";"10.0";"None";"AV DES ORANGERS";"4590";"06000";"06088";"Nice";"06";"None";"None";"06088000KW0124";"None";"None";"5";"nan";"61";"nan";"None";"nan";"None";"None";"None";"None";"2";"3";"Dépendance";"nan";"0.0";"None";"None";"None";"None";"nan";"7.253552";"43.697329";"000KW"
"2024-50372";"2024-09-16";"1";"Vente";"66000.0";"1.0";"None";"RUE ANDRIOLI";"0230";"06000";"06088";"Nice";"06";"None";"None";"06088000KW0281";"None";"None";"77";"nan";"None";"nan";"None";"nan";"None";"None";"None";"None";"1";"3";"Dépendance";"nan";"0.0";"None";"None";"None";"None";"nan";"7.254147";"43.693921";"000KW"
"2024-49730";"2024-09-13";"1";"Vente";"47000.0";"76.0";"None";"AV BAUMETTES PANORAMIC";"0665";"06000";"06088";"Nice";"06";"None";"None";"06088000KW0005";"None";"None";"484";"nan";"None";"nan";"None";"nan";"None";"None";"None";"None";"1";"3";"Dépendance";"nan";"0.0";"None";"None";"None";"None";"nan";"7.250071";"43.698297";"000KW"
"2024-49824";"2024-09-12";"1";"Vente";"100000.0";"13.0";"None";"RUE SAINT PHILIPPE";"5895";"06000";"06088";"Nice";"06";"None";"None";"06088000KW0419";"None";"None";"39";"18.2";"None";"nan";"None";"nan";"None";"None";"None";"None";"1";"4";"Local industriel. commercial ou assimilé";"19.0";"0.0";"None";"None";"None";"None";"nan";"7.254973";"43.695132";"000KW"
"2024-49777";"2024-09-10";"1";"Vente";"2150000.0";"45.0";"None";"PROM DES ANGLAIS";"0240";"06000";"06088";"Nice";"06";"None";"None";"06088000KW0252";"None";"None";"61A";"nan";"6A";"nan";"None";"nan";"None";"None";"None";"None";"2";"2";"Appartement";"130.0";"6.0";"None";"None";"None";"None";"nan";"7.255928";"43.694042";"000KW"
"2024-49777";"2024-09-10";"1";"Vente";"2150000.0";"45.0";"None";"PROM DES ANGLAIS";"0240";"06000";"06088";"Nice";"06";"None";"None";"06088000KW0252";"None";"None";"61A";"nan";"6A";"nan";"None";"nan";"None";"None";"None";"None";"2";"3";"Dépendance";"nan";"0.0";"None";"None";"None";"None";"nan";"7.255928";"43.694042";"000KW"
"2024-49777";"2024-09-10";"1";"Vente";"2150000.0";"45.0";"None";"PROM DES ANGLAIS";"0240";"06000";"06088";"Nice";"06";"None";"None";"06088000KW0252";"None";"None";"61A";"nan";"6A";"nan";"None";"nan";"None";"None";"None";"None";"2";"3";"Dépendance";"nan";"0.0";"None";"None";"None";"None";"nan";"7.255928";"43.694042";"000KW"
"2024-49618";"2024-09-06";"1";"Vente";"625000.0";"6.0";"T";"AV DES ORANGERS";"4590";"06000";"06088";"Nice";"06";"None";"None";"06088000KW0127";"None";"None";"105PO";"100.43";"70PO";"nan";"None";"nan";"None";"None";"None";"None";"2";"2";"Appartement";"101.0";"4.0";"None";"None";"None";"None";"nan";"7.254233";"43.697353";"000KW"
"2024-49898";"2024-09-06";"1";"Vente";"470000.0";"22.0";"None";"AV DES ORANGERS";"4590";"06000";"06088";"Nice";"06";"None";"None";"06088000KW0362";"None";"None";"1241";"nan";"1282";"nan";"None";"nan";"None";"None";"None";"None";"2";"2";"Appartement";"64.0";"2.0";"None";"None";"None";"None";"nan";"7.251748";"43.69738";"000KW"
"2024-49618";"2024-09-06";"1";"Vente";"625000.0";"6.0";"T";"AV DES ORANGERS";"4590";"06000";"06088";"Nice";"06";"None";"None";"06088000KW0127";"None";"None";"105PO";"100.43";"70PO";"nan";"None";"nan";"None";"None";"None";"None";"2";"3";"Dépendance";"nan";"0.0";"None";"None";"None";"None";"nan";"7.254233";"43.697353";"000KW"
"2024-49498";"2024-09-05";"1";"Vente";"600400.0";"76.0";"None";"AV BAUMETTES PANORAMIC";"0665";"06000";"06088";"Nice";"06";"None";"None";"06088000KW0005";"None";"None";"531";"nan";"585";"87.56";"None";"nan";"None";"None";"None";"None";"2";"2";"Appartement";"106.0";"3.0";"None";"None";"None";"None";"nan";"7.250071";"43.698297";"000KW"
"2024-49176";"2024-09-05";"1";"Vente";"45000.0";"20.0";"None";"AV DES ORANGERS";"4590";"06000";"06088";"Nice";"06";"None";"None";"06088000KW0362";"None";"None";"702";"nan";"None";"nan";"None";"nan";"None";"None";"None";"None";"1";"3";"Dépendance";"nan";"0.0";"None";"None";"None";"None";"nan";"7.251748";"43.69738";"000KW"
"2024-49498";"2024-09-05";"1";"Vente";"600400.0";"76.0";"None";"AV BAUMETTES PANORAMIC";"0665";"06000";"06088";"Nice";"06";"None";"None";"06088000KW0005";"None";"None";"531";"nan";"585";"87.56";"None";"nan";"None";"None";"None";"None";"2";"3";"Dépendance";"nan";"0.0";"None";"None";"None";"None";"nan";"7.250071";"43.698297";"000KW"
"2024-49254";"2024-09-02";"1";"Vente";"215000.0";"52.0";"None";"AV CHATEAU DE LA TOUR";"1355";"06000";"06088";"Nice";"06";"None";"None";"06088000KW0014";"None";"None";"32";"nan";"66";"nan";"None";"nan";"None";"None";"None";"None";"2";"2";"Appartement";"40.0";"2.0";"None";"None";"None";"None";"nan";"7.24944";"43.696588";"000KW"
"2024-49254";"2024-09-02";"1";"Vente";"215000.0";"52.0";"None";"AV CHATEAU DE LA TOUR";"1355";"06000";"06088";"Nice";"06";"None";"None";"06088000KW0014";"None";"None";"32";"nan";"66";"nan";"None";"nan";"None";"None";"None";"None";"2";"3";"Dépendance";"nan";"0.0";"None";"None";"None";"None";"nan";"7.24944";"43.696588";"000KW"
"2024-49031";"2024-08-30";"1";"Vente";"451800.0";"1.0";"None";"AV MARIE CHRISTINE";"4055";"06000";"06088";"Nice";"06";"None";"None";"06088000KW0038";"None";"None";"1";"nan";"2";"nan";"None";"nan";"None";"None";"None";"None";"2";"2";"Appartement";"100.0";"4.0";"None";"None";"None";"None";"nan";"7.249452";"43.694837";"000KW"
"2024-49444";"2024-08-30";"1";"Vente";"300000.0";"3.0";"None";"RUE JOSEPH FRICERO";"3470";"06000";"06088";"Nice";"06";"None";"None";"06088000KW0513";"None";"None";"32";"nan";"None";"nan";"None";"nan";"None";"None";"None";"None";"1";"2";"Appartement";"35.0";"2.0";"None";"None";"None";"None";"nan";"7.254409";"43.694994";"000KW"
"2024-49444";"2024-08-30";"1";"Vente";"300000.0";"3.0";"None";"RUE JOSEPH FRICERO";"3470";"06000";"06088";"Nice";"06";"None";"None";"06088000KW0513";"None";"None";"32";"nan";"None";"nan";"None";"nan";"None";"None";"None";"None";"1";"3";"Dépendance";"nan";"0.0";"None";"None";"None";"None";"nan";"7.254409";"43.694994";"000KW"
"2024-48815";"2024-08-28";"1";"Vente";"433352.0";"18.0";"None";"RUE BOTTERO";"0925";"06000";"06088";"Nice";"06";"None";"None";"06088000KW0330";"None";"None";"20";"nan";"None";"nan";"None";"nan";"None";"None";"None";"None";"1";"2";"Appartement";"47.0";"1.0";"None";"None";"None";"None";"nan";"7.253225";"43.69672";"000KW"
"2024-50361";"2024-08-28";"1";"Vente";"230000.0";"2.0";"None";"BD FRANCOIS GROSSO";"2630";"06000";"06088";"Nice";"06";"None";"None";"06088000KW0370";"None";"None";"52";"nan";"None";"nan";"None";"nan";"None";"None";"None";"None";"1";"2";"Appartement";"29.0";"2.0";"None";"None";"None";"None";"nan";"7.252572";"43.694566";"000KW"
"2024-48815";"2024-08-28";"1";"Vente";"433352.0";"18.0";"None";"RUE BOTTERO";"0925";"06000";"06088";"Nice";"06";"None";"None";"06088000KW0330";"None";"None";"20";"nan";"None";"nan";"None";"nan";"None";"None";"None";"None";"1";"3";"Dépendance";"nan";"0.0";"None";"None";"None";"None";"nan";"7.253225";"43.69672";"000KW"
"2024-54863";"2024-08-27";"1";"Vente";"250000.0";"27.0";"None";"AV FLEURS";"2460";"06000";"06088";"Nice";"06";"None";"None";"06088000KW0108";"None";"None";"72";"82.0";"None";"nan";"None";"nan";"None";"None";"None";"None";"1";"2";"Appartement";"60.0";"3.0";"None";"None";"None";"None";"nan";"7.251754";"43.697744";"000KW"
"2024-48742";"2024-08-22";"1";"Vente";"125000.0";"14.0";"None";"AV DES BAUMETTES";"0660";"06000";"06088";"Nice";"06";"None";"None";"06088000KW0077";"None";"None";"1";"60.0";"None";"nan";"None";"nan";"None";"None";"None";"None";"1";"2";"Appartement";"55.0";"3.0";"None";"None";"None";"None";"nan";"7.250951";"43.696229";"000KW"
"2024-48742";"2024-08-22";"1";"Vente";"125000.0";"14.0";"None";"AV DES BAUMETTES";"0660";"06000";"06088";"Nice";"06";"None";"None";"06088000KW0077";"None";"None";"1";"60.0";"None";"nan";"None";"nan";"None";"None";"None";"None";"1";"3";"Dépendance";"nan";"0.0";"None";"None";"None";"None";"nan";"7.250951";"43.696229";"000KW"
"2024-48742";"2024-08-22";"1";"Vente";"125000.0";"14.0";"None";"AV DES BAUMETTES";"0660";"06000";"06088";"Nice";"06";"None";"None";"06088000KW0077";"None";"None";"1";"60.0";"None";"nan";"None";"nan";"None";"None";"None";"None";"1";"3";"Dépendance";"nan";"0.0";"None";"None";"None";"None";"nan";"7.250951";"43.696229";"000KW"
"2024-48710";"2024-08-20";"1";"Vente";"165000.0";"27.0";"None";"BD GAMBETTA";"2755";"06000";"06088";"Nice";"06";"None";"None";"06088000KW0234";"None";"None";"19";"43.52";"20";"nan";"39";"nan";"None";"None";"None";"None";"3";"2";"Appartement";"32.0";"2.0";"None";"None";"None";"None";"nan";"7.255942";"43.69657";"000KW"
"2024-48809";"2024-08-13";"1";"Vente";"188000.0";"12.0";"None";"RUE JOSEPH FRICERO";"3470";"06000";"06088";"Nice";"06";"None";"None";"06088000KW0216";"None";"None";"7";"nan";"None";"nan";"None";"nan";"None";"None";"None";"None";"1";"2";"Appartement";"59.0";"4.0";"None";"None";"None";"None";"nan";"7.254264";"43.696251";"000KW"
"2024-48935";"2024-08-09";"1";"Vente";"390000.0";"19.0";"None";"BD GAMBETTA";"2755";"06000";"06088";"Nice";"06";"None";"None";"06088000KW0337";"None";"None";"15";"111.16";"None";"nan";"None";"nan";"None";"None";"None";"None";"1";"2";"Appartement";"102.0";"5.0";"None";"None";"None";"None";"nan";"7.255978";"43.695826";"000KW"
"2024-48935";"2024-08-09";"1";"Vente";"390000.0";"19.0";"None";"BD GAMBETTA";"2755";"06000";"06088";"Nice";"06";"None";"None";"06088000KW0337";"None";"None";"15";"111.16";"None";"nan";"None";"nan";"None";"None";"None";"None";"1";"3";"Dépendance";"nan";"0.0";"None";"None";"None";"None";"nan";"7.255978";"43.695826";"000KW"
"2024-48294";"2024-08-08";"1";"Vente";"39000.0";"5.0";"None";"RUE ANDRIOLI";"0230";"06000";"06088";"Nice";"06";"None";"None";"06088000KW0278";"None";"None";"6";"nan";"None";"nan";"None";"nan";"None";"None";"None";"None";"1";"3";"Dépendance";"nan";"0.0";"None";"None";"None";"None";"nan";"7.254107";"43.694359";"000KW"
"2024-48426";"2024-08-05";"1";"Vente";"52000.0";"90.0";"None";"RUE DE FRANCE";"2595";"06000";"06088";"Nice";"06";"None";"None";"06088000KW0369";"None";"None";"1193";"nan";"None";"nan";"None";"nan";"None";"None";"None";"None";"1";"3";"Dépendance";"nan";"0.0";"None";"None";"None";"None";"nan";"7.252761";"43.694482";"000KW"
"2024-48390";"2024-08-02";"1";"Vente";"137750.0";"45.0";"None";"RUE DES POTIERS";"5225";"06000";"06088";"Nice";"06";"None";"None";"06088000KW0434";"None";"None";"33";"35.56";"None";"nan";"None";"nan";"None";"None";"None";"None";"1";"2";"Appartement";"39.0";"1.0";"None";"None";"None";"None";"nan";"7.25216";"43.697366";"000KW"
"2024-48731";"2024-08-02";"1";"Vente";"152000.0";"4.0";"None";"BD FRANCOIS GROSSO";"2630";"06000";"06088";"Nice";"06";"None";"None";"06088000KW0318";"None";"None";"111";"25.9";"None";"nan";"None";"nan";"None";"None";"None";"None";"1";"2";"Appartement";"27.0";"1.0";"None";"None";"None";"None";"nan";"7.252322";"43.694771";"000KW"
"2024-48207";"2024-07-31";"1";"Vente";"346000.0";"5.0";"None";"RUE JOSEPH FRICERO";"3470";"06000";"06088";"Nice";"06";"None";"None";"06088000KW0275";"None";"None";"3";"150.34";"None";"nan";"None";"nan";"None";"None";"None";"None";"1";"3";"Dépendance";"nan";"0.0";"None";"None";"None";"None";"nan";"7.254322";"43.695139";"000KW"
"2024-48207";"2024-07-31";"1";"Vente";"346000.0";"5.0";"None";"RUE JOSEPH FRICERO";"3470";"06000";"06088";"Nice";"06";"None";"None";"06088000KW0275";"None";"None";"3";"150.34";"None";"nan";"None";"nan";"None";"None";"None";"None";"1";"4";"Local industriel. commercial ou assimilé";"77.0";"0.0";"None";"None";"None";"None";"nan";"7.254322";"43.695139";"000KW"
"2024-47885";"2024-07-29";"1";"Vente";"350000.0";"25.0";"None";"AV DES ORANGERS";"4590";"06000";"06088";"Nice";"06";"None";"None";"06088000KW0156";"None";"None";"33";"nan";"None";"nan";"None";"nan";"None";"None";"None";"None";"1";"2";"Appartement";"36.0";"2.0";"None";"None";"None";"None";"nan";"7.252013";"43.6969";"000KW"
"2024-47905";"2024-07-29";"1";"Vente";"200000.0";"15.0";"None";"RUE ALEXIS MOSSA";"0094";"06000";"06088";"Nice";"06";"None";"None";"06088000KW0183";"None";"None";"11";"nan";"None";"nan";"None";"nan";"None";"None";"None";"None";"1";"2";"Appartement";"30.0";"1.0";"None";"None";"None";"None";"nan";"7.252412";"43.695896";"000KW"
"2024-48014";"2024-07-29";"1";"Vente";"100000.0";"25.0";"None";"AV DES ORANGERS";"4590";"06000";"06088";"Nice";"06";"None";"None";"06088000KW0156";"None";"None";"32";"nan";"None";"nan";"None";"nan";"None";"None";"None";"None";"1";"2";"Appartement";"25.0";"1.0";"None";"None";"None";"None";"nan";"7.252013";"43.6969";"000KW"
"2024-49081";"2024-07-24";"1";"Vente";"165000.0";"2.0";"None";"BD FRANCOIS GROSSO";"2630";"06000";"06088";"Nice";"06";"None";"None";"06088000KW0370";"None";"None";"68";"nan";"None";"nan";"None";"nan";"None";"None";"None";"None";"1";"2";"Appartement";"27.0";"2.0";"None";"None";"None";"None";"nan";"7.252572";"43.694566";"000KW"
"2024-47590";"2024-07-23";"1";"Vente";"320000.0";"76.0";"None";"AV BAUMETTES BELLEVUE";"0663";"06000";"06088";"Nice";"06";"None";"None";"06088000KW0005";"None";"None";"358";"nan";"398";"nan";"None";"nan";"None";"None";"None";"None";"2";"2";"Appartement";"73.0";"3.0";"None";"None";"None";"None";"nan";"7.250071";"43.698297";"000KW"
"2024-47590";"2024-07-23";"1";"Vente";"320000.0";"76.0";"None";"AV BAUMETTES BELLEVUE";"0663";"06000";"06088";"Nice";"06";"None";"None";"06088000KW0005";"None";"None";"358";"nan";"398";"nan";"None";"nan";"None";"None";"None";"None";"2";"3";"Dépendance";"nan";"0.0";"None";"None";"None";"None";"nan";"7.250071";"43.698297";"000KW"
"2024-47695";"2024-07-22";"1";"Vente";"421500.0";"6.0";"None";"RUE BOTTERO";"0925";"06000";"06088";"Nice";"06";"None";"None";"06088000KW0141";"None";"None";"128";"92.15";"None";"nan";"None";"nan";"None";"None";"None";"None";"1";"2";"Appartement";"82.0";"4.0";"None";"None";"None";"None";"nan";"7.255299";"43.696854";"000KW"
"2024-47695";"2024-07-22";"1";"Vente";"421500.0";"6.0";"None";"RUE BOTTERO";"0925";"06000";"06088";"Nice";"06";"None";"None";"06088000KW0141";"None";"None";"128";"92.15";"None";"nan";"None";"nan";"None";"None";"None";"None";"1";"3";"Dépendance";"nan";"0.0";"None";"None";"None";"None";"nan";"7.255299";"43.696854";"000KW"
"2024-47247";"2024-07-19";"1";"Vente";"232000.0";"74.0";"None";"RUE DE FRANCE";"2595";"06000";"06088";"Nice";"06";"None";"None";"06088000KW0423";"None";"None";"11";"nan";"None";"nan";"None";"nan";"None";"None";"None";"None";"1";"2";"Appartement";"40.0";"2.0";"None";"None";"None";"None";"nan";"7.254726";"43.694993";"000KW"
"2024-47478";"2024-07-19";"1";"Vente";"55000.0";"28.0";"None";"BD FRANCOIS GROSSO";"2630";"06000";"06088";"Nice";"06";"None";"None";"06088000KW0362";"None";"None";"1036";"nan";"None";"nan";"None";"nan";"None";"None";"None";"None";"1";"3";"Dépendance";"nan";"0.0";"None";"None";"None";"None";"nan";"7.251748";"43.69738";"000KW"
"2024-47645";"2024-07-19";"1";"Vente";"55000.0";"10.0";"None";"RUE SAINT PHILIPPE";"5895";"06000";"06088";"Nice";"06";"None";"None";"06088000KW0446";"None";"None";"49";"nan";"None";"nan";"None";"nan";"None";"None";"None";"None";"1";"3";"Dépendance";"nan";"0.0";"None";"None";"None";"None";"nan";"7.255854";"43.694672";"000KW"
"2024-47773";"2024-07-16";"1";"Vente";"28500.0";"6.0";"None";"RUE ALEXIS MOSSA";"0094";"06000";"06088";"Nice";"06";"None";"None";"06088000KW0201";"None";"None";"2";"nan";"None";"nan";"None";"nan";"None";"None";"None";"None";"1";"3";"Dépendance";"nan";"0.0";"None";"None";"None";"None";"nan";"7.253236";"43.696235";"000KW"
"2024-47251";"2024-07-12";"1";"Vente";"59000.0";"70.0";"None";"AV DES BAUMETTES";"0660";"06000";"06088";"Nice";"06";"None";"None";"06088000KW0404";"None";"None";"9";"nan";"None";"nan";"None";"nan";"None";"None";"None";"None";"1";"2";"Appartement";"16.0";"1.0";"None";"None";"None";"None";"nan";"7.248825";"43.697749";"000KW"
"2024-47748";"2024-07-11";"1";"Vente";"480000.0";"14.0";"None";"RUE BOTTERO";"0925";"06000";"06088";"Nice";"06";"None";"None";"06088000KW0147";"None";"None";"12";"99.38";"28";"nan";"29";"nan";"30";"None";"None";"None";"4";"2";"Appartement";"102.0";"4.0";"None";"None";"None";"None";"nan";"7.253644";"43.696767";"000KW"
"2024-47748";"2024-07-11";"1";"Vente";"480000.0";"14.0";"None";"RUE BOTTERO";"0925";"06000";"06088";"Nice";"06";"None";"None";"06088000KW0147";"None";"None";"22";"nan";"None";"nan";"None";"nan";"None";"None";"None";"None";"1";"3";"Dépendance";"nan";"0.0";"None";"None";"None";"None";"nan";"7.253644";"43.696767";"000KW"
"2024-47748";"2024-07-11";"1";"Vente";"480000.0";"14.0";"None";"RUE BOTTERO";"0925";"06000";"06088";"Nice";"06";"None";"None";"06088000KW0147";"None";"None";"12";"99.38";"28";"nan";"29";"nan";"30";"None";"None";"None";"4";"3";"Dépendance";"nan";"0.0";"None";"None";"None";"None";"nan";"7.253644";"43.696767";"000KW"
"2024-46833";"2024-07-08";"1";"Vente";"223800.0";"34.0";"None";"RUE BOTTERO";"0925";"06000";"06088";"Nice";"06";"None";"None";"06088000KW0168";"None";"None";"5";"nan";"None";"nan";"None";"nan";"None";"None";"None";"None";"1";"2";"Appartement";"20.0";"1.0";"None";"None";"None";"None";"nan";"7.251967";"43.696523";"000KW"
"2024-47044";"2024-07-05";"1";"Vente";"394000.0";"15.0";"None";"RUE DANTE";"1835";"06000";"06088";"Nice";"06";"None";"None";"06088000KW0300";"None";"None";"19";"nan";"61";"nan";"None";"nan";"None";"None";"None";"None";"2";"2";"Appartement";"66.0";"3.0";"None";"None";"None";"None";"nan";"7.253574";"43.695318";"000KW"
"2024-47568";"2024-07-05";"1";"Vente";"165000.0";"27.0";"None";"BD GAMBETTA";"2755";"06000";"06088";"Nice";"06";"None";"None";"06088000KW0234";"None";"None";"36";"nan";"37";"nan";"None";"nan";"None";"None";"None";"None";"2";"2";"Appartement";"35.0";"1.0";"None";"None";"None";"None";"nan";"7.255942";"43.69657";"000KW"
"2024-47044";"2024-07-05";"1";"Vente";"394000.0";"15.0";"None";"RUE DANTE";"1835";"06000";"06088";"Nice";"06";"None";"None";"06088000KW0300";"None";"None";"19";"nan";"61";"nan";"None";"nan";"None";"None";"None";"None";"2";"3";"Dépendance";"nan";"0.0";"None";"None";"None";"None";"nan";"7.253574";"43.695318";"000KW"
"2024-46638";"2024-07-04";"1";"Vente";"35000.0";"22.0";"None";"RUE BOTTERO";"0925";"06000";"06088";"Nice";"06";"None";"None";"06088000KW0153";"None";"None";"50";"nan";"None";"nan";"None";"nan";"None";"None";"None";"None";"1";"3";"Dépendance";"nan";"0.0";"None";"None";"None";"None";"nan";"7.252797";"43.696798";"000KW"
"2024-46868";"2024-07-03";"1";"Vente";"215000.0";"45.0";"None";"BD FRANCOIS GROSSO";"2630";"06000";"06088";"Nice";"06";"None";"None";"06088000KW0432";"None";"None";"52";"nan";"58";"41.93";"None";"nan";"None";"None";"None";"None";"2";"2";"Appartement";"43.0";"2.0";"None";"None";"None";"None";"nan";"7.250955";"43.697141";"000KW"
"2024-46868";"2024-07-03";"1";"Vente";"215000.0";"45.0";"None";"BD FRANCOIS GROSSO";"2630";"06000";"06088";"Nice";"06";"None";"None";"06088000KW0432";"None";"None";"52";"nan";"58";"41.93";"None";"nan";"None";"None";"None";"None";"2";"3";"Dépendance";"nan";"0.0";"None";"None";"None";"None";"nan";"7.250955";"43.697141";"000KW"
"2024-46853";"2024-07-01";"1";"Vente";"50000.0";"90.0";"None";"RUE DE FRANCE";"2595";"06000";"06088";"Nice";"06";"None";"None";"06088000KW0369";"None";"None";"1201";"nan";"None";"nan";"None";"nan";"None";"None";"None";"None";"1";"3";"Dépendance";"nan";"0.0";"None";"None";"None";"None";"nan";"7.252761";"43.694482";"000KW"
"2024-46542";"2024-06-28";"1";"Vente";"120000.0";"10.0";"B";"BD FRANCOIS GROSSO";"2630";"06000";"06088";"Nice";"06";"None";"None";"06088000KW0186";"None";"None";"15";"nan";"24";"nan";"None";"nan";"None";"None";"None";"None";"2";"2";"Appartement";"45.0";"2.0";"None";"None";"None";"None";"nan";"7.252003";"43.695813";"000KW"
"2024-46542";"2024-06-28";"1";"Vente";"120000.0";"10.0";"B";"BD FRANCOIS GROSSO";"2630";"06000";"06088";"Nice";"06";"None";"None";"06088000KW0186";"None";"None";"15";"nan";"24";"nan";"None";"nan";"None";"None";"None";"None";"2";"3";"Dépendance";"nan";"0.0";"None";"None";"None";"None";"nan";"7.252003";"43.695813";"000KW"
"2024-46513";"2024-06-27";"1";"Vente";"26000.0";"49.0";"None";"BD FRANCOIS GROSSO";"2630";"06000";"06088";"Nice";"06";"None";"None";"06088000KW0095";"None";"None";"9";"nan";"None";"nan";"None";"nan";"None";"None";"None";"None";"1";"3";"Dépendance";"nan";"0.0";"None";"None";"None";"None";"nan";"7.25106";"43.697415";"000KW"
"2024-46417";"2024-06-25";"1";"Vente";"440000.0";"90.0";"None";"RUE DE FRANCE";"2595";"06000";"06088";"Nice";"06";"None";"None";"06088000KW0369";"None";"None";"1113";"63.03";"None";"nan";"None";"nan";"None";"None";"None";"None";"1";"2";"Appartement";"63.0";"2.0";"None";"None";"None";"None";"nan";"7.252761";"43.694482";"000KW"
"2024-47030";"2024-06-25";"1";"Vente";"123703.0";"45.0";"None";"PROM DES ANGLAIS";"0240";"06000";"06088";"Nice";"06";"None";"None";"06088000KW0252";"None";"None";"20A";"nan";"42A";"nan";"None";"nan";"None";"None";"None";"None";"2";"2";"Appartement";"155.0";"4.0";"None";"None";"None";"None";"nan";"7.255928";"43.694042";"000KW"
"2024-46417";"2024-06-25";"1";"Vente";"440000.0";"90.0";"None";"RUE DE FRANCE";"2595";"06000";"06088";"Nice";"06";"None";"None";"06088000KW0369";"None";"None";"1274";"nan";"None";"nan";"None";"nan";"None";"None";"None";"None";"1";"3";"Dépendance";"nan";"0.0";"None";"None";"None";"None";"nan";"7.252761";"43.694482";"000KW"
"2024-47030";"2024-06-25";"1";"Vente";"123703.0";"6.0";"None";"RUE ALEXIS MOSSA";"0094";"06000";"06088";"Nice";"06";"None";"None";"06088000KW0201";"None";"None";"27";"nan";"None";"nan";"None";"nan";"None";"None";"None";"None";"1";"3";"Dépendance";"nan";"0.0";"None";"None";"None";"None";"nan";"7.253236";"43.696235";"000KW"
"2024-47030";"2024-06-25";"1";"Vente";"123703.0";"6.0";"None";"RUE ALEXIS MOSSA";"0094";"06000";"06088";"Nice";"06";"None";"None";"06088000KW0201";"None";"None";"26";"nan";"None";"nan";"None";"nan";"None";"None";"None";"None";"1";"3";"Dépendance";"nan";"0.0";"None";"None";"None";"None";"nan";"7.253236";"43.696235";"000KW"
"2024-47030";"2024-06-25";"1";"Vente";"123703.0";"45.0";"None";"PROM DES ANGLAIS";"0240";"06000";"06088";"Nice";"06";"None";"None";"06088000KW0252";"None";"None";"20A";"nan";"42A";"nan";"None";"nan";"None";"None";"None";"None";"2";"3";"Dépendance";"nan";"0.0";"None";"None";"None";"None";"nan";"7.255928";"43.694042";"000KW"
"2024-47030";"2024-06-25";"1";"Vente";"123703.0";"10.0";"None";"RUE SAINT PHILIPPE";"5895";"06000";"06088";"Nice";"06";"None";"None";"06088000KW0446";"None";"None";"52";"nan";"None";"nan";"None";"nan";"None";"None";"None";"None";"1";"3";"Dépendance";"nan";"0.0";"None";"None";"None";"None";"nan";"7.255854";"43.694672";"000KW"
"2024-46604";"2024-06-21";"1";"Vente";"94340.0";"6.0";"None";"RUE JOSEPH FRICERO";"3470";"06000";"06088";"Nice";"06";"None";"None";"06088000KW0268";"None";"None";"9";"nan";"None";"nan";"None";"nan";"None";"None";"None";"None";"1";"2";"Appartement";"22.0";"1.0";"None";"None";"None";"None";"nan";"7.254582";"43.695493";"000KW"
"2024-46270";"2024-06-20";"1";"Vente";"320000.0";"76.0";"None";"AV BAUMETTES PANORAMIC";"0665";"06000";"06088";"Nice";"06";"None";"None";"06088000KW0005";"None";"None";"503";"nan";"555";"nan";"None";"nan";"None";"None";"None";"None";"2";"2";"Appartement";"60.0";"2.0";"None";"None";"None";"None";"nan";"7.250071";"43.698297";"000KW"
"2024-46270";"2024-06-20";"1";"Vente";"320000.0";"76.0";"None";"AV BAUMETTES PANORAMIC";"0665";"06000";"06088";"Nice";"06";"None";"None";"06088000KW0005";"None";"None";"503";"nan";"555";"nan";"None";"nan";"None";"None";"None";"None";"2";"3";"Dépendance";"nan";"0.0";"None";"None";"None";"None";"nan";"7.250071";"43.698297";"000KW"
"2024-46270";"2024-06-20";"1";"Vente";"320000.0";"76.0";"None";"AV BAUMETTES PANORAMIC";"0665";"06000";"06088";"Nice";"06";"None";"None";"06088000KW0005";"None";"None";"451";"nan";"None";"nan";"None";"nan";"None";"None";"None";"None";"1";"3";"Dépendance";"nan";"0.0";"None";"None";"None";"None";"nan";"7.250071";"43.698297";"000KW"
"2024-46453";"2024-06-20";"1";"Vente";"300000.0";"6.0";"None";"RUE BOTTERO";"0925";"06000";"06088";"Nice";"06";"None";"None";"06088000KW0141";"None";"None";"109";"nan";"123";"nan";"None";"nan";"None";"None";"None";"None";"2";"4";"Local industriel. commercial ou assimilé";"75.0";"0.0";"None";"None";"None";"None";"nan";"7.255299";"43.696854";"000KW"
"2024-46039";"2024-06-18";"1";"Vente";"272000.0";"8.0";"None";"BD FRANCOIS GROSSO";"2630";"06000";"06088";"Nice";"06";"None";"None";"06088000KW0321";"None";"None";"30";"nan";"None";"nan";"None";"nan";"None";"None";"None";"None";"1";"2";"Appartement";"43.0";"2.0";"None";"None";"None";"None";"nan";"7.25226";"43.695046";"000KW"
"2024-46561";"2024-06-18";"1";"Vente";"220000.0";"15.0";"None";"RUE SAINT PHILIPPE";"5895";"06000";"06088";"Nice";"06";"None";"None";"06088000KW0265";"None";"None";"23";"nan";"25";"nan";"None";"nan";"None";"None";"None";"None";"2";"2";"Appartement";"55.0";"3.0";"None";"None";"None";"None";"nan";"7.254956";"43.695463";"000KW"
"2024-45875";"2024-06-18";"1";"Vente";"850000.0";"4.0";"None";"RUE DANTE";"1835";"06000";"06088";"Nice";"06";"None";"None";"06088000KW0231";"None";"None";"1";"nan";"13";"50.0";"5";"nan";"None";"None";"None";"None";"3";"4";"Local industriel. commercial ou assimilé";"243.0";"0.0";"None";"None";"None";"None";"nan";"7.255522";"43.696219";"000KW"
"2024-54888";"2024-06-17";"1";"Vente";"40000.0";"27.0";"None";"RUE DES POTIERS";"5225";"06000";"06088";"Nice";"06";"None";"None";"06088000KW0356";"None";"None";"5";"nan";"None";"nan";"None";"nan";"None";"None";"None";"None";"1";"3";"Dépendance";"nan";"0.0";"None";"None";"None";"None";"nan";"7.252576";"43.695881";"000KW"
"2024-45769";"2024-06-14";"1";"Vente";"168000.0";"6.0";"None";"RUE JOSEPH FRICERO";"3470";"06000";"06088";"Nice";"06";"None";"None";"06088000KW0268";"None";"None";"6";"33.58";"None";"nan";"None";"nan";"None";"None";"None";"None";"1";"2";"Appartement";"38.0";"2.0";"None";"None";"None";"None";"nan";"7.254582";"43.695493";"000KW"
"2024-46376";"2024-06-14";"1";"Vente";"100000.0";"66.0";"None";"RUE DE FRANCE";"2595";"06000";"06088";"Nice";"06";"None";"None";"06088000KW0239";"None";"None";"53";"21.7";"None";"nan";"None";"nan";"None";"None";"None";"None";"1";"2";"Appartement";"23.0";"1.0";"None";"None";"None";"None";"nan";"7.25562";"43.695298";"000KW"
"2024-46343";"2024-06-14";"1";"Vente";"35000.0";"28.0";"None";"BD FRANCOIS GROSSO";"2630";"06000";"06088";"Nice";"06";"None";"None";"06088000KW0362";"None";"None";"1036";"nan";"None";"nan";"None";"nan";"None";"None";"None";"None";"1";"3";"Dépendance";"nan";"0.0";"None";"None";"None";"None";"nan";"7.251748";"43.69738";"000KW"
"2024-46376";"2024-06-14";"1";"Vente";"100000.0";"66.0";"None";"RUE DE FRANCE";"2595";"06000";"06088";"Nice";"06";"None";"None";"06088000KW0239";"None";"None";"53";"21.7";"None";"nan";"None";"nan";"None";"None";"None";"None";"1";"3";"Dépendance";"nan";"0.0";"None";"None";"None";"None";"nan";"7.25562";"43.695298";"000KW"
"2024-46376";"2024-06-14";"1";"Vente";"100000.0";"66.0";"None";"RUE DE FRANCE";"2595";"06000";"06088";"Nice";"06";"None";"None";"06088000KW0239";"None";"None";"57";"nan";"None";"nan";"None";"nan";"None";"None";"None";"None";"1";"3";"Dépendance";"nan";"0.0";"None";"None";"None";"None";"nan";"7.25562";"43.695298";"000KW"
"2024-46477";"2024-06-14";"1";"Vente";"460000.0";"66.0";"None";"RUE DE FRANCE";"2595";"06000";"06088";"Nice";"06";"None";"None";"06088000KW0239";"None";"None";"62";"nan";"None";"nan";"None";"nan";"None";"None";"None";"None";"1";"4";"Local industriel. commercial ou assimilé";"107.0";"0.0";"None";"None";"None";"None";"nan";"7.25562";"43.695298";"000KW"
"2024-45716";"2024-06-11";"1";"Vente";"130000.0";"22.0";"None";"AV DES ORANGERS";"4590";"06000";"06088";"Nice";"06";"None";"None";"06088000KW0362";"None";"None";"1286";"nan";"1303";"41.75";"None";"nan";"None";"None";"None";"None";"2";"4";"Local industriel. commercial ou assimilé";"44.0";"0.0";"None";"None";"None";"None";"nan";"7.251748";"43.69738";"000KW"
"2024-45450";"2024-06-07";"1";"Vente";"170000.0";"20.0";"None";"RUE BOTTERO";"0925";"06000";"06088";"Nice";"06";"None";"None";"06088000KW0151";"None";"None";"11";"32.88";"None";"nan";"None";"nan";"None";"None";"None";"None";"1";"2";"Appartement";"33.0";"2.0";"None";"None";"None";"None";"nan";"7.253065";"43.696697";"000KW"
"2024-45502";"2024-06-06";"1";"Vente";"505000.0";"9.0";"T";"AV FLEURS";"2460";"06000";"06088";"Nice";"06";"None";"None";"06088000KW0127";"None";"None";"18MR";"87.99";"74MR";"nan";"None";"nan";"None";"None";"None";"None";"2";"2";"Appartement";"89.0";"3.0";"None";"None";"None";"None";"nan";"7.254233";"43.697353";"000KW"
"2024-45502";"2024-06-06";"1";"Vente";"505000.0";"9.0";"T";"AV FLEURS";"2460";"06000";"06088";"Nice";"06";"None";"None";"06088000KW0127";"None";"None";"18MR";"87.99";"74MR";"nan";"None";"nan";"None";"None";"None";"None";"2";"3";"Dépendance";"nan";"0.0";"None";"None";"None";"None";"nan";"7.254233";"43.697353";"000KW"
"2024-45349";"2024-06-04";"1";"Vente";"350000.0";"11.0";"None";"AV DES BAUMETTES";"0660";"06000";"06088";"Nice";"06";"None";"None";"06088000KW0063";"None";"None";"70";"108.81";"None";"nan";"None";"nan";"None";"None";"None";"None";"1";"2";"Appartement";"109.0";"4.0";"None";"None";"None";"None";"nan";"7.250954";"43.694669";"000KW"
"2024-45501";"2024-06-04";"1";"Vente";"457150.0";"5.0";"None";"RUE ANDRIOLI";"0230";"06000";"06088";"Nice";"06";"None";"None";"06088000KW0278";"None";"None";"113";"nan";"216";"67.69";"None";"nan";"None";"None";"None";"None";"2";"2";"Appartement";"68.0";"3.0";"None";"None";"None";"None";"nan";"7.254107";"43.694359";"000KW"
"2024-45501";"2024-06-04";"1";"Vente";"457150.0";"5.0";"None";"RUE ANDRIOLI";"0230";"06000";"06088";"Nice";"06";"None";"None";"06088000KW0278";"None";"None";"113";"nan";"216";"67.69";"None";"nan";"None";"None";"None";"None";"2";"3";"Dépendance";"nan";"0.0";"None";"None";"None";"None";"nan";"7.254107";"43.694359";"000KW"
"2024-45501";"2024-06-04";"1";"Vente";"457150.0";"5.0";"None";"RUE ANDRIOLI";"0230";"06000";"06088";"Nice";"06";"None";"None";"06088000KW0278";"None";"None";"66";"nan";"None";"nan";"None";"nan";"None";"None";"None";"None";"1";"3";"Dépendance";"nan";"0.0";"None";"None";"None";"None";"nan";"7.254107";"43.694359";"000KW"
"2024-45675";"2024-06-03";"1";"Vente";"535000.0";"22.0";"None";"RUE BOTTERO";"0925";"06000";"06088";"Nice";"06";"None";"None";"06088000KW0153";"None";"None";"50";"nan";"None";"nan";"None";"nan";"None";"None";"None";"None";"1";"3";"Dépendance";"nan";"0.0";"None";"None";"None";"None";"nan";"7.252797";"43.696798";"000KW"
"2024-45485";"2024-05-31";"1";"Vente";"279500.0";"76.0";"None";"AV BAUMETTES MIRAMAR";"0664";"06000";"06088";"Nice";"06";"None";"None";"06088000KW0005";"None";"None";"124";"nan";"197";"nan";"None";"nan";"None";"None";"None";"None";"2";"2";"Appartement";"75.0";"3.0";"None";"None";"None";"None";"nan";"7.250071";"43.698297";"000KW"
"2024-44979";"2024-05-31";"1";"Vente";"75750.0";"16.0";"None";"AV DES BAUMETTES";"0660";"06000";"06088";"Nice";"06";"None";"None";"06088000KW0080";"None";"None";"52";"14.5";"None";"nan";"None";"nan";"None";"None";"None";"None";"1";"3";"Dépendance";"nan";"0.0";"None";"None";"None";"None";"nan";"7.250366";"43.695706";"000KW"
"2024-44979";"2024-05-31";"1";"Vente";"75750.0";"16.0";"None";"AV DES BAUMETTES";"0660";"06000";"06088";"Nice";"06";"None";"None";"06088000KW0080";"None";"None";"53";"nan";"None";"nan";"None";"nan";"None";"None";"None";"None";"1";"3";"Dépendance";"nan";"0.0";"None";"None";"None";"None";"nan";"7.250366";"43.695706";"000KW"
"2024-45485";"2024-05-31";"1";"Vente";"279500.0";"76.0";"None";"AV BAUMETTES MIRAMAR";"0664";"06000";"06088";"Nice";"06";"None";"None";"06088000KW0005";"None";"None";"124";"nan";"197";"nan";"None";"nan";"None";"None";"None";"None";"2";"3";"Dépendance";"nan";"0.0";"None";"None";"None";"None";"nan";"7.250071";"43.698297";"000KW"
"2024-45868";"2024-05-30";"1";"Vente";"158000.0";"19.0";"None";"AV DES ORANGERS";"4590";"06000";"06088";"Nice";"06";"None";"None";"06088000KW0153";"None";"None";"219";"39.34";"95";"nan";"None";"nan";"None";"None";"None";"None";"2";"2";"Appartement";"39.0";"2.0";"None";"None";"None";"None";"nan";"7.252797";"43.696798";"000KW"
"2024-45868";"2024-05-30";"1";"Vente";"158000.0";"19.0";"None";"AV DES ORANGERS";"4590";"06000";"06088";"Nice";"06";"None";"None";"06088000KW0153";"None";"None";"219";"39.34";"95";"nan";"None";"nan";"None";"None";"None";"None";"2";"3";"Dépendance";"nan";"0.0";"None";"None";"None";"None";"nan";"7.252797";"43.696798";"000KW"
"2024-45032";"2024-05-29";"1";"Vente";"143970.0";"4.0";"None";"BD FRANCOIS GROSSO";"2630";"06000";"06088";"Nice";"06";"None";"None";"06088000KW0318";"None";"None";"66";"nan";"None";"nan";"None";"nan";"None";"None";"None";"None";"1";"2";"Appartement";"20.0";"1.0";"None";"None";"None";"None";"nan";"7.252322";"43.694771";"000KW"
"2024-45191";"2024-05-28";"1";"Vente";"145000.0";"90.0";"None";"RUE DE FRANCE";"2595";"06000";"06088";"Nice";"06";"None";"None";"06088000KW0369";"None";"None";"1115";"18.16";"None";"nan";"None";"nan";"None";"None";"None";"None";"1";"2";"Appartement";"17.0";"1.0";"None";"None";"None";"None";"nan";"7.252761";"43.694482";"000KW"
"2024-45199";"2024-05-28";"1";"Vente";"315000.0";"18.0";"None";"RUE DES POTIERS";"5225";"06000";"06088";"Nice";"06";"None";"None";"06088000KW0310";"None";"None";"66";"nan";"7";"nan";"None";"nan";"None";"None";"None";"None";"2";"2";"Appartement";"49.0";"2.0";"None";"None";"None";"None";"nan";"7.253089";"43.695172";"000KW"
"2024-45572";"2024-05-28";"1";"Vente";"350000.0";"7.0";"None";"AV LOUIS COCHOIS";"3740";"06000";"06088";"Nice";"06";"None";"None";"06088000KW0104";"None";"None";"7";"59.6";"None";"nan";"None";"nan";"None";"None";"None";"None";"1";"2";"Appartement";"48.0";"3.0";"None";"None";"None";"None";"nan";"7.250879";"43.697891";"000KW"
"2024-45199";"2024-05-28";"1";"Vente";"315000.0";"18.0";"None";"RUE DES POTIERS";"5225";"06000";"06088";"Nice";"06";"None";"None";"06088000KW0310";"None";"None";"66";"nan";"7";"nan";"None";"nan";"None";"None";"None";"None";"2";"3";"Dépendance";"nan";"0.0";"None";"None";"None";"None";"nan";"7.253089";"43.695172";"000KW"
"2024-45572";"2024-05-28";"1";"Vente";"350000.0";"7.0";"None";"AV LOUIS COCHOIS";"3740";"06000";"06088";"Nice";"06";"None";"None";"06088000KW0104";"None";"None";"7";"59.6";"None";"nan";"None";"nan";"None";"None";"None";"None";"1";"3";"Dépendance";"nan";"0.0";"None";"None";"None";"None";"nan";"7.250879";"43.697891";"000KW"
"2024-45107";"2024-05-24";"1";"Vente";"165000.0";"55.0";"None";"PROM DES ANGLAIS";"0240";"06000";"06088";"Nice";"06";"None";"None";"06088000KW0284";"None";"None";"13";"nan";"None";"nan";"None";"nan";"None";"None";"None";"None";"1";"3";"Dépendance";"nan";"0.0";"None";"None";"None";"None";"nan";"7.253866";"43.693731";"000KW"
"2024-45107";"2024-05-24";"1";"Vente";"165000.0";"55.0";"None";"PROM DES ANGLAIS";"0240";"06000";"06088";"Nice";"06";"None";"None";"06088000KW0284";"None";"None";"5";"nan";"None";"nan";"None";"nan";"None";"None";"None";"None";"1";"3";"Dépendance";"nan";"0.0";"None";"None";"None";"None";"nan";"7.253866";"43.693731";"000KW"
"2024-45107";"2024-05-24";"1";"Vente";"165000.0";"55.0";"None";"PROM DES ANGLAIS";"0240";"06000";"06088";"Nice";"06";"None";"None";"06088000KW0284";"None";"None";"7";"nan";"None";"nan";"None";"nan";"None";"None";"None";"None";"1";"3";"Dépendance";"nan";"0.0";"None";"None";"None";"None";"nan";"7.253866";"43.693731";"000KW"
"2024-45107";"2024-05-24";"1";"Vente";"165000.0";"55.0";"None";"PROM DES ANGLAIS";"0240";"06000";"06088";"Nice";"06";"None";"None";"06088000KW0284";"None";"None";"6";"nan";"None";"nan";"None";"nan";"None";"None";"None";"None";"1";"3";"Dépendance";"nan";"0.0";"None";"None";"None";"None";"nan";"7.253866";"43.693731";"000KW"
"2024-44731";"2024-05-23";"1";"Vente";"117925.0";"15.0";"None";"RUE ALEXIS MOSSA";"0094";"06000";"06088";"Nice";"06";"None";"None";"06088000KW0183";"None";"None";"11";"29.29";"None";"nan";"None";"nan";"None";"None";"None";"None";"1";"2";"Appartement";"30.0";"1.0";"None";"None";"None";"None";"nan";"7.252412";"43.695896";"000KW"
"2024-44934";"2024-05-23";"1";"Vente";"310000.0";"18.0";"None";"RUE DES POTIERS";"5225";"06000";"06088";"Nice";"06";"None";"None";"06088000KW0310";"None";"None";"20";"nan";"70";"43.92";"None";"nan";"None";"None";"None";"None";"2";"2";"Appartement";"46.0";"2.0";"None";"None";"None";"None";"nan";"7.253089";"43.695172";"000KW"
"2024-44934";"2024-05-23";"1";"Vente";"310000.0";"18.0";"None";"RUE DES POTIERS";"5225";"06000";"06088";"Nice";"06";"None";"None";"06088000KW0310";"None";"None";"20";"nan";"70";"43.92";"None";"nan";"None";"None";"None";"None";"2";"3";"Dépendance";"nan";"0.0";"None";"None";"None";"None";"nan";"7.253089";"43.695172";"000KW"
"2024-44600";"2024-05-23";"1";"Vente";"57000.0";"17.0";"None";"AV FLEURS";"2460";"06000";"06088";"Nice";"06";"None";"None";"06088000KW0123";"None";"None";"180";"nan";"None";"nan";"None";"nan";"None";"None";"None";"None";"1";"4";"Local industriel. commercial ou assimilé";"49.0";"0.0";"None";"None";"None";"None";"nan";"7.253164";"43.697428";"000KW"
"2024-44600";"2024-05-23";"1";"Vente";"57000.0";"17.0";"None";"AV FLEURS";"2460";"06000";"06088";"Nice";"06";"None";"None";"06088000KW0123";"None";"None";"179";"nan";"None";"nan";"None";"nan";"None";"None";"None";"None";"1";"4";"Local industriel. commercial ou assimilé";"7.0";"0.0";"None";"None";"None";"None";"nan";"7.253164";"43.697428";"000KW"
"2024-44701";"2024-05-21";"1";"Vente";"505000.0";"7.0";"None";"RUE ALEXIS MOSSA";"0094";"06000";"06088";"Nice";"06";"None";"None";"06088000KW0192";"None";"None";"31";"nan";"80";"70.17";"None";"nan";"None";"None";"None";"None";"2";"2";"Appartement";"65.0";"2.0";"None";"None";"None";"None";"nan";"7.253074";"43.695885";"000KW"
"2024-44701";"2024-05-21";"1";"Vente";"505000.0";"7.0";"None";"RUE ALEXIS MOSSA";"0094";"06000";"06088";"Nice";"06";"None";"None";"06088000KW0192";"None";"None";"31";"nan";"80";"70.17";"None";"nan";"None";"None";"None";"None";"2";"3";"Dépendance";"nan";"0.0";"None";"None";"None";"None";"nan";"7.253074";"43.695885";"000KW"
"2024-44603";"2024-05-17";"1";"Vente";"316500.0";"30.0";"None";"RUE SAINT PHILIPPE";"5895";"06000";"06088";"Nice";"06";"None";"None";"06088000KW0487";"None";"None";"38";"nan";"6";"nan";"None";"nan";"None";"None";"None";"None";"2";"2";"Appartement";"61.0";"2.0";"None";"None";"None";"None";"nan";"7.25522";"43.696505";"000KW"
"2024-44603";"2024-05-17";"1";"Vente";"316500.0";"30.0";"None";"RUE SAINT PHILIPPE";"5895";"06000";"06088";"Nice";"06";"None";"None";"06088000KW0487";"None";"None";"38";"nan";"6";"nan";"None";"nan";"None";"None";"None";"None";"2";"3";"Dépendance";"nan";"0.0";"None";"None";"None";"None";"nan";"7.25522";"43.696505";"000KW"
"2024-49369";"2024-05-16";"1";"Adjudication";"200000.0";"6.0";"None";"RUE DES POTIERS";"5225";"06000";"06088";"Nice";"06";"None";"None";"06088000KW0311";"None";"None";"140";"nan";"None";"nan";"None";"nan";"None";"None";"None";"None";"1";"2";"Appartement";"36.0";"2.0";"None";"None";"None";"None";"nan";"7.253284";"43.694842";"000KW"
"2024-44723";"2024-05-14";"1";"Vente";"50000.0";"7.0";"None";"AV FLEURS";"2460";"06000";"06088";"Nice";"06";"None";"None";"06088000KW0130";"None";"None";"36";"nan";"None";"nan";"None";"nan";"None";"None";"None";"None";"1";"3";"Dépendance";"nan";"0.0";"None";"None";"None";"None";"nan";"7.254675";"43.697427";"000KW"
"2024-44990";"2024-05-14";"1";"Echange";"1500.0";"55.0";"None";"PROM DES ANGLAIS";"0240";"06000";"06088";"Nice";"06";"None";"None";"06088000KW0284";"None";"None";"11";"nan";"None";"nan";"None";"nan";"None";"None";"None";"None";"1";"3";"Dépendance";"nan";"0.0";"None";"None";"None";"None";"nan";"7.253866";"43.693731";"000KW"
"2024-44535";"2024-05-07";"1";"Vente";"335000.0";"5.0";"None";"AV FLEURS";"2460";"06000";"06088";"Nice";"06";"None";"None";"06088000KW0131";"None";"None";"12";"nan";"None";"nan";"None";"nan";"None";"None";"None";"None";"1";"2";"Appartement";"45.0";"1.0";"None";"None";"None";"None";"nan";"7.255071";"43.697471";"000KW"
"2024-44535";"2024-05-07";"1";"Vente";"335000.0";"5.0";"None";"AV FLEURS";"2460";"06000";"06088";"Nice";"06";"None";"None";"06088000KW0131";"None";"None";"12";"nan";"None";"nan";"None";"nan";"None";"None";"None";"None";"1";"3";"Dépendance";"nan";"0.0";"None";"None";"None";"None";"nan";"7.255071";"43.697471";"000KW"
"2024-44013";"2024-05-03";"1";"Vente";"242990.0";"66.0";"None";"AV DES BAUMETTES";"0660";"06000";"06088";"Nice";"06";"None";"None";"06088000KW0019";"None";"None";"175";"nan";"187";"nan";"None";"nan";"None";"None";"None";"None";"2";"2";"Appartement";"70.0";"2.0";"None";"None";"None";"None";"nan";"7.248507";"43.696603";"000KW"
"2024-44444";"2024-05-03";"1";"Vente";"200000.0";"2.0";"None";"BD FRANCOIS GROSSO";"2630";"06000";"06088";"Nice";"06";"None";"None";"06088000KW0370";"None";"None";"39";"nan";"None";"nan";"None";"nan";"None";"None";"None";"None";"1";"2";"Appartement";"35.0";"2.0";"None";"None";"None";"None";"nan";"7.252572";"43.694566";"000KW"
"2024-44476";"2024-05-03";"1";"Vente";"615000.0";"7.0";"None";"AV FLEURS";"2460";"06000";"06088";"Nice";"06";"None";"None";"06088000KW0130";"None";"None";"1";"nan";"11";"nan";"None";"nan";"None";"None";"None";"None";"2";"2";"Appartement";"90.0";"3.0";"None";"None";"None";"None";"nan";"7.254675";"43.697427";"000KW"
"2024-44013";"2024-05-03";"1";"Vente";"242990.0";"66.0";"None";"AV DES BAUMETTES";"0660";"06000";"06088";"Nice";"06";"None";"None";"06088000KW0019";"None";"None";"175";"nan";"187";"nan";"None";"nan";"None";"None";"None";"None";"2";"3";"Dépendance";"nan";"0.0";"None";"None";"None";"None";"nan";"7.248507";"43.696603";"000KW"
"2024-44013";"2024-05-03";"1";"Vente";"242990.0";"66.0";"None";"AV DES BAUMETTES";"0660";"06000";"06088";"Nice";"06";"None";"None";"06088000KW0019";"None";"None";"217";"nan";"None";"nan";"None";"nan";"None";"None";"None";"None";"1";"3";"Dépendance";"nan";"0.0";"None";"None";"None";"None";"nan";"7.248507";"43.696603";"000KW"
"2024-44476";"2024-05-03";"1";"Vente";"615000.0";"7.0";"None";"AV FLEURS";"2460";"06000";"06088";"Nice";"06";"None";"None";"06088000KW0130";"None";"None";"1";"nan";"11";"nan";"None";"nan";"None";"None";"None";"None";"2";"3";"Dépendance";"nan";"0.0";"None";"None";"None";"None";"nan";"7.254675";"43.697427";"000KW"
"2024-43729";"2024-04-30";"1";"Vente";"185000.0";"1.0";"None";"RUE ANDRIOLI";"0230";"06000";"06088";"Nice";"06";"None";"None";"06088000KW0281";"None";"None";"3";"nan";"71";"nan";"None";"nan";"None";"None";"None";"None";"2";"2";"Appartement";"30.0";"1.0";"None";"None";"None";"None";"nan";"7.254147";"43.693921";"000KW"
"2024-43808";"2024-04-30";"1";"Vente";"235000.0";"45.0";"None";"BD FRANCOIS GROSSO";"2630";"06000";"06088";"Nice";"06";"None";"None";"06088000KW0432";"None";"None";"45";"nan";"63";"nan";"None";"nan";"None";"None";"None";"None";"2";"2";"Appartement";"68.0";"3.0";"None";"None";"None";"None";"nan";"7.250955";"43.697141";"000KW"
"2024-44000";"2024-04-30";"1";"Vente";"214000.0";"16.0";"None";"AV DES ORANGERS";"4590";"06000";"06088";"Nice";"06";"None";"None";"06088000KW0120";"None";"None";"29";"nan";"None";"nan";"None";"nan";"None";"None";"None";"None";"1";"2";"Appartement";"31.0";"2.0";"None";"None";"None";"None";"nan";"7.252789";"43.697222";"000KW"
"2024-44203";"2024-04-30";"1";"Vente";"180000.0";"17.0";"None";"AV FLEURS";"2460";"06000";"06088";"Nice";"06";"None";"None";"06088000KW0123";"None";"None";"59";"nan";"None";"nan";"None";"nan";"None";"None";"None";"None";"1";"2";"Appartement";"28.0";"1.0";"None";"None";"None";"None";"nan";"7.253164";"43.697428";"000KW"
"2024-43729";"2024-04-30";"1";"Vente";"185000.0";"1.0";"None";"RUE ANDRIOLI";"0230";"06000";"06088";"Nice";"06";"None";"None";"06088000KW0281";"None";"None";"3";"nan";"71";"nan";"None";"nan";"None";"None";"None";"None";"2";"3";"Dépendance";"nan";"0.0";"None";"None";"None";"None";"nan";"7.254147";"43.693921";"000KW"
"2024-43808";"2024-04-30";"1";"Vente";"235000.0";"45.0";"None";"BD FRANCOIS GROSSO";"2630";"06000";"06088";"Nice";"06";"None";"None";"06088000KW0432";"None";"None";"45";"nan";"63";"nan";"None";"nan";"None";"None";"None";"None";"2";"3";"Dépendance";"nan";"0.0";"None";"None";"None";"None";"nan";"7.250955";"43.697141";"000KW"
"2024-44000";"2024-04-30";"1";"Vente";"214000.0";"16.0";"None";"AV DES ORANGERS";"4590";"06000";"06088";"Nice";"06";"None";"None";"06088000KW0120";"None";"None";"2";"nan";"None";"nan";"None";"nan";"None";"None";"None";"None";"1";"3";"Dépendance";"nan";"0.0";"None";"None";"None";"None";"nan";"7.252789";"43.697222";"000KW"
"2024-44484";"2024-04-30";"1";"Vente";"55000.0";"27.0";"None";"AV FLEURS";"2460";"06000";"06088";"Nice";"06";"None";"None";"06088000KW0108";"None";"None";"103";"nan";"None";"nan";"None";"nan";"None";"None";"None";"None";"1";"3";"Dépendance";"nan";"0.0";"None";"None";"None";"None";"nan";"7.251754";"43.697744";"000KW"
"2024-43989";"2024-04-29";"1";"Vente";"97000.0";"10.0";"None";"AV DES ORANGERS";"4590";"06000";"06088";"Nice";"06";"None";"None";"06088000KW0124";"None";"None";"77";"nan";"None";"nan";"None";"nan";"None";"None";"None";"None";"1";"2";"Appartement";"20.0";"1.0";"None";"None";"None";"None";"nan";"7.253552";"43.697329";"000KW"
"2024-44185";"2024-04-26";"1";"Vente";"625000.0";"11.0";"None";"BD GAMBETTA";"2755";"06000";"06088";"Nice";"06";"None";"None";"06088000KW0249";"None";"None";"18";"nan";"57";"nan";"None";"nan";"None";"None";"None";"None";"2";"2";"Appartement";"110.0";"4.0";"None";"None";"None";"None";"nan";"7.255965";"43.694979";"000KW"
"2024-44185";"2024-04-26";"1";"Vente";"625000.0";"11.0";"None";"BD GAMBETTA";"2755";"06000";"06088";"Nice";"06";"None";"None";"06088000KW0249";"None";"None";"18";"nan";"57";"nan";"None";"nan";"None";"None";"None";"None";"2";"3";"Dépendance";"nan";"0.0";"None";"None";"None";"None";"nan";"7.255965";"43.694979";"000KW"
"2024-43549";"2024-04-26";"1";"Vente";"50000.0";"17.0";"None";"AV FLEURS";"2460";"06000";"06088";"Nice";"06";"None";"None";"06088000KW0123";"None";"None";"189";"nan";"None";"nan";"None";"nan";"None";"None";"None";"None";"1";"4";"Local industriel. commercial ou assimilé";"10.0";"0.0";"None";"None";"None";"None";"nan";"7.253164";"43.697428";"000KW"
"2024-44370";"2024-04-25";"1";"Vente";"185000.0";"25.0";"None";"AV DES ORANGERS";"4590";"06000";"06088";"Nice";"06";"None";"None";"06088000KW0156";"None";"None";"29";"nan";"None";"nan";"None";"nan";"None";"None";"None";"None";"1";"2";"Appartement";"24.0";"1.0";"None";"None";"None";"None";"nan";"7.252013";"43.6969";"000KW"
"2024-44370";"2024-04-25";"1";"Vente";"185000.0";"25.0";"None";"AV DES ORANGERS";"4590";"06000";"06088";"Nice";"06";"None";"None";"06088000KW0156";"None";"None";"4";"nan";"None";"nan";"None";"nan";"None";"None";"None";"None";"1";"3";"Dépendance";"nan";"0.0";"None";"None";"None";"None";"nan";"7.252013";"43.6969";"000KW"
"2024-43596";"2024-04-22";"1";"Vente";"285000.0";"30.0";"None";"RUE SAINT PHILIPPE";"5895";"06000";"06088";"Nice";"06";"None";"None";"06088000KW0487";"None";"None";"18";"nan";"None";"nan";"None";"nan";"None";"None";"None";"None";"1";"2";"Appartement";"35.0";"1.0";"None";"None";"None";"None";"nan";"7.25522";"43.696505";"000KW"
"2024-43735";"2024-04-22";"1";"Vente";"112140.0";"6.0";"None";"RUE DANTE";"1835";"06000";"06088";"Nice";"06";"None";"None";"06088000KW0493";"None";"None";"64";"nan";"None";"nan";"None";"nan";"None";"None";"None";"None";"1";"2";"Appartement";"32.0";"2.0";"None";"None";"None";"None";"nan";"7.255103";"43.696037";"000KW"
"2024-43596";"2024-04-22";"1";"Vente";"285000.0";"30.0";"None";"RUE SAINT PHILIPPE";"5895";"06000";"06088";"Nice";"06";"None";"None";"06088000KW0487";"None";"None";"18";"nan";"None";"nan";"None";"nan";"None";"None";"None";"None";"1";"3";"Dépendance";"nan";"0.0";"None";"None";"None";"None";"nan";"7.25522";"43.696505";"000KW"
"2024-43694";"2024-04-17";"1";"Vente";"45000.0";"19.0";"None";"RUE ANDRIOLI";"0230";"06000";"06088";"Nice";"06";"None";"None";"06088000KW0206";"None";"None";"91";"nan";"None";"nan";"None";"nan";"None";"None";"None";"None";"1";"3";"Dépendance";"nan";"0.0";"None";"None";"None";"None";"nan";"7.253381";"43.696371";"000KW"
"2024-43160";"2024-04-16";"1";"Vente";"225000.0";"6.0";"None";"RUE ALEXIS MOSSA";"0094";"06000";"06088";"Nice";"06";"None";"None";"06088000KW0201";"None";"None";"63";"nan";"None";"nan";"None";"nan";"None";"None";"None";"None";"1";"2";"Appartement";"49.0";"2.0";"None";"None";"None";"None";"nan";"7.253236";"43.696235";"000KW"
"2024-44068";"2024-04-16";"1";"Vente";"169000.0";"45.0";"B";"BD FRANCOIS GROSSO";"2630";"06000";"06088";"Nice";"06";"None";"None";"06088000KW0432";"None";"None";"80";"nan";"89";"32.52";"None";"nan";"None";"None";"None";"None";"2";"2";"Appartement";"32.0";"2.0";"None";"None";"None";"None";"nan";"7.250955";"43.697141";"000KW"
"2024-43297";"2024-04-16";"1";"Vente";"45000.0";"8.0";"None";"AV DES ORANGERS";"4590";"06000";"06088";"Nice";"06";"None";"None";"06088000KW0126";"None";"None";"5";"nan";"None";"nan";"None";"nan";"None";"None";"None";"None";"1";"3";"Dépendance";"nan";"0.0";"None";"None";"None";"None";"nan";"7.253887";"43.697261";"000KW"
"2024-44068";"2024-04-16";"1";"Vente";"169000.0";"45.0";"B";"BD FRANCOIS GROSSO";"2630";"06000";"06088";"Nice";"06";"None";"None";"06088000KW0432";"None";"None";"80";"nan";"89";"32.52";"None";"nan";"None";"None";"None";"None";"2";"3";"Dépendance";"nan";"0.0";"None";"None";"None";"None";"nan";"7.250955";"43.697141";"000KW"
"2024-43155";"2024-04-15";"1";"Vente";"196070.0";"17.0";"None";"AV FLEURS";"2460";"06000";"06088";"Nice";"06";"None";"None";"06088000KW0123";"None";"None";"5";"nan";"None";"nan";"None";"nan";"None";"None";"None";"None";"1";"2";"Appartement";"27.0";"1.0";"None";"None";"None";"None";"nan";"7.253164";"43.697428";"000KW"
"2024-43064";"2024-04-12";"1";"Vente";"145000.0";"13.0";"None";"RUE DANTE";"1835";"06000";"06088";"Nice";"06";"None";"None";"06088000KW0299";"None";"None";"18";"nan";"67";"nan";"None";"nan";"None";"None";"None";"None";"2";"2";"Appartement";"30.0";"1.0";"None";"None";"None";"None";"nan";"7.253871";"43.695389";"000KW"
"2024-43064";"2024-04-12";"1";"Vente";"145000.0";"13.0";"None";"RUE DANTE";"1835";"06000";"06088";"Nice";"06";"None";"None";"06088000KW0299";"None";"None";"18";"nan";"67";"nan";"None";"nan";"None";"None";"None";"None";"2";"3";"Dépendance";"nan";"0.0";"None";"None";"None";"None";"nan";"7.253871";"43.695389";"000KW"
"2024-43285";"2024-04-10";"1";"Vente";"210000.0";"37.0";"None";"BD FRANCOIS GROSSO";"2630";"06000";"06088";"Nice";"06";"None";"None";"06088000KW0089";"None";"None";"57";"35.92";"None";"nan";"None";"nan";"None";"None";"None";"None";"1";"2";"Appartement";"34.0";"1.0";"None";"None";"None";"None";"nan";"7.250929";"43.696539";"000KW"
"2024-43256";"2024-04-08";"1";"Vente";"500000.0";"8.0";"None";"RUE SAINT PHILIPPE";"5895";"06000";"06088";"Nice";"06";"None";"None";"06088000KW0446";"None";"None";"237";"nan";"None";"nan";"None";"nan";"None";"None";"None";"None";"1";"2";"Appartement";"75.0";"3.0";"None";"None";"None";"None";"nan";"7.255854";"43.694672";"000KW"
"2024-43374";"2024-04-08";"1";"Vente";"135000.0";"9.0";"None";"RUE J BAPTISTE SPINETTA";"3340";"06000";"06088";"Nice";"06";"None";"None";"06088000KW0160";"None";"None";"5";"26.28";"8";"nan";"None";"nan";"None";"None";"None";"None";"2";"2";"Appartement";"25.0";"1.0";"None";"None";"None";"None";"nan";"7.251939";"43.696616";"000KW"
"2024-43256";"2024-04-08";"1";"Vente";"500000.0";"8.0";"None";"RUE SAINT PHILIPPE";"5895";"06000";"06088";"Nice";"06";"None";"None";"06088000KW0446";"None";"None";"237";"nan";"None";"nan";"None";"nan";"None";"None";"None";"None";"1";"3";"Dépendance";"nan";"0.0";"None";"None";"None";"None";"nan";"7.255854";"43.694672";"000KW"
"2024-43256";"2024-04-08";"1";"Vente";"500000.0";"10.0";"None";"RUE SAINT PHILIPPE";"5895";"06000";"06088";"Nice";"06";"None";"None";"06088000KW0446";"None";"None";"68";"75.03";"None";"nan";"None";"nan";"None";"None";"None";"None";"1";"3";"Dépendance";"nan";"0.0";"None";"None";"None";"None";"nan";"7.255854";"43.694672";"000KW"
"2024-43982";"2024-04-08";"1";"Vente";"4000.0";"29.0";"None";"BD GAMBETTA";"2755";"06000";"06088";"Nice";"06";"None";"None";"06088000KW0138";"None";"None";"42";"nan";"None";"nan";"None";"nan";"None";"None";"None";"None";"1";"3";"Dépendance";"nan";"0.0";"None";"None";"None";"None";"nan";"7.25592";"43.696883";"000KW"
"2024-43372";"2024-04-04";"1";"Vente";"45000.0";"18.0";"None";"AV LOUIS COCHOIS";"3740";"06000";"06088";"Nice";"06";"None";"None";"06088000KW0596";"None";"None";"95";"nan";"None";"nan";"None";"nan";"None";"None";"None";"None";"1";"3";"Dépendance";"nan";"0.0";"None";"None";"None";"None";"nan";"7.250141";"43.697016";"000KW"
"2024-43021";"2024-04-02";"1";"Vente";"599500.0";"95.0";"None";"RUE DE FRANCE";"2595";"06000";"06088";"Nice";"06";"None";"None";"06088000KW0247";"None";"None";"22";"134.4";"54";"nan";"None";"nan";"None";"None";"None";"None";"2";"2";"Appartement";"115.0";"5.0";"None";"None";"None";"None";"nan";"7.255559";"43.69489";"000KW"
"2024-43456";"2024-03-29";"1";"Vente";"265000.0";"72.0";"None";"RUE DE FRANCE";"2595";"06000";"06088";"Nice";"06";"None";"None";"06088000KW0259";"None";"None";"5";"55.12";"None";"nan";"None";"nan";"None";"None";"None";"None";"1";"2";"Appartement";"20.0";"1.0";"None";"None";"None";"None";"nan";"7.254832";"43.695051";"000KW"
"2024-43456";"2024-03-29";"1";"Vente";"265000.0";"72.0";"None";"RUE DE FRANCE";"2595";"06000";"06088";"Nice";"06";"None";"None";"06088000KW0259";"None";"None";"5";"55.12";"None";"nan";"None";"nan";"None";"None";"None";"None";"1";"2";"Appartement";"32.0";"2.0";"None";"None";"None";"None";"nan";"7.254832";"43.695051";"000KW"
"2024-42757";"2024-03-29";"1";"Vente";"51000.0";"76.0";"None";"AV BAUMETTES PANORAMIC";"0665";"06000";"06088";"Nice";"06";"None";"None";"06088000KW0005";"None";"None";"461";"nan";"None";"nan";"None";"nan";"None";"None";"None";"None";"1";"3";"Dépendance";"nan";"0.0";"None";"None";"None";"None";"nan";"7.250071";"43.698297";"000KW"
"2024-43978";"2024-03-29";"1";"Vente";"65000.0";"10.0";"None";"RUE SAINT PHILIPPE";"5895";"06000";"06088";"Nice";"06";"None";"None";"06088000KW0446";"None";"None";"56";"nan";"None";"nan";"None";"nan";"None";"None";"None";"None";"1";"3";"Dépendance";"nan";"0.0";"None";"None";"None";"None";"nan";"7.255854";"43.694672";"000KW"
"2024-42748";"2024-03-28";"1";"Vente";"42500.0";"19.0";"None";"RUE ANDRIOLI";"0230";"06000";"06088";"Nice";"06";"None";"None";"06088000KW0206";"None";"None";"53";"nan";"None";"nan";"None";"nan";"None";"None";"None";"None";"1";"3";"Dépendance";"nan";"0.0";"None";"None";"None";"None";"nan";"7.253381";"43.696371";"000KW"
"2024-42459";"2024-03-22";"1";"Vente";"1375000.0";"4.0";"None";"AV CHATEAU DE LA TOUR";"1355";"06000";"06088";"Nice";"06";"None";"None";"06088000KW0036";"None";"None";"None";"nan";"None";"nan";"None";"nan";"None";"None";"None";"None";"0";"2";"Appartement";"123.0";"5.0";"S";"sols";"None";"None";"398.0";"7.249255";"43.6951";"000KW"
"2024-42459";"2024-03-22";"1";"Vente";"1375000.0";"4.0";"None";"AV CHATEAU DE LA TOUR";"1355";"06000";"06088";"Nice";"06";"None";"None";"06088000KW0036";"None";"None";"None";"nan";"None";"nan";"None";"nan";"None";"None";"None";"None";"0";"2";"Appartement";"62.0";"3.0";"S";"sols";"None";"None";"398.0";"7.249255";"43.6951";"000KW"
"2024-42960";"2024-03-22";"1";"Vente";"528020.0";"16.0";"None";"RUE BOTTERO";"0925";"06000";"06088";"Nice";"06";"None";"None";"06088000KW0150";"None";"None";"15";"82.02";"None";"nan";"None";"nan";"None";"None";"None";"None";"1";"2";"Appartement";"80.0";"3.0";"None";"None";"None";"None";"nan";"7.25339";"43.696731";"000KW"
"2024-42473";"2024-03-21";"1";"Vente";"358000.0";"28.0";"None";"BD FRANCOIS GROSSO";"2630";"06000";"06088";"Nice";"06";"None";"None";"06088000KW0362";"None";"None";"1010";"nan";"1108";"57.78";"None";"nan";"None";"None";"None";"None";"2";"2";"Appartement";"58.0";"2.0";"None";"None";"None";"None";"nan";"7.251748";"43.69738";"000KW"
"2024-42473";"2024-03-21";"1";"Vente";"358000.0";"28.0";"None";"BD FRANCOIS GROSSO";"2630";"06000";"06088";"Nice";"06";"None";"None";"06088000KW0362";"None";"None";"1063";"nan";"None";"nan";"None";"nan";"None";"None";"None";"None";"1";"3";"Dépendance";"nan";"0.0";"None";"None";"None";"None";"nan";"7.251748";"43.69738";"000KW"
"2024-42473";"2024-03-21";"1";"Vente";"358000.0";"28.0";"None";"BD FRANCOIS GROSSO";"2630";"06000";"06088";"Nice";"06";"None";"None";"06088000KW0362";"None";"None";"1010";"nan";"1108";"57.78";"None";"nan";"None";"None";"None";"None";"2";"3";"Dépendance";"nan";"0.0";"None";"None";"None";"None";"nan";"7.251748";"43.69738";"000KW"
"2024-42278";"2024-03-18";"1";"Vente";"370000.0";"18.0";"B";"AV DES ORANGERS";"4590";"06000";"06088";"Nice";"06";"None";"None";"06088000KW0434";"None";"None";"31";"nan";"53";"nan";"None";"nan";"None";"None";"None";"None";"2";"2";"Appartement";"65.0";"3.0";"None";"None";"None";"None";"nan";"7.25216";"43.697366";"000KW"
"2024-42278";"2024-03-18";"1";"Vente";"370000.0";"18.0";"B";"AV DES ORANGERS";"4590";"06000";"06088";"Nice";"06";"None";"None";"06088000KW0434";"None";"None";"31";"nan";"53";"nan";"None";"nan";"None";"None";"None";"None";"2";"3";"Dépendance";"nan";"0.0";"None";"None";"None";"None";"nan";"7.25216";"43.697366";"000KW"
"2024-42841";"2024-03-18";"1";"Vente";"43000.0";"45.0";"None";"RUE DES POTIERS";"5225";"06000";"06088";"Nice";"06";"None";"None";"06088000KW0434";"None";"None";"113";"nan";"None";"nan";"None";"nan";"None";"None";"None";"None";"1";"3";"Dépendance";"nan";"0.0";"None";"None";"None";"None";"nan";"7.25216";"43.697366";"000KW"
"2024-42311";"2024-03-15";"1";"Vente";"48533.0";"55.0";"None";"PROM DES ANGLAIS";"0240";"06000";"06088";"Nice";"06";"None";"None";"06088000KW0284";"None";"None";"27";"nan";"None";"nan";"None";"nan";"None";"None";"None";"None";"1";"2";"Appartement";"287.0";"5.0";"None";"None";"None";"None";"nan";"7.253866";"43.693731";"000KW"
"2024-42311";"2024-03-15";"1";"Vente";"48533.0";"55.0";"None";"PROM DES ANGLAIS";"0240";"06000";"06088";"Nice";"06";"None";"None";"06088000KW0284";"None";"None";"27";"nan";"None";"nan";"None";"nan";"None";"None";"None";"None";"1";"3";"Dépendance";"nan";"0.0";"None";"None";"None";"None";"nan";"7.253866";"43.693731";"000KW"
"2024-42273";"2024-03-13";"1";"Vente";"240000.0";"20.0";"None";"AV DES ORANGERS";"4590";"06000";"06088";"Nice";"06";"None";"None";"06088000KW0362";"None";"None";"782";"nan";"820";"nan";"None";"nan";"None";"None";"None";"None";"2";"2";"Appartement";"48.0";"2.0";"None";"None";"None";"None";"nan";"7.251748";"43.69738";"000KW"
"2024-42273";"2024-03-13";"1";"Vente";"240000.0";"20.0";"None";"AV DES ORANGERS";"4590";"06000";"06088";"Nice";"06";"None";"None";"06088000KW0362";"None";"None";"782";"nan";"820";"nan";"None";"nan";"None";"None";"None";"None";"2";"3";"Dépendance";"nan";"0.0";"None";"None";"None";"None";"nan";"7.251748";"43.69738";"000KW"
"2024-41966";"2024-03-12";"1";"Vente";"345000.0";"19.0";"None";"AV DES ORANGERS";"4590";"06000";"06088";"Nice";"06";"None";"None";"06088000KW0153";"None";"None";"115";"nan";"218";"57.82";"None";"nan";"None";"None";"None";"None";"2";"2";"Appartement";"57.0";"1.0";"None";"None";"None";"None";"nan";"7.252797";"43.696798";"000KW"
"2024-41966";"2024-03-12";"1";"Vente";"345000.0";"19.0";"None";"AV DES ORANGERS";"4590";"06000";"06088";"Nice";"06";"None";"None";"06088000KW0153";"None";"None";"115";"nan";"218";"57.82";"None";"nan";"None";"None";"None";"None";"2";"3";"Dépendance";"nan";"0.0";"None";"None";"None";"None";"nan";"7.252797";"43.696798";"000KW"
"2024-42214";"2024-03-11";"1";"Vente";"238000.0";"25.0";"None";"AV FLEURS";"2460";"06000";"06088";"Nice";"06";"None";"None";"06088000KW0112";"None";"None";"34";"nan";"8";"nan";"None";"nan";"None";"None";"None";"None";"2";"2";"Appartement";"50.0";"2.0";"None";"None";"None";"None";"nan";"7.251977";"43.697788";"000KW"
"2024-42214";"2024-03-11";"1";"Vente";"238000.0";"25.0";"None";"AV FLEURS";"2460";"06000";"06088";"Nice";"06";"None";"None";"06088000KW0112";"None";"None";"34";"nan";"8";"nan";"None";"nan";"None";"None";"None";"None";"2";"3";"Dépendance";"nan";"0.0";"None";"None";"None";"None";"nan";"7.251977";"43.697788";"000KW"
"2024-42001";"2024-03-06";"1";"Vente";"90000.0";"13.0";"None";"RUE ALEXIS MOSSA";"0094";"06000";"06088";"Nice";"06";"None";"None";"06088000KW0182";"None";"None";"7";"17.53";"None";"nan";"None";"nan";"None";"None";"None";"None";"1";"2";"Appartement";"18.0";"1.0";"None";"None";"None";"None";"nan";"7.252551";"43.69596";"000KW"
"2024-41618";"2024-03-05";"1";"Vente";"185000.0";"37.0";"None";"BD FRANCOIS GROSSO";"2630";"06000";"06088";"Nice";"06";"None";"None";"06088000KW0089";"None";"None";"27";"nan";"None";"nan";"None";"nan";"None";"None";"None";"None";"1";"2";"Appartement";"48.0";"2.0";"None";"None";"None";"None";"nan";"7.250929";"43.696539";"000KW"
"2024-41766";"2024-03-05";"1";"Vente";"372191.0";"15.0";"B";"AV DES ORANGERS";"4590";"06000";"06088";"Nice";"06";"None";"None";"06088000KW0341";"None";"None";"18";"nan";"32";"nan";"None";"nan";"None";"None";"None";"None";"2";"2";"Appartement";"43.0";"2.0";"None";"None";"None";"None";"nan";"7.253267";"43.696923";"000KW"
"2024-41618";"2024-03-05";"1";"Vente";"185000.0";"37.0";"None";"BD FRANCOIS GROSSO";"2630";"06000";"06088";"Nice";"06";"None";"None";"06088000KW0089";"None";"None";"27";"nan";"None";"nan";"None";"nan";"None";"None";"None";"None";"1";"3";"Dépendance";"nan";"0.0";"None";"None";"None";"None";"nan";"7.250929";"43.696539";"000KW"
"2024-41766";"2024-03-05";"1";"Vente";"372191.0";"15.0";"B";"AV DES ORANGERS";"4590";"06000";"06088";"Nice";"06";"None";"None";"06088000KW0341";"None";"None";"18";"nan";"32";"nan";"None";"nan";"None";"None";"None";"None";"2";"3";"Dépendance";"nan";"0.0";"None";"None";"None";"None";"nan";"7.253267";"43.696923";"000KW"
"2024-41669";"2024-03-01";"1";"Vente";"75000.0";"17.0";"None";"AV FLEURS";"2460";"06000";"06088";"Nice";"06";"None";"None";"06088000KW0123";"None";"None";"127";"nan";"128";"nan";"None";"nan";"None";"None";"None";"None";"2";"3";"Dépendance";"nan";"0.0";"None";"None";"None";"None";"nan";"7.253164";"43.697428";"000KW"
"2024-41802";"2024-02-29";"1";"Vente";"300000.0";"19.0";"None";"AV DES ORANGERS";"4590";"06000";"06088";"Nice";"06";"None";"None";"06088000KW0153";"None";"None";"115";"nan";"218";"58.75";"None";"nan";"None";"None";"None";"None";"2";"2";"Appartement";"57.0";"1.0";"None";"None";"None";"None";"nan";"7.252797";"43.696798";"000KW"
"2024-42194";"2024-02-29";"1";"Vente";"310000.0";"22.0";"None";"RUE BOTTERO";"0925";"06000";"06088";"Nice";"06";"None";"None";"06088000KW0153";"None";"None";"265";"37.12";"70";"nan";"None";"nan";"None";"None";"None";"None";"2";"2";"Appartement";"35.0";"1.0";"None";"None";"None";"None";"nan";"7.252797";"43.696798";"000KW"
"2024-41802";"2024-02-29";"1";"Vente";"300000.0";"19.0";"None";"AV DES ORANGERS";"4590";"06000";"06088";"Nice";"06";"None";"None";"06088000KW0153";"None";"None";"115";"nan";"218";"58.75";"None";"nan";"None";"None";"None";"None";"2";"3";"Dépendance";"nan";"0.0";"None";"None";"None";"None";"nan";"7.252797";"43.696798";"000KW"
"2024-42194";"2024-02-29";"1";"Vente";"310000.0";"22.0";"None";"RUE BOTTERO";"0925";"06000";"06088";"Nice";"06";"None";"None";"06088000KW0153";"None";"None";"265";"37.12";"70";"nan";"None";"nan";"None";"None";"None";"None";"2";"3";"Dépendance";"nan";"0.0";"None";"None";"None";"None";"nan";"7.252797";"43.696798";"000KW"
"2024-41517";"2024-02-27";"1";"Vente";"145000.0";"8.0";"None";"RUE JOSEPH FRICERO";"3470";"06000";"06088";"Nice";"06";"None";"None";"06088000KW0585";"None";"None";"18";"nan";"44";"nan";"None";"nan";"None";"None";"None";"None";"2";"2";"Appartement";"20.0";"1.0";"None";"None";"None";"None";"nan";"7.254344";"43.696029";"000KW"
"2024-42105";"2024-02-27";"1";"Vente";"280000.0";"27.0";"None";"BD GAMBETTA";"2755";"06000";"06088";"Nice";"06";"None";"None";"06088000KW0234";"None";"None";"7";"nan";"None";"nan";"None";"nan";"None";"None";"None";"None";"1";"2";"Appartement";"40.0";"2.0";"None";"None";"None";"None";"nan";"7.255942";"43.69657";"000KW"
"2024-42105";"2024-02-27";"1";"Vente";"280000.0";"27.0";"None";"BD GAMBETTA";"2755";"06000";"06088";"Nice";"06";"None";"None";"06088000KW0234";"None";"None";"7";"nan";"None";"nan";"None";"nan";"None";"None";"None";"None";"1";"2";"Appartement";"20.0";"2.0";"None";"None";"None";"None";"nan";"7.255942";"43.69657";"000KW"
"2024-41517";"2024-02-27";"1";"Vente";"145000.0";"8.0";"None";"RUE JOSEPH FRICERO";"3470";"06000";"06088";"Nice";"06";"None";"None";"06088000KW0585";"None";"None";"18";"nan";"44";"nan";"None";"nan";"None";"None";"None";"None";"2";"3";"Dépendance";"nan";"0.0";"None";"None";"None";"None";"nan";"7.254344";"43.696029";"000KW"
"2024-41687";"2024-02-27";"1";"Vente";"50000.0";"90.0";"None";"RUE DE FRANCE";"2595";"06000";"06088";"Nice";"06";"None";"None";"06088000KW0369";"None";"None";"1252";"nan";"None";"nan";"None";"nan";"None";"None";"None";"None";"1";"3";"Dépendance";"nan";"0.0";"None";"None";"None";"None";"nan";"7.252761";"43.694482";"000KW"
"2024-42007";"2024-02-26";"1";"Vente";"270000.0";"11.0";"None";"AV DES ORANGERS";"4590";"06000";"06088";"Nice";"06";"None";"None";"06088000KW0146";"None";"None";"34";"nan";"None";"nan";"None";"nan";"None";"None";"None";"None";"1";"2";"Appartement";"38.0";"1.0";"None";"None";"None";"None";"nan";"7.253947";"43.696881";"000KW"
"2024-42007";"2024-02-26";"1";"Vente";"270000.0";"11.0";"None";"AV DES ORANGERS";"4590";"06000";"06088";"Nice";"06";"None";"None";"06088000KW0146";"None";"None";"34";"nan";"None";"nan";"None";"nan";"None";"None";"None";"None";"1";"3";"Dépendance";"nan";"0.0";"None";"None";"None";"None";"nan";"7.253947";"43.696881";"000KW"
"2024-41936";"2024-02-22";"1";"Vente";"133000.0";"23.0";"None";"RUE BOTTERO";"0925";"06000";"06088";"Nice";"06";"None";"None";"06088000KW0205";"None";"None";"15";"nan";"None";"nan";"None";"nan";"None";"None";"None";"None";"1";"2";"Appartement";"67.0";"3.0";"None";"None";"None";"None";"nan";"7.252876";"43.696319";"000KW"
"2024-42014";"2024-02-22";"1";"Vente";"268868.0";"11.0";"None";"RUE ANDRIOLI";"0230";"06000";"06088";"Nice";"06";"None";"None";"06088000KW0575";"None";"None";"20";"62.64";"7";"nan";"None";"nan";"None";"None";"None";"None";"2";"2";"Appartement";"61.0";"3.0";"None";"None";"None";"None";"nan";"7.253888";"43.695227";"000KW"
"2024-42014";"2024-02-22";"1";"Vente";"268868.0";"11.0";"None";"RUE ANDRIOLI";"0230";"06000";"06088";"Nice";"06";"None";"None";"06088000KW0575";"None";"None";"20";"62.64";"7";"nan";"None";"nan";"None";"None";"None";"None";"2";"3";"Dépendance";"nan";"0.0";"None";"None";"None";"None";"nan";"7.253888";"43.695227";"000KW"
"2024-41299";"2024-02-21";"1";"Vente";"200400.0";"10.0";"None";"AV DES ORANGERS";"4590";"06000";"06088";"Nice";"06";"None";"None";"06088000KW0124";"None";"None";"97";"nan";"None";"nan";"None";"nan";"None";"None";"None";"None";"1";"2";"Appartement";"35.0";"1.0";"None";"None";"None";"None";"nan";"7.253552";"43.697329";"000KW"
"2024-41417";"2024-02-20";"1";"Vente";"48000.0";"18.0";"None";"RUE BOTTERO";"0925";"06000";"06088";"Nice";"06";"None";"None";"06088000KW0330";"None";"None";"5";"nan";"None";"nan";"None";"nan";"None";"None";"None";"None";"1";"3";"Dépendance";"nan";"0.0";"None";"None";"None";"None";"nan";"7.253225";"43.69672";"000KW"
"2024-41202";"2024-02-16";"1";"Vente";"207300.0";"14.0";"None";"BD FRANCOIS GROSSO";"2630";"06000";"06088";"Nice";"06";"None";"None";"06088000KW0171";"None";"None";"10";"47.59";"4";"nan";"None";"nan";"None";"None";"None";"None";"2";"2";"Appartement";"47.0";"3.0";"None";"None";"None";"None";"nan";"7.251889";"43.696133";"000KW"
"2024-40905";"2024-02-15";"1";"Vente";"220000.0";"66.0";"None";"AV DES BAUMETTES";"0660";"06000";"06088";"Nice";"06";"None";"None";"06088000KW0019";"None";"None";"119";"50.09";"65";"nan";"None";"nan";"None";"None";"None";"None";"2";"2";"Appartement";"50.0";"2.0";"None";"None";"None";"None";"nan";"7.248507";"43.696603";"000KW"
"2024-41026";"2024-02-15";"1";"Vente";"148000.0";"17.0";"None";"AV FLEURS";"2460";"06000";"06088";"Nice";"06";"None";"None";"06088000KW0123";"None";"None";"70";"30.24";"None";"nan";"None";"nan";"None";"None";"None";"None";"1";"2";"Appartement";"29.0";"1.0";"None";"None";"None";"None";"nan";"7.253164";"43.697428";"000KW"
"2024-41154";"2024-02-15";"1";"Vente";"247000.0";"15.0";"None";"RUE ANDRIOLI";"0230";"06000";"06088";"Nice";"06";"None";"None";"06088000KW0198";"None";"None";"21A";"nan";"47A";"66.23";"None";"nan";"None";"None";"None";"None";"2";"2";"Appartement";"62.0";"2.0";"None";"None";"None";"None";"nan";"7.253622";"43.695971";"000KW"
"2024-41169";"2024-02-15";"1";"Vente";"457600.0";"5.0";"None";"RUE ANDRIOLI";"0230";"06000";"06088";"Nice";"06";"None";"None";"06088000KW0278";"None";"None";"133";"nan";"185";"78.01";"None";"nan";"None";"None";"None";"None";"2";"2";"Appartement";"80.0";"3.0";"None";"None";"None";"None";"nan";"7.254107";"43.694359";"000KW"
"2024-41527";"2024-02-15";"1";"Vente";"323640.0";"5.0";"None";"RUE J BAPTISTE SPINETTA";"3340";"06000";"06088";"Nice";"06";"None";"None";"06088000KW0162";"None";"None";"6";"81.1";"None";"nan";"None";"nan";"None";"None";"None";"None";"1";"2";"Appartement";"80.0";"4.0";"None";"None";"None";"None";"nan";"7.252143";"43.696645";"000KW"
"2024-40905";"2024-02-15";"1";"Vente";"220000.0";"66.0";"None";"AV DES BAUMETTES";"0660";"06000";"06088";"Nice";"06";"None";"None";"06088000KW0019";"None";"None";"20";"nan";"None";"nan";"None";"nan";"None";"None";"None";"None";"1";"3";"Dépendance";"nan";"0.0";"None";"None";"None";"None";"nan";"7.248507";"43.696603";"000KW"
"2024-40905";"2024-02-15";"1";"Vente";"220000.0";"66.0";"None";"AV DES BAUMETTES";"0660";"06000";"06088";"Nice";"06";"None";"None";"06088000KW0019";"None";"None";"119";"50.09";"65";"nan";"None";"nan";"None";"None";"None";"None";"2";"3";"Dépendance";"nan";"0.0";"None";"None";"None";"None";"nan";"7.248507";"43.696603";"000KW"
"2024-41154";"2024-02-15";"1";"Vente";"247000.0";"15.0";"None";"RUE ANDRIOLI";"0230";"06000";"06088";"Nice";"06";"None";"None";"06088000KW0198";"None";"None";"21A";"nan";"47A";"66.23";"None";"nan";"None";"None";"None";"None";"2";"3";"Dépendance";"nan";"0.0";"None";"None";"None";"None";"nan";"7.253622";"43.695971";"000KW"
"2024-41169";"2024-02-15";"1";"Vente";"457600.0";"5.0";"None";"RUE ANDRIOLI";"0230";"06000";"06088";"Nice";"06";"None";"None";"06088000KW0278";"None";"None";"55";"nan";"None";"nan";"None";"nan";"None";"None";"None";"None";"1";"3";"Dépendance";"nan";"0.0";"None";"None";"None";"None";"nan";"7.254107";"43.694359";"000KW"
"2024-41021";"2024-02-13";"1";"Vente";"30000.0";"4.0";"B";"RUE SAINT PHILIPPE";"5895";"06000";"06088";"Nice";"06";"None";"None";"06088000KW0252";"None";"None";"4B";"9.0";"None";"nan";"None";"nan";"None";"None";"None";"None";"1";"2";"Appartement";"9.0";"1.0";"None";"None";"None";"None";"nan";"7.255928";"43.694042";"000KW"
"2024-41024";"2024-02-13";"1";"Vente";"25000.0";"4.0";"None";"RUE SAINT PHILIPPE";"5895";"06000";"06088";"Nice";"06";"None";"None";"06088000KW0252";"None";"None";"69B";"9.03";"None";"nan";"None";"nan";"None";"None";"None";"None";"1";"2";"Appartement";"9.0";"1.0";"None";"None";"None";"None";"nan";"7.255928";"43.694042";"000KW"
"2024-41010";"2024-02-13";"1";"Vente";"36000.0";"2.0";"None";"BD FRANCOIS GROSSO";"2630";"06000";"06088";"Nice";"06";"None";"None";"06088000KW0370";"None";"None";"10";"nan";"None";"nan";"None";"nan";"None";"None";"None";"None";"1";"3";"Dépendance";"nan";"0.0";"None";"None";"None";"None";"nan";"7.252572";"43.694566";"000KW"
"2024-41643";"2024-02-13";"1";"Vente";"165000.0";"11.0";"None";"BD GAMBETTA";"2755";"06000";"06088";"Nice";"06";"None";"None";"06088000KW0249";"None";"None";"1";"nan";"73";"nan";"None";"nan";"None";"None";"None";"None";"2";"4";"Local industriel. commercial ou assimilé";"21.0";"0.0";"None";"None";"None";"None";"nan";"7.255965";"43.694979";"000KW"
"2024-41038";"2024-02-12";"1";"Vente";"1500000.0";"45.0";"None";"PROM DES ANGLAIS";"0240";"06000";"06088";"Nice";"06";"None";"None";"06088000KW0252";"None";"None";"65A";"170.4";"None";"nan";"None";"nan";"None";"None";"None";"None";"1";"2";"Appartement";"154.0";"3.0";"None";"None";"None";"None";"nan";"7.255928";"43.694042";"000KW"
"2024-41038";"2024-02-12";"1";"Vente";"1500000.0";"45.0";"None";"PROM DES ANGLAIS";"0240";"06000";"06088";"Nice";"06";"None";"None";"06088000KW0252";"None";"None";"65A";"170.4";"None";"nan";"None";"nan";"None";"None";"None";"None";"1";"3";"Dépendance";"nan";"0.0";"None";"None";"None";"None";"nan";"7.255928";"43.694042";"000KW"
"2024-41041";"2024-02-12";"1";"Vente";"50000.0";"10.0";"None";"RUE SAINT PHILIPPE";"5895";"06000";"06088";"Nice";"06";"None";"None";"06088000KW0446";"None";"None";"132";"nan";"None";"nan";"None";"nan";"None";"None";"None";"None";"1";"3";"Dépendance";"nan";"0.0";"None";"None";"None";"None";"nan";"7.255854";"43.694672";"000KW"
"2024-41288";"2024-02-09";"1";"Vente";"170000.0";"37.0";"None";"BD FRANCOIS GROSSO";"2630";"06000";"06088";"Nice";"06";"None";"None";"06088000KW0089";"None";"None";"52";"28.38";"None";"nan";"None";"nan";"None";"None";"None";"None";"1";"2";"Appartement";"47.0";"1.0";"None";"None";"None";"None";"nan";"7.250929";"43.696539";"000KW"
"2024-40664";"2024-02-08";"1";"Vente";"445000.0";"21.0";"None";"BD FRANCOIS GROSSO";"2630";"06000";"06088";"Nice";"06";"None";"None";"06088000KW0076";"None";"None";"112";"nan";"74";"nan";"None";"nan";"None";"None";"None";"None";"2";"2";"Appartement";"85.0";"3.0";"None";"None";"None";"None";"nan";"7.251171";"43.696065";"000KW"
"2024-40664";"2024-02-08";"1";"Vente";"445000.0";"21.0";"None";"BD FRANCOIS GROSSO";"2630";"06000";"06088";"Nice";"06";"None";"None";"06088000KW0076";"None";"None";"300";"nan";"None";"nan";"None";"nan";"None";"None";"None";"None";"1";"3";"Dépendance";"nan";"0.0";"None";"None";"None";"None";"nan";"7.251171";"43.696065";"000KW"
"2024-40664";"2024-02-08";"1";"Vente";"445000.0";"21.0";"None";"BD FRANCOIS GROSSO";"2630";"06000";"06088";"Nice";"06";"None";"None";"06088000KW0076";"None";"None";"112";"nan";"74";"nan";"None";"nan";"None";"None";"None";"None";"2";"4";"Local industriel. commercial ou assimilé";"80.0";"0.0";"None";"None";"None";"None";"nan";"7.251171";"43.696065";"000KW"
"2024-40514";"2024-02-05";"1";"Vente";"565000.0";"53.0";"None";"PROM DES ANGLAIS";"0240";"06000";"06088";"Nice";"06";"None";"None";"06088000KW0282";"None";"None";"136";"nan";"2";"70.61";"None";"nan";"None";"None";"None";"None";"2";"2";"Appartement";"75.0";"2.0";"None";"None";"None";"None";"nan";"7.254413";"43.693761";"000KW"
"2024-40929";"2024-02-01";"1";"Vente";"125702.0";"4.0";"None";"BD FRANCOIS GROSSO";"2630";"06000";"06088";"Nice";"06";"None";"None";"06088000KW0318";"None";"None";"64";"19.14";"None";"nan";"None";"nan";"None";"None";"None";"None";"1";"2";"Appartement";"20.0";"1.0";"None";"None";"None";"None";"nan";"7.252322";"43.694771";"000KW"
"2024-41145";"2024-01-31";"1";"Vente";"270000.0";"20.0";"None";"AV CHATEAU DE LA TOUR";"1355";"06000";"06088";"Nice";"06";"None";"None";"06088000KW0544";"None";"None";"24";"42.13";"None";"nan";"None";"nan";"None";"None";"None";"None";"1";"2";"Appartement";"42.0";"2.0";"None";"None";"None";"None";"nan";"7.249402";"43.696281";"000KW"
"2024-40833";"2024-01-30";"1";"Vente";"258000.0";"27.0";"None";"RUE BOTTERO";"0925";"06000";"06088";"Nice";"06";"None";"None";"06088000KW0176";"None";"None";"19";"nan";"32";"nan";"None";"nan";"None";"None";"None";"None";"2";"2";"Appartement";"69.0";"3.0";"None";"None";"None";"None";"nan";"7.252335";"43.696306";"000KW"
"2024-40833";"2024-01-30";"1";"Vente";"258000.0";"27.0";"None";"RUE BOTTERO";"0925";"06000";"06088";"Nice";"06";"None";"None";"06088000KW0176";"None";"None";"19";"nan";"32";"nan";"None";"nan";"None";"None";"None";"None";"2";"3";"Dépendance";"nan";"0.0";"None";"None";"None";"None";"nan";"7.252335";"43.696306";"000KW"
"2024-40655";"2024-01-30";"1";"Vente";"295950.0";"1.0";"B";"RUE ANDRIOLI";"0230";"06000";"06088";"Nice";"06";"None";"None";"06088000KW0280";"None";"None";"50";"38.87";"None";"nan";"None";"nan";"None";"None";"None";"None";"1";"4";"Local industriel. commercial ou assimilé";"36.0";"0.0";"None";"None";"None";"None";"nan";"7.254013";"43.694098";"000KW"
"2024-40413";"2024-01-25";"1";"Vente";"250000.0";"39.0";"None";"BD FRANCOIS GROSSO";"2630";"06000";"06088";"Nice";"06";"None";"None";"06088000KW0091";"None";"None";"2";"nan";"38";"50.13";"None";"nan";"None";"None";"None";"None";"2";"2";"Appartement";"51.0";"2.0";"None";"None";"None";"None";"nan";"7.251197";"43.696836";"000KW"
"2024-40461";"2024-01-25";"1";"Vente";"220000.0";"5.0";"None";"RUE CLAUDIA";"1460";"06000";"06088";"Nice";"06";"None";"None";"06088000KW0497";"None";"None";"21";"40.55";"None";"nan";"None";"nan";"None";"None";"None";"None";"1";"2";"Appartement";"37.0";"2.0";"None";"None";"None";"None";"nan";"7.254649";"43.695147";"000KW"
"2024-40838";"2024-01-25";"1";"Vente";"243800.0";"14.0";"None";"AV DES BAUMETTES";"0660";"06000";"06088";"Nice";"06";"None";"None";"06088000KW0071";"None";"None";"12";"nan";"None";"nan";"None";"nan";"None";"None";"None";"None";"1";"2";"Appartement";"70.0";"3.0";"None";"None";"None";"None";"nan";"7.250784";"43.695468";"000KW"
"2024-40863";"2024-01-25";"1";"Vente";"95000.0";"27.0";"None";"AV FLEURS";"2460";"06000";"06088";"Nice";"06";"None";"None";"06088000KW0108";"None";"None";"9";"nan";"None";"nan";"None";"nan";"None";"None";"None";"None";"1";"2";"Appartement";"20.0";"1.0";"None";"None";"None";"None";"nan";"7.251754";"43.697744";"000KW"
"2024-40413";"2024-01-25";"1";"Vente";"250000.0";"39.0";"None";"BD FRANCOIS GROSSO";"2630";"06000";"06088";"Nice";"06";"None";"None";"06088000KW0091";"None";"None";"2";"nan";"38";"50.13";"None";"nan";"None";"None";"None";"None";"2";"3";"Dépendance";"nan";"0.0";"None";"None";"None";"None";"nan";"7.251197";"43.696836";"000KW"
"2024-40461";"2024-01-25";"1";"Vente";"220000.0";"5.0";"None";"RUE CLAUDIA";"1460";"06000";"06088";"Nice";"06";"None";"None";"06088000KW0497";"None";"None";"21";"40.55";"9";"nan";"None";"nan";"None";"None";"None";"None";"2";"3";"Dépendance";"nan";"0.0";"None";"None";"None";"None";"nan";"7.254649";"43.695147";"000KW"
"2024-40385";"2024-01-23";"1";"Vente";"585000.0";"90.0";"None";"RUE DE FRANCE";"2595";"06000";"06088";"Nice";"06";"None";"None";"06088000KW0369";"None";"None";"1009";"nan";"1134";"80.67";"None";"nan";"None";"None";"None";"None";"2";"2";"Appartement";"82.0";"3.0";"None";"None";"None";"None";"nan";"7.252761";"43.694482";"000KW"
"2024-40150";"2024-01-23";"1";"Vente";"45000.0";"21.0";"None";"BD FRANCOIS GROSSO";"2630";"06000";"06088";"Nice";"06";"None";"None";"06088000KW0076";"None";"None";"233";"nan";"None";"nan";"None";"nan";"None";"None";"None";"None";"1";"3";"Dépendance";"nan";"0.0";"None";"None";"None";"None";"nan";"7.251171";"43.696065";"000KW"
"2024-40157";"2024-01-23";"1";"Vente";"59000.0";"27.0";"None";"AV FLEURS";"2460";"06000";"06088";"Nice";"06";"None";"None";"06088000KW0108";"None";"None";"112";"nan";"None";"nan";"None";"nan";"None";"None";"None";"None";"1";"3";"Dépendance";"nan";"0.0";"None";"None";"None";"None";"nan";"7.251754";"43.697744";"000KW"
"2024-40385";"2024-01-23";"1";"Vente";"585000.0";"90.0";"None";"RUE DE FRANCE";"2595";"06000";"06088";"Nice";"06";"None";"None";"06088000KW0369";"None";"None";"1186";"nan";"None";"nan";"None";"nan";"None";"None";"None";"None";"1";"3";"Dépendance";"nan";"0.0";"None";"None";"None";"None";"nan";"7.252761";"43.694482";"000KW"
"2024-40385";"2024-01-23";"1";"Vente";"585000.0";"90.0";"None";"RUE DE FRANCE";"2595";"06000";"06088";"Nice";"06";"None";"None";"06088000KW0369";"None";"None";"1009";"nan";"1134";"80.67";"None";"nan";"None";"None";"None";"None";"2";"3";"Dépendance";"nan";"0.0";"None";"None";"None";"None";"nan";"7.252761";"43.694482";"000KW"
"2024-39966";"2024-01-22";"1";"Vente";"400000.0";"13.0";"None";"RUE BOTTERO";"0925";"06000";"06088";"Nice";"06";"None";"None";"06088000KW0221";"None";"None";"29";"68.04";"8";"nan";"None";"nan";"None";"None";"None";"None";"2";"2";"Appartement";"71.0";"3.0";"None";"None";"None";"None";"nan";"7.254291";"43.696458";"000KW"
"2024-39966";"2024-01-22";"1";"Vente";"400000.0";"13.0";"None";"RUE BOTTERO";"0925";"06000";"06088";"Nice";"06";"None";"None";"06088000KW0221";"None";"None";"29";"68.04";"8";"nan";"None";"nan";"None";"None";"None";"None";"2";"3";"Dépendance";"nan";"0.0";"None";"None";"None";"None";"nan";"7.254291";"43.696458";"000KW"
"2024-40043";"2024-01-16";"1";"Vente";"589500.0";"90.0";"None";"RUE DE FRANCE";"2595";"06000";"06088";"Nice";"06";"None";"None";"06088000KW0369";"None";"None";"1006";"nan";"1106";"84.01";"None";"nan";"None";"None";"None";"None";"2";"2";"Appartement";"83.0";"3.0";"None";"None";"None";"None";"nan";"7.252761";"43.694482";"000KW"
"2024-40065";"2024-01-16";"1";"Vente";"848000.0";"6.0";"None";"RUE DANTE";"1835";"06000";"06088";"Nice";"06";"None";"None";"06088000KW0493";"None";"None";"82";"145.87";"None";"nan";"None";"nan";"None";"None";"None";"None";"1";"2";"Appartement";"150.0";"5.0";"None";"None";"None";"None";"nan";"7.255103";"43.696037";"000KW"
"2024-40043";"2024-01-16";"1";"Vente";"589500.0";"90.0";"None";"RUE DE FRANCE";"2595";"06000";"06088";"Nice";"06";"None";"None";"06088000KW0369";"None";"None";"1006";"nan";"1106";"84.01";"None";"nan";"None";"None";"None";"None";"2";"3";"Dépendance";"nan";"0.0";"None";"None";"None";"None";"nan";"7.252761";"43.694482";"000KW"
"2024-40043";"2024-01-16";"1";"Vente";"589500.0";"2.0";"None";"BD FRANCOIS GROSSO";"2630";"06000";"06088";"Nice";"06";"None";"None";"06088000KW0370";"None";"None";"12";"nan";"None";"nan";"None";"nan";"None";"None";"None";"None";"1";"3";"Dépendance";"nan";"0.0";"None";"None";"None";"None";"nan";"7.252572";"43.694566";"000KW"
"2024-40237";"2024-01-15";"1";"Vente";"204250.0";"15.0";"None";"RUE SAINT PHILIPPE";"5895";"06000";"06088";"Nice";"06";"None";"None";"06088000KW0265";"None";"None";"11";"nan";"None";"nan";"None";"nan";"None";"None";"None";"None";"1";"2";"Appartement";"55.0";"3.0";"None";"None";"None";"None";"nan";"7.254956";"43.695463";"000KW"
"2024-40609";"2024-01-15";"1";"Vente";"133900.0";"19.0";"None";"RUE DANTE";"1835";"06000";"06088";"Nice";"06";"None";"None";"06088000KW0309";"None";"None";"4";"nan";"None";"nan";"None";"nan";"None";"None";"None";"None";"1";"2";"Appartement";"26.0";"1.0";"None";"None";"None";"None";"nan";"7.25324";"43.695138";"000KW"
"2024-39740";"2024-01-12";"1";"Vente";"345000.0";"4.0";"None";"RUE JOSEPH FRICERO";"3470";"06000";"06088";"Nice";"06";"None";"None";"06088000KW0267";"None";"None";"32";"nan";"33";"nan";"34";"nan";"None";"None";"None";"None";"3";"2";"Appartement";"45.0";"2.0";"None";"None";"None";"None";"nan";"7.254606";"43.695382";"000KW"
"2024-39831";"2024-01-12";"1";"Vente";"274000.0";"53.0";"None";"PROM DES ANGLAIS";"0240";"06000";"06088";"Nice";"06";"None";"None";"06088000KW0282";"None";"None";"118";"nan";"41";"nan";"None";"nan";"None";"None";"None";"None";"2";"2";"Appartement";"38.0";"1.0";"None";"None";"None";"None";"nan";"7.254413";"43.693761";"000KW"
"2024-39831";"2024-01-12";"1";"Vente";"274000.0";"53.0";"None";"PROM DES ANGLAIS";"0240";"06000";"06088";"Nice";"06";"None";"None";"06088000KW0282";"None";"None";"118";"nan";"41";"nan";"None";"nan";"None";"None";"None";"None";"2";"3";"Dépendance";"nan";"0.0";"None";"None";"None";"None";"nan";"7.254413";"43.693761";"000KW"
"2024-40081";"2024-01-12";"1";"Vente";"45000.0";"20.0";"None";"AV DES ORANGERS";"4590";"06000";"06088";"Nice";"06";"None";"None";"06088000KW0362";"None";"None";"843";"nan";"None";"nan";"None";"nan";"None";"None";"None";"None";"1";"3";"Dépendance";"nan";"0.0";"None";"None";"None";"None";"nan";"7.251748";"43.69738";"000KW"
"2024-40697";"2024-01-12";"1";"Vente";"28000.0";"2.0";"None";"BD FRANCOIS GROSSO";"2630";"06000";"06088";"Nice";"06";"None";"None";"06088000KW0370";"None";"None";"17";"nan";"None";"nan";"None";"nan";"None";"None";"None";"None";"1";"3";"Dépendance";"nan";"0.0";"None";"None";"None";"None";"nan";"7.252572";"43.694566";"000KW"
"2024-39767";"2024-01-11";"1";"Vente";"425000.0";"18.0";"None";"RUE ALEXIS MOSSA";"0094";"06000";"06088";"Nice";"06";"None";"None";"06088000KW0172";"None";"None";"13";"54.28";"15";"nan";"None";"nan";"None";"None";"None";"None";"2";"2";"Appartement";"53.0";"2.0";"None";"None";"None";"None";"nan";"7.252007";"43.69617";"000KW"
"2024-39895";"2024-01-11";"1";"Vente";"510000.0";"9.0";"None";"AV DES BAUMETTES";"0660";"06000";"06088";"Nice";"06";"None";"None";"06088000KW0063";"None";"None";"57";"nan";"None";"nan";"None";"nan";"None";"None";"None";"None";"1";"2";"Appartement";"75.0";"3.0";"None";"None";"None";"None";"nan";"7.250954";"43.694669";"000KW"
"2024-39943";"2024-01-11";"1";"Vente";"171500.0";"18.0";"None";"RUE DES POTIERS";"5225";"06000";"06088";"Nice";"06";"None";"None";"06088000KW0310";"None";"None";"25";"nan";"59";"33.85";"None";"nan";"None";"None";"None";"None";"2";"2";"Appartement";"35.0";"1.0";"None";"None";"None";"None";"nan";"7.253089";"43.695172";"000KW"
"2024-39895";"2024-01-11";"1";"Vente";"510000.0";"9.0";"None";"AV DES BAUMETTES";"0660";"06000";"06088";"Nice";"06";"None";"None";"06088000KW0063";"None";"None";"57";"nan";"None";"nan";"None";"nan";"None";"None";"None";"None";"1";"3";"Dépendance";"nan";"0.0";"None";"None";"None";"None";"nan";"7.250954";"43.694669";"000KW"
"2024-39942";"2024-01-11";"1";"Vente";"48000.0";"19.0";"None";"AV DES ORANGERS";"4590";"06000";"06088";"Nice";"06";"None";"None";"06088000KW0153";"None";"None";"179";"nan";"None";"nan";"None";"nan";"None";"None";"None";"None";"1";"3";"Dépendance";"nan";"0.0";"None";"None";"None";"None";"nan";"7.252797";"43.696798";"000KW"
"2024-39943";"2024-01-11";"1";"Vente";"171500.0";"18.0";"None";"RUE DES POTIERS";"5225";"06000";"06088";"Nice";"06";"None";"None";"06088000KW0310";"None";"None";"25";"nan";"59";"33.85";"None";"nan";"None";"None";"None";"None";"2";"3";"Dépendance";"nan";"0.0";"None";"None";"None";"None";"nan";"7.253089";"43.695172";"000KW"
"2024-39705";"2024-01-08";"1";"Vente";"232500.0";"11.0";"None";"AV DES BAUMETTES";"0660";"06000";"06088";"Nice";"06";"None";"None";"06088000KW0063";"None";"None";"20";"nan";"48";"nan";"None";"nan";"None";"None";"None";"None";"2";"2";"Appartement";"52.0";"2.0";"None";"None";"None";"None";"nan";"7.250954";"43.694669";"000KW"
"2024-39830";"2024-01-08";"1";"Vente";"26500.0";"4.0";"B";"RUE SAINT PHILIPPE";"5895";"06000";"06088";"Nice";"06";"None";"None";"06088000KW0252";"None";"None";"82B";"8.96";"None";"nan";"None";"nan";"None";"None";"None";"None";"1";"2";"Appartement";"9.0";"1.0";"None";"None";"None";"None";"nan";"7.255928";"43.694042";"000KW"
"2024-39705";"2024-01-08";"1";"Vente";"232500.0";"11.0";"None";"AV DES BAUMETTES";"0660";"06000";"06088";"Nice";"06";"None";"None";"06088000KW0063";"None";"None";"20";"nan";"48";"nan";"None";"nan";"None";"None";"None";"None";"2";"3";"Dépendance";"nan";"0.0";"None";"None";"None";"None";"nan";"7.250954";"43.694669";"000KW"
"2024-39853";"2024-01-04";"1";"Vente";"52500.0";"37.0";"None";"BD FRANCOIS GROSSO";"2630";"06000";"06088";"Nice";"06";"None";"None";"06088000KW0089";"None";"None";"23";"nan";"67";"nan";"None";"nan";"None";"None";"None";"None";"2";"2";"Appartement";"50.0";"1.0";"None";"None";"None";"None";"nan";"7.250929";"43.696539";"000KW"
"2024-39853";"2024-01-04";"1";"Vente";"52500.0";"21.0";"None";"BD FRANCOIS GROSSO";"2630";"06000";"06088";"Nice";"06";"None";"None";"06088000KW0076";"None";"None";"357";"nan";"None";"nan";"None";"nan";"None";"None";"None";"None";"1";"3";"Dépendance";"nan";"0.0";"None";"None";"None";"None";"nan";"7.251171";"43.696065";"000KW"
"2024-39761";"2024-01-03";"1";"Vente";"155500.0";"15.0";"None";"RUE JOSEPH FRICERO";"3470";"06000";"06088";"Nice";"06";"None";"None";"06088000KW0210";"None";"None";"13";"nan";"None";"nan";"None";"nan";"None";"None";"None";"None";"1";"2";"Appartement";"32.0";"1.0";"None";"None";"None";"None";"nan";"7.254129";"43.695803";"000KW"
"2023-59934";"2023-12-29";"1";"Vente";"40000.0";"19.0";"None";"RUE ANDRIOLI";"0230";"06000";"06088";"Nice";"06";"None";"None";"06088000KW0206";"None";"None";"30";"nan";"None";"nan";"None";"nan";"None";"None";"None";"None";"1";"3";"Dépendance";"nan";"0.0";"None";"None";"None";"None";"nan";"7.253381";"43.696371";"000KW"
"2023-60070";"2023-12-29";"1";"Vente";"405000.0";"15.0";"None";"RUE BOTTERO";"0925";"06000";"06088";"Nice";"06";"None";"None";"06088000KW0220";"None";"None";"1";"84.0";"None";"nan";"None";"nan";"None";"None";"None";"None";"1";"4";"Local industriel. commercial ou assimilé";"78.0";"0.0";"None";"None";"None";"None";"nan";"7.254119";"43.696415";"000KW"
"2023-60107";"2023-12-29";"1";"Vente";"530000.0";"19.0";"None";"BD GAMBETTA";"2755";"06000";"06088";"Nice";"06";"None";"None";"06088000KW0337";"None";"None";"31";"nan";"35";"nan";"None";"nan";"None";"None";"None";"None";"2";"4";"Local industriel. commercial ou assimilé";"80.0";"0.0";"None";"None";"None";"None";"nan";"7.255978";"43.695826";"000KW"
"2023-59860";"2023-12-28";"1";"Vente";"48000.0";"18.0";"None";"AV DES ORANGERS";"4590";"06000";"06088";"Nice";"06";"None";"None";"06088000KW0119";"None";"None";"16";"nan";"None";"nan";"None";"nan";"None";"None";"None";"None";"1";"2";"Appartement";"11.0";"1.0";"None";"None";"None";"None";"nan";"7.25258";"43.69729";"000KW"
"2023-60140";"2023-12-26";"1";"Vente";"529500.0";"6.0";"T";"AV DES ORANGERS";"4590";"06000";"06088";"Nice";"06";"None";"None";"06088000KW0127";"None";"None";"104PO";"nan";"16PO";"nan";"None";"nan";"None";"None";"None";"None";"2";"2";"Appartement";"74.0";"3.0";"None";"None";"None";"None";"nan";"7.254233";"43.697353";"000KW"
"2023-60140";"2023-12-26";"1";"Vente";"529500.0";"6.0";"T";"AV DES ORANGERS";"4590";"06000";"06088";"Nice";"06";"None";"None";"06088000KW0127";"None";"None";"104PO";"nan";"16PO";"nan";"None";"nan";"None";"None";"None";"None";"2";"3";"Dépendance";"nan";"0.0";"None";"None";"None";"None";"nan";"7.254233";"43.697353";"000KW"
"2023-59951";"2023-12-22";"1";"Vente";"250000.0";"19.0";"None";"RUE DANTE";"1835";"06000";"06088";"Nice";"06";"None";"None";"06088000KW0309";"None";"None";"6";"nan";"None";"nan";"None";"nan";"None";"None";"None";"None";"1";"2";"Appartement";"40.0";"2.0";"None";"None";"None";"None";"nan";"7.25324";"43.695138";"000KW"
"2023-60177";"2023-12-22";"1";"Vente";"320000.0";"21.0";"None";"BD FRANCOIS GROSSO";"2630";"06000";"06088";"Nice";"06";"None";"None";"06088000KW0076";"None";"None";"373";"64.35";"None";"nan";"None";"nan";"None";"None";"None";"None";"1";"2";"Appartement";"63.0";"3.0";"None";"None";"None";"None";"nan";"7.251171";"43.696065";"000KW"
"2023-60178";"2023-12-22";"1";"Vente";"330000.0";"76.0";"None";"AV BAUMETTES BELLEVUE";"0663";"06000";"06088";"Nice";"06";"None";"None";"06088000KW0005";"None";"None";"375";"nan";"419";"62.26";"None";"nan";"None";"None";"None";"None";"2";"2";"Appartement";"73.0";"3.0";"None";"None";"None";"None";"nan";"7.250071";"43.698297";"000KW"
"2023-60177";"2023-12-22";"1";"Vente";"320000.0";"21.0";"None";"BD FRANCOIS GROSSO";"2630";"06000";"06088";"Nice";"06";"None";"None";"06088000KW0076";"None";"None";"186";"nan";"None";"nan";"None";"nan";"None";"None";"None";"None";"1";"3";"Dépendance";"nan";"0.0";"None";"None";"None";"None";"nan";"7.251171";"43.696065";"000KW"
"2023-60178";"2023-12-22";"1";"Vente";"330000.0";"76.0";"None";"AV BAUMETTES BELLEVUE";"0663";"06000";"06088";"Nice";"06";"None";"None";"06088000KW0005";"None";"None";"375";"nan";"419";"62.26";"None";"nan";"None";"None";"None";"None";"2";"3";"Dépendance";"nan";"0.0";"None";"None";"None";"None";"nan";"7.250071";"43.698297";"000KW"
"2023-60255";"2023-12-21";"1";"Vente";"440000.0";"20.0";"None";"AV DES ORANGERS";"4590";"06000";"06088";"Nice";"06";"None";"None";"06088000KW0362";"None";"None";"788";"nan";"827";"nan";"None";"nan";"None";"None";"None";"None";"2";"2";"Appartement";"96.0";"3.0";"None";"None";"None";"None";"nan";"7.251748";"43.69738";"000KW"
"2023-60255";"2023-12-21";"1";"Vente";"440000.0";"20.0";"None";"AV DES ORANGERS";"4590";"06000";"06088";"Nice";"06";"None";"None";"06088000KW0362";"None";"None";"788";"nan";"827";"nan";"None";"nan";"None";"None";"None";"None";"2";"3";"Dépendance";"nan";"0.0";"None";"None";"None";"None";"nan";"7.251748";"43.69738";"000KW"
"2023-60391";"2023-12-21";"1";"Vente";"40000.0";"5.0";"None";"RUE ANDRIOLI";"0230";"06000";"06088";"Nice";"06";"None";"None";"06088000KW0278";"None";"None";"52";"nan";"None";"nan";"None";"nan";"None";"None";"None";"None";"1";"3";"Dépendance";"nan";"0.0";"None";"None";"None";"None";"nan";"7.254107";"43.694359";"000KW"
"2023-60475";"2023-12-20";"1";"Vente";"430000.0";"1.0";"None";"RUE ANDRIOLI";"0230";"06000";"06088";"Nice";"06";"None";"None";"06088000KW0281";"None";"None";"31";"nan";"67";"nan";"None";"nan";"None";"None";"None";"None";"2";"2";"Appartement";"50.0";"3.0";"None";"None";"None";"None";"nan";"7.254147";"43.693921";"000KW"
"2023-60475";"2023-12-20";"1";"Vente";"430000.0";"1.0";"None";"RUE ANDRIOLI";"0230";"06000";"06088";"Nice";"06";"None";"None";"06088000KW0281";"None";"None";"31";"nan";"67";"nan";"None";"nan";"None";"None";"None";"None";"2";"3";"Dépendance";"nan";"0.0";"None";"None";"None";"None";"nan";"7.254147";"43.693921";"000KW"
"2023-59778";"2023-12-18";"1";"Vente";"53500.0";"4.0";"B";"RUE SAINT PHILIPPE";"5895";"06000";"06088";"Nice";"06";"None";"None";"06088000KW0252";"None";"None";"29B";"nan";"None";"nan";"None";"nan";"None";"None";"None";"None";"1";"2";"Appartement";"11.0";"1.0";"None";"None";"None";"None";"nan";"7.255928";"43.694042";"000KW"
"2023-59879";"2023-12-18";"1";"Vente";"133500.0";"3.0";"None";"RUE CLAUDIA";"1460";"06000";"06088";"Nice";"06";"None";"None";"06088000KW0263";"None";"None";"2";"29.46";"None";"nan";"None";"nan";"None";"None";"None";"None";"1";"2";"Appartement";"29.0";"2.0";"None";"None";"None";"None";"nan";"7.254793";"43.695153";"000KW"
"2023-60051";"2023-12-18";"1";"Vente";"510000.0";"8.0";"None";"AV MARIE CHRISTINE";"4055";"06000";"06088";"Nice";"06";"None";"None";"06088000KW0051";"None";"None";"3";"93.94";"None";"nan";"None";"nan";"None";"None";"None";"None";"1";"2";"Appartement";"91.0";"5.0";"None";"None";"None";"None";"nan";"7.249906";"43.695279";"000KW"
"2023-60051";"2023-12-18";"1";"Vente";"510000.0";"8.0";"None";"AV MARIE CHRISTINE";"4055";"06000";"06088";"Nice";"06";"None";"None";"06088000KW0051";"None";"None";"4";"nan";"None";"nan";"None";"nan";"None";"None";"None";"None";"1";"3";"Dépendance";"nan";"0.0";"None";"None";"None";"None";"nan";"7.249906";"43.695279";"000KW"
"2023-60051";"2023-12-18";"1";"Vente";"510000.0";"8.0";"None";"AV MARIE CHRISTINE";"4055";"06000";"06088";"Nice";"06";"None";"None";"06088000KW0051";"None";"None";"3";"93.94";"None";"nan";"None";"nan";"None";"None";"None";"None";"1";"3";"Dépendance";"nan";"0.0";"None";"None";"None";"None";"nan";"7.249906";"43.695279";"000KW"
"2023-59528";"2023-12-14";"1";"Vente";"230000.0";"76.0";"None";"AV BAUMETTES HORIZON";"0666";"06000";"06088";"Nice";"06";"None";"None";"06088000KW0005";"None";"None";"48";"nan";"97";"49.13";"None";"nan";"None";"None";"None";"None";"2";"2";"Appartement";"49.0";"2.0";"None";"None";"None";"None";"nan";"7.250071";"43.698297";"000KW"
"2023-59617";"2023-12-14";"1";"Vente";"1972835.0";"5.0";"None";"RUE ANDRIOLI";"0230";"06000";"06088";"Nice";"06";"None";"None";"06088000KW0278";"None";"None";"141";"nan";"233";"156.44";"None";"nan";"None";"None";"None";"None";"2";"2";"Appartement";"148.0";"3.0";"None";"None";"None";"None";"nan";"7.254107";"43.694359";"000KW"
"2023-59528";"2023-12-14";"1";"Vente";"230000.0";"76.0";"None";"AV BAUMETTES HORIZON";"0666";"06000";"06088";"Nice";"06";"None";"None";"06088000KW0005";"None";"None";"48";"nan";"97";"49.13";"None";"nan";"None";"None";"None";"None";"2";"3";"Dépendance";"nan";"0.0";"None";"None";"None";"None";"nan";"7.250071";"43.698297";"000KW"
"2023-59617";"2023-12-14";"1";"Vente";"1972835.0";"5.0";"None";"RUE ANDRIOLI";"0230";"06000";"06088";"Nice";"06";"None";"None";"06088000KW0278";"None";"None";"141";"nan";"233";"156.44";"None";"nan";"None";"None";"None";"None";"2";"3";"Dépendance";"nan";"0.0";"None";"None";"None";"None";"nan";"7.254107";"43.694359";"000KW"
"2023-59617";"2023-12-14";"1";"Vente";"1972835.0";"5.0";"None";"RUE ANDRIOLI";"0230";"06000";"06088";"Nice";"06";"None";"None";"06088000KW0278";"None";"None";"37";"nan";"None";"nan";"None";"nan";"None";"None";"None";"None";"1";"3";"Dépendance";"nan";"0.0";"None";"None";"None";"None";"nan";"7.254107";"43.694359";"000KW"
"2023-59150";"2023-12-08";"1";"Vente";"45000.0";"10.0";"None";"RUE SAINT PHILIPPE";"5895";"06000";"06088";"Nice";"06";"None";"None";"06088000KW0446";"None";"None";"71";"nan";"None";"nan";"None";"nan";"None";"None";"None";"None";"1";"3";"Dépendance";"nan";"0.0";"None";"None";"None";"None";"nan";"7.255854";"43.694672";"000KW"
"2023-58731";"2023-12-05";"1";"Vente";"390000.0";"20.0";"None";"AV DES ORANGERS";"4590";"06000";"06088";"Nice";"06";"None";"None";"06088000KW0362";"None";"None";"786";"nan";"818";"70.16";"None";"nan";"None";"None";"None";"None";"2";"2";"Appartement";"68.0";"3.0";"None";"None";"None";"None";"nan";"7.251748";"43.69738";"000KW"
"2023-58907";"2023-12-05";"1";"Vente";"180000.0";"7.0";"None";"AV DES ORANGERS";"4590";"06000";"06088";"Nice";"06";"None";"None";"06088000KW0144";"None";"None";"28";"55.79";"70";"nan";"None";"nan";"None";"None";"None";"None";"2";"2";"Appartement";"54.0";"2.0";"None";"None";"None";"None";"nan";"7.254202";"43.696919";"000KW"
"2023-59088";"2023-12-05";"1";"Vente";"430000.0";"18.0";"None";"RUE DES POTIERS";"5225";"06000";"06088";"Nice";"06";"None";"None";"06088000KW0310";"None";"None";"38";"nan";"94";"nan";"None";"nan";"None";"None";"None";"None";"2";"2";"Appartement";"49.0";"2.0";"None";"None";"None";"None";"nan";"7.253089";"43.695172";"000KW"
"2023-58731";"2023-12-05";"1";"Vente";"390000.0";"20.0";"None";"AV DES ORANGERS";"4590";"06000";"06088";"Nice";"06";"None";"None";"06088000KW0362";"None";"None";"738";"nan";"None";"nan";"None";"nan";"None";"None";"None";"None";"1";"3";"Dépendance";"nan";"0.0";"None";"None";"None";"None";"nan";"7.251748";"43.69738";"000KW"
"2023-58731";"2023-12-05";"1";"Vente";"390000.0";"20.0";"None";"AV DES ORANGERS";"4590";"06000";"06088";"Nice";"06";"None";"None";"06088000KW0362";"None";"None";"786";"nan";"818";"70.16";"None";"nan";"None";"None";"None";"None";"2";"3";"Dépendance";"nan";"0.0";"None";"None";"None";"None";"nan";"7.251748";"43.69738";"000KW"
"2023-58907";"2023-12-05";"1";"Vente";"180000.0";"7.0";"None";"AV DES ORANGERS";"4590";"06000";"06088";"Nice";"06";"None";"None";"06088000KW0144";"None";"None";"28";"55.79";"70";"nan";"None";"nan";"None";"None";"None";"None";"2";"3";"Dépendance";"nan";"0.0";"None";"None";"None";"None";"nan";"7.254202";"43.696919";"000KW"
"2023-59088";"2023-12-05";"1";"Vente";"430000.0";"18.0";"None";"RUE DES POTIERS";"5225";"06000";"06088";"Nice";"06";"None";"None";"06088000KW0310";"None";"None";"38";"nan";"94";"nan";"None";"nan";"None";"None";"None";"None";"2";"3";"Dépendance";"nan";"0.0";"None";"None";"None";"None";"nan";"7.253089";"43.695172";"000KW"
"2023-59088";"2023-12-05";"1";"Vente";"430000.0";"18.0";"None";"RUE DES POTIERS";"5225";"06000";"06088";"Nice";"06";"None";"None";"06088000KW0310";"None";"None";"52";"nan";"None";"nan";"None";"nan";"None";"None";"None";"None";"1";"3";"Dépendance";"nan";"0.0";"None";"None";"None";"None";"nan";"7.253089";"43.695172";"000KW"
"2023-59461";"2023-12-04";"1";"Vente";"240000.0";"10.0";"B";"BD FRANCOIS GROSSO";"2630";"06000";"06088";"Nice";"06";"None";"None";"06088000KW0186";"None";"None";"8";"49.8";"None";"nan";"None";"nan";"None";"None";"None";"None";"1";"2";"Appartement";"58.0";"2.0";"None";"None";"None";"None";"nan";"7.252003";"43.695813";"000KW"
"2023-58587";"2023-12-04";"1";"Vente";"44000.0";"4.0";"None";"BD FRANCOIS GROSSO";"2630";"06000";"06088";"Nice";"06";"None";"None";"06088000KW0318";"None";"None";"83";"nan";"None";"nan";"None";"nan";"None";"None";"None";"None";"1";"3";"Dépendance";"nan";"0.0";"None";"None";"None";"None";"nan";"7.252322";"43.694771";"000KW"
"2023-58609";"2023-12-04";"1";"Vente";"27000.0";"90.0";"None";"RUE DE FRANCE";"2595";"06000";"06088";"Nice";"06";"None";"None";"06088000KW0369";"None";"None";"1032";"nan";"None";"nan";"None";"nan";"None";"None";"None";"None";"1";"3";"Dépendance";"nan";"0.0";"None";"None";"None";"None";"nan";"7.252761";"43.694482";"000KW"
"2023-59461";"2023-12-04";"1";"Vente";"240000.0";"10.0";"B";"BD FRANCOIS GROSSO";"2630";"06000";"06088";"Nice";"06";"None";"None";"06088000KW0186";"None";"None";"8";"49.8";"None";"nan";"None";"nan";"None";"None";"None";"None";"1";"3";"Dépendance";"nan";"0.0";"None";"None";"None";"None";"nan";"7.252003";"43.695813";"000KW"
"2023-58763";"2023-11-30";"1";"Vente";"125000.0";"44.0";"None";"RUE DES POTIERS";"5225";"06000";"06088";"Nice";"06";"None";"None";"06088000KW0116";"None";"None";"20";"nan";"None";"nan";"None";"nan";"None";"None";"None";"None";"1";"2";"Appartement";"25.0";"1.0";"None";"None";"None";"None";"nan";"7.252397";"43.6976";"000KW"
"2023-59026";"2023-11-30";"1";"Vente";"316500.0";"11.0";"B";"AV FLEURS";"2460";"06000";"06088";"Nice";"06";"None";"None";"06088000KW0125";"None";"None";"29";"nan";"65";"41.0";"None";"nan";"None";"None";"None";"None";"2";"2";"Appartement";"55.0";"3.0";"None";"None";"None";"None";"nan";"7.253698";"43.697412";"000KW"
"2023-59345";"2023-11-30";"1";"Vente";"190000.0";"15.0";"None";"RUE DANTE";"1835";"06000";"06088";"Nice";"06";"None";"None";"06088000KW0300";"None";"None";"17";"nan";"47";"nan";"None";"nan";"None";"None";"None";"None";"2";"2";"Appartement";"33.0";"1.0";"None";"None";"None";"None";"nan";"7.253574";"43.695318";"000KW"
"2023-58763";"2023-11-30";"1";"Vente";"125000.0";"44.0";"None";"RUE DES POTIERS";"5225";"06000";"06088";"Nice";"06";"None";"None";"06088000KW0116";"None";"None";"20";"nan";"None";"nan";"None";"nan";"None";"None";"None";"None";"1";"3";"Dépendance";"nan";"0.0";"None";"None";"None";"None";"nan";"7.252397";"43.6976";"000KW"
"2023-59026";"2023-11-30";"1";"Vente";"316500.0";"11.0";"B";"AV FLEURS";"2460";"06000";"06088";"Nice";"06";"None";"None";"06088000KW0125";"None";"None";"29";"nan";"65";"41.0";"None";"nan";"None";"None";"None";"None";"2";"3";"Dépendance";"nan";"0.0";"None";"None";"None";"None";"nan";"7.253698";"43.697412";"000KW"
"2023-59066";"2023-11-30";"1";"Vente";"37000.0";"22.0";"None";"RUE BOTTERO";"0925";"06000";"06088";"Nice";"06";"None";"None";"06088000KW0153";"None";"None";"49";"nan";"None";"nan";"None";"nan";"None";"None";"None";"None";"1";"3";"Dépendance";"nan";"0.0";"None";"None";"None";"None";"nan";"7.252797";"43.696798";"000KW"
"2023-59345";"2023-11-30";"1";"Vente";"190000.0";"15.0";"None";"RUE DANTE";"1835";"06000";"06088";"Nice";"06";"None";"None";"06088000KW0300";"None";"None";"17";"nan";"47";"nan";"None";"nan";"None";"None";"None";"None";"2";"3";"Dépendance";"nan";"0.0";"None";"None";"None";"None";"nan";"7.253574";"43.695318";"000KW"
"2023-58349";"2023-11-28";"1";"Vente";"180000.0";"2.0";"None";"RUE ALEXIS MOSSA";"0094";"06000";"06088";"Nice";"06";"None";"None";"06088000KW0199";"None";"None";"32";"162.11";"None";"nan";"None";"nan";"None";"None";"None";"None";"1";"2";"Appartement";"49.0";"3.0";"None";"None";"None";"None";"nan";"7.253681";"43.696274";"000KW"
"2023-58541";"2023-11-28";"1";"Vente";"455000.0";"22.0";"None";"RUE BOTTERO";"0925";"06000";"06088";"Nice";"06";"None";"None";"06088000KW0153";"None";"None";"278";"nan";"73";"nan";"None";"nan";"None";"None";"None";"None";"2";"2";"Appartement";"64.0";"2.0";"None";"None";"None";"None";"nan";"7.252797";"43.696798";"000KW"
"2023-58286";"2023-11-28";"1";"Vente";"47000.0";"15.0";"None";"RUE ANDRIOLI";"0230";"06000";"06088";"Nice";"06";"None";"None";"06088000KW0198";"None";"None";"65B";"nan";"None";"nan";"None";"nan";"None";"None";"None";"None";"1";"3";"Dépendance";"nan";"0.0";"None";"None";"None";"None";"nan";"7.253622";"43.695971";"000KW"
"2023-58541";"2023-11-28";"1";"Vente";"455000.0";"22.0";"None";"RUE BOTTERO";"0925";"06000";"06088";"Nice";"06";"None";"None";"06088000KW0153";"None";"None";"278";"nan";"73";"nan";"None";"nan";"None";"None";"None";"None";"2";"3";"Dépendance";"nan";"0.0";"None";"None";"None";"None";"nan";"7.252797";"43.696798";"000KW"
"2023-58349";"2023-11-28";"1";"Vente";"180000.0";"2.0";"None";"RUE ALEXIS MOSSA";"0094";"06000";"06088";"Nice";"06";"None";"None";"06088000KW0199";"None";"None";"32";"162.11";"46";"28.0";"None";"nan";"None";"None";"None";"None";"2";"4";"Local industriel. commercial ou assimilé";"145.0";"0.0";"None";"None";"None";"None";"nan";"7.253681";"43.696274";"000KW"
"2023-58349";"2023-11-28";"1";"Vente";"180000.0";"2.0";"None";"RUE ALEXIS MOSSA";"0094";"06000";"06088";"Nice";"06";"None";"None";"06088000KW0199";"None";"None";"32";"162.11";"None";"nan";"None";"nan";"None";"None";"None";"None";"1";"4";"Local industriel. commercial ou assimilé";"100.0";"0.0";"None";"None";"None";"None";"nan";"7.253681";"43.696274";"000KW"
"2023-59293";"2023-11-27";"1";"Vente";"228250.0";"70.0";"None";"RUE DE FRANCE";"2595";"06000";"06088";"Nice";"06";"None";"None";"06088000KW0419";"None";"None";"107";"nan";"None";"nan";"None";"nan";"None";"None";"None";"None";"1";"2";"Appartement";"38.0";"2.0";"None";"None";"None";"None";"nan";"7.254973";"43.695132";"000KW"
"2023-58320";"2023-11-24";"1";"Vente";"43500.0";"4.0";"B";"RUE SAINT PHILIPPE";"5895";"06000";"06088";"Nice";"06";"None";"None";"06088000KW0252";"None";"None";"72B";"nan";"None";"nan";"None";"nan";"None";"None";"None";"None";"1";"2";"Appartement";"9.0";"1.0";"None";"None";"None";"None";"nan";"7.255928";"43.694042";"000KW"
"2023-58365";"2023-11-24";"1";"Vente";"312800.0";"28.0";"None";"RUE BOTTERO";"0925";"06000";"06088";"Nice";"06";"None";"None";"06088000KW0439";"None";"None";"93";"50.17";"None";"nan";"None";"nan";"None";"None";"None";"None";"1";"2";"Appartement";"49.0";"3.0";"None";"None";"None";"None";"nan";"7.252368";"43.696615";"000KW"
"2023-59161";"2023-11-24";"1";"Vente";"175610.5";"15.0";"None";"RUE ANDRIOLI";"0230";"06000";"06088";"Nice";"06";"None";"None";"06088000KW0198";"None";"None";"1A";"nan";"36A";"nan";"None";"nan";"None";"None";"None";"None";"2";"2";"Appartement";"45.0";"2.0";"None";"None";"None";"None";"nan";"7.253622";"43.695971";"000KW"
"2023-59161";"2023-11-24";"1";"Vente";"175610.5";"15.0";"None";"RUE ANDRIOLI";"0230";"06000";"06088";"Nice";"06";"None";"None";"06088000KW0198";"None";"None";"1A";"nan";"36A";"nan";"None";"nan";"None";"None";"None";"None";"2";"3";"Dépendance";"nan";"0.0";"None";"None";"None";"None";"nan";"7.253622";"43.695971";"000KW"
"2023-58285";"2023-11-23";"1";"Vente";"69545.0";"4.0";"B";"RUE SAINT PHILIPPE";"5895";"06000";"06088";"Nice";"06";"None";"None";"06088000KW0252";"None";"None";"57B";"nan";"None";"nan";"None";"nan";"None";"None";"None";"None";"1";"2";"Appartement";"9.0";"1.0";"None";"None";"None";"None";"nan";"7.255928";"43.694042";"000KW"
"2023-58240";"2023-11-17";"1";"Vente";"184000.0";"19.0";"None";"RUE ANDRIOLI";"0230";"06000";"06088";"Nice";"06";"None";"None";"06088000KW0206";"None";"None";"116";"nan";"78";"nan";"None";"nan";"None";"None";"None";"None";"2";"2";"Appartement";"139.0";"4.0";"None";"None";"None";"None";"nan";"7.253381";"43.696371";"000KW"
"2023-58240";"2023-11-17";"1";"Vente";"184000.0";"19.0";"None";"RUE ANDRIOLI";"0230";"06000";"06088";"Nice";"06";"None";"None";"06088000KW0206";"None";"None";"116";"nan";"78";"nan";"None";"nan";"None";"None";"None";"None";"2";"3";"Dépendance";"nan";"0.0";"None";"None";"None";"None";"nan";"7.253381";"43.696371";"000KW"
"2023-58766";"2023-11-15";"1";"Vente";"470000.0";"90.0";"None";"RUE DE FRANCE";"2595";"06000";"06088";"Nice";"06";"None";"None";"06088000KW0369";"None";"None";"1081";"nan";"None";"nan";"None";"nan";"None";"None";"None";"None";"1";"2";"Appartement";"63.0";"2.0";"None";"None";"None";"None";"nan";"7.252761";"43.694482";"000KW"
"2023-60474";"2023-11-15";"1";"Vente";"65000.0";"39.0";"None";"BD FRANCOIS GROSSO";"2630";"06000";"06088";"Nice";"06";"None";"None";"06088000KW0091";"None";"None";"49";"nan";"None";"nan";"None";"nan";"None";"None";"None";"None";"1";"2";"Appartement";"24.0";"1.0";"None";"None";"None";"None";"nan";"7.251197";"43.696836";"000KW"
"2023-58766";"2023-11-15";"1";"Vente";"470000.0";"90.0";"None";"RUE DE FRANCE";"2595";"06000";"06088";"Nice";"06";"None";"None";"06088000KW0369";"None";"None";"1081";"nan";"None";"nan";"None";"nan";"None";"None";"None";"None";"1";"3";"Dépendance";"nan";"0.0";"None";"None";"None";"None";"nan";"7.252761";"43.694482";"000KW"
"2023-58151";"2023-11-13";"1";"Vente";"750800.0";"3.0";"None";"BD GAMBETTA";"2755";"06000";"06088";"Nice";"06";"None";"None";"06088000KW0252";"None";"None";"10D";"nan";"4D";"nan";"None";"nan";"None";"None";"None";"None";"2";"2";"Appartement";"158.0";"4.0";"None";"None";"None";"None";"nan";"7.255928";"43.694042";"000KW"
"2023-58151";"2023-11-13";"1";"Vente";"750800.0";"3.0";"None";"BD GAMBETTA";"2755";"06000";"06088";"Nice";"06";"None";"None";"06088000KW0252";"None";"None";"10D";"nan";"4D";"nan";"None";"nan";"None";"None";"None";"None";"2";"3";"Dépendance";"nan";"0.0";"None";"None";"None";"None";"nan";"7.255928";"43.694042";"000KW"
"2023-58275";"2023-11-09";"1";"Vente";"150000.0";"90.0";"None";"RUE DE FRANCE";"2595";"06000";"06088";"Nice";"06";"None";"None";"06088000KW0369";"None";"None";"1035";"nan";"None";"nan";"None";"nan";"None";"None";"None";"None";"1";"2";"Appartement";"87.0";"3.0";"None";"None";"None";"None";"nan";"7.252761";"43.694482";"000KW"
"2023-58079";"2023-11-08";"1";"Vente";"40000.0";"2.0";"None";"BD FRANCOIS GROSSO";"2630";"06000";"06088";"Nice";"06";"None";"None";"06088000KW0370";"None";"None";"8";"nan";"None";"nan";"None";"nan";"None";"None";"None";"None";"1";"3";"Dépendance";"nan";"0.0";"None";"None";"None";"None";"nan";"7.252572";"43.694566";"000KW"
"2023-58327";"2023-11-07";"1";"Vente";"230000.0";"55.0";"B";"BD FRANCOIS GROSSO";"2630";"06000";"06088";"Nice";"06";"None";"None";"06088000KW0103";"None";"None";"38";"nan";"None";"nan";"None";"nan";"None";"None";"None";"None";"1";"2";"Appartement";"75.0";"3.0";"None";"None";"None";"None";"nan";"7.251033";"43.69772";"000KW"
"2023-58327";"2023-11-07";"1";"Vente";"230000.0";"55.0";"B";"BD FRANCOIS GROSSO";"2630";"06000";"06088";"Nice";"06";"None";"None";"06088000KW0103";"None";"None";"38";"nan";"None";"nan";"None";"nan";"None";"None";"None";"None";"1";"3";"Dépendance";"nan";"0.0";"None";"None";"None";"None";"nan";"7.251033";"43.69772";"000KW"
"2023-57348";"2023-11-03";"1";"Vente";"48000.0";"4.0";"None";"BD FRANCOIS GROSSO";"2630";"06000";"06088";"Nice";"06";"None";"None";"06088000KW0318";"None";"None";"100";"nan";"None";"nan";"None";"nan";"None";"None";"None";"None";"1";"3";"Dépendance";"nan";"0.0";"None";"None";"None";"None";"nan";"7.252322";"43.694771";"000KW"
"2023-57431";"2023-11-02";"1";"Vente";"90000.0";"76.0";"None";"AV BAUMETTES HORIZON";"0666";"06000";"06088";"Nice";"06";"None";"None";"06088000KW0005";"None";"None";"26";"nan";"76";"21.6";"None";"nan";"None";"None";"None";"None";"2";"2";"Appartement";"22.0";"1.0";"None";"None";"None";"None";"nan";"7.250071";"43.698297";"000KW"
"2023-58355";"2023-10-31";"1";"Vente";"625000.0";"105.0";"None";"RUE DE FRANCE";"2595";"06000";"06088";"Nice";"06";"None";"None";"06088000KW0256";"None";"None";"5";"nan";"None";"nan";"None";"nan";"None";"None";"None";"None";"1";"2";"Appartement";"112.0";"5.0";"None";"None";"None";"None";"nan";"7.254987";"43.694721";"000KW"
"2023-57960";"2023-10-31";"1";"Vente";"33500.0";"2.0";"None";"BD FRANCOIS GROSSO";"2630";"06000";"06088";"Nice";"06";"None";"None";"06088000KW0370";"None";"None";"23";"nan";"None";"nan";"None";"nan";"None";"None";"None";"None";"1";"3";"Dépendance";"nan";"0.0";"None";"None";"None";"None";"nan";"7.252572";"43.694566";"000KW"
"2023-58355";"2023-10-31";"1";"Vente";"625000.0";"105.0";"None";"RUE DE FRANCE";"2595";"06000";"06088";"Nice";"06";"None";"None";"06088000KW0256";"None";"None";"5";"nan";"None";"nan";"None";"nan";"None";"None";"None";"None";"1";"3";"Dépendance";"nan";"0.0";"None";"None";"None";"None";"nan";"7.254987";"43.694721";"000KW"
"2023-58355";"2023-10-31";"1";"Vente";"625000.0";"105.0";"None";"RUE DE FRANCE";"2595";"06000";"06088";"Nice";"06";"None";"None";"06088000KW0256";"None";"None";"5";"nan";"None";"nan";"None";"nan";"None";"None";"None";"None";"1";"3";"Dépendance";"nan";"0.0";"None";"None";"None";"None";"nan";"7.254987";"43.694721";"000KW"
"2023-57568";"2023-10-30";"1";"Vente";"110500.0";"11.0";"None";"PAS DE L AVENIR";"0501";"06000";"06088";"Nice";"06";"None";"None";"06088000KW0219";"None";"None";"3";"24.05";"None";"nan";"None";"nan";"None";"None";"None";"None";"1";"2";"Appartement";"25.0";"2.0";"None";"None";"None";"None";"nan";"7.25416";"43.696382";"000KW"
"2023-57940";"2023-10-26";"1";"Vente";"117500.0";"30.0";"None";"RUE BOTTERO";"0925";"06000";"06088";"Nice";"06";"None";"None";"06088000KW0166";"None";"None";"3";"nan";"None";"nan";"None";"nan";"None";"None";"None";"None";"1";"2";"Appartement";"20.0";"1.0";"None";"None";"None";"None";"nan";"7.252183";"43.696521";"000KW"
"2023-57343";"2023-10-26";"1";"Vente";"210000.0";"18.0";"None";"RUE SAINT PHILIPPE";"5895";"06000";"06088";"Nice";"06";"None";"None";"06088000KW0244";"None";"None";"19";"nan";"2";"nan";"None";"nan";"None";"None";"None";"None";"2";"4";"Local industriel. commercial ou assimilé";"120.0";"0.0";"None";"None";"None";"None";"nan";"7.255348";"43.695515";"000KW"
"2023-57003";"2023-10-25";"1";"Vente";"75000.0";"76.0";"None";"AV BAUMETTES PANORAMIC";"0665";"06000";"06088";"Nice";"06";"None";"None";"06088000KW0005";"None";"None";"538";"nan";"None";"nan";"None";"nan";"None";"None";"None";"None";"1";"2";"Appartement";"12.0";"1.0";"None";"None";"None";"None";"nan";"7.250071";"43.698297";"000KW"
"2023-57053";"2023-10-25";"1";"Vente";"356250.0";"15.0";"None";"RUE ANDRIOLI";"0230";"06000";"06088";"Nice";"06";"None";"None";"06088000KW0198";"None";"None";"126B";"nan";"36B";"nan";"None";"nan";"None";"None";"None";"None";"2";"2";"Appartement";"65.0";"3.0";"None";"None";"None";"None";"nan";"7.253622";"43.695971";"000KW"
"2023-57262";"2023-10-25";"1";"Vente";"560000.0";"14.0";"None";"AV DES BAUMETTES";"0660";"06000";"06088";"Nice";"06";"None";"None";"06088000KW0071";"None";"None";"18";"nan";"None";"nan";"None";"nan";"None";"None";"None";"None";"1";"2";"Appartement";"82.0";"4.0";"None";"None";"None";"None";"nan";"7.250784";"43.695468";"000KW"
"2023-57053";"2023-10-25";"1";"Vente";"356250.0";"15.0";"None";"RUE ANDRIOLI";"0230";"06000";"06088";"Nice";"06";"None";"None";"06088000KW0198";"None";"None";"126B";"nan";"36B";"nan";"None";"nan";"None";"None";"None";"None";"2";"3";"Dépendance";"nan";"0.0";"None";"None";"None";"None";"nan";"7.253622";"43.695971";"000KW"
"2023-57053";"2023-10-25";"1";"Vente";"356250.0";"15.0";"None";"RUE ANDRIOLI";"0230";"06000";"06088";"Nice";"06";"None";"None";"06088000KW0198";"None";"None";"70B";"nan";"None";"nan";"None";"nan";"None";"None";"None";"None";"1";"3";"Dépendance";"nan";"0.0";"None";"None";"None";"None";"nan";"7.253622";"43.695971";"000KW"
"2023-57053";"2023-10-25";"1";"Vente";"356250.0";"15.0";"None";"RUE ANDRIOLI";"0230";"06000";"06088";"Nice";"06";"None";"None";"06088000KW0198";"None";"None";"126B";"nan";"36B";"nan";"None";"nan";"None";"None";"None";"None";"2";"3";"Dépendance";"nan";"0.0";"None";"None";"None";"None";"nan";"7.253622";"43.695971";"000KW"
"2023-57262";"2023-10-25";"1";"Vente";"560000.0";"14.0";"None";"AV DES BAUMETTES";"0660";"06000";"06088";"Nice";"06";"None";"None";"06088000KW0071";"None";"None";"4";"nan";"None";"nan";"None";"nan";"None";"None";"None";"None";"1";"3";"Dépendance";"nan";"0.0";"None";"None";"None";"None";"nan";"7.250784";"43.695468";"000KW"
"2023-56974";"2023-10-24";"1";"Vente";"355000.0";"24.0";"None";"RUE SAINT PHILIPPE";"5895";"06000";"06088";"Nice";"06";"None";"None";"06088000KW0491";"None";"None";"10";"75.34";"None";"nan";"None";"nan";"None";"None";"None";"None";"1";"2";"Appartement";"74.0";"3.0";"None";"None";"None";"None";"nan";"7.255059";"43.696196";"000KW"
"2023-57758";"2023-10-24";"1";"Vente";"2750000.0";"55.0";"None";"PROM DES ANGLAIS";"0240";"06000";"06088";"Nice";"06";"None";"None";"06088000KW0284";"None";"None";"20";"nan";"None";"nan";"None";"nan";"None";"None";"None";"None";"1";"2";"Appartement";"291.0";"7.0";"None";"None";"None";"None";"nan";"7.253866";"43.693731";"000KW"
"2023-57758";"2023-10-24";"1";"Vente";"2750000.0";"55.0";"None";"PROM DES ANGLAIS";"0240";"06000";"06088";"Nice";"06";"None";"None";"06088000KW0284";"None";"None";"3";"nan";"None";"nan";"None";"nan";"None";"None";"None";"None";"1";"3";"Dépendance";"nan";"0.0";"None";"None";"None";"None";"nan";"7.253866";"43.693731";"000KW"
"2023-57076";"2023-10-24";"1";"Vente";"100000.0";"113.0";"None";"RUE DE FRANCE";"2595";"06000";"06088";"Nice";"06";"None";"None";"06088000KW0517";"None";"None";"4";"39.53";"None";"nan";"None";"nan";"None";"None";"None";"None";"1";"4";"Local industriel. commercial ou assimilé";"59.0";"0.0";"None";"None";"None";"None";"nan";"7.25329";"43.69421";"000KW"
"2023-57215";"2023-10-23";"1";"Vente";"253600.0";"15.0";"None";"RUE ALEXIS MOSSA";"0094";"06000";"06088";"Nice";"06";"None";"None";"06088000KW0183";"None";"None";"8";"nan";"None";"nan";"None";"nan";"None";"None";"None";"None";"1";"2";"Appartement";"53.0";"3.0";"None";"None";"None";"None";"nan";"7.252412";"43.695896";"000KW"
"2023-57201";"2023-10-23";"1";"Vente";"520000.0";"21.0";"None";"BD GAMBETTA";"2755";"06000";"06088";"Nice";"06";"None";"None";"06088000KW0337";"None";"None";"13";"nan";"None";"nan";"None";"nan";"None";"None";"None";"None";"1";"4";"Local industriel. commercial ou assimilé";"180.0";"0.0";"None";"None";"None";"None";"nan";"7.255978";"43.695826";"000KW"
"2023-56814";"2023-10-20";"1";"Vente";"170000.0";"76.0";"None";"AV BAUMETTES HORIZON";"0666";"06000";"06088";"Nice";"06";"None";"None";"06088000KW0005";"None";"None";"2";"nan";"80";"36.01";"None";"nan";"None";"None";"None";"None";"2";"2";"Appartement";"35.0";"1.0";"None";"None";"None";"None";"nan";"7.250071";"43.698297";"000KW"
"2023-56814";"2023-10-20";"1";"Vente";"170000.0";"76.0";"None";"AV BAUMETTES HORIZON";"0666";"06000";"06088";"Nice";"06";"None";"None";"06088000KW0005";"None";"None";"2";"nan";"80";"36.01";"None";"nan";"None";"None";"None";"None";"2";"3";"Dépendance";"nan";"0.0";"None";"None";"None";"None";"nan";"7.250071";"43.698297";"000KW"
"2023-57284";"2023-10-20";"1";"Vente";"25000.0";"27.0";"None";"RUE DES POTIERS";"5225";"06000";"06088";"Nice";"06";"None";"None";"06088000KW0356";"None";"None";"16";"nan";"None";"nan";"None";"nan";"None";"None";"None";"None";"1";"3";"Dépendance";"nan";"0.0";"None";"None";"None";"None";"nan";"7.252576";"43.695881";"000KW"
"2023-57592";"2023-10-19";"1";"Vente";"674220.0";"7.0";"None";"BD GAMBETTA";"2755";"06000";"06088";"Nice";"06";"None";"None";"06088000KW0446";"None";"None";"203";"nan";"None";"nan";"None";"nan";"None";"None";"None";"None";"1";"2";"Appartement";"79.0";"3.0";"None";"None";"None";"None";"nan";"7.255854";"43.694672";"000KW"
"2023-57592";"2023-10-19";"1";"Vente";"674220.0";"7.0";"None";"BD GAMBETTA";"2755";"06000";"06088";"Nice";"06";"None";"None";"06088000KW0446";"None";"None";"203";"nan";"None";"nan";"None";"nan";"None";"None";"None";"None";"1";"3";"Dépendance";"nan";"0.0";"None";"None";"None";"None";"nan";"7.255854";"43.694672";"000KW"
"2023-57592";"2023-10-19";"1";"Vente";"674220.0";"10.0";"None";"RUE SAINT PHILIPPE";"5895";"06000";"06088";"Nice";"06";"None";"None";"06088000KW0446";"None";"None";"131";"nan";"None";"nan";"None";"nan";"None";"None";"None";"None";"1";"3";"Dépendance";"nan";"0.0";"None";"None";"None";"None";"nan";"7.255854";"43.694672";"000KW"
"2023-57165";"2023-10-17";"1";"Vente";"37500.0";"19.0";"None";"RUE ANDRIOLI";"0230";"06000";"06088";"Nice";"06";"None";"None";"06088000KW0206";"None";"None";"25";"nan";"None";"nan";"None";"nan";"None";"None";"None";"None";"1";"3";"Dépendance";"nan";"0.0";"None";"None";"None";"None";"nan";"7.253381";"43.696371";"000KW"
"2023-57267";"2023-10-13";"1";"Vente";"36500.0";"90.0";"None";"RUE DE FRANCE";"2595";"06000";"06088";"Nice";"06";"None";"None";"06088000KW0369";"None";"None";"1219";"nan";"None";"nan";"None";"nan";"None";"None";"None";"None";"1";"3";"Dépendance";"nan";"0.0";"None";"None";"None";"None";"nan";"7.252761";"43.694482";"000KW"
"2023-57266";"2023-10-12";"1";"Vente";"1190000.0";"55.0";"None";"PROM DES ANGLAIS";"0240";"06000";"06088";"Nice";"06";"None";"None";"06088000KW0284";"None";"None";"30";"134.58";"None";"nan";"None";"nan";"None";"None";"None";"None";"1";"2";"Appartement";"122.0";"3.0";"None";"None";"None";"None";"nan";"7.253866";"43.693731";"000KW"
"2023-56711";"2023-10-10";"1";"Vente";"420000.0";"5.0";"None";"RUE ANDRIOLI";"0230";"06000";"06088";"Nice";"06";"None";"None";"06088000KW0278";"None";"None";"197";"nan";"None";"nan";"None";"nan";"None";"None";"None";"None";"1";"2";"Appartement";"54.0";"2.0";"None";"None";"None";"None";"nan";"7.254107";"43.694359";"000KW"
"2023-56712";"2023-10-10";"1";"Vente";"650000.0";"5.0";"None";"RUE ANDRIOLI";"0230";"06000";"06088";"Nice";"06";"None";"None";"06088000KW0278";"None";"None";"219";"nan";"None";"nan";"None";"nan";"None";"None";"None";"None";"1";"2";"Appartement";"103.0";"4.0";"None";"None";"None";"None";"nan";"7.254107";"43.694359";"000KW"
"2023-56710";"2023-10-10";"1";"Vente";"40000.0";"5.0";"None";"RUE ANDRIOLI";"0230";"06000";"06088";"Nice";"06";"None";"None";"06088000KW0278";"None";"None";"25";"nan";"None";"nan";"None";"nan";"None";"None";"None";"None";"1";"3";"Dépendance";"nan";"0.0";"None";"None";"None";"None";"nan";"7.254107";"43.694359";"000KW"
"2023-56710";"2023-10-10";"1";"Vente";"40000.0";"5.0";"None";"RUE ANDRIOLI";"0230";"06000";"06088";"Nice";"06";"None";"None";"06088000KW0278";"None";"None";"25";"nan";"None";"nan";"None";"nan";"None";"None";"None";"None";"1";"3";"Dépendance";"nan";"0.0";"None";"None";"None";"None";"nan";"7.254107";"43.694359";"000KW"
"2023-56712";"2023-10-10";"1";"Vente";"650000.0";"5.0";"None";"RUE ANDRIOLI";"0230";"06000";"06088";"Nice";"06";"None";"None";"06088000KW0278";"None";"None";"25";"nan";"None";"nan";"None";"nan";"None";"None";"None";"None";"1";"3";"Dépendance";"nan";"0.0";"None";"None";"None";"None";"nan";"7.254107";"43.694359";"000KW"
"2023-56712";"2023-10-10";"1";"Vente";"650000.0";"5.0";"None";"RUE ANDRIOLI";"0230";"06000";"06088";"Nice";"06";"None";"None";"06088000KW0278";"None";"None";"50";"nan";"None";"nan";"None";"nan";"None";"None";"None";"None";"1";"3";"Dépendance";"nan";"0.0";"None";"None";"None";"None";"nan";"7.254107";"43.694359";"000KW"
"2023-56712";"2023-10-10";"1";"Vente";"650000.0";"5.0";"None";"RUE ANDRIOLI";"0230";"06000";"06088";"Nice";"06";"None";"None";"06088000KW0278";"None";"None";"25";"nan";"None";"nan";"None";"nan";"None";"None";"None";"None";"1";"3";"Dépendance";"nan";"0.0";"None";"None";"None";"None";"nan";"7.254107";"43.694359";"000KW"
"2023-57100";"2023-10-09";"1";"Vente";"133200.0";"4.0";"None";"BD FRANCOIS GROSSO";"2630";"06000";"06088";"Nice";"06";"None";"None";"06088000KW0318";"None";"None";"68";"nan";"None";"nan";"None";"nan";"None";"None";"None";"None";"1";"2";"Appartement";"20.0";"1.0";"None";"None";"None";"None";"nan";"7.252322";"43.694771";"000KW"
"2023-56490";"2023-10-05";"1";"Vente";"207000.0";"36.0";"None";"RUE BOTTERO";"0925";"06000";"06088";"Nice";"06";"None";"None";"06088000KW0169";"None";"None";"101";"nan";"95";"nan";"None";"nan";"None";"None";"None";"None";"2";"2";"Appartement";"45.0";"1.0";"None";"None";"None";"None";"nan";"7.251825";"43.69656";"000KW"
"2023-56490";"2023-10-05";"1";"Vente";"207000.0";"36.0";"None";"RUE BOTTERO";"0925";"06000";"06088";"Nice";"06";"None";"None";"06088000KW0169";"None";"None";"101";"nan";"95";"nan";"None";"nan";"None";"None";"None";"None";"2";"3";"Dépendance";"nan";"0.0";"None";"None";"None";"None";"nan";"7.251825";"43.69656";"000KW"
"2023-56961";"2023-10-03";"1";"Vente";"30000.0";"21.0";"None";"BD FRANCOIS GROSSO";"2630";"06000";"06088";"Nice";"06";"None";"None";"06088000KW0076";"None";"None";"349";"nan";"None";"nan";"None";"nan";"None";"None";"None";"None";"1";"3";"Dépendance";"nan";"0.0";"None";"None";"None";"None";"nan";"7.251171";"43.696065";"000KW"
"2023-56054";"2023-10-02";"1";"Vente";"136000.0";"1.0";"None";"RUE ANDRIOLI";"0230";"06000";"06088";"Nice";"06";"None";"None";"06088000KW0281";"None";"None";"38";"nan";"None";"nan";"None";"nan";"None";"None";"None";"None";"1";"2";"Appartement";"38.0";"1.0";"None";"None";"None";"None";"nan";"7.254147";"43.693921";"000KW"
"2023-56294";"2023-10-02";"1";"Vente";"8000.0";"19.0";"None";"AV DES ORANGERS";"4590";"06000";"06088";"Nice";"06";"None";"None";"06088000KW0153";"None";"None";"93";"nan";"None";"nan";"None";"nan";"None";"None";"None";"None";"1";"3";"Dépendance";"nan";"0.0";"None";"None";"None";"None";"nan";"7.252797";"43.696798";"000KW"
"2023-56008";"2023-09-29";"1";"Vente";"392000.0";"13.0";"None";"RUE DANTE";"1835";"06000";"06088";"Nice";"06";"None";"None";"06088000KW0299";"None";"None";"42";"nan";"77";"56.5";"None";"nan";"None";"None";"None";"None";"2";"2";"Appartement";"56.0";"2.0";"None";"None";"None";"None";"nan";"7.253871";"43.695389";"000KW"
"2023-56423";"2023-09-29";"1";"Vente";"680000.0";"66.0";"None";"AV DES BAUMETTES";"0660";"06000";"06088";"Nice";"06";"None";"None";"06088000KW0019";"None";"None";"139";"126.1";"66";"nan";"None";"nan";"None";"None";"None";"None";"2";"2";"Appartement";"120.0";"4.0";"None";"None";"None";"None";"nan";"7.248507";"43.696603";"000KW"
"2023-56658";"2023-09-29";"1";"Vente";"343000.0";"17.0";"None";"AV DES ORANGERS";"4590";"06000";"06088";"Nice";"06";"None";"None";"06088000KW0152";"None";"None";"16";"nan";"None";"nan";"None";"nan";"None";"None";"None";"None";"1";"2";"Appartement";"65.0";"3.0";"None";"None";"None";"None";"nan";"7.253076";"43.696901";"000KW"
"2023-57066";"2023-09-29";"1";"Vente";"242000.0";"6.0";"None";"RUE DES POTIERS";"5225";"06000";"06088";"Nice";"06";"None";"None";"06088000KW0311";"None";"None";"144";"43.32";"None";"nan";"None";"nan";"None";"None";"None";"None";"1";"2";"Appartement";"36.0";"2.0";"None";"None";"None";"None";"nan";"7.253284";"43.694842";"000KW"
"2023-56008";"2023-09-29";"1";"Vente";"392000.0";"13.0";"None";"RUE DANTE";"1835";"06000";"06088";"Nice";"06";"None";"None";"06088000KW0299";"None";"None";"42";"nan";"77";"56.5";"None";"nan";"None";"None";"None";"None";"2";"3";"Dépendance";"nan";"0.0";"None";"None";"None";"None";"nan";"7.253871";"43.695389";"000KW"
"2023-56423";"2023-09-29";"1";"Vente";"680000.0";"66.0";"None";"AV DES BAUMETTES";"0660";"06000";"06088";"Nice";"06";"None";"None";"06088000KW0019";"None";"None";"139";"126.1";"66";"nan";"None";"nan";"None";"None";"None";"None";"2";"3";"Dépendance";"nan";"0.0";"None";"None";"None";"None";"nan";"7.248507";"43.696603";"000KW"
"2023-56423";"2023-09-29";"1";"Vente";"680000.0";"66.0";"None";"AV DES BAUMETTES";"0660";"06000";"06088";"Nice";"06";"None";"None";"06088000KW0019";"None";"None";"21";"nan";"None";"nan";"None";"nan";"None";"None";"None";"None";"1";"3";"Dépendance";"nan";"0.0";"None";"None";"None";"None";"nan";"7.248507";"43.696603";"000KW"
"2023-56423";"2023-09-29";"1";"Vente";"680000.0";"66.0";"None";"AV DES BAUMETTES";"0660";"06000";"06088";"Nice";"06";"None";"None";"06088000KW0019";"None";"None";"139";"126.1";"66";"nan";"None";"nan";"None";"None";"None";"None";"2";"3";"Dépendance";"nan";"0.0";"None";"None";"None";"None";"nan";"7.248507";"43.696603";"000KW"
"2023-56279";"2023-09-27";"1";"Vente";"275000.0";"49.0";"None";"BD FRANCOIS GROSSO";"2630";"06000";"06088";"Nice";"06";"None";"None";"06088000KW0095";"None";"None";"42";"nan";"None";"nan";"None";"nan";"None";"None";"None";"None";"1";"2";"Appartement";"44.0";"2.0";"None";"None";"None";"None";"nan";"7.25106";"43.697415";"000KW"
"2023-56915";"2023-09-27";"1";"Vente";"146000.0";"21.0";"None";"BD FRANCOIS GROSSO";"2630";"06000";"06088";"Nice";"06";"None";"None";"06088000KW0076";"None";"None";"17";"nan";"52";"nan";"None";"nan";"None";"None";"None";"None";"2";"2";"Appartement";"55.0";"2.0";"None";"None";"None";"None";"nan";"7.251171";"43.696065";"000KW"
"2023-56279";"2023-09-27";"1";"Vente";"275000.0";"49.0";"None";"BD FRANCOIS GROSSO";"2630";"06000";"06088";"Nice";"06";"None";"None";"06088000KW0095";"None";"None";"10";"nan";"None";"nan";"None";"nan";"None";"None";"None";"None";"1";"3";"Dépendance";"nan";"0.0";"None";"None";"None";"None";"nan";"7.25106";"43.697415";"000KW"
"2023-56915";"2023-09-27";"1";"Vente";"146000.0";"21.0";"None";"BD FRANCOIS GROSSO";"2630";"06000";"06088";"Nice";"06";"None";"None";"06088000KW0076";"None";"None";"17";"nan";"52";"nan";"None";"nan";"None";"None";"None";"None";"2";"3";"Dépendance";"nan";"0.0";"None";"None";"None";"None";"nan";"7.251171";"43.696065";"000KW"
"2023-55673";"2023-09-26";"1";"Vente";"115000.0";"28.0";"None";"RUE BOTTERO";"0925";"06000";"06088";"Nice";"06";"None";"None";"06088000KW0439";"None";"None";"99";"nan";"None";"nan";"None";"nan";"None";"None";"None";"None";"1";"2";"Appartement";"25.0";"1.0";"None";"None";"None";"None";"nan";"7.252368";"43.696615";"000KW"
"2023-56338";"2023-09-25";"1";"Vente";"228000.0";"22.0";"None";"RUE BOTTERO";"0925";"06000";"06088";"Nice";"06";"None";"None";"06088000KW0153";"None";"None";"265";"nan";"70";"nan";"None";"nan";"None";"None";"None";"None";"2";"2";"Appartement";"35.0";"1.0";"None";"None";"None";"None";"nan";"7.252797";"43.696798";"000KW"
"2023-56338";"2023-09-25";"1";"Vente";"228000.0";"22.0";"None";"RUE BOTTERO";"0925";"06000";"06088";"Nice";"06";"None";"None";"06088000KW0153";"None";"None";"265";"nan";"70";"nan";"None";"nan";"None";"None";"None";"None";"2";"3";"Dépendance";"nan";"0.0";"None";"None";"None";"None";"nan";"7.252797";"43.696798";"000KW"
"2023-56918";"2023-09-25";"1";"Vente";"37000.0";"17.0";"None";"AV FLEURS";"2460";"06000";"06088";"Nice";"06";"None";"None";"06088000KW0123";"None";"None";"123";"nan";"None";"nan";"None";"nan";"None";"None";"None";"None";"1";"4";"Local industriel. commercial ou assimilé";"12.0";"0.0";"None";"None";"None";"None";"nan";"7.253164";"43.697428";"000KW"
"2023-55559";"2023-09-22";"1";"Vente";"150000.0";"14.0";"None";"AV DES BAUMETTES";"0660";"06000";"06088";"Nice";"06";"None";"None";"06088000KW0071";"None";"None";"17";"45.03";"None";"nan";"None";"nan";"None";"None";"None";"None";"1";"2";"Appartement";"50.0";"2.0";"None";"None";"None";"None";"nan";"7.250784";"43.695468";"000KW"
"2023-55798";"2023-09-22";"1";"Vente";"355000.0";"90.0";"None";"RUE DE FRANCE";"2595";"06000";"06088";"Nice";"06";"None";"None";"06088000KW0369";"None";"None";"1065";"nan";"None";"nan";"None";"nan";"None";"None";"None";"None";"1";"2";"Appartement";"63.0";"2.0";"None";"None";"None";"None";"nan";"7.252761";"43.694482";"000KW"
"2023-55559";"2023-09-22";"1";"Vente";"150000.0";"14.0";"None";"AV DES BAUMETTES";"0660";"06000";"06088";"Nice";"06";"None";"None";"06088000KW0071";"None";"None";"17";"45.03";"None";"nan";"None";"nan";"None";"None";"None";"None";"1";"3";"Dépendance";"nan";"0.0";"None";"None";"None";"None";"nan";"7.250784";"43.695468";"000KW"
"2023-55559";"2023-09-22";"1";"Vente";"150000.0";"14.0";"None";"AV DES BAUMETTES";"0660";"06000";"06088";"Nice";"06";"None";"None";"06088000KW0071";"None";"None";"17";"45.03";"None";"nan";"None";"nan";"None";"None";"None";"None";"1";"3";"Dépendance";"nan";"0.0";"None";"None";"None";"None";"nan";"7.250784";"43.695468";"000KW"
"2023-56282";"2023-09-21";"1";"Vente";"16400.0";"27.0";"None";"RUE DES POTIERS";"5225";"06000";"06088";"Nice";"06";"None";"None";"06088000KW0356";"None";"None";"13";"nan";"None";"nan";"None";"nan";"None";"None";"None";"None";"1";"3";"Dépendance";"nan";"0.0";"None";"None";"None";"None";"nan";"7.252576";"43.695881";"000KW"
"2023-55759";"2023-09-20";"1";"Vente";"345000.0";"5.0";"None";"AV FLEURS";"2460";"06000";"06088";"Nice";"06";"None";"None";"06088000KW0131";"None";"None";"14";"nan";"None";"nan";"None";"nan";"None";"None";"None";"None";"1";"2";"Appartement";"37.0";"1.0";"None";"None";"None";"None";"nan";"7.255071";"43.697471";"000KW"
"2023-55759";"2023-09-20";"1";"Vente";"345000.0";"5.0";"None";"AV FLEURS";"2460";"06000";"06088";"Nice";"06";"None";"None";"06088000KW0131";"None";"None";"14";"nan";"None";"nan";"None";"nan";"None";"None";"None";"None";"1";"3";"Dépendance";"nan";"0.0";"None";"None";"None";"None";"nan";"7.255071";"43.697471";"000KW"
"2023-55759";"2023-09-20";"1";"Vente";"345000.0";"5.0";"None";"AV FLEURS";"2460";"06000";"06088";"Nice";"06";"None";"None";"06088000KW0131";"None";"None";"14";"nan";"None";"nan";"None";"nan";"None";"None";"None";"None";"1";"3";"Dépendance";"nan";"0.0";"None";"None";"None";"None";"nan";"7.255071";"43.697471";"000KW"
"2023-55738";"2023-09-19";"1";"Vente";"130000.0";"15.0";"None";"RUE JOSEPH FRICERO";"3470";"06000";"06088";"Nice";"06";"None";"None";"06088000KW0210";"None";"None";"13";"24.49";"None";"nan";"None";"nan";"None";"None";"None";"None";"1";"2";"Appartement";"32.0";"1.0";"None";"None";"None";"None";"nan";"7.254129";"43.695803";"000KW"
"2023-56207";"2023-09-19";"1";"Vente";"170000.0";"1.0";"None";"RUE CLAUDIA";"1460";"06000";"06088";"Nice";"06";"None";"None";"06088000KW0419";"None";"None";"29";"nan";"None";"nan";"None";"nan";"None";"None";"None";"None";"1";"2";"Appartement";"36.0";"2.0";"None";"None";"None";"None";"nan";"7.254973";"43.695132";"000KW"
"2023-56457";"2023-09-19";"1";"Vente";"350000.0";"66.0";"None";"AV DES BAUMETTES";"0660";"06000";"06088";"Nice";"06";"None";"None";"06088000KW0019";"None";"None";"177";"nan";"188";"102.38";"None";"nan";"None";"None";"None";"None";"2";"2";"Appartement";"101.0";"3.0";"None";"None";"None";"None";"nan";"7.248507";"43.696603";"000KW"
"2023-55308";"2023-09-19";"1";"Vente";"44000.0";"19.0";"None";"RUE ANDRIOLI";"0230";"06000";"06088";"Nice";"06";"None";"None";"06088000KW0206";"None";"None";"35";"nan";"None";"nan";"None";"nan";"None";"None";"None";"None";"1";"3";"Dépendance";"nan";"0.0";"None";"None";"None";"None";"nan";"7.253381";"43.696371";"000KW"
"2023-56457";"2023-09-19";"1";"Vente";"350000.0";"66.0";"None";"AV DES BAUMETTES";"0660";"06000";"06088";"Nice";"06";"None";"None";"06088000KW0019";"None";"None";"177";"nan";"188";"102.38";"None";"nan";"None";"None";"None";"None";"2";"3";"Dépendance";"nan";"0.0";"None";"None";"None";"None";"nan";"7.248507";"43.696603";"000KW"
"2023-56457";"2023-09-19";"1";"Vente";"350000.0";"66.0";"None";"AV DES BAUMETTES";"0660";"06000";"06088";"Nice";"06";"None";"None";"06088000KW0019";"None";"None";"177";"nan";"188";"102.38";"None";"nan";"None";"None";"None";"None";"2";"3";"Dépendance";"nan";"0.0";"None";"None";"None";"None";"nan";"7.248507";"43.696603";"000KW"
"2023-56457";"2023-09-19";"1";"Vente";"350000.0";"66.0";"None";"AV DES BAUMETTES";"0660";"06000";"06088";"Nice";"06";"None";"None";"06088000KW0019";"None";"None";"42";"nan";"None";"nan";"None";"nan";"None";"None";"None";"None";"1";"3";"Dépendance";"nan";"0.0";"None";"None";"None";"None";"nan";"7.248507";"43.696603";"000KW"
"2023-55306";"2023-09-15";"1";"Vente";"145000.0";"8.0";"None";"BD FRANCOIS GROSSO";"2630";"06000";"06088";"Nice";"06";"None";"None";"06088000KW0321";"None";"None";"10";"nan";"None";"nan";"None";"nan";"None";"None";"None";"None";"1";"2";"Appartement";"22.0";"2.0";"None";"None";"None";"None";"nan";"7.25226";"43.695046";"000KW"
"2023-55655";"2023-09-15";"1";"Vente";"740000.0";"90.0";"None";"RUE DE FRANCE";"2595";"06000";"06088";"Nice";"06";"None";"None";"06088000KW0369";"None";"None";"1048";"nan";"None";"nan";"None";"nan";"None";"None";"None";"None";"1";"2";"Appartement";"106.0";"4.0";"None";"None";"None";"None";"nan";"7.252761";"43.694482";"000KW"
"2023-56303";"2023-09-15";"1";"Vente";"399000.0";"22.0";"None";"RUE BOTTERO";"0925";"06000";"06088";"Nice";"06";"None";"None";"06088000KW0153";"None";"None";"278";"nan";"73";"nan";"None";"nan";"None";"None";"None";"None";"2";"2";"Appartement";"64.0";"2.0";"None";"None";"None";"None";"nan";"7.252797";"43.696798";"000KW"
"2023-55655";"2023-09-15";"1";"Vente";"740000.0";"90.0";"None";"RUE DE FRANCE";"2595";"06000";"06088";"Nice";"06";"None";"None";"06088000KW0369";"None";"None";"1259";"nan";"None";"nan";"None";"nan";"None";"None";"None";"None";"1";"3";"Dépendance";"nan";"0.0";"None";"None";"None";"None";"nan";"7.252761";"43.694482";"000KW"
"2023-56303";"2023-09-15";"1";"Vente";"399000.0";"22.0";"None";"RUE BOTTERO";"0925";"06000";"06088";"Nice";"06";"None";"None";"06088000KW0153";"None";"None";"278";"nan";"73";"nan";"None";"nan";"None";"None";"None";"None";"2";"3";"Dépendance";"nan";"0.0";"None";"None";"None";"None";"nan";"7.252797";"43.696798";"000KW"
"2023-56303";"2023-09-15";"1";"Vente";"399000.0";"19.0";"None";"AV DES ORANGERS";"4590";"06000";"06088";"Nice";"06";"None";"None";"06088000KW0153";"None";"None";"179";"nan";"None";"nan";"None";"nan";"None";"None";"None";"None";"1";"3";"Dépendance";"nan";"0.0";"None";"None";"None";"None";"nan";"7.252797";"43.696798";"000KW"
"2023-55307";"2023-09-14";"1";"Vente";"490350.0";"2.0";"None";"RUE ALEXIS MOSSA";"0094";"06000";"06088";"Nice";"06";"None";"None";"06088000KW0199";"None";"None";"43";"nan";"None";"nan";"None";"nan";"None";"None";"None";"None";"1";"2";"Appartement";"65.0";"3.0";"None";"None";"None";"None";"nan";"7.253681";"43.696274";"000KW"
"2023-55318";"2023-09-14";"1";"Vente";"200000.0";"55.0";"None";"BD FRANCOIS GROSSO";"2630";"06000";"06088";"Nice";"06";"None";"None";"06088000KW0103";"None";"None";"31";"67.21";"None";"nan";"None";"nan";"None";"None";"None";"None";"1";"2";"Appartement";"67.0";"2.0";"None";"None";"None";"None";"nan";"7.251033";"43.69772";"000KW"
"2023-55894";"2023-09-14";"1";"Vente";"195000.0";"22.0";"None";"RUE BOTTERO";"0925";"06000";"06088";"Nice";"06";"None";"None";"06088000KW0153";"None";"None";"265";"nan";"70";"nan";"None";"nan";"None";"None";"None";"None";"2";"2";"Appartement";"35.0";"1.0";"None";"None";"None";"None";"nan";"7.252797";"43.696798";"000KW"
"2023-55318";"2023-09-14";"1";"Vente";"200000.0";"55.0";"None";"BD FRANCOIS GROSSO";"2630";"06000";"06088";"Nice";"06";"None";"None";"06088000KW0103";"None";"None";"31";"67.21";"None";"nan";"None";"nan";"None";"None";"None";"None";"1";"3";"Dépendance";"nan";"0.0";"None";"None";"None";"None";"nan";"7.251033";"43.69772";"000KW"
"2023-55894";"2023-09-14";"1";"Vente";"195000.0";"22.0";"None";"RUE BOTTERO";"0925";"06000";"06088";"Nice";"06";"None";"None";"06088000KW0153";"None";"None";"265";"nan";"70";"nan";"None";"nan";"None";"None";"None";"None";"2";"3";"Dépendance";"nan";"0.0";"None";"None";"None";"None";"nan";"7.252797";"43.696798";"000KW"
"2023-55060";"2023-09-12";"1";"Vente";"280000.0";"9.0";"None";"AV DES BAUMETTES";"0660";"06000";"06088";"Nice";"06";"None";"None";"06088000KW0063";"None";"None";"38";"nan";"46";"57.02";"None";"nan";"None";"None";"None";"None";"2";"2";"Appartement";"58.0";"2.0";"None";"None";"None";"None";"nan";"7.250954";"43.694669";"000KW"
"2023-55716";"2023-09-12";"1";"Vente";"465500.0";"4.0";"None";"RUE BOTTERO";"0925";"06000";"06088";"Nice";"06";"None";"None";"06088000KW0473";"None";"None";"14";"nan";"2";"nan";"None";"nan";"None";"None";"None";"None";"2";"2";"Appartement";"80.0";"4.0";"None";"None";"None";"None";"nan";"7.255531";"43.696847";"000KW"
"2023-55060";"2023-09-12";"1";"Vente";"280000.0";"9.0";"None";"AV DES BAUMETTES";"0660";"06000";"06088";"Nice";"06";"None";"None";"06088000KW0063";"None";"None";"38";"nan";"46";"57.02";"None";"nan";"None";"None";"None";"None";"2";"3";"Dépendance";"nan";"0.0";"None";"None";"None";"None";"nan";"7.250954";"43.694669";"000KW"
"2023-55343";"2023-09-11";"1";"Vente";"217500.0";"27.0";"None";"AV FLEURS";"2460";"06000";"06088";"Nice";"06";"None";"None";"06088000KW0108";"None";"None";"42";"nan";"None";"nan";"None";"nan";"None";"None";"None";"None";"1";"2";"Appartement";"32.0";"1.0";"None";"None";"None";"None";"nan";"7.251754";"43.697744";"000KW"
"2023-54849";"2023-09-08";"1";"Vente";"280000.0";"12.0";"None";"AV DES BAUMETTES";"0660";"06000";"06088";"Nice";"06";"None";"None";"06088000KW0070";"None";"None";"13";"49.35";"None";"nan";"None";"nan";"None";"None";"None";"None";"1";"2";"Appartement";"25.0";"2.0";"None";"None";"None";"None";"nan";"7.250942";"43.695302";"000KW"
"2023-55294";"2023-09-08";"1";"Vente";"102300.0";"44.0";"None";"RUE DES POTIERS";"5225";"06000";"06088";"Nice";"06";"None";"None";"06088000KW0116";"None";"None";"31";"21.29";"None";"nan";"None";"nan";"None";"None";"None";"None";"1";"2";"Appartement";"22.0";"1.0";"None";"None";"None";"None";"nan";"7.252397";"43.6976";"000KW"
"2023-55296";"2023-09-08";"1";"Vente";"102300.0";"44.0";"None";"RUE DES POTIERS";"5225";"06000";"06088";"Nice";"06";"None";"None";"06088000KW0116";"None";"None";"28";"nan";"None";"nan";"None";"nan";"None";"None";"None";"None";"1";"2";"Appartement";"25.0";"1.0";"None";"None";"None";"None";"nan";"7.252397";"43.6976";"000KW"
"2023-55296";"2023-09-08";"1";"Vente";"102300.0";"44.0";"None";"RUE DES POTIERS";"5225";"06000";"06088";"Nice";"06";"None";"None";"06088000KW0116";"None";"None";"26";"22.96";"None";"nan";"None";"nan";"None";"None";"None";"None";"1";"2";"Appartement";"22.0";"1.0";"None";"None";"None";"None";"nan";"7.252397";"43.6976";"000KW"
"2023-55294";"2023-09-08";"1";"Vente";"102300.0";"44.0";"None";"RUE DES POTIERS";"5225";"06000";"06088";"Nice";"06";"None";"None";"06088000KW0116";"None";"None";"31";"21.29";"None";"nan";"None";"nan";"None";"None";"None";"None";"1";"3";"Dépendance";"nan";"0.0";"None";"None";"None";"None";"nan";"7.252397";"43.6976";"000KW"
"2023-55296";"2023-09-08";"1";"Vente";"102300.0";"44.0";"None";"RUE DES POTIERS";"5225";"06000";"06088";"Nice";"06";"None";"None";"06088000KW0116";"None";"None";"26";"22.96";"None";"nan";"None";"nan";"None";"None";"None";"None";"1";"3";"Dépendance";"nan";"0.0";"None";"None";"None";"None";"nan";"7.252397";"43.6976";"000KW"
"2023-55157";"2023-09-07";"1";"Vente";"4000.0";"10.0";"None";"AV DES ORANGERS";"4590";"06000";"06088";"Nice";"06";"None";"None";"06088000KW0124";"None";"None";"8";"nan";"None";"nan";"None";"nan";"None";"None";"None";"None";"1";"2";"Appartement";"20.0";"1.0";"None";"None";"None";"None";"nan";"7.253552";"43.697329";"000KW"
"2023-55157";"2023-09-07";"1";"Vente";"4000.0";"10.0";"None";"AV DES ORANGERS";"4590";"06000";"06088";"Nice";"06";"None";"None";"06088000KW0124";"None";"None";"8";"nan";"None";"nan";"None";"nan";"None";"None";"None";"None";"1";"3";"Dépendance";"nan";"0.0";"None";"None";"None";"None";"nan";"7.253552";"43.697329";"000KW"
"2023-55416";"2023-09-06";"1";"Vente";"270000.0";"13.0";"None";"AV DES ORANGERS";"4590";"06000";"06088";"Nice";"06";"None";"None";"06088000KW0148";"None";"None";"34";"nan";"8";"nan";"None";"nan";"None";"None";"None";"None";"2";"2";"Appartement";"42.0";"1.0";"None";"None";"None";"None";"nan";"7.253683";"43.696865";"000KW"
"2023-55545";"2023-09-06";"1";"Vente";"500000.0";"76.0";"None";"AV BAUMETTES PANORAMIC";"0665";"06000";"06088";"Nice";"06";"None";"None";"06088000KW0005";"None";"None";"501";"nan";"578";"nan";"None";"nan";"None";"None";"None";"None";"2";"2";"Appartement";"100.0";"3.0";"None";"None";"None";"None";"nan";"7.250071";"43.698297";"000KW"
"2023-55545";"2023-09-06";"1";"Vente";"500000.0";"76.0";"None";"AV BAUMETTES PANORAMIC";"0665";"06000";"06088";"Nice";"06";"None";"None";"06088000KW0005";"None";"None";"501";"nan";"578";"nan";"None";"nan";"None";"None";"None";"None";"2";"3";"Dépendance";"nan";"0.0";"None";"None";"None";"None";"nan";"7.250071";"43.698297";"000KW"
"2023-54845";"2023-09-05";"1";"Vente";"103000.0";"76.0";"None";"AV BAUMETTES MIRAMAR";"0664";"06000";"06088";"Nice";"06";"None";"None";"06088000KW0005";"None";"None";"140";"nan";"198";"25.64";"None";"nan";"None";"None";"None";"None";"2";"2";"Appartement";"26.0";"1.0";"None";"None";"None";"None";"nan";"7.250071";"43.698297";"000KW"
"2023-55179";"2023-09-05";"1";"Vente";"625000.0";"7.0";"None";"AV FLEURS";"2460";"06000";"06088";"Nice";"06";"None";"None";"06088000KW0130";"None";"None";"14";"114.75";"6";"nan";"None";"nan";"None";"None";"None";"None";"2";"2";"Appartement";"116.0";"4.0";"None";"None";"None";"None";"nan";"7.254675";"43.697427";"000KW"
"2023-54845";"2023-09-05";"1";"Vente";"103000.0";"76.0";"None";"AV BAUMETTES MIRAMAR";"0664";"06000";"06088";"Nice";"06";"None";"None";"06088000KW0005";"None";"None";"140";"nan";"198";"25.64";"None";"nan";"None";"None";"None";"None";"2";"3";"Dépendance";"nan";"0.0";"None";"None";"None";"None";"nan";"7.250071";"43.698297";"000KW"
"2023-55179";"2023-09-05";"1";"Vente";"625000.0";"7.0";"None";"AV FLEURS";"2460";"06000";"06088";"Nice";"06";"None";"None";"06088000KW0130";"None";"None";"14";"114.75";"6";"nan";"None";"nan";"None";"None";"None";"None";"2";"3";"Dépendance";"nan";"0.0";"None";"None";"None";"None";"nan";"7.254675";"43.697427";"000KW"
"2023-55179";"2023-09-05";"1";"Vente";"625000.0";"7.0";"None";"AV FLEURS";"2460";"06000";"06088";"Nice";"06";"None";"None";"06088000KW0130";"None";"None";"14";"114.75";"6";"nan";"None";"nan";"None";"None";"None";"None";"2";"3";"Dépendance";"nan";"0.0";"None";"None";"None";"None";"nan";"7.254675";"43.697427";"000KW"
"2023-55179";"2023-09-05";"1";"Vente";"625000.0";"7.0";"None";"AV FLEURS";"2460";"06000";"06088";"Nice";"06";"None";"None";"06088000KW0130";"None";"None";"14";"114.75";"6";"nan";"None";"nan";"None";"None";"None";"None";"2";"3";"Dépendance";"nan";"0.0";"None";"None";"None";"None";"nan";"7.254675";"43.697427";"000KW"
"2023-54939";"2023-09-04";"1";"Vente";"548225.0";"19.0";"None";"AV DES ORANGERS";"4590";"06000";"06088";"Nice";"06";"None";"None";"06088000KW0153";"None";"None";"237";"71.96";"None";"nan";"None";"nan";"None";"None";"None";"None";"1";"2";"Appartement";"73.0";"3.0";"None";"None";"None";"None";"nan";"7.252797";"43.696798";"000KW"
"2023-54939";"2023-09-04";"1";"Vente";"548225.0";"19.0";"None";"AV DES ORANGERS";"4590";"06000";"06088";"Nice";"06";"None";"None";"06088000KW0153";"None";"None";"237";"71.96";"None";"nan";"None";"nan";"None";"None";"None";"None";"1";"3";"Dépendance";"nan";"0.0";"None";"None";"None";"None";"nan";"7.252797";"43.696798";"000KW"
"2023-54939";"2023-09-04";"1";"Vente";"548225.0";"19.0";"None";"AV DES ORANGERS";"4590";"06000";"06088";"Nice";"06";"None";"None";"06088000KW0153";"None";"None";"237";"71.96";"None";"nan";"None";"nan";"None";"None";"None";"None";"1";"3";"Dépendance";"nan";"0.0";"None";"None";"None";"None";"nan";"7.252797";"43.696798";"000KW"
"2023-54693";"2023-08-31";"1";"Vente";"585000.0";"5.0";"None";"RUE DANTE";"1835";"06000";"06088";"Nice";"06";"None";"None";"06088000KW0243";"None";"None";"7";"126.19";"None";"nan";"None";"nan";"None";"None";"None";"None";"1";"2";"Appartement";"127.0";"6.0";"None";"None";"None";"None";"nan";"7.255346";"43.695658";"000KW"
"2023-55704";"2023-08-31";"1";"Vente";"320000.0";"2.0";"None";"RUE ALEXIS MOSSA";"0094";"06000";"06088";"Nice";"06";"None";"None";"06088000KW0199";"None";"None";"55";"nan";"59";"nan";"None";"nan";"None";"None";"None";"None";"2";"2";"Appartement";"59.0";"3.0";"None";"None";"None";"None";"nan";"7.253681";"43.696274";"000KW"
"2023-54614";"2023-08-31";"1";"Vente";"36400.0";"2.0";"None";"BD FRANCOIS GROSSO";"2630";"06000";"06088";"Nice";"06";"None";"None";"06088000KW0370";"None";"None";"22";"nan";"None";"nan";"None";"nan";"None";"None";"None";"None";"1";"3";"Dépendance";"nan";"0.0";"None";"None";"None";"None";"nan";"7.252572";"43.694566";"000KW"
"2023-54935";"2023-08-30";"1";"Vente";"485000.0";"76.0";"None";"AV BAUMETTES MIRAMAR";"0664";"06000";"06088";"Nice";"06";"None";"None";"06088000KW0005";"None";"None";"159";"nan";"160";"nan";"175";"nan";"176";"None";"None";"None";"4";"2";"Appartement";"110.0";"4.0";"None";"None";"None";"None";"nan";"7.250071";"43.698297";"000KW"
"2023-54935";"2023-08-30";"1";"Vente";"485000.0";"76.0";"None";"AV BAUMETTES MIRAMAR";"0664";"06000";"06088";"Nice";"06";"None";"None";"06088000KW0005";"None";"None";"159";"nan";"160";"nan";"175";"nan";"176";"None";"None";"None";"4";"3";"Dépendance";"nan";"0.0";"None";"None";"None";"None";"nan";"7.250071";"43.698297";"000KW"
"2023-54854";"2023-08-28";"1";"Vente";"249000.0";"53.0";"None";"PROM DES ANGLAIS";"0240";"06000";"06088";"Nice";"06";"None";"None";"06088000KW0282";"None";"None";"100";"nan";"34";"nan";"None";"nan";"None";"None";"None";"None";"2";"2";"Appartement";"38.0";"1.0";"None";"None";"None";"None";"nan";"7.254413";"43.693761";"000KW"
"2023-55552";"2023-08-25";"1";"Vente";"170000.0";"27.0";"None";"AV DES ORANGERS";"4590";"06000";"06088";"Nice";"06";"None";"None";"06088000KW0157";"None";"None";"42";"19.04";"None";"nan";"None";"nan";"None";"None";"None";"None";"1";"2";"Appartement";"20.0";"1.0";"None";"None";"None";"None";"nan";"7.251822";"43.696854";"000KW"
"2023-55105";"2023-08-24";"1";"Vente";"1820000.0";"76.0";"None";"AV BAUMETTES BELLEVUE";"0663";"06000";"06088";"Nice";"06";"None";"None";"06088000KW0005";"None";"None";"382";"nan";"440";"nan";"None";"nan";"None";"None";"None";"None";"2";"2";"Appartement";"270.0";"5.0";"None";"None";"None";"None";"nan";"7.250071";"43.698297";"000KW"
"2023-55105";"2023-08-24";"1";"Vente";"1820000.0";"76.0";"None";"AV BAUMETTES PANORAMIC";"0665";"06000";"06088";"Nice";"06";"None";"None";"06088000KW0005";"None";"None";"477";"nan";"None";"nan";"None";"nan";"None";"None";"None";"None";"1";"3";"Dépendance";"nan";"0.0";"None";"None";"None";"None";"nan";"7.250071";"43.698297";"000KW"
"2023-55105";"2023-08-24";"1";"Vente";"1820000.0";"76.0";"None";"AV BAUMETTES BELLEVUE";"0663";"06000";"06088";"Nice";"06";"None";"None";"06088000KW0005";"None";"None";"382";"nan";"440";"nan";"None";"nan";"None";"None";"None";"None";"2";"3";"Dépendance";"nan";"0.0";"None";"None";"None";"None";"nan";"7.250071";"43.698297";"000KW"
"2023-55105";"2023-08-24";"1";"Vente";"1820000.0";"76.0";"None";"AV BAUMETTES BELLEVUE";"0663";"06000";"06088";"Nice";"06";"None";"None";"06088000KW0005";"None";"None";"382";"nan";"440";"nan";"None";"nan";"None";"None";"None";"None";"2";"3";"Dépendance";"nan";"0.0";"None";"None";"None";"None";"nan";"7.250071";"43.698297";"000KW"
"2023-55105";"2023-08-24";"1";"Vente";"1820000.0";"76.0";"None";"AV BAUMETTES PANORAMIC";"0665";"06000";"06088";"Nice";"06";"None";"None";"06088000KW0005";"None";"None";"478";"nan";"None";"nan";"None";"nan";"None";"None";"None";"None";"1";"3";"Dépendance";"nan";"0.0";"None";"None";"None";"None";"nan";"7.250071";"43.698297";"000KW"
"2023-55105";"2023-08-24";"1";"Vente";"1820000.0";"76.0";"None";"AV BAUMETTES BELLEVUE";"0663";"06000";"06088";"Nice";"06";"None";"None";"06088000KW0005";"None";"None";"382";"nan";"440";"nan";"None";"nan";"None";"None";"None";"None";"2";"3";"Dépendance";"nan";"0.0";"None";"None";"None";"None";"nan";"7.250071";"43.698297";"000KW"
"2023-55105";"2023-08-24";"1";"Vente";"1820000.0";"76.0";"None";"AV BAUMETTES BELLEVUE";"0663";"06000";"06088";"Nice";"06";"None";"None";"06088000KW0005";"None";"None";"382";"nan";"440";"nan";"None";"nan";"None";"None";"None";"None";"2";"3";"Dépendance";"nan";"0.0";"None";"None";"None";"None";"nan";"7.250071";"43.698297";"000KW"
"2023-54754";"2023-08-22";"1";"Vente";"160000.0";"27.0";"None";"RUE BOTTERO";"0925";"06000";"06088";"Nice";"06";"None";"None";"06088000KW0176";"None";"None";"23";"39.12";"None";"nan";"None";"nan";"None";"None";"None";"None";"1";"2";"Appartement";"28.0";"1.0";"None";"None";"None";"None";"nan";"7.252335";"43.696306";"000KW"
"2023-54357";"2023-08-22";"1";"Vente";"40000.0";"2.0";"None";"BD FRANCOIS GROSSO";"2630";"06000";"06088";"Nice";"06";"None";"None";"06088000KW0370";"None";"None";"3";"nan";"None";"nan";"None";"nan";"None";"None";"None";"None";"1";"3";"Dépendance";"nan";"0.0";"None";"None";"None";"None";"nan";"7.252572";"43.694566";"000KW"
"2023-54754";"2023-08-22";"1";"Vente";"160000.0";"27.0";"None";"RUE BOTTERO";"0925";"06000";"06088";"Nice";"06";"None";"None";"06088000KW0176";"None";"None";"25";"nan";"None";"nan";"None";"nan";"None";"None";"None";"None";"1";"3";"Dépendance";"nan";"0.0";"None";"None";"None";"None";"nan";"7.252335";"43.696306";"000KW"
"2023-54372";"2023-08-21";"1";"Vente";"395000.0";"12.0";"None";"RUE BOTTERO";"0925";"06000";"06088";"Nice";"06";"None";"None";"06088000KW0143";"None";"None";"38";"72.37";"None";"nan";"None";"nan";"None";"None";"None";"None";"1";"2";"Appartement";"71.0";"3.0";"None";"None";"None";"None";"nan";"7.254062";"43.696768";"000KW"
"2023-54374";"2023-08-18";"1";"Vente";"50000.0";"15.0";"None";"RUE ANDRIOLI";"0230";"06000";"06088";"Nice";"06";"None";"None";"06088000KW0198";"None";"None";"63B";"nan";"None";"nan";"None";"nan";"None";"None";"None";"None";"1";"3";"Dépendance";"nan";"0.0";"None";"None";"None";"None";"nan";"7.253622";"43.695971";"000KW"
"2023-54394";"2023-08-11";"1";"Vente";"300000.0";"15.0";"None";"RUE SAINT PHILIPPE";"5895";"06000";"06088";"Nice";"06";"None";"None";"06088000KW0265";"None";"None";"10";"50.29";"None";"nan";"None";"nan";"None";"None";"None";"None";"1";"2";"Appartement";"46.0";"2.0";"None";"None";"None";"None";"nan";"7.254956";"43.695463";"000KW"
"2023-54751";"2023-08-11";"1";"Vente";"190000.0";"13.0";"None";"RUE BOTTERO";"0925";"06000";"06088";"Nice";"06";"None";"None";"06088000KW0221";"None";"None";"22";"37.53";"3";"nan";"None";"nan";"None";"None";"None";"None";"2";"2";"Appartement";"37.0";"2.0";"None";"None";"None";"None";"nan";"7.254291";"43.696458";"000KW"
"2023-54751";"2023-08-11";"1";"Vente";"190000.0";"13.0";"None";"RUE BOTTERO";"0925";"06000";"06088";"Nice";"06";"None";"None";"06088000KW0221";"None";"None";"22";"37.53";"3";"nan";"None";"nan";"None";"None";"None";"None";"2";"3";"Dépendance";"nan";"0.0";"None";"None";"None";"None";"nan";"7.254291";"43.696458";"000KW"
"2023-54661";"2023-08-10";"1";"Vente";"139000.0";"44.0";"None";"RUE DES POTIERS";"5225";"06000";"06088";"Nice";"06";"None";"None";"06088000KW0116";"None";"None";"24";"21.05";"None";"nan";"None";"nan";"None";"None";"None";"None";"1";"2";"Appartement";"22.0";"1.0";"None";"None";"None";"None";"nan";"7.252397";"43.6976";"000KW"
"2023-54661";"2023-08-10";"1";"Vente";"139000.0";"44.0";"None";"RUE DES POTIERS";"5225";"06000";"06088";"Nice";"06";"None";"None";"06088000KW0116";"None";"None";"1";"nan";"None";"nan";"None";"nan";"None";"None";"None";"None";"1";"3";"Dépendance";"nan";"0.0";"None";"None";"None";"None";"nan";"7.252397";"43.6976";"000KW"
"2023-54661";"2023-08-10";"1";"Vente";"139000.0";"44.0";"None";"RUE DES POTIERS";"5225";"06000";"06088";"Nice";"06";"None";"None";"06088000KW0116";"None";"None";"24";"21.05";"None";"nan";"None";"nan";"None";"None";"None";"None";"1";"3";"Dépendance";"nan";"0.0";"None";"None";"None";"None";"nan";"7.252397";"43.6976";"000KW"
"2023-53673";"2023-08-07";"1";"Vente";"215000.0";"6.0";"None";"RUE ALEXIS MOSSA";"0094";"06000";"06088";"Nice";"06";"None";"None";"06088000KW0201";"None";"None";"63";"nan";"None";"nan";"None";"nan";"None";"None";"None";"None";"1";"2";"Appartement";"49.0";"2.0";"None";"None";"None";"None";"nan";"7.253236";"43.696235";"000KW"
"2023-54021";"2023-08-07";"1";"Vente";"150000.0";"8.0";"None";"IMP VIOLETTES";"6745";"06000";"06088";"Nice";"06";"None";"None";"06088000KW0306";"None";"None";"7";"37.81";"None";"nan";"None";"nan";"None";"None";"None";"None";"1";"2";"Appartement";"37.0";"2.0";"None";"None";"None";"None";"nan";"7.25343";"43.695109";"000KW"
"2023-54532";"2023-08-07";"1";"Vente";"47000.0";"90.0";"None";"RUE DE FRANCE";"2595";"06000";"06088";"Nice";"06";"None";"None";"06088000KW0369";"None";"None";"1201";"nan";"None";"nan";"None";"nan";"None";"None";"None";"None";"1";"3";"Dépendance";"nan";"0.0";"None";"None";"None";"None";"nan";"7.252761";"43.694482";"000KW"
"2023-53664";"2023-08-03";"1";"Vente";"61000.0";"18.0";"None";"AV DES ORANGERS";"4590";"06000";"06088";"Nice";"06";"None";"None";"06088000KW0119";"None";"None";"18";"8.51";"None";"nan";"None";"nan";"None";"None";"None";"None";"1";"2";"Appartement";"10.0";"1.0";"None";"None";"None";"None";"nan";"7.25258";"43.69729";"000KW"
"2023-54170";"2023-08-03";"1";"Vente";"37000.0";"17.0";"None";"AV FLEURS";"2460";"06000";"06088";"Nice";"06";"None";"None";"06088000KW0123";"None";"None";"104";"nan";"None";"nan";"None";"nan";"None";"None";"None";"None";"1";"4";"Local industriel. commercial ou assimilé";"7.0";"0.0";"None";"None";"None";"None";"nan";"7.253164";"43.697428";"000KW"
"2023-53353";"2023-07-31";"1";"Vente";"112000.0";"105.0";"None";"RUE DE FRANCE";"2595";"06000";"06088";"Nice";"06";"None";"None";"06088000KW0256";"None";"None";"14";"nan";"None";"nan";"None";"nan";"None";"None";"None";"None";"1";"2";"Appartement";"11.0";"1.0";"None";"None";"None";"None";"nan";"7.254987";"43.694721";"000KW"
"2023-53353";"2023-07-31";"1";"Vente";"112000.0";"105.0";"None";"RUE DE FRANCE";"2595";"06000";"06088";"Nice";"06";"None";"None";"06088000KW0256";"None";"None";"16";"nan";"None";"nan";"None";"nan";"None";"None";"None";"None";"1";"2";"Appartement";"15.0";"1.0";"None";"None";"None";"None";"nan";"7.254987";"43.694721";"000KW"
"2023-53684";"2023-07-31";"1";"Vente";"70000.0";"8.0";"None";"IMP VIOLETTES";"6745";"06000";"06088";"Nice";"06";"None";"None";"06088000KW0306";"None";"None";"14";"23.1";"None";"nan";"None";"nan";"None";"None";"None";"None";"1";"2";"Appartement";"25.0";"1.0";"None";"None";"None";"None";"nan";"7.25343";"43.695109";"000KW"
"2023-53722";"2023-07-31";"1";"Vente";"150000.0";"11.0";"B";"AV FLEURS";"2460";"06000";"06088";"Nice";"06";"None";"None";"06088000KW0125";"None";"None";"68";"72.35";"None";"nan";"None";"nan";"None";"None";"None";"None";"1";"2";"Appartement";"70.0";"2.0";"None";"None";"None";"None";"nan";"7.253698";"43.697412";"000KW"
"2023-53365";"2023-07-31";"1";"Vente";"33000.0";"5.0";"None";"RUE ANDRIOLI";"0230";"06000";"06088";"Nice";"06";"None";"None";"06088000KW0278";"None";"None";"24";"nan";"None";"nan";"None";"nan";"None";"None";"None";"None";"1";"3";"Dépendance";"nan";"0.0";"None";"None";"None";"None";"nan";"7.254107";"43.694359";"000KW"
"2023-53436";"2023-07-28";"1";"Vente";"112000.0";"11.0";"None";"PAS DE L AVENIR";"0501";"06000";"06088";"Nice";"06";"None";"None";"06088000KW0219";"None";"None";"1";"18.4";"None";"nan";"None";"nan";"None";"None";"None";"None";"1";"2";"Appartement";"18.0";"1.0";"None";"None";"None";"None";"nan";"7.25416";"43.696382";"000KW"
"2023-53436";"2023-07-28";"1";"Vente";"112000.0";"11.0";"None";"PAS DE L AVENIR";"0501";"06000";"06088";"Nice";"06";"None";"None";"06088000KW0219";"None";"None";"4";"nan";"None";"nan";"None";"nan";"None";"None";"None";"None";"1";"2";"Appartement";"25.0";"2.0";"None";"None";"None";"None";"nan";"7.25416";"43.696382";"000KW"
"2023-53585";"2023-07-28";"1";"Vente";"270000.0";"2.0";"None";"RUE BOTTERO";"0925";"06000";"06088";"Nice";"06";"None";"None";"06088000KW0471";"None";"None";"11";"nan";"None";"nan";"None";"nan";"None";"None";"None";"None";"1";"2";"Appartement";"53.0";"3.0";"None";"None";"None";"None";"nan";"7.255693";"43.696883";"000KW"
"2023-53436";"2023-07-28";"1";"Vente";"112000.0";"11.0";"None";"PAS DE L AVENIR";"0501";"06000";"06088";"Nice";"06";"None";"None";"06088000KW0219";"None";"None";"4";"nan";"None";"nan";"None";"nan";"None";"None";"None";"None";"1";"3";"Dépendance";"nan";"0.0";"None";"None";"None";"None";"nan";"7.25416";"43.696382";"000KW"
"2023-53612";"2023-07-28";"1";"Vente";"25000.0";"21.0";"None";"BD FRANCOIS GROSSO";"2630";"06000";"06088";"Nice";"06";"None";"None";"06088000KW0076";"None";"None";"192";"nan";"None";"nan";"None";"nan";"None";"None";"None";"None";"1";"3";"Dépendance";"nan";"0.0";"None";"None";"None";"None";"nan";"7.251171";"43.696065";"000KW"
"2023-54438";"2023-07-28";"1";"Vente";"28000.0";"27.0";"None";"RUE DES POTIERS";"5225";"06000";"06088";"Nice";"06";"None";"None";"06088000KW0356";"None";"None";"5";"nan";"None";"nan";"None";"nan";"None";"None";"None";"None";"1";"3";"Dépendance";"nan";"0.0";"None";"None";"None";"None";"nan";"7.252576";"43.695881";"000KW"
"2023-53201";"2023-07-27";"1";"Vente";"30000.0";"66.0";"None";"AV DES BAUMETTES";"0660";"06000";"06088";"Nice";"06";"None";"None";"06088000KW0019";"None";"None";"17";"nan";"None";"nan";"None";"nan";"None";"None";"None";"None";"1";"3";"Dépendance";"nan";"0.0";"None";"None";"None";"None";"nan";"7.248507";"43.696603";"000KW"
"2023-52930";"2023-07-26";"1";"Vente";"320000.0";"18.0";"None";"RUE BOTTERO";"0925";"06000";"06088";"Nice";"06";"None";"None";"06088000KW0330";"None";"None";"20";"nan";"None";"nan";"None";"nan";"None";"None";"None";"None";"1";"2";"Appartement";"47.0";"1.0";"None";"None";"None";"None";"nan";"7.253225";"43.69672";"000KW"
"2023-52930";"2023-07-26";"1";"Vente";"320000.0";"18.0";"None";"RUE BOTTERO";"0925";"06000";"06088";"Nice";"06";"None";"None";"06088000KW0330";"None";"None";"20";"nan";"None";"nan";"None";"nan";"None";"None";"None";"None";"1";"3";"Dépendance";"nan";"0.0";"None";"None";"None";"None";"nan";"7.253225";"43.69672";"000KW"
"2023-53026";"2023-07-25";"1";"Vente";"465000.0";"5.0";"None";"RUE ANDRIOLI";"0230";"06000";"06088";"Nice";"06";"None";"None";"06088000KW0278";"None";"None";"120";"nan";"179";"61.8";"None";"nan";"None";"None";"None";"None";"2";"2";"Appartement";"61.0";"2.0";"None";"None";"None";"None";"nan";"7.254107";"43.694359";"000KW"
"2023-54032";"2023-07-25";"1";"Vente";"150000.0";"18.0";"None";"RUE DES POTIERS";"5225";"06000";"06088";"Nice";"06";"None";"None";"06088000KW0310";"None";"None";"24";"nan";"67";"nan";"None";"nan";"None";"None";"None";"None";"2";"2";"Appartement";"27.0";"1.0";"None";"None";"None";"None";"nan";"7.253089";"43.695172";"000KW"
"2023-53026";"2023-07-25";"1";"Vente";"465000.0";"5.0";"None";"RUE ANDRIOLI";"0230";"06000";"06088";"Nice";"06";"None";"None";"06088000KW0278";"None";"None";"83";"nan";"None";"nan";"None";"nan";"None";"None";"None";"None";"1";"3";"Dépendance";"nan";"0.0";"None";"None";"None";"None";"nan";"7.254107";"43.694359";"000KW"
"2023-53026";"2023-07-25";"1";"Vente";"465000.0";"5.0";"None";"RUE ANDRIOLI";"0230";"06000";"06088";"Nice";"06";"None";"None";"06088000KW0278";"None";"None";"120";"nan";"179";"61.8";"None";"nan";"None";"None";"None";"None";"2";"3";"Dépendance";"nan";"0.0";"None";"None";"None";"None";"nan";"7.254107";"43.694359";"000KW"
"2023-54032";"2023-07-25";"1";"Vente";"150000.0";"18.0";"None";"RUE DES POTIERS";"5225";"06000";"06088";"Nice";"06";"None";"None";"06088000KW0310";"None";"None";"24";"nan";"67";"nan";"None";"nan";"None";"None";"None";"None";"2";"3";"Dépendance";"nan";"0.0";"None";"None";"None";"None";"nan";"7.253089";"43.695172";"000KW"
"2023-53148";"2023-07-24";"1";"Vente";"201000.0";"32.0";"None";"AV DES BAUMETTES";"0660";"06000";"06088";"Nice";"06";"None";"None";"06088000KW0054";"None";"None";"30";"nan";"33";"nan";"None";"nan";"None";"None";"None";"None";"2";"2";"Appartement";"33.0";"2.0";"None";"None";"None";"None";"nan";"7.249823";"43.694737";"000KW"
"2023-53148";"2023-07-24";"1";"Vente";"201000.0";"32.0";"None";"AV DES BAUMETTES";"0660";"06000";"06088";"Nice";"06";"None";"None";"06088000KW0054";"None";"None";"30";"nan";"33";"nan";"None";"nan";"None";"None";"None";"None";"2";"3";"Dépendance";"nan";"0.0";"None";"None";"None";"None";"nan";"7.249823";"43.694737";"000KW"
"2023-53518";"2023-07-21";"1";"Vente";"560700.0";"7.0";"None";"AV FLEURS";"2460";"06000";"06088";"Nice";"06";"None";"None";"06088000KW0130";"None";"None";"16";"112.14";"None";"nan";"None";"nan";"None";"None";"None";"None";"1";"2";"Appartement";"114.0";"4.0";"None";"None";"None";"None";"nan";"7.254675";"43.697427";"000KW"
"2023-53518";"2023-07-21";"1";"Vente";"560700.0";"7.0";"None";"AV FLEURS";"2460";"06000";"06088";"Nice";"06";"None";"None";"06088000KW0130";"None";"None";"29";"nan";"None";"nan";"None";"nan";"None";"None";"None";"None";"1";"3";"Dépendance";"nan";"0.0";"None";"None";"None";"None";"nan";"7.254675";"43.697427";"000KW"
"2023-52793";"2023-07-20";"1";"Vente";"331000.0";"7.0";"None";"RUE ALEXIS MOSSA";"0094";"06000";"06088";"Nice";"06";"None";"None";"06088000KW0192";"None";"None";"31";"nan";"80";"nan";"None";"nan";"None";"None";"None";"None";"2";"2";"Appartement";"65.0";"2.0";"None";"None";"None";"None";"nan";"7.253074";"43.695885";"000KW"
"2023-53861";"2023-07-20";"1";"Vente";"427000.0";"6.0";"None";"RUE BOTTERO";"0925";"06000";"06088";"Nice";"06";"None";"None";"06088000KW0141";"None";"None";"139";"nan";"144";"nan";"None";"nan";"None";"None";"None";"None";"2";"2";"Appartement";"50.0";"2.0";"None";"None";"None";"None";"nan";"7.255299";"43.696854";"000KW"
"2023-52793";"2023-07-20";"1";"Vente";"331000.0";"7.0";"None";"RUE ALEXIS MOSSA";"0094";"06000";"06088";"Nice";"06";"None";"None";"06088000KW0192";"None";"None";"31";"nan";"80";"nan";"None";"nan";"None";"None";"None";"None";"2";"3";"Dépendance";"nan";"0.0";"None";"None";"None";"None";"nan";"7.253074";"43.695885";"000KW"
"2023-53219";"2023-07-20";"1";"Vente";"19000.0";"49.0";"None";"BD FRANCOIS GROSSO";"2630";"06000";"06088";"Nice";"06";"None";"None";"06088000KW0095";"None";"None";"9";"nan";"None";"nan";"None";"nan";"None";"None";"None";"None";"1";"3";"Dépendance";"nan";"0.0";"None";"None";"None";"None";"nan";"7.25106";"43.697415";"000KW"
"2023-53861";"2023-07-20";"1";"Vente";"427000.0";"6.0";"None";"RUE BOTTERO";"0925";"06000";"06088";"Nice";"06";"None";"None";"06088000KW0141";"None";"None";"139";"nan";"144";"nan";"None";"nan";"None";"None";"None";"None";"2";"3";"Dépendance";"nan";"0.0";"None";"None";"None";"None";"nan";"7.255299";"43.696854";"000KW"
"2023-53861";"2023-07-20";"1";"Vente";"427000.0";"6.0";"None";"RUE BOTTERO";"0925";"06000";"06088";"Nice";"06";"None";"None";"06088000KW0141";"None";"None";"139";"nan";"144";"nan";"None";"nan";"None";"None";"None";"None";"2";"3";"Dépendance";"nan";"0.0";"None";"None";"None";"None";"nan";"7.255299";"43.696854";"000KW"
"2023-53861";"2023-07-20";"1";"Vente";"427000.0";"6.0";"None";"RUE BOTTERO";"0925";"06000";"06088";"Nice";"06";"None";"None";"06088000KW0141";"None";"None";"147";"nan";"None";"nan";"None";"nan";"None";"None";"None";"None";"1";"3";"Dépendance";"nan";"0.0";"None";"None";"None";"None";"nan";"7.255299";"43.696854";"000KW"
"2023-53166";"2023-07-19";"1";"Vente";"113500.0";"70.0";"None";"RUE DE FRANCE";"2595";"06000";"06088";"Nice";"06";"None";"None";"06088000KW0419";"None";"None";"101";"nan";"None";"nan";"None";"nan";"None";"None";"None";"None";"1";"2";"Appartement";"19.0";"1.0";"None";"None";"None";"None";"nan";"7.254973";"43.695132";"000KW"
"2023-53129";"2023-07-18";"1";"Vente";"431120.0";"13.0";"None";"RUE DANTE";"1835";"06000";"06088";"Nice";"06";"None";"None";"06088000KW0299";"None";"None";"40";"nan";"72";"nan";"None";"nan";"None";"None";"None";"None";"2";"2";"Appartement";"73.0";"3.0";"None";"None";"None";"None";"nan";"7.253871";"43.695389";"000KW"
"2023-53129";"2023-07-18";"1";"Vente";"431120.0";"13.0";"None";"RUE DANTE";"1835";"06000";"06088";"Nice";"06";"None";"None";"06088000KW0299";"None";"None";"40";"nan";"72";"nan";"None";"nan";"None";"None";"None";"None";"2";"3";"Dépendance";"nan";"0.0";"None";"None";"None";"None";"nan";"7.253871";"43.695389";"000KW"
"2023-53142";"2023-07-12";"1";"Vente";"450000.0";"10.0";"None";"AV LOUIS COCHOIS";"3740";"06000";"06088";"Nice";"06";"None";"None";"06088000KW0008";"None";"None";"1";"nan";"None";"nan";"None";"nan";"None";"None";"None";"None";"1";"2";"Appartement";"55.0";"3.0";"None";"None";"None";"None";"nan";"7.250271";"43.698251";"000KW"
"2023-53149";"2023-07-07";"1";"Vente";"3800000.0";"55.0";"None";"PROM DES ANGLAIS";"0240";"06000";"06088";"Nice";"06";"None";"None";"06088000KW0284";"None";"None";"39";"nan";"None";"nan";"None";"nan";"None";"None";"None";"None";"1";"2";"Appartement";"248.0";"5.0";"None";"None";"None";"None";"nan";"7.253866";"43.693731";"000KW"
"2023-52212";"2023-07-07";"1";"Vente";"59500.0";"6.0";"T";"AV DES ORANGERS";"4590";"06000";"06088";"Nice";"06";"None";"None";"06088000KW0127";"None";"None";"156PO";"nan";"None";"nan";"None";"nan";"None";"None";"None";"None";"1";"3";"Dépendance";"nan";"0.0";"None";"None";"None";"None";"nan";"7.254233";"43.697353";"000KW"
"2023-53149";"2023-07-07";"1";"Vente";"3800000.0";"55.0";"None";"PROM DES ANGLAIS";"0240";"06000";"06088";"Nice";"06";"None";"None";"06088000KW0284";"None";"None";"16";"nan";"None";"nan";"None";"nan";"None";"None";"None";"None";"1";"3";"Dépendance";"nan";"0.0";"None";"None";"None";"None";"nan";"7.253866";"43.693731";"000KW"
"2023-53149";"2023-07-07";"1";"Vente";"3800000.0";"55.0";"None";"PROM DES ANGLAIS";"0240";"06000";"06088";"Nice";"06";"None";"None";"06088000KW0284";"None";"None";"10";"nan";"None";"nan";"None";"nan";"None";"None";"None";"None";"1";"3";"Dépendance";"nan";"0.0";"None";"None";"None";"None";"nan";"7.253866";"43.693731";"000KW"
"2023-53149";"2023-07-07";"1";"Vente";"3800000.0";"55.0";"None";"PROM DES ANGLAIS";"0240";"06000";"06088";"Nice";"06";"None";"None";"06088000KW0284";"None";"None";"4";"nan";"None";"nan";"None";"nan";"None";"None";"None";"None";"1";"3";"Dépendance";"nan";"0.0";"None";"None";"None";"None";"nan";"7.253866";"43.693731";"000KW"
"2023-53149";"2023-07-07";"1";"Vente";"3800000.0";"55.0";"None";"PROM DES ANGLAIS";"0240";"06000";"06088";"Nice";"06";"None";"None";"06088000KW0284";"None";"None";"35";"nan";"None";"nan";"None";"nan";"None";"None";"None";"None";"1";"3";"Dépendance";"nan";"0.0";"None";"None";"None";"None";"nan";"7.253866";"43.693731";"000KW"
"2023-53149";"2023-07-07";"1";"Vente";"3800000.0";"55.0";"None";"PROM DES ANGLAIS";"0240";"06000";"06088";"Nice";"06";"None";"None";"06088000KW0284";"None";"None";"9";"nan";"None";"nan";"None";"nan";"None";"None";"None";"None";"1";"3";"Dépendance";"nan";"0.0";"None";"None";"None";"None";"nan";"7.253866";"43.693731";"000KW"
"2023-52221";"2023-07-05";"1";"Vente";"110000.0";"44.0";"None";"RUE DES POTIERS";"5225";"06000";"06088";"Nice";"06";"None";"None";"06088000KW0116";"None";"None";"30";"nan";"33";"nan";"None";"nan";"None";"None";"None";"None";"2";"2";"Appartement";"23.0";"1.0";"None";"None";"None";"None";"nan";"7.252397";"43.6976";"000KW"
"2023-52223";"2023-07-05";"1";"Vente";"120000.0";"44.0";"None";"RUE DES POTIERS";"5225";"06000";"06088";"Nice";"06";"None";"None";"06088000KW0116";"None";"None";"29";"nan";"None";"nan";"None";"nan";"None";"None";"None";"None";"1";"2";"Appartement";"30.0";"1.0";"None";"None";"None";"None";"nan";"7.252397";"43.6976";"000KW"
"2023-52450";"2023-07-05";"1";"Vente";"105000.0";"34.0";"None";"RUE BOTTERO";"0925";"06000";"06088";"Nice";"06";"None";"None";"06088000KW0168";"None";"None";"3";"nan";"None";"nan";"None";"nan";"None";"None";"None";"None";"1";"2";"Appartement";"20.0";"1.0";"None";"None";"None";"None";"nan";"7.251967";"43.696523";"000KW"
"2023-52223";"2023-07-05";"1";"Vente";"120000.0";"44.0";"None";"RUE DES POTIERS";"5225";"06000";"06088";"Nice";"06";"None";"None";"06088000KW0116";"None";"None";"27";"nan";"None";"nan";"None";"nan";"None";"None";"None";"None";"1";"3";"Dépendance";"nan";"0.0";"None";"None";"None";"None";"nan";"7.252397";"43.6976";"000KW"
"2023-51648";"2023-07-04";"1";"Vente";"1290500.0";"23.0";"None";"BD GAMBETTA";"2755";"06000";"06088";"Nice";"06";"None";"None";"06088000KW0236";"None";"None";"17";"201.65";"29";"nan";"None";"nan";"None";"None";"None";"None";"2";"2";"Appartement";"187.0";"7.0";"None";"None";"None";"None";"nan";"7.255906";"43.696267";"000KW"
"2023-51648";"2023-07-04";"1";"Vente";"1290500.0";"23.0";"None";"BD GAMBETTA";"2755";"06000";"06088";"Nice";"06";"None";"None";"06088000KW0236";"None";"None";"17";"201.65";"29";"nan";"None";"nan";"None";"None";"None";"None";"2";"3";"Dépendance";"nan";"0.0";"None";"None";"None";"None";"nan";"7.255906";"43.696267";"000KW"
"2023-52372";"2023-07-03";"1";"Vente";"130000.0";"90.0";"None";"RUE DE FRANCE";"2595";"06000";"06088";"Nice";"06";"None";"None";"06088000KW0369";"None";"None";"1052";"nan";"None";"nan";"None";"nan";"None";"None";"None";"None";"1";"2";"Appartement";"18.0";"1.0";"None";"None";"None";"None";"nan";"7.252761";"43.694482";"000KW"
"2023-52535";"2023-07-03";"1";"Vente";"236600.0";"90.0";"None";"RUE DE FRANCE";"2595";"06000";"06088";"Nice";"06";"None";"None";"06088000KW0369";"None";"None";"1041";"nan";"None";"nan";"None";"nan";"None";"None";"None";"None";"1";"2";"Appartement";"52.0";"2.0";"None";"None";"None";"None";"nan";"7.252761";"43.694482";"000KW"
"2023-52031";"2023-06-30";"1";"Vente";"945000.0";"20.0";"None";"RUE BOTTERO";"0925";"06000";"06088";"Nice";"06";"None";"None";"06088000KW0151";"None";"None";"62";"28.09";"None";"nan";"None";"nan";"None";"None";"None";"None";"1";"2";"Appartement";"28.0";"2.0";"None";"None";"None";"None";"nan";"7.253065";"43.696697";"000KW"
"2023-52031";"2023-06-30";"1";"Vente";"945000.0";"20.0";"None";"RUE BOTTERO";"0925";"06000";"06088";"Nice";"06";"None";"None";"06088000KW0151";"None";"None";"60";"nan";"61";"73.22";"62";"28.09";"None";"None";"None";"None";"3";"2";"Appartement";"71.0";"3.0";"None";"None";"None";"None";"nan";"7.253065";"43.696697";"000KW"
"2023-52035";"2023-06-30";"1";"Vente";"545000.0";"13.0";"None";"RUE DANTE";"1835";"06000";"06088";"Nice";"06";"None";"None";"06088000KW0299";"None";"None";"29";"nan";"90";"65.54";"None";"nan";"None";"None";"None";"None";"2";"2";"Appartement";"68.0";"2.0";"None";"None";"None";"None";"nan";"7.253871";"43.695389";"000KW"
"2023-52035";"2023-06-30";"1";"Vente";"545000.0";"13.0";"None";"RUE DANTE";"1835";"06000";"06088";"Nice";"06";"None";"None";"06088000KW0299";"None";"None";"29";"nan";"90";"65.54";"None";"nan";"None";"None";"None";"None";"2";"3";"Dépendance";"nan";"0.0";"None";"None";"None";"None";"nan";"7.253871";"43.695389";"000KW"
"2023-52179";"2023-06-30";"1";"Vente";"40000.0";"66.0";"None";"AV DES BAUMETTES";"0660";"06000";"06088";"Nice";"06";"None";"None";"06088000KW0019";"None";"None";"25";"nan";"None";"nan";"None";"nan";"None";"None";"None";"None";"1";"3";"Dépendance";"nan";"0.0";"None";"None";"None";"None";"nan";"7.248507";"43.696603";"000KW"
"2023-51595";"2023-06-30";"1";"Vente";"230000.0";"5.0";"None";"BD GAMBETTA";"2755";"06000";"06088";"Nice";"06";"None";"None";"06088000KW0446";"None";"None";"248";"nan";"268";"nan";"None";"nan";"None";"None";"None";"None";"2";"4";"Local industriel. commercial ou assimilé";"40.0";"0.0";"None";"None";"None";"None";"nan";"7.255854";"43.694672";"000KW"
"2023-52094";"2023-06-29";"1";"Vente";"311200.0";"66.0";"None";"AV DES BAUMETTES";"0660";"06000";"06088";"Nice";"06";"None";"None";"06088000KW0019";"None";"None";"177";"nan";"188";"nan";"None";"nan";"None";"None";"None";"None";"2";"2";"Appartement";"101.0";"3.0";"None";"None";"None";"None";"nan";"7.248507";"43.696603";"000KW"
"2023-52207";"2023-06-29";"1";"Vente";"199550.0";"90.0";"None";"RUE DE FRANCE";"2595";"06000";"06088";"Nice";"06";"None";"None";"06088000KW0369";"None";"None";"1087";"nan";"None";"nan";"None";"nan";"None";"None";"None";"None";"1";"2";"Appartement";"36.0";"1.0";"None";"None";"None";"None";"nan";"7.252761";"43.694482";"000KW"
"2023-52094";"2023-06-29";"1";"Vente";"311200.0";"66.0";"None";"AV DES BAUMETTES";"0660";"06000";"06088";"Nice";"06";"None";"None";"06088000KW0019";"None";"None";"177";"nan";"188";"nan";"None";"nan";"None";"None";"None";"None";"2";"3";"Dépendance";"nan";"0.0";"None";"None";"None";"None";"nan";"7.248507";"43.696603";"000KW"
"2023-52094";"2023-06-29";"1";"Vente";"311200.0";"66.0";"None";"AV DES BAUMETTES";"0660";"06000";"06088";"Nice";"06";"None";"None";"06088000KW0019";"None";"None";"177";"nan";"188";"nan";"None";"nan";"None";"None";"None";"None";"2";"3";"Dépendance";"nan";"0.0";"None";"None";"None";"None";"nan";"7.248507";"43.696603";"000KW"
"2023-52094";"2023-06-29";"1";"Vente";"311200.0";"66.0";"None";"AV DES BAUMETTES";"0660";"06000";"06088";"Nice";"06";"None";"None";"06088000KW0019";"None";"None";"42";"nan";"None";"nan";"None";"nan";"None";"None";"None";"None";"1";"3";"Dépendance";"nan";"0.0";"None";"None";"None";"None";"nan";"7.248507";"43.696603";"000KW"
"2023-52484";"2023-06-28";"1";"Vente";"200000.0";"2.0";"None";"BD FRANCOIS GROSSO";"2630";"06000";"06088";"Nice";"06";"None";"None";"06088000KW0370";"None";"None";"45";"nan";"None";"nan";"None";"nan";"None";"None";"None";"None";"1";"2";"Appartement";"35.0";"2.0";"None";"None";"None";"None";"nan";"7.252572";"43.694566";"000KW"
"2023-52080";"2023-06-27";"1";"Vente";"580000.0";"3.0";"None";"BD GAMBETTA";"2755";"06000";"06088";"Nice";"06";"None";"None";"06088000KW0252";"None";"None";"10D";"nan";"4D";"nan";"None";"nan";"None";"None";"None";"None";"2";"2";"Appartement";"158.0";"4.0";"None";"None";"None";"None";"nan";"7.255928";"43.694042";"000KW"
"2023-52080";"2023-06-27";"1";"Vente";"580000.0";"3.0";"None";"BD GAMBETTA";"2755";"06000";"06088";"Nice";"06";"None";"None";"06088000KW0252";"None";"None";"10D";"nan";"4D";"nan";"None";"nan";"None";"None";"None";"None";"2";"3";"Dépendance";"nan";"0.0";"None";"None";"None";"None";"nan";"7.255928";"43.694042";"000KW"
"2023-51689";"2023-06-26";"1";"Vente";"288000.0";"76.0";"None";"AV BAUMETTES BELLEVUE";"0663";"06000";"06088";"Nice";"06";"None";"None";"06088000KW0005";"None";"None";"371";"nan";"410";"nan";"None";"nan";"None";"None";"None";"None";"2";"2";"Appartement";"78.0";"3.0";"None";"None";"None";"None";"nan";"7.250071";"43.698297";"000KW"
"2023-52643";"2023-06-26";"1";"Vente";"525000.0";"111.0";"None";"RUE DE FRANCE";"2595";"06000";"06088";"Nice";"06";"None";"None";"06088000KW0519";"None";"None";"11";"nan";"None";"nan";"None";"nan";"None";"None";"None";"None";"1";"2";"Appartement";"125.0";"4.0";"None";"None";"None";"None";"nan";"7.253533";"43.694288";"000KW"
"2023-51689";"2023-06-26";"1";"Vente";"288000.0";"76.0";"None";"AV BAUMETTES BELLEVUE";"0663";"06000";"06088";"Nice";"06";"None";"None";"06088000KW0005";"None";"None";"371";"nan";"410";"nan";"None";"nan";"None";"None";"None";"None";"2";"3";"Dépendance";"nan";"0.0";"None";"None";"None";"None";"nan";"7.250071";"43.698297";"000KW"
"2023-52643";"2023-06-26";"1";"Vente";"525000.0";"111.0";"None";"RUE DE FRANCE";"2595";"06000";"06088";"Nice";"06";"None";"None";"06088000KW0519";"None";"None";"11";"nan";"None";"nan";"None";"nan";"None";"None";"None";"None";"1";"3";"Dépendance";"nan";"0.0";"None";"None";"None";"None";"nan";"7.253533";"43.694288";"000KW"
"2023-52643";"2023-06-26";"1";"Vente";"525000.0";"111.0";"None";"RUE DE FRANCE";"2595";"06000";"06088";"Nice";"06";"None";"None";"06088000KW0519";"None";"None";"21";"nan";"None";"nan";"None";"nan";"None";"None";"None";"None";"1";"4";"Local industriel. commercial ou assimilé";"140.0";"0.0";"None";"None";"None";"None";"nan";"7.253533";"43.694288";"000KW"
"2023-52265";"2023-06-23";"1";"Vente";"45000.0";"4.0";"B";"RUE SAINT PHILIPPE";"5895";"06000";"06088";"Nice";"06";"None";"None";"06088000KW0252";"None";"None";"20B";"nan";"None";"nan";"None";"nan";"None";"None";"None";"None";"1";"2";"Appartement";"9.0";"1.0";"None";"None";"None";"None";"nan";"7.255928";"43.694042";"000KW"
"2023-51454";"2023-06-22";"1";"Vente";"37000.0";"28.0";"None";"RUE BOTTERO";"0925";"06000";"06088";"Nice";"06";"None";"None";"06088000KW0439";"None";"None";"16";"nan";"None";"nan";"None";"nan";"None";"None";"None";"None";"1";"3";"Dépendance";"nan";"0.0";"None";"None";"None";"None";"nan";"7.252368";"43.696615";"000KW"
"2023-51585";"2023-06-21";"1";"Vente";"280000.0";"113.0";"None";"RUE DE FRANCE";"2595";"06000";"06088";"Nice";"06";"None";"None";"06088000KW0517";"None";"None";"37";"nan";"5";"nan";"None";"nan";"None";"None";"None";"None";"2";"2";"Appartement";"78.0";"3.0";"None";"None";"None";"None";"nan";"7.25329";"43.69421";"000KW"
"2023-52300";"2023-06-21";"1";"Vente";"1190000.0";"53.0";"None";"PROM DES ANGLAIS";"0240";"06000";"06088";"Nice";"06";"None";"None";"06088000KW0282";"None";"None";"117";"nan";"23";"nan";"None";"nan";"None";"None";"None";"None";"2";"2";"Appartement";"118.0";"3.0";"None";"None";"None";"None";"nan";"7.254413";"43.693761";"000KW"
"2023-51585";"2023-06-21";"1";"Vente";"280000.0";"113.0";"None";"RUE DE FRANCE";"2595";"06000";"06088";"Nice";"06";"None";"None";"06088000KW0517";"None";"None";"37";"nan";"5";"nan";"None";"nan";"None";"None";"None";"None";"2";"3";"Dépendance";"nan";"0.0";"None";"None";"None";"None";"nan";"7.25329";"43.69421";"000KW"
"2023-52300";"2023-06-21";"1";"Vente";"1190000.0";"3.0";"None";"RUE ANDRIOLI";"0230";"06000";"06088";"Nice";"06";"None";"None";"06088000KW0279";"None";"None";"13";"nan";"None";"nan";"None";"nan";"None";"None";"None";"None";"1";"3";"Dépendance";"nan";"0.0";"None";"None";"None";"None";"nan";"7.254341";"43.694122";"000KW"
"2023-52300";"2023-06-21";"1";"Vente";"1190000.0";"53.0";"None";"PROM DES ANGLAIS";"0240";"06000";"06088";"Nice";"06";"None";"None";"06088000KW0282";"None";"None";"117";"nan";"23";"nan";"None";"nan";"None";"None";"None";"None";"2";"3";"Dépendance";"nan";"0.0";"None";"None";"None";"None";"nan";"7.254413";"43.693761";"000KW"
"2023-52108";"2023-06-19";"1";"Vente";"195000.0";"4.0";"None";"RUE SAINT PHILIPPE";"5895";"06000";"06088";"Nice";"06";"None";"None";"06088000KW0252";"None";"None";"10B";"nan";"None";"nan";"None";"nan";"None";"None";"None";"None";"1";"2";"Appartement";"29.0";"1.0";"None";"None";"None";"None";"nan";"7.255928";"43.694042";"000KW"
"2023-52108";"2023-06-19";"1";"Vente";"195000.0";"10.0";"None";"RUE SAINT PHILIPPE";"5895";"06000";"06088";"Nice";"06";"None";"None";"06088000KW0446";"None";"None";"69";"nan";"None";"nan";"None";"nan";"None";"None";"None";"None";"1";"3";"Dépendance";"nan";"0.0";"None";"None";"None";"None";"nan";"7.255854";"43.694672";"000KW"
"2023-51284";"2023-06-16";"1";"Vente";"49000.0";"66.0";"None";"RUE DE FRANCE";"2595";"06000";"06088";"Nice";"06";"None";"None";"06088000KW0239";"None";"None";"26";"nan";"None";"nan";"None";"nan";"None";"None";"None";"None";"1";"2";"Appartement";"11.0";"1.0";"None";"None";"None";"None";"nan";"7.25562";"43.695298";"000KW"
"2023-50837";"2023-06-15";"1";"Vente";"175000.0";"10.0";"B";"BD FRANCOIS GROSSO";"2630";"06000";"06088";"Nice";"06";"None";"None";"06088000KW0186";"None";"None";"21";"nan";"22";"nan";"46";"nan";"None";"None";"None";"None";"3";"4";"Local industriel. commercial ou assimilé";"57.0";"0.0";"None";"None";"None";"None";"nan";"7.252003";"43.695813";"000KW"
"2023-51170";"2023-06-14";"1";"Vente";"340000.0";"12.0";"None";"RUE BOTTERO";"0925";"06000";"06088";"Nice";"06";"None";"None";"06088000KW0143";"None";"None";"29";"nan";"None";"nan";"None";"nan";"None";"None";"None";"None";"1";"2";"Appartement";"74.0";"3.0";"None";"None";"None";"None";"nan";"7.254062";"43.696768";"000KW"
"2023-50610";"2023-06-09";"1";"Vente";"295000.0";"1.0";"None";"RUE JOSEPH FRICERO";"3470";"06000";"06088";"Nice";"06";"None";"None";"06088000KW0515";"None";"None";"12";"nan";"26";"64.52";"None";"nan";"None";"None";"None";"None";"2";"2";"Appartement";"67.0";"3.0";"None";"None";"None";"None";"nan";"7.254373";"43.694881";"000KW"
"2023-51203";"2023-06-09";"1";"Vente";"206982.0";"2.0";"None";"BD FRANCOIS GROSSO";"2630";"06000";"06088";"Nice";"06";"None";"None";"06088000KW0370";"None";"None";"36";"nan";"None";"nan";"None";"nan";"None";"None";"None";"None";"1";"2";"Appartement";"33.0";"2.0";"None";"None";"None";"None";"nan";"7.252572";"43.694566";"000KW"
"2023-51786";"2023-06-09";"1";"Vente";"117000.0";"6.0";"None";"RUE BOTTERO";"0925";"06000";"06088";"Nice";"06";"None";"None";"06088000KW0141";"None";"None";"152";"18.25";"153";"nan";"None";"nan";"None";"None";"None";"None";"2";"2";"Appartement";"20.0";"1.0";"None";"None";"None";"None";"nan";"7.255299";"43.696854";"000KW"
"2023-51786";"2023-06-09";"1";"Vente";"117000.0";"6.0";"None";"RUE BOTTERO";"0925";"06000";"06088";"Nice";"06";"None";"None";"06088000KW0141";"None";"None";"125";"19.55";"None";"nan";"None";"nan";"None";"None";"None";"None";"1";"2";"Appartement";"18.0";"1.0";"None";"None";"None";"None";"nan";"7.255299";"43.696854";"000KW"
"2023-50713";"2023-06-09";"1";"Vente";"25000.0";"4.0";"None";"BD FRANCOIS GROSSO";"2630";"06000";"06088";"Nice";"06";"None";"None";"06088000KW0318";"None";"None";"84";"nan";"None";"nan";"None";"nan";"None";"None";"None";"None";"1";"3";"Dépendance";"nan";"0.0";"None";"None";"None";"None";"nan";"7.252322";"43.694771";"000KW"
"2023-51786";"2023-06-09";"1";"Vente";"117000.0";"6.0";"None";"RUE BOTTERO";"0925";"06000";"06088";"Nice";"06";"None";"None";"06088000KW0141";"None";"None";"125";"19.55";"None";"nan";"None";"nan";"None";"None";"None";"None";"1";"3";"Dépendance";"nan";"0.0";"None";"None";"None";"None";"nan";"7.255299";"43.696854";"000KW"
"2023-52113";"2023-06-08";"1";"Vente";"230000.0";"6.0";"None";"RUE JOSEPH FRICERO";"3470";"06000";"06088";"Nice";"06";"None";"None";"06088000KW0268";"None";"None";"5";"nan";"None";"nan";"None";"nan";"None";"None";"None";"None";"1";"2";"Appartement";"70.0";"3.0";"None";"None";"None";"None";"nan";"7.254582";"43.695493";"000KW"
"2023-50817";"2023-06-07";"1";"Vente";"275400.0";"21.0";"None";"BD FRANCOIS GROSSO";"2630";"06000";"06088";"Nice";"06";"None";"None";"06088000KW0076";"None";"None";"1";"nan";"133";"nan";"None";"nan";"None";"None";"None";"None";"2";"2";"Appartement";"74.0";"3.0";"None";"None";"None";"None";"nan";"7.251171";"43.696065";"000KW"
"2023-50816";"2023-06-07";"1";"Vente";"30000.0";"21.0";"None";"BD FRANCOIS GROSSO";"2630";"06000";"06088";"Nice";"06";"None";"None";"06088000KW0076";"None";"None";"233";"nan";"None";"nan";"None";"nan";"None";"None";"None";"None";"1";"3";"Dépendance";"nan";"0.0";"None";"None";"None";"None";"nan";"7.251171";"43.696065";"000KW"
"2023-50817";"2023-06-07";"1";"Vente";"275400.0";"21.0";"None";"BD FRANCOIS GROSSO";"2630";"06000";"06088";"Nice";"06";"None";"None";"06088000KW0076";"None";"None";"1";"nan";"133";"nan";"None";"nan";"None";"None";"None";"None";"2";"3";"Dépendance";"nan";"0.0";"None";"None";"None";"None";"nan";"7.251171";"43.696065";"000KW"
"2023-52634";"2023-06-07";"1";"Vente";"25000.0";"54.0";"None";"PROM DES ANGLAIS";"0240";"06000";"06088";"Nice";"06";"None";"None";"06088000KW0283";"None";"None";"43";"nan";"None";"nan";"None";"nan";"None";"None";"None";"None";"1";"3";"Dépendance";"nan";"0.0";"None";"None";"None";"None";"nan";"7.254063";"43.693742";"000KW"
"2023-52634";"2023-06-07";"1";"Vente";"25000.0";"54.0";"None";"PROM DES ANGLAIS";"0240";"06000";"06088";"Nice";"06";"None";"None";"06088000KW0283";"None";"None";"44";"nan";"None";"nan";"None";"nan";"None";"None";"None";"None";"1";"3";"Dépendance";"nan";"0.0";"None";"None";"None";"None";"nan";"7.254063";"43.693742";"000KW"
"2023-50733";"2023-06-06";"1";"Vente";"160000.0";"49.0";"None";"BD FRANCOIS GROSSO";"2630";"06000";"06088";"Nice";"06";"None";"None";"06088000KW0095";"None";"None";"40";"nan";"None";"nan";"None";"nan";"None";"None";"None";"None";"1";"2";"Appartement";"49.0";"2.0";"None";"None";"None";"None";"nan";"7.25106";"43.697415";"000KW"
"2023-51384";"2023-06-06";"1";"Vente";"510000.0";"15.0";"None";"RUE ANDRIOLI";"0230";"06000";"06088";"Nice";"06";"None";"None";"06088000KW0198";"None";"None";"118B";"nan";"47B";"nan";"None";"nan";"None";"None";"None";"None";"2";"2";"Appartement";"79.0";"3.0";"None";"None";"None";"None";"nan";"7.253622";"43.695971";"000KW"
"2023-51008";"2023-06-06";"1";"Vente";"62000.0";"21.0";"None";"BD FRANCOIS GROSSO";"2630";"06000";"06088";"Nice";"06";"None";"None";"06088000KW0076";"None";"None";"172";"nan";"None";"nan";"None";"nan";"None";"None";"None";"None";"1";"3";"Dépendance";"nan";"0.0";"None";"None";"None";"None";"nan";"7.251171";"43.696065";"000KW"
"2023-51008";"2023-06-06";"1";"Vente";"62000.0";"21.0";"None";"BD FRANCOIS GROSSO";"2630";"06000";"06088";"Nice";"06";"None";"None";"06088000KW0076";"None";"None";"171";"nan";"None";"nan";"None";"nan";"None";"None";"None";"None";"1";"3";"Dépendance";"nan";"0.0";"None";"None";"None";"None";"nan";"7.251171";"43.696065";"000KW"
"2023-51384";"2023-06-06";"1";"Vente";"510000.0";"15.0";"None";"RUE ANDRIOLI";"0230";"06000";"06088";"Nice";"06";"None";"None";"06088000KW0198";"None";"None";"118B";"nan";"47B";"nan";"None";"nan";"None";"None";"None";"None";"2";"3";"Dépendance";"nan";"0.0";"None";"None";"None";"None";"nan";"7.253622";"43.695971";"000KW"
"2023-50686";"2023-06-05";"1";"Vente";"32500.0";"19.0";"None";"AV DES ORANGERS";"4590";"06000";"06088";"Nice";"06";"None";"None";"06088000KW0153";"None";"None";"150";"nan";"None";"nan";"None";"nan";"None";"None";"None";"None";"1";"3";"Dépendance";"nan";"0.0";"None";"None";"None";"None";"nan";"7.252797";"43.696798";"000KW"
"2023-51287";"2023-05-31";"1";"Vente";"269231.0";"14.0";"None";"RUE BOTTERO";"0925";"06000";"06088";"Nice";"06";"None";"None";"06088000KW0147";"None";"None";"25";"nan";"5";"nan";"None";"nan";"None";"None";"None";"None";"2";"2";"Appartement";"70.0";"3.0";"None";"None";"None";"None";"nan";"7.253644";"43.696767";"000KW"
"2023-50434";"2023-05-31";"1";"Vente";"26900.0";"27.0";"None";"RUE DES POTIERS";"5225";"06000";"06088";"Nice";"06";"None";"None";"06088000KW0356";"None";"None";"11";"nan";"None";"nan";"None";"nan";"None";"None";"None";"None";"1";"3";"Dépendance";"nan";"0.0";"None";"None";"None";"None";"nan";"7.252576";"43.695881";"000KW"
"2023-50448";"2023-05-31";"1";"Vente";"33750.0";"90.0";"None";"RUE DE FRANCE";"2595";"06000";"06088";"Nice";"06";"None";"None";"06088000KW0369";"None";"None";"1214";"nan";"None";"nan";"None";"nan";"None";"None";"None";"None";"1";"3";"Dépendance";"nan";"0.0";"None";"None";"None";"None";"nan";"7.252761";"43.694482";"000KW"
"2023-51287";"2023-05-31";"1";"Vente";"269231.0";"14.0";"None";"RUE BOTTERO";"0925";"06000";"06088";"Nice";"06";"None";"None";"06088000KW0147";"None";"None";"25";"nan";"5";"nan";"None";"nan";"None";"None";"None";"None";"2";"3";"Dépendance";"nan";"0.0";"None";"None";"None";"None";"nan";"7.253644";"43.696767";"000KW"
"2023-50023";"2023-05-26";"1";"Vente";"585000.0";"18.0";"None";"RUE ALEXIS MOSSA";"0094";"06000";"06088";"Nice";"06";"None";"None";"06088000KW0172";"None";"None";"10";"nan";"12";"nan";"None";"nan";"None";"None";"None";"None";"2";"2";"Appartement";"130.0";"4.0";"None";"None";"None";"None";"nan";"7.252007";"43.69617";"000KW"
"2023-50374";"2023-05-23";"1";"Vente";"243000.0";"90.0";"None";"RUE DE FRANCE";"2595";"06000";"06088";"Nice";"06";"None";"None";"06088000KW0369";"None";"None";"1013";"nan";"1102";"nan";"None";"nan";"None";"None";"None";"None";"2";"2";"Appartement";"67.0";"3.0";"None";"None";"None";"None";"nan";"7.252761";"43.694482";"000KW"
"2023-50374";"2023-05-23";"1";"Vente";"243000.0";"90.0";"None";"RUE DE FRANCE";"2595";"06000";"06088";"Nice";"06";"None";"None";"06088000KW0369";"None";"None";"1241";"nan";"None";"nan";"None";"nan";"None";"None";"None";"None";"1";"3";"Dépendance";"nan";"0.0";"None";"None";"None";"None";"nan";"7.252761";"43.694482";"000KW"
"2023-50374";"2023-05-23";"1";"Vente";"243000.0";"90.0";"None";"RUE DE FRANCE";"2595";"06000";"06088";"Nice";"06";"None";"None";"06088000KW0369";"None";"None";"1013";"nan";"1102";"nan";"None";"nan";"None";"None";"None";"None";"2";"3";"Dépendance";"nan";"0.0";"None";"None";"None";"None";"nan";"7.252761";"43.694482";"000KW"
"2023-49595";"2023-05-22";"1";"Vente";"145000.0";"11.0";"None";"AV DES BAUMETTES";"0660";"06000";"06088";"Nice";"06";"None";"None";"06088000KW0063";"None";"None";"19";"nan";"49";"nan";"None";"nan";"None";"None";"None";"None";"2";"2";"Appartement";"58.0";"2.0";"None";"None";"None";"None";"nan";"7.250954";"43.694669";"000KW"
"2023-49595";"2023-05-22";"1";"Vente";"145000.0";"11.0";"None";"AV DES BAUMETTES";"0660";"06000";"06088";"Nice";"06";"None";"None";"06088000KW0063";"None";"None";"19";"nan";"49";"nan";"None";"nan";"None";"None";"None";"None";"2";"3";"Dépendance";"nan";"0.0";"None";"None";"None";"None";"nan";"7.250954";"43.694669";"000KW"
"2023-49595";"2023-05-22";"1";"Vente";"145000.0";"11.0";"None";"AV DES BAUMETTES";"0660";"06000";"06088";"Nice";"06";"None";"None";"06088000KW0063";"None";"None";"19";"nan";"49";"nan";"None";"nan";"None";"None";"None";"None";"2";"3";"Dépendance";"nan";"0.0";"None";"None";"None";"None";"nan";"7.250954";"43.694669";"000KW"
"2023-50068";"2023-05-16";"1";"Vente";"52000.0";"66.0";"None";"RUE DE FRANCE";"2595";"06000";"06088";"Nice";"06";"None";"None";"06088000KW0239";"None";"None";"25";"5.05";"None";"nan";"None";"nan";"None";"None";"None";"None";"1";"2";"Appartement";"13.0";"1.0";"None";"None";"None";"None";"nan";"7.25562";"43.695298";"000KW"
"2023-49367";"2023-05-15";"1";"Vente";"283500.0";"28.0";"None";"RUE BOTTERO";"0925";"06000";"06088";"Nice";"06";"None";"None";"06088000KW0439";"None";"None";"89";"nan";"None";"nan";"None";"nan";"None";"None";"None";"None";"1";"2";"Appartement";"37.0";"2.0";"None";"None";"None";"None";"nan";"7.252368";"43.696615";"000KW"
"2023-49367";"2023-05-15";"1";"Vente";"283500.0";"28.0";"None";"RUE BOTTERO";"0925";"06000";"06088";"Nice";"06";"None";"None";"06088000KW0439";"None";"None";"14";"nan";"None";"nan";"None";"nan";"None";"None";"None";"None";"1";"3";"Dépendance";"nan";"0.0";"None";"None";"None";"None";"nan";"7.252368";"43.696615";"000KW"
"2023-49367";"2023-05-15";"1";"Vente";"283500.0";"28.0";"None";"RUE BOTTERO";"0925";"06000";"06088";"Nice";"06";"None";"None";"06088000KW0439";"None";"None";"28";"nan";"None";"nan";"None";"nan";"None";"None";"None";"None";"1";"3";"Dépendance";"nan";"0.0";"None";"None";"None";"None";"nan";"7.252368";"43.696615";"000KW"
"2023-49609";"2023-05-11";"1";"Vente";"56000.0";"21.0";"None";"BD FRANCOIS GROSSO";"2630";"06000";"06088";"Nice";"06";"None";"None";"06088000KW0076";"None";"None";"174";"nan";"None";"nan";"None";"nan";"None";"None";"None";"None";"1";"3";"Dépendance";"nan";"0.0";"None";"None";"None";"None";"nan";"7.251171";"43.696065";"000KW"
"2023-49609";"2023-05-11";"1";"Vente";"56000.0";"21.0";"None";"BD FRANCOIS GROSSO";"2630";"06000";"06088";"Nice";"06";"None";"None";"06088000KW0076";"None";"None";"173";"nan";"None";"nan";"None";"nan";"None";"None";"None";"None";"1";"3";"Dépendance";"nan";"0.0";"None";"None";"None";"None";"nan";"7.251171";"43.696065";"000KW"
"2023-49392";"2023-05-10";"1";"Vente";"300000.0";"9.0";"None";"AV DES ORANGERS";"4590";"06000";"06088";"Nice";"06";"None";"None";"06088000KW0144";"None";"None";"24";"nan";"51";"nan";"None";"nan";"None";"None";"None";"None";"2";"2";"Appartement";"54.0";"2.0";"None";"None";"None";"None";"nan";"7.254202";"43.696919";"000KW"
"2023-49392";"2023-05-10";"1";"Vente";"300000.0";"9.0";"None";"AV DES ORANGERS";"4590";"06000";"06088";"Nice";"06";"None";"None";"06088000KW0144";"None";"None";"24";"nan";"51";"nan";"None";"nan";"None";"None";"None";"None";"2";"3";"Dépendance";"nan";"0.0";"None";"None";"None";"None";"nan";"7.254202";"43.696919";"000KW"
"2023-49892";"2023-05-09";"1";"Vente";"363650.0";"1.0";"None";"RUE ANDRIOLI";"0230";"06000";"06088";"Nice";"06";"None";"None";"06088000KW0281";"None";"None";"24";"nan";"63";"nan";"None";"nan";"None";"None";"None";"None";"2";"2";"Appartement";"50.0";"2.0";"None";"None";"None";"None";"nan";"7.254147";"43.693921";"000KW"
"2023-50339";"2023-05-09";"1";"Vente";"600000.0";"5.0";"None";"RUE DANTE";"1835";"06000";"06088";"Nice";"06";"None";"None";"06088000KW0243";"None";"None";"15";"106.13";"None";"nan";"None";"nan";"None";"None";"None";"None";"1";"2";"Appartement";"116.0";"5.0";"None";"None";"None";"None";"nan";"7.255346";"43.695658";"000KW"
"2023-49892";"2023-05-09";"1";"Vente";"363650.0";"1.0";"None";"RUE ANDRIOLI";"0230";"06000";"06088";"Nice";"06";"None";"None";"06088000KW0281";"None";"None";"24";"nan";"63";"nan";"None";"nan";"None";"None";"None";"None";"2";"3";"Dépendance";"nan";"0.0";"None";"None";"None";"None";"nan";"7.254147";"43.693921";"000KW"
"2023-49309";"2023-05-05";"1";"Vente";"180000.0";"19.0";"None";"RUE DANTE";"1835";"06000";"06088";"Nice";"06";"None";"None";"06088000KW0309";"None";"None";"6";"nan";"None";"nan";"None";"nan";"None";"None";"None";"None";"1";"2";"Appartement";"40.0";"2.0";"None";"None";"None";"None";"nan";"7.25324";"43.695138";"000KW"
"2023-49486";"2023-05-05";"1";"Vente";"300000.0";"21.0";"None";"BD FRANCOIS GROSSO";"2630";"06000";"06088";"Nice";"06";"None";"None";"06088000KW0076";"None";"None";"368";"nan";"None";"nan";"None";"nan";"None";"None";"None";"None";"1";"2";"Appartement";"55.0";"3.0";"None";"None";"None";"None";"nan";"7.251171";"43.696065";"000KW"
"2023-49947";"2023-05-05";"1";"Vente";"199500.0";"5.0";"None";"RUE CLAUDIA";"1460";"06000";"06088";"Nice";"06";"None";"None";"06088000KW0497";"None";"None";"16";"38.79";"3";"nan";"None";"nan";"None";"None";"None";"None";"2";"2";"Appartement";"42.0";"2.0";"None";"None";"None";"None";"nan";"7.254649";"43.695147";"000KW"
"2023-49657";"2023-05-05";"1";"Vente";"72000.0";"17.0";"None";"AV FLEURS";"2460";"06000";"06088";"Nice";"06";"None";"None";"06088000KW0123";"None";"None";"89";"nan";"None";"nan";"None";"nan";"None";"None";"None";"None";"1";"3";"Dépendance";"nan";"0.0";"None";"None";"None";"None";"nan";"7.253164";"43.697428";"000KW"
"2023-49657";"2023-05-05";"1";"Vente";"72000.0";"17.0";"None";"AV FLEURS";"2460";"06000";"06088";"Nice";"06";"None";"None";"06088000KW0123";"None";"None";"90";"nan";"None";"nan";"None";"nan";"None";"None";"None";"None";"1";"3";"Dépendance";"nan";"0.0";"None";"None";"None";"None";"nan";"7.253164";"43.697428";"000KW"
"2023-49947";"2023-05-05";"1";"Vente";"199500.0";"5.0";"None";"RUE CLAUDIA";"1460";"06000";"06088";"Nice";"06";"None";"None";"06088000KW0497";"None";"None";"16";"38.79";"3";"nan";"None";"nan";"None";"None";"None";"None";"2";"3";"Dépendance";"nan";"0.0";"None";"None";"None";"None";"nan";"7.254649";"43.695147";"000KW"
"2023-49444";"2023-05-04";"1";"Vente";"488000.0";"32.0";"None";"BD FRANCOIS GROSSO";"2630";"06000";"06088";"Nice";"06";"None";"None";"06088000KW0109";"None";"None";"19";"nan";"20";"nan";"9";"nan";"None";"None";"None";"None";"3";"2";"Appartement";"104.0";"4.0";"None";"None";"None";"None";"nan";"7.251606";"43.697544";"000KW"
"2023-49444";"2023-05-04";"1";"Vente";"488000.0";"32.0";"None";"BD FRANCOIS GROSSO";"2630";"06000";"06088";"Nice";"06";"None";"None";"06088000KW0109";"None";"None";"19";"nan";"20";"nan";"9";"nan";"None";"None";"None";"None";"3";"3";"Dépendance";"nan";"0.0";"None";"None";"None";"None";"nan";"7.251606";"43.697544";"000KW"
"2023-49444";"2023-05-04";"1";"Vente";"488000.0";"32.0";"None";"BD FRANCOIS GROSSO";"2630";"06000";"06088";"Nice";"06";"None";"None";"06088000KW0109";"None";"None";"19";"nan";"20";"nan";"9";"nan";"None";"None";"None";"None";"3";"3";"Dépendance";"nan";"0.0";"None";"None";"None";"None";"nan";"7.251606";"43.697544";"000KW"
"2023-49444";"2023-05-04";"1";"Vente";"488000.0";"32.0";"None";"BD FRANCOIS GROSSO";"2630";"06000";"06088";"Nice";"06";"None";"None";"06088000KW0109";"None";"None";"19";"nan";"20";"nan";"9";"nan";"None";"None";"None";"None";"3";"3";"Dépendance";"nan";"0.0";"None";"None";"None";"None";"nan";"7.251606";"43.697544";"000KW"
"2023-49308";"2023-05-03";"1";"Vente";"275000.0";"22.0";"None";"AV DES ORANGERS";"4590";"06000";"06088";"Nice";"06";"None";"None";"06088000KW0362";"None";"None";"1207";"nan";"1253";"nan";"None";"nan";"None";"None";"None";"None";"2";"2";"Appartement";"71.0";"2.0";"None";"None";"None";"None";"nan";"7.251748";"43.69738";"000KW"
"2023-49354";"2023-05-03";"1";"Vente";"90000.0";"22.0";"None";"AV DES ORANGERS";"4590";"06000";"06088";"Nice";"06";"None";"None";"06088000KW0362";"None";"None";"1245";"nan";"1272";"nan";"None";"nan";"None";"None";"None";"None";"2";"2";"Appartement";"100.0";"3.0";"None";"None";"None";"None";"nan";"7.251748";"43.69738";"000KW"
"2023-49130";"2023-05-03";"1";"Vente";"47000.0";"18.0";"None";"AV LOUIS COCHOIS";"3740";"06000";"06088";"Nice";"06";"None";"None";"06088000KW0596";"None";"None";"86";"nan";"None";"nan";"None";"nan";"None";"None";"None";"None";"1";"3";"Dépendance";"nan";"0.0";"None";"None";"None";"None";"nan";"7.250141";"43.697016";"000KW"
"2023-49354";"2023-05-03";"1";"Vente";"90000.0";"20.0";"None";"AV DES ORANGERS";"4590";"06000";"06088";"Nice";"06";"None";"None";"06088000KW0362";"None";"None";"736";"nan";"None";"nan";"None";"nan";"None";"None";"None";"None";"1";"3";"Dépendance";"nan";"0.0";"None";"None";"None";"None";"nan";"7.251748";"43.69738";"000KW"
"2023-49070";"2023-05-02";"1";"Vente";"315000.0";"47.0";"None";"BD FRANCOIS GROSSO";"2630";"06000";"06088";"Nice";"06";"None";"None";"06088000KW0094";"None";"None";"10";"nan";"17";"nan";"None";"nan";"None";"None";"None";"None";"2";"2";"Appartement";"68.0";"3.0";"None";"None";"None";"None";"nan";"7.251098";"43.697255";"000KW"
"2023-49155";"2023-05-02";"1";"Vente";"416000.0";"1.0";"B";"RUE ANDRIOLI";"0230";"06000";"06088";"Nice";"06";"None";"None";"06088000KW0280";"None";"None";"15";"nan";"80";"52.18";"None";"nan";"None";"None";"None";"None";"2";"2";"Appartement";"50.0";"2.0";"None";"None";"None";"None";"nan";"7.254013";"43.694098";"000KW"
"2023-49070";"2023-05-02";"1";"Vente";"315000.0";"47.0";"None";"BD FRANCOIS GROSSO";"2630";"06000";"06088";"Nice";"06";"None";"None";"06088000KW0094";"None";"None";"10";"nan";"17";"nan";"None";"nan";"None";"None";"None";"None";"2";"3";"Dépendance";"nan";"0.0";"None";"None";"None";"None";"nan";"7.251098";"43.697255";"000KW"
"2023-48886";"2023-04-28";"1";"Vente";"265000.0";"6.0";"None";"RUE JOSEPH FRICERO";"3470";"06000";"06088";"Nice";"06";"None";"None";"06088000KW0268";"None";"None";"1";"nan";"None";"nan";"None";"nan";"None";"None";"None";"None";"1";"2";"Appartement";"67.0";"3.0";"None";"None";"None";"None";"nan";"7.254582";"43.695493";"000KW"
"2023-49607";"2023-04-26";"1";"Vente";"195000.0";"27.0";"None";"BD GAMBETTA";"2755";"06000";"06088";"Nice";"06";"None";"None";"06088000KW0234";"None";"None";"21";"nan";"22";"nan";"None";"nan";"None";"None";"None";"None";"2";"2";"Appartement";"48.0";"2.0";"None";"None";"None";"None";"nan";"7.255942";"43.69657";"000KW"
"2023-49384";"2023-04-25";"1";"Vente";"186000.0";"8.0";"None";"BD FRANCOIS GROSSO";"2630";"06000";"06088";"Nice";"06";"None";"None";"06088000KW0321";"None";"None";"8";"nan";"None";"nan";"None";"nan";"None";"None";"None";"None";"1";"2";"Appartement";"54.0";"3.0";"None";"None";"None";"None";"nan";"7.25226";"43.695046";"000KW"
"2023-48156";"2023-04-25";"1";"Vente";"30000.0";"36.0";"None";"RUE BOTTERO";"0925";"06000";"06088";"Nice";"06";"None";"None";"06088000KW0169";"None";"None";"24";"nan";"None";"nan";"None";"nan";"None";"None";"None";"None";"1";"3";"Dépendance";"nan";"0.0";"None";"None";"None";"None";"nan";"7.251825";"43.69656";"000KW"
"2023-48978";"2023-04-24";"1";"Vente";"369750.0";"6.0";"None";"RUE JOSEPH FRICERO";"3470";"06000";"06088";"Nice";"06";"None";"None";"06088000KW0268";"None";"None";"11";"nan";"None";"nan";"None";"nan";"None";"None";"None";"None";"1";"2";"Appartement";"82.0";"3.0";"None";"None";"None";"None";"nan";"7.254582";"43.695493";"000KW"
"2023-48566";"2023-04-24";"1";"Vente";"36000.0";"17.0";"None";"AV FLEURS";"2460";"06000";"06088";"Nice";"06";"None";"None";"06088000KW0123";"None";"None";"106";"nan";"None";"nan";"None";"nan";"None";"None";"None";"None";"1";"3";"Dépendance";"nan";"0.0";"None";"None";"None";"None";"nan";"7.253164";"43.697428";"000KW"
"2023-48600";"2023-04-24";"1";"Vente";"40000.0";"4.0";"None";"RUE JOSEPH FRICERO";"3470";"06000";"06088";"Nice";"06";"None";"None";"06088000KW0267";"None";"None";"6";"nan";"None";"nan";"None";"nan";"None";"None";"None";"None";"1";"3";"Dépendance";"nan";"0.0";"None";"None";"None";"None";"nan";"7.254606";"43.695382";"000KW"
"2023-48043";"2023-04-21";"1";"Vente";"160000.0";"8.0";"None";"BD FRANCOIS GROSSO";"2630";"06000";"06088";"Nice";"06";"None";"None";"06088000KW0321";"None";"None";"13";"nan";"None";"nan";"None";"nan";"None";"None";"None";"None";"1";"2";"Appartement";"33.0";"2.0";"None";"None";"None";"None";"nan";"7.25226";"43.695046";"000KW"
"2023-48580";"2023-04-21";"1";"Vente";"250000.0";"27.0";"None";"RUE DES POTIERS";"5225";"06000";"06088";"Nice";"06";"None";"None";"06088000KW0356";"None";"None";"30";"40.85";"None";"nan";"None";"nan";"None";"None";"None";"None";"1";"2";"Appartement";"43.0";"2.0";"None";"None";"None";"None";"nan";"7.252576";"43.695881";"000KW"
"2023-48588";"2023-04-20";"1";"Vente";"73000.0";"21.0";"None";"BD FRANCOIS GROSSO";"2630";"06000";"06088";"Nice";"06";"None";"None";"06088000KW0076";"None";"None";"245";"nan";"None";"nan";"None";"nan";"None";"None";"None";"None";"1";"3";"Dépendance";"nan";"0.0";"None";"None";"None";"None";"nan";"7.251171";"43.696065";"000KW"
"2023-48696";"2023-04-20";"1";"Vente";"24000.0";"21.0";"None";"BD FRANCOIS GROSSO";"2630";"06000";"06088";"Nice";"06";"None";"None";"06088000KW0076";"None";"None";"195";"nan";"None";"nan";"None";"nan";"None";"None";"None";"None";"1";"3";"Dépendance";"nan";"0.0";"None";"None";"None";"None";"nan";"7.251171";"43.696065";"000KW"
"2023-48652";"2023-04-18";"1";"Vente";"33500.0";"21.0";"None";"BD FRANCOIS GROSSO";"2630";"06000";"06088";"Nice";"06";"None";"None";"06088000KW0076";"None";"None";"206";"nan";"None";"nan";"None";"nan";"None";"None";"None";"None";"1";"3";"Dépendance";"nan";"0.0";"None";"None";"None";"None";"nan";"7.251171";"43.696065";"000KW"
"2023-47935";"2023-04-14";"1";"Vente";"875000.0";"20.0";"None";"AV DES BAUMETTES";"0660";"06000";"06088";"Nice";"06";"None";"None";"06088000KW0058";"None";"None";"None";"nan";"None";"nan";"None";"nan";"None";"None";"None";"None";"0";"1";"Maison";"80.0";"4.0";"S";"sols";"None";"None";"167.0";"7.250253";"43.695455";"000KW"
"2023-48325";"2023-04-14";"1";"Vente";"360000.0";"14.0";"None";"RUE ALEXIS MOSSA";"0094";"06000";"06088";"Nice";"06";"None";"None";"06088000KW0175";"None";"None";"18";"nan";"9";"nan";"None";"nan";"None";"None";"None";"None";"2";"2";"Appartement";"61.0";"4.0";"None";"None";"None";"None";"nan";"7.252359";"43.696186";"000KW"
"2023-47935";"2023-04-14";"1";"Vente";"875000.0";"12.0";"None";"AV DES BAUMETTES";"0660";"06000";"06088";"Nice";"06";"None";"None";"06088000KW0070";"None";"None";"2";"nan";"None";"nan";"None";"nan";"None";"None";"None";"None";"1";"3";"Dépendance";"nan";"0.0";"None";"None";"None";"None";"nan";"7.250942";"43.695302";"000KW"
"2023-47935";"2023-04-14";"1";"Vente";"875000.0";"12.0";"None";"AV DES BAUMETTES";"0660";"06000";"06088";"Nice";"06";"None";"None";"06088000KW0070";"None";"None";"11";"nan";"None";"nan";"None";"nan";"None";"None";"None";"None";"1";"3";"Dépendance";"nan";"0.0";"None";"None";"None";"None";"nan";"7.250942";"43.695302";"000KW"
"2023-48325";"2023-04-14";"1";"Vente";"360000.0";"27.0";"None";"AV DES ORANGERS";"4590";"06000";"06088";"Nice";"06";"None";"None";"06088000KW0157";"None";"None";"30";"nan";"None";"nan";"None";"nan";"None";"None";"None";"None";"1";"3";"Dépendance";"nan";"0.0";"None";"None";"None";"None";"nan";"7.251822";"43.696854";"000KW"
"2023-48325";"2023-04-14";"1";"Vente";"360000.0";"14.0";"None";"RUE ALEXIS MOSSA";"0094";"06000";"06088";"Nice";"06";"None";"None";"06088000KW0175";"None";"None";"18";"nan";"9";"nan";"None";"nan";"None";"None";"None";"None";"2";"3";"Dépendance";"nan";"0.0";"None";"None";"None";"None";"nan";"7.252359";"43.696186";"000KW"
"2023-48325";"2023-04-14";"1";"Vente";"360000.0";"14.0";"None";"RUE ALEXIS MOSSA";"0094";"06000";"06088";"Nice";"06";"None";"None";"06088000KW0175";"None";"None";"18";"nan";"9";"nan";"None";"nan";"None";"None";"None";"None";"2";"3";"Dépendance";"nan";"0.0";"None";"None";"None";"None";"nan";"7.252359";"43.696186";"000KW"
"2023-47923";"2023-04-13";"1";"Vente";"319000.0";"21.0";"None";"BD FRANCOIS GROSSO";"2630";"06000";"06088";"Nice";"06";"None";"None";"06088000KW0076";"None";"None";"369";"nan";"None";"nan";"None";"nan";"None";"None";"None";"None";"1";"2";"Appartement";"55.0";"3.0";"None";"None";"None";"None";"nan";"7.251171";"43.696065";"000KW"
"2023-47923";"2023-04-13";"1";"Vente";"319000.0";"21.0";"None";"BD FRANCOIS GROSSO";"2630";"06000";"06088";"Nice";"06";"None";"None";"06088000KW0076";"None";"None";"191";"nan";"None";"nan";"None";"nan";"None";"None";"None";"None";"1";"3";"Dépendance";"nan";"0.0";"None";"None";"None";"None";"nan";"7.251171";"43.696065";"000KW"
"2023-48013";"2023-04-07";"1";"Vente";"335000.0";"15.0";"None";"AV DES ORANGERS";"4590";"06000";"06088";"Nice";"06";"None";"None";"06088000KW0149";"None";"None";"3";"nan";"None";"nan";"None";"nan";"None";"None";"None";"None";"1";"2";"Appartement";"46.0";"2.0";"None";"None";"None";"None";"nan";"7.253415";"43.696904";"000KW"
"2023-48181";"2023-04-07";"1";"Vente";"459000.0";"52.0";"None";"AV CHATEAU DE LA TOUR";"1355";"06000";"06088";"Nice";"06";"None";"None";"06088000KW0014";"None";"None";"22";"nan";"56";"nan";"None";"nan";"None";"None";"None";"None";"2";"2";"Appartement";"75.0";"5.0";"None";"None";"None";"None";"nan";"7.24944";"43.696588";"000KW"
"2023-48223";"2023-04-07";"1";"Vente";"271184.0";"9.0";"None";"AV DES BAUMETTES";"0660";"06000";"06088";"Nice";"06";"None";"None";"06088000KW0063";"None";"None";"33";"nan";"72";"nan";"None";"nan";"None";"None";"None";"None";"2";"2";"Appartement";"30.0";"2.0";"None";"None";"None";"None";"nan";"7.250954";"43.694669";"000KW"
"2023-47901";"2023-04-07";"1";"Vente";"39000.0";"19.0";"None";"AV DES ORANGERS";"4590";"06000";"06088";"Nice";"06";"None";"None";"06088000KW0153";"None";"None";"175";"nan";"None";"nan";"None";"nan";"None";"None";"None";"None";"1";"3";"Dépendance";"nan";"0.0";"None";"None";"None";"None";"nan";"7.252797";"43.696798";"000KW"
"2023-48013";"2023-04-07";"1";"Vente";"335000.0";"15.0";"None";"AV DES ORANGERS";"4590";"06000";"06088";"Nice";"06";"None";"None";"06088000KW0149";"None";"None";"3";"nan";"None";"nan";"None";"nan";"None";"None";"None";"None";"1";"3";"Dépendance";"nan";"0.0";"None";"None";"None";"None";"nan";"7.253415";"43.696904";"000KW"
"2023-48181";"2023-04-07";"1";"Vente";"459000.0";"52.0";"None";"AV CHATEAU DE LA TOUR";"1355";"06000";"06088";"Nice";"06";"None";"None";"06088000KW0014";"None";"None";"22";"nan";"56";"nan";"None";"nan";"None";"None";"None";"None";"2";"3";"Dépendance";"nan";"0.0";"None";"None";"None";"None";"nan";"7.24944";"43.696588";"000KW"
"2023-48223";"2023-04-07";"1";"Vente";"271184.0";"9.0";"None";"AV DES BAUMETTES";"0660";"06000";"06088";"Nice";"06";"None";"None";"06088000KW0063";"None";"None";"33";"nan";"72";"nan";"None";"nan";"None";"None";"None";"None";"2";"3";"Dépendance";"nan";"0.0";"None";"None";"None";"None";"nan";"7.250954";"43.694669";"000KW"
"2023-49645";"2023-04-06";"1";"Vente";"600000.0";"7.0";"None";"BD GAMBETTA";"2755";"06000";"06088";"Nice";"06";"None";"None";"06088000KW0446";"None";"None";"184";"nan";"None";"nan";"None";"nan";"None";"None";"None";"None";"1";"2";"Appartement";"77.0";"3.0";"None";"None";"None";"None";"nan";"7.255854";"43.694672";"000KW"
"2023-48403";"2023-04-06";"1";"Vente";"47000.0";"15.0";"None";"RUE ANDRIOLI";"0230";"06000";"06088";"Nice";"06";"None";"None";"06088000KW0198";"None";"None";"71B";"nan";"None";"nan";"None";"nan";"None";"None";"None";"None";"1";"3";"Dépendance";"nan";"0.0";"None";"None";"None";"None";"nan";"7.253622";"43.695971";"000KW"
"2023-49645";"2023-04-06";"1";"Vente";"600000.0";"10.0";"None";"RUE SAINT PHILIPPE";"5895";"06000";"06088";"Nice";"06";"None";"None";"06088000KW0446";"None";"None";"118";"nan";"None";"nan";"None";"nan";"None";"None";"None";"None";"1";"3";"Dépendance";"nan";"0.0";"None";"None";"None";"None";"nan";"7.255854";"43.694672";"000KW"
"2023-48008";"2023-04-06";"1";"Vente";"70000.0";"12.0";"None";"RUE JOSEPH FRICERO";"3470";"06000";"06088";"Nice";"06";"None";"None";"06088000KW0216";"None";"None";"1";"nan";"None";"nan";"None";"nan";"None";"None";"None";"None";"1";"4";"Local industriel. commercial ou assimilé";"35.0";"0.0";"None";"None";"None";"None";"nan";"7.254264";"43.696251";"000KW"
"2023-48197";"2023-04-03";"1";"Vente";"480000.0";"14.0";"T";"AV DES BAUMETTES";"0660";"06000";"06088";"Nice";"06";"None";"None";"06088000KW0073";"None";"None";"None";"nan";"None";"nan";"None";"nan";"None";"None";"None";"None";"0";"1";"Maison";"100.0";"4.0";"S";"sols";"None";"None";"162.0";"7.250971";"43.695732";"000KW"
"2023-47987";"2023-04-03";"1";"Vente";"10000.0";"49.0";"None";"BD FRANCOIS GROSSO";"2630";"06000";"06088";"Nice";"06";"None";"None";"06088000KW0095";"None";"None";"11";"nan";"None";"nan";"None";"nan";"None";"None";"None";"None";"1";"3";"Dépendance";"nan";"0.0";"None";"None";"None";"None";"nan";"7.25106";"43.697415";"000KW"
"2023-48197";"2023-04-03";"1";"Vente";"480000.0";"14.0";"T";"AV DES BAUMETTES";"0660";"06000";"06088";"Nice";"06";"None";"None";"06088000KW0073";"None";"None";"None";"nan";"None";"nan";"None";"nan";"None";"None";"None";"None";"0";"3";"Dépendance";"nan";"0.0";"S";"sols";"None";"None";"162.0";"7.250971";"43.695732";"000KW"
"2023-48197";"2023-04-03";"1";"Vente";"480000.0";"14.0";"T";"AV DES BAUMETTES";"0660";"06000";"06088";"Nice";"06";"None";"None";"06088000KW0073";"None";"None";"None";"nan";"None";"nan";"None";"nan";"None";"None";"None";"None";"0";"3";"Dépendance";"nan";"0.0";"S";"sols";"None";"None";"162.0";"7.250971";"43.695732";"000KW"
"2023-47276";"2023-03-31";"1";"Vente";"330000.0";"90.0";"None";"RUE DE FRANCE";"2595";"06000";"06088";"Nice";"06";"None";"None";"06088000KW0369";"None";"None";"1054";"nan";"1226";"nan";"None";"nan";"None";"None";"None";"None";"2";"2";"Appartement";"80.0";"3.0";"None";"None";"None";"None";"nan";"7.252761";"43.694482";"000KW"
"2023-47525";"2023-03-31";"1";"Vente";"114000.0";"17.0";"None";"AV FLEURS";"2460";"06000";"06088";"Nice";"06";"None";"None";"06088000KW0123";"None";"None";"72";"29.0";"None";"nan";"None";"nan";"None";"None";"None";"None";"1";"2";"Appartement";"29.0";"1.0";"None";"None";"None";"None";"nan";"7.253164";"43.697428";"000KW"
"2023-47705";"2023-03-31";"1";"Vente";"524470.0";"23.0";"None";"AV FLEURS";"2460";"06000";"06088";"Nice";"06";"None";"None";"06088000KW0367";"None";"None";"21";"nan";"None";"nan";"None";"nan";"None";"None";"None";"None";"1";"2";"Appartement";"63.0";"2.0";"None";"None";"None";"None";"nan";"7.252283";"43.697823";"000KW"
"2023-47756";"2023-03-31";"1";"Vente";"395000.0";"17.0";"None";"RUE SAINT PHILIPPE";"5895";"06000";"06088";"Nice";"06";"None";"None";"06088000KW0501";"None";"None";"7";"77.26";"None";"nan";"None";"nan";"None";"None";"None";"None";"1";"2";"Appartement";"71.0";"4.0";"None";"None";"None";"None";"nan";"7.254785";"43.695555";"000KW"
"2023-48263";"2023-03-31";"1";"Vente";"139253.0";"18.0";"B";"AV DES ORANGERS";"4590";"06000";"06088";"Nice";"06";"None";"None";"06088000KW0434";"None";"None";"24";"nan";"None";"nan";"None";"nan";"None";"None";"None";"None";"1";"2";"Appartement";"32.0";"1.0";"None";"None";"None";"None";"nan";"7.25216";"43.697366";"000KW"
"2023-47276";"2023-03-31";"1";"Vente";"330000.0";"90.0";"None";"RUE DE FRANCE";"2595";"06000";"06088";"Nice";"06";"None";"None";"06088000KW0369";"None";"None";"1272";"nan";"None";"nan";"None";"nan";"None";"None";"None";"None";"1";"3";"Dépendance";"nan";"0.0";"None";"None";"None";"None";"nan";"7.252761";"43.694482";"000KW"
"2023-47276";"2023-03-31";"1";"Vente";"330000.0";"90.0";"None";"RUE DE FRANCE";"2595";"06000";"06088";"Nice";"06";"None";"None";"06088000KW0369";"None";"None";"1054";"nan";"1226";"nan";"None";"nan";"None";"None";"None";"None";"2";"3";"Dépendance";"nan";"0.0";"None";"None";"None";"None";"nan";"7.252761";"43.694482";"000KW"
"2023-47705";"2023-03-31";"1";"Vente";"524470.0";"23.0";"None";"AV FLEURS";"2460";"06000";"06088";"Nice";"06";"None";"None";"06088000KW0367";"None";"None";"21";"nan";"None";"nan";"None";"nan";"None";"None";"None";"None";"1";"3";"Dépendance";"nan";"0.0";"None";"None";"None";"None";"nan";"7.252283";"43.697823";"000KW"
"2023-47705";"2023-03-31";"1";"Vente";"524470.0";"23.0";"None";"AV FLEURS";"2460";"06000";"06088";"Nice";"06";"None";"None";"06088000KW0367";"None";"None";"21";"nan";"None";"nan";"None";"nan";"None";"None";"None";"None";"1";"3";"Dépendance";"nan";"0.0";"None";"None";"None";"None";"nan";"7.252283";"43.697823";"000KW"
"2023-48754";"2023-03-31";"1";"Vente";"117000.0";"7.0";"None";"BD FRANCOIS GROSSO";"2630";"06000";"06088";"Nice";"06";"None";"None";"06088000KW0068";"None";"None";"20";"nan";"None";"nan";"None";"nan";"None";"None";"None";"None";"1";"4";"Local industriel. commercial ou assimilé";"54.0";"0.0";"None";"None";"None";"None";"nan";"7.251621";"43.69524";"000KW"
"2023-47865";"2023-03-30";"1";"Vente";"40000.0";"4.0";"None";"RUE JOSEPH FRICERO";"3470";"06000";"06088";"Nice";"06";"None";"None";"06088000KW0267";"None";"None";"31";"13.34";"None";"nan";"None";"nan";"None";"None";"None";"None";"1";"2";"Appartement";"45.0";"2.0";"None";"None";"None";"None";"nan";"7.254606";"43.695382";"000KW"
"2023-47334";"2023-03-29";"1";"Vente";"39500.0";"10.0";"None";"RUE SAINT PHILIPPE";"5895";"06000";"06088";"Nice";"06";"None";"None";"06088000KW0446";"None";"None";"257";"nan";"None";"nan";"None";"nan";"None";"None";"None";"None";"1";"3";"Dépendance";"nan";"0.0";"None";"None";"None";"None";"nan";"7.255854";"43.694672";"000KW"
"2023-47564";"2023-03-28";"1";"Vente";"102000.0";"14.0";"None";"BD FRANCOIS GROSSO";"2630";"06000";"06088";"Nice";"06";"None";"None";"06088000KW0171";"None";"None";"10";"nan";"4";"nan";"None";"nan";"None";"None";"None";"None";"2";"2";"Appartement";"47.0";"3.0";"None";"None";"None";"None";"nan";"7.251889";"43.696133";"000KW"
"2023-47697";"2023-03-28";"1";"Vente";"150000.0";"15.0";"B";"AV DES ORANGERS";"4590";"06000";"06088";"Nice";"06";"None";"None";"06088000KW0341";"None";"None";"4";"nan";"40";"nan";"None";"nan";"None";"None";"None";"None";"2";"2";"Appartement";"25.0";"1.0";"None";"None";"None";"None";"nan";"7.253267";"43.696923";"000KW"
"2023-48196";"2023-03-28";"1";"Vente";"337000.0";"2.0";"None";"AV DES ORANGERS";"4590";"06000";"06088";"Nice";"06";"None";"None";"06088000KW0132";"None";"None";"14";"nan";"55";"nan";"None";"nan";"None";"None";"None";"None";"2";"2";"Appartement";"65.0";"2.0";"None";"None";"None";"None";"nan";"7.255031";"43.697279";"000KW"
"2023-47459";"2023-03-27";"1";"Vente";"235000.0";"12.0";"None";"BD FRANCOIS GROSSO";"2630";"06000";"06088";"Nice";"06";"None";"None";"06088000KW0185";"None";"None";"13";"nan";"2";"nan";"None";"nan";"None";"None";"None";"None";"2";"2";"Appartement";"52.0";"3.0";"None";"None";"None";"None";"nan";"7.251933";"43.695895";"000KW"
"2023-47001";"2023-03-23";"1";"Vente";"28000.0";"6.0";"None";"RUE DES POTIERS";"5225";"06000";"06088";"Nice";"06";"None";"None";"06088000KW0311";"None";"None";"108";"nan";"None";"nan";"None";"nan";"None";"None";"None";"None";"1";"4";"Local industriel. commercial ou assimilé";"11.0";"0.0";"None";"None";"None";"None";"nan";"7.253284";"43.694842";"000KW"
"2023-47261";"2023-03-20";"1";"Vente";"390000.0";"16.0";"None";"RUE BOTTERO";"0925";"06000";"06088";"Nice";"06";"None";"None";"06088000KW0150";"None";"None";"15";"nan";"None";"nan";"None";"nan";"None";"None";"None";"None";"1";"2";"Appartement";"80.0";"3.0";"None";"None";"None";"None";"nan";"7.25339";"43.696731";"000KW"
"2023-46985";"2023-03-20";"1";"Vente";"27000.0";"21.0";"None";"BD FRANCOIS GROSSO";"2630";"06000";"06088";"Nice";"06";"None";"None";"06088000KW0076";"None";"None";"261";"nan";"None";"nan";"None";"nan";"None";"None";"None";"None";"1";"3";"Dépendance";"nan";"0.0";"None";"None";"None";"None";"nan";"7.251171";"43.696065";"000KW"
"2023-47324";"2023-03-20";"1";"Vente";"60000.0";"1.0";"None";"RUE ANDRIOLI";"0230";"06000";"06088";"Nice";"06";"None";"None";"06088000KW0281";"None";"None";"83";"nan";"None";"nan";"None";"nan";"None";"None";"None";"None";"1";"3";"Dépendance";"nan";"0.0";"None";"None";"None";"None";"nan";"7.254147";"43.693921";"000KW"
"2023-47284";"2023-03-17";"1";"Vente";"35000.0";"20.0";"None";"AV DES ORANGERS";"4590";"06000";"06088";"Nice";"06";"None";"None";"06088000KW0362";"None";"None";"759";"nan";"None";"nan";"None";"nan";"None";"None";"None";"None";"1";"3";"Dépendance";"nan";"0.0";"None";"None";"None";"None";"nan";"7.251748";"43.69738";"000KW"
"2023-46550";"2023-03-16";"1";"Vente";"180000.0";"2.0";"None";"BD FRANCOIS GROSSO";"2630";"06000";"06088";"Nice";"06";"None";"None";"06088000KW0370";"None";"None";"48";"nan";"None";"nan";"None";"nan";"None";"None";"None";"None";"1";"2";"Appartement";"33.0";"2.0";"None";"None";"None";"None";"nan";"7.252572";"43.694566";"000KW"
"2023-46507";"2023-03-15";"1";"Vente";"530000.0";"1.0";"B";"RUE ANDRIOLI";"0230";"06000";"06088";"Nice";"06";"None";"None";"06088000KW0280";"None";"None";"16";"nan";"67";"89.17";"None";"nan";"None";"None";"None";"None";"2";"2";"Appartement";"87.0";"3.0";"None";"None";"None";"None";"nan";"7.254013";"43.694098";"000KW"
"2023-46507";"2023-03-15";"1";"Vente";"530000.0";"1.0";"B";"RUE ANDRIOLI";"0230";"06000";"06088";"Nice";"06";"None";"None";"06088000KW0280";"None";"None";"16";"nan";"67";"89.17";"None";"nan";"None";"None";"None";"None";"2";"3";"Dépendance";"nan";"0.0";"None";"None";"None";"None";"nan";"7.254013";"43.694098";"000KW"
"2023-46995";"2023-03-14";"1";"Vente";"230000.0";"4.0";"None";"RUE SAINT PHILIPPE";"5895";"06000";"06088";"Nice";"06";"None";"None";"06088000KW0252";"None";"None";"52B";"34.29";"None";"nan";"None";"nan";"None";"None";"None";"None";"1";"2";"Appartement";"34.0";"1.0";"None";"None";"None";"None";"nan";"7.255928";"43.694042";"000KW"
"2023-46196";"2023-03-10";"1";"Vente";"160000.0";"1.0";"None";"RUE CLAUDIA";"1460";"06000";"06088";"Nice";"06";"None";"None";"06088000KW0419";"None";"None";"28";"nan";"None";"nan";"None";"nan";"None";"None";"None";"None";"1";"2";"Appartement";"35.0";"3.0";"None";"None";"None";"None";"nan";"7.254973";"43.695132";"000KW"
"2023-46196";"2023-03-10";"1";"Vente";"160000.0";"1.0";"None";"RUE CLAUDIA";"1460";"06000";"06088";"Nice";"06";"None";"None";"06088000KW0419";"None";"None";"28";"nan";"None";"nan";"None";"nan";"None";"None";"None";"None";"1";"3";"Dépendance";"nan";"0.0";"None";"None";"None";"None";"nan";"7.254973";"43.695132";"000KW"
"2023-46638";"2023-03-09";"1";"Vente";"660000.0";"10.0";"None";"RUE SAINT PHILIPPE";"5895";"06000";"06088";"Nice";"06";"None";"None";"06088000KW0446";"None";"None";"262";"nan";"None";"nan";"None";"nan";"None";"None";"None";"None";"1";"3";"Dépendance";"nan";"0.0";"None";"None";"None";"None";"nan";"7.255854";"43.694672";"000KW"
"2023-47759";"2023-03-07";"1";"Vente";"7500.0";"11.0";"B";"AV FLEURS";"2460";"06000";"06088";"Nice";"06";"None";"None";"06088000KW0125";"None";"None";"59";"nan";"None";"nan";"None";"nan";"None";"None";"None";"None";"1";"3";"Dépendance";"nan";"0.0";"None";"None";"None";"None";"nan";"7.253698";"43.697412";"000KW"
"2023-46426";"2023-03-06";"1";"Vente";"700000.0";"24.0";"None";"AV DES BAUMETTES";"0660";"06000";"06088";"Nice";"06";"None";"None";"06088000KW0081";"None";"None";"4";"101.01";"None";"nan";"None";"nan";"None";"None";"None";"None";"1";"2";"Appartement";"101.0";"4.0";"None";"None";"None";"None";"nan";"7.250258";"43.696294";"000KW"
"2023-46426";"2023-03-06";"1";"Vente";"700000.0";"24.0";"None";"AV DES BAUMETTES";"0660";"06000";"06088";"Nice";"06";"None";"None";"06088000KW0081";"None";"None";"20";"nan";"None";"nan";"None";"nan";"None";"None";"None";"None";"1";"3";"Dépendance";"nan";"0.0";"None";"None";"None";"None";"nan";"7.250258";"43.696294";"000KW"
"2023-46426";"2023-03-06";"1";"Vente";"700000.0";"24.0";"None";"AV DES BAUMETTES";"0660";"06000";"06088";"Nice";"06";"None";"None";"06088000KW0081";"None";"None";"4";"101.01";"None";"nan";"None";"nan";"None";"None";"None";"None";"1";"3";"Dépendance";"nan";"0.0";"None";"None";"None";"None";"nan";"7.250258";"43.696294";"000KW"
"2023-46110";"2023-03-02";"1";"Vente";"265000.0";"17.0";"None";"AV FLEURS";"2460";"06000";"06088";"Nice";"06";"None";"None";"06088000KW0123";"None";"None";"60";"nan";"None";"nan";"None";"nan";"None";"None";"None";"None";"1";"2";"Appartement";"37.0";"1.0";"None";"None";"None";"None";"nan";"7.253164";"43.697428";"000KW"
"2023-45799";"2023-03-02";"1";"Vente";"54000.0";"21.0";"None";"BD FRANCOIS GROSSO";"2630";"06000";"06088";"Nice";"06";"None";"None";"06088000KW0076";"None";"None";"286";"nan";"None";"nan";"None";"nan";"None";"None";"None";"None";"1";"3";"Dépendance";"nan";"0.0";"None";"None";"None";"None";"nan";"7.251171";"43.696065";"000KW"
"2023-46258";"2023-03-01";"1";"Vente";"214000.0";"5.0";"None";"AV FLEURS";"2460";"06000";"06088";"Nice";"06";"None";"None";"06088000KW0131";"None";"None";"12";"nan";"None";"nan";"None";"nan";"None";"None";"None";"None";"1";"2";"Appartement";"45.0";"1.0";"None";"None";"None";"None";"nan";"7.255071";"43.697471";"000KW"
"2023-46258";"2023-03-01";"1";"Vente";"214000.0";"5.0";"None";"AV FLEURS";"2460";"06000";"06088";"Nice";"06";"None";"None";"06088000KW0131";"None";"None";"12";"nan";"None";"nan";"None";"nan";"None";"None";"None";"None";"1";"3";"Dépendance";"nan";"0.0";"None";"None";"None";"None";"nan";"7.255071";"43.697471";"000KW"
"2023-45772";"2023-02-28";"1";"Vente";"960000.0";"13.0";"None";"RUE DANTE";"1835";"06000";"06088";"Nice";"06";"None";"None";"06088000KW0299";"None";"None";"100";"nan";"34";"nan";"None";"nan";"None";"None";"None";"None";"2";"2";"Appartement";"87.0";"3.0";"None";"None";"None";"None";"nan";"7.253871";"43.695389";"000KW"
"2023-45772";"2023-02-28";"1";"Vente";"960000.0";"13.0";"None";"RUE DANTE";"1835";"06000";"06088";"Nice";"06";"None";"None";"06088000KW0299";"None";"None";"101";"nan";"35";"nan";"None";"nan";"None";"None";"None";"None";"2";"2";"Appartement";"72.0";"2.0";"None";"None";"None";"None";"nan";"7.253871";"43.695389";"000KW"
"2023-45831";"2023-02-28";"1";"Vente";"350000.0";"93.0";"None";"RUE DE FRANCE";"2595";"06000";"06088";"Nice";"06";"None";"None";"06088000KW0248";"None";"None";"2";"nan";"37";"nan";"None";"nan";"None";"None";"None";"None";"2";"2";"Appartement";"42.0";"2.0";"None";"None";"None";"None";"nan";"7.255898";"43.695005";"000KW"
"2023-45949";"2023-02-28";"1";"Vente";"635000.0";"11.0";"None";"BD GAMBETTA";"2755";"06000";"06088";"Nice";"06";"None";"None";"06088000KW0249";"None";"None";"20";"nan";"49";"nan";"None";"nan";"None";"None";"None";"None";"2";"2";"Appartement";"84.0";"3.0";"None";"None";"None";"None";"nan";"7.255965";"43.694979";"000KW"
"2023-45772";"2023-02-28";"1";"Vente";"960000.0";"13.0";"None";"RUE DANTE";"1835";"06000";"06088";"Nice";"06";"None";"None";"06088000KW0299";"None";"None";"3";"nan";"None";"nan";"None";"nan";"None";"None";"None";"None";"1";"3";"Dépendance";"nan";"0.0";"None";"None";"None";"None";"nan";"7.253871";"43.695389";"000KW"
"2023-45772";"2023-02-28";"1";"Vente";"960000.0";"13.0";"None";"RUE DANTE";"1835";"06000";"06088";"Nice";"06";"None";"None";"06088000KW0299";"None";"None";"100";"nan";"34";"nan";"None";"nan";"None";"None";"None";"None";"2";"3";"Dépendance";"nan";"0.0";"None";"None";"None";"None";"nan";"7.253871";"43.695389";"000KW"
"2023-45772";"2023-02-28";"1";"Vente";"960000.0";"13.0";"None";"RUE DANTE";"1835";"06000";"06088";"Nice";"06";"None";"None";"06088000KW0299";"None";"None";"100";"nan";"34";"nan";"None";"nan";"None";"None";"None";"None";"2";"3";"Dépendance";"nan";"0.0";"None";"None";"None";"None";"nan";"7.253871";"43.695389";"000KW"
"2023-45772";"2023-02-28";"1";"Vente";"960000.0";"13.0";"None";"RUE DANTE";"1835";"06000";"06088";"Nice";"06";"None";"None";"06088000KW0299";"None";"None";"101";"nan";"35";"nan";"None";"nan";"None";"None";"None";"None";"2";"3";"Dépendance";"nan";"0.0";"None";"None";"None";"None";"nan";"7.253871";"43.695389";"000KW"
"2023-45772";"2023-02-28";"1";"Vente";"960000.0";"13.0";"None";"RUE DANTE";"1835";"06000";"06088";"Nice";"06";"None";"None";"06088000KW0299";"None";"None";"101";"nan";"35";"nan";"None";"nan";"None";"None";"None";"None";"2";"3";"Dépendance";"nan";"0.0";"None";"None";"None";"None";"nan";"7.253871";"43.695389";"000KW"
"2023-45831";"2023-02-28";"1";"Vente";"350000.0";"93.0";"None";"RUE DE FRANCE";"2595";"06000";"06088";"Nice";"06";"None";"None";"06088000KW0248";"None";"None";"2";"nan";"37";"nan";"None";"nan";"None";"None";"None";"None";"2";"3";"Dépendance";"nan";"0.0";"None";"None";"None";"None";"nan";"7.255898";"43.695005";"000KW"
"2023-45949";"2023-02-28";"1";"Vente";"635000.0";"11.0";"None";"BD GAMBETTA";"2755";"06000";"06088";"Nice";"06";"None";"None";"06088000KW0249";"None";"None";"20";"nan";"49";"nan";"None";"nan";"None";"None";"None";"None";"2";"3";"Dépendance";"nan";"0.0";"None";"None";"None";"None";"nan";"7.255965";"43.694979";"000KW"
"2023-46089";"2023-02-27";"1";"Vente";"95000.0";"10.0";"None";"AV DES ORANGERS";"4590";"06000";"06088";"Nice";"06";"None";"None";"06088000KW0124";"None";"None";"47";"nan";"None";"nan";"None";"nan";"None";"None";"None";"None";"1";"2";"Appartement";"20.0";"1.0";"None";"None";"None";"None";"nan";"7.253552";"43.697329";"000KW"
"2023-46347";"2023-02-27";"1";"Vente";"234000.0";"2.0";"None";"RUE BOTTERO";"0925";"06000";"06088";"Nice";"06";"None";"None";"06088000KW0471";"None";"None";"28";"nan";"None";"nan";"None";"nan";"None";"None";"None";"None";"1";"2";"Appartement";"35.0";"2.0";"None";"None";"None";"None";"nan";"7.255693";"43.696883";"000KW"
"2023-46073";"2023-02-27";"1";"Vente";"28000.0";"14.0";"None";"AV LOUIS COCHOIS";"3740";"06000";"06088";"Nice";"06";"None";"None";"06088000KW0011";"None";"None";"34";"nan";"None";"nan";"None";"nan";"None";"None";"None";"None";"1";"3";"Dépendance";"nan";"0.0";"None";"None";"None";"None";"nan";"7.250085";"43.697442";"000KW"
"2023-46169";"2023-02-24";"1";"Vente";"165000.0";"76.0";"None";"AV BAUMETTES OLIVIERS";"0662";"06000";"06088";"Nice";"06";"None";"None";"06088000KW0005";"None";"None";"282";"nan";"299";"nan";"None";"nan";"None";"None";"None";"None";"2";"2";"Appartement";"40.0";"2.0";"None";"None";"None";"None";"nan";"7.250071";"43.698297";"000KW"
"2023-46169";"2023-02-24";"1";"Vente";"165000.0";"76.0";"None";"AV BAUMETTES OLIVIERS";"0662";"06000";"06088";"Nice";"06";"None";"None";"06088000KW0005";"None";"None";"282";"nan";"299";"nan";"None";"nan";"None";"None";"None";"None";"2";"3";"Dépendance";"nan";"0.0";"None";"None";"None";"None";"nan";"7.250071";"43.698297";"000KW"
"2023-45882";"2023-02-23";"1";"Vente";"210000.0";"24.0";"None";"AV DES BAUMETTES";"0660";"06000";"06088";"Nice";"06";"None";"None";"06088000KW0081";"None";"None";"37";"28.54";"None";"nan";"None";"nan";"None";"None";"None";"None";"1";"2";"Appartement";"27.0";"2.0";"None";"None";"None";"None";"nan";"7.250258";"43.696294";"000KW"
"2023-45252";"2023-02-22";"1";"Vente";"4500.0";"2.0";"None";"AV CHATEAU DE LA TOUR";"1355";"06000";"06088";"Nice";"06";"None";"None";"06088000KW0037";"None";"None";"17";"nan";"None";"nan";"None";"nan";"None";"None";"None";"None";"1";"2";"Appartement";"55.0";"3.0";"None";"None";"None";"None";"nan";"7.249218";"43.694951";"000KW"
"2023-45862";"2023-02-22";"1";"Vente";"425000.0";"31.0";"None";"BD GAMBETTA";"2755";"06000";"06088";"Nice";"06";"None";"None";"06088000KW0469";"None";"None";"33";"nan";"None";"nan";"None";"nan";"None";"None";"None";"None";"1";"2";"Appartement";"98.0";"4.0";"None";"None";"None";"None";"nan";"7.255844";"43.697011";"000KW"
"2023-45862";"2023-02-22";"1";"Vente";"425000.0";"31.0";"None";"BD GAMBETTA";"2755";"06000";"06088";"Nice";"06";"None";"None";"06088000KW0469";"None";"None";"8";"nan";"None";"nan";"None";"nan";"None";"None";"None";"None";"1";"2";"Appartement";"112.0";"5.0";"None";"None";"None";"None";"nan";"7.255844";"43.697011";"000KW"
"2023-45962";"2023-02-22";"1";"Vente";"640000.0";"31.0";"None";"BD GAMBETTA";"2755";"06000";"06088";"Nice";"06";"None";"None";"06088000KW0469";"None";"None";"33";"nan";"None";"nan";"None";"nan";"None";"None";"None";"None";"1";"2";"Appartement";"98.0";"4.0";"None";"None";"None";"None";"nan";"7.255844";"43.697011";"000KW"
"2023-45962";"2023-02-22";"1";"Vente";"640000.0";"31.0";"None";"BD GAMBETTA";"2755";"06000";"06088";"Nice";"06";"None";"None";"06088000KW0469";"None";"None";"8";"nan";"None";"nan";"None";"nan";"None";"None";"None";"None";"1";"2";"Appartement";"112.0";"5.0";"None";"None";"None";"None";"nan";"7.255844";"43.697011";"000KW"
"2023-45252";"2023-02-22";"1";"Vente";"4500.0";"2.0";"None";"AV CHATEAU DE LA TOUR";"1355";"06000";"06088";"Nice";"06";"None";"None";"06088000KW0037";"None";"None";"17";"nan";"None";"nan";"None";"nan";"None";"None";"None";"None";"1";"3";"Dépendance";"nan";"0.0";"None";"None";"None";"None";"nan";"7.249218";"43.694951";"000KW"
"2023-45252";"2023-02-22";"1";"Vente";"4500.0";"2.0";"None";"AV CHATEAU DE LA TOUR";"1355";"06000";"06088";"Nice";"06";"None";"None";"06088000KW0037";"None";"None";"17";"nan";"None";"nan";"None";"nan";"None";"None";"None";"None";"1";"3";"Dépendance";"nan";"0.0";"None";"None";"None";"None";"nan";"7.249218";"43.694951";"000KW"
"2023-45862";"2023-02-22";"1";"Vente";"425000.0";"31.0";"None";"BD GAMBETTA";"2755";"06000";"06088";"Nice";"06";"None";"None";"06088000KW0469";"None";"None";"33";"nan";"None";"nan";"None";"nan";"None";"None";"None";"None";"1";"3";"Dépendance";"nan";"0.0";"None";"None";"None";"None";"nan";"7.255844";"43.697011";"000KW"
"2023-45862";"2023-02-22";"1";"Vente";"425000.0";"31.0";"None";"BD GAMBETTA";"2755";"06000";"06088";"Nice";"06";"None";"None";"06088000KW0469";"None";"None";"8";"nan";"None";"nan";"None";"nan";"None";"None";"None";"None";"1";"3";"Dépendance";"nan";"0.0";"None";"None";"None";"None";"nan";"7.255844";"43.697011";"000KW"
"2023-45962";"2023-02-22";"1";"Vente";"640000.0";"31.0";"None";"BD GAMBETTA";"2755";"06000";"06088";"Nice";"06";"None";"None";"06088000KW0469";"None";"None";"8";"nan";"None";"nan";"None";"nan";"None";"None";"None";"None";"1";"3";"Dépendance";"nan";"0.0";"None";"None";"None";"None";"nan";"7.255844";"43.697011";"000KW"
"2023-45962";"2023-02-22";"1";"Vente";"640000.0";"31.0";"None";"BD GAMBETTA";"2755";"06000";"06088";"Nice";"06";"None";"None";"06088000KW0469";"None";"None";"33";"nan";"None";"nan";"None";"nan";"None";"None";"None";"None";"1";"3";"Dépendance";"nan";"0.0";"None";"None";"None";"None";"nan";"7.255844";"43.697011";"000KW"
"2023-46355";"2023-02-21";"1";"Vente";"95000.0";"10.0";"None";"AV DES ORANGERS";"4590";"06000";"06088";"Nice";"06";"None";"None";"06088000KW0124";"None";"None";"56";"nan";"None";"nan";"None";"nan";"None";"None";"None";"None";"1";"2";"Appartement";"20.0";"1.0";"None";"None";"None";"None";"nan";"7.253552";"43.697329";"000KW"
"2023-45727";"2023-02-20";"1";"Vente";"380000.0";"16.0";"None";"BD FRANCOIS GROSSO";"2630";"06000";"06088";"Nice";"06";"None";"None";"06088000KW0170";"None";"None";"1";"nan";"None";"nan";"None";"nan";"None";"None";"None";"None";"1";"2";"Appartement";"50.0";"2.0";"None";"None";"None";"None";"nan";"7.251884";"43.696244";"000KW"
"2023-45727";"2023-02-20";"1";"Vente";"380000.0";"16.0";"None";"BD FRANCOIS GROSSO";"2630";"06000";"06088";"Nice";"06";"None";"None";"06088000KW0170";"None";"None";"16";"83.65";"None";"nan";"None";"nan";"None";"None";"None";"None";"1";"2";"Appartement";"78.0";"4.0";"None";"None";"None";"None";"nan";"7.251884";"43.696244";"000KW"
"2023-46170";"2023-02-20";"1";"Vente";"420000.0";"16.0";"None";"RUE DANTE";"1835";"06000";"06088";"Nice";"06";"None";"None";"06088000KW0196";"None";"None";"10";"nan";"19";"nan";"None";"nan";"None";"None";"None";"None";"2";"2";"Appartement";"84.0";"3.0";"None";"None";"None";"None";"nan";"7.253658";"43.695758";"000KW"
"2023-45727";"2023-02-20";"1";"Vente";"380000.0";"16.0";"None";"BD FRANCOIS GROSSO";"2630";"06000";"06088";"Nice";"06";"None";"None";"06088000KW0170";"None";"None";"1";"nan";"None";"nan";"None";"nan";"None";"None";"None";"None";"1";"3";"Dépendance";"nan";"0.0";"None";"None";"None";"None";"nan";"7.251884";"43.696244";"000KW"
"2023-46170";"2023-02-20";"1";"Vente";"420000.0";"16.0";"None";"RUE DANTE";"1835";"06000";"06088";"Nice";"06";"None";"None";"06088000KW0196";"None";"None";"10";"nan";"19";"nan";"None";"nan";"None";"None";"None";"None";"2";"3";"Dépendance";"nan";"0.0";"None";"None";"None";"None";"nan";"7.253658";"43.695758";"000KW"
"2023-45201";"2023-02-17";"1";"Vente";"152000.0";"5.0";"None";"RUE J BAPTISTE SPINETTA";"3340";"06000";"06088";"Nice";"06";"None";"None";"06088000KW0162";"None";"None";"5";"40.22";"None";"nan";"None";"nan";"None";"None";"None";"None";"1";"2";"Appartement";"38.0";"2.0";"None";"None";"None";"None";"nan";"7.252143";"43.696645";"000KW"
"2023-45789";"2023-02-16";"1";"Vente";"224406.33";"16.0";"None";"RUE SAINT PHILIPPE";"5895";"06000";"06088";"Nice";"06";"None";"None";"06088000KW0245";"None";"None";"6";"35.54";"None";"nan";"None";"nan";"None";"None";"None";"None";"1";"2";"Appartement";"18.0";"1.0";"None";"None";"None";"None";"nan";"7.255397";"43.695369";"000KW"
"2023-45789";"2023-02-16";"1";"Vente";"224406.33";"16.0";"None";"RUE SAINT PHILIPPE";"5895";"06000";"06088";"Nice";"06";"None";"None";"06088000KW0245";"None";"None";"6";"35.54";"None";"nan";"None";"nan";"None";"None";"None";"None";"1";"2";"Appartement";"19.0";"1.0";"None";"None";"None";"None";"nan";"7.255397";"43.695369";"000KW"
"2023-45758";"2023-02-16";"1";"Vente";"26000.0";"76.0";"None";"AV DES BAUMETTES";"0660";"06000";"06088";"Nice";"06";"None";"None";"06088000KW0005";"None";"None";"676";"nan";"None";"nan";"None";"nan";"None";"None";"None";"None";"1";"3";"Dépendance";"nan";"0.0";"None";"None";"None";"None";"nan";"7.250071";"43.698297";"000KW"
"2023-46116";"2023-02-15";"1";"Vente";"200000.0";"53.0";"None";"PROM DES ANGLAIS";"0240";"06000";"06088";"Nice";"06";"None";"None";"06088000KW0282";"None";"None";"131";"nan";"56";"33.62";"None";"nan";"None";"None";"None";"None";"2";"2";"Appartement";"37.0";"1.0";"None";"None";"None";"None";"nan";"7.254413";"43.693761";"000KW"
"2023-45193";"2023-02-07";"1";"Vente";"18000.0";"19.0";"None";"RUE ANDRIOLI";"0230";"06000";"06088";"Nice";"06";"None";"None";"06088000KW0206";"None";"None";"128";"nan";"46";"nan";"None";"nan";"None";"None";"None";"None";"2";"2";"Appartement";"89.0";"2.0";"None";"None";"None";"None";"nan";"7.253381";"43.696371";"000KW"
"2023-45193";"2023-02-07";"1";"Vente";"18000.0";"19.0";"None";"RUE ANDRIOLI";"0230";"06000";"06088";"Nice";"06";"None";"None";"06088000KW0206";"None";"None";"128";"nan";"46";"nan";"None";"nan";"None";"None";"None";"None";"2";"3";"Dépendance";"nan";"0.0";"None";"None";"None";"None";"nan";"7.253381";"43.696371";"000KW"
"2023-45193";"2023-02-07";"1";"Vente";"18000.0";"19.0";"None";"RUE ANDRIOLI";"0230";"06000";"06088";"Nice";"06";"None";"None";"06088000KW0206";"None";"None";"65";"nan";"None";"nan";"None";"nan";"None";"None";"None";"None";"1";"3";"Dépendance";"nan";"0.0";"None";"None";"None";"None";"nan";"7.253381";"43.696371";"000KW"
"2023-44896";"2023-02-07";"1";"Vente";"120000.0";"17.0";"None";"AV FLEURS";"2460";"06000";"06088";"Nice";"06";"None";"None";"06088000KW0123";"None";"None";"236";"nan";"None";"nan";"None";"nan";"None";"None";"None";"None";"1";"4";"Local industriel. commercial ou assimilé";"3.0";"0.0";"None";"None";"None";"None";"nan";"7.253164";"43.697428";"000KW"
"2023-44896";"2023-02-07";"1";"Vente";"120000.0";"17.0";"None";"AV FLEURS";"2460";"06000";"06088";"Nice";"06";"None";"None";"06088000KW0123";"None";"None";"280";"nan";"None";"nan";"None";"nan";"None";"None";"None";"None";"1";"4";"Local industriel. commercial ou assimilé";"7.0";"0.0";"None";"None";"None";"None";"nan";"7.253164";"43.697428";"000KW"
"2023-44896";"2023-02-07";"1";"Vente";"120000.0";"17.0";"None";"AV FLEURS";"2460";"06000";"06088";"Nice";"06";"None";"None";"06088000KW0123";"None";"None";"272";"nan";"None";"nan";"None";"nan";"None";"None";"None";"None";"1";"4";"Local industriel. commercial ou assimilé";"3.0";"0.0";"None";"None";"None";"None";"nan";"7.253164";"43.697428";"000KW"
"2023-44896";"2023-02-07";"1";"Vente";"120000.0";"17.0";"None";"AV FLEURS";"2460";"06000";"06088";"Nice";"06";"None";"None";"06088000KW0123";"None";"None";"277";"nan";"None";"nan";"None";"nan";"None";"None";"None";"None";"1";"4";"Local industriel. commercial ou assimilé";"3.0";"0.0";"None";"None";"None";"None";"nan";"7.253164";"43.697428";"000KW"
"2023-44896";"2023-02-07";"1";"Vente";"120000.0";"17.0";"None";"AV FLEURS";"2460";"06000";"06088";"Nice";"06";"None";"None";"06088000KW0123";"None";"None";"270";"nan";"None";"nan";"None";"nan";"None";"None";"None";"None";"1";"4";"Local industriel. commercial ou assimilé";"5.0";"0.0";"None";"None";"None";"None";"nan";"7.253164";"43.697428";"000KW"
"2023-44896";"2023-02-07";"1";"Vente";"120000.0";"17.0";"None";"AV FLEURS";"2460";"06000";"06088";"Nice";"06";"None";"None";"06088000KW0123";"None";"None";"237";"nan";"None";"nan";"None";"nan";"None";"None";"None";"None";"1";"4";"Local industriel. commercial ou assimilé";"3.0";"0.0";"None";"None";"None";"None";"nan";"7.253164";"43.697428";"000KW"
"2023-44896";"2023-02-07";"1";"Vente";"120000.0";"17.0";"None";"AV FLEURS";"2460";"06000";"06088";"Nice";"06";"None";"None";"06088000KW0123";"None";"None";"269";"nan";"None";"nan";"None";"nan";"None";"None";"None";"None";"1";"4";"Local industriel. commercial ou assimilé";"4.0";"0.0";"None";"None";"None";"None";"nan";"7.253164";"43.697428";"000KW"
"2023-44896";"2023-02-07";"1";"Vente";"120000.0";"17.0";"None";"AV FLEURS";"2460";"06000";"06088";"Nice";"06";"None";"None";"06088000KW0123";"None";"None";"275";"nan";"None";"nan";"None";"nan";"None";"None";"None";"None";"1";"4";"Local industriel. commercial ou assimilé";"3.0";"0.0";"None";"None";"None";"None";"nan";"7.253164";"43.697428";"000KW"
"2023-44896";"2023-02-07";"1";"Vente";"120000.0";"17.0";"None";"AV FLEURS";"2460";"06000";"06088";"Nice";"06";"None";"None";"06088000KW0123";"None";"None";"232";"nan";"None";"nan";"None";"nan";"None";"None";"None";"None";"1";"4";"Local industriel. commercial ou assimilé";"3.0";"0.0";"None";"None";"None";"None";"nan";"7.253164";"43.697428";"000KW"
"2023-44896";"2023-02-07";"1";"Vente";"120000.0";"17.0";"None";"AV FLEURS";"2460";"06000";"06088";"Nice";"06";"None";"None";"06088000KW0123";"None";"None";"234";"nan";"None";"nan";"None";"nan";"None";"None";"None";"None";"1";"4";"Local industriel. commercial ou assimilé";"3.0";"0.0";"None";"None";"None";"None";"nan";"7.253164";"43.697428";"000KW"
"2023-44896";"2023-02-07";"1";"Vente";"120000.0";"17.0";"None";"AV FLEURS";"2460";"06000";"06088";"Nice";"06";"None";"None";"06088000KW0123";"None";"None";"267";"nan";"None";"nan";"None";"nan";"None";"None";"None";"None";"1";"4";"Local industriel. commercial ou assimilé";"3.0";"0.0";"None";"None";"None";"None";"nan";"7.253164";"43.697428";"000KW"
"2023-44896";"2023-02-07";"1";"Vente";"120000.0";"17.0";"None";"AV FLEURS";"2460";"06000";"06088";"Nice";"06";"None";"None";"06088000KW0123";"None";"None";"233";"nan";"None";"nan";"None";"nan";"None";"None";"None";"None";"1";"4";"Local industriel. commercial ou assimilé";"3.0";"0.0";"None";"None";"None";"None";"nan";"7.253164";"43.697428";"000KW"
"2023-44896";"2023-02-07";"1";"Vente";"120000.0";"17.0";"None";"AV FLEURS";"2460";"06000";"06088";"Nice";"06";"None";"None";"06088000KW0123";"None";"None";"238";"nan";"None";"nan";"None";"nan";"None";"None";"None";"None";"1";"4";"Local industriel. commercial ou assimilé";"3.0";"0.0";"None";"None";"None";"None";"nan";"7.253164";"43.697428";"000KW"
"2023-44896";"2023-02-07";"1";"Vente";"120000.0";"17.0";"None";"AV FLEURS";"2460";"06000";"06088";"Nice";"06";"None";"None";"06088000KW0123";"None";"None";"230";"nan";"None";"nan";"None";"nan";"None";"None";"None";"None";"1";"4";"Local industriel. commercial ou assimilé";"4.0";"0.0";"None";"None";"None";"None";"nan";"7.253164";"43.697428";"000KW"
"2023-44896";"2023-02-07";"1";"Vente";"120000.0";"17.0";"None";"AV FLEURS";"2460";"06000";"06088";"Nice";"06";"None";"None";"06088000KW0123";"None";"None";"226";"nan";"None";"nan";"None";"nan";"None";"None";"None";"None";"1";"4";"Local industriel. commercial ou assimilé";"3.0";"0.0";"None";"None";"None";"None";"nan";"7.253164";"43.697428";"000KW"
"2023-44896";"2023-02-07";"1";"Vente";"120000.0";"17.0";"None";"AV FLEURS";"2460";"06000";"06088";"Nice";"06";"None";"None";"06088000KW0123";"None";"None";"266";"nan";"None";"nan";"None";"nan";"None";"None";"None";"None";"1";"4";"Local industriel. commercial ou assimilé";"3.0";"0.0";"None";"None";"None";"None";"nan";"7.253164";"43.697428";"000KW"
"2023-44896";"2023-02-07";"1";"Vente";"120000.0";"17.0";"None";"AV FLEURS";"2460";"06000";"06088";"Nice";"06";"None";"None";"06088000KW0123";"None";"None";"278";"nan";"None";"nan";"None";"nan";"None";"None";"None";"None";"1";"4";"Local industriel. commercial ou assimilé";"3.0";"0.0";"None";"None";"None";"None";"nan";"7.253164";"43.697428";"000KW"
"2023-44896";"2023-02-07";"1";"Vente";"120000.0";"17.0";"None";"AV FLEURS";"2460";"06000";"06088";"Nice";"06";"None";"None";"06088000KW0123";"None";"None";"271";"nan";"None";"nan";"None";"nan";"None";"None";"None";"None";"1";"4";"Local industriel. commercial ou assimilé";"3.0";"0.0";"None";"None";"None";"None";"nan";"7.253164";"43.697428";"000KW"
"2023-44896";"2023-02-07";"1";"Vente";"120000.0";"17.0";"None";"AV FLEURS";"2460";"06000";"06088";"Nice";"06";"None";"None";"06088000KW0123";"None";"None";"276";"nan";"None";"nan";"None";"nan";"None";"None";"None";"None";"1";"4";"Local industriel. commercial ou assimilé";"4.0";"0.0";"None";"None";"None";"None";"nan";"7.253164";"43.697428";"000KW"
"2023-44896";"2023-02-07";"1";"Vente";"120000.0";"17.0";"None";"AV FLEURS";"2460";"06000";"06088";"Nice";"06";"None";"None";"06088000KW0123";"None";"None";"225";"nan";"None";"nan";"None";"nan";"None";"None";"None";"None";"1";"4";"Local industriel. commercial ou assimilé";"1.0";"0.0";"None";"None";"None";"None";"nan";"7.253164";"43.697428";"000KW"
"2023-44896";"2023-02-07";"1";"Vente";"120000.0";"17.0";"None";"AV FLEURS";"2460";"06000";"06088";"Nice";"06";"None";"None";"06088000KW0123";"None";"None";"227";"nan";"None";"nan";"None";"nan";"None";"None";"None";"None";"1";"4";"Local industriel. commercial ou assimilé";"3.0";"0.0";"None";"None";"None";"None";"nan";"7.253164";"43.697428";"000KW"
"2023-44896";"2023-02-07";"1";"Vente";"120000.0";"17.0";"None";"AV FLEURS";"2460";"06000";"06088";"Nice";"06";"None";"None";"06088000KW0123";"None";"None";"228";"nan";"None";"nan";"None";"nan";"None";"None";"None";"None";"1";"4";"Local industriel. commercial ou assimilé";"3.0";"0.0";"None";"None";"None";"None";"nan";"7.253164";"43.697428";"000KW"
"2023-44896";"2023-02-07";"1";"Vente";"120000.0";"17.0";"None";"AV FLEURS";"2460";"06000";"06088";"Nice";"06";"None";"None";"06088000KW0123";"None";"None";"229";"nan";"None";"nan";"None";"nan";"None";"None";"None";"None";"1";"4";"Local industriel. commercial ou assimilé";"4.0";"0.0";"None";"None";"None";"None";"nan";"7.253164";"43.697428";"000KW"
"2023-44896";"2023-02-07";"1";"Vente";"120000.0";"17.0";"None";"AV FLEURS";"2460";"06000";"06088";"Nice";"06";"None";"None";"06088000KW0123";"None";"None";"231";"nan";"None";"nan";"None";"nan";"None";"None";"None";"None";"1";"4";"Local industriel. commercial ou assimilé";"7.0";"0.0";"None";"None";"None";"None";"nan";"7.253164";"43.697428";"000KW"
"2023-44896";"2023-02-07";"1";"Vente";"120000.0";"17.0";"None";"AV FLEURS";"2460";"06000";"06088";"Nice";"06";"None";"None";"06088000KW0123";"None";"None";"235";"nan";"None";"nan";"None";"nan";"None";"None";"None";"None";"1";"4";"Local industriel. commercial ou assimilé";"4.0";"0.0";"None";"None";"None";"None";"nan";"7.253164";"43.697428";"000KW"
"2023-44896";"2023-02-07";"1";"Vente";"120000.0";"17.0";"None";"AV FLEURS";"2460";"06000";"06088";"Nice";"06";"None";"None";"06088000KW0123";"None";"None";"273";"nan";"None";"nan";"None";"nan";"None";"None";"None";"None";"1";"4";"Local industriel. commercial ou assimilé";"4.0";"0.0";"None";"None";"None";"None";"nan";"7.253164";"43.697428";"000KW"
"2023-44896";"2023-02-07";"1";"Vente";"120000.0";"17.0";"None";"AV FLEURS";"2460";"06000";"06088";"Nice";"06";"None";"None";"06088000KW0123";"None";"None";"279";"nan";"None";"nan";"None";"nan";"None";"None";"None";"None";"1";"4";"Local industriel. commercial ou assimilé";"3.0";"0.0";"None";"None";"None";"None";"nan";"7.253164";"43.697428";"000KW"
"2023-44896";"2023-02-07";"1";"Vente";"120000.0";"17.0";"None";"AV FLEURS";"2460";"06000";"06088";"Nice";"06";"None";"None";"06088000KW0123";"None";"None";"274";"nan";"None";"nan";"None";"nan";"None";"None";"None";"None";"1";"4";"Local industriel. commercial ou assimilé";"2.0";"0.0";"None";"None";"None";"None";"nan";"7.253164";"43.697428";"000KW"
"2023-44981";"2023-02-06";"1";"Vente";"320000.0";"15.0";"None";"RUE BOTTERO";"0925";"06000";"06088";"Nice";"06";"None";"None";"06088000KW0220";"None";"None";"6";"nan";"None";"nan";"None";"nan";"None";"None";"None";"None";"1";"2";"Appartement";"70.0";"3.0";"None";"None";"None";"None";"nan";"7.254119";"43.696415";"000KW"
"2023-44569";"2023-02-03";"1";"Vente";"975000.0";"5.0";"None";"BD GAMBETTA";"2755";"06000";"06088";"Nice";"06";"None";"None";"06088000KW0446";"None";"None";"201";"nan";"None";"nan";"None";"nan";"None";"None";"None";"None";"1";"2";"Appartement";"94.0";"4.0";"None";"None";"None";"None";"nan";"7.255854";"43.694672";"000KW"
"2023-44569";"2023-02-03";"1";"Vente";"975000.0";"5.0";"None";"BD GAMBETTA";"2755";"06000";"06088";"Nice";"06";"None";"None";"06088000KW0446";"None";"None";"201";"nan";"None";"nan";"None";"nan";"None";"None";"None";"None";"1";"3";"Dépendance";"nan";"0.0";"None";"None";"None";"None";"nan";"7.255854";"43.694672";"000KW"
"2023-44569";"2023-02-03";"1";"Vente";"975000.0";"5.0";"None";"BD GAMBETTA";"2755";"06000";"06088";"Nice";"06";"None";"None";"06088000KW0446";"None";"None";"201";"nan";"None";"nan";"None";"nan";"None";"None";"None";"None";"1";"3";"Dépendance";"nan";"0.0";"None";"None";"None";"None";"nan";"7.255854";"43.694672";"000KW"
"2023-44869";"2023-02-03";"1";"Vente";"27000.0";"21.0";"None";"BD FRANCOIS GROSSO";"2630";"06000";"06088";"Nice";"06";"None";"None";"06088000KW0076";"None";"None";"263";"nan";"None";"nan";"None";"nan";"None";"None";"None";"None";"1";"3";"Dépendance";"nan";"0.0";"None";"None";"None";"None";"nan";"7.251171";"43.696065";"000KW"
"2023-45491";"2023-02-03";"1";"Vente";"21000.0";"76.0";"None";"AV DES BAUMETTES";"0660";"06000";"06088";"Nice";"06";"None";"None";"06088000KW0005";"None";"None";"675";"nan";"None";"nan";"None";"nan";"None";"None";"None";"None";"1";"3";"Dépendance";"nan";"0.0";"None";"None";"None";"None";"nan";"7.250071";"43.698297";"000KW"
"2023-44895";"2023-02-01";"1";"Vente";"230000.0";"28.0";"None";"BD FRANCOIS GROSSO";"2630";"06000";"06088";"Nice";"06";"None";"None";"06088000KW0362";"None";"None";"1011";"nan";"1100";"57.61";"None";"nan";"None";"None";"None";"None";"2";"2";"Appartement";"58.0";"2.0";"None";"None";"None";"None";"nan";"7.251748";"43.69738";"000KW"
"2023-45220";"2023-02-01";"1";"Vente";"135000.0";"49.0";"None";"BD FRANCOIS GROSSO";"2630";"06000";"06088";"Nice";"06";"None";"None";"06088000KW0095";"None";"None";"46";"39.29";"None";"nan";"None";"nan";"None";"None";"None";"None";"1";"2";"Appartement";"40.0";"2.0";"None";"None";"None";"None";"nan";"7.25106";"43.697415";"000KW"
"2023-45229";"2023-02-01";"1";"Vente";"610000.0";"95.0";"None";"RUE DE FRANCE";"2595";"06000";"06088";"Nice";"06";"None";"None";"06088000KW0247";"None";"None";"20";"nan";"None";"nan";"None";"nan";"None";"None";"None";"None";"1";"2";"Appartement";"129.0";"6.0";"None";"None";"None";"None";"nan";"7.255559";"43.69489";"000KW"
"2023-44895";"2023-02-01";"1";"Vente";"230000.0";"28.0";"None";"BD FRANCOIS GROSSO";"2630";"06000";"06088";"Nice";"06";"None";"None";"06088000KW0362";"None";"None";"1069";"nan";"None";"nan";"None";"nan";"None";"None";"None";"None";"1";"3";"Dépendance";"nan";"0.0";"None";"None";"None";"None";"nan";"7.251748";"43.69738";"000KW"
"2023-44895";"2023-02-01";"1";"Vente";"230000.0";"28.0";"None";"BD FRANCOIS GROSSO";"2630";"06000";"06088";"Nice";"06";"None";"None";"06088000KW0362";"None";"None";"1011";"nan";"1100";"57.61";"None";"nan";"None";"None";"None";"None";"2";"3";"Dépendance";"nan";"0.0";"None";"None";"None";"None";"nan";"7.251748";"43.69738";"000KW"
"2023-45229";"2023-02-01";"1";"Vente";"610000.0";"95.0";"None";"RUE DE FRANCE";"2595";"06000";"06088";"Nice";"06";"None";"None";"06088000KW0247";"None";"None";"20";"nan";"None";"nan";"None";"nan";"None";"None";"None";"None";"1";"3";"Dépendance";"nan";"0.0";"None";"None";"None";"None";"nan";"7.255559";"43.69489";"000KW"
"2023-44782";"2023-01-31";"1";"Vente";"235000.0";"39.0";"None";"BD FRANCOIS GROSSO";"2630";"06000";"06088";"Nice";"06";"None";"None";"06088000KW0091";"None";"None";"39";"nan";"6";"nan";"None";"nan";"None";"None";"None";"None";"2";"2";"Appartement";"50.0";"2.0";"None";"None";"None";"None";"nan";"7.251197";"43.696836";"000KW"
"2023-44782";"2023-01-31";"1";"Vente";"235000.0";"39.0";"None";"BD FRANCOIS GROSSO";"2630";"06000";"06088";"Nice";"06";"None";"None";"06088000KW0091";"None";"None";"39";"nan";"6";"nan";"None";"nan";"None";"None";"None";"None";"2";"3";"Dépendance";"nan";"0.0";"None";"None";"None";"None";"nan";"7.251197";"43.696836";"000KW"
"2023-44806";"2023-01-30";"1";"Vente";"839490.0";"6.0";"None";"AV DES ORANGERS";"4590";"06000";"06088";"Nice";"06";"None";"None";"06088000KW0127";"None";"None";"14PO";"nan";"1PO";"nan";"None";"nan";"None";"None";"None";"None";"2";"2";"Appartement";"125.0";"6.0";"None";"None";"None";"None";"nan";"7.254233";"43.697353";"000KW"
"2023-44806";"2023-01-30";"1";"Vente";"839490.0";"6.0";"None";"AV DES ORANGERS";"4590";"06000";"06088";"Nice";"06";"None";"None";"06088000KW0127";"None";"None";"14PO";"nan";"1PO";"nan";"None";"nan";"None";"None";"None";"None";"2";"3";"Dépendance";"nan";"0.0";"None";"None";"None";"None";"nan";"7.254233";"43.697353";"000KW"
"2023-44574";"2023-01-27";"1";"Vente";"440000.0";"20.0";"None";"RUE DANTE";"1835";"06000";"06088";"Nice";"06";"None";"None";"06088000KW0194";"None";"None";"21";"87.97";"None";"nan";"None";"nan";"None";"None";"None";"None";"1";"2";"Appartement";"86.0";"4.0";"None";"None";"None";"None";"nan";"7.25318";"43.69569";"000KW"
"2023-44574";"2023-01-27";"1";"Vente";"440000.0";"20.0";"None";"RUE DANTE";"1835";"06000";"06088";"Nice";"06";"None";"None";"06088000KW0194";"None";"None";"21";"87.97";"None";"nan";"None";"nan";"None";"None";"None";"None";"1";"3";"Dépendance";"nan";"0.0";"None";"None";"None";"None";"nan";"7.25318";"43.69569";"000KW"
"2023-45172";"2023-01-25";"1";"Vente";"48000.0";"27.0";"None";"AV FLEURS";"2460";"06000";"06088";"Nice";"06";"None";"None";"06088000KW0108";"None";"None";"112";"nan";"None";"nan";"None";"nan";"None";"None";"None";"None";"1";"3";"Dépendance";"nan";"0.0";"None";"None";"None";"None";"nan";"7.251754";"43.697744";"000KW"
"2023-44479";"2023-01-24";"1";"Vente";"10000.0";"4.0";"B";"RUE SAINT PHILIPPE";"5895";"06000";"06088";"Nice";"06";"None";"None";"06088000KW0252";"None";"None";"21B";"nan";"None";"nan";"None";"nan";"None";"None";"None";"None";"1";"2";"Appartement";"9.0";"1.0";"None";"None";"None";"None";"nan";"7.255928";"43.694042";"000KW"
"2023-45356";"2023-01-24";"1";"Vente";"320000.0";"17.0";"None";"RUE ALEXIS MOSSA";"0094";"06000";"06088";"Nice";"06";"None";"None";"06088000KW0184";"None";"None";"12";"nan";"2";"nan";"None";"nan";"None";"None";"None";"None";"2";"2";"Appartement";"67.0";"3.0";"None";"None";"None";"None";"nan";"7.252134";"43.695859";"000KW"
"2023-45356";"2023-01-24";"1";"Vente";"320000.0";"17.0";"None";"RUE ALEXIS MOSSA";"0094";"06000";"06088";"Nice";"06";"None";"None";"06088000KW0184";"None";"None";"12";"nan";"2";"nan";"None";"nan";"None";"None";"None";"None";"2";"3";"Dépendance";"nan";"0.0";"None";"None";"None";"None";"nan";"7.252134";"43.695859";"000KW"
"2023-43953";"2023-01-19";"1";"Vente";"357000.0";"11.0";"B";"AV FLEURS";"2460";"06000";"06088";"Nice";"06";"None";"None";"06088000KW0125";"None";"None";"32";"nan";"83";"62.0";"None";"nan";"None";"None";"None";"None";"2";"2";"Appartement";"55.0";"2.0";"None";"None";"None";"None";"nan";"7.253698";"43.697412";"000KW"
"2023-43953";"2023-01-19";"1";"Vente";"357000.0";"11.0";"B";"AV FLEURS";"2460";"06000";"06088";"Nice";"06";"None";"None";"06088000KW0125";"None";"None";"32";"nan";"83";"62.0";"None";"nan";"None";"None";"None";"None";"2";"3";"Dépendance";"nan";"0.0";"None";"None";"None";"None";"nan";"7.253698";"43.697412";"000KW"
"2023-44961";"2023-01-16";"1";"Vente";"427700.0";"13.0";"None";"RUE DANTE";"1835";"06000";"06088";"Nice";"06";"None";"None";"06088000KW0299";"None";"None";"29";"nan";"90";"nan";"None";"nan";"None";"None";"None";"None";"2";"2";"Appartement";"68.0";"2.0";"None";"None";"None";"None";"nan";"7.253871";"43.695389";"000KW"
"2023-44961";"2023-01-16";"1";"Vente";"427700.0";"13.0";"None";"RUE DANTE";"1835";"06000";"06088";"Nice";"06";"None";"None";"06088000KW0299";"None";"None";"29";"nan";"90";"nan";"None";"nan";"None";"None";"None";"None";"2";"3";"Dépendance";"nan";"0.0";"None";"None";"None";"None";"nan";"7.253871";"43.695389";"000KW"
"2023-44025";"2023-01-13";"1";"Vente";"80000.0";"4.0";"None";"BD FRANCOIS GROSSO";"2630";"06000";"06088";"Nice";"06";"None";"None";"06088000KW0318";"None";"None";"30";"18.0";"None";"nan";"None";"nan";"None";"None";"None";"None";"1";"2";"Appartement";"20.0";"1.0";"None";"None";"None";"None";"nan";"7.252322";"43.694771";"000KW"
"2023-43822";"2023-01-12";"1";"Vente";"331000.0";"13.0";"None";"RUE DANTE";"1835";"06000";"06088";"Nice";"06";"None";"None";"06088000KW0299";"None";"None";"51";"nan";"93";"51.41";"None";"nan";"None";"None";"None";"None";"2";"2";"Appartement";"51.0";"2.0";"None";"None";"None";"None";"nan";"7.253871";"43.695389";"000KW"
"2023-43822";"2023-01-12";"1";"Vente";"331000.0";"13.0";"None";"RUE DANTE";"1835";"06000";"06088";"Nice";"06";"None";"None";"06088000KW0299";"None";"None";"51";"nan";"93";"51.41";"None";"nan";"None";"None";"None";"None";"2";"3";"Dépendance";"nan";"0.0";"None";"None";"None";"None";"nan";"7.253871";"43.695389";"000KW"
"2023-43768";"2023-01-10";"1";"Vente";"170000.0";"90.0";"None";"RUE DE FRANCE";"2595";"06000";"06088";"Nice";"06";"None";"None";"06088000KW0369";"None";"None";"1077";"nan";"None";"nan";"None";"nan";"None";"None";"None";"None";"1";"2";"Appartement";"28.0";"1.0";"None";"None";"None";"None";"nan";"7.252761";"43.694482";"000KW"
"2023-43906";"2023-01-09";"1";"Vente";"202400.0";"37.0";"None";"BD FRANCOIS GROSSO";"2630";"06000";"06088";"Nice";"06";"None";"None";"06088000KW0089";"None";"None";"53";"nan";"None";"nan";"None";"nan";"None";"None";"None";"None";"1";"2";"Appartement";"36.0";"2.0";"None";"None";"None";"None";"nan";"7.250929";"43.696539";"000KW"
"2023-44049";"2023-01-09";"1";"Vente";"33000.0";"18.0";"None";"RUE BOTTERO";"0925";"06000";"06088";"Nice";"06";"None";"None";"06088000KW0330";"None";"None";"9";"nan";"None";"nan";"None";"nan";"None";"None";"None";"None";"1";"3";"Dépendance";"nan";"0.0";"None";"None";"None";"None";"nan";"7.253225";"43.69672";"000KW"
"2023-43818";"2023-01-06";"1";"Vente";"130000.0";"15.0";"B";"AV DES ORANGERS";"4590";"06000";"06088";"Nice";"06";"None";"None";"06088000KW0341";"None";"None";"14";"nan";"49";"20.55";"None";"nan";"None";"None";"None";"None";"2";"2";"Appartement";"20.0";"1.0";"None";"None";"None";"None";"nan";"7.253267";"43.696923";"000KW"
"2023-43818";"2023-01-06";"1";"Vente";"130000.0";"15.0";"B";"AV DES ORANGERS";"4590";"06000";"06088";"Nice";"06";"None";"None";"06088000KW0341";"None";"None";"14";"nan";"49";"20.55";"None";"nan";"None";"None";"None";"None";"2";"3";"Dépendance";"nan";"0.0";"None";"None";"None";"None";"nan";"7.253267";"43.696923";"000KW"
"2023-43629";"2023-01-05";"1";"Vente";"167000.0";"30.0";"None";"RUE SAINT PHILIPPE";"5895";"06000";"06088";"Nice";"06";"None";"None";"06088000KW0487";"None";"None";"3";"nan";"None";"nan";"None";"nan";"None";"None";"None";"None";"1";"2";"Appartement";"31.0";"1.0";"None";"None";"None";"None";"nan";"7.25522";"43.696505";"000KW"
"2023-43998";"2023-01-05";"1";"Vente";"225000.0";"4.0";"None";"RUE ALEXIS MOSSA";"0094";"06000";"06088";"Nice";"06";"None";"None";"06088000KW0200";"None";"None";"6";"59.02";"None";"nan";"None";"nan";"None";"None";"None";"None";"1";"2";"Appartement";"65.0";"2.0";"None";"None";"None";"None";"nan";"7.253455";"43.696245";"000KW"
"2023-44369";"2023-01-04";"1";"Vente";"11822250.0";"4.0";"None";"RUE JOSEPH FRICERO";"3470";"06000";"06088";"Nice";"06";"None";"None";"06088000KW0267";"None";"None";"15";"nan";"16";"nan";"None";"nan";"None";"None";"None";"None";"2";"4";"Local industriel. commercial ou assimilé";"55.0";"0.0";"None";"None";"None";"None";"nan";"7.254606";"43.695382";"000KW"
"2023-44369";"2023-01-04";"1";"Vente";"11822250.0";"4.0";"None";"RUE JOSEPH FRICERO";"3470";"06000";"06088";"Nice";"06";"None";"None";"06088000KW0267";"None";"None";"21";"nan";"22";"nan";"None";"nan";"None";"None";"None";"None";"2";"4";"Local industriel. commercial ou assimilé";"96.0";"0.0";"None";"None";"None";"None";"nan";"7.254606";"43.695382";"000KW"
"2023-44369";"2023-01-04";"1";"Vente";"11822250.0";"4.0";"None";"RUE JOSEPH FRICERO";"3470";"06000";"06088";"Nice";"06";"None";"None";"06088000KW0267";"None";"None";"17";"nan";"18";"nan";"None";"nan";"None";"None";"None";"None";"2";"4";"Local industriel. commercial ou assimilé";"96.0";"0.0";"None";"None";"None";"None";"nan";"7.254606";"43.695382";"000KW"
"2023-44369";"2023-01-04";"1";"Vente";"11822250.0";"4.0";"None";"RUE JOSEPH FRICERO";"3470";"06000";"06088";"Nice";"06";"None";"None";"06088000KW0267";"None";"None";"12";"nan";"13";"nan";"None";"nan";"None";"None";"None";"None";"2";"4";"Local industriel. commercial ou assimilé";"96.0";"0.0";"None";"None";"None";"None";"nan";"7.254606";"43.695382";"000KW"
"2023-43730";"2023-01-03";"1";"Vente";"140000.0";"4.0";"None";"RUE JOSEPH FRICERO";"3470";"06000";"06088";"Nice";"06";"None";"None";"06088000KW0267";"None";"None";"7";"nan";"8";"48.31";"None";"nan";"None";"None";"None";"None";"2";"2";"Appartement";"47.0";"2.0";"None";"None";"None";"None";"nan";"7.254606";"43.695382";"000KW"
"2022-71633";"2022-12-30";"1";"Vente";"17000.0";"12.0";"None";"RUE BOTTERO";"0925";"06000";"06088";"Nice";"06";"None";"None";"06088000KW0143";"None";"None";"4";"nan";"None";"nan";"None";"nan";"None";"None";"None";"None";"1";"3";"Dépendance";"nan";"0.0";"None";"None";"None";"None";"nan";"7.254062";"43.696768";"000KW"
"2022-71123";"2022-12-29";"1";"Vente";"679000.0";"16.0";"None";"AV DES BAUMETTES";"0660";"06000";"06088";"Nice";"06";"None";"None";"06088000KW0080";"None";"None";"25";"nan";"None";"nan";"None";"nan";"None";"None";"None";"None";"1";"2";"Appartement";"101.0";"5.0";"None";"None";"None";"None";"nan";"7.250366";"43.695706";"000KW"
"2022-71616";"2022-12-29";"1";"Vente";"103000.0";"27.0";"None";"AV FLEURS";"2460";"06000";"06088";"Nice";"06";"None";"None";"06088000KW0108";"None";"None";"44";"nan";"None";"nan";"None";"nan";"None";"None";"None";"None";"1";"2";"Appartement";"31.0";"1.0";"None";"None";"None";"None";"nan";"7.251754";"43.697744";"000KW"
"2022-71461";"2022-12-29";"1";"Vente en l'état futur d'achèvement";"65000.0";"18.0";"None";"AV LOUIS COCHOIS";"3740";"06000";"06088";"Nice";"06";"None";"None";"06088000KW0596";"None";"None";"111";"nan";"None";"nan";"None";"nan";"None";"None";"None";"None";"1";"3";"Dépendance";"nan";"0.0";"None";"None";"None";"None";"nan";"7.250141";"43.697016";"000KW"
"2022-70949";"2022-12-28";"1";"Vente";"129000.0";"90.0";"None";"RUE DE FRANCE";"2595";"06000";"06088";"Nice";"06";"None";"None";"06088000KW0369";"None";"None";"1129";"17.53";"None";"nan";"None";"nan";"None";"None";"None";"None";"1";"2";"Appartement";"17.0";"1.0";"None";"None";"None";"None";"nan";"7.252761";"43.694482";"000KW"
"2022-70954";"2022-12-28";"1";"Vente";"232000.0";"28.0";"None";"RUE BOTTERO";"0925";"06000";"06088";"Nice";"06";"None";"None";"06088000KW0439";"None";"None";"101";"34.29";"None";"nan";"None";"nan";"None";"None";"None";"None";"1";"2";"Appartement";"34.0";"2.0";"None";"None";"None";"None";"nan";"7.252368";"43.696615";"000KW"
"2022-70685";"2022-12-27";"1";"Vente";"155000.0";"11.0";"B";"AV FLEURS";"2460";"06000";"06088";"Nice";"06";"None";"None";"06088000KW0125";"None";"None";"10";"nan";"74";"nan";"None";"nan";"None";"None";"None";"None";"2";"2";"Appartement";"27.0";"1.0";"None";"None";"None";"None";"nan";"7.253698";"43.697412";"000KW"
"2022-71618";"2022-12-27";"1";"Vente";"480000.0";"105.0";"None";"RUE DE FRANCE";"2595";"06000";"06088";"Nice";"06";"None";"None";"06088000KW0256";"None";"None";"7";"nan";"None";"nan";"None";"nan";"None";"None";"None";"None";"1";"2";"Appartement";"112.0";"5.0";"None";"None";"None";"None";"nan";"7.254987";"43.694721";"000KW"
"2022-70685";"2022-12-27";"1";"Vente";"155000.0";"11.0";"B";"AV FLEURS";"2460";"06000";"06088";"Nice";"06";"None";"None";"06088000KW0125";"None";"None";"10";"nan";"74";"nan";"None";"nan";"None";"None";"None";"None";"2";"3";"Dépendance";"nan";"0.0";"None";"None";"None";"None";"nan";"7.253698";"43.697412";"000KW"
"2022-71618";"2022-12-27";"1";"Vente";"480000.0";"105.0";"None";"RUE DE FRANCE";"2595";"06000";"06088";"Nice";"06";"None";"None";"06088000KW0256";"None";"None";"7";"nan";"None";"nan";"None";"nan";"None";"None";"None";"None";"1";"3";"Dépendance";"nan";"0.0";"None";"None";"None";"None";"nan";"7.254987";"43.694721";"000KW"
"2022-70919";"2022-12-22";"1";"Vente";"400000.0";"13.0";"None";"AV DES ORANGERS";"4590";"06000";"06088";"Nice";"06";"None";"None";"06088000KW0148";"None";"None";"23";"nan";"36";"nan";"None";"nan";"None";"None";"None";"None";"2";"2";"Appartement";"68.0";"2.0";"None";"None";"None";"None";"nan";"7.253683";"43.696865";"000KW"
"2022-71564";"2022-12-22";"1";"Vente";"171000.0";"15.0";"None";"RUE ANDRIOLI";"0230";"06000";"06088";"Nice";"06";"None";"None";"06088000KW0198";"None";"None";"50A";"nan";"5A";"nan";"None";"nan";"None";"None";"None";"None";"2";"2";"Appartement";"36.0";"1.0";"None";"None";"None";"None";"nan";"7.253622";"43.695971";"000KW"
"2022-71175";"2022-12-22";"1";"Vente";"70000.0";"27.0";"None";"AV FLEURS";"2460";"06000";"06088";"Nice";"06";"None";"None";"06088000KW0108";"None";"None";"118";"nan";"None";"nan";"None";"nan";"None";"None";"None";"None";"1";"3";"Dépendance";"nan";"0.0";"None";"None";"None";"None";"nan";"7.251754";"43.697744";"000KW"
"2022-71277";"2022-12-22";"1";"Vente";"235000.0";"21.0";"None";"BD FRANCOIS GROSSO";"2630";"06000";"06088";"Nice";"06";"None";"None";"06088000KW0076";"None";"None";"193";"nan";"None";"nan";"None";"nan";"None";"None";"None";"None";"1";"3";"Dépendance";"nan";"0.0";"None";"None";"None";"None";"nan";"7.251171";"43.696065";"000KW"
"2022-71564";"2022-12-22";"1";"Vente";"171000.0";"15.0";"None";"RUE ANDRIOLI";"0230";"06000";"06088";"Nice";"06";"None";"None";"06088000KW0198";"None";"None";"50A";"nan";"5A";"nan";"None";"nan";"None";"None";"None";"None";"2";"3";"Dépendance";"nan";"0.0";"None";"None";"None";"None";"nan";"7.253622";"43.695971";"000KW"
"2022-71327";"2022-12-21";"1";"Vente";"93000.0";"10.0";"None";"RUE SAINT PHILIPPE";"5895";"06000";"06088";"Nice";"06";"None";"None";"06088000KW0446";"None";"None";"90";"nan";"None";"nan";"None";"nan";"None";"None";"None";"None";"1";"3";"Dépendance";"nan";"0.0";"None";"None";"None";"None";"nan";"7.255854";"43.694672";"000KW"
"2022-71327";"2022-12-21";"1";"Vente";"93000.0";"10.0";"None";"RUE SAINT PHILIPPE";"5895";"06000";"06088";"Nice";"06";"None";"None";"06088000KW0446";"None";"None";"91";"nan";"None";"nan";"None";"nan";"None";"None";"None";"None";"1";"3";"Dépendance";"nan";"0.0";"None";"None";"None";"None";"nan";"7.255854";"43.694672";"000KW"
"2022-70693";"2022-12-20";"1";"Vente";"177900.0";"13.0";"None";"AV DES ORANGERS";"4590";"06000";"06088";"Nice";"06";"None";"None";"06088000KW0148";"None";"None";"15";"nan";"39";"nan";"None";"nan";"None";"None";"None";"None";"2";"2";"Appartement";"32.0";"1.0";"None";"None";"None";"None";"nan";"7.253683";"43.696865";"000KW"
"2022-70691";"2022-12-20";"1";"Vente";"60000.0";"10.0";"None";"RUE SAINT PHILIPPE";"5895";"06000";"06088";"Nice";"06";"None";"None";"06088000KW0446";"None";"None";"267";"nan";"None";"nan";"None";"nan";"None";"None";"None";"None";"1";"3";"Dépendance";"nan";"0.0";"None";"None";"None";"None";"nan";"7.255854";"43.694672";"000KW"
"2022-70693";"2022-12-20";"1";"Vente";"177900.0";"13.0";"None";"AV DES ORANGERS";"4590";"06000";"06088";"Nice";"06";"None";"None";"06088000KW0148";"None";"None";"15";"nan";"39";"nan";"None";"nan";"None";"None";"None";"None";"2";"3";"Dépendance";"nan";"0.0";"None";"None";"None";"None";"nan";"7.253683";"43.696865";"000KW"
"2022-71113";"2022-12-20";"1";"Vente";"32000.0";"18.0";"None";"AV LOUIS COCHOIS";"3740";"06000";"06088";"Nice";"06";"None";"None";"06088000KW0596";"None";"None";"102";"nan";"None";"nan";"None";"nan";"None";"None";"None";"None";"1";"3";"Dépendance";"nan";"0.0";"None";"None";"None";"None";"nan";"7.250141";"43.697016";"000KW"
"2022-71325";"2022-12-19";"1";"Vente";"565000.0";"9.0";"T";"AV FLEURS";"2460";"06000";"06088";"Nice";"06";"None";"None";"06088000KW0127";"None";"None";"5MR";"104.3";"63MR";"nan";"None";"nan";"None";"None";"None";"None";"2";"2";"Appartement";"108.0";"4.0";"None";"None";"None";"None";"nan";"7.254233";"43.697353";"000KW"
"2022-71012";"2022-12-19";"1";"Vente";"49000.0";"27.0";"None";"AV FLEURS";"2460";"06000";"06088";"Nice";"06";"None";"None";"06088000KW0108";"None";"None";"101";"nan";"None";"nan";"None";"nan";"None";"None";"None";"None";"1";"3";"Dépendance";"nan";"0.0";"None";"None";"None";"None";"nan";"7.251754";"43.697744";"000KW"
"2022-71325";"2022-12-19";"1";"Vente";"565000.0";"9.0";"T";"AV FLEURS";"2460";"06000";"06088";"Nice";"06";"None";"None";"06088000KW0127";"None";"None";"5MR";"104.3";"63MR";"nan";"None";"nan";"None";"None";"None";"None";"2";"3";"Dépendance";"nan";"0.0";"None";"None";"None";"None";"nan";"7.254233";"43.697353";"000KW"
"2022-70241";"2022-12-16";"1";"Vente";"405000.0";"14.0";"None";"AV LOUIS COCHOIS";"3740";"06000";"06088";"Nice";"06";"None";"None";"06088000KW0011";"None";"None";"79";"nan";"97";"nan";"None";"nan";"None";"None";"None";"None";"2";"2";"Appartement";"61.0";"3.0";"None";"None";"None";"None";"nan";"7.250085";"43.697442";"000KW"
"2022-70310";"2022-12-16";"1";"Vente";"340000.0";"76.0";"None";"AV BAUMETTES PANORAMIC";"0665";"06000";"06088";"Nice";"06";"None";"None";"06088000KW0005";"None";"None";"490";"nan";"556";"nan";"None";"nan";"None";"None";"None";"None";"2";"2";"Appartement";"70.0";"3.0";"None";"None";"None";"None";"nan";"7.250071";"43.698297";"000KW"
"2022-70311";"2022-12-16";"1";"Vente";"240000.0";"12.0";"None";"AV LOUIS COCHOIS";"3740";"06000";"06088";"Nice";"06";"None";"None";"06088000KW0010";"None";"None";"18";"nan";"None";"nan";"None";"nan";"None";"None";"None";"None";"1";"2";"Appartement";"47.0";"2.0";"None";"None";"None";"None";"nan";"7.250258";"43.697837";"000KW"
"2022-70348";"2022-12-16";"1";"Vente";"165000.0";"42.0";"None";"RUE DES POTIERS";"5225";"06000";"06088";"Nice";"06";"None";"None";"06088000KW0118";"None";"None";"13";"nan";"28";"nan";"None";"nan";"None";"None";"None";"None";"2";"2";"Appartement";"52.0";"2.0";"None";"None";"None";"None";"nan";"7.252555";"43.697303";"000KW"
"2022-71239";"2022-12-16";"1";"Vente";"162000.0";"27.0";"None";"RUE DES POTIERS";"5225";"06000";"06088";"Nice";"06";"None";"None";"06088000KW0356";"None";"None";"19";"22.52";"None";"nan";"None";"nan";"None";"None";"None";"None";"1";"2";"Appartement";"23.0";"1.0";"None";"None";"None";"None";"nan";"7.252576";"43.695881";"000KW"
"2022-70241";"2022-12-16";"1";"Vente";"405000.0";"14.0";"None";"AV LOUIS COCHOIS";"3740";"06000";"06088";"Nice";"06";"None";"None";"06088000KW0011";"None";"None";"79";"nan";"97";"nan";"None";"nan";"None";"None";"None";"None";"2";"3";"Dépendance";"nan";"0.0";"None";"None";"None";"None";"nan";"7.250085";"43.697442";"000KW"
"2022-70241";"2022-12-16";"1";"Vente";"405000.0";"14.0";"None";"AV LOUIS COCHOIS";"3740";"06000";"06088";"Nice";"06";"None";"None";"06088000KW0011";"None";"None";"20";"nan";"None";"nan";"None";"nan";"None";"None";"None";"None";"1";"3";"Dépendance";"nan";"0.0";"None";"None";"None";"None";"nan";"7.250085";"43.697442";"000KW"
"2022-70241";"2022-12-16";"1";"Vente";"405000.0";"14.0";"None";"AV LOUIS COCHOIS";"3740";"06000";"06088";"Nice";"06";"None";"None";"06088000KW0011";"None";"None";"19";"nan";"None";"nan";"None";"nan";"None";"None";"None";"None";"1";"3";"Dépendance";"nan";"0.0";"None";"None";"None";"None";"nan";"7.250085";"43.697442";"000KW"
"2022-70310";"2022-12-16";"1";"Vente";"340000.0";"76.0";"None";"AV BAUMETTES PANORAMIC";"0665";"06000";"06088";"Nice";"06";"None";"None";"06088000KW0005";"None";"None";"490";"nan";"556";"nan";"None";"nan";"None";"None";"None";"None";"2";"3";"Dépendance";"nan";"0.0";"None";"None";"None";"None";"nan";"7.250071";"43.698297";"000KW"
"2022-70311";"2022-12-16";"1";"Vente";"240000.0";"12.0";"None";"AV LOUIS COCHOIS";"3740";"06000";"06088";"Nice";"06";"None";"None";"06088000KW0010";"None";"None";"18";"nan";"None";"nan";"None";"nan";"None";"None";"None";"None";"1";"3";"Dépendance";"nan";"0.0";"None";"None";"None";"None";"nan";"7.250258";"43.697837";"000KW"
"2022-70348";"2022-12-16";"1";"Vente";"165000.0";"42.0";"None";"RUE DES POTIERS";"5225";"06000";"06088";"Nice";"06";"None";"None";"06088000KW0118";"None";"None";"13";"nan";"28";"nan";"None";"nan";"None";"None";"None";"None";"2";"3";"Dépendance";"nan";"0.0";"None";"None";"None";"None";"nan";"7.252555";"43.697303";"000KW"
"2022-71007";"2022-12-16";"1";"Vente";"35000.0";"21.0";"None";"BD FRANCOIS GROSSO";"2630";"06000";"06088";"Nice";"06";"None";"None";"06088000KW0076";"None";"None";"194";"nan";"None";"nan";"None";"nan";"None";"None";"None";"None";"1";"3";"Dépendance";"nan";"0.0";"None";"None";"None";"None";"nan";"7.251171";"43.696065";"000KW"
"2022-70392";"2022-12-15";"1";"Vente";"335000.0";"1.0";"None";"RUE BOTTERO";"0925";"06000";"06088";"Nice";"06";"None";"None";"06088000KW0233";"None";"None";"37";"nan";"None";"nan";"None";"nan";"None";"None";"None";"None";"1";"2";"Appartement";"64.0";"2.0";"None";"None";"None";"None";"nan";"7.255744";"43.696544";"000KW"
"2022-70700";"2022-12-14";"1";"Vente";"313000.0";"22.0";"None";"RUE BOTTERO";"0925";"06000";"06088";"Nice";"06";"None";"None";"06088000KW0153";"None";"None";"249";"nan";"61";"nan";"None";"nan";"None";"None";"None";"None";"2";"2";"Appartement";"58.0";"2.0";"None";"None";"None";"None";"nan";"7.252797";"43.696798";"000KW"
"2022-70700";"2022-12-14";"1";"Vente";"313000.0";"22.0";"None";"RUE BOTTERO";"0925";"06000";"06088";"Nice";"06";"None";"None";"06088000KW0153";"None";"None";"249";"nan";"61";"nan";"None";"nan";"None";"None";"None";"None";"2";"3";"Dépendance";"nan";"0.0";"None";"None";"None";"None";"nan";"7.252797";"43.696798";"000KW"
"2022-70459";"2022-12-14";"1";"Vente";"730000.0";"17.0";"None";"AV FLEURS";"2460";"06000";"06088";"Nice";"06";"None";"None";"06088000KW0123";"None";"None";"162";"nan";"None";"nan";"None";"nan";"None";"None";"None";"None";"1";"4";"Local industriel. commercial ou assimilé";"9.0";"0.0";"None";"None";"None";"None";"nan";"7.253164";"43.697428";"000KW"
"2022-70963";"2022-12-13";"1";"Vente";"163000.0";"27.0";"None";"AV FLEURS";"2460";"06000";"06088";"Nice";"06";"None";"None";"06088000KW0108";"None";"None";"42";"nan";"None";"nan";"None";"nan";"None";"None";"None";"None";"1";"2";"Appartement";"32.0";"1.0";"None";"None";"None";"None";"nan";"7.251754";"43.697744";"000KW"
"2022-69747";"2022-12-12";"1";"Vente";"110000.0";"19.0";"None";"AV DES ORANGERS";"4590";"06000";"06088";"Nice";"06";"None";"None";"06088000KW0153";"None";"None";"101";"nan";"224";"33.19";"None";"nan";"None";"None";"None";"None";"2";"2";"Appartement";"35.0";"1.0";"None";"None";"None";"None";"nan";"7.252797";"43.696798";"000KW"
"2022-70206";"2022-12-12";"1";"Vente";"62500.0";"70.0";"None";"AV DES BAUMETTES";"0660";"06000";"06088";"Nice";"06";"None";"None";"06088000KW0404";"None";"None";"6";"19.42";"None";"nan";"None";"nan";"None";"None";"None";"None";"1";"2";"Appartement";"16.0";"1.0";"None";"None";"None";"None";"nan";"7.248825";"43.697749";"000KW"
"2022-70173";"2022-12-09";"1";"Vente";"220000.0";"66.0";"None";"RUE DE FRANCE";"2595";"06000";"06088";"Nice";"06";"None";"None";"06088000KW0239";"None";"None";"48";"nan";"54";"nan";"None";"nan";"None";"None";"None";"None";"2";"2";"Appartement";"41.0";"2.0";"None";"None";"None";"None";"nan";"7.25562";"43.695298";"000KW"
"2022-70173";"2022-12-09";"1";"Vente";"220000.0";"66.0";"None";"RUE DE FRANCE";"2595";"06000";"06088";"Nice";"06";"None";"None";"06088000KW0239";"None";"None";"48";"nan";"54";"nan";"None";"nan";"None";"None";"None";"None";"2";"3";"Dépendance";"nan";"0.0";"None";"None";"None";"None";"nan";"7.25562";"43.695298";"000KW"
"2022-70690";"2022-12-09";"1";"Vente";"35000.0";"21.0";"None";"BD FRANCOIS GROSSO";"2630";"06000";"06088";"Nice";"06";"None";"None";"06088000KW0076";"None";"None";"196";"nan";"None";"nan";"None";"nan";"None";"None";"None";"None";"1";"3";"Dépendance";"nan";"0.0";"None";"None";"None";"None";"nan";"7.251171";"43.696065";"000KW"
"2022-69751";"2022-12-08";"1";"Vente";"240000.0";"47.0";"None";"BD FRANCOIS GROSSO";"2630";"06000";"06088";"Nice";"06";"None";"None";"06088000KW0094";"None";"None";"18";"nan";"5";"56.77";"None";"nan";"None";"None";"None";"None";"2";"2";"Appartement";"55.0";"2.0";"None";"None";"None";"None";"nan";"7.251098";"43.697255";"000KW"
"2022-70830";"2022-12-06";"1";"Vente";"9000.0";"111.0";"None";"RUE DE FRANCE";"2595";"06000";"06088";"Nice";"06";"None";"None";"06088000KW0519";"None";"None";"2";"nan";"None";"nan";"None";"nan";"None";"None";"None";"None";"1";"2";"Appartement";"124.0";"5.0";"None";"None";"None";"None";"nan";"7.253533";"43.694288";"000KW"
"2022-70830";"2022-12-06";"1";"Vente";"9000.0";"111.0";"None";"RUE DE FRANCE";"2595";"06000";"06088";"Nice";"06";"None";"None";"06088000KW0519";"None";"None";"2";"nan";"None";"nan";"None";"nan";"None";"None";"None";"None";"1";"3";"Dépendance";"nan";"0.0";"None";"None";"None";"None";"nan";"7.253533";"43.694288";"000KW"
"2022-69823";"2022-12-05";"1";"Vente";"277730.0";"52.0";"None";"AV CHATEAU DE LA TOUR";"1355";"06000";"06088";"Nice";"06";"None";"None";"06088000KW0014";"None";"None";"24";"nan";"58";"51.68";"None";"nan";"None";"None";"None";"None";"2";"2";"Appartement";"44.0";"2.0";"None";"None";"None";"None";"nan";"7.24944";"43.696588";"000KW"
"2022-70548";"2022-12-05";"1";"Vente";"126481.0";"7.0";"None";"BD FRANCOIS GROSSO";"2630";"06000";"06088";"Nice";"06";"None";"None";"06088000KW0068";"None";"None";"50";"nan";"None";"nan";"None";"nan";"None";"None";"None";"None";"1";"2";"Appartement";"45.0";"1.0";"None";"None";"None";"None";"nan";"7.251621";"43.69524";"000KW"
"2022-69823";"2022-12-05";"1";"Vente";"277730.0";"52.0";"None";"AV CHATEAU DE LA TOUR";"1355";"06000";"06088";"Nice";"06";"None";"None";"06088000KW0014";"None";"None";"24";"nan";"58";"51.68";"None";"nan";"None";"None";"None";"None";"2";"3";"Dépendance";"nan";"0.0";"None";"None";"None";"None";"nan";"7.24944";"43.696588";"000KW"
"2022-70548";"2022-12-05";"1";"Vente";"126481.0";"7.0";"None";"BD FRANCOIS GROSSO";"2630";"06000";"06088";"Nice";"06";"None";"None";"06088000KW0068";"None";"None";"50";"nan";"None";"nan";"None";"nan";"None";"None";"None";"None";"1";"3";"Dépendance";"nan";"0.0";"None";"None";"None";"None";"nan";"7.251621";"43.69524";"000KW"
"2022-70147";"2022-12-02";"1";"Vente";"1269800.0";"14.0";"None";"AV LOUIS COCHOIS";"3740";"06000";"06088";"Nice";"06";"None";"None";"06088000KW0011";"None";"None";"110";"nan";"81";"nan";"82";"nan";"83";"None";"None";"None";"4";"2";"Appartement";"143.0";"4.0";"None";"None";"None";"None";"nan";"7.250085";"43.697442";"000KW"
"2022-69588";"2022-12-02";"1";"Vente";"5500.0";"28.0";"None";"RUE BOTTERO";"0925";"06000";"06088";"Nice";"06";"None";"None";"06088000KW0439";"None";"None";"53";"nan";"None";"nan";"None";"nan";"None";"None";"None";"None";"1";"3";"Dépendance";"nan";"0.0";"None";"None";"None";"None";"nan";"7.252368";"43.696615";"000KW"
"2022-70147";"2022-12-02";"1";"Vente";"1269800.0";"14.0";"None";"AV LOUIS COCHOIS";"3740";"06000";"06088";"Nice";"06";"None";"None";"06088000KW0011";"None";"None";"110";"nan";"81";"nan";"82";"nan";"83";"None";"None";"None";"4";"3";"Dépendance";"nan";"0.0";"None";"None";"None";"None";"nan";"7.250085";"43.697442";"000KW"
"2022-70147";"2022-12-02";"1";"Vente";"1269800.0";"14.0";"None";"AV LOUIS COCHOIS";"3740";"06000";"06088";"Nice";"06";"None";"None";"06088000KW0011";"None";"None";"16";"nan";"None";"nan";"None";"nan";"None";"None";"None";"None";"1";"3";"Dépendance";"nan";"0.0";"None";"None";"None";"None";"nan";"7.250085";"43.697442";"000KW"
"2022-70147";"2022-12-02";"1";"Vente";"1269800.0";"14.0";"None";"AV LOUIS COCHOIS";"3740";"06000";"06088";"Nice";"06";"None";"None";"06088000KW0011";"None";"None";"17";"nan";"None";"nan";"None";"nan";"None";"None";"None";"None";"1";"3";"Dépendance";"nan";"0.0";"None";"None";"None";"None";"nan";"7.250085";"43.697442";"000KW"
"2022-70199";"2022-12-01";"1";"Vente";"285000.0";"14.0";"None";"AV LOUIS COCHOIS";"3740";"06000";"06088";"Nice";"06";"None";"None";"06088000KW0011";"None";"None";"54";"nan";"56";"nan";"None";"nan";"None";"None";"None";"None";"2";"2";"Appartement";"37.0";"2.0";"None";"None";"None";"None";"nan";"7.250085";"43.697442";"000KW"
"2022-70199";"2022-12-01";"1";"Vente";"285000.0";"14.0";"None";"AV LOUIS COCHOIS";"3740";"06000";"06088";"Nice";"06";"None";"None";"06088000KW0011";"None";"None";"54";"nan";"56";"nan";"None";"nan";"None";"None";"None";"None";"2";"3";"Dépendance";"nan";"0.0";"None";"None";"None";"None";"nan";"7.250085";"43.697442";"000KW"
"2022-69574";"2022-11-30";"1";"Vente";"135000.0";"27.0";"None";"RUE DES POTIERS";"5225";"06000";"06088";"Nice";"06";"None";"None";"06088000KW0356";"None";"None";"18";"nan";"None";"nan";"None";"nan";"None";"None";"None";"None";"1";"2";"Appartement";"25.0";"1.0";"None";"None";"None";"None";"nan";"7.252576";"43.695881";"000KW"
"2022-69629";"2022-11-30";"1";"Vente";"49500.0";"10.0";"None";"RUE SAINT PHILIPPE";"5895";"06000";"06088";"Nice";"06";"None";"None";"06088000KW0446";"None";"None";"43";"nan";"None";"nan";"None";"nan";"None";"None";"None";"None";"1";"3";"Dépendance";"nan";"0.0";"None";"None";"None";"None";"nan";"7.255854";"43.694672";"000KW"
"2022-70265";"2022-11-30";"1";"Vente";"245000.0";"21.0";"None";"BD FRANCOIS GROSSO";"2630";"06000";"06088";"Nice";"06";"None";"None";"06088000KW0076";"None";"None";"371";"nan";"None";"nan";"None";"nan";"None";"None";"None";"None";"1";"4";"Local industriel. commercial ou assimilé";"570.0";"0.0";"None";"None";"None";"None";"nan";"7.251171";"43.696065";"000KW"
"2022-70352";"2022-11-30";"1";"Vente";"210000.0";"21.0";"None";"BD FRANCOIS GROSSO";"2630";"06000";"06088";"Nice";"06";"None";"None";"06088000KW0076";"None";"None";"370";"nan";"None";"nan";"None";"nan";"None";"None";"None";"None";"1";"4";"Local industriel. commercial ou assimilé";"570.0";"0.0";"None";"None";"None";"None";"nan";"7.251171";"43.696065";"000KW"
"2022-69504";"2022-11-29";"1";"Vente";"352000.0";"15.0";"None";"RUE ANDRIOLI";"0230";"06000";"06088";"Nice";"06";"None";"None";"06088000KW0198";"None";"None";"118B";"80.68";"47B";"nan";"None";"nan";"None";"None";"None";"None";"2";"2";"Appartement";"79.0";"3.0";"None";"None";"None";"None";"nan";"7.253622";"43.695971";"000KW"
"2022-69504";"2022-11-29";"1";"Vente";"352000.0";"15.0";"None";"RUE ANDRIOLI";"0230";"06000";"06088";"Nice";"06";"None";"None";"06088000KW0198";"None";"None";"118B";"80.68";"47B";"nan";"None";"nan";"None";"None";"None";"None";"2";"3";"Dépendance";"nan";"0.0";"None";"None";"None";"None";"nan";"7.253622";"43.695971";"000KW"
"2022-70125";"2022-11-28";"1";"Vente";"326530.0";"7.0";"None";"BD FRANCOIS GROSSO";"2630";"06000";"06088";"Nice";"06";"None";"None";"06088000KW0068";"None";"None";"11";"nan";"39";"68.0";"None";"nan";"None";"None";"None";"None";"2";"2";"Appartement";"70.0";"3.0";"None";"None";"None";"None";"nan";"7.251621";"43.69524";"000KW"
"2022-70258";"2022-11-28";"1";"Vente";"245000.0";"21.0";"None";"BD FRANCOIS GROSSO";"2630";"06000";"06088";"Nice";"06";"None";"None";"06088000KW0076";"None";"None";"375";"nan";"None";"nan";"None";"nan";"None";"None";"None";"None";"1";"4";"Local industriel. commercial ou assimilé";"570.0";"0.0";"None";"None";"None";"None";"nan";"7.251171";"43.696065";"000KW"
"2022-70069";"2022-11-25";"1";"Vente";"410000.0";"27.0";"None";"RUE DES POTIERS";"5225";"06000";"06088";"Nice";"06";"None";"None";"06088000KW0356";"None";"None";"31";"nan";"None";"nan";"None";"nan";"None";"None";"None";"None";"1";"2";"Appartement";"59.0";"3.0";"None";"None";"None";"None";"nan";"7.252576";"43.695881";"000KW"
"2022-69252";"2022-11-22";"1";"Vente";"168000.0";"27.0";"None";"AV FLEURS";"2460";"06000";"06088";"Nice";"06";"None";"None";"06088000KW0108";"None";"None";"25";"46.77";"None";"nan";"None";"nan";"None";"None";"None";"None";"1";"2";"Appartement";"46.0";"2.0";"None";"None";"None";"None";"nan";"7.251754";"43.697744";"000KW"
"2022-68751";"2022-11-21";"1";"Vente";"100000.0";"10.0";"None";"AV DES ORANGERS";"4590";"06000";"06088";"Nice";"06";"None";"None";"06088000KW0124";"None";"None";"85";"nan";"None";"nan";"None";"nan";"None";"None";"None";"None";"1";"2";"Appartement";"20.0";"1.0";"None";"None";"None";"None";"nan";"7.253552";"43.697329";"000KW"
"2022-69060";"2022-11-21";"1";"Vente";"189900.0";"7.0";"None";"RUE ALEXIS MOSSA";"0094";"06000";"06088";"Nice";"06";"None";"None";"06088000KW0192";"None";"None";"88";"34.6";"None";"nan";"None";"nan";"None";"None";"None";"None";"1";"2";"Appartement";"34.0";"1.0";"None";"None";"None";"None";"nan";"7.253074";"43.695885";"000KW"
"2022-71695";"2022-11-21";"1";"Vente";"295000.0";"90.0";"None";"RUE DE FRANCE";"2595";"06000";"06088";"Nice";"06";"None";"None";"06088000KW0369";"None";"None";"1131";"nan";"1150";"nan";"None";"nan";"None";"None";"None";"None";"2";"2";"Appartement";"49.0";"2.0";"None";"None";"None";"None";"nan";"7.252761";"43.694482";"000KW"
"2022-71695";"2022-11-21";"1";"Vente";"295000.0";"90.0";"None";"RUE DE FRANCE";"2595";"06000";"06088";"Nice";"06";"None";"None";"06088000KW0369";"None";"None";"1188";"nan";"None";"nan";"None";"nan";"None";"None";"None";"None";"1";"3";"Dépendance";"nan";"0.0";"None";"None";"None";"None";"nan";"7.252761";"43.694482";"000KW"
"2022-71695";"2022-11-21";"1";"Vente";"295000.0";"90.0";"None";"RUE DE FRANCE";"2595";"06000";"06088";"Nice";"06";"None";"None";"06088000KW0369";"None";"None";"1131";"nan";"1150";"nan";"None";"nan";"None";"None";"None";"None";"2";"3";"Dépendance";"nan";"0.0";"None";"None";"None";"None";"nan";"7.252761";"43.694482";"000KW"
"2022-68512";"2022-11-18";"1";"Vente";"681150.0";"54.0";"None";"PROM DES ANGLAIS";"0240";"06000";"06088";"Nice";"06";"None";"None";"06088000KW0283";"None";"None";"5";"nan";"61";"nan";"None";"nan";"None";"None";"None";"None";"2";"2";"Appartement";"99.0";"3.0";"None";"None";"None";"None";"nan";"7.254063";"43.693742";"000KW"
"2022-68557";"2022-11-18";"1";"Vente";"342040.0";"23.0";"None";"AV FLEURS";"2460";"06000";"06088";"Nice";"06";"None";"None";"06088000KW0367";"None";"None";"16";"nan";"None";"nan";"None";"nan";"None";"None";"None";"None";"1";"2";"Appartement";"47.0";"2.0";"None";"None";"None";"None";"nan";"7.252283";"43.697823";"000KW"
"2022-68736";"2022-11-18";"1";"Vente";"235000.0";"76.0";"None";"AV BAUMETTES HORIZON";"0666";"06000";"06088";"Nice";"06";"None";"None";"06088000KW0005";"None";"None";"41";"nan";"55";"49.1";"None";"nan";"None";"None";"None";"None";"2";"2";"Appartement";"48.0";"2.0";"None";"None";"None";"None";"nan";"7.250071";"43.698297";"000KW"
"2022-68862";"2022-11-18";"1";"Vente";"186500.0";"5.0";"None";"AV FLEURS";"2460";"06000";"06088";"Nice";"06";"None";"None";"06088000KW0131";"None";"None";"12";"41.86";"None";"nan";"None";"nan";"None";"None";"None";"None";"1";"2";"Appartement";"45.0";"1.0";"None";"None";"None";"None";"nan";"7.255071";"43.697471";"000KW"
"2022-69462";"2022-11-18";"1";"Vente";"216710.0";"49.0";"None";"BD FRANCOIS GROSSO";"2630";"06000";"06088";"Nice";"06";"None";"None";"06088000KW0095";"None";"None";"28";"49.01";"None";"nan";"None";"nan";"None";"None";"None";"None";"1";"2";"Appartement";"47.0";"2.0";"None";"None";"None";"None";"nan";"7.25106";"43.697415";"000KW"
"2022-68557";"2022-11-18";"1";"Vente";"342040.0";"23.0";"None";"AV FLEURS";"2460";"06000";"06088";"Nice";"06";"None";"None";"06088000KW0367";"None";"None";"16";"nan";"None";"nan";"None";"nan";"None";"None";"None";"None";"1";"3";"Dépendance";"nan";"0.0";"None";"None";"None";"None";"nan";"7.252283";"43.697823";"000KW"
"2022-68736";"2022-11-18";"1";"Vente";"235000.0";"76.0";"None";"AV BAUMETTES HORIZON";"0666";"06000";"06088";"Nice";"06";"None";"None";"06088000KW0005";"None";"None";"41";"nan";"55";"49.1";"None";"nan";"None";"None";"None";"None";"2";"3";"Dépendance";"nan";"0.0";"None";"None";"None";"None";"nan";"7.250071";"43.698297";"000KW"
"2022-68862";"2022-11-18";"1";"Vente";"186500.0";"5.0";"None";"AV FLEURS";"2460";"06000";"06088";"Nice";"06";"None";"None";"06088000KW0131";"None";"None";"12";"41.86";"None";"nan";"None";"nan";"None";"None";"None";"None";"1";"3";"Dépendance";"nan";"0.0";"None";"None";"None";"None";"nan";"7.255071";"43.697471";"000KW"
"2022-69330";"2022-11-17";"1";"Echange";"1000.0";"90.0";"None";"RUE DE FRANCE";"2595";"06000";"06088";"Nice";"06";"None";"None";"06088000KW0369";"None";"None";"1008";"nan";"None";"nan";"None";"nan";"None";"None";"None";"None";"1";"2";"Appartement";"49.0";"2.0";"None";"None";"None";"None";"nan";"7.252761";"43.694482";"000KW"
"2022-69330";"2022-11-17";"2";"Echange";"1000.0";"90.0";"None";"RUE DE FRANCE";"2595";"06000";"06088";"Nice";"06";"None";"None";"06088000KW0369";"None";"None";"1150";"nan";"None";"nan";"None";"nan";"None";"None";"None";"None";"1";"2";"Appartement";"83.0";"3.0";"None";"None";"None";"None";"nan";"7.252761";"43.694482";"000KW"
"2022-68795";"2022-11-17";"1";"Vente";"48000.0";"27.0";"None";"AV FLEURS";"2460";"06000";"06088";"Nice";"06";"None";"None";"06088000KW0108";"None";"None";"88";"nan";"None";"nan";"None";"nan";"None";"None";"None";"None";"1";"3";"Dépendance";"nan";"0.0";"None";"None";"None";"None";"nan";"7.251754";"43.697744";"000KW"
"2022-68936";"2022-11-17";"1";"Vente";"54000.0";"7.0";"None";"AV FLEURS";"2460";"06000";"06088";"Nice";"06";"None";"None";"06088000KW0130";"None";"None";"34";"nan";"None";"nan";"None";"nan";"None";"None";"None";"None";"1";"3";"Dépendance";"nan";"0.0";"None";"None";"None";"None";"nan";"7.254675";"43.697427";"000KW"
"2022-69330";"2022-11-17";"1";"Echange";"1000.0";"90.0";"None";"RUE DE FRANCE";"2595";"06000";"06088";"Nice";"06";"None";"None";"06088000KW0369";"None";"None";"1008";"nan";"None";"nan";"None";"nan";"None";"None";"None";"None";"1";"3";"Dépendance";"nan";"0.0";"None";"None";"None";"None";"nan";"7.252761";"43.694482";"000KW"
"2022-69330";"2022-11-17";"2";"Echange";"1000.0";"90.0";"None";"RUE DE FRANCE";"2595";"06000";"06088";"Nice";"06";"None";"None";"06088000KW0369";"None";"None";"1150";"nan";"None";"nan";"None";"nan";"None";"None";"None";"None";"1";"3";"Dépendance";"nan";"0.0";"None";"None";"None";"None";"nan";"7.252761";"43.694482";"000KW"
"2022-69023";"2022-11-17";"1";"Vente";"262000.0";"21.0";"None";"BD FRANCOIS GROSSO";"2630";"06000";"06088";"Nice";"06";"None";"None";"06088000KW0076";"None";"None";"376";"nan";"None";"nan";"None";"nan";"None";"None";"None";"None";"1";"4";"Local industriel. commercial ou assimilé";"570.0";"0.0";"None";"None";"None";"None";"nan";"7.251171";"43.696065";"000KW"
"2022-69261";"2022-11-17";"1";"Vente";"245000.0";"21.0";"None";"BD FRANCOIS GROSSO";"2630";"06000";"06088";"Nice";"06";"None";"None";"06088000KW0076";"None";"None";"377";"nan";"None";"nan";"None";"nan";"None";"None";"None";"None";"1";"4";"Local industriel. commercial ou assimilé";"570.0";"0.0";"None";"None";"None";"None";"nan";"7.251171";"43.696065";"000KW"
"2022-68986";"2022-11-16";"1";"Vente";"107000.0";"11.0";"None";"RUE ALEXIS MOSSA";"0094";"06000";"06088";"Nice";"06";"None";"None";"06088000KW0383";"None";"None";"3";"nan";"None";"nan";"None";"nan";"None";"None";"None";"None";"1";"2";"Appartement";"31.0";"2.0";"None";"None";"None";"None";"nan";"7.252627";"43.695976";"000KW"
"2022-68522";"2022-11-14";"1";"Vente";"240000.0";"16.0";"None";"AV DES ORANGERS";"4590";"06000";"06088";"Nice";"06";"None";"None";"06088000KW0120";"None";"None";"24";"nan";"None";"nan";"None";"nan";"None";"None";"None";"None";"1";"2";"Appartement";"32.0";"2.0";"None";"None";"None";"None";"nan";"7.252789";"43.697222";"000KW"
"2022-68522";"2022-11-14";"1";"Vente";"240000.0";"16.0";"None";"AV DES ORANGERS";"4590";"06000";"06088";"Nice";"06";"None";"None";"06088000KW0120";"None";"None";"11";"nan";"None";"nan";"None";"nan";"None";"None";"None";"None";"1";"3";"Dépendance";"nan";"0.0";"None";"None";"None";"None";"nan";"7.252789";"43.697222";"000KW"
"2022-69492";"2022-11-10";"1";"Vente";"790000.0";"54.0";"None";"PROM DES ANGLAIS";"0240";"06000";"06088";"Nice";"06";"None";"None";"06088000KW0283";"None";"None";"33";"90.01";"94";"nan";"None";"nan";"None";"None";"None";"None";"2";"2";"Appartement";"91.0";"2.0";"None";"None";"None";"None";"nan";"7.254063";"43.693742";"000KW"
"2022-68811";"2022-11-09";"1";"Vente";"105000.0";"5.0";"None";"RUE ANDRIOLI";"0230";"06000";"06088";"Nice";"06";"None";"None";"06088000KW0278";"None";"None";"161";"22.18";"None";"nan";"None";"nan";"None";"None";"None";"None";"1";"2";"Appartement";"20.0";"1.0";"None";"None";"None";"None";"nan";"7.254107";"43.694359";"000KW"
"2022-68457";"2022-11-08";"1";"Vente";"330000.0";"13.0";"None";"RUE DANTE";"1835";"06000";"06088";"Nice";"06";"None";"None";"06088000KW0299";"None";"None";"71";"nan";"None";"nan";"None";"nan";"None";"None";"None";"None";"1";"2";"Appartement";"55.0";"2.0";"None";"None";"None";"None";"nan";"7.253871";"43.695389";"000KW"
"2022-68457";"2022-11-08";"1";"Vente";"330000.0";"13.0";"None";"RUE DANTE";"1835";"06000";"06088";"Nice";"06";"None";"None";"06088000KW0299";"None";"None";"9";"nan";"None";"nan";"None";"nan";"None";"None";"None";"None";"1";"3";"Dépendance";"nan";"0.0";"None";"None";"None";"None";"nan";"7.253871";"43.695389";"000KW"
"2022-68457";"2022-11-08";"1";"Vente";"330000.0";"13.0";"None";"RUE DANTE";"1835";"06000";"06088";"Nice";"06";"None";"None";"06088000KW0299";"None";"None";"71";"nan";"None";"nan";"None";"nan";"None";"None";"None";"None";"1";"3";"Dépendance";"nan";"0.0";"None";"None";"None";"None";"nan";"7.253871";"43.695389";"000KW"
"2022-68185";"2022-11-04";"1";"Vente";"199405.0";"31.0";"None";"RUE BOTTERO";"0925";"06000";"06088";"Nice";"06";"None";"None";"06088000KW0173";"None";"None";"26";"nan";"None";"nan";"None";"nan";"None";"None";"None";"None";"1";"2";"Appartement";"26.0";"2.0";"None";"None";"None";"None";"nan";"7.251978";"43.696277";"000KW"
"2022-68802";"2022-11-04";"1";"Vente";"45000.0";"4.0";"B";"RUE SAINT PHILIPPE";"5895";"06000";"06088";"Nice";"06";"None";"None";"06088000KW0252";"None";"None";"17B";"9.05";"None";"nan";"None";"nan";"None";"None";"None";"None";"1";"2";"Appartement";"9.0";"1.0";"None";"None";"None";"None";"nan";"7.255928";"43.694042";"000KW"
"2022-68818";"2022-11-03";"1";"Vente";"100000.0";"17.0";"None";"AV FLEURS";"2460";"06000";"06088";"Nice";"06";"None";"None";"06088000KW0123";"None";"None";"5";"nan";"None";"nan";"None";"nan";"None";"None";"None";"None";"1";"2";"Appartement";"27.0";"1.0";"None";"None";"None";"None";"nan";"7.253164";"43.697428";"000KW"
"2022-68446";"2022-10-28";"1";"Vente";"160000.0";"20.0";"None";"RUE BOTTERO";"0925";"06000";"06088";"Nice";"06";"None";"None";"06088000KW0151";"None";"None";"5";"nan";"None";"nan";"None";"nan";"None";"None";"None";"None";"1";"2";"Appartement";"39.0";"2.0";"None";"None";"None";"None";"nan";"7.253065";"43.696697";"000KW"
"2022-67941";"2022-10-27";"1";"Vente";"85000.0";"30.0";"None";"RUE BOTTERO";"0925";"06000";"06088";"Nice";"06";"None";"None";"06088000KW0166";"None";"None";"3";"nan";"None";"nan";"None";"nan";"None";"None";"None";"None";"1";"2";"Appartement";"20.0";"1.0";"None";"None";"None";"None";"nan";"7.252183";"43.696521";"000KW"
"2022-68337";"2022-10-27";"1";"Vente";"28000.0";"28.0";"None";"RUE BOTTERO";"0925";"06000";"06088";"Nice";"06";"None";"None";"06088000KW0439";"None";"None";"36";"nan";"None";"nan";"None";"nan";"None";"None";"None";"None";"1";"3";"Dépendance";"nan";"0.0";"None";"None";"None";"None";"nan";"7.252368";"43.696615";"000KW"
"2022-67938";"2022-10-26";"1";"Vente";"185000.0";"90.0";"None";"RUE DE FRANCE";"2595";"06000";"06088";"Nice";"06";"None";"None";"06088000KW0369";"None";"None";"1055";"nan";"None";"nan";"None";"nan";"None";"None";"None";"None";"1";"2";"Appartement";"36.0";"1.0";"None";"None";"None";"None";"nan";"7.252761";"43.694482";"000KW"
"2022-68417";"2022-10-24";"1";"Vente";"55000.0";"19.0";"None";"AV DES ORANGERS";"4590";"06000";"06088";"Nice";"06";"None";"None";"06088000KW0153";"None";"None";"16";"nan";"None";"nan";"None";"nan";"None";"None";"None";"None";"1";"3";"Dépendance";"nan";"0.0";"None";"None";"None";"None";"nan";"7.252797";"43.696798";"000KW"
"2022-67686";"2022-10-21";"1";"Vente";"615000.0";"17.0";"None";"BD GAMBETTA";"2755";"06000";"06088";"Nice";"06";"None";"None";"06088000KW0338";"None";"None";"21";"nan";"3";"nan";"None";"nan";"None";"None";"None";"None";"2";"2";"Appartement";"121.0";"4.0";"None";"None";"None";"None";"nan";"7.255966";"43.695651";"000KW"
"2022-67686";"2022-10-21";"1";"Vente";"615000.0";"17.0";"None";"BD GAMBETTA";"2755";"06000";"06088";"Nice";"06";"None";"None";"06088000KW0338";"None";"None";"21";"nan";"3";"nan";"None";"nan";"None";"None";"None";"None";"2";"3";"Dépendance";"nan";"0.0";"None";"None";"None";"None";"nan";"7.255966";"43.695651";"000KW"
"2022-67565";"2022-10-20";"1";"Vente";"240000.0";"15.0";"None";"RUE BOTTERO";"0925";"06000";"06088";"Nice";"06";"None";"None";"06088000KW0220";"None";"None";"6";"72.48";"None";"nan";"None";"nan";"None";"None";"None";"None";"1";"2";"Appartement";"70.0";"3.0";"None";"None";"None";"None";"nan";"7.254119";"43.696415";"000KW"
"2022-67384";"2022-10-20";"1";"Vente";"158000.0";"34.0";"None";"RUE BOTTERO";"0925";"06000";"06088";"Nice";"06";"None";"None";"06088000KW0168";"None";"None";"1";"nan";"2";"nan";"None";"nan";"None";"None";"None";"None";"2";"4";"Local industriel. commercial ou assimilé";"46.0";"0.0";"None";"None";"None";"None";"nan";"7.251967";"43.696523";"000KW"
"2022-66992";"2022-10-19";"1";"Vente";"504150.0";"32.0";"None";"BD FRANCOIS GROSSO";"2630";"06000";"06088";"Nice";"06";"None";"None";"06088000KW0109";"None";"None";"12";"nan";"2";"nan";"None";"nan";"None";"None";"None";"None";"2";"2";"Appartement";"77.0";"3.0";"None";"None";"None";"None";"nan";"7.251606";"43.697544";"000KW"
"2022-67454";"2022-10-19";"1";"Vente";"90000.0";"1.0";"None";"RUE ANDRIOLI";"0230";"06000";"06088";"Nice";"06";"None";"None";"06088000KW0281";"None";"None";"89";"18.73";"None";"nan";"None";"nan";"None";"None";"None";"None";"1";"2";"Appartement";"18.0";"1.0";"None";"None";"None";"None";"nan";"7.254147";"43.693921";"000KW"
"2022-67687";"2022-10-19";"1";"Vente";"250000.0";"19.0";"None";"AV DES ORANGERS";"4590";"06000";"06088";"Nice";"06";"None";"None";"06088000KW0153";"None";"None";"103";"nan";"238";"nan";"None";"nan";"None";"None";"None";"None";"2";"2";"Appartement";"32.0";"1.0";"None";"None";"None";"None";"nan";"7.252797";"43.696798";"000KW"
"2022-66992";"2022-10-19";"1";"Vente";"504150.0";"32.0";"None";"BD FRANCOIS GROSSO";"2630";"06000";"06088";"Nice";"06";"None";"None";"06088000KW0109";"None";"None";"2";"nan";"None";"nan";"None";"nan";"None";"None";"None";"None";"1";"3";"Dépendance";"nan";"0.0";"None";"None";"None";"None";"nan";"7.251606";"43.697544";"000KW"
"2022-66992";"2022-10-19";"1";"Vente";"504150.0";"32.0";"None";"BD FRANCOIS GROSSO";"2630";"06000";"06088";"Nice";"06";"None";"None";"06088000KW0109";"None";"None";"12";"nan";"2";"nan";"None";"nan";"None";"None";"None";"None";"2";"3";"Dépendance";"nan";"0.0";"None";"None";"None";"None";"nan";"7.251606";"43.697544";"000KW"
"2022-67520";"2022-10-19";"1";"Vente";"36000.0";"21.0";"None";"BD FRANCOIS GROSSO";"2630";"06000";"06088";"Nice";"06";"None";"None";"06088000KW0076";"None";"None";"181";"nan";"None";"nan";"None";"nan";"None";"None";"None";"None";"1";"3";"Dépendance";"nan";"0.0";"None";"None";"None";"None";"nan";"7.251171";"43.696065";"000KW"
"2022-67687";"2022-10-19";"1";"Vente";"250000.0";"19.0";"None";"AV DES ORANGERS";"4590";"06000";"06088";"Nice";"06";"None";"None";"06088000KW0153";"None";"None";"103";"nan";"238";"nan";"None";"nan";"None";"None";"None";"None";"2";"3";"Dépendance";"nan";"0.0";"None";"None";"None";"None";"nan";"7.252797";"43.696798";"000KW"
"2022-67927";"2022-10-18";"1";"Vente";"167000.0";"17.0";"None";"AV FLEURS";"2460";"06000";"06088";"Nice";"06";"None";"None";"06088000KW0123";"None";"None";"51";"nan";"None";"nan";"None";"nan";"None";"None";"None";"None";"1";"2";"Appartement";"22.0";"1.0";"None";"None";"None";"None";"nan";"7.253164";"43.697428";"000KW"
"2022-68004";"2022-10-18";"1";"Vente";"185000.0";"90.0";"None";"RUE DE FRANCE";"2595";"06000";"06088";"Nice";"06";"None";"None";"06088000KW0369";"None";"None";"1119";"nan";"None";"nan";"None";"nan";"None";"None";"None";"None";"1";"2";"Appartement";"29.0";"1.0";"None";"None";"None";"None";"nan";"7.252761";"43.694482";"000KW"
"2022-67625";"2022-10-18";"1";"Vente";"41000.0";"90.0";"None";"RUE DE FRANCE";"2595";"06000";"06088";"Nice";"06";"None";"None";"06088000KW0369";"None";"None";"1184";"nan";"None";"nan";"None";"nan";"None";"None";"None";"None";"1";"3";"Dépendance";"nan";"0.0";"None";"None";"None";"None";"nan";"7.252761";"43.694482";"000KW"
"2022-67927";"2022-10-18";"1";"Vente";"167000.0";"17.0";"None";"AV FLEURS";"2460";"06000";"06088";"Nice";"06";"None";"None";"06088000KW0123";"None";"None";"155";"nan";"None";"nan";"None";"nan";"None";"None";"None";"None";"1";"3";"Dépendance";"nan";"0.0";"None";"None";"None";"None";"nan";"7.253164";"43.697428";"000KW"
"2022-67244";"2022-10-14";"1";"Vente";"665000.0";"1.0";"B";"RUE ANDRIOLI";"0230";"06000";"06088";"Nice";"06";"None";"None";"06088000KW0280";"None";"None";"58";"92.59";"None";"nan";"None";"nan";"None";"None";"None";"None";"1";"2";"Appartement";"24.0";"5.0";"None";"None";"None";"None";"nan";"7.254013";"43.694098";"000KW"
"2022-67262";"2022-10-14";"1";"Vente";"136500.0";"18.0";"None";"RUE DES POTIERS";"5225";"06000";"06088";"Nice";"06";"None";"None";"06088000KW0310";"None";"None";"19";"nan";"63";"nan";"None";"nan";"None";"None";"None";"None";"2";"2";"Appartement";"27.0";"1.0";"None";"None";"None";"None";"nan";"7.253089";"43.695172";"000KW"
"2022-67795";"2022-10-14";"1";"Vente";"300000.0";"45.0";"None";"BD FRANCOIS GROSSO";"2630";"06000";"06088";"Nice";"06";"None";"None";"06088000KW0432";"None";"None";"49";"nan";"74";"nan";"None";"nan";"None";"None";"None";"None";"2";"2";"Appartement";"45.0";"2.0";"None";"None";"None";"None";"nan";"7.250955";"43.697141";"000KW"
"2022-67244";"2022-10-14";"1";"Vente";"665000.0";"1.0";"B";"RUE ANDRIOLI";"0230";"06000";"06088";"Nice";"06";"None";"None";"06088000KW0280";"None";"None";"20";"nan";"None";"nan";"None";"nan";"None";"None";"None";"None";"1";"3";"Dépendance";"nan";"0.0";"None";"None";"None";"None";"nan";"7.254013";"43.694098";"000KW"
"2022-67262";"2022-10-14";"1";"Vente";"136500.0";"18.0";"None";"RUE DES POTIERS";"5225";"06000";"06088";"Nice";"06";"None";"None";"06088000KW0310";"None";"None";"19";"nan";"63";"nan";"None";"nan";"None";"None";"None";"None";"2";"3";"Dépendance";"nan";"0.0";"None";"None";"None";"None";"nan";"7.253089";"43.695172";"000KW"
"2022-67244";"2022-10-14";"1";"Vente";"665000.0";"1.0";"B";"RUE ANDRIOLI";"0230";"06000";"06088";"Nice";"06";"None";"None";"06088000KW0280";"None";"None";"58";"92.59";"None";"nan";"None";"nan";"None";"None";"None";"None";"1";"4";"Local industriel. commercial ou assimilé";"90.0";"0.0";"None";"None";"None";"None";"nan";"7.254013";"43.694098";"000KW"
"2022-67206";"2022-10-11";"1";"Vente";"254000.0";"93.0";"None";"RUE DE FRANCE";"2595";"06000";"06088";"Nice";"06";"None";"None";"06088000KW0248";"None";"None";"2";"nan";"37";"44.83";"None";"nan";"None";"None";"None";"None";"2";"2";"Appartement";"42.0";"2.0";"None";"None";"None";"None";"nan";"7.255898";"43.695005";"000KW"
"2022-67685";"2022-10-11";"1";"Vente";"320000.0";"1.0";"B";"RUE ANDRIOLI";"0230";"06000";"06088";"Nice";"06";"None";"None";"06088000KW0280";"None";"None";"15";"nan";"80";"nan";"None";"nan";"None";"None";"None";"None";"2";"2";"Appartement";"50.0";"2.0";"None";"None";"None";"None";"nan";"7.254013";"43.694098";"000KW"
"2022-67206";"2022-10-11";"1";"Vente";"254000.0";"93.0";"None";"RUE DE FRANCE";"2595";"06000";"06088";"Nice";"06";"None";"None";"06088000KW0248";"None";"None";"2";"nan";"37";"44.83";"None";"nan";"None";"None";"None";"None";"2";"3";"Dépendance";"nan";"0.0";"None";"None";"None";"None";"nan";"7.255898";"43.695005";"000KW"
"2022-67249";"2022-10-10";"1";"Vente";"395000.0";"20.0";"None";"RUE DANTE";"1835";"06000";"06088";"Nice";"06";"None";"None";"06088000KW0194";"None";"None";"19";"89.11";"None";"nan";"None";"nan";"None";"None";"None";"None";"1";"2";"Appartement";"86.0";"4.0";"None";"None";"None";"None";"nan";"7.25318";"43.69569";"000KW"
"2022-67249";"2022-10-10";"1";"Vente";"395000.0";"20.0";"None";"RUE DANTE";"1835";"06000";"06088";"Nice";"06";"None";"None";"06088000KW0194";"None";"None";"19";"89.11";"None";"nan";"None";"nan";"None";"None";"None";"None";"1";"3";"Dépendance";"nan";"0.0";"None";"None";"None";"None";"nan";"7.25318";"43.69569";"000KW"
"2022-66405";"2022-10-07";"1";"Vente";"24000.0";"21.0";"None";"BD FRANCOIS GROSSO";"2630";"06000";"06088";"Nice";"06";"None";"None";"06088000KW0076";"None";"None";"217";"nan";"None";"nan";"None";"nan";"None";"None";"None";"None";"1";"3";"Dépendance";"nan";"0.0";"None";"None";"None";"None";"nan";"7.251171";"43.696065";"000KW"
"2022-67438";"2022-10-07";"1";"Vente";"38000.0";"21.0";"None";"BD FRANCOIS GROSSO";"2630";"06000";"06088";"Nice";"06";"None";"None";"06088000KW0076";"None";"None";"179";"nan";"None";"nan";"None";"nan";"None";"None";"None";"None";"1";"3";"Dépendance";"nan";"0.0";"None";"None";"None";"None";"nan";"7.251171";"43.696065";"000KW"
"2022-67178";"2022-10-07";"1";"Vente";"1.0";"21.0";"None";"BD FRANCOIS GROSSO";"2630";"06000";"06088";"Nice";"06";"None";"None";"06088000KW0076";"None";"None";"372";"nan";"379";"nan";"None";"nan";"None";"None";"None";"None";"2";"4";"Local industriel. commercial ou assimilé";"570.0";"0.0";"None";"None";"None";"None";"nan";"7.251171";"43.696065";"000KW"
"2022-67476";"2022-10-06";"1";"Vente";"90000.0";"7.0";"None";"AV FLEURS";"2460";"06000";"06088";"Nice";"06";"None";"None";"06088000KW0130";"None";"None";"24";"nan";"None";"nan";"None";"nan";"None";"None";"None";"None";"1";"2";"Appartement";"20.0";"1.0";"None";"None";"None";"None";"nan";"7.254675";"43.697427";"000KW"
"2022-67425";"2022-10-05";"1";"Vente";"294190.0";"8.0";"None";"RUE JOSEPH FRICERO";"3470";"06000";"06088";"Nice";"06";"None";"None";"06088000KW0585";"None";"None";"27";"nan";"51";"nan";"None";"nan";"None";"None";"None";"None";"2";"2";"Appartement";"60.0";"2.0";"None";"None";"None";"None";"nan";"7.254344";"43.696029";"000KW"
"2022-67796";"2022-10-05";"1";"Vente";"232800.0";"17.0";"None";"AV DES ORANGERS";"4590";"06000";"06088";"Nice";"06";"None";"None";"06088000KW0152";"None";"None";"10";"nan";"None";"nan";"None";"nan";"None";"None";"None";"None";"1";"2";"Appartement";"70.0";"3.0";"None";"None";"None";"None";"nan";"7.253076";"43.696901";"000KW"
"2022-67425";"2022-10-05";"1";"Vente";"294190.0";"8.0";"None";"RUE JOSEPH FRICERO";"3470";"06000";"06088";"Nice";"06";"None";"None";"06088000KW0585";"None";"None";"27";"nan";"51";"nan";"None";"nan";"None";"None";"None";"None";"2";"3";"Dépendance";"nan";"0.0";"None";"None";"None";"None";"nan";"7.254344";"43.696029";"000KW"
"2022-67796";"2022-10-05";"1";"Vente";"232800.0";"17.0";"None";"AV DES ORANGERS";"4590";"06000";"06088";"Nice";"06";"None";"None";"06088000KW0152";"None";"None";"23";"nan";"None";"nan";"None";"nan";"None";"None";"None";"None";"1";"3";"Dépendance";"nan";"0.0";"None";"None";"None";"None";"nan";"7.253076";"43.696901";"000KW"
"2022-66460";"2022-10-04";"1";"Vente";"500000.0";"19.0";"None";"RUE ANDRIOLI";"0230";"06000";"06088";"Nice";"06";"None";"None";"06088000KW0206";"None";"None";"126";"94.6";"72";"nan";"None";"nan";"None";"None";"None";"None";"2";"2";"Appartement";"95.0";"2.0";"None";"None";"None";"None";"nan";"7.253381";"43.696371";"000KW"
"2022-66460";"2022-10-04";"1";"Vente";"500000.0";"19.0";"None";"RUE ANDRIOLI";"0230";"06000";"06088";"Nice";"06";"None";"None";"06088000KW0206";"None";"None";"126";"94.6";"72";"nan";"None";"nan";"None";"None";"None";"None";"2";"3";"Dépendance";"nan";"0.0";"None";"None";"None";"None";"nan";"7.253381";"43.696371";"000KW"
"2022-67341";"2022-09-30";"1";"Vente";"330000.0";"1.0";"None";"RUE BOTTERO";"0925";"06000";"06088";"Nice";"06";"None";"None";"06088000KW0233";"None";"None";"13";"66.22";"None";"nan";"None";"nan";"None";"None";"None";"None";"1";"2";"Appartement";"64.0";"3.0";"None";"None";"None";"None";"nan";"7.255744";"43.696544";"000KW"
"2022-67341";"2022-09-30";"1";"Vente";"330000.0";"1.0";"None";"RUE BOTTERO";"0925";"06000";"06088";"Nice";"06";"None";"None";"06088000KW0233";"None";"None";"13";"66.22";"None";"nan";"None";"nan";"None";"None";"None";"None";"1";"3";"Dépendance";"nan";"0.0";"None";"None";"None";"None";"nan";"7.255744";"43.696544";"000KW"
"2022-67435";"2022-09-30";"1";"Vente";"41000.0";"44.0";"None";"RUE DES POTIERS";"5225";"06000";"06088";"Nice";"06";"None";"None";"06088000KW0116";"None";"None";"5";"nan";"None";"nan";"None";"nan";"None";"None";"None";"None";"1";"3";"Dépendance";"nan";"0.0";"None";"None";"None";"None";"nan";"7.252397";"43.6976";"000KW"
"2022-66334";"2022-09-29";"1";"Vente";"425000.0";"27.0";"None";"RUE BOTTERO";"0925";"06000";"06088";"Nice";"06";"None";"None";"06088000KW0176";"None";"None";"21";"nan";"None";"nan";"None";"nan";"None";"None";"None";"None";"1";"2";"Appartement";"43.0";"2.0";"None";"None";"None";"None";"nan";"7.252335";"43.696306";"000KW"
"2022-66678";"2022-09-29";"1";"Vente";"99900.0";"15.0";"B";"AV DES ORANGERS";"4590";"06000";"06088";"Nice";"06";"None";"None";"06088000KW0341";"None";"None";"20";"nan";"56";"nan";"None";"nan";"None";"None";"None";"None";"2";"2";"Appartement";"35.0";"1.0";"None";"None";"None";"None";"nan";"7.253267";"43.696923";"000KW"
"2022-66334";"2022-09-29";"1";"Vente";"425000.0";"27.0";"None";"RUE BOTTERO";"0925";"06000";"06088";"Nice";"06";"None";"None";"06088000KW0176";"None";"None";"21";"nan";"None";"nan";"None";"nan";"None";"None";"None";"None";"1";"3";"Dépendance";"nan";"0.0";"None";"None";"None";"None";"nan";"7.252335";"43.696306";"000KW"
"2022-66678";"2022-09-29";"1";"Vente";"99900.0";"15.0";"B";"AV DES ORANGERS";"4590";"06000";"06088";"Nice";"06";"None";"None";"06088000KW0341";"None";"None";"20";"nan";"56";"nan";"None";"nan";"None";"None";"None";"None";"2";"3";"Dépendance";"nan";"0.0";"None";"None";"None";"None";"nan";"7.253267";"43.696923";"000KW"
"2022-65946";"2022-09-28";"1";"Vente";"980000.0";"54.0";"None";"PROM DES ANGLAIS";"0240";"06000";"06088";"Nice";"06";"None";"None";"06088000KW0283";"None";"None";"35";"nan";"87";"nan";"None";"nan";"None";"None";"None";"None";"2";"2";"Appartement";"99.0";"3.0";"None";"None";"None";"None";"nan";"7.254063";"43.693742";"000KW"
"2022-66400";"2022-09-28";"1";"Vente";"91000.0";"10.0";"None";"AV DES ORANGERS";"4590";"06000";"06088";"Nice";"06";"None";"None";"06088000KW0124";"None";"None";"79";"19.22";"None";"nan";"None";"nan";"None";"None";"None";"None";"1";"2";"Appartement";"20.0";"1.0";"None";"None";"None";"None";"nan";"7.253552";"43.697329";"000KW"
"2022-66404";"2022-09-28";"1";"Vente";"361000.0";"17.0";"None";"AV DES BAUMETTES";"0660";"06000";"06088";"Nice";"06";"None";"None";"06088000KW0060";"None";"None";"33";"73.13";"None";"nan";"None";"nan";"None";"None";"None";"None";"1";"2";"Appartement";"78.0";"3.0";"None";"None";"None";"None";"nan";"7.250529";"43.695381";"000KW"
"2022-67334";"2022-09-28";"1";"Vente";"484400.0";"66.0";"None";"AV DES BAUMETTES";"0660";"06000";"06088";"Nice";"06";"None";"None";"06088000KW0019";"None";"None";"143";"nan";"155";"nan";"None";"nan";"None";"None";"None";"None";"2";"2";"Appartement";"112.0";"5.0";"None";"None";"None";"None";"nan";"7.248507";"43.696603";"000KW"
"2022-65946";"2022-09-28";"1";"Vente";"980000.0";"54.0";"None";"PROM DES ANGLAIS";"0240";"06000";"06088";"Nice";"06";"None";"None";"06088000KW0283";"None";"None";"53";"nan";"None";"nan";"None";"nan";"None";"None";"None";"None";"1";"3";"Dépendance";"nan";"0.0";"None";"None";"None";"None";"nan";"7.254063";"43.693742";"000KW"
"2022-66011";"2022-09-28";"1";"Vente";"18000.0";"25.0";"None";"AV DES ORANGERS";"4590";"06000";"06088";"Nice";"06";"None";"None";"06088000KW0156";"None";"None";"1";"nan";"None";"nan";"None";"nan";"None";"None";"None";"None";"1";"3";"Dépendance";"nan";"0.0";"None";"None";"None";"None";"nan";"7.252013";"43.6969";"000KW"
"2022-66404";"2022-09-28";"1";"Vente";"361000.0";"17.0";"None";"AV DES BAUMETTES";"0660";"06000";"06088";"Nice";"06";"None";"None";"06088000KW0060";"None";"None";"17";"nan";"None";"nan";"None";"nan";"None";"None";"None";"None";"1";"3";"Dépendance";"nan";"0.0";"None";"None";"None";"None";"nan";"7.250529";"43.695381";"000KW"
"2022-67334";"2022-09-28";"1";"Vente";"484400.0";"66.0";"None";"AV DES BAUMETTES";"0660";"06000";"06088";"Nice";"06";"None";"None";"06088000KW0019";"None";"None";"216";"nan";"None";"nan";"None";"nan";"None";"None";"None";"None";"1";"3";"Dépendance";"nan";"0.0";"None";"None";"None";"None";"nan";"7.248507";"43.696603";"000KW"
"2022-67334";"2022-09-28";"1";"Vente";"484400.0";"66.0";"None";"AV DES BAUMETTES";"0660";"06000";"06088";"Nice";"06";"None";"None";"06088000KW0019";"None";"None";"143";"nan";"155";"nan";"None";"nan";"None";"None";"None";"None";"2";"3";"Dépendance";"nan";"0.0";"None";"None";"None";"None";"nan";"7.248507";"43.696603";"000KW"
"2022-65844";"2022-09-26";"1";"Vente";"237000.0";"53.0";"None";"PROM DES ANGLAIS";"0240";"06000";"06088";"Nice";"06";"None";"None";"06088000KW0282";"None";"None";"118";"nan";"41";"nan";"None";"nan";"None";"None";"None";"None";"2";"2";"Appartement";"38.0";"1.0";"None";"None";"None";"None";"nan";"7.254413";"43.693761";"000KW"
"2022-65844";"2022-09-26";"1";"Vente";"237000.0";"53.0";"None";"PROM DES ANGLAIS";"0240";"06000";"06088";"Nice";"06";"None";"None";"06088000KW0282";"None";"None";"118";"nan";"41";"nan";"None";"nan";"None";"None";"None";"None";"2";"3";"Dépendance";"nan";"0.0";"None";"None";"None";"None";"nan";"7.254413";"43.693761";"000KW"
"2022-65804";"2022-09-21";"1";"Vente";"183320.0";"28.0";"None";"RUE BOTTERO";"0925";"06000";"06088";"Nice";"06";"None";"None";"06088000KW0439";"None";"None";"69";"nan";"None";"nan";"None";"nan";"None";"None";"None";"None";"1";"2";"Appartement";"24.0";"1.0";"None";"None";"None";"None";"nan";"7.252368";"43.696615";"000KW"
"2022-65882";"2022-09-21";"1";"Vente";"52500.0";"17.0";"None";"AV DES BAUMETTES";"0660";"06000";"06088";"Nice";"06";"None";"None";"06088000KW0060";"None";"None";"35";"nan";"None";"nan";"None";"nan";"None";"None";"None";"None";"1";"2";"Appartement";"18.0";"1.0";"None";"None";"None";"None";"nan";"7.250529";"43.695381";"000KW"
"2022-65804";"2022-09-21";"1";"Vente";"183320.0";"28.0";"None";"RUE BOTTERO";"0925";"06000";"06088";"Nice";"06";"None";"None";"06088000KW0439";"None";"None";"53";"nan";"None";"nan";"None";"nan";"None";"None";"None";"None";"1";"3";"Dépendance";"nan";"0.0";"None";"None";"None";"None";"nan";"7.252368";"43.696615";"000KW"
"2022-65804";"2022-09-21";"1";"Vente";"183320.0";"28.0";"None";"RUE BOTTERO";"0925";"06000";"06088";"Nice";"06";"None";"None";"06088000KW0439";"None";"None";"49";"nan";"None";"nan";"None";"nan";"None";"None";"None";"None";"1";"3";"Dépendance";"nan";"0.0";"None";"None";"None";"None";"nan";"7.252368";"43.696615";"000KW"
"2022-66335";"2022-09-21";"1";"Vente";"47000.0";"19.0";"None";"AV DES ORANGERS";"4590";"06000";"06088";"Nice";"06";"None";"None";"06088000KW0153";"None";"None";"149";"nan";"None";"nan";"None";"nan";"None";"None";"None";"None";"1";"3";"Dépendance";"nan";"0.0";"None";"None";"None";"None";"nan";"7.252797";"43.696798";"000KW"
"2022-66115";"2022-09-20";"1";"Vente";"675000.0";"11.0";"None";"BD GAMBETTA";"2755";"06000";"06088";"Nice";"06";"None";"None";"06088000KW0249";"None";"None";"28";"128.69";"42";"nan";"None";"nan";"None";"None";"None";"None";"2";"2";"Appartement";"130.0";"4.0";"None";"None";"None";"None";"nan";"7.255965";"43.694979";"000KW"
"2022-66115";"2022-09-20";"1";"Vente";"675000.0";"11.0";"None";"BD GAMBETTA";"2755";"06000";"06088";"Nice";"06";"None";"None";"06088000KW0249";"None";"None";"28";"128.69";"42";"nan";"None";"nan";"None";"None";"None";"None";"2";"3";"Dépendance";"nan";"0.0";"None";"None";"None";"None";"nan";"7.255965";"43.694979";"000KW"
"2022-66074";"2022-09-19";"1";"Vente";"315000.0";"22.0";"None";"RUE BOTTERO";"0925";"06000";"06088";"Nice";"06";"None";"None";"06088000KW0153";"None";"None";"281";"nan";"68";"nan";"None";"nan";"None";"None";"None";"None";"2";"2";"Appartement";"63.0";"3.0";"None";"None";"None";"None";"nan";"7.252797";"43.696798";"000KW"
"2022-66074";"2022-09-19";"1";"Vente";"315000.0";"22.0";"None";"RUE BOTTERO";"0925";"06000";"06088";"Nice";"06";"None";"None";"06088000KW0153";"None";"None";"281";"nan";"68";"nan";"None";"nan";"None";"None";"None";"None";"2";"3";"Dépendance";"nan";"0.0";"None";"None";"None";"None";"nan";"7.252797";"43.696798";"000KW"
"2022-66074";"2022-09-19";"1";"Vente";"315000.0";"22.0";"None";"RUE BOTTERO";"0925";"06000";"06088";"Nice";"06";"None";"None";"06088000KW0153";"None";"None";"281";"nan";"68";"nan";"None";"nan";"None";"None";"None";"None";"2";"3";"Dépendance";"nan";"0.0";"None";"None";"None";"None";"nan";"7.252797";"43.696798";"000KW"
"2022-65552";"2022-09-15";"1";"Vente";"45000.0";"10.0";"None";"AV DES ORANGERS";"4590";"06000";"06088";"Nice";"06";"None";"None";"06088000KW0124";"None";"None";"85";"nan";"None";"nan";"None";"nan";"None";"None";"None";"None";"1";"2";"Appartement";"20.0";"1.0";"None";"None";"None";"None";"nan";"7.253552";"43.697329";"000KW"
"2022-66135";"2022-09-15";"1";"Vente";"302000.0";"90.0";"None";"RUE DE FRANCE";"2595";"06000";"06088";"Nice";"06";"None";"None";"06088000KW0369";"None";"None";"1081";"nan";"None";"nan";"None";"nan";"None";"None";"None";"None";"1";"2";"Appartement";"63.0";"2.0";"None";"None";"None";"None";"nan";"7.252761";"43.694482";"000KW"
"2022-66135";"2022-09-15";"1";"Vente";"302000.0";"90.0";"None";"RUE DE FRANCE";"2595";"06000";"06088";"Nice";"06";"None";"None";"06088000KW0369";"None";"None";"1081";"nan";"None";"nan";"None";"nan";"None";"None";"None";"None";"1";"3";"Dépendance";"nan";"0.0";"None";"None";"None";"None";"nan";"7.252761";"43.694482";"000KW"
"2022-64836";"2022-09-12";"1";"Vente";"60000.0";"28.0";"None";"RUE BOTTERO";"0925";"06000";"06088";"Nice";"06";"None";"None";"06088000KW0439";"None";"None";"30";"nan";"None";"nan";"None";"nan";"None";"None";"None";"None";"1";"3";"Dépendance";"nan";"0.0";"None";"None";"None";"None";"nan";"7.252368";"43.696615";"000KW"
"2022-64836";"2022-09-12";"1";"Vente";"60000.0";"28.0";"None";"RUE BOTTERO";"0925";"06000";"06088";"Nice";"06";"None";"None";"06088000KW0439";"None";"None";"25";"nan";"None";"nan";"None";"nan";"None";"None";"None";"None";"1";"3";"Dépendance";"nan";"0.0";"None";"None";"None";"None";"nan";"7.252368";"43.696615";"000KW"
"2022-64833";"2022-09-09";"1";"Vente";"36000.0";"10.0";"None";"RUE SAINT PHILIPPE";"5895";"06000";"06088";"Nice";"06";"None";"None";"06088000KW0446";"None";"None";"31";"nan";"None";"nan";"None";"nan";"None";"None";"None";"None";"1";"3";"Dépendance";"nan";"0.0";"None";"None";"None";"None";"nan";"7.255854";"43.694672";"000KW"
"2022-64877";"2022-09-08";"1";"Vente";"370000.0";"21.0";"None";"BD FRANCOIS GROSSO";"2630";"06000";"06088";"Nice";"06";"None";"None";"06088000KW0076";"None";"None";"124";"nan";"2";"nan";"None";"nan";"None";"None";"None";"None";"2";"2";"Appartement";"75.0";"3.0";"None";"None";"None";"None";"nan";"7.251171";"43.696065";"000KW"
"2022-64877";"2022-09-08";"1";"Vente";"370000.0";"21.0";"None";"BD FRANCOIS GROSSO";"2630";"06000";"06088";"Nice";"06";"None";"None";"06088000KW0076";"None";"None";"124";"nan";"2";"nan";"None";"nan";"None";"None";"None";"None";"2";"3";"Dépendance";"nan";"0.0";"None";"None";"None";"None";"nan";"7.251171";"43.696065";"000KW"
"2022-64877";"2022-09-08";"1";"Vente";"370000.0";"21.0";"None";"BD FRANCOIS GROSSO";"2630";"06000";"06088";"Nice";"06";"None";"None";"06088000KW0076";"None";"None";"252";"nan";"None";"nan";"None";"nan";"None";"None";"None";"None";"1";"3";"Dépendance";"nan";"0.0";"None";"None";"None";"None";"nan";"7.251171";"43.696065";"000KW"
"2022-65626";"2022-09-07";"1";"Vente";"194600.0";"15.0";"B";"AV DES ORANGERS";"4590";"06000";"06088";"Nice";"06";"None";"None";"06088000KW0341";"None";"None";"43";"nan";"9";"nan";"None";"nan";"None";"None";"None";"None";"2";"2";"Appartement";"31.0";"1.0";"None";"None";"None";"None";"nan";"7.253267";"43.696923";"000KW"
"2022-65626";"2022-09-07";"1";"Vente";"194600.0";"15.0";"B";"AV DES ORANGERS";"4590";"06000";"06088";"Nice";"06";"None";"None";"06088000KW0341";"None";"None";"43";"nan";"9";"nan";"None";"nan";"None";"None";"None";"None";"2";"3";"Dépendance";"nan";"0.0";"None";"None";"None";"None";"nan";"7.253267";"43.696923";"000KW"
"2022-64794";"2022-09-06";"1";"Vente";"24000.0";"57.0";"None";"BD FRANCOIS GROSSO";"2630";"06000";"06088";"Nice";"06";"None";"None";"06088000KW0107";"None";"None";"42";"nan";"None";"nan";"None";"nan";"None";"None";"None";"None";"1";"3";"Dépendance";"nan";"0.0";"None";"None";"None";"None";"nan";"7.25101";"43.698207";"000KW"
"2022-64822";"2022-09-06";"1";"Vente";"460000.0";"2.0";"None";"AV DES ORANGERS";"4590";"06000";"06088";"Nice";"06";"None";"None";"06088000KW0132";"None";"None";"12";"nan";"65";"66.15";"None";"nan";"None";"None";"None";"None";"2";"4";"Local industriel. commercial ou assimilé";"63.0";"0.0";"None";"None";"None";"None";"nan";"7.255031";"43.697279";"000KW"
"2022-64606";"2022-09-05";"1";"Vente";"55000.0";"10.0";"None";"RUE SAINT PHILIPPE";"5895";"06000";"06088";"Nice";"06";"None";"None";"06088000KW0446";"None";"None";"81";"nan";"None";"nan";"None";"nan";"None";"None";"None";"None";"1";"3";"Dépendance";"nan";"0.0";"None";"None";"None";"None";"nan";"7.255854";"43.694672";"000KW"
"2022-64792";"2022-09-05";"1";"Vente";"22000.0";"6.0";"None";"RUE ALEXIS MOSSA";"0094";"06000";"06088";"Nice";"06";"None";"None";"06088000KW0201";"None";"None";"3";"nan";"None";"nan";"None";"nan";"None";"None";"None";"None";"1";"3";"Dépendance";"nan";"0.0";"None";"None";"None";"None";"nan";"7.253236";"43.696235";"000KW"
"2022-65046";"2022-09-02";"1";"Vente";"179900.0";"17.0";"None";"AV DES ORANGERS";"4590";"06000";"06088";"Nice";"06";"None";"None";"06088000KW0152";"None";"None";"14";"nan";"None";"nan";"None";"nan";"None";"None";"None";"None";"1";"2";"Appartement";"27.0";"1.0";"None";"None";"None";"None";"nan";"7.253076";"43.696901";"000KW"
"2022-65052";"2022-09-02";"1";"Vente";"380000.0";"8.0";"None";"AV DES ORANGERS";"4590";"06000";"06088";"Nice";"06";"None";"None";"06088000KW0126";"None";"None";"28";"nan";"33";"nan";"None";"nan";"None";"None";"None";"None";"2";"2";"Appartement";"63.0";"3.0";"None";"None";"None";"None";"nan";"7.253887";"43.697261";"000KW"
"2022-65535";"2022-09-02";"1";"Vente";"210000.0";"9.0";"None";"AV DES ORANGERS";"4590";"06000";"06088";"Nice";"06";"None";"None";"06088000KW0144";"None";"None";"39";"nan";"68";"nan";"None";"nan";"None";"None";"None";"None";"2";"2";"Appartement";"71.0";"3.0";"None";"None";"None";"None";"nan";"7.254202";"43.696919";"000KW"
"2022-65052";"2022-09-02";"1";"Vente";"380000.0";"8.0";"None";"AV DES ORANGERS";"4590";"06000";"06088";"Nice";"06";"None";"None";"06088000KW0126";"None";"None";"28";"nan";"33";"nan";"None";"nan";"None";"None";"None";"None";"2";"3";"Dépendance";"nan";"0.0";"None";"None";"None";"None";"nan";"7.253887";"43.697261";"000KW"
"2022-65535";"2022-09-02";"1";"Vente";"210000.0";"9.0";"None";"AV DES ORANGERS";"4590";"06000";"06088";"Nice";"06";"None";"None";"06088000KW0144";"None";"None";"39";"nan";"68";"nan";"None";"nan";"None";"None";"None";"None";"2";"3";"Dépendance";"nan";"0.0";"None";"None";"None";"None";"nan";"7.254202";"43.696919";"000KW"
"2022-64971";"2022-08-31";"1";"Vente";"415000.0";"70.0";"None";"RUE DE FRANCE";"2595";"06000";"06088";"Nice";"06";"None";"None";"06088000KW0419";"None";"None";"9";"nan";"None";"nan";"None";"nan";"None";"None";"None";"None";"1";"2";"Appartement";"119.0";"4.0";"None";"None";"None";"None";"nan";"7.254973";"43.695132";"000KW"
"2022-65283";"2022-08-31";"1";"Vente";"495000.0";"18.0";"None";"AV CHATEAU DE LA TOUR";"1355";"06000";"06088";"Nice";"06";"None";"None";"06088000KW0029";"None";"None";"2";"98.0";"None";"nan";"None";"nan";"None";"None";"None";"None";"1";"2";"Appartement";"100.0";"4.0";"None";"None";"None";"None";"nan";"7.249281";"43.695925";"000KW"
"2022-64598";"2022-08-30";"1";"Vente";"295000.0";"28.0";"None";"RUE BOTTERO";"0925";"06000";"06088";"Nice";"06";"None";"None";"06088000KW0439";"None";"None";"93";"nan";"None";"nan";"None";"nan";"None";"None";"None";"None";"1";"2";"Appartement";"49.0";"3.0";"None";"None";"None";"None";"nan";"7.252368";"43.696615";"000KW"
"2022-64619";"2022-08-29";"1";"Vente";"140660.0";"17.0";"None";"AV FLEURS";"2460";"06000";"06088";"Nice";"06";"None";"None";"06088000KW0123";"None";"None";"59";"nan";"None";"nan";"None";"nan";"None";"None";"None";"None";"1";"2";"Appartement";"28.0";"1.0";"None";"None";"None";"None";"nan";"7.253164";"43.697428";"000KW"
"2022-64724";"2022-08-29";"1";"Vente";"360000.0";"18.0";"None";"RUE BOTTERO";"0925";"06000";"06088";"Nice";"06";"None";"None";"06088000KW0330";"None";"None";"12";"nan";"None";"nan";"None";"nan";"None";"None";"None";"None";"1";"2";"Appartement";"88.0";"4.0";"None";"None";"None";"None";"nan";"7.253225";"43.69672";"000KW"
"2022-64724";"2022-08-29";"1";"Vente";"360000.0";"18.0";"None";"RUE BOTTERO";"0925";"06000";"06088";"Nice";"06";"None";"None";"06088000KW0330";"None";"None";"3";"nan";"None";"nan";"None";"nan";"None";"None";"None";"None";"1";"3";"Dépendance";"nan";"0.0";"None";"None";"None";"None";"nan";"7.253225";"43.69672";"000KW"
"2022-64809";"2022-08-26";"1";"Vente";"349000.0";"13.0";"None";"RUE SAINT PHILIPPE";"5895";"06000";"06088";"Nice";"06";"None";"None";"06088000KW0419";"None";"None";"20";"nan";"None";"nan";"None";"nan";"None";"None";"None";"None";"1";"2";"Appartement";"54.0";"4.0";"None";"None";"None";"None";"nan";"7.254973";"43.695132";"000KW"
"2022-64695";"2022-08-24";"1";"Vente";"230000.0";"15.0";"None";"RUE ANDRIOLI";"0230";"06000";"06088";"Nice";"06";"None";"None";"06088000KW0198";"None";"None";"14A";"nan";"54A";"nan";"None";"nan";"None";"None";"None";"None";"2";"2";"Appartement";"25.0";"1.0";"None";"None";"None";"None";"nan";"7.253622";"43.695971";"000KW"
"2022-65162";"2022-08-24";"1";"Vente";"142000.0";"14.0";"None";"AV LOUIS COCHOIS";"3740";"06000";"06088";"Nice";"06";"None";"None";"06088000KW0011";"None";"None";"100";"26.12";"59";"nan";"None";"nan";"None";"None";"None";"None";"2";"2";"Appartement";"26.0";"1.0";"None";"None";"None";"None";"nan";"7.250085";"43.697442";"000KW"
"2022-64695";"2022-08-24";"1";"Vente";"230000.0";"15.0";"None";"RUE ANDRIOLI";"0230";"06000";"06088";"Nice";"06";"None";"None";"06088000KW0198";"None";"None";"14A";"nan";"54A";"nan";"None";"nan";"None";"None";"None";"None";"2";"3";"Dépendance";"nan";"0.0";"None";"None";"None";"None";"nan";"7.253622";"43.695971";"000KW"
"2022-64695";"2022-08-24";"1";"Vente";"230000.0";"15.0";"None";"RUE ANDRIOLI";"0230";"06000";"06088";"Nice";"06";"None";"None";"06088000KW0198";"None";"None";"14A";"nan";"54A";"nan";"None";"nan";"None";"None";"None";"None";"2";"3";"Dépendance";"nan";"0.0";"None";"None";"None";"None";"nan";"7.253622";"43.695971";"000KW"
"2022-65162";"2022-08-24";"1";"Vente";"142000.0";"14.0";"None";"AV LOUIS COCHOIS";"3740";"06000";"06088";"Nice";"06";"None";"None";"06088000KW0011";"None";"None";"100";"26.12";"59";"nan";"None";"nan";"None";"None";"None";"None";"2";"3";"Dépendance";"nan";"0.0";"None";"None";"None";"None";"nan";"7.250085";"43.697442";"000KW"
"2022-63626";"2022-08-12";"1";"Vente";"477000.0";"15.0";"None";"BD GAMBETTA";"2755";"06000";"06088";"Nice";"06";"None";"None";"06088000KW0339";"None";"None";"15";"nan";"7";"nan";"None";"nan";"None";"None";"None";"None";"2";"2";"Appartement";"90.0";"5.0";"None";"None";"None";"None";"nan";"7.256003";"43.695509";"000KW"
"2022-63713";"2022-08-12";"1";"Vente";"229000.0";"3.0";"None";"RUE DANTE";"1835";"06000";"06088";"Nice";"06";"None";"None";"06088000KW0241";"None";"None";"202";"58.17";"None";"nan";"None";"nan";"None";"None";"None";"None";"1";"2";"Appartement";"56.0";"3.0";"None";"None";"None";"None";"nan";"7.25552";"43.695542";"000KW"
"2022-64528";"2022-08-12";"1";"Vente";"112800.0";"45.0";"B";"BD FRANCOIS GROSSO";"2630";"06000";"06088";"Nice";"06";"None";"None";"06088000KW0432";"None";"None";"98";"23.42";"None";"nan";"None";"nan";"None";"None";"None";"None";"1";"2";"Appartement";"30.0";"1.0";"None";"None";"None";"None";"nan";"7.250955";"43.697141";"000KW"
"2022-63626";"2022-08-12";"1";"Vente";"477000.0";"15.0";"None";"BD GAMBETTA";"2755";"06000";"06088";"Nice";"06";"None";"None";"06088000KW0339";"None";"None";"15";"nan";"7";"nan";"None";"nan";"None";"None";"None";"None";"2";"3";"Dépendance";"nan";"0.0";"None";"None";"None";"None";"nan";"7.256003";"43.695509";"000KW"
"2022-63719";"2022-08-10";"1";"Vente";"44000.0";"17.0";"None";"AV FLEURS";"2460";"06000";"06088";"Nice";"06";"None";"None";"06088000KW0123";"None";"None";"150";"nan";"None";"nan";"None";"nan";"None";"None";"None";"None";"1";"3";"Dépendance";"nan";"0.0";"None";"None";"None";"None";"nan";"7.253164";"43.697428";"000KW"
"2022-64308";"2022-08-10";"1";"Vente";"32000.0";"17.0";"None";"AV FLEURS";"2460";"06000";"06088";"Nice";"06";"None";"None";"06088000KW0123";"None";"None";"170";"nan";"None";"nan";"None";"nan";"None";"None";"None";"None";"1";"3";"Dépendance";"nan";"0.0";"None";"None";"None";"None";"nan";"7.253164";"43.697428";"000KW"
"2022-64573";"2022-08-09";"1";"Vente";"385000.0";"95.0";"None";"RUE DE FRANCE";"2595";"06000";"06088";"Nice";"06";"None";"None";"06088000KW0247";"None";"None";"28";"nan";"None";"nan";"None";"nan";"None";"None";"None";"None";"1";"2";"Appartement";"74.0";"2.0";"None";"None";"None";"None";"nan";"7.255559";"43.69489";"000KW"
"2022-63773";"2022-08-09";"1";"Vente en l'état futur d'achèvement";"790000.0";"nan";"None";"AV LOUIS COCHOIS";"3740";"06000";"06088";"Nice";"06";"None";"None";"06088000KW0596";"None";"None";"52";"nan";"None";"nan";"None";"nan";"None";"None";"None";"None";"1";"None";"None";"nan";"nan";"None";"None";"None";"None";"nan";"7.250141";"43.697016";"000KW"
"2022-63773";"2022-08-09";"1";"Vente en l'état futur d'achèvement";"790000.0";"nan";"None";"AV LOUIS COCHOIS";"3740";"06000";"06088";"Nice";"06";"None";"None";"06088000KW0596";"None";"None";"75";"nan";"None";"nan";"None";"nan";"None";"None";"None";"None";"1";"None";"None";"nan";"nan";"None";"None";"None";"None";"nan";"7.250141";"43.697016";"000KW"
"2022-63773";"2022-08-09";"1";"Vente en l'état futur d'achèvement";"790000.0";"nan";"None";"AV LOUIS COCHOIS";"3740";"06000";"06088";"Nice";"06";"None";"None";"06088000KW0596";"None";"None";"107";"nan";"None";"nan";"None";"nan";"None";"None";"None";"None";"1";"None";"None";"nan";"nan";"None";"None";"None";"None";"nan";"7.250141";"43.697016";"000KW"
"2022-63388";"2022-08-08";"1";"Vente";"288500.0";"41.0";"None";"BD FRANCOIS GROSSO";"2630";"06000";"06088";"Nice";"06";"None";"None";"06088000KW0092";"None";"None";"11";"nan";"32";"nan";"None";"nan";"None";"None";"None";"None";"2";"2";"Appartement";"61.0";"2.0";"None";"None";"None";"None";"nan";"7.251177";"43.696981";"000KW"
"2022-63388";"2022-08-08";"1";"Vente";"288500.0";"41.0";"None";"BD FRANCOIS GROSSO";"2630";"06000";"06088";"Nice";"06";"None";"None";"06088000KW0092";"None";"None";"11";"nan";"32";"nan";"None";"nan";"None";"None";"None";"None";"2";"3";"Dépendance";"nan";"0.0";"None";"None";"None";"None";"nan";"7.251177";"43.696981";"000KW"
"2022-64322";"2022-08-08";"1";"Vente";"1150000.0";"15.0";"None";"RUE DANTE";"1835";"06000";"06088";"Nice";"06";"None";"None";"06088000KW0300";"None";"None";"94";"nan";"None";"nan";"None";"nan";"None";"None";"None";"None";"1";"3";"Dépendance";"nan";"0.0";"None";"None";"None";"None";"nan";"7.253574";"43.695318";"000KW"
"2022-64322";"2022-08-08";"1";"Vente";"1150000.0";"15.0";"None";"RUE DANTE";"1835";"06000";"06088";"Nice";"06";"None";"None";"06088000KW0300";"None";"None";"93";"nan";"None";"nan";"None";"nan";"None";"None";"None";"None";"1";"3";"Dépendance";"nan";"0.0";"None";"None";"None";"None";"nan";"7.253574";"43.695318";"000KW"
"2022-64322";"2022-08-08";"1";"Vente";"1150000.0";"15.0";"None";"RUE DANTE";"1835";"06000";"06088";"Nice";"06";"None";"None";"06088000KW0300";"None";"None";"92";"nan";"None";"nan";"None";"nan";"None";"None";"None";"None";"1";"3";"Dépendance";"nan";"0.0";"None";"None";"None";"None";"nan";"7.253574";"43.695318";"000KW"
"2022-64322";"2022-08-08";"1";"Vente";"1150000.0";"15.0";"None";"RUE DANTE";"1835";"06000";"06088";"Nice";"06";"None";"None";"06088000KW0300";"None";"None";"91";"nan";"None";"nan";"None";"nan";"None";"None";"None";"None";"1";"3";"Dépendance";"nan";"0.0";"None";"None";"None";"None";"nan";"7.253574";"43.695318";"000KW"
"2022-64322";"2022-08-08";"1";"Vente";"1150000.0";"15.0";"None";"RUE DANTE";"1835";"06000";"06088";"Nice";"06";"None";"None";"06088000KW0300";"None";"None";"90";"nan";"None";"nan";"None";"nan";"None";"None";"None";"None";"1";"3";"Dépendance";"nan";"0.0";"None";"None";"None";"None";"nan";"7.253574";"43.695318";"000KW"
"2022-64322";"2022-08-08";"1";"Vente";"1150000.0";"15.0";"None";"RUE DANTE";"1835";"06000";"06088";"Nice";"06";"None";"None";"06088000KW0300";"None";"None";"89";"nan";"None";"nan";"None";"nan";"None";"None";"None";"None";"1";"3";"Dépendance";"nan";"0.0";"None";"None";"None";"None";"nan";"7.253574";"43.695318";"000KW"
"2022-64322";"2022-08-08";"1";"Vente";"1150000.0";"15.0";"None";"RUE DANTE";"1835";"06000";"06088";"Nice";"06";"None";"None";"06088000KW0300";"None";"None";"88";"nan";"None";"nan";"None";"nan";"None";"None";"None";"None";"1";"3";"Dépendance";"nan";"0.0";"None";"None";"None";"None";"nan";"7.253574";"43.695318";"000KW"
"2022-64322";"2022-08-08";"1";"Vente";"1150000.0";"15.0";"None";"RUE DANTE";"1835";"06000";"06088";"Nice";"06";"None";"None";"06088000KW0300";"None";"None";"87";"nan";"None";"nan";"None";"nan";"None";"None";"None";"None";"1";"3";"Dépendance";"nan";"0.0";"None";"None";"None";"None";"nan";"7.253574";"43.695318";"000KW"
"2022-64322";"2022-08-08";"1";"Vente";"1150000.0";"15.0";"None";"RUE DANTE";"1835";"06000";"06088";"Nice";"06";"None";"None";"06088000KW0300";"None";"None";"95";"nan";"None";"nan";"None";"nan";"None";"None";"None";"None";"1";"3";"Dépendance";"nan";"0.0";"None";"None";"None";"None";"nan";"7.253574";"43.695318";"000KW"
"2022-64322";"2022-08-08";"1";"Vente";"1150000.0";"15.0";"None";"RUE DANTE";"1835";"06000";"06088";"Nice";"06";"None";"None";"06088000KW0300";"None";"None";"96";"nan";"None";"nan";"None";"nan";"None";"None";"None";"None";"1";"3";"Dépendance";"nan";"0.0";"None";"None";"None";"None";"nan";"7.253574";"43.695318";"000KW"
"2022-64322";"2022-08-08";"1";"Vente";"1150000.0";"15.0";"None";"RUE DANTE";"1835";"06000";"06088";"Nice";"06";"None";"None";"06088000KW0300";"None";"None";"97";"nan";"None";"nan";"None";"nan";"None";"None";"None";"None";"1";"3";"Dépendance";"nan";"0.0";"None";"None";"None";"None";"nan";"7.253574";"43.695318";"000KW"
"2022-64322";"2022-08-08";"1";"Vente";"1150000.0";"15.0";"None";"RUE DANTE";"1835";"06000";"06088";"Nice";"06";"None";"None";"06088000KW0300";"None";"None";"98";"nan";"None";"nan";"None";"nan";"None";"None";"None";"None";"1";"3";"Dépendance";"nan";"0.0";"None";"None";"None";"None";"nan";"7.253574";"43.695318";"000KW"
"2022-64322";"2022-08-08";"1";"Vente";"1150000.0";"15.0";"None";"RUE DANTE";"1835";"06000";"06088";"Nice";"06";"None";"None";"06088000KW0300";"None";"None";"99";"nan";"None";"nan";"None";"nan";"None";"None";"None";"None";"1";"3";"Dépendance";"nan";"0.0";"None";"None";"None";"None";"nan";"7.253574";"43.695318";"000KW"
"2022-64322";"2022-08-08";"1";"Vente";"1150000.0";"15.0";"None";"RUE DANTE";"1835";"06000";"06088";"Nice";"06";"None";"None";"06088000KW0300";"None";"None";"101";"nan";"None";"nan";"None";"nan";"None";"None";"None";"None";"1";"4";"Local industriel. commercial ou assimilé";"531.0";"0.0";"None";"None";"None";"None";"nan";"7.253574";"43.695318";"000KW"
"2022-63936";"2022-08-03";"1";"Vente";"46000.0";"19.0";"None";"RUE ANDRIOLI";"0230";"06000";"06088";"Nice";"06";"None";"None";"06088000KW0206";"None";"None";"86";"nan";"None";"nan";"None";"nan";"None";"None";"None";"None";"1";"3";"Dépendance";"nan";"0.0";"None";"None";"None";"None";"nan";"7.253381";"43.696371";"000KW"
"2022-63262";"2022-08-02";"1";"Vente";"109000.0";"4.0";"None";"BD FRANCOIS GROSSO";"2630";"06000";"06088";"Nice";"06";"None";"None";"06088000KW0318";"None";"None";"58";"nan";"None";"nan";"None";"nan";"None";"None";"None";"None";"1";"2";"Appartement";"20.0";"1.0";"None";"None";"None";"None";"nan";"7.252322";"43.694771";"000KW"
"2022-63262";"2022-08-02";"1";"Vente";"109000.0";"4.0";"None";"BD FRANCOIS GROSSO";"2630";"06000";"06088";"Nice";"06";"None";"None";"06088000KW0318";"None";"None";"58";"nan";"None";"nan";"None";"nan";"None";"None";"None";"None";"1";"3";"Dépendance";"nan";"0.0";"None";"None";"None";"None";"nan";"7.252322";"43.694771";"000KW"
"2022-62773";"2022-08-01";"1";"Vente";"495500.0";"6.0";"B";"AV DES ORANGERS";"4590";"06000";"06088";"Nice";"06";"None";"None";"06088000KW0127";"None";"None";"59PO";"74.48";"75PO";"nan";"None";"nan";"None";"None";"None";"None";"2";"2";"Appartement";"70.0";"2.0";"None";"None";"None";"None";"nan";"7.254233";"43.697353";"000KW"
"2022-62773";"2022-08-01";"1";"Vente";"495500.0";"10.0";"None";"AV DES ORANGERS";"4590";"06000";"06088";"Nice";"06";"None";"None";"06088000KW0124";"None";"None";"15";"nan";"None";"nan";"None";"nan";"None";"None";"None";"None";"1";"3";"Dépendance";"nan";"0.0";"None";"None";"None";"None";"nan";"7.253552";"43.697329";"000KW"
"2022-63712";"2022-07-29";"1";"Vente";"140000.0";"28.0";"None";"RUE BOTTERO";"0925";"06000";"06088";"Nice";"06";"None";"None";"06088000KW0439";"None";"None";"78";"24.02";"None";"nan";"None";"nan";"None";"None";"None";"None";"1";"2";"Appartement";"25.0";"1.0";"None";"None";"None";"None";"nan";"7.252368";"43.696615";"000KW"
"2022-63863";"2022-07-29";"1";"Vente";"63000.0";"19.0";"None";"RUE ANDRIOLI";"0230";"06000";"06088";"Nice";"06";"None";"None";"06088000KW0206";"None";"None";"60";"nan";"None";"nan";"None";"nan";"None";"None";"None";"None";"1";"3";"Dépendance";"nan";"0.0";"None";"None";"None";"None";"nan";"7.253381";"43.696371";"000KW"
"2022-62900";"2022-07-28";"1";"Vente";"170000.0";"4.0";"None";"RUE JOSEPH FRICERO";"3470";"06000";"06088";"Nice";"06";"None";"None";"06088000KW0267";"None";"None";"31";"nan";"32";"nan";"33";"nan";"34";"None";"None";"None";"4";"2";"Appartement";"45.0";"2.0";"None";"None";"None";"None";"nan";"7.254606";"43.695382";"000KW"
"2022-63038";"2022-07-28";"1";"Vente";"475000.0";"5.0";"None";"RUE JOSEPH FRICERO";"3470";"06000";"06088";"Nice";"06";"None";"None";"06088000KW0275";"None";"None";"9";"nan";"None";"nan";"None";"nan";"None";"None";"None";"None";"1";"2";"Appartement";"71.0";"4.0";"None";"None";"None";"None";"nan";"7.254322";"43.695139";"000KW"
"2022-63787";"2022-07-28";"1";"Vente";"317000.0";"76.0";"None";"AV BAUMETTES OLIVIERS";"0662";"06000";"06088";"Nice";"06";"None";"None";"06088000KW0005";"None";"None";"260";"nan";"342";"nan";"None";"nan";"None";"None";"None";"None";"2";"2";"Appartement";"38.0";"2.0";"None";"None";"None";"None";"nan";"7.250071";"43.698297";"000KW"
"2022-63787";"2022-07-28";"1";"Vente";"317000.0";"76.0";"None";"AV BAUMETTES OLIVIERS";"0662";"06000";"06088";"Nice";"06";"None";"None";"06088000KW0005";"None";"None";"260";"nan";"342";"nan";"None";"nan";"None";"None";"None";"None";"2";"3";"Dépendance";"nan";"0.0";"None";"None";"None";"None";"nan";"7.250071";"43.698297";"000KW"
"2022-63787";"2022-07-28";"1";"Vente";"317000.0";"76.0";"None";"AV BAUMETTES OLIVIERS";"0662";"06000";"06088";"Nice";"06";"None";"None";"06088000KW0005";"None";"None";"260";"nan";"342";"nan";"None";"nan";"None";"None";"None";"None";"2";"3";"Dépendance";"nan";"0.0";"None";"None";"None";"None";"nan";"7.250071";"43.698297";"000KW"
"2022-63096";"2022-07-27";"1";"Vente";"510000.0";"15.0";"None";"BD GAMBETTA";"2755";"06000";"06088";"Nice";"06";"None";"None";"06088000KW0339";"None";"None";"10";"nan";"22";"nan";"None";"nan";"None";"None";"None";"None";"2";"2";"Appartement";"90.0";"4.0";"None";"None";"None";"None";"nan";"7.256003";"43.695509";"000KW"
"2022-63115";"2022-07-27";"1";"Vente";"243000.0";"12.0";"None";"RUE BOTTERO";"0925";"06000";"06088";"Nice";"06";"None";"None";"06088000KW0143";"None";"None";"35";"nan";"None";"nan";"None";"nan";"None";"None";"None";"None";"1";"2";"Appartement";"33.0";"1.0";"None";"None";"None";"None";"nan";"7.254062";"43.696768";"000KW"
"2022-63670";"2022-07-27";"1";"Vente";"255000.0";"25.0";"None";"AV DES ORANGERS";"4590";"06000";"06088";"Nice";"06";"None";"None";"06088000KW0156";"None";"None";"27";"nan";"None";"nan";"None";"nan";"None";"None";"None";"None";"1";"2";"Appartement";"36.0";"2.0";"None";"None";"None";"None";"nan";"7.252013";"43.6969";"000KW"
"2022-62541";"2022-07-27";"1";"Vente";"26000.0";"10.0";"None";"AV DES ORANGERS";"4590";"06000";"06088";"Nice";"06";"None";"None";"06088000KW0124";"None";"None";"24";"nan";"None";"nan";"None";"nan";"None";"None";"None";"None";"1";"3";"Dépendance";"nan";"0.0";"None";"None";"None";"None";"nan";"7.253552";"43.697329";"000KW"
"2022-63096";"2022-07-27";"1";"Vente";"510000.0";"15.0";"None";"BD GAMBETTA";"2755";"06000";"06088";"Nice";"06";"None";"None";"06088000KW0339";"None";"None";"10";"nan";"22";"nan";"None";"nan";"None";"None";"None";"None";"2";"3";"Dépendance";"nan";"0.0";"None";"None";"None";"None";"nan";"7.256003";"43.695509";"000KW"
"2022-62728";"2022-07-26";"1";"Vente";"110000.0";"5.0";"None";"RUE CLAUDIA";"1460";"06000";"06088";"Nice";"06";"None";"None";"06088000KW0497";"None";"None";"17";"nan";"None";"nan";"None";"nan";"None";"None";"None";"None";"1";"2";"Appartement";"37.0";"2.0";"None";"None";"None";"None";"nan";"7.254649";"43.695147";"000KW"
"2022-63005";"2022-07-26";"1";"Vente";"305000.0";"15.0";"B";"AV DES ORANGERS";"4590";"06000";"06088";"Nice";"06";"None";"None";"06088000KW0341";"None";"None";"18";"nan";"32";"44.09";"None";"nan";"None";"None";"None";"None";"2";"2";"Appartement";"43.0";"2.0";"None";"None";"None";"None";"nan";"7.253267";"43.696923";"000KW"
"2022-63187";"2022-07-26";"1";"Vente";"417870.0";"8.0";"None";"RUE SAINT PHILIPPE";"5895";"06000";"06088";"Nice";"06";"None";"None";"06088000KW0446";"None";"None";"215";"97.12";"None";"nan";"None";"nan";"None";"None";"None";"None";"1";"2";"Appartement";"96.0";"4.0";"None";"None";"None";"None";"nan";"7.255854";"43.694672";"000KW"
"2022-63309";"2022-07-26";"1";"Vente";"196000.0";"21.0";"None";"BD FRANCOIS GROSSO";"2630";"06000";"06088";"Nice";"06";"None";"None";"06088000KW0076";"None";"None";"38";"nan";"53";"nan";"None";"nan";"None";"None";"None";"None";"2";"2";"Appartement";"47.0";"2.0";"None";"None";"None";"None";"nan";"7.251171";"43.696065";"000KW"
"2022-62728";"2022-07-26";"1";"Vente";"110000.0";"5.0";"None";"RUE CLAUDIA";"1460";"06000";"06088";"Nice";"06";"None";"None";"06088000KW0497";"None";"None";"17";"nan";"None";"nan";"None";"nan";"None";"None";"None";"None";"1";"3";"Dépendance";"nan";"0.0";"None";"None";"None";"None";"nan";"7.254649";"43.695147";"000KW"
"2022-63005";"2022-07-26";"1";"Vente";"305000.0";"15.0";"B";"AV DES ORANGERS";"4590";"06000";"06088";"Nice";"06";"None";"None";"06088000KW0341";"None";"None";"18";"nan";"32";"44.09";"None";"nan";"None";"None";"None";"None";"2";"3";"Dépendance";"nan";"0.0";"None";"None";"None";"None";"nan";"7.253267";"43.696923";"000KW"
"2022-63187";"2022-07-26";"1";"Vente";"417870.0";"8.0";"None";"RUE SAINT PHILIPPE";"5895";"06000";"06088";"Nice";"06";"None";"None";"06088000KW0446";"None";"None";"215";"97.12";"None";"nan";"None";"nan";"None";"None";"None";"None";"1";"3";"Dépendance";"nan";"0.0";"None";"None";"None";"None";"nan";"7.255854";"43.694672";"000KW"
"2022-63309";"2022-07-26";"1";"Vente";"196000.0";"21.0";"None";"BD FRANCOIS GROSSO";"2630";"06000";"06088";"Nice";"06";"None";"None";"06088000KW0076";"None";"None";"38";"nan";"53";"nan";"None";"nan";"None";"None";"None";"None";"2";"3";"Dépendance";"nan";"0.0";"None";"None";"None";"None";"nan";"7.251171";"43.696065";"000KW"
"2022-63310";"2022-07-26";"2";"Vente";"29000.0";"21.0";"None";"BD FRANCOIS GROSSO";"2630";"06000";"06088";"Nice";"06";"None";"None";"06088000KW0076";"None";"None";"345";"nan";"None";"nan";"None";"nan";"None";"None";"None";"None";"1";"3";"Dépendance";"nan";"0.0";"None";"None";"None";"None";"nan";"7.251171";"43.696065";"000KW"
"2022-62180";"2022-07-25";"1";"Vente";"137750.0";"4.0";"None";"BD FRANCOIS GROSSO";"2630";"06000";"06088";"Nice";"06";"None";"None";"06088000KW0318";"None";"None";"41";"20.01";"None";"nan";"None";"nan";"None";"None";"None";"None";"1";"2";"Appartement";"20.0";"1.0";"None";"None";"None";"None";"nan";"7.252322";"43.694771";"000KW"
"2022-62602";"2022-07-25";"1";"Vente";"205000.0";"6.0";"None";"RUE ALEXIS MOSSA";"0094";"06000";"06088";"Nice";"06";"None";"None";"06088000KW0201";"None";"None";"62";"41.94";"None";"nan";"None";"nan";"None";"None";"None";"None";"1";"2";"Appartement";"44.0";"2.0";"None";"None";"None";"None";"nan";"7.253236";"43.696235";"000KW"
"2022-62962";"2022-07-25";"1";"Vente";"140000.0";"1.0";"None";"RUE ANDRIOLI";"0230";"06000";"06088";"Nice";"06";"None";"None";"06088000KW0281";"None";"None";"46";"nan";"None";"nan";"None";"nan";"None";"None";"None";"None";"1";"2";"Appartement";"37.0";"1.0";"None";"None";"None";"None";"nan";"7.254147";"43.693921";"000KW"
"2022-63034";"2022-07-25";"1";"Vente";"340650.0";"13.0";"None";"RUE SAINT PHILIPPE";"5895";"06000";"06088";"Nice";"06";"None";"None";"06088000KW0419";"None";"None";"16";"48.4";"None";"nan";"None";"nan";"None";"None";"None";"None";"1";"2";"Appartement";"52.0";"4.0";"None";"None";"None";"None";"nan";"7.254973";"43.695132";"000KW"
"2022-63034";"2022-07-25";"1";"Vente";"340650.0";"13.0";"None";"RUE SAINT PHILIPPE";"5895";"06000";"06088";"Nice";"06";"None";"None";"06088000KW0419";"None";"None";"16";"48.4";"None";"nan";"None";"nan";"None";"None";"None";"None";"1";"3";"Dépendance";"nan";"0.0";"None";"None";"None";"None";"nan";"7.254973";"43.695132";"000KW"
"2022-62637";"2022-07-22";"1";"Vente";"295500.0";"16.0";"None";"BD FRANCOIS GROSSO";"2630";"06000";"06088";"Nice";"06";"None";"None";"06088000KW0170";"None";"None";"20";"64.54";"None";"nan";"None";"nan";"None";"None";"None";"None";"1";"2";"Appartement";"53.0";"3.0";"None";"None";"None";"None";"nan";"7.251884";"43.696244";"000KW"
"2022-63542";"2022-07-22";"1";"Vente";"24400.0";"21.0";"None";"BD FRANCOIS GROSSO";"2630";"06000";"06088";"Nice";"06";"None";"None";"06088000KW0076";"None";"None";"271";"nan";"None";"nan";"None";"nan";"None";"None";"None";"None";"1";"3";"Dépendance";"nan";"0.0";"None";"None";"None";"None";"nan";"7.251171";"43.696065";"000KW"
"2022-64232";"2022-07-22";"1";"Vente";"405000.0";"5.0";"None";"RUE DANTE";"1835";"06000";"06088";"Nice";"06";"None";"None";"06088000KW0243";"None";"None";"4";"nan";"None";"nan";"None";"nan";"None";"None";"None";"None";"1";"4";"Local industriel. commercial ou assimilé";"41.0";"0.0";"None";"None";"None";"None";"nan";"7.255346";"43.695658";"000KW"
"2022-64232";"2022-07-22";"1";"Vente";"405000.0";"5.0";"None";"RUE DANTE";"1835";"06000";"06088";"Nice";"06";"None";"None";"06088000KW0243";"None";"None";"4";"nan";"None";"nan";"None";"nan";"None";"None";"None";"None";"1";"4";"Local industriel. commercial ou assimilé";"74.0";"0.0";"None";"None";"None";"None";"nan";"7.255346";"43.695658";"000KW"
"2022-62418";"2022-07-21";"1";"Vente";"170000.0";"5.0";"None";"AV FLEURS";"2460";"06000";"06088";"Nice";"06";"None";"None";"06088000KW0131";"None";"None";"24";"43.23";"None";"nan";"None";"nan";"None";"None";"None";"None";"1";"2";"Appartement";"46.0";"1.0";"None";"None";"None";"None";"nan";"7.255071";"43.697471";"000KW"
"2022-63182";"2022-07-21";"1";"Vente";"181980.0";"17.0";"None";"AV FLEURS";"2460";"06000";"06088";"Nice";"06";"None";"None";"06088000KW0123";"None";"None";"76";"36.55";"None";"nan";"None";"nan";"None";"None";"None";"None";"1";"2";"Appartement";"36.0";"1.0";"None";"None";"None";"None";"nan";"7.253164";"43.697428";"000KW"
"2022-62418";"2022-07-21";"1";"Vente";"170000.0";"5.0";"None";"AV FLEURS";"2460";"06000";"06088";"Nice";"06";"None";"None";"06088000KW0131";"None";"None";"24";"43.23";"None";"nan";"None";"nan";"None";"None";"None";"None";"1";"3";"Dépendance";"nan";"0.0";"None";"None";"None";"None";"nan";"7.255071";"43.697471";"000KW"
"2022-62350";"2022-07-20";"1";"Vente";"398000.0";"76.0";"None";"AV BAUMETTES PANORAMIC";"0665";"06000";"06088";"Nice";"06";"None";"None";"06088000KW0005";"None";"None";"500";"nan";"558";"nan";"None";"nan";"None";"None";"None";"None";"2";"2";"Appartement";"78.0";"3.0";"None";"None";"None";"None";"nan";"7.250071";"43.698297";"000KW"
"2022-62350";"2022-07-20";"1";"Vente";"398000.0";"76.0";"None";"AV BAUMETTES PANORAMIC";"0665";"06000";"06088";"Nice";"06";"None";"None";"06088000KW0005";"None";"None";"500";"nan";"558";"nan";"None";"nan";"None";"None";"None";"None";"2";"3";"Dépendance";"nan";"0.0";"None";"None";"None";"None";"nan";"7.250071";"43.698297";"000KW"
"2022-62705";"2022-07-19";"1";"Vente";"778780.0";"3.0";"None";"AV DES ORANGERS";"4590";"06000";"06088";"Nice";"06";"None";"None";"06088000KW0387";"None";"None";"239";"nan";"256";"89.01";"None";"nan";"None";"None";"None";"None";"2";"2";"Appartement";"118.0";"4.0";"None";"None";"None";"None";"nan";"7.254509";"43.696873";"000KW"
"2022-62758";"2022-07-19";"1";"Vente";"490000.0";"17.0";"None";"BD GAMBETTA";"2755";"06000";"06088";"Nice";"06";"None";"None";"06088000KW0338";"None";"None";"21";"nan";"3";"nan";"None";"nan";"None";"None";"None";"None";"2";"2";"Appartement";"121.0";"4.0";"None";"None";"None";"None";"nan";"7.255966";"43.695651";"000KW"
"2022-63538";"2022-07-19";"1";"Vente";"250000.0";"15.0";"B";"AV DES ORANGERS";"4590";"06000";"06088";"Nice";"06";"None";"None";"06088000KW0341";"None";"None";"51";"51.69";"None";"nan";"None";"nan";"None";"None";"None";"None";"1";"2";"Appartement";"50.0";"2.0";"None";"None";"None";"None";"nan";"7.253267";"43.696923";"000KW"
"2022-62705";"2022-07-19";"1";"Vente";"778780.0";"3.0";"None";"AV DES ORANGERS";"4590";"06000";"06088";"Nice";"06";"None";"None";"06088000KW0387";"None";"None";"239";"nan";"256";"89.01";"None";"nan";"None";"None";"None";"None";"2";"3";"Dépendance";"nan";"0.0";"None";"None";"None";"None";"nan";"7.254509";"43.696873";"000KW"
"2022-62758";"2022-07-19";"1";"Vente";"490000.0";"17.0";"None";"BD GAMBETTA";"2755";"06000";"06088";"Nice";"06";"None";"None";"06088000KW0338";"None";"None";"21";"nan";"3";"nan";"None";"nan";"None";"None";"None";"None";"2";"3";"Dépendance";"nan";"0.0";"None";"None";"None";"None";"nan";"7.255966";"43.695651";"000KW"
"2022-61943";"2022-07-18";"1";"Vente";"262000.0";"6.0";"T";"AV DES ORANGERS";"4590";"06000";"06088";"Nice";"06";"None";"None";"06088000KW0127";"None";"None";"106PO";"48.29";"None";"nan";"None";"nan";"None";"None";"None";"None";"1";"2";"Appartement";"47.0";"2.0";"None";"None";"None";"None";"nan";"7.254233";"43.697353";"000KW"
"2022-62201";"2022-07-18";"1";"Vente";"340000.0";"13.0";"None";"RUE BOTTERO";"0925";"06000";"06088";"Nice";"06";"None";"None";"06088000KW0221";"None";"None";"16";"nan";"27";"50.52";"None";"nan";"None";"None";"None";"None";"2";"2";"Appartement";"54.0";"3.0";"None";"None";"None";"None";"nan";"7.254291";"43.696458";"000KW"
"2022-62844";"2022-07-18";"1";"Vente";"255000.0";"16.0";"None";"AV DES BAUMETTES";"0660";"06000";"06088";"Nice";"06";"None";"None";"06088000KW0080";"None";"None";"57";"41.63";"None";"nan";"None";"nan";"None";"None";"None";"None";"1";"2";"Appartement";"42.0";"2.0";"None";"None";"None";"None";"nan";"7.250366";"43.695706";"000KW"
"2022-62201";"2022-07-18";"1";"Vente";"340000.0";"13.0";"None";"RUE BOTTERO";"0925";"06000";"06088";"Nice";"06";"None";"None";"06088000KW0221";"None";"None";"16";"nan";"27";"50.52";"None";"nan";"None";"None";"None";"None";"2";"3";"Dépendance";"nan";"0.0";"None";"None";"None";"None";"nan";"7.254291";"43.696458";"000KW"
"2022-62844";"2022-07-18";"1";"Vente";"255000.0";"16.0";"None";"AV DES BAUMETTES";"0660";"06000";"06088";"Nice";"06";"None";"None";"06088000KW0080";"None";"None";"6";"nan";"None";"nan";"None";"nan";"None";"None";"None";"None";"1";"3";"Dépendance";"nan";"0.0";"None";"None";"None";"None";"nan";"7.250366";"43.695706";"000KW"
"2022-61774";"2022-07-13";"1";"Vente";"200000.0";"24.0";"None";"AV CHATEAU DE LA TOUR";"1355";"06000";"06088";"Nice";"06";"None";"None";"06088000KW0013";"None";"None";"None";"nan";"None";"nan";"None";"nan";"None";"None";"None";"None";"0";"1";"Maison";"83.0";"4.0";"S";"sols";"None";"None";"195.0";"7.249782";"43.696683";"000KW"
"2022-61726";"2022-07-13";"1";"Vente en l'état futur d'achèvement";"25000.0";"nan";"None";"AV LOUIS COCHOIS";"3740";"06000";"06088";"Nice";"06";"None";"None";"06088000KW0596";"None";"None";"125";"nan";"None";"nan";"None";"nan";"None";"None";"None";"None";"1";"None";"None";"nan";"nan";"None";"None";"None";"None";"nan";"7.250141";"43.697016";"000KW"
"2022-61726";"2022-07-13";"1";"Vente en l'état futur d'achèvement";"25000.0";"nan";"None";"AV LOUIS COCHOIS";"3740";"06000";"06088";"Nice";"06";"None";"None";"06088000KW0596";"None";"None";"122";"nan";"None";"nan";"None";"nan";"None";"None";"None";"None";"1";"None";"None";"nan";"nan";"None";"None";"None";"None";"nan";"7.250141";"43.697016";"000KW"
"2022-62040";"2022-07-08";"1";"Vente";"190000.0";"25.0";"None";"AV DES ORANGERS";"4590";"06000";"06088";"Nice";"06";"None";"None";"06088000KW0156";"None";"None";"30";"nan";"None";"nan";"None";"nan";"None";"None";"None";"None";"1";"2";"Appartement";"36.0";"2.0";"None";"None";"None";"None";"nan";"7.252013";"43.6969";"000KW"
"2022-62115";"2022-07-08";"1";"Vente";"260000.0";"18.0";"None";"RUE SAINT PHILIPPE";"5895";"06000";"06088";"Nice";"06";"None";"None";"06088000KW0244";"None";"None";"24";"36.02";"None";"nan";"None";"nan";"None";"None";"None";"None";"1";"2";"Appartement";"37.0";"2.0";"None";"None";"None";"None";"nan";"7.255348";"43.695515";"000KW"
"2022-62040";"2022-07-08";"1";"Vente";"190000.0";"25.0";"None";"AV DES ORANGERS";"4590";"06000";"06088";"Nice";"06";"None";"None";"06088000KW0156";"None";"None";"1";"nan";"None";"nan";"None";"nan";"None";"None";"None";"None";"1";"3";"Dépendance";"nan";"0.0";"None";"None";"None";"None";"nan";"7.252013";"43.6969";"000KW"
"2022-62202";"2022-07-08";"1";"Vente";"28500.0";"28.0";"None";"RUE BOTTERO";"0925";"06000";"06088";"Nice";"06";"None";"None";"06088000KW0439";"None";"None";"26";"nan";"None";"nan";"None";"nan";"None";"None";"None";"None";"1";"3";"Dépendance";"nan";"0.0";"None";"None";"None";"None";"nan";"7.252368";"43.696615";"000KW"
"2022-61848";"2022-07-07";"1";"Vente";"188650.0";"4.0";"None";"RUE SAINT PHILIPPE";"5895";"06000";"06088";"Nice";"06";"None";"None";"06088000KW0252";"None";"None";"11B";"32.44";"None";"nan";"None";"nan";"None";"None";"None";"None";"1";"2";"Appartement";"30.0";"1.0";"None";"None";"None";"None";"nan";"7.255928";"43.694042";"000KW"
"2022-61848";"2022-07-07";"1";"Vente";"188650.0";"4.0";"None";"RUE SAINT PHILIPPE";"5895";"06000";"06088";"Nice";"06";"None";"None";"06088000KW0252";"None";"None";"11B";"32.44";"None";"nan";"None";"nan";"None";"None";"None";"None";"1";"3";"Dépendance";"nan";"0.0";"None";"None";"None";"None";"nan";"7.255928";"43.694042";"000KW"
"2022-61517";"2022-07-06";"1";"Vente";"325000.0";"21.0";"None";"BD FRANCOIS GROSSO";"2630";"06000";"06088";"Nice";"06";"None";"None";"06088000KW0076";"None";"None";"168";"nan";"91";"nan";"None";"nan";"None";"None";"None";"None";"2";"2";"Appartement";"55.0";"2.0";"None";"None";"None";"None";"nan";"7.251171";"43.696065";"000KW"
"2022-61517";"2022-07-06";"1";"Vente";"325000.0";"21.0";"None";"BD FRANCOIS GROSSO";"2630";"06000";"06088";"Nice";"06";"None";"None";"06088000KW0076";"None";"None";"168";"nan";"91";"nan";"None";"nan";"None";"None";"None";"None";"2";"3";"Dépendance";"nan";"0.0";"None";"None";"None";"None";"nan";"7.251171";"43.696065";"000KW"
"2022-62198";"2022-07-05";"1";"Vente";"140000.0";"28.0";"None";"RUE BOTTERO";"0925";"06000";"06088";"Nice";"06";"None";"None";"06088000KW0439";"None";"None";"81";"25.53";"None";"nan";"None";"nan";"None";"None";"None";"None";"1";"2";"Appartement";"25.0";"1.0";"None";"None";"None";"None";"nan";"7.252368";"43.696615";"000KW"
"2022-63398";"2022-07-05";"1";"Vente";"300250.0";"23.0";"None";"AV FLEURS";"2460";"06000";"06088";"Nice";"06";"None";"None";"06088000KW0367";"None";"None";"21";"60.5";"None";"nan";"None";"nan";"None";"None";"None";"None";"1";"2";"Appartement";"63.0";"2.0";"None";"None";"None";"None";"nan";"7.252283";"43.697823";"000KW"
"2022-63398";"2022-07-05";"1";"Vente";"300250.0";"23.0";"None";"AV FLEURS";"2460";"06000";"06088";"Nice";"06";"None";"None";"06088000KW0367";"None";"None";"21";"60.5";"None";"nan";"None";"nan";"None";"None";"None";"None";"1";"3";"Dépendance";"nan";"0.0";"None";"None";"None";"None";"nan";"7.252283";"43.697823";"000KW"
"2022-63398";"2022-07-05";"1";"Vente";"300250.0";"23.0";"None";"AV FLEURS";"2460";"06000";"06088";"Nice";"06";"None";"None";"06088000KW0367";"None";"None";"21";"60.5";"None";"nan";"None";"nan";"None";"None";"None";"None";"1";"3";"Dépendance";"nan";"0.0";"None";"None";"None";"None";"nan";"7.252283";"43.697823";"000KW"
"2022-61991";"2022-07-04";"1";"Vente";"175000.0";"5.0";"None";"RUE ALEXIS MOSSA";"0094";"06000";"06088";"Nice";"06";"None";"None";"06088000KW0193";"None";"None";"8";"nan";"None";"nan";"None";"nan";"None";"None";"None";"None";"1";"2";"Appartement";"53.0";"3.0";"None";"None";"None";"None";"nan";"7.253176";"43.695956";"000KW"
"2022-61991";"2022-07-04";"1";"Vente";"175000.0";"5.0";"None";"RUE ALEXIS MOSSA";"0094";"06000";"06088";"Nice";"06";"None";"None";"06088000KW0193";"None";"None";"14";"39.68";"None";"nan";"None";"nan";"None";"None";"None";"None";"1";"2";"Appartement";"43.0";"2.0";"None";"None";"None";"None";"nan";"7.253176";"43.695956";"000KW"
"2022-62196";"2022-07-04";"1";"Vente";"404000.0";"17.0";"None";"AV DES BAUMETTES";"0660";"06000";"06088";"Nice";"06";"None";"None";"06088000KW0060";"None";"None";"34";"72.66";"None";"nan";"None";"nan";"None";"None";"None";"None";"1";"2";"Appartement";"75.0";"3.0";"None";"None";"None";"None";"nan";"7.250529";"43.695381";"000KW"
"2022-62271";"2022-07-04";"1";"Vente";"450000.0";"9.0";"T";"AV FLEURS";"2460";"06000";"06088";"Nice";"06";"None";"None";"06088000KW0127";"None";"None";"5MR";"nan";"63MR";"nan";"None";"nan";"None";"None";"None";"None";"2";"2";"Appartement";"108.0";"4.0";"None";"None";"None";"None";"nan";"7.254233";"43.697353";"000KW"
"2022-61953";"2022-07-04";"1";"Vente";"40000.0";"27.0";"None";"AV FLEURS";"2460";"06000";"06088";"Nice";"06";"None";"None";"06088000KW0108";"None";"None";"110";"nan";"None";"nan";"None";"nan";"None";"None";"None";"None";"1";"3";"Dépendance";"nan";"0.0";"None";"None";"None";"None";"nan";"7.251754";"43.697744";"000KW"
"2022-61991";"2022-07-04";"1";"Vente";"175000.0";"5.0";"None";"RUE ALEXIS MOSSA";"0094";"06000";"06088";"Nice";"06";"None";"None";"06088000KW0193";"None";"None";"8";"nan";"None";"nan";"None";"nan";"None";"None";"None";"None";"1";"3";"Dépendance";"nan";"0.0";"None";"None";"None";"None";"nan";"7.253176";"43.695956";"000KW"
"2022-62196";"2022-07-04";"1";"Vente";"404000.0";"17.0";"None";"AV DES BAUMETTES";"0660";"06000";"06088";"Nice";"06";"None";"None";"06088000KW0060";"None";"None";"5";"nan";"None";"nan";"None";"nan";"None";"None";"None";"None";"1";"3";"Dépendance";"nan";"0.0";"None";"None";"None";"None";"nan";"7.250529";"43.695381";"000KW"
"2022-62271";"2022-07-04";"1";"Vente";"450000.0";"9.0";"T";"AV FLEURS";"2460";"06000";"06088";"Nice";"06";"None";"None";"06088000KW0127";"None";"None";"5MR";"nan";"63MR";"nan";"None";"nan";"None";"None";"None";"None";"2";"3";"Dépendance";"nan";"0.0";"None";"None";"None";"None";"nan";"7.254233";"43.697353";"000KW"
"2022-61958";"2022-07-01";"1";"Vente";"255000.0";"27.0";"None";"AV FLEURS";"2460";"06000";"06088";"Nice";"06";"None";"None";"06088000KW0108";"None";"None";"24";"nan";"None";"nan";"None";"nan";"None";"None";"None";"None";"1";"2";"Appartement";"60.0";"2.0";"None";"None";"None";"None";"nan";"7.251754";"43.697744";"000KW"
"2022-61147";"2022-06-30";"1";"Vente";"238000.0";"16.0";"None";"AV DES ORANGERS";"4590";"06000";"06088";"Nice";"06";"None";"None";"06088000KW0120";"None";"None";"28";"37.08";"None";"nan";"None";"nan";"None";"None";"None";"None";"1";"2";"Appartement";"36.0";"2.0";"None";"None";"None";"None";"nan";"7.252789";"43.697222";"000KW"
"2022-60964";"2022-06-30";"1";"Vente";"44000.0";"28.0";"None";"BD FRANCOIS GROSSO";"2630";"06000";"06088";"Nice";"06";"None";"None";"06088000KW0362";"None";"None";"1057";"nan";"None";"nan";"None";"nan";"None";"None";"None";"None";"1";"3";"Dépendance";"nan";"0.0";"None";"None";"None";"None";"nan";"7.251748";"43.69738";"000KW"
"2022-61147";"2022-06-30";"1";"Vente";"238000.0";"16.0";"None";"AV DES ORANGERS";"4590";"06000";"06088";"Nice";"06";"None";"None";"06088000KW0120";"None";"None";"9";"nan";"None";"nan";"None";"nan";"None";"None";"None";"None";"1";"3";"Dépendance";"nan";"0.0";"None";"None";"None";"None";"nan";"7.252789";"43.697222";"000KW"
"2022-61249";"2022-06-30";"1";"Vente";"74000.0";"21.0";"None";"BD FRANCOIS GROSSO";"2630";"06000";"06088";"Nice";"06";"None";"None";"06088000KW0076";"None";"None";"197";"nan";"None";"nan";"None";"nan";"None";"None";"None";"None";"1";"3";"Dépendance";"nan";"0.0";"None";"None";"None";"None";"nan";"7.251171";"43.696065";"000KW"
"2022-61249";"2022-06-30";"1";"Vente";"74000.0";"21.0";"None";"BD FRANCOIS GROSSO";"2630";"06000";"06088";"Nice";"06";"None";"None";"06088000KW0076";"None";"None";"198";"nan";"None";"nan";"None";"nan";"None";"None";"None";"None";"1";"3";"Dépendance";"nan";"0.0";"None";"None";"None";"None";"nan";"7.251171";"43.696065";"000KW"
"2022-61433";"2022-06-29";"1";"Vente";"215000.0";"22.0";"None";"RUE BOTTERO";"0925";"06000";"06088";"Nice";"06";"None";"None";"06088000KW0153";"None";"None";"249";"nan";"61";"nan";"None";"nan";"None";"None";"None";"None";"2";"2";"Appartement";"58.0";"2.0";"None";"None";"None";"None";"nan";"7.252797";"43.696798";"000KW"
"2022-62764";"2022-06-29";"1";"Vente";"385000.0";"15.0";"None";"RUE JOSEPH FRICERO";"3470";"06000";"06088";"Nice";"06";"None";"None";"06088000KW0210";"None";"None";"10";"nan";"None";"nan";"None";"nan";"None";"None";"None";"None";"1";"2";"Appartement";"95.0";"4.0";"None";"None";"None";"None";"nan";"7.254129";"43.695803";"000KW"
"2022-61433";"2022-06-29";"1";"Vente";"215000.0";"22.0";"None";"RUE BOTTERO";"0925";"06000";"06088";"Nice";"06";"None";"None";"06088000KW0153";"None";"None";"249";"nan";"61";"nan";"None";"nan";"None";"None";"None";"None";"2";"3";"Dépendance";"nan";"0.0";"None";"None";"None";"None";"nan";"7.252797";"43.696798";"000KW"
"2022-62218";"2022-06-28";"1";"Vente";"865000.0";"54.0";"None";"PROM DES ANGLAIS";"0240";"06000";"06088";"Nice";"06";"None";"None";"06088000KW0283";"None";"None";"35";"nan";"87";"nan";"None";"nan";"None";"None";"None";"None";"2";"2";"Appartement";"99.0";"3.0";"None";"None";"None";"None";"nan";"7.254063";"43.693742";"000KW"
"2022-60947";"2022-06-28";"1";"Vente";"50000.0";"1.0";"None";"RUE JOSEPH FRICERO";"3470";"06000";"06088";"Nice";"06";"None";"None";"06088000KW0515";"None";"None";"34";"nan";"None";"nan";"None";"nan";"None";"None";"None";"None";"1";"3";"Dépendance";"nan";"0.0";"None";"None";"None";"None";"nan";"7.254373";"43.694881";"000KW"
"2022-62218";"2022-06-28";"1";"Vente";"865000.0";"54.0";"None";"PROM DES ANGLAIS";"0240";"06000";"06088";"Nice";"06";"None";"None";"06088000KW0283";"None";"None";"53";"nan";"None";"nan";"None";"nan";"None";"None";"None";"None";"1";"3";"Dépendance";"nan";"0.0";"None";"None";"None";"None";"nan";"7.254063";"43.693742";"000KW"
"2022-61183";"2022-06-28";"1";"Vente en l'état futur d'achèvement";"53000.0";"nan";"None";"AV LOUIS COCHOIS";"3740";"06000";"06088";"Nice";"06";"None";"None";"06088000KW0596";"None";"None";"95";"nan";"None";"nan";"None";"nan";"None";"None";"None";"None";"1";"None";"None";"nan";"nan";"None";"None";"None";"None";"nan";"7.250141";"43.697016";"000KW"
"2022-61183";"2022-06-28";"1";"Vente en l'état futur d'achèvement";"53000.0";"nan";"None";"AV LOUIS COCHOIS";"3740";"06000";"06088";"Nice";"06";"None";"None";"06088000KW0596";"None";"None";"112";"nan";"None";"nan";"None";"nan";"None";"None";"None";"None";"1";"None";"None";"nan";"nan";"None";"None";"None";"None";"nan";"7.250141";"43.697016";"000KW"
"2022-60419";"2022-06-27";"1";"Vente";"10000.0";"7.0";"None";"AV FLEURS";"2460";"06000";"06088";"Nice";"06";"None";"None";"06088000KW0130";"None";"None";"25";"nan";"None";"nan";"None";"nan";"None";"None";"None";"None";"1";"2";"Appartement";"90.0";"3.0";"None";"None";"None";"None";"nan";"7.254675";"43.697427";"000KW"
"2022-60419";"2022-06-27";"1";"Vente";"10000.0";"7.0";"None";"AV FLEURS";"2460";"06000";"06088";"Nice";"06";"None";"None";"06088000KW0130";"None";"None";"25";"nan";"None";"nan";"None";"nan";"None";"None";"None";"None";"1";"3";"Dépendance";"nan";"0.0";"None";"None";"None";"None";"nan";"7.254675";"43.697427";"000KW"
"2022-60419";"2022-06-27";"1";"Vente";"10000.0";"7.0";"None";"AV FLEURS";"2460";"06000";"06088";"Nice";"06";"None";"None";"06088000KW0130";"None";"None";"25";"nan";"None";"nan";"None";"nan";"None";"None";"None";"None";"1";"3";"Dépendance";"nan";"0.0";"None";"None";"None";"None";"nan";"7.254675";"43.697427";"000KW"
"2022-60198";"2022-06-24";"1";"Vente";"144000.0";"18.0";"None";"RUE SAINT PHILIPPE";"5895";"06000";"06088";"Nice";"06";"None";"None";"06088000KW0244";"None";"None";"21";"24.77";"None";"nan";"None";"nan";"None";"None";"None";"None";"1";"2";"Appartement";"24.0";"2.0";"None";"None";"None";"None";"nan";"7.255348";"43.695515";"000KW"
"2022-61174";"2022-06-24";"1";"Vente";"710000.0";"9.0";"None";"AV DES ORANGERS";"4590";"06000";"06088";"Nice";"06";"None";"None";"06088000KW0144";"None";"None";"16";"nan";"None";"nan";"None";"nan";"None";"None";"None";"None";"1";"2";"Appartement";"130.0";"6.0";"None";"None";"None";"None";"nan";"7.254202";"43.696919";"000KW"
"2022-61174";"2022-06-24";"1";"Vente";"710000.0";"28.0";"None";"BD FRANCOIS GROSSO";"2630";"06000";"06088";"Nice";"06";"None";"None";"06088000KW0362";"None";"None";"1040";"nan";"None";"nan";"None";"nan";"None";"None";"None";"None";"1";"3";"Dépendance";"nan";"0.0";"None";"None";"None";"None";"nan";"7.251748";"43.69738";"000KW"
"2022-60218";"2022-06-23";"1";"Vente";"830000.0";"11.0";"None";"AV FLEURS";"2460";"06000";"06088";"Nice";"06";"None";"None";"06088000KW0125";"None";"None";"11";"nan";"85";"103.46";"None";"nan";"None";"None";"None";"None";"2";"2";"Appartement";"100.0";"3.0";"None";"None";"None";"None";"nan";"7.253698";"43.697412";"000KW"
"2022-60218";"2022-06-23";"1";"Vente";"830000.0";"11.0";"None";"AV FLEURS";"2460";"06000";"06088";"Nice";"06";"None";"None";"06088000KW0125";"None";"None";"11";"nan";"85";"103.46";"None";"nan";"None";"None";"None";"None";"2";"3";"Dépendance";"nan";"0.0";"None";"None";"None";"None";"nan";"7.253698";"43.697412";"000KW"
"2022-61017";"2022-06-22";"1";"Vente";"104210.0";"45.0";"None";"BD FRANCOIS GROSSO";"2630";"06000";"06088";"Nice";"06";"None";"None";"06088000KW0432";"None";"None";"48";"nan";"73";"nan";"None";"nan";"None";"None";"None";"None";"2";"2";"Appartement";"43.0";"2.0";"None";"None";"None";"None";"nan";"7.250955";"43.697141";"000KW"
"2022-61569";"2022-06-22";"1";"Vente";"260000.0";"49.0";"None";"BD FRANCOIS GROSSO";"2630";"06000";"06088";"Nice";"06";"None";"None";"06088000KW0095";"None";"None";"22";"72.01";"None";"nan";"None";"nan";"None";"None";"None";"None";"1";"2";"Appartement";"80.0";"3.0";"None";"None";"None";"None";"nan";"7.25106";"43.697415";"000KW"
"2022-60634";"2022-06-21";"1";"Vente";"150000.0";"90.0";"None";"RUE DE FRANCE";"2595";"06000";"06088";"Nice";"06";"None";"None";"06088000KW0369";"None";"None";"1061";"28.46";"1144";"nan";"None";"nan";"None";"None";"None";"None";"2";"2";"Appartement";"28.0";"1.0";"None";"None";"None";"None";"nan";"7.252761";"43.694482";"000KW"
"2022-60634";"2022-06-21";"1";"Vente";"150000.0";"90.0";"None";"RUE DE FRANCE";"2595";"06000";"06088";"Nice";"06";"None";"None";"06088000KW0369";"None";"None";"1061";"28.46";"1144";"nan";"None";"nan";"None";"None";"None";"None";"2";"3";"Dépendance";"nan";"0.0";"None";"None";"None";"None";"nan";"7.252761";"43.694482";"000KW"
"2022-61172";"2022-06-20";"1";"Vente";"150000.0";"4.0";"None";"RUE SAINT PHILIPPE";"5895";"06000";"06088";"Nice";"06";"None";"None";"06088000KW0252";"None";"None";"25B";"29.74";"None";"nan";"None";"nan";"None";"None";"None";"None";"1";"2";"Appartement";"30.0";"1.0";"None";"None";"None";"None";"nan";"7.255928";"43.694042";"000KW"
"2022-60913";"2022-06-20";"1";"Vente";"30000.0";"17.0";"None";"AV FLEURS";"2460";"06000";"06088";"Nice";"06";"None";"None";"06088000KW0123";"None";"None";"158";"nan";"None";"nan";"None";"nan";"None";"None";"None";"None";"1";"4";"Local industriel. commercial ou assimilé";"12.0";"0.0";"None";"None";"None";"None";"nan";"7.253164";"43.697428";"000KW"
"2022-60471";"2022-06-17";"1";"Vente";"282000.0";"17.0";"None";"AV FLEURS";"2460";"06000";"06088";"Nice";"06";"None";"None";"06088000KW0123";"None";"None";"1";"nan";"None";"nan";"None";"nan";"None";"None";"None";"None";"1";"2";"Appartement";"58.0";"3.0";"None";"None";"None";"None";"nan";"7.253164";"43.697428";"000KW"
"2022-60368";"2022-06-17";"1";"Vente";"48000.0";"30.0";"None";"RUE SAINT PHILIPPE";"5895";"06000";"06088";"Nice";"06";"None";"None";"06088000KW0487";"None";"None";"35";"nan";"None";"nan";"None";"nan";"None";"None";"None";"None";"1";"3";"Dépendance";"nan";"0.0";"None";"None";"None";"None";"nan";"7.25522";"43.696505";"000KW"
"2022-59771";"2022-06-16";"1";"Vente";"364800.0";"28.0";"None";"BD FRANCOIS GROSSO";"2630";"06000";"06088";"Nice";"06";"None";"None";"06088000KW0362";"None";"None";"1023";"nan";"1094";"54.55";"None";"nan";"None";"None";"None";"None";"2";"2";"Appartement";"51.0";"2.0";"None";"None";"None";"None";"nan";"7.251748";"43.69738";"000KW"
"2022-59771";"2022-06-16";"1";"Vente";"364800.0";"28.0";"None";"BD FRANCOIS GROSSO";"2630";"06000";"06088";"Nice";"06";"None";"None";"06088000KW0362";"None";"None";"1023";"nan";"1094";"54.55";"None";"nan";"None";"None";"None";"None";"2";"3";"Dépendance";"nan";"0.0";"None";"None";"None";"None";"nan";"7.251748";"43.69738";"000KW"
"2022-59609";"2022-06-14";"1";"Vente";"378400.0";"4.0";"None";"RUE ALEXIS MOSSA";"0094";"06000";"06088";"Nice";"06";"None";"None";"06088000KW0200";"None";"None";"11";"20.0";"7";"80.11";"None";"nan";"None";"None";"None";"None";"2";"2";"Appartement";"87.0";"4.0";"None";"None";"None";"None";"nan";"7.253455";"43.696245";"000KW"
"2022-61707";"2022-06-14";"1";"Vente";"170000.0";"66.0";"None";"AV DES BAUMETTES";"0660";"06000";"06088";"Nice";"06";"None";"None";"06088000KW0019";"None";"None";"137";"49.31";"71";"nan";"None";"nan";"None";"None";"None";"None";"2";"2";"Appartement";"51.0";"2.0";"None";"None";"None";"None";"nan";"7.248507";"43.696603";"000KW"
"2022-61707";"2022-06-14";"1";"Vente";"170000.0";"66.0";"None";"AV DES BAUMETTES";"0660";"06000";"06088";"Nice";"06";"None";"None";"06088000KW0019";"None";"None";"137";"49.31";"71";"nan";"None";"nan";"None";"None";"None";"None";"2";"3";"Dépendance";"nan";"0.0";"None";"None";"None";"None";"nan";"7.248507";"43.696603";"000KW"
"2022-59552";"2022-06-13";"1";"Vente";"450000.0";"11.0";"None";"BD GAMBETTA";"2755";"06000";"06088";"Nice";"06";"None";"None";"06088000KW0249";"None";"None";"20";"88.46";"49";"nan";"None";"nan";"None";"None";"None";"None";"2";"2";"Appartement";"84.0";"3.0";"None";"None";"None";"None";"nan";"7.255965";"43.694979";"000KW"
"2022-59909";"2022-06-13";"1";"Vente";"395000.0";"17.0";"None";"RUE SAINT PHILIPPE";"5895";"06000";"06088";"Nice";"06";"None";"None";"06088000KW0501";"None";"None";"11";"73.8";"None";"nan";"None";"nan";"None";"None";"None";"None";"1";"2";"Appartement";"76.0";"4.0";"None";"None";"None";"None";"nan";"7.254785";"43.695555";"000KW"
"2022-61068";"2022-06-13";"1";"Vente";"230600.0";"6.0";"None";"RUE DES POTIERS";"5225";"06000";"06088";"Nice";"06";"None";"None";"06088000KW0311";"None";"None";"137";"nan";"None";"nan";"None";"nan";"None";"None";"None";"None";"1";"2";"Appartement";"34.0";"2.0";"None";"None";"None";"None";"nan";"7.253284";"43.694842";"000KW"
"2022-59552";"2022-06-13";"1";"Vente";"450000.0";"11.0";"None";"BD GAMBETTA";"2755";"06000";"06088";"Nice";"06";"None";"None";"06088000KW0249";"None";"None";"20";"88.46";"49";"nan";"None";"nan";"None";"None";"None";"None";"2";"3";"Dépendance";"nan";"0.0";"None";"None";"None";"None";"nan";"7.255965";"43.694979";"000KW"
"2022-61068";"2022-06-13";"1";"Vente";"230600.0";"6.0";"None";"RUE DES POTIERS";"5225";"06000";"06088";"Nice";"06";"None";"None";"06088000KW0311";"None";"None";"118";"nan";"None";"nan";"None";"nan";"None";"None";"None";"None";"1";"3";"Dépendance";"nan";"0.0";"None";"None";"None";"None";"nan";"7.253284";"43.694842";"000KW"
"2022-60430";"2022-06-10";"1";"Vente";"265000.0";"7.0";"None";"RUE ALEXIS MOSSA";"0094";"06000";"06088";"Nice";"06";"None";"None";"06088000KW0192";"None";"None";"48";"nan";"79";"nan";"None";"nan";"None";"None";"None";"None";"2";"2";"Appartement";"40.0";"1.0";"None";"None";"None";"None";"nan";"7.253074";"43.695885";"000KW"
"2022-60430";"2022-06-10";"1";"Vente";"265000.0";"7.0";"None";"RUE ALEXIS MOSSA";"0094";"06000";"06088";"Nice";"06";"None";"None";"06088000KW0192";"None";"None";"48";"nan";"79";"nan";"None";"nan";"None";"None";"None";"None";"2";"3";"Dépendance";"nan";"0.0";"None";"None";"None";"None";"nan";"7.253074";"43.695885";"000KW"
"2022-59420";"2022-06-09";"1";"Vente";"189000.0";"113.0";"None";"RUE DE FRANCE";"2595";"06000";"06088";"Nice";"06";"None";"None";"06088000KW0517";"None";"None";"40";"nan";"None";"nan";"None";"nan";"None";"None";"None";"None";"1";"2";"Appartement";"35.0";"2.0";"None";"None";"None";"None";"nan";"7.25329";"43.69421";"000KW"
"2022-59394";"2022-06-08";"1";"Vente";"440000.0";"5.0";"None";"BD GAMBETTA";"2755";"06000";"06088";"Nice";"06";"None";"None";"06088000KW0446";"None";"None";"171";"76.4";"None";"nan";"None";"nan";"None";"None";"None";"None";"1";"2";"Appartement";"77.0";"3.0";"None";"None";"None";"None";"nan";"7.255854";"43.694672";"000KW"
"2022-60673";"2022-06-08";"1";"Vente";"239000.0";"31.0";"None";"RUE BOTTERO";"0925";"06000";"06088";"Nice";"06";"None";"None";"06088000KW0173";"None";"None";"23";"47.54";"3";"nan";"None";"nan";"None";"None";"None";"None";"2";"2";"Appartement";"42.0";"1.0";"None";"None";"None";"None";"nan";"7.251978";"43.696277";"000KW"
"2022-59394";"2022-06-08";"1";"Vente";"440000.0";"10.0";"None";"RUE SAINT PHILIPPE";"5895";"06000";"06088";"Nice";"06";"None";"None";"06088000KW0446";"None";"None";"76";"nan";"None";"nan";"None";"nan";"None";"None";"None";"None";"1";"3";"Dépendance";"nan";"0.0";"None";"None";"None";"None";"nan";"7.255854";"43.694672";"000KW"
"2022-59333";"2022-06-02";"1";"Vente";"312900.0";"55.0";"None";"BD FRANCOIS GROSSO";"2630";"06000";"06088";"Nice";"06";"None";"None";"06088000KW0103";"None";"None";"51";"64.33";"None";"nan";"None";"nan";"None";"None";"None";"None";"1";"2";"Appartement";"63.0";"2.0";"None";"None";"None";"None";"nan";"7.251033";"43.69772";"000KW"
"2022-59333";"2022-06-02";"1";"Vente";"312900.0";"55.0";"None";"BD FRANCOIS GROSSO";"2630";"06000";"06088";"Nice";"06";"None";"None";"06088000KW0103";"None";"None";"51";"64.33";"None";"nan";"None";"nan";"None";"None";"None";"None";"1";"3";"Dépendance";"nan";"0.0";"None";"None";"None";"None";"nan";"7.251033";"43.69772";"000KW"
"2022-59908";"2022-06-01";"1";"Vente";"5000.0";"25.0";"None";"AV DES ORANGERS";"4590";"06000";"06088";"Nice";"06";"None";"None";"06088000KW0156";"None";"None";"15";"nan";"None";"nan";"None";"nan";"None";"None";"None";"None";"1";"3";"Dépendance";"nan";"0.0";"None";"None";"None";"None";"nan";"7.252013";"43.6969";"000KW"
"2022-59908";"2022-06-01";"1";"Vente";"5000.0";"25.0";"None";"AV DES ORANGERS";"4590";"06000";"06088";"Nice";"06";"None";"None";"06088000KW0156";"None";"None";"9";"nan";"None";"nan";"None";"nan";"None";"None";"None";"None";"1";"3";"Dépendance";"nan";"0.0";"None";"None";"None";"None";"nan";"7.252013";"43.6969";"000KW"
"2022-59908";"2022-06-01";"1";"Vente";"5000.0";"25.0";"None";"AV DES ORANGERS";"4590";"06000";"06088";"Nice";"06";"None";"None";"06088000KW0156";"None";"None";"10";"nan";"None";"nan";"None";"nan";"None";"None";"None";"None";"1";"3";"Dépendance";"nan";"0.0";"None";"None";"None";"None";"nan";"7.252013";"43.6969";"000KW"
"2022-59908";"2022-06-01";"1";"Vente";"5000.0";"25.0";"None";"AV DES ORANGERS";"4590";"06000";"06088";"Nice";"06";"None";"None";"06088000KW0156";"None";"None";"11";"nan";"None";"nan";"None";"nan";"None";"None";"None";"None";"1";"3";"Dépendance";"nan";"0.0";"None";"None";"None";"None";"nan";"7.252013";"43.6969";"000KW"
"2022-59908";"2022-06-01";"1";"Vente";"5000.0";"25.0";"None";"AV DES ORANGERS";"4590";"06000";"06088";"Nice";"06";"None";"None";"06088000KW0156";"None";"None";"12";"nan";"None";"nan";"None";"nan";"None";"None";"None";"None";"1";"3";"Dépendance";"nan";"0.0";"None";"None";"None";"None";"nan";"7.252013";"43.6969";"000KW"
"2022-59908";"2022-06-01";"1";"Vente";"5000.0";"25.0";"None";"AV DES ORANGERS";"4590";"06000";"06088";"Nice";"06";"None";"None";"06088000KW0156";"None";"None";"13";"nan";"None";"nan";"None";"nan";"None";"None";"None";"None";"1";"3";"Dépendance";"nan";"0.0";"None";"None";"None";"None";"nan";"7.252013";"43.6969";"000KW"
"2022-59908";"2022-06-01";"1";"Vente";"5000.0";"25.0";"None";"AV DES ORANGERS";"4590";"06000";"06088";"Nice";"06";"None";"None";"06088000KW0156";"None";"None";"18";"nan";"None";"nan";"None";"nan";"None";"None";"None";"None";"1";"3";"Dépendance";"nan";"0.0";"None";"None";"None";"None";"nan";"7.252013";"43.6969";"000KW"
"2022-59908";"2022-06-01";"1";"Vente";"5000.0";"25.0";"None";"AV DES ORANGERS";"4590";"06000";"06088";"Nice";"06";"None";"None";"06088000KW0156";"None";"None";"17";"nan";"None";"nan";"None";"nan";"None";"None";"None";"None";"1";"3";"Dépendance";"nan";"0.0";"None";"None";"None";"None";"nan";"7.252013";"43.6969";"000KW"
"2022-59908";"2022-06-01";"1";"Vente";"5000.0";"25.0";"None";"AV DES ORANGERS";"4590";"06000";"06088";"Nice";"06";"None";"None";"06088000KW0156";"None";"None";"16";"nan";"None";"nan";"None";"nan";"None";"None";"None";"None";"1";"3";"Dépendance";"nan";"0.0";"None";"None";"None";"None";"nan";"7.252013";"43.6969";"000KW"
"2022-59908";"2022-06-01";"1";"Vente";"5000.0";"25.0";"None";"AV DES ORANGERS";"4590";"06000";"06088";"Nice";"06";"None";"None";"06088000KW0156";"None";"None";"14";"nan";"None";"nan";"None";"nan";"None";"None";"None";"None";"1";"3";"Dépendance";"nan";"0.0";"None";"None";"None";"None";"nan";"7.252013";"43.6969";"000KW"
"2022-59536";"2022-05-31";"1";"Vente";"75000.0";"45.0";"B";"BD FRANCOIS GROSSO";"2630";"06000";"06088";"Nice";"06";"None";"None";"06088000KW0432";"None";"None";"95";"22.6";"None";"nan";"None";"nan";"None";"None";"None";"None";"1";"2";"Appartement";"24.0";"2.0";"None";"None";"None";"None";"nan";"7.250955";"43.697141";"000KW"
"2022-59536";"2022-05-31";"1";"Vente";"75000.0";"45.0";"B";"BD FRANCOIS GROSSO";"2630";"06000";"06088";"Nice";"06";"None";"None";"06088000KW0432";"None";"None";"95";"22.6";"None";"nan";"None";"nan";"None";"None";"None";"None";"1";"3";"Dépendance";"nan";"0.0";"None";"None";"None";"None";"nan";"7.250955";"43.697141";"000KW"
"2022-58902";"2022-05-30";"1";"Vente";"264740.0";"13.0";"None";"RUE SAINT PHILIPPE";"5895";"06000";"06088";"Nice";"06";"None";"None";"06088000KW0419";"None";"None";"110";"50.87";"None";"nan";"None";"nan";"None";"None";"None";"None";"1";"2";"Appartement";"34.0";"3.0";"None";"None";"None";"None";"nan";"7.254973";"43.695132";"000KW"
"2022-59381";"2022-05-30";"1";"Vente";"185000.0";"24.0";"None";"AV DES BAUMETTES";"0660";"06000";"06088";"Nice";"06";"None";"None";"06088000KW0081";"None";"None";"42";"nan";"None";"nan";"None";"nan";"None";"None";"None";"None";"1";"2";"Appartement";"54.0";"2.0";"None";"None";"None";"None";"nan";"7.250258";"43.696294";"000KW"
"2022-58404";"2022-05-24";"1";"Vente";"247000.0";"14.0";"None";"AV LOUIS COCHOIS";"3740";"06000";"06088";"Nice";"06";"None";"None";"06088000KW0011";"None";"None";"85";"nan";"92";"39.33";"None";"nan";"None";"None";"None";"None";"2";"2";"Appartement";"37.0";"2.0";"None";"None";"None";"None";"nan";"7.250085";"43.697442";"000KW"
"2022-58404";"2022-05-24";"1";"Vente";"247000.0";"14.0";"None";"AV LOUIS COCHOIS";"3740";"06000";"06088";"Nice";"06";"None";"None";"06088000KW0011";"None";"None";"14";"nan";"None";"nan";"None";"nan";"None";"None";"None";"None";"1";"3";"Dépendance";"nan";"0.0";"None";"None";"None";"None";"nan";"7.250085";"43.697442";"000KW"
"2022-58404";"2022-05-24";"1";"Vente";"247000.0";"14.0";"None";"AV LOUIS COCHOIS";"3740";"06000";"06088";"Nice";"06";"None";"None";"06088000KW0011";"None";"None";"85";"nan";"92";"39.33";"None";"nan";"None";"None";"None";"None";"2";"3";"Dépendance";"nan";"0.0";"None";"None";"None";"None";"nan";"7.250085";"43.697442";"000KW"
"2022-59634";"2022-05-23";"1";"Vente";"230000.0";"18.0";"None";"RUE SAINT PHILIPPE";"5895";"06000";"06088";"Nice";"06";"None";"None";"06088000KW0244";"None";"None";"22";"nan";"23";"32.03";"None";"nan";"None";"None";"None";"None";"2";"2";"Appartement";"72.0";"3.0";"None";"None";"None";"None";"nan";"7.255348";"43.695515";"000KW"
"2022-58262";"2022-05-20";"1";"Vente";"460000.0";"24.0";"None";"AV DES BAUMETTES";"0660";"06000";"06088";"Nice";"06";"None";"None";"06088000KW0081";"None";"None";"4";"100.17";"None";"nan";"None";"nan";"None";"None";"None";"None";"1";"2";"Appartement";"101.0";"4.0";"None";"None";"None";"None";"nan";"7.250258";"43.696294";"000KW"
"2022-58855";"2022-05-20";"1";"Vente";"357000.0";"15.0";"None";"RUE ANDRIOLI";"0230";"06000";"06088";"Nice";"06";"None";"None";"06088000KW0198";"None";"None";"104B";"53.02";"14B";"nan";"None";"nan";"None";"None";"None";"None";"2";"2";"Appartement";"52.0";"2.0";"None";"None";"None";"None";"nan";"7.253622";"43.695971";"000KW"
"2022-59415";"2022-05-20";"1";"Vente";"124999.5";"5.0";"None";"RUE ANDRIOLI";"0230";"06000";"06088";"Nice";"06";"None";"None";"06088000KW0278";"None";"None";"103";"nan";"195";"nan";"None";"nan";"None";"None";"None";"None";"2";"2";"Appartement";"55.0";"2.0";"None";"None";"None";"None";"nan";"7.254107";"43.694359";"000KW"
"2022-59416";"2022-05-20";"1";"Vente";"173000.0";"10.0";"B";"BD FRANCOIS GROSSO";"2630";"06000";"06088";"Nice";"06";"None";"None";"06088000KW0186";"None";"None";"12";"nan";"34";"nan";"None";"nan";"None";"None";"None";"None";"2";"2";"Appartement";"43.0";"2.0";"None";"None";"None";"None";"nan";"7.252003";"43.695813";"000KW"
"2022-58262";"2022-05-20";"1";"Vente";"460000.0";"24.0";"None";"AV DES BAUMETTES";"0660";"06000";"06088";"Nice";"06";"None";"None";"06088000KW0081";"None";"None";"20";"nan";"None";"nan";"None";"nan";"None";"None";"None";"None";"1";"3";"Dépendance";"nan";"0.0";"None";"None";"None";"None";"nan";"7.250258";"43.696294";"000KW"
"2022-58262";"2022-05-20";"1";"Vente";"460000.0";"24.0";"None";"AV DES BAUMETTES";"0660";"06000";"06088";"Nice";"06";"None";"None";"06088000KW0081";"None";"None";"4";"100.17";"None";"nan";"None";"nan";"None";"None";"None";"None";"1";"3";"Dépendance";"nan";"0.0";"None";"None";"None";"None";"nan";"7.250258";"43.696294";"000KW"
"2022-58855";"2022-05-20";"1";"Vente";"357000.0";"15.0";"None";"RUE ANDRIOLI";"0230";"06000";"06088";"Nice";"06";"None";"None";"06088000KW0198";"None";"None";"104B";"53.02";"14B";"nan";"None";"nan";"None";"None";"None";"None";"2";"3";"Dépendance";"nan";"0.0";"None";"None";"None";"None";"nan";"7.253622";"43.695971";"000KW"
"2022-59415";"2022-05-20";"1";"Vente";"124999.5";"5.0";"None";"RUE ANDRIOLI";"0230";"06000";"06088";"Nice";"06";"None";"None";"06088000KW0278";"None";"None";"103";"nan";"195";"nan";"None";"nan";"None";"None";"None";"None";"2";"3";"Dépendance";"nan";"0.0";"None";"None";"None";"None";"nan";"7.254107";"43.694359";"000KW"
"2022-59416";"2022-05-20";"1";"Vente";"173000.0";"10.0";"B";"BD FRANCOIS GROSSO";"2630";"06000";"06088";"Nice";"06";"None";"None";"06088000KW0186";"None";"None";"12";"nan";"34";"nan";"None";"nan";"None";"None";"None";"None";"2";"3";"Dépendance";"nan";"0.0";"None";"None";"None";"None";"nan";"7.252003";"43.695813";"000KW"
"2022-58241";"2022-05-19";"1";"Vente";"385000.0";"21.0";"None";"BD FRANCOIS GROSSO";"2630";"06000";"06088";"Nice";"06";"None";"None";"06088000KW0076";"None";"None";"104";"nan";"60";"nan";"None";"nan";"None";"None";"None";"None";"2";"2";"Appartement";"106.0";"4.0";"None";"None";"None";"None";"nan";"7.251171";"43.696065";"000KW"
"2022-58241";"2022-05-19";"1";"Vente";"385000.0";"21.0";"None";"BD FRANCOIS GROSSO";"2630";"06000";"06088";"Nice";"06";"None";"None";"06088000KW0076";"None";"None";"339";"nan";"None";"nan";"None";"nan";"None";"None";"None";"None";"1";"3";"Dépendance";"nan";"0.0";"None";"None";"None";"None";"nan";"7.251171";"43.696065";"000KW"
"2022-58241";"2022-05-19";"1";"Vente";"385000.0";"21.0";"None";"BD FRANCOIS GROSSO";"2630";"06000";"06088";"Nice";"06";"None";"None";"06088000KW0076";"None";"None";"104";"nan";"60";"nan";"None";"nan";"None";"None";"None";"None";"2";"3";"Dépendance";"nan";"0.0";"None";"None";"None";"None";"nan";"7.251171";"43.696065";"000KW"
"2022-58139";"2022-05-18";"1";"Vente";"40500.0";"45.0";"None";"RUE DES POTIERS";"5225";"06000";"06088";"Nice";"06";"None";"None";"06088000KW0434";"None";"None";"119";"nan";"None";"nan";"None";"nan";"None";"None";"None";"None";"1";"3";"Dépendance";"nan";"0.0";"None";"None";"None";"None";"nan";"7.25216";"43.697366";"000KW"
"2022-58057";"2022-05-17";"1";"Vente";"203250.0";"3.0";"None";"RUE ANDRIOLI";"0230";"06000";"06088";"Nice";"06";"None";"None";"06088000KW0279";"None";"None";"53";"26.5";"None";"nan";"None";"nan";"None";"None";"None";"None";"1";"2";"Appartement";"28.0";"1.0";"None";"None";"None";"None";"nan";"7.254341";"43.694122";"000KW"
"2022-58392";"2022-05-17";"1";"Vente";"1500000.0";"12.0";"None";"RUE ALEXIS MOSSA";"0094";"06000";"06088";"Nice";"06";"None";"None";"06088000KW0179";"None";"None";"16";"nan";"None";"nan";"None";"nan";"None";"None";"None";"None";"1";"2";"Appartement";"38.0";"2.0";"None";"None";"None";"None";"nan";"7.252505";"43.696191";"000KW"
"2022-58392";"2022-05-17";"1";"Vente";"1500000.0";"12.0";"None";"RUE ALEXIS MOSSA";"0094";"06000";"06088";"Nice";"06";"None";"None";"06088000KW0179";"None";"None";"17";"nan";"None";"nan";"None";"nan";"None";"None";"None";"None";"1";"2";"Appartement";"45.0";"2.0";"None";"None";"None";"None";"nan";"7.252505";"43.696191";"000KW"
"2022-58392";"2022-05-17";"1";"Vente";"1500000.0";"12.0";"None";"RUE ALEXIS MOSSA";"0094";"06000";"06088";"Nice";"06";"None";"None";"06088000KW0179";"None";"None";"11";"nan";"4";"nan";"None";"nan";"None";"None";"None";"None";"2";"2";"Appartement";"44.0";"3.0";"None";"None";"None";"None";"nan";"7.252505";"43.696191";"000KW"
"2022-58392";"2022-05-17";"1";"Vente";"1500000.0";"12.0";"None";"RUE ALEXIS MOSSA";"0094";"06000";"06088";"Nice";"06";"None";"None";"06088000KW0179";"None";"None";"12";"nan";"5";"nan";"None";"nan";"None";"None";"None";"None";"2";"2";"Appartement";"45.0";"2.0";"None";"None";"None";"None";"nan";"7.252505";"43.696191";"000KW"
"2022-58392";"2022-05-17";"1";"Vente";"1500000.0";"12.0";"None";"RUE ALEXIS MOSSA";"0094";"06000";"06088";"Nice";"06";"None";"None";"06088000KW0179";"None";"None";"13";"nan";"6";"nan";"None";"nan";"None";"None";"None";"None";"2";"2";"Appartement";"40.0";"2.0";"None";"None";"None";"None";"nan";"7.252505";"43.696191";"000KW"
"2022-58392";"2022-05-17";"1";"Vente";"1500000.0";"12.0";"None";"RUE ALEXIS MOSSA";"0094";"06000";"06088";"Nice";"06";"None";"None";"06088000KW0179";"None";"None";"14";"nan";"7";"nan";"None";"nan";"None";"None";"None";"None";"2";"2";"Appartement";"45.0";"2.0";"None";"None";"None";"None";"nan";"7.252505";"43.696191";"000KW"
"2022-58392";"2022-05-17";"1";"Vente";"1500000.0";"12.0";"None";"RUE ALEXIS MOSSA";"0094";"06000";"06088";"Nice";"06";"None";"None";"06088000KW0179";"None";"None";"15";"nan";"None";"nan";"None";"nan";"None";"None";"None";"None";"1";"2";"Appartement";"40.0";"2.0";"None";"None";"None";"None";"nan";"7.252505";"43.696191";"000KW"
"2022-58392";"2022-05-17";"1";"Vente";"1500000.0";"12.0";"None";"RUE ALEXIS MOSSA";"0094";"06000";"06088";"Nice";"06";"None";"None";"06088000KW0179";"None";"None";"10";"nan";"3";"nan";"None";"nan";"None";"None";"None";"None";"2";"2";"Appartement";"32.0";"2.0";"None";"None";"None";"None";"nan";"7.252505";"43.696191";"000KW"
"2022-58392";"2022-05-17";"1";"Vente";"1500000.0";"12.0";"None";"RUE ALEXIS MOSSA";"0094";"06000";"06088";"Nice";"06";"None";"None";"06088000KW0179";"None";"None";"2";"nan";"9";"nan";"None";"nan";"None";"None";"None";"None";"2";"2";"Appartement";"40.0";"2.0";"None";"None";"None";"None";"nan";"7.252505";"43.696191";"000KW"
"2022-58392";"2022-05-17";"1";"Vente";"1500000.0";"12.0";"None";"RUE ALEXIS MOSSA";"0094";"06000";"06088";"Nice";"06";"None";"None";"06088000KW0179";"None";"None";"16";"nan";"None";"nan";"None";"nan";"None";"None";"None";"None";"1";"3";"Dépendance";"nan";"0.0";"None";"None";"None";"None";"nan";"7.252505";"43.696191";"000KW"
"2022-58691";"2022-05-17";"1";"Vente";"40000.0";"4.0";"None";"BD FRANCOIS GROSSO";"2630";"06000";"06088";"Nice";"06";"None";"None";"06088000KW0318";"None";"None";"81";"nan";"None";"nan";"None";"nan";"None";"None";"None";"None";"1";"3";"Dépendance";"nan";"0.0";"None";"None";"None";"None";"nan";"7.252322";"43.694771";"000KW"
"2022-58392";"2022-05-17";"1";"Vente";"1500000.0";"12.0";"None";"RUE ALEXIS MOSSA";"0094";"06000";"06088";"Nice";"06";"None";"None";"06088000KW0179";"None";"None";"1";"nan";"8";"nan";"None";"nan";"None";"None";"None";"None";"2";"4";"Local industriel. commercial ou assimilé";"45.0";"0.0";"None";"None";"None";"None";"nan";"7.252505";"43.696191";"000KW"
"2022-58487";"2022-05-16";"1";"Vente";"109000.0";"76.0";"None";"AV BAUMETTES MIRAMAR";"0664";"06000";"06088";"Nice";"06";"None";"None";"06088000KW0005";"None";"None";"139";"nan";"171";"21.65";"None";"nan";"None";"None";"None";"None";"2";"2";"Appartement";"22.0";"1.0";"None";"None";"None";"None";"nan";"7.250071";"43.698297";"000KW"
"2022-58697";"2022-05-16";"1";"Vente";"485000.0";"11.0";"B";"AV FLEURS";"2460";"06000";"06088";"Nice";"06";"None";"None";"06088000KW0125";"None";"None";"90";"82.05";"None";"nan";"None";"nan";"None";"None";"None";"None";"1";"2";"Appartement";"85.0";"3.0";"None";"None";"None";"None";"nan";"7.253698";"43.697412";"000KW"
"2022-58719";"2022-05-16";"1";"Vente";"640000.0";"54.0";"None";"PROM DES ANGLAIS";"0240";"06000";"06088";"Nice";"06";"None";"None";"06088000KW0283";"None";"None";"6";"nan";"80";"nan";"None";"nan";"None";"None";"None";"None";"2";"2";"Appartement";"99.0";"3.0";"None";"None";"None";"None";"nan";"7.254063";"43.693742";"000KW"
"2022-58763";"2022-05-16";"1";"Vente";"400000.0";"76.0";"None";"AV BAUMETTES BELLEVUE";"0663";"06000";"06088";"Nice";"06";"None";"None";"06088000KW0005";"None";"None";"370";"nan";"434";"65.17";"None";"nan";"None";"None";"None";"None";"2";"2";"Appartement";"78.0";"3.0";"None";"None";"None";"None";"nan";"7.250071";"43.698297";"000KW"
"2022-58487";"2022-05-16";"1";"Vente";"109000.0";"76.0";"None";"AV BAUMETTES MIRAMAR";"0664";"06000";"06088";"Nice";"06";"None";"None";"06088000KW0005";"None";"None";"139";"nan";"171";"21.65";"None";"nan";"None";"None";"None";"None";"2";"3";"Dépendance";"nan";"0.0";"None";"None";"None";"None";"nan";"7.250071";"43.698297";"000KW"
"2022-58697";"2022-05-16";"1";"Vente";"485000.0";"11.0";"B";"AV FLEURS";"2460";"06000";"06088";"Nice";"06";"None";"None";"06088000KW0125";"None";"None";"90";"82.05";"None";"nan";"None";"nan";"None";"None";"None";"None";"1";"3";"Dépendance";"nan";"0.0";"None";"None";"None";"None";"nan";"7.253698";"43.697412";"000KW"
"2022-58719";"2022-05-16";"1";"Vente";"640000.0";"1.0";"B";"RUE ANDRIOLI";"0230";"06000";"06088";"Nice";"06";"None";"None";"06088000KW0280";"None";"None";"19";"nan";"None";"nan";"None";"nan";"None";"None";"None";"None";"1";"3";"Dépendance";"nan";"0.0";"None";"None";"None";"None";"nan";"7.254013";"43.694098";"000KW"
"2022-58763";"2022-05-16";"1";"Vente";"400000.0";"76.0";"None";"AV BAUMETTES BELLEVUE";"0663";"06000";"06088";"Nice";"06";"None";"None";"06088000KW0005";"None";"None";"370";"nan";"434";"65.17";"None";"nan";"None";"None";"None";"None";"2";"3";"Dépendance";"nan";"0.0";"None";"None";"None";"None";"nan";"7.250071";"43.698297";"000KW"
"2022-58563";"2022-05-13";"1";"Vente";"539000.0";"19.0";"None";"RUE ANDRIOLI";"0230";"06000";"06088";"Nice";"06";"None";"None";"06088000KW0206";"None";"None";"148";"nan";"None";"nan";"None";"nan";"None";"None";"None";"None";"1";"2";"Appartement";"68.0";"3.0";"None";"None";"None";"None";"nan";"7.253381";"43.696371";"000KW"
"2022-58563";"2022-05-13";"1";"Vente";"539000.0";"19.0";"None";"RUE ANDRIOLI";"0230";"06000";"06088";"Nice";"06";"None";"None";"06088000KW0206";"None";"None";"148";"nan";"None";"nan";"None";"nan";"None";"None";"None";"None";"1";"3";"Dépendance";"nan";"0.0";"None";"None";"None";"None";"nan";"7.253381";"43.696371";"000KW"
"2022-58563";"2022-05-13";"1";"Vente";"539000.0";"19.0";"None";"RUE ANDRIOLI";"0230";"06000";"06088";"Nice";"06";"None";"None";"06088000KW0206";"None";"None";"59";"nan";"None";"nan";"None";"nan";"None";"None";"None";"None";"1";"3";"Dépendance";"nan";"0.0";"None";"None";"None";"None";"nan";"7.253381";"43.696371";"000KW"
"2022-58147";"2022-05-12";"1";"Vente";"165000.0";"5.0";"None";"AV FLEURS";"2460";"06000";"06088";"Nice";"06";"None";"None";"06088000KW0131";"None";"None";"24";"nan";"None";"nan";"None";"nan";"None";"None";"None";"None";"1";"2";"Appartement";"46.0";"1.0";"None";"None";"None";"None";"nan";"7.255071";"43.697471";"000KW"
"2022-58147";"2022-05-12";"1";"Vente";"165000.0";"5.0";"None";"AV FLEURS";"2460";"06000";"06088";"Nice";"06";"None";"None";"06088000KW0131";"None";"None";"24";"nan";"None";"nan";"None";"nan";"None";"None";"None";"None";"1";"3";"Dépendance";"nan";"0.0";"None";"None";"None";"None";"nan";"7.255071";"43.697471";"000KW"
"2022-57374";"2022-05-11";"1";"Vente";"30000.0";"28.0";"None";"RUE BOTTERO";"0925";"06000";"06088";"Nice";"06";"None";"None";"06088000KW0439";"None";"None";"31";"nan";"None";"nan";"None";"nan";"None";"None";"None";"None";"1";"3";"Dépendance";"nan";"0.0";"None";"None";"None";"None";"nan";"7.252368";"43.696615";"000KW"
"2022-57698";"2022-05-06";"1";"Vente";"128000.0";"19.0";"None";"RUE DANTE";"1835";"06000";"06088";"Nice";"06";"None";"None";"06088000KW0309";"None";"None";"24";"nan";"None";"nan";"None";"nan";"None";"None";"None";"None";"1";"2";"Appartement";"28.0";"1.0";"None";"None";"None";"None";"nan";"7.25324";"43.695138";"000KW"
"2022-57838";"2022-05-06";"1";"Vente";"45000.0";"3.0";"None";"RUE ANDRIOLI";"0230";"06000";"06088";"Nice";"06";"None";"None";"06088000KW0279";"None";"None";"19";"nan";"None";"nan";"None";"nan";"None";"None";"None";"None";"1";"3";"Dépendance";"nan";"0.0";"None";"None";"None";"None";"nan";"7.254341";"43.694122";"000KW"
"2022-57502";"2022-05-05";"1";"Vente";"145000.0";"10.0";"None";"AV DES ORANGERS";"4590";"06000";"06088";"Nice";"06";"None";"None";"06088000KW0124";"None";"None";"89";"21.2";"None";"nan";"None";"nan";"None";"None";"None";"None";"1";"2";"Appartement";"19.0";"1.0";"None";"None";"None";"None";"nan";"7.253552";"43.697329";"000KW"
"2022-58007";"2022-05-05";"1";"Vente";"260000.0";"25.0";"None";"AV FLEURS";"2460";"06000";"06088";"Nice";"06";"None";"None";"06088000KW0112";"None";"None";"32";"67.04";"None";"nan";"None";"nan";"None";"None";"None";"None";"1";"2";"Appartement";"80.0";"3.0";"None";"None";"None";"None";"nan";"7.251977";"43.697788";"000KW"
"2022-58007";"2022-05-05";"1";"Vente";"260000.0";"25.0";"None";"AV FLEURS";"2460";"06000";"06088";"Nice";"06";"None";"None";"06088000KW0112";"None";"None";"32";"67.04";"None";"nan";"None";"nan";"None";"None";"None";"None";"1";"3";"Dépendance";"nan";"0.0";"None";"None";"None";"None";"nan";"7.251977";"43.697788";"000KW"
"2022-57628";"2022-05-03";"1";"Vente";"540000.0";"11.0";"None";"AV FLEURS";"2460";"06000";"06088";"Nice";"06";"None";"None";"06088000KW0125";"None";"None";"12";"nan";"80";"94.57";"None";"nan";"None";"None";"None";"None";"2";"2";"Appartement";"98.0";"3.0";"None";"None";"None";"None";"nan";"7.253698";"43.697412";"000KW"
"2022-57628";"2022-05-03";"1";"Vente";"540000.0";"11.0";"None";"AV FLEURS";"2460";"06000";"06088";"Nice";"06";"None";"None";"06088000KW0125";"None";"None";"58";"nan";"None";"nan";"None";"nan";"None";"None";"None";"None";"1";"3";"Dépendance";"nan";"0.0";"None";"None";"None";"None";"nan";"7.253698";"43.697412";"000KW"
"2022-57628";"2022-05-03";"1";"Vente";"540000.0";"11.0";"None";"AV FLEURS";"2460";"06000";"06088";"Nice";"06";"None";"None";"06088000KW0125";"None";"None";"12";"nan";"80";"94.57";"None";"nan";"None";"None";"None";"None";"2";"3";"Dépendance";"nan";"0.0";"None";"None";"None";"None";"nan";"7.253698";"43.697412";"000KW"
"2022-57776";"2022-05-03";"1";"Vente";"39000.0";"10.0";"None";"RUE SAINT PHILIPPE";"5895";"06000";"06088";"Nice";"06";"None";"None";"06088000KW0446";"None";"None";"62";"nan";"None";"nan";"None";"nan";"None";"None";"None";"None";"1";"3";"Dépendance";"nan";"0.0";"None";"None";"None";"None";"nan";"7.255854";"43.694672";"000KW"
"2022-57514";"2022-05-02";"1";"Vente";"114820.0";"52.0";"None";"AV CHATEAU DE LA TOUR";"1355";"06000";"06088";"Nice";"06";"None";"None";"06088000KW0014";"None";"None";"12";"nan";"48";"nan";"None";"nan";"None";"None";"None";"None";"2";"2";"Appartement";"44.0";"2.0";"None";"None";"None";"None";"nan";"7.24944";"43.696588";"000KW"
"2022-57717";"2022-05-02";"1";"Vente";"322000.0";"37.0";"None";"BD FRANCOIS GROSSO";"2630";"06000";"06088";"Nice";"06";"None";"None";"06088000KW0089";"None";"None";"20";"nan";"74";"129.42";"None";"nan";"None";"None";"None";"None";"2";"2";"Appartement";"123.0";"5.0";"None";"None";"None";"None";"nan";"7.250929";"43.696539";"000KW"
"2022-57514";"2022-05-02";"1";"Vente";"114820.0";"52.0";"None";"AV CHATEAU DE LA TOUR";"1355";"06000";"06088";"Nice";"06";"None";"None";"06088000KW0014";"None";"None";"12";"nan";"48";"nan";"None";"nan";"None";"None";"None";"None";"2";"3";"Dépendance";"nan";"0.0";"None";"None";"None";"None";"nan";"7.24944";"43.696588";"000KW"
"2022-57717";"2022-05-02";"1";"Vente";"322000.0";"37.0";"None";"BD FRANCOIS GROSSO";"2630";"06000";"06088";"Nice";"06";"None";"None";"06088000KW0089";"None";"None";"20";"nan";"74";"129.42";"None";"nan";"None";"None";"None";"None";"2";"3";"Dépendance";"nan";"0.0";"None";"None";"None";"None";"nan";"7.250929";"43.696539";"000KW"
"2022-57717";"2022-05-02";"1";"Vente";"322000.0";"37.0";"None";"BD FRANCOIS GROSSO";"2630";"06000";"06088";"Nice";"06";"None";"None";"06088000KW0089";"None";"None";"20";"nan";"74";"129.42";"None";"nan";"None";"None";"None";"None";"2";"3";"Dépendance";"nan";"0.0";"None";"None";"None";"None";"nan";"7.250929";"43.696539";"000KW"
"2022-57717";"2022-05-02";"1";"Vente";"322000.0";"37.0";"None";"BD FRANCOIS GROSSO";"2630";"06000";"06088";"Nice";"06";"None";"None";"06088000KW0089";"None";"None";"38";"nan";"None";"nan";"None";"nan";"None";"None";"None";"None";"1";"3";"Dépendance";"nan";"0.0";"None";"None";"None";"None";"nan";"7.250929";"43.696539";"000KW"
"2022-57717";"2022-05-02";"1";"Vente";"322000.0";"37.0";"None";"BD FRANCOIS GROSSO";"2630";"06000";"06088";"Nice";"06";"None";"None";"06088000KW0089";"None";"None";"6";"nan";"None";"nan";"None";"nan";"None";"None";"None";"None";"1";"3";"Dépendance";"nan";"0.0";"None";"None";"None";"None";"nan";"7.250929";"43.696539";"000KW"
"2022-58003";"2022-04-28";"1";"Vente";"382000.0";"14.0";"None";"RUE ALEXIS MOSSA";"0094";"06000";"06088";"Nice";"06";"None";"None";"06088000KW0175";"None";"None";"15";"72.7";"6";"nan";"None";"nan";"None";"None";"None";"None";"2";"2";"Appartement";"75.0";"4.0";"None";"None";"None";"None";"nan";"7.252359";"43.696186";"000KW"
"2022-58599";"2022-04-28";"1";"Vente";"420000.0";"1.0";"None";"RUE ANDRE POULLAN";"0220";"06000";"06088";"Nice";"06";"None";"None";"06088000KW0240";"None";"None";"6";"104.57";"None";"nan";"None";"nan";"None";"None";"None";"None";"1";"2";"Appartement";"113.0";"4.0";"None";"None";"None";"None";"nan";"7.255589";"43.695383";"000KW"
"2022-58003";"2022-04-28";"1";"Vente";"382000.0";"14.0";"None";"RUE ALEXIS MOSSA";"0094";"06000";"06088";"Nice";"06";"None";"None";"06088000KW0175";"None";"None";"15";"72.7";"6";"nan";"None";"nan";"None";"None";"None";"None";"2";"3";"Dépendance";"nan";"0.0";"None";"None";"None";"None";"nan";"7.252359";"43.696186";"000KW"
"2022-57955";"2022-04-27";"1";"Vente";"120000.0";"76.0";"None";"AV BAUMETTES PANORAMIC";"0665";"06000";"06088";"Nice";"06";"None";"None";"06088000KW0005";"None";"None";"544";"23.32";"None";"nan";"None";"nan";"None";"None";"None";"None";"1";"2";"Appartement";"20.0";"1.0";"None";"None";"None";"None";"nan";"7.250071";"43.698297";"000KW"
"2022-57955";"2022-04-27";"1";"Vente";"120000.0";"76.0";"None";"AV BAUMETTES PANORAMIC";"0665";"06000";"06088";"Nice";"06";"None";"None";"06088000KW0005";"None";"None";"523";"nan";"None";"nan";"None";"nan";"None";"None";"None";"None";"1";"3";"Dépendance";"nan";"0.0";"None";"None";"None";"None";"nan";"7.250071";"43.698297";"000KW"
"2022-58017";"2022-04-26";"1";"Vente";"143000.0";"47.0";"None";"BD FRANCOIS GROSSO";"2630";"06000";"06088";"Nice";"06";"None";"None";"06088000KW0094";"None";"None";"18";"nan";"5";"56.77";"None";"nan";"None";"None";"None";"None";"2";"2";"Appartement";"55.0";"2.0";"None";"None";"None";"None";"nan";"7.251098";"43.697255";"000KW"
"2022-56655";"2022-04-25";"1";"Vente";"335000.0";"39.0";"None";"BD FRANCOIS GROSSO";"2630";"06000";"06088";"Nice";"06";"None";"None";"06088000KW0091";"None";"None";"36";"86.54";"7";"nan";"None";"nan";"None";"None";"None";"None";"2";"2";"Appartement";"92.0";"4.0";"None";"None";"None";"None";"nan";"7.251197";"43.696836";"000KW"
"2022-56911";"2022-04-25";"1";"Vente";"310000.0";"76.0";"None";"AV DES BAUMETTES";"0660";"06000";"06088";"Nice";"06";"None";"None";"06088000KW0005";"None";"None";"667";"nan";"None";"nan";"None";"nan";"None";"None";"None";"None";"1";"2";"Appartement";"52.0";"3.0";"None";"None";"None";"None";"nan";"7.250071";"43.698297";"000KW"
"2022-56655";"2022-04-25";"1";"Vente";"335000.0";"39.0";"None";"BD FRANCOIS GROSSO";"2630";"06000";"06088";"Nice";"06";"None";"None";"06088000KW0091";"None";"None";"36";"86.54";"7";"nan";"None";"nan";"None";"None";"None";"None";"2";"3";"Dépendance";"nan";"0.0";"None";"None";"None";"None";"nan";"7.251197";"43.696836";"000KW"
"2022-57163";"2022-04-22";"1";"Vente";"260000.0";"4.0";"None";"RUE ALEXIS MOSSA";"0094";"06000";"06088";"Nice";"06";"None";"None";"06088000KW0200";"None";"None";"8";"74.09";"None";"nan";"None";"nan";"None";"None";"None";"None";"1";"2";"Appartement";"68.0";"4.0";"None";"None";"None";"None";"nan";"7.253455";"43.696245";"000KW"
"2022-56839";"2022-04-21";"1";"Vente";"650000.0";"2.0";"None";"RUE SAINT PHILIPPE";"5895";"06000";"06088";"Nice";"06";"None";"None";"06088000KW0252";"None";"None";"21C";"nan";"6C";"nan";"None";"nan";"None";"None";"None";"None";"2";"2";"Appartement";"135.0";"4.0";"None";"None";"None";"None";"nan";"7.255928";"43.694042";"000KW"
"2022-57283";"2022-04-21";"1";"Vente";"440000.0";"19.0";"None";"RUE ANDRIOLI";"0230";"06000";"06088";"Nice";"06";"None";"None";"06088000KW0206";"None";"None";"122";"93.79";"47";"nan";"None";"nan";"None";"None";"None";"None";"2";"2";"Appartement";"96.0";"2.0";"None";"None";"None";"None";"nan";"7.253381";"43.696371";"000KW"
"2022-57659";"2022-04-21";"1";"Vente";"355000.0";"36.0";"None";"RUE BOTTERO";"0925";"06000";"06088";"Nice";"06";"None";"None";"06088000KW0169";"None";"None";"103";"nan";"98";"86.09";"None";"nan";"None";"None";"None";"None";"2";"2";"Appartement";"87.0";"3.0";"None";"None";"None";"None";"nan";"7.251825";"43.69656";"000KW"
"2022-57991";"2022-04-21";"1";"Vente";"435000.0";"9.0";"B";"AV FLEURS";"2460";"06000";"06088";"Nice";"06";"None";"None";"06088000KW0127";"None";"None";"4MR";"nan";"59MR";"nan";"None";"nan";"None";"None";"None";"None";"2";"2";"Appartement";"70.0";"2.0";"None";"None";"None";"None";"nan";"7.254233";"43.697353";"000KW"
"2022-56839";"2022-04-21";"1";"Vente";"650000.0";"2.0";"None";"RUE SAINT PHILIPPE";"5895";"06000";"06088";"Nice";"06";"None";"None";"06088000KW0252";"None";"None";"21C";"nan";"6C";"nan";"None";"nan";"None";"None";"None";"None";"2";"3";"Dépendance";"nan";"0.0";"None";"None";"None";"None";"nan";"7.255928";"43.694042";"000KW"
"2022-57283";"2022-04-21";"1";"Vente";"440000.0";"19.0";"None";"RUE ANDRIOLI";"0230";"06000";"06088";"Nice";"06";"None";"None";"06088000KW0206";"None";"None";"122";"93.79";"47";"nan";"None";"nan";"None";"None";"None";"None";"2";"3";"Dépendance";"nan";"0.0";"None";"None";"None";"None";"nan";"7.253381";"43.696371";"000KW"
"2022-57659";"2022-04-21";"1";"Vente";"355000.0";"36.0";"None";"RUE BOTTERO";"0925";"06000";"06088";"Nice";"06";"None";"None";"06088000KW0169";"None";"None";"103";"nan";"98";"86.09";"None";"nan";"None";"None";"None";"None";"2";"3";"Dépendance";"nan";"0.0";"None";"None";"None";"None";"nan";"7.251825";"43.69656";"000KW"
"2022-57659";"2022-04-21";"1";"Vente";"355000.0";"36.0";"None";"RUE BOTTERO";"0925";"06000";"06088";"Nice";"06";"None";"None";"06088000KW0169";"None";"None";"35";"nan";"None";"nan";"None";"nan";"None";"None";"None";"None";"1";"3";"Dépendance";"nan";"0.0";"None";"None";"None";"None";"nan";"7.251825";"43.69656";"000KW"
"2022-57991";"2022-04-21";"1";"Vente";"435000.0";"9.0";"B";"AV FLEURS";"2460";"06000";"06088";"Nice";"06";"None";"None";"06088000KW0127";"None";"None";"4MR";"nan";"59MR";"nan";"None";"nan";"None";"None";"None";"None";"2";"3";"Dépendance";"nan";"0.0";"None";"None";"None";"None";"nan";"7.254233";"43.697353";"000KW"
"2022-57199";"2022-04-15";"1";"Vente";"397000.0";"6.0";"None";"RUE BOTTERO";"0925";"06000";"06088";"Nice";"06";"None";"None";"06088000KW0141";"None";"None";"111";"nan";"133";"77.06";"None";"nan";"None";"None";"None";"None";"2";"2";"Appartement";"82.0";"3.0";"None";"None";"None";"None";"nan";"7.255299";"43.696854";"000KW"
"2022-57199";"2022-04-15";"1";"Vente";"397000.0";"6.0";"None";"RUE BOTTERO";"0925";"06000";"06088";"Nice";"06";"None";"None";"06088000KW0141";"None";"None";"111";"nan";"133";"77.06";"None";"nan";"None";"None";"None";"None";"2";"3";"Dépendance";"nan";"0.0";"None";"None";"None";"None";"nan";"7.255299";"43.696854";"000KW"
"2022-56775";"2022-04-14";"1";"Vente";"118000.0";"27.0";"None";"AV FLEURS";"2460";"06000";"06088";"Nice";"06";"None";"None";"06088000KW0108";"None";"None";"4";"30.85";"None";"nan";"None";"nan";"None";"None";"None";"None";"1";"2";"Appartement";"31.0";"1.0";"None";"None";"None";"None";"nan";"7.251754";"43.697744";"000KW"
"2022-56319";"2022-04-13";"1";"Vente";"271000.0";"17.0";"None";"AV FLEURS";"2460";"06000";"06088";"Nice";"06";"None";"None";"06088000KW0123";"None";"None";"220";"nan";"None";"nan";"None";"nan";"None";"None";"None";"None";"1";"4";"Local industriel. commercial ou assimilé";"3.0";"0.0";"None";"None";"None";"None";"nan";"7.253164";"43.697428";"000KW"
"2022-56319";"2022-04-13";"1";"Vente";"271000.0";"17.0";"None";"AV FLEURS";"2460";"06000";"06088";"Nice";"06";"None";"None";"06088000KW0123";"None";"None";"256";"nan";"None";"nan";"None";"nan";"None";"None";"None";"None";"1";"4";"Local industriel. commercial ou assimilé";"3.0";"0.0";"None";"None";"None";"None";"nan";"7.253164";"43.697428";"000KW"
"2022-56319";"2022-04-13";"1";"Vente";"271000.0";"17.0";"None";"AV FLEURS";"2460";"06000";"06088";"Nice";"06";"None";"None";"06088000KW0123";"None";"None";"241";"nan";"None";"nan";"None";"nan";"None";"None";"None";"None";"1";"4";"Local industriel. commercial ou assimilé";"4.0";"0.0";"None";"None";"None";"None";"nan";"7.253164";"43.697428";"000KW"
"2022-56319";"2022-04-13";"1";"Vente";"271000.0";"17.0";"None";"AV FLEURS";"2460";"06000";"06088";"Nice";"06";"None";"None";"06088000KW0123";"None";"None";"198";"nan";"None";"nan";"None";"nan";"None";"None";"None";"None";"1";"4";"Local industriel. commercial ou assimilé";"3.0";"0.0";"None";"None";"None";"None";"nan";"7.253164";"43.697428";"000KW"
"2022-56319";"2022-04-13";"1";"Vente";"271000.0";"17.0";"None";"AV FLEURS";"2460";"06000";"06088";"Nice";"06";"None";"None";"06088000KW0123";"None";"None";"214";"nan";"None";"nan";"None";"nan";"None";"None";"None";"None";"1";"4";"Local industriel. commercial ou assimilé";"3.0";"0.0";"None";"None";"None";"None";"nan";"7.253164";"43.697428";"000KW"
"2022-56319";"2022-04-13";"1";"Vente";"271000.0";"17.0";"None";"AV FLEURS";"2460";"06000";"06088";"Nice";"06";"None";"None";"06088000KW0123";"None";"None";"262";"nan";"None";"nan";"None";"nan";"None";"None";"None";"None";"1";"4";"Local industriel. commercial ou assimilé";"3.0";"0.0";"None";"None";"None";"None";"nan";"7.253164";"43.697428";"000KW"
"2022-56319";"2022-04-13";"1";"Vente";"271000.0";"17.0";"None";"AV FLEURS";"2460";"06000";"06088";"Nice";"06";"None";"None";"06088000KW0123";"None";"None";"222";"nan";"None";"nan";"None";"nan";"None";"None";"None";"None";"1";"4";"Local industriel. commercial ou assimilé";"3.0";"0.0";"None";"None";"None";"None";"nan";"7.253164";"43.697428";"000KW"
"2022-56319";"2022-04-13";"1";"Vente";"271000.0";"17.0";"None";"AV FLEURS";"2460";"06000";"06088";"Nice";"06";"None";"None";"06088000KW0123";"None";"None";"260";"nan";"None";"nan";"None";"nan";"None";"None";"None";"None";"1";"4";"Local industriel. commercial ou assimilé";"3.0";"0.0";"None";"None";"None";"None";"nan";"7.253164";"43.697428";"000KW"
"2022-56319";"2022-04-13";"1";"Vente";"271000.0";"17.0";"None";"AV FLEURS";"2460";"06000";"06088";"Nice";"06";"None";"None";"06088000KW0123";"None";"None";"258";"nan";"None";"nan";"None";"nan";"None";"None";"None";"None";"1";"4";"Local industriel. commercial ou assimilé";"3.0";"0.0";"None";"None";"None";"None";"nan";"7.253164";"43.697428";"000KW"
"2022-56319";"2022-04-13";"1";"Vente";"271000.0";"17.0";"None";"AV FLEURS";"2460";"06000";"06088";"Nice";"06";"None";"None";"06088000KW0123";"None";"None";"248";"nan";"None";"nan";"None";"nan";"None";"None";"None";"None";"1";"4";"Local industriel. commercial ou assimilé";"3.0";"0.0";"None";"None";"None";"None";"nan";"7.253164";"43.697428";"000KW"
"2022-56319";"2022-04-13";"1";"Vente";"271000.0";"17.0";"None";"AV FLEURS";"2460";"06000";"06088";"Nice";"06";"None";"None";"06088000KW0123";"None";"None";"242";"nan";"None";"nan";"None";"nan";"None";"None";"None";"None";"1";"4";"Local industriel. commercial ou assimilé";"4.0";"0.0";"None";"None";"None";"None";"nan";"7.253164";"43.697428";"000KW"
"2022-56319";"2022-04-13";"1";"Vente";"271000.0";"17.0";"None";"AV FLEURS";"2460";"06000";"06088";"Nice";"06";"None";"None";"06088000KW0123";"None";"None";"257";"nan";"None";"nan";"None";"nan";"None";"None";"None";"None";"1";"4";"Local industriel. commercial ou assimilé";"5.0";"0.0";"None";"None";"None";"None";"nan";"7.253164";"43.697428";"000KW"
"2022-56319";"2022-04-13";"1";"Vente";"271000.0";"17.0";"None";"AV FLEURS";"2460";"06000";"06088";"Nice";"06";"None";"None";"06088000KW0123";"None";"None";"247";"nan";"None";"nan";"None";"nan";"None";"None";"None";"None";"1";"4";"Local industriel. commercial ou assimilé";"3.0";"0.0";"None";"None";"None";"None";"nan";"7.253164";"43.697428";"000KW"
"2022-56319";"2022-04-13";"1";"Vente";"271000.0";"17.0";"None";"AV FLEURS";"2460";"06000";"06088";"Nice";"06";"None";"None";"06088000KW0123";"None";"None";"252";"nan";"None";"nan";"None";"nan";"None";"None";"None";"None";"1";"4";"Local industriel. commercial ou assimilé";"3.0";"0.0";"None";"None";"None";"None";"nan";"7.253164";"43.697428";"000KW"
"2022-56319";"2022-04-13";"1";"Vente";"271000.0";"17.0";"None";"AV FLEURS";"2460";"06000";"06088";"Nice";"06";"None";"None";"06088000KW0123";"None";"None";"265";"nan";"None";"nan";"None";"nan";"None";"None";"None";"None";"1";"4";"Local industriel. commercial ou assimilé";"3.0";"0.0";"None";"None";"None";"None";"nan";"7.253164";"43.697428";"000KW"
"2022-56319";"2022-04-13";"1";"Vente";"271000.0";"17.0";"None";"AV FLEURS";"2460";"06000";"06088";"Nice";"06";"None";"None";"06088000KW0123";"None";"None";"263";"nan";"None";"nan";"None";"nan";"None";"None";"None";"None";"1";"4";"Local industriel. commercial ou assimilé";"3.0";"0.0";"None";"None";"None";"None";"nan";"7.253164";"43.697428";"000KW"
"2022-56319";"2022-04-13";"1";"Vente";"271000.0";"17.0";"None";"AV FLEURS";"2460";"06000";"06088";"Nice";"06";"None";"None";"06088000KW0123";"None";"None";"246";"nan";"None";"nan";"None";"nan";"None";"None";"None";"None";"1";"4";"Local industriel. commercial ou assimilé";"3.0";"0.0";"None";"None";"None";"None";"nan";"7.253164";"43.697428";"000KW"
"2022-56319";"2022-04-13";"1";"Vente";"271000.0";"17.0";"None";"AV FLEURS";"2460";"06000";"06088";"Nice";"06";"None";"None";"06088000KW0123";"None";"None";"253";"nan";"None";"nan";"None";"nan";"None";"None";"None";"None";"1";"4";"Local industriel. commercial ou assimilé";"4.0";"0.0";"None";"None";"None";"None";"nan";"7.253164";"43.697428";"000KW"
"2022-56319";"2022-04-13";"1";"Vente";"271000.0";"17.0";"None";"AV FLEURS";"2460";"06000";"06088";"Nice";"06";"None";"None";"06088000KW0123";"None";"None";"254";"nan";"None";"nan";"None";"nan";"None";"None";"None";"None";"1";"4";"Local industriel. commercial ou assimilé";"4.0";"0.0";"None";"None";"None";"None";"nan";"7.253164";"43.697428";"000KW"
"2022-56319";"2022-04-13";"1";"Vente";"271000.0";"17.0";"None";"AV FLEURS";"2460";"06000";"06088";"Nice";"06";"None";"None";"06088000KW0123";"None";"None";"224";"nan";"None";"nan";"None";"nan";"None";"None";"None";"None";"1";"4";"Local industriel. commercial ou assimilé";"3.0";"0.0";"None";"None";"None";"None";"nan";"7.253164";"43.697428";"000KW"
"2022-56319";"2022-04-13";"1";"Vente";"271000.0";"17.0";"None";"AV FLEURS";"2460";"06000";"06088";"Nice";"06";"None";"None";"06088000KW0123";"None";"None";"245";"nan";"None";"nan";"None";"nan";"None";"None";"None";"None";"1";"4";"Local industriel. commercial ou assimilé";"4.0";"0.0";"None";"None";"None";"None";"nan";"7.253164";"43.697428";"000KW"
"2022-56319";"2022-04-13";"1";"Vente";"271000.0";"17.0";"None";"AV FLEURS";"2460";"06000";"06088";"Nice";"06";"None";"None";"06088000KW0123";"None";"None";"255";"nan";"None";"nan";"None";"nan";"None";"None";"None";"None";"1";"4";"Local industriel. commercial ou assimilé";"3.0";"0.0";"None";"None";"None";"None";"nan";"7.253164";"43.697428";"000KW"
"2022-56319";"2022-04-13";"1";"Vente";"271000.0";"17.0";"None";"AV FLEURS";"2460";"06000";"06088";"Nice";"06";"None";"None";"06088000KW0123";"None";"None";"239";"nan";"None";"nan";"None";"nan";"None";"None";"None";"None";"1";"4";"Local industriel. commercial ou assimilé";"3.0";"0.0";"None";"None";"None";"None";"nan";"7.253164";"43.697428";"000KW"
"2022-56319";"2022-04-13";"1";"Vente";"271000.0";"17.0";"None";"AV FLEURS";"2460";"06000";"06088";"Nice";"06";"None";"None";"06088000KW0123";"None";"None";"217";"nan";"None";"nan";"None";"nan";"None";"None";"None";"None";"1";"4";"Local industriel. commercial ou assimilé";"3.0";"0.0";"None";"None";"None";"None";"nan";"7.253164";"43.697428";"000KW"
"2022-56319";"2022-04-13";"1";"Vente";"271000.0";"17.0";"None";"AV FLEURS";"2460";"06000";"06088";"Nice";"06";"None";"None";"06088000KW0123";"None";"None";"249";"nan";"None";"nan";"None";"nan";"None";"None";"None";"None";"1";"4";"Local industriel. commercial ou assimilé";"3.0";"0.0";"None";"None";"None";"None";"nan";"7.253164";"43.697428";"000KW"
"2022-56319";"2022-04-13";"1";"Vente";"271000.0";"17.0";"None";"AV FLEURS";"2460";"06000";"06088";"Nice";"06";"None";"None";"06088000KW0123";"None";"None";"218";"nan";"None";"nan";"None";"nan";"None";"None";"None";"None";"1";"4";"Local industriel. commercial ou assimilé";"3.0";"0.0";"None";"None";"None";"None";"nan";"7.253164";"43.697428";"000KW"
"2022-56319";"2022-04-13";"1";"Vente";"271000.0";"17.0";"None";"AV FLEURS";"2460";"06000";"06088";"Nice";"06";"None";"None";"06088000KW0123";"None";"None";"243";"nan";"None";"nan";"None";"nan";"None";"None";"None";"None";"1";"4";"Local industriel. commercial ou assimilé";"4.0";"0.0";"None";"None";"None";"None";"nan";"7.253164";"43.697428";"000KW"
"2022-56319";"2022-04-13";"1";"Vente";"271000.0";"17.0";"None";"AV FLEURS";"2460";"06000";"06088";"Nice";"06";"None";"None";"06088000KW0123";"None";"None";"240";"nan";"None";"nan";"None";"nan";"None";"None";"None";"None";"1";"4";"Local industriel. commercial ou assimilé";"3.0";"0.0";"None";"None";"None";"None";"nan";"7.253164";"43.697428";"000KW"
"2022-56319";"2022-04-13";"1";"Vente";"271000.0";"17.0";"None";"AV FLEURS";"2460";"06000";"06088";"Nice";"06";"None";"None";"06088000KW0123";"None";"None";"264";"nan";"None";"nan";"None";"nan";"None";"None";"None";"None";"1";"4";"Local industriel. commercial ou assimilé";"3.0";"0.0";"None";"None";"None";"None";"nan";"7.253164";"43.697428";"000KW"
"2022-56319";"2022-04-13";"1";"Vente";"271000.0";"17.0";"None";"AV FLEURS";"2460";"06000";"06088";"Nice";"06";"None";"None";"06088000KW0123";"None";"None";"259";"nan";"None";"nan";"None";"nan";"None";"None";"None";"None";"1";"4";"Local industriel. commercial ou assimilé";"3.0";"0.0";"None";"None";"None";"None";"nan";"7.253164";"43.697428";"000KW"
"2022-56319";"2022-04-13";"1";"Vente";"271000.0";"17.0";"None";"AV FLEURS";"2460";"06000";"06088";"Nice";"06";"None";"None";"06088000KW0123";"None";"None";"251";"nan";"None";"nan";"None";"nan";"None";"None";"None";"None";"1";"4";"Local industriel. commercial ou assimilé";"2.0";"0.0";"None";"None";"None";"None";"nan";"7.253164";"43.697428";"000KW"
"2022-56319";"2022-04-13";"1";"Vente";"271000.0";"17.0";"None";"AV FLEURS";"2460";"06000";"06088";"Nice";"06";"None";"None";"06088000KW0123";"None";"None";"250";"nan";"None";"nan";"None";"nan";"None";"None";"None";"None";"1";"4";"Local industriel. commercial ou assimilé";"2.0";"0.0";"None";"None";"None";"None";"nan";"7.253164";"43.697428";"000KW"
"2022-56319";"2022-04-13";"1";"Vente";"271000.0";"17.0";"None";"AV FLEURS";"2460";"06000";"06088";"Nice";"06";"None";"None";"06088000KW0123";"None";"None";"244";"nan";"None";"nan";"None";"nan";"None";"None";"None";"None";"1";"4";"Local industriel. commercial ou assimilé";"4.0";"0.0";"None";"None";"None";"None";"nan";"7.253164";"43.697428";"000KW"
"2022-56319";"2022-04-13";"1";"Vente";"271000.0";"17.0";"None";"AV FLEURS";"2460";"06000";"06088";"Nice";"06";"None";"None";"06088000KW0123";"None";"None";"223";"nan";"None";"nan";"None";"nan";"None";"None";"None";"None";"1";"4";"Local industriel. commercial ou assimilé";"3.0";"0.0";"None";"None";"None";"None";"nan";"7.253164";"43.697428";"000KW"
"2022-56319";"2022-04-13";"1";"Vente";"271000.0";"17.0";"None";"AV FLEURS";"2460";"06000";"06088";"Nice";"06";"None";"None";"06088000KW0123";"None";"None";"221";"nan";"None";"nan";"None";"nan";"None";"None";"None";"None";"1";"4";"Local industriel. commercial ou assimilé";"3.0";"0.0";"None";"None";"None";"None";"nan";"7.253164";"43.697428";"000KW"
"2022-56319";"2022-04-13";"1";"Vente";"271000.0";"17.0";"None";"AV FLEURS";"2460";"06000";"06088";"Nice";"06";"None";"None";"06088000KW0123";"None";"None";"219";"nan";"None";"nan";"None";"nan";"None";"None";"None";"None";"1";"4";"Local industriel. commercial ou assimilé";"5.0";"0.0";"None";"None";"None";"None";"nan";"7.253164";"43.697428";"000KW"
"2022-56319";"2022-04-13";"1";"Vente";"271000.0";"17.0";"None";"AV FLEURS";"2460";"06000";"06088";"Nice";"06";"None";"None";"06088000KW0123";"None";"None";"216";"nan";"None";"nan";"None";"nan";"None";"None";"None";"None";"1";"4";"Local industriel. commercial ou assimilé";"3.0";"0.0";"None";"None";"None";"None";"nan";"7.253164";"43.697428";"000KW"
"2022-56319";"2022-04-13";"1";"Vente";"271000.0";"17.0";"None";"AV FLEURS";"2460";"06000";"06088";"Nice";"06";"None";"None";"06088000KW0123";"None";"None";"215";"nan";"None";"nan";"None";"nan";"None";"None";"None";"None";"1";"4";"Local industriel. commercial ou assimilé";"4.0";"0.0";"None";"None";"None";"None";"nan";"7.253164";"43.697428";"000KW"
"2022-56319";"2022-04-13";"1";"Vente";"271000.0";"17.0";"None";"AV FLEURS";"2460";"06000";"06088";"Nice";"06";"None";"None";"06088000KW0123";"None";"None";"213";"nan";"None";"nan";"None";"nan";"None";"None";"None";"None";"1";"4";"Local industriel. commercial ou assimilé";"4.0";"0.0";"None";"None";"None";"None";"nan";"7.253164";"43.697428";"000KW"
"2022-56319";"2022-04-13";"1";"Vente";"271000.0";"17.0";"None";"AV FLEURS";"2460";"06000";"06088";"Nice";"06";"None";"None";"06088000KW0123";"None";"None";"212";"nan";"None";"nan";"None";"nan";"None";"None";"None";"None";"1";"4";"Local industriel. commercial ou assimilé";"8.0";"0.0";"None";"None";"None";"None";"nan";"7.253164";"43.697428";"000KW"
"2022-56319";"2022-04-13";"1";"Vente";"271000.0";"17.0";"None";"AV FLEURS";"2460";"06000";"06088";"Nice";"06";"None";"None";"06088000KW0123";"None";"None";"211";"nan";"None";"nan";"None";"nan";"None";"None";"None";"None";"1";"4";"Local industriel. commercial ou assimilé";"2.0";"0.0";"None";"None";"None";"None";"nan";"7.253164";"43.697428";"000KW"
"2022-56319";"2022-04-13";"1";"Vente";"271000.0";"17.0";"None";"AV FLEURS";"2460";"06000";"06088";"Nice";"06";"None";"None";"06088000KW0123";"None";"None";"210";"nan";"None";"nan";"None";"nan";"None";"None";"None";"None";"1";"4";"Local industriel. commercial ou assimilé";"2.0";"0.0";"None";"None";"None";"None";"nan";"7.253164";"43.697428";"000KW"
"2022-56319";"2022-04-13";"1";"Vente";"271000.0";"17.0";"None";"AV FLEURS";"2460";"06000";"06088";"Nice";"06";"None";"None";"06088000KW0123";"None";"None";"209";"nan";"None";"nan";"None";"nan";"None";"None";"None";"None";"1";"4";"Local industriel. commercial ou assimilé";"3.0";"0.0";"None";"None";"None";"None";"nan";"7.253164";"43.697428";"000KW"
"2022-56319";"2022-04-13";"1";"Vente";"271000.0";"17.0";"None";"AV FLEURS";"2460";"06000";"06088";"Nice";"06";"None";"None";"06088000KW0123";"None";"None";"208";"nan";"None";"nan";"None";"nan";"None";"None";"None";"None";"1";"4";"Local industriel. commercial ou assimilé";"3.0";"0.0";"None";"None";"None";"None";"nan";"7.253164";"43.697428";"000KW"
"2022-56319";"2022-04-13";"1";"Vente";"271000.0";"17.0";"None";"AV FLEURS";"2460";"06000";"06088";"Nice";"06";"None";"None";"06088000KW0123";"None";"None";"207";"nan";"None";"nan";"None";"nan";"None";"None";"None";"None";"1";"4";"Local industriel. commercial ou assimilé";"3.0";"0.0";"None";"None";"None";"None";"nan";"7.253164";"43.697428";"000KW"
"2022-56319";"2022-04-13";"1";"Vente";"271000.0";"17.0";"None";"AV FLEURS";"2460";"06000";"06088";"Nice";"06";"None";"None";"06088000KW0123";"None";"None";"206";"nan";"None";"nan";"None";"nan";"None";"None";"None";"None";"1";"4";"Local industriel. commercial ou assimilé";"3.0";"0.0";"None";"None";"None";"None";"nan";"7.253164";"43.697428";"000KW"
"2022-56319";"2022-04-13";"1";"Vente";"271000.0";"17.0";"None";"AV FLEURS";"2460";"06000";"06088";"Nice";"06";"None";"None";"06088000KW0123";"None";"None";"205";"nan";"None";"nan";"None";"nan";"None";"None";"None";"None";"1";"4";"Local industriel. commercial ou assimilé";"3.0";"0.0";"None";"None";"None";"None";"nan";"7.253164";"43.697428";"000KW"
"2022-56319";"2022-04-13";"1";"Vente";"271000.0";"17.0";"None";"AV FLEURS";"2460";"06000";"06088";"Nice";"06";"None";"None";"06088000KW0123";"None";"None";"204";"nan";"None";"nan";"None";"nan";"None";"None";"None";"None";"1";"4";"Local industriel. commercial ou assimilé";"4.0";"0.0";"None";"None";"None";"None";"nan";"7.253164";"43.697428";"000KW"
"2022-56319";"2022-04-13";"1";"Vente";"271000.0";"17.0";"None";"AV FLEURS";"2460";"06000";"06088";"Nice";"06";"None";"None";"06088000KW0123";"None";"None";"203";"nan";"None";"nan";"None";"nan";"None";"None";"None";"None";"1";"4";"Local industriel. commercial ou assimilé";"4.0";"0.0";"None";"None";"None";"None";"nan";"7.253164";"43.697428";"000KW"
"2022-56319";"2022-04-13";"1";"Vente";"271000.0";"17.0";"None";"AV FLEURS";"2460";"06000";"06088";"Nice";"06";"None";"None";"06088000KW0123";"None";"None";"202";"nan";"None";"nan";"None";"nan";"None";"None";"None";"None";"1";"4";"Local industriel. commercial ou assimilé";"4.0";"0.0";"None";"None";"None";"None";"nan";"7.253164";"43.697428";"000KW"
"2022-56319";"2022-04-13";"1";"Vente";"271000.0";"17.0";"None";"AV FLEURS";"2460";"06000";"06088";"Nice";"06";"None";"None";"06088000KW0123";"None";"None";"201";"nan";"None";"nan";"None";"nan";"None";"None";"None";"None";"1";"4";"Local industriel. commercial ou assimilé";"4.0";"0.0";"None";"None";"None";"None";"nan";"7.253164";"43.697428";"000KW"
"2022-56319";"2022-04-13";"1";"Vente";"271000.0";"17.0";"None";"AV FLEURS";"2460";"06000";"06088";"Nice";"06";"None";"None";"06088000KW0123";"None";"None";"200";"nan";"None";"nan";"None";"nan";"None";"None";"None";"None";"1";"4";"Local industriel. commercial ou assimilé";"4.0";"0.0";"None";"None";"None";"None";"nan";"7.253164";"43.697428";"000KW"
"2022-56319";"2022-04-13";"1";"Vente";"271000.0";"17.0";"None";"AV FLEURS";"2460";"06000";"06088";"Nice";"06";"None";"None";"06088000KW0123";"None";"None";"199";"nan";"None";"nan";"None";"nan";"None";"None";"None";"None";"1";"4";"Local industriel. commercial ou assimilé";"3.0";"0.0";"None";"None";"None";"None";"nan";"7.253164";"43.697428";"000KW"
"2022-56319";"2022-04-13";"1";"Vente";"271000.0";"17.0";"None";"AV FLEURS";"2460";"06000";"06088";"Nice";"06";"None";"None";"06088000KW0123";"None";"None";"261";"nan";"None";"nan";"None";"nan";"None";"None";"None";"None";"1";"4";"Local industriel. commercial ou assimilé";"3.0";"0.0";"None";"None";"None";"None";"nan";"7.253164";"43.697428";"000KW"
"2022-56283";"2022-04-11";"1";"Vente";"153000.0";"28.0";"None";"RUE BOTTERO";"0925";"06000";"06088";"Nice";"06";"None";"None";"06088000KW0439";"None";"None";"100";"nan";"None";"nan";"None";"nan";"None";"None";"None";"None";"1";"2";"Appartement";"30.0";"2.0";"None";"None";"None";"None";"nan";"7.252368";"43.696615";"000KW"
"2022-56088";"2022-04-11";"1";"Vente";"39000.0";"22.0";"None";"RUE BOTTERO";"0925";"06000";"06088";"Nice";"06";"None";"None";"06088000KW0153";"None";"None";"7";"nan";"None";"nan";"None";"nan";"None";"None";"None";"None";"1";"3";"Dépendance";"nan";"0.0";"None";"None";"None";"None";"nan";"7.252797";"43.696798";"000KW"
"2022-56515";"2022-04-08";"1";"Vente";"200000.0";"15.0";"B";"RUE ALEXIS MOSSA";"0094";"06000";"06088";"Nice";"06";"None";"None";"06088000KW0324";"None";"None";"26";"nan";"4";"nan";"None";"nan";"None";"None";"None";"None";"2";"2";"Appartement";"65.0";"3.0";"None";"None";"None";"None";"nan";"7.252251";"43.695883";"000KW"
"2022-56667";"2022-04-08";"1";"Vente";"130000.0";"57.0";"None";"BD FRANCOIS GROSSO";"2630";"06000";"06088";"Nice";"06";"None";"None";"06088000KW0107";"None";"None";"11";"nan";"51";"27.91";"None";"nan";"None";"None";"None";"None";"2";"2";"Appartement";"28.0";"1.0";"None";"None";"None";"None";"nan";"7.25101";"43.698207";"000KW"
"2022-56515";"2022-04-08";"1";"Vente";"200000.0";"15.0";"B";"RUE ALEXIS MOSSA";"0094";"06000";"06088";"Nice";"06";"None";"None";"06088000KW0324";"None";"None";"26";"nan";"4";"nan";"None";"nan";"None";"None";"None";"None";"2";"3";"Dépendance";"nan";"0.0";"None";"None";"None";"None";"nan";"7.252251";"43.695883";"000KW"
"2022-56515";"2022-04-08";"1";"Vente";"200000.0";"15.0";"B";"RUE ALEXIS MOSSA";"0094";"06000";"06088";"Nice";"06";"None";"None";"06088000KW0324";"None";"None";"17";"nan";"None";"nan";"None";"nan";"None";"None";"None";"None";"1";"3";"Dépendance";"nan";"0.0";"None";"None";"None";"None";"nan";"7.252251";"43.695883";"000KW"
"2022-56667";"2022-04-08";"1";"Vente";"130000.0";"57.0";"None";"BD FRANCOIS GROSSO";"2630";"06000";"06088";"Nice";"06";"None";"None";"06088000KW0107";"None";"None";"11";"nan";"51";"27.91";"None";"nan";"None";"None";"None";"None";"2";"3";"Dépendance";"nan";"0.0";"None";"None";"None";"None";"nan";"7.25101";"43.698207";"000KW"
"2022-56667";"2022-04-08";"1";"Vente";"130000.0";"57.0";"None";"BD FRANCOIS GROSSO";"2630";"06000";"06088";"Nice";"06";"None";"None";"06088000KW0107";"None";"None";"41";"nan";"None";"nan";"None";"nan";"None";"None";"None";"None";"1";"3";"Dépendance";"nan";"0.0";"None";"None";"None";"None";"nan";"7.25101";"43.698207";"000KW"
"2022-56175";"2022-04-07";"1";"Vente";"508000.0";"76.0";"None";"AV BAUMETTES HORIZON";"0666";"06000";"06088";"Nice";"06";"None";"None";"06088000KW0005";"None";"None";"77";"101.15";"78";"101.15";"8";"nan";"None";"None";"None";"None";"3";"2";"Appartement";"135.0";"4.0";"None";"None";"None";"None";"nan";"7.250071";"43.698297";"000KW"
"2022-56175";"2022-04-07";"1";"Vente";"508000.0";"76.0";"None";"AV BAUMETTES HORIZON";"0666";"06000";"06088";"Nice";"06";"None";"None";"06088000KW0005";"None";"None";"77";"101.15";"78";"101.15";"8";"nan";"None";"None";"None";"None";"3";"3";"Dépendance";"nan";"0.0";"None";"None";"None";"None";"nan";"7.250071";"43.698297";"000KW"
"2022-55856";"2022-04-07";"1";"Vente";"19000.0";"17.0";"None";"AV FLEURS";"2460";"06000";"06088";"Nice";"06";"None";"None";"06088000KW0123";"None";"None";"111";"nan";"None";"nan";"None";"nan";"None";"None";"None";"None";"1";"4";"Local industriel. commercial ou assimilé";"49.0";"0.0";"None";"None";"None";"None";"nan";"7.253164";"43.697428";"000KW"
"2022-56222";"2022-04-06";"1";"Vente";"14000.0";"76.0";"None";"AV BAUMETTES PANORAMIC";"0665";"06000";"06088";"Nice";"06";"None";"None";"06088000KW0005";"None";"None";"518";"nan";"None";"nan";"None";"nan";"None";"None";"None";"None";"1";"3";"Dépendance";"nan";"0.0";"None";"None";"None";"None";"nan";"7.250071";"43.698297";"000KW"
"2022-56222";"2022-04-06";"1";"Vente";"14000.0";"76.0";"None";"AV BAUMETTES PANORAMIC";"0665";"06000";"06088";"Nice";"06";"None";"None";"06088000KW0005";"None";"None";"516";"nan";"None";"nan";"None";"nan";"None";"None";"None";"None";"1";"3";"Dépendance";"nan";"0.0";"None";"None";"None";"None";"nan";"7.250071";"43.698297";"000KW"
"2022-56093";"2022-04-05";"1";"Vente";"340000.0";"27.0";"None";"BD GAMBETTA";"2755";"06000";"06088";"Nice";"06";"None";"None";"06088000KW0234";"None";"None";"14";"91.34";"None";"nan";"None";"nan";"None";"None";"None";"None";"1";"2";"Appartement";"89.0";"4.0";"None";"None";"None";"None";"nan";"7.255942";"43.69657";"000KW"
"2022-56418";"2022-04-01";"1";"Vente";"102000.0";"10.0";"None";"AV DES ORANGERS";"4590";"06000";"06088";"Nice";"06";"None";"None";"06088000KW0124";"None";"None";"78";"19.02";"None";"nan";"None";"nan";"None";"None";"None";"None";"1";"2";"Appartement";"20.0";"1.0";"None";"None";"None";"None";"nan";"7.253552";"43.697329";"000KW"
"2022-55640";"2022-03-31";"1";"Vente";"363000.0";"11.0";"None";"AV FLEURS";"2460";"06000";"06088";"Nice";"06";"None";"None";"06088000KW0125";"None";"None";"16";"nan";"86";"nan";"None";"nan";"None";"None";"None";"None";"2";"2";"Appartement";"41.0";"1.0";"None";"None";"None";"None";"nan";"7.253698";"43.697412";"000KW"
"2022-55640";"2022-03-31";"1";"Vente";"363000.0";"11.0";"None";"AV FLEURS";"2460";"06000";"06088";"Nice";"06";"None";"None";"06088000KW0125";"None";"None";"16";"nan";"86";"nan";"None";"nan";"None";"None";"None";"None";"2";"3";"Dépendance";"nan";"0.0";"None";"None";"None";"None";"nan";"7.253698";"43.697412";"000KW"
"2022-55784";"2022-03-30";"1";"Vente";"670000.0";"54.0";"None";"PROM DES ANGLAIS";"0240";"06000";"06088";"Nice";"06";"None";"None";"06088000KW0283";"None";"None";"33";"nan";"94";"nan";"None";"nan";"None";"None";"None";"None";"2";"2";"Appartement";"91.0";"2.0";"None";"None";"None";"None";"nan";"7.254063";"43.693742";"000KW"
"2022-55555";"2022-03-30";"1";"Vente";"97000.0";"54.0";"None";"PROM DES ANGLAIS";"0240";"06000";"06088";"Nice";"06";"None";"None";"06088000KW0283";"None";"None";"41";"nan";"None";"nan";"None";"nan";"None";"None";"None";"None";"1";"3";"Dépendance";"nan";"0.0";"None";"None";"None";"None";"nan";"7.254063";"43.693742";"000KW"
"2022-55695";"2022-03-30";"1";"Vente";"45000.0";"5.0";"None";"RUE ANDRIOLI";"0230";"06000";"06088";"Nice";"06";"None";"None";"06088000KW0278";"None";"None";"6";"nan";"None";"nan";"None";"nan";"None";"None";"None";"None";"1";"3";"Dépendance";"nan";"0.0";"None";"None";"None";"None";"nan";"7.254107";"43.694359";"000KW"
"2022-55695";"2022-03-30";"1";"Vente";"45000.0";"5.0";"None";"RUE ANDRIOLI";"0230";"06000";"06088";"Nice";"06";"None";"None";"06088000KW0278";"None";"None";"7";"nan";"None";"nan";"None";"nan";"None";"None";"None";"None";"1";"3";"Dépendance";"nan";"0.0";"None";"None";"None";"None";"nan";"7.254107";"43.694359";"000KW"
"2022-55427";"2022-03-28";"1";"Vente";"85000.0";"4.0";"None";"BD FRANCOIS GROSSO";"2630";"06000";"06088";"Nice";"06";"None";"None";"06088000KW0318";"None";"None";"54";"nan";"None";"nan";"None";"nan";"None";"None";"None";"None";"1";"2";"Appartement";"20.0";"1.0";"None";"None";"None";"None";"nan";"7.252322";"43.694771";"000KW"
"2022-55427";"2022-03-28";"1";"Vente";"85000.0";"4.0";"None";"BD FRANCOIS GROSSO";"2630";"06000";"06088";"Nice";"06";"None";"None";"06088000KW0318";"None";"None";"54";"nan";"None";"nan";"None";"nan";"None";"None";"None";"None";"1";"3";"Dépendance";"nan";"0.0";"None";"None";"None";"None";"nan";"7.252322";"43.694771";"000KW"
"2022-55903";"2022-03-28";"1";"Vente";"32500.0";"15.0";"None";"RUE DANTE";"1835";"06000";"06088";"Nice";"06";"None";"None";"06088000KW0300";"None";"None";"78";"nan";"None";"nan";"None";"nan";"None";"None";"None";"None";"1";"3";"Dépendance";"nan";"0.0";"None";"None";"None";"None";"nan";"7.253574";"43.695318";"000KW"
"2022-55520";"2022-03-24";"1";"Vente";"37000.0";"66.0";"None";"AV DES BAUMETTES";"0660";"06000";"06088";"Nice";"06";"None";"None";"06088000KW0019";"None";"None";"44";"nan";"None";"nan";"None";"nan";"None";"None";"None";"None";"1";"3";"Dépendance";"nan";"0.0";"None";"None";"None";"None";"nan";"7.248507";"43.696603";"000KW"
"2022-54947";"2022-03-22";"1";"Vente";"425000.0";"11.0";"None";"BD GAMBETTA";"2755";"06000";"06088";"Nice";"06";"None";"None";"06088000KW0249";"None";"None";"35";"86.0";"58";"nan";"None";"nan";"None";"None";"None";"None";"2";"2";"Appartement";"87.0";"3.0";"None";"None";"None";"None";"nan";"7.255965";"43.694979";"000KW"
"2022-55137";"2022-03-22";"1";"Vente";"107863.3";"10.0";"None";"AV DES ORANGERS";"4590";"06000";"06088";"Nice";"06";"None";"None";"06088000KW0124";"None";"None";"54";"18.94";"None";"nan";"None";"nan";"None";"None";"None";"None";"1";"2";"Appartement";"20.0";"1.0";"None";"None";"None";"None";"nan";"7.253552";"43.697329";"000KW"
"2022-55284";"2022-03-22";"1";"Vente";"200000.0";"20.0";"None";"AV DES ORANGERS";"4590";"06000";"06088";"Nice";"06";"None";"None";"06088000KW0362";"None";"None";"770";"nan";"832";"nan";"None";"nan";"None";"None";"None";"None";"2";"2";"Appartement";"48.0";"2.0";"None";"None";"None";"None";"nan";"7.251748";"43.69738";"000KW"
"2022-54947";"2022-03-22";"1";"Vente";"425000.0";"11.0";"None";"BD GAMBETTA";"2755";"06000";"06088";"Nice";"06";"None";"None";"06088000KW0249";"None";"None";"35";"86.0";"58";"nan";"None";"nan";"None";"None";"None";"None";"2";"3";"Dépendance";"nan";"0.0";"None";"None";"None";"None";"nan";"7.255965";"43.694979";"000KW"
"2022-55284";"2022-03-22";"1";"Vente";"200000.0";"20.0";"None";"AV DES ORANGERS";"4590";"06000";"06088";"Nice";"06";"None";"None";"06088000KW0362";"None";"None";"770";"nan";"832";"nan";"None";"nan";"None";"None";"None";"None";"2";"3";"Dépendance";"nan";"0.0";"None";"None";"None";"None";"nan";"7.251748";"43.69738";"000KW"
"2022-55284";"2022-03-22";"1";"Vente";"200000.0";"20.0";"None";"AV DES ORANGERS";"4590";"06000";"06088";"Nice";"06";"None";"None";"06088000KW0362";"None";"None";"717";"nan";"None";"nan";"None";"nan";"None";"None";"None";"None";"1";"3";"Dépendance";"nan";"0.0";"None";"None";"None";"None";"nan";"7.251748";"43.69738";"000KW"
"2022-54831";"2022-03-21";"1";"Vente";"323000.0";"76.0";"None";"AV BAUMETTES BELLEVUE";"0663";"06000";"06088";"Nice";"06";"None";"None";"06088000KW0005";"None";"None";"360";"nan";"415";"nan";"None";"nan";"None";"None";"None";"None";"2";"2";"Appartement";"60.0";"2.0";"None";"None";"None";"None";"nan";"7.250071";"43.698297";"000KW"
"2022-55293";"2022-03-21";"1";"Vente";"230000.0";"8.0";"None";"AV DES ORANGERS";"4590";"06000";"06088";"Nice";"06";"None";"None";"06088000KW0126";"None";"None";"20";"nan";"30";"47.7";"None";"nan";"None";"None";"None";"None";"2";"2";"Appartement";"46.0";"2.0";"None";"None";"None";"None";"nan";"7.253887";"43.697261";"000KW"
"2022-55302";"2022-03-21";"1";"Vente";"149000.0";"90.0";"None";"RUE DE FRANCE";"2595";"06000";"06088";"Nice";"06";"None";"None";"06088000KW0369";"None";"None";"1073";"29.32";"None";"nan";"None";"nan";"None";"None";"None";"None";"1";"2";"Appartement";"30.0";"1.0";"None";"None";"None";"None";"nan";"7.252761";"43.694482";"000KW"
"2022-54831";"2022-03-21";"1";"Vente";"323000.0";"76.0";"None";"AV BAUMETTES BELLEVUE";"0663";"06000";"06088";"Nice";"06";"None";"None";"06088000KW0005";"None";"None";"360";"nan";"415";"nan";"None";"nan";"None";"None";"None";"None";"2";"3";"Dépendance";"nan";"0.0";"None";"None";"None";"None";"nan";"7.250071";"43.698297";"000KW"
"2022-55293";"2022-03-21";"1";"Vente";"230000.0";"8.0";"None";"AV DES ORANGERS";"4590";"06000";"06088";"Nice";"06";"None";"None";"06088000KW0126";"None";"None";"20";"nan";"30";"47.7";"None";"nan";"None";"None";"None";"None";"2";"3";"Dépendance";"nan";"0.0";"None";"None";"None";"None";"nan";"7.253887";"43.697261";"000KW"
"2022-55293";"2022-03-21";"1";"Vente";"230000.0";"8.0";"None";"AV DES ORANGERS";"4590";"06000";"06088";"Nice";"06";"None";"None";"06088000KW0126";"None";"None";"13";"nan";"None";"nan";"None";"nan";"None";"None";"None";"None";"1";"3";"Dépendance";"nan";"0.0";"None";"None";"None";"None";"nan";"7.253887";"43.697261";"000KW"
"2022-55287";"2022-03-17";"1";"Vente";"460000.0";"1.0";"B";"RUE ANDRIOLI";"0230";"06000";"06088";"Nice";"06";"None";"None";"06088000KW0280";"None";"None";"70";"nan";"None";"nan";"None";"nan";"None";"None";"None";"None";"1";"2";"Appartement";"92.0";"3.0";"None";"None";"None";"None";"nan";"7.254013";"43.694098";"000KW"
"2022-54935";"2022-03-15";"1";"Vente";"418600.0";"15.0";"None";"RUE DANTE";"1835";"06000";"06088";"Nice";"06";"None";"None";"06088000KW0300";"None";"None";"30";"nan";"34";"nan";"None";"nan";"None";"None";"None";"None";"2";"2";"Appartement";"84.0";"3.0";"None";"None";"None";"None";"nan";"7.253574";"43.695318";"000KW"
"2022-54935";"2022-03-15";"1";"Vente";"418600.0";"15.0";"None";"RUE DANTE";"1835";"06000";"06088";"Nice";"06";"None";"None";"06088000KW0300";"None";"None";"30";"nan";"34";"nan";"None";"nan";"None";"None";"None";"None";"2";"3";"Dépendance";"nan";"0.0";"None";"None";"None";"None";"nan";"7.253574";"43.695318";"000KW"
"2022-54939";"2022-03-11";"1";"Vente";"110000.0";"2.0";"None";"BD FRANCOIS GROSSO";"2630";"06000";"06088";"Nice";"06";"None";"None";"06088000KW0370";"None";"None";"50";"27.63";"None";"nan";"None";"nan";"None";"None";"None";"None";"1";"2";"Appartement";"27.0";"2.0";"None";"None";"None";"None";"nan";"7.252572";"43.694566";"000KW"
"2022-55114";"2022-03-11";"1";"Vente";"410000.0";"5.0";"None";"BD GAMBETTA";"2755";"06000";"06088";"Nice";"06";"None";"None";"06088000KW0446";"None";"None";"190";"nan";"None";"nan";"None";"nan";"None";"None";"None";"None";"1";"2";"Appartement";"57.0";"2.0";"None";"None";"None";"None";"nan";"7.255854";"43.694672";"000KW"
"2022-54915";"2022-03-11";"1";"Vente";"48000.0";"22.0";"None";"RUE BOTTERO";"0925";"06000";"06088";"Nice";"06";"None";"None";"06088000KW0153";"None";"None";"159";"nan";"None";"nan";"None";"nan";"None";"None";"None";"None";"1";"3";"Dépendance";"nan";"0.0";"None";"None";"None";"None";"nan";"7.252797";"43.696798";"000KW"
"2022-55114";"2022-03-11";"1";"Vente";"410000.0";"5.0";"None";"BD GAMBETTA";"2755";"06000";"06088";"Nice";"06";"None";"None";"06088000KW0446";"None";"None";"190";"nan";"None";"nan";"None";"nan";"None";"None";"None";"None";"1";"3";"Dépendance";"nan";"0.0";"None";"None";"None";"None";"nan";"7.255854";"43.694672";"000KW"
"2022-55003";"2022-03-09";"1";"Vente";"597584.0";"16.0";"None";"AV DES BAUMETTES";"0660";"06000";"06088";"Nice";"06";"None";"None";"06088000KW0080";"None";"None";"15";"nan";"None";"nan";"None";"nan";"None";"None";"None";"None";"1";"2";"Appartement";"106.0";"3.0";"None";"None";"None";"None";"nan";"7.250366";"43.695706";"000KW"
"2022-55003";"2022-03-09";"1";"Vente";"597584.0";"16.0";"None";"AV DES BAUMETTES";"0660";"06000";"06088";"Nice";"06";"None";"None";"06088000KW0080";"None";"None";"15";"nan";"None";"nan";"None";"nan";"None";"None";"None";"None";"1";"3";"Dépendance";"nan";"0.0";"None";"None";"None";"None";"nan";"7.250366";"43.695706";"000KW"
"2022-55218";"2022-03-08";"1";"Vente";"273000.0";"47.0";"None";"BD FRANCOIS GROSSO";"2630";"06000";"06088";"Nice";"06";"None";"None";"06088000KW0094";"None";"None";"23";"nan";"6";"nan";"None";"nan";"None";"None";"None";"None";"2";"2";"Appartement";"70.0";"3.0";"None";"None";"None";"None";"nan";"7.251098";"43.697255";"000KW"
"2022-54266";"2022-03-08";"1";"Vente";"95000.0";"20.0";"None";"AV DES ORANGERS";"4590";"06000";"06088";"Nice";"06";"None";"None";"06088000KW0362";"None";"None";"764";"nan";"None";"nan";"None";"nan";"None";"None";"None";"None";"1";"3";"Dépendance";"nan";"0.0";"None";"None";"None";"None";"nan";"7.251748";"43.69738";"000KW"
"2022-54606";"2022-03-08";"1";"Vente";"90000.0";"54.0";"None";"PROM DES ANGLAIS";"0240";"06000";"06088";"Nice";"06";"None";"None";"06088000KW0283";"None";"None";"50";"nan";"None";"nan";"None";"nan";"None";"None";"None";"None";"1";"3";"Dépendance";"nan";"0.0";"None";"None";"None";"None";"nan";"7.254063";"43.693742";"000KW"
"2022-55218";"2022-03-08";"1";"Vente";"273000.0";"47.0";"None";"BD FRANCOIS GROSSO";"2630";"06000";"06088";"Nice";"06";"None";"None";"06088000KW0094";"None";"None";"23";"nan";"6";"nan";"None";"nan";"None";"None";"None";"None";"2";"3";"Dépendance";"nan";"0.0";"None";"None";"None";"None";"nan";"7.251098";"43.697255";"000KW"
"2022-54266";"2022-03-08";"1";"Vente";"95000.0";"20.0";"None";"AV DES ORANGERS";"4590";"06000";"06088";"Nice";"06";"None";"None";"06088000KW0362";"None";"None";"795";"nan";"None";"nan";"None";"nan";"None";"None";"None";"None";"1";"4";"Local industriel. commercial ou assimilé";"59.0";"0.0";"None";"None";"None";"None";"nan";"7.251748";"43.69738";"000KW"
"2022-54106";"2022-03-04";"1";"Vente";"485000.0";"6.0";"None";"RUE BOTTERO";"0925";"06000";"06088";"Nice";"06";"None";"None";"06088000KW0141";"None";"None";"114";"nan";"129";"89.91";"None";"nan";"None";"None";"None";"None";"2";"2";"Appartement";"77.0";"3.0";"None";"None";"None";"None";"nan";"7.255299";"43.696854";"000KW"
"2022-54106";"2022-03-04";"1";"Vente";"485000.0";"6.0";"None";"RUE BOTTERO";"0925";"06000";"06088";"Nice";"06";"None";"None";"06088000KW0141";"None";"None";"114";"nan";"129";"89.91";"None";"nan";"None";"None";"None";"None";"2";"3";"Dépendance";"nan";"0.0";"None";"None";"None";"None";"nan";"7.255299";"43.696854";"000KW"
"2022-54241";"2022-03-03";"1";"Vente";"120000.0";"19.0";"None";"AV DES ORANGERS";"4590";"06000";"06088";"Nice";"06";"None";"None";"06088000KW0153";"None";"None";"103";"nan";"238";"31.63";"None";"nan";"None";"None";"None";"None";"2";"2";"Appartement";"32.0";"1.0";"None";"None";"None";"None";"nan";"7.252797";"43.696798";"000KW"
"2022-54530";"2022-03-03";"1";"Vente";"282000.0";"54.0";"None";"PROM DES ANGLAIS";"0240";"06000";"06088";"Nice";"06";"None";"None";"06088000KW0283";"None";"None";"4";"41.7";"89";"nan";"None";"nan";"None";"None";"None";"None";"2";"2";"Appartement";"39.0";"1.0";"None";"None";"None";"None";"nan";"7.254063";"43.693742";"000KW"
"2022-54241";"2022-03-03";"1";"Vente";"120000.0";"19.0";"None";"AV DES ORANGERS";"4590";"06000";"06088";"Nice";"06";"None";"None";"06088000KW0153";"None";"None";"103";"nan";"238";"31.63";"None";"nan";"None";"None";"None";"None";"2";"3";"Dépendance";"nan";"0.0";"None";"None";"None";"None";"nan";"7.252797";"43.696798";"000KW"
"2022-55606";"2022-03-02";"1";"Vente";"310000.0";"76.0";"None";"AV DES BAUMETTES";"0660";"06000";"06088";"Nice";"06";"None";"None";"06088000KW0005";"None";"None";"345";"149.75";"None";"nan";"None";"nan";"None";"None";"None";"None";"1";"1";"Maison";"44.0";"2.0";"None";"None";"None";"None";"nan";"7.250071";"43.698297";"000KW"
"2022-54176";"2022-03-02";"1";"Vente";"170000.0";"5.0";"None";"RUE ANDRIOLI";"0230";"06000";"06088";"Nice";"06";"None";"None";"06088000KW0278";"None";"None";"146";"21.04";"None";"nan";"None";"nan";"None";"None";"None";"None";"1";"2";"Appartement";"21.0";"1.0";"None";"None";"None";"None";"nan";"7.254107";"43.694359";"000KW"
"2022-55318";"2022-03-02";"1";"Vente";"400000.0";"15.0";"None";"BD GAMBETTA";"2755";"06000";"06088";"Nice";"06";"None";"None";"06088000KW0339";"None";"None";"10";"nan";"22";"nan";"None";"nan";"None";"None";"None";"None";"2";"2";"Appartement";"90.0";"4.0";"None";"None";"None";"None";"nan";"7.256003";"43.695509";"000KW"
"2022-54176";"2022-03-02";"1";"Vente";"170000.0";"5.0";"None";"RUE ANDRIOLI";"0230";"06000";"06088";"Nice";"06";"None";"None";"06088000KW0278";"None";"None";"61";"nan";"None";"nan";"None";"nan";"None";"None";"None";"None";"1";"3";"Dépendance";"nan";"0.0";"None";"None";"None";"None";"nan";"7.254107";"43.694359";"000KW"
"2022-54176";"2022-03-02";"1";"Vente";"170000.0";"5.0";"None";"RUE ANDRIOLI";"0230";"06000";"06088";"Nice";"06";"None";"None";"06088000KW0278";"None";"None";"61";"nan";"None";"nan";"None";"nan";"None";"None";"None";"None";"1";"3";"Dépendance";"nan";"0.0";"None";"None";"None";"None";"nan";"7.254107";"43.694359";"000KW"
"2022-55318";"2022-03-02";"1";"Vente";"400000.0";"15.0";"None";"BD GAMBETTA";"2755";"06000";"06088";"Nice";"06";"None";"None";"06088000KW0339";"None";"None";"10";"nan";"22";"nan";"None";"nan";"None";"None";"None";"None";"2";"3";"Dépendance";"nan";"0.0";"None";"None";"None";"None";"nan";"7.256003";"43.695509";"000KW"
"2022-55606";"2022-03-02";"1";"Vente";"310000.0";"76.0";"None";"AV DES BAUMETTES";"0660";"06000";"06088";"Nice";"06";"None";"None";"06088000KW0005";"None";"None";"345";"149.75";"None";"nan";"None";"nan";"None";"None";"None";"None";"1";"4";"Local industriel. commercial ou assimilé";"150.0";"0.0";"None";"None";"None";"None";"nan";"7.250071";"43.698297";"000KW"
"2022-53896";"2022-02-28";"1";"Vente";"190000.0";"12.0";"None";"BD FRANCOIS GROSSO";"2630";"06000";"06088";"Nice";"06";"None";"None";"06088000KW0185";"None";"None";"24";"nan";"None";"nan";"None";"nan";"None";"None";"None";"None";"1";"2";"Appartement";"25.0";"1.0";"None";"None";"None";"None";"nan";"7.251933";"43.695895";"000KW"
"2022-54115";"2022-02-28";"1";"Vente";"209000.0";"76.0";"None";"AV BAUMETTES PANORAMIC";"0665";"06000";"06088";"Nice";"06";"None";"None";"06088000KW0005";"None";"None";"499";"nan";"550";"38.57";"None";"nan";"None";"None";"None";"None";"2";"2";"Appartement";"36.0";"1.0";"None";"None";"None";"None";"nan";"7.250071";"43.698297";"000KW"
"2022-53896";"2022-02-28";"1";"Vente";"190000.0";"12.0";"None";"BD FRANCOIS GROSSO";"2630";"06000";"06088";"Nice";"06";"None";"None";"06088000KW0185";"None";"None";"24";"nan";"None";"nan";"None";"nan";"None";"None";"None";"None";"1";"3";"Dépendance";"nan";"0.0";"None";"None";"None";"None";"nan";"7.251933";"43.695895";"000KW"
"2022-54115";"2022-02-28";"1";"Vente";"209000.0";"76.0";"None";"AV BAUMETTES PANORAMIC";"0665";"06000";"06088";"Nice";"06";"None";"None";"06088000KW0005";"None";"None";"499";"nan";"550";"38.57";"None";"nan";"None";"None";"None";"None";"2";"3";"Dépendance";"nan";"0.0";"None";"None";"None";"None";"nan";"7.250071";"43.698297";"000KW"
"2022-54159";"2022-02-28";"1";"Vente";"40000.0";"90.0";"None";"RUE DE FRANCE";"2595";"06000";"06088";"Nice";"06";"None";"None";"06088000KW0369";"None";"None";"1246";"nan";"None";"nan";"None";"nan";"None";"None";"None";"None";"1";"3";"Dépendance";"nan";"0.0";"None";"None";"None";"None";"nan";"7.252761";"43.694482";"000KW"
"2022-53883";"2022-02-25";"1";"Vente";"254100.0";"76.0";"None";"AV DES BAUMETTES";"0660";"06000";"06088";"Nice";"06";"None";"None";"06088000KW0005";"None";"None";"668";"42.84";"None";"nan";"None";"nan";"None";"None";"None";"None";"1";"2";"Appartement";"42.0";"2.0";"None";"None";"None";"None";"nan";"7.250071";"43.698297";"000KW"
"2022-54116";"2022-02-25";"1";"Vente";"1200000.0";"53.0";"None";"PROM DES ANGLAIS";"0240";"06000";"06088";"Nice";"06";"None";"None";"06088000KW0282";"None";"None";"7";"117.88";"95";"nan";"None";"nan";"None";"None";"None";"None";"2";"2";"Appartement";"119.0";"4.0";"None";"None";"None";"None";"nan";"7.254413";"43.693761";"000KW"
"2022-54205";"2022-02-21";"1";"Vente";"30000.0";"6.0";"None";"RUE ALEXIS MOSSA";"0094";"06000";"06088";"Nice";"06";"None";"None";"06088000KW0201";"None";"None";"23";"nan";"None";"nan";"None";"nan";"None";"None";"None";"None";"1";"3";"Dépendance";"nan";"0.0";"None";"None";"None";"None";"nan";"7.253236";"43.696235";"000KW"
"2022-54007";"2022-02-18";"1";"Vente";"180600.0";"22.0";"None";"AV DES ORANGERS";"4590";"06000";"06088";"Nice";"06";"None";"None";"06088000KW0362";"None";"None";"1221";"nan";"1251";"43.03";"None";"nan";"None";"None";"None";"None";"2";"2";"Appartement";"43.0";"1.0";"None";"None";"None";"None";"nan";"7.251748";"43.69738";"000KW"
"2022-53629";"2022-02-17";"1";"Vente";"485710.0";"21.0";"None";"BD FRANCOIS GROSSO";"2630";"06000";"06088";"Nice";"06";"None";"None";"06088000KW0076";"None";"None";"151";"nan";"88";"104.17";"None";"nan";"None";"None";"None";"None";"2";"2";"Appartement";"106.0";"4.0";"None";"None";"None";"None";"nan";"7.251171";"43.696065";"000KW"
"2022-53629";"2022-02-17";"1";"Vente";"485710.0";"21.0";"None";"BD FRANCOIS GROSSO";"2630";"06000";"06088";"Nice";"06";"None";"None";"06088000KW0076";"None";"None";"151";"nan";"88";"104.17";"None";"nan";"None";"None";"None";"None";"2";"3";"Dépendance";"nan";"0.0";"None";"None";"None";"None";"nan";"7.251171";"43.696065";"000KW"
"2022-53629";"2022-02-17";"1";"Vente";"485710.0";"21.0";"None";"BD FRANCOIS GROSSO";"2630";"06000";"06088";"Nice";"06";"None";"None";"06088000KW0076";"None";"None";"305";"nan";"None";"nan";"None";"nan";"None";"None";"None";"None";"1";"3";"Dépendance";"nan";"0.0";"None";"None";"None";"None";"nan";"7.251171";"43.696065";"000KW"
"2022-54351";"2022-02-16";"1";"Vente";"16000.0";"15.0";"None";"RUE ANDRIOLI";"0230";"06000";"06088";"Nice";"06";"None";"None";"06088000KW0198";"None";"None";"80B";"nan";"None";"nan";"None";"nan";"None";"None";"None";"None";"1";"3";"Dépendance";"nan";"0.0";"None";"None";"None";"None";"nan";"7.253622";"43.695971";"000KW"
"2022-55008";"2022-02-14";"1";"Vente";"485000.0";"5.0";"None";"AV DES ORANGERS";"4590";"06000";"06088";"Nice";"06";"None";"None";"06088000KW0387";"None";"None";"201";"nan";"228";"64.0";"None";"nan";"None";"None";"None";"None";"2";"2";"Appartement";"63.0";"2.0";"None";"None";"None";"None";"nan";"7.254509";"43.696873";"000KW"
"2022-55008";"2022-02-14";"1";"Vente";"485000.0";"5.0";"None";"AV DES ORANGERS";"4590";"06000";"06088";"Nice";"06";"None";"None";"06088000KW0387";"None";"None";"201";"nan";"228";"64.0";"None";"nan";"None";"None";"None";"None";"2";"3";"Dépendance";"nan";"0.0";"None";"None";"None";"None";"nan";"7.254509";"43.696873";"000KW"
"2022-54069";"2022-02-11";"1";"Vente";"466130.0";"55.0";"B";"BD FRANCOIS GROSSO";"2630";"06000";"06088";"Nice";"06";"None";"None";"06088000KW0103";"None";"None";"55";"90.06";"None";"nan";"None";"nan";"None";"None";"None";"None";"1";"2";"Appartement";"91.0";"4.0";"None";"None";"None";"None";"nan";"7.251033";"43.69772";"000KW"
"2022-54069";"2022-02-11";"1";"Vente";"466130.0";"55.0";"B";"BD FRANCOIS GROSSO";"2630";"06000";"06088";"Nice";"06";"None";"None";"06088000KW0103";"None";"None";"55";"90.06";"None";"nan";"None";"nan";"None";"None";"None";"None";"1";"3";"Dépendance";"nan";"0.0";"None";"None";"None";"None";"nan";"7.251033";"43.69772";"000KW"
"2022-52808";"2022-02-10";"1";"Vente";"525000.0";"5.0";"None";"RUE DANTE";"1835";"06000";"06088";"Nice";"06";"None";"None";"06088000KW0243";"None";"None";"19";"116.31";"None";"nan";"None";"nan";"None";"None";"None";"None";"1";"2";"Appartement";"117.0";"5.0";"None";"None";"None";"None";"nan";"7.255346";"43.695658";"000KW"
"2022-52720";"2022-02-08";"1";"Vente";"40000.0";"4.0";"B";"RUE SAINT PHILIPPE";"5895";"06000";"06088";"Nice";"06";"None";"None";"06088000KW0252";"None";"None";"16B";"nan";"None";"nan";"None";"nan";"None";"None";"None";"None";"1";"2";"Appartement";"11.0";"1.0";"None";"None";"None";"None";"nan";"7.255928";"43.694042";"000KW"
"2022-53119";"2022-02-08";"1";"Vente";"147000.0";"3.0";"None";"RUE JOSEPH FRICERO";"3470";"06000";"06088";"Nice";"06";"None";"None";"06088000KW0513";"None";"None";"32";"33.3";"None";"nan";"None";"nan";"None";"None";"None";"None";"1";"2";"Appartement";"35.0";"2.0";"None";"None";"None";"None";"nan";"7.254409";"43.694994";"000KW"
"2022-53119";"2022-02-08";"1";"Vente";"147000.0";"3.0";"None";"RUE JOSEPH FRICERO";"3470";"06000";"06088";"Nice";"06";"None";"None";"06088000KW0513";"None";"None";"32";"33.3";"None";"nan";"None";"nan";"None";"None";"None";"None";"1";"3";"Dépendance";"nan";"0.0";"None";"None";"None";"None";"nan";"7.254409";"43.694994";"000KW"
"2022-53652";"2022-02-07";"1";"Vente";"370000.0";"10.0";"B";"AV LOUIS COCHOIS";"3740";"06000";"06088";"Nice";"06";"None";"None";"06088000KW0009";"None";"None";"1";"64.52";"None";"nan";"None";"nan";"None";"None";"None";"None";"1";"2";"Appartement";"57.0";"3.0";"None";"None";"None";"None";"nan";"7.250375";"43.698051";"000KW"
"2022-53652";"2022-02-07";"1";"Vente";"370000.0";"10.0";"B";"AV LOUIS COCHOIS";"3740";"06000";"06088";"Nice";"06";"None";"None";"06088000KW0009";"None";"None";"4";"nan";"None";"nan";"None";"nan";"None";"None";"None";"None";"1";"3";"Dépendance";"nan";"0.0";"None";"None";"None";"None";"nan";"7.250375";"43.698051";"000KW"
"2022-53302";"2022-02-04";"1";"Vente";"480000.0";"6.0";"None";"AV DES ORANGERS";"4590";"06000";"06088";"Nice";"06";"None";"None";"06088000KW0127";"None";"None";"9PO";"91.72";"None";"nan";"None";"nan";"None";"None";"None";"None";"1";"2";"Appartement";"90.0";"3.0";"None";"None";"None";"None";"nan";"7.254233";"43.697353";"000KW"
"2022-53302";"2022-02-04";"1";"Vente";"480000.0";"6.0";"None";"AV DES ORANGERS";"4590";"06000";"06088";"Nice";"06";"None";"None";"06088000KW0127";"None";"None";"9PO";"91.72";"None";"nan";"None";"nan";"None";"None";"None";"None";"1";"3";"Dépendance";"nan";"0.0";"None";"None";"None";"None";"nan";"7.254233";"43.697353";"000KW"
"2022-52545";"2022-02-03";"1";"Vente";"78000.0";"21.0";"None";"BD FRANCOIS GROSSO";"2630";"06000";"06088";"Nice";"06";"None";"None";"06088000KW0076";"None";"None";"141";"nan";"80";"30.0";"None";"nan";"None";"None";"None";"None";"2";"2";"Appartement";"135.0";"5.0";"None";"None";"None";"None";"nan";"7.251171";"43.696065";"000KW"
"2022-52692";"2022-02-03";"1";"Vente";"120000.0";"13.0";"None";"RUE ALEXIS MOSSA";"0094";"06000";"06088";"Nice";"06";"None";"None";"06088000KW0182";"None";"None";"8";"26.43";"None";"nan";"None";"nan";"None";"None";"None";"None";"1";"2";"Appartement";"28.0";"2.0";"None";"None";"None";"None";"nan";"7.252551";"43.69596";"000KW"
"2022-52545";"2022-02-03";"1";"Vente";"78000.0";"21.0";"None";"BD FRANCOIS GROSSO";"2630";"06000";"06088";"Nice";"06";"None";"None";"06088000KW0076";"None";"None";"141";"nan";"80";"30.0";"None";"nan";"None";"None";"None";"None";"2";"3";"Dépendance";"nan";"0.0";"None";"None";"None";"None";"nan";"7.251171";"43.696065";"000KW"
"2022-52545";"2022-02-03";"1";"Vente";"78000.0";"21.0";"None";"BD FRANCOIS GROSSO";"2630";"06000";"06088";"Nice";"06";"None";"None";"06088000KW0076";"None";"None";"141";"nan";"80";"30.0";"None";"nan";"None";"None";"None";"None";"2";"3";"Dépendance";"nan";"0.0";"None";"None";"None";"None";"nan";"7.251171";"43.696065";"000KW"
"2022-52311";"2022-01-31";"1";"Vente";"45000.0";"4.0";"B";"RUE SAINT PHILIPPE";"5895";"06000";"06088";"Nice";"06";"None";"None";"06088000KW0252";"None";"None";"77B";"nan";"None";"nan";"None";"nan";"None";"None";"None";"None";"1";"2";"Appartement";"9.0";"1.0";"None";"None";"None";"None";"nan";"7.255928";"43.694042";"000KW"
"2022-52758";"2022-01-31";"1";"Vente";"390000.0";"76.0";"None";"AV BAUMETTES BELLEVUE";"0663";"06000";"06088";"Nice";"06";"None";"None";"06088000KW0005";"None";"None";"369";"nan";"426";"nan";"None";"nan";"None";"None";"None";"None";"2";"2";"Appartement";"78.0";"3.0";"None";"None";"None";"None";"nan";"7.250071";"43.698297";"000KW"
"2022-52758";"2022-01-31";"1";"Vente";"390000.0";"76.0";"None";"AV BAUMETTES BELLEVUE";"0663";"06000";"06088";"Nice";"06";"None";"None";"06088000KW0005";"None";"None";"369";"nan";"426";"nan";"None";"nan";"None";"None";"None";"None";"2";"3";"Dépendance";"nan";"0.0";"None";"None";"None";"None";"nan";"7.250071";"43.698297";"000KW"
"2022-52747";"2022-01-28";"1";"Vente";"407530.0";"5.0";"None";"RUE ANDRIOLI";"0230";"06000";"06088";"Nice";"06";"None";"None";"06088000KW0278";"None";"None";"217";"nan";"86";"nan";"None";"nan";"None";"None";"None";"None";"2";"2";"Appartement";"54.0";"2.0";"None";"None";"None";"None";"nan";"7.254107";"43.694359";"000KW"
"2022-52747";"2022-01-28";"1";"Vente";"407530.0";"5.0";"None";"RUE ANDRIOLI";"0230";"06000";"06088";"Nice";"06";"None";"None";"06088000KW0278";"None";"None";"217";"nan";"86";"nan";"None";"nan";"None";"None";"None";"None";"2";"3";"Dépendance";"nan";"0.0";"None";"None";"None";"None";"nan";"7.254107";"43.694359";"000KW"
"2022-52157";"2022-01-25";"1";"Vente";"260000.0";"1.0";"None";"RUE ANDRIOLI";"0230";"06000";"06088";"Nice";"06";"None";"None";"06088000KW0281";"None";"None";"36";"nan";"44";"nan";"None";"nan";"None";"None";"None";"None";"2";"2";"Appartement";"58.0";"2.0";"None";"None";"None";"None";"nan";"7.254147";"43.693921";"000KW"
"2022-52157";"2022-01-25";"1";"Vente";"260000.0";"1.0";"None";"RUE ANDRIOLI";"0230";"06000";"06088";"Nice";"06";"None";"None";"06088000KW0281";"None";"None";"36";"nan";"44";"nan";"None";"nan";"None";"None";"None";"None";"2";"3";"Dépendance";"nan";"0.0";"None";"None";"None";"None";"nan";"7.254147";"43.693921";"000KW"
"2022-52181";"2022-01-21";"1";"Vente";"250000.0";"76.0";"None";"AV BAUMETTES OLIVIERS";"0662";"06000";"06088";"Nice";"06";"None";"None";"06088000KW0005";"None";"None";"288";"nan";"313";"63.11";"None";"nan";"None";"None";"None";"None";"2";"2";"Appartement";"66.0";"3.0";"None";"None";"None";"None";"nan";"7.250071";"43.698297";"000KW"
"2022-51963";"2022-01-21";"1";"Vente";"32000.0";"10.0";"None";"AV DES ORANGERS";"4590";"06000";"06088";"Nice";"06";"None";"None";"06088000KW0124";"None";"None";"39";"nan";"None";"nan";"None";"nan";"None";"None";"None";"None";"1";"3";"Dépendance";"nan";"0.0";"None";"None";"None";"None";"nan";"7.253552";"43.697329";"000KW"
"2022-52181";"2022-01-21";"1";"Vente";"250000.0";"76.0";"None";"AV BAUMETTES OLIVIERS";"0662";"06000";"06088";"Nice";"06";"None";"None";"06088000KW0005";"None";"None";"288";"nan";"313";"63.11";"None";"nan";"None";"None";"None";"None";"2";"3";"Dépendance";"nan";"0.0";"None";"None";"None";"None";"nan";"7.250071";"43.698297";"000KW"
"2022-52036";"2022-01-20";"1";"Vente";"520000.0";"22.0";"None";"RUE BOTTERO";"0925";"06000";"06088";"Nice";"06";"None";"None";"06088000KW0153";"None";"None";"254";"81.32";"77";"nan";"None";"nan";"None";"None";"None";"None";"2";"2";"Appartement";"82.0";"3.0";"None";"None";"None";"None";"nan";"7.252797";"43.696798";"000KW"
"2022-52324";"2022-01-20";"1";"Vente";"445000.0";"19.0";"None";"RUE ANDRIOLI";"0230";"06000";"06088";"Nice";"06";"None";"None";"06088000KW0206";"None";"None";"144";"64.07";"71";"nan";"None";"nan";"None";"None";"None";"None";"2";"2";"Appartement";"65.0";"2.0";"None";"None";"None";"None";"nan";"7.253381";"43.696371";"000KW"
"2022-52036";"2022-01-20";"1";"Vente";"520000.0";"22.0";"None";"RUE BOTTERO";"0925";"06000";"06088";"Nice";"06";"None";"None";"06088000KW0153";"None";"None";"254";"81.32";"77";"nan";"None";"nan";"None";"None";"None";"None";"2";"3";"Dépendance";"nan";"0.0";"None";"None";"None";"None";"nan";"7.252797";"43.696798";"000KW"
"2022-52324";"2022-01-20";"1";"Vente";"445000.0";"19.0";"None";"RUE ANDRIOLI";"0230";"06000";"06088";"Nice";"06";"None";"None";"06088000KW0206";"None";"None";"144";"64.07";"71";"nan";"None";"nan";"None";"None";"None";"None";"2";"3";"Dépendance";"nan";"0.0";"None";"None";"None";"None";"nan";"7.253381";"43.696371";"000KW"
"2022-54343";"2022-01-19";"1";"Vente";"110000.0";"2.0";"None";"BD FRANCOIS GROSSO";"2630";"06000";"06088";"Nice";"06";"None";"None";"06088000KW0370";"None";"None";"42";"nan";"None";"nan";"None";"nan";"None";"None";"None";"None";"1";"2";"Appartement";"33.0";"2.0";"None";"None";"None";"None";"nan";"7.252572";"43.694566";"000KW"
"2022-51647";"2022-01-18";"1";"Vente";"41400.0";"16.0";"None";"RUE BOTTERO";"0925";"06000";"06088";"Nice";"06";"None";"None";"06088000KW0150";"None";"None";"3";"nan";"None";"nan";"None";"nan";"None";"None";"None";"None";"1";"3";"Dépendance";"nan";"0.0";"None";"None";"None";"None";"nan";"7.25339";"43.696731";"000KW"
"2022-51652";"2022-01-17";"1";"Vente";"510000.0";"11.0";"None";"BD GAMBETTA";"2755";"06000";"06088";"Nice";"06";"None";"None";"06088000KW0249";"None";"None";"25";"nan";"55";"nan";"None";"nan";"None";"None";"None";"None";"2";"2";"Appartement";"87.0";"3.0";"None";"None";"None";"None";"nan";"7.255965";"43.694979";"000KW"
"2022-51845";"2022-01-17";"1";"Vente";"607000.0";"22.0";"None";"RUE BOTTERO";"0925";"06000";"06088";"Nice";"06";"None";"None";"06088000KW0153";"None";"None";"146";"nan";"256";"nan";"None";"nan";"None";"None";"None";"None";"2";"2";"Appartement";"132.0";"4.0";"None";"None";"None";"None";"nan";"7.252797";"43.696798";"000KW"
"2022-52052";"2022-01-17";"1";"Vente";"155000.0";"27.0";"None";"AV FLEURS";"2460";"06000";"06088";"Nice";"06";"None";"None";"06088000KW0108";"None";"None";"8";"38.06";"None";"nan";"None";"nan";"None";"None";"None";"None";"1";"2";"Appartement";"37.0";"1.0";"None";"None";"None";"None";"nan";"7.251754";"43.697744";"000KW"
"2022-52462";"2022-01-17";"1";"Vente";"310000.0";"15.0";"None";"RUE SAINT PHILIPPE";"5895";"06000";"06088";"Nice";"06";"None";"None";"06088000KW0265";"None";"None";"18";"nan";"None";"nan";"None";"nan";"None";"None";"None";"None";"1";"2";"Appartement";"48.0";"2.0";"None";"None";"None";"None";"nan";"7.254956";"43.695463";"000KW"
"2022-51652";"2022-01-17";"1";"Vente";"510000.0";"11.0";"None";"BD GAMBETTA";"2755";"06000";"06088";"Nice";"06";"None";"None";"06088000KW0249";"None";"None";"25";"nan";"55";"nan";"None";"nan";"None";"None";"None";"None";"2";"3";"Dépendance";"nan";"0.0";"None";"None";"None";"None";"nan";"7.255965";"43.694979";"000KW"
"2022-51845";"2022-01-17";"1";"Vente";"607000.0";"19.0";"None";"AV DES ORANGERS";"4590";"06000";"06088";"Nice";"06";"None";"None";"06088000KW0153";"None";"None";"180";"nan";"None";"nan";"None";"nan";"None";"None";"None";"None";"1";"3";"Dépendance";"nan";"0.0";"None";"None";"None";"None";"nan";"7.252797";"43.696798";"000KW"
"2022-51845";"2022-01-17";"1";"Vente";"607000.0";"22.0";"None";"RUE BOTTERO";"0925";"06000";"06088";"Nice";"06";"None";"None";"06088000KW0153";"None";"None";"146";"nan";"256";"nan";"None";"nan";"None";"None";"None";"None";"2";"3";"Dépendance";"nan";"0.0";"None";"None";"None";"None";"nan";"7.252797";"43.696798";"000KW"
"2022-52462";"2022-01-17";"1";"Vente";"310000.0";"15.0";"None";"RUE SAINT PHILIPPE";"5895";"06000";"06088";"Nice";"06";"None";"None";"06088000KW0265";"None";"None";"18";"nan";"None";"nan";"None";"nan";"None";"None";"None";"None";"1";"3";"Dépendance";"nan";"0.0";"None";"None";"None";"None";"nan";"7.254956";"43.695463";"000KW"
"2022-52462";"2022-01-17";"1";"Vente";"310000.0";"15.0";"None";"RUE SAINT PHILIPPE";"5895";"06000";"06088";"Nice";"06";"None";"None";"06088000KW0265";"None";"None";"18";"nan";"None";"nan";"None";"nan";"None";"None";"None";"None";"1";"3";"Dépendance";"nan";"0.0";"None";"None";"None";"None";"nan";"7.254956";"43.695463";"000KW"
"2022-52016";"2022-01-14";"1";"Vente";"182500.0";"10.0";"None";"AV LOUIS COCHOIS";"3740";"06000";"06088";"Nice";"06";"None";"None";"06088000KW0008";"None";"None";"1";"56.02";"None";"nan";"None";"nan";"None";"None";"None";"None";"1";"2";"Appartement";"55.0";"3.0";"None";"None";"None";"None";"nan";"7.250271";"43.698251";"000KW"
"2022-51936";"2022-01-14";"1";"Vente";"40000.0";"28.0";"None";"BD FRANCOIS GROSSO";"2630";"06000";"06088";"Nice";"06";"None";"None";"06088000KW0362";"None";"None";"1044";"nan";"None";"nan";"None";"nan";"None";"None";"None";"None";"1";"3";"Dépendance";"nan";"0.0";"None";"None";"None";"None";"nan";"7.251748";"43.69738";"000KW"
"2022-51576";"2022-01-13";"1";"Vente";"183840.0";"2.0";"None";"BD FRANCOIS GROSSO";"2630";"06000";"06088";"Nice";"06";"None";"None";"06088000KW0370";"None";"None";"57";"nan";"None";"nan";"None";"nan";"None";"None";"None";"None";"1";"2";"Appartement";"35.0";"2.0";"None";"None";"None";"None";"nan";"7.252572";"43.694566";"000KW"
"2022-51741";"2022-01-13";"1";"Vente";"390000.0";"95.0";"None";"RUE DE FRANCE";"2595";"06000";"06088";"Nice";"06";"None";"None";"06088000KW0247";"None";"None";"30";"80.53";"55";"nan";"None";"nan";"None";"None";"None";"None";"2";"2";"Appartement";"80.0";"3.0";"None";"None";"None";"None";"nan";"7.255559";"43.69489";"000KW"
"2022-52617";"2022-01-13";"1";"Vente";"392400.0";"4.0";"None";"RUE SAINT PHILIPPE";"5895";"06000";"06088";"Nice";"06";"None";"None";"06088000KW0252";"None";"None";"27B";"91.17";"None";"nan";"None";"nan";"None";"None";"None";"None";"1";"2";"Appartement";"89.0";"4.0";"None";"None";"None";"None";"nan";"7.255928";"43.694042";"000KW"
"2022-51576";"2022-01-13";"1";"Vente";"183840.0";"2.0";"None";"BD FRANCOIS GROSSO";"2630";"06000";"06088";"Nice";"06";"None";"None";"06088000KW0370";"None";"None";"13";"nan";"None";"nan";"None";"nan";"None";"None";"None";"None";"1";"3";"Dépendance";"nan";"0.0";"None";"None";"None";"None";"nan";"7.252572";"43.694566";"000KW"
"2022-51665";"2022-01-12";"1";"Vente";"28000.0";"36.0";"None";"RUE BOTTERO";"0925";"06000";"06088";"Nice";"06";"None";"None";"06088000KW0169";"None";"None";"23";"nan";"None";"nan";"None";"nan";"None";"None";"None";"None";"1";"3";"Dépendance";"nan";"0.0";"None";"None";"None";"None";"nan";"7.251825";"43.69656";"000KW"
"2022-51854";"2022-01-12";"1";"Vente";"22000.0";"27.0";"None";"AV FLEURS";"2460";"06000";"06088";"Nice";"06";"None";"None";"06088000KW0108";"None";"None";"130";"nan";"None";"nan";"None";"nan";"None";"None";"None";"None";"1";"3";"Dépendance";"nan";"0.0";"None";"None";"None";"None";"nan";"7.251754";"43.697744";"000KW"
"2022-51823";"2022-01-11";"1";"Vente";"220000.0";"3.0";"None";"RUE ANDRE POULLAN";"0220";"06000";"06088";"Nice";"06";"None";"None";"06088000KW0241";"None";"None";"104";"43.64";"None";"nan";"None";"nan";"None";"None";"None";"None";"1";"2";"Appartement";"47.0";"3.0";"None";"None";"None";"None";"nan";"7.25552";"43.695542";"000KW"
"2022-52293";"2022-01-11";"1";"Vente";"33000.0";"45.0";"None";"BD FRANCOIS GROSSO";"2630";"06000";"06088";"Nice";"06";"None";"None";"06088000KW0432";"None";"None";"25";"nan";"None";"nan";"None";"nan";"None";"None";"None";"None";"1";"3";"Dépendance";"nan";"0.0";"None";"None";"None";"None";"nan";"7.250955";"43.697141";"000KW"
"2022-51876";"2022-01-10";"1";"Vente";"119600.0";"20.0";"None";"RUE BOTTERO";"0925";"06000";"06088";"Nice";"06";"None";"None";"06088000KW0151";"None";"None";"14";"35.27";"None";"nan";"None";"nan";"None";"None";"None";"None";"1";"2";"Appartement";"33.0";"2.0";"None";"None";"None";"None";"nan";"7.253065";"43.696697";"000KW"
"2022-51540";"2022-01-10";"1";"Vente";"37000.0";"17.0";"None";"AV FLEURS";"2460";"06000";"06088";"Nice";"06";"None";"None";"06088000KW0123";"None";"None";"107";"nan";"None";"nan";"None";"nan";"None";"None";"None";"None";"1";"4";"Local industriel. commercial ou assimilé";"17.0";"0.0";"None";"None";"None";"None";"nan";"7.253164";"43.697428";"000KW"
"2022-51531";"2022-01-07";"1";"Vente";"125000.0";"3.0";"None";"RUE DANTE";"1835";"06000";"06088";"Nice";"06";"None";"None";"06088000KW0241";"None";"None";"211";"30.65";"267";"nan";"None";"nan";"None";"None";"None";"None";"2";"2";"Appartement";"30.0";"2.0";"None";"None";"None";"None";"nan";"7.25552";"43.695542";"000KW"
"2022-51531";"2022-01-07";"1";"Vente";"125000.0";"3.0";"None";"RUE DANTE";"1835";"06000";"06088";"Nice";"06";"None";"None";"06088000KW0241";"None";"None";"211";"30.65";"267";"nan";"None";"nan";"None";"None";"None";"None";"2";"3";"Dépendance";"nan";"0.0";"None";"None";"None";"None";"nan";"7.25552";"43.695542";"000KW"
"2022-51732";"2022-01-07";"1";"Vente";"62000.0";"13.0";"None";"RUE DANTE";"1835";"06000";"06088";"Nice";"06";"None";"None";"06088000KW0299";"None";"None";"7";"nan";"None";"nan";"None";"nan";"None";"None";"None";"None";"1";"3";"Dépendance";"nan";"0.0";"None";"None";"None";"None";"nan";"7.253871";"43.695389";"000KW"
"2022-51632";"2022-01-07";"1";"Vente";"110000.0";"49.0";"None";"BD FRANCOIS GROSSO";"2630";"06000";"06088";"Nice";"06";"None";"None";"06088000KW0095";"None";"None";"14";"nan";"16";"nan";"21";"nan";"None";"None";"None";"None";"3";"4";"Local industriel. commercial ou assimilé";"114.0";"0.0";"None";"None";"None";"None";"nan";"7.25106";"43.697415";"000KW"
"2022-51632";"2022-01-07";"1";"Vente";"110000.0";"49.0";"None";"BD FRANCOIS GROSSO";"2630";"06000";"06088";"Nice";"06";"None";"None";"06088000KW0095";"None";"None";"18";"79.78";"19";"nan";"20";"nan";"None";"None";"None";"None";"3";"4";"Local industriel. commercial ou assimilé";"78.0";"0.0";"None";"None";"None";"None";"nan";"7.25106";"43.697415";"000KW"
"2022-51452";"2022-01-06";"1";"Vente";"157500.0";"11.0";"None";"RUE ALEXIS MOSSA";"0094";"06000";"06088";"Nice";"06";"None";"None";"06088000KW0383";"None";"None";"4";"32.4";"None";"nan";"None";"nan";"None";"None";"None";"None";"1";"2";"Appartement";"40.0";"2.0";"None";"None";"None";"None";"nan";"7.252627";"43.695976";"000KW"
"2022-51437";"2022-01-04";"1";"Vente";"105000.0";"9.0";"None";"AV DES ORANGERS";"4590";"06000";"06088";"Nice";"06";"None";"None";"06088000KW0144";"None";"None";"31";"29.34";"50";"nan";"None";"nan";"None";"None";"None";"None";"2";"2";"Appartement";"28.0";"1.0";"None";"None";"None";"None";"nan";"7.254202";"43.696919";"000KW"
"2022-51437";"2022-01-04";"1";"Vente";"105000.0";"9.0";"None";"AV DES ORANGERS";"4590";"06000";"06088";"Nice";"06";"None";"None";"06088000KW0144";"None";"None";"31";"29.34";"50";"nan";"None";"nan";"None";"None";"None";"None";"2";"3";"Dépendance";"nan";"0.0";"None";"None";"None";"None";"nan";"7.254202";"43.696919";"000KW"
"2021-71850";"2021-12-30";"1";"Vente";"290000.0";"27.0";"None";"AV FLEURS";"2460";"06000";"06088";"Nice";"06";"None";"None";"06088000KW0108";"None";"None";"59";"46.07";"None";"nan";"None";"nan";"None";"None";"None";"None";"1";"2";"Appartement";"46.0";"2.0";"None";"None";"None";"None";"nan";"7.251754";"43.697744";"000KW"
"2021-71850";"2021-12-30";"1";"Vente";"290000.0";"27.0";"None";"AV FLEURS";"2460";"06000";"06088";"Nice";"06";"None";"None";"06088000KW0108";"None";"None";"117";"nan";"None";"nan";"None";"nan";"None";"None";"None";"None";"1";"3";"Dépendance";"nan";"0.0";"None";"None";"None";"None";"nan";"7.251754";"43.697744";"000KW"
"2021-71850";"2021-12-30";"1";"Vente";"290000.0";"27.0";"None";"AV FLEURS";"2460";"06000";"06088";"Nice";"06";"None";"None";"06088000KW0108";"None";"None";"116";"nan";"None";"nan";"None";"nan";"None";"None";"None";"None";"1";"3";"Dépendance";"nan";"0.0";"None";"None";"None";"None";"nan";"7.251754";"43.697744";"000KW"
"2021-71957";"2021-12-28";"1";"Vente en l'état futur d'achèvement";"2439000.0";"nan";"None";"AV LOUIS COCHOIS";"3740";"06000";"06088";"Nice";"06";"None";"None";"06088000KW0596";"None";"None";"116";"nan";"None";"nan";"None";"nan";"None";"None";"None";"None";"1";"None";"None";"nan";"nan";"None";"None";"None";"None";"nan";"7.250141";"43.697016";"000KW"
"2021-71957";"2021-12-28";"1";"Vente en l'état futur d'achèvement";"2439000.0";"nan";"None";"AV LOUIS COCHOIS";"3740";"06000";"06088";"Nice";"06";"None";"None";"06088000KW0596";"None";"None";"76";"nan";"None";"nan";"None";"nan";"None";"None";"None";"None";"1";"None";"None";"nan";"nan";"None";"None";"None";"None";"nan";"7.250141";"43.697016";"000KW"
"2021-71957";"2021-12-28";"1";"Vente en l'état futur d'achèvement";"2439000.0";"nan";"None";"AV LOUIS COCHOIS";"3740";"06000";"06088";"Nice";"06";"None";"None";"06088000KW0596";"None";"None";"59";"nan";"None";"nan";"None";"nan";"None";"None";"None";"None";"1";"None";"None";"nan";"nan";"None";"None";"None";"None";"nan";"7.250141";"43.697016";"000KW"
"2021-71957";"2021-12-28";"1";"Vente en l'état futur d'achèvement";"2439000.0";"nan";"None";"AV LOUIS COCHOIS";"3740";"06000";"06088";"Nice";"06";"None";"None";"06088000KW0596";"None";"None";"56";"nan";"None";"nan";"None";"nan";"None";"None";"None";"None";"1";"None";"None";"nan";"nan";"None";"None";"None";"None";"nan";"7.250141";"43.697016";"000KW"
"2021-71957";"2021-12-28";"1";"Vente en l'état futur d'achèvement";"2439000.0";"nan";"None";"AV LOUIS COCHOIS";"3740";"06000";"06088";"Nice";"06";"None";"None";"06088000KW0596";"None";"None";"18";"nan";"None";"nan";"None";"nan";"None";"None";"None";"None";"1";"None";"None";"nan";"nan";"None";"None";"None";"None";"nan";"7.250141";"43.697016";"000KW"
"2021-71957";"2021-12-28";"1";"Vente en l'état futur d'achèvement";"2439000.0";"nan";"None";"AV LOUIS COCHOIS";"3740";"06000";"06088";"Nice";"06";"None";"None";"06088000KW0596";"None";"None";"117";"nan";"None";"nan";"None";"nan";"None";"None";"None";"None";"1";"None";"None";"nan";"nan";"None";"None";"None";"None";"nan";"7.250141";"43.697016";"000KW"
"2021-71957";"2021-12-28";"1";"Vente en l'état futur d'achèvement";"2439000.0";"nan";"None";"AV LOUIS COCHOIS";"3740";"06000";"06088";"Nice";"06";"None";"None";"06088000KW0596";"None";"None";"90";"nan";"None";"nan";"None";"nan";"None";"None";"None";"None";"1";"None";"None";"nan";"nan";"None";"None";"None";"None";"nan";"7.250141";"43.697016";"000KW"
"2021-71957";"2021-12-28";"1";"Vente en l'état futur d'achèvement";"2439000.0";"nan";"None";"AV LOUIS COCHOIS";"3740";"06000";"06088";"Nice";"06";"None";"None";"06088000KW0596";"None";"None";"94";"nan";"None";"nan";"None";"nan";"None";"None";"None";"None";"1";"None";"None";"nan";"nan";"None";"None";"None";"None";"nan";"7.250141";"43.697016";"000KW"
"2021-71629";"2021-12-23";"1";"Vente";"221000.0";"16.0";"None";"RUE SAINT PHILIPPE";"5895";"06000";"06088";"Nice";"06";"None";"None";"06088000KW0245";"None";"None";"14";"nan";"None";"nan";"None";"nan";"None";"None";"None";"None";"1";"2";"Appartement";"35.0";"2.0";"None";"None";"None";"None";"nan";"7.255397";"43.695369";"000KW"
"2021-71629";"2021-12-23";"1";"Vente";"221000.0";"16.0";"None";"RUE SAINT PHILIPPE";"5895";"06000";"06088";"Nice";"06";"None";"None";"06088000KW0245";"None";"None";"14";"nan";"None";"nan";"None";"nan";"None";"None";"None";"None";"1";"2";"Appartement";"25.0";"2.0";"None";"None";"None";"None";"nan";"7.255397";"43.695369";"000KW"
"2021-71734";"2021-12-23";"1";"Vente";"265000.0";"113.0";"None";"RUE DE FRANCE";"2595";"06000";"06088";"Nice";"06";"None";"None";"06088000KW0517";"None";"None";"11";"nan";"None";"nan";"None";"nan";"None";"None";"None";"None";"1";"2";"Appartement";"80.0";"3.0";"None";"None";"None";"None";"nan";"7.25329";"43.69421";"000KW"
"2021-71663";"2021-12-23";"1";"Vente";"45000.0";"19.0";"None";"RUE ANDRIOLI";"0230";"06000";"06088";"Nice";"06";"None";"None";"06088000KW0206";"None";"None";"84";"nan";"None";"nan";"None";"nan";"None";"None";"None";"None";"1";"3";"Dépendance";"nan";"0.0";"None";"None";"None";"None";"nan";"7.253381";"43.696371";"000KW"
"2021-71734";"2021-12-23";"1";"Vente";"265000.0";"113.0";"None";"RUE DE FRANCE";"2595";"06000";"06088";"Nice";"06";"None";"None";"06088000KW0517";"None";"None";"11";"nan";"None";"nan";"None";"nan";"None";"None";"None";"None";"1";"3";"Dépendance";"nan";"0.0";"None";"None";"None";"None";"nan";"7.25329";"43.69421";"000KW"
"2021-71345";"2021-12-20";"1";"Vente";"255000.0";"3.0";"None";"RUE DANTE";"1835";"06000";"06088";"Nice";"06";"None";"None";"06088000KW0241";"None";"None";"237";"40.8";"270";"nan";"None";"nan";"None";"None";"None";"None";"2";"2";"Appartement";"42.0";"2.0";"None";"None";"None";"None";"nan";"7.25552";"43.695542";"000KW"
"2021-71571";"2021-12-20";"1";"Vente";"318000.0";"76.0";"None";"AV BAUMETTES PANORAMIC";"0665";"06000";"06088";"Nice";"06";"None";"None";"06088000KW0005";"None";"None";"529";"nan";"569";"nan";"None";"nan";"None";"None";"None";"None";"2";"2";"Appartement";"79.0";"3.0";"None";"None";"None";"None";"nan";"7.250071";"43.698297";"000KW"
"2021-71706";"2021-12-20";"1";"Vente";"130000.0";"8.0";"None";"RUE JOSEPH FRICERO";"3470";"06000";"06088";"Nice";"06";"None";"None";"06088000KW0585";"None";"None";"58";"nan";"None";"nan";"None";"nan";"None";"None";"None";"None";"1";"2";"Appartement";"18.0";"1.0";"None";"None";"None";"None";"nan";"7.254344";"43.696029";"000KW"
"2021-71706";"2021-12-20";"1";"Vente";"130000.0";"8.0";"None";"RUE JOSEPH FRICERO";"3470";"06000";"06088";"Nice";"06";"None";"None";"06088000KW0585";"None";"None";"1";"nan";"None";"nan";"None";"nan";"None";"None";"None";"None";"1";"2";"Appartement";"26.0";"1.0";"None";"None";"None";"None";"nan";"7.254344";"43.696029";"000KW"
"2021-71345";"2021-12-20";"1";"Vente";"255000.0";"3.0";"None";"RUE DANTE";"1835";"06000";"06088";"Nice";"06";"None";"None";"06088000KW0241";"None";"None";"237";"40.8";"270";"nan";"None";"nan";"None";"None";"None";"None";"2";"3";"Dépendance";"nan";"0.0";"None";"None";"None";"None";"nan";"7.25552";"43.695542";"000KW"
"2021-71571";"2021-12-20";"1";"Vente";"318000.0";"76.0";"None";"AV BAUMETTES PANORAMIC";"0665";"06000";"06088";"Nice";"06";"None";"None";"06088000KW0005";"None";"None";"529";"nan";"569";"nan";"None";"nan";"None";"None";"None";"None";"2";"3";"Dépendance";"nan";"0.0";"None";"None";"None";"None";"nan";"7.250071";"43.698297";"000KW"
"2021-71706";"2021-12-20";"1";"Vente";"130000.0";"8.0";"None";"RUE JOSEPH FRICERO";"3470";"06000";"06088";"Nice";"06";"None";"None";"06088000KW0585";"None";"None";"1";"nan";"None";"nan";"None";"nan";"None";"None";"None";"None";"1";"3";"Dépendance";"nan";"0.0";"None";"None";"None";"None";"nan";"7.254344";"43.696029";"000KW"
"2021-71706";"2021-12-20";"1";"Vente";"130000.0";"8.0";"None";"RUE JOSEPH FRICERO";"3470";"06000";"06088";"Nice";"06";"None";"None";"06088000KW0585";"None";"None";"58";"nan";"None";"nan";"None";"nan";"None";"None";"None";"None";"1";"3";"Dépendance";"nan";"0.0";"None";"None";"None";"None";"nan";"7.254344";"43.696029";"000KW"
"2021-70825";"2021-12-17";"1";"Vente";"265000.0";"15.0";"B";"RUE ALEXIS MOSSA";"0094";"06000";"06088";"Nice";"06";"None";"None";"06088000KW0324";"None";"None";"38";"48.27";"None";"nan";"None";"nan";"None";"None";"None";"None";"1";"2";"Appartement";"48.0";"2.0";"None";"None";"None";"None";"nan";"7.252251";"43.695883";"000KW"
"2021-70971";"2021-12-17";"1";"Vente";"156000.0";"5.0";"None";"RUE J BAPTISTE SPINETTA";"3340";"06000";"06088";"Nice";"06";"None";"None";"06088000KW0162";"None";"None";"3";"40.51";"None";"nan";"None";"nan";"None";"None";"None";"None";"1";"2";"Appartement";"43.0";"2.0";"None";"None";"None";"None";"nan";"7.252143";"43.696645";"000KW"
"2021-70991";"2021-12-17";"1";"Vente";"445000.0";"7.0";"None";"RUE ALEXIS MOSSA";"0094";"06000";"06088";"Nice";"06";"None";"None";"06088000KW0192";"None";"None";"58";"nan";"77";"98.69";"None";"nan";"None";"None";"None";"None";"2";"2";"Appartement";"100.0";"4.0";"None";"None";"None";"None";"nan";"7.253074";"43.695885";"000KW"
"2021-70991";"2021-12-17";"1";"Vente";"445000.0";"7.0";"None";"RUE ALEXIS MOSSA";"0094";"06000";"06088";"Nice";"06";"None";"None";"06088000KW0192";"None";"None";"5";"nan";"None";"nan";"None";"nan";"None";"None";"None";"None";"1";"3";"Dépendance";"nan";"0.0";"None";"None";"None";"None";"nan";"7.253074";"43.695885";"000KW"
"2021-70991";"2021-12-17";"1";"Vente";"445000.0";"7.0";"None";"RUE ALEXIS MOSSA";"0094";"06000";"06088";"Nice";"06";"None";"None";"06088000KW0192";"None";"None";"58";"nan";"77";"98.69";"None";"nan";"None";"None";"None";"None";"2";"3";"Dépendance";"nan";"0.0";"None";"None";"None";"None";"nan";"7.253074";"43.695885";"000KW"
"2021-71917";"2021-12-17";"1";"Vente";"68000.0";"47.0";"None";"BD FRANCOIS GROSSO";"2630";"06000";"06088";"Nice";"06";"None";"None";"06088000KW0094";"None";"None";"2";"45.4";"None";"nan";"None";"nan";"None";"None";"None";"None";"1";"4";"Local industriel. commercial ou assimilé";"57.0";"0.0";"None";"None";"None";"None";"nan";"7.251098";"43.697255";"000KW"
"2021-71657";"2021-12-16";"1";"Vente";"175060.0";"17.0";"None";"AV FLEURS";"2460";"06000";"06088";"Nice";"06";"None";"None";"06088000KW0123";"None";"None";"12";"32.7";"None";"nan";"None";"nan";"None";"None";"None";"None";"1";"2";"Appartement";"32.0";"1.0";"None";"None";"None";"None";"nan";"7.253164";"43.697428";"000KW"
"2021-71657";"2021-12-16";"1";"Vente";"175060.0";"17.0";"None";"AV FLEURS";"2460";"06000";"06088";"Nice";"06";"None";"None";"06088000KW0123";"None";"None";"164";"nan";"None";"nan";"None";"nan";"None";"None";"None";"None";"1";"3";"Dépendance";"nan";"0.0";"None";"None";"None";"None";"nan";"7.253164";"43.697428";"000KW"
"2021-70926";"2021-12-14";"1";"Vente";"225000.0";"39.0";"None";"BD FRANCOIS GROSSO";"2630";"06000";"06088";"Nice";"06";"None";"None";"06088000KW0091";"None";"None";"1";"nan";"40";"nan";"None";"nan";"None";"None";"None";"None";"2";"2";"Appartement";"51.0";"3.0";"None";"None";"None";"None";"nan";"7.251197";"43.696836";"000KW"
"2021-71905";"2021-12-14";"1";"Vente";"110000.0";"10.0";"None";"AV DES ORANGERS";"4590";"06000";"06088";"Nice";"06";"None";"None";"06088000KW0124";"None";"None";"86";"19.11";"None";"nan";"None";"nan";"None";"None";"None";"None";"1";"2";"Appartement";"20.0";"1.0";"None";"None";"None";"None";"nan";"7.253552";"43.697329";"000KW"
"2021-70926";"2021-12-14";"1";"Vente";"225000.0";"39.0";"None";"BD FRANCOIS GROSSO";"2630";"06000";"06088";"Nice";"06";"None";"None";"06088000KW0091";"None";"None";"1";"nan";"40";"nan";"None";"nan";"None";"None";"None";"None";"2";"3";"Dépendance";"nan";"0.0";"None";"None";"None";"None";"nan";"7.251197";"43.696836";"000KW"
"2021-71379";"2021-12-14";"1";"Vente en l'état futur d'achèvement";"48000.0";"nan";"None";"AV LOUIS COCHOIS";"3740";"06000";"06088";"Nice";"06";"None";"None";"06088000KW0596";"None";"None";"77";"nan";"None";"nan";"None";"nan";"None";"None";"None";"None";"1";"None";"None";"nan";"nan";"None";"None";"None";"None";"nan";"7.250141";"43.697016";"000KW"
"2021-71445";"2021-12-13";"1";"Vente";"178000.0";"15.0";"B";"AV DES ORANGERS";"4590";"06000";"06088";"Nice";"06";"None";"None";"06088000KW0341";"None";"None";"1";"nan";"48";"nan";"None";"nan";"None";"None";"None";"None";"2";"2";"Appartement";"32.0";"1.0";"None";"None";"None";"None";"nan";"7.253267";"43.696923";"000KW"
"2021-71509";"2021-12-13";"1";"Vente";"220000.0";"76.0";"None";"AV BAUMETTES HORIZON";"0666";"06000";"06088";"Nice";"06";"None";"None";"06088000KW0005";"None";"None";"17";"nan";"68";"61.06";"None";"nan";"None";"None";"None";"None";"2";"2";"Appartement";"61.0";"3.0";"None";"None";"None";"None";"nan";"7.250071";"43.698297";"000KW"
"2021-71445";"2021-12-13";"1";"Vente";"178000.0";"15.0";"B";"AV DES ORANGERS";"4590";"06000";"06088";"Nice";"06";"None";"None";"06088000KW0341";"None";"None";"1";"nan";"48";"nan";"None";"nan";"None";"None";"None";"None";"2";"3";"Dépendance";"nan";"0.0";"None";"None";"None";"None";"nan";"7.253267";"43.696923";"000KW"
"2021-71509";"2021-12-13";"1";"Vente";"220000.0";"76.0";"None";"AV BAUMETTES HORIZON";"0666";"06000";"06088";"Nice";"06";"None";"None";"06088000KW0005";"None";"None";"17";"nan";"68";"61.06";"None";"nan";"None";"None";"None";"None";"2";"3";"Dépendance";"nan";"0.0";"None";"None";"None";"None";"nan";"7.250071";"43.698297";"000KW"
"2021-71134";"2021-12-10";"1";"Vente";"355000.0";"53.0";"None";"PROM DES ANGLAIS";"0240";"06000";"06088";"Nice";"06";"None";"None";"06088000KW0282";"None";"None";"125";"nan";"48";"57.85";"None";"nan";"None";"None";"None";"None";"2";"2";"Appartement";"58.0";"2.0";"None";"None";"None";"None";"nan";"7.254413";"43.693761";"000KW"
"2021-71680";"2021-12-09";"1";"Vente";"195000.0";"27.0";"None";"BD GAMBETTA";"2755";"06000";"06088";"Nice";"06";"None";"None";"06088000KW0234";"None";"None";"21";"nan";"22";"nan";"None";"nan";"None";"None";"None";"None";"2";"2";"Appartement";"48.0";"2.0";"None";"None";"None";"None";"nan";"7.255942";"43.69657";"000KW"
"2021-70474";"2021-12-08";"1";"Vente";"253000.0";"21.0";"None";"BD FRANCOIS GROSSO";"2630";"06000";"06088";"Nice";"06";"None";"None";"06088000KW0076";"None";"None";"114";"nan";"24";"46.87";"None";"nan";"None";"None";"None";"None";"2";"2";"Appartement";"55.0";"2.0";"None";"None";"None";"None";"nan";"7.251171";"43.696065";"000KW"
"2021-70474";"2021-12-08";"1";"Vente";"253000.0";"21.0";"None";"BD FRANCOIS GROSSO";"2630";"06000";"06088";"Nice";"06";"None";"None";"06088000KW0076";"None";"None";"114";"nan";"24";"46.87";"None";"nan";"None";"None";"None";"None";"2";"3";"Dépendance";"nan";"0.0";"None";"None";"None";"None";"nan";"7.251171";"43.696065";"000KW"
"2021-71385";"2021-12-07";"1";"Vente";"42000.0";"31.0";"None";"BD GAMBETTA";"2755";"06000";"06088";"Nice";"06";"None";"None";"06088000KW0469";"None";"None";"22";"nan";"None";"nan";"None";"nan";"None";"None";"None";"None";"1";"3";"Dépendance";"nan";"0.0";"None";"None";"None";"None";"nan";"7.255844";"43.697011";"000KW"
"2021-70483";"2021-12-06";"1";"Vente";"570000.0";"5.0";"None";"RUE DANTE";"1835";"06000";"06088";"Nice";"06";"None";"None";"06088000KW0243";"None";"None";"11";"119.5";"None";"nan";"None";"nan";"None";"None";"None";"None";"1";"2";"Appartement";"122.0";"5.0";"None";"None";"None";"None";"nan";"7.255346";"43.695658";"000KW"
"2021-70505";"2021-12-06";"1";"Vente";"24000.0";"17.0";"None";"AV DES BAUMETTES";"0660";"06000";"06088";"Nice";"06";"None";"None";"06088000KW0060";"None";"None";"7";"nan";"None";"nan";"None";"nan";"None";"None";"None";"None";"1";"3";"Dépendance";"nan";"0.0";"None";"None";"None";"None";"nan";"7.250529";"43.695381";"000KW"
"2021-70472";"2021-12-02";"1";"Vente";"340000.0";"13.0";"None";"RUE DANTE";"1835";"06000";"06088";"Nice";"06";"None";"None";"06088000KW0299";"None";"None";"15";"nan";"64";"59.53";"None";"nan";"None";"None";"None";"None";"2";"2";"Appartement";"54.0";"2.0";"None";"None";"None";"None";"nan";"7.253871";"43.695389";"000KW"
"2021-70491";"2021-12-02";"1";"Vente";"295000.0";"5.0";"None";"RUE ANDRIOLI";"0230";"06000";"06088";"Nice";"06";"None";"None";"06088000KW0278";"None";"None";"107";"nan";"203";"55.86";"None";"nan";"None";"None";"None";"None";"2";"2";"Appartement";"58.0";"2.0";"None";"None";"None";"None";"nan";"7.254107";"43.694359";"000KW"
"2021-70905";"2021-12-02";"1";"Vente";"455400.0";"5.0";"None";"RUE ANDRIOLI";"0230";"06000";"06088";"Nice";"06";"None";"None";"06088000KW0278";"None";"None";"124";"nan";"189";"68.57";"None";"nan";"None";"None";"None";"None";"2";"2";"Appartement";"68.0";"3.0";"None";"None";"None";"None";"nan";"7.254107";"43.694359";"000KW"
"2021-69974";"2021-12-02";"1";"Vente";"32000.0";"27.0";"None";"RUE DES POTIERS";"5225";"06000";"06088";"Nice";"06";"None";"None";"06088000KW0356";"None";"None";"15";"nan";"None";"nan";"None";"nan";"None";"None";"None";"None";"1";"3";"Dépendance";"nan";"0.0";"None";"None";"None";"None";"nan";"7.252576";"43.695881";"000KW"
"2021-70472";"2021-12-02";"1";"Vente";"340000.0";"13.0";"None";"RUE DANTE";"1835";"06000";"06088";"Nice";"06";"None";"None";"06088000KW0299";"None";"None";"15";"nan";"64";"59.53";"None";"nan";"None";"None";"None";"None";"2";"3";"Dépendance";"nan";"0.0";"None";"None";"None";"None";"nan";"7.253871";"43.695389";"000KW"
"2021-70491";"2021-12-02";"1";"Vente";"295000.0";"5.0";"None";"RUE ANDRIOLI";"0230";"06000";"06088";"Nice";"06";"None";"None";"06088000KW0278";"None";"None";"107";"nan";"203";"55.86";"None";"nan";"None";"None";"None";"None";"2";"3";"Dépendance";"nan";"0.0";"None";"None";"None";"None";"nan";"7.254107";"43.694359";"000KW"
"2021-70905";"2021-12-02";"1";"Vente";"455400.0";"5.0";"None";"RUE ANDRIOLI";"0230";"06000";"06088";"Nice";"06";"None";"None";"06088000KW0278";"None";"None";"124";"nan";"189";"68.57";"None";"nan";"None";"None";"None";"None";"2";"3";"Dépendance";"nan";"0.0";"None";"None";"None";"None";"nan";"7.254107";"43.694359";"000KW"
"2021-70905";"2021-12-02";"1";"Vente";"455400.0";"5.0";"None";"RUE ANDRIOLI";"0230";"06000";"06088";"Nice";"06";"None";"None";"06088000KW0278";"None";"None";"76";"nan";"None";"nan";"None";"nan";"None";"None";"None";"None";"1";"3";"Dépendance";"nan";"0.0";"None";"None";"None";"None";"nan";"7.254107";"43.694359";"000KW"
"2021-70662";"2021-12-01";"1";"Vente";"127735.0";"2.0";"None";"BD FRANCOIS GROSSO";"2630";"06000";"06088";"Nice";"06";"None";"None";"06088000KW0370";"None";"None";"35";"24.01";"None";"nan";"None";"nan";"None";"None";"None";"None";"1";"2";"Appartement";"24.0";"1.0";"None";"None";"None";"None";"nan";"7.252572";"43.694566";"000KW"
"2021-70597";"2021-12-01";"1";"Vente";"21500.0";"15.0";"None";"RUE DANTE";"1835";"06000";"06088";"Nice";"06";"None";"None";"06088000KW0300";"None";"None";"76";"nan";"None";"nan";"None";"nan";"None";"None";"None";"None";"1";"3";"Dépendance";"nan";"0.0";"None";"None";"None";"None";"nan";"7.253574";"43.695318";"000KW"
"2021-70171";"2021-11-29";"1";"Vente";"674185.0";"11.0";"None";"BD GAMBETTA";"2755";"06000";"06088";"Nice";"06";"None";"None";"06088000KW0249";"None";"None";"10";"nan";"50";"nan";"None";"nan";"None";"None";"None";"None";"2";"2";"Appartement";"85.0";"3.0";"None";"None";"None";"None";"nan";"7.255965";"43.694979";"000KW"
"2021-70171";"2021-11-29";"1";"Vente";"674185.0";"11.0";"None";"BD GAMBETTA";"2755";"06000";"06088";"Nice";"06";"None";"None";"06088000KW0249";"None";"None";"11";"nan";"47";"nan";"None";"nan";"None";"None";"None";"None";"2";"2";"Appartement";"50.0";"3.0";"None";"None";"None";"None";"nan";"7.255965";"43.694979";"000KW"
"2021-70835";"2021-11-29";"1";"Vente";"475000.0";"31.0";"None";"BD GAMBETTA";"2755";"06000";"06088";"Nice";"06";"None";"None";"06088000KW0469";"None";"None";"10";"112.32";"31";"nan";"None";"nan";"None";"None";"None";"None";"2";"2";"Appartement";"112.0";"5.0";"None";"None";"None";"None";"nan";"7.255844";"43.697011";"000KW"
"2021-70171";"2021-11-29";"1";"Vente";"674185.0";"11.0";"None";"BD GAMBETTA";"2755";"06000";"06088";"Nice";"06";"None";"None";"06088000KW0249";"None";"None";"10";"nan";"50";"nan";"None";"nan";"None";"None";"None";"None";"2";"3";"Dépendance";"nan";"0.0";"None";"None";"None";"None";"nan";"7.255965";"43.694979";"000KW"
"2021-70171";"2021-11-29";"1";"Vente";"674185.0";"11.0";"None";"BD GAMBETTA";"2755";"06000";"06088";"Nice";"06";"None";"None";"06088000KW0249";"None";"None";"11";"nan";"47";"nan";"None";"nan";"None";"None";"None";"None";"2";"3";"Dépendance";"nan";"0.0";"None";"None";"None";"None";"nan";"7.255965";"43.694979";"000KW"
"2021-70171";"2021-11-29";"1";"Vente";"674185.0";"10.0";"None";"RUE SAINT PHILIPPE";"5895";"06000";"06088";"Nice";"06";"None";"None";"06088000KW0446";"None";"None";"46";"nan";"None";"nan";"None";"nan";"None";"None";"None";"None";"1";"3";"Dépendance";"nan";"0.0";"None";"None";"None";"None";"nan";"7.255854";"43.694672";"000KW"
"2021-70835";"2021-11-29";"1";"Vente";"475000.0";"31.0";"None";"BD GAMBETTA";"2755";"06000";"06088";"Nice";"06";"None";"None";"06088000KW0469";"None";"None";"10";"112.32";"31";"nan";"None";"nan";"None";"None";"None";"None";"2";"3";"Dépendance";"nan";"0.0";"None";"None";"None";"None";"nan";"7.255844";"43.697011";"000KW"
"2021-70835";"2021-11-29";"1";"Vente";"475000.0";"31.0";"None";"BD GAMBETTA";"2755";"06000";"06088";"Nice";"06";"None";"None";"06088000KW0469";"None";"None";"23";"nan";"None";"nan";"None";"nan";"None";"None";"None";"None";"1";"3";"Dépendance";"nan";"0.0";"None";"None";"None";"None";"nan";"7.255844";"43.697011";"000KW"
"2021-69944";"2021-11-26";"1";"Vente";"176000.0";"8.0";"None";"BD FRANCOIS GROSSO";"2630";"06000";"06088";"Nice";"06";"None";"None";"06088000KW0321";"None";"None";"23";"28.8";"None";"nan";"None";"nan";"None";"None";"None";"None";"1";"2";"Appartement";"30.0";"2.0";"None";"None";"None";"None";"nan";"7.25226";"43.695046";"000KW"
"2021-70460";"2021-11-26";"1";"Vente";"130000.0";"5.0";"None";"AV FLEURS";"2460";"06000";"06088";"Nice";"06";"None";"None";"06088000KW0131";"None";"None";"9";"37.13";"None";"nan";"None";"nan";"None";"None";"None";"None";"1";"2";"Appartement";"42.0";"1.0";"None";"None";"None";"None";"nan";"7.255071";"43.697471";"000KW"
"2021-70853";"2021-11-26";"1";"Vente";"230000.0";"8.0";"None";"AV DES ORANGERS";"4590";"06000";"06088";"Nice";"06";"None";"None";"06088000KW0126";"None";"None";"28";"nan";"33";"nan";"None";"nan";"None";"None";"None";"None";"2";"2";"Appartement";"63.0";"3.0";"None";"None";"None";"None";"nan";"7.253887";"43.697261";"000KW"
"2021-70460";"2021-11-26";"1";"Vente";"130000.0";"5.0";"None";"AV FLEURS";"2460";"06000";"06088";"Nice";"06";"None";"None";"06088000KW0131";"None";"None";"9";"37.13";"None";"nan";"None";"nan";"None";"None";"None";"None";"1";"3";"Dépendance";"nan";"0.0";"None";"None";"None";"None";"nan";"7.255071";"43.697471";"000KW"
"2021-70460";"2021-11-26";"1";"Vente";"130000.0";"5.0";"None";"AV FLEURS";"2460";"06000";"06088";"Nice";"06";"None";"None";"06088000KW0131";"None";"None";"9";"37.13";"None";"nan";"None";"nan";"None";"None";"None";"None";"1";"3";"Dépendance";"nan";"0.0";"None";"None";"None";"None";"nan";"7.255071";"43.697471";"000KW"
"2021-70853";"2021-11-26";"1";"Vente";"230000.0";"8.0";"None";"AV DES ORANGERS";"4590";"06000";"06088";"Nice";"06";"None";"None";"06088000KW0126";"None";"None";"28";"nan";"33";"nan";"None";"nan";"None";"None";"None";"None";"2";"3";"Dépendance";"nan";"0.0";"None";"None";"None";"None";"nan";"7.253887";"43.697261";"000KW"
"2021-69561";"2021-11-24";"1";"Vente";"203000.0";"3.0";"None";"AV CHATEAU DE LA TOUR";"1355";"06000";"06088";"Nice";"06";"None";"None";"06088000KW0025";"None";"None";"20";"51.13";"24";"nan";"5";"nan";"None";"None";"None";"None";"3";"2";"Appartement";"53.0";"2.0";"None";"None";"None";"None";"nan";"7.248915";"43.695401";"000KW"
"2021-69561";"2021-11-24";"1";"Vente";"203000.0";"3.0";"None";"AV CHATEAU DE LA TOUR";"1355";"06000";"06088";"Nice";"06";"None";"None";"06088000KW0025";"None";"None";"20";"51.13";"24";"nan";"5";"nan";"None";"None";"None";"None";"3";"3";"Dépendance";"nan";"0.0";"None";"None";"None";"None";"nan";"7.248915";"43.695401";"000KW"
"2021-69561";"2021-11-24";"1";"Vente";"203000.0";"3.0";"None";"AV CHATEAU DE LA TOUR";"1355";"06000";"06088";"Nice";"06";"None";"None";"06088000KW0025";"None";"None";"1";"nan";"None";"nan";"None";"nan";"None";"None";"None";"None";"1";"3";"Dépendance";"nan";"0.0";"None";"None";"None";"None";"nan";"7.248915";"43.695401";"000KW"
"2021-69554";"2021-11-23";"1";"Vente";"155000.0";"11.0";"None";"RUE ANDRIOLI";"0230";"06000";"06088";"Nice";"06";"None";"None";"06088000KW0575";"None";"None";"39";"nan";"None";"nan";"None";"nan";"None";"None";"None";"None";"1";"2";"Appartement";"28.0";"2.0";"None";"None";"None";"None";"nan";"7.253888";"43.695227";"000KW"
"2021-70656";"2021-11-22";"1";"Vente";"51000.0";"9.0";"None";"AV DES BAUMETTES";"0660";"06000";"06088";"Nice";"06";"None";"None";"06088000KW0063";"None";"None";"7";"nan";"None";"nan";"None";"nan";"None";"None";"None";"None";"1";"3";"Dépendance";"nan";"0.0";"None";"None";"None";"None";"nan";"7.250954";"43.694669";"000KW"
"2021-70656";"2021-11-22";"1";"Vente";"51000.0";"9.0";"None";"AV DES BAUMETTES";"0660";"06000";"06088";"Nice";"06";"None";"None";"06088000KW0063";"None";"None";"6";"nan";"None";"nan";"None";"nan";"None";"None";"None";"None";"1";"3";"Dépendance";"nan";"0.0";"None";"None";"None";"None";"nan";"7.250954";"43.694669";"000KW"
"2021-69557";"2021-11-19";"1";"Vente";"193800.0";"76.0";"None";"AV BAUMETTES OLIVIERS";"0662";"06000";"06088";"Nice";"06";"None";"None";"06088000KW0005";"None";"None";"267";"nan";"301";"nan";"None";"nan";"None";"None";"None";"None";"2";"2";"Appartement";"48.0";"2.0";"None";"None";"None";"None";"nan";"7.250071";"43.698297";"000KW"
"2021-69557";"2021-11-19";"1";"Vente";"193800.0";"76.0";"None";"AV BAUMETTES OLIVIERS";"0662";"06000";"06088";"Nice";"06";"None";"None";"06088000KW0005";"None";"None";"267";"nan";"301";"nan";"None";"nan";"None";"None";"None";"None";"2";"3";"Dépendance";"nan";"0.0";"None";"None";"None";"None";"nan";"7.250071";"43.698297";"000KW"
"2021-70064";"2021-11-18";"1";"Vente";"125000.0";"17.0";"None";"AV DES ORANGERS";"4590";"06000";"06088";"Nice";"06";"None";"None";"06088000KW0152";"None";"None";"14";"27.86";"None";"nan";"None";"nan";"None";"None";"None";"None";"1";"2";"Appartement";"27.0";"1.0";"None";"None";"None";"None";"nan";"7.253076";"43.696901";"000KW"
"2021-69619";"2021-11-17";"1";"Vente";"149000.0";"72.0";"None";"RUE DE FRANCE";"2595";"06000";"06088";"Nice";"06";"None";"None";"06088000KW0259";"None";"None";"6";"nan";"None";"nan";"None";"nan";"None";"None";"None";"None";"1";"2";"Appartement";"27.0";"1.0";"None";"None";"None";"None";"nan";"7.254832";"43.695051";"000KW"
"2021-68814";"2021-11-15";"2";"Vente";"530000.0";"90.0";"None";"RUE DE FRANCE";"2595";"06000";"06088";"Nice";"06";"None";"None";"06088000KW0369";"None";"None";"1006";"nan";"1106";"84.28";"None";"nan";"None";"None";"None";"None";"2";"2";"Appartement";"83.0";"3.0";"None";"None";"None";"None";"nan";"7.252761";"43.694482";"000KW"
"2021-70167";"2021-11-15";"1";"Vente";"425000.0";"4.0";"None";"RUE BOTTERO";"0925";"06000";"06088";"Nice";"06";"None";"None";"06088000KW0473";"None";"None";"14";"76.53";"2";"nan";"None";"nan";"None";"None";"None";"None";"2";"2";"Appartement";"80.0";"4.0";"None";"None";"None";"None";"nan";"7.255531";"43.696847";"000KW"
"2021-68813";"2021-11-15";"1";"Vente";"30000.0";"2.0";"None";"BD FRANCOIS GROSSO";"2630";"06000";"06088";"Nice";"06";"None";"None";"06088000KW0370";"None";"None";"12";"nan";"None";"nan";"None";"nan";"None";"None";"None";"None";"1";"3";"Dépendance";"nan";"0.0";"None";"None";"None";"None";"nan";"7.252572";"43.694566";"000KW"
"2021-68814";"2021-11-15";"2";"Vente";"530000.0";"90.0";"None";"RUE DE FRANCE";"2595";"06000";"06088";"Nice";"06";"None";"None";"06088000KW0369";"None";"None";"1006";"nan";"1106";"84.28";"None";"nan";"None";"None";"None";"None";"2";"3";"Dépendance";"nan";"0.0";"None";"None";"None";"None";"nan";"7.252761";"43.694482";"000KW"
"2021-68984";"2021-11-10";"1";"Vente";"530000.0";"5.0";"None";"AV FLEURS";"2460";"06000";"06088";"Nice";"06";"None";"None";"06088000KW0131";"None";"None";"16";"88.38";"None";"nan";"None";"nan";"None";"None";"None";"None";"1";"2";"Appartement";"84.0";"3.0";"None";"None";"None";"None";"nan";"7.255071";"43.697471";"000KW"
"2021-69687";"2021-11-10";"1";"Vente";"275000.0";"15.0";"None";"AV DES ORANGERS";"4590";"06000";"06088";"Nice";"06";"None";"None";"06088000KW0149";"None";"None";"3";"nan";"31";"nan";"None";"nan";"None";"None";"None";"None";"2";"2";"Appartement";"46.0";"2.0";"None";"None";"None";"None";"nan";"7.253415";"43.696904";"000KW"
"2021-68794";"2021-11-10";"1";"Vente";"49000.0";"42.0";"None";"RUE DES POTIERS";"5225";"06000";"06088";"Nice";"06";"None";"None";"06088000KW0118";"None";"None";"18";"nan";"None";"nan";"None";"nan";"None";"None";"None";"None";"1";"3";"Dépendance";"nan";"0.0";"None";"None";"None";"None";"nan";"7.252555";"43.697303";"000KW"
"2021-68984";"2021-11-10";"1";"Vente";"530000.0";"5.0";"None";"AV FLEURS";"2460";"06000";"06088";"Nice";"06";"None";"None";"06088000KW0131";"None";"None";"16";"88.38";"None";"nan";"None";"nan";"None";"None";"None";"None";"1";"3";"Dépendance";"nan";"0.0";"None";"None";"None";"None";"nan";"7.255071";"43.697471";"000KW"
"2021-68984";"2021-11-10";"1";"Vente";"530000.0";"5.0";"None";"AV FLEURS";"2460";"06000";"06088";"Nice";"06";"None";"None";"06088000KW0131";"None";"None";"16";"88.38";"None";"nan";"None";"nan";"None";"None";"None";"None";"1";"3";"Dépendance";"nan";"0.0";"None";"None";"None";"None";"nan";"7.255071";"43.697471";"000KW"
"2021-69687";"2021-11-10";"1";"Vente";"275000.0";"15.0";"None";"AV DES ORANGERS";"4590";"06000";"06088";"Nice";"06";"None";"None";"06088000KW0149";"None";"None";"3";"nan";"31";"nan";"None";"nan";"None";"None";"None";"None";"2";"3";"Dépendance";"nan";"0.0";"None";"None";"None";"None";"nan";"7.253415";"43.696904";"000KW"
"2021-69200";"2021-11-09";"1";"Vente";"266000.0";"6.0";"None";"RUE DES POTIERS";"5225";"06000";"06088";"Nice";"06";"None";"None";"06088000KW0311";"None";"None";"135";"43.6";"None";"nan";"None";"nan";"None";"None";"None";"None";"1";"2";"Appartement";"36.0";"2.0";"None";"None";"None";"None";"nan";"7.253284";"43.694842";"000KW"
"2021-69200";"2021-11-09";"1";"Vente";"266000.0";"90.0";"None";"RUE DE FRANCE";"2595";"06000";"06088";"Nice";"06";"None";"None";"06088000KW0369";"None";"None";"1211";"nan";"None";"nan";"None";"nan";"None";"None";"None";"None";"1";"3";"Dépendance";"nan";"0.0";"None";"None";"None";"None";"nan";"7.252761";"43.694482";"000KW"
"2021-68967";"2021-11-09";"1";"Vente";"37500.0";"17.0";"None";"AV FLEURS";"2460";"06000";"06088";"Nice";"06";"None";"None";"06088000KW0123";"None";"None";"109";"nan";"None";"nan";"None";"nan";"None";"None";"None";"None";"1";"4";"Local industriel. commercial ou assimilé";"12.0";"0.0";"None";"None";"None";"None";"nan";"7.253164";"43.697428";"000KW"
"2021-69073";"2021-11-08";"1";"Vente";"126000.0";"4.0";"None";"BD FRANCOIS GROSSO";"2630";"06000";"06088";"Nice";"06";"None";"None";"06088000KW0318";"None";"None";"29";"19.14";"None";"nan";"None";"nan";"None";"None";"None";"None";"1";"2";"Appartement";"20.0";"1.0";"None";"None";"None";"None";"nan";"7.252322";"43.694771";"000KW"
"2021-69073";"2021-11-08";"1";"Vente";"126000.0";"4.0";"None";"BD FRANCOIS GROSSO";"2630";"06000";"06088";"Nice";"06";"None";"None";"06088000KW0318";"None";"None";"29";"19.14";"None";"nan";"None";"nan";"None";"None";"None";"None";"1";"3";"Dépendance";"nan";"0.0";"None";"None";"None";"None";"nan";"7.252322";"43.694771";"000KW"
"2021-69016";"2021-11-05";"1";"Vente";"126250.0";"37.0";"None";"BD FRANCOIS GROSSO";"2630";"06000";"06088";"Nice";"06";"None";"None";"06088000KW0089";"None";"None";"12";"16.35";"None";"nan";"None";"nan";"None";"None";"None";"None";"1";"2";"Appartement";"18.0";"1.0";"None";"None";"None";"None";"nan";"7.250929";"43.696539";"000KW"
"2021-68481";"2021-11-02";"1";"Vente";"406600.0";"1.0";"None";"RUE BOTTERO";"0925";"06000";"06088";"Nice";"06";"None";"None";"06088000KW0233";"None";"None";"14";"51.31";"38";"nan";"None";"nan";"None";"None";"None";"None";"2";"2";"Appartement";"78.0";"2.0";"None";"None";"None";"None";"nan";"7.255744";"43.696544";"000KW"
"2021-68481";"2021-11-02";"1";"Vente";"406600.0";"1.0";"None";"RUE BOTTERO";"0925";"06000";"06088";"Nice";"06";"None";"None";"06088000KW0233";"None";"None";"14";"51.31";"38";"nan";"None";"nan";"None";"None";"None";"None";"2";"3";"Dépendance";"nan";"0.0";"None";"None";"None";"None";"nan";"7.255744";"43.696544";"000KW"
"2021-68423";"2021-10-29";"1";"Vente";"450000.0";"19.0";"None";"AV DES ORANGERS";"4590";"06000";"06088";"Nice";"06";"None";"None";"06088000KW0153";"None";"None";"139";"nan";"239";"68.1";"None";"nan";"None";"None";"None";"None";"2";"2";"Appartement";"72.0";"2.0";"None";"None";"None";"None";"nan";"7.252797";"43.696798";"000KW"
"2021-68445";"2021-10-29";"1";"Vente";"203400.0";"6.0";"None";"RUE DES POTIERS";"5225";"06000";"06088";"Nice";"06";"None";"None";"06088000KW0311";"None";"None";"126";"37.13";"None";"nan";"None";"nan";"None";"None";"None";"None";"1";"2";"Appartement";"35.0";"2.0";"None";"None";"None";"None";"nan";"7.253284";"43.694842";"000KW"
"2021-68423";"2021-10-29";"1";"Vente";"450000.0";"19.0";"None";"AV DES ORANGERS";"4590";"06000";"06088";"Nice";"06";"None";"None";"06088000KW0153";"None";"None";"139";"nan";"239";"68.1";"None";"nan";"None";"None";"None";"None";"2";"3";"Dépendance";"nan";"0.0";"None";"None";"None";"None";"nan";"7.252797";"43.696798";"000KW"
"2021-68423";"2021-10-29";"1";"Vente";"450000.0";"19.0";"None";"AV DES ORANGERS";"4590";"06000";"06088";"Nice";"06";"None";"None";"06088000KW0153";"None";"None";"139";"nan";"239";"68.1";"None";"nan";"None";"None";"None";"None";"2";"3";"Dépendance";"nan";"0.0";"None";"None";"None";"None";"nan";"7.252797";"43.696798";"000KW"
"2021-68821";"2021-10-29";"1";"Vente";"43000.0";"19.0";"None";"AV DES ORANGERS";"4590";"06000";"06088";"Nice";"06";"None";"None";"06088000KW0153";"None";"None";"156";"nan";"None";"nan";"None";"nan";"None";"None";"None";"None";"1";"3";"Dépendance";"nan";"0.0";"None";"None";"None";"None";"nan";"7.252797";"43.696798";"000KW"
"2021-68781";"2021-10-28";"1";"Vente";"42500.0";"90.0";"None";"RUE DE FRANCE";"2595";"06000";"06088";"Nice";"06";"None";"None";"06088000KW0369";"None";"None";"1240";"nan";"None";"nan";"None";"nan";"None";"None";"None";"None";"1";"3";"Dépendance";"nan";"0.0";"None";"None";"None";"None";"nan";"7.252761";"43.694482";"000KW"
"2021-68870";"2021-10-28";"1";"Vente";"30000.0";"45.0";"None";"RUE DES POTIERS";"5225";"06000";"06088";"Nice";"06";"None";"None";"06088000KW0434";"None";"None";"84";"nan";"None";"nan";"None";"nan";"None";"None";"None";"None";"1";"3";"Dépendance";"nan";"0.0";"None";"None";"None";"None";"nan";"7.25216";"43.697366";"000KW"
"2021-68249";"2021-10-27";"1";"Vente";"420000.0";"22.0";"None";"RUE BOTTERO";"0925";"06000";"06088";"Nice";"06";"None";"None";"06088000KW0153";"None";"None";"248";"81.35";"71";"nan";"None";"nan";"None";"None";"None";"None";"2";"2";"Appartement";"80.0";"3.0";"None";"None";"None";"None";"nan";"7.252797";"43.696798";"000KW"
"2021-68770";"2021-10-27";"1";"Vente";"103000.0";"4.0";"None";"BD FRANCOIS GROSSO";"2630";"06000";"06088";"Nice";"06";"None";"None";"06088000KW0318";"None";"None";"31";"nan";"None";"nan";"None";"nan";"None";"None";"None";"None";"1";"2";"Appartement";"20.0";"1.0";"None";"None";"None";"None";"nan";"7.252322";"43.694771";"000KW"
"2021-68910";"2021-10-27";"1";"Vente";"225000.0";"8.0";"None";"BD FRANCOIS GROSSO";"2630";"06000";"06088";"Nice";"06";"None";"None";"06088000KW0321";"None";"None";"21";"nan";"None";"nan";"None";"nan";"None";"None";"None";"None";"1";"2";"Appartement";"63.0";"3.0";"None";"None";"None";"None";"nan";"7.25226";"43.695046";"000KW"
"2021-68249";"2021-10-27";"1";"Vente";"420000.0";"22.0";"None";"RUE BOTTERO";"0925";"06000";"06088";"Nice";"06";"None";"None";"06088000KW0153";"None";"None";"248";"81.35";"71";"nan";"None";"nan";"None";"None";"None";"None";"2";"3";"Dépendance";"nan";"0.0";"None";"None";"None";"None";"nan";"7.252797";"43.696798";"000KW"
"2021-67858";"2021-10-22";"1";"Vente";"395000.0";"11.0";"None";"BD GAMBETTA";"2755";"06000";"06088";"Nice";"06";"None";"None";"06088000KW0249";"None";"None";"25";"89.45";"55";"nan";"None";"nan";"None";"None";"None";"None";"2";"2";"Appartement";"87.0";"3.0";"None";"None";"None";"None";"nan";"7.255965";"43.694979";"000KW"
"2021-68807";"2021-10-22";"1";"Vente";"53000.0";"4.0";"B";"RUE SAINT PHILIPPE";"5895";"06000";"06088";"Nice";"06";"None";"None";"06088000KW0252";"None";"None";"57B";"8.75";"None";"nan";"None";"nan";"None";"None";"None";"None";"1";"2";"Appartement";"9.0";"1.0";"None";"None";"None";"None";"nan";"7.255928";"43.694042";"000KW"
"2021-67858";"2021-10-22";"1";"Vente";"395000.0";"11.0";"None";"BD GAMBETTA";"2755";"06000";"06088";"Nice";"06";"None";"None";"06088000KW0249";"None";"None";"25";"89.45";"55";"nan";"None";"nan";"None";"None";"None";"None";"2";"3";"Dépendance";"nan";"0.0";"None";"None";"None";"None";"nan";"7.255965";"43.694979";"000KW"
"2021-67889";"2021-10-21";"1";"Vente";"425000.0";"22.0";"None";"AV DES ORANGERS";"4590";"06000";"06088";"Nice";"06";"None";"None";"06088000KW0362";"None";"None";"1211";"nan";"1263";"74.18";"None";"nan";"None";"None";"None";"None";"2";"2";"Appartement";"73.0";"2.0";"None";"None";"None";"None";"nan";"7.251748";"43.69738";"000KW"
"2021-68013";"2021-10-21";"1";"Vente";"181000.0";"10.0";"None";"AV DES ORANGERS";"4590";"06000";"06088";"Nice";"06";"None";"None";"06088000KW0124";"None";"None";"1";"nan";"53";"nan";"None";"nan";"None";"None";"None";"None";"2";"2";"Appartement";"35.0";"2.0";"None";"None";"None";"None";"nan";"7.253552";"43.697329";"000KW"
"2021-68745";"2021-10-21";"1";"Vente";"70000.0";"7.0";"None";"AV FLEURS";"2460";"06000";"06088";"Nice";"06";"None";"None";"06088000KW0130";"None";"None";"23";"16.64";"None";"nan";"None";"nan";"None";"None";"None";"None";"1";"2";"Appartement";"20.0";"1.0";"None";"None";"None";"None";"nan";"7.254675";"43.697427";"000KW"
"2021-68013";"2021-10-21";"1";"Vente";"181000.0";"10.0";"None";"AV DES ORANGERS";"4590";"06000";"06088";"Nice";"06";"None";"None";"06088000KW0124";"None";"None";"1";"nan";"53";"nan";"None";"nan";"None";"None";"None";"None";"2";"3";"Dépendance";"nan";"0.0";"None";"None";"None";"None";"nan";"7.253552";"43.697329";"000KW"
"2021-68711";"2021-10-20";"1";"Vente";"41000.0";"45.0";"None";"RUE DES POTIERS";"5225";"06000";"06088";"Nice";"06";"None";"None";"06088000KW0434";"None";"None";"81";"nan";"None";"nan";"None";"nan";"None";"None";"None";"None";"1";"3";"Dépendance";"nan";"0.0";"None";"None";"None";"None";"nan";"7.25216";"43.697366";"000KW"
"2021-68575";"2021-10-19";"1";"Vente";"36000.0";"17.0";"None";"AV FLEURS";"2460";"06000";"06088";"Nice";"06";"None";"None";"06088000KW0123";"None";"None";"148";"nan";"None";"nan";"None";"nan";"None";"None";"None";"None";"1";"4";"Local industriel. commercial ou assimilé";"13.0";"0.0";"None";"None";"None";"None";"nan";"7.253164";"43.697428";"000KW"
"2021-68613";"2021-10-18";"1";"Vente";"1750000.0";"55.0";"None";"PROM DES ANGLAIS";"0240";"06000";"06088";"Nice";"06";"None";"None";"06088000KW0284";"None";"None";"8";"nan";"None";"nan";"None";"nan";"None";"None";"None";"None";"1";"2";"Appartement";"248.0";"5.0";"None";"None";"None";"None";"nan";"7.253866";"43.693731";"000KW"
"2021-68613";"2021-10-18";"1";"Vente";"1750000.0";"55.0";"None";"PROM DES ANGLAIS";"0240";"06000";"06088";"Nice";"06";"None";"None";"06088000KW0284";"None";"None";"40";"nan";"None";"nan";"None";"nan";"None";"None";"None";"None";"1";"2";"Appartement";"87.0";"3.0";"None";"None";"None";"None";"nan";"7.253866";"43.693731";"000KW"
"2021-68613";"2021-10-18";"1";"Vente";"1750000.0";"55.0";"None";"PROM DES ANGLAIS";"0240";"06000";"06088";"Nice";"06";"None";"None";"06088000KW0284";"None";"None";"29";"nan";"None";"nan";"None";"nan";"None";"None";"None";"None";"1";"2";"Appartement";"122.0";"4.0";"None";"None";"None";"None";"nan";"7.253866";"43.693731";"000KW"
"2021-68699";"2021-10-18";"1";"Vente";"462000.0";"15.0";"None";"RUE JOSEPH FRICERO";"3470";"06000";"06088";"Nice";"06";"None";"None";"06088000KW0210";"None";"None";"12";"nan";"None";"nan";"None";"nan";"None";"None";"None";"None";"1";"2";"Appartement";"88.0";"4.0";"None";"None";"None";"None";"nan";"7.254129";"43.695803";"000KW"
"2021-68613";"2021-10-18";"1";"Vente";"1750000.0";"55.0";"None";"PROM DES ANGLAIS";"0240";"06000";"06088";"Nice";"06";"None";"None";"06088000KW0284";"None";"None";"8";"nan";"None";"nan";"None";"nan";"None";"None";"None";"None";"1";"3";"Dépendance";"nan";"0.0";"None";"None";"None";"None";"nan";"7.253866";"43.693731";"000KW"
"2021-68613";"2021-10-18";"1";"Vente";"1750000.0";"55.0";"None";"PROM DES ANGLAIS";"0240";"06000";"06088";"Nice";"06";"None";"None";"06088000KW0284";"None";"None";"8";"nan";"None";"nan";"None";"nan";"None";"None";"None";"None";"1";"3";"Dépendance";"nan";"0.0";"None";"None";"None";"None";"nan";"7.253866";"43.693731";"000KW"
"2021-68613";"2021-10-18";"1";"Vente";"1750000.0";"55.0";"None";"PROM DES ANGLAIS";"0240";"06000";"06088";"Nice";"06";"None";"None";"06088000KW0284";"None";"None";"29";"nan";"None";"nan";"None";"nan";"None";"None";"None";"None";"1";"3";"Dépendance";"nan";"0.0";"None";"None";"None";"None";"nan";"7.253866";"43.693731";"000KW"
"2021-68613";"2021-10-18";"1";"Vente";"1750000.0";"55.0";"None";"PROM DES ANGLAIS";"0240";"06000";"06088";"Nice";"06";"None";"None";"06088000KW0284";"None";"None";"40";"nan";"None";"nan";"None";"nan";"None";"None";"None";"None";"1";"3";"Dépendance";"nan";"0.0";"None";"None";"None";"None";"nan";"7.253866";"43.693731";"000KW"
"2021-68613";"2021-10-18";"1";"Vente";"1750000.0";"55.0";"None";"PROM DES ANGLAIS";"0240";"06000";"06088";"Nice";"06";"None";"None";"06088000KW0284";"None";"None";"8";"nan";"None";"nan";"None";"nan";"None";"None";"None";"None";"1";"3";"Dépendance";"nan";"0.0";"None";"None";"None";"None";"nan";"7.253866";"43.693731";"000KW"
"2021-68613";"2021-10-18";"1";"Vente";"1750000.0";"55.0";"None";"PROM DES ANGLAIS";"0240";"06000";"06088";"Nice";"06";"None";"None";"06088000KW0284";"None";"None";"8";"nan";"None";"nan";"None";"nan";"None";"None";"None";"None";"1";"3";"Dépendance";"nan";"0.0";"None";"None";"None";"None";"nan";"7.253866";"43.693731";"000KW"
"2021-68613";"2021-10-18";"1";"Vente";"1750000.0";"55.0";"None";"PROM DES ANGLAIS";"0240";"06000";"06088";"Nice";"06";"None";"None";"06088000KW0284";"None";"None";"8";"nan";"None";"nan";"None";"nan";"None";"None";"None";"None";"1";"3";"Dépendance";"nan";"0.0";"None";"None";"None";"None";"nan";"7.253866";"43.693731";"000KW"
"2021-68613";"2021-10-18";"1";"Vente";"1750000.0";"55.0";"None";"PROM DES ANGLAIS";"0240";"06000";"06088";"Nice";"06";"None";"None";"06088000KW0284";"None";"None";"2";"nan";"None";"nan";"None";"nan";"None";"None";"None";"None";"1";"3";"Dépendance";"nan";"0.0";"None";"None";"None";"None";"nan";"7.253866";"43.693731";"000KW"
"2021-68699";"2021-10-18";"1";"Vente";"462000.0";"13.0";"None";"RUE DANTE";"1835";"06000";"06088";"Nice";"06";"None";"None";"06088000KW0299";"None";"None";"10";"nan";"None";"nan";"None";"nan";"None";"None";"None";"None";"1";"3";"Dépendance";"nan";"0.0";"None";"None";"None";"None";"nan";"7.253871";"43.695389";"000KW"
"2021-67394";"2021-10-15";"1";"Vente";"314285.0";"1.0";"None";"RUE ANDRE POULLAN";"0220";"06000";"06088";"Nice";"06";"None";"None";"06088000KW0240";"None";"None";"4";"87.3";"None";"nan";"None";"nan";"None";"None";"None";"None";"1";"2";"Appartement";"88.0";"4.0";"None";"None";"None";"None";"nan";"7.255589";"43.695383";"000KW"
"2021-68293";"2021-10-15";"1";"Vente";"130245.0";"8.0";"None";"RUE ALEXIS MOSSA";"0094";"06000";"06088";"Nice";"06";"None";"None";"06088000KW0202";"None";"None";"1";"nan";"24";"nan";"None";"nan";"None";"None";"None";"None";"2";"2";"Appartement";"30.0";"2.0";"None";"None";"None";"None";"nan";"7.253015";"43.696255";"000KW"
"2021-68293";"2021-10-15";"1";"Vente";"130245.0";"8.0";"None";"RUE ALEXIS MOSSA";"0094";"06000";"06088";"Nice";"06";"None";"None";"06088000KW0202";"None";"None";"1";"nan";"24";"nan";"None";"nan";"None";"None";"None";"None";"2";"3";"Dépendance";"nan";"0.0";"None";"None";"None";"None";"nan";"7.253015";"43.696255";"000KW"
"2021-67964";"2021-10-13";"1";"Vente";"105000.0";"2.0";"None";"BD FRANCOIS GROSSO";"2630";"06000";"06088";"Nice";"06";"None";"None";"06088000KW0370";"None";"None";"37";"22.18";"None";"nan";"None";"nan";"None";"None";"None";"None";"1";"2";"Appartement";"22.0";"1.0";"None";"None";"None";"None";"nan";"7.252572";"43.694566";"000KW"
"2021-67496";"2021-10-11";"1";"Vente";"215000.0";"27.0";"None";"AV DES ORANGERS";"4590";"06000";"06088";"Nice";"06";"None";"None";"06088000KW0157";"None";"None";"50";"nan";"None";"nan";"None";"nan";"None";"None";"None";"None";"1";"2";"Appartement";"38.0";"2.0";"None";"None";"None";"None";"nan";"7.251822";"43.696854";"000KW"
"2021-68198";"2021-10-11";"1";"Vente";"51000.0";"7.0";"None";"AV FLEURS";"2460";"06000";"06088";"Nice";"06";"None";"None";"06088000KW0130";"None";"None";"35";"nan";"None";"nan";"None";"nan";"None";"None";"None";"None";"1";"3";"Dépendance";"nan";"0.0";"None";"None";"None";"None";"nan";"7.254675";"43.697427";"000KW"
"2021-67393";"2021-10-08";"1";"Vente";"360000.0";"15.0";"None";"RUE ANDRIOLI";"0230";"06000";"06088";"Nice";"06";"None";"None";"06088000KW0198";"None";"None";"15A";"nan";"60A";"54.31";"None";"nan";"None";"None";"None";"None";"2";"2";"Appartement";"54.0";"2.0";"None";"None";"None";"None";"nan";"7.253622";"43.695971";"000KW"
"2021-67446";"2021-10-08";"1";"Vente";"285500.0";"45.0";"None";"RUE DES POTIERS";"5225";"06000";"06088";"Nice";"06";"None";"None";"06088000KW0434";"None";"None";"47";"nan";"62";"nan";"None";"nan";"None";"None";"None";"None";"2";"2";"Appartement";"54.0";"2.0";"None";"None";"None";"None";"nan";"7.25216";"43.697366";"000KW"
"2021-67393";"2021-10-08";"1";"Vente";"360000.0";"15.0";"None";"RUE ANDRIOLI";"0230";"06000";"06088";"Nice";"06";"None";"None";"06088000KW0198";"None";"None";"15A";"nan";"60A";"54.31";"None";"nan";"None";"None";"None";"None";"2";"3";"Dépendance";"nan";"0.0";"None";"None";"None";"None";"nan";"7.253622";"43.695971";"000KW"
"2021-67393";"2021-10-08";"1";"Vente";"360000.0";"15.0";"None";"RUE ANDRIOLI";"0230";"06000";"06088";"Nice";"06";"None";"None";"06088000KW0198";"None";"None";"15A";"nan";"60A";"54.31";"None";"nan";"None";"None";"None";"None";"2";"3";"Dépendance";"nan";"0.0";"None";"None";"None";"None";"nan";"7.253622";"43.695971";"000KW"
"2021-67446";"2021-10-08";"1";"Vente";"285500.0";"45.0";"None";"RUE DES POTIERS";"5225";"06000";"06088";"Nice";"06";"None";"None";"06088000KW0434";"None";"None";"47";"nan";"62";"nan";"None";"nan";"None";"None";"None";"None";"2";"3";"Dépendance";"nan";"0.0";"None";"None";"None";"None";"nan";"7.25216";"43.697366";"000KW"
"2021-66984";"2021-10-04";"1";"Vente";"49000.0";"4.0";"B";"RUE SAINT PHILIPPE";"5895";"06000";"06088";"Nice";"06";"None";"None";"06088000KW0252";"None";"None";"73B";"nan";"None";"nan";"None";"nan";"None";"None";"None";"None";"1";"2";"Appartement";"9.0";"1.0";"None";"None";"None";"None";"nan";"7.255928";"43.694042";"000KW"
"2021-67011";"2021-10-04";"1";"Vente";"550000.0";"1.0";"None";"AV MARIE CHRISTINE";"4055";"06000";"06088";"Nice";"06";"None";"None";"06088000KW0038";"None";"None";"3";"128.8";"None";"nan";"None";"nan";"None";"None";"None";"None";"1";"2";"Appartement";"140.0";"5.0";"None";"None";"None";"None";"nan";"7.249452";"43.694837";"000KW"
"2021-67435";"2021-10-04";"1";"Vente";"133000.0";"8.0";"None";"RUE JOSEPH FRICERO";"3470";"06000";"06088";"Nice";"06";"None";"None";"06088000KW0585";"None";"None";"2";"nan";"None";"nan";"None";"nan";"None";"None";"None";"None";"1";"2";"Appartement";"18.0";"1.0";"None";"None";"None";"None";"nan";"7.254344";"43.696029";"000KW"
"2021-67435";"2021-10-04";"1";"Vente";"133000.0";"8.0";"None";"RUE JOSEPH FRICERO";"3470";"06000";"06088";"Nice";"06";"None";"None";"06088000KW0585";"None";"None";"59";"nan";"None";"nan";"None";"nan";"None";"None";"None";"None";"1";"2";"Appartement";"26.0";"1.0";"None";"None";"None";"None";"nan";"7.254344";"43.696029";"000KW"
"2021-67775";"2021-10-04";"1";"Vente";"315000.0";"13.0";"None";"RUE BOTTERO";"0925";"06000";"06088";"Nice";"06";"None";"None";"06088000KW0221";"None";"None";"16";"nan";"27";"50.52";"None";"nan";"None";"None";"None";"None";"2";"2";"Appartement";"54.0";"3.0";"None";"None";"None";"None";"nan";"7.254291";"43.696458";"000KW"
"2021-67435";"2021-10-04";"1";"Vente";"133000.0";"8.0";"None";"RUE JOSEPH FRICERO";"3470";"06000";"06088";"Nice";"06";"None";"None";"06088000KW0585";"None";"None";"59";"nan";"None";"nan";"None";"nan";"None";"None";"None";"None";"1";"3";"Dépendance";"nan";"0.0";"None";"None";"None";"None";"nan";"7.254344";"43.696029";"000KW"
"2021-67435";"2021-10-04";"1";"Vente";"133000.0";"8.0";"None";"RUE JOSEPH FRICERO";"3470";"06000";"06088";"Nice";"06";"None";"None";"06088000KW0585";"None";"None";"2";"nan";"None";"nan";"None";"nan";"None";"None";"None";"None";"1";"3";"Dépendance";"nan";"0.0";"None";"None";"None";"None";"nan";"7.254344";"43.696029";"000KW"
"2021-67444";"2021-10-04";"1";"Vente";"39000.0";"45.0";"None";"RUE DES POTIERS";"5225";"06000";"06088";"Nice";"06";"None";"None";"06088000KW0434";"None";"None";"79";"nan";"None";"nan";"None";"nan";"None";"None";"None";"None";"1";"3";"Dépendance";"nan";"0.0";"None";"None";"None";"None";"nan";"7.25216";"43.697366";"000KW"
"2021-67775";"2021-10-04";"1";"Vente";"315000.0";"13.0";"None";"RUE BOTTERO";"0925";"06000";"06088";"Nice";"06";"None";"None";"06088000KW0221";"None";"None";"16";"nan";"27";"50.52";"None";"nan";"None";"None";"None";"None";"2";"3";"Dépendance";"nan";"0.0";"None";"None";"None";"None";"nan";"7.254291";"43.696458";"000KW"
"2021-66596";"2021-10-01";"1";"Vente";"80000.0";"6.0";"None";"RUE ALEXIS MOSSA";"0094";"06000";"06088";"Nice";"06";"None";"None";"06088000KW0201";"None";"None";"36";"32.4";"None";"nan";"None";"nan";"None";"None";"None";"None";"1";"2";"Appartement";"29.0";"1.0";"None";"None";"None";"None";"nan";"7.253236";"43.696235";"000KW"
"2021-67272";"2021-09-30";"1";"Vente";"275000.0";"15.0";"None";"RUE ALEXIS MOSSA";"0094";"06000";"06088";"Nice";"06";"None";"None";"06088000KW0183";"None";"None";"4";"52.22";"None";"nan";"None";"nan";"None";"None";"None";"None";"1";"2";"Appartement";"54.0";"3.0";"None";"None";"None";"None";"nan";"7.252412";"43.695896";"000KW"
"2021-67945";"2021-09-30";"1";"Vente";"259500.0";"22.0";"None";"AV DES ORANGERS";"4590";"06000";"06088";"Nice";"06";"None";"None";"06088000KW0362";"None";"None";"1212";"nan";"1259";"49.28";"None";"nan";"None";"None";"None";"None";"2";"2";"Appartement";"49.0";"2.0";"None";"None";"None";"None";"nan";"7.251748";"43.69738";"000KW"
"2021-66911";"2021-09-30";"1";"Vente";"31000.0";"1.0";"None";"RUE JOSEPH FRICERO";"3470";"06000";"06088";"Nice";"06";"None";"None";"06088000KW0515";"None";"None";"33";"28.07";"None";"nan";"None";"nan";"None";"None";"None";"None";"1";"3";"Dépendance";"nan";"0.0";"None";"None";"None";"None";"nan";"7.254373";"43.694881";"000KW"
"2021-67134";"2021-09-30";"1";"Vente";"36000.0";"22.0";"None";"RUE BOTTERO";"0925";"06000";"06088";"Nice";"06";"None";"None";"06088000KW0153";"None";"None";"15";"nan";"None";"nan";"None";"nan";"None";"None";"None";"None";"1";"3";"Dépendance";"nan";"0.0";"None";"None";"None";"None";"nan";"7.252797";"43.696798";"000KW"
"2021-67272";"2021-09-30";"1";"Vente";"275000.0";"15.0";"None";"RUE ALEXIS MOSSA";"0094";"06000";"06088";"Nice";"06";"None";"None";"06088000KW0183";"None";"None";"4";"52.22";"None";"nan";"None";"nan";"None";"None";"None";"None";"1";"3";"Dépendance";"nan";"0.0";"None";"None";"None";"None";"nan";"7.252412";"43.695896";"000KW"
"2021-66442";"2021-09-29";"1";"Vente";"295000.0";"27.0";"None";"RUE BOTTERO";"0925";"06000";"06088";"Nice";"06";"None";"None";"06088000KW0176";"None";"None";"23";"39.12";"None";"nan";"None";"nan";"None";"None";"None";"None";"1";"2";"Appartement";"28.0";"1.0";"None";"None";"None";"None";"nan";"7.252335";"43.696306";"000KW"
"2021-66489";"2021-09-29";"1";"Vente";"60000.0";"1.0";"None";"RUE CLAUDIA";"1460";"06000";"06088";"Nice";"06";"None";"None";"06088000KW0419";"None";"None";"31";"nan";"None";"nan";"None";"nan";"None";"None";"None";"None";"1";"2";"Appartement";"24.0";"1.0";"None";"None";"None";"None";"nan";"7.254973";"43.695132";"000KW"
"2021-66584";"2021-09-29";"1";"Vente";"224000.0";"8.0";"None";"RUE ALEXIS MOSSA";"0094";"06000";"06088";"Nice";"06";"None";"None";"06088000KW0202";"None";"None";"11";"nan";"18";"49.9";"None";"nan";"None";"None";"None";"None";"2";"2";"Appartement";"52.0";"3.0";"None";"None";"None";"None";"nan";"7.253015";"43.696255";"000KW"
"2021-67241";"2021-09-29";"1";"Vente";"232000.0";"1.0";"None";"RUE ANDRIOLI";"0230";"06000";"06088";"Nice";"06";"None";"None";"06088000KW0281";"None";"None";"33";"nan";"45";"nan";"None";"nan";"None";"None";"None";"None";"2";"2";"Appartement";"35.0";"2.0";"None";"None";"None";"None";"nan";"7.254147";"43.693921";"000KW"
"2021-66442";"2021-09-29";"1";"Vente";"295000.0";"27.0";"None";"RUE BOTTERO";"0925";"06000";"06088";"Nice";"06";"None";"None";"06088000KW0176";"None";"None";"25";"nan";"None";"nan";"None";"nan";"None";"None";"None";"None";"1";"3";"Dépendance";"nan";"0.0";"None";"None";"None";"None";"nan";"7.252335";"43.696306";"000KW"
"2021-66584";"2021-09-29";"1";"Vente";"224000.0";"8.0";"None";"RUE ALEXIS MOSSA";"0094";"06000";"06088";"Nice";"06";"None";"None";"06088000KW0202";"None";"None";"11";"nan";"18";"49.9";"None";"nan";"None";"None";"None";"None";"2";"3";"Dépendance";"nan";"0.0";"None";"None";"None";"None";"nan";"7.253015";"43.696255";"000KW"
"2021-67241";"2021-09-29";"1";"Vente";"232000.0";"1.0";"None";"RUE ANDRIOLI";"0230";"06000";"06088";"Nice";"06";"None";"None";"06088000KW0281";"None";"None";"33";"nan";"45";"nan";"None";"nan";"None";"None";"None";"None";"2";"3";"Dépendance";"nan";"0.0";"None";"None";"None";"None";"nan";"7.254147";"43.693921";"000KW"
"2021-66385";"2021-09-28";"1";"Vente";"247000.0";"23.0";"None";"RUE BOTTERO";"0925";"06000";"06088";"Nice";"06";"None";"None";"06088000KW0205";"None";"None";"5";"55.38";"None";"nan";"None";"nan";"None";"None";"None";"None";"1";"2";"Appartement";"56.0";"2.0";"None";"None";"None";"None";"nan";"7.252876";"43.696319";"000KW"
"2021-66342";"2021-09-27";"1";"Vente";"333662.0";"15.0";"None";"RUE BOTTERO";"0925";"06000";"06088";"Nice";"06";"None";"None";"06088000KW0220";"None";"None";"5";"nan";"None";"nan";"None";"nan";"None";"None";"None";"None";"1";"2";"Appartement";"70.0";"3.0";"None";"None";"None";"None";"nan";"7.254119";"43.696415";"000KW"
"2021-66772";"2021-09-27";"1";"Vente";"66000.0";"4.0";"B";"RUE SAINT PHILIPPE";"5895";"06000";"06088";"Nice";"06";"None";"None";"06088000KW0252";"None";"None";"45B";"9.13";"None";"nan";"None";"nan";"None";"None";"None";"None";"1";"2";"Appartement";"9.0";"1.0";"None";"None";"None";"None";"nan";"7.255928";"43.694042";"000KW"
"2021-66952";"2021-09-27";"1";"Vente";"18670.0";"55.0";"None";"PROM DES ANGLAIS";"0240";"06000";"06088";"Nice";"06";"None";"None";"06088000KW0284";"None";"None";"6";"nan";"None";"nan";"None";"nan";"None";"None";"None";"None";"1";"2";"Appartement";"210.0";"3.0";"None";"None";"None";"None";"nan";"7.253866";"43.693731";"000KW"
"2021-66921";"2021-09-27";"1";"Vente";"35000.0";"25.0";"None";"AV DES ORANGERS";"4590";"06000";"06088";"Nice";"06";"None";"None";"06088000KW0156";"None";"None";"8";"nan";"None";"nan";"None";"nan";"None";"None";"None";"None";"1";"3";"Dépendance";"nan";"0.0";"None";"None";"None";"None";"nan";"7.252013";"43.6969";"000KW"
"2021-66952";"2021-09-27";"1";"Vente";"18670.0";"55.0";"None";"PROM DES ANGLAIS";"0240";"06000";"06088";"Nice";"06";"None";"None";"06088000KW0284";"None";"None";"6";"nan";"None";"nan";"None";"nan";"None";"None";"None";"None";"1";"3";"Dépendance";"nan";"0.0";"None";"None";"None";"None";"nan";"7.253866";"43.693731";"000KW"
"2021-67022";"2021-09-23";"1";"Vente";"300000.0";"1.0";"B";"RUE ANDRIOLI";"0230";"06000";"06088";"Nice";"06";"None";"None";"06088000KW0280";"None";"None";"57";"nan";"7";"nan";"None";"nan";"None";"None";"None";"None";"2";"2";"Appartement";"52.0";"2.0";"None";"None";"None";"None";"nan";"7.254013";"43.694098";"000KW"
"2021-67022";"2021-09-23";"1";"Vente";"300000.0";"1.0";"B";"RUE ANDRIOLI";"0230";"06000";"06088";"Nice";"06";"None";"None";"06088000KW0280";"None";"None";"57";"nan";"7";"nan";"None";"nan";"None";"None";"None";"None";"2";"3";"Dépendance";"nan";"0.0";"None";"None";"None";"None";"nan";"7.254013";"43.694098";"000KW"
"2021-66498";"2021-09-22";"1";"Vente";"53000.0";"4.0";"B";"RUE SAINT PHILIPPE";"5895";"06000";"06088";"Nice";"06";"None";"None";"06088000KW0252";"None";"None";"44B";"8.62";"None";"nan";"None";"nan";"None";"None";"None";"None";"1";"2";"Appartement";"11.0";"1.0";"None";"None";"None";"None";"nan";"7.255928";"43.694042";"000KW"
"2021-66504";"2021-09-21";"1";"Vente";"410500.0";"7.0";"None";"RUE ALEXIS MOSSA";"0094";"06000";"06088";"Nice";"06";"None";"None";"06088000KW0192";"None";"None";"60";"nan";"94";"71.83";"None";"nan";"None";"None";"None";"None";"2";"2";"Appartement";"70.0";"3.0";"None";"None";"None";"None";"nan";"7.253074";"43.695885";"000KW"
"2021-66504";"2021-09-21";"1";"Vente";"410500.0";"7.0";"None";"RUE ALEXIS MOSSA";"0094";"06000";"06088";"Nice";"06";"None";"None";"06088000KW0192";"None";"None";"60";"nan";"94";"71.83";"None";"nan";"None";"None";"None";"None";"2";"3";"Dépendance";"nan";"0.0";"None";"None";"None";"None";"nan";"7.253074";"43.695885";"000KW"
"2021-66504";"2021-09-21";"1";"Vente";"410500.0";"7.0";"None";"RUE ALEXIS MOSSA";"0094";"06000";"06088";"Nice";"06";"None";"None";"06088000KW0192";"None";"None";"18";"nan";"None";"nan";"None";"nan";"None";"None";"None";"None";"1";"3";"Dépendance";"nan";"0.0";"None";"None";"None";"None";"nan";"7.253074";"43.695885";"000KW"
"2021-66504";"2021-09-21";"1";"Vente";"410500.0";"7.0";"None";"RUE ALEXIS MOSSA";"0094";"06000";"06088";"Nice";"06";"None";"None";"06088000KW0192";"None";"None";"60";"nan";"94";"71.83";"None";"nan";"None";"None";"None";"None";"2";"3";"Dépendance";"nan";"0.0";"None";"None";"None";"None";"nan";"7.253074";"43.695885";"000KW"
"2021-66110";"2021-09-20";"1";"Vente";"34000.0";"19.0";"None";"RUE ANDRIOLI";"0230";"06000";"06088";"Nice";"06";"None";"None";"06088000KW0206";"None";"None";"102";"nan";"None";"nan";"None";"nan";"None";"None";"None";"None";"1";"3";"Dépendance";"nan";"0.0";"None";"None";"None";"None";"nan";"7.253381";"43.696371";"000KW"
"2021-66515";"2021-09-17";"1";"Vente";"31500.0";"21.0";"None";"BD FRANCOIS GROSSO";"2630";"06000";"06088";"Nice";"06";"None";"None";"06088000KW0076";"None";"None";"176";"nan";"None";"nan";"None";"nan";"None";"None";"None";"None";"1";"3";"Dépendance";"nan";"0.0";"None";"None";"None";"None";"nan";"7.251171";"43.696065";"000KW"
"2021-66360";"2021-09-16";"1";"Vente";"134300.0";"6.0";"None";"RUE ALEXIS MOSSA";"0094";"06000";"06088";"Nice";"06";"None";"None";"06088000KW0201";"None";"None";"64";"28.42";"None";"nan";"None";"nan";"None";"None";"None";"None";"1";"2";"Appartement";"29.0";"1.0";"None";"None";"None";"None";"nan";"7.253236";"43.696235";"000KW"
"2021-65873";"2021-09-15";"1";"Vente";"215000.0";"19.0";"None";"AV DES ORANGERS";"4590";"06000";"06088";"Nice";"06";"None";"None";"06088000KW0153";"None";"None";"118";"nan";"244";"51.07";"None";"nan";"None";"None";"None";"None";"2";"2";"Appartement";"55.0";"2.0";"None";"None";"None";"None";"nan";"7.252797";"43.696798";"000KW"
"2021-65885";"2021-09-15";"1";"Vente";"338200.0";"11.0";"None";"BD GAMBETTA";"2755";"06000";"06088";"Nice";"06";"None";"None";"06088000KW0249";"None";"None";"22";"53.09";"40";"nan";"None";"nan";"None";"None";"None";"None";"2";"2";"Appartement";"46.0";"2.0";"None";"None";"None";"None";"nan";"7.255965";"43.694979";"000KW"
"2021-65872";"2021-09-15";"1";"Vente";"37000.0";"4.0";"None";"BD FRANCOIS GROSSO";"2630";"06000";"06088";"Nice";"06";"None";"None";"06088000KW0318";"None";"None";"83";"nan";"None";"nan";"None";"nan";"None";"None";"None";"None";"1";"3";"Dépendance";"nan";"0.0";"None";"None";"None";"None";"nan";"7.252322";"43.694771";"000KW"
"2021-65873";"2021-09-15";"1";"Vente";"215000.0";"19.0";"None";"AV DES ORANGERS";"4590";"06000";"06088";"Nice";"06";"None";"None";"06088000KW0153";"None";"None";"118";"nan";"244";"51.07";"None";"nan";"None";"None";"None";"None";"2";"3";"Dépendance";"nan";"0.0";"None";"None";"None";"None";"nan";"7.252797";"43.696798";"000KW"
"2021-65873";"2021-09-15";"1";"Vente";"215000.0";"19.0";"None";"AV DES ORANGERS";"4590";"06000";"06088";"Nice";"06";"None";"None";"06088000KW0153";"None";"None";"118";"nan";"244";"51.07";"None";"nan";"None";"None";"None";"None";"2";"3";"Dépendance";"nan";"0.0";"None";"None";"None";"None";"nan";"7.252797";"43.696798";"000KW"
"2021-65885";"2021-09-15";"1";"Vente";"338200.0";"11.0";"None";"BD GAMBETTA";"2755";"06000";"06088";"Nice";"06";"None";"None";"06088000KW0249";"None";"None";"22";"53.09";"40";"nan";"None";"nan";"None";"None";"None";"None";"2";"3";"Dépendance";"nan";"0.0";"None";"None";"None";"None";"nan";"7.255965";"43.694979";"000KW"
"2021-65937";"2021-09-14";"1";"Vente";"1000000.0";"76.0";"None";"AV BAUMETTES BELLEVUE";"0663";"06000";"06088";"Nice";"06";"None";"None";"06088000KW0005";"None";"None";"382";"nan";"440";"nan";"None";"nan";"None";"None";"None";"None";"2";"2";"Appartement";"270.0";"5.0";"None";"None";"None";"None";"nan";"7.250071";"43.698297";"000KW"
"2021-65937";"2021-09-14";"1";"Vente";"1000000.0";"76.0";"None";"AV BAUMETTES BELLEVUE";"0663";"06000";"06088";"Nice";"06";"None";"None";"06088000KW0005";"None";"None";"382";"nan";"440";"nan";"None";"nan";"None";"None";"None";"None";"2";"3";"Dépendance";"nan";"0.0";"None";"None";"None";"None";"nan";"7.250071";"43.698297";"000KW"
"2021-65937";"2021-09-14";"1";"Vente";"1000000.0";"76.0";"None";"AV BAUMETTES BELLEVUE";"0663";"06000";"06088";"Nice";"06";"None";"None";"06088000KW0005";"None";"None";"382";"nan";"440";"nan";"None";"nan";"None";"None";"None";"None";"2";"3";"Dépendance";"nan";"0.0";"None";"None";"None";"None";"nan";"7.250071";"43.698297";"000KW"
"2021-65937";"2021-09-14";"1";"Vente";"1000000.0";"76.0";"None";"AV BAUMETTES BELLEVUE";"0663";"06000";"06088";"Nice";"06";"None";"None";"06088000KW0005";"None";"None";"382";"nan";"440";"nan";"None";"nan";"None";"None";"None";"None";"2";"3";"Dépendance";"nan";"0.0";"None";"None";"None";"None";"nan";"7.250071";"43.698297";"000KW"
"2021-65937";"2021-09-14";"1";"Vente";"1000000.0";"76.0";"None";"AV BAUMETTES BELLEVUE";"0663";"06000";"06088";"Nice";"06";"None";"None";"06088000KW0005";"None";"None";"382";"nan";"440";"nan";"None";"nan";"None";"None";"None";"None";"2";"3";"Dépendance";"nan";"0.0";"None";"None";"None";"None";"nan";"7.250071";"43.698297";"000KW"
"2021-66029";"2021-09-14";"1";"Vente";"21000.0";"27.0";"None";"RUE DES POTIERS";"5225";"06000";"06088";"Nice";"06";"None";"None";"06088000KW0356";"None";"None";"10";"nan";"None";"nan";"None";"nan";"None";"None";"None";"None";"1";"3";"Dépendance";"nan";"0.0";"None";"None";"None";"None";"nan";"7.252576";"43.695881";"000KW"
"2021-65684";"2021-09-13";"1";"Vente";"36000.0";"17.0";"None";"AV FLEURS";"2460";"06000";"06088";"Nice";"06";"None";"None";"06088000KW0123";"None";"None";"106";"nan";"None";"nan";"None";"nan";"None";"None";"None";"None";"1";"4";"Local industriel. commercial ou assimilé";"10.0";"0.0";"None";"None";"None";"None";"nan";"7.253164";"43.697428";"000KW"
"2021-65940";"2021-09-13";"1";"Vente en l'état futur d'achèvement";"286000.0";"nan";"None";"AV LOUIS COCHOIS";"3740";"06000";"06088";"Nice";"06";"None";"None";"06088000KW0596";"None";"None";"58";"nan";"None";"nan";"None";"nan";"None";"None";"None";"None";"1";"None";"None";"nan";"nan";"None";"None";"None";"None";"nan";"7.250141";"43.697016";"000KW"
"2021-65940";"2021-09-13";"1";"Vente en l'état futur d'achèvement";"286000.0";"nan";"None";"AV LOUIS COCHOIS";"3740";"06000";"06088";"Nice";"06";"None";"None";"06088000KW0596";"None";"None";"128";"nan";"None";"nan";"None";"nan";"None";"None";"None";"None";"1";"None";"None";"nan";"nan";"None";"None";"None";"None";"nan";"7.250141";"43.697016";"000KW"
"2021-65940";"2021-09-13";"1";"Vente en l'état futur d'achèvement";"286000.0";"nan";"None";"AV LOUIS COCHOIS";"3740";"06000";"06088";"Nice";"06";"None";"None";"06088000KW0596";"None";"None";"103";"nan";"None";"nan";"None";"nan";"None";"None";"None";"None";"1";"None";"None";"nan";"nan";"None";"None";"None";"None";"nan";"7.250141";"43.697016";"000KW"
"2021-66532";"2021-09-10";"1";"Vente";"129000.0";"6.0";"None";"RUE ALEXIS MOSSA";"0094";"06000";"06088";"Nice";"06";"None";"None";"06088000KW0201";"None";"None";"45";"30.03";"None";"nan";"None";"nan";"None";"None";"None";"None";"1";"2";"Appartement";"29.0";"1.0";"None";"None";"None";"None";"nan";"7.253236";"43.696235";"000KW"
"2021-65659";"2021-09-10";"1";"Vente";"31000.0";"15.0";"B";"RUE ALEXIS MOSSA";"0094";"06000";"06088";"Nice";"06";"None";"None";"06088000KW0324";"None";"None";"16";"nan";"None";"nan";"None";"nan";"None";"None";"None";"None";"1";"3";"Dépendance";"nan";"0.0";"None";"None";"None";"None";"nan";"7.252251";"43.695883";"000KW"
"2021-65471";"2021-09-07";"1";"Vente";"168000.0";"18.0";"None";"RUE DES POTIERS";"5225";"06000";"06088";"Nice";"06";"None";"None";"06088000KW0310";"None";"None";"25";"nan";"59";"33.85";"None";"nan";"None";"None";"None";"None";"2";"2";"Appartement";"35.0";"1.0";"None";"None";"None";"None";"nan";"7.253089";"43.695172";"000KW"
"2021-65471";"2021-09-07";"1";"Vente";"168000.0";"18.0";"None";"RUE DES POTIERS";"5225";"06000";"06088";"Nice";"06";"None";"None";"06088000KW0310";"None";"None";"25";"nan";"59";"33.85";"None";"nan";"None";"None";"None";"None";"2";"3";"Dépendance";"nan";"0.0";"None";"None";"None";"None";"nan";"7.253089";"43.695172";"000KW"
"2021-65595";"2021-09-06";"1";"Vente";"114000.0";"12.0";"None";"AV DES BAUMETTES";"0660";"06000";"06088";"Nice";"06";"None";"None";"06088000KW0070";"None";"None";"21";"nan";"None";"nan";"None";"nan";"None";"None";"None";"None";"1";"2";"Appartement";"20.0";"1.0";"None";"None";"None";"None";"nan";"7.250942";"43.695302";"000KW"
"2021-65190";"2021-09-03";"1";"Vente";"560000.0";"14.0";"None";"AV LOUIS COCHOIS";"3740";"06000";"06088";"Nice";"06";"None";"None";"06088000KW0011";"None";"None";"47";"nan";"48";"nan";"51";"nan";"None";"None";"None";"None";"3";"2";"Appartement";"41.0";"2.0";"None";"None";"None";"None";"nan";"7.250085";"43.697442";"000KW"
"2021-65721";"2021-09-03";"1";"Vente";"389200.0";"17.0";"None";"AV DES BAUMETTES";"0660";"06000";"06088";"Nice";"06";"None";"None";"06088000KW0060";"None";"None";"50";"73.19";"None";"nan";"None";"nan";"None";"None";"None";"None";"1";"2";"Appartement";"75.0";"3.0";"None";"None";"None";"None";"nan";"7.250529";"43.695381";"000KW"
"2021-65768";"2021-09-03";"1";"Vente";"181000.0";"66.0";"None";"AV DES BAUMETTES";"0660";"06000";"06088";"Nice";"06";"None";"None";"06088000KW0019";"None";"None";"112";"98.11";"55";"nan";"None";"nan";"None";"None";"None";"None";"2";"2";"Appartement";"91.0";"3.0";"None";"None";"None";"None";"nan";"7.248507";"43.696603";"000KW"
"2021-65190";"2021-09-03";"1";"Vente";"560000.0";"14.0";"None";"AV LOUIS COCHOIS";"3740";"06000";"06088";"Nice";"06";"None";"None";"06088000KW0011";"None";"None";"36";"nan";"None";"nan";"None";"nan";"None";"None";"None";"None";"1";"3";"Dépendance";"nan";"0.0";"None";"None";"None";"None";"nan";"7.250085";"43.697442";"000KW"
"2021-65190";"2021-09-03";"1";"Vente";"560000.0";"14.0";"None";"AV LOUIS COCHOIS";"3740";"06000";"06088";"Nice";"06";"None";"None";"06088000KW0011";"None";"None";"24";"nan";"None";"nan";"None";"nan";"None";"None";"None";"None";"1";"3";"Dépendance";"nan";"0.0";"None";"None";"None";"None";"nan";"7.250085";"43.697442";"000KW"
"2021-65190";"2021-09-03";"1";"Vente";"560000.0";"14.0";"None";"AV LOUIS COCHOIS";"3740";"06000";"06088";"Nice";"06";"None";"None";"06088000KW0011";"None";"None";"51";"nan";"None";"nan";"None";"nan";"None";"None";"None";"None";"1";"3";"Dépendance";"nan";"0.0";"None";"None";"None";"None";"nan";"7.250085";"43.697442";"000KW"
"2021-65190";"2021-09-03";"1";"Vente";"560000.0";"14.0";"None";"AV LOUIS COCHOIS";"3740";"06000";"06088";"Nice";"06";"None";"None";"06088000KW0011";"None";"None";"47";"nan";"48";"nan";"51";"nan";"None";"None";"None";"None";"3";"3";"Dépendance";"nan";"0.0";"None";"None";"None";"None";"nan";"7.250085";"43.697442";"000KW"
"2021-65190";"2021-09-03";"1";"Vente";"560000.0";"14.0";"None";"AV LOUIS COCHOIS";"3740";"06000";"06088";"Nice";"06";"None";"None";"06088000KW0011";"None";"None";"47";"nan";"48";"nan";"51";"nan";"None";"None";"None";"None";"3";"3";"Dépendance";"nan";"0.0";"None";"None";"None";"None";"nan";"7.250085";"43.697442";"000KW"
"2021-65190";"2021-09-03";"1";"Vente";"560000.0";"14.0";"None";"AV LOUIS COCHOIS";"3740";"06000";"06088";"Nice";"06";"None";"None";"06088000KW0011";"None";"None";"49";"nan";"None";"nan";"None";"nan";"None";"None";"None";"None";"1";"3";"Dépendance";"nan";"0.0";"None";"None";"None";"None";"nan";"7.250085";"43.697442";"000KW"
"2021-65768";"2021-09-03";"1";"Vente";"181000.0";"66.0";"None";"AV DES BAUMETTES";"0660";"06000";"06088";"Nice";"06";"None";"None";"06088000KW0019";"None";"None";"14";"nan";"None";"nan";"None";"nan";"None";"None";"None";"None";"1";"3";"Dépendance";"nan";"0.0";"None";"None";"None";"None";"nan";"7.248507";"43.696603";"000KW"
"2021-65768";"2021-09-03";"1";"Vente";"181000.0";"66.0";"None";"AV DES BAUMETTES";"0660";"06000";"06088";"Nice";"06";"None";"None";"06088000KW0019";"None";"None";"112";"98.11";"55";"nan";"None";"nan";"None";"None";"None";"None";"2";"3";"Dépendance";"nan";"0.0";"None";"None";"None";"None";"nan";"7.248507";"43.696603";"000KW"
"2021-65169";"2021-09-02";"1";"Vente";"805000.0";"5.0";"None";"RUE ANDRIOLI";"0230";"06000";"06088";"Nice";"06";"None";"None";"06088000KW0278";"None";"None";"136";"nan";"232";"66.86";"None";"nan";"None";"None";"None";"None";"2";"2";"Appartement";"66.0";"3.0";"None";"None";"None";"None";"nan";"7.254107";"43.694359";"000KW"
"2021-65169";"2021-09-02";"1";"Vente";"805000.0";"5.0";"None";"RUE ANDRIOLI";"0230";"06000";"06088";"Nice";"06";"None";"None";"06088000KW0278";"None";"None";"5";"nan";"None";"nan";"None";"nan";"None";"None";"None";"None";"1";"3";"Dépendance";"nan";"0.0";"None";"None";"None";"None";"nan";"7.254107";"43.694359";"000KW"
"2021-65169";"2021-09-02";"1";"Vente";"805000.0";"5.0";"None";"RUE ANDRIOLI";"0230";"06000";"06088";"Nice";"06";"None";"None";"06088000KW0278";"None";"None";"136";"nan";"232";"66.86";"None";"nan";"None";"None";"None";"None";"2";"3";"Dépendance";"nan";"0.0";"None";"None";"None";"None";"nan";"7.254107";"43.694359";"000KW"
"2021-65332";"2021-08-31";"1";"Vente";"620000.0";"6.0";"None";"RUE BOTTERO";"0925";"06000";"06088";"Nice";"06";"None";"None";"06088000KW0141";"None";"None";"108";"nan";"135";"90.23";"None";"nan";"None";"None";"None";"None";"2";"2";"Appartement";"81.0";"3.0";"None";"None";"None";"None";"nan";"7.255299";"43.696854";"000KW"
"2021-65383";"2021-08-31";"1";"Vente";"170000.0";"17.0";"None";"AV FLEURS";"2460";"06000";"06088";"Nice";"06";"None";"None";"06088000KW0123";"None";"None";"14";"56.6";"None";"nan";"None";"nan";"None";"None";"None";"None";"1";"2";"Appartement";"55.0";"2.0";"None";"None";"None";"None";"nan";"7.253164";"43.697428";"000KW"
"2021-65567";"2021-08-31";"1";"Vente";"145000.0";"17.0";"None";"AV FLEURS";"2460";"06000";"06088";"Nice";"06";"None";"None";"06088000KW0123";"None";"None";"27";"36.52";"None";"nan";"None";"nan";"None";"None";"None";"None";"1";"2";"Appartement";"36.0";"1.0";"None";"None";"None";"None";"nan";"7.253164";"43.697428";"000KW"
"2021-65332";"2021-08-31";"1";"Vente";"620000.0";"6.0";"None";"RUE BOTTERO";"0925";"06000";"06088";"Nice";"06";"None";"None";"06088000KW0141";"None";"None";"108";"nan";"135";"90.23";"None";"nan";"None";"None";"None";"None";"2";"3";"Dépendance";"nan";"0.0";"None";"None";"None";"None";"nan";"7.255299";"43.696854";"000KW"
"2021-65869";"2021-08-30";"1";"Vente";"440000.0";"22.0";"None";"RUE BOTTERO";"0925";"06000";"06088";"Nice";"06";"None";"None";"06088000KW0153";"None";"None";"145";"nan";"268";"131.43";"None";"nan";"None";"None";"None";"None";"2";"2";"Appartement";"134.0";"4.0";"None";"None";"None";"None";"nan";"7.252797";"43.696798";"000KW"
"2021-65869";"2021-08-30";"1";"Vente";"440000.0";"22.0";"None";"RUE BOTTERO";"0925";"06000";"06088";"Nice";"06";"None";"None";"06088000KW0153";"None";"None";"145";"nan";"268";"131.43";"None";"nan";"None";"None";"None";"None";"2";"3";"Dépendance";"nan";"0.0";"None";"None";"None";"None";"nan";"7.252797";"43.696798";"000KW"
"2021-65104";"2021-08-27";"1";"Vente";"395000.0";"70.0";"None";"RUE DE FRANCE";"2595";"06000";"06088";"Nice";"06";"None";"None";"06088000KW0419";"None";"None";"7";"nan";"None";"nan";"None";"nan";"None";"None";"None";"None";"1";"2";"Appartement";"122.0";"5.0";"None";"None";"None";"None";"nan";"7.254973";"43.695132";"000KW"
"2021-65487";"2021-08-27";"1";"Vente";"106000.0";"13.0";"None";"RUE BOTTERO";"0925";"06000";"06088";"Nice";"06";"None";"None";"06088000KW0221";"None";"None";"14";"nan";"25";"27.51";"None";"nan";"None";"None";"None";"None";"2";"2";"Appartement";"27.0";"2.0";"None";"None";"None";"None";"nan";"7.254291";"43.696458";"000KW"
"2021-64653";"2021-08-25";"1";"Vente";"116000.0";"16.0";"None";"AV DES ORANGERS";"4590";"06000";"06088";"Nice";"06";"None";"None";"06088000KW0120";"None";"None";"31";"23.01";"None";"nan";"None";"nan";"None";"None";"None";"None";"1";"2";"Appartement";"23.0";"1.0";"None";"None";"None";"None";"nan";"7.252789";"43.697222";"000KW"
"2021-64980";"2021-08-25";"1";"Vente";"190000.0";"15.0";"None";"AV DES ORANGERS";"4590";"06000";"06088";"Nice";"06";"None";"None";"06088000KW0149";"None";"None";"9";"45.52";"None";"nan";"None";"nan";"None";"None";"None";"None";"1";"2";"Appartement";"45.0";"2.0";"None";"None";"None";"None";"nan";"7.253415";"43.696904";"000KW"
"2021-65740";"2021-08-25";"1";"Vente";"365000.0";"28.0";"None";"BD FRANCOIS GROSSO";"2630";"06000";"06088";"Nice";"06";"None";"None";"06088000KW0362";"None";"None";"1026";"nan";"1109";"nan";"None";"nan";"None";"None";"None";"None";"2";"2";"Appartement";"89.0";"3.0";"None";"None";"None";"None";"nan";"7.251748";"43.69738";"000KW"
"2021-64980";"2021-08-25";"1";"Vente";"190000.0";"15.0";"None";"AV DES ORANGERS";"4590";"06000";"06088";"Nice";"06";"None";"None";"06088000KW0149";"None";"None";"45";"nan";"None";"nan";"None";"nan";"None";"None";"None";"None";"1";"3";"Dépendance";"nan";"0.0";"None";"None";"None";"None";"nan";"7.253415";"43.696904";"000KW"
"2021-65740";"2021-08-25";"1";"Vente";"365000.0";"28.0";"None";"BD FRANCOIS GROSSO";"2630";"06000";"06088";"Nice";"06";"None";"None";"06088000KW0362";"None";"None";"1055";"nan";"None";"nan";"None";"nan";"None";"None";"None";"None";"1";"3";"Dépendance";"nan";"0.0";"None";"None";"None";"None";"nan";"7.251748";"43.69738";"000KW"
"2021-65059";"2021-08-24";"1";"Vente";"140000.0";"5.0";"None";"RUE ANDRIOLI";"0230";"06000";"06088";"Nice";"06";"None";"None";"06088000KW0278";"None";"None";"147";"21.79";"None";"nan";"None";"nan";"None";"None";"None";"None";"1";"2";"Appartement";"22.0";"1.0";"None";"None";"None";"None";"nan";"7.254107";"43.694359";"000KW"
"2021-66021";"2021-08-24";"1";"Vente";"866955.0";"16.0";"None";"AV DES BAUMETTES";"0660";"06000";"06088";"Nice";"06";"None";"None";"06088000KW0080";"None";"None";"1";"nan";"9";"118.42";"None";"nan";"None";"None";"None";"None";"2";"2";"Appartement";"109.0";"3.0";"None";"None";"None";"None";"nan";"7.250366";"43.695706";"000KW"
"2021-64964";"2021-08-24";"1";"Vente";"45000.0";"22.0";"None";"RUE BOTTERO";"0925";"06000";"06088";"Nice";"06";"None";"None";"06088000KW0153";"None";"None";"176";"nan";"None";"nan";"None";"nan";"None";"None";"None";"None";"1";"3";"Dépendance";"nan";"0.0";"None";"None";"None";"None";"nan";"7.252797";"43.696798";"000KW"
"2021-66021";"2021-08-24";"1";"Vente";"866955.0";"16.0";"None";"AV DES BAUMETTES";"0660";"06000";"06088";"Nice";"06";"None";"None";"06088000KW0080";"None";"None";"49";"nan";"None";"nan";"None";"nan";"None";"None";"None";"None";"1";"3";"Dépendance";"nan";"0.0";"None";"None";"None";"None";"nan";"7.250366";"43.695706";"000KW"
"2021-66021";"2021-08-24";"1";"Vente";"866955.0";"16.0";"None";"AV DES BAUMETTES";"0660";"06000";"06088";"Nice";"06";"None";"None";"06088000KW0080";"None";"None";"1";"nan";"9";"118.42";"None";"nan";"None";"None";"None";"None";"2";"3";"Dépendance";"nan";"0.0";"None";"None";"None";"None";"nan";"7.250366";"43.695706";"000KW"
"2021-66021";"2021-08-24";"1";"Vente";"866955.0";"16.0";"None";"AV DES BAUMETTES";"0660";"06000";"06088";"Nice";"06";"None";"None";"06088000KW0080";"None";"None";"1";"nan";"9";"118.42";"None";"nan";"None";"None";"None";"None";"2";"3";"Dépendance";"nan";"0.0";"None";"None";"None";"None";"nan";"7.250366";"43.695706";"000KW"
"2021-64605";"2021-08-18";"1";"Vente";"240200.0";"16.0";"None";"BD FRANCOIS GROSSO";"2630";"06000";"06088";"Nice";"06";"None";"None";"06088000KW0170";"None";"None";"18";"41.76";"None";"nan";"None";"nan";"None";"None";"None";"None";"1";"2";"Appartement";"40.0";"2.0";"None";"None";"None";"None";"nan";"7.251884";"43.696244";"000KW"
"2021-64661";"2021-08-13";"1";"Vente";"160000.0";"16.0";"None";"AV DES BAUMETTES";"0660";"06000";"06088";"Nice";"06";"None";"None";"06088000KW0080";"None";"None";"6";"nan";"None";"nan";"None";"nan";"None";"None";"None";"None";"1";"2";"Appartement";"101.0";"5.0";"None";"None";"None";"None";"nan";"7.250366";"43.695706";"000KW"
"2021-64661";"2021-08-13";"1";"Vente";"160000.0";"16.0";"None";"AV DES BAUMETTES";"0660";"06000";"06088";"Nice";"06";"None";"None";"06088000KW0080";"None";"None";"6";"nan";"None";"nan";"None";"nan";"None";"None";"None";"None";"1";"3";"Dépendance";"nan";"0.0";"None";"None";"None";"None";"nan";"7.250366";"43.695706";"000KW"
"2021-64340";"2021-08-12";"1";"Vente";"91000.0";"70.0";"None";"AV DES BAUMETTES";"0660";"06000";"06088";"Nice";"06";"None";"None";"06088000KW0404";"None";"None";"6";"18.24";"None";"nan";"None";"nan";"None";"None";"None";"None";"1";"2";"Appartement";"16.0";"1.0";"None";"None";"None";"None";"nan";"7.248825";"43.697749";"000KW"
"2021-64999";"2021-08-09";"1";"Vente";"610000.0";"5.0";"None";"AV DES ORANGERS";"4590";"06000";"06088";"Nice";"06";"None";"None";"06088000KW0387";"None";"None";"202";"nan";"229";"75.11";"None";"nan";"None";"None";"None";"None";"2";"2";"Appartement";"74.0";"3.0";"None";"None";"None";"None";"nan";"7.254509";"43.696873";"000KW"
"2021-64999";"2021-08-09";"1";"Vente";"610000.0";"5.0";"None";"AV DES ORANGERS";"4590";"06000";"06088";"Nice";"06";"None";"None";"06088000KW0387";"None";"None";"202";"nan";"229";"75.11";"None";"nan";"None";"None";"None";"None";"2";"3";"Dépendance";"nan";"0.0";"None";"None";"None";"None";"nan";"7.254509";"43.696873";"000KW"
"2021-65068";"2021-08-06";"1";"Vente";"115000.0";"22.0";"None";"RUE BOTTERO";"0925";"06000";"06088";"Nice";"06";"None";"None";"06088000KW0153";"None";"None";"253";"35.75";"89";"nan";"None";"nan";"None";"None";"None";"None";"2";"2";"Appartement";"35.0";"1.0";"None";"None";"None";"None";"nan";"7.252797";"43.696798";"000KW"
"2021-65068";"2021-08-06";"1";"Vente";"115000.0";"22.0";"None";"RUE BOTTERO";"0925";"06000";"06088";"Nice";"06";"None";"None";"06088000KW0153";"None";"None";"253";"35.75";"89";"nan";"None";"nan";"None";"None";"None";"None";"2";"3";"Dépendance";"nan";"0.0";"None";"None";"None";"None";"nan";"7.252797";"43.696798";"000KW"
"2021-64149";"2021-08-04";"1";"Vente";"410000.0";"11.0";"B";"AV FLEURS";"2460";"06000";"06088";"Nice";"06";"None";"None";"06088000KW0125";"None";"None";"90";"82.05";"None";"nan";"None";"nan";"None";"None";"None";"None";"1";"2";"Appartement";"85.0";"3.0";"None";"None";"None";"None";"nan";"7.253698";"43.697412";"000KW"
"2021-64162";"2021-08-04";"1";"Vente";"795000.0";"24.0";"None";"AV DES BAUMETTES";"0660";"06000";"06088";"Nice";"06";"None";"None";"06088000KW0083";"None";"None";"4";"122.5";"None";"nan";"None";"nan";"None";"None";"None";"None";"1";"2";"Appartement";"120.0";"5.0";"None";"None";"None";"None";"nan";"7.250427";"43.696577";"000KW"
"2021-64149";"2021-08-04";"1";"Vente";"410000.0";"11.0";"B";"AV FLEURS";"2460";"06000";"06088";"Nice";"06";"None";"None";"06088000KW0125";"None";"None";"90";"82.05";"None";"nan";"None";"nan";"None";"None";"None";"None";"1";"3";"Dépendance";"nan";"0.0";"None";"None";"None";"None";"nan";"7.253698";"43.697412";"000KW"
"2021-64162";"2021-08-04";"1";"Vente";"795000.0";"24.0";"None";"AV DES BAUMETTES";"0660";"06000";"06088";"Nice";"06";"None";"None";"06088000KW0083";"None";"None";"7";"nan";"None";"nan";"None";"nan";"None";"None";"None";"None";"1";"3";"Dépendance";"nan";"0.0";"None";"None";"None";"None";"nan";"7.250427";"43.696577";"000KW"
"2021-64435";"2021-08-04";"1";"Vente";"51000.0";"7.0";"None";"AV FLEURS";"2460";"06000";"06088";"Nice";"06";"None";"None";"06088000KW0130";"None";"None";"38";"nan";"None";"nan";"None";"nan";"None";"None";"None";"None";"1";"3";"Dépendance";"nan";"0.0";"None";"None";"None";"None";"nan";"7.254675";"43.697427";"000KW"
"2021-64441";"2021-08-04";"1";"Vente";"51000.0";"7.0";"None";"AV FLEURS";"2460";"06000";"06088";"Nice";"06";"None";"None";"06088000KW0130";"None";"None";"36";"nan";"None";"nan";"None";"nan";"None";"None";"None";"None";"1";"3";"Dépendance";"nan";"0.0";"None";"None";"None";"None";"nan";"7.254675";"43.697427";"000KW"
"2021-64037";"2021-07-30";"1";"Vente";"318000.0";"19.0";"None";"RUE ANDRIOLI";"0230";"06000";"06088";"Nice";"06";"None";"None";"06088000KW0206";"None";"None";"119";"68.33";"50";"nan";"None";"nan";"None";"None";"None";"None";"2";"2";"Appartement";"69.0";"2.0";"None";"None";"None";"None";"nan";"7.253381";"43.696371";"000KW"
"2021-64085";"2021-07-30";"1";"Vente";"314000.0";"21.0";"None";"BD FRANCOIS GROSSO";"2630";"06000";"06088";"Nice";"06";"None";"None";"06088000KW0076";"None";"None";"126";"nan";"7";"nan";"None";"nan";"None";"None";"None";"None";"2";"2";"Appartement";"104.0";"4.0";"None";"None";"None";"None";"nan";"7.251171";"43.696065";"000KW"
"2021-64368";"2021-07-30";"1";"Vente";"280000.0";"28.0";"None";"BD FRANCOIS GROSSO";"2630";"06000";"06088";"Nice";"06";"None";"None";"06088000KW0362";"None";"None";"1007";"nan";"1099";"76.07";"None";"nan";"None";"None";"None";"None";"2";"2";"Appartement";"75.0";"2.0";"None";"None";"None";"None";"nan";"7.251748";"43.69738";"000KW"
"2021-64541";"2021-07-30";"1";"Vente";"350000.0";"11.0";"None";"BD GAMBETTA";"2755";"06000";"06088";"Nice";"06";"None";"None";"06088000KW0249";"None";"None";"20";"88.46";"49";"nan";"None";"nan";"None";"None";"None";"None";"2";"2";"Appartement";"84.0";"3.0";"None";"None";"None";"None";"nan";"7.255965";"43.694979";"000KW"
"2021-68879";"2021-07-30";"1";"Vente";"557000.0";"4.0";"None";"RUE DANTE";"1835";"06000";"06088";"Nice";"06";"None";"None";"06088000KW0231";"None";"None";"18";"nan";"None";"nan";"None";"nan";"None";"None";"None";"None";"1";"2";"Appartement";"180.0";"6.0";"None";"None";"None";"None";"nan";"7.255522";"43.696219";"000KW"
"2021-64037";"2021-07-30";"1";"Vente";"318000.0";"19.0";"None";"RUE ANDRIOLI";"0230";"06000";"06088";"Nice";"06";"None";"None";"06088000KW0206";"None";"None";"119";"68.33";"50";"nan";"None";"nan";"None";"None";"None";"None";"2";"3";"Dépendance";"nan";"0.0";"None";"None";"None";"None";"nan";"7.253381";"43.696371";"000KW"
"2021-64085";"2021-07-30";"1";"Vente";"314000.0";"21.0";"None";"BD FRANCOIS GROSSO";"2630";"06000";"06088";"Nice";"06";"None";"None";"06088000KW0076";"None";"None";"126";"nan";"7";"nan";"None";"nan";"None";"None";"None";"None";"2";"3";"Dépendance";"nan";"0.0";"None";"None";"None";"None";"nan";"7.251171";"43.696065";"000KW"
"2021-64085";"2021-07-30";"1";"Vente";"314000.0";"21.0";"None";"BD FRANCOIS GROSSO";"2630";"06000";"06088";"Nice";"06";"None";"None";"06088000KW0076";"None";"None";"218";"nan";"None";"nan";"None";"nan";"None";"None";"None";"None";"1";"3";"Dépendance";"nan";"0.0";"None";"None";"None";"None";"nan";"7.251171";"43.696065";"000KW"
"2021-64368";"2021-07-30";"1";"Vente";"280000.0";"28.0";"None";"BD FRANCOIS GROSSO";"2630";"06000";"06088";"Nice";"06";"None";"None";"06088000KW0362";"None";"None";"1007";"nan";"1099";"76.07";"None";"nan";"None";"None";"None";"None";"2";"3";"Dépendance";"nan";"0.0";"None";"None";"None";"None";"nan";"7.251748";"43.69738";"000KW"
"2021-64541";"2021-07-30";"1";"Vente";"350000.0";"11.0";"None";"BD GAMBETTA";"2755";"06000";"06088";"Nice";"06";"None";"None";"06088000KW0249";"None";"None";"20";"88.46";"49";"nan";"None";"nan";"None";"None";"None";"None";"2";"3";"Dépendance";"nan";"0.0";"None";"None";"None";"None";"nan";"7.255965";"43.694979";"000KW"
"2021-68879";"2021-07-30";"1";"Vente";"557000.0";"21.0";"None";"BD FRANCOIS GROSSO";"2630";"06000";"06088";"Nice";"06";"None";"None";"06088000KW0076";"None";"None";"208";"nan";"None";"nan";"None";"nan";"None";"None";"None";"None";"1";"3";"Dépendance";"nan";"0.0";"None";"None";"None";"None";"nan";"7.251171";"43.696065";"000KW"
"2021-64160";"2021-07-30";"1";"Vente";"95000.0";"1.0";"B";"RUE ANDRIOLI";"0230";"06000";"06088";"Nice";"06";"None";"None";"06088000KW0280";"None";"None";"52";"41.98";"None";"nan";"None";"nan";"None";"None";"None";"None";"1";"4";"Local industriel. commercial ou assimilé";"44.0";"0.0";"None";"None";"None";"None";"nan";"7.254013";"43.694098";"000KW"
"2021-64428";"2021-07-29";"1";"Vente";"30000.0";"5.0";"None";"RUE ALEXIS MOSSA";"0094";"06000";"06088";"Nice";"06";"None";"None";"06088000KW0193";"None";"None";"19";"nan";"None";"nan";"None";"nan";"None";"None";"None";"None";"1";"3";"Dépendance";"nan";"0.0";"None";"None";"None";"None";"nan";"7.253176";"43.695956";"000KW"
"2021-64428";"2021-07-29";"1";"Vente";"30000.0";"5.0";"None";"RUE ALEXIS MOSSA";"0094";"06000";"06088";"Nice";"06";"None";"None";"06088000KW0193";"None";"None";"20";"nan";"None";"nan";"None";"nan";"None";"None";"None";"None";"1";"3";"Dépendance";"nan";"0.0";"None";"None";"None";"None";"nan";"7.253176";"43.695956";"000KW"
"2021-63753";"2021-07-27";"1";"Vente";"382000.0";"19.0";"None";"RUE ANDRIOLI";"0230";"06000";"06088";"Nice";"06";"None";"None";"06088000KW0206";"None";"None";"141";"64.56";"8";"nan";"None";"nan";"None";"None";"None";"None";"2";"2";"Appartement";"67.0";"2.0";"None";"None";"None";"None";"nan";"7.253381";"43.696371";"000KW"
"2021-64408";"2021-07-27";"1";"Vente";"350000.0";"17.0";"None";"AV DES ORANGERS";"4590";"06000";"06088";"Nice";"06";"None";"None";"06088000KW0152";"None";"None";"18";"69.7";"None";"nan";"None";"nan";"None";"None";"None";"None";"1";"2";"Appartement";"67.0";"3.0";"None";"None";"None";"None";"nan";"7.253076";"43.696901";"000KW"
"2021-63753";"2021-07-27";"1";"Vente";"382000.0";"19.0";"None";"RUE ANDRIOLI";"0230";"06000";"06088";"Nice";"06";"None";"None";"06088000KW0206";"None";"None";"141";"64.56";"8";"nan";"None";"nan";"None";"None";"None";"None";"2";"3";"Dépendance";"nan";"0.0";"None";"None";"None";"None";"nan";"7.253381";"43.696371";"000KW"
"2021-64408";"2021-07-27";"1";"Vente";"350000.0";"17.0";"None";"AV DES ORANGERS";"4590";"06000";"06088";"Nice";"06";"None";"None";"06088000KW0152";"None";"None";"21";"nan";"None";"nan";"None";"nan";"None";"None";"None";"None";"1";"3";"Dépendance";"nan";"0.0";"None";"None";"None";"None";"nan";"7.253076";"43.696901";"000KW"
"2021-64408";"2021-07-27";"1";"Vente";"350000.0";"17.0";"None";"AV DES ORANGERS";"4590";"06000";"06088";"Nice";"06";"None";"None";"06088000KW0152";"None";"None";"18";"69.7";"None";"nan";"None";"nan";"None";"None";"None";"None";"1";"3";"Dépendance";"nan";"0.0";"None";"None";"None";"None";"nan";"7.253076";"43.696901";"000KW"
"2021-63141";"2021-07-26";"1";"Vente";"375000.0";"1.0";"None";"RUE ANDRIOLI";"0230";"06000";"06088";"Nice";"06";"None";"None";"06088000KW0281";"None";"None";"28";"nan";"55";"71.23";"None";"nan";"None";"None";"None";"None";"2";"2";"Appartement";"68.0";"3.0";"None";"None";"None";"None";"nan";"7.254147";"43.693921";"000KW"
"2021-63199";"2021-07-26";"1";"Vente";"295000.0";"22.0";"None";"RUE BOTTERO";"0925";"06000";"06088";"Nice";"06";"None";"None";"06088000KW0153";"None";"None";"254";"nan";"77";"nan";"None";"nan";"None";"None";"None";"None";"2";"2";"Appartement";"82.0";"3.0";"None";"None";"None";"None";"nan";"7.252797";"43.696798";"000KW"
"2021-63320";"2021-07-26";"1";"Vente";"368000.0";"76.0";"None";"AV BAUMETTES PANORAMIC";"0665";"06000";"06088";"Nice";"06";"None";"None";"06088000KW0005";"None";"None";"510";"nan";"581";"64.46";"None";"nan";"None";"None";"None";"None";"2";"2";"Appartement";"65.0";"3.0";"None";"None";"None";"None";"nan";"7.250071";"43.698297";"000KW"
"2021-63636";"2021-07-26";"1";"Vente";"222500.0";"3.0";"None";"RUE ANDRE POULLAN";"0220";"06000";"06088";"Nice";"06";"None";"None";"06088000KW0241";"None";"None";"22";"45.69";"None";"nan";"None";"nan";"None";"None";"None";"None";"1";"2";"Appartement";"45.0";"2.0";"None";"None";"None";"None";"nan";"7.25552";"43.695542";"000KW"
"2021-63849";"2021-07-26";"1";"Vente";"92500.0";"24.0";"None";"AV DES BAUMETTES";"0660";"06000";"06088";"Nice";"06";"None";"None";"06088000KW0081";"None";"None";"37";"27.81";"None";"nan";"None";"nan";"None";"None";"None";"None";"1";"2";"Appartement";"27.0";"2.0";"None";"None";"None";"None";"nan";"7.250258";"43.696294";"000KW"
"2021-63141";"2021-07-26";"1";"Vente";"375000.0";"1.0";"None";"RUE ANDRIOLI";"0230";"06000";"06088";"Nice";"06";"None";"None";"06088000KW0281";"None";"None";"28";"nan";"55";"71.23";"None";"nan";"None";"None";"None";"None";"2";"3";"Dépendance";"nan";"0.0";"None";"None";"None";"None";"nan";"7.254147";"43.693921";"000KW"
"2021-63199";"2021-07-26";"1";"Vente";"295000.0";"22.0";"None";"RUE BOTTERO";"0925";"06000";"06088";"Nice";"06";"None";"None";"06088000KW0153";"None";"None";"254";"nan";"77";"nan";"None";"nan";"None";"None";"None";"None";"2";"3";"Dépendance";"nan";"0.0";"None";"None";"None";"None";"nan";"7.252797";"43.696798";"000KW"
"2021-63201";"2021-07-26";"1";"Vente";"30000.0";"22.0";"None";"RUE BOTTERO";"0925";"06000";"06088";"Nice";"06";"None";"None";"06088000KW0153";"None";"None";"176";"nan";"None";"nan";"None";"nan";"None";"None";"None";"None";"1";"3";"Dépendance";"nan";"0.0";"None";"None";"None";"None";"nan";"7.252797";"43.696798";"000KW"
"2021-63320";"2021-07-26";"1";"Vente";"368000.0";"76.0";"None";"AV BAUMETTES PANORAMIC";"0665";"06000";"06088";"Nice";"06";"None";"None";"06088000KW0005";"None";"None";"510";"nan";"581";"64.46";"None";"nan";"None";"None";"None";"None";"2";"3";"Dépendance";"nan";"0.0";"None";"None";"None";"None";"nan";"7.250071";"43.698297";"000KW"
"2021-63322";"2021-07-23";"1";"Vente";"46000.0";"14.0";"None";"AV DES BAUMETTES";"0660";"06000";"06088";"Nice";"06";"None";"None";"06088000KW0071";"None";"None";"11";"14.01";"None";"nan";"None";"nan";"None";"None";"None";"None";"1";"2";"Appartement";"12.0";"1.0";"None";"None";"None";"None";"nan";"7.250784";"43.695468";"000KW"
"2021-63504";"2021-07-23";"1";"Vente";"225000.0";"10.0";"B";"AV LOUIS COCHOIS";"3740";"06000";"06088";"Nice";"06";"None";"None";"06088000KW0009";"None";"None";"1";"nan";"None";"nan";"None";"nan";"None";"None";"None";"None";"1";"2";"Appartement";"57.0";"3.0";"None";"None";"None";"None";"nan";"7.250375";"43.698051";"000KW"
"2021-63504";"2021-07-23";"1";"Vente";"225000.0";"10.0";"B";"AV LOUIS COCHOIS";"3740";"06000";"06088";"Nice";"06";"None";"None";"06088000KW0009";"None";"None";"4";"nan";"None";"nan";"None";"nan";"None";"None";"None";"None";"1";"3";"Dépendance";"nan";"0.0";"None";"None";"None";"None";"nan";"7.250375";"43.698051";"000KW"
"2021-63870";"2021-07-23";"1";"Vente";"54000.0";"7.0";"None";"AV FLEURS";"2460";"06000";"06088";"Nice";"06";"None";"None";"06088000KW0130";"None";"None";"33";"nan";"None";"nan";"None";"nan";"None";"None";"None";"None";"1";"3";"Dépendance";"nan";"0.0";"None";"None";"None";"None";"nan";"7.254675";"43.697427";"000KW"
"2021-63553";"2021-07-22";"1";"Vente";"456000.0";"93.0";"None";"RUE DE FRANCE";"2595";"06000";"06088";"Nice";"06";"None";"None";"06088000KW0248";"None";"None";"54";"nan";"None";"nan";"None";"nan";"None";"None";"None";"None";"1";"2";"Appartement";"45.0";"2.0";"None";"None";"None";"None";"nan";"7.255898";"43.695005";"000KW"
"2021-63553";"2021-07-22";"1";"Vente";"456000.0";"93.0";"None";"RUE DE FRANCE";"2595";"06000";"06088";"Nice";"06";"None";"None";"06088000KW0248";"None";"None";"54";"nan";"None";"nan";"None";"nan";"None";"None";"None";"None";"1";"3";"Dépendance";"nan";"0.0";"None";"None";"None";"None";"nan";"7.255898";"43.695005";"000KW"
"2021-63597";"2021-07-21";"1";"Vente";"275000.0";"28.0";"None";"RUE BOTTERO";"0925";"06000";"06088";"Nice";"06";"None";"None";"06088000KW0439";"None";"None";"64";"nan";"None";"nan";"None";"nan";"None";"None";"None";"None";"1";"2";"Appartement";"49.0";"3.0";"None";"None";"None";"None";"nan";"7.252368";"43.696615";"000KW"
"2021-63597";"2021-07-21";"1";"Vente";"275000.0";"28.0";"None";"RUE BOTTERO";"0925";"06000";"06088";"Nice";"06";"None";"None";"06088000KW0439";"None";"None";"22";"nan";"None";"nan";"None";"nan";"None";"None";"None";"None";"1";"3";"Dépendance";"nan";"0.0";"None";"None";"None";"None";"nan";"7.252368";"43.696615";"000KW"
"2021-63128";"2021-07-19";"1";"Vente";"144000.0";"21.0";"None";"BD FRANCOIS GROSSO";"2630";"06000";"06088";"Nice";"06";"None";"None";"06088000KW0076";"None";"None";"155";"nan";"71";"29.84";"None";"nan";"None";"None";"None";"None";"2";"2";"Appartement";"35.0";"1.0";"None";"None";"None";"None";"nan";"7.251171";"43.696065";"000KW"
"2021-63388";"2021-07-19";"1";"Vente";"405000.0";"14.0";"None";"AV LOUIS COCHOIS";"3740";"06000";"06088";"Nice";"06";"None";"None";"06088000KW0011";"None";"None";"104";"nan";"105";"66.01";"60";"nan";"None";"None";"None";"None";"3";"2";"Appartement";"61.0";"3.0";"None";"None";"None";"None";"nan";"7.250085";"43.697442";"000KW"
"2021-63604";"2021-07-19";"1";"Vente";"128000.0";"27.0";"None";"AV FLEURS";"2460";"06000";"06088";"Nice";"06";"None";"None";"06088000KW0108";"None";"None";"32";"37.91";"None";"nan";"None";"nan";"None";"None";"None";"None";"1";"2";"Appartement";"37.0";"1.0";"None";"None";"None";"None";"nan";"7.251754";"43.697744";"000KW"
"2021-63680";"2021-07-19";"1";"Vente";"140000.0";"5.0";"None";"RUE ANDRIOLI";"0230";"06000";"06088";"Nice";"06";"None";"None";"06088000KW0278";"None";"None";"148";"22.25";"None";"nan";"None";"nan";"None";"None";"None";"None";"1";"2";"Appartement";"25.0";"1.0";"None";"None";"None";"None";"nan";"7.254107";"43.694359";"000KW"
"2021-63128";"2021-07-19";"1";"Vente";"144000.0";"21.0";"None";"BD FRANCOIS GROSSO";"2630";"06000";"06088";"Nice";"06";"None";"None";"06088000KW0076";"None";"None";"155";"nan";"71";"29.84";"None";"nan";"None";"None";"None";"None";"2";"3";"Dépendance";"nan";"0.0";"None";"None";"None";"None";"nan";"7.251171";"43.696065";"000KW"
"2021-63388";"2021-07-19";"1";"Vente";"405000.0";"14.0";"None";"AV LOUIS COCHOIS";"3740";"06000";"06088";"Nice";"06";"None";"None";"06088000KW0011";"None";"None";"29";"nan";"None";"nan";"None";"nan";"None";"None";"None";"None";"1";"3";"Dépendance";"nan";"0.0";"None";"None";"None";"None";"nan";"7.250085";"43.697442";"000KW"
"2021-63388";"2021-07-19";"1";"Vente";"405000.0";"14.0";"None";"AV LOUIS COCHOIS";"3740";"06000";"06088";"Nice";"06";"None";"None";"06088000KW0011";"None";"None";"104";"nan";"105";"66.01";"60";"nan";"None";"None";"None";"None";"3";"3";"Dépendance";"nan";"0.0";"None";"None";"None";"None";"nan";"7.250085";"43.697442";"000KW"
"2021-63388";"2021-07-19";"1";"Vente";"405000.0";"14.0";"None";"AV LOUIS COCHOIS";"3740";"06000";"06088";"Nice";"06";"None";"None";"06088000KW0011";"None";"None";"104";"nan";"105";"66.01";"60";"nan";"None";"None";"None";"None";"3";"3";"Dépendance";"nan";"0.0";"None";"None";"None";"None";"nan";"7.250085";"43.697442";"000KW"
"2021-63604";"2021-07-19";"1";"Vente";"128000.0";"27.0";"None";"AV FLEURS";"2460";"06000";"06088";"Nice";"06";"None";"None";"06088000KW0108";"None";"None";"32";"37.91";"None";"nan";"None";"nan";"None";"None";"None";"None";"1";"3";"Dépendance";"nan";"0.0";"None";"None";"None";"None";"nan";"7.251754";"43.697744";"000KW"
"2021-62473";"2021-07-13";"1";"Vente";"247500.0";"21.0";"None";"BD FRANCOIS GROSSO";"2630";"06000";"06088";"Nice";"06";"None";"None";"06088000KW0076";"None";"None";"76";"68.91";"98";"nan";"None";"nan";"None";"None";"None";"None";"2";"2";"Appartement";"70.0";"3.0";"None";"None";"None";"None";"nan";"7.251171";"43.696065";"000KW"
"2021-62525";"2021-07-13";"1";"Vente";"446000.0";"21.0";"None";"BD FRANCOIS GROSSO";"2630";"06000";"06088";"Nice";"06";"None";"None";"06088000KW0076";"None";"None";"29";"77.26";"50";"nan";"None";"nan";"None";"None";"None";"None";"2";"2";"Appartement";"82.0";"3.0";"None";"None";"None";"None";"nan";"7.251171";"43.696065";"000KW"
"2021-63798";"2021-07-13";"1";"Vente";"94000.0";"37.0";"None";"BD FRANCOIS GROSSO";"2630";"06000";"06088";"Nice";"06";"None";"None";"06088000KW0089";"None";"None";"12";"16.35";"None";"nan";"None";"nan";"None";"None";"None";"None";"1";"2";"Appartement";"18.0";"1.0";"None";"None";"None";"None";"nan";"7.250929";"43.696539";"000KW"
"2021-62473";"2021-07-13";"1";"Vente";"247500.0";"21.0";"None";"BD FRANCOIS GROSSO";"2630";"06000";"06088";"Nice";"06";"None";"None";"06088000KW0076";"None";"None";"76";"68.91";"98";"nan";"None";"nan";"None";"None";"None";"None";"2";"3";"Dépendance";"nan";"0.0";"None";"None";"None";"None";"nan";"7.251171";"43.696065";"000KW"
"2021-62473";"2021-07-13";"1";"Vente";"247500.0";"21.0";"None";"BD FRANCOIS GROSSO";"2630";"06000";"06088";"Nice";"06";"None";"None";"06088000KW0076";"None";"None";"266";"nan";"None";"nan";"None";"nan";"None";"None";"None";"None";"1";"3";"Dépendance";"nan";"0.0";"None";"None";"None";"None";"nan";"7.251171";"43.696065";"000KW"
"2021-62525";"2021-07-13";"1";"Vente";"446000.0";"21.0";"None";"BD FRANCOIS GROSSO";"2630";"06000";"06088";"Nice";"06";"None";"None";"06088000KW0076";"None";"None";"29";"77.26";"50";"nan";"None";"nan";"None";"None";"None";"None";"2";"3";"Dépendance";"nan";"0.0";"None";"None";"None";"None";"nan";"7.251171";"43.696065";"000KW"
"2021-62525";"2021-07-13";"1";"Vente";"446000.0";"21.0";"None";"BD FRANCOIS GROSSO";"2630";"06000";"06088";"Nice";"06";"None";"None";"06088000KW0076";"None";"None";"178";"nan";"None";"nan";"None";"nan";"None";"None";"None";"None";"1";"3";"Dépendance";"nan";"0.0";"None";"None";"None";"None";"nan";"7.251171";"43.696065";"000KW"
"2021-62465";"2021-07-12";"1";"Vente";"315000.0";"15.0";"None";"RUE ANDRIOLI";"0230";"06000";"06088";"Nice";"06";"None";"None";"06088000KW0198";"None";"None";"104B";"nan";"14B";"nan";"None";"nan";"None";"None";"None";"None";"2";"2";"Appartement";"52.0";"2.0";"None";"None";"None";"None";"nan";"7.253622";"43.695971";"000KW"
"2021-62556";"2021-07-12";"1";"Vente";"161000.0";"1.0";"B";"RUE ANDRIOLI";"0230";"06000";"06088";"Nice";"06";"None";"None";"06088000KW0280";"None";"None";"6";"nan";"71";"30.01";"None";"nan";"None";"None";"None";"None";"2";"2";"Appartement";"35.0";"1.0";"None";"None";"None";"None";"nan";"7.254013";"43.694098";"000KW"
"2021-62564";"2021-07-12";"1";"Vente";"125000.0";"90.0";"None";"RUE DE FRANCE";"2595";"06000";"06088";"Nice";"06";"None";"None";"06088000KW0369";"None";"None";"1071";"36.02";"None";"nan";"None";"nan";"None";"None";"None";"None";"1";"2";"Appartement";"36.0";"1.0";"None";"None";"None";"None";"nan";"7.252761";"43.694482";"000KW"
"2021-63155";"2021-07-12";"1";"Vente";"400000.0";"5.0";"None";"RUE J BAPTISTE SPINETTA";"3340";"06000";"06088";"Nice";"06";"None";"None";"06088000KW0162";"None";"None";"1";"nan";"None";"nan";"None";"nan";"None";"None";"None";"None";"1";"2";"Appartement";"110.0";"3.0";"None";"None";"None";"None";"nan";"7.252143";"43.696645";"000KW"
"2021-63173";"2021-07-12";"1";"Vente";"220000.0";"5.0";"None";"RUE ANDRIOLI";"0230";"06000";"06088";"Nice";"06";"None";"None";"06088000KW0278";"None";"None";"101";"nan";"182";"nan";"None";"nan";"None";"None";"None";"None";"2";"2";"Appartement";"41.0";"1.0";"None";"None";"None";"None";"nan";"7.254107";"43.694359";"000KW"
"2021-62465";"2021-07-12";"1";"Vente";"315000.0";"15.0";"None";"RUE ANDRIOLI";"0230";"06000";"06088";"Nice";"06";"None";"None";"06088000KW0198";"None";"None";"104B";"nan";"14B";"nan";"None";"nan";"None";"None";"None";"None";"2";"3";"Dépendance";"nan";"0.0";"None";"None";"None";"None";"nan";"7.253622";"43.695971";"000KW"
"2021-62556";"2021-07-12";"1";"Vente";"161000.0";"1.0";"B";"RUE ANDRIOLI";"0230";"06000";"06088";"Nice";"06";"None";"None";"06088000KW0280";"None";"None";"6";"nan";"71";"30.01";"None";"nan";"None";"None";"None";"None";"2";"3";"Dépendance";"nan";"0.0";"None";"None";"None";"None";"nan";"7.254013";"43.694098";"000KW"
"2021-63173";"2021-07-12";"1";"Vente";"220000.0";"5.0";"None";"RUE ANDRIOLI";"0230";"06000";"06088";"Nice";"06";"None";"None";"06088000KW0278";"None";"None";"82";"nan";"None";"nan";"None";"nan";"None";"None";"None";"None";"1";"3";"Dépendance";"nan";"0.0";"None";"None";"None";"None";"nan";"7.254107";"43.694359";"000KW"
"2021-63173";"2021-07-12";"1";"Vente";"220000.0";"5.0";"None";"RUE ANDRIOLI";"0230";"06000";"06088";"Nice";"06";"None";"None";"06088000KW0278";"None";"None";"101";"nan";"182";"nan";"None";"nan";"None";"None";"None";"None";"2";"3";"Dépendance";"nan";"0.0";"None";"None";"None";"None";"nan";"7.254107";"43.694359";"000KW"
"2021-62565";"2021-07-09";"1";"Vente";"120000.0";"17.0";"None";"AV DES ORANGERS";"4590";"06000";"06088";"Nice";"06";"None";"None";"06088000KW0152";"None";"None";"14";"27.05";"None";"nan";"None";"nan";"None";"None";"None";"None";"1";"2";"Appartement";"27.0";"1.0";"None";"None";"None";"None";"nan";"7.253076";"43.696901";"000KW"
"2021-62621";"2021-07-08";"1";"Vente";"269000.0";"12.0";"None";"RUE BOTTERO";"0925";"06000";"06088";"Nice";"06";"None";"None";"06088000KW0143";"None";"None";"16";"57.5";"None";"nan";"None";"nan";"None";"None";"None";"None";"1";"2";"Appartement";"55.0";"2.0";"None";"None";"None";"None";"nan";"7.254062";"43.696768";"000KW"
"2021-62856";"2021-07-08";"1";"Vente";"105000.0";"10.0";"None";"AV DES ORANGERS";"4590";"06000";"06088";"Nice";"06";"None";"None";"06088000KW0124";"None";"None";"75";"19.8";"None";"nan";"None";"nan";"None";"None";"None";"None";"1";"2";"Appartement";"21.0";"1.0";"None";"None";"None";"None";"nan";"7.253552";"43.697329";"000KW"
"2021-62158";"2021-07-07";"1";"Vente";"410600.0";"95.0";"None";"RUE DE FRANCE";"2595";"06000";"06088";"Nice";"06";"None";"None";"06088000KW0247";"None";"None";"29";"75.38";"62";"nan";"None";"nan";"None";"None";"None";"None";"2";"2";"Appartement";"118.0";"5.0";"None";"None";"None";"None";"nan";"7.255559";"43.69489";"000KW"
"2021-62860";"2021-07-07";"1";"Vente";"20000.0";"76.0";"None";"AV BAUMETTES PANORAMIC";"0665";"06000";"06088";"Nice";"06";"None";"None";"06088000KW0005";"None";"None";"486";"nan";"None";"nan";"None";"nan";"None";"None";"None";"None";"1";"3";"Dépendance";"nan";"0.0";"None";"None";"None";"None";"nan";"7.250071";"43.698297";"000KW"
"2021-62860";"2021-07-07";"1";"Vente";"20000.0";"76.0";"None";"AV BAUMETTES PANORAMIC";"0665";"06000";"06088";"Nice";"06";"None";"None";"06088000KW0005";"None";"None";"485";"nan";"None";"nan";"None";"nan";"None";"None";"None";"None";"1";"3";"Dépendance";"nan";"0.0";"None";"None";"None";"None";"nan";"7.250071";"43.698297";"000KW"
"2021-62860";"2021-07-07";"1";"Vente";"20000.0";"76.0";"None";"AV BAUMETTES PANORAMIC";"0665";"06000";"06088";"Nice";"06";"None";"None";"06088000KW0005";"None";"None";"487";"nan";"None";"nan";"None";"nan";"None";"None";"None";"None";"1";"3";"Dépendance";"nan";"0.0";"None";"None";"None";"None";"nan";"7.250071";"43.698297";"000KW"
"2021-62861";"2021-07-07";"1";"Vente";"73000.0";"76.0";"None";"AV BAUMETTES PANORAMIC";"0665";"06000";"06088";"Nice";"06";"None";"None";"06088000KW0005";"None";"None";"478";"nan";"None";"nan";"None";"nan";"None";"None";"None";"None";"1";"3";"Dépendance";"nan";"0.0";"None";"None";"None";"None";"nan";"7.250071";"43.698297";"000KW"
"2021-62861";"2021-07-07";"1";"Vente";"73000.0";"76.0";"None";"AV BAUMETTES PANORAMIC";"0665";"06000";"06088";"Nice";"06";"None";"None";"06088000KW0005";"None";"None";"477";"nan";"None";"nan";"None";"nan";"None";"None";"None";"None";"1";"3";"Dépendance";"nan";"0.0";"None";"None";"None";"None";"nan";"7.250071";"43.698297";"000KW"
"2021-63239";"2021-07-06";"1";"Vente";"346000.0";"9.0";"None";"AV DES ORANGERS";"4590";"06000";"06088";"Nice";"06";"None";"None";"06088000KW0144";"None";"None";"15";"66.06";"66";"nan";"None";"nan";"None";"None";"None";"None";"2";"2";"Appartement";"65.0";"3.0";"None";"None";"None";"None";"nan";"7.254202";"43.696919";"000KW"
"2021-63239";"2021-07-06";"1";"Vente";"346000.0";"9.0";"None";"AV DES ORANGERS";"4590";"06000";"06088";"Nice";"06";"None";"None";"06088000KW0144";"None";"None";"15";"66.06";"66";"nan";"None";"nan";"None";"None";"None";"None";"2";"3";"Dépendance";"nan";"0.0";"None";"None";"None";"None";"nan";"7.254202";"43.696919";"000KW"
"2021-61925";"2021-07-05";"1";"Vente";"130000.0";"17.0";"None";"AV FLEURS";"2460";"06000";"06088";"Nice";"06";"None";"None";"06088000KW0123";"None";"None";"197";"32.52";"None";"nan";"None";"nan";"None";"None";"None";"None";"1";"2";"Appartement";"32.0";"1.0";"None";"None";"None";"None";"nan";"7.253164";"43.697428";"000KW"
"2021-62014";"2021-07-05";"1";"Vente";"420000.0";"22.0";"None";"RUE BOTTERO";"0925";"06000";"06088";"Nice";"06";"None";"None";"06088000KW0153";"None";"None";"282";"65.27";"67";"nan";"None";"nan";"None";"None";"None";"None";"2";"2";"Appartement";"90.0";"3.0";"None";"None";"None";"None";"nan";"7.252797";"43.696798";"000KW"
"2021-62014";"2021-07-05";"1";"Vente";"420000.0";"22.0";"None";"RUE BOTTERO";"0925";"06000";"06088";"Nice";"06";"None";"None";"06088000KW0153";"None";"None";"282";"65.27";"67";"nan";"None";"nan";"None";"None";"None";"None";"2";"3";"Dépendance";"nan";"0.0";"None";"None";"None";"None";"nan";"7.252797";"43.696798";"000KW"
"2021-62014";"2021-07-05";"1";"Vente";"420000.0";"22.0";"None";"RUE BOTTERO";"0925";"06000";"06088";"Nice";"06";"None";"None";"06088000KW0153";"None";"None";"282";"65.27";"67";"nan";"None";"nan";"None";"None";"None";"None";"2";"3";"Dépendance";"nan";"0.0";"None";"None";"None";"None";"nan";"7.252797";"43.696798";"000KW"
"2021-62315";"2021-07-02";"1";"Vente";"180000.0";"10.0";"None";"AV DES ORANGERS";"4590";"06000";"06088";"Nice";"06";"None";"None";"06088000KW0124";"None";"None";"101";"30.01";"None";"nan";"None";"nan";"None";"None";"None";"None";"1";"2";"Appartement";"30.0";"1.0";"None";"None";"None";"None";"nan";"7.253552";"43.697329";"000KW"
"2021-61423";"2021-07-01";"1";"Vente";"450000.0";"18.0";"None";"AV DES ORANGERS";"4590";"06000";"06088";"Nice";"06";"None";"None";"06088000KW0119";"None";"None";"10";"99.22";"29";"nan";"None";"nan";"None";"None";"None";"None";"2";"2";"Appartement";"110.0";"4.0";"None";"None";"None";"None";"nan";"7.25258";"43.69729";"000KW"
"2021-72309";"2021-07-01";"1";"Adjudication";"176000.0";"78.0";"None";"RUE DE FRANCE";"2595";"06000";"06088";"Nice";"06";"None";"None";"06088000KW0292";"None";"None";"9";"nan";"None";"nan";"None";"nan";"None";"None";"None";"None";"1";"2";"Appartement";"60.0";"3.0";"None";"None";"None";"None";"nan";"7.25401";"43.694778";"000KW"
"2021-62732";"2021-07-01";"1";"Vente";"770000.0";"nan";"None";"None";"None";"None";"06088";"Nice";"06";"None";"None";"06088000KW0527";"None";"1";"None";"nan";"None";"nan";"None";"nan";"None";"None";"None";"None";"0";"None";"None";"nan";"nan";"None";"None";"None";"None";"nan";"7.254894";"43.696559";"000KW"
"2021-62732";"2021-07-01";"1";"Vente";"770000.0";"nan";"None";"None";"None";"None";"06088";"Nice";"06";"None";"None";"06088000KW0527";"None";"3";"None";"nan";"None";"nan";"None";"nan";"None";"None";"None";"None";"0";"None";"None";"nan";"nan";"None";"None";"None";"None";"nan";"7.254894";"43.696559";"000KW"
"2021-62732";"2021-07-01";"1";"Vente";"770000.0";"nan";"None";"None";"None";"None";"06088";"Nice";"06";"None";"None";"06088000KW0528";"None";"1";"None";"nan";"None";"nan";"None";"nan";"None";"None";"None";"None";"0";"None";"None";"nan";"nan";"None";"None";"None";"None";"nan";"7.254835";"43.696551";"000KW"
"2021-62732";"2021-07-01";"1";"Vente";"770000.0";"nan";"None";"None";"None";"None";"06088";"Nice";"06";"None";"None";"06088000KW0528";"None";"3";"None";"nan";"None";"nan";"None";"nan";"None";"None";"None";"None";"0";"None";"None";"nan";"nan";"None";"None";"None";"None";"nan";"7.254835";"43.696551";"000KW"
"2021-61877";"2021-06-30";"1";"Vente";"100000.0";"4.0";"None";"BD FRANCOIS GROSSO";"2630";"06000";"06088";"Nice";"06";"None";"None";"06088000KW0318";"None";"None";"102";"nan";"70";"nan";"None";"nan";"None";"None";"None";"None";"2";"2";"Appartement";"27.0";"1.0";"None";"None";"None";"None";"nan";"7.252322";"43.694771";"000KW"
"2021-61877";"2021-06-30";"1";"Vente";"100000.0";"4.0";"None";"BD FRANCOIS GROSSO";"2630";"06000";"06088";"Nice";"06";"None";"None";"06088000KW0318";"None";"None";"102";"nan";"70";"nan";"None";"nan";"None";"None";"None";"None";"2";"3";"Dépendance";"nan";"0.0";"None";"None";"None";"None";"nan";"7.252322";"43.694771";"000KW"
"2021-63084";"2021-06-30";"1";"Vente";"16000.0";"15.0";"None";"RUE ANDRIOLI";"0230";"06000";"06088";"Nice";"06";"None";"None";"06088000KW0198";"None";"None";"78B";"nan";"None";"nan";"None";"nan";"None";"None";"None";"None";"1";"3";"Dépendance";"nan";"0.0";"None";"None";"None";"None";"nan";"7.253622";"43.695971";"000KW"
"2021-62314";"2021-06-30";"1";"Vente en l'état futur d'achèvement";"483000.0";"nan";"None";"AV LOUIS COCHOIS";"3740";"06000";"06088";"Nice";"06";"None";"None";"06088000KW0596";"None";"None";"92";"nan";"None";"nan";"None";"nan";"None";"None";"None";"None";"1";"None";"None";"nan";"nan";"None";"None";"None";"None";"nan";"7.250141";"43.697016";"000KW"
"2021-62314";"2021-06-30";"1";"Vente en l'état futur d'achèvement";"483000.0";"nan";"None";"AV LOUIS COCHOIS";"3740";"06000";"06088";"Nice";"06";"None";"None";"06088000KW0596";"None";"None";"126";"44.5";"None";"nan";"None";"nan";"None";"None";"None";"None";"1";"None";"None";"nan";"nan";"None";"None";"None";"None";"nan";"7.250141";"43.697016";"000KW"
"2021-62314";"2021-06-30";"1";"Vente en l'état futur d'achèvement";"483000.0";"nan";"None";"AV LOUIS COCHOIS";"3740";"06000";"06088";"Nice";"06";"None";"None";"06088000KW0596";"None";"None";"60";"nan";"None";"nan";"None";"nan";"None";"None";"None";"None";"1";"None";"None";"nan";"nan";"None";"None";"None";"None";"nan";"7.250141";"43.697016";"000KW"
"2021-62126";"2021-06-29";"1";"Vente";"180000.0";"15.0";"B";"AV DES ORANGERS";"4590";"06000";"06088";"Nice";"06";"None";"None";"06088000KW0341";"None";"None";"28";"nan";"47";"44.92";"None";"nan";"None";"None";"None";"None";"2";"2";"Appartement";"45.0";"2.0";"None";"None";"None";"None";"nan";"7.253267";"43.696923";"000KW"
"2021-62126";"2021-06-29";"1";"Vente";"180000.0";"15.0";"B";"AV DES ORANGERS";"4590";"06000";"06088";"Nice";"06";"None";"None";"06088000KW0341";"None";"None";"28";"nan";"47";"44.92";"None";"nan";"None";"None";"None";"None";"2";"3";"Dépendance";"nan";"0.0";"None";"None";"None";"None";"nan";"7.253267";"43.696923";"000KW"
"2021-61805";"2021-06-26";"1";"Vente";"215000.0";"3.0";"None";"RUE DANTE";"1835";"06000";"06088";"Nice";"06";"None";"None";"06088000KW0241";"None";"None";"224";"42.18";"None";"nan";"None";"nan";"None";"None";"None";"None";"1";"2";"Appartement";"40.0";"2.0";"None";"None";"None";"None";"nan";"7.25552";"43.695542";"000KW"
"2021-61367";"2021-06-25";"1";"Vente";"385000.0";"4.0";"None";"RUE BOTTERO";"0925";"06000";"06088";"Nice";"06";"None";"None";"06088000KW0473";"None";"None";"15";"65.27";"21";"nan";"None";"nan";"None";"None";"None";"None";"2";"2";"Appartement";"66.0";"3.0";"None";"None";"None";"None";"nan";"7.255531";"43.696847";"000KW"
"2021-61367";"2021-06-25";"1";"Vente";"385000.0";"4.0";"None";"RUE BOTTERO";"0925";"06000";"06088";"Nice";"06";"None";"None";"06088000KW0473";"None";"None";"15";"65.27";"21";"nan";"None";"nan";"None";"None";"None";"None";"2";"3";"Dépendance";"nan";"0.0";"None";"None";"None";"None";"nan";"7.255531";"43.696847";"000KW"
"2021-62498";"2021-06-24";"1";"Vente";"702000.0";"53.0";"None";"PROM DES ANGLAIS";"0240";"06000";"06088";"Nice";"06";"None";"None";"06088000KW0282";"None";"None";"104";"nan";"28";"nan";"None";"nan";"None";"None";"None";"None";"2";"2";"Appartement";"120.0";"5.0";"None";"None";"None";"None";"nan";"7.254413";"43.693761";"000KW"
"2021-62498";"2021-06-24";"1";"Vente";"702000.0";"1.0";"None";"RUE ANDRIOLI";"0230";"06000";"06088";"Nice";"06";"None";"None";"06088000KW0281";"None";"None";"87";"nan";"None";"nan";"None";"nan";"None";"None";"None";"None";"1";"3";"Dépendance";"nan";"0.0";"None";"None";"None";"None";"nan";"7.254147";"43.693921";"000KW"
"2021-61331";"2021-06-22";"1";"Vente";"122000.0";"93.0";"None";"RUE DE FRANCE";"2595";"06000";"06088";"Nice";"06";"None";"None";"06088000KW0248";"None";"None";"33";"20.52";"None";"nan";"None";"nan";"None";"None";"None";"None";"1";"2";"Appartement";"20.0";"1.0";"None";"None";"None";"None";"nan";"7.255898";"43.695005";"000KW"
"2021-61874";"2021-06-22";"1";"Vente";"240000.0";"19.0";"None";"AV DES ORANGERS";"4590";"06000";"06088";"Nice";"06";"None";"None";"06088000KW0153";"None";"None";"114";"nan";"228";"55.82";"None";"nan";"None";"None";"None";"None";"2";"2";"Appartement";"55.0";"2.0";"None";"None";"None";"None";"nan";"7.252797";"43.696798";"000KW"
"2021-61874";"2021-06-22";"1";"Vente";"240000.0";"19.0";"None";"AV DES ORANGERS";"4590";"06000";"06088";"Nice";"06";"None";"None";"06088000KW0153";"None";"None";"114";"nan";"228";"55.82";"None";"nan";"None";"None";"None";"None";"2";"3";"Dépendance";"nan";"0.0";"None";"None";"None";"None";"nan";"7.252797";"43.696798";"000KW"
"2021-60968";"2021-06-21";"1";"Vente";"240000.0";"19.0";"None";"AV DES ORANGERS";"4590";"06000";"06088";"Nice";"06";"None";"None";"06088000KW0153";"None";"None";"195";"40.17";"None";"nan";"None";"nan";"None";"None";"None";"None";"1";"2";"Appartement";"34.0";"1.0";"None";"None";"None";"None";"nan";"7.252797";"43.696798";"000KW"
"2021-60990";"2021-06-21";"1";"Vente";"342000.0";"15.0";"None";"AV DES ORANGERS";"4590";"06000";"06088";"Nice";"06";"None";"None";"06088000KW0149";"None";"None";"16";"63.05";"36";"nan";"None";"nan";"None";"None";"None";"None";"2";"2";"Appartement";"65.0";"3.0";"None";"None";"None";"None";"nan";"7.253415";"43.696904";"000KW"
"2021-60968";"2021-06-21";"1";"Vente";"240000.0";"19.0";"None";"AV DES ORANGERS";"4590";"06000";"06088";"Nice";"06";"None";"None";"06088000KW0153";"None";"None";"195";"40.17";"None";"nan";"None";"nan";"None";"None";"None";"None";"1";"3";"Dépendance";"nan";"0.0";"None";"None";"None";"None";"nan";"7.252797";"43.696798";"000KW"
"2021-60990";"2021-06-21";"1";"Vente";"342000.0";"15.0";"None";"AV DES ORANGERS";"4590";"06000";"06088";"Nice";"06";"None";"None";"06088000KW0149";"None";"None";"16";"63.05";"36";"nan";"None";"nan";"None";"None";"None";"None";"2";"3";"Dépendance";"nan";"0.0";"None";"None";"None";"None";"nan";"7.253415";"43.696904";"000KW"
"2021-61007";"2021-06-18";"1";"Vente";"260000.0";"19.0";"None";"AV DES ORANGERS";"4590";"06000";"06088";"Nice";"06";"None";"None";"06088000KW0153";"None";"None";"211";"39.83";"None";"nan";"None";"nan";"None";"None";"None";"None";"1";"2";"Appartement";"39.0";"1.0";"None";"None";"None";"None";"nan";"7.252797";"43.696798";"000KW"
"2021-61007";"2021-06-18";"1";"Vente";"260000.0";"19.0";"None";"AV DES ORANGERS";"4590";"06000";"06088";"Nice";"06";"None";"None";"06088000KW0153";"None";"None";"211";"39.83";"None";"nan";"None";"nan";"None";"None";"None";"None";"1";"3";"Dépendance";"nan";"0.0";"None";"None";"None";"None";"nan";"7.252797";"43.696798";"000KW"
"2021-61251";"2021-06-17";"1";"Vente";"136000.0";"25.0";"None";"AV DES ORANGERS";"4590";"06000";"06088";"Nice";"06";"None";"None";"06088000KW0156";"None";"None";"20";"nan";"None";"nan";"None";"nan";"None";"None";"None";"None";"1";"2";"Appartement";"24.0";"1.0";"None";"None";"None";"None";"nan";"7.252013";"43.6969";"000KW"
"2021-62054";"2021-06-17";"1";"Vente";"181000.0";"8.0";"None";"BD FRANCOIS GROSSO";"2630";"06000";"06088";"Nice";"06";"None";"None";"06088000KW0321";"None";"None";"22";"28.8";"None";"nan";"None";"nan";"None";"None";"None";"None";"1";"2";"Appartement";"30.0";"2.0";"None";"None";"None";"None";"nan";"7.25226";"43.695046";"000KW"
"2021-61463";"2021-06-17";"1";"Vente";"59000.0";"10.0";"None";"RUE SAINT PHILIPPE";"5895";"06000";"06088";"Nice";"06";"None";"None";"06088000KW0446";"None";"None";"258";"nan";"None";"nan";"None";"nan";"None";"None";"None";"None";"1";"3";"Dépendance";"nan";"0.0";"None";"None";"None";"None";"nan";"7.255854";"43.694672";"000KW"
"2021-62173";"2021-06-16";"1";"Vente";"210378.0";"45.0";"None";"PROM DES ANGLAIS";"0240";"06000";"06088";"Nice";"06";"None";"None";"06088000KW0252";"None";"None";"13A";"nan";"40A";"32.06";"None";"nan";"None";"None";"None";"None";"2";"2";"Appartement";"32.0";"1.0";"None";"None";"None";"None";"nan";"7.255928";"43.694042";"000KW"
"2021-63860";"2021-06-16";"1";"Vente";"260000.0";"9.0";"None";"AV DES BAUMETTES";"0660";"06000";"06088";"Nice";"06";"None";"None";"06088000KW0063";"None";"None";"13";"nan";"51";"51.14";"None";"nan";"None";"None";"None";"None";"2";"2";"Appartement";"58.0";"2.0";"None";"None";"None";"None";"nan";"7.250954";"43.694669";"000KW"
"2021-62173";"2021-06-16";"1";"Vente";"210378.0";"45.0";"None";"PROM DES ANGLAIS";"0240";"06000";"06088";"Nice";"06";"None";"None";"06088000KW0252";"None";"None";"13A";"nan";"40A";"32.06";"None";"nan";"None";"None";"None";"None";"2";"3";"Dépendance";"nan";"0.0";"None";"None";"None";"None";"nan";"7.255928";"43.694042";"000KW"
"2021-63860";"2021-06-16";"1";"Vente";"260000.0";"9.0";"None";"AV DES BAUMETTES";"0660";"06000";"06088";"Nice";"06";"None";"None";"06088000KW0063";"None";"None";"13";"nan";"51";"51.14";"None";"nan";"None";"None";"None";"None";"2";"3";"Dépendance";"nan";"0.0";"None";"None";"None";"None";"nan";"7.250954";"43.694669";"000KW"
"2021-60611";"2021-06-14";"1";"Vente";"328700.0";"57.0";"None";"BD FRANCOIS GROSSO";"2630";"06000";"06088";"Nice";"06";"None";"None";"06088000KW0107";"None";"None";"21";"nan";"58";"68.49";"None";"nan";"None";"None";"None";"None";"2";"2";"Appartement";"71.0";"3.0";"None";"None";"None";"None";"nan";"7.25101";"43.698207";"000KW"
"2021-61099";"2021-06-14";"1";"Vente";"359600.0";"113.0";"None";"RUE DE FRANCE";"2595";"06000";"06088";"Nice";"06";"None";"None";"06088000KW0517";"None";"None";"35";"nan";"8";"78.09";"None";"nan";"None";"None";"None";"None";"2";"2";"Appartement";"78.0";"2.0";"None";"None";"None";"None";"nan";"7.25329";"43.69421";"000KW"
"2021-60611";"2021-06-14";"1";"Vente";"328700.0";"57.0";"None";"BD FRANCOIS GROSSO";"2630";"06000";"06088";"Nice";"06";"None";"None";"06088000KW0107";"None";"None";"21";"nan";"58";"68.49";"None";"nan";"None";"None";"None";"None";"2";"3";"Dépendance";"nan";"0.0";"None";"None";"None";"None";"nan";"7.25101";"43.698207";"000KW"
"2021-60611";"2021-06-14";"1";"Vente";"328700.0";"57.0";"None";"BD FRANCOIS GROSSO";"2630";"06000";"06088";"Nice";"06";"None";"None";"06088000KW0107";"None";"None";"45";"nan";"None";"nan";"None";"nan";"None";"None";"None";"None";"1";"3";"Dépendance";"nan";"0.0";"None";"None";"None";"None";"nan";"7.25101";"43.698207";"000KW"
"2021-61099";"2021-06-14";"1";"Vente";"359600.0";"113.0";"None";"RUE DE FRANCE";"2595";"06000";"06088";"Nice";"06";"None";"None";"06088000KW0517";"None";"None";"35";"nan";"8";"78.09";"None";"nan";"None";"None";"None";"None";"2";"3";"Dépendance";"nan";"0.0";"None";"None";"None";"None";"nan";"7.25329";"43.69421";"000KW"
"2021-60741";"2021-06-09";"1";"Vente";"810000.0";"23.0";"None";"BD GAMBETTA";"2755";"06000";"06088";"Nice";"06";"None";"None";"06088000KW0236";"None";"None";"34";"nan";"37";"201.88";"None";"nan";"None";"None";"None";"None";"2";"2";"Appartement";"188.0";"6.0";"None";"None";"None";"None";"nan";"7.255906";"43.696267";"000KW"
"2021-60741";"2021-06-09";"1";"Vente";"810000.0";"23.0";"None";"BD GAMBETTA";"2755";"06000";"06088";"Nice";"06";"None";"None";"06088000KW0236";"None";"None";"34";"nan";"37";"201.88";"None";"nan";"None";"None";"None";"None";"2";"3";"Dépendance";"nan";"0.0";"None";"None";"None";"None";"nan";"7.255906";"43.696267";"000KW"
"2021-60124";"2021-06-04";"1";"Vente";"162500.0";"90.0";"None";"RUE DE FRANCE";"2595";"06000";"06088";"Nice";"06";"None";"None";"06088000KW0369";"None";"None";"1105";"nan";"None";"nan";"None";"nan";"None";"None";"None";"None";"1";"2";"Appartement";"30.0";"1.0";"None";"None";"None";"None";"nan";"7.252761";"43.694482";"000KW"
"2021-60498";"2021-06-04";"1";"Vente";"200000.0";"16.0";"None";"AV DES ORANGERS";"4590";"06000";"06088";"Nice";"06";"None";"None";"06088000KW0120";"None";"None";"23";"36.62";"None";"nan";"None";"nan";"None";"None";"None";"None";"1";"2";"Appartement";"36.0";"2.0";"None";"None";"None";"None";"nan";"7.252789";"43.697222";"000KW"
"2021-60498";"2021-06-04";"1";"Vente";"200000.0";"16.0";"None";"AV DES ORANGERS";"4590";"06000";"06088";"Nice";"06";"None";"None";"06088000KW0120";"None";"None";"7";"nan";"None";"nan";"None";"nan";"None";"None";"None";"None";"1";"3";"Dépendance";"nan";"0.0";"None";"None";"None";"None";"nan";"7.252789";"43.697222";"000KW"
"2021-60592";"2021-06-04";"1";"Vente en l'état futur d'achèvement";"438000.0";"nan";"None";"AV LOUIS COCHOIS";"3740";"06000";"06088";"Nice";"06";"None";"None";"06088000KW0596";"None";"None";"101";"nan";"None";"nan";"None";"nan";"None";"None";"None";"None";"1";"None";"None";"nan";"nan";"None";"None";"None";"None";"nan";"7.250141";"43.697016";"000KW"
"2021-60592";"2021-06-04";"1";"Vente en l'état futur d'achèvement";"438000.0";"nan";"None";"AV LOUIS COCHOIS";"3740";"06000";"06088";"Nice";"06";"None";"None";"06088000KW0596";"None";"None";"13";"nan";"None";"nan";"None";"nan";"None";"None";"None";"None";"1";"None";"None";"nan";"nan";"None";"None";"None";"None";"nan";"7.250141";"43.697016";"000KW"
"2021-60592";"2021-06-04";"1";"Vente en l'état futur d'achèvement";"438000.0";"nan";"None";"AV LOUIS COCHOIS";"3740";"06000";"06088";"Nice";"06";"None";"None";"06088000KW0596";"None";"None";"29";"nan";"None";"nan";"None";"nan";"None";"None";"None";"None";"1";"None";"None";"nan";"nan";"None";"None";"None";"None";"nan";"7.250141";"43.697016";"000KW"
"2021-60276";"2021-06-02";"1";"Vente";"112000.0";"70.0";"None";"RUE DE FRANCE";"2595";"06000";"06088";"Nice";"06";"None";"None";"06088000KW0419";"None";"None";"105";"nan";"None";"nan";"None";"nan";"None";"None";"None";"None";"1";"2";"Appartement";"23.0";"1.0";"None";"None";"None";"None";"nan";"7.254973";"43.695132";"000KW"
"2021-60130";"2021-05-31";"1";"Vente";"305000.0";"11.0";"B";"AV FLEURS";"2460";"06000";"06088";"Nice";"06";"None";"None";"06088000KW0125";"None";"None";"34";"nan";"67";"53.3";"None";"nan";"None";"None";"None";"None";"2";"2";"Appartement";"45.0";"2.0";"None";"None";"None";"None";"nan";"7.253698";"43.697412";"000KW"
"2021-60558";"2021-05-31";"1";"Vente";"315000.0";"19.0";"None";"RUE ANDRIOLI";"0230";"06000";"06088";"Nice";"06";"None";"None";"06088000KW0206";"None";"None";"133";"nan";"2";"nan";"None";"nan";"None";"None";"None";"None";"2";"2";"Appartement";"88.0";"2.0";"None";"None";"None";"None";"nan";"7.253381";"43.696371";"000KW"
"2021-60134";"2021-05-31";"1";"Vente";"25000.0";"10.0";"None";"AV DES ORANGERS";"4590";"06000";"06088";"Nice";"06";"None";"None";"06088000KW0124";"None";"None";"44";"nan";"None";"nan";"None";"nan";"None";"None";"None";"None";"1";"3";"Dépendance";"nan";"0.0";"None";"None";"None";"None";"nan";"7.253552";"43.697329";"000KW"
"2021-60558";"2021-05-31";"1";"Vente";"315000.0";"19.0";"None";"RUE ANDRIOLI";"0230";"06000";"06088";"Nice";"06";"None";"None";"06088000KW0206";"None";"None";"133";"nan";"2";"nan";"None";"nan";"None";"None";"None";"None";"2";"3";"Dépendance";"nan";"0.0";"None";"None";"None";"None";"nan";"7.253381";"43.696371";"000KW"
"2021-60468";"2021-05-28";"1";"Vente";"172500.0";"1.0";"B";"RUE ANDRIOLI";"0230";"06000";"06088";"Nice";"06";"None";"None";"06088000KW0280";"None";"None";"83";"24.06";"None";"nan";"None";"nan";"None";"None";"None";"None";"1";"2";"Appartement";"25.0";"1.0";"None";"None";"None";"None";"nan";"7.254013";"43.694098";"000KW"
"2021-60092";"2021-05-27";"1";"Vente";"121000.0";"37.0";"None";"BD FRANCOIS GROSSO";"2630";"06000";"06088";"Nice";"06";"None";"None";"06088000KW0089";"None";"None";"28";"28.71";"None";"nan";"None";"nan";"None";"None";"None";"None";"1";"2";"Appartement";"27.0";"1.0";"None";"None";"None";"None";"nan";"7.250929";"43.696539";"000KW"
"2021-60332";"2021-05-27";"1";"Vente";"155000.0";"11.0";"B";"AV FLEURS";"2460";"06000";"06088";"Nice";"06";"None";"None";"06088000KW0125";"None";"None";"102";"29.12";"46";"nan";"None";"nan";"None";"None";"None";"None";"2";"2";"Appartement";"29.0";"1.0";"None";"None";"None";"None";"nan";"7.253698";"43.697412";"000KW"
"2021-60539";"2021-05-27";"1";"Vente";"361600.0";"1.0";"None";"RUE BOTTERO";"0925";"06000";"06088";"Nice";"06";"None";"None";"06088000KW0233";"None";"None";"28";"nan";"None";"nan";"None";"nan";"None";"None";"None";"None";"1";"2";"Appartement";"85.0";"4.0";"None";"None";"None";"None";"nan";"7.255744";"43.696544";"000KW"
"2021-60332";"2021-05-27";"1";"Vente";"155000.0";"11.0";"B";"AV FLEURS";"2460";"06000";"06088";"Nice";"06";"None";"None";"06088000KW0125";"None";"None";"102";"29.12";"46";"nan";"None";"nan";"None";"None";"None";"None";"2";"3";"Dépendance";"nan";"0.0";"None";"None";"None";"None";"nan";"7.253698";"43.697412";"000KW"
"2021-60539";"2021-05-27";"1";"Vente";"361600.0";"1.0";"None";"RUE BOTTERO";"0925";"06000";"06088";"Nice";"06";"None";"None";"06088000KW0233";"None";"None";"28";"nan";"None";"nan";"None";"nan";"None";"None";"None";"None";"1";"3";"Dépendance";"nan";"0.0";"None";"None";"None";"None";"nan";"7.255744";"43.696544";"000KW"
"2021-59750";"2021-05-25";"1";"Vente";"385800.0";"24.0";"None";"AV DES BAUMETTES";"0660";"06000";"06088";"Nice";"06";"None";"None";"06088000KW0081";"None";"None";"3";"83.05";"None";"nan";"None";"nan";"None";"None";"None";"None";"1";"2";"Appartement";"76.0";"2.0";"None";"None";"None";"None";"nan";"7.250258";"43.696294";"000KW"
"2021-59358";"2021-05-19";"2";"Vente";"180000.0";"14.0";"None";"AV LOUIS COCHOIS";"3740";"06000";"06088";"Nice";"06";"None";"None";"06088000KW0011";"None";"None";"43";"nan";"96";"34.04";"None";"nan";"None";"None";"None";"None";"2";"2";"Appartement";"29.0";"2.0";"None";"None";"None";"None";"nan";"7.250085";"43.697442";"000KW"
"2021-59357";"2021-05-19";"1";"Vente";"20000.0";"14.0";"None";"AV LOUIS COCHOIS";"3740";"06000";"06088";"Nice";"06";"None";"None";"06088000KW0011";"None";"None";"32";"nan";"None";"nan";"None";"nan";"None";"None";"None";"None";"1";"3";"Dépendance";"nan";"0.0";"None";"None";"None";"None";"nan";"7.250085";"43.697442";"000KW"
"2021-59358";"2021-05-19";"2";"Vente";"180000.0";"14.0";"None";"AV LOUIS COCHOIS";"3740";"06000";"06088";"Nice";"06";"None";"None";"06088000KW0011";"None";"None";"33";"nan";"None";"nan";"None";"nan";"None";"None";"None";"None";"1";"3";"Dépendance";"nan";"0.0";"None";"None";"None";"None";"nan";"7.250085";"43.697442";"000KW"
"2021-60077";"2021-05-18";"1";"Vente";"43000.0";"66.0";"None";"RUE DE FRANCE";"2595";"06000";"06088";"Nice";"06";"None";"None";"06088000KW0239";"None";"None";"34";"5.65";"None";"nan";"None";"nan";"None";"None";"None";"None";"1";"2";"Appartement";"16.0";"1.0";"None";"None";"None";"None";"nan";"7.25562";"43.695298";"000KW"
"2021-60390";"2021-05-18";"1";"Vente";"123000.0";"19.0";"None";"AV DES ORANGERS";"4590";"06000";"06088";"Nice";"06";"None";"None";"06088000KW0153";"None";"None";"219";"39.34";"95";"nan";"None";"nan";"None";"None";"None";"None";"2";"2";"Appartement";"39.0";"2.0";"None";"None";"None";"None";"nan";"7.252797";"43.696798";"000KW"
"2021-60390";"2021-05-18";"1";"Vente";"123000.0";"19.0";"None";"AV DES ORANGERS";"4590";"06000";"06088";"Nice";"06";"None";"None";"06088000KW0153";"None";"None";"219";"39.34";"95";"nan";"None";"nan";"None";"None";"None";"None";"2";"3";"Dépendance";"nan";"0.0";"None";"None";"None";"None";"nan";"7.252797";"43.696798";"000KW"
"2021-59436";"2021-05-17";"1";"Vente";"98000.0";"19.0";"None";"AV DES ORANGERS";"4590";"06000";"06088";"Nice";"06";"None";"None";"06088000KW0153";"None";"None";"188";"44.48";"None";"nan";"None";"nan";"None";"None";"None";"None";"1";"4";"Local industriel. commercial ou assimilé";"35.0";"0.0";"None";"None";"None";"None";"nan";"7.252797";"43.696798";"000KW"
"2021-59161";"2021-05-17";"1";"Vente en l'état futur d'achèvement";"390000.0";"nan";"None";"AV LOUIS COCHOIS";"3740";"06000";"06088";"Nice";"06";"None";"None";"06088000KW0596";"None";"None";"26";"nan";"None";"nan";"None";"nan";"None";"None";"None";"None";"1";"None";"None";"nan";"nan";"None";"None";"None";"None";"nan";"7.250141";"43.697016";"000KW"
"2021-59161";"2021-05-17";"1";"Vente en l'état futur d'achèvement";"390000.0";"nan";"None";"AV LOUIS COCHOIS";"3740";"06000";"06088";"Nice";"06";"None";"None";"06088000KW0596";"None";"None";"121";"nan";"None";"nan";"None";"nan";"None";"None";"None";"None";"1";"None";"None";"nan";"nan";"None";"None";"None";"None";"nan";"7.250141";"43.697016";"000KW"
"2021-59161";"2021-05-17";"1";"Vente en l'état futur d'achèvement";"390000.0";"nan";"None";"AV LOUIS COCHOIS";"3740";"06000";"06088";"Nice";"06";"None";"None";"06088000KW0596";"None";"None";"34";"45.5";"None";"nan";"None";"nan";"None";"None";"None";"None";"1";"None";"None";"nan";"nan";"None";"None";"None";"None";"nan";"7.250141";"43.697016";"000KW"
"2021-59088";"2021-05-12";"1";"Vente";"35000.0";"22.0";"None";"RUE BOTTERO";"0925";"06000";"06088";"Nice";"06";"None";"None";"06088000KW0153";"None";"None";"27";"nan";"None";"nan";"None";"nan";"None";"None";"None";"None";"1";"3";"Dépendance";"nan";"0.0";"None";"None";"None";"None";"nan";"7.252797";"43.696798";"000KW"
"2021-59008";"2021-05-11";"1";"Vente";"127500.0";"6.0";"None";"RUE ALEXIS MOSSA";"0094";"06000";"06088";"Nice";"06";"None";"None";"06088000KW0201";"None";"None";"58";"30.07";"None";"nan";"None";"nan";"None";"None";"None";"None";"1";"2";"Appartement";"29.0";"1.0";"None";"None";"None";"None";"nan";"7.253236";"43.696235";"000KW"
"2021-59124";"2021-05-11";"1";"Vente";"360000.0";"6.0";"B";"AV DES ORANGERS";"4590";"06000";"06088";"Nice";"06";"None";"None";"06088000KW0127";"None";"None";"62PO";"71.51";"None";"nan";"None";"nan";"None";"None";"None";"None";"1";"2";"Appartement";"72.0";"2.0";"None";"None";"None";"None";"nan";"7.254233";"43.697353";"000KW"
"2021-58520";"2021-05-10";"1";"Vente";"442000.0";"15.0";"None";"RUE BOTTERO";"0925";"06000";"06088";"Nice";"06";"None";"None";"06088000KW0220";"None";"None";"7";"62.66";"None";"nan";"None";"nan";"None";"None";"None";"None";"1";"2";"Appartement";"60.0";"2.0";"None";"None";"None";"None";"nan";"7.254119";"43.696415";"000KW"
"2021-58848";"2021-05-10";"1";"Vente";"297500.0";"1.0";"None";"RUE BOTTERO";"0925";"06000";"06088";"Nice";"06";"None";"None";"06088000KW0233";"None";"None";"33";"63.87";"None";"nan";"None";"nan";"None";"None";"None";"None";"1";"2";"Appartement";"57.0";"3.0";"None";"None";"None";"None";"nan";"7.255744";"43.696544";"000KW"
"2021-59059";"2021-05-10";"1";"Vente";"140000.0";"13.0";"None";"AV DES ORANGERS";"4590";"06000";"06088";"Nice";"06";"None";"None";"06088000KW0148";"None";"None";"43";"32.2";"6";"nan";"None";"nan";"None";"None";"None";"None";"2";"2";"Appartement";"30.0";"1.0";"None";"None";"None";"None";"nan";"7.253683";"43.696865";"000KW"
"2021-59085";"2021-05-10";"1";"Vente";"378000.0";"29.0";"None";"RUE BOTTERO";"0925";"06000";"06088";"Nice";"06";"None";"None";"06088000KW0174";"None";"None";"21";"80.14";"None";"nan";"None";"nan";"None";"None";"None";"None";"1";"2";"Appartement";"76.0";"3.0";"None";"None";"None";"None";"nan";"7.25216";"43.696227";"000KW"
"2021-59085";"2021-05-10";"1";"Vente";"378000.0";"29.0";"None";"RUE BOTTERO";"0925";"06000";"06088";"Nice";"06";"None";"None";"06088000KW0174";"None";"None";"9";"nan";"None";"nan";"None";"nan";"None";"None";"None";"None";"1";"3";"Dépendance";"nan";"0.0";"None";"None";"None";"None";"nan";"7.25216";"43.696227";"000KW"
"2021-59041";"2021-05-07";"1";"Vente";"550000.0";"25.0";"None";"AV DES ORANGERS";"4590";"06000";"06088";"Nice";"06";"None";"None";"06088000KW0156";"None";"None";"34";"72.62";"None";"nan";"None";"nan";"None";"None";"None";"None";"1";"2";"Appartement";"77.0";"4.0";"None";"None";"None";"None";"nan";"7.252013";"43.6969";"000KW"
"2021-59308";"2021-05-07";"1";"Vente";"200000.0";"45.0";"B";"BD FRANCOIS GROSSO";"2630";"06000";"06088";"Nice";"06";"None";"None";"06088000KW0432";"None";"None";"109";"nan";"None";"nan";"None";"nan";"None";"None";"None";"None";"1";"2";"Appartement";"33.0";"1.0";"None";"None";"None";"None";"nan";"7.250955";"43.697141";"000KW"
"2021-59308";"2021-05-07";"1";"Vente";"200000.0";"45.0";"B";"BD FRANCOIS GROSSO";"2630";"06000";"06088";"Nice";"06";"None";"None";"06088000KW0432";"None";"None";"107";"37.05";"109";"nan";"None";"nan";"None";"None";"None";"None";"2";"2";"Appartement";"40.0";"2.0";"None";"None";"None";"None";"nan";"7.250955";"43.697141";"000KW"
"2021-59308";"2021-05-07";"1";"Vente";"200000.0";"45.0";"B";"BD FRANCOIS GROSSO";"2630";"06000";"06088";"Nice";"06";"None";"None";"06088000KW0432";"None";"None";"109";"nan";"99";"58.23";"None";"nan";"None";"None";"None";"None";"2";"2";"Appartement";"61.0";"3.0";"None";"None";"None";"None";"nan";"7.250955";"43.697141";"000KW"
"2021-59308";"2021-05-07";"1";"Vente";"200000.0";"45.0";"B";"BD FRANCOIS GROSSO";"2630";"06000";"06088";"Nice";"06";"None";"None";"06088000KW0432";"None";"None";"109";"nan";"None";"nan";"None";"nan";"None";"None";"None";"None";"1";"2";"Appartement";"61.0";"3.0";"None";"None";"None";"None";"nan";"7.250955";"43.697141";"000KW"
"2021-59308";"2021-05-07";"1";"Vente";"200000.0";"45.0";"B";"BD FRANCOIS GROSSO";"2630";"06000";"06088";"Nice";"06";"None";"None";"06088000KW0432";"None";"None";"109";"nan";"None";"nan";"None";"nan";"None";"None";"None";"None";"1";"2";"Appartement";"42.0";"2.0";"None";"None";"None";"None";"nan";"7.250955";"43.697141";"000KW"
"2021-59308";"2021-05-07";"1";"Vente";"200000.0";"45.0";"B";"BD FRANCOIS GROSSO";"2630";"06000";"06088";"Nice";"06";"None";"None";"06088000KW0432";"None";"None";"108";"33.4";"109";"nan";"None";"nan";"None";"None";"None";"None";"2";"2";"Appartement";"38.0";"2.0";"None";"None";"None";"None";"nan";"7.250955";"43.697141";"000KW"
"2021-59308";"2021-05-07";"1";"Vente";"200000.0";"45.0";"B";"BD FRANCOIS GROSSO";"2630";"06000";"06088";"Nice";"06";"None";"None";"06088000KW0432";"None";"None";"109";"nan";"None";"nan";"None";"nan";"None";"None";"None";"None";"1";"2";"Appartement";"35.0";"2.0";"None";"None";"None";"None";"nan";"7.250955";"43.697141";"000KW"
"2021-59308";"2021-05-07";"1";"Vente";"200000.0";"45.0";"B";"BD FRANCOIS GROSSO";"2630";"06000";"06088";"Nice";"06";"None";"None";"06088000KW0432";"None";"None";"109";"nan";"None";"nan";"None";"nan";"None";"None";"None";"None";"1";"2";"Appartement";"36.0";"1.0";"None";"None";"None";"None";"nan";"7.250955";"43.697141";"000KW"
"2021-59308";"2021-05-07";"1";"Vente";"200000.0";"45.0";"B";"BD FRANCOIS GROSSO";"2630";"06000";"06088";"Nice";"06";"None";"None";"06088000KW0432";"None";"None";"109";"nan";"None";"nan";"None";"nan";"None";"None";"None";"None";"1";"2";"Appartement";"38.0";"2.0";"None";"None";"None";"None";"nan";"7.250955";"43.697141";"000KW"
"2021-59308";"2021-05-07";"1";"Vente";"200000.0";"45.0";"B";"BD FRANCOIS GROSSO";"2630";"06000";"06088";"Nice";"06";"None";"None";"06088000KW0432";"None";"None";"109";"nan";"None";"nan";"None";"nan";"None";"None";"None";"None";"1";"2";"Appartement";"45.0";"2.0";"None";"None";"None";"None";"nan";"7.250955";"43.697141";"000KW"
"2021-59308";"2021-05-07";"1";"Vente";"200000.0";"45.0";"B";"BD FRANCOIS GROSSO";"2630";"06000";"06088";"Nice";"06";"None";"None";"06088000KW0432";"None";"None";"109";"nan";"None";"nan";"None";"nan";"None";"None";"None";"None";"1";"2";"Appartement";"65.0";"3.0";"None";"None";"None";"None";"nan";"7.250955";"43.697141";"000KW"
"2021-59308";"2021-05-07";"1";"Vente";"200000.0";"45.0";"B";"BD FRANCOIS GROSSO";"2630";"06000";"06088";"Nice";"06";"None";"None";"06088000KW0432";"None";"None";"109";"nan";"None";"nan";"None";"nan";"None";"None";"None";"None";"1";"2";"Appartement";"30.0";"1.0";"None";"None";"None";"None";"nan";"7.250955";"43.697141";"000KW"
"2021-59041";"2021-05-07";"1";"Vente";"550000.0";"25.0";"None";"AV DES ORANGERS";"4590";"06000";"06088";"Nice";"06";"None";"None";"06088000KW0156";"None";"None";"5";"nan";"None";"nan";"None";"nan";"None";"None";"None";"None";"1";"3";"Dépendance";"nan";"0.0";"None";"None";"None";"None";"nan";"7.252013";"43.6969";"000KW"
"2021-59540";"2021-05-06";"1";"Vente";"24000.0";"90.0";"None";"RUE DE FRANCE";"2595";"06000";"06088";"Nice";"06";"None";"None";"06088000KW0369";"None";"None";"1271";"nan";"None";"nan";"None";"nan";"None";"None";"None";"None";"1";"3";"Dépendance";"nan";"0.0";"None";"None";"None";"None";"nan";"7.252761";"43.694482";"000KW"
"2021-59710";"2021-05-05";"1";"Vente";"70000.0";"53.0";"None";"PROM DES ANGLAIS";"0240";"06000";"06088";"Nice";"06";"None";"None";"06088000KW0282";"None";"None";"77";"9.85";"None";"nan";"None";"nan";"None";"None";"None";"None";"1";"3";"Dépendance";"nan";"0.0";"None";"None";"None";"None";"nan";"7.254413";"43.693761";"000KW"
"2021-59443";"2021-05-05";"1";"Vente";"360000.0";"15.0";"None";"RUE ALEXIS MOSSA";"0094";"06000";"06088";"Nice";"06";"None";"None";"06088000KW0183";"None";"None";"1";"218.81";"None";"nan";"None";"nan";"None";"None";"None";"None";"1";"4";"Local industriel. commercial ou assimilé";"290.0";"0.0";"None";"None";"None";"None";"nan";"7.252412";"43.695896";"000KW"
"2021-58756";"2021-05-04";"1";"Vente";"213000.0";"15.0";"None";"AV DES ORANGERS";"4590";"06000";"06088";"Nice";"06";"None";"None";"06088000KW0149";"None";"None";"14";"53.56";"38";"nan";"None";"nan";"None";"None";"None";"None";"2";"2";"Appartement";"47.0";"2.0";"None";"None";"None";"None";"nan";"7.253415";"43.696904";"000KW"
"2021-59236";"2021-05-03";"1";"Vente";"45000.0";"22.0";"None";"RUE BOTTERO";"0925";"06000";"06088";"Nice";"06";"None";"None";"06088000KW0153";"None";"None";"19";"nan";"None";"nan";"None";"nan";"None";"None";"None";"None";"1";"3";"Dépendance";"nan";"0.0";"None";"None";"None";"None";"nan";"7.252797";"43.696798";"000KW"
"2021-58389";"2021-04-30";"1";"Vente";"248000.0";"10.0";"B";"BD FRANCOIS GROSSO";"2630";"06000";"06088";"Nice";"06";"None";"None";"06088000KW0186";"None";"None";"11";"49.27";"35";"nan";"None";"nan";"None";"None";"None";"None";"2";"2";"Appartement";"49.0";"2.0";"None";"None";"None";"None";"nan";"7.252003";"43.695813";"000KW"
"2021-59108";"2021-04-30";"1";"Vente";"160000.0";"76.0";"None";"AV BAUMETTES BELLEVUE";"0663";"06000";"06088";"Nice";"06";"None";"None";"06088000KW0005";"None";"None";"391";"nan";"427";"63.91";"None";"nan";"None";"None";"None";"None";"2";"2";"Appartement";"73.0";"3.0";"None";"None";"None";"None";"nan";"7.250071";"43.698297";"000KW"
"2021-59013";"2021-04-29";"1";"Vente";"40000.0";"19.0";"None";"RUE ANDRIOLI";"0230";"06000";"06088";"Nice";"06";"None";"None";"06088000KW0206";"None";"None";"33";"nan";"None";"nan";"None";"nan";"None";"None";"None";"None";"1";"3";"Dépendance";"nan";"0.0";"None";"None";"None";"None";"nan";"7.253381";"43.696371";"000KW"
"2021-58596";"2021-04-27";"1";"Vente";"90000.0";"55.0";"None";"BD FRANCOIS GROSSO";"2630";"06000";"06088";"Nice";"06";"None";"None";"06088000KW0103";"None";"None";"43";"nan";"None";"nan";"None";"nan";"None";"None";"None";"None";"1";"2";"Appartement";"31.0";"1.0";"None";"None";"None";"None";"nan";"7.251033";"43.69772";"000KW"
"2021-58634";"2021-04-26";"1";"Vente";"145500.0";"19.0";"None";"AV DES ORANGERS";"4590";"06000";"06088";"Nice";"06";"None";"None";"06088000KW0153";"None";"None";"222";"37.49";"94";"nan";"None";"nan";"None";"None";"None";"None";"2";"2";"Appartement";"41.0";"1.0";"None";"None";"None";"None";"nan";"7.252797";"43.696798";"000KW"
"2021-57949";"2021-04-21";"1";"Vente";"119020.0";"4.0";"None";"RUE JOSEPH FRICERO";"3470";"06000";"06088";"Nice";"06";"None";"None";"06088000KW0267";"None";"None";"2";"nan";"None";"nan";"None";"nan";"None";"None";"None";"None";"1";"2";"Appartement";"15.0";"1.0";"None";"None";"None";"None";"nan";"7.254606";"43.695382";"000KW"
"2021-57949";"2021-04-21";"1";"Vente";"119020.0";"4.0";"None";"RUE JOSEPH FRICERO";"3470";"06000";"06088";"Nice";"06";"None";"None";"06088000KW0267";"None";"None";"1";"nan";"None";"nan";"None";"nan";"None";"None";"None";"None";"1";"3";"Dépendance";"nan";"0.0";"None";"None";"None";"None";"nan";"7.254606";"43.695382";"000KW"
"2021-58711";"2021-04-20";"1";"Vente";"580000.0";"53.0";"None";"PROM DES ANGLAIS";"0240";"06000";"06088";"Nice";"06";"None";"None";"06088000KW0282";"None";"None";"132";"nan";"19";"115.6";"None";"nan";"None";"None";"None";"None";"2";"2";"Appartement";"112.0";"3.0";"None";"None";"None";"None";"nan";"7.254413";"43.693761";"000KW"
"2021-58543";"2021-04-20";"1";"Vente";"28000.0";"21.0";"None";"BD FRANCOIS GROSSO";"2630";"06000";"06088";"Nice";"06";"None";"None";"06088000KW0076";"None";"None";"306";"nan";"None";"nan";"None";"nan";"None";"None";"None";"None";"1";"3";"Dépendance";"nan";"0.0";"None";"None";"None";"None";"nan";"7.251171";"43.696065";"000KW"
"2021-58696";"2021-04-19";"1";"Vente";"408500.0";"11.0";"None";"BD GAMBETTA";"2755";"06000";"06088";"Nice";"06";"None";"None";"06088000KW0249";"None";"None";"18";"122.53";"57";"nan";"None";"nan";"None";"None";"None";"None";"2";"2";"Appartement";"110.0";"4.0";"None";"None";"None";"None";"nan";"7.255965";"43.694979";"000KW"
"2021-58384";"2021-04-17";"1";"Vente";"151000.0";"17.0";"None";"AV FLEURS";"2460";"06000";"06088";"Nice";"06";"None";"None";"06088000KW0123";"None";"None";"85";"40.5";"None";"nan";"None";"nan";"None";"None";"None";"None";"1";"2";"Appartement";"40.0";"1.0";"None";"None";"None";"None";"nan";"7.253164";"43.697428";"000KW"
"2021-57541";"2021-04-16";"1";"Vente";"90000.0";"1.0";"None";"RUE JOSEPH FRICERO";"3470";"06000";"06088";"Nice";"06";"None";"None";"06088000KW0515";"None";"None";"32";"40.83";"None";"nan";"None";"nan";"None";"None";"None";"None";"1";"2";"Appartement";"40.0";"1.0";"None";"None";"None";"None";"nan";"7.254373";"43.694881";"000KW"
"2021-58030";"2021-04-16";"1";"Vente";"84000.0";"45.0";"B";"BD FRANCOIS GROSSO";"2630";"06000";"06088";"Nice";"06";"None";"None";"06088000KW0432";"None";"None";"98";"23.05";"None";"nan";"None";"nan";"None";"None";"None";"None";"1";"2";"Appartement";"30.0";"1.0";"None";"None";"None";"None";"nan";"7.250955";"43.697141";"000KW"
"2021-57417";"2021-04-15";"1";"Vente";"230000.0";"9.0";"None";"AV DES ORANGERS";"4590";"06000";"06088";"Nice";"06";"None";"None";"06088000KW0144";"None";"None";"23";"34.11";"55";"nan";"None";"nan";"None";"None";"None";"None";"2";"2";"Appartement";"32.0";"1.0";"None";"None";"None";"None";"nan";"7.254202";"43.696919";"000KW"
"2021-57833";"2021-04-14";"1";"Vente";"142450.0";"57.0";"None";"BD FRANCOIS GROSSO";"2630";"06000";"06088";"Nice";"06";"None";"None";"06088000KW0107";"None";"None";"18";"nan";"34";"55.9";"None";"nan";"None";"None";"None";"None";"2";"2";"Appartement";"57.0";"2.0";"None";"None";"None";"None";"nan";"7.25101";"43.698207";"000KW"
"2021-57833";"2021-04-14";"1";"Vente";"142450.0";"57.0";"None";"BD FRANCOIS GROSSO";"2630";"06000";"06088";"Nice";"06";"None";"None";"06088000KW0107";"None";"None";"3";"nan";"None";"nan";"None";"nan";"None";"None";"None";"None";"1";"3";"Dépendance";"nan";"0.0";"None";"None";"None";"None";"nan";"7.25101";"43.698207";"000KW"
"2021-57311";"2021-04-13";"1";"Vente";"25000.0";"44.0";"None";"RUE DES POTIERS";"5225";"06000";"06088";"Nice";"06";"None";"None";"06088000KW0116";"None";"None";"16";"nan";"None";"nan";"None";"nan";"None";"None";"None";"None";"1";"3";"Dépendance";"nan";"0.0";"None";"None";"None";"None";"nan";"7.252397";"43.6976";"000KW"
"2021-57887";"2021-04-13";"1";"Vente";"30000.0";"21.0";"None";"BD FRANCOIS GROSSO";"2630";"06000";"06088";"Nice";"06";"None";"None";"06088000KW0076";"None";"None";"256";"nan";"None";"nan";"None";"nan";"None";"None";"None";"None";"1";"3";"Dépendance";"nan";"0.0";"None";"None";"None";"None";"nan";"7.251171";"43.696065";"000KW"
"2021-58160";"2021-04-09";"1";"Vente";"560000.0";"11.0";"None";"AV FLEURS";"2460";"06000";"06088";"Nice";"06";"None";"None";"06088000KW0125";"None";"None";"11";"nan";"85";"102.73";"None";"nan";"None";"None";"None";"None";"2";"2";"Appartement";"100.0";"3.0";"None";"None";"None";"None";"nan";"7.253698";"43.697412";"000KW"
"2021-58160";"2021-04-09";"1";"Vente";"560000.0";"11.0";"None";"AV FLEURS";"2460";"06000";"06088";"Nice";"06";"None";"None";"06088000KW0125";"None";"None";"16";"nan";"86";"42.12";"None";"nan";"None";"None";"None";"None";"2";"2";"Appartement";"41.0";"1.0";"None";"None";"None";"None";"nan";"7.253698";"43.697412";"000KW"
"2021-57243";"2021-04-08";"1";"Vente";"253000.0";"4.0";"None";"RUE BOTTERO";"0925";"06000";"06088";"Nice";"06";"None";"None";"06088000KW0473";"None";"None";"1";"nan";"12";"70.92";"None";"nan";"None";"None";"None";"None";"2";"2";"Appartement";"73.0";"3.0";"None";"None";"None";"None";"nan";"7.255531";"43.696847";"000KW"
"2021-57659";"2021-04-07";"1";"Vente";"110000.0";"76.0";"None";"AV BAUMETTES HORIZON";"0666";"06000";"06088";"Nice";"06";"None";"None";"06088000KW0005";"None";"None";"11";"nan";"90";"21.61";"None";"nan";"None";"None";"None";"None";"2";"2";"Appartement";"22.0";"1.0";"None";"None";"None";"None";"nan";"7.250071";"43.698297";"000KW"
"2021-57661";"2021-04-07";"1";"Vente";"182000.0";"10.0";"None";"AV DES ORANGERS";"4590";"06000";"06088";"Nice";"06";"None";"None";"06088000KW0124";"None";"None";"103";"29.01";"None";"nan";"None";"nan";"None";"None";"None";"None";"1";"2";"Appartement";"30.0";"1.0";"None";"None";"None";"None";"nan";"7.253552";"43.697329";"000KW"
"2021-57231";"2021-04-03";"1";"Vente";"225000.0";"20.0";"None";"RUE BOTTERO";"0925";"06000";"06088";"Nice";"06";"None";"None";"06088000KW0151";"None";"None";"15";"39.52";"None";"nan";"None";"nan";"None";"None";"None";"None";"1";"2";"Appartement";"36.0";"2.0";"None";"None";"None";"None";"nan";"7.253065";"43.696697";"000KW"
"2021-56816";"2021-04-01";"1";"Vente";"220000.0";"4.0";"None";"RUE JOSEPH FRICERO";"3470";"06000";"06088";"Nice";"06";"None";"None";"06088000KW0267";"None";"None";"14";"60.02";"None";"nan";"None";"nan";"None";"None";"None";"None";"1";"2";"Appartement";"54.0";"3.0";"None";"None";"None";"None";"nan";"7.254606";"43.695382";"000KW"
"2021-56932";"2021-03-31";"1";"Vente";"290000.0";"25.0";"None";"AV DES ORANGERS";"4590";"06000";"06088";"Nice";"06";"None";"None";"06088000KW0156";"None";"None";"31";"44.58";"None";"nan";"None";"nan";"None";"None";"None";"None";"1";"2";"Appartement";"46.0";"2.0";"None";"None";"None";"None";"nan";"7.252013";"43.6969";"000KW"
"2021-56932";"2021-03-31";"1";"Vente";"290000.0";"25.0";"None";"AV DES ORANGERS";"4590";"06000";"06088";"Nice";"06";"None";"None";"06088000KW0156";"None";"None";"7";"nan";"None";"nan";"None";"nan";"None";"None";"None";"None";"1";"3";"Dépendance";"nan";"0.0";"None";"None";"None";"None";"nan";"7.252013";"43.6969";"000KW"
"2021-56711";"2021-03-30";"1";"Vente";"283000.0";"39.0";"None";"BD FRANCOIS GROSSO";"2630";"06000";"06088";"Nice";"06";"None";"None";"06088000KW0091";"None";"None";"18";"nan";"29";"nan";"None";"nan";"None";"None";"None";"None";"2";"2";"Appartement";"63.0";"3.0";"None";"None";"None";"None";"nan";"7.251197";"43.696836";"000KW"
"2021-57522";"2021-03-30";"1";"Vente";"190000.0";"42.0";"None";"RUE DES POTIERS";"5225";"06000";"06088";"Nice";"06";"None";"None";"06088000KW0118";"None";"None";"11";"nan";"26";"52.61";"None";"nan";"None";"None";"None";"None";"2";"2";"Appartement";"57.0";"2.0";"None";"None";"None";"None";"nan";"7.252555";"43.697303";"000KW"
"2021-57859";"2021-03-30";"1";"Vente";"275000.0";"76.0";"None";"AV BAUMETTES OLIVIERS";"0662";"06000";"06088";"Nice";"06";"None";"None";"06088000KW0005";"None";"None";"270";"nan";"340";"nan";"None";"nan";"None";"None";"None";"None";"2";"2";"Appartement";"46.0";"2.0";"None";"None";"None";"None";"nan";"7.250071";"43.698297";"000KW"
"2021-56896";"2021-03-29";"1";"Vente";"168000.0";"8.0";"None";"BD FRANCOIS GROSSO";"2630";"06000";"06088";"Nice";"06";"None";"None";"06088000KW0321";"None";"None";"27";"29.4";"None";"nan";"None";"nan";"None";"None";"None";"None";"1";"2";"Appartement";"39.0";"2.0";"None";"None";"None";"None";"nan";"7.25226";"43.695046";"000KW"
"2021-56927";"2021-03-26";"1";"Vente";"754825.0";"4.0";"None";"RUE SAINT PHILIPPE";"5895";"06000";"06088";"Nice";"06";"None";"None";"06088000KW0252";"None";"None";"75B";"112.11";"None";"nan";"None";"nan";"None";"None";"None";"None";"1";"2";"Appartement";"120.0";"5.0";"None";"None";"None";"None";"nan";"7.255928";"43.694042";"000KW"
"2021-57189";"2021-03-26";"1";"Vente";"146510.0";"10.0";"B";"BD FRANCOIS GROSSO";"2630";"06000";"06088";"Nice";"06";"None";"None";"06088000KW0186";"None";"None";"33";"nan";"43";"nan";"None";"nan";"None";"None";"None";"None";"2";"2";"Appartement";"30.0";"1.0";"None";"None";"None";"None";"nan";"7.252003";"43.695813";"000KW"
"2021-56707";"2021-03-25";"1";"Vente";"465000.0";"5.0";"None";"AV FLEURS";"2460";"06000";"06088";"Nice";"06";"None";"None";"06088000KW0131";"None";"None";"23";"80.16";"None";"nan";"None";"nan";"None";"None";"None";"None";"1";"2";"Appartement";"80.0";"3.0";"None";"None";"None";"None";"nan";"7.255071";"43.697471";"000KW"
"2021-56837";"2021-03-25";"1";"Vente";"275000.0";"21.0";"None";"AV FLEURS";"2460";"06000";"06088";"Nice";"06";"None";"None";"06088000KW0114";"None";"None";"14";"nan";"7";"nan";"None";"nan";"None";"None";"None";"None";"2";"2";"Appartement";"70.0";"3.0";"None";"None";"None";"None";"nan";"7.252479";"43.697761";"000KW"
"2021-57716";"2021-03-25";"1";"Vente";"260000.0";"7.0";"None";"RUE ALEXIS MOSSA";"0094";"06000";"06088";"Nice";"06";"None";"None";"06088000KW0192";"None";"None";"48";"nan";"79";"37.17";"None";"nan";"None";"None";"None";"None";"2";"2";"Appartement";"40.0";"1.0";"None";"None";"None";"None";"nan";"7.253074";"43.695885";"000KW"
"2021-56178";"2021-03-23";"1";"Vente";"282500.0";"1.0";"None";"RUE ANDRIOLI";"0230";"06000";"06088";"Nice";"06";"None";"None";"06088000KW0281";"None";"None";"15";"nan";"54";"55.02";"None";"nan";"None";"None";"None";"None";"2";"2";"Appartement";"49.0";"2.0";"None";"None";"None";"None";"nan";"7.254147";"43.693921";"000KW"
"2021-56162";"2021-03-22";"1";"Vente";"228000.0";"76.0";"None";"AV BAUMETTES OLIVIERS";"0662";"06000";"06088";"Nice";"06";"None";"None";"06088000KW0005";"None";"None";"265";"nan";"311";"59.08";"None";"nan";"None";"None";"None";"None";"2";"2";"Appartement";"60.0";"3.0";"None";"None";"None";"None";"nan";"7.250071";"43.698297";"000KW"
"2021-56493";"2021-03-19";"1";"Vente";"610000.0";"3.0";"None";"AV DES ORANGERS";"4590";"06000";"06088";"Nice";"06";"None";"None";"06088000KW0387";"None";"None";"233";"nan";"249";"103.5";"None";"nan";"None";"None";"None";"None";"2";"2";"Appartement";"120.0";"4.0";"None";"None";"None";"None";"nan";"7.254509";"43.696873";"000KW"
"2021-56552";"2021-03-19";"1";"Vente";"542860.0";"68.0";"None";"RUE DE FRANCE";"2595";"06000";"06088";"Nice";"06";"None";"None";"06088000KW0246";"None";"None";"10";"131.4";"2";"nan";"None";"nan";"None";"None";"None";"None";"2";"2";"Appartement";"135.0";"4.0";"None";"None";"None";"None";"nan";"7.255434";"43.695279";"000KW"
"2021-57075";"2021-03-19";"1";"Vente";"520000.0";"6.0";"None";"RUE BOTTERO";"0925";"06000";"06088";"Nice";"06";"None";"None";"06088000KW0141";"None";"None";"141";"68.09";"None";"nan";"None";"nan";"None";"None";"None";"None";"1";"2";"Appartement";"65.0";"3.0";"None";"None";"None";"None";"nan";"7.255299";"43.696854";"000KW"
"2021-57075";"2021-03-19";"1";"Vente";"520000.0";"6.0";"None";"RUE BOTTERO";"0925";"06000";"06088";"Nice";"06";"None";"None";"06088000KW0141";"None";"None";"104";"nan";"None";"nan";"None";"nan";"None";"None";"None";"None";"1";"3";"Dépendance";"nan";"0.0";"None";"None";"None";"None";"nan";"7.255299";"43.696854";"000KW"
"2021-56691";"2021-03-18";"1";"Vente";"2000000.0";"16.0";"None";"AV MARIE CHRISTINE";"4055";"06000";"06088";"Nice";"06";"None";"None";"06088000KW0045";"None";"None";"None";"nan";"None";"nan";"None";"nan";"None";"None";"None";"None";"0";"1";"Maison";"315.0";"7.0";"S";"sols";"None";"None";"1102.0";"7.249795";"43.695903";"000KW"
"2021-56904";"2021-03-18";"1";"Vente";"26000.0";"90.0";"None";"RUE DE FRANCE";"2595";"06000";"06088";"Nice";"06";"None";"None";"06088000KW0369";"None";"None";"1021";"nan";"None";"nan";"None";"nan";"None";"None";"None";"None";"1";"3";"Dépendance";"nan";"0.0";"None";"None";"None";"None";"nan";"7.252761";"43.694482";"000KW"
"2021-56424";"2021-03-17";"1";"Vente";"115000.0";"45.0";"B";"BD FRANCOIS GROSSO";"2630";"06000";"06088";"Nice";"06";"None";"None";"06088000KW0432";"None";"None";"109";"nan";"None";"nan";"None";"nan";"None";"None";"None";"None";"1";"2";"Appartement";"35.0";"2.0";"None";"None";"None";"None";"nan";"7.250955";"43.697141";"000KW"
"2021-56424";"2021-03-17";"1";"Vente";"115000.0";"45.0";"B";"BD FRANCOIS GROSSO";"2630";"06000";"06088";"Nice";"06";"None";"None";"06088000KW0432";"None";"None";"109";"nan";"None";"nan";"None";"nan";"None";"None";"None";"None";"1";"2";"Appartement";"38.0";"2.0";"None";"None";"None";"None";"nan";"7.250955";"43.697141";"000KW"
"2021-56424";"2021-03-17";"1";"Vente";"115000.0";"45.0";"B";"BD FRANCOIS GROSSO";"2630";"06000";"06088";"Nice";"06";"None";"None";"06088000KW0432";"None";"None";"109";"nan";"None";"nan";"None";"nan";"None";"None";"None";"None";"1";"2";"Appartement";"42.0";"2.0";"None";"None";"None";"None";"nan";"7.250955";"43.697141";"000KW"
"2021-56424";"2021-03-17";"1";"Vente";"115000.0";"45.0";"B";"BD FRANCOIS GROSSO";"2630";"06000";"06088";"Nice";"06";"None";"None";"06088000KW0432";"None";"None";"109";"nan";"None";"nan";"None";"nan";"None";"None";"None";"None";"1";"2";"Appartement";"40.0";"2.0";"None";"None";"None";"None";"nan";"7.250955";"43.697141";"000KW"
"2021-56424";"2021-03-17";"1";"Vente";"115000.0";"45.0";"B";"BD FRANCOIS GROSSO";"2630";"06000";"06088";"Nice";"06";"None";"None";"06088000KW0432";"None";"None";"104";"nan";"109";"nan";"None";"nan";"None";"None";"None";"None";"2";"2";"Appartement";"38.0";"2.0";"None";"None";"None";"None";"nan";"7.250955";"43.697141";"000KW"
"2021-56424";"2021-03-17";"1";"Vente";"115000.0";"45.0";"B";"BD FRANCOIS GROSSO";"2630";"06000";"06088";"Nice";"06";"None";"None";"06088000KW0432";"None";"None";"109";"nan";"None";"nan";"None";"nan";"None";"None";"None";"None";"1";"2";"Appartement";"45.0";"2.0";"None";"None";"None";"None";"nan";"7.250955";"43.697141";"000KW"
"2021-56424";"2021-03-17";"1";"Vente";"115000.0";"45.0";"B";"BD FRANCOIS GROSSO";"2630";"06000";"06088";"Nice";"06";"None";"None";"06088000KW0432";"None";"None";"109";"nan";"None";"nan";"None";"nan";"None";"None";"None";"None";"1";"2";"Appartement";"65.0";"3.0";"None";"None";"None";"None";"nan";"7.250955";"43.697141";"000KW"
"2021-56424";"2021-03-17";"1";"Vente";"115000.0";"45.0";"B";"BD FRANCOIS GROSSO";"2630";"06000";"06088";"Nice";"06";"None";"None";"06088000KW0432";"None";"None";"109";"nan";"None";"nan";"None";"nan";"None";"None";"None";"None";"1";"2";"Appartement";"33.0";"1.0";"None";"None";"None";"None";"nan";"7.250955";"43.697141";"000KW"
"2021-56424";"2021-03-17";"1";"Vente";"115000.0";"45.0";"B";"BD FRANCOIS GROSSO";"2630";"06000";"06088";"Nice";"06";"None";"None";"06088000KW0432";"None";"None";"109";"nan";"None";"nan";"None";"nan";"None";"None";"None";"None";"1";"2";"Appartement";"61.0";"3.0";"None";"None";"None";"None";"nan";"7.250955";"43.697141";"000KW"
"2021-56424";"2021-03-17";"1";"Vente";"115000.0";"45.0";"B";"BD FRANCOIS GROSSO";"2630";"06000";"06088";"Nice";"06";"None";"None";"06088000KW0432";"None";"None";"109";"nan";"None";"nan";"None";"nan";"None";"None";"None";"None";"1";"2";"Appartement";"61.0";"3.0";"None";"None";"None";"None";"nan";"7.250955";"43.697141";"000KW"
"2021-56424";"2021-03-17";"1";"Vente";"115000.0";"45.0";"B";"BD FRANCOIS GROSSO";"2630";"06000";"06088";"Nice";"06";"None";"None";"06088000KW0432";"None";"None";"109";"nan";"None";"nan";"None";"nan";"None";"None";"None";"None";"1";"2";"Appartement";"30.0";"1.0";"None";"None";"None";"None";"nan";"7.250955";"43.697141";"000KW"
"2021-56424";"2021-03-17";"1";"Vente";"115000.0";"45.0";"B";"BD FRANCOIS GROSSO";"2630";"06000";"06088";"Nice";"06";"None";"None";"06088000KW0432";"None";"None";"109";"nan";"None";"nan";"None";"nan";"None";"None";"None";"None";"1";"2";"Appartement";"36.0";"1.0";"None";"None";"None";"None";"nan";"7.250955";"43.697141";"000KW"
"2021-56089";"2021-03-16";"1";"Vente";"210000.0";"14.0";"None";"AV LOUIS COCHOIS";"3740";"06000";"06088";"Nice";"06";"None";"None";"06088000KW0011";"None";"None";"88";"33.07";"None";"nan";"None";"nan";"None";"None";"None";"None";"1";"2";"Appartement";"32.0";"2.0";"None";"None";"None";"None";"nan";"7.250085";"43.697442";"000KW"
"2021-56047";"2021-03-16";"1";"Vente";"48000.0";"15.0";"None";"RUE DANTE";"1835";"06000";"06088";"Nice";"06";"None";"None";"06088000KW0300";"None";"None";"86";"nan";"None";"nan";"None";"nan";"None";"None";"None";"None";"1";"3";"Dépendance";"nan";"0.0";"None";"None";"None";"None";"nan";"7.253574";"43.695318";"000KW"
"2021-56089";"2021-03-16";"1";"Vente";"210000.0";"14.0";"None";"AV LOUIS COCHOIS";"3740";"06000";"06088";"Nice";"06";"None";"None";"06088000KW0011";"None";"None";"35";"nan";"None";"nan";"None";"nan";"None";"None";"None";"None";"1";"3";"Dépendance";"nan";"0.0";"None";"None";"None";"None";"nan";"7.250085";"43.697442";"000KW"
"2021-56404";"2021-03-15";"1";"Vente";"430000.0";"17.0";"None";"AV DES BAUMETTES";"0660";"06000";"06088";"Nice";"06";"None";"None";"06088000KW0060";"None";"None";"12";"nan";"54";"93.14";"None";"nan";"None";"None";"None";"None";"2";"2";"Appartement";"105.0";"3.0";"None";"None";"None";"None";"nan";"7.250529";"43.695381";"000KW"
"2021-56404";"2021-03-15";"1";"Vente";"430000.0";"17.0";"None";"AV DES BAUMETTES";"0660";"06000";"06088";"Nice";"06";"None";"None";"06088000KW0060";"None";"None";"7";"nan";"None";"nan";"None";"nan";"None";"None";"None";"None";"1";"3";"Dépendance";"nan";"0.0";"None";"None";"None";"None";"nan";"7.250529";"43.695381";"000KW"
"2021-55760";"2021-03-10";"1";"Vente";"32000.0";"19.0";"None";"RUE ANDRIOLI";"0230";"06000";"06088";"Nice";"06";"None";"None";"06088000KW0206";"None";"None";"34";"nan";"None";"nan";"None";"nan";"None";"None";"None";"None";"1";"3";"Dépendance";"nan";"0.0";"None";"None";"None";"None";"nan";"7.253381";"43.696371";"000KW"
"2021-56279";"2021-03-08";"1";"Vente";"115000.0";"5.0";"None";"BD GAMBETTA";"2755";"06000";"06088";"Nice";"06";"None";"None";"06088000KW0446";"None";"None";"189";"15.38";"None";"nan";"None";"nan";"None";"None";"None";"None";"1";"2";"Appartement";"16.0";"1.0";"None";"None";"None";"None";"nan";"7.255854";"43.694672";"000KW"
"2021-56667";"2021-03-04";"1";"Vente";"475000.0";"4.0";"B";"RUE SAINT PHILIPPE";"5895";"06000";"06088";"Nice";"06";"None";"None";"06088000KW0252";"None";"None";"3B";"nan";"None";"nan";"None";"nan";"None";"None";"None";"None";"1";"2";"Appartement";"9.0";"1.0";"None";"None";"None";"None";"nan";"7.255928";"43.694042";"000KW"
"2021-55846";"2021-03-03";"1";"Vente";"14000.0";"76.0";"None";"AV BAUMETTES BELLEVUE";"0663";"06000";"06088";"Nice";"06";"None";"None";"06088000KW0005";"None";"None";"441";"17.76";"None";"nan";"None";"nan";"None";"None";"None";"None";"1";"3";"Dépendance";"nan";"0.0";"None";"None";"None";"None";"nan";"7.250071";"43.698297";"000KW"
"2021-56324";"2021-03-03";"1";"Vente en l'état futur d'achèvement";"498000.0";"nan";"None";"AV LOUIS COCHOIS";"3740";"06000";"06088";"Nice";"06";"None";"None";"06088000KW0596";"None";"None";"129";"nan";"None";"nan";"None";"nan";"None";"None";"None";"None";"1";"None";"None";"nan";"nan";"None";"None";"None";"None";"nan";"7.250141";"43.697016";"000KW"
"2021-56324";"2021-03-03";"1";"Vente en l'état futur d'achèvement";"498000.0";"nan";"None";"AV LOUIS COCHOIS";"3740";"06000";"06088";"Nice";"06";"None";"None";"06088000KW0596";"None";"None";"127";"nan";"None";"nan";"None";"nan";"None";"None";"None";"None";"1";"None";"None";"nan";"nan";"None";"None";"None";"None";"nan";"7.250141";"43.697016";"000KW"
"2021-56324";"2021-03-03";"1";"Vente en l'état futur d'achèvement";"498000.0";"nan";"None";"AV LOUIS COCHOIS";"3740";"06000";"06088";"Nice";"06";"None";"None";"06088000KW0596";"None";"None";"85";"nan";"None";"nan";"None";"nan";"None";"None";"None";"None";"1";"None";"None";"nan";"nan";"None";"None";"None";"None";"nan";"7.250141";"43.697016";"000KW"
"2021-56465";"2021-03-02";"1";"Vente";"82000.0";"90.0";"None";"RUE DE FRANCE";"2595";"06000";"06088";"Nice";"06";"None";"None";"06088000KW0369";"None";"None";"1052";"17.53";"None";"nan";"None";"nan";"None";"None";"None";"None";"1";"2";"Appartement";"18.0";"1.0";"None";"None";"None";"None";"nan";"7.252761";"43.694482";"000KW"
"2021-55960";"2021-03-01";"1";"Vente";"158000.0";"7.0";"None";"RUE ALEXIS MOSSA";"0094";"06000";"06088";"Nice";"06";"None";"None";"06088000KW0192";"None";"None";"88";"nan";"None";"nan";"None";"nan";"None";"None";"None";"None";"1";"2";"Appartement";"34.0";"1.0";"None";"None";"None";"None";"nan";"7.253074";"43.695885";"000KW"
"2021-55542";"2021-02-26";"1";"Vente";"149250.0";"17.0";"None";"AV FLEURS";"2460";"06000";"06088";"Nice";"06";"None";"None";"06088000KW0123";"None";"None";"84";"32.24";"None";"nan";"None";"nan";"None";"None";"None";"None";"1";"2";"Appartement";"31.0";"1.0";"None";"None";"None";"None";"nan";"7.253164";"43.697428";"000KW"
"2021-55663";"2021-02-26";"1";"Vente";"126000.0";"17.0";"None";"AV FLEURS";"2460";"06000";"06088";"Nice";"06";"None";"None";"06088000KW0123";"None";"None";"40";"33.59";"None";"nan";"None";"nan";"None";"None";"None";"None";"1";"4";"Local industriel. commercial ou assimilé";"32.0";"0.0";"None";"None";"None";"None";"nan";"7.253164";"43.697428";"000KW"
"2021-56071";"2021-02-25";"1";"Vente";"145000.0";"6.0";"None";"RUE JOSEPH FRICERO";"3470";"06000";"06088";"Nice";"06";"None";"None";"06088000KW0268";"None";"None";"22";"19.39";"None";"nan";"None";"nan";"None";"None";"None";"None";"1";"3";"Dépendance";"nan";"0.0";"None";"None";"None";"None";"nan";"7.254582";"43.695493";"000KW"
"2021-56071";"2021-02-25";"1";"Vente";"145000.0";"6.0";"None";"RUE JOSEPH FRICERO";"3470";"06000";"06088";"Nice";"06";"None";"None";"06088000KW0268";"None";"None";"21";"18.04";"None";"nan";"None";"nan";"None";"None";"None";"None";"1";"3";"Dépendance";"nan";"0.0";"None";"None";"None";"None";"nan";"7.254582";"43.695493";"000KW"
"2021-54801";"2021-02-22";"1";"Vente";"260000.0";"105.0";"None";"RUE DE FRANCE";"2595";"06000";"06088";"Nice";"06";"None";"None";"06088000KW0256";"None";"None";"8";"69.06";"None";"nan";"None";"nan";"None";"None";"None";"None";"1";"2";"Appartement";"74.0";"4.0";"None";"None";"None";"None";"nan";"7.254987";"43.694721";"000KW"
"2021-55016";"2021-02-19";"1";"Vente";"168000.0";"27.0";"None";"AV FLEURS";"2460";"06000";"06088";"Nice";"06";"None";"None";"06088000KW0108";"None";"None";"78";"nan";"None";"nan";"None";"nan";"None";"None";"None";"None";"1";"2";"Appartement";"30.0";"1.0";"None";"None";"None";"None";"nan";"7.251754";"43.697744";"000KW"
"2021-55276";"2021-02-18";"1";"Vente";"700000.0";"15.0";"None";"RUE SAINT PHILIPPE";"5895";"06000";"06088";"Nice";"06";"None";"None";"06088000KW0265";"None";"None";"2";"nan";"21";"162.13";"22";"nan";"None";"None";"None";"None";"3";"2";"Appartement";"141.0";"5.0";"None";"None";"None";"None";"nan";"7.254956";"43.695463";"000KW"
"2021-54799";"2021-02-15";"1";"Vente";"795000.0";"4.0";"None";"RUE DANTE";"1835";"06000";"06088";"Nice";"06";"None";"None";"06088000KW0231";"None";"None";"22";"175.15";"None";"nan";"None";"nan";"None";"None";"None";"None";"1";"2";"Appartement";"182.0";"7.0";"None";"None";"None";"None";"nan";"7.255522";"43.696219";"000KW"
"2021-55541";"2021-02-15";"1";"Vente";"285000.0";"12.0";"None";"AV LOUIS COCHOIS";"3740";"06000";"06088";"Nice";"06";"None";"None";"06088000KW0010";"None";"None";"4";"73.33";"None";"nan";"None";"nan";"None";"None";"None";"None";"1";"2";"Appartement";"78.0";"4.0";"None";"None";"None";"None";"nan";"7.250258";"43.697837";"000KW"
"2021-54799";"2021-02-15";"1";"Vente";"795000.0";"4.0";"None";"RUE DANTE";"1835";"06000";"06088";"Nice";"06";"None";"None";"06088000KW0231";"None";"None";"7";"nan";"None";"nan";"None";"nan";"None";"None";"None";"None";"1";"3";"Dépendance";"nan";"0.0";"None";"None";"None";"None";"nan";"7.255522";"43.696219";"000KW"
"2021-55541";"2021-02-15";"1";"Vente";"285000.0";"12.0";"None";"AV LOUIS COCHOIS";"3740";"06000";"06088";"Nice";"06";"None";"None";"06088000KW0010";"None";"None";"24";"nan";"None";"nan";"None";"nan";"None";"None";"None";"None";"1";"3";"Dépendance";"nan";"0.0";"None";"None";"None";"None";"nan";"7.250258";"43.697837";"000KW"
"2021-54535";"2021-02-09";"1";"Vente";"225000.0";"18.0";"None";"RUE SAINT PHILIPPE";"5895";"06000";"06088";"Nice";"06";"None";"None";"06088000KW0244";"None";"None";"6";"72.15";"None";"nan";"None";"nan";"None";"None";"None";"None";"1";"2";"Appartement";"72.0";"3.0";"None";"None";"None";"None";"nan";"7.255348";"43.695515";"000KW"
"2021-54644";"2021-02-09";"1";"Vente";"146500.0";"93.0";"None";"RUE DE FRANCE";"2595";"06000";"06088";"Nice";"06";"None";"None";"06088000KW0248";"None";"None";"50";"20.27";"None";"nan";"None";"nan";"None";"None";"None";"None";"1";"2";"Appartement";"20.0";"1.0";"None";"None";"None";"None";"nan";"7.255898";"43.695005";"000KW"
"2021-54803";"2021-02-09";"1";"Vente";"160000.0";"3.0";"None";"RUE DANTE";"1835";"06000";"06088";"Nice";"06";"None";"None";"06088000KW0241";"None";"None";"231";"28.04";"254";"nan";"None";"nan";"None";"None";"None";"None";"2";"2";"Appartement";"33.0";"2.0";"None";"None";"None";"None";"nan";"7.25552";"43.695542";"000KW"
"2021-54958";"2021-02-09";"1";"Vente";"160000.0";"45.0";"B";"BD FRANCOIS GROSSO";"2630";"06000";"06088";"Nice";"06";"None";"None";"06088000KW0432";"None";"None";"103";"53.67";"None";"nan";"None";"nan";"None";"None";"None";"None";"1";"2";"Appartement";"45.0";"2.0";"None";"None";"None";"None";"nan";"7.250955";"43.697141";"000KW"
"2021-54438";"2021-02-05";"1";"Vente";"119000.0";"72.0";"None";"RUE DE FRANCE";"2595";"06000";"06088";"Nice";"06";"None";"None";"06088000KW0259";"None";"None";"1";"19.75";"None";"nan";"None";"nan";"None";"None";"None";"None";"1";"2";"Appartement";"19.0";"1.0";"None";"None";"None";"None";"nan";"7.254832";"43.695051";"000KW"
"2021-55237";"2021-02-05";"1";"Vente";"165000.0";"16.0";"None";"RUE BOTTERO";"0925";"06000";"06088";"Nice";"06";"None";"None";"06088000KW0150";"None";"None";"8";"75.0";"None";"nan";"None";"nan";"None";"None";"None";"None";"1";"2";"Appartement";"74.0";"3.0";"None";"None";"None";"None";"nan";"7.25339";"43.696731";"000KW"
"2021-54482";"2021-02-03";"1";"Vente";"134400.0";"12.0";"None";"AV DES BAUMETTES";"0660";"06000";"06088";"Nice";"06";"None";"None";"06088000KW0070";"None";"None";"14";"47.81";"None";"nan";"None";"nan";"None";"None";"None";"None";"1";"2";"Appartement";"40.0";"2.0";"None";"None";"None";"None";"nan";"7.250942";"43.695302";"000KW"
"2021-54482";"2021-02-03";"1";"Vente";"134400.0";"12.0";"None";"AV DES BAUMETTES";"0660";"06000";"06088";"Nice";"06";"None";"None";"06088000KW0070";"None";"None";"5";"nan";"None";"nan";"None";"nan";"None";"None";"None";"None";"1";"3";"Dépendance";"nan";"0.0";"None";"None";"None";"None";"nan";"7.250942";"43.695302";"000KW"
"2021-54568";"2021-02-03";"1";"Vente";"20000.0";"23.0";"None";"AV FLEURS";"2460";"06000";"06088";"Nice";"06";"None";"None";"06088000KW0367";"None";"None";"2";"nan";"None";"nan";"None";"nan";"None";"None";"None";"None";"1";"3";"Dépendance";"nan";"0.0";"None";"None";"None";"None";"nan";"7.252283";"43.697823";"000KW"
"2021-54676";"2021-02-02";"1";"Vente";"165000.0";"45.0";"B";"BD FRANCOIS GROSSO";"2630";"06000";"06088";"Nice";"06";"None";"None";"06088000KW0432";"None";"None";"109";"nan";"None";"nan";"None";"nan";"None";"None";"None";"None";"1";"2";"Appartement";"61.0";"3.0";"None";"None";"None";"None";"nan";"7.250955";"43.697141";"000KW"
"2021-54676";"2021-02-02";"1";"Vente";"165000.0";"45.0";"B";"BD FRANCOIS GROSSO";"2630";"06000";"06088";"Nice";"06";"None";"None";"06088000KW0432";"None";"None";"109";"nan";"None";"nan";"None";"nan";"None";"None";"None";"None";"1";"2";"Appartement";"30.0";"1.0";"None";"None";"None";"None";"nan";"7.250955";"43.697141";"000KW"
"2021-54676";"2021-02-02";"1";"Vente";"165000.0";"45.0";"B";"BD FRANCOIS GROSSO";"2630";"06000";"06088";"Nice";"06";"None";"None";"06088000KW0432";"None";"None";"109";"nan";"None";"nan";"None";"nan";"None";"None";"None";"None";"1";"2";"Appartement";"33.0";"1.0";"None";"None";"None";"None";"nan";"7.250955";"43.697141";"000KW"
"2021-54676";"2021-02-02";"1";"Vente";"165000.0";"45.0";"B";"BD FRANCOIS GROSSO";"2630";"06000";"06088";"Nice";"06";"None";"None";"06088000KW0432";"None";"None";"109";"nan";"None";"nan";"None";"nan";"None";"None";"None";"None";"1";"2";"Appartement";"65.0";"3.0";"None";"None";"None";"None";"nan";"7.250955";"43.697141";"000KW"
"2021-54676";"2021-02-02";"1";"Vente";"165000.0";"45.0";"B";"BD FRANCOIS GROSSO";"2630";"06000";"06088";"Nice";"06";"None";"None";"06088000KW0432";"None";"None";"109";"nan";"None";"nan";"None";"nan";"None";"None";"None";"None";"1";"2";"Appartement";"61.0";"3.0";"None";"None";"None";"None";"nan";"7.250955";"43.697141";"000KW"
"2021-54676";"2021-02-02";"1";"Vente";"165000.0";"45.0";"B";"BD FRANCOIS GROSSO";"2630";"06000";"06088";"Nice";"06";"None";"None";"06088000KW0432";"None";"None";"109";"nan";"None";"nan";"None";"nan";"None";"None";"None";"None";"1";"2";"Appartement";"45.0";"2.0";"None";"None";"None";"None";"nan";"7.250955";"43.697141";"000KW"
"2021-54676";"2021-02-02";"1";"Vente";"165000.0";"45.0";"B";"BD FRANCOIS GROSSO";"2630";"06000";"06088";"Nice";"06";"None";"None";"06088000KW0432";"None";"None";"109";"nan";"None";"nan";"None";"nan";"None";"None";"None";"None";"1";"2";"Appartement";"38.0";"2.0";"None";"None";"None";"None";"nan";"7.250955";"43.697141";"000KW"
"2021-54676";"2021-02-02";"1";"Vente";"165000.0";"45.0";"B";"BD FRANCOIS GROSSO";"2630";"06000";"06088";"Nice";"06";"None";"None";"06088000KW0432";"None";"None";"109";"nan";"None";"nan";"None";"nan";"None";"None";"None";"None";"1";"2";"Appartement";"36.0";"1.0";"None";"None";"None";"None";"nan";"7.250955";"43.697141";"000KW"
"2021-54676";"2021-02-02";"1";"Vente";"165000.0";"45.0";"B";"BD FRANCOIS GROSSO";"2630";"06000";"06088";"Nice";"06";"None";"None";"06088000KW0432";"None";"None";"109";"nan";"None";"nan";"None";"nan";"None";"None";"None";"None";"1";"2";"Appartement";"38.0";"2.0";"None";"None";"None";"None";"nan";"7.250955";"43.697141";"000KW"
"2021-54676";"2021-02-02";"1";"Vente";"165000.0";"45.0";"B";"BD FRANCOIS GROSSO";"2630";"06000";"06088";"Nice";"06";"None";"None";"06088000KW0432";"None";"None";"106";"42.86";"109";"nan";"None";"nan";"None";"None";"None";"None";"2";"2";"Appartement";"42.0";"2.0";"None";"None";"None";"None";"nan";"7.250955";"43.697141";"000KW"
"2021-54676";"2021-02-02";"1";"Vente";"165000.0";"45.0";"B";"BD FRANCOIS GROSSO";"2630";"06000";"06088";"Nice";"06";"None";"None";"06088000KW0432";"None";"None";"109";"nan";"None";"nan";"None";"nan";"None";"None";"None";"None";"1";"2";"Appartement";"35.0";"2.0";"None";"None";"None";"None";"nan";"7.250955";"43.697141";"000KW"
"2021-54676";"2021-02-02";"1";"Vente";"165000.0";"45.0";"B";"BD FRANCOIS GROSSO";"2630";"06000";"06088";"Nice";"06";"None";"None";"06088000KW0432";"None";"None";"109";"nan";"None";"nan";"None";"nan";"None";"None";"None";"None";"1";"2";"Appartement";"40.0";"2.0";"None";"None";"None";"None";"nan";"7.250955";"43.697141";"000KW"
"2021-54105";"2021-01-29";"1";"Vente";"180000.0";"19.0";"None";"RUE DANTE";"1835";"06000";"06088";"Nice";"06";"None";"None";"06088000KW0309";"None";"None";"15";"39.74";"None";"nan";"None";"nan";"None";"None";"None";"None";"1";"2";"Appartement";"38.0";"2.0";"None";"None";"None";"None";"nan";"7.25324";"43.695138";"000KW"
"2021-54392";"2021-01-29";"1";"Vente";"96000.0";"76.0";"None";"AV DES BAUMETTES";"0660";"06000";"06088";"Nice";"06";"None";"None";"06088000KW0005";"None";"None";"660";"17.11";"None";"nan";"None";"nan";"None";"None";"None";"None";"1";"2";"Appartement";"17.0";"1.0";"None";"None";"None";"None";"nan";"7.250071";"43.698297";"000KW"
"2021-54298";"2021-01-28";"1";"Vente";"108000.0";"45.0";"B";"BD FRANCOIS GROSSO";"2630";"06000";"06088";"Nice";"06";"None";"None";"06088000KW0432";"None";"None";"105";"33.0";"None";"nan";"None";"nan";"None";"None";"None";"None";"1";"2";"Appartement";"36.0";"1.0";"None";"None";"None";"None";"nan";"7.250955";"43.697141";"000KW"
"2021-54164";"2021-01-28";"1";"Vente";"28500.0";"76.0";"None";"AV BAUMETTES MIRAMAR";"0664";"06000";"06088";"Nice";"06";"None";"None";"06088000KW0005";"None";"None";"166";"nan";"None";"nan";"None";"nan";"None";"None";"None";"None";"1";"3";"Dépendance";"nan";"0.0";"None";"None";"None";"None";"nan";"7.250071";"43.698297";"000KW"
"2021-53741";"2021-01-26";"1";"Vente";"155000.0";"41.0";"None";"BD FRANCOIS GROSSO";"2630";"06000";"06088";"Nice";"06";"None";"None";"06088000KW0092";"None";"None";"15";"nan";"28";"36.09";"None";"nan";"None";"None";"None";"None";"2";"2";"Appartement";"35.0";"1.0";"None";"None";"None";"None";"nan";"7.251177";"43.696981";"000KW"
"2021-54362";"2021-01-26";"1";"Vente";"335000.0";"42.0";"None";"AV DES BAUMETTES";"0660";"06000";"06088";"Nice";"06";"None";"None";"06088000KW0026";"None";"None";"11";"nan";"42";"87.07";"None";"nan";"None";"None";"None";"None";"2";"2";"Appartement";"87.0";"3.0";"None";"None";"None";"None";"nan";"7.248501";"43.695256";"000KW"
"2021-54362";"2021-01-26";"1";"Vente";"335000.0";"42.0";"None";"AV DES BAUMETTES";"0660";"06000";"06088";"Nice";"06";"None";"None";"06088000KW0026";"None";"None";"21";"nan";"None";"nan";"None";"nan";"None";"None";"None";"None";"1";"3";"Dépendance";"nan";"0.0";"None";"None";"None";"None";"nan";"7.248501";"43.695256";"000KW"
"2021-54399";"2021-01-25";"1";"Vente";"195000.0";"53.0";"None";"PROM DES ANGLAIS";"0240";"06000";"06088";"Nice";"06";"None";"None";"06088000KW0282";"None";"None";"118";"nan";"41";"35.61";"None";"nan";"None";"None";"None";"None";"2";"2";"Appartement";"38.0";"1.0";"None";"None";"None";"None";"nan";"7.254413";"43.693761";"000KW"
"2021-54089";"2021-01-22";"1";"Vente";"517500.0";"14.0";"None";"AV LOUIS COCHOIS";"3740";"06000";"06088";"Nice";"06";"None";"None";"06088000KW0011";"None";"None";"101";"87.5";"46";"nan";"None";"nan";"None";"None";"None";"None";"2";"2";"Appartement";"82.0";"3.0";"None";"None";"None";"None";"nan";"7.250085";"43.697442";"000KW"
"2021-54089";"2021-01-22";"1";"Vente";"517500.0";"14.0";"None";"AV LOUIS COCHOIS";"3740";"06000";"06088";"Nice";"06";"None";"None";"06088000KW0011";"None";"None";"3";"nan";"None";"nan";"None";"nan";"None";"None";"None";"None";"1";"3";"Dépendance";"nan";"0.0";"None";"None";"None";"None";"nan";"7.250085";"43.697442";"000KW"
"2021-54089";"2021-01-22";"1";"Vente";"517500.0";"14.0";"None";"AV LOUIS COCHOIS";"3740";"06000";"06088";"Nice";"06";"None";"None";"06088000KW0011";"None";"None";"21";"nan";"None";"nan";"None";"nan";"None";"None";"None";"None";"1";"3";"Dépendance";"nan";"0.0";"None";"None";"None";"None";"nan";"7.250085";"43.697442";"000KW"
"2021-53773";"2021-01-20";"1";"Vente";"173000.0";"27.0";"None";"AV FLEURS";"2460";"06000";"06088";"Nice";"06";"None";"None";"06088000KW0108";"None";"None";"64";"37.84";"None";"nan";"None";"nan";"None";"None";"None";"None";"1";"2";"Appartement";"37.0";"1.0";"None";"None";"None";"None";"nan";"7.251754";"43.697744";"000KW"
"2021-53773";"2021-01-20";"1";"Vente";"173000.0";"27.0";"None";"AV FLEURS";"2460";"06000";"06088";"Nice";"06";"None";"None";"06088000KW0108";"None";"None";"108";"nan";"None";"nan";"None";"nan";"None";"None";"None";"None";"1";"3";"Dépendance";"nan";"0.0";"None";"None";"None";"None";"nan";"7.251754";"43.697744";"000KW"
"2021-53403";"2021-01-19";"1";"Vente";"385000.0";"76.0";"None";"AV BAUMETTES BELLEVUE";"0663";"06000";"06088";"Nice";"06";"None";"None";"06088000KW0005";"None";"None";"352";"nan";"424";"62.9";"None";"nan";"None";"None";"None";"None";"2";"2";"Appartement";"70.0";"3.0";"None";"None";"None";"None";"nan";"7.250071";"43.698297";"000KW"
"2021-54084";"2021-01-19";"1";"Vente";"699000.0";"90.0";"None";"RUE DE FRANCE";"2595";"06000";"06088";"Nice";"06";"None";"None";"06088000KW0369";"None";"None";"1126";"100.74";"None";"nan";"None";"nan";"None";"None";"None";"None";"1";"2";"Appartement";"105.0";"4.0";"None";"None";"None";"None";"nan";"7.252761";"43.694482";"000KW"
"2021-54084";"2021-01-19";"1";"Vente";"699000.0";"90.0";"None";"RUE DE FRANCE";"2595";"06000";"06088";"Nice";"06";"None";"None";"06088000KW0369";"None";"None";"1264";"nan";"None";"nan";"None";"nan";"None";"None";"None";"None";"1";"3";"Dépendance";"nan";"0.0";"None";"None";"None";"None";"nan";"7.252761";"43.694482";"000KW"
"2021-53715";"2021-01-18";"1";"Vente";"500000.0";"5.0";"None";"BD GAMBETTA";"2755";"06000";"06088";"Nice";"06";"None";"None";"06088000KW0446";"None";"None";"202";"81.09";"None";"nan";"None";"nan";"None";"None";"None";"None";"1";"2";"Appartement";"94.0";"4.0";"None";"None";"None";"None";"nan";"7.255854";"43.694672";"000KW"
"2021-53382";"2021-01-15";"1";"Vente";"403150.0";"7.0";"None";"BD GAMBETTA";"2755";"06000";"06088";"Nice";"06";"None";"None";"06088000KW0446";"None";"None";"197";"64.08";"None";"nan";"None";"nan";"None";"None";"None";"None";"1";"2";"Appartement";"66.0";"2.0";"None";"None";"None";"None";"nan";"7.255854";"43.694672";"000KW"
"2021-53583";"2021-01-15";"1";"Vente";"139000.0";"55.0";"B";"BD FRANCOIS GROSSO";"2630";"06000";"06088";"Nice";"06";"None";"None";"06088000KW0103";"None";"None";"57";"35.53";"None";"nan";"None";"nan";"None";"None";"None";"None";"1";"2";"Appartement";"35.0";"1.0";"None";"None";"None";"None";"nan";"7.251033";"43.69772";"000KW"
"2021-53932";"2021-01-15";"1";"Vente";"475000.0";"15.0";"None";"RUE JOSEPH FRICERO";"3470";"06000";"06088";"Nice";"06";"None";"None";"06088000KW0210";"None";"None";"14";"60.2";"None";"nan";"None";"nan";"None";"None";"None";"None";"1";"2";"Appartement";"60.0";"3.0";"None";"None";"None";"None";"nan";"7.254129";"43.695803";"000KW"
"2021-53376";"2021-01-13";"1";"Vente";"34000.0";"28.0";"None";"RUE BOTTERO";"0925";"06000";"06088";"Nice";"06";"None";"None";"06088000KW0439";"None";"None";"46";"nan";"None";"nan";"None";"nan";"None";"None";"None";"None";"1";"3";"Dépendance";"nan";"0.0";"None";"None";"None";"None";"nan";"7.252368";"43.696615";"000KW"
"2021-53376";"2021-01-13";"1";"Vente";"34000.0";"28.0";"None";"RUE BOTTERO";"0925";"06000";"06088";"Nice";"06";"None";"None";"06088000KW0439";"None";"None";"44";"nan";"None";"nan";"None";"nan";"None";"None";"None";"None";"1";"3";"Dépendance";"nan";"0.0";"None";"None";"None";"None";"nan";"7.252368";"43.696615";"000KW"
"2021-53345";"2021-01-11";"1";"Vente";"50000.0";"10.0";"None";"RUE SAINT PHILIPPE";"5895";"06000";"06088";"Nice";"06";"None";"None";"06088000KW0446";"None";"None";"267";"nan";"None";"nan";"None";"nan";"None";"None";"None";"None";"1";"3";"Dépendance";"nan";"0.0";"None";"None";"None";"None";"nan";"7.255854";"43.694672";"000KW"
"2021-53268";"2021-01-05";"1";"Vente";"418000.0";"19.0";"None";"RUE ANDRIOLI";"0230";"06000";"06088";"Nice";"06";"None";"None";"06088000KW0206";"None";"None";"106";"78.01";"13";"nan";"None";"nan";"None";"None";"None";"None";"2";"2";"Appartement";"81.0";"3.0";"None";"None";"None";"None";"nan";"7.253381";"43.696371";"000KW"
"2021-53383";"2021-01-05";"1";"Vente";"30000.0";"21.0";"None";"BD FRANCOIS GROSSO";"2630";"06000";"06088";"Nice";"06";"None";"None";"06088000KW0076";"None";"None";"308";"nan";"None";"nan";"None";"nan";"None";"None";"None";"None";"1";"3";"Dépendance";"nan";"0.0";"None";"None";"None";"None";"nan";"7.251171";"43.696065";"000KW"