id_mutation;date_mutation;numero_disposition;nature_mutation;valeur_fonciere;adresse_numero;adresse_suffixe;adresse_nom_voie;adresse_code_voie;code_postal;code_commune;nom_commune;code_departement;ancien_code_commune;ancien_nom_commune;id_parcelle;ancien_id_parcelle;numero_volume;lot1_numero;lot1_surface_carrez;lot2_numero;lot2_surface_carrez;lot3_numero;lot3_surface_carrez;lot4_numero;lot4_surface_carrez;lot5_numero;lot5_surface_carrez;nombre_lots;code_type_local;type_local;surface_reelle_bati;nombre_pieces_principales;code_nature_culture;nature_culture;code_nature_culture_speciale;nature_culture_speciale;surface_terrain;longitude;latitude;section_prefixe
"2025-58170";"2025-12-30";"1";"Vente";"271750.0";"44.0";"None";"RUE ROSSINI";"5600";"06000";"06088";"Nice";"06";"None";"None";"06088000KY0027";"None";"None";"66";"nan";"None";"nan";"None";"nan";"None";"None";"None";"None";"1";"2";"Appartement";"52.0";"2.0";"None";"None";"None";"None";"nan";"7.258248";"43.701081";"000KY"
"2025-58372";"2025-12-30";"1";"Vente";"1200000.0";"52.0";"None";"BD VICTOR HUGO";"6655";"06000";"06088";"Nice";"06";"None";"None";"06088000KY0238";"None";"None";"36";"nan";"47";"nan";"None";"nan";"None";"None";"None";"None";"2";"2";"Appartement";"106.0";"3.0";"None";"None";"None";"None";"nan";"7.258649";"43.698342";"000KY"
"2025-58372";"2025-12-30";"1";"Vente";"1200000.0";"52.0";"None";"BD VICTOR HUGO";"6655";"06000";"06088";"Nice";"06";"None";"None";"06088000KY0238";"None";"None";"49";"nan";"None";"nan";"None";"nan";"None";"None";"None";"None";"1";"2";"Appartement";"31.0";"1.0";"None";"None";"None";"None";"nan";"7.258649";"43.698342";"000KY"
"2025-58515";"2025-12-30";"1";"Vente";"515400.0";"44.0";"None";"RUE ROSSINI";"5600";"06000";"06088";"Nice";"06";"None";"None";"06088000KY0027";"None";"None";"55";"60.06";"None";"nan";"None";"nan";"None";"None";"None";"None";"1";"2";"Appartement";"58.0";"2.0";"None";"None";"None";"None";"nan";"7.258248";"43.701081";"000KY"
"2025-58552";"2025-12-30";"1";"Vente";"350000.0";"59.0";"None";"RUE ROSSINI";"5600";"06000";"06088";"Nice";"06";"None";"None";"06088000KY0166";"None";"None";"12";"nan";"77";"nan";"None";"nan";"None";"None";"None";"None";"2";"2";"Appartement";"65.0";"2.0";"None";"None";"None";"None";"nan";"7.258158";"43.700614";"000KY"
"2025-58170";"2025-12-30";"1";"Vente";"271750.0";"44.0";"None";"RUE ROSSINI";"5600";"06000";"06088";"Nice";"06";"None";"None";"06088000KY0027";"None";"None";"66";"nan";"None";"nan";"None";"nan";"None";"None";"None";"None";"1";"3";"Dépendance";"nan";"0.0";"None";"None";"None";"None";"nan";"7.258248";"43.701081";"000KY"
"2025-58372";"2025-12-30";"1";"Vente";"1200000.0";"4.0";"None";"RUE HEROLD";"3235";"06000";"06088";"Nice";"06";"None";"None";"06088000KY0236";"None";"None";"21";"nan";"None";"nan";"None";"nan";"None";"None";"None";"None";"1";"3";"Dépendance";"nan";"0.0";"None";"None";"None";"None";"nan";"7.258454";"43.698638";"000KY"
"2025-58372";"2025-12-30";"1";"Vente";"1200000.0";"52.0";"None";"BD VICTOR HUGO";"6655";"06000";"06088";"Nice";"06";"None";"None";"06088000KY0238";"None";"None";"36";"nan";"47";"nan";"None";"nan";"None";"None";"None";"None";"2";"3";"Dépendance";"nan";"0.0";"None";"None";"None";"None";"nan";"7.258649";"43.698342";"000KY"
"2025-58372";"2025-12-30";"1";"Vente";"1200000.0";"52.0";"None";"BD VICTOR HUGO";"6655";"06000";"06088";"Nice";"06";"None";"None";"06088000KY0238";"None";"None";"36";"nan";"47";"nan";"None";"nan";"None";"None";"None";"None";"2";"3";"Dépendance";"nan";"0.0";"None";"None";"None";"None";"nan";"7.258649";"43.698342";"000KY"
"2025-58552";"2025-12-30";"1";"Vente";"350000.0";"59.0";"None";"RUE ROSSINI";"5600";"06000";"06088";"Nice";"06";"None";"None";"06088000KY0166";"None";"None";"12";"nan";"77";"nan";"None";"nan";"None";"None";"None";"None";"2";"3";"Dépendance";"nan";"0.0";"None";"None";"None";"None";"nan";"7.258158";"43.700614";"000KY"
"2025-58552";"2025-12-30";"1";"Vente";"350000.0";"59.0";"None";"RUE ROSSINI";"5600";"06000";"06088";"Nice";"06";"None";"None";"06088000KY0166";"None";"None";"12";"nan";"77";"nan";"None";"nan";"None";"None";"None";"None";"2";"3";"Dépendance";"nan";"0.0";"None";"None";"None";"None";"nan";"7.258158";"43.700614";"000KY"
"2025-58473";"2025-12-29";"1";"Vente";"725000.0";"50.0";"None";"BD VICTOR HUGO";"6655";"06000";"06088";"Nice";"06";"None";"None";"06088000KY0244";"None";"None";"105";"nan";"229";"nan";"None";"nan";"None";"None";"None";"None";"2";"2";"Appartement";"77.0";"2.0";"None";"None";"None";"None";"nan";"7.259365";"43.698542";"000KY"
"2025-58473";"2025-12-29";"1";"Vente";"725000.0";"50.0";"None";"BD VICTOR HUGO";"6655";"06000";"06088";"Nice";"06";"None";"None";"06088000KY0244";"None";"None";"105";"nan";"229";"nan";"None";"nan";"None";"None";"None";"None";"2";"3";"Dépendance";"nan";"0.0";"None";"None";"None";"None";"nan";"7.259365";"43.698542";"000KY"
"2025-58473";"2025-12-29";"1";"Vente";"725000.0";"50.0";"None";"BD VICTOR HUGO";"6655";"06000";"06088";"Nice";"06";"None";"None";"06088000KY0244";"None";"None";"135";"nan";"None";"nan";"None";"nan";"None";"None";"None";"None";"1";"3";"Dépendance";"nan";"0.0";"None";"None";"None";"None";"nan";"7.259365";"43.698542";"000KY"
"2025-57658";"2025-12-23";"1";"Vente";"700000.0";"24.0";"None";"RUE GOUNOD";"2985";"06000";"06088";"Nice";"06";"None";"None";"06088000KY0095";"None";"None";"161";"60.02";"None";"nan";"None";"nan";"None";"None";"None";"None";"1";"2";"Appartement";"64.0";"3.0";"None";"None";"None";"None";"nan";"7.261213";"43.701137";"000KY"
"2025-58197";"2025-12-23";"1";"Vente";"420000.0";"3.0";"None";"RUE AMIRAL DE GRASSE";"0170";"06000";"06088";"Nice";"06";"None";"None";"06088000KY0302";"None";"None";"59";"108.48";"None";"nan";"None";"nan";"None";"None";"None";"None";"1";"2";"Appartement";"111.0";"4.0";"None";"None";"None";"None";"nan";"7.256514";"43.701267";"000KY"
"2025-58399";"2025-12-23";"1";"Vente";"370000.0";"10.0";"None";"RUE GUIGLIA";"3090";"06000";"06088";"Nice";"06";"None";"None";"06088000KY0220";"None";"None";"18";"66.51";"None";"nan";"None";"nan";"None";"None";"None";"None";"1";"2";"Appartement";"70.0";"3.0";"None";"None";"None";"None";"nan";"7.258067";"43.699207";"000KY"
"2025-57658";"2025-12-23";"1";"Vente";"700000.0";"24.0";"None";"RUE GOUNOD";"2985";"06000";"06088";"Nice";"06";"None";"None";"06088000KY0095";"None";"None";"161";"60.02";"None";"nan";"None";"nan";"None";"None";"None";"None";"1";"3";"Dépendance";"nan";"0.0";"None";"None";"None";"None";"nan";"7.261213";"43.701137";"000KY"
"2025-58197";"2025-12-23";"1";"Vente";"420000.0";"3.0";"None";"RUE AMIRAL DE GRASSE";"0170";"06000";"06088";"Nice";"06";"None";"None";"06088000KY0302";"None";"None";"23";"nan";"None";"nan";"None";"nan";"None";"None";"None";"None";"1";"3";"Dépendance";"nan";"0.0";"None";"None";"None";"None";"nan";"7.256514";"43.701267";"000KY"
"2025-58399";"2025-12-23";"1";"Vente";"370000.0";"10.0";"None";"RUE GUIGLIA";"3090";"06000";"06088";"Nice";"06";"None";"None";"06088000KY0220";"None";"None";"18";"66.51";"None";"nan";"None";"nan";"None";"None";"None";"None";"1";"3";"Dépendance";"nan";"0.0";"None";"None";"None";"None";"nan";"7.258067";"43.699207";"000KY"
"2025-57720";"2025-12-23";"1";"Vente";"269697.0";"3.0";"None";"AV DURANTE";"2125";"06000";"06088";"Nice";"06";"None";"None";"06088000KY0108";"None";"None";"7";"17.4";"None";"nan";"None";"nan";"None";"None";"None";"None";"1";"4";"Local industriel. commercial ou assimilé";"17.0";"0.0";"None";"None";"None";"None";"nan";"7.26216";"43.701475";"000KY"
"2025-57720";"2025-12-23";"1";"Vente";"269697.0";"3.0";"None";"AV DURANTE";"2125";"06000";"06088";"Nice";"06";"None";"None";"06088000KY0108";"None";"None";"30";"17.49";"None";"nan";"None";"nan";"None";"None";"None";"None";"1";"4";"Local industriel. commercial ou assimilé";"17.0";"0.0";"None";"None";"None";"None";"nan";"7.26216";"43.701475";"000KY"
"2025-57720";"2025-12-23";"1";"Vente";"269697.0";"3.0";"None";"AV DURANTE";"2125";"06000";"06088";"Nice";"06";"None";"None";"06088000KY0108";"None";"None";"6";"18.56";"None";"nan";"None";"nan";"None";"None";"None";"None";"1";"4";"Local industriel. commercial ou assimilé";"18.0";"0.0";"None";"None";"None";"None";"nan";"7.26216";"43.701475";"000KY"
"2025-58620";"2025-12-23";"1";"Vente";"500000.0";"3.0";"None";"AV DURANTE";"2125";"06000";"06088";"Nice";"06";"None";"None";"06088000KY0108";"None";"None";"80";"17.33";"None";"nan";"None";"nan";"None";"None";"None";"None";"1";"4";"Local industriel. commercial ou assimilé";"17.0";"0.0";"None";"None";"None";"None";"nan";"7.26216";"43.701475";"000KY"
"2025-58620";"2025-12-23";"1";"Vente";"500000.0";"3.0";"None";"AV DURANTE";"2125";"06000";"06088";"Nice";"06";"None";"None";"06088000KY0108";"None";"None";"4";"17.96";"None";"nan";"None";"nan";"None";"None";"None";"None";"1";"4";"Local industriel. commercial ou assimilé";"18.0";"0.0";"None";"None";"None";"None";"nan";"7.26216";"43.701475";"000KY"
"2025-58620";"2025-12-23";"1";"Vente";"500000.0";"3.0";"None";"AV DURANTE";"2125";"06000";"06088";"Nice";"06";"None";"None";"06088000KY0108";"None";"None";"79";"18.76";"None";"nan";"None";"nan";"None";"None";"None";"None";"1";"4";"Local industriel. commercial ou assimilé";"16.0";"0.0";"None";"None";"None";"None";"nan";"7.26216";"43.701475";"000KY"
"2025-58620";"2025-12-23";"1";"Vente";"500000.0";"3.0";"None";"AV DURANTE";"2125";"06000";"06088";"Nice";"06";"None";"None";"06088000KY0108";"None";"None";"5";"14.56";"None";"nan";"None";"nan";"None";"None";"None";"None";"1";"4";"Local industriel. commercial ou assimilé";"16.0";"0.0";"None";"None";"None";"None";"nan";"7.26216";"43.701475";"000KY"
"2025-58034";"2025-12-22";"1";"Vente";"205750.0";"15.0";"None";"RUE BERLIOZ";"0790";"06000";"06088";"Nice";"06";"None";"None";"06088000KY0151";"None";"None";"37";"nan";"None";"nan";"None";"nan";"None";"None";"None";"None";"1";"2";"Appartement";"90.0";"3.0";"None";"None";"None";"None";"nan";"7.259012";"43.699965";"000KY"
"2025-57789";"2025-12-22";"1";"Vente";"35000.0";"29.0";"None";"RUE BERLIOZ";"0790";"06000";"06088";"Nice";"06";"None";"None";"06088000KY0286";"None";"None";"33";"nan";"None";"nan";"None";"nan";"None";"None";"None";"None";"1";"3";"Dépendance";"nan";"0.0";"None";"None";"None";"None";"nan";"7.25927";"43.701073";"000KY"
"2025-58168";"2025-12-22";"1";"Vente";"926250.0";"44.0";"None";"RUE ROSSINI";"5600";"06000";"06088";"Nice";"06";"None";"None";"06088000KY0027";"None";"None";"130";"nan";"131";"nan";"191";"250.32";"None";"None";"None";"None";"3";"4";"Local industriel. commercial ou assimilé";"282.0";"0.0";"None";"None";"None";"None";"nan";"7.258248";"43.701081";"000KY"
"2025-57591";"2025-12-19";"1";"Vente";"800000.0";"2.0";"B";"RUE VERDI";"6620";"06000";"06088";"Nice";"06";"None";"None";"06088000KY0119";"None";"None";"18";"103.05";"4";"nan";"None";"nan";"None";"None";"None";"None";"2";"2";"Appartement";"103.0";"4.0";"None";"None";"None";"None";"nan";"7.261928";"43.699845";"000KY"
"2025-57768";"2025-12-19";"1";"Vente";"169000.0";"15.0";"None";"RUE BERLIOZ";"0790";"06000";"06088";"Nice";"06";"None";"None";"06088000KY0151";"None";"None";"12";"24.09";"None";"nan";"None";"nan";"None";"None";"None";"None";"1";"2";"Appartement";"23.0";"1.0";"None";"None";"None";"None";"nan";"7.259012";"43.699965";"000KY"
"2025-57533";"2025-12-19";"1";"Vente";"35000.0";"42.0";"None";"RUE HEROLD";"3235";"06000";"06088";"Nice";"06";"None";"None";"06088000KY0054";"None";"None";"27";"nan";"None";"nan";"None";"nan";"None";"None";"None";"None";"1";"3";"Dépendance";"nan";"0.0";"None";"None";"None";"None";"nan";"7.259204";"43.701324";"000KY"
"2025-57768";"2025-12-19";"1";"Vente";"169000.0";"15.0";"None";"RUE BERLIOZ";"0790";"06000";"06088";"Nice";"06";"None";"None";"06088000KY0151";"None";"None";"9";"nan";"None";"nan";"None";"nan";"None";"None";"None";"None";"1";"3";"Dépendance";"nan";"0.0";"None";"None";"None";"None";"nan";"7.259012";"43.699965";"000KY"
"2025-57726";"2025-12-18";"1";"Vente";"232400.0";"49.0";"None";"AV G CLEMENCEAU";"2880";"06000";"06088";"Nice";"06";"None";"None";"06088000KY0048";"None";"None";"36";"47.25";"6";"nan";"None";"nan";"None";"None";"None";"None";"2";"2";"Appartement";"45.0";"2.0";"None";"None";"None";"None";"nan";"7.259409";"43.701856";"000KY"
"2025-58432";"2025-12-18";"1";"Vente";"315000.0";"50.0";"None";"RUE ROSSINI";"5600";"06000";"06088";"Nice";"06";"None";"None";"06088000KY0025";"None";"None";"17";"nan";"31";"71.47";"None";"nan";"None";"None";"None";"None";"2";"2";"Appartement";"70.0";"2.0";"None";"None";"None";"None";"nan";"7.25759";"43.701001";"000KY"
"2025-57559";"2025-12-18";"1";"Vente";"45000.0";"40.0";"None";"BD GAMBETTA";"2755";"06000";"06088";"Nice";"06";"None";"None";"06088000KY0193";"None";"None";"158";"nan";"None";"nan";"None";"nan";"None";"None";"None";"None";"1";"3";"Dépendance";"nan";"0.0";"None";"None";"None";"None";"nan";"7.256559";"43.700111";"000KY"
"2025-57726";"2025-12-18";"1";"Vente";"232400.0";"49.0";"None";"AV G CLEMENCEAU";"2880";"06000";"06088";"Nice";"06";"None";"None";"06088000KY0048";"None";"None";"36";"47.25";"6";"nan";"None";"nan";"None";"None";"None";"None";"2";"3";"Dépendance";"nan";"0.0";"None";"None";"None";"None";"nan";"7.259409";"43.701856";"000KY"
"2025-57927";"2025-12-18";"1";"Vente";"42480.0";"10.0";"None";"RUE BERLIOZ";"0790";"06000";"06088";"Nice";"06";"None";"None";"06088000KY0251";"None";"None";"44";"nan";"None";"nan";"None";"nan";"None";"None";"None";"None";"1";"3";"Dépendance";"nan";"0.0";"None";"None";"None";"None";"nan";"7.259388";"43.699142";"000KY"
"2025-58432";"2025-12-18";"1";"Vente";"315000.0";"50.0";"None";"RUE ROSSINI";"5600";"06000";"06088";"Nice";"06";"None";"None";"06088000KY0025";"None";"None";"17";"nan";"31";"71.47";"None";"nan";"None";"None";"None";"None";"2";"3";"Dépendance";"nan";"0.0";"None";"None";"None";"None";"nan";"7.25759";"43.701001";"000KY"
"2025-57788";"2025-12-17";"1";"Vente";"72000.0";"20.0";"None";"RUE HEROLD";"3235";"06000";"06088";"Nice";"06";"None";"None";"06088000KY0159";"None";"None";"16";"11.9";"None";"nan";"None";"nan";"None";"None";"None";"None";"1";"2";"Appartement";"13.0";"1.0";"None";"None";"None";"None";"nan";"7.258684";"43.699913";"000KY"
"2025-57997";"2025-12-17";"1";"Vente";"519309.0";"20.0";"None";"RUE VERDI";"6620";"06000";"06088";"Nice";"06";"None";"None";"06088000KY0134";"None";"None";"251";"53.38";"None";"nan";"None";"nan";"None";"None";"None";"None";"1";"2";"Appartement";"51.0";"2.0";"None";"None";"None";"None";"nan";"7.259955";"43.699817";"000KY"
"2025-57839";"2025-12-16";"1";"Vente";"550000.0";"13.0";"None";"AV AUBER";"0425";"06000";"06088";"Nice";"06";"None";"None";"06088000KY0103";"None";"None";"24";"nan";"None";"nan";"None";"nan";"None";"None";"None";"None";"1";"2";"Appartement";"90.0";"3.0";"None";"None";"None";"None";"nan";"7.261328";"43.700711";"000KY"
"2025-57839";"2025-12-16";"1";"Vente";"550000.0";"13.0";"None";"AV AUBER";"0425";"06000";"06088";"Nice";"06";"None";"None";"06088000KY0103";"None";"None";"24";"nan";"None";"nan";"None";"nan";"None";"None";"None";"None";"1";"3";"Dépendance";"nan";"0.0";"None";"None";"None";"None";"nan";"7.261328";"43.700711";"000KY"
"2025-58457";"2025-12-16";"1";"Vente";"300000.0";"37.0";"B";"AV G CLEMENCEAU";"2880";"06000";"06088";"Nice";"06";"None";"None";"06088000KY0091";"None";"None";"6";"nan";"None";"nan";"None";"nan";"None";"None";"None";"None";"1";"3";"Dépendance";"nan";"0.0";"None";"None";"None";"None";"nan";"7.261164";"43.701567";"000KY"
"2025-58457";"2025-12-16";"1";"Vente";"300000.0";"37.0";"B";"AV G CLEMENCEAU";"2880";"06000";"06088";"Nice";"06";"None";"None";"06088000KY0091";"None";"None";"5";"nan";"None";"nan";"None";"nan";"None";"None";"None";"None";"1";"3";"Dépendance";"nan";"0.0";"None";"None";"None";"None";"nan";"7.261164";"43.701567";"000KY"
"2025-58457";"2025-12-16";"1";"Vente";"300000.0";"37.0";"B";"AV G CLEMENCEAU";"2880";"06000";"06088";"Nice";"06";"None";"None";"06088000KY0091";"None";"None";"4";"nan";"None";"nan";"None";"nan";"None";"None";"None";"None";"1";"3";"Dépendance";"nan";"0.0";"None";"None";"None";"None";"nan";"7.261164";"43.701567";"000KY"
"2025-58457";"2025-12-16";"1";"Vente";"300000.0";"37.0";"B";"AV G CLEMENCEAU";"2880";"06000";"06088";"Nice";"06";"None";"None";"06088000KY0091";"None";"None";"8";"nan";"None";"nan";"None";"nan";"None";"None";"None";"None";"1";"4";"Local industriel. commercial ou assimilé";"150.0";"0.0";"None";"None";"None";"None";"nan";"7.261164";"43.701567";"000KY"
"2025-57494";"2025-12-15";"1";"Vente";"400027.0";"4.0";"None";"RUE AMIRAL DE GRASSE";"0170";"06000";"06088";"Nice";"06";"None";"None";"06088000KY0189";"None";"None";"23";"70.9";"9";"nan";"None";"nan";"None";"None";"None";"None";"2";"2";"Appartement";"73.0";"3.0";"None";"None";"None";"None";"nan";"7.256585";"43.70069";"000KY"
"2025-58008";"2025-12-15";"1";"Vente";"340000.0";"37.0";"None";"RUE BERLIOZ";"0790";"06000";"06088";"Nice";"06";"None";"None";"06088000KY0051";"None";"None";"12";"39.11";"26";"nan";"None";"nan";"None";"None";"None";"None";"2";"2";"Appartement";"32.0";"2.0";"None";"None";"None";"None";"nan";"7.259319";"43.701473";"000KY"
"2025-57494";"2025-12-15";"1";"Vente";"400027.0";"4.0";"None";"RUE AMIRAL DE GRASSE";"0170";"06000";"06088";"Nice";"06";"None";"None";"06088000KY0189";"None";"None";"23";"70.9";"9";"nan";"None";"nan";"None";"None";"None";"None";"2";"3";"Dépendance";"nan";"0.0";"None";"None";"None";"None";"nan";"7.256585";"43.70069";"000KY"
"2025-58008";"2025-12-15";"1";"Vente";"340000.0";"37.0";"None";"RUE BERLIOZ";"0790";"06000";"06088";"Nice";"06";"None";"None";"06088000KY0051";"None";"None";"12";"39.11";"26";"nan";"None";"nan";"None";"None";"None";"None";"2";"3";"Dépendance";"nan";"0.0";"None";"None";"None";"None";"nan";"7.259319";"43.701473";"000KY"
"2025-58008";"2025-12-15";"1";"Vente";"340000.0";"37.0";"None";"RUE BERLIOZ";"0790";"06000";"06088";"Nice";"06";"None";"None";"06088000KY0051";"None";"None";"12";"39.11";"26";"nan";"None";"nan";"None";"None";"None";"None";"2";"3";"Dépendance";"nan";"0.0";"None";"None";"None";"None";"nan";"7.259319";"43.701473";"000KY"
"2025-57470";"2025-12-11";"1";"Vente";"176000.0";"10.0";"None";"RUE VERDI";"6620";"06000";"06088";"Nice";"06";"None";"None";"06088000KY0123";"None";"None";"17";"27.18";"None";"nan";"None";"nan";"None";"None";"None";"None";"1";"2";"Appartement";"25.0";"1.0";"None";"None";"None";"None";"nan";"7.261199";"43.69974";"000KY"
"2025-56917";"2025-12-10";"1";"Vente";"420000.0";"37.0";"None";"AV G CLEMENCEAU";"2880";"06000";"06088";"Nice";"06";"None";"None";"06088000KY0094";"None";"None";"22";"nan";"25";"nan";"None";"nan";"None";"None";"None";"None";"2";"2";"Appartement";"25.0";"1.0";"None";"None";"None";"None";"nan";"7.261343";"43.701338";"000KY"
"2025-56917";"2025-12-10";"1";"Vente";"420000.0";"30.0";"None";"RUE GOUNOD";"2985";"06000";"06088";"Nice";"06";"None";"None";"06088000KY0095";"None";"None";"196";"nan";"None";"nan";"None";"nan";"None";"None";"None";"None";"1";"3";"Dépendance";"nan";"0.0";"None";"None";"None";"None";"nan";"7.261213";"43.701137";"000KY"
"2025-57210";"2025-12-05";"1";"Vente";"263200.0";"1.0";"T";"RUE BERLIOZ";"0790";"06000";"06088";"Nice";"06";"None";"None";"06088000KY0242";"None";"None";"35";"nan";"62";"48.97";"None";"nan";"None";"None";"None";"None";"2";"2";"Appartement";"49.0";"2.0";"None";"None";"None";"None";"nan";"7.258795";"43.698627";"000KY"
"2025-57210";"2025-12-05";"1";"Vente";"263200.0";"1.0";"T";"RUE BERLIOZ";"0790";"06000";"06088";"Nice";"06";"None";"None";"06088000KY0242";"None";"None";"35";"nan";"62";"48.97";"None";"nan";"None";"None";"None";"None";"2";"3";"Dépendance";"nan";"0.0";"None";"None";"None";"None";"nan";"7.258795";"43.698627";"000KY"
"2025-56638";"2025-12-01";"1";"Vente";"198000.0";"45.0";"None";"AV THIERS";"6400";"06000";"06088";"Nice";"06";"None";"None";"06088000KY0004";"None";"None";"33";"nan";"76";"53.23";"None";"nan";"None";"None";"None";"None";"2";"2";"Appartement";"53.0";"2.0";"None";"None";"None";"None";"nan";"7.257224";"43.701822";"000KY"
"2025-56638";"2025-12-01";"1";"Vente";"198000.0";"45.0";"None";"AV THIERS";"6400";"06000";"06088";"Nice";"06";"None";"None";"06088000KY0004";"None";"None";"33";"nan";"76";"53.23";"None";"nan";"None";"None";"None";"None";"2";"3";"Dépendance";"nan";"0.0";"None";"None";"None";"None";"nan";"7.257224";"43.701822";"000KY"
"2025-57188";"2025-11-28";"1";"Vente";"425000.0";"59.0";"None";"RUE ROSSINI";"5600";"06000";"06088";"Nice";"06";"None";"None";"06088000KY0166";"None";"None";"4";"nan";"74";"51.31";"None";"nan";"None";"None";"None";"None";"2";"2";"Appartement";"51.0";"2.0";"None";"None";"None";"None";"nan";"7.258158";"43.700614";"000KY"
"2025-57188";"2025-11-28";"1";"Vente";"425000.0";"59.0";"None";"RUE ROSSINI";"5600";"06000";"06088";"Nice";"06";"None";"None";"06088000KY0166";"None";"None";"4";"nan";"74";"51.31";"None";"nan";"None";"None";"None";"None";"2";"3";"Dépendance";"nan";"0.0";"None";"None";"None";"None";"nan";"7.258158";"43.700614";"000KY"
"2025-57188";"2025-11-28";"1";"Vente";"425000.0";"59.0";"None";"RUE ROSSINI";"5600";"06000";"06088";"Nice";"06";"None";"None";"06088000KY0166";"None";"None";"4";"nan";"74";"51.31";"None";"nan";"None";"None";"None";"None";"2";"3";"Dépendance";"nan";"0.0";"None";"None";"None";"None";"nan";"7.258158";"43.700614";"000KY"
"2025-56924";"2025-11-27";"1";"Vente";"260000.0";"59.0";"None";"RUE ROSSINI";"5600";"06000";"06088";"Nice";"06";"None";"None";"06088000KY0166";"None";"None";"36";"nan";"55";"55.87";"None";"nan";"None";"None";"None";"None";"2";"2";"Appartement";"52.0";"2.0";"None";"None";"None";"None";"nan";"7.258158";"43.700614";"000KY"
"2025-56623";"2025-11-26";"1";"Vente";"590000.0";"46.0";"None";"BD GAMBETTA";"2755";"06000";"06088";"Nice";"06";"None";"None";"06088000KY0294";"None";"None";"106";"nan";"124";"104.61";"None";"nan";"None";"None";"None";"None";"2";"2";"Appartement";"101.0";"4.0";"None";"None";"None";"None";"nan";"7.256492";"43.700513";"000KY"
"2025-56623";"2025-11-26";"1";"Vente";"590000.0";"46.0";"None";"BD GAMBETTA";"2755";"06000";"06088";"Nice";"06";"None";"None";"06088000KY0294";"None";"None";"106";"nan";"124";"104.61";"None";"nan";"None";"None";"None";"None";"2";"3";"Dépendance";"nan";"0.0";"None";"None";"None";"None";"nan";"7.256492";"43.700513";"000KY"
"2025-56796";"2025-11-25";"1";"Vente";"20000.0";"54.0";"None";"BD VICTOR HUGO";"6655";"06000";"06088";"Nice";"06";"None";"None";"06088000KY0288";"None";"None";"41";"nan";"42";"nan";"None";"nan";"None";"None";"None";"None";"2";"2";"Appartement";"199.0";"6.0";"None";"None";"None";"None";"nan";"7.258017";"43.698216";"000KY"
"2025-56936";"2025-11-25";"1";"Vente";"152000.0";"35.0";"None";"RUE GOUNOD";"2985";"06000";"06088";"Nice";"06";"None";"None";"06088000KY0088";"None";"None";"7";"38.39";"None";"nan";"None";"nan";"None";"None";"None";"None";"1";"2";"Appartement";"39.0";"1.0";"None";"None";"None";"None";"nan";"7.260679";"43.701686";"000KY"
"2025-56951";"2025-11-25";"1";"Vente";"319260.0";"19.0";"None";"AV AUBER";"0425";"06000";"06088";"Nice";"06";"None";"None";"06088000KY0106";"None";"None";"33";"nan";"None";"nan";"None";"nan";"None";"None";"None";"None";"1";"2";"Appartement";"55.0";"2.0";"None";"None";"None";"None";"nan";"7.261513";"43.701475";"000KY"
"2025-56796";"2025-11-25";"1";"Vente";"20000.0";"54.0";"None";"BD VICTOR HUGO";"6655";"06000";"06088";"Nice";"06";"None";"None";"06088000KY0288";"None";"None";"41";"nan";"42";"nan";"None";"nan";"None";"None";"None";"None";"2";"3";"Dépendance";"nan";"0.0";"None";"None";"None";"None";"nan";"7.258017";"43.698216";"000KY"
"2025-56796";"2025-11-25";"1";"Vente";"20000.0";"54.0";"None";"BD VICTOR HUGO";"6655";"06000";"06088";"Nice";"06";"None";"None";"06088000KY0288";"None";"None";"41";"nan";"42";"nan";"None";"nan";"None";"None";"None";"None";"2";"3";"Dépendance";"nan";"0.0";"None";"None";"None";"None";"nan";"7.258017";"43.698216";"000KY"
"2025-56430";"2025-11-24";"1";"Vente";"161000.0";"9.0";"None";"RUE AMIRAL DE GRASSE";"0170";"06000";"06088";"Nice";"06";"None";"None";"06088000KY0006";"None";"None";"10";"38.02";"22";"nan";"None";"nan";"None";"None";"None";"None";"2";"2";"Appartement";"33.0";"2.0";"None";"None";"None";"None";"nan";"7.256913";"43.701572";"000KY"
"2025-56430";"2025-11-24";"1";"Vente";"161000.0";"9.0";"None";"RUE AMIRAL DE GRASSE";"0170";"06000";"06088";"Nice";"06";"None";"None";"06088000KY0006";"None";"None";"10";"38.02";"22";"nan";"None";"nan";"None";"None";"None";"None";"2";"3";"Dépendance";"nan";"0.0";"None";"None";"None";"None";"nan";"7.256913";"43.701572";"000KY"
"2025-56152";"2025-11-24";"1";"Vente";"450000.0";"17.0";"None";"RUE BERLIOZ";"0790";"06000";"06088";"Nice";"06";"None";"None";"06088000KY0152";"None";"None";"2";"99.31";"25";"nan";"None";"nan";"None";"None";"None";"None";"2";"4";"Local industriel. commercial ou assimilé";"99.0";"0.0";"None";"None";"None";"None";"nan";"7.259015";"43.700087";"000KY"
"2025-56176";"2025-11-24";"1";"Vente";"525000.0";"39.0";"None";"RUE VERDI";"6620";"06000";"06088";"Nice";"06";"None";"None";"06088000KY0199";"None";"None";"2";"nan";"34";"92.85";"None";"nan";"None";"None";"None";"None";"2";"4";"Local industriel. commercial ou assimilé";"88.0";"0.0";"None";"None";"None";"None";"nan";"7.257033";"43.699385";"000KY"
"2025-56253";"2025-11-21";"1";"Vente";"483000.0";"50.0";"None";"RUE ROSSINI";"5600";"06000";"06088";"Nice";"06";"None";"None";"06088000KY0025";"None";"None";"14";"nan";"28";"71.02";"None";"nan";"None";"None";"None";"None";"2";"2";"Appartement";"70.0";"2.0";"None";"None";"None";"None";"nan";"7.25759";"43.701001";"000KY"
"2025-56253";"2025-11-21";"1";"Vente";"483000.0";"50.0";"None";"RUE ROSSINI";"5600";"06000";"06088";"Nice";"06";"None";"None";"06088000KY0025";"None";"None";"14";"nan";"28";"71.02";"None";"nan";"None";"None";"None";"None";"2";"3";"Dépendance";"nan";"0.0";"None";"None";"None";"None";"nan";"7.25759";"43.701001";"000KY"
"2025-56156";"2025-11-20";"1";"Vente";"394000.0";"37.0";"None";"RUE HEROLD";"3235";"06000";"06088";"Nice";"06";"None";"None";"06088000KY0030";"None";"None";"15";"62.98";"32";"nan";"None";"nan";"None";"None";"None";"None";"2";"2";"Appartement";"63.0";"2.0";"None";"None";"None";"None";"nan";"7.258525";"43.701077";"000KY"
"2025-56156";"2025-11-20";"1";"Vente";"394000.0";"37.0";"None";"RUE HEROLD";"3235";"06000";"06088";"Nice";"06";"None";"None";"06088000KY0030";"None";"None";"15";"62.98";"32";"nan";"None";"nan";"None";"None";"None";"None";"2";"3";"Dépendance";"nan";"0.0";"None";"None";"None";"None";"nan";"7.258525";"43.701077";"000KY"
"2025-56156";"2025-11-20";"1";"Vente";"394000.0";"37.0";"None";"RUE HEROLD";"3235";"06000";"06088";"Nice";"06";"None";"None";"06088000KY0030";"None";"None";"15";"62.98";"32";"nan";"None";"nan";"None";"None";"None";"None";"2";"3";"Dépendance";"nan";"0.0";"None";"None";"None";"None";"nan";"7.258525";"43.701077";"000KY"
"2025-56645";"2025-11-19";"1";"Vente";"570000.0";"16.0";"None";"RUE AMIRAL DE GRASSE";"0170";"06000";"06088";"Nice";"06";"None";"None";"06088000KY0015";"None";"None";"83";"108.15";"None";"nan";"None";"nan";"None";"None";"None";"None";"1";"2";"Appartement";"110.0";"3.0";"None";"None";"None";"None";"nan";"7.257347";"43.701401";"000KY"
"2025-56645";"2025-11-19";"1";"Vente";"570000.0";"16.0";"None";"RUE AMIRAL DE GRASSE";"0170";"06000";"06088";"Nice";"06";"None";"None";"06088000KY0015";"None";"None";"83";"108.15";"None";"nan";"None";"nan";"None";"None";"None";"None";"1";"3";"Dépendance";"nan";"0.0";"None";"None";"None";"None";"nan";"7.257347";"43.701401";"000KY"
"2025-56591";"2025-11-19";"1";"Vente";"318000.0";"25.0";"None";"RUE GOUNOD";"2985";"06000";"06088";"Nice";"06";"None";"None";"06088000KY0070";"None";"None";"19";"nan";"39";"63.49";"None";"nan";"None";"None";"None";"None";"2";"4";"Local industriel. commercial ou assimilé";"70.0";"0.0";"None";"None";"None";"None";"nan";"7.260341";"43.701072";"000KY"
"2025-55954";"2025-11-18";"1";"Vente";"195000.0";"39.0";"None";"RUE HEROLD";"3235";"06000";"06088";"Nice";"06";"None";"None";"06088000KY0031";"None";"None";"6";"29.79";"61";"nan";"None";"nan";"None";"None";"None";"None";"2";"2";"Appartement";"36.0";"1.0";"None";"None";"None";"None";"nan";"7.258566";"43.701321";"000KY"
"2025-56698";"2025-11-18";"1";"Vente";"90000.0";"41.0";"None";"AV G CLEMENCEAU";"2880";"06000";"06088";"Nice";"06";"None";"None";"06088000KY0083";"None";"None";"20";"12.8";"None";"nan";"None";"nan";"None";"None";"None";"None";"1";"2";"Appartement";"13.0";"1.0";"None";"None";"None";"None";"nan";"7.260537";"43.70166";"000KY"
"2025-55954";"2025-11-18";"1";"Vente";"195000.0";"39.0";"None";"RUE HEROLD";"3235";"06000";"06088";"Nice";"06";"None";"None";"06088000KY0031";"None";"None";"6";"29.79";"61";"nan";"None";"nan";"None";"None";"None";"None";"2";"3";"Dépendance";"nan";"0.0";"None";"None";"None";"None";"nan";"7.258566";"43.701321";"000KY"
"2025-55651";"2025-11-12";"1";"Vente";"57000.0";"6.0";"None";"RUE HEROLD";"3235";"06000";"06088";"Nice";"06";"None";"None";"06088000KY0235";"None";"None";"6";"17.01";"None";"nan";"None";"nan";"None";"None";"None";"None";"1";"2";"Appartement";"18.0";"1.0";"None";"None";"None";"None";"nan";"7.258484";"43.698894";"000KY"
"2025-55819";"2025-11-10";"1";"Vente";"261250.0";"5.0";"None";"RUE GUIGLIA";"3090";"06000";"06088";"Nice";"06";"None";"None";"06088000KY0204";"None";"None";"15";"32.4";"None";"nan";"None";"nan";"None";"None";"None";"None";"1";"2";"Appartement";"31.0";"1.0";"None";"None";"None";"None";"nan";"7.25752";"43.69923";"000KY"
"2025-55819";"2025-11-10";"1";"Vente";"261250.0";"5.0";"None";"RUE GUIGLIA";"3090";"06000";"06088";"Nice";"06";"None";"None";"06088000KY0204";"None";"None";"15";"32.4";"None";"nan";"None";"nan";"None";"None";"None";"None";"1";"3";"Dépendance";"nan";"0.0";"None";"None";"None";"None";"nan";"7.25752";"43.69923";"000KY"
"2025-55490";"2025-11-07";"1";"Vente";"487000.0";"15.0";"None";"RUE VERDI";"6620";"06000";"06088";"Nice";"06";"None";"None";"06088000KY0255";"None";"None";"34";"78.9";"None";"nan";"None";"nan";"None";"None";"None";"None";"1";"2";"Appartement";"85.0";"3.0";"None";"None";"None";"None";"nan";"7.259982";"43.699381";"000KY"
"2025-55903";"2025-11-07";"1";"Vente";"175000.0";"62.0";"None";"BD GAMBETTA";"2755";"06000";"06088";"Nice";"06";"None";"None";"06088000KY0001";"None";"None";"12";"48.13";"221";"nan";"None";"nan";"None";"None";"None";"None";"2";"2";"Appartement";"49.0";"2.0";"None";"None";"None";"None";"nan";"7.256638";"43.701528";"000KY"
"2025-55490";"2025-11-07";"1";"Vente";"487000.0";"15.0";"None";"RUE VERDI";"6620";"06000";"06088";"Nice";"06";"None";"None";"06088000KY0255";"None";"None";"34";"78.9";"None";"nan";"None";"nan";"None";"None";"None";"None";"1";"3";"Dépendance";"nan";"0.0";"None";"None";"None";"None";"nan";"7.259982";"43.699381";"000KY"
"2025-55903";"2025-11-07";"1";"Vente";"175000.0";"62.0";"None";"BD GAMBETTA";"2755";"06000";"06088";"Nice";"06";"None";"None";"06088000KY0001";"None";"None";"12";"48.13";"221";"nan";"None";"nan";"None";"None";"None";"None";"2";"3";"Dépendance";"nan";"0.0";"None";"None";"None";"None";"nan";"7.256638";"43.701528";"000KY"
"2025-55351";"2025-11-06";"1";"Vente";"562740.0";"36.0";"None";"RUE HEROLD";"3235";"06000";"06088";"Nice";"06";"None";"None";"06088000KY0057";"None";"None";"105";"80.01";"None";"nan";"None";"nan";"None";"None";"None";"None";"1";"2";"Appartement";"81.0";"3.0";"None";"None";"None";"None";"nan";"7.259139";"43.700904";"000KY"
"2025-55351";"2025-11-06";"1";"Vente";"562740.0";"36.0";"None";"RUE HEROLD";"3235";"06000";"06088";"Nice";"06";"None";"None";"06088000KY0057";"None";"None";"21";"10.0";"None";"nan";"None";"nan";"None";"None";"None";"None";"1";"3";"Dépendance";"nan";"0.0";"None";"None";"None";"None";"nan";"7.259139";"43.700904";"000KY"
"2025-55609";"2025-11-05";"1";"Vente";"212000.0";"31.0";"None";"RUE HEROLD";"3235";"06000";"06088";"Nice";"06";"None";"None";"06088000KY0164";"None";"None";"22";"nan";"9";"nan";"None";"nan";"None";"None";"None";"None";"2";"2";"Appartement";"46.0";"1.0";"None";"None";"None";"None";"nan";"7.258438";"43.700422";"000KY"
"2025-55609";"2025-11-05";"1";"Vente";"212000.0";"31.0";"None";"RUE HEROLD";"3235";"06000";"06088";"Nice";"06";"None";"None";"06088000KY0164";"None";"None";"22";"nan";"9";"nan";"None";"nan";"None";"None";"None";"None";"2";"3";"Dépendance";"nan";"0.0";"None";"None";"None";"None";"nan";"7.258438";"43.700422";"000KY"
"2025-56065";"2025-11-03";"1";"Vente";"115000.0";"10.0";"None";"RUE VERDI";"6620";"06000";"06088";"Nice";"06";"None";"None";"06088000KY0123";"None";"None";"28";"nan";"None";"nan";"None";"nan";"None";"None";"None";"None";"1";"2";"Appartement";"24.0";"1.0";"None";"None";"None";"None";"nan";"7.261199";"43.69974";"000KY"
"2025-55263";"2025-10-31";"1";"Vente";"240000.0";"30.0";"None";"RUE GUIGLIA";"3090";"06000";"06088";"Nice";"06";"None";"None";"06088000KY0033";"None";"None";"15";"52.04";"27";"nan";"None";"nan";"None";"None";"None";"None";"2";"2";"Appartement";"51.0";"2.0";"None";"None";"None";"None";"nan";"7.258227";"43.701468";"000KY"
"2025-55263";"2025-10-31";"1";"Vente";"240000.0";"30.0";"None";"RUE GUIGLIA";"3090";"06000";"06088";"Nice";"06";"None";"None";"06088000KY0033";"None";"None";"15";"52.04";"27";"nan";"None";"nan";"None";"None";"None";"None";"2";"3";"Dépendance";"nan";"0.0";"None";"None";"None";"None";"nan";"7.258227";"43.701468";"000KY"
"2025-55263";"2025-10-31";"1";"Vente";"240000.0";"30.0";"None";"RUE GUIGLIA";"3090";"06000";"06088";"Nice";"06";"None";"None";"06088000KY0033";"None";"None";"15";"52.04";"27";"nan";"None";"nan";"None";"None";"None";"None";"2";"3";"Dépendance";"nan";"0.0";"None";"None";"None";"None";"nan";"7.258227";"43.701468";"000KY"
"2025-55310";"2025-10-30";"1";"Vente";"265000.0";"15.0";"None";"RUE BERLIOZ";"0790";"06000";"06088";"Nice";"06";"None";"None";"06088000KY0151";"None";"None";"35";"34.25";"None";"nan";"None";"nan";"None";"None";"None";"None";"1";"2";"Appartement";"34.0";"1.0";"None";"None";"None";"None";"nan";"7.259012";"43.699965";"000KY"
"2025-55425";"2025-10-30";"1";"Vente";"250000.0";"32.0";"None";"RUE VERDI";"6620";"06000";"06088";"Nice";"06";"None";"None";"06088000KY0161";"None";"None";"28";"42.63";"None";"nan";"None";"nan";"None";"None";"None";"None";"1";"2";"Appartement";"42.0";"1.0";"None";"None";"None";"None";"nan";"7.258345";"43.699817";"000KY"
"2025-55051";"2025-10-29";"1";"Vente";"40000.0";"20.0";"None";"RUE VERDI";"6620";"06000";"06088";"Nice";"06";"None";"None";"06088000KY0134";"None";"None";"122";"nan";"None";"nan";"None";"nan";"None";"None";"None";"None";"1";"3";"Dépendance";"nan";"0.0";"None";"None";"None";"None";"nan";"7.259955";"43.699817";"000KY"
"2025-55102";"2025-10-27";"1";"Vente";"170000.0";"71.0";"None";"RUE ROSSINI";"5600";"06000";"06088";"Nice";"06";"None";"None";"06088000KY0188";"None";"None";"19";"37.84";"46";"nan";"None";"nan";"None";"None";"None";"None";"2";"2";"Appartement";"36.0";"1.0";"None";"None";"None";"None";"nan";"7.25664";"43.700802";"000KY"
"2025-54813";"2025-10-24";"1";"Vente";"307200.0";"71.0";"None";"RUE ROSSINI";"5600";"06000";"06088";"Nice";"06";"None";"None";"06088000KY0188";"None";"None";"11";"37.88";"40";"nan";"None";"nan";"None";"None";"None";"None";"2";"2";"Appartement";"33.0";"1.0";"None";"None";"None";"None";"nan";"7.25664";"43.700802";"000KY"
"2025-54969";"2025-10-22";"1";"Vente";"215000.0";"52.0";"None";"RUE ROSSINI";"5600";"06000";"06088";"Nice";"06";"None";"None";"06088000KY0024";"None";"None";"11";"39.65";"None";"nan";"None";"nan";"None";"None";"None";"None";"1";"2";"Appartement";"40.0";"2.0";"None";"None";"None";"None";"nan";"7.257306";"43.700971";"000KY"
"2025-54969";"2025-10-22";"1";"Vente";"215000.0";"52.0";"None";"RUE ROSSINI";"5600";"06000";"06088";"Nice";"06";"None";"None";"06088000KY0024";"None";"None";"11";"39.65";"None";"nan";"None";"nan";"None";"None";"None";"None";"1";"3";"Dépendance";"nan";"0.0";"None";"None";"None";"None";"nan";"7.257306";"43.700971";"000KY"
"2025-55007";"2025-10-21";"1";"Vente";"380000.0";"23.0";"None";"RUE GUIGLIA";"3090";"06000";"06088";"Nice";"06";"None";"None";"06088000KY0022";"None";"None";"25";"54.07";"4";"nan";"None";"nan";"None";"None";"None";"None";"2";"2";"Appartement";"51.0";"2.0";"None";"None";"None";"None";"nan";"7.257715";"43.701164";"000KY"
"2025-55007";"2025-10-21";"1";"Vente";"380000.0";"23.0";"None";"RUE GUIGLIA";"3090";"06000";"06088";"Nice";"06";"None";"None";"06088000KY0022";"None";"None";"25";"54.07";"4";"nan";"None";"nan";"None";"None";"None";"None";"2";"3";"Dépendance";"nan";"0.0";"None";"None";"None";"None";"nan";"7.257715";"43.701164";"000KY"
"2025-54824";"2025-10-20";"1";"Vente";"975000.0";"38.0";"None";"BD VICTOR HUGO";"6655";"06000";"06088";"Nice";"06";"None";"None";"06088000KY0319";"None";"None";"22";"99.0";"None";"nan";"None";"nan";"None";"None";"None";"None";"1";"2";"Appartement";"95.0";"3.0";"None";"None";"None";"None";"nan";"7.261874";"43.699091";"000KY"
"2025-54824";"2025-10-20";"1";"Vente";"975000.0";"38.0";"None";"BD VICTOR HUGO";"6655";"06000";"06088";"Nice";"06";"None";"None";"06088000KY0319";"None";"None";"22";"99.0";"None";"nan";"None";"nan";"None";"None";"None";"None";"1";"3";"Dépendance";"nan";"0.0";"None";"None";"None";"None";"nan";"7.261874";"43.699091";"000KY"
"2025-55183";"2025-10-17";"1";"Vente";"137000.0";"40.0";"None";"RUE HEROLD";"3235";"06000";"06088";"Nice";"06";"None";"None";"06088000KY0055";"None";"None";"30";"24.29";"None";"nan";"None";"nan";"None";"None";"None";"None";"1";"2";"Appartement";"25.0";"1.0";"None";"None";"None";"None";"nan";"7.259191";"43.701185";"000KY"
"2025-55183";"2025-10-17";"1";"Vente";"137000.0";"40.0";"None";"RUE HEROLD";"3235";"06000";"06088";"Nice";"06";"None";"None";"06088000KY0055";"None";"None";"30";"24.29";"None";"nan";"None";"nan";"None";"None";"None";"None";"1";"3";"Dépendance";"nan";"0.0";"None";"None";"None";"None";"nan";"7.259191";"43.701185";"000KY"
"2025-55002";"2025-10-16";"1";"Vente";"505000.0";"39.0";"None";"RUE VERDI";"6620";"06000";"06088";"Nice";"06";"None";"None";"06088000KY0199";"None";"None";"46";"92.65";"57";"nan";"None";"nan";"None";"None";"None";"None";"2";"2";"Appartement";"110.0";"3.0";"None";"None";"None";"None";"nan";"7.257033";"43.699385";"000KY"
"2025-55031";"2025-10-16";"1";"Vente";"620000.0";"19.0";"None";"RUE VERDI";"6620";"06000";"06088";"Nice";"06";"None";"None";"06088000KY0254";"None";"None";"23";"nan";"5";"nan";"None";"nan";"None";"None";"None";"None";"2";"2";"Appartement";"60.0";"3.0";"None";"None";"None";"None";"nan";"7.259704";"43.699422";"000KY"
"2025-55002";"2025-10-16";"1";"Vente";"505000.0";"39.0";"None";"RUE VERDI";"6620";"06000";"06088";"Nice";"06";"None";"None";"06088000KY0199";"None";"None";"46";"92.65";"57";"nan";"None";"nan";"None";"None";"None";"None";"2";"3";"Dépendance";"nan";"0.0";"None";"None";"None";"None";"nan";"7.257033";"43.699385";"000KY"
"2025-55031";"2025-10-16";"1";"Vente";"620000.0";"19.0";"None";"RUE VERDI";"6620";"06000";"06088";"Nice";"06";"None";"None";"06088000KY0254";"None";"None";"23";"nan";"5";"nan";"None";"nan";"None";"None";"None";"None";"2";"3";"Dépendance";"nan";"0.0";"None";"None";"None";"None";"nan";"7.259704";"43.699422";"000KY"
"2025-54402";"2025-10-15";"1";"Vente";"250000.0";"16.0";"None";"RUE GUIGLIA";"3090";"06000";"06088";"Nice";"06";"None";"None";"06088000KY0168";"None";"None";"63";"nan";"None";"nan";"None";"nan";"None";"None";"None";"None";"1";"2";"Appartement";"51.0";"2.0";"None";"None";"None";"None";"nan";"7.258082";"43.700341";"000KY"
"2025-55201";"2025-10-15";"1";"Vente";"384000.0";"40.0";"None";"BD GAMBETTA";"2755";"06000";"06088";"Nice";"06";"None";"None";"06088000KY0193";"None";"None";"19";"55.11";"None";"nan";"None";"nan";"None";"None";"None";"None";"1";"2";"Appartement";"59.0";"2.0";"None";"None";"None";"None";"nan";"7.256559";"43.700111";"000KY"
"2025-54402";"2025-10-15";"1";"Vente";"250000.0";"16.0";"None";"RUE GUIGLIA";"3090";"06000";"06088";"Nice";"06";"None";"None";"06088000KY0168";"None";"None";"63";"nan";"None";"nan";"None";"nan";"None";"None";"None";"None";"1";"3";"Dépendance";"nan";"0.0";"None";"None";"None";"None";"nan";"7.258082";"43.700341";"000KY"
"2025-55026";"2025-10-15";"1";"Vente";"70000.0";"3.0";"None";"AV BAQUIS";"0545";"06000";"06088";"Nice";"06";"None";"None";"06088000KY0269";"None";"None";"52";"17.52";"None";"nan";"None";"nan";"None";"None";"None";"None";"1";"3";"Dépendance";"nan";"0.0";"None";"None";"None";"None";"nan";"7.261862";"43.699265";"000KY"
"2025-55201";"2025-10-15";"1";"Vente";"384000.0";"40.0";"None";"BD GAMBETTA";"2755";"06000";"06088";"Nice";"06";"None";"None";"06088000KY0193";"None";"None";"115";"nan";"None";"nan";"None";"nan";"None";"None";"None";"None";"1";"3";"Dépendance";"nan";"0.0";"None";"None";"None";"None";"nan";"7.256559";"43.700111";"000KY"
"2025-54660";"2025-10-08";"1";"Vente";"64000.0";"50.0";"None";"BD VICTOR HUGO";"6655";"06000";"06088";"Nice";"06";"None";"None";"06088000KY0244";"None";"None";"9";"nan";"None";"nan";"None";"nan";"None";"None";"None";"None";"1";"3";"Dépendance";"nan";"0.0";"None";"None";"None";"None";"nan";"7.259365";"43.698542";"000KY"
"2025-54727";"2025-10-07";"1";"Vente";"295000.0";"20.0";"None";"RUE BERLIOZ";"0790";"06000";"06088";"Nice";"06";"None";"None";"06088000KY0143";"None";"None";"17";"nan";"29";"94.58";"None";"nan";"None";"None";"None";"None";"2";"2";"Appartement";"110.0";"4.0";"None";"None";"None";"None";"nan";"7.259713";"43.700341";"000KY"
"2025-54727";"2025-10-07";"1";"Vente";"295000.0";"20.0";"None";"RUE BERLIOZ";"0790";"06000";"06088";"Nice";"06";"None";"None";"06088000KY0143";"None";"None";"17";"nan";"29";"94.58";"None";"nan";"None";"None";"None";"None";"2";"3";"Dépendance";"nan";"0.0";"None";"None";"None";"None";"nan";"7.259713";"43.700341";"000KY"
"2025-54256";"2025-10-02";"1";"Vente";"190800.0";"44.0";"None";"BD VICTOR HUGO";"6655";"06000";"06088";"Nice";"06";"None";"None";"06088000KY0263";"None";"None";"59";"21.36";"60";"nan";"None";"nan";"None";"None";"None";"None";"2";"2";"Appartement";"21.0";"1.0";"None";"None";"None";"None";"nan";"7.260739";"43.699151";"000KY"
"2025-54866";"2025-10-02";"1";"Vente";"275000.0";"11.0";"None";"AV BAQUIS";"0545";"06000";"06088";"Nice";"06";"None";"None";"06088000KY0116";"None";"None";"43";"39.34";"None";"nan";"None";"nan";"None";"None";"None";"None";"1";"2";"Appartement";"45.0";"2.0";"None";"None";"None";"None";"nan";"7.261973";"43.70002";"000KY"
"2025-53595";"2025-09-29";"1";"Vente";"319499.0";"47.0";"None";"RUE ROSSINI";"5600";"06000";"06088";"Nice";"06";"None";"None";"06088000KY0141";"None";"None";"9";"36.51";"None";"nan";"None";"nan";"None";"None";"None";"None";"1";"2";"Appartement";"33.0";"1.0";"None";"None";"None";"None";"nan";"7.259788";"43.700429";"000KY"
"2025-54179";"2025-09-29";"1";"Vente";"850000.0";"44.0";"None";"BD VICTOR HUGO";"6655";"06000";"06088";"Nice";"06";"None";"None";"06088000KY0263";"None";"None";"39";"118.5";"None";"nan";"None";"nan";"None";"None";"None";"None";"1";"2";"Appartement";"120.0";"3.0";"None";"None";"None";"None";"nan";"7.260739";"43.699151";"000KY"
"2025-54409";"2025-09-29";"1";"Vente";"352000.0";"30.0";"None";"RUE GOUNOD";"2985";"06000";"06088";"Nice";"06";"None";"None";"06088000KY0095";"None";"None";"157";"37.82";"None";"nan";"None";"nan";"None";"None";"None";"None";"1";"2";"Appartement";"37.0";"2.0";"None";"None";"None";"None";"nan";"7.261213";"43.701137";"000KY"
"2025-54179";"2025-09-29";"1";"Vente";"850000.0";"44.0";"None";"BD VICTOR HUGO";"6655";"06000";"06088";"Nice";"06";"None";"None";"06088000KY0263";"None";"None";"39";"118.5";"None";"nan";"None";"nan";"None";"None";"None";"None";"1";"3";"Dépendance";"nan";"0.0";"None";"None";"None";"None";"nan";"7.260739";"43.699151";"000KY"
"2025-54409";"2025-09-29";"1";"Vente";"352000.0";"30.0";"None";"RUE GOUNOD";"2985";"06000";"06088";"Nice";"06";"None";"None";"06088000KY0095";"None";"None";"157";"37.82";"None";"nan";"None";"nan";"None";"None";"None";"None";"1";"3";"Dépendance";"nan";"0.0";"None";"None";"None";"None";"nan";"7.261213";"43.701137";"000KY"
"2025-54371";"2025-09-26";"1";"Vente";"319000.0";"7.0";"None";"RUE AMIRAL DE GRASSE";"0170";"06000";"06088";"Nice";"06";"None";"None";"06088000KY0007";"None";"None";"14";"58.03";"None";"nan";"None";"nan";"None";"None";"None";"None";"1";"2";"Appartement";"58.0";"2.0";"None";"None";"None";"None";"nan";"7.256802";"43.701437";"000KY"
"2025-53206";"2025-09-25";"1";"Vente";"559000.0";"10.0";"None";"RUE VERDI";"6620";"06000";"06088";"Nice";"06";"None";"None";"06088000KY0123";"None";"None";"152";"nan";"35";"nan";"None";"nan";"None";"None";"None";"None";"2";"2";"Appartement";"75.0";"5.0";"None";"None";"None";"None";"nan";"7.261199";"43.69974";"000KY"
"2025-53725";"2025-09-25";"1";"Vente";"800000.0";"54.0";"None";"RUE ROSSINI";"5600";"06000";"06088";"Nice";"06";"None";"None";"06088000KY0010";"None";"None";"39";"113.23";"5";"nan";"None";"nan";"None";"None";"None";"None";"2";"2";"Appartement";"91.0";"5.0";"None";"None";"None";"None";"nan";"7.257002";"43.701069";"000KY"
"2025-53750";"2025-09-25";"1";"Vente";"665000.0";"20.0";"None";"RUE VERDI";"6620";"06000";"06088";"Nice";"06";"None";"None";"06088000KY0134";"None";"None";"220";"nan";"None";"nan";"None";"nan";"None";"None";"None";"None";"1";"2";"Appartement";"107.0";"4.0";"None";"None";"None";"None";"nan";"7.259955";"43.699817";"000KY"
"2025-54186";"2025-09-25";"1";"Vente";"110000.0";"45.0";"None";"RUE HEROLD";"3235";"06000";"06088";"Nice";"06";"None";"None";"06088000KY0042";"None";"None";"60";"28.11";"None";"nan";"None";"nan";"None";"None";"None";"None";"1";"2";"Appartement";"29.0";"1.0";"None";"None";"None";"None";"nan";"7.258805";"43.701617";"000KY"
"2025-53206";"2025-09-25";"1";"Vente";"559000.0";"10.0";"None";"RUE VERDI";"6620";"06000";"06088";"Nice";"06";"None";"None";"06088000KY0123";"None";"None";"103";"nan";"None";"nan";"None";"nan";"None";"None";"None";"None";"1";"3";"Dépendance";"nan";"0.0";"None";"None";"None";"None";"nan";"7.261199";"43.69974";"000KY"
"2025-53206";"2025-09-25";"1";"Vente";"559000.0";"10.0";"None";"RUE VERDI";"6620";"06000";"06088";"Nice";"06";"None";"None";"06088000KY0123";"None";"None";"152";"nan";"35";"nan";"None";"nan";"None";"None";"None";"None";"2";"3";"Dépendance";"nan";"0.0";"None";"None";"None";"None";"nan";"7.261199";"43.69974";"000KY"
"2025-53725";"2025-09-25";"1";"Vente";"800000.0";"54.0";"None";"RUE ROSSINI";"5600";"06000";"06088";"Nice";"06";"None";"None";"06088000KY0010";"None";"None";"39";"113.23";"5";"nan";"None";"nan";"None";"None";"None";"None";"2";"3";"Dépendance";"nan";"0.0";"None";"None";"None";"None";"nan";"7.257002";"43.701069";"000KY"
"2025-53725";"2025-09-25";"1";"Vente";"800000.0";"16.0";"None";"RUE AMIRAL DE GRASSE";"0170";"06000";"06088";"Nice";"06";"None";"None";"06088000KY0015";"None";"None";"14";"nan";"None";"nan";"None";"nan";"None";"None";"None";"None";"1";"3";"Dépendance";"nan";"0.0";"None";"None";"None";"None";"nan";"7.257347";"43.701401";"000KY"
"2025-53750";"2025-09-25";"1";"Vente";"665000.0";"20.0";"None";"RUE VERDI";"6620";"06000";"06088";"Nice";"06";"None";"None";"06088000KY0134";"None";"None";"187";"nan";"None";"nan";"None";"nan";"None";"None";"None";"None";"1";"3";"Dépendance";"nan";"0.0";"None";"None";"None";"None";"nan";"7.259955";"43.699817";"000KY"
"2025-54186";"2025-09-25";"1";"Vente";"110000.0";"45.0";"None";"RUE HEROLD";"3235";"06000";"06088";"Nice";"06";"None";"None";"06088000KY0042";"None";"None";"60";"28.11";"None";"nan";"None";"nan";"None";"None";"None";"None";"1";"3";"Dépendance";"nan";"0.0";"None";"None";"None";"None";"nan";"7.258805";"43.701617";"000KY"
"2025-53778";"2025-09-23";"1";"Vente";"209000.0";"15.0";"None";"RUE LOUISE ACKERMANN";"3770";"06000";"06088";"Nice";"06";"None";"None";"06088000KY0014";"None";"None";"7";"28.31";"None";"nan";"None";"nan";"None";"None";"None";"None";"1";"2";"Appartement";"42.0";"2.0";"None";"None";"None";"None";"nan";"7.257234";"43.701202";"000KY"
"2025-54229";"2025-09-23";"1";"Vente";"140000.0";"12.0";"None";"RUE GUIGLIA";"3090";"06000";"06088";"Nice";"06";"None";"None";"06088000KY0170";"None";"None";"12";"nan";"None";"nan";"None";"nan";"None";"None";"None";"None";"1";"2";"Appartement";"69.0";"3.0";"None";"None";"None";"None";"nan";"7.258049";"43.700026";"000KY"
"2025-53778";"2025-09-23";"1";"Vente";"209000.0";"15.0";"None";"RUE LOUISE ACKERMANN";"3770";"06000";"06088";"Nice";"06";"None";"None";"06088000KY0014";"None";"None";"2";"nan";"None";"nan";"None";"nan";"None";"None";"None";"None";"1";"3";"Dépendance";"nan";"0.0";"None";"None";"None";"None";"nan";"7.257234";"43.701202";"000KY"
"2025-53392";"2025-09-22";"1";"Vente";"190000.0";"20.0";"None";"RUE AMIRAL DE GRASSE";"0170";"06000";"06088";"Nice";"06";"None";"None";"06088000KY0016";"None";"None";"111";"27.56";"24";"nan";"None";"nan";"None";"None";"None";"None";"2";"2";"Appartement";"27.0";"1.0";"None";"None";"None";"None";"nan";"7.257669";"43.701702";"000KY"
"2025-53772";"2025-09-22";"1";"Vente";"435000.0";"15.0";"None";"RUE VERDI";"6620";"06000";"06088";"Nice";"06";"None";"None";"06088000KY0255";"None";"None";"133";"60.33";"None";"nan";"None";"nan";"None";"None";"None";"None";"1";"2";"Appartement";"60.0";"2.0";"None";"None";"None";"None";"nan";"7.259982";"43.699381";"000KY"
"2025-53392";"2025-09-22";"1";"Vente";"190000.0";"20.0";"None";"RUE AMIRAL DE GRASSE";"0170";"06000";"06088";"Nice";"06";"None";"None";"06088000KY0016";"None";"None";"111";"27.56";"24";"nan";"None";"nan";"None";"None";"None";"None";"2";"3";"Dépendance";"nan";"0.0";"None";"None";"None";"None";"nan";"7.257669";"43.701702";"000KY"
"2025-53772";"2025-09-22";"1";"Vente";"435000.0";"15.0";"None";"RUE VERDI";"6620";"06000";"06088";"Nice";"06";"None";"None";"06088000KY0255";"None";"None";"112";"nan";"None";"nan";"None";"nan";"None";"None";"None";"None";"1";"3";"Dépendance";"nan";"0.0";"None";"None";"None";"None";"nan";"7.259982";"43.699381";"000KY"
"2025-53907";"2025-09-22";"1";"Vente";"45000.0";"36.0";"None";"RUE HEROLD";"3235";"06000";"06088";"Nice";"06";"None";"None";"06088000KY0057";"None";"None";"71";"nan";"None";"nan";"None";"nan";"None";"None";"None";"None";"1";"3";"Dépendance";"nan";"0.0";"None";"None";"None";"None";"nan";"7.259139";"43.700904";"000KY"
"2025-53073";"2025-09-19";"1";"Vente";"380000.0";"59.0";"None";"RUE ROSSINI";"5600";"06000";"06088";"Nice";"06";"None";"None";"06088000KY0166";"None";"None";"80";"47.43";"None";"nan";"None";"nan";"None";"None";"None";"None";"1";"2";"Appartement";"44.0";"2.0";"None";"None";"None";"None";"nan";"7.258158";"43.700614";"000KY"
"2025-54101";"2025-09-19";"1";"Vente";"375000.0";"53.0";"None";"RUE ROSSINI";"5600";"06000";"06088";"Nice";"06";"None";"None";"06088000KY0326";"None";"None";"47";"70.14";"5";"nan";"None";"nan";"None";"None";"None";"None";"2";"2";"Appartement";"67.0";"3.0";"None";"None";"None";"None";"nan";"7.258453";"43.700592";"000KY"
"2025-53073";"2025-09-19";"1";"Vente";"380000.0";"59.0";"None";"RUE ROSSINI";"5600";"06000";"06088";"Nice";"06";"None";"None";"06088000KY0166";"None";"None";"80";"47.43";"None";"nan";"None";"nan";"None";"None";"None";"None";"1";"3";"Dépendance";"nan";"0.0";"None";"None";"None";"None";"nan";"7.258158";"43.700614";"000KY"
"2025-53073";"2025-09-19";"1";"Vente";"380000.0";"59.0";"None";"RUE ROSSINI";"5600";"06000";"06088";"Nice";"06";"None";"None";"06088000KY0166";"None";"None";"80";"47.43";"None";"nan";"None";"nan";"None";"None";"None";"None";"1";"3";"Dépendance";"nan";"0.0";"None";"None";"None";"None";"nan";"7.258158";"43.700614";"000KY"
"2025-53231";"2025-09-18";"1";"Vente";"600000.0";"19.0";"None";"RUE BERLIOZ";"0790";"06000";"06088";"Nice";"06";"None";"None";"06088000KY0153";"None";"None";"18";"nan";"30";"nan";"None";"nan";"None";"None";"None";"None";"2";"2";"Appartement";"95.0";"3.0";"None";"None";"None";"None";"nan";"7.259081";"43.700268";"000KY"
"2025-53231";"2025-09-18";"1";"Vente";"600000.0";"19.0";"None";"RUE BERLIOZ";"0790";"06000";"06088";"Nice";"06";"None";"None";"06088000KY0153";"None";"None";"72";"nan";"None";"nan";"None";"nan";"None";"None";"None";"None";"1";"3";"Dépendance";"nan";"0.0";"None";"None";"None";"None";"nan";"7.259081";"43.700268";"000KY"
"2025-53231";"2025-09-18";"1";"Vente";"600000.0";"19.0";"None";"RUE BERLIOZ";"0790";"06000";"06088";"Nice";"06";"None";"None";"06088000KY0153";"None";"None";"18";"nan";"30";"nan";"None";"nan";"None";"None";"None";"None";"2";"3";"Dépendance";"nan";"0.0";"None";"None";"None";"None";"nan";"7.259081";"43.700268";"000KY"
"2025-52998";"2025-09-17";"1";"Vente";"720000.0";"4.0";"None";"RUE KOSMA";"3522";"06000";"06088";"Nice";"06";"None";"None";"06088000KY0207";"None";"None";"33";"138.72";"None";"nan";"None";"nan";"None";"None";"None";"None";"1";"2";"Appartement";"157.0";"14.0";"None";"None";"None";"None";"nan";"7.257174";"43.698874";"000KY"
"2025-53214";"2025-09-17";"1";"Vente";"70000.0";"24.0";"None";"RUE GOUNOD";"2985";"06000";"06088";"Nice";"06";"None";"None";"06088000KY0095";"None";"None";"301";"26.81";"None";"nan";"None";"nan";"None";"None";"None";"None";"1";"2";"Appartement";"29.0";"2.0";"None";"None";"None";"None";"nan";"7.261213";"43.701137";"000KY"
"2025-53289";"2025-09-17";"1";"Vente";"350000.0";"43.0";"None";"RUE ROSSINI";"5600";"06000";"06088";"Nice";"06";"None";"None";"06088000KY0139";"None";"None";"18";"57.38";"9";"nan";"None";"nan";"None";"None";"None";"None";"2";"2";"Appartement";"65.0";"3.0";"None";"None";"None";"None";"nan";"7.260158";"43.700362";"000KY"
"2025-53501";"2025-09-17";"1";"Vente";"135000.0";"20.0";"None";"RUE HEROLD";"3235";"06000";"06088";"Nice";"06";"None";"None";"06088000KY0159";"None";"None";"34";"15.07";"None";"nan";"None";"nan";"None";"None";"None";"None";"1";"2";"Appartement";"28.0";"2.0";"None";"None";"None";"None";"nan";"7.258684";"43.699913";"000KY"
"2025-53289";"2025-09-17";"1";"Vente";"350000.0";"43.0";"None";"RUE ROSSINI";"5600";"06000";"06088";"Nice";"06";"None";"None";"06088000KY0139";"None";"None";"18";"57.38";"9";"nan";"None";"nan";"None";"None";"None";"None";"2";"3";"Dépendance";"nan";"0.0";"None";"None";"None";"None";"nan";"7.260158";"43.700362";"000KY"
"2025-53153";"2025-09-16";"1";"Vente";"78200.0";"6.0";"None";"RUE HEROLD";"3235";"06000";"06088";"Nice";"06";"None";"None";"06088000KY0235";"None";"None";"20";"nan";"None";"nan";"None";"nan";"None";"None";"None";"None";"1";"2";"Appartement";"19.0";"1.0";"None";"None";"None";"None";"nan";"7.258484";"43.698894";"000KY"
"2025-52912";"2025-09-15";"1";"Vente";"162000.0";"4.0";"None";"RUE GUIGLIA";"3090";"06000";"06088";"Nice";"06";"None";"None";"06088000KY0215";"None";"None";"39";"18.3";"None";"nan";"None";"nan";"None";"None";"None";"None";"1";"2";"Appartement";"18.0";"1.0";"None";"None";"None";"None";"nan";"7.257985";"43.698779";"000KY"
"2025-53014";"2025-09-15";"1";"Vente";"102000.0";"3.0";"B";"RUE BERLIOZ";"0790";"06000";"06088";"Nice";"06";"None";"None";"06088000KY0233";"None";"None";"17";"nan";"22";"48.51";"None";"nan";"None";"None";"None";"None";"2";"2";"Appartement";"51.0";"2.0";"None";"None";"None";"None";"nan";"7.25893";"43.6989";"000KY"
"2025-53789";"2025-09-15";"1";"Vente";"585000.0";"44.0";"None";"BD VICTOR HUGO";"6655";"06000";"06088";"Nice";"06";"None";"None";"06088000KY0263";"None";"None";"10";"nan";"44";"83.53";"None";"nan";"None";"None";"None";"None";"2";"2";"Appartement";"85.0";"2.0";"None";"None";"None";"None";"nan";"7.260739";"43.699151";"000KY"
"2025-53014";"2025-09-15";"1";"Vente";"102000.0";"3.0";"B";"RUE BERLIOZ";"0790";"06000";"06088";"Nice";"06";"None";"None";"06088000KY0233";"None";"None";"17";"nan";"22";"48.51";"None";"nan";"None";"None";"None";"None";"2";"3";"Dépendance";"nan";"0.0";"None";"None";"None";"None";"nan";"7.25893";"43.6989";"000KY"
"2025-53789";"2025-09-15";"1";"Vente";"585000.0";"44.0";"None";"BD VICTOR HUGO";"6655";"06000";"06088";"Nice";"06";"None";"None";"06088000KY0263";"None";"None";"10";"nan";"44";"83.53";"None";"nan";"None";"None";"None";"None";"2";"3";"Dépendance";"nan";"0.0";"None";"None";"None";"None";"nan";"7.260739";"43.699151";"000KY"
"2025-52750";"2025-09-12";"1";"Vente";"233000.0";"3.0";"None";"RUE AMIRAL DE GRASSE";"0170";"06000";"06088";"Nice";"06";"None";"None";"06088000KY0302";"None";"None";"67";"46.91";"None";"nan";"None";"nan";"None";"None";"None";"None";"1";"2";"Appartement";"47.0";"2.0";"None";"None";"None";"None";"nan";"7.256514";"43.701267";"000KY"
"2025-52933";"2025-09-09";"1";"Vente";"475000.0";"10.0";"None";"RUE BERLIOZ";"0790";"06000";"06088";"Nice";"06";"None";"None";"06088000KY0251";"None";"None";"68";"84.9";"None";"nan";"None";"nan";"None";"None";"None";"None";"1";"2";"Appartement";"81.0";"4.0";"None";"None";"None";"None";"nan";"7.259388";"43.699142";"000KY"
"2025-53460";"2025-09-09";"1";"Vente";"160000.0";"15.0";"None";"RUE VERDI";"6620";"06000";"06088";"Nice";"06";"None";"None";"06088000KY0255";"None";"None";"42";"32.89";"84";"nan";"None";"nan";"None";"None";"None";"None";"2";"2";"Appartement";"33.0";"1.0";"None";"None";"None";"None";"nan";"7.259982";"43.699381";"000KY"
"2025-52914";"2025-09-09";"1";"Vente";"30000.0";"55.0";"None";"AV G CLEMENCEAU";"2880";"06000";"06088";"Nice";"06";"None";"None";"06088000KY0039";"None";"None";"33";"nan";"None";"nan";"None";"nan";"None";"None";"None";"None";"1";"3";"Dépendance";"nan";"0.0";"None";"None";"None";"None";"nan";"7.258602";"43.701886";"000KY"
"2025-53460";"2025-09-09";"1";"Vente";"160000.0";"15.0";"None";"RUE VERDI";"6620";"06000";"06088";"Nice";"06";"None";"None";"06088000KY0255";"None";"None";"42";"32.89";"84";"nan";"None";"nan";"None";"None";"None";"None";"2";"3";"Dépendance";"nan";"0.0";"None";"None";"None";"None";"nan";"7.259982";"43.699381";"000KY"
"2025-52838";"2025-09-08";"1";"Vente";"190000.0";"48.0";"None";"RUE HEROLD";"3235";"06000";"06088";"Nice";"06";"None";"None";"06088000KY0044";"None";"None";"20";"25.07";"None";"nan";"None";"nan";"None";"None";"None";"None";"1";"2";"Appartement";"24.0";"1.0";"None";"None";"None";"None";"nan";"7.259165";"43.70163";"000KY"
"2025-52597";"2025-09-08";"1";"Vente";"40000.0";"10.0";"None";"RUE BERLIOZ";"0790";"06000";"06088";"Nice";"06";"None";"None";"06088000KY0251";"None";"None";"26";"nan";"None";"nan";"None";"nan";"None";"None";"None";"None";"1";"3";"Dépendance";"nan";"0.0";"None";"None";"None";"None";"nan";"7.259388";"43.699142";"000KY"
"2025-52994";"2025-09-05";"1";"Vente";"145000.0";"24.0";"None";"RUE GOUNOD";"2985";"06000";"06088";"Nice";"06";"None";"None";"06088000KY0095";"None";"None";"299";"26.85";"None";"nan";"None";"nan";"None";"None";"None";"None";"1";"2";"Appartement";"28.0";"2.0";"None";"None";"None";"None";"nan";"7.261213";"43.701137";"000KY"
"2025-53074";"2025-09-05";"1";"Vente";"24400.0";"52.0";"None";"RUE ROSSINI";"5600";"06000";"06088";"Nice";"06";"None";"None";"06088000KY0024";"None";"None";"54";"nan";"8";"nan";"None";"nan";"None";"None";"None";"None";"2";"2";"Appartement";"61.0";"2.0";"None";"None";"None";"None";"nan";"7.257306";"43.700971";"000KY"
"2025-53282";"2025-09-05";"1";"Vente";"97600.0";"52.0";"None";"RUE ROSSINI";"5600";"06000";"06088";"Nice";"06";"None";"None";"06088000KY0024";"None";"None";"54";"nan";"8";"62.27";"None";"nan";"None";"None";"None";"None";"2";"2";"Appartement";"61.0";"2.0";"None";"None";"None";"None";"nan";"7.257306";"43.700971";"000KY"
"2025-52994";"2025-09-05";"1";"Vente";"145000.0";"30.0";"None";"RUE GOUNOD";"2985";"06000";"06088";"Nice";"06";"None";"None";"06088000KY0095";"None";"None";"203";"nan";"None";"nan";"None";"nan";"None";"None";"None";"None";"1";"3";"Dépendance";"nan";"0.0";"None";"None";"None";"None";"nan";"7.261213";"43.701137";"000KY"
"2025-53074";"2025-09-05";"1";"Vente";"24400.0";"52.0";"None";"RUE ROSSINI";"5600";"06000";"06088";"Nice";"06";"None";"None";"06088000KY0024";"None";"None";"54";"nan";"8";"nan";"None";"nan";"None";"None";"None";"None";"2";"3";"Dépendance";"nan";"0.0";"None";"None";"None";"None";"nan";"7.257306";"43.700971";"000KY"
"2025-53282";"2025-09-05";"1";"Vente";"97600.0";"52.0";"None";"RUE ROSSINI";"5600";"06000";"06088";"Nice";"06";"None";"None";"06088000KY0024";"None";"None";"54";"nan";"8";"62.27";"None";"nan";"None";"None";"None";"None";"2";"3";"Dépendance";"nan";"0.0";"None";"None";"None";"None";"nan";"7.257306";"43.700971";"000KY"
"2025-53273";"2025-09-03";"1";"Vente";"217050.0";"32.0";"None";"RUE BERLIOZ";"0790";"06000";"06088";"Nice";"06";"None";"None";"06088000KY0076";"None";"None";"142";"33.66";"56";"nan";"None";"nan";"None";"None";"None";"None";"2";"2";"Appartement";"37.0";"1.0";"None";"None";"None";"None";"nan";"7.259888";"43.701741";"000KY"
"2025-52621";"2025-09-03";"1";"Vente";"44000.0";"42.0";"None";"RUE HEROLD";"3235";"06000";"06088";"Nice";"06";"None";"None";"06088000KY0054";"None";"None";"25";"nan";"None";"nan";"None";"nan";"None";"None";"None";"None";"1";"3";"Dépendance";"nan";"0.0";"None";"None";"None";"None";"nan";"7.259204";"43.701324";"000KY"
"2025-53273";"2025-09-03";"1";"Vente";"217050.0";"32.0";"None";"RUE BERLIOZ";"0790";"06000";"06088";"Nice";"06";"None";"None";"06088000KY0076";"None";"None";"142";"33.66";"56";"nan";"None";"nan";"None";"None";"None";"None";"2";"3";"Dépendance";"nan";"0.0";"None";"None";"None";"None";"nan";"7.259888";"43.701741";"000KY"
"2025-52859";"2025-09-02";"1";"Vente";"440000.0";"44.0";"None";"RUE ROSSINI";"5600";"06000";"06088";"Nice";"06";"None";"None";"06088000KY0027";"None";"None";"143";"nan";"40";"59.71";"None";"nan";"None";"None";"None";"None";"2";"2";"Appartement";"65.0";"2.0";"None";"None";"None";"None";"nan";"7.258248";"43.701081";"000KY"
"2025-52952";"2025-09-02";"1";"Vente";"557000.0";"54.0";"None";"RUE ROSSINI";"5600";"06000";"06088";"Nice";"06";"None";"None";"06088000KY0010";"None";"None";"32";"102.02";"None";"nan";"None";"nan";"None";"None";"None";"None";"1";"2";"Appartement";"100.0";"5.0";"None";"None";"None";"None";"nan";"7.257002";"43.701069";"000KY"
"2025-52859";"2025-09-02";"1";"Vente";"440000.0";"44.0";"None";"RUE ROSSINI";"5600";"06000";"06088";"Nice";"06";"None";"None";"06088000KY0027";"None";"None";"143";"nan";"40";"59.71";"None";"nan";"None";"None";"None";"None";"2";"3";"Dépendance";"nan";"0.0";"None";"None";"None";"None";"nan";"7.258248";"43.701081";"000KY"
"2025-52952";"2025-09-02";"1";"Vente";"557000.0";"54.0";"None";"RUE ROSSINI";"5600";"06000";"06088";"Nice";"06";"None";"None";"06088000KY0010";"None";"None";"32";"102.02";"None";"nan";"None";"nan";"None";"None";"None";"None";"1";"3";"Dépendance";"nan";"0.0";"None";"None";"None";"None";"nan";"7.257002";"43.701069";"000KY"
"2025-52860";"2025-09-01";"1";"Vente";"40000.0";"42.0";"None";"RUE HEROLD";"3235";"06000";"06088";"Nice";"06";"None";"None";"06088000KY0054";"None";"None";"19";"nan";"None";"nan";"None";"nan";"None";"None";"None";"None";"1";"3";"Dépendance";"nan";"0.0";"None";"None";"None";"None";"nan";"7.259204";"43.701324";"000KY"
"2025-52550";"2025-08-26";"1";"Vente";"370000.0";"5.0";"None";"RUE GUIGLIA";"3090";"06000";"06088";"Nice";"06";"None";"None";"06088000KY0204";"None";"None";"17";"nan";"42";"nan";"None";"nan";"None";"None";"None";"None";"2";"2";"Appartement";"72.0";"3.0";"None";"None";"None";"None";"nan";"7.25752";"43.69923";"000KY"
"2025-52550";"2025-08-26";"1";"Vente";"370000.0";"5.0";"None";"RUE GUIGLIA";"3090";"06000";"06088";"Nice";"06";"None";"None";"06088000KY0204";"None";"None";"17";"nan";"42";"nan";"None";"nan";"None";"None";"None";"None";"2";"3";"Dépendance";"nan";"0.0";"None";"None";"None";"None";"nan";"7.25752";"43.69923";"000KY"
"2025-51828";"2025-08-25";"1";"Vente";"78000.0";"34.0";"None";"RUE GUIGLIA";"3090";"06000";"06088";"Nice";"06";"None";"None";"06088000KY0037";"None";"None";"17";"nan";"56";"35.16";"None";"nan";"None";"None";"None";"None";"2";"2";"Appartement";"36.0";"1.0";"None";"None";"None";"None";"nan";"7.258223";"43.701904";"000KY"
"2025-52391";"2025-08-25";"1";"Vente";"465000.0";"15.0";"None";"RUE VERDI";"6620";"06000";"06088";"Nice";"06";"None";"None";"06088000KY0255";"None";"None";"111";"nan";"43";"80.61";"None";"nan";"None";"None";"None";"None";"2";"2";"Appartement";"81.0";"3.0";"None";"None";"None";"None";"nan";"7.259982";"43.699381";"000KY"
"2025-51828";"2025-08-25";"1";"Vente";"78000.0";"34.0";"None";"RUE GUIGLIA";"3090";"06000";"06088";"Nice";"06";"None";"None";"06088000KY0037";"None";"None";"17";"nan";"56";"35.16";"None";"nan";"None";"None";"None";"None";"2";"3";"Dépendance";"nan";"0.0";"None";"None";"None";"None";"nan";"7.258223";"43.701904";"000KY"
"2025-52391";"2025-08-25";"1";"Vente";"465000.0";"15.0";"None";"RUE VERDI";"6620";"06000";"06088";"Nice";"06";"None";"None";"06088000KY0255";"None";"None";"111";"nan";"43";"80.61";"None";"nan";"None";"None";"None";"None";"2";"3";"Dépendance";"nan";"0.0";"None";"None";"None";"None";"nan";"7.259982";"43.699381";"000KY"
"2025-52075";"2025-08-22";"1";"Vente";"115000.0";"27.0";"None";"RUE HEROLD";"3235";"06000";"06088";"Nice";"06";"None";"None";"06088000KY0162";"None";"None";"136";"nan";"35";"nan";"None";"nan";"None";"None";"None";"None";"2";"2";"Appartement";"26.0";"1.0";"None";"None";"None";"None";"nan";"7.258351";"43.700062";"000KY"
"2025-52075";"2025-08-22";"1";"Vente";"115000.0";"27.0";"None";"RUE HEROLD";"3235";"06000";"06088";"Nice";"06";"None";"None";"06088000KY0162";"None";"None";"136";"nan";"35";"nan";"None";"nan";"None";"None";"None";"None";"2";"3";"Dépendance";"nan";"0.0";"None";"None";"None";"None";"nan";"7.258351";"43.700062";"000KY"
"2025-52008";"2025-08-06";"1";"Vente";"360000.0";"25.0";"None";"RUE BERLIOZ";"0790";"06000";"06088";"Nice";"06";"None";"None";"06088000KY0057";"None";"None";"132";"60.78";"None";"nan";"None";"nan";"None";"None";"None";"None";"1";"2";"Appartement";"60.0";"3.0";"None";"None";"None";"None";"nan";"7.259139";"43.700904";"000KY"
"2025-51861";"2025-08-05";"1";"Vente";"217000.0";"17.0";"None";"RUE GOUNOD";"2985";"06000";"06088";"Nice";"06";"None";"None";"06088000KY0138";"None";"None";"22";"nan";"None";"nan";"None";"nan";"None";"None";"None";"None";"1";"4";"Local industriel. commercial ou assimilé";"31.0";"0.0";"None";"None";"None";"None";"nan";"7.2603";"43.700361";"000KY"
"2025-51409";"2025-08-04";"1";"Vente";"167000.0";"32.0";"None";"RUE BERLIOZ";"0790";"06000";"06088";"Nice";"06";"None";"None";"06088000KY0076";"None";"None";"103";"nan";"45";"nan";"None";"nan";"None";"None";"None";"None";"2";"2";"Appartement";"28.0";"2.0";"None";"None";"None";"None";"nan";"7.259888";"43.701741";"000KY"
"2025-51409";"2025-08-04";"1";"Vente";"167000.0";"32.0";"None";"RUE BERLIOZ";"0790";"06000";"06088";"Nice";"06";"None";"None";"06088000KY0076";"None";"None";"103";"nan";"45";"nan";"None";"nan";"None";"None";"None";"None";"2";"3";"Dépendance";"nan";"0.0";"None";"None";"None";"None";"nan";"7.259888";"43.701741";"000KY"
"2025-51401";"2025-08-01";"1";"Vente";"120000.0";"27.0";"None";"RUE GOUNOD";"2985";"06000";"06088";"Nice";"06";"None";"None";"06088000KY0071";"None";"None";"19";"22.7";"None";"nan";"None";"nan";"None";"None";"None";"None";"1";"2";"Appartement";"20.0";"1.0";"None";"None";"None";"None";"nan";"7.260504";"43.701268";"000KY"
"2025-51333";"2025-08-01";"1";"Vente";"51250.0";"16.0";"None";"RUE AMIRAL DE GRASSE";"0170";"06000";"06088";"Nice";"06";"None";"None";"06088000KY0015";"None";"None";"1";"nan";"None";"nan";"None";"nan";"None";"None";"None";"None";"1";"3";"Dépendance";"nan";"0.0";"None";"None";"None";"None";"nan";"7.257347";"43.701401";"000KY"
"2025-51764";"2025-07-31";"1";"Vente";"380605.0";"20.0";"None";"RUE BERLIOZ";"0790";"06000";"06088";"Nice";"06";"None";"None";"06088000KY0143";"None";"None";"15";"nan";"37";"43.34";"None";"nan";"None";"None";"None";"None";"2";"2";"Appartement";"43.0";"2.0";"None";"None";"None";"None";"nan";"7.259713";"43.700341";"000KY"
"2025-51764";"2025-07-31";"1";"Vente";"380605.0";"20.0";"None";"RUE BERLIOZ";"0790";"06000";"06088";"Nice";"06";"None";"None";"06088000KY0143";"None";"None";"15";"nan";"37";"43.34";"None";"nan";"None";"None";"None";"None";"2";"3";"Dépendance";"nan";"0.0";"None";"None";"None";"None";"nan";"7.259713";"43.700341";"000KY"
"2025-50945";"2025-07-28";"1";"Vente";"170000.0";"62.0";"None";"BD GAMBETTA";"2755";"06000";"06088";"Nice";"06";"None";"None";"06088000KY0001";"None";"None";"63";"61.85";"None";"nan";"None";"nan";"None";"None";"None";"None";"1";"2";"Appartement";"61.0";"2.0";"None";"None";"None";"None";"nan";"7.256638";"43.701528";"000KY"
"2025-51214";"2025-07-28";"1";"Vente";"283500.0";"20.0";"None";"RUE AMIRAL DE GRASSE";"0170";"06000";"06088";"Nice";"06";"None";"None";"06088000KY0016";"None";"None";"126";"nan";"None";"nan";"None";"nan";"None";"None";"None";"None";"1";"2";"Appartement";"54.0";"1.0";"None";"None";"None";"None";"nan";"7.257669";"43.701702";"000KY"
"2025-50945";"2025-07-28";"1";"Vente";"170000.0";"62.0";"None";"BD GAMBETTA";"2755";"06000";"06088";"Nice";"06";"None";"None";"06088000KY0001";"None";"None";"216";"nan";"None";"nan";"None";"nan";"None";"None";"None";"None";"1";"3";"Dépendance";"nan";"0.0";"None";"None";"None";"None";"nan";"7.256638";"43.701528";"000KY"
"2025-50945";"2025-07-28";"1";"Vente";"170000.0";"62.0";"None";"BD GAMBETTA";"2755";"06000";"06088";"Nice";"06";"None";"None";"06088000KY0001";"None";"None";"90";"nan";"None";"nan";"None";"nan";"None";"None";"None";"None";"1";"3";"Dépendance";"nan";"0.0";"None";"None";"None";"None";"nan";"7.256638";"43.701528";"000KY"
"2025-51207";"2025-07-28";"1";"Vente";"39000.0";"20.0";"None";"RUE AMIRAL DE GRASSE";"0170";"06000";"06088";"Nice";"06";"None";"None";"06088000KY0016";"None";"None";"77";"nan";"None";"nan";"None";"nan";"None";"None";"None";"None";"1";"3";"Dépendance";"nan";"0.0";"None";"None";"None";"None";"nan";"7.257669";"43.701702";"000KY"
"2025-51214";"2025-07-28";"1";"Vente";"283500.0";"20.0";"None";"RUE AMIRAL DE GRASSE";"0170";"06000";"06088";"Nice";"06";"None";"None";"06088000KY0016";"None";"None";"126";"nan";"None";"nan";"None";"nan";"None";"None";"None";"None";"1";"3";"Dépendance";"nan";"0.0";"None";"None";"None";"None";"nan";"7.257669";"43.701702";"000KY"
"2025-51214";"2025-07-28";"1";"Vente";"283500.0";"20.0";"None";"RUE AMIRAL DE GRASSE";"0170";"06000";"06088";"Nice";"06";"None";"None";"06088000KY0016";"None";"None";"126";"nan";"None";"nan";"None";"nan";"None";"None";"None";"None";"1";"3";"Dépendance";"nan";"0.0";"None";"None";"None";"None";"nan";"7.257669";"43.701702";"000KY"
"2025-50726";"2025-07-24";"1";"Vente";"130000.0";"16.0";"None";"RUE BERLIOZ";"0790";"06000";"06088";"Nice";"06";"None";"None";"06088000KY0312";"None";"None";"31";"17.03";"None";"nan";"None";"nan";"None";"None";"None";"None";"1";"2";"Appartement";"16.0";"1.0";"None";"None";"None";"None";"nan";"7.259558";"43.699943";"000KY"
"2025-51210";"2025-07-24";"1";"Vente";"88000.0";"8.0";"None";"IMP MOZART";"4470";"06000";"06088";"Nice";"06";"None";"None";"06088000KY0072";"None";"None";"11";"11.7";"None";"nan";"None";"nan";"None";"None";"None";"None";"1";"2";"Appartement";"19.0";"1.0";"None";"None";"None";"None";"nan";"7.260369";"43.70126";"000KY"
"2025-51008";"2025-07-23";"1";"Vente";"87000.0";"20.0";"None";"RUE HEROLD";"3235";"06000";"06088";"Nice";"06";"None";"None";"06088000KY0159";"None";"None";"47";"13.22";"None";"nan";"None";"nan";"None";"None";"None";"None";"1";"2";"Appartement";"11.0";"1.0";"None";"None";"None";"None";"nan";"7.258684";"43.699913";"000KY"
"2025-50330";"2025-07-23";"1";"Vente";"32000.0";"25.0";"None";"RUE HEROLD";"3235";"06000";"06088";"Nice";"06";"None";"None";"06088000KY0162";"None";"None";"184";"nan";"None";"nan";"None";"nan";"None";"None";"None";"None";"1";"3";"Dépendance";"nan";"0.0";"None";"None";"None";"None";"nan";"7.258351";"43.700062";"000KY"
"2025-50708";"2025-07-22";"1";"Vente";"343000.0";"44.0";"None";"BD GAMBETTA";"2755";"06000";"06088";"Nice";"06";"None";"None";"06088000KY0294";"None";"None";"301";"74.88";"None";"nan";"None";"nan";"None";"None";"None";"None";"1";"2";"Appartement";"67.0";"4.0";"None";"None";"None";"None";"nan";"7.256492";"43.700513";"000KY"
"2025-51029";"2025-07-22";"1";"Vente";"420000.0";"51.0";"None";"RUE ROSSINI";"5600";"06000";"06088";"Nice";"06";"None";"None";"06088000KY0155";"None";"None";"15";"nan";"21";"81.85";"None";"nan";"None";"None";"None";"None";"2";"2";"Appartement";"85.0";"3.0";"None";"None";"None";"None";"nan";"7.258936";"43.70048";"000KY"
"2025-50708";"2025-07-22";"1";"Vente";"343000.0";"44.0";"None";"BD GAMBETTA";"2755";"06000";"06088";"Nice";"06";"None";"None";"06088000KY0294";"None";"None";"301";"74.88";"None";"nan";"None";"nan";"None";"None";"None";"None";"1";"3";"Dépendance";"nan";"0.0";"None";"None";"None";"None";"nan";"7.256492";"43.700513";"000KY"
"2025-51029";"2025-07-22";"1";"Vente";"420000.0";"51.0";"None";"RUE ROSSINI";"5600";"06000";"06088";"Nice";"06";"None";"None";"06088000KY0155";"None";"None";"15";"nan";"21";"81.85";"None";"nan";"None";"None";"None";"None";"2";"3";"Dépendance";"nan";"0.0";"None";"None";"None";"None";"nan";"7.258936";"43.70048";"000KY"
"2025-51029";"2025-07-22";"1";"Vente";"420000.0";"51.0";"None";"RUE ROSSINI";"5600";"06000";"06088";"Nice";"06";"None";"None";"06088000KY0155";"None";"None";"51";"nan";"None";"nan";"None";"nan";"None";"None";"None";"None";"1";"3";"Dépendance";"nan";"0.0";"None";"None";"None";"None";"nan";"7.258936";"43.70048";"000KY"
"2025-50703";"2025-07-21";"1";"Vente";"180000.0";"32.0";"None";"RUE GUIGLIA";"3090";"06000";"06088";"Nice";"06";"None";"None";"06088000KY0036";"None";"None";"90";"29.25";"None";"nan";"None";"nan";"None";"None";"None";"None";"1";"2";"Appartement";"30.0";"1.0";"None";"None";"None";"None";"nan";"7.258264";"43.701645";"000KY"
"2025-50703";"2025-07-21";"1";"Vente";"180000.0";"32.0";"None";"RUE GUIGLIA";"3090";"06000";"06088";"Nice";"06";"None";"None";"06088000KY0036";"None";"None";"90";"29.25";"None";"nan";"None";"nan";"None";"None";"None";"None";"1";"3";"Dépendance";"nan";"0.0";"None";"None";"None";"None";"nan";"7.258264";"43.701645";"000KY"
"2025-51209";"2025-07-18";"1";"Vente";"224350.0";"1.0";"None";"RUE BERLIOZ";"0790";"06000";"06088";"Nice";"06";"None";"None";"06088000KY0240";"None";"None";"16";"nan";"31";"nan";"None";"nan";"None";"None";"None";"None";"2";"2";"Appartement";"34.0";"1.0";"None";"None";"None";"None";"nan";"7.2589";"43.698353";"000KY"
"2025-51209";"2025-07-18";"1";"Vente";"224350.0";"1.0";"None";"RUE BERLIOZ";"0790";"06000";"06088";"Nice";"06";"None";"None";"06088000KY0240";"None";"None";"16";"nan";"31";"nan";"None";"nan";"None";"None";"None";"None";"2";"3";"Dépendance";"nan";"0.0";"None";"None";"None";"None";"nan";"7.2589";"43.698353";"000KY"
"2025-50509";"2025-07-18";"1";"Vente";"150000.0";"19.0";"None";"AV AUBER";"0425";"06000";"06088";"Nice";"06";"None";"None";"06088000KY0106";"None";"None";"13";"26.61";"None";"nan";"None";"nan";"None";"None";"None";"None";"1";"4";"Local industriel. commercial ou assimilé";"24.0";"0.0";"None";"None";"None";"None";"nan";"7.261513";"43.701475";"000KY"
"2025-50260";"2025-07-17";"1";"Vente";"232600.0";"49.0";"None";"AV G CLEMENCEAU";"2880";"06000";"06088";"Nice";"06";"None";"None";"06088000KY0048";"None";"None";"22";"nan";"32";"46.3";"None";"nan";"None";"None";"None";"None";"2";"2";"Appartement";"45.0";"2.0";"None";"None";"None";"None";"nan";"7.259409";"43.701856";"000KY"
"2025-50713";"2025-07-17";"1";"Vente";"259000.0";"62.0";"None";"BD GAMBETTA";"2755";"06000";"06088";"Nice";"06";"None";"None";"06088000KY0001";"None";"None";"35";"50.88";"None";"nan";"None";"nan";"None";"None";"None";"None";"1";"2";"Appartement";"62.0";"2.0";"None";"None";"None";"None";"nan";"7.256638";"43.701528";"000KY"
"2025-50260";"2025-07-17";"1";"Vente";"232600.0";"49.0";"None";"AV G CLEMENCEAU";"2880";"06000";"06088";"Nice";"06";"None";"None";"06088000KY0048";"None";"None";"22";"nan";"32";"46.3";"None";"nan";"None";"None";"None";"None";"2";"3";"Dépendance";"nan";"0.0";"None";"None";"None";"None";"nan";"7.259409";"43.701856";"000KY"
"2025-50713";"2025-07-17";"1";"Vente";"259000.0";"62.0";"None";"BD GAMBETTA";"2755";"06000";"06088";"Nice";"06";"None";"None";"06088000KY0001";"None";"None";"154";"nan";"None";"nan";"None";"nan";"None";"None";"None";"None";"1";"3";"Dépendance";"nan";"0.0";"None";"None";"None";"None";"nan";"7.256638";"43.701528";"000KY"
"2025-51304";"2025-07-16";"1";"Vente";"619000.0";"11.0";"B";"AV AUBER";"0425";"06000";"06088";"Nice";"06";"None";"None";"06088000KY0102";"None";"None";"1";"nan";"26";"nan";"None";"nan";"None";"None";"None";"None";"2";"2";"Appartement";"152.0";"5.0";"None";"None";"None";"None";"nan";"7.261297";"43.700607";"000KY"
"2025-51304";"2025-07-16";"1";"Vente";"619000.0";"11.0";"B";"AV AUBER";"0425";"06000";"06088";"Nice";"06";"None";"None";"06088000KY0102";"None";"None";"1";"nan";"26";"nan";"None";"nan";"None";"None";"None";"None";"2";"3";"Dépendance";"nan";"0.0";"None";"None";"None";"None";"nan";"7.261297";"43.700607";"000KY"
"2025-51304";"2025-07-16";"1";"Vente";"619000.0";"11.0";"B";"AV AUBER";"0425";"06000";"06088";"Nice";"06";"None";"None";"06088000KY0102";"None";"None";"1";"nan";"26";"nan";"None";"nan";"None";"None";"None";"None";"2";"3";"Dépendance";"nan";"0.0";"None";"None";"None";"None";"nan";"7.261297";"43.700607";"000KY"
"2025-51304";"2025-07-16";"1";"Vente";"619000.0";"11.0";"B";"AV AUBER";"0425";"06000";"06088";"Nice";"06";"None";"None";"06088000KY0102";"None";"None";"40";"nan";"None";"nan";"None";"nan";"None";"None";"None";"None";"1";"3";"Dépendance";"nan";"0.0";"None";"None";"None";"None";"nan";"7.261297";"43.700607";"000KY"
"2025-50824";"2025-07-15";"1";"Vente";"440000.0";"9.0";"None";"RUE VERDI";"6620";"06000";"06088";"Nice";"06";"None";"None";"06088000KY0265";"None";"None";"21";"74.84";"None";"nan";"None";"nan";"None";"None";"None";"None";"1";"2";"Appartement";"75.0";"3.0";"None";"None";"None";"None";"nan";"7.260908";"43.699323";"000KY"
"2025-50100";"2025-07-08";"1";"Vente";"45000.0";"22.0";"None";"RUE HEROLD";"3235";"06000";"06088";"Nice";"06";"None";"None";"06088000KY0158";"None";"None";"106";"nan";"None";"nan";"None";"nan";"None";"None";"None";"None";"1";"3";"Dépendance";"nan";"0.0";"None";"None";"None";"None";"nan";"7.258773";"43.700099";"000KY"
"2025-50188";"2025-07-07";"1";"Vente";"750000.0";"4.0";"None";"RUE HEROLD";"3235";"06000";"06088";"Nice";"06";"None";"None";"06088000KY0236";"None";"None";"23";"nan";"67";"119.58";"None";"nan";"None";"None";"None";"None";"2";"2";"Appartement";"125.0";"4.0";"None";"None";"None";"None";"nan";"7.258454";"43.698638";"000KY"
"2025-50188";"2025-07-07";"1";"Vente";"750000.0";"4.0";"None";"RUE HEROLD";"3235";"06000";"06088";"Nice";"06";"None";"None";"06088000KY0236";"None";"None";"4";"nan";"None";"nan";"None";"nan";"None";"None";"None";"None";"1";"3";"Dépendance";"nan";"0.0";"None";"None";"None";"None";"nan";"7.258454";"43.698638";"000KY"
"2025-50188";"2025-07-07";"1";"Vente";"750000.0";"4.0";"None";"RUE HEROLD";"3235";"06000";"06088";"Nice";"06";"None";"None";"06088000KY0236";"None";"None";"23";"nan";"67";"119.58";"None";"nan";"None";"None";"None";"None";"2";"3";"Dépendance";"nan";"0.0";"None";"None";"None";"None";"nan";"7.258454";"43.698638";"000KY"
"2025-50577";"2025-07-04";"1";"Vente";"527500.0";"41.0";"None";"RUE HEROLD";"3235";"06000";"06088";"Nice";"06";"None";"None";"06088000KY0034";"None";"None";"26";"59.2";"8";"nan";"None";"nan";"None";"None";"None";"None";"2";"2";"Appartement";"50.0";"2.0";"None";"None";"None";"None";"nan";"7.258592";"43.701467";"000KY"
"2025-50577";"2025-07-04";"1";"Vente";"527500.0";"41.0";"None";"RUE HEROLD";"3235";"06000";"06088";"Nice";"06";"None";"None";"06088000KY0034";"None";"None";"26";"59.2";"8";"nan";"None";"nan";"None";"None";"None";"None";"2";"3";"Dépendance";"nan";"0.0";"None";"None";"None";"None";"nan";"7.258592";"43.701467";"000KY"
"2025-49943";"2025-07-04";"1";"Vente";"270000.0";"16.0";"None";"RUE AMIRAL DE GRASSE";"0170";"06000";"06088";"Nice";"06";"None";"None";"06088000KY0015";"None";"None";"60";"nan";"79";"70.15";"None";"nan";"None";"None";"None";"None";"2";"4";"Local industriel. commercial ou assimilé";"70.0";"0.0";"None";"None";"None";"None";"nan";"7.257347";"43.701401";"000KY"
"2025-49754";"2025-07-02";"1";"Vente";"176000.0";"10.0";"None";"RUE VERDI";"6620";"06000";"06088";"Nice";"06";"None";"None";"06088000KY0123";"None";"None";"27";"29.49";"None";"nan";"None";"nan";"None";"None";"None";"None";"1";"2";"Appartement";"25.0";"1.0";"None";"None";"None";"None";"nan";"7.261199";"43.69974";"000KY"
"2025-49754";"2025-07-02";"1";"Vente";"176000.0";"10.0";"None";"RUE VERDI";"6620";"06000";"06088";"Nice";"06";"None";"None";"06088000KY0123";"None";"None";"27";"29.49";"None";"nan";"None";"nan";"None";"None";"None";"None";"1";"3";"Dépendance";"nan";"0.0";"None";"None";"None";"None";"nan";"7.261199";"43.69974";"000KY"
"2025-50016";"2025-06-30";"1";"Vente";"200000.0";"2.0";"None";"RUE AMIRAL DE GRASSE";"0170";"06000";"06088";"Nice";"06";"None";"None";"06088000KY0190";"None";"None";"14";"36.65";"None";"nan";"None";"nan";"None";"None";"None";"None";"1";"2";"Appartement";"33.0";"2.0";"None";"None";"None";"None";"nan";"7.256491";"43.700603";"000KY"
"2025-50401";"2025-06-30";"1";"Vente";"152358.0";"3.0";"None";"AV AUBER";"0425";"06000";"06088";"Nice";"06";"None";"None";"06088000KY0266";"None";"None";"35";"nan";"None";"nan";"None";"nan";"None";"None";"None";"None";"1";"3";"Dépendance";"nan";"0.0";"None";"None";"None";"None";"nan";"7.261058";"43.699231";"000KY"
"2025-49373";"2025-06-27";"1";"Vente";"230000.0";"39.0";"None";"RUE BERLIOZ";"0790";"06000";"06088";"Nice";"06";"None";"None";"06088000KY0050";"None";"None";"23";"51.37";"None";"nan";"None";"nan";"None";"None";"None";"None";"1";"2";"Appartement";"53.0";"2.0";"None";"None";"None";"None";"nan";"7.259334";"43.70158";"000KY"
"2025-50308";"2025-06-27";"1";"Vente";"505000.0";"8.0";"None";"RUE GUIGLIA";"3090";"06000";"06088";"Nice";"06";"None";"None";"06088000KY0217";"None";"None";"4";"nan";"None";"nan";"None";"nan";"None";"None";"None";"None";"1";"2";"Appartement";"85.0";"3.0";"None";"None";"None";"None";"nan";"7.258001";"43.6991";"000KY"
"2025-49373";"2025-06-27";"1";"Vente";"230000.0";"39.0";"None";"RUE BERLIOZ";"0790";"06000";"06088";"Nice";"06";"None";"None";"06088000KY0050";"None";"None";"23";"51.37";"None";"nan";"None";"nan";"None";"None";"None";"None";"1";"3";"Dépendance";"nan";"0.0";"None";"None";"None";"None";"nan";"7.259334";"43.70158";"000KY"
"2025-49832";"2025-06-26";"1";"Vente";"193335.0";"48.0";"None";"RUE HEROLD";"3235";"06000";"06088";"Nice";"06";"None";"None";"06088000KY0044";"None";"None";"15";"46.3";"None";"nan";"None";"nan";"None";"None";"None";"None";"1";"2";"Appartement";"44.0";"2.0";"None";"None";"None";"None";"nan";"7.259165";"43.70163";"000KY"
"2025-49832";"2025-06-26";"1";"Vente";"193335.0";"48.0";"None";"RUE HEROLD";"3235";"06000";"06088";"Nice";"06";"None";"None";"06088000KY0044";"None";"None";"15";"46.3";"None";"nan";"None";"nan";"None";"None";"None";"None";"1";"3";"Dépendance";"nan";"0.0";"None";"None";"None";"None";"nan";"7.259165";"43.70163";"000KY"
"2025-49832";"2025-06-26";"1";"Vente";"193335.0";"48.0";"None";"RUE HEROLD";"3235";"06000";"06088";"Nice";"06";"None";"None";"06088000KY0044";"None";"None";"15";"46.3";"None";"nan";"None";"nan";"None";"None";"None";"None";"1";"3";"Dépendance";"nan";"0.0";"None";"None";"None";"None";"nan";"7.259165";"43.70163";"000KY"
"2025-50104";"2025-06-26";"1";"Vente";"41000.0";"24.0";"None";"RUE HEROLD";"3235";"06000";"06088";"Nice";"06";"None";"None";"06088000KY0158";"None";"None";"206";"nan";"None";"nan";"None";"nan";"None";"None";"None";"None";"1";"3";"Dépendance";"nan";"0.0";"None";"None";"None";"None";"nan";"7.258773";"43.700099";"000KY"
"2025-49028";"2025-06-24";"1";"Vente";"80000.0";"22.0";"None";"RUE HEROLD";"3235";"06000";"06088";"Nice";"06";"None";"None";"06088000KY0158";"None";"None";"134";"14.7";"None";"nan";"None";"nan";"None";"None";"None";"None";"1";"2";"Appartement";"8.0";"1.0";"None";"None";"None";"None";"nan";"7.258773";"43.700099";"000KY"
"2025-49601";"2025-06-20";"1";"Vente";"334000.0";"20.0";"None";"RUE BERLIOZ";"0790";"06000";"06088";"Nice";"06";"None";"None";"06088000KY0143";"None";"None";"1";"nan";"28";"63.02";"None";"nan";"None";"None";"None";"None";"2";"2";"Appartement";"68.0";"3.0";"None";"None";"None";"None";"nan";"7.259713";"43.700341";"000KY"
"2025-49601";"2025-06-20";"1";"Vente";"334000.0";"20.0";"None";"RUE BERLIOZ";"0790";"06000";"06088";"Nice";"06";"None";"None";"06088000KY0143";"None";"None";"1";"nan";"28";"63.02";"None";"nan";"None";"None";"None";"None";"2";"3";"Dépendance";"nan";"0.0";"None";"None";"None";"None";"nan";"7.259713";"43.700341";"000KY"
"2025-48981";"2025-06-18";"1";"Vente";"120000.0";"40.0";"None";"BD GAMBETTA";"2755";"06000";"06088";"Nice";"06";"None";"None";"06088000KY0193";"None";"None";"150";"nan";"None";"nan";"None";"nan";"None";"None";"None";"None";"1";"3";"Dépendance";"nan";"0.0";"None";"None";"None";"None";"nan";"7.256559";"43.700111";"000KY"
"2025-48981";"2025-06-18";"1";"Vente";"120000.0";"40.0";"None";"BD GAMBETTA";"2755";"06000";"06088";"Nice";"06";"None";"None";"06088000KY0193";"None";"None";"150";"nan";"None";"nan";"None";"nan";"None";"None";"None";"None";"1";"3";"Dépendance";"nan";"0.0";"None";"None";"None";"None";"nan";"7.256559";"43.700111";"000KY"
"2025-48981";"2025-06-18";"1";"Vente";"120000.0";"40.0";"None";"BD GAMBETTA";"2755";"06000";"06088";"Nice";"06";"None";"None";"06088000KY0193";"None";"None";"150";"nan";"None";"nan";"None";"nan";"None";"None";"None";"None";"1";"3";"Dépendance";"nan";"0.0";"None";"None";"None";"None";"nan";"7.256559";"43.700111";"000KY"
"2025-48981";"2025-06-18";"1";"Vente";"120000.0";"40.0";"None";"BD GAMBETTA";"2755";"06000";"06088";"Nice";"06";"None";"None";"06088000KY0193";"None";"None";"150";"nan";"None";"nan";"None";"nan";"None";"None";"None";"None";"1";"3";"Dépendance";"nan";"0.0";"None";"None";"None";"None";"nan";"7.256559";"43.700111";"000KY"
"2025-49022";"2025-06-17";"1";"Vente";"600000.0";"50.0";"None";"BD VICTOR HUGO";"6655";"06000";"06088";"Nice";"06";"None";"None";"06088000KY0244";"None";"None";"224";"67.71";"50";"nan";"None";"nan";"None";"None";"None";"None";"2";"2";"Appartement";"72.0";"3.0";"None";"None";"None";"None";"nan";"7.259365";"43.698542";"000KY"
"2025-49022";"2025-06-17";"1";"Vente";"600000.0";"50.0";"None";"BD VICTOR HUGO";"6655";"06000";"06088";"Nice";"06";"None";"None";"06088000KY0244";"None";"None";"224";"67.71";"50";"nan";"None";"nan";"None";"None";"None";"None";"2";"3";"Dépendance";"nan";"0.0";"None";"None";"None";"None";"nan";"7.259365";"43.698542";"000KY"
"2025-48995";"2025-06-16";"1";"Vente";"320000.0";"46.0";"None";"RUE HEROLD";"3235";"06000";"06088";"Nice";"06";"None";"None";"06088000KY0043";"None";"None";"21";"nan";"7";"69.16";"None";"nan";"None";"None";"None";"None";"2";"2";"Appartement";"65.0";"3.0";"None";"None";"None";"None";"nan";"7.259134";"43.701536";"000KY"
"2025-49262";"2025-06-16";"1";"Vente";"470027.0";"48.0";"None";"RUE ROSSINI";"5600";"06000";"06088";"Nice";"06";"None";"None";"06088000KY0026";"None";"None";"16";"94.02";"41";"nan";"None";"nan";"None";"None";"None";"None";"2";"2";"Appartement";"94.0";"4.0";"None";"None";"None";"None";"nan";"7.257719";"43.700987";"000KY"
"2025-49866";"2025-06-16";"1";"Vente";"173000.0";"1.0";"T";"RUE BERLIOZ";"0790";"06000";"06088";"Nice";"06";"None";"None";"06088000KY0242";"None";"None";"33";"nan";"72";"25.04";"None";"nan";"None";"None";"None";"None";"2";"2";"Appartement";"28.0";"1.0";"None";"None";"None";"None";"nan";"7.258795";"43.698627";"000KY"
"2025-48995";"2025-06-16";"1";"Vente";"320000.0";"46.0";"None";"RUE HEROLD";"3235";"06000";"06088";"Nice";"06";"None";"None";"06088000KY0043";"None";"None";"21";"nan";"7";"69.16";"None";"nan";"None";"None";"None";"None";"2";"3";"Dépendance";"nan";"0.0";"None";"None";"None";"None";"nan";"7.259134";"43.701536";"000KY"
"2025-49262";"2025-06-16";"1";"Vente";"470027.0";"48.0";"None";"RUE ROSSINI";"5600";"06000";"06088";"Nice";"06";"None";"None";"06088000KY0026";"None";"None";"16";"94.02";"41";"nan";"None";"nan";"None";"None";"None";"None";"2";"3";"Dépendance";"nan";"0.0";"None";"None";"None";"None";"nan";"7.257719";"43.700987";"000KY"
"2025-49866";"2025-06-16";"1";"Vente";"173000.0";"1.0";"T";"RUE BERLIOZ";"0790";"06000";"06088";"Nice";"06";"None";"None";"06088000KY0242";"None";"None";"33";"nan";"72";"25.04";"None";"nan";"None";"None";"None";"None";"2";"3";"Dépendance";"nan";"0.0";"None";"None";"None";"None";"nan";"7.258795";"43.698627";"000KY"
"2025-48565";"2025-06-12";"1";"Vente";"345000.0";"7.0";"None";"RUE VERDI";"6620";"06000";"06088";"Nice";"06";"None";"None";"06088000KY0267";"None";"None";"28";"70.05";"None";"nan";"None";"nan";"None";"None";"None";"None";"1";"2";"Appartement";"62.0";"3.0";"None";"None";"None";"None";"nan";"7.261096";"43.699434";"000KY"
"2025-48565";"2025-06-12";"1";"Vente";"345000.0";"7.0";"None";"RUE VERDI";"6620";"06000";"06088";"Nice";"06";"None";"None";"06088000KY0267";"None";"None";"28";"70.05";"None";"nan";"None";"nan";"None";"None";"None";"None";"1";"3";"Dépendance";"nan";"0.0";"None";"None";"None";"None";"nan";"7.261096";"43.699434";"000KY"
"2025-49106";"2025-06-06";"1";"Vente";"170000.0";"10.0";"None";"RUE AMIRAL DE GRASSE";"0170";"06000";"06088";"Nice";"06";"None";"None";"06088000KY0012";"None";"None";"10";"45.33";"None";"nan";"None";"nan";"None";"None";"None";"None";"1";"2";"Appartement";"47.0";"2.0";"None";"None";"None";"None";"nan";"7.256982";"43.701155";"000KY"
"2025-48538";"2025-06-06";"1";"Vente";"70000.0";"50.0";"None";"BD VICTOR HUGO";"6655";"06000";"06088";"Nice";"06";"None";"None";"06088000KY0244";"None";"None";"22";"13.0";"None";"nan";"None";"nan";"None";"None";"None";"None";"1";"3";"Dépendance";"nan";"0.0";"None";"None";"None";"None";"nan";"7.259365";"43.698542";"000KY"
"2025-49135";"2025-06-05";"1";"Vente";"299000.0";"16.0";"None";"RUE VERDI";"6620";"06000";"06088";"Nice";"06";"None";"None";"06088000KY0131";"None";"None";"2";"nan";"23";"47.1";"None";"nan";"None";"None";"None";"None";"2";"2";"Appartement";"57.0";"2.0";"None";"None";"None";"None";"nan";"7.260538";"43.699765";"000KY"
"2025-49135";"2025-06-05";"1";"Vente";"299000.0";"16.0";"None";"RUE VERDI";"6620";"06000";"06088";"Nice";"06";"None";"None";"06088000KY0131";"None";"None";"2";"nan";"23";"47.1";"None";"nan";"None";"None";"None";"None";"2";"3";"Dépendance";"nan";"0.0";"None";"None";"None";"None";"nan";"7.260538";"43.699765";"000KY"
"2025-48253";"2025-06-04";"1";"Vente";"505000.0";"20.0";"None";"RUE VERDI";"6620";"06000";"06088";"Nice";"06";"None";"None";"06088000KY0134";"None";"None";"226";"80.04";"None";"nan";"None";"nan";"None";"None";"None";"None";"1";"2";"Appartement";"79.0";"3.0";"None";"None";"None";"None";"nan";"7.259955";"43.699817";"000KY"
"2025-48253";"2025-06-04";"1";"Vente";"505000.0";"20.0";"None";"RUE VERDI";"6620";"06000";"06088";"Nice";"06";"None";"None";"06088000KY0134";"None";"None";"183";"nan";"None";"nan";"None";"nan";"None";"None";"None";"None";"1";"3";"Dépendance";"nan";"0.0";"None";"None";"None";"None";"nan";"7.259955";"43.699817";"000KY"
"2025-48227";"2025-06-03";"1";"Vente";"115000.0";"20.0";"None";"RUE HEROLD";"3235";"06000";"06088";"Nice";"06";"None";"None";"06088000KY0159";"None";"None";"25";"16.03";"None";"nan";"None";"nan";"None";"None";"None";"None";"1";"2";"Appartement";"15.0";"1.0";"None";"None";"None";"None";"nan";"7.258684";"43.699913";"000KY"
"2025-48476";"2025-06-03";"1";"Vente";"700000.0";"21.0";"None";"RUE BERLIOZ";"0790";"06000";"06088";"Nice";"06";"None";"None";"06088000KY0154";"None";"None";"3";"nan";"None";"nan";"None";"nan";"None";"None";"None";"None";"1";"2";"Appartement";"135.0";"5.0";"None";"None";"None";"None";"nan";"7.259122";"43.700442";"000KY"
"2025-48552";"2025-06-03";"1";"Vente";"355000.0";"33.0";"None";"RUE BERLIOZ";"0790";"06000";"06088";"Nice";"06";"None";"None";"06088000KY0054";"None";"None";"2";"nan";"36";"73.54";"None";"nan";"None";"None";"None";"None";"2";"2";"Appartement";"73.0";"3.0";"None";"None";"None";"None";"nan";"7.259204";"43.701324";"000KY"
"2025-48476";"2025-06-03";"1";"Vente";"700000.0";"21.0";"None";"RUE BERLIOZ";"0790";"06000";"06088";"Nice";"06";"None";"None";"06088000KY0154";"None";"None";"3";"nan";"None";"nan";"None";"nan";"None";"None";"None";"None";"1";"3";"Dépendance";"nan";"0.0";"None";"None";"None";"None";"nan";"7.259122";"43.700442";"000KY"
"2025-48476";"2025-06-03";"1";"Vente";"700000.0";"21.0";"None";"RUE BERLIOZ";"0790";"06000";"06088";"Nice";"06";"None";"None";"06088000KY0154";"None";"None";"3";"nan";"None";"nan";"None";"nan";"None";"None";"None";"None";"1";"3";"Dépendance";"nan";"0.0";"None";"None";"None";"None";"nan";"7.259122";"43.700442";"000KY"
"2025-48552";"2025-06-03";"1";"Vente";"355000.0";"33.0";"None";"RUE BERLIOZ";"0790";"06000";"06088";"Nice";"06";"None";"None";"06088000KY0054";"None";"None";"2";"nan";"36";"73.54";"None";"nan";"None";"None";"None";"None";"2";"3";"Dépendance";"nan";"0.0";"None";"None";"None";"None";"nan";"7.259204";"43.701324";"000KY"
"2025-47935";"2025-05-28";"1";"Vente";"146000.0";"10.0";"None";"RUE VERDI";"6620";"06000";"06088";"Nice";"06";"None";"None";"06088000KY0123";"None";"None";"3";"27.39";"None";"nan";"None";"nan";"None";"None";"None";"None";"1";"2";"Appartement";"30.0";"1.0";"None";"None";"None";"None";"nan";"7.261199";"43.69974";"000KY"
"2025-48418";"2025-05-28";"1";"Vente";"360000.0";"9.0";"None";"RUE AMIRAL DE GRASSE";"0170";"06000";"06088";"Nice";"06";"None";"None";"06088000KY0006";"None";"None";"3";"60.9";"30";"nan";"None";"nan";"None";"None";"None";"None";"2";"2";"Appartement";"65.0";"2.0";"None";"None";"None";"None";"nan";"7.256913";"43.701572";"000KY"
"2025-48418";"2025-05-28";"1";"Vente";"360000.0";"9.0";"None";"RUE AMIRAL DE GRASSE";"0170";"06000";"06088";"Nice";"06";"None";"None";"06088000KY0006";"None";"None";"3";"60.9";"30";"nan";"None";"nan";"None";"None";"None";"None";"2";"3";"Dépendance";"nan";"0.0";"None";"None";"None";"None";"nan";"7.256913";"43.701572";"000KY"
"2025-48263";"2025-05-28";"1";"Vente";"750000.0";"44.0";"None";"RUE ROSSINI";"5600";"06000";"06088";"Nice";"06";"None";"None";"06088000KY0027";"None";"None";"130";"nan";"131";"nan";"191";"252.06";"None";"None";"None";"None";"3";"4";"Local industriel. commercial ou assimilé";"282.0";"0.0";"None";"None";"None";"None";"nan";"7.258248";"43.701081";"000KY"
"2025-48373";"2025-05-27";"1";"Vente";"68000.0";"20.0";"None";"RUE HEROLD";"3235";"06000";"06088";"Nice";"06";"None";"None";"06088000KY0159";"None";"None";"39";"17.45";"None";"nan";"None";"nan";"None";"None";"None";"None";"1";"2";"Appartement";"16.0";"1.0";"None";"None";"None";"None";"nan";"7.258684";"43.699913";"000KY"
"2025-48233";"2025-05-22";"1";"Vente";"240000.0";"4.0";"None";"RUE GUIGLIA";"3090";"06000";"06088";"Nice";"06";"None";"None";"06088000KY0215";"None";"None";"34";"49.53";"35";"nan";"None";"nan";"None";"None";"None";"None";"2";"2";"Appartement";"45.0";"3.0";"None";"None";"None";"None";"nan";"7.257985";"43.698779";"000KY"
"2025-48437";"2025-05-22";"1";"Vente";"320000.0";"10.0";"None";"RUE AMIRAL DE GRASSE";"0170";"06000";"06088";"Nice";"06";"None";"None";"06088000KY0012";"None";"None";"9";"74.72";"None";"nan";"None";"nan";"None";"None";"None";"None";"1";"2";"Appartement";"71.0";"3.0";"None";"None";"None";"None";"nan";"7.256982";"43.701155";"000KY"
"2025-48437";"2025-05-22";"1";"Vente";"320000.0";"10.0";"None";"RUE AMIRAL DE GRASSE";"0170";"06000";"06088";"Nice";"06";"None";"None";"06088000KY0012";"None";"None";"9";"74.72";"None";"nan";"None";"nan";"None";"None";"None";"None";"1";"3";"Dépendance";"nan";"0.0";"None";"None";"None";"None";"nan";"7.256982";"43.701155";"000KY"
"2025-48541";"2025-05-22";"1";"Vente";"90000.0";"25.0";"None";"RUE GUIGLIA";"3090";"06000";"06088";"Nice";"06";"None";"None";"06088000KY0021";"None";"None";"33";"nan";"None";"nan";"None";"nan";"None";"None";"None";"None";"1";"3";"Dépendance";"nan";"0.0";"None";"None";"None";"None";"nan";"7.257698";"43.701336";"000KY"
"2025-47656";"2025-05-20";"1";"Vente";"1683000.0";"6.0";"None";"RUE KOSMA";"3522";"06000";"06088";"Nice";"06";"None";"None";"06088000KY0208";"None";"None";"37";"nan";"7";"212.11";"None";"nan";"None";"None";"None";"None";"2";"2";"Appartement";"217.0";"5.0";"None";"None";"None";"None";"nan";"7.256884";"43.698935";"000KY"
"2025-47656";"2025-05-20";"1";"Vente";"1683000.0";"6.0";"None";"AV EMILIA";"2260";"06000";"06088";"Nice";"06";"None";"None";"06088000KY0200";"None";"None";"12";"nan";"None";"nan";"None";"nan";"None";"None";"None";"None";"1";"3";"Dépendance";"nan";"0.0";"None";"None";"None";"None";"nan";"7.257075";"43.699293";"000KY"
"2025-47656";"2025-05-20";"1";"Vente";"1683000.0";"6.0";"None";"RUE KOSMA";"3522";"06000";"06088";"Nice";"06";"None";"None";"06088000KY0208";"None";"None";"37";"nan";"7";"212.11";"None";"nan";"None";"None";"None";"None";"2";"3";"Dépendance";"nan";"0.0";"None";"None";"None";"None";"nan";"7.256884";"43.698935";"000KY"
"2025-47656";"2025-05-20";"1";"Vente";"1683000.0";"6.0";"None";"RUE KOSMA";"3522";"06000";"06088";"Nice";"06";"None";"None";"06088000KY0208";"None";"None";"37";"nan";"7";"212.11";"None";"nan";"None";"None";"None";"None";"2";"3";"Dépendance";"nan";"0.0";"None";"None";"None";"None";"nan";"7.256884";"43.698935";"000KY"
"2025-47656";"2025-05-20";"1";"Vente";"1683000.0";"6.0";"None";"RUE KOSMA";"3522";"06000";"06088";"Nice";"06";"None";"None";"06088000KY0208";"None";"None";"37";"nan";"7";"212.11";"None";"nan";"None";"None";"None";"None";"2";"3";"Dépendance";"nan";"0.0";"None";"None";"None";"None";"nan";"7.256884";"43.698935";"000KY"
"2025-47656";"2025-05-20";"1";"Vente";"1683000.0";"6.0";"None";"RUE KOSMA";"3522";"06000";"06088";"Nice";"06";"None";"None";"06088000KY0208";"None";"None";"19";"nan";"None";"nan";"None";"nan";"None";"None";"None";"None";"1";"3";"Dépendance";"nan";"0.0";"None";"None";"None";"None";"nan";"7.256884";"43.698935";"000KY"
"2025-47656";"2025-05-20";"1";"Vente";"1683000.0";"6.0";"None";"RUE KOSMA";"3522";"06000";"06088";"Nice";"06";"None";"None";"06088000KY0208";"None";"None";"20";"nan";"None";"nan";"None";"nan";"None";"None";"None";"None";"1";"3";"Dépendance";"nan";"0.0";"None";"None";"None";"None";"nan";"7.256884";"43.698935";"000KY"
"2025-47833";"2025-05-19";"1";"Vente";"273000.0";"11.0";"None";"AV BAQUIS";"0545";"06000";"06088";"Nice";"06";"None";"None";"06088000KY0116";"None";"None";"40";"39.28";"None";"nan";"None";"nan";"None";"None";"None";"None";"1";"2";"Appartement";"48.0";"2.0";"None";"None";"None";"None";"nan";"7.261973";"43.70002";"000KY"
"2025-47949";"2025-05-19";"1";"Vente";"200000.0";"30.0";"None";"RUE GOUNOD";"2985";"06000";"06088";"Nice";"06";"None";"None";"06088000KY0095";"None";"None";"158";"nan";"None";"nan";"None";"nan";"None";"None";"None";"None";"1";"2";"Appartement";"37.0";"2.0";"None";"None";"None";"None";"nan";"7.261213";"43.701137";"000KY"
"2025-47949";"2025-05-19";"1";"Vente";"200000.0";"30.0";"None";"RUE GOUNOD";"2985";"06000";"06088";"Nice";"06";"None";"None";"06088000KY0095";"None";"None";"158";"nan";"None";"nan";"None";"nan";"None";"None";"None";"None";"1";"3";"Dépendance";"nan";"0.0";"None";"None";"None";"None";"nan";"7.261213";"43.701137";"000KY"
"2025-47670";"2025-05-16";"1";"Vente";"17000.0";"10.0";"None";"RUE VERDI";"6620";"06000";"06088";"Nice";"06";"None";"None";"06088000KY0123";"None";"None";"101";"nan";"None";"nan";"None";"nan";"None";"None";"None";"None";"1";"3";"Dépendance";"nan";"0.0";"None";"None";"None";"None";"nan";"7.261199";"43.69974";"000KY"
"2025-48093";"2025-05-16";"1";"Vente";"56000.0";"16.0";"None";"RUE AMIRAL DE GRASSE";"0170";"06000";"06088";"Nice";"06";"None";"None";"06088000KY0015";"None";"None";"26";"nan";"None";"nan";"None";"nan";"None";"None";"None";"None";"1";"3";"Dépendance";"nan";"0.0";"None";"None";"None";"None";"nan";"7.257347";"43.701401";"000KY"
"2025-47616";"2025-05-15";"1";"Vente";"370000.0";"37.0";"None";"AV G CLEMENCEAU";"2880";"06000";"06088";"Nice";"06";"None";"None";"06088000KY0093";"None";"None";"19";"66.0";"30";"nan";"None";"nan";"None";"None";"None";"None";"2";"2";"Appartement";"55.0";"2.0";"None";"None";"None";"None";"nan";"7.261275";"43.701541";"000KY"
"2025-47616";"2025-05-15";"1";"Vente";"370000.0";"37.0";"None";"AV G CLEMENCEAU";"2880";"06000";"06088";"Nice";"06";"None";"None";"06088000KY0093";"None";"None";"45";"nan";"None";"nan";"None";"nan";"None";"None";"None";"None";"1";"3";"Dépendance";"nan";"0.0";"None";"None";"None";"None";"nan";"7.261275";"43.701541";"000KY"
"2025-47352";"2025-05-12";"1";"Vente";"65000.0";"50.0";"None";"BD VICTOR HUGO";"6655";"06000";"06088";"Nice";"06";"None";"None";"06088000KY0244";"None";"None";"207";"14.28";"None";"nan";"None";"nan";"None";"None";"None";"None";"1";"2";"Appartement";"10.0";"1.0";"None";"None";"None";"None";"nan";"7.259365";"43.698542";"000KY"
"2025-47646";"2025-05-12";"1";"Vente";"240000.0";"40.0";"None";"RUE VERDI";"6620";"06000";"06088";"Nice";"06";"None";"None";"06088000KY0175";"None";"None";"45";"45.75";"None";"nan";"None";"nan";"None";"None";"None";"None";"1";"2";"Appartement";"45.0";"2.0";"None";"None";"None";"None";"nan";"7.257211";"43.69987";"000KY"
"2025-47635";"2025-05-09";"1";"Vente";"307000.0";"51.0";"None";"AV G CLEMENCEAU";"2880";"06000";"06088";"Nice";"06";"None";"None";"06088000KY0047";"None";"None";"34";"nan";"8";"50.15";"None";"nan";"None";"None";"None";"None";"2";"2";"Appartement";"50.0";"2.0";"None";"None";"None";"None";"nan";"7.259209";"43.701881";"000KY"
"2025-47635";"2025-05-09";"1";"Vente";"307000.0";"51.0";"None";"AV G CLEMENCEAU";"2880";"06000";"06088";"Nice";"06";"None";"None";"06088000KY0047";"None";"None";"34";"nan";"8";"50.15";"None";"nan";"None";"None";"None";"None";"2";"3";"Dépendance";"nan";"0.0";"None";"None";"None";"None";"nan";"7.259209";"43.701881";"000KY"
"2025-47120";"2025-05-07";"1";"Vente";"113300.0";"3.0";"None";"AV DURANTE";"2125";"06000";"06088";"Nice";"06";"None";"None";"06088000KY0108";"None";"None";"54";"18.57";"None";"nan";"None";"nan";"None";"None";"None";"None";"1";"4";"Local industriel. commercial ou assimilé";"18.0";"0.0";"None";"None";"None";"None";"nan";"7.26216";"43.701475";"000KY"
"2025-47125";"2025-05-07";"1";"Vente";"94760.0";"3.0";"None";"AV DURANTE";"2125";"06000";"06088";"Nice";"06";"None";"None";"06088000KY0108";"None";"None";"37";"18.57";"None";"nan";"None";"nan";"None";"None";"None";"None";"1";"4";"Local industriel. commercial ou assimilé";"18.0";"0.0";"None";"None";"None";"None";"nan";"7.26216";"43.701475";"000KY"
"2025-47126";"2025-05-07";"1";"Vente";"105060.0";"3.0";"None";"AV DURANTE";"2125";"06000";"06088";"Nice";"06";"None";"None";"06088000KY0108";"None";"None";"53";"18.54";"None";"nan";"None";"nan";"None";"None";"None";"None";"1";"4";"Local industriel. commercial ou assimilé";"18.0";"0.0";"None";"None";"None";"None";"nan";"7.26216";"43.701475";"000KY"
"2025-47128";"2025-05-07";"1";"Vente";"82400.0";"3.0";"None";"AV DURANTE";"2125";"06000";"06088";"Nice";"06";"None";"None";"06088000KY0108";"None";"None";"21";"16.2";"None";"nan";"None";"nan";"None";"None";"None";"None";"1";"4";"Local industriel. commercial ou assimilé";"16.0";"0.0";"None";"None";"None";"None";"nan";"7.26216";"43.701475";"000KY"
"2025-47130";"2025-05-07";"1";"Vente";"118450.0";"3.0";"None";"AV DURANTE";"2125";"06000";"06088";"Nice";"06";"None";"None";"06088000KY0108";"None";"None";"68";"20.88";"None";"nan";"None";"nan";"None";"None";"None";"None";"1";"4";"Local industriel. commercial ou assimilé";"20.0";"0.0";"None";"None";"None";"None";"nan";"7.26216";"43.701475";"000KY"
"2025-46596";"2025-04-30";"1";"Vente";"865000.0";"4.0";"None";"PL FRANKLIN";"2650";"06000";"06088";"Nice";"06";"None";"None";"06088000KY0194";"None";"None";"52";"nan";"None";"nan";"None";"nan";"None";"None";"None";"None";"1";"2";"Appartement";"134.0";"5.0";"None";"None";"None";"None";"nan";"7.256473";"43.699896";"000KY"
"2025-47172";"2025-04-30";"1";"Vente";"276000.0";"51.0";"None";"AV G CLEMENCEAU";"2880";"06000";"06088";"Nice";"06";"None";"None";"06088000KY0047";"None";"None";"18";"nan";"36";"nan";"None";"nan";"None";"None";"None";"None";"2";"2";"Appartement";"47.0";"2.0";"None";"None";"None";"None";"nan";"7.259209";"43.701881";"000KY"
"2025-46596";"2025-04-30";"1";"Vente";"865000.0";"4.0";"None";"PL FRANKLIN";"2650";"06000";"06088";"Nice";"06";"None";"None";"06088000KY0194";"None";"None";"52";"nan";"None";"nan";"None";"nan";"None";"None";"None";"None";"1";"3";"Dépendance";"nan";"0.0";"None";"None";"None";"None";"nan";"7.256473";"43.699896";"000KY"
"2025-47172";"2025-04-30";"1";"Vente";"276000.0";"51.0";"None";"AV G CLEMENCEAU";"2880";"06000";"06088";"Nice";"06";"None";"None";"06088000KY0047";"None";"None";"18";"nan";"36";"nan";"None";"nan";"None";"None";"None";"None";"2";"3";"Dépendance";"nan";"0.0";"None";"None";"None";"None";"nan";"7.259209";"43.701881";"000KY"
"2025-47208";"2025-04-29";"1";"Vente";"442240.0";"44.0";"None";"RUE ROSSINI";"5600";"06000";"06088";"Nice";"06";"None";"None";"06088000KY0027";"None";"None";"70";"59.64";"None";"nan";"None";"nan";"None";"None";"None";"None";"1";"2";"Appartement";"53.0";"2.0";"None";"None";"None";"None";"nan";"7.258248";"43.701081";"000KY"
"2025-47208";"2025-04-29";"1";"Vente";"442240.0";"44.0";"None";"RUE ROSSINI";"5600";"06000";"06088";"Nice";"06";"None";"None";"06088000KY0027";"None";"None";"70";"59.64";"None";"nan";"None";"nan";"None";"None";"None";"None";"1";"3";"Dépendance";"nan";"0.0";"None";"None";"None";"None";"nan";"7.258248";"43.701081";"000KY"
"2025-46700";"2025-04-28";"1";"Vente";"344250.0";"43.0";"None";"RUE ROSSINI";"5600";"06000";"06088";"Nice";"06";"None";"None";"06088000KY0139";"None";"None";"15";"64.71";"2";"nan";"None";"nan";"None";"None";"None";"None";"2";"2";"Appartement";"65.0";"3.0";"None";"None";"None";"None";"nan";"7.260158";"43.700362";"000KY"
"2025-47442";"2025-04-28";"1";"Vente";"280000.0";"50.0";"None";"BD VICTOR HUGO";"6655";"06000";"06088";"Nice";"06";"None";"None";"06088000KY0244";"None";"None";"108";"nan";"263";"nan";"None";"nan";"None";"None";"None";"None";"2";"2";"Appartement";"38.0";"1.0";"None";"None";"None";"None";"nan";"7.259365";"43.698542";"000KY"
"2025-46574";"2025-04-28";"1";"Vente";"5000.0";"2.0";"B";"RUE VERDI";"6620";"06000";"06088";"Nice";"06";"None";"None";"06088000KY0119";"None";"None";"43";"nan";"None";"nan";"None";"nan";"None";"None";"None";"None";"1";"3";"Dépendance";"nan";"0.0";"None";"None";"None";"None";"nan";"7.261928";"43.699845";"000KY"
"2025-46700";"2025-04-28";"1";"Vente";"344250.0";"43.0";"None";"RUE ROSSINI";"5600";"06000";"06088";"Nice";"06";"None";"None";"06088000KY0139";"None";"None";"15";"64.71";"2";"nan";"None";"nan";"None";"None";"None";"None";"2";"3";"Dépendance";"nan";"0.0";"None";"None";"None";"None";"nan";"7.260158";"43.700362";"000KY"
"2025-47442";"2025-04-28";"1";"Vente";"280000.0";"50.0";"None";"BD VICTOR HUGO";"6655";"06000";"06088";"Nice";"06";"None";"None";"06088000KY0244";"None";"None";"108";"nan";"263";"nan";"None";"nan";"None";"None";"None";"None";"2";"3";"Dépendance";"nan";"0.0";"None";"None";"None";"None";"nan";"7.259365";"43.698542";"000KY"
"2025-46649";"2025-04-25";"1";"Vente";"240000.0";"10.0";"None";"RUE AMIRAL DE GRASSE";"0170";"06000";"06088";"Nice";"06";"None";"None";"06088000KY0012";"None";"None";"19";"45.87";"None";"nan";"None";"nan";"None";"None";"None";"None";"1";"2";"Appartement";"44.0";"1.0";"None";"None";"None";"None";"nan";"7.256982";"43.701155";"000KY"
"2025-47097";"2025-04-25";"1";"Vente";"324000.0";"15.0";"None";"RUE VERDI";"6620";"06000";"06088";"Nice";"06";"None";"None";"06088000KY0255";"None";"None";"112";"nan";"133";"60.03";"None";"nan";"None";"None";"None";"None";"2";"2";"Appartement";"75.0";"3.0";"None";"None";"None";"None";"nan";"7.259982";"43.699381";"000KY"
"2025-47097";"2025-04-25";"1";"Vente";"324000.0";"15.0";"None";"RUE VERDI";"6620";"06000";"06088";"Nice";"06";"None";"None";"06088000KY0255";"None";"None";"133";"60.03";"None";"nan";"None";"nan";"None";"None";"None";"None";"1";"2";"Appartement";"58.0";"2.0";"None";"None";"None";"None";"nan";"7.259982";"43.699381";"000KY"
"2025-46649";"2025-04-25";"1";"Vente";"240000.0";"10.0";"None";"RUE AMIRAL DE GRASSE";"0170";"06000";"06088";"Nice";"06";"None";"None";"06088000KY0012";"None";"None";"19";"45.87";"None";"nan";"None";"nan";"None";"None";"None";"None";"1";"3";"Dépendance";"nan";"0.0";"None";"None";"None";"None";"nan";"7.256982";"43.701155";"000KY"
"2025-47097";"2025-04-25";"1";"Vente";"324000.0";"15.0";"None";"RUE VERDI";"6620";"06000";"06088";"Nice";"06";"None";"None";"06088000KY0255";"None";"None";"133";"60.03";"None";"nan";"None";"nan";"None";"None";"None";"None";"1";"3";"Dépendance";"nan";"0.0";"None";"None";"None";"None";"nan";"7.259982";"43.699381";"000KY"
"2025-47097";"2025-04-25";"1";"Vente";"324000.0";"15.0";"None";"RUE VERDI";"6620";"06000";"06088";"Nice";"06";"None";"None";"06088000KY0255";"None";"None";"112";"nan";"133";"60.03";"None";"nan";"None";"None";"None";"None";"2";"3";"Dépendance";"nan";"0.0";"None";"None";"None";"None";"nan";"7.259982";"43.699381";"000KY"
"2025-47122";"2025-04-25";"1";"Vente";"40000.0";"6.0";"None";"RUE GUIGLIA";"3090";"06000";"06088";"Nice";"06";"None";"None";"06088000KY0216";"None";"None";"24";"nan";"None";"nan";"None";"nan";"None";"None";"None";"None";"1";"3";"Dépendance";"nan";"0.0";"None";"None";"None";"None";"nan";"7.258134";"43.69894";"000KY"
"2025-46256";"2025-04-23";"1";"Vente";"460000.0";"1.0";"T";"RUE BERLIOZ";"0790";"06000";"06088";"Nice";"06";"None";"None";"06088000KY0242";"None";"None";"30";"nan";"66";"72.41";"None";"nan";"None";"None";"None";"None";"2";"2";"Appartement";"76.0";"4.0";"None";"None";"None";"None";"nan";"7.258795";"43.698627";"000KY"
"2025-46256";"2025-04-23";"1";"Vente";"460000.0";"1.0";"T";"RUE BERLIOZ";"0790";"06000";"06088";"Nice";"06";"None";"None";"06088000KY0242";"None";"None";"30";"nan";"66";"72.41";"None";"nan";"None";"None";"None";"None";"2";"3";"Dépendance";"nan";"0.0";"None";"None";"None";"None";"nan";"7.258795";"43.698627";"000KY"
"2025-46285";"2025-04-23";"1";"Vente";"44000.0";"20.0";"None";"RUE VERDI";"6620";"06000";"06088";"Nice";"06";"None";"None";"06088000KY0134";"None";"None";"108";"nan";"None";"nan";"None";"nan";"None";"None";"None";"None";"1";"3";"Dépendance";"nan";"0.0";"None";"None";"None";"None";"nan";"7.259955";"43.699817";"000KY"
"2025-46399";"2025-04-22";"1";"Vente";"200000.0";"24.0";"None";"RUE GOUNOD";"2985";"06000";"06088";"Nice";"06";"None";"None";"06088000KY0095";"None";"None";"291";"27.86";"None";"nan";"None";"nan";"None";"None";"None";"None";"1";"2";"Appartement";"27.0";"1.0";"None";"None";"None";"None";"nan";"7.261213";"43.701137";"000KY"
"2025-46399";"2025-04-22";"1";"Vente";"200000.0";"24.0";"None";"RUE GOUNOD";"2985";"06000";"06088";"Nice";"06";"None";"None";"06088000KY0095";"None";"None";"290";"27.26";"None";"nan";"None";"nan";"None";"None";"None";"None";"1";"2";"Appartement";"26.0";"1.0";"None";"None";"None";"None";"nan";"7.261213";"43.701137";"000KY"
"2025-46402";"2025-04-18";"1";"Vente";"736600.0";"21.0";"None";"RUE VERDI";"6620";"06000";"06088";"Nice";"06";"None";"None";"06088000KY0253";"None";"None";"19";"123.73";"35";"nan";"6";"nan";"None";"None";"None";"None";"3";"2";"Appartement";"120.0";"5.0";"None";"None";"None";"None";"nan";"7.259472";"43.699409";"000KY"
"2025-46402";"2025-04-18";"1";"Vente";"736600.0";"21.0";"None";"RUE VERDI";"6620";"06000";"06088";"Nice";"06";"None";"None";"06088000KY0253";"None";"None";"19";"123.73";"35";"nan";"6";"nan";"None";"None";"None";"None";"3";"3";"Dépendance";"nan";"0.0";"None";"None";"None";"None";"nan";"7.259472";"43.699409";"000KY"
"2025-46402";"2025-04-18";"1";"Vente";"736600.0";"21.0";"None";"RUE VERDI";"6620";"06000";"06088";"Nice";"06";"None";"None";"06088000KY0253";"None";"None";"19";"123.73";"35";"nan";"6";"nan";"None";"None";"None";"None";"3";"3";"Dépendance";"nan";"0.0";"None";"None";"None";"None";"nan";"7.259472";"43.699409";"000KY"
"2025-46854";"2025-04-17";"1";"Vente";"400000.0";"1.0";"B";"RUE BERLIOZ";"0790";"06000";"06088";"Nice";"06";"None";"None";"06088000KY0241";"None";"None";"36";"nan";"None";"nan";"None";"nan";"None";"None";"None";"None";"1";"2";"Appartement";"70.0";"3.0";"None";"None";"None";"None";"nan";"7.258899";"43.698604";"000KY"
"2025-46289";"2025-04-17";"1";"Vente";"40000.0";"40.0";"None";"RUE VERDI";"6620";"06000";"06088";"Nice";"06";"None";"None";"06088000KY0175";"None";"None";"67";"nan";"None";"nan";"None";"nan";"None";"None";"None";"None";"1";"3";"Dépendance";"nan";"0.0";"None";"None";"None";"None";"nan";"7.257211";"43.69987";"000KY"
"2025-46602";"2025-04-17";"1";"Vente";"114000.0";"22.0";"None";"RUE GOUNOD";"2985";"06000";"06088";"Nice";"06";"None";"None";"06088000KY0096";"None";"None";"30";"nan";"None";"nan";"None";"nan";"None";"None";"None";"None";"1";"3";"Dépendance";"nan";"0.0";"None";"None";"None";"None";"nan";"7.260725";"43.700674";"000KY"
"2025-46602";"2025-04-17";"1";"Vente";"114000.0";"22.0";"None";"RUE GOUNOD";"2985";"06000";"06088";"Nice";"06";"None";"None";"06088000KY0096";"None";"None";"31";"nan";"None";"nan";"None";"nan";"None";"None";"None";"None";"1";"3";"Dépendance";"nan";"0.0";"None";"None";"None";"None";"nan";"7.260725";"43.700674";"000KY"
"2025-46173";"2025-04-16";"1";"Vente";"860000.0";"44.0";"None";"BD VICTOR HUGO";"6655";"06000";"06088";"Nice";"06";"None";"None";"06088000KY0263";"None";"None";"2";"nan";"42";"125.3";"None";"nan";"None";"None";"None";"None";"2";"4";"Local industriel. commercial ou assimilé";"132.0";"0.0";"None";"None";"None";"None";"nan";"7.260739";"43.699151";"000KY"
"2025-46171";"2025-04-15";"1";"Vente";"80000.0";"20.0";"None";"RUE HEROLD";"3235";"06000";"06088";"Nice";"06";"None";"None";"06088000KY0159";"None";"None";"50";"14.13";"None";"nan";"None";"nan";"None";"None";"None";"None";"1";"2";"Appartement";"14.0";"1.0";"None";"None";"None";"None";"nan";"7.258684";"43.699913";"000KY"
"2025-46216";"2025-04-15";"1";"Vente";"332058.0";"43.0";"B";"AV G CLEMENCEAU";"2880";"06000";"06088";"Nice";"06";"None";"None";"06088000KY0081";"None";"None";"5";"50.96";"None";"nan";"None";"nan";"None";"None";"None";"None";"1";"2";"Appartement";"50.0";"2.0";"None";"None";"None";"None";"nan";"7.26022";"43.701458";"000KY"
"2025-46216";"2025-04-15";"1";"Vente";"332058.0";"43.0";"B";"AV G CLEMENCEAU";"2880";"06000";"06088";"Nice";"06";"None";"None";"06088000KY0081";"None";"None";"5";"50.96";"None";"nan";"None";"nan";"None";"None";"None";"None";"1";"3";"Dépendance";"nan";"0.0";"None";"None";"None";"None";"nan";"7.26022";"43.701458";"000KY"
"2025-46287";"2025-04-15";"1";"Vente";"44000.0";"18.0";"None";"AV AUBER";"0425";"06000";"06088";"Nice";"06";"None";"None";"06088000KY0110";"None";"None";"146";"nan";"None";"nan";"None";"nan";"None";"None";"None";"None";"1";"3";"Dépendance";"nan";"0.0";"None";"None";"None";"None";"nan";"7.261844";"43.701172";"000KY"
"2025-46437";"2025-04-09";"1";"Vente";"90000.0";"16.0";"None";"RUE GUIGLIA";"3090";"06000";"06088";"Nice";"06";"None";"None";"06088000KY0168";"None";"None";"58";"35.31";"None";"nan";"None";"nan";"None";"None";"None";"None";"1";"2";"Appartement";"33.0";"1.0";"None";"None";"None";"None";"nan";"7.258082";"43.700341";"000KY"
"2025-46116";"2025-04-08";"1";"Vente";"1539241.0";"40.0";"None";"BD VICTOR HUGO";"6655";"06000";"06088";"Nice";"06";"None";"None";"06088000KY0273";"None";"None";"18";"217.48";"48";"nan";"None";"nan";"None";"None";"None";"None";"2";"2";"Appartement";"217.0";"6.0";"None";"None";"None";"None";"nan";"7.261573";"43.699025";"000KY"
"2025-46049";"2025-04-04";"1";"Vente";"400000.0";"11.0";"None";"RUE GUIGLIA";"3090";"06000";"06088";"Nice";"06";"None";"None";"06088000KY0173";"None";"None";"21";"95.01";"4";"nan";"None";"nan";"None";"None";"None";"None";"2";"2";"Appartement";"96.0";"4.0";"None";"None";"None";"None";"nan";"7.257539";"43.699912";"000KY"
"2025-46049";"2025-04-04";"1";"Vente";"400000.0";"11.0";"None";"RUE GUIGLIA";"3090";"06000";"06088";"Nice";"06";"None";"None";"06088000KY0173";"None";"None";"21";"95.01";"4";"nan";"None";"nan";"None";"None";"None";"None";"2";"3";"Dépendance";"nan";"0.0";"None";"None";"None";"None";"nan";"7.257539";"43.699912";"000KY"
"2025-45587";"2025-04-01";"1";"Vente";"177000.0";"18.0";"None";"RUE GUIGLIA";"3090";"06000";"06088";"Nice";"06";"None";"None";"06088000KY0167";"None";"None";"37";"27.75";"None";"nan";"None";"nan";"None";"None";"None";"None";"1";"2";"Appartement";"26.0";"1.0";"None";"None";"None";"None";"nan";"7.258148";"43.700464";"000KY"
"2025-45675";"2025-04-01";"1";"Vente";"194000.0";"47.0";"None";"RUE ROSSINI";"5600";"06000";"06088";"Nice";"06";"None";"None";"06088000KY0141";"None";"None";"9";"36.09";"None";"nan";"None";"nan";"None";"None";"None";"None";"1";"2";"Appartement";"33.0";"1.0";"None";"None";"None";"None";"nan";"7.259788";"43.700429";"000KY"
"2025-46170";"2025-04-01";"1";"Vente";"282000.0";"41.0";"None";"AV G CLEMENCEAU";"2880";"06000";"06088";"Nice";"06";"None";"None";"06088000KY0083";"None";"None";"26";"nan";"None";"nan";"None";"nan";"None";"None";"None";"None";"1";"2";"Appartement";"31.0";"1.0";"None";"None";"None";"None";"nan";"7.260537";"43.70166";"000KY"
"2025-46170";"2025-04-01";"1";"Vente";"282000.0";"41.0";"None";"AV G CLEMENCEAU";"2880";"06000";"06088";"Nice";"06";"None";"None";"06088000KY0083";"None";"None";"27";"nan";"None";"nan";"None";"nan";"None";"None";"None";"None";"1";"2";"Appartement";"29.0";"2.0";"None";"None";"None";"None";"nan";"7.260537";"43.70166";"000KY"
"2025-45437";"2025-03-28";"1";"Vente";"520000.0";"38.0";"None";"BD VICTOR HUGO";"6655";"06000";"06088";"Nice";"06";"None";"None";"06088000KY0319";"None";"None";"22";"98.36";"None";"nan";"None";"nan";"None";"None";"None";"None";"1";"2";"Appartement";"95.0";"3.0";"None";"None";"None";"None";"nan";"7.261874";"43.699091";"000KY"
"2025-45437";"2025-03-28";"1";"Vente";"520000.0";"38.0";"None";"BD VICTOR HUGO";"6655";"06000";"06088";"Nice";"06";"None";"None";"06088000KY0319";"None";"None";"22";"98.36";"None";"nan";"None";"nan";"None";"None";"None";"None";"1";"3";"Dépendance";"nan";"0.0";"None";"None";"None";"None";"nan";"7.261874";"43.699091";"000KY"
"2025-45496";"2025-03-28";"1";"Vente";"99500.0";"44.0";"None";"BD VICTOR HUGO";"6655";"06000";"06088";"Nice";"06";"None";"None";"06088000KY0263";"None";"None";"55";"9.94";"None";"nan";"None";"nan";"None";"None";"None";"None";"1";"3";"Dépendance";"nan";"0.0";"None";"None";"None";"None";"nan";"7.260739";"43.699151";"000KY"
"2025-46449";"2025-03-28";"1";"Vente";"725000.0";"30.0";"None";"RUE BERLIOZ";"0790";"06000";"06088";"Nice";"06";"None";"None";"06088000KY0075";"None";"None";"49";"nan";"None";"nan";"None";"nan";"None";"None";"None";"None";"1";"3";"Dépendance";"nan";"0.0";"None";"None";"None";"None";"nan";"7.259863";"43.701532";"000KY"
"2025-47325";"2025-03-28";"1";"Vente";"1123200.0";"30.0";"None";"RUE BERLIOZ";"0790";"06000";"06088";"Nice";"06";"None";"None";"06088000KY0075";"None";"None";"55";"nan";"None";"nan";"None";"nan";"None";"None";"None";"None";"1";"3";"Dépendance";"nan";"0.0";"None";"None";"None";"None";"nan";"7.259863";"43.701532";"000KY"
"2025-45265";"2025-03-27";"1";"Vente";"600000.0";"10.0";"None";"RUE GOUNOD";"2985";"06000";"06088";"Nice";"06";"None";"None";"06088000KY0257";"None";"None";"2";"nan";"8";"nan";"None";"nan";"None";"None";"None";"None";"2";"2";"Appartement";"83.0";"4.0";"None";"None";"None";"None";"nan";"7.260461";"43.69936";"000KY"
"2025-45265";"2025-03-27";"1";"Vente";"600000.0";"36.0";"None";"RUE HEROLD";"3235";"06000";"06088";"Nice";"06";"None";"None";"06088000KY0057";"None";"None";"12";"nan";"None";"nan";"None";"nan";"None";"None";"None";"None";"1";"3";"Dépendance";"nan";"0.0";"None";"None";"None";"None";"nan";"7.259139";"43.700904";"000KY"
"2025-45265";"2025-03-27";"1";"Vente";"600000.0";"10.0";"None";"RUE GOUNOD";"2985";"06000";"06088";"Nice";"06";"None";"None";"06088000KY0257";"None";"None";"2";"nan";"8";"nan";"None";"nan";"None";"None";"None";"None";"2";"3";"Dépendance";"nan";"0.0";"None";"None";"None";"None";"nan";"7.260461";"43.69936";"000KY"
"2025-45968";"2025-03-27";"1";"Vente";"32000.0";"3.0";"None";"RUE AMIRAL DE GRASSE";"0170";"06000";"06088";"Nice";"06";"None";"None";"06088000KY0302";"None";"None";"19";"nan";"None";"nan";"None";"nan";"None";"None";"None";"None";"1";"3";"Dépendance";"nan";"0.0";"None";"None";"None";"None";"nan";"7.256514";"43.701267";"000KY"
"2025-45091";"2025-03-26";"1";"Vente";"198000.0";"29.0";"None";"RUE GOUNOD";"2985";"06000";"06088";"Nice";"06";"None";"None";"06088000KY0085";"None";"None";"12";"60.46";"13";"nan";"None";"nan";"None";"None";"None";"None";"2";"2";"Appartement";"42.0";"2.0";"None";"None";"None";"None";"nan";"7.260543";"43.701354";"000KY"
"2025-45296";"2025-03-26";"1";"Vente";"310000.0";"39.0";"None";"RUE VERDI";"6620";"06000";"06088";"Nice";"06";"None";"None";"06088000KY0199";"None";"None";"16";"nan";"43";"48.36";"None";"nan";"None";"None";"None";"None";"2";"2";"Appartement";"48.0";"2.0";"None";"None";"None";"None";"nan";"7.257033";"43.699385";"000KY"
"2025-45609";"2025-03-26";"1";"Vente";"319000.0";"27.0";"None";"RUE VERDI";"6620";"06000";"06088";"Nice";"06";"None";"None";"06088000KY0223";"None";"None";"19";"60.05";"None";"nan";"None";"nan";"None";"None";"None";"None";"1";"2";"Appartement";"50.0";"2.0";"None";"None";"None";"None";"nan";"7.258572";"43.699394";"000KY"
"2025-45729";"2025-03-26";"1";"Vente";"145000.0";"20.0";"None";"RUE VERDI";"6620";"06000";"06088";"Nice";"06";"None";"None";"06088000KY0134";"None";"None";"229";"22.8";"None";"nan";"None";"nan";"None";"None";"None";"None";"1";"2";"Appartement";"22.0";"1.0";"None";"None";"None";"None";"nan";"7.259955";"43.699817";"000KY"
"2025-45296";"2025-03-26";"1";"Vente";"310000.0";"39.0";"None";"RUE VERDI";"6620";"06000";"06088";"Nice";"06";"None";"None";"06088000KY0199";"None";"None";"16";"nan";"43";"48.36";"None";"nan";"None";"None";"None";"None";"2";"3";"Dépendance";"nan";"0.0";"None";"None";"None";"None";"nan";"7.257033";"43.699385";"000KY"
"2025-45192";"2025-03-24";"1";"Vente";"120000.0";"31.0";"None";"RUE GUIGLIA";"3090";"06000";"06088";"Nice";"06";"None";"None";"06088000KY0019";"None";"None";"23";"27.62";"None";"nan";"None";"nan";"None";"None";"None";"None";"1";"2";"Appartement";"23.0";"2.0";"None";"None";"None";"None";"nan";"7.257818";"43.701846";"000KY"
"2025-45215";"2025-03-24";"1";"Vente";"475000.0";"20.0";"None";"RUE BERLIOZ";"0790";"06000";"06088";"Nice";"06";"None";"None";"06088000KY0143";"None";"None";"11";"nan";"30";"57.27";"None";"nan";"None";"None";"None";"None";"2";"2";"Appartement";"61.0";"2.0";"None";"None";"None";"None";"nan";"7.259713";"43.700341";"000KY"
"2025-45706";"2025-03-24";"1";"Vente";"240000.0";"17.0";"None";"RUE GOUNOD";"2985";"06000";"06088";"Nice";"06";"None";"None";"06088000KY0138";"None";"None";"31";"nan";"None";"nan";"None";"nan";"None";"None";"None";"None";"1";"2";"Appartement";"33.0";"2.0";"None";"None";"None";"None";"nan";"7.2603";"43.700361";"000KY"
"2025-45708";"2025-03-24";"1";"Vente";"525120.0";"30.0";"None";"RUE GOUNOD";"2985";"06000";"06088";"Nice";"06";"None";"None";"06088000KY0095";"None";"None";"127";"80.51";"None";"nan";"None";"nan";"None";"None";"None";"None";"1";"2";"Appartement";"81.0";"3.0";"None";"None";"None";"None";"nan";"7.261213";"43.701137";"000KY"
"2025-45215";"2025-03-24";"1";"Vente";"475000.0";"20.0";"None";"RUE BERLIOZ";"0790";"06000";"06088";"Nice";"06";"None";"None";"06088000KY0143";"None";"None";"11";"nan";"30";"57.27";"None";"nan";"None";"None";"None";"None";"2";"3";"Dépendance";"nan";"0.0";"None";"None";"None";"None";"nan";"7.259713";"43.700341";"000KY"
"2025-45734";"2025-03-24";"1";"Vente";"25000.0";"16.0";"None";"RUE AMIRAL DE GRASSE";"0170";"06000";"06088";"Nice";"06";"None";"None";"06088000KY0015";"None";"None";"6";"nan";"None";"nan";"None";"nan";"None";"None";"None";"None";"1";"3";"Dépendance";"nan";"0.0";"None";"None";"None";"None";"nan";"7.257347";"43.701401";"000KY"
"2025-45493";"2025-03-21";"1";"Vente";"170000.0";"32.0";"None";"RUE VERDI";"6620";"06000";"06088";"Nice";"06";"None";"None";"06088000KY0161";"None";"None";"39";"38.35";"None";"nan";"None";"nan";"None";"None";"None";"None";"1";"2";"Appartement";"39.0";"1.0";"None";"None";"None";"None";"nan";"7.258345";"43.699817";"000KY"
"2025-45704";"2025-03-20";"1";"Vente";"715750.0";"44.0";"None";"BD GAMBETTA";"2755";"06000";"06088";"Nice";"06";"None";"None";"06088000KY0294";"None";"None";"211";"84.09";"None";"nan";"None";"nan";"None";"None";"None";"None";"1";"2";"Appartement";"90.0";"3.0";"None";"None";"None";"None";"nan";"7.256492";"43.700513";"000KY"
"2025-45704";"2025-03-20";"1";"Vente";"715750.0";"44.0";"None";"BD GAMBETTA";"2755";"06000";"06088";"Nice";"06";"None";"None";"06088000KY0294";"None";"None";"211";"84.09";"None";"nan";"None";"nan";"None";"None";"None";"None";"1";"3";"Dépendance";"nan";"0.0";"None";"None";"None";"None";"nan";"7.256492";"43.700513";"000KY"
"2025-45704";"2025-03-20";"1";"Vente";"715750.0";"44.0";"None";"BD GAMBETTA";"2755";"06000";"06088";"Nice";"06";"None";"None";"06088000KY0294";"None";"None";"211";"84.09";"None";"nan";"None";"nan";"None";"None";"None";"None";"1";"3";"Dépendance";"nan";"0.0";"None";"None";"None";"None";"nan";"7.256492";"43.700513";"000KY"
"2025-44946";"2025-03-18";"1";"Vente";"630000.0";"3.0";"None";"RUE BERLIOZ";"0790";"06000";"06088";"Nice";"06";"None";"None";"06088000KY0243";"None";"None";"12";"116.33";"27";"nan";"None";"nan";"None";"None";"None";"None";"2";"2";"Appartement";"48.0";"2.0";"None";"None";"None";"None";"nan";"7.258898";"43.698691";"000KY"
"2025-44946";"2025-03-18";"1";"Vente";"630000.0";"3.0";"None";"RUE BERLIOZ";"0790";"06000";"06088";"Nice";"06";"None";"None";"06088000KY0243";"None";"None";"11";"116.33";"32";"nan";"None";"nan";"None";"None";"None";"None";"2";"2";"Appartement";"66.0";"3.0";"None";"None";"None";"None";"nan";"7.258898";"43.698691";"000KY"
"2025-44946";"2025-03-18";"1";"Vente";"630000.0";"3.0";"None";"RUE BERLIOZ";"0790";"06000";"06088";"Nice";"06";"None";"None";"06088000KY0243";"None";"None";"12";"116.33";"27";"nan";"None";"nan";"None";"None";"None";"None";"2";"3";"Dépendance";"nan";"0.0";"None";"None";"None";"None";"nan";"7.258898";"43.698691";"000KY"
"2025-44946";"2025-03-18";"1";"Vente";"630000.0";"3.0";"None";"RUE BERLIOZ";"0790";"06000";"06088";"Nice";"06";"None";"None";"06088000KY0243";"None";"None";"11";"116.33";"32";"nan";"None";"nan";"None";"None";"None";"None";"2";"3";"Dépendance";"nan";"0.0";"None";"None";"None";"None";"nan";"7.258898";"43.698691";"000KY"
"2025-44998";"2025-03-18";"1";"Vente";"42000.0";"30.0";"None";"RUE GOUNOD";"2985";"06000";"06088";"Nice";"06";"None";"None";"06088000KY0095";"None";"None";"176";"nan";"None";"nan";"None";"nan";"None";"None";"None";"None";"1";"3";"Dépendance";"nan";"0.0";"None";"None";"None";"None";"nan";"7.261213";"43.701137";"000KY"
"2025-45197";"2025-03-14";"1";"Vente";"304990.0";"5.0";"None";"RUE BERLIOZ";"0790";"06000";"06088";"Nice";"06";"None";"None";"06088000KY0232";"None";"None";"12";"nan";"None";"nan";"None";"nan";"None";"None";"None";"None";"1";"2";"Appartement";"90.0";"4.0";"None";"None";"None";"None";"nan";"7.258864";"43.698997";"000KY"
"2025-45005";"2025-03-13";"1";"Vente";"130000.0";"24.0";"None";"RUE HEROLD";"3235";"06000";"06088";"Nice";"06";"None";"None";"06088000KY0158";"None";"None";"140";"nan";"None";"nan";"None";"nan";"None";"None";"None";"None";"1";"2";"Appartement";"15.0";"1.0";"None";"None";"None";"None";"nan";"7.258773";"43.700099";"000KY"
"2025-44686";"2025-03-12";"1";"Vente";"158000.0";"16.0";"None";"RUE GUIGLIA";"3090";"06000";"06088";"Nice";"06";"None";"None";"06088000KY0168";"None";"None";"62";"21.69";"None";"nan";"None";"nan";"None";"None";"None";"None";"1";"2";"Appartement";"24.0";"1.0";"None";"None";"None";"None";"nan";"7.258082";"43.700341";"000KY"
"2025-44546";"2025-03-10";"1";"Vente";"305000.0";"44.0";"None";"RUE ROSSINI";"5600";"06000";"06088";"Nice";"06";"None";"None";"06088000KY0027";"None";"None";"55";"59.96";"None";"nan";"None";"nan";"None";"None";"None";"None";"1";"2";"Appartement";"58.0";"2.0";"None";"None";"None";"None";"nan";"7.258248";"43.701081";"000KY"
"2025-44996";"2025-03-10";"1";"Vente";"201550.0";"39.0";"B";"AV G CLEMENCEAU";"2880";"06000";"06088";"Nice";"06";"None";"None";"06088000KY0084";"None";"None";"46";"28.17";"None";"nan";"None";"nan";"None";"None";"None";"None";"1";"2";"Appartement";"25.0";"2.0";"None";"None";"None";"None";"nan";"7.260432";"43.701463";"000KY"
"2025-44546";"2025-03-10";"1";"Vente";"305000.0";"26.0";"None";"RUE GUIGLIA";"3090";"06000";"06088";"Nice";"06";"None";"None";"06088000KY0027";"None";"None";"203";"nan";"None";"nan";"None";"nan";"None";"None";"None";"None";"1";"4";"Local industriel. commercial ou assimilé";"18.0";"0.0";"None";"None";"None";"None";"nan";"7.258248";"43.701081";"000KY"
"2025-45530";"2025-03-07";"1";"Vente";"615000.0";"3.0";"None";"RUE AMIRAL DE GRASSE";"0170";"06000";"06088";"Nice";"06";"None";"None";"06088000KY0302";"None";"None";"71";"107.77";"None";"nan";"None";"nan";"None";"None";"None";"None";"1";"2";"Appartement";"111.0";"4.0";"None";"None";"None";"None";"nan";"7.256514";"43.701267";"000KY"
"2025-45530";"2025-03-07";"1";"Vente";"615000.0";"3.0";"None";"RUE AMIRAL DE GRASSE";"0170";"06000";"06088";"Nice";"06";"None";"None";"06088000KY0302";"None";"None";"44";"nan";"None";"nan";"None";"nan";"None";"None";"None";"None";"1";"3";"Dépendance";"nan";"0.0";"None";"None";"None";"None";"nan";"7.256514";"43.701267";"000KY"
"2025-44575";"2025-03-06";"1";"Vente";"420000.0";"4.0";"None";"RUE AMIRAL DE GRASSE";"0170";"06000";"06088";"Nice";"06";"None";"None";"06088000KY0189";"None";"None";"13";"nan";"17";"87.73";"None";"nan";"None";"None";"None";"None";"2";"2";"Appartement";"80.0";"3.0";"None";"None";"None";"None";"nan";"7.256585";"43.70069";"000KY"
"2025-44753";"2025-03-06";"1";"Vente";"148000.0";"42.0";"None";"RUE VERDI";"6620";"06000";"06088";"Nice";"06";"None";"None";"06088000KY0316";"None";"None";"54";"32.76";"None";"nan";"None";"nan";"None";"None";"None";"None";"1";"2";"Appartement";"33.0";"1.0";"None";"None";"None";"None";"nan";"7.256852";"43.699911";"000KY"
"2025-44813";"2025-03-06";"1";"Vente";"110000.0";"5.0";"None";"RUE GOUNOD";"2985";"06000";"06088";"Nice";"06";"None";"None";"06088000KY0255";"None";"None";"127";"nan";"28";"35.5";"None";"nan";"None";"None";"None";"None";"2";"2";"Appartement";"35.0";"1.0";"None";"None";"None";"None";"nan";"7.259982";"43.699381";"000KY"
"2025-44575";"2025-03-06";"1";"Vente";"420000.0";"4.0";"None";"RUE AMIRAL DE GRASSE";"0170";"06000";"06088";"Nice";"06";"None";"None";"06088000KY0189";"None";"None";"13";"nan";"17";"87.73";"None";"nan";"None";"None";"None";"None";"2";"3";"Dépendance";"nan";"0.0";"None";"None";"None";"None";"nan";"7.256585";"43.70069";"000KY"
"2025-44813";"2025-03-06";"1";"Vente";"110000.0";"5.0";"None";"RUE GOUNOD";"2985";"06000";"06088";"Nice";"06";"None";"None";"06088000KY0255";"None";"None";"127";"nan";"28";"35.5";"None";"nan";"None";"None";"None";"None";"2";"3";"Dépendance";"nan";"0.0";"None";"None";"None";"None";"nan";"7.259982";"43.699381";"000KY"
"2025-44588";"2025-03-05";"1";"Vente";"420000.0";"1.0";"B";"RUE BERLIOZ";"0790";"06000";"06088";"Nice";"06";"None";"None";"06088000KY0241";"None";"None";"15";"71.36";"37";"nan";"None";"nan";"None";"None";"None";"None";"2";"2";"Appartement";"75.0";"3.0";"None";"None";"None";"None";"nan";"7.258899";"43.698604";"000KY"
"2025-44730";"2025-03-05";"1";"Vente";"222000.0";"62.0";"None";"BD GAMBETTA";"2755";"06000";"06088";"Nice";"06";"None";"None";"06088000KY0001";"None";"None";"37";"46.06";"None";"nan";"None";"nan";"None";"None";"None";"None";"1";"2";"Appartement";"47.0";"2.0";"None";"None";"None";"None";"nan";"7.256638";"43.701528";"000KY"
"2025-44731";"2025-03-05";"1";"Vente";"185000.0";"32.0";"None";"RUE GUIGLIA";"3090";"06000";"06088";"Nice";"06";"None";"None";"06088000KY0036";"None";"None";"57";"nan";"61";"50.16";"None";"nan";"None";"None";"None";"None";"2";"2";"Appartement";"42.0";"2.0";"None";"None";"None";"None";"nan";"7.258264";"43.701645";"000KY"
"2025-44588";"2025-03-05";"1";"Vente";"420000.0";"1.0";"B";"RUE BERLIOZ";"0790";"06000";"06088";"Nice";"06";"None";"None";"06088000KY0241";"None";"None";"15";"71.36";"37";"nan";"None";"nan";"None";"None";"None";"None";"2";"3";"Dépendance";"nan";"0.0";"None";"None";"None";"None";"nan";"7.258899";"43.698604";"000KY"
"2025-44730";"2025-03-05";"1";"Vente";"222000.0";"62.0";"None";"BD GAMBETTA";"2755";"06000";"06088";"Nice";"06";"None";"None";"06088000KY0001";"None";"None";"214";"nan";"None";"nan";"None";"nan";"None";"None";"None";"None";"1";"3";"Dépendance";"nan";"0.0";"None";"None";"None";"None";"nan";"7.256638";"43.701528";"000KY"
"2025-44731";"2025-03-05";"1";"Vente";"185000.0";"32.0";"None";"RUE GUIGLIA";"3090";"06000";"06088";"Nice";"06";"None";"None";"06088000KY0036";"None";"None";"57";"nan";"61";"50.16";"None";"nan";"None";"None";"None";"None";"2";"3";"Dépendance";"nan";"0.0";"None";"None";"None";"None";"nan";"7.258264";"43.701645";"000KY"
"2025-44319";"2025-03-03";"1";"Vente";"160000.0";"27.0";"None";"RUE HEROLD";"3235";"06000";"06088";"Nice";"06";"None";"None";"06088000KY0162";"None";"None";"162";"20.03";"63";"nan";"None";"nan";"None";"None";"None";"None";"2";"2";"Appartement";"20.0";"1.0";"None";"None";"None";"None";"nan";"7.258351";"43.700062";"000KY"
"2025-44319";"2025-03-03";"1";"Vente";"160000.0";"27.0";"None";"RUE HEROLD";"3235";"06000";"06088";"Nice";"06";"None";"None";"06088000KY0162";"None";"None";"162";"20.03";"63";"nan";"None";"nan";"None";"None";"None";"None";"2";"3";"Dépendance";"nan";"0.0";"None";"None";"None";"None";"nan";"7.258351";"43.700062";"000KY"
"2025-46588";"2025-02-28";"1";"Vente";"170000.0";"71.0";"None";"RUE ROSSINI";"5600";"06000";"06088";"Nice";"06";"None";"None";"06088000KY0188";"None";"None";"11";"nan";"40";"nan";"None";"nan";"None";"None";"None";"None";"2";"2";"Appartement";"33.0";"1.0";"None";"None";"None";"None";"nan";"7.25664";"43.700802";"000KY"
"2025-43990";"2025-02-27";"1";"Vente";"1173926.0";"4.0";"None";"RUE VERDI";"6620";"06000";"06088";"Nice";"06";"None";"None";"06088000KY0120";"None";"None";"23";"175.11";"24";"175.11";"None";"nan";"None";"None";"None";"None";"2";"2";"Appartement";"139.0";"5.0";"None";"None";"None";"None";"nan";"7.261687";"43.699793";"000KY"
"2025-44083";"2025-02-27";"1";"Vente";"475000.0";"1.0";"None";"RUE BERLIOZ";"0790";"06000";"06088";"Nice";"06";"None";"None";"06088000KY0240";"None";"None";"3";"nan";"32";"60.02";"None";"nan";"None";"None";"None";"None";"2";"2";"Appartement";"60.0";"2.0";"None";"None";"None";"None";"nan";"7.2589";"43.698353";"000KY"
"2025-44906";"2025-02-27";"1";"Vente";"350000.0";"53.0";"None";"RUE ROSSINI";"5600";"06000";"06088";"Nice";"06";"None";"None";"06088000KY0326";"None";"None";"37";"70.12";"6";"nan";"None";"nan";"None";"None";"None";"None";"2";"2";"Appartement";"86.0";"3.0";"None";"None";"None";"None";"nan";"7.258453";"43.700592";"000KY"
"2025-43990";"2025-02-27";"1";"Vente";"1173926.0";"4.0";"None";"RUE VERDI";"6620";"06000";"06088";"Nice";"06";"None";"None";"06088000KY0120";"None";"None";"12";"nan";"None";"nan";"None";"nan";"None";"None";"None";"None";"1";"3";"Dépendance";"nan";"0.0";"None";"None";"None";"None";"nan";"7.261687";"43.699793";"000KY"
"2025-43990";"2025-02-27";"1";"Vente";"1173926.0";"4.0";"None";"RUE VERDI";"6620";"06000";"06088";"Nice";"06";"None";"None";"06088000KY0120";"None";"None";"25";"nan";"None";"nan";"None";"nan";"None";"None";"None";"None";"1";"3";"Dépendance";"nan";"0.0";"None";"None";"None";"None";"nan";"7.261687";"43.699793";"000KY"
"2025-43990";"2025-02-27";"1";"Vente";"1173926.0";"4.0";"None";"RUE VERDI";"6620";"06000";"06088";"Nice";"06";"None";"None";"06088000KY0120";"None";"None";"31";"nan";"None";"nan";"None";"nan";"None";"None";"None";"None";"1";"3";"Dépendance";"nan";"0.0";"None";"None";"None";"None";"nan";"7.261687";"43.699793";"000KY"
"2025-43990";"2025-02-27";"1";"Vente";"1173926.0";"4.0";"None";"RUE VERDI";"6620";"06000";"06088";"Nice";"06";"None";"None";"06088000KY0120";"None";"None";"32";"nan";"None";"nan";"None";"nan";"None";"None";"None";"None";"1";"3";"Dépendance";"nan";"0.0";"None";"None";"None";"None";"nan";"7.261687";"43.699793";"000KY"
"2025-43990";"2025-02-27";"1";"Vente";"1173926.0";"4.0";"None";"RUE VERDI";"6620";"06000";"06088";"Nice";"06";"None";"None";"06088000KY0120";"None";"None";"33";"nan";"None";"nan";"None";"nan";"None";"None";"None";"None";"1";"3";"Dépendance";"nan";"0.0";"None";"None";"None";"None";"nan";"7.261687";"43.699793";"000KY"
"2025-43990";"2025-02-27";"1";"Vente";"1173926.0";"4.0";"None";"RUE VERDI";"6620";"06000";"06088";"Nice";"06";"None";"None";"06088000KY0120";"None";"None";"35";"nan";"None";"nan";"None";"nan";"None";"None";"None";"None";"1";"3";"Dépendance";"nan";"0.0";"None";"None";"None";"None";"nan";"7.261687";"43.699793";"000KY"
"2025-43990";"2025-02-27";"1";"Vente";"1173926.0";"4.0";"None";"RUE VERDI";"6620";"06000";"06088";"Nice";"06";"None";"None";"06088000KY0120";"None";"None";"36";"nan";"None";"nan";"None";"nan";"None";"None";"None";"None";"1";"3";"Dépendance";"nan";"0.0";"None";"None";"None";"None";"nan";"7.261687";"43.699793";"000KY"
"2025-43990";"2025-02-27";"1";"Vente";"1173926.0";"4.0";"None";"RUE VERDI";"6620";"06000";"06088";"Nice";"06";"None";"None";"06088000KY0120";"None";"None";"11";"nan";"None";"nan";"None";"nan";"None";"None";"None";"None";"1";"3";"Dépendance";"nan";"0.0";"None";"None";"None";"None";"nan";"7.261687";"43.699793";"000KY"
"2025-44697";"2025-02-27";"1";"Vente";"50000.0";"43.0";"B";"AV G CLEMENCEAU";"2880";"06000";"06088";"Nice";"06";"None";"None";"06088000KY0081";"None";"None";"28";"nan";"None";"nan";"None";"nan";"None";"None";"None";"None";"1";"3";"Dépendance";"nan";"0.0";"None";"None";"None";"None";"nan";"7.26022";"43.701458";"000KY"
"2025-44840";"2025-02-27";"1";"Vente";"55000.0";"40.0";"None";"BD GAMBETTA";"2755";"06000";"06088";"Nice";"06";"None";"None";"06088000KY0193";"None";"None";"102";"nan";"None";"nan";"None";"nan";"None";"None";"None";"None";"1";"3";"Dépendance";"nan";"0.0";"None";"None";"None";"None";"nan";"7.256559";"43.700111";"000KY"
"2025-44906";"2025-02-27";"1";"Vente";"350000.0";"53.0";"None";"RUE ROSSINI";"5600";"06000";"06088";"Nice";"06";"None";"None";"06088000KY0326";"None";"None";"37";"70.12";"6";"nan";"None";"nan";"None";"None";"None";"None";"2";"3";"Dépendance";"nan";"0.0";"None";"None";"None";"None";"nan";"7.258453";"43.700592";"000KY"
"2025-44329";"2025-02-26";"1";"Vente";"38000.0";"36.0";"None";"RUE HEROLD";"3235";"06000";"06088";"Nice";"06";"None";"None";"06088000KY0057";"None";"None";"7";"nan";"None";"nan";"None";"nan";"None";"None";"None";"None";"1";"3";"Dépendance";"nan";"0.0";"None";"None";"None";"None";"nan";"7.259139";"43.700904";"000KY"
"2025-43854";"2025-02-25";"1";"Vente";"426400.0";"45.0";"None";"RUE HEROLD";"3235";"06000";"06088";"Nice";"06";"None";"None";"06088000KY0042";"None";"None";"23";"nan";"59";"77.33";"None";"nan";"None";"None";"None";"None";"2";"2";"Appartement";"80.0";"3.0";"None";"None";"None";"None";"nan";"7.258805";"43.701617";"000KY"
"2025-44143";"2025-02-25";"1";"Vente";"229500.0";"11.0";"None";"RUE AMIRAL DE GRASSE";"0170";"06000";"06088";"Nice";"06";"None";"None";"06088000KY0005";"None";"None";"11";"nan";"21";"70.14";"None";"nan";"None";"None";"None";"None";"2";"2";"Appartement";"70.0";"3.0";"None";"None";"None";"None";"nan";"7.257024";"43.701668";"000KY"
"2025-44661";"2025-02-25";"1";"Vente";"520000.0";"39.0";"None";"RUE HEROLD";"3235";"06000";"06088";"Nice";"06";"None";"None";"06088000KY0031";"None";"None";"46";"53.12";"89";"nan";"None";"nan";"None";"None";"None";"None";"2";"2";"Appartement";"56.0";"2.0";"None";"None";"None";"None";"nan";"7.258566";"43.701321";"000KY"
"2025-43854";"2025-02-25";"1";"Vente";"426400.0";"45.0";"None";"RUE HEROLD";"3235";"06000";"06088";"Nice";"06";"None";"None";"06088000KY0042";"None";"None";"23";"nan";"59";"77.33";"None";"nan";"None";"None";"None";"None";"2";"3";"Dépendance";"nan";"0.0";"None";"None";"None";"None";"nan";"7.258805";"43.701617";"000KY"
"2025-43854";"2025-02-25";"1";"Vente";"426400.0";"45.0";"None";"RUE HEROLD";"3235";"06000";"06088";"Nice";"06";"None";"None";"06088000KY0042";"None";"None";"23";"nan";"59";"77.33";"None";"nan";"None";"None";"None";"None";"2";"3";"Dépendance";"nan";"0.0";"None";"None";"None";"None";"nan";"7.258805";"43.701617";"000KY"
"2025-44143";"2025-02-25";"1";"Vente";"229500.0";"11.0";"None";"RUE AMIRAL DE GRASSE";"0170";"06000";"06088";"Nice";"06";"None";"None";"06088000KY0005";"None";"None";"11";"nan";"21";"70.14";"None";"nan";"None";"None";"None";"None";"2";"3";"Dépendance";"nan";"0.0";"None";"None";"None";"None";"nan";"7.257024";"43.701668";"000KY"
"2025-44661";"2025-02-25";"1";"Vente";"520000.0";"39.0";"None";"RUE HEROLD";"3235";"06000";"06088";"Nice";"06";"None";"None";"06088000KY0031";"None";"None";"46";"53.12";"89";"nan";"None";"nan";"None";"None";"None";"None";"2";"3";"Dépendance";"nan";"0.0";"None";"None";"None";"None";"nan";"7.258566";"43.701321";"000KY"
"2025-44661";"2025-02-25";"1";"Vente";"520000.0";"39.0";"None";"RUE HEROLD";"3235";"06000";"06088";"Nice";"06";"None";"None";"06088000KY0031";"None";"None";"46";"53.12";"89";"nan";"None";"nan";"None";"None";"None";"None";"2";"3";"Dépendance";"nan";"0.0";"None";"None";"None";"None";"nan";"7.258566";"43.701321";"000KY"
"2025-44245";"2025-02-24";"1";"Vente";"33000.0";"21.0";"None";"RUE BERLIOZ";"0790";"06000";"06088";"Nice";"06";"None";"None";"06088000KY0154";"None";"None";"24";"nan";"None";"nan";"None";"nan";"None";"None";"None";"None";"1";"2";"Appartement";"91.0";"4.0";"None";"None";"None";"None";"nan";"7.259122";"43.700442";"000KY"
"2025-44696";"2025-02-24";"1";"Vente";"730000.0";"38.0";"B";"BD VICTOR HUGO";"6655";"06000";"06088";"Nice";"06";"None";"None";"06088000KY0319";"None";"None";"140";"nan";"53";"86.7";"None";"nan";"None";"None";"None";"None";"2";"2";"Appartement";"96.0";"3.0";"None";"None";"None";"None";"nan";"7.261874";"43.699091";"000KY"
"2025-44712";"2025-02-24";"1";"Vente";"880000.0";"40.0";"None";"RUE VERDI";"6620";"06000";"06088";"Nice";"06";"None";"None";"06088000KY0175";"None";"None";"18";"nan";"28";"107.0";"None";"nan";"None";"None";"None";"None";"2";"2";"Appartement";"135.0";"5.0";"None";"None";"None";"None";"nan";"7.257211";"43.69987";"000KY"
"2025-44245";"2025-02-24";"1";"Vente";"33000.0";"21.0";"None";"RUE BERLIOZ";"0790";"06000";"06088";"Nice";"06";"None";"None";"06088000KY0154";"None";"None";"24";"nan";"None";"nan";"None";"nan";"None";"None";"None";"None";"1";"3";"Dépendance";"nan";"0.0";"None";"None";"None";"None";"nan";"7.259122";"43.700442";"000KY"
"2025-44245";"2025-02-24";"1";"Vente";"33000.0";"21.0";"None";"RUE BERLIOZ";"0790";"06000";"06088";"Nice";"06";"None";"None";"06088000KY0154";"None";"None";"24";"nan";"None";"nan";"None";"nan";"None";"None";"None";"None";"1";"3";"Dépendance";"nan";"0.0";"None";"None";"None";"None";"nan";"7.259122";"43.700442";"000KY"
"2025-44712";"2025-02-24";"1";"Vente";"880000.0";"40.0";"None";"RUE VERDI";"6620";"06000";"06088";"Nice";"06";"None";"None";"06088000KY0175";"None";"None";"18";"nan";"28";"107.0";"None";"nan";"None";"None";"None";"None";"2";"3";"Dépendance";"nan";"0.0";"None";"None";"None";"None";"nan";"7.257211";"43.69987";"000KY"
"2025-44430";"2025-02-21";"1";"Vente";"305000.0";"3.0";"B";"RUE BERLIOZ";"0790";"06000";"06088";"Nice";"06";"None";"None";"06088000KY0233";"None";"None";"12";"nan";"32";"45.8";"None";"nan";"None";"None";"None";"None";"2";"2";"Appartement";"48.0";"2.0";"None";"None";"None";"None";"nan";"7.25893";"43.6989";"000KY"
"2025-44430";"2025-02-21";"1";"Vente";"305000.0";"3.0";"B";"RUE BERLIOZ";"0790";"06000";"06088";"Nice";"06";"None";"None";"06088000KY0233";"None";"None";"12";"nan";"32";"45.8";"None";"nan";"None";"None";"None";"None";"2";"3";"Dépendance";"nan";"0.0";"None";"None";"None";"None";"nan";"7.25893";"43.6989";"000KY"
"2025-43874";"2025-02-20";"1";"Vente";"340000.0";"20.0";"None";"RUE AMIRAL DE GRASSE";"0170";"06000";"06088";"Nice";"06";"None";"None";"06088000KY0016";"None";"None";"92";"67.2";"None";"nan";"None";"nan";"None";"None";"None";"None";"1";"2";"Appartement";"70.0";"2.0";"None";"None";"None";"None";"nan";"7.257669";"43.701702";"000KY"
"2025-43874";"2025-02-20";"1";"Vente";"340000.0";"20.0";"None";"RUE AMIRAL DE GRASSE";"0170";"06000";"06088";"Nice";"06";"None";"None";"06088000KY0016";"None";"None";"92";"67.2";"None";"nan";"None";"nan";"None";"None";"None";"None";"1";"3";"Dépendance";"nan";"0.0";"None";"None";"None";"None";"nan";"7.257669";"43.701702";"000KY"
"2025-43883";"2025-02-19";"1";"Vente";"225000.0";"9.0";"None";"RUE VERDI";"6620";"06000";"06088";"Nice";"06";"None";"None";"06088000KY0265";"None";"None";"48";"33.28";"None";"nan";"None";"nan";"None";"None";"None";"None";"1";"2";"Appartement";"32.0";"2.0";"None";"None";"None";"None";"nan";"7.260908";"43.699323";"000KY"
"2025-44006";"2025-02-19";"1";"Vente";"350000.0";"16.0";"None";"RUE VERDI";"6620";"06000";"06088";"Nice";"06";"None";"None";"06088000KY0131";"None";"None";"18";"nan";"25";"nan";"None";"nan";"None";"None";"None";"None";"2";"2";"Appartement";"110.0";"3.0";"None";"None";"None";"None";"nan";"7.260538";"43.699765";"000KY"
"2025-44006";"2025-02-19";"1";"Vente";"350000.0";"16.0";"None";"RUE VERDI";"6620";"06000";"06088";"Nice";"06";"None";"None";"06088000KY0131";"None";"None";"18";"nan";"25";"nan";"None";"nan";"None";"None";"None";"None";"2";"3";"Dépendance";"nan";"0.0";"None";"None";"None";"None";"nan";"7.260538";"43.699765";"000KY"
"2025-43602";"2025-02-18";"1";"Vente";"315000.0";"5.0";"None";"RUE BERLIOZ";"0790";"06000";"06088";"Nice";"06";"None";"None";"06088000KY0232";"None";"None";"9";"nan";"None";"nan";"None";"nan";"None";"None";"None";"None";"1";"2";"Appartement";"68.0";"3.0";"None";"None";"None";"None";"nan";"7.258864";"43.698997";"000KY"
"2025-43697";"2025-02-18";"1";"Vente";"337840.0";"40.0";"None";"BD GAMBETTA";"2755";"06000";"06088";"Nice";"06";"None";"None";"06088000KY0193";"None";"None";"48";"nan";"None";"nan";"None";"nan";"None";"None";"None";"None";"1";"2";"Appartement";"61.0";"2.0";"None";"None";"None";"None";"nan";"7.256559";"43.700111";"000KY"
"2025-44045";"2025-02-18";"1";"Vente";"138000.0";"3.0";"None";"RUE AMIRAL DE GRASSE";"0170";"06000";"06088";"Nice";"06";"None";"None";"06088000KY0302";"None";"None";"60";"27.01";"None";"nan";"None";"nan";"None";"None";"None";"None";"1";"2";"Appartement";"28.0";"1.0";"None";"None";"None";"None";"nan";"7.256514";"43.701267";"000KY"
"2025-43423";"2025-02-17";"1";"Vente";"339000.0";"20.0";"None";"RUE BERLIOZ";"0790";"06000";"06088";"Nice";"06";"None";"None";"06088000KY0143";"None";"None";"31";"63.31";"7";"nan";"None";"nan";"None";"None";"None";"None";"2";"2";"Appartement";"75.0";"2.0";"None";"None";"None";"None";"nan";"7.259713";"43.700341";"000KY"
"2025-43780";"2025-02-17";"1";"Vente";"189000.0";"33.0";"None";"RUE BERLIOZ";"0790";"06000";"06088";"Nice";"06";"None";"None";"06088000KY0054";"None";"None";"74";"25.04";"None";"nan";"None";"nan";"None";"None";"None";"None";"1";"2";"Appartement";"23.0";"1.0";"None";"None";"None";"None";"nan";"7.259204";"43.701324";"000KY"
"2025-43423";"2025-02-17";"1";"Vente";"339000.0";"20.0";"None";"RUE BERLIOZ";"0790";"06000";"06088";"Nice";"06";"None";"None";"06088000KY0143";"None";"None";"31";"63.31";"7";"nan";"None";"nan";"None";"None";"None";"None";"2";"3";"Dépendance";"nan";"0.0";"None";"None";"None";"None";"nan";"7.259713";"43.700341";"000KY"
"2025-43496";"2025-02-14";"1";"Vente";"349000.0";"16.0";"None";"RUE AMIRAL DE GRASSE";"0170";"06000";"06088";"Nice";"06";"None";"None";"06088000KY0015";"None";"None";"105";"59.96";"48";"nan";"None";"nan";"None";"None";"None";"None";"2";"2";"Appartement";"68.0";"2.0";"None";"None";"None";"None";"nan";"7.257347";"43.701401";"000KY"
"2025-43496";"2025-02-14";"1";"Vente";"349000.0";"16.0";"None";"RUE AMIRAL DE GRASSE";"0170";"06000";"06088";"Nice";"06";"None";"None";"06088000KY0015";"None";"None";"105";"59.96";"48";"nan";"None";"nan";"None";"None";"None";"None";"2";"3";"Dépendance";"nan";"0.0";"None";"None";"None";"None";"nan";"7.257347";"43.701401";"000KY"
"2025-43698";"2025-02-12";"1";"Vente";"300000.0";"5.0";"None";"AV BAQUIS";"0545";"06000";"06088";"Nice";"06";"None";"None";"06088000KY0269";"None";"None";"101";"nan";"106";"104.77";"None";"nan";"None";"None";"None";"None";"2";"2";"Appartement";"100.0";"4.0";"None";"None";"None";"None";"nan";"7.261862";"43.699265";"000KY"
"2025-43698";"2025-02-12";"1";"Vente";"300000.0";"5.0";"None";"AV BAQUIS";"0545";"06000";"06088";"Nice";"06";"None";"None";"06088000KY0269";"None";"None";"101";"nan";"106";"104.77";"None";"nan";"None";"None";"None";"None";"2";"3";"Dépendance";"nan";"0.0";"None";"None";"None";"None";"nan";"7.261862";"43.699265";"000KY"
"2025-43698";"2025-02-12";"1";"Vente";"300000.0";"5.0";"None";"AV BAQUIS";"0545";"06000";"06088";"Nice";"06";"None";"None";"06088000KY0269";"None";"None";"101";"nan";"106";"104.77";"None";"nan";"None";"None";"None";"None";"2";"3";"Dépendance";"nan";"0.0";"None";"None";"None";"None";"nan";"7.261862";"43.699265";"000KY"
"2025-43228";"2025-02-11";"1";"Vente";"328750.0";"33.0";"None";"RUE VERDI";"6620";"06000";"06088";"Nice";"06";"None";"None";"06088000KY0221";"None";"None";"50";"43.04";"None";"nan";"None";"nan";"None";"None";"None";"None";"1";"2";"Appartement";"47.0";"2.0";"None";"None";"None";"None";"nan";"7.258044";"43.699364";"000KY"
"2025-43935";"2025-02-10";"1";"Vente";"100000.0";"31.0";"None";"RUE BERLIOZ";"0790";"06000";"06088";"Nice";"06";"None";"None";"06088000KY0055";"None";"None";"130";"nan";"147";"19.06";"None";"nan";"None";"None";"None";"None";"2";"2";"Appartement";"19.0";"1.0";"None";"None";"None";"None";"nan";"7.259191";"43.701185";"000KY"
"2025-43803";"2025-02-10";"1";"Vente";"66000.0";"2.0";"None";"RUE KOSMA";"3522";"06000";"06088";"Nice";"06";"None";"None";"06088000KY0206";"None";"None";"18";"nan";"None";"nan";"None";"nan";"None";"None";"None";"None";"1";"3";"Dépendance";"nan";"0.0";"None";"None";"None";"None";"nan";"7.257527";"43.698822";"000KY"
"2025-43803";"2025-02-10";"1";"Vente";"66000.0";"2.0";"None";"RUE KOSMA";"3522";"06000";"06088";"Nice";"06";"None";"None";"06088000KY0206";"None";"None";"21";"nan";"None";"nan";"None";"nan";"None";"None";"None";"None";"1";"3";"Dépendance";"nan";"0.0";"None";"None";"None";"None";"nan";"7.257527";"43.698822";"000KY"
"2025-43935";"2025-02-10";"1";"Vente";"100000.0";"31.0";"None";"RUE BERLIOZ";"0790";"06000";"06088";"Nice";"06";"None";"None";"06088000KY0055";"None";"None";"130";"nan";"147";"19.06";"None";"nan";"None";"None";"None";"None";"2";"3";"Dépendance";"nan";"0.0";"None";"None";"None";"None";"nan";"7.259191";"43.701185";"000KY"
"2025-43843";"2025-02-07";"1";"Vente";"240000.0";"47.0";"None";"AV G CLEMENCEAU";"2880";"06000";"06088";"Nice";"06";"None";"None";"06088000KY0076";"None";"None";"132";"42.01";"29";"nan";"None";"nan";"None";"None";"None";"None";"2";"2";"Appartement";"46.0";"2.0";"None";"None";"None";"None";"nan";"7.259888";"43.701741";"000KY"
"2025-43260";"2025-02-07";"1";"Vente";"41000.0";"32.0";"None";"RUE GOUNOD";"2985";"06000";"06088";"Nice";"06";"None";"None";"06088000KY0090";"None";"None";"31";"nan";"None";"nan";"None";"nan";"None";"None";"None";"None";"1";"3";"Dépendance";"nan";"0.0";"None";"None";"None";"None";"nan";"7.261041";"43.701466";"000KY"
"2025-43843";"2025-02-07";"1";"Vente";"240000.0";"47.0";"None";"AV G CLEMENCEAU";"2880";"06000";"06088";"Nice";"06";"None";"None";"06088000KY0076";"None";"None";"132";"42.01";"29";"nan";"None";"nan";"None";"None";"None";"None";"2";"3";"Dépendance";"nan";"0.0";"None";"None";"None";"None";"nan";"7.259888";"43.701741";"000KY"
"2025-43933";"2025-02-06";"1";"Vente";"1033300.0";"52.0";"B";"BD VICTOR HUGO";"6655";"06000";"06088";"Nice";"06";"None";"None";"06088000KY0237";"None";"None";"38";"nan";"52";"155.17";"None";"nan";"None";"None";"None";"None";"2";"2";"Appartement";"155.0";"6.0";"None";"None";"None";"None";"nan";"7.258388";"43.698318";"000KY"
"2025-43933";"2025-02-06";"1";"Vente";"1033300.0";"52.0";"B";"BD VICTOR HUGO";"6655";"06000";"06088";"Nice";"06";"None";"None";"06088000KY0237";"None";"None";"38";"nan";"52";"155.17";"None";"nan";"None";"None";"None";"None";"2";"3";"Dépendance";"nan";"0.0";"None";"None";"None";"None";"nan";"7.258388";"43.698318";"000KY"
"2025-43304";"2025-02-05";"1";"Vente";"135000.0";"2.0";"None";"RUE KOSMA";"3522";"06000";"06088";"Nice";"06";"None";"None";"06088000KY0206";"None";"None";"22";"30.97";"None";"nan";"None";"nan";"None";"None";"None";"None";"1";"2";"Appartement";"34.0";"1.0";"None";"None";"None";"None";"nan";"7.257527";"43.698822";"000KY"
"2025-43327";"2025-02-05";"1";"Vente";"540000.0";"30.0";"None";"RUE GOUNOD";"2985";"06000";"06088";"Nice";"06";"None";"None";"06088000KY0095";"None";"None";"140";"82.15";"None";"nan";"None";"nan";"None";"None";"None";"None";"1";"2";"Appartement";"81.0";"3.0";"None";"None";"None";"None";"nan";"7.261213";"43.701137";"000KY"
"2025-43569";"2025-02-05";"1";"Vente";"220000.0";"29.0";"None";"RUE VERDI";"6620";"06000";"06088";"Nice";"06";"None";"None";"06088000KY0223";"None";"None";"46";"43.02";"None";"nan";"None";"nan";"None";"None";"None";"None";"1";"2";"Appartement";"42.0";"2.0";"None";"None";"None";"None";"nan";"7.258572";"43.699394";"000KY"
"2025-43327";"2025-02-05";"1";"Vente";"540000.0";"30.0";"None";"RUE GOUNOD";"2985";"06000";"06088";"Nice";"06";"None";"None";"06088000KY0095";"None";"None";"17";"nan";"None";"nan";"None";"nan";"None";"None";"None";"None";"1";"3";"Dépendance";"nan";"0.0";"None";"None";"None";"None";"nan";"7.261213";"43.701137";"000KY"
"2025-43646";"2025-02-05";"1";"Vente";"30000.0";"6.0";"None";"RUE GUIGLIA";"3090";"06000";"06088";"Nice";"06";"None";"None";"06088000KY0216";"None";"None";"24";"nan";"None";"nan";"None";"nan";"None";"None";"None";"None";"1";"3";"Dépendance";"nan";"0.0";"None";"None";"None";"None";"nan";"7.258134";"43.69894";"000KY"
"2025-43121";"2025-02-04";"1";"Vente";"371500.0";"50.0";"None";"BD VICTOR HUGO";"6655";"06000";"06088";"Nice";"06";"None";"None";"06088000KY0244";"None";"None";"252";"nan";"80";"nan";"None";"nan";"None";"None";"None";"None";"2";"2";"Appartement";"38.0";"1.0";"None";"None";"None";"None";"nan";"7.259365";"43.698542";"000KY"
"2025-43121";"2025-02-04";"1";"Vente";"371500.0";"50.0";"None";"BD VICTOR HUGO";"6655";"06000";"06088";"Nice";"06";"None";"None";"06088000KY0244";"None";"None";"252";"nan";"80";"nan";"None";"nan";"None";"None";"None";"None";"2";"3";"Dépendance";"nan";"0.0";"None";"None";"None";"None";"nan";"7.259365";"43.698542";"000KY"
"2025-43066";"2025-02-03";"1";"Vente";"241000.0";"18.0";"None";"RUE ROSSINI";"5600";"06000";"06088";"Nice";"06";"None";"None";"06088000KY0101";"None";"None";"37";"33.25";"None";"nan";"None";"nan";"None";"None";"None";"None";"1";"2";"Appartement";"38.0";"1.0";"None";"None";"None";"None";"nan";"7.261119";"43.700607";"000KY"
"2025-43137";"2025-02-03";"1";"Vente";"230000.0";"20.0";"None";"RUE BERLIOZ";"0790";"06000";"06088";"Nice";"06";"None";"None";"06088000KY0143";"None";"None";"1";"nan";"28";"63.02";"None";"nan";"None";"None";"None";"None";"2";"2";"Appartement";"68.0";"3.0";"None";"None";"None";"None";"nan";"7.259713";"43.700341";"000KY"
"2025-43137";"2025-02-03";"1";"Vente";"230000.0";"20.0";"None";"RUE BERLIOZ";"0790";"06000";"06088";"Nice";"06";"None";"None";"06088000KY0143";"None";"None";"1";"nan";"28";"63.02";"None";"nan";"None";"None";"None";"None";"2";"3";"Dépendance";"nan";"0.0";"None";"None";"None";"None";"nan";"7.259713";"43.700341";"000KY"
"2025-42726";"2025-01-31";"1";"Vente";"417000.0";"32.0";"None";"RUE BERLIOZ";"0790";"06000";"06088";"Nice";"06";"None";"None";"06088000KY0076";"None";"None";"121";"nan";"79";"nan";"None";"nan";"None";"None";"None";"None";"2";"2";"Appartement";"56.0";"2.0";"None";"None";"None";"None";"nan";"7.259888";"43.701741";"000KY"
"2025-43550";"2025-01-30";"1";"Vente";"137000.0";"20.0";"None";"RUE HEROLD";"3235";"06000";"06088";"Nice";"06";"None";"None";"06088000KY0159";"None";"None";"33";"nan";"34";"nan";"None";"nan";"None";"None";"None";"None";"2";"2";"Appartement";"28.0";"2.0";"None";"None";"None";"None";"nan";"7.258684";"43.699913";"000KY"
"2025-42552";"2025-01-27";"1";"Vente";"1045000.0";"2.0";"B";"RUE VERDI";"6620";"06000";"06088";"Nice";"06";"None";"None";"06088000KY0119";"None";"None";"11";"nan";"25";"122.55";"None";"nan";"None";"None";"None";"None";"2";"2";"Appartement";"106.0";"4.0";"None";"None";"None";"None";"nan";"7.261928";"43.699845";"000KY"
"2025-42909";"2025-01-27";"1";"Vente";"250000.0";"29.0";"None";"RUE HEROLD";"3235";"06000";"06088";"Nice";"06";"None";"None";"06088000KY0163";"None";"None";"35";"nan";"8";"54.35";"None";"nan";"None";"None";"None";"None";"2";"2";"Appartement";"47.0";"2.0";"None";"None";"None";"None";"nan";"7.25837";"43.700292";"000KY"
"2025-42552";"2025-01-27";"1";"Vente";"1045000.0";"2.0";"B";"RUE VERDI";"6620";"06000";"06088";"Nice";"06";"None";"None";"06088000KY0119";"None";"None";"11";"nan";"25";"122.55";"None";"nan";"None";"None";"None";"None";"2";"3";"Dépendance";"nan";"0.0";"None";"None";"None";"None";"nan";"7.261928";"43.699845";"000KY"
"2025-42717";"2025-01-27";"1";"Vente";"42000.0";"62.0";"None";"BD GAMBETTA";"2755";"06000";"06088";"Nice";"06";"None";"None";"06088000KY0001";"None";"None";"127";"nan";"None";"nan";"None";"nan";"None";"None";"None";"None";"1";"3";"Dépendance";"nan";"0.0";"None";"None";"None";"None";"nan";"7.256638";"43.701528";"000KY"
"2025-42909";"2025-01-27";"1";"Vente";"250000.0";"29.0";"None";"RUE HEROLD";"3235";"06000";"06088";"Nice";"06";"None";"None";"06088000KY0163";"None";"None";"35";"nan";"8";"54.35";"None";"nan";"None";"None";"None";"None";"2";"3";"Dépendance";"nan";"0.0";"None";"None";"None";"None";"nan";"7.25837";"43.700292";"000KY"
"2025-42942";"2025-01-20";"1";"Vente";"890000.0";"34.0";"None";"BD GAMBETTA";"2755";"06000";"06088";"Nice";"06";"None";"None";"06088000KY0210";"None";"None";"44";"73.71";"None";"nan";"None";"nan";"None";"None";"None";"None";"1";"2";"Appartement";"58.0";"2.0";"None";"None";"None";"None";"nan";"7.256488";"43.699005";"000KY"
"2025-43335";"2025-01-20";"1";"Vente";"440000.0";"44.0";"None";"BD VICTOR HUGO";"6655";"06000";"06088";"Nice";"06";"None";"None";"06088000KY0263";"None";"None";"10";"nan";"44";"83.53";"None";"nan";"None";"None";"None";"None";"2";"2";"Appartement";"85.0";"2.0";"None";"None";"None";"None";"nan";"7.260739";"43.699151";"000KY"
"2025-42942";"2025-01-20";"1";"Vente";"890000.0";"34.0";"None";"BD GAMBETTA";"2755";"06000";"06088";"Nice";"06";"None";"None";"06088000KY0210";"None";"None";"44";"73.71";"None";"nan";"None";"nan";"None";"None";"None";"None";"1";"3";"Dépendance";"nan";"0.0";"None";"None";"None";"None";"nan";"7.256488";"43.699005";"000KY"
"2025-43335";"2025-01-20";"1";"Vente";"440000.0";"44.0";"None";"BD VICTOR HUGO";"6655";"06000";"06088";"Nice";"06";"None";"None";"06088000KY0263";"None";"None";"10";"nan";"44";"83.53";"None";"nan";"None";"None";"None";"None";"2";"3";"Dépendance";"nan";"0.0";"None";"None";"None";"None";"nan";"7.260739";"43.699151";"000KY"
"2025-43054";"2025-01-16";"1";"Vente";"107983.0";"24.0";"None";"RUE HEROLD";"3235";"06000";"06088";"Nice";"06";"None";"None";"06088000KY0158";"None";"None";"222";"nan";"None";"nan";"None";"nan";"None";"None";"None";"None";"1";"2";"Appartement";"18.0";"1.0";"None";"None";"None";"None";"nan";"7.258773";"43.700099";"000KY"
"2025-42212";"2025-01-15";"1";"Vente";"1260000.0";"21.0";"None";"RUE GOUNOD";"2985";"06000";"06088";"Nice";"06";"None";"None";"06088000KY0069";"None";"None";"None";"nan";"None";"nan";"None";"nan";"None";"None";"None";"None";"0";"1";"Maison";"160.0";"6.0";"S";"sols";"None";"None";"171.0";"7.260417";"43.70084";"000KY"
"2025-42796";"2025-01-14";"1";"Vente";"317000.0";"1.0";"B";"AV DURANTE";"2125";"06000";"06088";"Nice";"06";"None";"None";"06088000KY0109";"None";"None";"1";"nan";"16";"61.92";"None";"nan";"None";"None";"None";"None";"2";"2";"Appartement";"64.0";"3.0";"None";"None";"None";"None";"nan";"7.262151";"43.701241";"000KY"
"2025-42796";"2025-01-14";"1";"Vente";"317000.0";"1.0";"B";"AV DURANTE";"2125";"06000";"06088";"Nice";"06";"None";"None";"06088000KY0109";"None";"None";"1";"nan";"16";"61.92";"None";"nan";"None";"None";"None";"None";"2";"3";"Dépendance";"nan";"0.0";"None";"None";"None";"None";"nan";"7.262151";"43.701241";"000KY"
"2025-42413";"2025-01-10";"1";"Vente";"132700.0";"40.0";"None";"RUE HEROLD";"3235";"06000";"06088";"Nice";"06";"None";"None";"06088000KY0055";"None";"None";"23";"24.23";"4";"nan";"None";"nan";"None";"None";"None";"None";"2";"2";"Appartement";"28.0";"0.0";"None";"None";"None";"None";"nan";"7.259191";"43.701185";"000KY"
"2025-42413";"2025-01-10";"1";"Vente";"132700.0";"40.0";"None";"RUE HEROLD";"3235";"06000";"06088";"Nice";"06";"None";"None";"06088000KY0055";"None";"None";"23";"24.23";"4";"nan";"None";"nan";"None";"None";"None";"None";"2";"3";"Dépendance";"nan";"0.0";"None";"None";"None";"None";"nan";"7.259191";"43.701185";"000KY"
"2025-42554";"2025-01-10";"1";"Vente";"5500.0";"3.0";"B";"RUE BERLIOZ";"0790";"06000";"06088";"Nice";"06";"None";"None";"06088000KY0233";"None";"None";"16";"nan";"None";"nan";"None";"nan";"None";"None";"None";"None";"1";"3";"Dépendance";"nan";"0.0";"None";"None";"None";"None";"nan";"7.25893";"43.6989";"000KY"
"2025-42452";"2025-01-09";"1";"Vente";"1388720.0";"44.0";"None";"BD VICTOR HUGO";"6655";"06000";"06088";"Nice";"06";"None";"None";"06088000KY0263";"None";"None";"23";"nan";"51";"155.17";"63";"nan";"64";"None";"65";"None";"5";"2";"Appartement";"155.0";"5.0";"None";"None";"None";"None";"nan";"7.260739";"43.699151";"000KY"
"2025-42147";"2025-01-09";"1";"Vente";"44000.0";"40.0";"None";"BD GAMBETTA";"2755";"06000";"06088";"Nice";"06";"None";"None";"06088000KY0193";"None";"None";"143";"nan";"None";"nan";"None";"nan";"None";"None";"None";"None";"1";"3";"Dépendance";"nan";"0.0";"None";"None";"None";"None";"nan";"7.256559";"43.700111";"000KY"
"2025-42452";"2025-01-09";"1";"Vente";"1388720.0";"44.0";"None";"BD VICTOR HUGO";"6655";"06000";"06088";"Nice";"06";"None";"None";"06088000KY0263";"None";"None";"23";"nan";"51";"155.17";"63";"nan";"64";"None";"65";"None";"5";"3";"Dépendance";"nan";"0.0";"None";"None";"None";"None";"nan";"7.260739";"43.699151";"000KY"
"2025-42127";"2025-01-03";"1";"Vente";"1269900.0";"44.0";"None";"BD VICTOR HUGO";"6655";"06000";"06088";"Nice";"06";"None";"None";"06088000KY0263";"None";"None";"16";"nan";"36";"nan";"None";"nan";"None";"None";"None";"None";"2";"2";"Appartement";"153.0";"4.0";"None";"None";"None";"None";"nan";"7.260739";"43.699151";"000KY"
"2025-42127";"2025-01-03";"1";"Vente";"1269900.0";"44.0";"None";"BD VICTOR HUGO";"6655";"06000";"06088";"Nice";"06";"None";"None";"06088000KY0263";"None";"None";"16";"nan";"36";"nan";"None";"nan";"None";"None";"None";"None";"2";"3";"Dépendance";"nan";"0.0";"None";"None";"None";"None";"nan";"7.260739";"43.699151";"000KY"
"2025-42127";"2025-01-03";"1";"Vente";"1269900.0";"44.0";"None";"BD VICTOR HUGO";"6655";"06000";"06088";"Nice";"06";"None";"None";"06088000KY0263";"None";"None";"58";"nan";"None";"nan";"None";"nan";"None";"None";"None";"None";"1";"3";"Dépendance";"nan";"0.0";"None";"None";"None";"None";"nan";"7.260739";"43.699151";"000KY"
"2024-54736";"2024-12-27";"1";"Vente";"1600000.0";"2.0";"None";"RUE KOSMA";"3522";"06000";"06088";"Nice";"06";"None";"None";"06088000KY0206";"None";"None";"24";"nan";"35";"nan";"6";"178.92";"None";"None";"None";"None";"3";"2";"Appartement";"159.0";"4.0";"None";"None";"None";"None";"nan";"7.257527";"43.698822";"000KY"
"2024-54736";"2024-12-27";"1";"Vente";"1600000.0";"2.0";"None";"RUE KOSMA";"3522";"06000";"06088";"Nice";"06";"None";"None";"06088000KY0206";"None";"None";"24";"nan";"35";"nan";"6";"178.92";"None";"None";"None";"None";"3";"3";"Dépendance";"nan";"0.0";"None";"None";"None";"None";"nan";"7.257527";"43.698822";"000KY"
"2024-54804";"2024-12-27";"1";"Vente";"110000.0";"20.0";"None";"RUE AMIRAL DE GRASSE";"0170";"06000";"06088";"Nice";"06";"None";"None";"06088000KY0016";"None";"None";"73";"nan";"None";"nan";"None";"nan";"None";"None";"None";"None";"1";"3";"Dépendance";"nan";"0.0";"None";"None";"None";"None";"nan";"7.257669";"43.701702";"000KY"
"2024-54214";"2024-12-23";"1";"Vente";"420000.0";"49.0";"None";"RUE ROSSINI";"5600";"06000";"06088";"Nice";"06";"None";"None";"06088000KY0142";"None";"None";"21";"58.45";"None";"nan";"None";"nan";"None";"None";"None";"None";"1";"2";"Appartement";"77.0";"3.0";"None";"None";"None";"None";"nan";"7.259594";"43.700446";"000KY"
"2024-54269";"2024-12-23";"1";"Vente";"267200.0";"48.0";"None";"RUE HEROLD";"3235";"06000";"06088";"Nice";"06";"None";"None";"06088000KY0044";"None";"None";"12";"28.81";"3";"nan";"None";"nan";"None";"None";"None";"None";"2";"2";"Appartement";"27.0";"2.0";"None";"None";"None";"None";"nan";"7.259165";"43.70163";"000KY"
"2024-54382";"2024-12-23";"1";"Vente";"890000.0";"50.0";"None";"BD VICTOR HUGO";"6655";"06000";"06088";"Nice";"06";"None";"None";"06088000KY0244";"None";"None";"275";"83.7";"None";"nan";"None";"nan";"None";"None";"None";"None";"1";"2";"Appartement";"86.0";"3.0";"None";"None";"None";"None";"nan";"7.259365";"43.698542";"000KY"
"2024-54491";"2024-12-23";"1";"Vente";"120000.0";"18.0";"None";"RUE ROSSINI";"5600";"06000";"06088";"Nice";"06";"None";"None";"06088000KY0101";"None";"None";"44";"nan";"None";"nan";"None";"nan";"None";"None";"None";"None";"1";"2";"Appartement";"19.0";"1.0";"None";"None";"None";"None";"nan";"7.261119";"43.700607";"000KY"
"2024-54269";"2024-12-23";"1";"Vente";"267200.0";"48.0";"None";"RUE HEROLD";"3235";"06000";"06088";"Nice";"06";"None";"None";"06088000KY0044";"None";"None";"12";"28.81";"3";"nan";"None";"nan";"None";"None";"None";"None";"2";"3";"Dépendance";"nan";"0.0";"None";"None";"None";"None";"nan";"7.259165";"43.70163";"000KY"
"2024-54382";"2024-12-23";"1";"Vente";"890000.0";"50.0";"None";"BD VICTOR HUGO";"6655";"06000";"06088";"Nice";"06";"None";"None";"06088000KY0244";"None";"None";"25";"nan";"None";"nan";"None";"nan";"None";"None";"None";"None";"1";"3";"Dépendance";"nan";"0.0";"None";"None";"None";"None";"nan";"7.259365";"43.698542";"000KY"
"2024-54382";"2024-12-23";"1";"Vente";"890000.0";"50.0";"None";"BD VICTOR HUGO";"6655";"06000";"06088";"Nice";"06";"None";"None";"06088000KY0244";"None";"None";"275";"83.7";"None";"nan";"None";"nan";"None";"None";"None";"None";"1";"3";"Dépendance";"nan";"0.0";"None";"None";"None";"None";"nan";"7.259365";"43.698542";"000KY"
"2024-53917";"2024-12-20";"1";"Vente";"124500.0";"16.0";"None";"RUE BERLIOZ";"0790";"06000";"06088";"Nice";"06";"None";"None";"06088000KY0312";"None";"None";"29";"nan";"None";"nan";"None";"nan";"None";"None";"None";"None";"1";"2";"Appartement";"20.0";"1.0";"None";"None";"None";"None";"nan";"7.259558";"43.699943";"000KY"
"2024-54696";"2024-12-20";"1";"Vente";"2850000.0";"11.0";"None";"RUE GOUNOD";"2985";"06000";"06088";"Nice";"06";"None";"None";"06088000KY0135";"None";"None";"None";"nan";"None";"nan";"None";"nan";"None";"None";"None";"None";"0";"4";"Local industriel. commercial ou assimilé";"387.0";"0.0";"S";"sols";"None";"None";"363.0";"7.260152";"43.700002";"000KY"
"2024-54002";"2024-12-19";"1";"Vente";"876820.0";"46.0";"None";"BD GAMBETTA";"2755";"06000";"06088";"Nice";"06";"None";"None";"06088000KY0294";"None";"None";"105";"nan";"121";"97.17";"None";"nan";"None";"None";"None";"None";"2";"2";"Appartement";"96.0";"3.0";"None";"None";"None";"None";"nan";"7.256492";"43.700513";"000KY"
"2024-54002";"2024-12-19";"1";"Vente";"876820.0";"46.0";"None";"BD GAMBETTA";"2755";"06000";"06088";"Nice";"06";"None";"None";"06088000KY0294";"None";"None";"105";"nan";"121";"97.17";"None";"nan";"None";"None";"None";"None";"2";"3";"Dépendance";"nan";"0.0";"None";"None";"None";"None";"nan";"7.256492";"43.700513";"000KY"
"2024-54140";"2024-12-18";"1";"Vente";"170000.0";"62.0";"None";"BD GAMBETTA";"2755";"06000";"06088";"Nice";"06";"None";"None";"06088000KY0001";"None";"None";"211";"nan";"34";"39.71";"None";"nan";"None";"None";"None";"None";"2";"2";"Appartement";"40.0";"2.0";"None";"None";"None";"None";"nan";"7.256638";"43.701528";"000KY"
"2024-54373";"2024-12-18";"1";"Vente";"1450000.0";"6.0";"None";"RUE KOSMA";"3522";"06000";"06088";"Nice";"06";"None";"None";"06088000KY0208";"None";"None";"57";"201.59";"None";"nan";"None";"nan";"None";"None";"None";"None";"1";"2";"Appartement";"168.0";"5.0";"None";"None";"None";"None";"nan";"7.256884";"43.698935";"000KY"
"2024-54140";"2024-12-18";"1";"Vente";"170000.0";"62.0";"None";"BD GAMBETTA";"2755";"06000";"06088";"Nice";"06";"None";"None";"06088000KY0001";"None";"None";"211";"nan";"34";"39.71";"None";"nan";"None";"None";"None";"None";"2";"3";"Dépendance";"nan";"0.0";"None";"None";"None";"None";"nan";"7.256638";"43.701528";"000KY"
"2024-54373";"2024-12-18";"1";"Vente";"1450000.0";"6.0";"None";"RUE KOSMA";"3522";"06000";"06088";"Nice";"06";"None";"None";"06088000KY0208";"None";"None";"57";"201.59";"None";"nan";"None";"nan";"None";"None";"None";"None";"1";"3";"Dépendance";"nan";"0.0";"None";"None";"None";"None";"nan";"7.256884";"43.698935";"000KY"
"2024-54373";"2024-12-18";"1";"Vente";"1450000.0";"6.0";"None";"RUE KOSMA";"3522";"06000";"06088";"Nice";"06";"None";"None";"06088000KY0208";"None";"None";"21";"nan";"None";"nan";"None";"nan";"None";"None";"None";"None";"1";"3";"Dépendance";"nan";"0.0";"None";"None";"None";"None";"nan";"7.256884";"43.698935";"000KY"
"2024-54373";"2024-12-18";"1";"Vente";"1450000.0";"6.0";"None";"RUE KOSMA";"3522";"06000";"06088";"Nice";"06";"None";"None";"06088000KY0208";"None";"None";"22";"nan";"None";"nan";"None";"nan";"None";"None";"None";"None";"1";"3";"Dépendance";"nan";"0.0";"None";"None";"None";"None";"nan";"7.256884";"43.698935";"000KY"
"2024-53718";"2024-12-17";"1";"Vente";"270000.0";"12.0";"None";"RUE AMIRAL DE GRASSE";"0170";"06000";"06088";"Nice";"06";"None";"None";"06088000KY0013";"None";"None";"26";"63.08";"5";"nan";"None";"nan";"None";"None";"None";"None";"2";"2";"Appartement";"67.0";"3.0";"None";"None";"None";"None";"nan";"7.257103";"43.701286";"000KY"
"2024-54192";"2024-12-17";"1";"Vente";"315250.0";"1.0";"B";"RUE BERLIOZ";"0790";"06000";"06088";"Nice";"06";"None";"None";"06088000KY0241";"None";"None";"14";"45.06";"None";"nan";"None";"nan";"None";"None";"None";"None";"1";"2";"Appartement";"46.0";"2.0";"None";"None";"None";"None";"nan";"7.258899";"43.698604";"000KY"
"2024-53718";"2024-12-17";"1";"Vente";"270000.0";"12.0";"None";"RUE AMIRAL DE GRASSE";"0170";"06000";"06088";"Nice";"06";"None";"None";"06088000KY0013";"None";"None";"26";"63.08";"5";"nan";"None";"nan";"None";"None";"None";"None";"2";"3";"Dépendance";"nan";"0.0";"None";"None";"None";"None";"nan";"7.257103";"43.701286";"000KY"
"2024-53724";"2024-12-16";"1";"Vente";"1880000.0";"6.0";"None";"RUE KOSMA";"3522";"06000";"06088";"Nice";"06";"None";"None";"06088000KY0208";"None";"None";"43";"nan";"6";"200.48";"None";"nan";"None";"None";"None";"None";"2";"2";"Appartement";"217.0";"5.0";"None";"None";"None";"None";"nan";"7.256884";"43.698935";"000KY"
"2024-53949";"2024-12-16";"1";"Vente";"530000.0";"24.0";"None";"RUE GOUNOD";"2985";"06000";"06088";"Nice";"06";"None";"None";"06088000KY0095";"None";"None";"143";"92.14";"None";"nan";"None";"nan";"None";"None";"None";"None";"1";"2";"Appartement";"92.0";"3.0";"None";"None";"None";"None";"nan";"7.261213";"43.701137";"000KY"
"2024-53724";"2024-12-16";"1";"Vente";"1880000.0";"6.0";"None";"RUE KOSMA";"3522";"06000";"06088";"Nice";"06";"None";"None";"06088000KY0208";"None";"None";"43";"nan";"6";"200.48";"None";"nan";"None";"None";"None";"None";"2";"3";"Dépendance";"nan";"0.0";"None";"None";"None";"None";"nan";"7.256884";"43.698935";"000KY"
"2024-53724";"2024-12-16";"1";"Vente";"1880000.0";"6.0";"None";"RUE KOSMA";"3522";"06000";"06088";"Nice";"06";"None";"None";"06088000KY0208";"None";"None";"33";"nan";"None";"nan";"None";"nan";"None";"None";"None";"None";"1";"3";"Dépendance";"nan";"0.0";"None";"None";"None";"None";"nan";"7.256884";"43.698935";"000KY"
"2024-53724";"2024-12-16";"1";"Vente";"1880000.0";"6.0";"None";"RUE KOSMA";"3522";"06000";"06088";"Nice";"06";"None";"None";"06088000KY0208";"None";"None";"36";"nan";"None";"nan";"None";"nan";"None";"None";"None";"None";"1";"3";"Dépendance";"nan";"0.0";"None";"None";"None";"None";"nan";"7.256884";"43.698935";"000KY"
"2024-53949";"2024-12-16";"1";"Vente";"530000.0";"30.0";"None";"RUE GOUNOD";"2985";"06000";"06088";"Nice";"06";"None";"None";"06088000KY0095";"None";"None";"265";"nan";"None";"nan";"None";"nan";"None";"None";"None";"None";"1";"3";"Dépendance";"nan";"0.0";"None";"None";"None";"None";"nan";"7.261213";"43.701137";"000KY"
"2024-53425";"2024-12-13";"1";"Vente";"220000.0";"34.0";"None";"RUE GUIGLIA";"3090";"06000";"06088";"Nice";"06";"None";"None";"06088000KY0037";"None";"None";"23";"nan";"59";"51.72";"None";"nan";"None";"None";"None";"None";"2";"2";"Appartement";"50.0";"2.0";"None";"None";"None";"None";"nan";"7.258223";"43.701904";"000KY"
"2024-54078";"2024-12-13";"1";"Vente";"304000.0";"20.0";"None";"RUE AMIRAL DE GRASSE";"0170";"06000";"06088";"Nice";"06";"None";"None";"06088000KY0016";"None";"None";"6";"nan";"85";"nan";"None";"nan";"None";"None";"None";"None";"2";"2";"Appartement";"90.0";"3.0";"None";"None";"None";"None";"nan";"7.257669";"43.701702";"000KY"
"2024-54266";"2024-12-13";"1";"Vente";"327300.0";"5.0";"None";"RUE BERLIOZ";"0790";"06000";"06088";"Nice";"06";"None";"None";"06088000KY0232";"None";"None";"9";"37.13";"None";"nan";"None";"nan";"None";"None";"None";"None";"1";"2";"Appartement";"68.0";"3.0";"None";"None";"None";"None";"nan";"7.258864";"43.698997";"000KY"
"2024-54458";"2024-12-13";"1";"Vente";"178000.0";"31.0";"None";"RUE HEROLD";"3235";"06000";"06088";"Nice";"06";"None";"None";"06088000KY0164";"None";"None";"19";"40.81";"None";"nan";"None";"nan";"None";"None";"None";"None";"1";"2";"Appartement";"41.0";"1.0";"None";"None";"None";"None";"nan";"7.258438";"43.700422";"000KY"
"2024-53425";"2024-12-13";"1";"Vente";"220000.0";"34.0";"None";"RUE GUIGLIA";"3090";"06000";"06088";"Nice";"06";"None";"None";"06088000KY0037";"None";"None";"23";"nan";"59";"51.72";"None";"nan";"None";"None";"None";"None";"2";"3";"Dépendance";"nan";"0.0";"None";"None";"None";"None";"nan";"7.258223";"43.701904";"000KY"
"2024-54078";"2024-12-13";"1";"Vente";"304000.0";"20.0";"None";"RUE AMIRAL DE GRASSE";"0170";"06000";"06088";"Nice";"06";"None";"None";"06088000KY0016";"None";"None";"6";"nan";"85";"nan";"None";"nan";"None";"None";"None";"None";"2";"3";"Dépendance";"nan";"0.0";"None";"None";"None";"None";"nan";"7.257669";"43.701702";"000KY"
"2024-54458";"2024-12-13";"1";"Vente";"178000.0";"31.0";"None";"RUE HEROLD";"3235";"06000";"06088";"Nice";"06";"None";"None";"06088000KY0164";"None";"None";"19";"40.81";"None";"nan";"None";"nan";"None";"None";"None";"None";"1";"3";"Dépendance";"nan";"0.0";"None";"None";"None";"None";"nan";"7.258438";"43.700422";"000KY"
"2024-53368";"2024-12-12";"1";"Vente";"410000.0";"50.0";"None";"RUE ROSSINI";"5600";"06000";"06088";"Nice";"06";"None";"None";"06088000KY0025";"None";"None";"23";"40.0";"4";"nan";"None";"nan";"None";"None";"None";"None";"2";"2";"Appartement";"85.0";"3.0";"None";"None";"None";"None";"nan";"7.25759";"43.701001";"000KY"
"2024-53074";"2024-12-06";"1";"Vente";"185715.0";"11.0";"None";"RUE AMIRAL DE GRASSE";"0170";"06000";"06088";"Nice";"06";"None";"None";"06088000KY0005";"None";"None";"23";"nan";"None";"nan";"None";"nan";"None";"None";"None";"None";"1";"2";"Appartement";"54.0";"2.0";"None";"None";"None";"None";"nan";"7.257024";"43.701668";"000KY"
"2024-53617";"2024-12-06";"1";"Vente";"277040.0";"39.0";"None";"RUE BERLIOZ";"0790";"06000";"06088";"Nice";"06";"None";"None";"06088000KY0050";"None";"None";"20";"52.93";"None";"nan";"None";"nan";"None";"None";"None";"None";"1";"2";"Appartement";"51.0";"2.0";"None";"None";"None";"None";"nan";"7.259334";"43.70158";"000KY"
"2024-53929";"2024-12-06";"1";"Vente";"335000.0";"50.0";"None";"RUE ROSSINI";"5600";"06000";"06088";"Nice";"06";"None";"None";"06088000KY0025";"None";"None";"14";"nan";"28";"nan";"None";"nan";"None";"None";"None";"None";"2";"2";"Appartement";"70.0";"2.0";"None";"None";"None";"None";"nan";"7.25759";"43.701001";"000KY"
"2024-53074";"2024-12-06";"1";"Vente";"185715.0";"11.0";"None";"RUE AMIRAL DE GRASSE";"0170";"06000";"06088";"Nice";"06";"None";"None";"06088000KY0005";"None";"None";"23";"nan";"None";"nan";"None";"nan";"None";"None";"None";"None";"1";"3";"Dépendance";"nan";"0.0";"None";"None";"None";"None";"nan";"7.257024";"43.701668";"000KY"
"2024-53617";"2024-12-06";"1";"Vente";"277040.0";"39.0";"None";"RUE BERLIOZ";"0790";"06000";"06088";"Nice";"06";"None";"None";"06088000KY0050";"None";"None";"20";"52.93";"None";"nan";"None";"nan";"None";"None";"None";"None";"1";"3";"Dépendance";"nan";"0.0";"None";"None";"None";"None";"nan";"7.259334";"43.70158";"000KY"
"2024-53929";"2024-12-06";"1";"Vente";"335000.0";"50.0";"None";"RUE ROSSINI";"5600";"06000";"06088";"Nice";"06";"None";"None";"06088000KY0025";"None";"None";"14";"nan";"28";"nan";"None";"nan";"None";"None";"None";"None";"2";"3";"Dépendance";"nan";"0.0";"None";"None";"None";"None";"nan";"7.25759";"43.701001";"000KY"
"2024-52941";"2024-12-05";"1";"Vente";"257500.0";"32.0";"None";"RUE VERDI";"6620";"06000";"06088";"Nice";"06";"None";"None";"06088000KY0161";"None";"None";"21";"nan";"None";"nan";"None";"nan";"None";"None";"None";"None";"1";"2";"Appartement";"38.0";"1.0";"None";"None";"None";"None";"nan";"7.258345";"43.699817";"000KY"
"2024-53104";"2024-12-05";"1";"Vente";"63000.0";"50.0";"None";"BD VICTOR HUGO";"6655";"06000";"06088";"Nice";"06";"None";"None";"06088000KY0244";"None";"None";"14";"nan";"None";"nan";"None";"nan";"None";"None";"None";"None";"1";"3";"Dépendance";"nan";"0.0";"None";"None";"None";"None";"nan";"7.259365";"43.698542";"000KY"
"2024-52912";"2024-11-29";"1";"Vente";"482000.0";"8.0";"None";"RUE GUIGLIA";"3090";"06000";"06088";"Nice";"06";"None";"None";"06088000KY0217";"None";"None";"21";"nan";"5";"nan";"None";"nan";"None";"None";"None";"None";"2";"2";"Appartement";"65.0";"3.0";"None";"None";"None";"None";"nan";"7.258001";"43.6991";"000KY"
"2024-53043";"2024-11-29";"1";"Vente";"2147600.0";"4.0";"None";"RUE KOSMA";"3522";"06000";"06088";"Nice";"06";"None";"None";"06088000KY0207";"None";"None";"31";"nan";"None";"nan";"None";"nan";"None";"None";"None";"None";"1";"2";"Appartement";"251.0";"6.0";"None";"None";"None";"None";"nan";"7.257174";"43.698874";"000KY"
"2024-52912";"2024-11-29";"1";"Vente";"482000.0";"8.0";"None";"RUE GUIGLIA";"3090";"06000";"06088";"Nice";"06";"None";"None";"06088000KY0217";"None";"None";"21";"nan";"5";"nan";"None";"nan";"None";"None";"None";"None";"2";"3";"Dépendance";"nan";"0.0";"None";"None";"None";"None";"nan";"7.258001";"43.6991";"000KY"
"2024-53043";"2024-11-29";"1";"Vente";"2147600.0";"4.0";"None";"RUE KOSMA";"3522";"06000";"06088";"Nice";"06";"None";"None";"06088000KY0207";"None";"None";"19";"nan";"None";"nan";"None";"nan";"None";"None";"None";"None";"1";"3";"Dépendance";"nan";"0.0";"None";"None";"None";"None";"nan";"7.257174";"43.698874";"000KY"
"2024-53043";"2024-11-29";"1";"Vente";"2147600.0";"4.0";"None";"RUE KOSMA";"3522";"06000";"06088";"Nice";"06";"None";"None";"06088000KY0207";"None";"None";"31";"nan";"None";"nan";"None";"nan";"None";"None";"None";"None";"1";"3";"Dépendance";"nan";"0.0";"None";"None";"None";"None";"nan";"7.257174";"43.698874";"000KY"
"2024-52753";"2024-11-28";"1";"Vente";"10000.0";"nan";"None";"RUE AMIRAL DE GRASSE";"0170";"06000";"06088";"Nice";"06";"None";"None";"06088000KY0301";"None";"None";"None";"nan";"None";"nan";"None";"nan";"None";"None";"None";"None";"0";"None";"None";"nan";"nan";"S";"sols";"None";"None";"89.0";"7.25673";"43.701253";"000KY"
"2024-52712";"2024-11-25";"1";"Vente";"190000.0";"62.0";"None";"BD GAMBETTA";"2755";"06000";"06088";"Nice";"06";"None";"None";"06088000KY0001";"None";"None";"66";"nan";"None";"nan";"None";"nan";"None";"None";"None";"None";"1";"2";"Appartement";"48.0";"2.0";"None";"None";"None";"None";"nan";"7.256638";"43.701528";"000KY"
"2024-52712";"2024-11-25";"1";"Vente";"190000.0";"62.0";"None";"BD GAMBETTA";"2755";"06000";"06088";"Nice";"06";"None";"None";"06088000KY0001";"None";"None";"164";"nan";"None";"nan";"None";"nan";"None";"None";"None";"None";"1";"3";"Dépendance";"nan";"0.0";"None";"None";"None";"None";"nan";"7.256638";"43.701528";"000KY"
"2024-52549";"2024-11-22";"1";"Vente";"246000.0";"48.0";"None";"RUE HEROLD";"3235";"06000";"06088";"Nice";"06";"None";"None";"06088000KY0044";"None";"None";"18";"47.02";"None";"nan";"None";"nan";"None";"None";"None";"None";"1";"2";"Appartement";"44.0";"2.0";"None";"None";"None";"None";"nan";"7.259165";"43.70163";"000KY"
"2024-52549";"2024-11-22";"1";"Vente";"246000.0";"48.0";"None";"RUE HEROLD";"3235";"06000";"06088";"Nice";"06";"None";"None";"06088000KY0044";"None";"None";"18";"47.02";"None";"nan";"None";"nan";"None";"None";"None";"None";"1";"3";"Dépendance";"nan";"0.0";"None";"None";"None";"None";"nan";"7.259165";"43.70163";"000KY"
"2024-52958";"2024-11-22";"1";"Vente";"16000.0";"55.0";"None";"AV G CLEMENCEAU";"2880";"06000";"06088";"Nice";"06";"None";"None";"06088000KY0039";"None";"None";"33";"nan";"None";"nan";"None";"nan";"None";"None";"None";"None";"1";"3";"Dépendance";"nan";"0.0";"None";"None";"None";"None";"nan";"7.258602";"43.701886";"000KY"
"2024-52326";"2024-11-20";"1";"Vente";"10000.0";"26.0";"None";"RUE BERLIOZ";"0790";"06000";"06088";"Nice";"06";"None";"None";"06088000KY0062";"None";"None";"17";"nan";"None";"nan";"None";"nan";"None";"None";"None";"None";"1";"2";"Appartement";"25.0";"2.0";"None";"None";"None";"None";"nan";"7.259702";"43.701041";"000KY"
"2024-52326";"2024-11-20";"1";"Vente";"10000.0";"26.0";"None";"RUE BERLIOZ";"0790";"06000";"06088";"Nice";"06";"None";"None";"06088000KY0062";"None";"None";"17";"nan";"None";"nan";"None";"nan";"None";"None";"None";"None";"1";"3";"Dépendance";"nan";"0.0";"None";"None";"None";"None";"nan";"7.259702";"43.701041";"000KY"
"2024-52408";"2024-11-14";"1";"Vente";"517450.0";"33.0";"None";"RUE VERDI";"6620";"06000";"06088";"Nice";"06";"None";"None";"06088000KY0221";"None";"None";"37";"nan";"8";"72.27";"None";"nan";"None";"None";"None";"None";"2";"2";"Appartement";"69.0";"2.0";"None";"None";"None";"None";"nan";"7.258044";"43.699364";"000KY"
"2024-52408";"2024-11-14";"1";"Vente";"517450.0";"33.0";"None";"RUE VERDI";"6620";"06000";"06088";"Nice";"06";"None";"None";"06088000KY0221";"None";"None";"37";"nan";"8";"72.27";"None";"nan";"None";"None";"None";"None";"2";"3";"Dépendance";"nan";"0.0";"None";"None";"None";"None";"nan";"7.258044";"43.699364";"000KY"
"2024-52171";"2024-11-12";"1";"Vente";"149000.0";"43.0";"None";"AV G CLEMENCEAU";"2880";"06000";"06088";"Nice";"06";"None";"None";"06088000KY0082";"None";"None";"46";"nan";"6";"nan";"None";"nan";"None";"None";"None";"None";"2";"2";"Appartement";"42.0";"1.0";"None";"None";"None";"None";"nan";"7.260322";"43.701743";"000KY"
"2024-52896";"2024-11-12";"1";"Vente";"155000.0";"43.0";"B";"AV G CLEMENCEAU";"2880";"06000";"06088";"Nice";"06";"None";"None";"06088000KY0081";"None";"None";"18";"nan";"4";"nan";"None";"nan";"None";"None";"None";"None";"2";"2";"Appartement";"38.0";"1.0";"None";"None";"None";"None";"nan";"7.26022";"43.701458";"000KY"
"2024-52171";"2024-11-12";"1";"Vente";"149000.0";"43.0";"None";"AV G CLEMENCEAU";"2880";"06000";"06088";"Nice";"06";"None";"None";"06088000KY0082";"None";"None";"46";"nan";"6";"nan";"None";"nan";"None";"None";"None";"None";"2";"3";"Dépendance";"nan";"0.0";"None";"None";"None";"None";"nan";"7.260322";"43.701743";"000KY"
"2024-52896";"2024-11-12";"1";"Vente";"155000.0";"43.0";"B";"AV G CLEMENCEAU";"2880";"06000";"06088";"Nice";"06";"None";"None";"06088000KY0081";"None";"None";"18";"nan";"4";"nan";"None";"nan";"None";"None";"None";"None";"2";"3";"Dépendance";"nan";"0.0";"None";"None";"None";"None";"nan";"7.26022";"43.701458";"000KY"
"2024-52611";"2024-11-06";"1";"Vente";"115000.0";"24.0";"None";"RUE GOUNOD";"2985";"06000";"06088";"Nice";"06";"None";"None";"06088000KY0095";"None";"None";"309";"27.15";"None";"nan";"None";"nan";"None";"None";"None";"None";"1";"2";"Appartement";"28.0";"2.0";"None";"None";"None";"None";"nan";"7.261213";"43.701137";"000KY"
"2024-52349";"2024-11-05";"1";"Vente";"545000.0";"39.0";"None";"RUE VERDI";"6620";"06000";"06088";"Nice";"06";"None";"None";"06088000KY0199";"None";"None";"23";"nan";"49";"nan";"None";"nan";"None";"None";"None";"None";"2";"2";"Appartement";"66.0";"3.0";"None";"None";"None";"None";"nan";"7.257033";"43.699385";"000KY"
"2024-52349";"2024-11-05";"1";"Vente";"545000.0";"39.0";"None";"RUE VERDI";"6620";"06000";"06088";"Nice";"06";"None";"None";"06088000KY0199";"None";"None";"23";"nan";"49";"nan";"None";"nan";"None";"None";"None";"None";"2";"3";"Dépendance";"nan";"0.0";"None";"None";"None";"None";"nan";"7.257033";"43.699385";"000KY"
"2024-51821";"2024-10-31";"1";"Vente";"207350.0";"1.0";"None";"RUE BERLIOZ";"0790";"06000";"06088";"Nice";"06";"None";"None";"06088000KY0240";"None";"None";"12";"nan";"24";"31.83";"None";"nan";"None";"None";"None";"None";"2";"4";"Local industriel. commercial ou assimilé";"43.0";"0.0";"None";"None";"None";"None";"nan";"7.2589";"43.698353";"000KY"
"2024-51885";"2024-10-28";"1";"Vente";"490000.0";"45.0";"None";"RUE ROSSINI";"5600";"06000";"06088";"Nice";"06";"None";"None";"06088000KY0140";"None";"None";"2";"nan";"20";"68.18";"None";"nan";"None";"None";"None";"None";"2";"2";"Appartement";"67.0";"3.0";"None";"None";"None";"None";"nan";"7.259978";"43.700387";"000KY"
"2024-51721";"2024-10-28";"1";"Vente";"52000.0";"32.0";"None";"RUE BERLIOZ";"0790";"06000";"06088";"Nice";"06";"None";"None";"06088000KY0076";"None";"None";"8";"nan";"None";"nan";"None";"nan";"None";"None";"None";"None";"1";"3";"Dépendance";"nan";"0.0";"None";"None";"None";"None";"nan";"7.259888";"43.701741";"000KY"
"2024-51885";"2024-10-28";"1";"Vente";"490000.0";"45.0";"None";"RUE ROSSINI";"5600";"06000";"06088";"Nice";"06";"None";"None";"06088000KY0140";"None";"None";"2";"nan";"20";"68.18";"None";"nan";"None";"None";"None";"None";"2";"3";"Dépendance";"nan";"0.0";"None";"None";"None";"None";"nan";"7.259978";"43.700387";"000KY"
"2024-54889";"2024-10-25";"1";"Vente";"575000.0";"23.0";"None";"RUE GUIGLIA";"3090";"06000";"06088";"Nice";"06";"None";"None";"06088000KY0022";"None";"None";"30";"103.52";"5";"nan";"None";"nan";"None";"None";"None";"None";"2";"2";"Appartement";"90.0";"4.0";"None";"None";"None";"None";"nan";"7.257715";"43.701164";"000KY"
"2024-54889";"2024-10-25";"1";"Vente";"575000.0";"23.0";"None";"RUE GUIGLIA";"3090";"06000";"06088";"Nice";"06";"None";"None";"06088000KY0022";"None";"None";"30";"103.52";"5";"nan";"None";"nan";"None";"None";"None";"None";"2";"3";"Dépendance";"nan";"0.0";"None";"None";"None";"None";"nan";"7.257715";"43.701164";"000KY"
"2024-51498";"2024-10-23";"1";"Vente";"745300.0";"16.0";"None";"RUE GUIGLIA";"3090";"06000";"06088";"Nice";"06";"None";"None";"06088000KY0168";"None";"None";"33";"nan";"54";"nan";"None";"nan";"None";"None";"None";"None";"2";"2";"Appartement";"110.0";"3.0";"None";"None";"None";"None";"nan";"7.258082";"43.700341";"000KY"
"2024-51538";"2024-10-23";"1";"Vente";"485000.0";"14.0";"None";"RUE GUIGLIA";"3090";"06000";"06088";"Nice";"06";"None";"None";"06088000KY0169";"None";"None";"12";"nan";"21";"nan";"None";"nan";"None";"None";"None";"None";"2";"2";"Appartement";"72.0";"4.0";"None";"None";"None";"None";"nan";"7.2581";"43.700184";"000KY"
"2024-51831";"2024-10-23";"1";"Vente";"92500.0";"14.0";"None";"RUE GOUNOD";"2985";"06000";"06088";"Nice";"06";"None";"None";"06088000KY0132";"None";"None";"16";"64.29";"8";"nan";"None";"nan";"None";"None";"None";"None";"2";"2";"Appartement";"50.0";"2.0";"None";"None";"None";"None";"nan";"7.260585";"43.699849";"000KY"
"2024-51498";"2024-10-23";"1";"Vente";"745300.0";"16.0";"None";"RUE GUIGLIA";"3090";"06000";"06088";"Nice";"06";"None";"None";"06088000KY0168";"None";"None";"33";"nan";"54";"nan";"None";"nan";"None";"None";"None";"None";"2";"3";"Dépendance";"nan";"0.0";"None";"None";"None";"None";"nan";"7.258082";"43.700341";"000KY"
"2024-51498";"2024-10-23";"1";"Vente";"745300.0";"16.0";"None";"RUE GUIGLIA";"3090";"06000";"06088";"Nice";"06";"None";"None";"06088000KY0168";"None";"None";"33";"nan";"54";"nan";"None";"nan";"None";"None";"None";"None";"2";"3";"Dépendance";"nan";"0.0";"None";"None";"None";"None";"nan";"7.258082";"43.700341";"000KY"
"2024-51538";"2024-10-23";"1";"Vente";"485000.0";"14.0";"None";"RUE GUIGLIA";"3090";"06000";"06088";"Nice";"06";"None";"None";"06088000KY0169";"None";"None";"12";"nan";"21";"nan";"None";"nan";"None";"None";"None";"None";"2";"3";"Dépendance";"nan";"0.0";"None";"None";"None";"None";"nan";"7.2581";"43.700184";"000KY"
"2024-51538";"2024-10-23";"1";"Vente";"485000.0";"14.0";"None";"RUE GUIGLIA";"3090";"06000";"06088";"Nice";"06";"None";"None";"06088000KY0169";"None";"None";"18";"nan";"None";"nan";"None";"nan";"None";"None";"None";"None";"1";"3";"Dépendance";"nan";"0.0";"None";"None";"None";"None";"nan";"7.2581";"43.700184";"000KY"
"2024-51538";"2024-10-23";"1";"Vente";"485000.0";"14.0";"None";"RUE GUIGLIA";"3090";"06000";"06088";"Nice";"06";"None";"None";"06088000KY0169";"None";"None";"12";"nan";"21";"nan";"None";"nan";"None";"None";"None";"None";"2";"3";"Dépendance";"nan";"0.0";"None";"None";"None";"None";"nan";"7.2581";"43.700184";"000KY"
"2024-51831";"2024-10-23";"1";"Vente";"92500.0";"14.0";"None";"RUE GOUNOD";"2985";"06000";"06088";"Nice";"06";"None";"None";"06088000KY0132";"None";"None";"16";"64.29";"8";"nan";"None";"nan";"None";"None";"None";"None";"2";"3";"Dépendance";"nan";"0.0";"None";"None";"None";"None";"nan";"7.260585";"43.699849";"000KY"
"2024-51768";"2024-10-21";"1";"Vente";"81000.0";"39.0";"None";"RUE ROSSINI";"5600";"06000";"06088";"Nice";"06";"None";"None";"06088000KY0314";"None";"None";"39";"9.25";"None";"nan";"None";"nan";"None";"None";"None";"None";"1";"2";"Appartement";"100.0";"4.0";"None";"None";"None";"None";"nan";"7.260781";"43.700325";"000KY"
"2024-51768";"2024-10-21";"1";"Vente";"81000.0";"39.0";"None";"RUE ROSSINI";"5600";"06000";"06088";"Nice";"06";"None";"None";"06088000KY0314";"None";"None";"39";"9.25";"None";"nan";"None";"nan";"None";"None";"None";"None";"1";"3";"Dépendance";"nan";"0.0";"None";"None";"None";"None";"nan";"7.260781";"43.700325";"000KY"
"2024-51768";"2024-10-21";"1";"Vente";"81000.0";"39.0";"None";"RUE ROSSINI";"5600";"06000";"06088";"Nice";"06";"None";"None";"06088000KY0314";"None";"None";"39";"9.25";"None";"nan";"None";"nan";"None";"None";"None";"None";"1";"3";"Dépendance";"nan";"0.0";"None";"None";"None";"None";"nan";"7.260781";"43.700325";"000KY"
"2024-51426";"2024-10-18";"1";"Vente";"330000.0";"47.0";"None";"AV G CLEMENCEAU";"2880";"06000";"06088";"Nice";"06";"None";"None";"06088000KY0076";"None";"None";"101";"76.13";"66";"nan";"None";"nan";"None";"None";"None";"None";"2";"2";"Appartement";"75.0";"3.0";"None";"None";"None";"None";"nan";"7.259888";"43.701741";"000KY"
"2024-51426";"2024-10-18";"1";"Vente";"330000.0";"47.0";"None";"AV G CLEMENCEAU";"2880";"06000";"06088";"Nice";"06";"None";"None";"06088000KY0076";"None";"None";"101";"76.13";"66";"nan";"None";"nan";"None";"None";"None";"None";"2";"3";"Dépendance";"nan";"0.0";"None";"None";"None";"None";"nan";"7.259888";"43.701741";"000KY"
"2024-52239";"2024-10-18";"1";"Vente";"45000.0";"18.0";"None";"RUE GUIGLIA";"3090";"06000";"06088";"Nice";"06";"None";"None";"06088000KY0167";"None";"None";"58";"nan";"None";"nan";"None";"nan";"None";"None";"None";"None";"1";"3";"Dépendance";"nan";"0.0";"None";"None";"None";"None";"nan";"7.258148";"43.700464";"000KY"
"2024-50823";"2024-10-15";"1";"Vente";"433500.0";"35.0";"None";"AV G CLEMENCEAU";"2880";"06000";"06088";"Nice";"06";"None";"None";"06088000KY0107";"None";"None";"108";"64.01";"33";"nan";"None";"nan";"None";"None";"None";"None";"2";"2";"Appartement";"84.0";"3.0";"None";"None";"None";"None";"nan";"7.261966";"43.701457";"000KY"
"2024-51869";"2024-10-15";"1";"Vente";"380000.0";"20.0";"None";"RUE VERDI";"6620";"06000";"06088";"Nice";"06";"None";"None";"06088000KY0134";"None";"None";"218";"78.28";"None";"nan";"None";"nan";"None";"None";"None";"None";"1";"2";"Appartement";"78.0";"4.0";"None";"None";"None";"None";"nan";"7.259955";"43.699817";"000KY"
"2024-50823";"2024-10-15";"1";"Vente";"433500.0";"35.0";"None";"AV G CLEMENCEAU";"2880";"06000";"06088";"Nice";"06";"None";"None";"06088000KY0107";"None";"None";"108";"64.01";"33";"nan";"None";"nan";"None";"None";"None";"None";"2";"3";"Dépendance";"nan";"0.0";"None";"None";"None";"None";"nan";"7.261966";"43.701457";"000KY"
"2024-50823";"2024-10-15";"1";"Vente";"433500.0";"35.0";"None";"AV G CLEMENCEAU";"2880";"06000";"06088";"Nice";"06";"None";"None";"06088000KY0107";"None";"None";"108";"64.01";"33";"nan";"None";"nan";"None";"None";"None";"None";"2";"3";"Dépendance";"nan";"0.0";"None";"None";"None";"None";"nan";"7.261966";"43.701457";"000KY"
"2024-51157";"2024-10-14";"1";"Vente";"201900.0";"16.0";"None";"RUE GUIGLIA";"3090";"06000";"06088";"Nice";"06";"None";"None";"06088000KY0168";"None";"None";"64";"nan";"None";"nan";"None";"nan";"None";"None";"None";"None";"1";"2";"Appartement";"37.0";"1.0";"None";"None";"None";"None";"nan";"7.258082";"43.700341";"000KY"
"2024-51258";"2024-10-14";"1";"Vente";"255000.0";"17.0";"None";"RUE GOUNOD";"2985";"06000";"06088";"Nice";"06";"None";"None";"06088000KY0138";"None";"None";"1";"nan";"10";"nan";"11";"nan";"None";"None";"None";"None";"3";"4";"Local industriel. commercial ou assimilé";"48.0";"0.0";"None";"None";"None";"None";"nan";"7.2603";"43.700361";"000KY"
"2024-51513";"2024-10-11";"1";"Vente";"205000.0";"43.0";"B";"AV G CLEMENCEAU";"2880";"06000";"06088";"Nice";"06";"None";"None";"06088000KY0081";"None";"None";"10";"nan";"17";"nan";"None";"nan";"None";"None";"None";"None";"2";"2";"Appartement";"38.0";"1.0";"None";"None";"None";"None";"nan";"7.26022";"43.701458";"000KY"
"2024-51621";"2024-10-11";"1";"Vente";"15000.0";"67.0";"None";"RUE ROSSINI";"5600";"06000";"06088";"Nice";"06";"None";"None";"06088000KY0186";"None";"None";"39";"11.65";"None";"nan";"None";"nan";"None";"None";"None";"None";"1";"2";"Appartement";"40.0";"2.0";"None";"None";"None";"None";"nan";"7.257182";"43.700706";"000KY"
"2024-51513";"2024-10-11";"1";"Vente";"205000.0";"43.0";"B";"AV G CLEMENCEAU";"2880";"06000";"06088";"Nice";"06";"None";"None";"06088000KY0081";"None";"None";"10";"nan";"17";"nan";"None";"nan";"None";"None";"None";"None";"2";"3";"Dépendance";"nan";"0.0";"None";"None";"None";"None";"nan";"7.26022";"43.701458";"000KY"
"2024-51621";"2024-10-11";"1";"Vente";"15000.0";"67.0";"None";"RUE ROSSINI";"5600";"06000";"06088";"Nice";"06";"None";"None";"06088000KY0186";"None";"None";"39";"11.65";"None";"nan";"None";"nan";"None";"None";"None";"None";"1";"3";"Dépendance";"nan";"0.0";"None";"None";"None";"None";"nan";"7.257182";"43.700706";"000KY"
"2024-50947";"2024-10-09";"1";"Vente";"940000.0";"2.0";"None";"RUE KOSMA";"3522";"06000";"06088";"Nice";"06";"None";"None";"06088000KY0206";"None";"None";"2";"nan";"26";"nan";"29";"nan";"None";"None";"None";"None";"3";"2";"Appartement";"159.0";"4.0";"None";"None";"None";"None";"nan";"7.257527";"43.698822";"000KY"
"2024-51174";"2024-10-09";"1";"Vente";"80000.0";"71.0";"None";"RUE ROSSINI";"5600";"06000";"06088";"Nice";"06";"None";"None";"06088000KY0188";"None";"None";"22";"31.68";"60";"nan";"None";"nan";"None";"None";"None";"None";"2";"2";"Appartement";"30.0";"1.0";"None";"None";"None";"None";"nan";"7.25664";"43.700802";"000KY"
"2024-50947";"2024-10-09";"1";"Vente";"940000.0";"2.0";"None";"RUE KOSMA";"3522";"06000";"06088";"Nice";"06";"None";"None";"06088000KY0206";"None";"None";"2";"nan";"26";"nan";"29";"nan";"None";"None";"None";"None";"3";"3";"Dépendance";"nan";"0.0";"None";"None";"None";"None";"nan";"7.257527";"43.698822";"000KY"
"2024-51174";"2024-10-09";"1";"Vente";"80000.0";"71.0";"None";"RUE ROSSINI";"5600";"06000";"06088";"Nice";"06";"None";"None";"06088000KY0188";"None";"None";"22";"31.68";"60";"nan";"None";"nan";"None";"None";"None";"None";"2";"3";"Dépendance";"nan";"0.0";"None";"None";"None";"None";"nan";"7.25664";"43.700802";"000KY"
"2024-51132";"2024-10-08";"1";"Vente";"115380.0";"47.0";"None";"RUE ROSSINI";"5600";"06000";"06088";"Nice";"06";"None";"None";"06088000KY0141";"None";"None";"8";"26.95";"None";"nan";"None";"nan";"None";"None";"None";"None";"1";"2";"Appartement";"27.0";"1.0";"None";"None";"None";"None";"nan";"7.259788";"43.700429";"000KY"
"2024-51594";"2024-10-08";"1";"Vente";"159000.0";"34.0";"None";"RUE ROSSINI";"5600";"06000";"06088";"Nice";"06";"None";"None";"06088000KY0060";"None";"None";"23";"nan";"6";"19.08";"None";"nan";"None";"None";"None";"None";"2";"2";"Appartement";"20.0";"1.0";"None";"None";"None";"None";"nan";"7.259672";"43.700808";"000KY"
"2024-51594";"2024-10-08";"1";"Vente";"159000.0";"34.0";"None";"RUE ROSSINI";"5600";"06000";"06088";"Nice";"06";"None";"None";"06088000KY0060";"None";"None";"23";"nan";"6";"19.08";"None";"nan";"None";"None";"None";"None";"2";"3";"Dépendance";"nan";"0.0";"None";"None";"None";"None";"nan";"7.259672";"43.700808";"000KY"
"2024-50579";"2024-10-03";"1";"Vente";"46000.0";"50.0";"None";"BD VICTOR HUGO";"6655";"06000";"06088";"Nice";"06";"None";"None";"06088000KY0244";"None";"None";"9";"nan";"None";"nan";"None";"nan";"None";"None";"None";"None";"1";"3";"Dépendance";"nan";"0.0";"None";"None";"None";"None";"nan";"7.259365";"43.698542";"000KY"
"2024-51436";"2024-10-02";"1";"Vente";"108265.0";"24.0";"None";"RUE GOUNOD";"2985";"06000";"06088";"Nice";"06";"None";"None";"06088000KY0095";"None";"None";"294";"nan";"None";"nan";"None";"nan";"None";"None";"None";"None";"1";"2";"Appartement";"30.0";"1.0";"None";"None";"None";"None";"nan";"7.261213";"43.701137";"000KY"
"2024-51025";"2024-10-01";"1";"Vente";"65000.0";"50.0";"None";"BD VICTOR HUGO";"6655";"06000";"06088";"Nice";"06";"None";"None";"06088000KY0244";"None";"None";"154";"nan";"None";"nan";"None";"nan";"None";"None";"None";"None";"1";"3";"Dépendance";"nan";"0.0";"None";"None";"None";"None";"nan";"7.259365";"43.698542";"000KY"
"2024-50426";"2024-09-30";"1";"Vente";"138000.0";"48.0";"None";"RUE ROSSINI";"5600";"06000";"06088";"Nice";"06";"None";"None";"06088000KY0026";"None";"None";"31";"nan";"9";"26.0";"None";"nan";"None";"None";"None";"None";"2";"2";"Appartement";"27.0";"1.0";"None";"None";"None";"None";"nan";"7.257719";"43.700987";"000KY"
"2024-50879";"2024-09-30";"1";"Vente";"392000.0";"50.0";"None";"BD VICTOR HUGO";"6655";"06000";"06088";"Nice";"06";"None";"None";"06088000KY0244";"None";"None";"187";"nan";"None";"nan";"None";"nan";"None";"None";"None";"None";"1";"2";"Appartement";"16.0";"1.0";"None";"None";"None";"None";"nan";"7.259365";"43.698542";"000KY"
"2024-50987";"2024-09-30";"1";"Vente";"542000.0";"1.0";"B";"RUE BERLIOZ";"0790";"06000";"06088";"Nice";"06";"None";"None";"06088000KY0241";"None";"None";"17";"63.65";"25";"nan";"None";"nan";"None";"None";"None";"None";"2";"2";"Appartement";"60.0";"3.0";"None";"None";"None";"None";"nan";"7.258899";"43.698604";"000KY"
"2024-50426";"2024-09-30";"1";"Vente";"138000.0";"48.0";"None";"RUE ROSSINI";"5600";"06000";"06088";"Nice";"06";"None";"None";"06088000KY0026";"None";"None";"31";"nan";"9";"26.0";"None";"nan";"None";"None";"None";"None";"2";"3";"Dépendance";"nan";"0.0";"None";"None";"None";"None";"nan";"7.257719";"43.700987";"000KY"
"2024-50987";"2024-09-30";"1";"Vente";"542000.0";"1.0";"B";"RUE BERLIOZ";"0790";"06000";"06088";"Nice";"06";"None";"None";"06088000KY0241";"None";"None";"17";"63.65";"25";"nan";"None";"nan";"None";"None";"None";"None";"2";"3";"Dépendance";"nan";"0.0";"None";"None";"None";"None";"nan";"7.258899";"43.698604";"000KY"
"2024-50987";"2024-09-30";"1";"Vente";"542000.0";"1.0";"B";"RUE BERLIOZ";"0790";"06000";"06088";"Nice";"06";"None";"None";"06088000KY0241";"None";"None";"17";"63.65";"25";"nan";"None";"nan";"None";"None";"None";"None";"2";"3";"Dépendance";"nan";"0.0";"None";"None";"None";"None";"nan";"7.258899";"43.698604";"000KY"
"2024-50879";"2024-09-30";"1";"Vente";"392000.0";"50.0";"None";"BD VICTOR HUGO";"6655";"06000";"06088";"Nice";"06";"None";"None";"06088000KY0244";"None";"None";"160";"nan";"198";"nan";"None";"nan";"None";"None";"None";"None";"2";"4";"Local industriel. commercial ou assimilé";"23.0";"0.0";"None";"None";"None";"None";"nan";"7.259365";"43.698542";"000KY"
"2024-50229";"2024-09-26";"1";"Vente";"332000.0";"36.0";"None";"RUE HEROLD";"3235";"06000";"06088";"Nice";"06";"None";"None";"06088000KY0057";"None";"None";"95";"45.35";"None";"nan";"None";"nan";"None";"None";"None";"None";"1";"2";"Appartement";"48.0";"2.0";"None";"None";"None";"None";"nan";"7.259139";"43.700904";"000KY"
"2024-50290";"2024-09-26";"1";"Vente";"110000.0";"6.0";"None";"RUE HEROLD";"3235";"06000";"06088";"Nice";"06";"None";"None";"06088000KY0235";"None";"None";"24";"22.79";"None";"nan";"None";"nan";"None";"None";"None";"None";"1";"2";"Appartement";"18.0";"1.0";"None";"None";"None";"None";"nan";"7.258484";"43.698894";"000KY"
"2024-50869";"2024-09-26";"1";"Vente";"315000.0";"51.0";"None";"AV G CLEMENCEAU";"2880";"06000";"06088";"Nice";"06";"None";"None";"06088000KY0047";"None";"None";"46";"nan";"9";"74.04";"None";"nan";"None";"None";"None";"None";"2";"2";"Appartement";"75.0";"3.0";"None";"None";"None";"None";"nan";"7.259209";"43.701881";"000KY"
"2024-50229";"2024-09-26";"1";"Vente";"332000.0";"36.0";"None";"RUE HEROLD";"3235";"06000";"06088";"Nice";"06";"None";"None";"06088000KY0057";"None";"None";"15";"nan";"None";"nan";"None";"nan";"None";"None";"None";"None";"1";"3";"Dépendance";"nan";"0.0";"None";"None";"None";"None";"nan";"7.259139";"43.700904";"000KY"
"2024-50869";"2024-09-26";"1";"Vente";"315000.0";"51.0";"None";"AV G CLEMENCEAU";"2880";"06000";"06088";"Nice";"06";"None";"None";"06088000KY0047";"None";"None";"46";"nan";"9";"74.04";"None";"nan";"None";"None";"None";"None";"2";"3";"Dépendance";"nan";"0.0";"None";"None";"None";"None";"nan";"7.259209";"43.701881";"000KY"
"2024-50003";"2024-09-25";"1";"Vente";"482130.0";"59.0";"None";"RUE ROSSINI";"5600";"06000";"06088";"Nice";"06";"None";"None";"06088000KY0166";"None";"None";"27";"nan";"79";"nan";"None";"nan";"None";"None";"None";"None";"2";"2";"Appartement";"42.0";"2.0";"None";"None";"None";"None";"nan";"7.258158";"43.700614";"000KY"
"2024-50141";"2024-09-25";"1";"Vente";"678500.0";"5.0";"None";"AV BAQUIS";"0545";"06000";"06088";"Nice";"06";"None";"None";"06088000KY0269";"None";"None";"112";"nan";"95";"nan";"None";"nan";"None";"None";"None";"None";"2";"2";"Appartement";"110.0";"4.0";"None";"None";"None";"None";"nan";"7.261862";"43.699265";"000KY"
"2024-50003";"2024-09-25";"1";"Vente";"482130.0";"59.0";"None";"RUE ROSSINI";"5600";"06000";"06088";"Nice";"06";"None";"None";"06088000KY0166";"None";"None";"27";"nan";"79";"nan";"None";"nan";"None";"None";"None";"None";"2";"3";"Dépendance";"nan";"0.0";"None";"None";"None";"None";"nan";"7.258158";"43.700614";"000KY"
"2024-50003";"2024-09-25";"1";"Vente";"482130.0";"59.0";"None";"RUE ROSSINI";"5600";"06000";"06088";"Nice";"06";"None";"None";"06088000KY0166";"None";"None";"27";"nan";"79";"nan";"None";"nan";"None";"None";"None";"None";"2";"3";"Dépendance";"nan";"0.0";"None";"None";"None";"None";"nan";"7.258158";"43.700614";"000KY"
"2024-50141";"2024-09-25";"1";"Vente";"678500.0";"5.0";"None";"AV BAQUIS";"0545";"06000";"06088";"Nice";"06";"None";"None";"06088000KY0269";"None";"None";"112";"nan";"95";"nan";"None";"nan";"None";"None";"None";"None";"2";"3";"Dépendance";"nan";"0.0";"None";"None";"None";"None";"nan";"7.261862";"43.699265";"000KY"
"2024-50083";"2024-09-24";"1";"Vente";"65000.0";"6.0";"None";"RUE HEROLD";"3235";"06000";"06088";"Nice";"06";"None";"None";"06088000KY0235";"None";"None";"8";"nan";"None";"nan";"None";"nan";"None";"None";"None";"None";"1";"2";"Appartement";"17.0";"1.0";"None";"None";"None";"None";"nan";"7.258484";"43.698894";"000KY"
"2024-50516";"2024-09-24";"1";"Vente";"248000.0";"32.0";"None";"RUE ROSSINI";"5600";"06000";"06088";"Nice";"06";"None";"None";"06088000KY0064";"None";"None";"12";"nan";"16";"57.31";"None";"nan";"None";"None";"None";"None";"2";"2";"Appartement";"55.0";"2.0";"None";"None";"None";"None";"nan";"7.259847";"43.700785";"000KY"
"2024-50516";"2024-09-24";"1";"Vente";"248000.0";"32.0";"None";"RUE ROSSINI";"5600";"06000";"06088";"Nice";"06";"None";"None";"06088000KY0064";"None";"None";"12";"nan";"16";"57.31";"None";"nan";"None";"None";"None";"None";"2";"3";"Dépendance";"nan";"0.0";"None";"None";"None";"None";"nan";"7.259847";"43.700785";"000KY"
"2024-50073";"2024-09-23";"1";"Vente";"140000.0";"29.0";"None";"RUE HEROLD";"3235";"06000";"06088";"Nice";"06";"None";"None";"06088000KY0163";"None";"None";"25";"nan";"9";"nan";"None";"nan";"None";"None";"None";"None";"2";"2";"Appartement";"39.0";"1.0";"None";"None";"None";"None";"nan";"7.25837";"43.700292";"000KY"
"2024-50142";"2024-09-23";"1";"Vente";"145000.0";"33.0";"None";"RUE GOUNOD";"2985";"06000";"06088";"Nice";"06";"None";"None";"06088000KY0087";"None";"None";"19";"nan";"2";"nan";"21";"nan";"None";"None";"None";"None";"3";"2";"Appartement";"23.0";"2.0";"None";"None";"None";"None";"nan";"7.260646";"43.701586";"000KY"
"2024-50073";"2024-09-23";"1";"Vente";"140000.0";"29.0";"None";"RUE HEROLD";"3235";"06000";"06088";"Nice";"06";"None";"None";"06088000KY0163";"None";"None";"25";"nan";"9";"nan";"None";"nan";"None";"None";"None";"None";"2";"3";"Dépendance";"nan";"0.0";"None";"None";"None";"None";"nan";"7.25837";"43.700292";"000KY"
"2024-50142";"2024-09-23";"1";"Vente";"145000.0";"33.0";"None";"RUE GOUNOD";"2985";"06000";"06088";"Nice";"06";"None";"None";"06088000KY0087";"None";"None";"19";"nan";"2";"nan";"21";"nan";"None";"None";"None";"None";"3";"3";"Dépendance";"nan";"0.0";"None";"None";"None";"None";"nan";"7.260646";"43.701586";"000KY"
"2024-50682";"2024-09-23";"1";"Vente";"5000.0";"3.0";"None";"AV AUBER";"0425";"06000";"06088";"Nice";"06";"None";"None";"06088000KY0266";"None";"None";"1";"nan";"None";"nan";"None";"nan";"None";"None";"None";"None";"1";"3";"Dépendance";"nan";"0.0";"None";"None";"None";"None";"nan";"7.261058";"43.699231";"000KY"
"2024-50731";"2024-09-20";"1";"Vente";"655000.0";"26.0";"None";"RUE ROSSINI";"5600";"06000";"06088";"Nice";"06";"None";"None";"06088000KY0313";"None";"None";"23";"nan";"None";"nan";"None";"nan";"None";"None";"None";"None";"1";"2";"Appartement";"80.0";"3.0";"None";"None";"None";"None";"nan";"7.260284";"43.700785";"000KY"
"2024-50731";"2024-09-20";"1";"Vente";"655000.0";"26.0";"None";"RUE ROSSINI";"5600";"06000";"06088";"Nice";"06";"None";"None";"06088000KY0313";"None";"None";"23";"nan";"None";"nan";"None";"nan";"None";"None";"None";"None";"1";"3";"Dépendance";"nan";"0.0";"None";"None";"None";"None";"nan";"7.260284";"43.700785";"000KY"
"2024-50209";"2024-09-19";"1";"Vente";"38500.0";"62.0";"None";"BD GAMBETTA";"2755";"06000";"06088";"Nice";"06";"None";"None";"06088000KY0001";"None";"None";"130";"nan";"None";"nan";"None";"nan";"None";"None";"None";"None";"1";"3";"Dépendance";"nan";"0.0";"None";"None";"None";"None";"nan";"7.256638";"43.701528";"000KY"
"2024-50298";"2024-09-18";"1";"Vente";"60000.0";"4.0";"None";"AV EMILIA";"2260";"06000";"06088";"Nice";"06";"None";"None";"06088000KY0201";"None";"None";"20";"nan";"None";"nan";"None";"nan";"None";"None";"None";"None";"1";"2";"Appartement";"8.0";"1.0";"None";"None";"None";"None";"nan";"7.257277";"43.699161";"000KY"
"2024-50298";"2024-09-18";"1";"Vente";"60000.0";"4.0";"None";"AV EMILIA";"2260";"06000";"06088";"Nice";"06";"None";"None";"06088000KY0201";"None";"None";"18";"nan";"None";"nan";"None";"nan";"None";"None";"None";"None";"1";"2";"Appartement";"9.0";"1.0";"None";"None";"None";"None";"nan";"7.257277";"43.699161";"000KY"
"2024-50298";"2024-09-18";"1";"Vente";"60000.0";"4.0";"None";"AV EMILIA";"2260";"06000";"06088";"Nice";"06";"None";"None";"06088000KY0201";"None";"None";"19";"nan";"None";"nan";"None";"nan";"None";"None";"None";"None";"1";"2";"Appartement";"9.0";"1.0";"None";"None";"None";"None";"nan";"7.257277";"43.699161";"000KY"
"2024-50298";"2024-09-18";"1";"Vente";"60000.0";"4.0";"None";"AV EMILIA";"2260";"06000";"06088";"Nice";"06";"None";"None";"06088000KY0201";"None";"None";"23";"nan";"None";"nan";"None";"nan";"None";"None";"None";"None";"1";"2";"Appartement";"10.0";"1.0";"None";"None";"None";"None";"nan";"7.257277";"43.699161";"000KY"
"2024-49648";"2024-09-17";"1";"Vente";"339200.0";"30.0";"None";"RUE GOUNOD";"2985";"06000";"06088";"Nice";"06";"None";"None";"06088000KY0095";"None";"None";"151";"51.32";"None";"nan";"None";"nan";"None";"None";"None";"None";"1";"2";"Appartement";"51.0";"2.0";"None";"None";"None";"None";"nan";"7.261213";"43.701137";"000KY"
"2024-49648";"2024-09-17";"1";"Vente";"339200.0";"30.0";"None";"RUE GOUNOD";"2985";"06000";"06088";"Nice";"06";"None";"None";"06088000KY0095";"None";"None";"151";"51.32";"None";"nan";"None";"nan";"None";"None";"None";"None";"1";"3";"Dépendance";"nan";"0.0";"None";"None";"None";"None";"nan";"7.261213";"43.701137";"000KY"
"2024-49585";"2024-09-16";"1";"Vente";"245000.0";"26.0";"None";"RUE ROSSINI";"5600";"06000";"06088";"Nice";"06";"None";"None";"06088000KY0313";"None";"None";"1";"nan";"43";"45.21";"None";"nan";"None";"None";"None";"None";"2";"2";"Appartement";"44.0";"2.0";"None";"None";"None";"None";"nan";"7.260284";"43.700785";"000KY"
"2024-49635";"2024-09-16";"1";"Vente";"255000.0";"3.0";"None";"RUE AMIRAL DE GRASSE";"0170";"06000";"06088";"Nice";"06";"None";"None";"06088000KY0302";"None";"None";"81";"nan";"None";"nan";"None";"nan";"None";"None";"None";"None";"1";"2";"Appartement";"62.0";"2.0";"None";"None";"None";"None";"nan";"7.256514";"43.701267";"000KY"
"2024-49635";"2024-09-16";"1";"Vente";"255000.0";"3.0";"None";"RUE AMIRAL DE GRASSE";"0170";"06000";"06088";"Nice";"06";"None";"None";"06088000KY0302";"None";"None";"47";"nan";"None";"nan";"None";"nan";"None";"None";"None";"None";"1";"3";"Dépendance";"nan";"0.0";"None";"None";"None";"None";"nan";"7.256514";"43.701267";"000KY"
"2024-49670";"2024-09-16";"1";"Vente";"145000.0";"30.0";"None";"RUE GOUNOD";"2985";"06000";"06088";"Nice";"06";"None";"None";"06088000KY0095";"None";"None";"29";"nan";"None";"nan";"None";"nan";"None";"None";"None";"None";"1";"3";"Dépendance";"nan";"0.0";"None";"None";"None";"None";"nan";"7.261213";"43.701137";"000KY"
"2024-49670";"2024-09-16";"1";"Vente";"145000.0";"30.0";"None";"RUE GOUNOD";"2985";"06000";"06088";"Nice";"06";"None";"None";"06088000KY0095";"None";"None";"30";"nan";"None";"nan";"None";"nan";"None";"None";"None";"None";"1";"3";"Dépendance";"nan";"0.0";"None";"None";"None";"None";"nan";"7.261213";"43.701137";"000KY"
"2024-49568";"2024-09-13";"1";"Vente";"170000.0";"10.0";"None";"RUE VERDI";"6620";"06000";"06088";"Nice";"06";"None";"None";"06088000KY0123";"None";"None";"70";"24.62";"None";"nan";"None";"nan";"None";"None";"None";"None";"1";"2";"Appartement";"29.0";"1.0";"None";"None";"None";"None";"nan";"7.261199";"43.69974";"000KY"
"2024-50109";"2024-09-12";"1";"Vente";"254400.0";"16.0";"None";"RUE AMIRAL DE GRASSE";"0170";"06000";"06088";"Nice";"06";"None";"None";"06088000KY0015";"None";"None";"55";"nan";"80";"nan";"None";"nan";"None";"None";"None";"None";"2";"2";"Appartement";"61.0";"2.0";"None";"None";"None";"None";"nan";"7.257347";"43.701401";"000KY"
"2024-49891";"2024-09-12";"1";"Vente";"490000.0";"39.0";"None";"RUE ROSSINI";"5600";"06000";"06088";"Nice";"06";"None";"None";"06088000KY0314";"None";"None";"7";"nan";"None";"nan";"None";"nan";"None";"None";"None";"None";"1";"4";"Local industriel. commercial ou assimilé";"62.0";"0.0";"None";"None";"None";"None";"nan";"7.260781";"43.700325";"000KY"
"2024-49493";"2024-09-09";"1";"Vente";"134000.0";"6.0";"None";"RUE HEROLD";"3235";"06000";"06088";"Nice";"06";"None";"None";"06088000KY0235";"None";"None";"14";"16.29";"None";"nan";"None";"nan";"None";"None";"None";"None";"1";"2";"Appartement";"16.0";"1.0";"None";"None";"None";"None";"nan";"7.258484";"43.698894";"000KY"
"2024-49564";"2024-09-09";"1";"Vente";"300000.0";"15.0";"None";"RUE BERLIOZ";"0790";"06000";"06088";"Nice";"06";"None";"None";"06088000KY0151";"None";"None";"13";"nan";"None";"nan";"None";"nan";"None";"None";"None";"None";"1";"2";"Appartement";"59.0";"2.0";"None";"None";"None";"None";"nan";"7.259012";"43.699965";"000KY"
"2024-49739";"2024-09-09";"1";"Vente";"325000.0";"25.0";"None";"RUE GUIGLIA";"3090";"06000";"06088";"Nice";"06";"None";"None";"06088000KY0021";"None";"None";"9";"80.51";"None";"nan";"None";"nan";"None";"None";"None";"None";"1";"2";"Appartement";"70.0";"3.0";"None";"None";"None";"None";"nan";"7.257698";"43.701336";"000KY"
"2024-49564";"2024-09-09";"1";"Vente";"300000.0";"15.0";"None";"RUE BERLIOZ";"0790";"06000";"06088";"Nice";"06";"None";"None";"06088000KY0151";"None";"None";"2";"nan";"None";"nan";"None";"nan";"None";"None";"None";"None";"1";"3";"Dépendance";"nan";"0.0";"None";"None";"None";"None";"nan";"7.259012";"43.699965";"000KY"
"2024-49739";"2024-09-09";"1";"Vente";"325000.0";"25.0";"None";"RUE GUIGLIA";"3090";"06000";"06088";"Nice";"06";"None";"None";"06088000KY0021";"None";"None";"9";"80.51";"None";"nan";"None";"nan";"None";"None";"None";"None";"1";"3";"Dépendance";"nan";"0.0";"None";"None";"None";"None";"nan";"7.257698";"43.701336";"000KY"
"2024-49414";"2024-09-06";"1";"Vente";"283800.0";"33.0";"None";"RUE BERLIOZ";"0790";"06000";"06088";"Nice";"06";"None";"None";"06088000KY0054";"None";"None";"3";"nan";"31";"nan";"None";"nan";"None";"None";"None";"None";"2";"2";"Appartement";"70.0";"3.0";"None";"None";"None";"None";"nan";"7.259204";"43.701324";"000KY"
"2024-49414";"2024-09-06";"1";"Vente";"283800.0";"33.0";"None";"RUE BERLIOZ";"0790";"06000";"06088";"Nice";"06";"None";"None";"06088000KY0054";"None";"None";"3";"nan";"31";"nan";"None";"nan";"None";"None";"None";"None";"2";"3";"Dépendance";"nan";"0.0";"None";"None";"None";"None";"nan";"7.259204";"43.701324";"000KY"
"2024-50115";"2024-09-05";"1";"Vente";"470000.0";"1.0";"T";"RUE BERLIOZ";"0790";"06000";"06088";"Nice";"06";"None";"None";"06088000KY0242";"None";"None";"56";"nan";"None";"nan";"None";"nan";"None";"None";"None";"None";"1";"2";"Appartement";"42.0";"2.0";"None";"None";"None";"None";"nan";"7.258795";"43.698627";"000KY"
"2024-50115";"2024-09-05";"1";"Vente";"470000.0";"1.0";"T";"RUE BERLIOZ";"0790";"06000";"06088";"Nice";"06";"None";"None";"06088000KY0242";"None";"None";"56";"nan";"None";"nan";"None";"nan";"None";"None";"None";"None";"1";"3";"Dépendance";"nan";"0.0";"None";"None";"None";"None";"nan";"7.258795";"43.698627";"000KY"
"2024-50115";"2024-09-05";"1";"Vente";"470000.0";"1.0";"T";"RUE BERLIOZ";"0790";"06000";"06088";"Nice";"06";"None";"None";"06088000KY0242";"None";"None";"56";"nan";"None";"nan";"None";"nan";"None";"None";"None";"None";"1";"3";"Dépendance";"nan";"0.0";"None";"None";"None";"None";"nan";"7.258795";"43.698627";"000KY"
"2024-49506";"2024-09-04";"1";"Vente";"238500.0";"7.0";"None";"RUE BERLIOZ";"0790";"06000";"06088";"Nice";"06";"None";"None";"06088000KY0226";"None";"None";"27";"37.9";"None";"nan";"None";"nan";"None";"None";"None";"None";"1";"2";"Appartement";"35.0";"1.0";"None";"None";"None";"None";"nan";"7.258967";"43.699296";"000KY"
"2024-48817";"2024-08-30";"1";"Vente";"195000.0";"32.0";"None";"RUE BERLIOZ";"0790";"06000";"06088";"Nice";"06";"None";"None";"06088000KY0076";"None";"None";"134";"33.66";"41";"nan";"None";"nan";"None";"None";"None";"None";"2";"2";"Appartement";"35.0";"1.0";"None";"None";"None";"None";"nan";"7.259888";"43.701741";"000KY"
"2024-49111";"2024-08-30";"1";"Vente";"378400.0";"51.0";"None";"AV G CLEMENCEAU";"2880";"06000";"06088";"Nice";"06";"None";"None";"06088000KY0047";"None";"None";"26";"54.14";"51";"nan";"None";"nan";"None";"None";"None";"None";"2";"2";"Appartement";"53.0";"2.0";"None";"None";"None";"None";"nan";"7.259209";"43.701881";"000KY"
"2024-49171";"2024-08-30";"1";"Vente";"175000.0";"62.0";"None";"BD GAMBETTA";"2755";"06000";"06088";"Nice";"06";"None";"None";"06088000KY0001";"None";"None";"197";"nan";"78";"nan";"None";"nan";"None";"None";"None";"None";"2";"2";"Appartement";"35.0";"1.0";"None";"None";"None";"None";"nan";"7.256638";"43.701528";"000KY"
"2024-49673";"2024-08-30";"1";"Vente";"825500.0";"4.0";"None";"RUE HEROLD";"3235";"06000";"06088";"Nice";"06";"None";"None";"06088000KY0236";"None";"None";"62";"nan";"None";"nan";"None";"nan";"None";"None";"None";"None";"1";"2";"Appartement";"88.0";"4.0";"None";"None";"None";"None";"nan";"7.258454";"43.698638";"000KY"
"2024-49111";"2024-08-30";"1";"Vente";"378400.0";"51.0";"None";"AV G CLEMENCEAU";"2880";"06000";"06088";"Nice";"06";"None";"None";"06088000KY0047";"None";"None";"26";"54.14";"51";"nan";"None";"nan";"None";"None";"None";"None";"2";"3";"Dépendance";"nan";"0.0";"None";"None";"None";"None";"nan";"7.259209";"43.701881";"000KY"
"2024-49111";"2024-08-30";"1";"Vente";"378400.0";"51.0";"None";"AV G CLEMENCEAU";"2880";"06000";"06088";"Nice";"06";"None";"None";"06088000KY0047";"None";"None";"26";"54.14";"51";"nan";"None";"nan";"None";"None";"None";"None";"2";"3";"Dépendance";"nan";"0.0";"None";"None";"None";"None";"nan";"7.259209";"43.701881";"000KY"
"2024-49171";"2024-08-30";"1";"Vente";"175000.0";"62.0";"None";"BD GAMBETTA";"2755";"06000";"06088";"Nice";"06";"None";"None";"06088000KY0001";"None";"None";"197";"nan";"78";"nan";"None";"nan";"None";"None";"None";"None";"2";"3";"Dépendance";"nan";"0.0";"None";"None";"None";"None";"nan";"7.256638";"43.701528";"000KY"
"2024-49171";"2024-08-30";"1";"Vente";"175000.0";"62.0";"None";"BD GAMBETTA";"2755";"06000";"06088";"Nice";"06";"None";"None";"06088000KY0001";"None";"None";"197";"nan";"78";"nan";"None";"nan";"None";"None";"None";"None";"2";"3";"Dépendance";"nan";"0.0";"None";"None";"None";"None";"nan";"7.256638";"43.701528";"000KY"
"2024-49673";"2024-08-30";"1";"Vente";"825500.0";"4.0";"None";"RUE HEROLD";"3235";"06000";"06088";"Nice";"06";"None";"None";"06088000KY0236";"None";"None";"62";"nan";"None";"nan";"None";"nan";"None";"None";"None";"None";"1";"3";"Dépendance";"nan";"0.0";"None";"None";"None";"None";"nan";"7.258454";"43.698638";"000KY"
"2024-49673";"2024-08-30";"1";"Vente";"825500.0";"4.0";"None";"RUE HEROLD";"3235";"06000";"06088";"Nice";"06";"None";"None";"06088000KY0236";"None";"None";"22";"nan";"None";"nan";"None";"nan";"None";"None";"None";"None";"1";"3";"Dépendance";"nan";"0.0";"None";"None";"None";"None";"nan";"7.258454";"43.698638";"000KY"
"2024-49673";"2024-08-30";"1";"Vente";"825500.0";"4.0";"None";"RUE HEROLD";"3235";"06000";"06088";"Nice";"06";"None";"None";"06088000KY0236";"None";"None";"1";"nan";"None";"nan";"None";"nan";"None";"None";"None";"None";"1";"3";"Dépendance";"nan";"0.0";"None";"None";"None";"None";"nan";"7.258454";"43.698638";"000KY"
"2024-48994";"2024-08-29";"1";"Vente";"257000.0";"25.0";"None";"RUE BERLIOZ";"0790";"06000";"06088";"Nice";"06";"None";"None";"06088000KY0057";"None";"None";"121";"45.33";"None";"nan";"None";"nan";"None";"None";"None";"None";"1";"2";"Appartement";"45.0";"2.0";"None";"None";"None";"None";"nan";"7.259139";"43.700904";"000KY"
"2024-49036";"2024-08-29";"1";"Vente";"515000.0";"12.0";"None";"RUE VERDI";"6620";"06000";"06088";"Nice";"06";"None";"None";"06088000KY0129";"None";"None";"1";"nan";"21";"83.24";"None";"nan";"None";"None";"None";"None";"2";"2";"Appartement";"86.0";"3.0";"None";"None";"None";"None";"nan";"7.260878";"43.699787";"000KY"
"2024-49092";"2024-08-29";"1";"Vente";"365000.0";"34.0";"None";"BD GAMBETTA";"2755";"06000";"06088";"Nice";"06";"None";"None";"06088000KY0210";"None";"None";"43";"nan";"None";"nan";"None";"nan";"None";"None";"None";"None";"1";"2";"Appartement";"60.0";"2.0";"None";"None";"None";"None";"nan";"7.256488";"43.699005";"000KY"
"2024-49418";"2024-08-29";"1";"Vente";"350965.0";"1.0";"None";"RUE BERLIOZ";"0790";"06000";"06088";"Nice";"06";"None";"None";"06088000KY0240";"None";"None";"11";"nan";"27";"62.45";"None";"nan";"None";"None";"None";"None";"2";"2";"Appartement";"56.0";"3.0";"None";"None";"None";"None";"nan";"7.2589";"43.698353";"000KY"
"2024-48994";"2024-08-29";"1";"Vente";"257000.0";"36.0";"None";"RUE HEROLD";"3235";"06000";"06088";"Nice";"06";"None";"None";"06088000KY0057";"None";"None";"78";"nan";"None";"nan";"None";"nan";"None";"None";"None";"None";"1";"3";"Dépendance";"nan";"0.0";"None";"None";"None";"None";"nan";"7.259139";"43.700904";"000KY"
"2024-49036";"2024-08-29";"1";"Vente";"515000.0";"12.0";"None";"RUE VERDI";"6620";"06000";"06088";"Nice";"06";"None";"None";"06088000KY0129";"None";"None";"1";"nan";"21";"83.24";"None";"nan";"None";"None";"None";"None";"2";"3";"Dépendance";"nan";"0.0";"None";"None";"None";"None";"nan";"7.260878";"43.699787";"000KY"
"2024-49418";"2024-08-29";"1";"Vente";"350965.0";"1.0";"None";"RUE BERLIOZ";"0790";"06000";"06088";"Nice";"06";"None";"None";"06088000KY0240";"None";"None";"11";"nan";"27";"62.45";"None";"nan";"None";"None";"None";"None";"2";"3";"Dépendance";"nan";"0.0";"None";"None";"None";"None";"nan";"7.2589";"43.698353";"000KY"
"2024-49429";"2024-08-29";"1";"Vente";"330000.0";"17.0";"None";"RUE GOUNOD";"2985";"06000";"06088";"Nice";"06";"None";"None";"06088000KY0138";"None";"None";"12";"nan";"2";"nan";"None";"nan";"None";"None";"None";"None";"2";"4";"Local industriel. commercial ou assimilé";"80.0";"0.0";"None";"None";"None";"None";"nan";"7.2603";"43.700361";"000KY"
"2024-48912";"2024-08-27";"1";"Vente";"702000.0";"50.0";"None";"BD VICTOR HUGO";"6655";"06000";"06088";"Nice";"06";"None";"None";"06088000KY0244";"None";"None";"127";"nan";"267";"nan";"None";"nan";"None";"None";"None";"None";"2";"2";"Appartement";"94.0";"3.0";"None";"None";"None";"None";"nan";"7.259365";"43.698542";"000KY"
"2024-48967";"2024-08-27";"1";"Vente";"485205.0";"32.0";"None";"RUE BERLIOZ";"0790";"06000";"06088";"Nice";"06";"None";"None";"06088000KY0076";"None";"None";"120";"88.06";"37";"nan";"None";"nan";"None";"None";"None";"None";"2";"2";"Appartement";"60.0";"3.0";"None";"None";"None";"None";"nan";"7.259888";"43.701741";"000KY"
"2024-48912";"2024-08-27";"1";"Vente";"702000.0";"50.0";"None";"BD VICTOR HUGO";"6655";"06000";"06088";"Nice";"06";"None";"None";"06088000KY0244";"None";"None";"127";"nan";"267";"nan";"None";"nan";"None";"None";"None";"None";"2";"3";"Dépendance";"nan";"0.0";"None";"None";"None";"None";"nan";"7.259365";"43.698542";"000KY"
"2024-48912";"2024-08-27";"1";"Vente";"702000.0";"50.0";"None";"BD VICTOR HUGO";"6655";"06000";"06088";"Nice";"06";"None";"None";"06088000KY0244";"None";"None";"31";"nan";"None";"nan";"None";"nan";"None";"None";"None";"None";"1";"3";"Dépendance";"nan";"0.0";"None";"None";"None";"None";"nan";"7.259365";"43.698542";"000KY"
"2024-48967";"2024-08-27";"1";"Vente";"485205.0";"32.0";"None";"RUE BERLIOZ";"0790";"06000";"06088";"Nice";"06";"None";"None";"06088000KY0076";"None";"None";"120";"88.06";"37";"nan";"None";"nan";"None";"None";"None";"None";"2";"3";"Dépendance";"nan";"0.0";"None";"None";"None";"None";"nan";"7.259888";"43.701741";"000KY"
"2024-48813";"2024-08-26";"1";"Vente";"192000.0";"20.0";"None";"RUE VERDI";"6620";"06000";"06088";"Nice";"06";"None";"None";"06088000KY0134";"None";"None";"247";"nan";"None";"nan";"None";"nan";"None";"None";"None";"None";"1";"2";"Appartement";"22.0";"1.0";"None";"None";"None";"None";"nan";"7.259955";"43.699817";"000KY"
"2024-49334";"2024-08-22";"1";"Vente";"1000000.0";"36.0";"None";"BD VICTOR HUGO";"6655";"06000";"06088";"Nice";"06";"None";"None";"06088000KY0319";"None";"None";"12";"145.04";"None";"nan";"None";"nan";"None";"None";"None";"None";"1";"2";"Appartement";"135.0";"5.0";"None";"None";"None";"None";"nan";"7.261874";"43.699091";"000KY"
"2024-49334";"2024-08-22";"1";"Vente";"1000000.0";"36.0";"None";"BD VICTOR HUGO";"6655";"06000";"06088";"Nice";"06";"None";"None";"06088000KY0319";"None";"None";"12";"145.04";"None";"nan";"None";"nan";"None";"None";"None";"None";"1";"3";"Dépendance";"nan";"0.0";"None";"None";"None";"None";"nan";"7.261874";"43.699091";"000KY"
"2024-48834";"2024-08-20";"1";"Vente";"355135.0";"45.0";"None";"RUE ROSSINI";"5600";"06000";"06088";"Nice";"06";"None";"None";"06088000KY0140";"None";"None";"21";"59.12";"None";"nan";"None";"nan";"None";"None";"None";"None";"1";"2";"Appartement";"62.0";"3.0";"None";"None";"None";"None";"nan";"7.259978";"43.700387";"000KY"
"2024-49339";"2024-08-20";"1";"Vente";"274000.0";"24.0";"None";"RUE VERDI";"6620";"06000";"06088";"Nice";"06";"None";"None";"06088000KY0149";"None";"None";"13";"nan";"19";"50.26";"None";"nan";"None";"None";"None";"None";"2";"2";"Appartement";"35.0";"2.0";"None";"None";"None";"None";"nan";"7.259018";"43.699813";"000KY"
"2024-48834";"2024-08-20";"1";"Vente";"355135.0";"45.0";"None";"RUE ROSSINI";"5600";"06000";"06088";"Nice";"06";"None";"None";"06088000KY0140";"None";"None";"21";"59.12";"None";"nan";"None";"nan";"None";"None";"None";"None";"1";"3";"Dépendance";"nan";"0.0";"None";"None";"None";"None";"nan";"7.259978";"43.700387";"000KY"
"2024-48702";"2024-08-09";"1";"Vente";"35000.0";"30.0";"None";"RUE GOUNOD";"2985";"06000";"06088";"Nice";"06";"None";"None";"06088000KY0095";"None";"None";"206";"nan";"None";"nan";"None";"nan";"None";"None";"None";"None";"1";"3";"Dépendance";"nan";"0.0";"None";"None";"None";"None";"nan";"7.261213";"43.701137";"000KY"
"2024-48591";"2024-08-08";"1";"Vente";"170000.0";"38.0";"None";"RUE HEROLD";"3235";"06000";"06088";"Nice";"06";"None";"None";"06088000KY0285";"None";"None";"11";"nan";"30";"nan";"None";"nan";"None";"None";"None";"None";"2";"2";"Appartement";"25.0";"1.0";"None";"None";"None";"None";"nan";"7.259059";"43.701088";"000KY"
"2024-48591";"2024-08-08";"1";"Vente";"170000.0";"38.0";"None";"RUE HEROLD";"3235";"06000";"06088";"Nice";"06";"None";"None";"06088000KY0285";"None";"None";"11";"nan";"30";"nan";"None";"nan";"None";"None";"None";"None";"2";"3";"Dépendance";"nan";"0.0";"None";"None";"None";"None";"nan";"7.259059";"43.701088";"000KY"
"2024-48086";"2024-08-05";"1";"Vente";"280000.0";"26.0";"None";"RUE GUIGLIA";"3090";"06000";"06088";"Nice";"06";"None";"None";"06088000KY0027";"None";"None";"77";"37.03";"None";"nan";"None";"nan";"None";"None";"None";"None";"1";"2";"Appartement";"34.0";"1.0";"None";"None";"None";"None";"nan";"7.258248";"43.701081";"000KY"
"2024-48748";"2024-08-05";"1";"Vente";"1158000.0";"3.0";"None";"AV BAQUIS";"0545";"06000";"06088";"Nice";"06";"None";"None";"06088000KY0269";"None";"None";"59";"nan";"73";"115.35";"None";"nan";"None";"None";"None";"None";"2";"2";"Appartement";"117.0";"5.0";"None";"None";"None";"None";"nan";"7.261862";"43.699265";"000KY"
"2024-48752";"2024-08-05";"1";"Vente";"220000.0";"1.0";"T";"RUE BERLIOZ";"0790";"06000";"06088";"Nice";"06";"None";"None";"06088000KY0242";"None";"None";"48";"39.74";"8";"nan";"None";"nan";"None";"None";"None";"None";"2";"2";"Appartement";"39.0";"2.0";"None";"None";"None";"None";"nan";"7.258795";"43.698627";"000KY"
"2024-48829";"2024-08-05";"1";"Vente";"100875.0";"16.0";"None";"RUE BERLIOZ";"0790";"06000";"06088";"Nice";"06";"None";"None";"06088000KY0312";"None";"None";"23";"nan";"None";"nan";"None";"nan";"None";"None";"None";"None";"1";"2";"Appartement";"22.0";"1.0";"None";"None";"None";"None";"nan";"7.259558";"43.699943";"000KY"
"2024-48748";"2024-08-05";"1";"Vente";"1158000.0";"3.0";"None";"AV BAQUIS";"0545";"06000";"06088";"Nice";"06";"None";"None";"06088000KY0269";"None";"None";"59";"nan";"73";"115.35";"None";"nan";"None";"None";"None";"None";"2";"3";"Dépendance";"nan";"0.0";"None";"None";"None";"None";"nan";"7.261862";"43.699265";"000KY"
"2024-48752";"2024-08-05";"1";"Vente";"220000.0";"1.0";"T";"RUE BERLIOZ";"0790";"06000";"06088";"Nice";"06";"None";"None";"06088000KY0242";"None";"None";"48";"39.74";"8";"nan";"None";"nan";"None";"None";"None";"None";"2";"3";"Dépendance";"nan";"0.0";"None";"None";"None";"None";"nan";"7.258795";"43.698627";"000KY"
"2024-49076";"2024-08-01";"1";"Vente";"49000.0";"62.0";"None";"BD GAMBETTA";"2755";"06000";"06088";"Nice";"06";"None";"None";"06088000KY0001";"None";"None";"132";"nan";"None";"nan";"None";"nan";"None";"None";"None";"None";"1";"3";"Dépendance";"nan";"0.0";"None";"None";"None";"None";"nan";"7.256638";"43.701528";"000KY"
"2024-48085";"2024-07-31";"1";"Vente";"382700.0";"20.0";"None";"RUE BERLIOZ";"0790";"06000";"06088";"Nice";"06";"None";"None";"06088000KY0143";"None";"None";"10";"nan";"27";"63.2";"None";"nan";"None";"None";"None";"None";"2";"2";"Appartement";"75.0";"1.0";"None";"None";"None";"None";"nan";"7.259713";"43.700341";"000KY"
"2024-48122";"2024-07-31";"1";"Vente";"450700.0";"19.0";"None";"RUE BERLIOZ";"0790";"06000";"06088";"Nice";"06";"None";"None";"06088000KY0153";"None";"None";"14";"nan";"32";"62.08";"None";"nan";"None";"None";"None";"None";"2";"2";"Appartement";"61.0";"2.0";"None";"None";"None";"None";"nan";"7.259081";"43.700268";"000KY"
"2024-48256";"2024-07-31";"1";"Vente";"270000.0";"29.0";"None";"RUE HEROLD";"3235";"06000";"06088";"Nice";"06";"None";"None";"06088000KY0163";"None";"None";"15";"37.42";"28";"nan";"None";"nan";"None";"None";"None";"None";"2";"2";"Appartement";"38.0";"1.0";"None";"None";"None";"None";"nan";"7.25837";"43.700292";"000KY"
"2024-48560";"2024-07-31";"1";"Vente";"275000.0";"1.0";"T";"RUE BERLIOZ";"0790";"06000";"06088";"Nice";"06";"None";"None";"06088000KY0242";"None";"None";"45";"nan";"None";"nan";"None";"nan";"None";"None";"None";"None";"1";"2";"Appartement";"55.0";"3.0";"None";"None";"None";"None";"nan";"7.258795";"43.698627";"000KY"
"2024-48085";"2024-07-31";"1";"Vente";"382700.0";"20.0";"None";"RUE BERLIOZ";"0790";"06000";"06088";"Nice";"06";"None";"None";"06088000KY0143";"None";"None";"10";"nan";"27";"63.2";"None";"nan";"None";"None";"None";"None";"2";"3";"Dépendance";"nan";"0.0";"None";"None";"None";"None";"nan";"7.259713";"43.700341";"000KY"
"2024-48122";"2024-07-31";"1";"Vente";"450700.0";"19.0";"None";"RUE BERLIOZ";"0790";"06000";"06088";"Nice";"06";"None";"None";"06088000KY0153";"None";"None";"14";"nan";"32";"62.08";"None";"nan";"None";"None";"None";"None";"2";"3";"Dépendance";"nan";"0.0";"None";"None";"None";"None";"nan";"7.259081";"43.700268";"000KY"
"2024-48122";"2024-07-31";"1";"Vente";"450700.0";"19.0";"None";"RUE BERLIOZ";"0790";"06000";"06088";"Nice";"06";"None";"None";"06088000KY0153";"None";"None";"51";"nan";"None";"nan";"None";"nan";"None";"None";"None";"None";"1";"3";"Dépendance";"nan";"0.0";"None";"None";"None";"None";"nan";"7.259081";"43.700268";"000KY"
"2024-48256";"2024-07-31";"1";"Vente";"270000.0";"29.0";"None";"RUE HEROLD";"3235";"06000";"06088";"Nice";"06";"None";"None";"06088000KY0163";"None";"None";"15";"37.42";"28";"nan";"None";"nan";"None";"None";"None";"None";"2";"3";"Dépendance";"nan";"0.0";"None";"None";"None";"None";"nan";"7.25837";"43.700292";"000KY"
"2024-48560";"2024-07-31";"1";"Vente";"275000.0";"1.0";"T";"RUE BERLIOZ";"0790";"06000";"06088";"Nice";"06";"None";"None";"06088000KY0242";"None";"None";"45";"nan";"None";"nan";"None";"nan";"None";"None";"None";"None";"1";"3";"Dépendance";"nan";"0.0";"None";"None";"None";"None";"nan";"7.258795";"43.698627";"000KY"
"2024-48198";"2024-07-29";"1";"Vente";"190000.0";"18.0";"None";"AV AUBER";"0425";"06000";"06088";"Nice";"06";"None";"None";"06088000KY0110";"None";"None";"104";"nan";"None";"nan";"None";"nan";"None";"None";"None";"None";"1";"2";"Appartement";"30.0";"1.0";"None";"None";"None";"None";"nan";"7.261844";"43.701172";"000KY"
"2024-47754";"2024-07-26";"1";"Vente";"55000.0";"26.0";"None";"RUE BERLIOZ";"0790";"06000";"06088";"Nice";"06";"None";"None";"06088000KY0062";"None";"None";"43";"nan";"None";"nan";"None";"nan";"None";"None";"None";"None";"1";"3";"Dépendance";"nan";"0.0";"None";"None";"None";"None";"nan";"7.259702";"43.701041";"000KY"
"2024-48151";"2024-07-24";"1";"Vente";"1620000.0";"15.0";"None";"RUE HEROLD";"3235";"06000";"06088";"Nice";"06";"None";"None";"06088000KY0219";"None";"None";"50";"nan";"51";"nan";"52";"nan";"53";"None";"54";"None";"15";"2";"Appartement";"78.0";"4.0";"None";"None";"None";"None";"nan";"7.25827";"43.699178";"000KY"
"2024-48151";"2024-07-24";"1";"Vente";"1620000.0";"15.0";"None";"RUE HEROLD";"3235";"06000";"06088";"Nice";"06";"None";"None";"06088000KY0219";"None";"None";"50";"nan";"51";"nan";"52";"nan";"53";"None";"54";"None";"15";"2";"Appartement";"60.0";"3.0";"None";"None";"None";"None";"nan";"7.25827";"43.699178";"000KY"
"2024-48151";"2024-07-24";"1";"Vente";"1620000.0";"15.0";"None";"RUE HEROLD";"3235";"06000";"06088";"Nice";"06";"None";"None";"06088000KY0219";"None";"None";"50";"nan";"51";"nan";"52";"nan";"53";"None";"54";"None";"15";"2";"Appartement";"55.0";"2.0";"None";"None";"None";"None";"nan";"7.25827";"43.699178";"000KY"
"2024-48151";"2024-07-24";"1";"Vente";"1620000.0";"15.0";"None";"RUE HEROLD";"3235";"06000";"06088";"Nice";"06";"None";"None";"06088000KY0219";"None";"None";"50";"nan";"51";"nan";"52";"nan";"53";"None";"54";"None";"15";"2";"Appartement";"43.0";"2.0";"None";"None";"None";"None";"nan";"7.25827";"43.699178";"000KY"
"2024-48305";"2024-07-24";"1";"Vente";"384350.0";"40.0";"None";"BD GAMBETTA";"2755";"06000";"06088";"Nice";"06";"None";"None";"06088000KY0193";"None";"None";"39";"54.05";"None";"nan";"None";"nan";"None";"None";"None";"None";"1";"2";"Appartement";"59.0";"2.0";"None";"None";"None";"None";"nan";"7.256559";"43.700111";"000KY"
"2024-48151";"2024-07-24";"1";"Vente";"1620000.0";"15.0";"None";"RUE HEROLD";"3235";"06000";"06088";"Nice";"06";"None";"None";"06088000KY0219";"None";"None";"50";"nan";"51";"nan";"52";"nan";"53";"None";"54";"None";"15";"3";"Dépendance";"nan";"0.0";"None";"None";"None";"None";"nan";"7.25827";"43.699178";"000KY"
"2024-48151";"2024-07-24";"1";"Vente";"1620000.0";"15.0";"None";"RUE HEROLD";"3235";"06000";"06088";"Nice";"06";"None";"None";"06088000KY0219";"None";"None";"50";"nan";"51";"nan";"52";"nan";"53";"None";"54";"None";"15";"3";"Dépendance";"nan";"0.0";"None";"None";"None";"None";"nan";"7.25827";"43.699178";"000KY"
"2024-48151";"2024-07-24";"1";"Vente";"1620000.0";"15.0";"None";"RUE HEROLD";"3235";"06000";"06088";"Nice";"06";"None";"None";"06088000KY0219";"None";"None";"50";"nan";"51";"nan";"52";"nan";"53";"None";"54";"None";"15";"3";"Dépendance";"nan";"0.0";"None";"None";"None";"None";"nan";"7.25827";"43.699178";"000KY"
"2024-48151";"2024-07-24";"1";"Vente";"1620000.0";"15.0";"None";"RUE HEROLD";"3235";"06000";"06088";"Nice";"06";"None";"None";"06088000KY0219";"None";"None";"50";"nan";"51";"nan";"52";"nan";"53";"None";"54";"None";"15";"3";"Dépendance";"nan";"0.0";"None";"None";"None";"None";"nan";"7.25827";"43.699178";"000KY"
"2024-48151";"2024-07-24";"1";"Vente";"1620000.0";"15.0";"None";"RUE HEROLD";"3235";"06000";"06088";"Nice";"06";"None";"None";"06088000KY0219";"None";"None";"50";"nan";"51";"nan";"52";"nan";"53";"None";"54";"None";"15";"3";"Dépendance";"nan";"0.0";"None";"None";"None";"None";"nan";"7.25827";"43.699178";"000KY"
"2024-48305";"2024-07-24";"1";"Vente";"384350.0";"40.0";"None";"BD GAMBETTA";"2755";"06000";"06088";"Nice";"06";"None";"None";"06088000KY0193";"None";"None";"124";"nan";"None";"nan";"None";"nan";"None";"None";"None";"None";"1";"3";"Dépendance";"nan";"0.0";"None";"None";"None";"None";"nan";"7.256559";"43.700111";"000KY"
"2024-48458";"2024-07-22";"1";"Vente";"492650.0";"1.0";"T";"RUE BERLIOZ";"0790";"06000";"06088";"Nice";"06";"None";"None";"06088000KY0242";"None";"None";"76";"50.09";"None";"nan";"None";"nan";"None";"None";"None";"None";"1";"2";"Appartement";"48.0";"2.0";"None";"None";"None";"None";"nan";"7.258795";"43.698627";"000KY"
"2024-48458";"2024-07-22";"1";"Vente";"492650.0";"1.0";"T";"RUE BERLIOZ";"0790";"06000";"06088";"Nice";"06";"None";"None";"06088000KY0242";"None";"None";"76";"50.09";"None";"nan";"None";"nan";"None";"None";"None";"None";"1";"3";"Dépendance";"nan";"0.0";"None";"None";"None";"None";"nan";"7.258795";"43.698627";"000KY"
"2024-48458";"2024-07-22";"1";"Vente";"492650.0";"1.0";"T";"RUE BERLIOZ";"0790";"06000";"06088";"Nice";"06";"None";"None";"06088000KY0242";"None";"None";"76";"50.09";"None";"nan";"None";"nan";"None";"None";"None";"None";"1";"3";"Dépendance";"nan";"0.0";"None";"None";"None";"None";"nan";"7.258795";"43.698627";"000KY"
"2024-47098";"2024-07-17";"1";"Vente";"71000.0";"20.0";"None";"RUE HEROLD";"3235";"06000";"06088";"Nice";"06";"None";"None";"06088000KY0159";"None";"None";"25";"nan";"None";"nan";"None";"nan";"None";"None";"None";"None";"1";"2";"Appartement";"15.0";"1.0";"None";"None";"None";"None";"nan";"7.258684";"43.699913";"000KY"
"2024-47385";"2024-07-17";"1";"Vente";"169000.0";"11.0";"None";"AV BAQUIS";"0545";"06000";"06088";"Nice";"06";"None";"None";"06088000KY0116";"None";"None";"23";"nan";"66";"nan";"None";"nan";"None";"None";"None";"None";"2";"2";"Appartement";"25.0";"1.0";"None";"None";"None";"None";"nan";"7.261973";"43.70002";"000KY"
"2024-48105";"2024-07-17";"1";"Vente";"260000.0";"34.0";"None";"BD GAMBETTA";"2755";"06000";"06088";"Nice";"06";"None";"None";"06088000KY0210";"None";"None";"40";"nan";"46";"nan";"None";"nan";"None";"None";"None";"None";"2";"2";"Appartement";"56.0";"2.0";"None";"None";"None";"None";"nan";"7.256488";"43.699005";"000KY"
"2024-47385";"2024-07-17";"1";"Vente";"169000.0";"11.0";"None";"AV BAQUIS";"0545";"06000";"06088";"Nice";"06";"None";"None";"06088000KY0116";"None";"None";"23";"nan";"66";"nan";"None";"nan";"None";"None";"None";"None";"2";"3";"Dépendance";"nan";"0.0";"None";"None";"None";"None";"nan";"7.261973";"43.70002";"000KY"
"2024-48105";"2024-07-17";"1";"Vente";"260000.0";"34.0";"None";"BD GAMBETTA";"2755";"06000";"06088";"Nice";"06";"None";"None";"06088000KY0210";"None";"None";"40";"nan";"46";"nan";"None";"nan";"None";"None";"None";"None";"2";"3";"Dépendance";"nan";"0.0";"None";"None";"None";"None";"nan";"7.256488";"43.699005";"000KY"
"2024-48105";"2024-07-17";"1";"Vente";"260000.0";"34.0";"None";"BD GAMBETTA";"2755";"06000";"06088";"Nice";"06";"None";"None";"06088000KY0210";"None";"None";"40";"nan";"46";"nan";"None";"nan";"None";"None";"None";"None";"2";"3";"Dépendance";"nan";"0.0";"None";"None";"None";"None";"nan";"7.256488";"43.699005";"000KY"
"2024-47566";"2024-07-16";"1";"Vente";"205000.0";"28.0";"None";"RUE ROSSINI";"5600";"06000";"06088";"Nice";"06";"None";"None";"06088000KY0066";"None";"None";"10";"27.14";"None";"nan";"None";"nan";"None";"None";"None";"None";"1";"2";"Appartement";"25.0";"1.0";"None";"None";"None";"None";"nan";"7.260165";"43.700654";"000KY"
"2024-47969";"2024-07-16";"1";"Vente";"540000.0";"20.0";"None";"RUE VERDI";"6620";"06000";"06088";"Nice";"06";"None";"None";"06088000KY0134";"None";"None";"243";"nan";"None";"nan";"None";"nan";"None";"None";"None";"None";"1";"2";"Appartement";"79.0";"3.0";"None";"None";"None";"None";"nan";"7.259955";"43.699817";"000KY"
"2024-47969";"2024-07-16";"1";"Vente";"540000.0";"20.0";"None";"RUE VERDI";"6620";"06000";"06088";"Nice";"06";"None";"None";"06088000KY0134";"None";"None";"184";"nan";"None";"nan";"None";"nan";"None";"None";"None";"None";"1";"3";"Dépendance";"nan";"0.0";"None";"None";"None";"None";"nan";"7.259955";"43.699817";"000KY"
"2024-47439";"2024-07-12";"1";"Vente";"6000.0";"18.0";"None";"AV AUBER";"0425";"06000";"06088";"Nice";"06";"None";"None";"06088000KY0110";"None";"None";"152";"nan";"None";"nan";"None";"nan";"None";"None";"None";"None";"1";"3";"Dépendance";"nan";"0.0";"None";"None";"None";"None";"nan";"7.261844";"43.701172";"000KY"
"2024-47370";"2024-07-11";"1";"Vente";"142400.0";"22.0";"None";"RUE HEROLD";"3235";"06000";"06088";"Nice";"06";"None";"None";"06088000KY0158";"None";"None";"137";"nan";"None";"nan";"None";"nan";"None";"None";"None";"None";"1";"2";"Appartement";"19.0";"1.0";"None";"None";"None";"None";"nan";"7.258773";"43.700099";"000KY"
"2024-47197";"2024-07-10";"1";"Vente";"95000.0";"24.0";"None";"RUE GOUNOD";"2985";"06000";"06088";"Nice";"06";"None";"None";"06088000KY0095";"None";"None";"293";"22.21";"None";"nan";"None";"nan";"None";"None";"None";"None";"1";"2";"Appartement";"22.0";"1.0";"None";"None";"None";"None";"nan";"7.261213";"43.701137";"000KY"
"2024-46791";"2024-07-09";"1";"Vente";"560000.0";"12.0";"None";"AV AUBER";"0425";"06000";"06088";"Nice";"06";"None";"None";"06088000KY0122";"None";"None";"18";"71.13";"62";"nan";"None";"nan";"None";"None";"None";"None";"2";"2";"Appartement";"70.0";"3.0";"None";"None";"None";"None";"nan";"7.261671";"43.700007";"000KY"
"2024-47396";"2024-07-09";"1";"Vente";"153000.0";"62.0";"None";"BD GAMBETTA";"2755";"06000";"06088";"Nice";"06";"None";"None";"06088000KY0001";"None";"None";"79";"nan";"None";"nan";"None";"nan";"None";"None";"None";"None";"1";"2";"Appartement";"32.0";"1.0";"None";"None";"None";"None";"nan";"7.256638";"43.701528";"000KY"
"2024-46791";"2024-07-09";"1";"Vente";"560000.0";"12.0";"None";"AV AUBER";"0425";"06000";"06088";"Nice";"06";"None";"None";"06088000KY0122";"None";"None";"35";"nan";"None";"nan";"None";"nan";"None";"None";"None";"None";"1";"3";"Dépendance";"nan";"0.0";"None";"None";"None";"None";"nan";"7.261671";"43.700007";"000KY"
"2024-46791";"2024-07-09";"1";"Vente";"560000.0";"12.0";"None";"AV AUBER";"0425";"06000";"06088";"Nice";"06";"None";"None";"06088000KY0122";"None";"None";"18";"71.13";"62";"nan";"None";"nan";"None";"None";"None";"None";"2";"3";"Dépendance";"nan";"0.0";"None";"None";"None";"None";"nan";"7.261671";"43.700007";"000KY"
"2024-47396";"2024-07-09";"1";"Vente";"153000.0";"62.0";"None";"BD GAMBETTA";"2755";"06000";"06088";"Nice";"06";"None";"None";"06088000KY0001";"None";"None";"209";"nan";"None";"nan";"None";"nan";"None";"None";"None";"None";"1";"3";"Dépendance";"nan";"0.0";"None";"None";"None";"None";"nan";"7.256638";"43.701528";"000KY"
"2024-46902";"2024-07-08";"1";"Vente";"285000.0";"44.0";"None";"RUE ROSSINI";"5600";"06000";"06088";"Nice";"06";"None";"None";"06088000KY0027";"None";"None";"176";"nan";"54";"nan";"None";"nan";"None";"None";"None";"None";"2";"2";"Appartement";"35.0";"1.0";"None";"None";"None";"None";"nan";"7.258248";"43.701081";"000KY"
"2024-46902";"2024-07-08";"1";"Vente";"285000.0";"44.0";"None";"RUE ROSSINI";"5600";"06000";"06088";"Nice";"06";"None";"None";"06088000KY0027";"None";"None";"176";"nan";"54";"nan";"None";"nan";"None";"None";"None";"None";"2";"3";"Dépendance";"nan";"0.0";"None";"None";"None";"None";"nan";"7.258248";"43.701081";"000KY"
"2024-46643";"2024-07-03";"1";"Vente";"389500.0";"19.0";"None";"RUE BERLIOZ";"0790";"06000";"06088";"Nice";"06";"None";"None";"06088000KY0153";"None";"None";"1";"nan";"41";"64.59";"None";"nan";"None";"None";"None";"None";"2";"2";"Appartement";"63.0";"3.0";"None";"None";"None";"None";"nan";"7.259081";"43.700268";"000KY"
"2024-46905";"2024-07-03";"1";"Vente";"226000.0";"36.0";"None";"RUE HEROLD";"3235";"06000";"06088";"Nice";"06";"None";"None";"06088000KY0057";"None";"None";"81";"nan";"None";"nan";"None";"nan";"None";"None";"None";"None";"1";"2";"Appartement";"56.0";"3.0";"None";"None";"None";"None";"nan";"7.259139";"43.700904";"000KY"
"2024-46942";"2024-07-03";"1";"Vente";"280000.0";"39.0";"None";"RUE BERLIOZ";"0790";"06000";"06088";"Nice";"06";"None";"None";"06088000KY0050";"None";"None";"17";"nan";"None";"nan";"None";"nan";"None";"None";"None";"None";"1";"2";"Appartement";"66.0";"3.0";"None";"None";"None";"None";"nan";"7.259334";"43.70158";"000KY"
"2024-46643";"2024-07-03";"1";"Vente";"389500.0";"19.0";"None";"RUE BERLIOZ";"0790";"06000";"06088";"Nice";"06";"None";"None";"06088000KY0153";"None";"None";"1";"nan";"41";"64.59";"None";"nan";"None";"None";"None";"None";"2";"3";"Dépendance";"nan";"0.0";"None";"None";"None";"None";"nan";"7.259081";"43.700268";"000KY"
"2024-46643";"2024-07-03";"1";"Vente";"389500.0";"19.0";"None";"RUE BERLIOZ";"0790";"06000";"06088";"Nice";"06";"None";"None";"06088000KY0153";"None";"None";"66";"nan";"None";"nan";"None";"nan";"None";"None";"None";"None";"1";"3";"Dépendance";"nan";"0.0";"None";"None";"None";"None";"nan";"7.259081";"43.700268";"000KY"
"2024-46942";"2024-07-03";"1";"Vente";"280000.0";"39.0";"None";"RUE BERLIOZ";"0790";"06000";"06088";"Nice";"06";"None";"None";"06088000KY0050";"None";"None";"17";"nan";"None";"nan";"None";"nan";"None";"None";"None";"None";"1";"3";"Dépendance";"nan";"0.0";"None";"None";"None";"None";"nan";"7.259334";"43.70158";"000KY"
"2024-46304";"2024-07-02";"1";"Vente";"235000.0";"48.0";"None";"RUE HEROLD";"3235";"06000";"06088";"Nice";"06";"None";"None";"06088000KY0044";"None";"None";"10";"nan";"34";"31.05";"None";"nan";"None";"None";"None";"None";"2";"2";"Appartement";"31.0";"2.0";"None";"None";"None";"None";"nan";"7.259165";"43.70163";"000KY"
"2024-47853";"2024-07-02";"1";"Vente";"431110.0";"20.0";"None";"RUE VERDI";"6620";"06000";"06088";"Nice";"06";"None";"None";"06088000KY0134";"None";"None";"228";"78.82";"None";"nan";"None";"nan";"None";"None";"None";"None";"1";"2";"Appartement";"78.0";"4.0";"None";"None";"None";"None";"nan";"7.259955";"43.699817";"000KY"
"2024-46304";"2024-07-02";"1";"Vente";"235000.0";"48.0";"None";"RUE HEROLD";"3235";"06000";"06088";"Nice";"06";"None";"None";"06088000KY0044";"None";"None";"10";"nan";"34";"31.05";"None";"nan";"None";"None";"None";"None";"2";"3";"Dépendance";"nan";"0.0";"None";"None";"None";"None";"nan";"7.259165";"43.70163";"000KY"
"2024-46304";"2024-07-02";"1";"Vente";"235000.0";"48.0";"None";"RUE HEROLD";"3235";"06000";"06088";"Nice";"06";"None";"None";"06088000KY0044";"None";"None";"10";"nan";"34";"31.05";"None";"nan";"None";"None";"None";"None";"2";"3";"Dépendance";"nan";"0.0";"None";"None";"None";"None";"nan";"7.259165";"43.70163";"000KY"
"2024-47845";"2024-07-02";"1";"Vente";"34890.0";"20.0";"None";"RUE VERDI";"6620";"06000";"06088";"Nice";"06";"None";"None";"06088000KY0134";"None";"None";"185";"nan";"None";"nan";"None";"nan";"None";"None";"None";"None";"1";"3";"Dépendance";"nan";"0.0";"None";"None";"None";"None";"nan";"7.259955";"43.699817";"000KY"
"2024-46572";"2024-07-01";"1";"Vente";"40000.0";"40.0";"None";"RUE VERDI";"6620";"06000";"06088";"Nice";"06";"None";"None";"06088000KY0175";"None";"None";"53";"nan";"None";"nan";"None";"nan";"None";"None";"None";"None";"1";"2";"Appartement";"135.0";"5.0";"None";"None";"None";"None";"nan";"7.257211";"43.69987";"000KY"
"2024-46572";"2024-07-01";"1";"Vente";"40000.0";"40.0";"None";"RUE VERDI";"6620";"06000";"06088";"Nice";"06";"None";"None";"06088000KY0175";"None";"None";"53";"nan";"None";"nan";"None";"nan";"None";"None";"None";"None";"1";"3";"Dépendance";"nan";"0.0";"None";"None";"None";"None";"nan";"7.257211";"43.69987";"000KY"
"2024-46346";"2024-06-28";"1";"Vente";"585000.0";"3.0";"None";"AV BAQUIS";"0545";"06000";"06088";"Nice";"06";"None";"None";"06088000KY0269";"None";"None";"60";"nan";"74";"nan";"None";"nan";"None";"None";"None";"None";"2";"2";"Appartement";"95.0";"5.0";"None";"None";"None";"None";"nan";"7.261862";"43.699265";"000KY"
"2024-46750";"2024-06-28";"1";"Vente";"265000.0";"19.0";"None";"AV AUBER";"0425";"06000";"06088";"Nice";"06";"None";"None";"06088000KY0106";"None";"None";"29";"39.02";"None";"nan";"None";"nan";"None";"None";"None";"None";"1";"2";"Appartement";"45.0";"2.0";"None";"None";"None";"None";"nan";"7.261513";"43.701475";"000KY"
"2024-47505";"2024-06-28";"1";"Vente";"65000.0";"24.0";"None";"RUE HEROLD";"3235";"06000";"06088";"Nice";"06";"None";"None";"06088000KY0158";"None";"None";"221";"14.15";"None";"nan";"None";"nan";"None";"None";"None";"None";"1";"2";"Appartement";"14.0";"1.0";"None";"None";"None";"None";"nan";"7.258773";"43.700099";"000KY"
"2024-46346";"2024-06-28";"1";"Vente";"585000.0";"3.0";"None";"AV BAQUIS";"0545";"06000";"06088";"Nice";"06";"None";"None";"06088000KY0269";"None";"None";"60";"nan";"74";"nan";"None";"nan";"None";"None";"None";"None";"2";"3";"Dépendance";"nan";"0.0";"None";"None";"None";"None";"nan";"7.261862";"43.699265";"000KY"
"2024-46346";"2024-06-28";"1";"Vente";"585000.0";"3.0";"None";"AV BAQUIS";"0545";"06000";"06088";"Nice";"06";"None";"None";"06088000KY0269";"None";"None";"60";"nan";"74";"nan";"None";"nan";"None";"None";"None";"None";"2";"3";"Dépendance";"nan";"0.0";"None";"None";"None";"None";"nan";"7.261862";"43.699265";"000KY"
"2024-46346";"2024-06-28";"1";"Vente";"585000.0";"3.0";"None";"AV BAQUIS";"0545";"06000";"06088";"Nice";"06";"None";"None";"06088000KY0269";"None";"None";"54";"nan";"None";"nan";"None";"nan";"None";"None";"None";"None";"1";"3";"Dépendance";"nan";"0.0";"None";"None";"None";"None";"nan";"7.261862";"43.699265";"000KY"
"2024-46036";"2024-06-27";"1";"Vente";"177110.0";"25.0";"None";"RUE HEROLD";"3235";"06000";"06088";"Nice";"06";"None";"None";"06088000KY0162";"None";"None";"166";"nan";"69";"nan";"None";"nan";"None";"None";"None";"None";"2";"2";"Appartement";"25.0";"1.0";"None";"None";"None";"None";"nan";"7.258351";"43.700062";"000KY"
"2024-46693";"2024-06-27";"1";"Vente";"120000.0";"10.0";"None";"RUE VERDI";"6620";"06000";"06088";"Nice";"06";"None";"None";"06088000KY0123";"None";"None";"24";"nan";"None";"nan";"None";"nan";"None";"None";"None";"None";"1";"2";"Appartement";"57.0";"3.0";"None";"None";"None";"None";"nan";"7.261199";"43.69974";"000KY"
"2024-46036";"2024-06-27";"1";"Vente";"177110.0";"25.0";"None";"RUE HEROLD";"3235";"06000";"06088";"Nice";"06";"None";"None";"06088000KY0162";"None";"None";"166";"nan";"69";"nan";"None";"nan";"None";"None";"None";"None";"2";"3";"Dépendance";"nan";"0.0";"None";"None";"None";"None";"nan";"7.258351";"43.700062";"000KY"
"2024-46359";"2024-06-26";"1";"Vente";"135000.0";"43.0";"None";"RUE ROSSINI";"5600";"06000";"06088";"Nice";"06";"None";"None";"06088000KY0139";"None";"None";"34";"nan";"None";"nan";"None";"nan";"None";"None";"None";"None";"1";"2";"Appartement";"32.0";"2.0";"None";"None";"None";"None";"nan";"7.260158";"43.700362";"000KY"
"2024-46359";"2024-06-26";"1";"Vente";"135000.0";"43.0";"None";"RUE ROSSINI";"5600";"06000";"06088";"Nice";"06";"None";"None";"06088000KY0139";"None";"None";"38";"nan";"None";"nan";"None";"nan";"None";"None";"None";"None";"1";"2";"Appartement";"34.0";"2.0";"None";"None";"None";"None";"nan";"7.260158";"43.700362";"000KY"
"2024-46359";"2024-06-26";"1";"Vente";"135000.0";"43.0";"None";"RUE ROSSINI";"5600";"06000";"06088";"Nice";"06";"None";"None";"06088000KY0139";"None";"None";"34";"nan";"None";"nan";"None";"nan";"None";"None";"None";"None";"1";"3";"Dépendance";"nan";"0.0";"None";"None";"None";"None";"nan";"7.260158";"43.700362";"000KY"
"2024-46290";"2024-06-25";"1";"Vente";"245000.0";"40.0";"None";"BD GAMBETTA";"2755";"06000";"06088";"Nice";"06";"None";"None";"06088000KY0193";"None";"None";"19";"54.58";"None";"nan";"None";"nan";"None";"None";"None";"None";"1";"2";"Appartement";"59.0";"2.0";"None";"None";"None";"None";"nan";"7.256559";"43.700111";"000KY"
"2024-46290";"2024-06-25";"1";"Vente";"245000.0";"40.0";"None";"BD GAMBETTA";"2755";"06000";"06088";"Nice";"06";"None";"None";"06088000KY0193";"None";"None";"115";"nan";"None";"nan";"None";"nan";"None";"None";"None";"None";"1";"3";"Dépendance";"nan";"0.0";"None";"None";"None";"None";"nan";"7.256559";"43.700111";"000KY"
"2024-46290";"2024-06-25";"1";"Vente";"245000.0";"40.0";"None";"BD GAMBETTA";"2755";"06000";"06088";"Nice";"06";"None";"None";"06088000KY0193";"None";"None";"92";"nan";"None";"nan";"None";"nan";"None";"None";"None";"None";"1";"3";"Dépendance";"nan";"0.0";"None";"None";"None";"None";"nan";"7.256559";"43.700111";"000KY"
"2024-46103";"2024-06-24";"1";"Vente";"480050.0";"7.0";"None";"RUE BERLIOZ";"0790";"06000";"06088";"Nice";"06";"None";"None";"06088000KY0226";"None";"None";"33";"46.01";"None";"nan";"None";"nan";"None";"None";"None";"None";"1";"2";"Appartement";"40.0";"2.0";"None";"None";"None";"None";"nan";"7.258967";"43.699296";"000KY"
"2024-46244";"2024-06-24";"1";"Vente";"231000.0";"39.0";"None";"RUE HEROLD";"3235";"06000";"06088";"Nice";"06";"None";"None";"06088000KY0031";"None";"None";"25";"42.33";"78";"nan";"None";"nan";"None";"None";"None";"None";"2";"2";"Appartement";"42.0";"1.0";"None";"None";"None";"None";"nan";"7.258566";"43.701321";"000KY"
"2024-46244";"2024-06-24";"1";"Vente";"231000.0";"39.0";"None";"RUE HEROLD";"3235";"06000";"06088";"Nice";"06";"None";"None";"06088000KY0031";"None";"None";"25";"42.33";"78";"nan";"None";"nan";"None";"None";"None";"None";"2";"3";"Dépendance";"nan";"0.0";"None";"None";"None";"None";"nan";"7.258566";"43.701321";"000KY"
"2024-46936";"2024-06-21";"1";"Vente";"60000.0";"30.0";"None";"RUE BERLIOZ";"0790";"06000";"06088";"Nice";"06";"None";"None";"06088000KY0075";"None";"None";"51";"nan";"None";"nan";"None";"nan";"None";"None";"None";"None";"1";"3";"Dépendance";"nan";"0.0";"None";"None";"None";"None";"nan";"7.259863";"43.701532";"000KY"
"2024-46023";"2024-06-20";"1";"Vente";"335000.0";"16.0";"None";"RUE AMIRAL DE GRASSE";"0170";"06000";"06088";"Nice";"06";"None";"None";"06088000KY0015";"None";"None";"83";"104.5";"None";"nan";"None";"nan";"None";"None";"None";"None";"1";"2";"Appartement";"110.0";"3.0";"None";"None";"None";"None";"nan";"7.257347";"43.701401";"000KY"
"2024-46023";"2024-06-20";"1";"Vente";"335000.0";"16.0";"None";"RUE AMIRAL DE GRASSE";"0170";"06000";"06088";"Nice";"06";"None";"None";"06088000KY0015";"None";"None";"83";"104.5";"None";"nan";"None";"nan";"None";"None";"None";"None";"1";"3";"Dépendance";"nan";"0.0";"None";"None";"None";"None";"nan";"7.257347";"43.701401";"000KY"
"2024-46059";"2024-06-19";"1";"Vente";"350000.0";"23.0";"None";"RUE GUIGLIA";"3090";"06000";"06088";"Nice";"06";"None";"None";"06088000KY0022";"None";"None";"25";"nan";"4";"nan";"None";"nan";"None";"None";"None";"None";"2";"2";"Appartement";"51.0";"2.0";"None";"None";"None";"None";"nan";"7.257715";"43.701164";"000KY"
"2024-46090";"2024-06-19";"1";"Vente";"190000.0";"51.0";"None";"AV G CLEMENCEAU";"2880";"06000";"06088";"Nice";"06";"None";"None";"06088000KY0047";"None";"None";"34";"nan";"8";"49.72";"None";"nan";"None";"None";"None";"None";"2";"2";"Appartement";"50.0";"2.0";"None";"None";"None";"None";"nan";"7.259209";"43.701881";"000KY"
"2024-46025";"2024-06-19";"1";"Vente";"31000.0";"3.0";"None";"RUE AMIRAL DE GRASSE";"0170";"06000";"06088";"Nice";"06";"None";"None";"06088000KY0302";"None";"None";"43";"nan";"None";"nan";"None";"nan";"None";"None";"None";"None";"1";"3";"Dépendance";"nan";"0.0";"None";"None";"None";"None";"nan";"7.256514";"43.701267";"000KY"
"2024-46059";"2024-06-19";"1";"Vente";"350000.0";"23.0";"None";"RUE GUIGLIA";"3090";"06000";"06088";"Nice";"06";"None";"None";"06088000KY0022";"None";"None";"25";"nan";"4";"nan";"None";"nan";"None";"None";"None";"None";"2";"3";"Dépendance";"nan";"0.0";"None";"None";"None";"None";"nan";"7.257715";"43.701164";"000KY"
"2024-46090";"2024-06-19";"1";"Vente";"190000.0";"51.0";"None";"AV G CLEMENCEAU";"2880";"06000";"06088";"Nice";"06";"None";"None";"06088000KY0047";"None";"None";"34";"nan";"8";"49.72";"None";"nan";"None";"None";"None";"None";"2";"3";"Dépendance";"nan";"0.0";"None";"None";"None";"None";"nan";"7.259209";"43.701881";"000KY"
"2024-45897";"2024-06-18";"1";"Vente";"295000.0";"16.0";"None";"RUE VERDI";"6620";"06000";"06088";"Nice";"06";"None";"None";"06088000KY0131";"None";"None";"13";"nan";"24";"74.31";"None";"nan";"None";"None";"None";"None";"2";"2";"Appartement";"68.0";"2.0";"None";"None";"None";"None";"nan";"7.260538";"43.699765";"000KY"
"2024-45897";"2024-06-18";"1";"Vente";"295000.0";"16.0";"None";"RUE VERDI";"6620";"06000";"06088";"Nice";"06";"None";"None";"06088000KY0131";"None";"None";"13";"nan";"24";"74.31";"None";"nan";"None";"None";"None";"None";"2";"3";"Dépendance";"nan";"0.0";"None";"None";"None";"None";"nan";"7.260538";"43.699765";"000KY"
"2024-45785";"2024-06-17";"1";"Vente";"57500.0";"16.0";"None";"RUE AMIRAL DE GRASSE";"0170";"06000";"06088";"Nice";"06";"None";"None";"06088000KY0015";"None";"None";"76";"nan";"None";"nan";"None";"nan";"None";"None";"None";"None";"1";"2";"Appartement";"47.0";"1.0";"None";"None";"None";"None";"nan";"7.257347";"43.701401";"000KY"
"2024-45785";"2024-06-17";"1";"Vente";"57500.0";"20.0";"None";"RUE AMIRAL DE GRASSE";"0170";"06000";"06088";"Nice";"06";"None";"None";"06088000KY0016";"None";"None";"59";"nan";"None";"nan";"None";"nan";"None";"None";"None";"None";"1";"3";"Dépendance";"nan";"0.0";"None";"None";"None";"None";"nan";"7.257669";"43.701702";"000KY"
"2024-45550";"2024-06-10";"1";"Vente";"352500.0";"19.0";"None";"AV AUBER";"0425";"06000";"06088";"Nice";"06";"None";"None";"06088000KY0106";"None";"None";"6";"nan";"None";"nan";"None";"nan";"None";"None";"None";"None";"1";"3";"Dépendance";"nan";"0.0";"None";"None";"None";"None";"nan";"7.261513";"43.701475";"000KY"
"2024-45651";"2024-06-07";"1";"Vente";"230000.0";"38.0";"None";"RUE VERDI";"6620";"06000";"06088";"Nice";"06";"None";"None";"06088000KY0174";"None";"None";"1";"nan";"16";"nan";"17";"77.79";"2";"None";"None";"None";"4";"4";"Local industriel. commercial ou assimilé";"78.0";"0.0";"None";"None";"None";"None";"nan";"7.257438";"43.699764";"000KY"
"2024-45342";"2024-06-06";"1";"Vente";"1020000.0";"18.0";"None";"RUE GOUNOD";"2985";"06000";"06088";"Nice";"06";"None";"None";"06088000KY0128";"None";"None";"17";"135.68";"None";"nan";"None";"nan";"None";"None";"None";"None";"1";"2";"Appartement";"160.0";"4.0";"None";"None";"None";"None";"nan";"7.260809";"43.700029";"000KY"
"2024-45744";"2024-06-06";"1";"Vente";"425000.0";"14.0";"None";"RUE VERDI";"6620";"06000";"06088";"Nice";"06";"None";"None";"06088000KY0130";"None";"None";"61";"81.64";"73";"nan";"None";"nan";"None";"None";"None";"None";"2";"2";"Appartement";"82.0";"3.0";"None";"None";"None";"None";"nan";"7.260743";"43.699787";"000KY"
"2024-45342";"2024-06-06";"1";"Vente";"1020000.0";"18.0";"None";"RUE GOUNOD";"2985";"06000";"06088";"Nice";"06";"None";"None";"06088000KY0128";"None";"None";"17";"135.68";"None";"nan";"None";"nan";"None";"None";"None";"None";"1";"3";"Dépendance";"nan";"0.0";"None";"None";"None";"None";"nan";"7.260809";"43.700029";"000KY"
"2024-45342";"2024-06-06";"1";"Vente";"1020000.0";"18.0";"None";"RUE GOUNOD";"2985";"06000";"06088";"Nice";"06";"None";"None";"06088000KY0128";"None";"None";"23";"14.61";"None";"nan";"None";"nan";"None";"None";"None";"None";"1";"3";"Dépendance";"nan";"0.0";"None";"None";"None";"None";"nan";"7.260809";"43.700029";"000KY"
"2024-45744";"2024-06-06";"1";"Vente";"425000.0";"14.0";"None";"RUE VERDI";"6620";"06000";"06088";"Nice";"06";"None";"None";"06088000KY0130";"None";"None";"61";"81.64";"73";"nan";"None";"nan";"None";"None";"None";"None";"2";"3";"Dépendance";"nan";"0.0";"None";"None";"None";"None";"nan";"7.260743";"43.699787";"000KY"
"2024-45238";"2024-06-04";"1";"Vente";"211930.0";"20.0";"None";"AV AUBER";"0425";"06000";"06088";"Nice";"06";"None";"None";"06088000KY0107";"None";"None";"203";"nan";"53";"nan";"None";"nan";"None";"None";"None";"None";"2";"2";"Appartement";"31.0";"1.0";"None";"None";"None";"None";"nan";"7.261966";"43.701457";"000KY"
"2024-45515";"2024-06-04";"1";"Vente";"480000.0";"19.0";"None";"RUE VERDI";"6620";"06000";"06088";"Nice";"06";"None";"None";"06088000KY0254";"None";"None";"20";"87.27";"8";"nan";"None";"nan";"None";"None";"None";"None";"2";"2";"Appartement";"87.0";"4.0";"None";"None";"None";"None";"nan";"7.259704";"43.699422";"000KY"
"2024-45238";"2024-06-04";"1";"Vente";"211930.0";"20.0";"None";"AV AUBER";"0425";"06000";"06088";"Nice";"06";"None";"None";"06088000KY0107";"None";"None";"203";"nan";"53";"nan";"None";"nan";"None";"None";"None";"None";"2";"3";"Dépendance";"nan";"0.0";"None";"None";"None";"None";"nan";"7.261966";"43.701457";"000KY"
"2024-45515";"2024-06-04";"1";"Vente";"480000.0";"19.0";"None";"RUE VERDI";"6620";"06000";"06088";"Nice";"06";"None";"None";"06088000KY0254";"None";"None";"20";"87.27";"8";"nan";"None";"nan";"None";"None";"None";"None";"2";"3";"Dépendance";"nan";"0.0";"None";"None";"None";"None";"nan";"7.259704";"43.699422";"000KY"
"2024-45265";"2024-06-03";"1";"Vente";"130000.0";"15.0";"None";"RUE BERLIOZ";"0790";"06000";"06088";"Nice";"06";"None";"None";"06088000KY0151";"None";"None";"35";"nan";"None";"nan";"None";"nan";"None";"None";"None";"None";"1";"2";"Appartement";"34.0";"1.0";"None";"None";"None";"None";"nan";"7.259012";"43.699965";"000KY"
"2024-45802";"2024-05-30";"1";"Vente";"70000.0";"25.0";"None";"RUE HEROLD";"3235";"06000";"06088";"Nice";"06";"None";"None";"06088000KY0162";"None";"None";"131";"nan";"29";"nan";"None";"nan";"None";"None";"None";"None";"2";"2";"Appartement";"25.0";"1.0";"None";"None";"None";"None";"nan";"7.258351";"43.700062";"000KY"
"2024-45802";"2024-05-30";"1";"Vente";"70000.0";"25.0";"None";"RUE HEROLD";"3235";"06000";"06088";"Nice";"06";"None";"None";"06088000KY0162";"None";"None";"131";"nan";"29";"nan";"None";"nan";"None";"None";"None";"None";"2";"3";"Dépendance";"nan";"0.0";"None";"None";"None";"None";"nan";"7.258351";"43.700062";"000KY"
"2024-45231";"2024-05-29";"1";"Vente";"101000.0";"16.0";"None";"RUE BERLIOZ";"0790";"06000";"06088";"Nice";"06";"None";"None";"06088000KY0312";"None";"None";"20";"nan";"None";"nan";"None";"nan";"None";"None";"None";"None";"1";"2";"Appartement";"15.0";"1.0";"None";"None";"None";"None";"nan";"7.259558";"43.699943";"000KY"
"2024-45890";"2024-05-29";"1";"Vente";"1035000.0";"18.0";"None";"AV AUBER";"0425";"06000";"06088";"Nice";"06";"None";"None";"06088000KY0110";"None";"None";"112";"112.02";"113";"nan";"156";"nan";"157";"None";"None";"None";"4";"2";"Appartement";"113.0";"4.0";"None";"None";"None";"None";"nan";"7.261844";"43.701172";"000KY"
"2024-45890";"2024-05-29";"1";"Vente";"1035000.0";"18.0";"None";"AV AUBER";"0425";"06000";"06088";"Nice";"06";"None";"None";"06088000KY0110";"None";"None";"112";"112.02";"113";"nan";"156";"nan";"157";"None";"None";"None";"4";"3";"Dépendance";"nan";"0.0";"None";"None";"None";"None";"nan";"7.261844";"43.701172";"000KY"
"2024-45890";"2024-05-29";"1";"Vente";"1035000.0";"18.0";"None";"AV AUBER";"0425";"06000";"06088";"Nice";"06";"None";"None";"06088000KY0110";"None";"None";"145";"nan";"None";"nan";"None";"nan";"None";"None";"None";"None";"1";"3";"Dépendance";"nan";"0.0";"None";"None";"None";"None";"nan";"7.261844";"43.701172";"000KY"
"2024-44902";"2024-05-28";"1";"Vente";"270000.0";"32.0";"None";"RUE BERLIOZ";"0790";"06000";"06088";"Nice";"06";"None";"None";"06088000KY0076";"None";"None";"32";"nan";"89";"nan";"None";"nan";"None";"None";"None";"None";"2";"2";"Appartement";"50.0";"2.0";"None";"None";"None";"None";"nan";"7.259888";"43.701741";"000KY"
"2024-45369";"2024-05-28";"1";"Vente";"275000.0";"44.0";"None";"RUE ROSSINI";"5600";"06000";"06088";"Nice";"06";"None";"None";"06088000KY0027";"None";"None";"127";"nan";"51";"nan";"None";"nan";"None";"None";"None";"None";"2";"2";"Appartement";"52.0";"2.0";"None";"None";"None";"None";"nan";"7.258248";"43.701081";"000KY"
"2024-44902";"2024-05-28";"1";"Vente";"270000.0";"32.0";"None";"RUE BERLIOZ";"0790";"06000";"06088";"Nice";"06";"None";"None";"06088000KY0076";"None";"None";"32";"nan";"89";"nan";"None";"nan";"None";"None";"None";"None";"2";"3";"Dépendance";"nan";"0.0";"None";"None";"None";"None";"nan";"7.259888";"43.701741";"000KY"
"2024-45369";"2024-05-28";"1";"Vente";"275000.0";"44.0";"None";"RUE ROSSINI";"5600";"06000";"06088";"Nice";"06";"None";"None";"06088000KY0027";"None";"None";"127";"nan";"51";"nan";"None";"nan";"None";"None";"None";"None";"2";"3";"Dépendance";"nan";"0.0";"None";"None";"None";"None";"nan";"7.258248";"43.701081";"000KY"
"2024-45575";"2024-05-28";"1";"Vente";"65000.0";"50.0";"None";"BD VICTOR HUGO";"6655";"06000";"06088";"Nice";"06";"None";"None";"06088000KY0244";"None";"None";"144";"nan";"None";"nan";"None";"nan";"None";"None";"None";"None";"1";"3";"Dépendance";"nan";"0.0";"None";"None";"None";"None";"nan";"7.259365";"43.698542";"000KY"
"2024-44869";"2024-05-27";"1";"Vente";"502500.0";"30.0";"None";"RUE GOUNOD";"2985";"06000";"06088";"Nice";"06";"None";"None";"06088000KY0095";"None";"None";"147";"nan";"209";"nan";"None";"nan";"None";"None";"None";"None";"2";"2";"Appartement";"74.0";"3.0";"None";"None";"None";"None";"nan";"7.261213";"43.701137";"000KY"
"2024-44869";"2024-05-27";"1";"Vente";"502500.0";"30.0";"None";"RUE GOUNOD";"2985";"06000";"06088";"Nice";"06";"None";"None";"06088000KY0095";"None";"None";"147";"nan";"209";"nan";"None";"nan";"None";"None";"None";"None";"2";"3";"Dépendance";"nan";"0.0";"None";"None";"None";"None";"nan";"7.261213";"43.701137";"000KY"
"2024-44927";"2024-05-24";"1";"Vente";"640000.0";"20.0";"None";"AV AUBER";"0425";"06000";"06088";"Nice";"06";"None";"None";"06088000KY0107";"None";"None";"227";"100.25";"42";"nan";"None";"nan";"None";"None";"None";"None";"2";"2";"Appartement";"95.0";"4.0";"None";"None";"None";"None";"nan";"7.261966";"43.701457";"000KY"
"2024-44927";"2024-05-24";"1";"Vente";"640000.0";"20.0";"None";"AV AUBER";"0425";"06000";"06088";"Nice";"06";"None";"None";"06088000KY0107";"None";"None";"227";"100.25";"42";"nan";"None";"nan";"None";"None";"None";"None";"2";"3";"Dépendance";"nan";"0.0";"None";"None";"None";"None";"nan";"7.261966";"43.701457";"000KY"
"2024-44927";"2024-05-24";"1";"Vente";"640000.0";"20.0";"None";"AV AUBER";"0425";"06000";"06088";"Nice";"06";"None";"None";"06088000KY0107";"None";"None";"139";"nan";"None";"nan";"None";"nan";"None";"None";"None";"None";"1";"3";"Dépendance";"nan";"0.0";"None";"None";"None";"None";"nan";"7.261966";"43.701457";"000KY"
"2024-44927";"2024-05-24";"1";"Vente";"640000.0";"20.0";"None";"AV AUBER";"0425";"06000";"06088";"Nice";"06";"None";"None";"06088000KY0107";"None";"None";"227";"100.25";"42";"nan";"None";"nan";"None";"None";"None";"None";"2";"3";"Dépendance";"nan";"0.0";"None";"None";"None";"None";"nan";"7.261966";"43.701457";"000KY"
"2024-45089";"2024-05-23";"1";"Vente";"1150000.0";"38.0";"None";"BD VICTOR HUGO";"6655";"06000";"06088";"Nice";"06";"None";"None";"06088000KY0319";"None";"None";"29";"99.01";"None";"nan";"None";"nan";"None";"None";"None";"None";"1";"2";"Appartement";"100.0";"3.0";"None";"None";"None";"None";"nan";"7.261874";"43.699091";"000KY"
"2024-45089";"2024-05-23";"1";"Vente";"1150000.0";"38.0";"None";"BD VICTOR HUGO";"6655";"06000";"06088";"Nice";"06";"None";"None";"06088000KY0319";"None";"None";"29";"99.01";"None";"nan";"None";"nan";"None";"None";"None";"None";"1";"3";"Dépendance";"nan";"0.0";"None";"None";"None";"None";"nan";"7.261874";"43.699091";"000KY"
"2024-44707";"2024-05-21";"1";"Vente";"276000.0";"16.0";"None";"RUE AMIRAL DE GRASSE";"0170";"06000";"06088";"Nice";"06";"None";"None";"06088000KY0015";"None";"None";"47";"nan";"92";"46.11";"None";"nan";"None";"None";"None";"None";"2";"2";"Appartement";"40.0";"1.0";"None";"None";"None";"None";"nan";"7.257347";"43.701401";"000KY"
"2024-44962";"2024-05-21";"1";"Vente";"73000.0";"24.0";"None";"RUE HEROLD";"3235";"06000";"06088";"Nice";"06";"None";"None";"06088000KY0158";"None";"None";"140";"nan";"None";"nan";"None";"nan";"None";"None";"None";"None";"1";"2";"Appartement";"15.0";"1.0";"None";"None";"None";"None";"nan";"7.258773";"43.700099";"000KY"
"2024-44707";"2024-05-21";"1";"Vente";"276000.0";"16.0";"None";"RUE AMIRAL DE GRASSE";"0170";"06000";"06088";"Nice";"06";"None";"None";"06088000KY0015";"None";"None";"47";"nan";"92";"46.11";"None";"nan";"None";"None";"None";"None";"2";"3";"Dépendance";"nan";"0.0";"None";"None";"None";"None";"nan";"7.257347";"43.701401";"000KY"
"2024-44749";"2024-05-21";"1";"Vente";"55000.0";"55.0";"None";"AV G CLEMENCEAU";"2880";"06000";"06088";"Nice";"06";"None";"None";"06088000KY0039";"None";"None";"21";"nan";"None";"nan";"None";"nan";"None";"None";"None";"None";"1";"3";"Dépendance";"nan";"0.0";"None";"None";"None";"None";"nan";"7.258602";"43.701886";"000KY"
"2024-45056";"2024-05-17";"1";"Vente";"310000.0";"11.0";"None";"AV BAQUIS";"0545";"06000";"06088";"Nice";"06";"None";"None";"06088000KY0116";"None";"None";"28";"nan";"55";"nan";"None";"nan";"None";"None";"None";"None";"2";"2";"Appartement";"45.0";"2.0";"None";"None";"None";"None";"nan";"7.261973";"43.70002";"000KY"
"2024-45063";"2024-05-17";"1";"Vente";"354000.0";"40.0";"None";"BD GAMBETTA";"2755";"06000";"06088";"Nice";"06";"None";"None";"06088000KY0193";"None";"None";"22";"nan";"None";"nan";"None";"nan";"None";"None";"None";"None";"1";"2";"Appartement";"65.0";"3.0";"None";"None";"None";"None";"nan";"7.256559";"43.700111";"000KY"
"2024-45056";"2024-05-17";"1";"Vente";"310000.0";"11.0";"None";"AV BAQUIS";"0545";"06000";"06088";"Nice";"06";"None";"None";"06088000KY0116";"None";"None";"28";"nan";"55";"nan";"None";"nan";"None";"None";"None";"None";"2";"3";"Dépendance";"nan";"0.0";"None";"None";"None";"None";"nan";"7.261973";"43.70002";"000KY"
"2024-45063";"2024-05-17";"1";"Vente";"354000.0";"40.0";"None";"BD GAMBETTA";"2755";"06000";"06088";"Nice";"06";"None";"None";"06088000KY0193";"None";"None";"120";"nan";"None";"nan";"None";"nan";"None";"None";"None";"None";"1";"3";"Dépendance";"nan";"0.0";"None";"None";"None";"None";"nan";"7.256559";"43.700111";"000KY"
"2024-44510";"2024-05-17";"1";"Vente";"196000.0";"32.0";"None";"RUE GOUNOD";"2985";"06000";"06088";"Nice";"06";"None";"None";"06088000KY0090";"None";"None";"15";"nan";"None";"nan";"None";"nan";"None";"None";"None";"None";"1";"4";"Local industriel. commercial ou assimilé";"36.0";"0.0";"None";"None";"None";"None";"nan";"7.261041";"43.701466";"000KY"
"2024-44766";"2024-05-15";"1";"Vente";"605500.0";"50.0";"None";"BD VICTOR HUGO";"6655";"06000";"06088";"Nice";"06";"None";"None";"06088000KY0244";"None";"None";"275";"nan";"None";"nan";"None";"nan";"None";"None";"None";"None";"1";"2";"Appartement";"86.0";"3.0";"None";"None";"None";"None";"nan";"7.259365";"43.698542";"000KY"
"2024-44766";"2024-05-15";"1";"Vente";"605500.0";"50.0";"None";"BD VICTOR HUGO";"6655";"06000";"06088";"Nice";"06";"None";"None";"06088000KY0244";"None";"None";"25";"nan";"None";"nan";"None";"nan";"None";"None";"None";"None";"1";"3";"Dépendance";"nan";"0.0";"None";"None";"None";"None";"nan";"7.259365";"43.698542";"000KY"
"2024-44766";"2024-05-15";"1";"Vente";"605500.0";"50.0";"None";"BD VICTOR HUGO";"6655";"06000";"06088";"Nice";"06";"None";"None";"06088000KY0244";"None";"None";"275";"nan";"None";"nan";"None";"nan";"None";"None";"None";"None";"1";"3";"Dépendance";"nan";"0.0";"None";"None";"None";"None";"nan";"7.259365";"43.698542";"000KY"
"2024-44660";"2024-05-13";"1";"Vente";"122000.0";"16.0";"None";"RUE BERLIOZ";"0790";"06000";"06088";"Nice";"06";"None";"None";"06088000KY0312";"None";"None";"19";"18.01";"None";"nan";"None";"nan";"None";"None";"None";"None";"1";"2";"Appartement";"18.0";"1.0";"None";"None";"None";"None";"nan";"7.259558";"43.699943";"000KY"
"2024-45160";"2024-05-13";"1";"Vente";"800000.0";"44.0";"None";"BD VICTOR HUGO";"6655";"06000";"06088";"Nice";"06";"None";"None";"06088000KY0263";"None";"None";"23";"nan";"51";"137.15";"63";"nan";"64";"None";"65";"None";"5";"2";"Appartement";"155.0";"5.0";"None";"None";"None";"None";"nan";"7.260739";"43.699151";"000KY"
"2024-44999";"2024-05-13";"1";"Vente";"62000.0";"4.0";"None";"AV EMILIA";"2260";"06000";"06088";"Nice";"06";"None";"None";"06088000KY0209";"None";"None";"None";"nan";"None";"nan";"None";"nan";"None";"None";"None";"None";"0";"3";"Dépendance";"nan";"0.0";"S";"sols";"None";"None";"21.0";"7.256634";"43.699092";"000KY"
"2024-45160";"2024-05-13";"1";"Vente";"800000.0";"44.0";"None";"BD VICTOR HUGO";"6655";"06000";"06088";"Nice";"06";"None";"None";"06088000KY0263";"None";"None";"23";"nan";"51";"137.15";"63";"nan";"64";"None";"65";"None";"5";"3";"Dépendance";"nan";"0.0";"None";"None";"None";"None";"nan";"7.260739";"43.699151";"000KY"
"2024-44739";"2024-05-07";"1";"Vente";"454400.0";"27.0";"None";"RUE VERDI";"6620";"06000";"06088";"Nice";"06";"None";"None";"06088000KY0223";"None";"None";"15";"65.23";"None";"nan";"None";"nan";"None";"None";"None";"None";"1";"2";"Appartement";"65.0";"3.0";"None";"None";"None";"None";"nan";"7.258572";"43.699394";"000KY"
"2024-44739";"2024-05-07";"1";"Vente";"454400.0";"27.0";"None";"RUE VERDI";"6620";"06000";"06088";"Nice";"06";"None";"None";"06088000KY0223";"None";"None";"15";"65.23";"None";"nan";"None";"nan";"None";"None";"None";"None";"1";"3";"Dépendance";"nan";"0.0";"None";"None";"None";"None";"nan";"7.258572";"43.699394";"000KY"
"2024-44043";"2024-05-06";"1";"Vente";"584200.0";"39.0";"None";"RUE HEROLD";"3235";"06000";"06088";"Nice";"06";"None";"None";"06088000KY0031";"None";"None";"15";"92.07";"55";"nan";"None";"nan";"None";"None";"None";"None";"2";"2";"Appartement";"93.0";"3.0";"None";"None";"None";"None";"nan";"7.258566";"43.701321";"000KY"
"2024-44043";"2024-05-06";"1";"Vente";"584200.0";"39.0";"None";"RUE HEROLD";"3235";"06000";"06088";"Nice";"06";"None";"None";"06088000KY0031";"None";"None";"15";"92.07";"55";"nan";"None";"nan";"None";"None";"None";"None";"2";"3";"Dépendance";"nan";"0.0";"None";"None";"None";"None";"nan";"7.258566";"43.701321";"000KY"
"2024-43917";"2024-05-03";"1";"Vente";"400000.0";"59.0";"None";"RUE ROSSINI";"5600";"06000";"06088";"Nice";"06";"None";"None";"06088000KY0166";"None";"None";"3";"nan";"57";"nan";"None";"nan";"None";"None";"None";"None";"2";"2";"Appartement";"65.0";"3.0";"None";"None";"None";"None";"nan";"7.258158";"43.700614";"000KY"
"2024-44018";"2024-05-03";"1";"Vente";"165000.0";"26.0";"None";"RUE GUIGLIA";"3090";"06000";"06088";"Nice";"06";"None";"None";"06088000KY0027";"None";"None";"15";"nan";"160";"nan";"None";"nan";"None";"None";"None";"None";"2";"2";"Appartement";"33.0";"1.0";"None";"None";"None";"None";"nan";"7.258248";"43.701081";"000KY"
"2024-44292";"2024-05-03";"1";"Vente";"600000.0";"6.0";"None";"RUE GUIGLIA";"3090";"06000";"06088";"Nice";"06";"None";"None";"06088000KY0216";"None";"None";"17";"nan";"None";"nan";"None";"nan";"None";"None";"None";"None";"1";"2";"Appartement";"131.0";"5.0";"None";"None";"None";"None";"nan";"7.258134";"43.69894";"000KY"
"2024-49508";"2024-05-03";"1";"Vente";"115000.0";"38.0";"None";"RUE ROSSINI";"5600";"06000";"06088";"Nice";"06";"None";"None";"06088000KY0058";"None";"None";"13";"nan";"26";"23.56";"None";"nan";"None";"None";"None";"None";"2";"2";"Appartement";"23.0";"1.0";"None";"None";"None";"None";"nan";"7.258964";"43.700787";"000KY"
"2024-44018";"2024-05-03";"1";"Vente";"165000.0";"26.0";"None";"RUE GUIGLIA";"3090";"06000";"06088";"Nice";"06";"None";"None";"06088000KY0027";"None";"None";"15";"nan";"160";"nan";"None";"nan";"None";"None";"None";"None";"2";"3";"Dépendance";"nan";"0.0";"None";"None";"None";"None";"nan";"7.258248";"43.701081";"000KY"
"2024-44292";"2024-05-03";"1";"Vente";"600000.0";"6.0";"None";"RUE GUIGLIA";"3090";"06000";"06088";"Nice";"06";"None";"None";"06088000KY0216";"None";"None";"17";"nan";"None";"nan";"None";"nan";"None";"None";"None";"None";"1";"3";"Dépendance";"nan";"0.0";"None";"None";"None";"None";"nan";"7.258134";"43.69894";"000KY"
"2024-49508";"2024-05-03";"1";"Vente";"115000.0";"38.0";"None";"RUE ROSSINI";"5600";"06000";"06088";"Nice";"06";"None";"None";"06088000KY0058";"None";"None";"13";"nan";"26";"23.56";"None";"nan";"None";"None";"None";"None";"2";"3";"Dépendance";"nan";"0.0";"None";"None";"None";"None";"nan";"7.258964";"43.700787";"000KY"
"2024-44316";"2024-05-02";"1";"Vente";"136000.0";"16.0";"None";"RUE BERLIOZ";"0790";"06000";"06088";"Nice";"06";"None";"None";"06088000KY0312";"None";"None";"17";"17.62";"None";"nan";"None";"nan";"None";"None";"None";"None";"1";"2";"Appartement";"20.0";"1.0";"None";"None";"None";"None";"nan";"7.259558";"43.699943";"000KY"
"2024-44209";"2024-04-29";"1";"Vente";"1140000.0";"32.0";"None";"RUE ROSSINI";"5600";"06000";"06088";"Nice";"06";"None";"None";"06088000KY0064";"None";"None";"3";"nan";"30";"nan";"None";"nan";"None";"None";"None";"None";"2";"2";"Appartement";"128.0";"3.0";"None";"None";"None";"None";"nan";"7.259847";"43.700785";"000KY"
"2024-44209";"2024-04-29";"1";"Vente";"1140000.0";"32.0";"None";"RUE ROSSINI";"5600";"06000";"06088";"Nice";"06";"None";"None";"06088000KY0064";"None";"None";"3";"nan";"30";"nan";"None";"nan";"None";"None";"None";"None";"2";"3";"Dépendance";"nan";"0.0";"None";"None";"None";"None";"nan";"7.259847";"43.700785";"000KY"
"2024-44209";"2024-04-29";"1";"Vente";"1140000.0";"32.0";"None";"RUE ROSSINI";"5600";"06000";"06088";"Nice";"06";"None";"None";"06088000KY0064";"None";"None";"3";"nan";"30";"nan";"None";"nan";"None";"None";"None";"None";"2";"3";"Dépendance";"nan";"0.0";"None";"None";"None";"None";"nan";"7.259847";"43.700785";"000KY"
"2024-43764";"2024-04-26";"1";"Vente";"654500.0";"1.0";"B";"AV DURANTE";"2125";"06000";"06088";"Nice";"06";"None";"None";"06088000KY0109";"None";"None";"10";"nan";"17";"98.96";"None";"nan";"None";"None";"None";"None";"2";"2";"Appartement";"90.0";"4.0";"None";"None";"None";"None";"nan";"7.262151";"43.701241";"000KY"
"2024-44231";"2024-04-26";"1";"Vente";"580000.0";"6.0";"None";"RUE VERDI";"6620";"06000";"06088";"Nice";"06";"None";"None";"06088000KY0121";"None";"None";"21";"nan";"None";"nan";"None";"nan";"None";"None";"None";"None";"1";"2";"Appartement";"88.0";"3.0";"None";"None";"None";"None";"nan";"7.261625";"43.699811";"000KY"
"2024-44231";"2024-04-26";"1";"Vente";"580000.0";"6.0";"None";"RUE VERDI";"6620";"06000";"06088";"Nice";"06";"None";"None";"06088000KY0121";"None";"None";"22";"nan";"None";"nan";"None";"nan";"None";"None";"None";"None";"1";"4";"Local industriel. commercial ou assimilé";"72.0";"0.0";"None";"None";"None";"None";"nan";"7.261625";"43.699811";"000KY"
"2024-44398";"2024-04-25";"1";"Vente";"440000.0";"15.0";"None";"RUE VERDI";"6620";"06000";"06088";"Nice";"06";"None";"None";"06088000KY0255";"None";"None";"121";"nan";"31";"nan";"None";"nan";"None";"None";"None";"None";"2";"2";"Appartement";"79.0";"3.0";"None";"None";"None";"None";"nan";"7.259982";"43.699381";"000KY"
"2024-44398";"2024-04-25";"1";"Vente";"440000.0";"15.0";"None";"RUE VERDI";"6620";"06000";"06088";"Nice";"06";"None";"None";"06088000KY0255";"None";"None";"121";"nan";"31";"nan";"None";"nan";"None";"None";"None";"None";"2";"3";"Dépendance";"nan";"0.0";"None";"None";"None";"None";"nan";"7.259982";"43.699381";"000KY"
"2024-43387";"2024-04-19";"1";"Vente";"95000.0";"36.0";"None";"RUE HEROLD";"3235";"06000";"06088";"Nice";"06";"None";"None";"06088000KY0057";"None";"None";"143";"31.2";"None";"nan";"None";"nan";"None";"None";"None";"None";"1";"2";"Appartement";"30.0";"1.0";"None";"None";"None";"None";"nan";"7.259139";"43.700904";"000KY"
"2024-43442";"2024-04-19";"1";"Vente";"540000.0";"33.0";"None";"RUE VERDI";"6620";"06000";"06088";"Nice";"06";"None";"None";"06088000KY0221";"None";"None";"34";"nan";"5";"94.41";"None";"nan";"None";"None";"None";"None";"2";"2";"Appartement";"92.0";"3.0";"None";"None";"None";"None";"nan";"7.258044";"43.699364";"000KY"
"2024-43442";"2024-04-19";"1";"Vente";"540000.0";"6.0";"None";"AV EMILIA";"2260";"06000";"06088";"Nice";"06";"None";"None";"06088000KY0200";"None";"None";"4";"nan";"None";"nan";"None";"nan";"None";"None";"None";"None";"1";"3";"Dépendance";"nan";"0.0";"None";"None";"None";"None";"nan";"7.257075";"43.699293";"000KY"
"2024-43442";"2024-04-19";"1";"Vente";"540000.0";"33.0";"None";"RUE VERDI";"6620";"06000";"06088";"Nice";"06";"None";"None";"06088000KY0221";"None";"None";"34";"nan";"5";"94.41";"None";"nan";"None";"None";"None";"None";"2";"3";"Dépendance";"nan";"0.0";"None";"None";"None";"None";"nan";"7.258044";"43.699364";"000KY"
"2024-43800";"2024-04-18";"1";"Vente";"145000.0";"29.0";"None";"RUE BERLIOZ";"0790";"06000";"06088";"Nice";"06";"None";"None";"06088000KY0286";"None";"None";"17";"nan";"6";"nan";"None";"nan";"None";"None";"None";"None";"2";"2";"Appartement";"30.0";"1.0";"None";"None";"None";"None";"nan";"7.25927";"43.701073";"000KY"
"2024-43800";"2024-04-18";"1";"Vente";"145000.0";"29.0";"None";"RUE BERLIOZ";"0790";"06000";"06088";"Nice";"06";"None";"None";"06088000KY0286";"None";"None";"17";"nan";"6";"nan";"None";"nan";"None";"None";"None";"None";"2";"3";"Dépendance";"nan";"0.0";"None";"None";"None";"None";"nan";"7.25927";"43.701073";"000KY"
"2024-43622";"2024-04-15";"1";"Vente";"647300.0";"39.0";"None";"AV G CLEMENCEAU";"2880";"06000";"06088";"Nice";"06";"None";"None";"06088000KY0089";"None";"None";"21";"nan";"None";"nan";"None";"nan";"None";"None";"None";"None";"1";"2";"Appartement";"92.0";"4.0";"None";"None";"None";"None";"nan";"7.260951";"43.701631";"000KY"
"2024-43276";"2024-04-11";"1";"Vente";"100000.0";"38.0";"None";"RUE HEROLD";"3235";"06000";"06088";"Nice";"06";"None";"None";"06088000KY0285";"None";"None";"15";"25.57";"29";"nan";"None";"nan";"None";"None";"None";"None";"2";"2";"Appartement";"25.0";"1.0";"None";"None";"None";"None";"nan";"7.259059";"43.701088";"000KY"
"2024-43276";"2024-04-11";"1";"Vente";"100000.0";"38.0";"None";"RUE HEROLD";"3235";"06000";"06088";"Nice";"06";"None";"None";"06088000KY0285";"None";"None";"15";"25.57";"29";"nan";"None";"nan";"None";"None";"None";"None";"2";"3";"Dépendance";"nan";"0.0";"None";"None";"None";"None";"nan";"7.259059";"43.701088";"000KY"
"2024-43695";"2024-04-10";"1";"Vente";"617200.0";"44.0";"None";"RUE ROSSINI";"5600";"06000";"06088";"Nice";"06";"None";"None";"06088000KY0027";"None";"None";"155";"nan";"53";"89.1";"None";"nan";"None";"None";"None";"None";"2";"2";"Appartement";"73.0";"3.0";"None";"None";"None";"None";"nan";"7.258248";"43.701081";"000KY"
"2024-43401";"2024-04-10";"1";"Vente";"95000.0";"3.0";"None";"AV BAQUIS";"0545";"06000";"06088";"Nice";"06";"None";"None";"06088000KY0269";"None";"None";"58";"nan";"None";"nan";"None";"nan";"None";"None";"None";"None";"1";"3";"Dépendance";"nan";"0.0";"None";"None";"None";"None";"nan";"7.261862";"43.699265";"000KY"
"2024-43695";"2024-04-10";"1";"Vente";"617200.0";"44.0";"None";"RUE ROSSINI";"5600";"06000";"06088";"Nice";"06";"None";"None";"06088000KY0027";"None";"None";"155";"nan";"53";"89.1";"None";"nan";"None";"None";"None";"None";"2";"3";"Dépendance";"nan";"0.0";"None";"None";"None";"None";"nan";"7.258248";"43.701081";"000KY"
"2024-43251";"2024-04-08";"1";"Vente";"350000.0";"47.0";"None";"AV G CLEMENCEAU";"2880";"06000";"06088";"Nice";"06";"None";"None";"06088000KY0076";"None";"None";"141";"49.15";"55";"nan";"None";"nan";"None";"None";"None";"None";"2";"2";"Appartement";"55.0";"2.0";"None";"None";"None";"None";"nan";"7.259888";"43.701741";"000KY"
"2024-43258";"2024-04-08";"1";"Vente";"270000.0";"3.0";"None";"RUE AMIRAL DE GRASSE";"0170";"06000";"06088";"Nice";"06";"None";"None";"06088000KY0302";"None";"None";"69";"58.6";"None";"nan";"None";"nan";"None";"None";"None";"None";"1";"2";"Appartement";"62.0";"2.0";"None";"None";"None";"None";"nan";"7.256514";"43.701267";"000KY"
"2024-43251";"2024-04-08";"1";"Vente";"350000.0";"47.0";"None";"AV G CLEMENCEAU";"2880";"06000";"06088";"Nice";"06";"None";"None";"06088000KY0076";"None";"None";"141";"49.15";"55";"nan";"None";"nan";"None";"None";"None";"None";"2";"3";"Dépendance";"nan";"0.0";"None";"None";"None";"None";"nan";"7.259888";"43.701741";"000KY"
"2024-43258";"2024-04-08";"1";"Vente";"270000.0";"3.0";"None";"RUE AMIRAL DE GRASSE";"0170";"06000";"06088";"Nice";"06";"None";"None";"06088000KY0302";"None";"None";"42";"nan";"None";"nan";"None";"nan";"None";"None";"None";"None";"1";"3";"Dépendance";"nan";"0.0";"None";"None";"None";"None";"nan";"7.256514";"43.701267";"000KY"
"2024-42911";"2024-04-05";"1";"Vente";"108000.0";"24.0";"None";"RUE HEROLD";"3235";"06000";"06088";"Nice";"06";"None";"None";"06088000KY0158";"None";"None";"232";"15.24";"None";"nan";"None";"nan";"None";"None";"None";"None";"1";"2";"Appartement";"15.0";"1.0";"None";"None";"None";"None";"nan";"7.258773";"43.700099";"000KY"
"2024-43037";"2024-04-05";"1";"Vente";"279735.0";"20.0";"None";"RUE BERLIOZ";"0790";"06000";"06088";"Nice";"06";"None";"None";"06088000KY0143";"None";"None";"15";"nan";"37";"43.34";"None";"nan";"None";"None";"None";"None";"2";"2";"Appartement";"43.0";"2.0";"None";"None";"None";"None";"nan";"7.259713";"43.700341";"000KY"
"2024-43037";"2024-04-05";"1";"Vente";"279735.0";"20.0";"None";"RUE BERLIOZ";"0790";"06000";"06088";"Nice";"06";"None";"None";"06088000KY0143";"None";"None";"15";"nan";"37";"43.34";"None";"nan";"None";"None";"None";"None";"2";"3";"Dépendance";"nan";"0.0";"None";"None";"None";"None";"nan";"7.259713";"43.700341";"000KY"
"2024-43056";"2024-04-04";"1";"Vente";"750302.0";"38.0";"None";"RUE VERDI";"6620";"06000";"06088";"Nice";"06";"None";"None";"06088000KY0174";"None";"None";"11";"nan";"23";"100.6";"None";"nan";"None";"None";"None";"None";"2";"2";"Appartement";"112.0";"3.0";"None";"None";"None";"None";"nan";"7.257438";"43.699764";"000KY"
"2024-43505";"2024-04-04";"1";"Vente";"163500.0";"44.0";"None";"RUE ROSSINI";"5600";"06000";"06088";"Nice";"06";"None";"None";"06088000KY0027";"None";"None";"176";"nan";"54";"nan";"None";"nan";"None";"None";"None";"None";"2";"2";"Appartement";"35.0";"1.0";"None";"None";"None";"None";"nan";"7.258248";"43.701081";"000KY"
"2024-43056";"2024-04-04";"1";"Vente";"750302.0";"38.0";"None";"RUE VERDI";"6620";"06000";"06088";"Nice";"06";"None";"None";"06088000KY0174";"None";"None";"11";"nan";"23";"100.6";"None";"nan";"None";"None";"None";"None";"2";"3";"Dépendance";"nan";"0.0";"None";"None";"None";"None";"nan";"7.257438";"43.699764";"000KY"
"2024-43056";"2024-04-04";"1";"Vente";"750302.0";"38.0";"None";"RUE VERDI";"6620";"06000";"06088";"Nice";"06";"None";"None";"06088000KY0174";"None";"None";"31";"nan";"None";"nan";"None";"nan";"None";"None";"None";"None";"1";"3";"Dépendance";"nan";"0.0";"None";"None";"None";"None";"nan";"7.257438";"43.699764";"000KY"
"2024-43505";"2024-04-04";"1";"Vente";"163500.0";"44.0";"None";"RUE ROSSINI";"5600";"06000";"06088";"Nice";"06";"None";"None";"06088000KY0027";"None";"None";"176";"nan";"54";"nan";"None";"nan";"None";"None";"None";"None";"2";"3";"Dépendance";"nan";"0.0";"None";"None";"None";"None";"nan";"7.258248";"43.701081";"000KY"
"2024-43592";"2024-04-03";"1";"Vente";"2800000.0";"8.0";"None";"RUE GOUNOD";"2985";"06000";"06088";"Nice";"06";"None";"None";"06088000KY0258";"None";"None";"None";"nan";"None";"nan";"None";"nan";"None";"None";"None";"None";"0";"2";"Appartement";"45.0";"2.0";"S";"sols";"None";"None";"218.0";"7.260445";"43.699243";"000KY"
"2024-43592";"2024-04-03";"1";"Vente";"2800000.0";"8.0";"None";"RUE GOUNOD";"2985";"06000";"06088";"Nice";"06";"None";"None";"06088000KY0258";"None";"None";"None";"nan";"None";"nan";"None";"nan";"None";"None";"None";"None";"0";"2";"Appartement";"45.0";"2.0";"S";"sols";"None";"None";"218.0";"7.260445";"43.699243";"000KY"
"2024-43592";"2024-04-03";"1";"Vente";"2800000.0";"8.0";"None";"RUE GOUNOD";"2985";"06000";"06088";"Nice";"06";"None";"None";"06088000KY0258";"None";"None";"None";"nan";"None";"nan";"None";"nan";"None";"None";"None";"None";"0";"2";"Appartement";"37.0";"2.0";"S";"sols";"None";"None";"218.0";"7.260445";"43.699243";"000KY"
"2024-43592";"2024-04-03";"1";"Vente";"2800000.0";"8.0";"None";"RUE GOUNOD";"2985";"06000";"06088";"Nice";"06";"None";"None";"06088000KY0258";"None";"None";"None";"nan";"None";"nan";"None";"nan";"None";"None";"None";"None";"0";"2";"Appartement";"66.0";"3.0";"S";"sols";"None";"None";"218.0";"7.260445";"43.699243";"000KY"
"2024-43592";"2024-04-03";"1";"Vente";"2800000.0";"8.0";"None";"RUE GOUNOD";"2985";"06000";"06088";"Nice";"06";"None";"None";"06088000KY0258";"None";"None";"None";"nan";"None";"nan";"None";"nan";"None";"None";"None";"None";"0";"2";"Appartement";"50.0";"2.0";"S";"sols";"None";"None";"218.0";"7.260445";"43.699243";"000KY"
"2024-43592";"2024-04-03";"1";"Vente";"2800000.0";"8.0";"None";"RUE GOUNOD";"2985";"06000";"06088";"Nice";"06";"None";"None";"06088000KY0258";"None";"None";"None";"nan";"None";"nan";"None";"nan";"None";"None";"None";"None";"0";"2";"Appartement";"66.0";"3.0";"S";"sols";"None";"None";"218.0";"7.260445";"43.699243";"000KY"
"2024-43592";"2024-04-03";"1";"Vente";"2800000.0";"8.0";"None";"RUE GOUNOD";"2985";"06000";"06088";"Nice";"06";"None";"None";"06088000KY0258";"None";"None";"None";"nan";"None";"nan";"None";"nan";"None";"None";"None";"None";"0";"2";"Appartement";"50.0";"2.0";"S";"sols";"None";"None";"218.0";"7.260445";"43.699243";"000KY"
"2024-43592";"2024-04-03";"1";"Vente";"2800000.0";"8.0";"None";"RUE GOUNOD";"2985";"06000";"06088";"Nice";"06";"None";"None";"06088000KY0258";"None";"None";"None";"nan";"None";"nan";"None";"nan";"None";"None";"None";"None";"0";"2";"Appartement";"66.0";"3.0";"S";"sols";"None";"None";"218.0";"7.260445";"43.699243";"000KY"
"2024-43592";"2024-04-03";"1";"Vente";"2800000.0";"8.0";"None";"RUE GOUNOD";"2985";"06000";"06088";"Nice";"06";"None";"None";"06088000KY0258";"None";"None";"None";"nan";"None";"nan";"None";"nan";"None";"None";"None";"None";"0";"2";"Appartement";"50.0";"2.0";"S";"sols";"None";"None";"218.0";"7.260445";"43.699243";"000KY"
"2024-43592";"2024-04-03";"1";"Vente";"2800000.0";"8.0";"None";"RUE GOUNOD";"2985";"06000";"06088";"Nice";"06";"None";"None";"06088000KY0258";"None";"None";"None";"nan";"None";"nan";"None";"nan";"None";"None";"None";"None";"0";"2";"Appartement";"22.0";"1.0";"S";"sols";"None";"None";"218.0";"7.260445";"43.699243";"000KY"
"2024-43592";"2024-04-03";"1";"Vente";"2800000.0";"8.0";"None";"RUE GOUNOD";"2985";"06000";"06088";"Nice";"06";"None";"None";"06088000KY0258";"None";"None";"None";"nan";"None";"nan";"None";"nan";"None";"None";"None";"None";"0";"3";"Dépendance";"nan";"0.0";"S";"sols";"None";"None";"218.0";"7.260445";"43.699243";"000KY"
"2024-43592";"2024-04-03";"1";"Vente";"2800000.0";"8.0";"None";"RUE GOUNOD";"2985";"06000";"06088";"Nice";"06";"None";"None";"06088000KY0258";"None";"None";"None";"nan";"None";"nan";"None";"nan";"None";"None";"None";"None";"0";"3";"Dépendance";"nan";"0.0";"S";"sols";"None";"None";"218.0";"7.260445";"43.699243";"000KY"
"2024-43592";"2024-04-03";"1";"Vente";"2800000.0";"8.0";"None";"RUE GOUNOD";"2985";"06000";"06088";"Nice";"06";"None";"None";"06088000KY0258";"None";"None";"None";"nan";"None";"nan";"None";"nan";"None";"None";"None";"None";"0";"3";"Dépendance";"nan";"0.0";"S";"sols";"None";"None";"218.0";"7.260445";"43.699243";"000KY"
"2024-43592";"2024-04-03";"1";"Vente";"2800000.0";"8.0";"None";"RUE GOUNOD";"2985";"06000";"06088";"Nice";"06";"None";"None";"06088000KY0258";"None";"None";"None";"nan";"None";"nan";"None";"nan";"None";"None";"None";"None";"0";"3";"Dépendance";"nan";"0.0";"S";"sols";"None";"None";"218.0";"7.260445";"43.699243";"000KY"
"2024-43592";"2024-04-03";"1";"Vente";"2800000.0";"8.0";"None";"RUE GOUNOD";"2985";"06000";"06088";"Nice";"06";"None";"None";"06088000KY0258";"None";"None";"None";"nan";"None";"nan";"None";"nan";"None";"None";"None";"None";"0";"3";"Dépendance";"nan";"0.0";"S";"sols";"None";"None";"218.0";"7.260445";"43.699243";"000KY"
"2024-43592";"2024-04-03";"1";"Vente";"2800000.0";"8.0";"None";"RUE GOUNOD";"2985";"06000";"06088";"Nice";"06";"None";"None";"06088000KY0258";"None";"None";"None";"nan";"None";"nan";"None";"nan";"None";"None";"None";"None";"0";"3";"Dépendance";"nan";"0.0";"S";"sols";"None";"None";"218.0";"7.260445";"43.699243";"000KY"
"2024-43592";"2024-04-03";"1";"Vente";"2800000.0";"8.0";"None";"RUE GOUNOD";"2985";"06000";"06088";"Nice";"06";"None";"None";"06088000KY0258";"None";"None";"None";"nan";"None";"nan";"None";"nan";"None";"None";"None";"None";"0";"3";"Dépendance";"nan";"0.0";"S";"sols";"None";"None";"218.0";"7.260445";"43.699243";"000KY"
"2024-43592";"2024-04-03";"1";"Vente";"2800000.0";"8.0";"None";"RUE GOUNOD";"2985";"06000";"06088";"Nice";"06";"None";"None";"06088000KY0258";"None";"None";"None";"nan";"None";"nan";"None";"nan";"None";"None";"None";"None";"0";"4";"Local industriel. commercial ou assimilé";"140.0";"0.0";"S";"sols";"None";"None";"218.0";"7.260445";"43.699243";"000KY"
"2024-42777";"2024-04-02";"1";"Vente";"122000.0";"32.0";"None";"RUE GOUNOD";"2985";"06000";"06088";"Nice";"06";"None";"None";"06088000KY0090";"None";"None";"41";"nan";"None";"nan";"None";"nan";"None";"None";"None";"None";"1";"3";"Dépendance";"nan";"0.0";"None";"None";"None";"None";"nan";"7.261041";"43.701466";"000KY"
"2024-42570";"2024-03-29";"1";"Vente";"37000.0";"62.0";"None";"BD GAMBETTA";"2755";"06000";"06088";"Nice";"06";"None";"None";"06088000KY0001";"None";"None";"149";"nan";"None";"nan";"None";"nan";"None";"None";"None";"None";"1";"3";"Dépendance";"nan";"0.0";"None";"None";"None";"None";"nan";"7.256638";"43.701528";"000KY"
"2024-42738";"2024-03-28";"1";"Vente";"199940.0";"47.0";"None";"RUE ROSSINI";"5600";"06000";"06088";"Nice";"06";"None";"None";"06088000KY0141";"None";"None";"15";"30.01";"None";"nan";"None";"nan";"None";"None";"None";"None";"1";"2";"Appartement";"30.0";"1.0";"None";"None";"None";"None";"nan";"7.259788";"43.700429";"000KY"
"2024-42797";"2024-03-28";"1";"Vente";"235000.0";"20.0";"None";"RUE BERLIOZ";"0790";"06000";"06088";"Nice";"06";"None";"None";"06088000KY0143";"None";"None";"24";"nan";"4";"nan";"None";"nan";"None";"None";"None";"None";"2";"2";"Appartement";"65.0";"3.0";"None";"None";"None";"None";"nan";"7.259713";"43.700341";"000KY"
"2024-42797";"2024-03-28";"1";"Vente";"235000.0";"20.0";"None";"RUE BERLIOZ";"0790";"06000";"06088";"Nice";"06";"None";"None";"06088000KY0143";"None";"None";"24";"nan";"4";"nan";"None";"nan";"None";"None";"None";"None";"2";"3";"Dépendance";"nan";"0.0";"None";"None";"None";"None";"nan";"7.259713";"43.700341";"000KY"
"2024-42460";"2024-03-26";"1";"Vente";"70500.0";"11.0";"None";"AV BAQUIS";"0545";"06000";"06088";"Nice";"06";"None";"None";"06088000KY0116";"None";"None";"38";"42.83";"None";"nan";"None";"nan";"None";"None";"None";"None";"1";"2";"Appartement";"46.0";"2.0";"None";"None";"None";"None";"nan";"7.261973";"43.70002";"000KY"
"2024-42514";"2024-03-26";"1";"Vente";"213700.0";"17.0";"None";"RUE GOUNOD";"2985";"06000";"06088";"Nice";"06";"None";"None";"06088000KY0138";"None";"None";"42";"30.11";"8";"nan";"None";"nan";"None";"None";"None";"None";"2";"2";"Appartement";"30.0";"2.0";"None";"None";"None";"None";"nan";"7.2603";"43.700361";"000KY"
"2024-42547";"2024-03-22";"1";"Vente";"352500.0";"18.0";"None";"RUE GUIGLIA";"3090";"06000";"06088";"Nice";"06";"None";"None";"06088000KY0167";"None";"None";"34";"80.14";"None";"nan";"None";"nan";"None";"None";"None";"None";"1";"2";"Appartement";"73.0";"4.0";"None";"None";"None";"None";"nan";"7.258148";"43.700464";"000KY"
"2024-42547";"2024-03-22";"1";"Vente";"352500.0";"18.0";"None";"RUE GUIGLIA";"3090";"06000";"06088";"Nice";"06";"None";"None";"06088000KY0167";"None";"None";"34";"80.14";"None";"nan";"None";"nan";"None";"None";"None";"None";"1";"3";"Dépendance";"nan";"0.0";"None";"None";"None";"None";"nan";"7.258148";"43.700464";"000KY"
"2024-42241";"2024-03-15";"1";"Vente";"329900.0";"33.0";"None";"RUE BERLIOZ";"0790";"06000";"06088";"Nice";"06";"None";"None";"06088000KY0054";"None";"None";"10";"nan";"29";"63.41";"None";"nan";"None";"None";"None";"None";"2";"2";"Appartement";"77.0";"4.0";"None";"None";"None";"None";"nan";"7.259204";"43.701324";"000KY"
"2024-42241";"2024-03-15";"1";"Vente";"329900.0";"33.0";"None";"RUE BERLIOZ";"0790";"06000";"06088";"Nice";"06";"None";"None";"06088000KY0054";"None";"None";"10";"nan";"29";"63.41";"None";"nan";"None";"None";"None";"None";"2";"3";"Dépendance";"nan";"0.0";"None";"None";"None";"None";"nan";"7.259204";"43.701324";"000KY"
"2024-41940";"2024-03-14";"1";"Vente";"550000.0";"18.0";"None";"AV AUBER";"0425";"06000";"06088";"Nice";"06";"None";"None";"06088000KY0110";"None";"None";"159";"nan";"81";"nan";"None";"nan";"None";"None";"None";"None";"2";"2";"Appartement";"98.0";"4.0";"None";"None";"None";"None";"nan";"7.261844";"43.701172";"000KY"
"2024-41940";"2024-03-14";"1";"Vente";"550000.0";"18.0";"None";"AV AUBER";"0425";"06000";"06088";"Nice";"06";"None";"None";"06088000KY0110";"None";"None";"159";"nan";"81";"nan";"None";"nan";"None";"None";"None";"None";"2";"3";"Dépendance";"nan";"0.0";"None";"None";"None";"None";"nan";"7.261844";"43.701172";"000KY"
"2024-41940";"2024-03-14";"1";"Vente";"550000.0";"18.0";"None";"AV AUBER";"0425";"06000";"06088";"Nice";"06";"None";"None";"06088000KY0110";"None";"None";"159";"nan";"81";"nan";"None";"nan";"None";"None";"None";"None";"2";"3";"Dépendance";"nan";"0.0";"None";"None";"None";"None";"nan";"7.261844";"43.701172";"000KY"
"2024-42383";"2024-03-12";"1";"Vente";"210000.0";"69.0";"None";"RUE ROSSINI";"5600";"06000";"06088";"Nice";"06";"None";"None";"06088000KY0187";"None";"None";"1";"50.92";"None";"nan";"None";"nan";"None";"None";"None";"None";"1";"4";"Local industriel. commercial ou assimilé";"31.0";"0.0";"None";"None";"None";"None";"nan";"7.25689";"43.700723";"000KY"
"2024-42454";"2024-03-08";"1";"Vente";"104000.0";"24.0";"None";"RUE GOUNOD";"2985";"06000";"06088";"Nice";"06";"None";"None";"06088000KY0095";"None";"None";"292";"nan";"None";"nan";"None";"nan";"None";"None";"None";"None";"1";"2";"Appartement";"19.0";"1.0";"None";"None";"None";"None";"nan";"7.261213";"43.701137";"000KY"
"2024-42192";"2024-03-06";"1";"Vente";"64000.0";"9.0";"None";"RUE VERDI";"6620";"06000";"06088";"Nice";"06";"None";"None";"06088000KY0265";"None";"None";"55";"nan";"None";"nan";"None";"nan";"None";"None";"None";"None";"1";"2";"Appartement";"47.0";"2.0";"None";"None";"None";"None";"nan";"7.260908";"43.699323";"000KY"
"2024-41647";"2024-02-29";"1";"Vente";"310000.0";"3.0";"None";"RUE GUIGLIA";"3090";"06000";"06088";"Nice";"06";"None";"None";"06088000KY0205";"None";"None";"4";"nan";"40";"48.0";"None";"nan";"None";"None";"None";"None";"2";"2";"Appartement";"40.0";"2.0";"None";"None";"None";"None";"nan";"7.257529";"43.699049";"000KY"
"2024-41647";"2024-02-29";"1";"Vente";"310000.0";"3.0";"None";"RUE GUIGLIA";"3090";"06000";"06088";"Nice";"06";"None";"None";"06088000KY0205";"None";"None";"4";"nan";"40";"48.0";"None";"nan";"None";"None";"None";"None";"2";"3";"Dépendance";"nan";"0.0";"None";"None";"None";"None";"nan";"7.257529";"43.699049";"000KY"
"2024-41731";"2024-02-27";"1";"Vente";"245000.0";"25.0";"None";"RUE BERLIOZ";"0790";"06000";"06088";"Nice";"06";"None";"None";"06088000KY0057";"None";"None";"155";"nan";"None";"nan";"None";"nan";"None";"None";"None";"None";"1";"2";"Appartement";"30.0";"1.0";"None";"None";"None";"None";"nan";"7.259139";"43.700904";"000KY"
"2024-41458";"2024-02-26";"1";"Vente";"402990.0";"37.0";"None";"RUE HEROLD";"3235";"06000";"06088";"Nice";"06";"None";"None";"06088000KY0030";"None";"None";"24";"nan";"8";"72.09";"None";"nan";"None";"None";"None";"None";"2";"2";"Appartement";"62.0";"2.0";"None";"None";"None";"None";"nan";"7.258525";"43.701077";"000KY"
"2024-41842";"2024-02-26";"1";"Vente";"700400.0";"11.0";"None";"RUE GUIGLIA";"3090";"06000";"06088";"Nice";"06";"None";"None";"06088000KY0173";"None";"None";"31";"80.11";"5";"nan";"None";"nan";"None";"None";"None";"None";"2";"2";"Appartement";"81.0";"4.0";"None";"None";"None";"None";"nan";"7.257539";"43.699912";"000KY"
"2024-41458";"2024-02-26";"1";"Vente";"402990.0";"37.0";"None";"RUE HEROLD";"3235";"06000";"06088";"Nice";"06";"None";"None";"06088000KY0030";"None";"None";"24";"nan";"8";"72.09";"None";"nan";"None";"None";"None";"None";"2";"3";"Dépendance";"nan";"0.0";"None";"None";"None";"None";"nan";"7.258525";"43.701077";"000KY"
"2024-41842";"2024-02-26";"1";"Vente";"700400.0";"11.0";"None";"RUE GUIGLIA";"3090";"06000";"06088";"Nice";"06";"None";"None";"06088000KY0173";"None";"None";"31";"80.11";"5";"nan";"None";"nan";"None";"None";"None";"None";"2";"3";"Dépendance";"nan";"0.0";"None";"None";"None";"None";"nan";"7.257539";"43.699912";"000KY"
"2024-41842";"2024-02-26";"1";"Vente";"700400.0";"11.0";"None";"RUE GUIGLIA";"3090";"06000";"06088";"Nice";"06";"None";"None";"06088000KY0173";"None";"None";"31";"80.11";"5";"nan";"None";"nan";"None";"None";"None";"None";"2";"3";"Dépendance";"nan";"0.0";"None";"None";"None";"None";"nan";"7.257539";"43.699912";"000KY"
"2024-41366";"2024-02-22";"1";"Vente";"161000.0";"43.0";"None";"AV THIERS";"6400";"06000";"06088";"Nice";"06";"None";"None";"06088000KY0004";"None";"None";"103";"42.73";"36";"nan";"None";"nan";"None";"None";"None";"None";"2";"2";"Appartement";"41.0";"1.0";"None";"None";"None";"None";"nan";"7.257224";"43.701822";"000KY"
"2024-41366";"2024-02-22";"1";"Vente";"161000.0";"43.0";"None";"AV THIERS";"6400";"06000";"06088";"Nice";"06";"None";"None";"06088000KY0004";"None";"None";"103";"42.73";"36";"nan";"None";"nan";"None";"None";"None";"None";"2";"3";"Dépendance";"nan";"0.0";"None";"None";"None";"None";"nan";"7.257224";"43.701822";"000KY"
"2024-41282";"2024-02-21";"1";"Vente";"340000.0";"2.0";"B";"RUE VERDI";"6620";"06000";"06088";"Nice";"06";"None";"None";"06088000KY0119";"None";"None";"16";"nan";"2";"nan";"None";"nan";"None";"None";"None";"None";"2";"2";"Appartement";"48.0";"2.0";"None";"None";"None";"None";"nan";"7.261928";"43.699845";"000KY"
"2024-41282";"2024-02-21";"1";"Vente";"340000.0";"2.0";"B";"RUE VERDI";"6620";"06000";"06088";"Nice";"06";"None";"None";"06088000KY0119";"None";"None";"16";"nan";"2";"nan";"None";"nan";"None";"None";"None";"None";"2";"3";"Dépendance";"nan";"0.0";"None";"None";"None";"None";"nan";"7.261928";"43.699845";"000KY"
"2024-41246";"2024-02-20";"1";"Vente";"315750.0";"31.0";"None";"RUE GUIGLIA";"3090";"06000";"06088";"Nice";"06";"None";"None";"06088000KY0019";"None";"None";"20";"56.74";"3";"nan";"None";"nan";"None";"None";"None";"None";"2";"2";"Appartement";"60.0";"2.0";"None";"None";"None";"None";"nan";"7.257818";"43.701846";"000KY"
"2024-41246";"2024-02-20";"1";"Vente";"315750.0";"31.0";"None";"RUE GUIGLIA";"3090";"06000";"06088";"Nice";"06";"None";"None";"06088000KY0019";"None";"None";"20";"56.74";"3";"nan";"None";"nan";"None";"None";"None";"None";"2";"3";"Dépendance";"nan";"0.0";"None";"None";"None";"None";"nan";"7.257818";"43.701846";"000KY"
"2024-41318";"2024-02-19";"1";"Vente";"38000.0";"30.0";"None";"RUE GOUNOD";"2985";"06000";"06088";"Nice";"06";"None";"None";"06088000KY0095";"None";"None";"240";"nan";"None";"nan";"None";"nan";"None";"None";"None";"None";"1";"3";"Dépendance";"nan";"0.0";"None";"None";"None";"None";"nan";"7.261213";"43.701137";"000KY"
"2024-41325";"2024-02-13";"1";"Vente";"780000.0";"40.0";"None";"BD VICTOR HUGO";"6655";"06000";"06088";"Nice";"06";"None";"None";"06088000KY0273";"None";"None";"27";"nan";"None";"nan";"None";"nan";"None";"None";"None";"None";"1";"2";"Appartement";"100.0";"3.0";"None";"None";"None";"None";"nan";"7.261573";"43.699025";"000KY"
"2024-41325";"2024-02-13";"1";"Vente";"780000.0";"40.0";"None";"BD VICTOR HUGO";"6655";"06000";"06088";"Nice";"06";"None";"None";"06088000KY0273";"None";"None";"27";"nan";"None";"nan";"None";"nan";"None";"None";"None";"None";"1";"3";"Dépendance";"nan";"0.0";"None";"None";"None";"None";"nan";"7.261573";"43.699025";"000KY"
"2024-41004";"2024-02-12";"1";"Vente";"730000.0";"18.0";"None";"AV AUBER";"0425";"06000";"06088";"Nice";"06";"None";"None";"06088000KY0110";"None";"None";"153";"nan";"91";"nan";"None";"nan";"None";"None";"None";"None";"2";"2";"Appartement";"98.0";"4.0";"None";"None";"None";"None";"nan";"7.261844";"43.701172";"000KY"
"2024-41004";"2024-02-12";"1";"Vente";"730000.0";"18.0";"None";"AV AUBER";"0425";"06000";"06088";"Nice";"06";"None";"None";"06088000KY0110";"None";"None";"121";"nan";"None";"nan";"None";"nan";"None";"None";"None";"None";"1";"3";"Dépendance";"nan";"0.0";"None";"None";"None";"None";"nan";"7.261844";"43.701172";"000KY"
"2024-41004";"2024-02-12";"1";"Vente";"730000.0";"18.0";"None";"AV AUBER";"0425";"06000";"06088";"Nice";"06";"None";"None";"06088000KY0110";"None";"None";"153";"nan";"91";"nan";"None";"nan";"None";"None";"None";"None";"2";"3";"Dépendance";"nan";"0.0";"None";"None";"None";"None";"nan";"7.261844";"43.701172";"000KY"
"2024-41004";"2024-02-12";"1";"Vente";"730000.0";"18.0";"None";"AV AUBER";"0425";"06000";"06088";"Nice";"06";"None";"None";"06088000KY0110";"None";"None";"153";"nan";"91";"nan";"None";"nan";"None";"None";"None";"None";"2";"3";"Dépendance";"nan";"0.0";"None";"None";"None";"None";"nan";"7.261844";"43.701172";"000KY"
"2024-41597";"2024-02-09";"1";"Vente";"110000.0";"32.0";"None";"RUE BERLIOZ";"0790";"06000";"06088";"Nice";"06";"None";"None";"06088000KY0076";"None";"None";"134";"nan";"41";"nan";"None";"nan";"None";"None";"None";"None";"2";"2";"Appartement";"35.0";"1.0";"None";"None";"None";"None";"nan";"7.259888";"43.701741";"000KY"
"2024-40796";"2024-02-08";"1";"Vente";"130000.0";"11.0";"None";"RUE AMIRAL DE GRASSE";"0170";"06000";"06088";"Nice";"06";"None";"None";"06088000KY0005";"None";"None";"14";"nan";"33";"nan";"None";"nan";"None";"None";"None";"None";"2";"2";"Appartement";"17.0";"1.0";"None";"None";"None";"None";"nan";"7.257024";"43.701668";"000KY"
"2024-40796";"2024-02-08";"1";"Vente";"130000.0";"11.0";"None";"RUE AMIRAL DE GRASSE";"0170";"06000";"06088";"Nice";"06";"None";"None";"06088000KY0005";"None";"None";"14";"nan";"33";"nan";"None";"nan";"None";"None";"None";"None";"2";"3";"Dépendance";"nan";"0.0";"None";"None";"None";"None";"nan";"7.257024";"43.701668";"000KY"
"2024-40789";"2024-02-06";"1";"Vente";"50000.0";"32.0";"None";"RUE GUIGLIA";"3090";"06000";"06088";"Nice";"06";"None";"None";"06088000KY0036";"None";"None";"5";"nan";"None";"nan";"None";"nan";"None";"None";"None";"None";"1";"3";"Dépendance";"nan";"0.0";"None";"None";"None";"None";"nan";"7.258264";"43.701645";"000KY"
"2024-40795";"2024-02-06";"1";"Vente en l'état futur d'achèvement";"55000.0";"nan";"None";"RUE BERLIOZ";"0790";"06000";"06088";"Nice";"06";"None";"None";"06088000KY0308";"None";"None";"1";"nan";"None";"nan";"None";"nan";"None";"None";"None";"None";"1";"None";"None";"nan";"nan";"None";"None";"None";"None";"nan";"7.259838";"43.701246";"000KY"
"2024-40992";"2024-02-05";"1";"Vente";"285000.0";"39.0";"None";"RUE BERLIOZ";"0790";"06000";"06088";"Nice";"06";"None";"None";"06088000KY0050";"None";"None";"21";"nan";"None";"nan";"None";"nan";"None";"None";"None";"None";"1";"2";"Appartement";"66.0";"3.0";"None";"None";"None";"None";"nan";"7.259334";"43.70158";"000KY"
"2024-40992";"2024-02-05";"1";"Vente";"285000.0";"39.0";"None";"RUE BERLIOZ";"0790";"06000";"06088";"Nice";"06";"None";"None";"06088000KY0050";"None";"None";"21";"nan";"None";"nan";"None";"nan";"None";"None";"None";"None";"1";"3";"Dépendance";"nan";"0.0";"None";"None";"None";"None";"nan";"7.259334";"43.70158";"000KY"
"2024-40542";"2024-02-01";"1";"Vente";"258000.0";"49.0";"None";"RUE ROSSINI";"5600";"06000";"06088";"Nice";"06";"None";"None";"06088000KY0142";"None";"None";"11";"40.58";"32";"nan";"None";"nan";"None";"None";"None";"None";"2";"2";"Appartement";"42.0";"2.0";"None";"None";"None";"None";"nan";"7.259594";"43.700446";"000KY"
"2024-40542";"2024-02-01";"1";"Vente";"258000.0";"49.0";"None";"RUE ROSSINI";"5600";"06000";"06088";"Nice";"06";"None";"None";"06088000KY0142";"None";"None";"11";"40.58";"32";"nan";"None";"nan";"None";"None";"None";"None";"2";"3";"Dépendance";"nan";"0.0";"None";"None";"None";"None";"nan";"7.259594";"43.700446";"000KY"
"2024-40950";"2024-01-31";"1";"Vente";"20000.0";"22.0";"None";"RUE HEROLD";"3235";"06000";"06088";"Nice";"06";"None";"None";"06088000KY0158";"None";"None";"102";"nan";"None";"nan";"None";"nan";"None";"None";"None";"None";"1";"3";"Dépendance";"nan";"0.0";"None";"None";"None";"None";"nan";"7.258773";"43.700099";"000KY"
"2024-41601";"2024-01-31";"1";"Vente";"60000.0";"5.0";"None";"RUE GOUNOD";"2985";"06000";"06088";"Nice";"06";"None";"None";"06088000KY0255";"None";"None";"11";"nan";"None";"nan";"None";"nan";"None";"None";"None";"None";"1";"3";"Dépendance";"nan";"0.0";"None";"None";"None";"None";"nan";"7.259982";"43.699381";"000KY"
"2024-40740";"2024-01-26";"1";"Vente";"155000.0";"20.0";"None";"RUE AMIRAL DE GRASSE";"0170";"06000";"06088";"Nice";"06";"None";"None";"06088000KY0016";"None";"None";"103";"nan";"25";"nan";"None";"nan";"None";"None";"None";"None";"2";"2";"Appartement";"36.0";"1.0";"None";"None";"None";"None";"nan";"7.257669";"43.701702";"000KY"
"2024-40740";"2024-01-26";"1";"Vente";"155000.0";"20.0";"None";"RUE AMIRAL DE GRASSE";"0170";"06000";"06088";"Nice";"06";"None";"None";"06088000KY0016";"None";"None";"103";"nan";"25";"nan";"None";"nan";"None";"None";"None";"None";"2";"3";"Dépendance";"nan";"0.0";"None";"None";"None";"None";"nan";"7.257669";"43.701702";"000KY"
"2024-40512";"2024-01-26";"1";"Vente en l'état futur d'achèvement";"40000.0";"nan";"None";"RUE BERLIOZ";"0790";"06000";"06088";"Nice";"06";"None";"None";"06088000KY0308";"None";"None";"17";"nan";"None";"nan";"None";"nan";"None";"None";"None";"None";"1";"None";"None";"nan";"nan";"None";"None";"None";"None";"nan";"7.259838";"43.701246";"000KY"
"2024-40300";"2024-01-25";"1";"Vente";"122000.0";"65.0";"None";"RUE ROSSINI";"5600";"06000";"06088";"Nice";"06";"None";"None";"06088000KY0185";"None";"None";"40";"nan";"None";"nan";"None";"nan";"None";"None";"None";"None";"1";"2";"Appartement";"15.0";"1.0";"None";"None";"None";"None";"nan";"7.257344";"43.700691";"000KY"
"2024-40639";"2024-01-24";"1";"Vente";"52000.0";"29.0";"None";"RUE GUIGLIA";"3090";"06000";"06088";"Nice";"06";"None";"None";"06088000KY0020";"None";"None";"29";"nan";"None";"nan";"None";"nan";"None";"None";"None";"None";"1";"3";"Dépendance";"nan";"0.0";"None";"None";"None";"None";"nan";"7.257751";"43.701499";"000KY"
"2024-40240";"2024-01-23";"1";"Vente";"390000.0";"10.0";"None";"RUE BERLIOZ";"0790";"06000";"06088";"Nice";"06";"None";"None";"06088000KY0251";"None";"None";"68";"82.18";"None";"nan";"None";"nan";"None";"None";"None";"None";"1";"2";"Appartement";"81.0";"4.0";"None";"None";"None";"None";"nan";"7.259388";"43.699142";"000KY"
"2024-40406";"2024-01-23";"1";"Vente";"185000.0";"26.0";"None";"RUE VERDI";"6620";"06000";"06088";"Nice";"06";"None";"None";"06088000KY0323";"None";"None";"36";"nan";"38";"40.2";"None";"nan";"None";"None";"None";"None";"2";"2";"Appartement";"48.0";"2.0";"None";"None";"None";"None";"nan";"7.258913";"43.699791";"000KY"
"2024-40240";"2024-01-23";"1";"Vente";"390000.0";"10.0";"None";"RUE BERLIOZ";"0790";"06000";"06088";"Nice";"06";"None";"None";"06088000KY0251";"None";"None";"26";"nan";"None";"nan";"None";"nan";"None";"None";"None";"None";"1";"3";"Dépendance";"nan";"0.0";"None";"None";"None";"None";"nan";"7.259388";"43.699142";"000KY"
"2024-40406";"2024-01-23";"1";"Vente";"185000.0";"26.0";"None";"RUE VERDI";"6620";"06000";"06088";"Nice";"06";"None";"None";"06088000KY0323";"None";"None";"36";"nan";"38";"40.2";"None";"nan";"None";"None";"None";"None";"2";"3";"Dépendance";"nan";"0.0";"None";"None";"None";"None";"nan";"7.258913";"43.699791";"000KY"
"2024-40037";"2024-01-18";"1";"Vente";"760000.0";"40.0";"None";"RUE VERDI";"6620";"06000";"06088";"Nice";"06";"None";"None";"06088000KY0175";"None";"None";"18";"nan";"28";"140.26";"53";"nan";"None";"None";"None";"None";"3";"2";"Appartement";"135.0";"5.0";"None";"None";"None";"None";"nan";"7.257211";"43.69987";"000KY"
"2024-40253";"2024-01-18";"1";"Vente";"80000.0";"61.0";"None";"RUE ROSSINI";"5600";"06000";"06088";"Nice";"06";"None";"None";"06088000KY0183";"None";"None";"27";"nan";"None";"nan";"None";"nan";"None";"None";"None";"None";"1";"2";"Appartement";"30.0";"1.0";"None";"None";"None";"None";"nan";"7.25771";"43.700642";"000KY"
"2024-40760";"2024-01-18";"1";"Vente";"1220000.0";"32.0";"None";"RUE VERDI";"6620";"06000";"06088";"Nice";"06";"None";"None";"06088000KY0161";"None";"None";"51";"82.2";"52";"nan";"53";"nan";"None";"None";"None";"None";"3";"2";"Appartement";"86.0";"3.0";"None";"None";"None";"None";"nan";"7.258345";"43.699817";"000KY"
"2024-39833";"2024-01-18";"1";"Vente";"40000.0";"41.0";"None";"RUE HEROLD";"3235";"06000";"06088";"Nice";"06";"None";"None";"06088000KY0034";"None";"None";"14";"nan";"None";"nan";"None";"nan";"None";"None";"None";"None";"1";"3";"Dépendance";"nan";"0.0";"None";"None";"None";"None";"nan";"7.258592";"43.701467";"000KY"
"2024-40037";"2024-01-18";"1";"Vente";"760000.0";"40.0";"None";"RUE VERDI";"6620";"06000";"06088";"Nice";"06";"None";"None";"06088000KY0175";"None";"None";"18";"nan";"28";"140.26";"53";"nan";"None";"None";"None";"None";"3";"3";"Dépendance";"nan";"0.0";"None";"None";"None";"None";"nan";"7.257211";"43.69987";"000KY"
"2024-40760";"2024-01-18";"1";"Vente";"1220000.0";"32.0";"None";"RUE VERDI";"6620";"06000";"06088";"Nice";"06";"None";"None";"06088000KY0161";"None";"None";"51";"82.2";"52";"nan";"53";"nan";"None";"None";"None";"None";"3";"3";"Dépendance";"nan";"0.0";"None";"None";"None";"None";"nan";"7.258345";"43.699817";"000KY"
"2024-40760";"2024-01-18";"1";"Vente";"1220000.0";"32.0";"None";"RUE VERDI";"6620";"06000";"06088";"Nice";"06";"None";"None";"06088000KY0161";"None";"None";"51";"82.2";"52";"nan";"53";"nan";"None";"None";"None";"None";"3";"3";"Dépendance";"nan";"0.0";"None";"None";"None";"None";"nan";"7.258345";"43.699817";"000KY"
"2024-40760";"2024-01-18";"1";"Vente";"1220000.0";"25.0";"None";"RUE HEROLD";"3235";"06000";"06088";"Nice";"06";"None";"None";"06088000KY0162";"None";"None";"185";"nan";"None";"nan";"None";"nan";"None";"None";"None";"None";"1";"3";"Dépendance";"nan";"0.0";"None";"None";"None";"None";"nan";"7.258351";"43.700062";"000KY"
"2024-39825";"2024-01-15";"1";"Vente";"549990.0";"14.0";"None";"RUE VERDI";"6620";"06000";"06088";"Nice";"06";"None";"None";"06088000KY0130";"None";"None";"62";"nan";"64";"nan";"None";"nan";"None";"None";"None";"None";"2";"2";"Appartement";"57.0";"2.0";"None";"None";"None";"None";"nan";"7.260743";"43.699787";"000KY"
"2024-40167";"2024-01-12";"1";"Vente";"850000.0";"38.0";"B";"BD VICTOR HUGO";"6655";"06000";"06088";"Nice";"06";"None";"None";"06088000KY0319";"None";"None";"133";"nan";"43";"nan";"None";"nan";"None";"None";"None";"None";"2";"2";"Appartement";"100.0";"3.0";"None";"None";"None";"None";"nan";"7.261874";"43.699091";"000KY"
"2024-40167";"2024-01-12";"1";"Vente";"850000.0";"38.0";"B";"BD VICTOR HUGO";"6655";"06000";"06088";"Nice";"06";"None";"None";"06088000KY0319";"None";"None";"133";"nan";"43";"nan";"None";"nan";"None";"None";"None";"None";"2";"3";"Dépendance";"nan";"0.0";"None";"None";"None";"None";"nan";"7.261874";"43.699091";"000KY"
"2024-40155";"2024-01-11";"1";"Vente";"223000.0";"7.0";"None";"RUE BERLIOZ";"0790";"06000";"06088";"Nice";"06";"None";"None";"06088000KY0226";"None";"None";"12";"nan";"48";"nan";"None";"nan";"None";"None";"None";"None";"2";"2";"Appartement";"39.0";"2.0";"None";"None";"None";"None";"nan";"7.258967";"43.699296";"000KY"
"2024-40155";"2024-01-11";"1";"Vente";"223000.0";"7.0";"None";"RUE BERLIOZ";"0790";"06000";"06088";"Nice";"06";"None";"None";"06088000KY0226";"None";"None";"12";"nan";"48";"nan";"None";"nan";"None";"None";"None";"None";"2";"3";"Dépendance";"nan";"0.0";"None";"None";"None";"None";"nan";"7.258967";"43.699296";"000KY"
"2024-39985";"2024-01-10";"1";"Vente";"263720.0";"25.0";"None";"RUE VERDI";"6620";"06000";"06088";"Nice";"06";"None";"None";"06088000KY0224";"None";"None";"17";"37.27";"None";"nan";"None";"nan";"None";"None";"None";"None";"1";"2";"Appartement";"36.0";"2.0";"None";"None";"None";"None";"nan";"7.258826";"43.699408";"000KY"
"2024-40010";"2024-01-10";"1";"Vente";"314000.0";"10.0";"None";"RUE AMIRAL DE GRASSE";"0170";"06000";"06088";"Nice";"06";"None";"None";"06088000KY0012";"None";"None";"14";"48.83";"None";"nan";"None";"nan";"None";"None";"None";"None";"1";"2";"Appartement";"45.0";"2.0";"None";"None";"None";"None";"nan";"7.256982";"43.701155";"000KY"
"2024-40018";"2024-01-10";"1";"Vente";"127560.0";"62.0";"None";"BD GAMBETTA";"2755";"06000";"06088";"Nice";"06";"None";"None";"06088000KY0001";"None";"None";"10";"26.91";"None";"nan";"None";"nan";"None";"None";"None";"None";"1";"2";"Appartement";"29.0";"1.0";"None";"None";"None";"None";"nan";"7.256638";"43.701528";"000KY"
"2024-39696";"2024-01-10";"1";"Vente";"50000.0";"24.0";"None";"RUE HEROLD";"3235";"06000";"06088";"Nice";"06";"None";"None";"06088000KY0158";"None";"None";"211";"nan";"None";"nan";"None";"nan";"None";"None";"None";"None";"1";"3";"Dépendance";"nan";"0.0";"None";"None";"None";"None";"nan";"7.258773";"43.700099";"000KY"
"2024-40010";"2024-01-10";"1";"Vente";"314000.0";"10.0";"None";"RUE AMIRAL DE GRASSE";"0170";"06000";"06088";"Nice";"06";"None";"None";"06088000KY0012";"None";"None";"14";"48.83";"None";"nan";"None";"nan";"None";"None";"None";"None";"1";"3";"Dépendance";"nan";"0.0";"None";"None";"None";"None";"nan";"7.256982";"43.701155";"000KY"
"2024-40095";"2024-01-09";"1";"Vente";"495000.0";"26.0";"None";"RUE VERDI";"6620";"06000";"06088";"Nice";"06";"None";"None";"06088000KY0323";"None";"None";"22";"nan";"37";"nan";"None";"nan";"None";"None";"None";"None";"2";"2";"Appartement";"86.0";"3.0";"None";"None";"None";"None";"nan";"7.258913";"43.699791";"000KY"
"2024-40095";"2024-01-09";"1";"Vente";"495000.0";"25.0";"None";"RUE HEROLD";"3235";"06000";"06088";"Nice";"06";"None";"None";"06088000KY0162";"None";"None";"182";"nan";"None";"nan";"None";"nan";"None";"None";"None";"None";"1";"3";"Dépendance";"nan";"0.0";"None";"None";"None";"None";"nan";"7.258351";"43.700062";"000KY"
"2024-40095";"2024-01-09";"1";"Vente";"495000.0";"26.0";"None";"RUE VERDI";"6620";"06000";"06088";"Nice";"06";"None";"None";"06088000KY0323";"None";"None";"22";"nan";"37";"nan";"None";"nan";"None";"None";"None";"None";"2";"3";"Dépendance";"nan";"0.0";"None";"None";"None";"None";"nan";"7.258913";"43.699791";"000KY"
"2024-40050";"2024-01-08";"1";"Vente";"330000.0";"18.0";"None";"AV AUBER";"0425";"06000";"06088";"Nice";"06";"None";"None";"06088000KY0110";"None";"None";"78";"65.6";"None";"nan";"None";"nan";"None";"None";"None";"None";"1";"4";"Local industriel. commercial ou assimilé";"62.0";"0.0";"None";"None";"None";"None";"nan";"7.261844";"43.701172";"000KY"
"2024-42832";"2024-01-08";"1";"Vente";"230000.0";"3.0";"None";"AV AUBER";"0425";"06000";"06088";"Nice";"06";"None";"None";"06088000KY0266";"None";"None";"26";"113.58";"39";"nan";"None";"nan";"None";"None";"None";"None";"2";"4";"Local industriel. commercial ou assimilé";"114.0";"0.0";"None";"None";"None";"None";"nan";"7.261058";"43.699231";"000KY"
"2023-60248";"2023-12-29";"1";"Vente";"370000.0";"1.0";"B";"RUE BERLIOZ";"0790";"06000";"06088";"Nice";"06";"None";"None";"06088000KY0241";"None";"None";"36";"nan";"None";"nan";"None";"nan";"None";"None";"None";"None";"1";"2";"Appartement";"70.0";"3.0";"None";"None";"None";"None";"nan";"7.258899";"43.698604";"000KY"
"2023-60329";"2023-12-28";"1";"Vente";"114000.0";"10.0";"None";"RUE VERDI";"6620";"06000";"06088";"Nice";"06";"None";"None";"06088000KY0123";"None";"None";"44";"17.62";"None";"nan";"None";"nan";"None";"None";"None";"None";"1";"2";"Appartement";"17.0";"1.0";"None";"None";"None";"None";"nan";"7.261199";"43.69974";"000KY"
"2023-59736";"2023-12-27";"1";"Vente";"690000.0";"31.0";"None";"RUE ROSSINI";"5600";"06000";"06088";"Nice";"06";"None";"None";"06088000KY0114";"None";"None";"1";"nan";"None";"nan";"None";"nan";"None";"None";"None";"None";"1";"4";"Local industriel. commercial ou assimilé";"120.0";"0.0";"None";"None";"None";"None";"nan";"7.261889";"43.700165";"000KY"
"2023-60036";"2023-12-22";"1";"Vente";"690000.0";"7.0";"None";"RUE GUIGLIA";"3090";"06000";"06088";"Nice";"06";"None";"None";"06088000KY0203";"None";"None";"21";"122.7";"None";"nan";"None";"nan";"None";"None";"None";"None";"1";"2";"Appartement";"125.0";"5.0";"None";"None";"None";"None";"nan";"7.257569";"43.699399";"000KY"
"2023-60020";"2023-12-22";"1";"Vente";"54000.0";"36.0";"None";"RUE HEROLD";"3235";"06000";"06088";"Nice";"06";"None";"None";"06088000KY0057";"None";"None";"20";"nan";"None";"nan";"None";"nan";"None";"None";"None";"None";"1";"3";"Dépendance";"nan";"0.0";"None";"None";"None";"None";"nan";"7.259139";"43.700904";"000KY"
"2023-60036";"2023-12-22";"1";"Vente";"690000.0";"7.0";"None";"RUE GUIGLIA";"3090";"06000";"06088";"Nice";"06";"None";"None";"06088000KY0203";"None";"None";"21";"122.7";"None";"nan";"None";"nan";"None";"None";"None";"None";"1";"3";"Dépendance";"nan";"0.0";"None";"None";"None";"None";"nan";"7.257569";"43.699399";"000KY"
"2023-59730";"2023-12-21";"1";"Vente";"300000.0";"54.0";"None";"RUE ROSSINI";"5600";"06000";"06088";"Nice";"06";"None";"None";"06088000KY0010";"None";"None";"39";"nan";"5";"nan";"None";"nan";"None";"None";"None";"None";"2";"2";"Appartement";"91.0";"5.0";"None";"None";"None";"None";"nan";"7.257002";"43.701069";"000KY"
"2023-59730";"2023-12-21";"1";"Vente";"300000.0";"54.0";"None";"RUE ROSSINI";"5600";"06000";"06088";"Nice";"06";"None";"None";"06088000KY0010";"None";"None";"39";"nan";"5";"nan";"None";"nan";"None";"None";"None";"None";"2";"3";"Dépendance";"nan";"0.0";"None";"None";"None";"None";"nan";"7.257002";"43.701069";"000KY"
"2023-59730";"2023-12-21";"1";"Vente";"300000.0";"16.0";"None";"RUE AMIRAL DE GRASSE";"0170";"06000";"06088";"Nice";"06";"None";"None";"06088000KY0015";"None";"None";"14";"nan";"None";"nan";"None";"nan";"None";"None";"None";"None";"1";"3";"Dépendance";"nan";"0.0";"None";"None";"None";"None";"nan";"7.257347";"43.701401";"000KY"
"2023-59520";"2023-12-20";"1";"Vente";"261100.0";"1.0";"B";"RUE BERLIOZ";"0790";"06000";"06088";"Nice";"06";"None";"None";"06088000KY0241";"None";"None";"11";"nan";"26";"nan";"None";"nan";"None";"None";"None";"None";"2";"2";"Appartement";"46.0";"2.0";"None";"None";"None";"None";"nan";"7.258899";"43.698604";"000KY"
"2023-60371";"2023-12-20";"1";"Vente";"570000.0";"20.0";"None";"AV AUBER";"0425";"06000";"06088";"Nice";"06";"None";"None";"06088000KY0107";"None";"None";"225";"nan";"64";"nan";"None";"nan";"None";"None";"None";"None";"2";"2";"Appartement";"84.0";"3.0";"None";"None";"None";"None";"nan";"7.261966";"43.701457";"000KY"
"2023-59520";"2023-12-20";"1";"Vente";"261100.0";"1.0";"B";"RUE BERLIOZ";"0790";"06000";"06088";"Nice";"06";"None";"None";"06088000KY0241";"None";"None";"11";"nan";"26";"nan";"None";"nan";"None";"None";"None";"None";"2";"3";"Dépendance";"nan";"0.0";"None";"None";"None";"None";"nan";"7.258899";"43.698604";"000KY"
"2023-60237";"2023-12-20";"1";"Vente";"40000.0";"30.0";"None";"RUE GOUNOD";"2985";"06000";"06088";"Nice";"06";"None";"None";"06088000KY0095";"None";"None";"15";"nan";"None";"nan";"None";"nan";"None";"None";"None";"None";"1";"3";"Dépendance";"nan";"0.0";"None";"None";"None";"None";"nan";"7.261213";"43.701137";"000KY"
"2023-60371";"2023-12-20";"1";"Vente";"570000.0";"20.0";"None";"AV AUBER";"0425";"06000";"06088";"Nice";"06";"None";"None";"06088000KY0107";"None";"None";"225";"nan";"64";"nan";"None";"nan";"None";"None";"None";"None";"2";"3";"Dépendance";"nan";"0.0";"None";"None";"None";"None";"nan";"7.261966";"43.701457";"000KY"
"2023-59347";"2023-12-19";"1";"Vente";"329000.0";"22.0";"None";"RUE GOUNOD";"2985";"06000";"06088";"Nice";"06";"None";"None";"06088000KY0096";"None";"None";"18";"73.47";"None";"nan";"None";"nan";"None";"None";"None";"None";"1";"4";"Local industriel. commercial ou assimilé";"72.0";"0.0";"None";"None";"None";"None";"nan";"7.260725";"43.700674";"000KY"
"2023-59241";"2023-12-18";"1";"Vente";"618614.0";"10.0";"None";"RUE BERLIOZ";"0790";"06000";"06088";"Nice";"06";"None";"None";"06088000KY0251";"None";"None";"76";"79.07";"None";"nan";"None";"nan";"None";"None";"None";"None";"1";"2";"Appartement";"81.0";"4.0";"None";"None";"None";"None";"nan";"7.259388";"43.699142";"000KY"
"2023-59740";"2023-12-18";"1";"Vente";"159500.0";"49.0";"None";"RUE ROSSINI";"5600";"06000";"06088";"Nice";"06";"None";"None";"06088000KY0142";"None";"None";"4";"nan";"None";"nan";"None";"nan";"None";"None";"None";"None";"1";"2";"Appartement";"35.0";"2.0";"None";"None";"None";"None";"nan";"7.259594";"43.700446";"000KY"
"2023-60022";"2023-12-18";"1";"Vente";"395000.0";"30.0";"None";"RUE GOUNOD";"2985";"06000";"06088";"Nice";"06";"None";"None";"06088000KY0095";"None";"None";"127";"nan";"None";"nan";"None";"nan";"None";"None";"None";"None";"1";"2";"Appartement";"81.0";"3.0";"None";"None";"None";"None";"nan";"7.261213";"43.701137";"000KY"
"2023-60180";"2023-12-18";"1";"Vente";"745100.0";"44.0";"None";"BD VICTOR HUGO";"6655";"06000";"06088";"Nice";"06";"None";"None";"06088000KY0263";"None";"None";"55";"nan";"None";"nan";"None";"nan";"None";"None";"None";"None";"1";"3";"Dépendance";"nan";"0.0";"None";"None";"None";"None";"nan";"7.260739";"43.699151";"000KY"
"2023-60180";"2023-12-18";"1";"Vente";"745100.0";"44.0";"None";"BD VICTOR HUGO";"6655";"06000";"06088";"Nice";"06";"None";"None";"06088000KY0263";"None";"None";"2";"nan";"42";"125.45";"None";"nan";"None";"None";"None";"None";"2";"4";"Local industriel. commercial ou assimilé";"132.0";"0.0";"None";"None";"None";"None";"nan";"7.260739";"43.699151";"000KY"
"2023-59806";"2023-12-15";"1";"Vente";"608720.0";"30.0";"None";"RUE GOUNOD";"2985";"06000";"06088";"Nice";"06";"None";"None";"06088000KY0095";"None";"None";"146";"nan";"None";"nan";"None";"nan";"None";"None";"None";"None";"1";"2";"Appartement";"74.0";"3.0";"None";"None";"None";"None";"nan";"7.261213";"43.701137";"000KY"
"2023-59873";"2023-12-15";"1";"Vente";"172500.0";"1.0";"T";"RUE BERLIOZ";"0790";"06000";"06088";"Nice";"06";"None";"None";"06088000KY0239";"None";"None";"18";"nan";"None";"nan";"None";"nan";"None";"None";"None";"None";"1";"2";"Appartement";"86.0";"4.0";"None";"None";"None";"None";"nan";"7.258677";"43.698428";"000KY"
"2023-59806";"2023-12-15";"1";"Vente";"608720.0";"30.0";"None";"RUE GOUNOD";"2985";"06000";"06088";"Nice";"06";"None";"None";"06088000KY0095";"None";"None";"146";"nan";"None";"nan";"None";"nan";"None";"None";"None";"None";"1";"3";"Dépendance";"nan";"0.0";"None";"None";"None";"None";"nan";"7.261213";"43.701137";"000KY"
"2023-59873";"2023-12-15";"1";"Vente";"172500.0";"1.0";"T";"RUE BERLIOZ";"0790";"06000";"06088";"Nice";"06";"None";"None";"06088000KY0239";"None";"None";"18";"nan";"None";"nan";"None";"nan";"None";"None";"None";"None";"1";"3";"Dépendance";"nan";"0.0";"None";"None";"None";"None";"nan";"7.258677";"43.698428";"000KY"
"2023-59318";"2023-12-14";"1";"Vente";"570000.0";"33.0";"None";"RUE VERDI";"6620";"06000";"06088";"Nice";"06";"None";"None";"06088000KY0221";"None";"None";"52";"nan";"None";"nan";"None";"nan";"None";"None";"None";"None";"1";"2";"Appartement";"80.0";"3.0";"None";"None";"None";"None";"nan";"7.258044";"43.699364";"000KY"
"2023-59318";"2023-12-14";"1";"Vente";"570000.0";"33.0";"None";"RUE VERDI";"6620";"06000";"06088";"Nice";"06";"None";"None";"06088000KY0221";"None";"None";"19";"nan";"None";"nan";"None";"nan";"None";"None";"None";"None";"1";"3";"Dépendance";"nan";"0.0";"None";"None";"None";"None";"nan";"7.258044";"43.699364";"000KY"
"2023-59318";"2023-12-14";"1";"Vente";"570000.0";"33.0";"None";"RUE VERDI";"6620";"06000";"06088";"Nice";"06";"None";"None";"06088000KY0221";"None";"None";"52";"nan";"None";"nan";"None";"nan";"None";"None";"None";"None";"1";"3";"Dépendance";"nan";"0.0";"None";"None";"None";"None";"nan";"7.258044";"43.699364";"000KY"
"2023-59483";"2023-12-13";"1";"Vente";"394300.0";"52.0";"None";"RUE ROSSINI";"5600";"06000";"06088";"Nice";"06";"None";"None";"06088000KY0024";"None";"None";"13";"nan";"43";"nan";"None";"nan";"None";"None";"None";"None";"2";"2";"Appartement";"75.0";"3.0";"None";"None";"None";"None";"nan";"7.257306";"43.700971";"000KY"
"2023-59483";"2023-12-13";"1";"Vente";"394300.0";"52.0";"None";"RUE ROSSINI";"5600";"06000";"06088";"Nice";"06";"None";"None";"06088000KY0024";"None";"None";"13";"nan";"43";"nan";"None";"nan";"None";"None";"None";"None";"2";"3";"Dépendance";"nan";"0.0";"None";"None";"None";"None";"nan";"7.257306";"43.700971";"000KY"
"2023-59292";"2023-12-12";"1";"Vente";"195000.0";"9.0";"None";"RUE VERDI";"6620";"06000";"06088";"Nice";"06";"None";"None";"06088000KY0265";"None";"None";"49";"37.01";"None";"nan";"None";"nan";"None";"None";"None";"None";"1";"2";"Appartement";"37.0";"2.0";"None";"None";"None";"None";"nan";"7.260908";"43.699323";"000KY"
"2023-58988";"2023-12-11";"1";"Vente";"490000.0";"25.0";"None";"RUE GOUNOD";"2985";"06000";"06088";"Nice";"06";"None";"None";"06088000KY0070";"None";"None";"58";"58.46";"None";"nan";"None";"nan";"None";"None";"None";"None";"1";"2";"Appartement";"55.0";"3.0";"None";"None";"None";"None";"nan";"7.260341";"43.701072";"000KY"
"2023-59123";"2023-12-11";"1";"Vente";"150000.0";"9.0";"None";"RUE VERDI";"6620";"06000";"06088";"Nice";"06";"None";"None";"06088000KY0265";"None";"None";"41";"35.8";"None";"nan";"None";"nan";"None";"None";"None";"None";"1";"2";"Appartement";"40.0";"1.0";"None";"None";"None";"None";"nan";"7.260908";"43.699323";"000KY"
"2023-59265";"2023-12-11";"1";"Vente";"415000.0";"12.0";"None";"RUE GUIGLIA";"3090";"06000";"06088";"Nice";"06";"None";"None";"06088000KY0170";"None";"None";"1";"nan";"10";"71.13";"None";"nan";"None";"None";"None";"None";"2";"2";"Appartement";"71.0";"3.0";"None";"None";"None";"None";"nan";"7.258049";"43.700026";"000KY"
"2023-58988";"2023-12-11";"1";"Vente";"490000.0";"25.0";"None";"RUE GOUNOD";"2985";"06000";"06088";"Nice";"06";"None";"None";"06088000KY0070";"None";"None";"58";"58.46";"None";"nan";"None";"nan";"None";"None";"None";"None";"1";"3";"Dépendance";"nan";"0.0";"None";"None";"None";"None";"nan";"7.260341";"43.701072";"000KY"
"2023-59265";"2023-12-11";"1";"Vente";"415000.0";"12.0";"None";"RUE GUIGLIA";"3090";"06000";"06088";"Nice";"06";"None";"None";"06088000KY0170";"None";"None";"1";"nan";"10";"71.13";"None";"nan";"None";"None";"None";"None";"2";"3";"Dépendance";"nan";"0.0";"None";"None";"None";"None";"nan";"7.258049";"43.700026";"000KY"
"2023-59258";"2023-12-08";"1";"Vente";"238000.0";"43.0";"B";"AV G CLEMENCEAU";"2880";"06000";"06088";"Nice";"06";"None";"None";"06088000KY0081";"None";"None";"2";"49.13";"None";"nan";"None";"nan";"None";"None";"None";"None";"1";"2";"Appartement";"42.0";"2.0";"None";"None";"None";"None";"nan";"7.26022";"43.701458";"000KY"
"2023-59767";"2023-12-08";"1";"Vente";"494400.0";"20.0";"None";"RUE AMIRAL DE GRASSE";"0170";"06000";"06088";"Nice";"06";"None";"None";"06088000KY0016";"None";"None";"10";"nan";"129";"nan";"None";"nan";"None";"None";"None";"None";"2";"2";"Appartement";"64.0";"2.0";"None";"None";"None";"None";"nan";"7.257669";"43.701702";"000KY"
"2023-59258";"2023-12-08";"1";"Vente";"238000.0";"43.0";"B";"AV G CLEMENCEAU";"2880";"06000";"06088";"Nice";"06";"None";"None";"06088000KY0081";"None";"None";"2";"49.13";"None";"nan";"None";"nan";"None";"None";"None";"None";"1";"3";"Dépendance";"nan";"0.0";"None";"None";"None";"None";"nan";"7.26022";"43.701458";"000KY"
"2023-59767";"2023-12-08";"1";"Vente";"494400.0";"20.0";"None";"RUE AMIRAL DE GRASSE";"0170";"06000";"06088";"Nice";"06";"None";"None";"06088000KY0016";"None";"None";"10";"nan";"129";"nan";"None";"nan";"None";"None";"None";"None";"2";"3";"Dépendance";"nan";"0.0";"None";"None";"None";"None";"nan";"7.257669";"43.701702";"000KY"
"2023-59147";"2023-12-07";"1";"Vente";"87000.0";"10.0";"None";"RUE AMIRAL DE GRASSE";"0170";"06000";"06088";"Nice";"06";"None";"None";"06088000KY0012";"None";"None";"2";"nan";"None";"nan";"None";"nan";"None";"None";"None";"None";"1";"2";"Appartement";"37.0";"1.0";"None";"None";"None";"None";"nan";"7.256982";"43.701155";"000KY"
"2023-59054";"2023-12-06";"1";"Vente en l'état futur d'achèvement";"60000.0";"nan";"None";"RUE BERLIOZ";"0790";"06000";"06088";"Nice";"06";"None";"None";"06088000KY0308";"None";"None";"22";"nan";"None";"nan";"None";"nan";"None";"None";"None";"None";"1";"None";"None";"nan";"nan";"None";"None";"None";"None";"nan";"7.259838";"43.701246";"000KY"
"2023-60103";"2023-12-05";"1";"Vente";"35000.0";"20.0";"None";"RUE VERDI";"6620";"06000";"06088";"Nice";"06";"None";"None";"06088000KY0134";"None";"None";"189";"nan";"None";"nan";"None";"nan";"None";"None";"None";"None";"1";"3";"Dépendance";"nan";"0.0";"None";"None";"None";"None";"nan";"7.259955";"43.699817";"000KY"
"2023-58371";"2023-11-29";"1";"Vente";"235000.0";"59.0";"None";"RUE ROSSINI";"5600";"06000";"06088";"Nice";"06";"None";"None";"06088000KY0166";"None";"None";"30";"nan";"65";"38.43";"None";"nan";"None";"None";"None";"None";"2";"2";"Appartement";"37.0";"1.0";"None";"None";"None";"None";"nan";"7.258158";"43.700614";"000KY"
"2023-58371";"2023-11-29";"1";"Vente";"235000.0";"59.0";"None";"RUE ROSSINI";"5600";"06000";"06088";"Nice";"06";"None";"None";"06088000KY0166";"None";"None";"30";"nan";"65";"38.43";"None";"nan";"None";"None";"None";"None";"2";"3";"Dépendance";"nan";"0.0";"None";"None";"None";"None";"nan";"7.258158";"43.700614";"000KY"
"2023-58527";"2023-11-24";"1";"Vente";"360000.0";"10.0";"None";"RUE BERLIOZ";"0790";"06000";"06088";"Nice";"06";"None";"None";"06088000KY0251";"None";"None";"79";"nan";"None";"nan";"None";"nan";"None";"None";"None";"None";"1";"2";"Appartement";"49.0";"2.0";"None";"None";"None";"None";"nan";"7.259388";"43.699142";"000KY"
"2023-58756";"2023-11-24";"1";"Vente";"522300.0";"24.0";"None";"RUE GOUNOD";"2985";"06000";"06088";"Nice";"06";"None";"None";"06088000KY0095";"None";"None";"161";"61.35";"None";"nan";"None";"nan";"None";"None";"None";"None";"1";"2";"Appartement";"64.0";"3.0";"None";"None";"None";"None";"nan";"7.261213";"43.701137";"000KY"
"2023-59190";"2023-11-24";"1";"Vente";"220000.0";"34.0";"None";"RUE GUIGLIA";"3090";"06000";"06088";"Nice";"06";"None";"None";"06088000KY0037";"None";"None";"36";"nan";"88";"nan";"None";"nan";"None";"None";"None";"None";"2";"2";"Appartement";"55.0";"2.0";"None";"None";"None";"None";"nan";"7.258223";"43.701904";"000KY"
"2023-58756";"2023-11-24";"1";"Vente";"522300.0";"24.0";"None";"RUE GOUNOD";"2985";"06000";"06088";"Nice";"06";"None";"None";"06088000KY0095";"None";"None";"161";"61.35";"None";"nan";"None";"nan";"None";"None";"None";"None";"1";"3";"Dépendance";"nan";"0.0";"None";"None";"None";"None";"nan";"7.261213";"43.701137";"000KY"
"2023-59190";"2023-11-24";"1";"Vente";"220000.0";"34.0";"None";"RUE GUIGLIA";"3090";"06000";"06088";"Nice";"06";"None";"None";"06088000KY0037";"None";"None";"36";"nan";"88";"nan";"None";"nan";"None";"None";"None";"None";"2";"3";"Dépendance";"nan";"0.0";"None";"None";"None";"None";"nan";"7.258223";"43.701904";"000KY"
"2023-58322";"2023-11-17";"1";"Vente";"134000.0";"31.0";"None";"RUE BERLIOZ";"0790";"06000";"06088";"Nice";"06";"None";"None";"06088000KY0055";"None";"None";"120";"nan";"144";"20.3";"None";"nan";"None";"None";"None";"None";"2";"2";"Appartement";"19.0";"1.0";"None";"None";"None";"None";"nan";"7.259191";"43.701185";"000KY"
"2023-58718";"2023-11-17";"1";"Vente";"175000.0";"23.0";"None";"RUE GUIGLIA";"3090";"06000";"06088";"Nice";"06";"None";"None";"06088000KY0022";"None";"None";"15";"nan";"44";"48.08";"None";"nan";"None";"None";"None";"None";"2";"2";"Appartement";"40.0";"1.0";"None";"None";"None";"None";"nan";"7.257715";"43.701164";"000KY"
"2023-58322";"2023-11-17";"1";"Vente";"134000.0";"31.0";"None";"RUE BERLIOZ";"0790";"06000";"06088";"Nice";"06";"None";"None";"06088000KY0055";"None";"None";"120";"nan";"144";"20.3";"None";"nan";"None";"None";"None";"None";"2";"3";"Dépendance";"nan";"0.0";"None";"None";"None";"None";"nan";"7.259191";"43.701185";"000KY"
"2023-58718";"2023-11-17";"1";"Vente";"175000.0";"23.0";"None";"RUE GUIGLIA";"3090";"06000";"06088";"Nice";"06";"None";"None";"06088000KY0022";"None";"None";"15";"nan";"44";"48.08";"None";"nan";"None";"None";"None";"None";"2";"3";"Dépendance";"nan";"0.0";"None";"None";"None";"None";"nan";"7.257715";"43.701164";"000KY"
"2023-58409";"2023-11-13";"1";"Vente";"599000.0";"42.0";"None";"RUE ROSSINI";"5600";"06000";"06088";"Nice";"06";"None";"None";"06088000KY0028";"None";"None";"29";"45.38";"9";"nan";"None";"nan";"None";"None";"None";"None";"2";"2";"Appartement";"44.0";"2.0";"None";"None";"None";"None";"nan";"7.25844";"43.700881";"000KY"
"2023-58409";"2023-11-13";"1";"Vente";"599000.0";"42.0";"None";"RUE ROSSINI";"5600";"06000";"06088";"Nice";"06";"None";"None";"06088000KY0028";"None";"None";"28";"44.79";"8";"nan";"None";"nan";"None";"None";"None";"None";"2";"2";"Appartement";"44.0";"2.0";"None";"None";"None";"None";"nan";"7.25844";"43.700881";"000KY"
"2023-58409";"2023-11-13";"1";"Vente";"599000.0";"42.0";"None";"RUE ROSSINI";"5600";"06000";"06088";"Nice";"06";"None";"None";"06088000KY0028";"None";"None";"29";"45.38";"9";"nan";"None";"nan";"None";"None";"None";"None";"2";"3";"Dépendance";"nan";"0.0";"None";"None";"None";"None";"nan";"7.25844";"43.700881";"000KY"
"2023-58409";"2023-11-13";"1";"Vente";"599000.0";"42.0";"None";"RUE ROSSINI";"5600";"06000";"06088";"Nice";"06";"None";"None";"06088000KY0028";"None";"None";"29";"45.38";"9";"nan";"None";"nan";"None";"None";"None";"None";"2";"3";"Dépendance";"nan";"0.0";"None";"None";"None";"None";"nan";"7.25844";"43.700881";"000KY"
"2023-58409";"2023-11-13";"1";"Vente";"599000.0";"42.0";"None";"RUE ROSSINI";"5600";"06000";"06088";"Nice";"06";"None";"None";"06088000KY0028";"None";"None";"28";"44.79";"8";"nan";"None";"nan";"None";"None";"None";"None";"2";"3";"Dépendance";"nan";"0.0";"None";"None";"None";"None";"nan";"7.25844";"43.700881";"000KY"
"2023-58409";"2023-11-13";"1";"Vente";"599000.0";"42.0";"None";"RUE ROSSINI";"5600";"06000";"06088";"Nice";"06";"None";"None";"06088000KY0028";"None";"None";"28";"44.79";"8";"nan";"None";"nan";"None";"None";"None";"None";"2";"3";"Dépendance";"nan";"0.0";"None";"None";"None";"None";"nan";"7.25844";"43.700881";"000KY"
"2023-58409";"2023-11-13";"1";"Vente";"599000.0";"3.0";"None";"RUE AMIRAL DE GRASSE";"0170";"06000";"06088";"Nice";"06";"None";"None";"06088000KY0302";"None";"None";"24";"nan";"None";"nan";"None";"nan";"None";"None";"None";"None";"1";"3";"Dépendance";"nan";"0.0";"None";"None";"None";"None";"nan";"7.256514";"43.701267";"000KY"
"2023-58389";"2023-11-09";"1";"Vente";"165000.0";"39.0";"B";"AV G CLEMENCEAU";"2880";"06000";"06088";"Nice";"06";"None";"None";"06088000KY0084";"None";"None";"46";"27.22";"None";"nan";"None";"nan";"None";"None";"None";"None";"1";"2";"Appartement";"25.0";"2.0";"None";"None";"None";"None";"nan";"7.260432";"43.701463";"000KY"
"2023-58184";"2023-11-09";"1";"Vente";"15000.0";"29.0";"None";"RUE GUIGLIA";"3090";"06000";"06088";"Nice";"06";"None";"None";"06088000KY0020";"None";"None";"25";"nan";"None";"nan";"None";"nan";"None";"None";"None";"None";"1";"3";"Dépendance";"nan";"0.0";"None";"None";"None";"None";"nan";"7.257751";"43.701499";"000KY"
"2023-57828";"2023-11-06";"1";"Vente";"422650.0";"20.0";"None";"RUE BERLIOZ";"0790";"06000";"06088";"Nice";"06";"None";"None";"06088000KY0143";"None";"None";"16";"nan";"34";"nan";"None";"nan";"None";"None";"None";"None";"2";"2";"Appartement";"67.0";"2.0";"None";"None";"None";"None";"nan";"7.259713";"43.700341";"000KY"
"2023-58003";"2023-11-06";"1";"Vente";"295000.0";"40.0";"None";"BD GAMBETTA";"2755";"06000";"06088";"Nice";"06";"None";"None";"06088000KY0193";"None";"None";"21";"36.76";"None";"nan";"None";"nan";"None";"None";"None";"None";"1";"2";"Appartement";"37.0";"1.0";"None";"None";"None";"None";"nan";"7.256559";"43.700111";"000KY"
"2023-57828";"2023-11-06";"1";"Vente";"422650.0";"20.0";"None";"RUE BERLIOZ";"0790";"06000";"06088";"Nice";"06";"None";"None";"06088000KY0143";"None";"None";"16";"nan";"34";"nan";"None";"nan";"None";"None";"None";"None";"2";"3";"Dépendance";"nan";"0.0";"None";"None";"None";"None";"nan";"7.259713";"43.700341";"000KY"
"2023-58003";"2023-11-06";"1";"Vente";"295000.0";"40.0";"None";"BD GAMBETTA";"2755";"06000";"06088";"Nice";"06";"None";"None";"06088000KY0193";"None";"None";"21";"36.76";"None";"nan";"None";"nan";"None";"None";"None";"None";"1";"3";"Dépendance";"nan";"0.0";"None";"None";"None";"None";"nan";"7.256559";"43.700111";"000KY"
"2023-57825";"2023-11-02";"1";"Vente";"445000.0";"30.0";"None";"RUE GOUNOD";"2985";"06000";"06088";"Nice";"06";"None";"None";"06088000KY0095";"None";"None";"134";"nan";"None";"nan";"None";"nan";"None";"None";"None";"None";"1";"2";"Appartement";"81.0";"3.0";"None";"None";"None";"None";"nan";"7.261213";"43.701137";"000KY"
"2023-57874";"2023-11-02";"1";"Vente";"103000.0";"47.0";"None";"AV G CLEMENCEAU";"2880";"06000";"06088";"Nice";"06";"None";"None";"06088000KY0076";"None";"None";"61";"nan";"86";"34.08";"None";"nan";"None";"None";"None";"None";"2";"2";"Appartement";"32.0";"1.0";"None";"None";"None";"None";"nan";"7.259888";"43.701741";"000KY"
"2023-57825";"2023-11-02";"1";"Vente";"445000.0";"30.0";"None";"RUE GOUNOD";"2985";"06000";"06088";"Nice";"06";"None";"None";"06088000KY0095";"None";"None";"32";"nan";"None";"nan";"None";"nan";"None";"None";"None";"None";"1";"3";"Dépendance";"nan";"0.0";"None";"None";"None";"None";"nan";"7.261213";"43.701137";"000KY"
"2023-57874";"2023-11-02";"1";"Vente";"103000.0";"47.0";"None";"AV G CLEMENCEAU";"2880";"06000";"06088";"Nice";"06";"None";"None";"06088000KY0076";"None";"None";"61";"nan";"86";"34.08";"None";"nan";"None";"None";"None";"None";"2";"3";"Dépendance";"nan";"0.0";"None";"None";"None";"None";"nan";"7.259888";"43.701741";"000KY"
"2023-57362";"2023-10-31";"1";"Vente";"130000.0";"25.0";"None";"RUE HEROLD";"3235";"06000";"06088";"Nice";"06";"None";"None";"06088000KY0162";"None";"None";"125";"nan";"41";"nan";"None";"nan";"None";"None";"None";"None";"2";"2";"Appartement";"26.0";"1.0";"None";"None";"None";"None";"nan";"7.258351";"43.700062";"000KY"
"2023-57647";"2023-10-31";"1";"Vente";"94000.0";"41.0";"None";"AV G CLEMENCEAU";"2880";"06000";"06088";"Nice";"06";"None";"None";"06088000KY0083";"None";"None";"37";"16.12";"None";"nan";"None";"nan";"None";"None";"None";"None";"1";"2";"Appartement";"17.0";"1.0";"None";"None";"None";"None";"nan";"7.260537";"43.70166";"000KY"
"2023-57973";"2023-10-31";"1";"Vente";"1100000.0";"50.0";"None";"BD VICTOR HUGO";"6655";"06000";"06088";"Nice";"06";"None";"None";"06088000KY0244";"None";"None";"104";"nan";"277";"nan";"None";"nan";"None";"None";"None";"None";"2";"2";"Appartement";"90.0";"3.0";"None";"None";"None";"None";"nan";"7.259365";"43.698542";"000KY"
"2023-57362";"2023-10-31";"1";"Vente";"130000.0";"25.0";"None";"RUE HEROLD";"3235";"06000";"06088";"Nice";"06";"None";"None";"06088000KY0162";"None";"None";"184";"nan";"None";"nan";"None";"nan";"None";"None";"None";"None";"1";"3";"Dépendance";"nan";"0.0";"None";"None";"None";"None";"nan";"7.258351";"43.700062";"000KY"
"2023-57362";"2023-10-31";"1";"Vente";"130000.0";"25.0";"None";"RUE HEROLD";"3235";"06000";"06088";"Nice";"06";"None";"None";"06088000KY0162";"None";"None";"125";"nan";"41";"nan";"None";"nan";"None";"None";"None";"None";"2";"3";"Dépendance";"nan";"0.0";"None";"None";"None";"None";"nan";"7.258351";"43.700062";"000KY"
"2023-57707";"2023-10-31";"1";"Vente";"27000.0";"24.0";"None";"RUE VERDI";"6620";"06000";"06088";"Nice";"06";"None";"None";"06088000KY0149";"None";"None";"30";"nan";"None";"nan";"None";"nan";"None";"None";"None";"None";"1";"3";"Dépendance";"nan";"0.0";"None";"None";"None";"None";"nan";"7.259018";"43.699813";"000KY"
"2023-57973";"2023-10-31";"1";"Vente";"1100000.0";"50.0";"None";"BD VICTOR HUGO";"6655";"06000";"06088";"Nice";"06";"None";"None";"06088000KY0244";"None";"None";"133";"nan";"None";"nan";"None";"nan";"None";"None";"None";"None";"1";"3";"Dépendance";"nan";"0.0";"None";"None";"None";"None";"nan";"7.259365";"43.698542";"000KY"
"2023-57973";"2023-10-31";"1";"Vente";"1100000.0";"50.0";"None";"BD VICTOR HUGO";"6655";"06000";"06088";"Nice";"06";"None";"None";"06088000KY0244";"None";"None";"104";"nan";"277";"nan";"None";"nan";"None";"None";"None";"None";"2";"3";"Dépendance";"nan";"0.0";"None";"None";"None";"None";"nan";"7.259365";"43.698542";"000KY"
"2023-57606";"2023-10-30";"1";"Vente";"100000.0";"25.0";"None";"RUE VERDI";"6620";"06000";"06088";"Nice";"06";"None";"None";"06088000KY0224";"None";"None";"11";"37.0";"None";"nan";"None";"nan";"None";"None";"None";"None";"1";"2";"Appartement";"40.0";"3.0";"None";"None";"None";"None";"nan";"7.258826";"43.699408";"000KY"
"2023-57526";"2023-10-26";"1";"Vente";"80000.0";"31.0";"None";"RUE GOUNOD";"2985";"06000";"06088";"Nice";"06";"None";"None";"06088000KY0086";"None";"None";"4";"29.24";"None";"nan";"None";"nan";"None";"None";"None";"None";"1";"2";"Appartement";"25.0";"2.0";"None";"None";"None";"None";"nan";"7.260618";"43.701467";"000KY"
"2023-57656";"2023-10-26";"1";"Vente";"52500.0";"50.0";"None";"BD VICTOR HUGO";"6655";"06000";"06088";"Nice";"06";"None";"None";"06088000KY0244";"None";"None";"205";"14.03";"None";"nan";"None";"nan";"None";"None";"None";"None";"1";"2";"Appartement";"14.0";"1.0";"None";"None";"None";"None";"nan";"7.259365";"43.698542";"000KY"
"2023-57216";"2023-10-26";"1";"Vente";"593000.0";"46.0";"None";"BD GAMBETTA";"2755";"06000";"06088";"Nice";"06";"None";"None";"06088000KY0294";"None";"None";"108";"nan";"126";"nan";"None";"nan";"None";"None";"None";"None";"2";"4";"Local industriel. commercial ou assimilé";"100.0";"0.0";"None";"None";"None";"None";"nan";"7.256492";"43.700513";"000KY"
"2023-57278";"2023-10-25";"1";"Vente";"431750.0";"14.0";"None";"RUE GUIGLIA";"3090";"06000";"06088";"Nice";"06";"None";"None";"06088000KY0169";"None";"None";"29";"nan";"7";"81.4";"None";"nan";"None";"None";"None";"None";"2";"2";"Appartement";"90.0";"4.0";"None";"None";"None";"None";"nan";"7.2581";"43.700184";"000KY"
"2023-57649";"2023-10-25";"1";"Vente";"253950.0";"16.0";"None";"RUE GUIGLIA";"3090";"06000";"06088";"Nice";"06";"None";"None";"06088000KY0168";"None";"None";"61";"41.79";"None";"nan";"None";"nan";"None";"None";"None";"None";"1";"2";"Appartement";"41.0";"2.0";"None";"None";"None";"None";"nan";"7.258082";"43.700341";"000KY"
"2023-57910";"2023-10-25";"1";"Vente";"354550.0";"3.0";"None";"AV AUBER";"0425";"06000";"06088";"Nice";"06";"None";"None";"06088000KY0266";"None";"None";"29";"65.69";"None";"nan";"None";"nan";"None";"None";"None";"None";"1";"2";"Appartement";"65.0";"3.0";"None";"None";"None";"None";"nan";"7.261058";"43.699231";"000KY"
"2023-57278";"2023-10-25";"1";"Vente";"431750.0";"14.0";"None";"RUE GUIGLIA";"3090";"06000";"06088";"Nice";"06";"None";"None";"06088000KY0169";"None";"None";"29";"nan";"7";"81.4";"None";"nan";"None";"None";"None";"None";"2";"3";"Dépendance";"nan";"0.0";"None";"None";"None";"None";"nan";"7.2581";"43.700184";"000KY"
"2023-57910";"2023-10-25";"1";"Vente";"354550.0";"3.0";"None";"AV AUBER";"0425";"06000";"06088";"Nice";"06";"None";"None";"06088000KY0266";"None";"None";"29";"65.69";"None";"nan";"None";"nan";"None";"None";"None";"None";"1";"3";"Dépendance";"nan";"0.0";"None";"None";"None";"None";"nan";"7.261058";"43.699231";"000KY"
"2023-57166";"2023-10-23";"1";"Vente";"842000.0";"18.0";"None";"AV AUBER";"0425";"06000";"06088";"Nice";"06";"None";"None";"06088000KY0110";"None";"None";"112";"nan";"113";"nan";"156";"nan";"157";"None";"None";"None";"4";"2";"Appartement";"113.0";"4.0";"None";"None";"None";"None";"nan";"7.261844";"43.701172";"000KY"
"2023-57166";"2023-10-23";"1";"Vente";"842000.0";"18.0";"None";"AV AUBER";"0425";"06000";"06088";"Nice";"06";"None";"None";"06088000KY0110";"None";"None";"145";"nan";"None";"nan";"None";"nan";"None";"None";"None";"None";"1";"3";"Dépendance";"nan";"0.0";"None";"None";"None";"None";"nan";"7.261844";"43.701172";"000KY"
"2023-57166";"2023-10-23";"1";"Vente";"842000.0";"18.0";"None";"AV AUBER";"0425";"06000";"06088";"Nice";"06";"None";"None";"06088000KY0110";"None";"None";"112";"nan";"113";"nan";"156";"nan";"157";"None";"None";"None";"4";"3";"Dépendance";"nan";"0.0";"None";"None";"None";"None";"nan";"7.261844";"43.701172";"000KY"
"2023-57112";"2023-10-20";"1";"Vente";"219300.0";"20.0";"None";"RUE AMIRAL DE GRASSE";"0170";"06000";"06088";"Nice";"06";"None";"None";"06088000KY0016";"None";"None";"92";"nan";"None";"nan";"None";"nan";"None";"None";"None";"None";"1";"2";"Appartement";"70.0";"2.0";"None";"None";"None";"None";"nan";"7.257669";"43.701702";"000KY"
"2023-57168";"2023-10-20";"1";"Vente";"64000.0";"20.0";"None";"RUE HEROLD";"3235";"06000";"06088";"Nice";"06";"None";"None";"06088000KY0159";"None";"None";"22";"nan";"None";"nan";"None";"nan";"None";"None";"None";"None";"1";"2";"Appartement";"17.0";"1.0";"None";"None";"None";"None";"nan";"7.258684";"43.699913";"000KY"
"2023-57176";"2023-10-20";"1";"Vente";"104380.0";"32.0";"None";"RUE BERLIOZ";"0790";"06000";"06088";"Nice";"06";"None";"None";"06088000KY0076";"None";"None";"78";"nan";"87";"31.36";"None";"nan";"None";"None";"None";"None";"2";"2";"Appartement";"36.0";"1.0";"None";"None";"None";"None";"nan";"7.259888";"43.701741";"000KY"
"2023-57282";"2023-10-20";"1";"Vente";"80000.0";"41.0";"None";"AV G CLEMENCEAU";"2880";"06000";"06088";"Nice";"06";"None";"None";"06088000KY0083";"None";"None";"30";"17.4";"None";"nan";"None";"nan";"None";"None";"None";"None";"1";"2";"Appartement";"19.0";"1.0";"None";"None";"None";"None";"nan";"7.260537";"43.70166";"000KY"
"2023-57112";"2023-10-20";"1";"Vente";"219300.0";"20.0";"None";"RUE AMIRAL DE GRASSE";"0170";"06000";"06088";"Nice";"06";"None";"None";"06088000KY0016";"None";"None";"92";"nan";"None";"nan";"None";"nan";"None";"None";"None";"None";"1";"3";"Dépendance";"nan";"0.0";"None";"None";"None";"None";"nan";"7.257669";"43.701702";"000KY"
"2023-57176";"2023-10-20";"1";"Vente";"104380.0";"32.0";"None";"RUE BERLIOZ";"0790";"06000";"06088";"Nice";"06";"None";"None";"06088000KY0076";"None";"None";"78";"nan";"87";"31.36";"None";"nan";"None";"None";"None";"None";"2";"3";"Dépendance";"nan";"0.0";"None";"None";"None";"None";"nan";"7.259888";"43.701741";"000KY"
"2023-57252";"2023-10-19";"1";"Vente";"185000.0";"41.0";"None";"AV G CLEMENCEAU";"2880";"06000";"06088";"Nice";"06";"None";"None";"06088000KY0083";"None";"None";"22";"37.78";"None";"nan";"None";"nan";"None";"None";"None";"None";"1";"2";"Appartement";"39.0";"3.0";"None";"None";"None";"None";"nan";"7.260537";"43.70166";"000KY"
"2023-57283";"2023-10-19";"1";"Vente";"1700000.0";"8.0";"None";"RUE KOSMA";"3522";"06000";"06088";"Nice";"06";"None";"None";"06088000KY0211";"None";"None";"10";"170.19";"30";"nan";"None";"nan";"None";"None";"None";"None";"2";"2";"Appartement";"148.0";"5.0";"None";"None";"None";"None";"nan";"7.256557";"43.69891";"000KY"
"2023-57306";"2023-10-19";"1";"Vente";"350000.0";"65.0";"None";"RUE ROSSINI";"5600";"06000";"06088";"Nice";"06";"None";"None";"06088000KY0185";"None";"None";"25";"55.0";"6";"nan";"None";"nan";"None";"None";"None";"None";"2";"2";"Appartement";"61.0";"2.0";"None";"None";"None";"None";"nan";"7.257344";"43.700691";"000KY"
"2023-57283";"2023-10-19";"1";"Vente";"1700000.0";"8.0";"None";"RUE KOSMA";"3522";"06000";"06088";"Nice";"06";"None";"None";"06088000KY0211";"None";"None";"35";"10.7";"None";"nan";"None";"nan";"None";"None";"None";"None";"1";"3";"Dépendance";"nan";"0.0";"None";"None";"None";"None";"nan";"7.256557";"43.69891";"000KY"
"2023-57283";"2023-10-19";"1";"Vente";"1700000.0";"8.0";"None";"RUE KOSMA";"3522";"06000";"06088";"Nice";"06";"None";"None";"06088000KY0211";"None";"None";"22";"13.3";"None";"nan";"None";"nan";"None";"None";"None";"None";"1";"3";"Dépendance";"nan";"0.0";"None";"None";"None";"None";"nan";"7.256557";"43.69891";"000KY"
"2023-57283";"2023-10-19";"1";"Vente";"1700000.0";"8.0";"None";"RUE KOSMA";"3522";"06000";"06088";"Nice";"06";"None";"None";"06088000KY0211";"None";"None";"10";"170.19";"30";"nan";"None";"nan";"None";"None";"None";"None";"2";"3";"Dépendance";"nan";"0.0";"None";"None";"None";"None";"nan";"7.256557";"43.69891";"000KY"
"2023-57283";"2023-10-19";"1";"Vente";"1700000.0";"8.0";"None";"RUE KOSMA";"3522";"06000";"06088";"Nice";"06";"None";"None";"06088000KY0211";"None";"None";"10";"170.19";"30";"nan";"None";"nan";"None";"None";"None";"None";"2";"3";"Dépendance";"nan";"0.0";"None";"None";"None";"None";"nan";"7.256557";"43.69891";"000KY"
"2023-57306";"2023-10-19";"1";"Vente";"350000.0";"42.0";"None";"RUE VERDI";"6620";"06000";"06088";"Nice";"06";"None";"None";"06088000KY0316";"None";"None";"40";"nan";"None";"nan";"None";"nan";"None";"None";"None";"None";"1";"3";"Dépendance";"nan";"0.0";"None";"None";"None";"None";"nan";"7.256852";"43.699911";"000KY"
"2023-56685";"2023-10-17";"1";"Vente";"175000.0";"41.0";"None";"AV G CLEMENCEAU";"2880";"06000";"06088";"Nice";"06";"None";"None";"06088000KY0083";"None";"None";"3";"nan";"None";"nan";"None";"nan";"None";"None";"None";"None";"1";"4";"Local industriel. commercial ou assimilé";"92.0";"0.0";"None";"None";"None";"None";"nan";"7.260537";"43.70166";"000KY"
"2023-56992";"2023-10-16";"1";"Vente en l'état futur d'achèvement";"40000.0";"nan";"None";"RUE BERLIOZ";"0790";"06000";"06088";"Nice";"06";"None";"None";"06088000KY0308";"None";"None";"7";"nan";"None";"nan";"None";"nan";"None";"None";"None";"None";"1";"None";"None";"nan";"nan";"None";"None";"None";"None";"nan";"7.259838";"43.701246";"000KY"
"2023-56624";"2023-10-10";"1";"Vente";"548000.0";"12.0";"None";"AV AUBER";"0425";"06000";"06088";"Nice";"06";"None";"None";"06088000KY0122";"None";"None";"10";"nan";"None";"nan";"None";"nan";"None";"None";"None";"None";"1";"2";"Appartement";"83.0";"3.0";"None";"None";"None";"None";"nan";"7.261671";"43.700007";"000KY"
"2023-56624";"2023-10-10";"1";"Vente";"548000.0";"12.0";"None";"AV AUBER";"0425";"06000";"06088";"Nice";"06";"None";"None";"06088000KY0122";"None";"None";"10";"nan";"None";"nan";"None";"nan";"None";"None";"None";"None";"1";"3";"Dépendance";"nan";"0.0";"None";"None";"None";"None";"nan";"7.261671";"43.700007";"000KY"
"2023-56949";"2023-10-10";"1";"Vente";"21000.0";"48.0";"None";"BD VICTOR HUGO";"6655";"06000";"06088";"Nice";"06";"None";"None";"06088000KY0261";"None";"None";"4";"nan";"None";"nan";"None";"nan";"None";"None";"None";"None";"1";"4";"Local industriel. commercial ou assimilé";"250.0";"0.0";"None";"None";"None";"None";"nan";"7.260265";"43.698698";"000KY"
"2023-56963";"2023-10-10";"1";"Vente";"6750.0";"48.0";"None";"BD VICTOR HUGO";"6655";"06000";"06088";"Nice";"06";"None";"None";"06088000KY0261";"None";"None";"1";"nan";"2";"nan";"3";"nan";"None";"None";"None";"None";"3";"4";"Local industriel. commercial ou assimilé";"250.0";"0.0";"None";"None";"None";"None";"nan";"7.260265";"43.698698";"000KY"
"2023-56364";"2023-10-06";"1";"Vente";"125000.0";"37.0";"None";"AV G CLEMENCEAU";"2880";"06000";"06088";"Nice";"06";"None";"None";"06088000KY0094";"None";"None";"45";"26.13";"8";"nan";"None";"nan";"None";"None";"None";"None";"2";"2";"Appartement";"30.0";"1.0";"None";"None";"None";"None";"nan";"7.261343";"43.701338";"000KY"
"2023-56366";"2023-10-06";"1";"Vente";"143000.0";"37.0";"None";"AV G CLEMENCEAU";"2880";"06000";"06088";"Nice";"06";"None";"None";"06088000KY0094";"None";"None";"33";"31.87";"None";"nan";"None";"nan";"None";"None";"None";"None";"1";"2";"Appartement";"55.0";"2.0";"None";"None";"None";"None";"nan";"7.261343";"43.701338";"000KY"
"2023-56366";"2023-10-06";"1";"Vente";"143000.0";"37.0";"None";"AV G CLEMENCEAU";"2880";"06000";"06088";"Nice";"06";"None";"None";"06088000KY0094";"None";"None";"33";"31.87";"None";"nan";"None";"nan";"None";"None";"None";"None";"1";"3";"Dépendance";"nan";"0.0";"None";"None";"None";"None";"nan";"7.261343";"43.701338";"000KY"
"2023-56687";"2023-10-04";"1";"Vente";"105000.0";"44.0";"None";"RUE ROSSINI";"5600";"06000";"06088";"Nice";"06";"None";"None";"06088000KY0027";"None";"None";"119";"nan";"42";"nan";"None";"nan";"None";"None";"None";"None";"2";"2";"Appartement";"28.0";"1.0";"None";"None";"None";"None";"nan";"7.258248";"43.701081";"000KY"
"2023-56687";"2023-10-04";"1";"Vente";"105000.0";"44.0";"None";"RUE ROSSINI";"5600";"06000";"06088";"Nice";"06";"None";"None";"06088000KY0027";"None";"None";"119";"nan";"42";"nan";"None";"nan";"None";"None";"None";"None";"2";"3";"Dépendance";"nan";"0.0";"None";"None";"None";"None";"nan";"7.258248";"43.701081";"000KY"
"2023-56616";"2023-09-30";"1";"Vente";"524660.0";"32.0";"None";"RUE BERLIOZ";"0790";"06000";"06088";"Nice";"06";"None";"None";"06088000KY0076";"None";"None";"115";"nan";"76";"nan";"None";"nan";"None";"None";"None";"None";"2";"2";"Appartement";"80.0";"3.0";"None";"None";"None";"None";"nan";"7.259888";"43.701741";"000KY"
"2023-56616";"2023-09-30";"1";"Vente";"524660.0";"47.0";"None";"AV G CLEMENCEAU";"2880";"06000";"06088";"Nice";"06";"None";"None";"06088000KY0076";"None";"None";"14";"nan";"None";"nan";"None";"nan";"None";"None";"None";"None";"1";"3";"Dépendance";"nan";"0.0";"None";"None";"None";"None";"nan";"7.259888";"43.701741";"000KY"
"2023-56616";"2023-09-30";"1";"Vente";"524660.0";"32.0";"None";"RUE BERLIOZ";"0790";"06000";"06088";"Nice";"06";"None";"None";"06088000KY0076";"None";"None";"115";"nan";"76";"nan";"None";"nan";"None";"None";"None";"None";"2";"3";"Dépendance";"nan";"0.0";"None";"None";"None";"None";"nan";"7.259888";"43.701741";"000KY"
"2023-56405";"2023-09-29";"1";"Vente";"330000.0";"31.0";"None";"RUE HEROLD";"3235";"06000";"06088";"Nice";"06";"None";"None";"06088000KY0164";"None";"None";"18";"nan";"None";"nan";"None";"nan";"None";"None";"None";"None";"1";"2";"Appartement";"67.0";"2.0";"None";"None";"None";"None";"nan";"7.258438";"43.700422";"000KY"
"2023-56896";"2023-09-29";"1";"Vente";"409860.0";"32.0";"None";"RUE BERLIOZ";"0790";"06000";"06088";"Nice";"06";"None";"None";"06088000KY0076";"None";"None";"137";"nan";"40";"nan";"None";"nan";"None";"None";"None";"None";"2";"2";"Appartement";"56.0";"2.0";"None";"None";"None";"None";"nan";"7.259888";"43.701741";"000KY"
"2023-56405";"2023-09-29";"1";"Vente";"330000.0";"31.0";"None";"RUE HEROLD";"3235";"06000";"06088";"Nice";"06";"None";"None";"06088000KY0164";"None";"None";"18";"nan";"None";"nan";"None";"nan";"None";"None";"None";"None";"1";"3";"Dépendance";"nan";"0.0";"None";"None";"None";"None";"nan";"7.258438";"43.700422";"000KY"
"2023-56896";"2023-09-29";"1";"Vente";"409860.0";"32.0";"None";"RUE BERLIOZ";"0790";"06000";"06088";"Nice";"06";"None";"None";"06088000KY0076";"None";"None";"137";"nan";"40";"nan";"None";"nan";"None";"None";"None";"None";"2";"3";"Dépendance";"nan";"0.0";"None";"None";"None";"None";"nan";"7.259888";"43.701741";"000KY"
"2023-55831";"2023-09-29";"1";"Vente";"5300000.0";"46.0";"None";"BD VICTOR HUGO";"6655";"06000";"06088";"Nice";"06";"None";"None";"06088000KY0262";"None";"None";"None";"nan";"None";"nan";"None";"nan";"None";"None";"None";"None";"0";"4";"Local industriel. commercial ou assimilé";"723.0";"0.0";"S";"sols";"None";"None";"596.0";"7.260393";"43.698789";"000KY"
"2023-55831";"2023-09-29";"1";"Vente";"5300000.0";"nan";"None";"RUE GOUNOD";"2985";"06000";"06088";"Nice";"06";"None";"None";"06088000KY0260";"None";"None";"None";"nan";"None";"nan";"None";"nan";"None";"None";"None";"None";"0";"None";"None";"nan";"nan";"S";"sols";"None";"None";"58.0";"7.260256";"43.69885";"000KY"
"2023-56023";"2023-09-28";"1";"Vente";"500000.0";"5.0";"None";"RUE GOUNOD";"2985";"06000";"06088";"Nice";"06";"None";"None";"06088000KY0255";"None";"None";"64";"nan";"None";"nan";"None";"nan";"None";"None";"None";"None";"1";"2";"Appartement";"80.0";"3.0";"None";"None";"None";"None";"nan";"7.259982";"43.699381";"000KY"
"2023-56801";"2023-09-28";"1";"Vente";"217000.0";"37.0";"None";"RUE BERLIOZ";"0790";"06000";"06088";"Nice";"06";"None";"None";"06088000KY0051";"None";"None";"14";"nan";"None";"nan";"None";"nan";"None";"None";"None";"None";"1";"2";"Appartement";"23.0";"1.0";"None";"None";"None";"None";"nan";"7.259319";"43.701473";"000KY"
"2023-56023";"2023-09-28";"1";"Vente";"500000.0";"5.0";"None";"RUE GOUNOD";"2985";"06000";"06088";"Nice";"06";"None";"None";"06088000KY0255";"None";"None";"64";"nan";"None";"nan";"None";"nan";"None";"None";"None";"None";"1";"3";"Dépendance";"nan";"0.0";"None";"None";"None";"None";"nan";"7.259982";"43.699381";"000KY"
"2023-56023";"2023-09-28";"1";"Vente";"500000.0";"5.0";"None";"RUE GOUNOD";"2985";"06000";"06088";"Nice";"06";"None";"None";"06088000KY0255";"None";"None";"64";"nan";"None";"nan";"None";"nan";"None";"None";"None";"None";"1";"3";"Dépendance";"nan";"0.0";"None";"None";"None";"None";"nan";"7.259982";"43.699381";"000KY"
"2023-56801";"2023-09-28";"1";"Vente";"217000.0";"37.0";"None";"RUE BERLIOZ";"0790";"06000";"06088";"Nice";"06";"None";"None";"06088000KY0051";"None";"None";"14";"nan";"None";"nan";"None";"nan";"None";"None";"None";"None";"1";"3";"Dépendance";"nan";"0.0";"None";"None";"None";"None";"nan";"7.259319";"43.701473";"000KY"
"2023-55670";"2023-09-26";"1";"Vente";"252000.0";"7.0";"None";"RUE BERLIOZ";"0790";"06000";"06088";"Nice";"06";"None";"None";"06088000KY0226";"None";"None";"33";"45.19";"None";"nan";"None";"nan";"None";"None";"None";"None";"1";"2";"Appartement";"40.0";"2.0";"None";"None";"None";"None";"nan";"7.258967";"43.699296";"000KY"
"2023-56205";"2023-09-26";"1";"Vente";"345000.0";"39.0";"None";"RUE VERDI";"6620";"06000";"06088";"Nice";"06";"None";"None";"06088000KY0199";"None";"None";"23";"nan";"49";"73.26";"None";"nan";"None";"None";"None";"None";"2";"2";"Appartement";"66.0";"3.0";"None";"None";"None";"None";"nan";"7.257033";"43.699385";"000KY"
"2023-56205";"2023-09-26";"1";"Vente";"345000.0";"39.0";"None";"RUE VERDI";"6620";"06000";"06088";"Nice";"06";"None";"None";"06088000KY0199";"None";"None";"23";"nan";"49";"73.26";"None";"nan";"None";"None";"None";"None";"2";"3";"Dépendance";"nan";"0.0";"None";"None";"None";"None";"nan";"7.257033";"43.699385";"000KY"
"2023-56322";"2023-09-26";"1";"Vente";"45000.0";"20.0";"None";"RUE VERDI";"6620";"06000";"06088";"Nice";"06";"None";"None";"06088000KY0134";"None";"None";"148";"nan";"None";"nan";"None";"nan";"None";"None";"None";"None";"1";"3";"Dépendance";"nan";"0.0";"None";"None";"None";"None";"nan";"7.259955";"43.699817";"000KY"
"2023-56411";"2023-09-22";"1";"Vente";"32000.0";"32.0";"None";"RUE GUIGLIA";"3090";"06000";"06088";"Nice";"06";"None";"None";"06088000KY0036";"None";"None";"13";"nan";"None";"nan";"None";"nan";"None";"None";"None";"None";"1";"3";"Dépendance";"nan";"0.0";"None";"None";"None";"None";"nan";"7.258264";"43.701645";"000KY"
"2023-55500";"2023-09-21";"1";"Vente";"160000.0";"10.0";"None";"RUE VERDI";"6620";"06000";"06088";"Nice";"06";"None";"None";"06088000KY0123";"None";"None";"126";"nan";"90";"nan";"None";"nan";"None";"None";"None";"None";"2";"2";"Appartement";"32.0";"2.0";"None";"None";"None";"None";"nan";"7.261199";"43.69974";"000KY"
"2023-55783";"2023-09-21";"1";"Vente";"114000.0";"37.0";"None";"AV G CLEMENCEAU";"2880";"06000";"06088";"Nice";"06";"None";"None";"06088000KY0094";"None";"None";"27";"nan";"None";"nan";"None";"nan";"None";"None";"None";"None";"1";"2";"Appartement";"25.0";"1.0";"None";"None";"None";"None";"nan";"7.261343";"43.701338";"000KY"
"2023-55500";"2023-09-21";"1";"Vente";"160000.0";"10.0";"None";"RUE VERDI";"6620";"06000";"06088";"Nice";"06";"None";"None";"06088000KY0123";"None";"None";"126";"nan";"90";"nan";"None";"nan";"None";"None";"None";"None";"2";"3";"Dépendance";"nan";"0.0";"None";"None";"None";"None";"nan";"7.261199";"43.69974";"000KY"
"2023-55783";"2023-09-21";"1";"Vente";"114000.0";"37.0";"None";"AV G CLEMENCEAU";"2880";"06000";"06088";"Nice";"06";"None";"None";"06088000KY0094";"None";"None";"27";"nan";"None";"nan";"None";"nan";"None";"None";"None";"None";"1";"3";"Dépendance";"nan";"0.0";"None";"None";"None";"None";"nan";"7.261343";"43.701338";"000KY"
"2023-56446";"2023-09-19";"1";"Vente";"430000.0";"8.0";"None";"RUE GUIGLIA";"3090";"06000";"06088";"Nice";"06";"None";"None";"06088000KY0217";"None";"None";"15";"nan";"3";"82.9";"None";"nan";"None";"None";"None";"None";"2";"2";"Appartement";"82.0";"3.0";"None";"None";"None";"None";"nan";"7.258001";"43.6991";"000KY"
"2023-56446";"2023-09-19";"1";"Vente";"430000.0";"8.0";"None";"RUE GUIGLIA";"3090";"06000";"06088";"Nice";"06";"None";"None";"06088000KY0217";"None";"None";"15";"nan";"3";"82.9";"None";"nan";"None";"None";"None";"None";"2";"3";"Dépendance";"nan";"0.0";"None";"None";"None";"None";"nan";"7.258001";"43.6991";"000KY"
"2023-55359";"2023-09-18";"1";"Vente";"221000.0";"11.0";"None";"RUE VERDI";"6620";"06000";"06088";"Nice";"06";"None";"None";"06088000KY0264";"None";"None";"22";"nan";"6";"nan";"None";"nan";"None";"None";"None";"None";"2";"2";"Appartement";"90.0";"4.0";"None";"None";"None";"None";"nan";"7.260673";"43.699433";"000KY"
"2023-56586";"2023-09-18";"1";"Vente";"1080000.0";"30.0";"None";"RUE BERLIOZ";"0790";"06000";"06088";"Nice";"06";"None";"None";"06088000KY0075";"None";"None";"91";"nan";"92";"nan";"None";"nan";"None";"None";"None";"None";"2";"2";"Appartement";"108.0";"4.0";"None";"None";"None";"None";"nan";"7.259863";"43.701532";"000KY"
"2023-56586";"2023-09-18";"1";"Vente";"1080000.0";"30.0";"None";"RUE BERLIOZ";"0790";"06000";"06088";"Nice";"06";"None";"None";"06088000KY0075";"None";"None";"24";"nan";"90";"nan";"None";"nan";"None";"None";"None";"None";"2";"2";"Appartement";"58.0";"2.0";"None";"None";"None";"None";"nan";"7.259863";"43.701532";"000KY"
"2023-55359";"2023-09-18";"1";"Vente";"221000.0";"11.0";"None";"RUE VERDI";"6620";"06000";"06088";"Nice";"06";"None";"None";"06088000KY0264";"None";"None";"22";"nan";"6";"nan";"None";"nan";"None";"None";"None";"None";"2";"3";"Dépendance";"nan";"0.0";"None";"None";"None";"None";"nan";"7.260673";"43.699433";"000KY"
"2023-56586";"2023-09-18";"1";"Vente";"1080000.0";"30.0";"None";"RUE BERLIOZ";"0790";"06000";"06088";"Nice";"06";"None";"None";"06088000KY0075";"None";"None";"91";"nan";"92";"nan";"None";"nan";"None";"None";"None";"None";"2";"3";"Dépendance";"nan";"0.0";"None";"None";"None";"None";"nan";"7.259863";"43.701532";"000KY"
"2023-56586";"2023-09-18";"1";"Vente";"1080000.0";"30.0";"None";"RUE BERLIOZ";"0790";"06000";"06088";"Nice";"06";"None";"None";"06088000KY0075";"None";"None";"91";"nan";"92";"nan";"None";"nan";"None";"None";"None";"None";"2";"3";"Dépendance";"nan";"0.0";"None";"None";"None";"None";"nan";"7.259863";"43.701532";"000KY"
"2023-56586";"2023-09-18";"1";"Vente";"1080000.0";"30.0";"None";"RUE BERLIOZ";"0790";"06000";"06088";"Nice";"06";"None";"None";"06088000KY0075";"None";"None";"24";"nan";"90";"nan";"None";"nan";"None";"None";"None";"None";"2";"3";"Dépendance";"nan";"0.0";"None";"None";"None";"None";"nan";"7.259863";"43.701532";"000KY"
"2023-56586";"2023-09-18";"1";"Vente";"1080000.0";"30.0";"None";"RUE BERLIOZ";"0790";"06000";"06088";"Nice";"06";"None";"None";"06088000KY0075";"None";"None";"49";"nan";"None";"nan";"None";"nan";"None";"None";"None";"None";"1";"3";"Dépendance";"nan";"0.0";"None";"None";"None";"None";"nan";"7.259863";"43.701532";"000KY"
"2023-56586";"2023-09-18";"1";"Vente";"1080000.0";"30.0";"None";"RUE BERLIOZ";"0790";"06000";"06088";"Nice";"06";"None";"None";"06088000KY0075";"None";"None";"51";"nan";"None";"nan";"None";"nan";"None";"None";"None";"None";"1";"3";"Dépendance";"nan";"0.0";"None";"None";"None";"None";"nan";"7.259863";"43.701532";"000KY"
"2023-56586";"2023-09-18";"1";"Vente";"1080000.0";"30.0";"None";"RUE BERLIOZ";"0790";"06000";"06088";"Nice";"06";"None";"None";"06088000KY0075";"None";"None";"55";"nan";"None";"nan";"None";"nan";"None";"None";"None";"None";"1";"3";"Dépendance";"nan";"0.0";"None";"None";"None";"None";"nan";"7.259863";"43.701532";"000KY"
"2023-55992";"2023-09-15";"1";"Vente";"140000.0";"29.0";"None";"RUE GOUNOD";"2985";"06000";"06088";"Nice";"06";"None";"None";"06088000KY0085";"None";"None";"5";"nan";"None";"nan";"None";"nan";"None";"None";"None";"None";"1";"4";"Local industriel. commercial ou assimilé";"55.0";"0.0";"None";"None";"None";"None";"nan";"7.260543";"43.701354";"000KY"
"2023-55521";"2023-09-14";"1";"Vente";"170000.0";"43.0";"B";"AV G CLEMENCEAU";"2880";"06000";"06088";"Nice";"06";"None";"None";"06088000KY0081";"None";"None";"5";"50.93";"None";"nan";"None";"nan";"None";"None";"None";"None";"1";"2";"Appartement";"50.0";"2.0";"None";"None";"None";"None";"nan";"7.26022";"43.701458";"000KY"
"2023-56083";"2023-09-14";"1";"Vente";"400800.0";"40.0";"None";"RUE VERDI";"6620";"06000";"06088";"Nice";"06";"None";"None";"06088000KY0175";"None";"None";"10";"nan";"43";"nan";"None";"nan";"None";"None";"None";"None";"2";"2";"Appartement";"91.0";"4.0";"None";"None";"None";"None";"nan";"7.257211";"43.69987";"000KY"
"2023-55521";"2023-09-14";"1";"Vente";"170000.0";"43.0";"B";"AV G CLEMENCEAU";"2880";"06000";"06088";"Nice";"06";"None";"None";"06088000KY0081";"None";"None";"5";"50.93";"None";"nan";"None";"nan";"None";"None";"None";"None";"1";"3";"Dépendance";"nan";"0.0";"None";"None";"None";"None";"nan";"7.26022";"43.701458";"000KY"
"2023-56083";"2023-09-14";"1";"Vente";"400800.0";"40.0";"None";"RUE VERDI";"6620";"06000";"06088";"Nice";"06";"None";"None";"06088000KY0175";"None";"None";"10";"nan";"43";"nan";"None";"nan";"None";"None";"None";"None";"2";"3";"Dépendance";"nan";"0.0";"None";"None";"None";"None";"nan";"7.257211";"43.69987";"000KY"
"2023-55200";"2023-09-13";"1";"Vente";"100000.0";"48.0";"None";"RUE HEROLD";"3235";"06000";"06088";"Nice";"06";"None";"None";"06088000KY0044";"None";"None";"29";"nan";"31";"nan";"None";"nan";"None";"None";"None";"None";"2";"2";"Appartement";"15.0";"1.0";"None";"None";"None";"None";"nan";"7.259165";"43.70163";"000KY"
"2023-55200";"2023-09-13";"1";"Vente";"100000.0";"48.0";"None";"RUE HEROLD";"3235";"06000";"06088";"Nice";"06";"None";"None";"06088000KY0044";"None";"None";"29";"nan";"31";"nan";"None";"nan";"None";"None";"None";"None";"2";"3";"Dépendance";"nan";"0.0";"None";"None";"None";"None";"nan";"7.259165";"43.70163";"000KY"
"2023-55605";"2023-09-11";"1";"Vente";"300000.0";"19.0";"None";"RUE VERDI";"6620";"06000";"06088";"Nice";"06";"None";"None";"06088000KY0254";"None";"None";"25";"36.74";"None";"nan";"None";"nan";"None";"None";"None";"None";"1";"2";"Appartement";"30.0";"2.0";"None";"None";"None";"None";"nan";"7.259704";"43.699422";"000KY"
"2023-55058";"2023-09-11";"1";"Vente en l'état futur d'achèvement";"724000.0";"nan";"None";"RUE BERLIOZ";"0790";"06000";"06088";"Nice";"06";"None";"None";"06088000KY0308";"None";"None";"24";"nan";"None";"nan";"None";"nan";"None";"None";"None";"None";"1";"None";"None";"nan";"nan";"None";"None";"None";"None";"nan";"7.259838";"43.701246";"000KY"
"2023-55058";"2023-09-11";"1";"Vente en l'état futur d'achèvement";"724000.0";"nan";"None";"RUE BERLIOZ";"0790";"06000";"06088";"Nice";"06";"None";"None";"06088000KY0308";"None";"None";"4";"nan";"None";"nan";"None";"nan";"None";"None";"None";"None";"1";"None";"None";"nan";"nan";"None";"None";"None";"None";"nan";"7.259838";"43.701246";"000KY"
"2023-55051";"2023-09-08";"1";"Vente";"602660.0";"39.0";"B";"AV G CLEMENCEAU";"2880";"06000";"06088";"Nice";"06";"None";"None";"06088000KY0084";"None";"None";"12";"nan";"None";"nan";"None";"nan";"None";"None";"None";"None";"1";"2";"Appartement";"80.0";"4.0";"None";"None";"None";"None";"nan";"7.260432";"43.701463";"000KY"
"2023-55372";"2023-09-08";"1";"Vente";"60000.0";"34.0";"None";"RUE GUIGLIA";"3090";"06000";"06088";"Nice";"06";"None";"None";"06088000KY0037";"None";"None";"66";"36.3";"None";"nan";"None";"nan";"None";"None";"None";"None";"1";"2";"Appartement";"39.0";"1.0";"None";"None";"None";"None";"nan";"7.258223";"43.701904";"000KY"
"2023-55438";"2023-09-08";"1";"Vente";"160377.0";"62.0";"None";"BD GAMBETTA";"2755";"06000";"06088";"Nice";"06";"None";"None";"06088000KY0001";"None";"None";"77";"nan";"None";"nan";"None";"nan";"None";"None";"None";"None";"1";"2";"Appartement";"30.0";"1.0";"None";"None";"None";"None";"nan";"7.256638";"43.701528";"000KY"
"2023-55372";"2023-09-08";"1";"Vente";"60000.0";"34.0";"None";"RUE GUIGLIA";"3090";"06000";"06088";"Nice";"06";"None";"None";"06088000KY0037";"None";"None";"66";"36.3";"None";"nan";"None";"nan";"None";"None";"None";"None";"1";"3";"Dépendance";"nan";"0.0";"None";"None";"None";"None";"nan";"7.258223";"43.701904";"000KY"
"2023-55438";"2023-09-08";"1";"Vente";"160377.0";"62.0";"None";"BD GAMBETTA";"2755";"06000";"06088";"Nice";"06";"None";"None";"06088000KY0001";"None";"None";"217";"nan";"None";"nan";"None";"nan";"None";"None";"None";"None";"1";"3";"Dépendance";"nan";"0.0";"None";"None";"None";"None";"nan";"7.256638";"43.701528";"000KY"
"2023-54944";"2023-09-07";"1";"Vente";"199200.0";"32.0";"None";"RUE VERDI";"6620";"06000";"06088";"Nice";"06";"None";"None";"06088000KY0161";"None";"None";"29";"39.17";"None";"nan";"None";"nan";"None";"None";"None";"None";"1";"2";"Appartement";"34.0";"1.0";"None";"None";"None";"None";"nan";"7.258345";"43.699817";"000KY"
"2023-55153";"2023-09-06";"1";"Vente";"43000.0";"10.0";"None";"RUE BERLIOZ";"0790";"06000";"06088";"Nice";"06";"None";"None";"06088000KY0251";"None";"None";"23";"nan";"None";"nan";"None";"nan";"None";"None";"None";"None";"1";"3";"Dépendance";"nan";"0.0";"None";"None";"None";"None";"nan";"7.259388";"43.699142";"000KY"
"2023-54974";"2023-09-05";"1";"Vente";"175000.0";"16.0";"None";"RUE AMIRAL DE GRASSE";"0170";"06000";"06088";"Nice";"06";"None";"None";"06088000KY0015";"None";"None";"47";"nan";"92";"45.43";"None";"nan";"None";"None";"None";"None";"2";"2";"Appartement";"40.0";"1.0";"None";"None";"None";"None";"nan";"7.257347";"43.701401";"000KY"
"2023-55067";"2023-09-05";"1";"Vente";"505000.0";"39.0";"None";"RUE HEROLD";"3235";"06000";"06088";"Nice";"06";"None";"None";"06088000KY0031";"None";"None";"46";"52.48";"89";"nan";"None";"nan";"None";"None";"None";"None";"2";"2";"Appartement";"56.0";"2.0";"None";"None";"None";"None";"nan";"7.258566";"43.701321";"000KY"
"2023-54974";"2023-09-05";"1";"Vente";"175000.0";"16.0";"None";"RUE AMIRAL DE GRASSE";"0170";"06000";"06088";"Nice";"06";"None";"None";"06088000KY0015";"None";"None";"47";"nan";"92";"45.43";"None";"nan";"None";"None";"None";"None";"2";"3";"Dépendance";"nan";"0.0";"None";"None";"None";"None";"nan";"7.257347";"43.701401";"000KY"
"2023-55067";"2023-09-05";"1";"Vente";"505000.0";"39.0";"None";"RUE HEROLD";"3235";"06000";"06088";"Nice";"06";"None";"None";"06088000KY0031";"None";"None";"46";"52.48";"89";"nan";"None";"nan";"None";"None";"None";"None";"2";"3";"Dépendance";"nan";"0.0";"None";"None";"None";"None";"nan";"7.258566";"43.701321";"000KY"
"2023-55067";"2023-09-05";"1";"Vente";"505000.0";"39.0";"None";"RUE HEROLD";"3235";"06000";"06088";"Nice";"06";"None";"None";"06088000KY0031";"None";"None";"46";"52.48";"89";"nan";"None";"nan";"None";"None";"None";"None";"2";"3";"Dépendance";"nan";"0.0";"None";"None";"None";"None";"nan";"7.258566";"43.701321";"000KY"
"2023-54777";"2023-09-01";"1";"Vente";"105000.0";"37.0";"None";"AV G CLEMENCEAU";"2880";"06000";"06088";"Nice";"06";"None";"None";"06088000KY0094";"None";"None";"21";"nan";"43";"18.05";"None";"nan";"None";"None";"None";"None";"2";"2";"Appartement";"25.0";"1.0";"None";"None";"None";"None";"nan";"7.261343";"43.701338";"000KY"
"2023-54777";"2023-09-01";"1";"Vente";"105000.0";"37.0";"None";"AV G CLEMENCEAU";"2880";"06000";"06088";"Nice";"06";"None";"None";"06088000KY0094";"None";"None";"21";"nan";"43";"18.05";"None";"nan";"None";"None";"None";"None";"2";"3";"Dépendance";"nan";"0.0";"None";"None";"None";"None";"nan";"7.261343";"43.701338";"000KY"
"2023-54864";"2023-08-31";"1";"Vente";"547000.0";"53.0";"None";"AV G CLEMENCEAU";"2880";"06000";"06088";"Nice";"06";"None";"None";"06088000KY0040";"None";"None";"28";"nan";"None";"nan";"None";"nan";"None";"None";"None";"None";"1";"2";"Appartement";"90.0";"4.0";"None";"None";"None";"None";"nan";"7.258771";"43.70187";"000KY"
"2023-55092";"2023-08-31";"1";"Vente";"659000.0";"34.0";"None";"BD GAMBETTA";"2755";"06000";"06088";"Nice";"06";"None";"None";"06088000KY0210";"None";"None";"13";"nan";"24";"nan";"None";"nan";"None";"None";"None";"None";"2";"2";"Appartement";"139.0";"5.0";"None";"None";"None";"None";"nan";"7.256488";"43.699005";"000KY"
"2023-54778";"2023-08-31";"1";"Vente";"38000.0";"20.0";"None";"RUE VERDI";"6620";"06000";"06088";"Nice";"06";"None";"None";"06088000KY0134";"None";"None";"101";"nan";"None";"nan";"None";"nan";"None";"None";"None";"None";"1";"3";"Dépendance";"nan";"0.0";"None";"None";"None";"None";"nan";"7.259955";"43.699817";"000KY"
"2023-55092";"2023-08-31";"1";"Vente";"659000.0";"34.0";"None";"BD GAMBETTA";"2755";"06000";"06088";"Nice";"06";"None";"None";"06088000KY0210";"None";"None";"13";"nan";"24";"nan";"None";"nan";"None";"None";"None";"None";"2";"3";"Dépendance";"nan";"0.0";"None";"None";"None";"None";"nan";"7.256488";"43.699005";"000KY"
"2023-54581";"2023-08-30";"1";"Vente";"300000.0";"20.0";"None";"RUE BERLIOZ";"0790";"06000";"06088";"Nice";"06";"None";"None";"06088000KY0143";"None";"None";"11";"nan";"30";"nan";"None";"nan";"None";"None";"None";"None";"2";"2";"Appartement";"61.0";"2.0";"None";"None";"None";"None";"nan";"7.259713";"43.700341";"000KY"
"2023-54851";"2023-08-30";"1";"Vente";"790000.0";"50.0";"None";"BD VICTOR HUGO";"6655";"06000";"06088";"Nice";"06";"None";"None";"06088000KY0244";"None";"None";"270";"69.82";"None";"nan";"None";"nan";"None";"None";"None";"None";"1";"2";"Appartement";"85.0";"3.0";"None";"None";"None";"None";"nan";"7.259365";"43.698542";"000KY"
"2023-54581";"2023-08-30";"1";"Vente";"300000.0";"20.0";"None";"RUE BERLIOZ";"0790";"06000";"06088";"Nice";"06";"None";"None";"06088000KY0143";"None";"None";"11";"nan";"30";"nan";"None";"nan";"None";"None";"None";"None";"2";"3";"Dépendance";"nan";"0.0";"None";"None";"None";"None";"nan";"7.259713";"43.700341";"000KY"
"2023-54851";"2023-08-30";"1";"Vente";"790000.0";"50.0";"None";"BD VICTOR HUGO";"6655";"06000";"06088";"Nice";"06";"None";"None";"06088000KY0244";"None";"None";"270";"69.82";"None";"nan";"None";"nan";"None";"None";"None";"None";"1";"3";"Dépendance";"nan";"0.0";"None";"None";"None";"None";"nan";"7.259365";"43.698542";"000KY"
"2023-54851";"2023-08-30";"1";"Vente";"790000.0";"50.0";"None";"BD VICTOR HUGO";"6655";"06000";"06088";"Nice";"06";"None";"None";"06088000KY0244";"None";"None";"270";"69.82";"None";"nan";"None";"nan";"None";"None";"None";"None";"1";"3";"Dépendance";"nan";"0.0";"None";"None";"None";"None";"nan";"7.259365";"43.698542";"000KY"
"2023-54545";"2023-08-29";"1";"Vente";"820000.0";"18.0";"None";"RUE GOUNOD";"2985";"06000";"06088";"Nice";"06";"None";"None";"06088000KY0128";"None";"None";"13";"nan";"None";"nan";"None";"nan";"None";"None";"None";"None";"1";"2";"Appartement";"125.0";"5.0";"None";"None";"None";"None";"nan";"7.260809";"43.700029";"000KY"
"2023-54866";"2023-08-29";"1";"Vente";"360000.0";"30.0";"None";"RUE GOUNOD";"2985";"06000";"06088";"Nice";"06";"None";"None";"06088000KY0095";"None";"None";"132";"nan";"None";"nan";"None";"nan";"None";"None";"None";"None";"1";"2";"Appartement";"81.0";"3.0";"None";"None";"None";"None";"nan";"7.261213";"43.701137";"000KY"
"2023-54545";"2023-08-29";"1";"Vente";"820000.0";"18.0";"None";"RUE GOUNOD";"2985";"06000";"06088";"Nice";"06";"None";"None";"06088000KY0128";"None";"None";"13";"nan";"None";"nan";"None";"nan";"None";"None";"None";"None";"1";"3";"Dépendance";"nan";"0.0";"None";"None";"None";"None";"nan";"7.260809";"43.700029";"000KY"
"2023-54545";"2023-08-29";"1";"Vente";"820000.0";"18.0";"None";"RUE GOUNOD";"2985";"06000";"06088";"Nice";"06";"None";"None";"06088000KY0128";"None";"None";"13";"nan";"None";"nan";"None";"nan";"None";"None";"None";"None";"1";"3";"Dépendance";"nan";"0.0";"None";"None";"None";"None";"nan";"7.260809";"43.700029";"000KY"
"2023-55106";"2023-08-25";"1";"Vente";"193000.0";"10.0";"None";"RUE AMIRAL DE GRASSE";"0170";"06000";"06088";"Nice";"06";"None";"None";"06088000KY0012";"None";"None";"11";"nan";"None";"nan";"None";"nan";"None";"None";"None";"None";"1";"2";"Appartement";"45.0";"2.0";"None";"None";"None";"None";"nan";"7.256982";"43.701155";"000KY"
"2023-55106";"2023-08-25";"1";"Vente";"193000.0";"10.0";"None";"RUE AMIRAL DE GRASSE";"0170";"06000";"06088";"Nice";"06";"None";"None";"06088000KY0012";"None";"None";"11";"nan";"None";"nan";"None";"nan";"None";"None";"None";"None";"1";"3";"Dépendance";"nan";"0.0";"None";"None";"None";"None";"nan";"7.256982";"43.701155";"000KY"
"2023-54843";"2023-08-24";"1";"Vente";"250000.0";"14.0";"None";"RUE VERDI";"6620";"06000";"06088";"Nice";"06";"None";"None";"06088000KY0130";"None";"None";"50";"nan";"65";"nan";"None";"nan";"None";"None";"None";"None";"2";"2";"Appartement";"51.0";"2.0";"None";"None";"None";"None";"nan";"7.260743";"43.699787";"000KY"
"2023-54313";"2023-08-18";"1";"Vente";"629900.0";"4.0";"None";"AV EMILIA";"2260";"06000";"06088";"Nice";"06";"None";"None";"06088000KY0201";"None";"None";"4";"138.09";"None";"nan";"None";"nan";"None";"None";"None";"None";"1";"2";"Appartement";"138.0";"5.0";"None";"None";"None";"None";"nan";"7.257277";"43.699161";"000KY"
"2023-54313";"2023-08-18";"1";"Vente";"629900.0";"4.0";"None";"AV EMILIA";"2260";"06000";"06088";"Nice";"06";"None";"None";"06088000KY0201";"None";"None";"4";"138.09";"None";"nan";"None";"nan";"None";"None";"None";"None";"1";"3";"Dépendance";"nan";"0.0";"None";"None";"None";"None";"nan";"7.257277";"43.699161";"000KY"
"2023-54266";"2023-08-11";"1";"Vente";"576000.0";"50.0";"None";"BD VICTOR HUGO";"6655";"06000";"06088";"Nice";"06";"None";"None";"06088000KY0244";"None";"None";"225";"nan";"None";"nan";"None";"nan";"None";"None";"None";"None";"1";"2";"Appartement";"68.0";"3.0";"None";"None";"None";"None";"nan";"7.259365";"43.698542";"000KY"
"2023-54266";"2023-08-11";"1";"Vente";"576000.0";"50.0";"None";"BD VICTOR HUGO";"6655";"06000";"06088";"Nice";"06";"None";"None";"06088000KY0244";"None";"None";"225";"nan";"None";"nan";"None";"nan";"None";"None";"None";"None";"1";"3";"Dépendance";"nan";"0.0";"None";"None";"None";"None";"nan";"7.259365";"43.698542";"000KY"
"2023-54409";"2023-08-10";"1";"Vente";"240000.0";"28.0";"None";"RUE ROSSINI";"5600";"06000";"06088";"Nice";"06";"None";"None";"06088000KY0066";"None";"None";"18";"nan";"2";"nan";"None";"nan";"None";"None";"None";"None";"2";"2";"Appartement";"41.0";"2.0";"None";"None";"None";"None";"nan";"7.260165";"43.700654";"000KY"
"2023-54428";"2023-08-10";"1";"Vente en l'état futur d'achèvement";"762000.0";"nan";"None";"RUE BERLIOZ";"0790";"06000";"06088";"Nice";"06";"None";"None";"06088000KY0308";"None";"None";"18";"nan";"None";"nan";"None";"nan";"None";"None";"None";"None";"1";"None";"None";"nan";"nan";"None";"None";"None";"None";"nan";"7.259838";"43.701246";"000KY"
"2023-54428";"2023-08-10";"1";"Vente en l'état futur d'achèvement";"762000.0";"nan";"None";"RUE BERLIOZ";"0790";"06000";"06088";"Nice";"06";"None";"None";"06088000KY0308";"None";"None";"30";"nan";"None";"nan";"None";"nan";"None";"None";"None";"None";"1";"None";"None";"nan";"nan";"None";"None";"None";"None";"nan";"7.259838";"43.701246";"000KY"
"2023-54265";"2023-08-09";"1";"Vente";"157500.0";"7.0";"None";"RUE AMIRAL DE GRASSE";"0170";"06000";"06088";"Nice";"06";"None";"None";"06088000KY0007";"None";"None";"2";"nan";"None";"nan";"None";"nan";"None";"None";"None";"None";"1";"2";"Appartement";"47.0";"2.0";"None";"None";"None";"None";"nan";"7.256802";"43.701437";"000KY"
"2023-54265";"2023-08-09";"1";"Vente";"157500.0";"7.0";"None";"RUE AMIRAL DE GRASSE";"0170";"06000";"06088";"Nice";"06";"None";"None";"06088000KY0007";"None";"None";"2";"nan";"None";"nan";"None";"nan";"None";"None";"None";"None";"1";"3";"Dépendance";"nan";"0.0";"None";"None";"None";"None";"nan";"7.256802";"43.701437";"000KY"
"2023-54420";"2023-08-08";"1";"Vente";"590084.0";"20.0";"None";"AV AUBER";"0425";"06000";"06088";"Nice";"06";"None";"None";"06088000KY0107";"None";"None";"215";"nan";"60";"nan";"None";"nan";"None";"None";"None";"None";"2";"2";"Appartement";"95.0";"4.0";"None";"None";"None";"None";"nan";"7.261966";"43.701457";"000KY"
"2023-54420";"2023-08-08";"1";"Vente";"590084.0";"20.0";"None";"AV AUBER";"0425";"06000";"06088";"Nice";"06";"None";"None";"06088000KY0107";"None";"None";"215";"nan";"60";"nan";"None";"nan";"None";"None";"None";"None";"2";"3";"Dépendance";"nan";"0.0";"None";"None";"None";"None";"nan";"7.261966";"43.701457";"000KY"
"2023-54123";"2023-08-07";"1";"Vente";"683100.0";"21.0";"None";"RUE BERLIOZ";"0790";"06000";"06088";"Nice";"06";"None";"None";"06088000KY0154";"None";"None";"12";"nan";"None";"nan";"None";"nan";"None";"None";"None";"None";"1";"2";"Appartement";"87.0";"3.0";"None";"None";"None";"None";"nan";"7.259122";"43.700442";"000KY"
"2023-54141";"2023-08-07";"1";"Vente";"197000.0";"35.0";"None";"AV G CLEMENCEAU";"2880";"06000";"06088";"Nice";"06";"None";"None";"06088000KY0107";"None";"None";"101";"nan";"6";"nan";"None";"nan";"None";"None";"None";"None";"2";"2";"Appartement";"43.0";"2.0";"None";"None";"None";"None";"nan";"7.261966";"43.701457";"000KY"
"2023-54601";"2023-08-07";"1";"Vente";"215000.0";"44.0";"None";"RUE ROSSINI";"5600";"06000";"06088";"Nice";"06";"None";"None";"06088000KY0027";"None";"None";"127";"nan";"51";"nan";"None";"nan";"None";"None";"None";"None";"2";"2";"Appartement";"52.0";"2.0";"None";"None";"None";"None";"nan";"7.258248";"43.701081";"000KY"
"2023-54123";"2023-08-07";"1";"Vente";"683100.0";"28.0";"None";"RUE ROSSINI";"5600";"06000";"06088";"Nice";"06";"None";"None";"06088000KY0066";"None";"None";"17";"nan";"None";"nan";"None";"nan";"None";"None";"None";"None";"1";"3";"Dépendance";"nan";"0.0";"None";"None";"None";"None";"nan";"7.260165";"43.700654";"000KY"
"2023-54123";"2023-08-07";"1";"Vente";"683100.0";"21.0";"None";"RUE BERLIOZ";"0790";"06000";"06088";"Nice";"06";"None";"None";"06088000KY0154";"None";"None";"12";"nan";"None";"nan";"None";"nan";"None";"None";"None";"None";"1";"3";"Dépendance";"nan";"0.0";"None";"None";"None";"None";"nan";"7.259122";"43.700442";"000KY"
"2023-54123";"2023-08-07";"1";"Vente";"683100.0";"21.0";"None";"RUE BERLIOZ";"0790";"06000";"06088";"Nice";"06";"None";"None";"06088000KY0154";"None";"None";"12";"nan";"None";"nan";"None";"nan";"None";"None";"None";"None";"1";"3";"Dépendance";"nan";"0.0";"None";"None";"None";"None";"nan";"7.259122";"43.700442";"000KY"
"2023-54141";"2023-08-07";"1";"Vente";"197000.0";"35.0";"None";"AV G CLEMENCEAU";"2880";"06000";"06088";"Nice";"06";"None";"None";"06088000KY0107";"None";"None";"101";"nan";"6";"nan";"None";"nan";"None";"None";"None";"None";"2";"3";"Dépendance";"nan";"0.0";"None";"None";"None";"None";"nan";"7.261966";"43.701457";"000KY"
"2023-54601";"2023-08-07";"1";"Vente";"215000.0";"44.0";"None";"RUE ROSSINI";"5600";"06000";"06088";"Nice";"06";"None";"None";"06088000KY0027";"None";"None";"127";"nan";"51";"nan";"None";"nan";"None";"None";"None";"None";"2";"3";"Dépendance";"nan";"0.0";"None";"None";"None";"None";"nan";"7.258248";"43.701081";"000KY"
"2023-53659";"2023-08-04";"1";"Vente";"1067800.0";"21.0";"None";"RUE BERLIOZ";"0790";"06000";"06088";"Nice";"06";"None";"None";"06088000KY0154";"None";"None";"5";"nan";"None";"nan";"None";"nan";"None";"None";"None";"None";"1";"2";"Appartement";"114.0";"4.0";"None";"None";"None";"None";"nan";"7.259122";"43.700442";"000KY"
"2023-53846";"2023-08-04";"1";"Vente";"720000.0";"40.0";"None";"RUE VERDI";"6620";"06000";"06088";"Nice";"06";"None";"None";"06088000KY0175";"None";"None";"17";"nan";"31";"117.37";"None";"nan";"None";"None";"None";"None";"2";"2";"Appartement";"103.0";"3.0";"None";"None";"None";"None";"nan";"7.257211";"43.69987";"000KY"
"2023-54346";"2023-08-04";"1";"Vente";"499700.0";"29.0";"None";"RUE GUIGLIA";"3090";"06000";"06088";"Nice";"06";"None";"None";"06088000KY0020";"None";"None";"4";"116.68";"None";"nan";"None";"nan";"None";"None";"None";"None";"1";"2";"Appartement";"100.0";"4.0";"None";"None";"None";"None";"nan";"7.257751";"43.701499";"000KY"
"2023-53659";"2023-08-04";"1";"Vente";"1067800.0";"21.0";"None";"RUE BERLIOZ";"0790";"06000";"06088";"Nice";"06";"None";"None";"06088000KY0154";"None";"None";"5";"nan";"None";"nan";"None";"nan";"None";"None";"None";"None";"1";"3";"Dépendance";"nan";"0.0";"None";"None";"None";"None";"nan";"7.259122";"43.700442";"000KY"
"2023-53659";"2023-08-04";"1";"Vente";"1067800.0";"21.0";"None";"RUE BERLIOZ";"0790";"06000";"06088";"Nice";"06";"None";"None";"06088000KY0154";"None";"None";"5";"nan";"None";"nan";"None";"nan";"None";"None";"None";"None";"1";"3";"Dépendance";"nan";"0.0";"None";"None";"None";"None";"nan";"7.259122";"43.700442";"000KY"
"2023-53846";"2023-08-04";"1";"Vente";"720000.0";"40.0";"None";"RUE VERDI";"6620";"06000";"06088";"Nice";"06";"None";"None";"06088000KY0175";"None";"None";"57";"8.49";"None";"nan";"None";"nan";"None";"None";"None";"None";"1";"3";"Dépendance";"nan";"0.0";"None";"None";"None";"None";"nan";"7.257211";"43.69987";"000KY"
"2023-54346";"2023-08-04";"1";"Vente";"499700.0";"29.0";"None";"RUE GUIGLIA";"3090";"06000";"06088";"Nice";"06";"None";"None";"06088000KY0020";"None";"None";"19";"nan";"None";"nan";"None";"nan";"None";"None";"None";"None";"1";"3";"Dépendance";"nan";"0.0";"None";"None";"None";"None";"nan";"7.257751";"43.701499";"000KY"
"2023-54346";"2023-08-04";"1";"Vente";"499700.0";"29.0";"None";"RUE GUIGLIA";"3090";"06000";"06088";"Nice";"06";"None";"None";"06088000KY0020";"None";"None";"15";"nan";"None";"nan";"None";"nan";"None";"None";"None";"None";"1";"3";"Dépendance";"nan";"0.0";"None";"None";"None";"None";"nan";"7.257751";"43.701499";"000KY"
"2023-54117";"2023-08-04";"1";"Vente en l'état futur d'achèvement";"55000.0";"nan";"None";"RUE BERLIOZ";"0790";"06000";"06088";"Nice";"06";"None";"None";"06088000KY0308";"None";"None";"16";"nan";"None";"nan";"None";"nan";"None";"None";"None";"None";"1";"None";"None";"nan";"nan";"None";"None";"None";"None";"nan";"7.259838";"43.701246";"000KY"
"2023-53604";"2023-08-03";"1";"Vente";"499000.0";"24.0";"None";"RUE GOUNOD";"2985";"06000";"06088";"Nice";"06";"None";"None";"06088000KY0095";"None";"None";"143";"nan";"None";"nan";"None";"nan";"None";"None";"None";"None";"1";"2";"Appartement";"92.0";"3.0";"None";"None";"None";"None";"nan";"7.261213";"43.701137";"000KY"
"2023-53604";"2023-08-03";"1";"Vente";"499000.0";"30.0";"None";"RUE GOUNOD";"2985";"06000";"06088";"Nice";"06";"None";"None";"06088000KY0095";"None";"None";"265";"nan";"None";"nan";"None";"nan";"None";"None";"None";"None";"1";"3";"Dépendance";"nan";"0.0";"None";"None";"None";"None";"nan";"7.261213";"43.701137";"000KY"
"2023-53291";"2023-08-01";"1";"Vente";"235000.0";"50.0";"None";"BD VICTOR HUGO";"6655";"06000";"06088";"Nice";"06";"None";"None";"06088000KY0244";"None";"None";"252";"nan";"80";"nan";"None";"nan";"None";"None";"None";"None";"2";"2";"Appartement";"38.0";"1.0";"None";"None";"None";"None";"nan";"7.259365";"43.698542";"000KY"
"2023-53725";"2023-08-01";"1";"Vente";"130200.0";"39.0";"B";"AV G CLEMENCEAU";"2880";"06000";"06088";"Nice";"06";"None";"None";"06088000KY0084";"None";"None";"46";"27.22";"None";"nan";"None";"nan";"None";"None";"None";"None";"1";"2";"Appartement";"25.0";"2.0";"None";"None";"None";"None";"nan";"7.260432";"43.701463";"000KY"
"2023-53291";"2023-08-01";"1";"Vente";"235000.0";"50.0";"None";"BD VICTOR HUGO";"6655";"06000";"06088";"Nice";"06";"None";"None";"06088000KY0244";"None";"None";"252";"nan";"80";"nan";"None";"nan";"None";"None";"None";"None";"2";"3";"Dépendance";"nan";"0.0";"None";"None";"None";"None";"nan";"7.259365";"43.698542";"000KY"
"2023-54078";"2023-07-28";"1";"Vente";"227500.0";"62.0";"None";"BD GAMBETTA";"2755";"06000";"06088";"Nice";"06";"None";"None";"06088000KY0001";"None";"None";"12";"nan";"221";"nan";"None";"nan";"None";"None";"None";"None";"2";"2";"Appartement";"49.0";"2.0";"None";"None";"None";"None";"nan";"7.256638";"43.701528";"000KY"
"2023-54078";"2023-07-28";"1";"Vente";"227500.0";"62.0";"None";"BD GAMBETTA";"2755";"06000";"06088";"Nice";"06";"None";"None";"06088000KY0001";"None";"None";"12";"nan";"221";"nan";"None";"nan";"None";"None";"None";"None";"2";"3";"Dépendance";"nan";"0.0";"None";"None";"None";"None";"nan";"7.256638";"43.701528";"000KY"
"2023-53443";"2023-07-26";"1";"Vente";"850000.0";"33.0";"None";"RUE ROSSINI";"5600";"06000";"06088";"Nice";"06";"None";"None";"06088000KY0113";"None";"None";"16";"nan";"2";"nan";"None";"nan";"None";"None";"None";"None";"2";"2";"Appartement";"131.0";"5.0";"None";"None";"None";"None";"nan";"7.261673";"43.700199";"000KY"
"2023-53443";"2023-07-26";"1";"Vente";"850000.0";"33.0";"None";"RUE ROSSINI";"5600";"06000";"06088";"Nice";"06";"None";"None";"06088000KY0113";"None";"None";"16";"nan";"2";"nan";"None";"nan";"None";"None";"None";"None";"2";"3";"Dépendance";"nan";"0.0";"None";"None";"None";"None";"nan";"7.261673";"43.700199";"000KY"
"2023-53443";"2023-07-26";"1";"Vente";"850000.0";"33.0";"None";"RUE ROSSINI";"5600";"06000";"06088";"Nice";"06";"None";"None";"06088000KY0113";"None";"None";"31";"nan";"None";"nan";"None";"nan";"None";"None";"None";"None";"1";"3";"Dépendance";"nan";"0.0";"None";"None";"None";"None";"nan";"7.261673";"43.700199";"000KY"
"2023-53428";"2023-07-25";"1";"Vente en l'état futur d'achèvement";"55000.0";"nan";"None";"RUE BERLIOZ";"0790";"06000";"06088";"Nice";"06";"None";"None";"06088000KY0308";"None";"None";"8";"nan";"None";"nan";"None";"nan";"None";"None";"None";"None";"1";"None";"None";"nan";"nan";"None";"None";"None";"None";"nan";"7.259838";"43.701246";"000KY"
"2023-53055";"2023-07-21";"1";"Vente";"143000.0";"38.0";"None";"RUE HEROLD";"3235";"06000";"06088";"Nice";"06";"None";"None";"06088000KY0285";"None";"None";"16";"nan";"36";"nan";"None";"nan";"None";"None";"None";"None";"2";"2";"Appartement";"25.0";"1.0";"None";"None";"None";"None";"nan";"7.259059";"43.701088";"000KY"
"2023-53476";"2023-07-21";"1";"Vente";"950000.0";"6.0";"None";"RUE GOUNOD";"2985";"06000";"06088";"Nice";"06";"None";"None";"06088000KY0259";"None";"None";"20";"nan";"4";"124.77";"None";"nan";"None";"None";"None";"None";"2";"2";"Appartement";"121.0";"4.0";"None";"None";"None";"None";"nan";"7.260389";"43.699044";"000KY"
"2023-53092";"2023-07-20";"1";"Vente";"313030.0";"34.0";"None";"RUE ROSSINI";"5600";"06000";"06088";"Nice";"06";"None";"None";"06088000KY0060";"None";"None";"20";"nan";"None";"nan";"None";"nan";"None";"None";"None";"None";"1";"2";"Appartement";"50.0";"2.0";"None";"None";"None";"None";"nan";"7.259672";"43.700808";"000KY"
"2023-53388";"2023-07-19";"1";"Vente";"390000.0";"43.0";"None";"RUE ROSSINI";"5600";"06000";"06088";"Nice";"06";"None";"None";"06088000KY0139";"None";"None";"19";"65.19";"None";"nan";"None";"nan";"None";"None";"None";"None";"1";"2";"Appartement";"65.0";"3.0";"None";"None";"None";"None";"nan";"7.260158";"43.700362";"000KY"
"2023-53388";"2023-07-19";"1";"Vente";"390000.0";"43.0";"None";"RUE ROSSINI";"5600";"06000";"06088";"Nice";"06";"None";"None";"06088000KY0139";"None";"None";"19";"65.19";"None";"nan";"None";"nan";"None";"None";"None";"None";"1";"3";"Dépendance";"nan";"0.0";"None";"None";"None";"None";"nan";"7.260158";"43.700362";"000KY"
"2023-53706";"2023-07-19";"1";"Vente";"5000.0";"15.0";"None";"RUE GOUNOD";"2985";"06000";"06088";"Nice";"06";"None";"None";"06088000KY0137";"None";"None";"12";"nan";"None";"nan";"None";"nan";"None";"None";"None";"None";"1";"3";"Dépendance";"nan";"0.0";"None";"None";"None";"None";"nan";"7.260252";"43.700219";"000KY"
"2023-53706";"2023-07-19";"1";"Vente";"5000.0";"15.0";"None";"RUE GOUNOD";"2985";"06000";"06088";"Nice";"06";"None";"None";"06088000KY0137";"None";"None";"11";"nan";"None";"nan";"None";"nan";"None";"None";"None";"None";"1";"3";"Dépendance";"nan";"0.0";"None";"None";"None";"None";"nan";"7.260252";"43.700219";"000KY"
"2023-53706";"2023-07-19";"1";"Vente";"5000.0";"15.0";"None";"RUE GOUNOD";"2985";"06000";"06088";"Nice";"06";"None";"None";"06088000KY0137";"None";"None";"12";"nan";"None";"nan";"None";"nan";"None";"None";"None";"None";"1";"3";"Dépendance";"nan";"0.0";"None";"None";"None";"None";"nan";"7.260252";"43.700219";"000KY"
"2023-52786";"2023-07-18";"1";"Vente";"125000.0";"6.0";"None";"RUE HEROLD";"3235";"06000";"06088";"Nice";"06";"None";"None";"06088000KY0235";"None";"None";"16";"nan";"None";"nan";"None";"nan";"None";"None";"None";"None";"1";"2";"Appartement";"17.0";"1.0";"None";"None";"None";"None";"nan";"7.258484";"43.698894";"000KY"
"2023-53475";"2023-07-18";"1";"Vente";"520000.0";"20.0";"None";"RUE VERDI";"6620";"06000";"06088";"Nice";"06";"None";"None";"06088000KY0134";"None";"None";"203";"107.19";"None";"nan";"None";"nan";"None";"None";"None";"None";"1";"2";"Appartement";"107.0";"4.0";"None";"None";"None";"None";"nan";"7.259955";"43.699817";"000KY"
"2023-52641";"2023-07-17";"1";"Vente";"145000.0";"12.0";"None";"AV AUBER";"0425";"06000";"06088";"Nice";"06";"None";"None";"06088000KY0122";"None";"None";"30";"18.2";"31";"nan";"None";"nan";"None";"None";"None";"None";"2";"2";"Appartement";"18.0";"1.0";"None";"None";"None";"None";"nan";"7.261671";"43.700007";"000KY"
"2023-53323";"2023-07-17";"1";"Vente";"499000.0";"37.0";"None";"RUE VERDI";"6620";"06000";"06088";"Nice";"06";"None";"None";"06088000KY0202";"None";"None";"28";"nan";"8";"nan";"None";"nan";"None";"None";"None";"None";"2";"2";"Appartement";"97.0";"5.0";"None";"None";"None";"None";"nan";"7.257318";"43.699405";"000KY"
"2023-53134";"2023-07-17";"1";"Vente";"60000.0";"24.0";"None";"RUE HEROLD";"3235";"06000";"06088";"Nice";"06";"None";"None";"06088000KY0158";"None";"None";"205";"nan";"None";"nan";"None";"nan";"None";"None";"None";"None";"1";"3";"Dépendance";"nan";"0.0";"None";"None";"None";"None";"nan";"7.258773";"43.700099";"000KY"
"2023-53323";"2023-07-17";"1";"Vente";"499000.0";"37.0";"None";"RUE VERDI";"6620";"06000";"06088";"Nice";"06";"None";"None";"06088000KY0202";"None";"None";"28";"nan";"8";"nan";"None";"nan";"None";"None";"None";"None";"2";"3";"Dépendance";"nan";"0.0";"None";"None";"None";"None";"nan";"7.257318";"43.699405";"000KY"
"2023-53349";"2023-07-17";"1";"Vente";"480000.0";"46.0";"None";"BD GAMBETTA";"2755";"06000";"06088";"Nice";"06";"None";"None";"06088000KY0294";"None";"None";"108";"nan";"126";"nan";"None";"nan";"None";"None";"None";"None";"2";"4";"Local industriel. commercial ou assimilé";"100.0";"0.0";"None";"None";"None";"None";"nan";"7.256492";"43.700513";"000KY"
"2023-52328";"2023-07-11";"1";"Vente";"265000.0";"4.0";"None";"RUE GUIGLIA";"3090";"06000";"06088";"Nice";"06";"None";"None";"06088000KY0215";"None";"None";"51";"nan";"None";"nan";"None";"nan";"None";"None";"None";"None";"1";"2";"Appartement";"40.0";"2.0";"None";"None";"None";"None";"nan";"7.257985";"43.698779";"000KY"
"2023-53025";"2023-07-11";"1";"Vente";"100000.0";"20.0";"None";"RUE HEROLD";"3235";"06000";"06088";"Nice";"06";"None";"None";"06088000KY0159";"None";"None";"13";"nan";"None";"nan";"None";"nan";"None";"None";"None";"None";"1";"2";"Appartement";"11.0";"1.0";"None";"None";"None";"None";"nan";"7.258684";"43.699913";"000KY"
"2023-53238";"2023-07-10";"1";"Vente";"666500.0";"34.0";"None";"RUE ROSSINI";"5600";"06000";"06088";"Nice";"06";"None";"None";"06088000KY0060";"None";"None";"18";"nan";"None";"nan";"None";"nan";"None";"None";"None";"None";"1";"2";"Appartement";"84.0";"3.0";"None";"None";"None";"None";"nan";"7.259672";"43.700808";"000KY"
"2023-53238";"2023-07-10";"1";"Vente";"666500.0";"34.0";"None";"RUE ROSSINI";"5600";"06000";"06088";"Nice";"06";"None";"None";"06088000KY0060";"None";"None";"18";"nan";"None";"nan";"None";"nan";"None";"None";"None";"None";"1";"3";"Dépendance";"nan";"0.0";"None";"None";"None";"None";"nan";"7.259672";"43.700808";"000KY"
"2023-53000";"2023-07-07";"1";"Vente";"950000.0";"21.0";"None";"RUE GOUNOD";"2985";"06000";"06088";"Nice";"06";"None";"None";"06088000KY0069";"None";"None";"None";"nan";"None";"nan";"None";"nan";"None";"None";"None";"None";"0";"1";"Maison";"160.0";"6.0";"S";"sols";"None";"None";"171.0";"7.260417";"43.70084";"000KY"
"2023-52175";"2023-07-07";"1";"Vente";"161500.0";"35.0";"None";"RUE BERLIOZ";"0790";"06000";"06088";"Nice";"06";"None";"None";"06088000KY0052";"None";"None";"8";"32.35";"None";"nan";"None";"nan";"None";"None";"None";"None";"1";"2";"Appartement";"31.0";"2.0";"None";"None";"None";"None";"nan";"7.259315";"43.701388";"000KY"
"2023-52676";"2023-07-07";"1";"Vente";"174000.0";"5.0";"None";"RUE HEROLD";"3235";"06000";"06088";"Nice";"06";"None";"None";"06088000KY0291";"None";"None";"12";"nan";"43";"33.82";"None";"nan";"None";"None";"None";"None";"2";"2";"Appartement";"34.0";"1.0";"None";"None";"None";"None";"nan";"7.258093";"43.698739";"000KY"
"2023-52676";"2023-07-07";"1";"Vente";"174000.0";"5.0";"None";"RUE HEROLD";"3235";"06000";"06088";"Nice";"06";"None";"None";"06088000KY0291";"None";"None";"12";"nan";"43";"33.82";"None";"nan";"None";"None";"None";"None";"2";"3";"Dépendance";"nan";"0.0";"None";"None";"None";"None";"nan";"7.258093";"43.698739";"000KY"
"2023-52466";"2023-07-05";"1";"Vente";"50000.0";"40.0";"None";"BD GAMBETTA";"2755";"06000";"06088";"Nice";"06";"None";"None";"06088000KY0193";"None";"None";"107";"nan";"None";"nan";"None";"nan";"None";"None";"None";"None";"1";"3";"Dépendance";"nan";"0.0";"None";"None";"None";"None";"nan";"7.256559";"43.700111";"000KY"
"2023-51759";"2023-07-04";"1";"Vente";"72500.0";"16.0";"None";"RUE BERLIOZ";"0790";"06000";"06088";"Nice";"06";"None";"None";"06088000KY0312";"None";"None";"30";"18.13";"None";"nan";"None";"nan";"None";"None";"None";"None";"1";"2";"Appartement";"20.0";"1.0";"None";"None";"None";"None";"nan";"7.259558";"43.699943";"000KY"
"2023-52594";"2023-07-04";"1";"Vente";"455000.0";"30.0";"None";"RUE GUIGLIA";"3090";"06000";"06088";"Nice";"06";"None";"None";"06088000KY0033";"None";"None";"14";"51.1";"20";"nan";"None";"nan";"None";"None";"None";"None";"2";"2";"Appartement";"49.0";"2.0";"None";"None";"None";"None";"nan";"7.258227";"43.701468";"000KY"
"2023-52594";"2023-07-04";"1";"Vente";"455000.0";"30.0";"None";"RUE GUIGLIA";"3090";"06000";"06088";"Nice";"06";"None";"None";"06088000KY0033";"None";"None";"14";"51.1";"20";"nan";"None";"nan";"None";"None";"None";"None";"2";"3";"Dépendance";"nan";"0.0";"None";"None";"None";"None";"nan";"7.258227";"43.701468";"000KY"
"2023-52594";"2023-07-04";"1";"Vente";"455000.0";"30.0";"None";"RUE GUIGLIA";"3090";"06000";"06088";"Nice";"06";"None";"None";"06088000KY0033";"None";"None";"14";"51.1";"20";"nan";"None";"nan";"None";"None";"None";"None";"2";"3";"Dépendance";"nan";"0.0";"None";"None";"None";"None";"nan";"7.258227";"43.701468";"000KY"
"2023-52805";"2023-07-03";"1";"Vente";"560000.0";"32.0";"None";"RUE GOUNOD";"2985";"06000";"06088";"Nice";"06";"None";"None";"06088000KY0090";"None";"None";"20";"81.92";"None";"nan";"None";"nan";"None";"None";"None";"None";"1";"2";"Appartement";"58.0";"3.0";"None";"None";"None";"None";"nan";"7.261041";"43.701466";"000KY"
"2023-52522";"2023-06-30";"1";"Vente";"47500.0";"29.0";"None";"RUE GUIGLIA";"3090";"06000";"06088";"Nice";"06";"None";"None";"06088000KY0020";"None";"None";"30";"nan";"None";"nan";"None";"nan";"None";"None";"None";"None";"1";"3";"Dépendance";"nan";"0.0";"None";"None";"None";"None";"nan";"7.257751";"43.701499";"000KY"
"2023-51848";"2023-06-29";"1";"Vente";"74100.0";"6.0";"None";"AV EMILIA";"2260";"06000";"06088";"Nice";"06";"None";"None";"06088000KY0200";"None";"None";"18";"nan";"None";"nan";"None";"nan";"None";"None";"None";"None";"1";"2";"Appartement";"35.0";"3.0";"None";"None";"None";"None";"nan";"7.257075";"43.699293";"000KY"
"2023-51849";"2023-06-29";"2";"Vente";"340000.0";"6.0";"None";"AV EMILIA";"2260";"06000";"06088";"Nice";"06";"None";"None";"06088000KY0200";"None";"None";"18";"nan";"None";"nan";"None";"nan";"None";"None";"None";"None";"1";"2";"Appartement";"35.0";"3.0";"None";"None";"None";"None";"nan";"7.257075";"43.699293";"000KY"
"2023-53024";"2023-06-29";"1";"Vente";"700000.0";"4.0";"None";"RUE GUIGLIA";"3090";"06000";"06088";"Nice";"06";"None";"None";"06088000KY0215";"None";"None";"44";"nan";"None";"nan";"None";"nan";"None";"None";"None";"None";"1";"2";"Appartement";"20.0";"1.0";"None";"None";"None";"None";"nan";"7.257985";"43.698779";"000KY"
"2023-53024";"2023-06-29";"1";"Vente";"700000.0";"4.0";"None";"RUE GUIGLIA";"3090";"06000";"06088";"Nice";"06";"None";"None";"06088000KY0215";"None";"None";"45";"nan";"None";"nan";"None";"nan";"None";"None";"None";"None";"1";"2";"Appartement";"20.0";"1.0";"None";"None";"None";"None";"nan";"7.257985";"43.698779";"000KY"
"2023-53024";"2023-06-29";"1";"Vente";"700000.0";"4.0";"None";"RUE GUIGLIA";"3090";"06000";"06088";"Nice";"06";"None";"None";"06088000KY0215";"None";"None";"46";"nan";"None";"nan";"None";"nan";"None";"None";"None";"None";"1";"2";"Appartement";"42.0";"2.0";"None";"None";"None";"None";"nan";"7.257985";"43.698779";"000KY"
"2023-51848";"2023-06-29";"1";"Vente";"74100.0";"6.0";"None";"AV EMILIA";"2260";"06000";"06088";"Nice";"06";"None";"None";"06088000KY0200";"None";"None";"18";"nan";"None";"nan";"None";"nan";"None";"None";"None";"None";"1";"3";"Dépendance";"nan";"0.0";"None";"None";"None";"None";"nan";"7.257075";"43.699293";"000KY"
"2023-51849";"2023-06-29";"2";"Vente";"340000.0";"6.0";"None";"AV EMILIA";"2260";"06000";"06088";"Nice";"06";"None";"None";"06088000KY0200";"None";"None";"18";"nan";"None";"nan";"None";"nan";"None";"None";"None";"None";"1";"3";"Dépendance";"nan";"0.0";"None";"None";"None";"None";"nan";"7.257075";"43.699293";"000KY"
"2023-52882";"2023-06-29";"1";"Vente";"50000.0";"20.0";"None";"RUE VERDI";"6620";"06000";"06088";"Nice";"06";"None";"None";"06088000KY0134";"None";"None";"126";"nan";"None";"nan";"None";"nan";"None";"None";"None";"None";"1";"3";"Dépendance";"nan";"0.0";"None";"None";"None";"None";"nan";"7.259955";"43.699817";"000KY"
"2023-52882";"2023-06-29";"1";"Vente";"50000.0";"20.0";"None";"RUE VERDI";"6620";"06000";"06088";"Nice";"06";"None";"None";"06088000KY0134";"None";"None";"117";"nan";"None";"nan";"None";"nan";"None";"None";"None";"None";"1";"3";"Dépendance";"nan";"0.0";"None";"None";"None";"None";"nan";"7.259955";"43.699817";"000KY"
"2023-52121";"2023-06-29";"1";"Vente";"269000.0";"40.0";"None";"BD GAMBETTA";"2755";"06000";"06088";"Nice";"06";"None";"None";"06088000KY0193";"None";"None";"167";"nan";"None";"nan";"None";"nan";"None";"None";"None";"None";"1";"4";"Local industriel. commercial ou assimilé";"56.0";"0.0";"None";"None";"None";"None";"nan";"7.256559";"43.700111";"000KY"
"2023-52033";"2023-06-28";"1";"Vente";"393700.0";"20.0";"None";"RUE BERLIOZ";"0790";"06000";"06088";"Nice";"06";"None";"None";"06088000KY0143";"None";"None";"23";"nan";"None";"nan";"None";"nan";"None";"None";"None";"None";"1";"2";"Appartement";"80.0";"3.0";"None";"None";"None";"None";"nan";"7.259713";"43.700341";"000KY"
"2023-51603";"2023-06-28";"1";"Vente";"50000.0";"6.0";"None";"RUE HEROLD";"3235";"06000";"06088";"Nice";"06";"None";"None";"06088000KY0235";"None";"None";"21";"nan";"None";"nan";"None";"nan";"None";"None";"None";"None";"1";"3";"Dépendance";"nan";"0.0";"None";"None";"None";"None";"nan";"7.258484";"43.698894";"000KY"
"2023-51763";"2023-06-28";"1";"Vente";"560000.0";"3.0";"None";"AV AUBER";"0425";"06000";"06088";"Nice";"06";"None";"None";"06088000KY0266";"None";"None";"27";"105.38";"None";"nan";"None";"nan";"None";"None";"None";"None";"1";"4";"Local industriel. commercial ou assimilé";"105.0";"0.0";"None";"None";"None";"None";"nan";"7.261058";"43.699231";"000KY"
"2023-51884";"2023-06-27";"1";"Vente";"390000.0";"44.0";"None";"RUE ROSSINI";"5600";"06000";"06088";"Nice";"06";"None";"None";"06088000KY0027";"None";"None";"155";"nan";"53";"nan";"None";"nan";"None";"None";"None";"None";"2";"2";"Appartement";"73.0";"3.0";"None";"None";"None";"None";"nan";"7.258248";"43.701081";"000KY"
"2023-51884";"2023-06-27";"1";"Vente";"390000.0";"44.0";"None";"RUE ROSSINI";"5600";"06000";"06088";"Nice";"06";"None";"None";"06088000KY0027";"None";"None";"155";"nan";"53";"nan";"None";"nan";"None";"None";"None";"None";"2";"3";"Dépendance";"nan";"0.0";"None";"None";"None";"None";"nan";"7.258248";"43.701081";"000KY"
"2023-51885";"2023-06-27";"1";"Vente";"55000.0";"44.0";"None";"RUE ROSSINI";"5600";"06000";"06088";"Nice";"06";"None";"None";"06088000KY0027";"None";"None";"193";"nan";"None";"nan";"None";"nan";"None";"None";"None";"None";"1";"3";"Dépendance";"nan";"0.0";"None";"None";"None";"None";"nan";"7.258248";"43.701081";"000KY"
"2023-52041";"2023-06-26";"1";"Vente";"335310.0";"10.0";"None";"RUE VERDI";"6620";"06000";"06088";"Nice";"06";"None";"None";"06088000KY0123";"None";"None";"49";"nan";"None";"nan";"None";"nan";"None";"None";"None";"None";"1";"2";"Appartement";"51.0";"2.0";"None";"None";"None";"None";"nan";"7.261199";"43.69974";"000KY"
"2023-52041";"2023-06-26";"1";"Vente";"335310.0";"10.0";"None";"RUE VERDI";"6620";"06000";"06088";"Nice";"06";"None";"None";"06088000KY0123";"None";"None";"108";"nan";"None";"nan";"None";"nan";"None";"None";"None";"None";"1";"2";"Appartement";"8.0";"1.0";"None";"None";"None";"None";"nan";"7.261199";"43.69974";"000KY"
"2023-51534";"2023-06-23";"1";"Vente";"324200.0";"36.0";"None";"RUE HEROLD";"3235";"06000";"06088";"Nice";"06";"None";"None";"06088000KY0057";"None";"None";"99";"nan";"None";"nan";"None";"nan";"None";"None";"None";"None";"1";"2";"Appartement";"60.0";"3.0";"None";"None";"None";"None";"nan";"7.259139";"43.700904";"000KY"
"2023-51666";"2023-06-23";"1";"Vente";"148000.0";"11.0";"None";"RUE AMIRAL DE GRASSE";"0170";"06000";"06088";"Nice";"06";"None";"None";"06088000KY0005";"None";"None";"15";"nan";"30";"nan";"None";"nan";"None";"None";"None";"None";"2";"2";"Appartement";"22.0";"1.0";"None";"None";"None";"None";"nan";"7.257024";"43.701668";"000KY"
"2023-51734";"2023-06-23";"1";"Vente";"778050.0";"28.0";"None";"RUE VERDI";"6620";"06000";"06088";"Nice";"06";"None";"None";"06088000KY0160";"None";"None";"43";"nan";"62";"115.97";"77";"nan";"None";"None";"None";"None";"3";"2";"Appartement";"108.0";"5.0";"None";"None";"None";"None";"nan";"7.258671";"43.699791";"000KY"
"2023-52077";"2023-06-23";"1";"Vente";"120000.0";"40.0";"None";"BD GAMBETTA";"2755";"06000";"06088";"Nice";"06";"None";"None";"06088000KY0193";"None";"None";"21";"nan";"None";"nan";"None";"nan";"None";"None";"None";"None";"1";"2";"Appartement";"37.0";"1.0";"None";"None";"None";"None";"nan";"7.256559";"43.700111";"000KY"
"2023-51666";"2023-06-23";"1";"Vente";"148000.0";"11.0";"None";"RUE AMIRAL DE GRASSE";"0170";"06000";"06088";"Nice";"06";"None";"None";"06088000KY0005";"None";"None";"15";"nan";"30";"nan";"None";"nan";"None";"None";"None";"None";"2";"3";"Dépendance";"nan";"0.0";"None";"None";"None";"None";"nan";"7.257024";"43.701668";"000KY"
"2023-51734";"2023-06-23";"1";"Vente";"778050.0";"28.0";"None";"RUE VERDI";"6620";"06000";"06088";"Nice";"06";"None";"None";"06088000KY0160";"None";"None";"43";"nan";"62";"115.97";"77";"nan";"None";"None";"None";"None";"3";"3";"Dépendance";"nan";"0.0";"None";"None";"None";"None";"nan";"7.258671";"43.699791";"000KY"
"2023-52077";"2023-06-23";"1";"Vente";"120000.0";"40.0";"None";"BD GAMBETTA";"2755";"06000";"06088";"Nice";"06";"None";"None";"06088000KY0193";"None";"None";"21";"nan";"None";"nan";"None";"nan";"None";"None";"None";"None";"1";"3";"Dépendance";"nan";"0.0";"None";"None";"None";"None";"nan";"7.256559";"43.700111";"000KY"
"2023-52260";"2023-06-23";"1";"Vente";"41000.0";"62.0";"None";"BD GAMBETTA";"2755";"06000";"06088";"Nice";"06";"None";"None";"06088000KY0001";"None";"None";"187";"nan";"None";"nan";"None";"nan";"None";"None";"None";"None";"1";"3";"Dépendance";"nan";"0.0";"None";"None";"None";"None";"nan";"7.256638";"43.701528";"000KY"
"2023-50853";"2023-06-19";"1";"Vente";"360000.0";"20.0";"None";"RUE BERLIOZ";"0790";"06000";"06088";"Nice";"06";"None";"None";"06088000KY0143";"None";"None";"12";"nan";"36";"nan";"None";"nan";"None";"None";"None";"None";"2";"2";"Appartement";"64.0";"3.0";"None";"None";"None";"None";"nan";"7.259713";"43.700341";"000KY"
"2023-50853";"2023-06-19";"1";"Vente";"360000.0";"20.0";"None";"RUE BERLIOZ";"0790";"06000";"06088";"Nice";"06";"None";"None";"06088000KY0143";"None";"None";"12";"nan";"36";"nan";"None";"nan";"None";"None";"None";"None";"2";"3";"Dépendance";"nan";"0.0";"None";"None";"None";"None";"nan";"7.259713";"43.700341";"000KY"
"2023-50853";"2023-06-19";"1";"Vente";"360000.0";"20.0";"None";"RUE BERLIOZ";"0790";"06000";"06088";"Nice";"06";"None";"None";"06088000KY0143";"None";"None";"12";"nan";"36";"nan";"None";"nan";"None";"None";"None";"None";"2";"3";"Dépendance";"nan";"0.0";"None";"None";"None";"None";"nan";"7.259713";"43.700341";"000KY"
"2023-51275";"2023-06-15";"1";"Vente";"108200.0";"41.0";"None";"AV G CLEMENCEAU";"2880";"06000";"06088";"Nice";"06";"None";"None";"06088000KY0083";"None";"None";"4";"nan";"5";"nan";"None";"nan";"None";"None";"None";"None";"2";"2";"Appartement";"17.0";"1.0";"None";"None";"None";"None";"nan";"7.260537";"43.70166";"000KY"
"2023-51168";"2023-06-13";"1";"Vente";"550000.0";"33.0";"None";"RUE VERDI";"6620";"06000";"06088";"Nice";"06";"None";"None";"06088000KY0221";"None";"None";"2";"nan";"44";"nan";"None";"nan";"None";"None";"None";"None";"2";"2";"Appartement";"110.0";"4.0";"None";"None";"None";"None";"nan";"7.258044";"43.699364";"000KY"
"2023-51168";"2023-06-13";"1";"Vente";"550000.0";"33.0";"None";"RUE VERDI";"6620";"06000";"06088";"Nice";"06";"None";"None";"06088000KY0221";"None";"None";"2";"nan";"44";"nan";"None";"nan";"None";"None";"None";"None";"2";"3";"Dépendance";"nan";"0.0";"None";"None";"None";"None";"nan";"7.258044";"43.699364";"000KY"
"2023-50789";"2023-06-08";"1";"Vente";"115000.0";"24.0";"None";"RUE HEROLD";"3235";"06000";"06088";"Nice";"06";"None";"None";"06088000KY0158";"None";"None";"228";"14.38";"None";"nan";"None";"nan";"None";"None";"None";"None";"1";"2";"Appartement";"14.0";"1.0";"None";"None";"None";"None";"nan";"7.258773";"43.700099";"000KY"
"2023-50895";"2023-06-06";"1";"Vente en l'état futur d'achèvement";"55000.0";"nan";"None";"RUE BERLIOZ";"0790";"06000";"06088";"Nice";"06";"None";"None";"06088000KY0308";"None";"None";"3";"nan";"None";"nan";"None";"nan";"None";"None";"None";"None";"1";"None";"None";"nan";"nan";"None";"None";"None";"None";"nan";"7.259838";"43.701246";"000KY"
"2023-51636";"2023-06-02";"1";"Vente";"265000.0";"32.0";"None";"RUE BERLIOZ";"0790";"06000";"06088";"Nice";"06";"None";"None";"06088000KY0076";"None";"None";"113";"nan";"23";"nan";"None";"nan";"None";"None";"None";"None";"2";"2";"Appartement";"65.0";"2.0";"None";"None";"None";"None";"nan";"7.259888";"43.701741";"000KY"
"2023-51636";"2023-06-02";"1";"Vente";"265000.0";"32.0";"None";"RUE BERLIOZ";"0790";"06000";"06088";"Nice";"06";"None";"None";"06088000KY0076";"None";"None";"113";"nan";"23";"nan";"None";"nan";"None";"None";"None";"None";"2";"3";"Dépendance";"nan";"0.0";"None";"None";"None";"None";"nan";"7.259888";"43.701741";"000KY"
"2023-50882";"2023-05-31";"1";"Vente";"540075.0";"26.0";"None";"RUE GUIGLIA";"3090";"06000";"06088";"Nice";"06";"None";"None";"06088000KY0027";"None";"None";"232";"nan";"None";"nan";"None";"nan";"None";"None";"None";"None";"1";"2";"Appartement";"86.0";"3.0";"None";"None";"None";"None";"nan";"7.258248";"43.701081";"000KY"
"2023-50034";"2023-05-30";"1";"Vente";"72500.0";"5.0";"T";"RUE BERLIOZ";"0790";"06000";"06088";"Nice";"06";"None";"None";"06088000KY0230";"None";"None";"24";"19.07";"None";"nan";"None";"nan";"None";"None";"None";"None";"1";"2";"Appartement";"40.0";"2.0";"None";"None";"None";"None";"nan";"7.258907";"43.699145";"000KY"
"2023-50238";"2023-05-30";"1";"Vente";"133000.0";"16.0";"None";"RUE GUIGLIA";"3090";"06000";"06088";"Nice";"06";"None";"None";"06088000KY0168";"None";"None";"62";"21.69";"None";"nan";"None";"nan";"None";"None";"None";"None";"1";"2";"Appartement";"24.0";"1.0";"None";"None";"None";"None";"nan";"7.258082";"43.700341";"000KY"
"2023-50485";"2023-05-30";"1";"Vente";"62000.0";"5.0";"None";"RUE GOUNOD";"2985";"06000";"06088";"Nice";"06";"None";"None";"06088000KY0255";"None";"None";"3";"nan";"None";"nan";"None";"nan";"None";"None";"None";"None";"1";"3";"Dépendance";"nan";"0.0";"None";"None";"None";"None";"nan";"7.259982";"43.699381";"000KY"
"2023-51049";"2023-05-30";"1";"Echange";"12500.0";"33.0";"None";"RUE ROSSINI";"5600";"06000";"06088";"Nice";"06";"None";"None";"06088000KY0113";"None";"None";"33";"nan";"None";"nan";"None";"nan";"None";"None";"None";"None";"1";"3";"Dépendance";"nan";"0.0";"None";"None";"None";"None";"nan";"7.261673";"43.700199";"000KY"
"2023-51049";"2023-05-30";"2";"Echange";"12500.0";"33.0";"None";"RUE ROSSINI";"5600";"06000";"06088";"Nice";"06";"None";"None";"06088000KY0113";"None";"None";"26";"nan";"None";"nan";"None";"nan";"None";"None";"None";"None";"1";"3";"Dépendance";"nan";"0.0";"None";"None";"None";"None";"nan";"7.261673";"43.700199";"000KY"
"2023-51147";"2023-05-26";"1";"Vente";"660000.0";"21.0";"None";"RUE GOUNOD";"2985";"06000";"06088";"Nice";"06";"None";"None";"06088000KY0069";"None";"None";"None";"nan";"None";"nan";"None";"nan";"None";"None";"None";"None";"0";"1";"Maison";"160.0";"6.0";"S";"sols";"None";"None";"171.0";"7.260417";"43.70084";"000KY"
"2023-50273";"2023-05-26";"1";"Vente";"1331800.0";"13.0";"None";"AV AUBER";"0425";"06000";"06088";"Nice";"06";"None";"None";"06088000KY0103";"None";"None";"19";"nan";"None";"nan";"None";"nan";"None";"None";"None";"None";"1";"2";"Appartement";"85.0";"3.0";"None";"None";"None";"None";"nan";"7.261328";"43.700711";"000KY"
"2023-50273";"2023-05-26";"1";"Vente";"1331800.0";"13.0";"None";"AV AUBER";"0425";"06000";"06088";"Nice";"06";"None";"None";"06088000KY0103";"None";"None";"20";"171.75";"None";"nan";"None";"nan";"None";"None";"None";"None";"1";"2";"Appartement";"100.0";"3.0";"None";"None";"None";"None";"nan";"7.261328";"43.700711";"000KY"
"2023-50273";"2023-05-26";"1";"Vente";"1331800.0";"13.0";"None";"AV AUBER";"0425";"06000";"06088";"Nice";"06";"None";"None";"06088000KY0103";"None";"None";"12";"nan";"None";"nan";"None";"nan";"None";"None";"None";"None";"1";"3";"Dépendance";"nan";"0.0";"None";"None";"None";"None";"nan";"7.261328";"43.700711";"000KY"
"2023-49760";"2023-05-25";"1";"Vente";"255000.0";"1.0";"T";"RUE BERLIOZ";"0790";"06000";"06088";"Nice";"06";"None";"None";"06088000KY0242";"None";"None";"12";"nan";"47";"30.4";"None";"nan";"None";"None";"None";"None";"2";"2";"Appartement";"32.0";"1.0";"None";"None";"None";"None";"nan";"7.258795";"43.698627";"000KY"
"2023-50243";"2023-05-24";"1";"Vente";"130000.0";"1.0";"T";"RUE BERLIOZ";"0790";"06000";"06088";"Nice";"06";"None";"None";"06088000KY0242";"None";"None";"59";"22.3";"None";"nan";"None";"nan";"None";"None";"None";"None";"1";"2";"Appartement";"23.0";"1.0";"None";"None";"None";"None";"nan";"7.258795";"43.698627";"000KY"
"2023-50243";"2023-05-24";"1";"Vente";"130000.0";"1.0";"T";"RUE BERLIOZ";"0790";"06000";"06088";"Nice";"06";"None";"None";"06088000KY0242";"None";"None";"59";"22.3";"None";"nan";"None";"nan";"None";"None";"None";"None";"1";"3";"Dépendance";"nan";"0.0";"None";"None";"None";"None";"nan";"7.258795";"43.698627";"000KY"
"2023-49604";"2023-05-22";"1";"Vente";"1170000.0";"42.0";"None";"RUE VERDI";"6620";"06000";"06088";"Nice";"06";"None";"None";"06088000KY0316";"None";"None";"33";"nan";"8";"155.48";"None";"nan";"None";"None";"None";"None";"2";"2";"Appartement";"152.0";"5.0";"None";"None";"None";"None";"nan";"7.256852";"43.699911";"000KY"
"2023-50014";"2023-05-22";"1";"Vente";"395000.0";"16.0";"None";"RUE VERDI";"6620";"06000";"06088";"Nice";"06";"None";"None";"06088000KY0131";"None";"None";"15";"nan";"26";"54.09";"None";"nan";"None";"None";"None";"None";"2";"2";"Appartement";"57.0";"2.0";"None";"None";"None";"None";"nan";"7.260538";"43.699765";"000KY"
"2023-49604";"2023-05-22";"1";"Vente";"1170000.0";"42.0";"None";"RUE VERDI";"6620";"06000";"06088";"Nice";"06";"None";"None";"06088000KY0316";"None";"None";"33";"nan";"8";"155.48";"None";"nan";"None";"None";"None";"None";"2";"3";"Dépendance";"nan";"0.0";"None";"None";"None";"None";"nan";"7.256852";"43.699911";"000KY"
"2023-50003";"2023-05-22";"1";"Vente";"70000.0";"40.0";"None";"RUE VERDI";"6620";"06000";"06088";"Nice";"06";"None";"None";"06088000KY0175";"None";"None";"89";"nan";"None";"nan";"None";"nan";"None";"None";"None";"None";"1";"3";"Dépendance";"nan";"0.0";"None";"None";"None";"None";"nan";"7.257211";"43.69987";"000KY"
"2023-49806";"2023-05-17";"1";"Vente";"50000.0";"13.0";"None";"AV AUBER";"0425";"06000";"06088";"Nice";"06";"None";"None";"06088000KY0103";"None";"None";"30";"nan";"None";"nan";"None";"nan";"None";"None";"None";"None";"1";"2";"Appartement";"18.0";"1.0";"None";"None";"None";"None";"nan";"7.261328";"43.700711";"000KY"
"2023-50212";"2023-05-17";"1";"Vente";"300300.0";"5.0";"None";"AV BAQUIS";"0545";"06000";"06088";"Nice";"06";"None";"None";"06088000KY0269";"None";"None";"157";"19.29";"None";"nan";"None";"nan";"None";"None";"None";"None";"1";"2";"Appartement";"23.0";"1.0";"None";"None";"None";"None";"nan";"7.261862";"43.699265";"000KY"
"2023-50212";"2023-05-17";"1";"Vente";"300300.0";"5.0";"None";"AV BAQUIS";"0545";"06000";"06088";"Nice";"06";"None";"None";"06088000KY0269";"None";"None";"156";"13.9";"None";"nan";"None";"nan";"None";"None";"None";"None";"1";"2";"Appartement";"18.0";"1.0";"None";"None";"None";"None";"nan";"7.261862";"43.699265";"000KY"
"2023-50212";"2023-05-17";"1";"Vente";"300300.0";"5.0";"None";"AV BAQUIS";"0545";"06000";"06088";"Nice";"06";"None";"None";"06088000KY0269";"None";"None";"158";"17.74";"None";"nan";"None";"nan";"None";"None";"None";"None";"1";"2";"Appartement";"25.0";"1.0";"None";"None";"None";"None";"nan";"7.261862";"43.699265";"000KY"
"2023-50212";"2023-05-17";"1";"Vente";"300300.0";"5.0";"None";"AV BAQUIS";"0545";"06000";"06088";"Nice";"06";"None";"None";"06088000KY0269";"None";"None";"156";"13.9";"None";"nan";"None";"nan";"None";"None";"None";"None";"1";"3";"Dépendance";"nan";"0.0";"None";"None";"None";"None";"nan";"7.261862";"43.699265";"000KY"
"2023-49793";"2023-05-16";"1";"Vente";"144000.0";"3.0";"None";"RUE AMIRAL DE GRASSE";"0170";"06000";"06088";"Nice";"06";"None";"None";"06088000KY0302";"None";"None";"52";"28.16";"None";"nan";"None";"nan";"None";"None";"None";"None";"1";"2";"Appartement";"28.0";"1.0";"None";"None";"None";"None";"nan";"7.256514";"43.701267";"000KY"
"2023-49478";"2023-05-15";"1";"Vente";"619652.0";"48.0";"None";"BD VICTOR HUGO";"6655";"06000";"06088";"Nice";"06";"None";"None";"06088000KY0261";"None";"None";"40";"nan";"None";"nan";"None";"nan";"None";"None";"None";"None";"1";"4";"Local industriel. commercial ou assimilé";"25.0";"0.0";"None";"None";"None";"None";"nan";"7.260265";"43.698698";"000KY"
"2023-49478";"2023-05-15";"1";"Vente";"619652.0";"48.0";"None";"BD VICTOR HUGO";"6655";"06000";"06088";"Nice";"06";"None";"None";"06088000KY0261";"None";"None";"33";"nan";"None";"nan";"None";"nan";"None";"None";"None";"None";"1";"4";"Local industriel. commercial ou assimilé";"27.0";"0.0";"None";"None";"None";"None";"nan";"7.260265";"43.698698";"000KY"
"2023-49478";"2023-05-15";"1";"Vente";"619652.0";"48.0";"None";"BD VICTOR HUGO";"6655";"06000";"06088";"Nice";"06";"None";"None";"06088000KY0261";"None";"None";"24";"nan";"None";"nan";"None";"nan";"None";"None";"None";"None";"1";"4";"Local industriel. commercial ou assimilé";"16.0";"0.0";"None";"None";"None";"None";"nan";"7.260265";"43.698698";"000KY"
"2023-49478";"2023-05-15";"1";"Vente";"619652.0";"48.0";"None";"BD VICTOR HUGO";"6655";"06000";"06088";"Nice";"06";"None";"None";"06088000KY0261";"None";"None";"21";"nan";"None";"nan";"None";"nan";"None";"None";"None";"None";"1";"4";"Local industriel. commercial ou assimilé";"20.0";"0.0";"None";"None";"None";"None";"nan";"7.260265";"43.698698";"000KY"
"2023-49481";"2023-05-15";"1";"Vente";"309826.0";"48.0";"None";"BD VICTOR HUGO";"6655";"06000";"06088";"Nice";"06";"None";"None";"06088000KY0261";"None";"None";"37";"nan";"None";"nan";"None";"nan";"None";"None";"None";"None";"1";"4";"Local industriel. commercial ou assimilé";"16.0";"0.0";"None";"None";"None";"None";"nan";"7.260265";"43.698698";"000KY"
"2023-49481";"2023-05-15";"1";"Vente";"309826.0";"48.0";"None";"BD VICTOR HUGO";"6655";"06000";"06088";"Nice";"06";"None";"None";"06088000KY0261";"None";"None";"12";"nan";"None";"nan";"None";"nan";"None";"None";"None";"None";"1";"4";"Local industriel. commercial ou assimilé";"22.0";"0.0";"None";"None";"None";"None";"nan";"7.260265";"43.698698";"000KY"
"2023-49488";"2023-05-15";"1";"Vente";"309826.0";"48.0";"None";"BD VICTOR HUGO";"6655";"06000";"06088";"Nice";"06";"None";"None";"06088000KY0261";"None";"None";"41";"nan";"None";"nan";"None";"nan";"None";"None";"None";"None";"1";"4";"Local industriel. commercial ou assimilé";"22.0";"0.0";"None";"None";"None";"None";"nan";"7.260265";"43.698698";"000KY"
"2023-49488";"2023-05-15";"1";"Vente";"309826.0";"48.0";"None";"BD VICTOR HUGO";"6655";"06000";"06088";"Nice";"06";"None";"None";"06088000KY0261";"None";"None";"15";"nan";"None";"nan";"None";"nan";"None";"None";"None";"None";"1";"4";"Local industriel. commercial ou assimilé";"18.0";"0.0";"None";"None";"None";"None";"nan";"7.260265";"43.698698";"000KY"
"2023-49488";"2023-05-15";"1";"Vente";"309826.0";"48.0";"None";"BD VICTOR HUGO";"6655";"06000";"06088";"Nice";"06";"None";"None";"06088000KY0261";"None";"None";"49";"nan";"None";"nan";"None";"nan";"None";"None";"None";"None";"1";"4";"Local industriel. commercial ou assimilé";"19.0";"0.0";"None";"None";"None";"None";"nan";"7.260265";"43.698698";"000KY"
"2023-49488";"2023-05-15";"1";"Vente";"309826.0";"48.0";"None";"BD VICTOR HUGO";"6655";"06000";"06088";"Nice";"06";"None";"None";"06088000KY0261";"None";"None";"30";"nan";"None";"nan";"None";"nan";"None";"None";"None";"None";"1";"4";"Local industriel. commercial ou assimilé";"25.0";"0.0";"None";"None";"None";"None";"nan";"7.260265";"43.698698";"000KY"
"2023-49490";"2023-05-15";"1";"Vente";"1077293.0";"48.0";"None";"BD VICTOR HUGO";"6655";"06000";"06088";"Nice";"06";"None";"None";"06088000KY0261";"None";"None";"18";"nan";"None";"nan";"None";"nan";"None";"None";"None";"None";"1";"4";"Local industriel. commercial ou assimilé";"27.0";"0.0";"None";"None";"None";"None";"nan";"7.260265";"43.698698";"000KY"
"2023-49490";"2023-05-15";"1";"Vente";"1077293.0";"48.0";"None";"BD VICTOR HUGO";"6655";"06000";"06088";"Nice";"06";"None";"None";"06088000KY0261";"None";"None";"26";"nan";"None";"nan";"None";"nan";"None";"None";"None";"None";"1";"4";"Local industriel. commercial ou assimilé";"17.0";"0.0";"None";"None";"None";"None";"nan";"7.260265";"43.698698";"000KY"
"2023-49490";"2023-05-15";"1";"Vente";"1077293.0";"48.0";"None";"BD VICTOR HUGO";"6655";"06000";"06088";"Nice";"06";"None";"None";"06088000KY0261";"None";"None";"55";"nan";"None";"nan";"None";"nan";"None";"None";"None";"None";"1";"4";"Local industriel. commercial ou assimilé";"27.0";"0.0";"None";"None";"None";"None";"nan";"7.260265";"43.698698";"000KY"
"2023-49490";"2023-05-15";"1";"Vente";"1077293.0";"48.0";"None";"BD VICTOR HUGO";"6655";"06000";"06088";"Nice";"06";"None";"None";"06088000KY0261";"None";"None";"53";"nan";"None";"nan";"None";"nan";"None";"None";"None";"None";"1";"4";"Local industriel. commercial ou assimilé";"44.0";"0.0";"None";"None";"None";"None";"nan";"7.260265";"43.698698";"000KY"
"2023-49490";"2023-05-15";"1";"Vente";"1077293.0";"48.0";"None";"BD VICTOR HUGO";"6655";"06000";"06088";"Nice";"06";"None";"None";"06088000KY0261";"None";"None";"44";"nan";"None";"nan";"None";"nan";"None";"None";"None";"None";"1";"4";"Local industriel. commercial ou assimilé";"21.0";"0.0";"None";"None";"None";"None";"nan";"7.260265";"43.698698";"000KY"
"2023-49490";"2023-05-15";"1";"Vente";"1077293.0";"48.0";"None";"BD VICTOR HUGO";"6655";"06000";"06088";"Nice";"06";"None";"None";"06088000KY0261";"None";"None";"42";"nan";"None";"nan";"None";"nan";"None";"None";"None";"None";"1";"4";"Local industriel. commercial ou assimilé";"29.0";"0.0";"None";"None";"None";"None";"nan";"7.260265";"43.698698";"000KY"
"2023-49490";"2023-05-15";"1";"Vente";"1077293.0";"48.0";"None";"BD VICTOR HUGO";"6655";"06000";"06088";"Nice";"06";"None";"None";"06088000KY0261";"None";"None";"36";"nan";"None";"nan";"None";"nan";"None";"None";"None";"None";"1";"4";"Local industriel. commercial ou assimilé";"17.0";"0.0";"None";"None";"None";"None";"nan";"7.260265";"43.698698";"000KY"
"2023-49494";"2023-05-15";"1";"Vente";"162009.0";"48.0";"None";"BD VICTOR HUGO";"6655";"06000";"06088";"Nice";"06";"None";"None";"06088000KY0261";"None";"None";"54";"nan";"None";"nan";"None";"nan";"None";"None";"None";"None";"1";"4";"Local industriel. commercial ou assimilé";"30.0";"0.0";"None";"None";"None";"None";"nan";"7.260265";"43.698698";"000KY"
"2023-49495";"2023-05-15";"1";"Vente";"309826.0";"48.0";"None";"BD VICTOR HUGO";"6655";"06000";"06088";"Nice";"06";"None";"None";"06088000KY0261";"None";"None";"39";"nan";"None";"nan";"None";"nan";"None";"None";"None";"None";"1";"4";"Local industriel. commercial ou assimilé";"18.0";"0.0";"None";"None";"None";"None";"nan";"7.260265";"43.698698";"000KY"
"2023-49495";"2023-05-15";"1";"Vente";"309826.0";"48.0";"None";"BD VICTOR HUGO";"6655";"06000";"06088";"Nice";"06";"None";"None";"06088000KY0261";"None";"None";"13";"nan";"None";"nan";"None";"nan";"None";"None";"None";"None";"1";"4";"Local industriel. commercial ou assimilé";"24.0";"0.0";"None";"None";"None";"None";"nan";"7.260265";"43.698698";"000KY"
"2023-49496";"2023-05-15";"1";"Vente";"457642.0";"48.0";"None";"BD VICTOR HUGO";"6655";"06000";"06088";"Nice";"06";"None";"None";"06088000KY0261";"None";"None";"25";"nan";"None";"nan";"None";"nan";"None";"None";"None";"None";"1";"4";"Local industriel. commercial ou assimilé";"23.0";"0.0";"None";"None";"None";"None";"nan";"7.260265";"43.698698";"000KY"
"2023-49496";"2023-05-15";"1";"Vente";"457642.0";"48.0";"None";"BD VICTOR HUGO";"6655";"06000";"06088";"Nice";"06";"None";"None";"06088000KY0261";"None";"None";"23";"nan";"None";"nan";"None";"nan";"None";"None";"None";"None";"1";"4";"Local industriel. commercial ou assimilé";"29.0";"0.0";"None";"None";"None";"None";"nan";"7.260265";"43.698698";"000KY"
"2023-49496";"2023-05-15";"1";"Vente";"457642.0";"48.0";"None";"BD VICTOR HUGO";"6655";"06000";"06088";"Nice";"06";"None";"None";"06088000KY0261";"None";"None";"14";"nan";"None";"nan";"None";"nan";"None";"None";"None";"None";"1";"4";"Local industriel. commercial ou assimilé";"17.0";"0.0";"None";"None";"None";"None";"nan";"7.260265";"43.698698";"000KY"
"2023-49497";"2023-05-15";"1";"Vente";"147809.0";"48.0";"None";"BD VICTOR HUGO";"6655";"06000";"06088";"Nice";"06";"None";"None";"06088000KY0261";"None";"None";"45";"nan";"None";"nan";"None";"nan";"None";"None";"None";"None";"1";"4";"Local industriel. commercial ou assimilé";"21.0";"0.0";"None";"None";"None";"None";"nan";"7.260265";"43.698698";"000KY"
"2023-49516";"2023-05-15";"1";"Vente";"309826.0";"48.0";"None";"BD VICTOR HUGO";"6655";"06000";"06088";"Nice";"06";"None";"None";"06088000KY0261";"None";"None";"28";"nan";"None";"nan";"None";"nan";"None";"None";"None";"None";"1";"4";"Local industriel. commercial ou assimilé";"26.0";"0.0";"None";"None";"None";"None";"nan";"7.260265";"43.698698";"000KY"
"2023-49516";"2023-05-15";"1";"Vente";"309826.0";"48.0";"None";"BD VICTOR HUGO";"6655";"06000";"06088";"Nice";"06";"None";"None";"06088000KY0261";"None";"None";"47";"nan";"None";"nan";"None";"nan";"None";"None";"None";"None";"1";"4";"Local industriel. commercial ou assimilé";"17.0";"0.0";"None";"None";"None";"None";"nan";"7.260265";"43.698698";"000KY"
"2023-49518";"2023-05-15";"1";"Vente";"309826.0";"48.0";"None";"BD VICTOR HUGO";"6655";"06000";"06088";"Nice";"06";"None";"None";"06088000KY0261";"None";"None";"52";"nan";"None";"nan";"None";"nan";"None";"None";"None";"None";"1";"4";"Local industriel. commercial ou assimilé";"34.0";"0.0";"None";"None";"None";"None";"nan";"7.260265";"43.698698";"000KY"
"2023-49518";"2023-05-15";"1";"Vente";"309826.0";"48.0";"None";"BD VICTOR HUGO";"6655";"06000";"06088";"Nice";"06";"None";"None";"06088000KY0261";"None";"None";"16";"nan";"None";"nan";"None";"nan";"None";"None";"None";"None";"1";"4";"Local industriel. commercial ou assimilé";"17.0";"0.0";"None";"None";"None";"None";"nan";"7.260265";"43.698698";"000KY"
"2023-49518";"2023-05-15";"1";"Vente";"309826.0";"48.0";"None";"BD VICTOR HUGO";"6655";"06000";"06088";"Nice";"06";"None";"None";"06088000KY0261";"None";"None";"38";"nan";"None";"nan";"None";"nan";"None";"None";"None";"None";"1";"4";"Local industriel. commercial ou assimilé";"28.0";"0.0";"None";"None";"None";"None";"nan";"7.260265";"43.698698";"000KY"
"2023-49518";"2023-05-15";"1";"Vente";"309826.0";"48.0";"None";"BD VICTOR HUGO";"6655";"06000";"06088";"Nice";"06";"None";"None";"06088000KY0261";"None";"None";"17";"nan";"None";"nan";"None";"nan";"None";"None";"None";"None";"1";"4";"Local industriel. commercial ou assimilé";"17.0";"0.0";"None";"None";"None";"None";"nan";"7.260265";"43.698698";"000KY"
"2023-49520";"2023-05-15";"1";"Vente";"309826.0";"48.0";"None";"BD VICTOR HUGO";"6655";"06000";"06088";"Nice";"06";"None";"None";"06088000KY0261";"None";"None";"32";"nan";"None";"nan";"None";"nan";"None";"None";"None";"None";"1";"4";"Local industriel. commercial ou assimilé";"28.0";"0.0";"None";"None";"None";"None";"nan";"7.260265";"43.698698";"000KY"
"2023-49520";"2023-05-15";"1";"Vente";"309826.0";"48.0";"None";"BD VICTOR HUGO";"6655";"06000";"06088";"Nice";"06";"None";"None";"06088000KY0261";"None";"None";"29";"nan";"None";"nan";"None";"nan";"None";"None";"None";"None";"1";"4";"Local industriel. commercial ou assimilé";"18.0";"0.0";"None";"None";"None";"None";"nan";"7.260265";"43.698698";"000KY"
"2023-49522";"2023-05-15";"1";"Vente";"309826.0";"48.0";"None";"BD VICTOR HUGO";"6655";"06000";"06088";"Nice";"06";"None";"None";"06088000KY0261";"None";"None";"22";"nan";"None";"nan";"None";"nan";"None";"None";"None";"None";"1";"4";"Local industriel. commercial ou assimilé";"21.0";"0.0";"None";"None";"None";"None";"nan";"7.260265";"43.698698";"000KY"
"2023-49522";"2023-05-15";"1";"Vente";"309826.0";"48.0";"None";"BD VICTOR HUGO";"6655";"06000";"06088";"Nice";"06";"None";"None";"06088000KY0261";"None";"None";"19";"nan";"None";"nan";"None";"nan";"None";"None";"None";"None";"1";"4";"Local industriel. commercial ou assimilé";"18.0";"0.0";"None";"None";"None";"None";"nan";"7.260265";"43.698698";"000KY"
"2023-49523";"2023-05-15";"1";"Vente";"457642.0";"48.0";"None";"BD VICTOR HUGO";"6655";"06000";"06088";"Nice";"06";"None";"None";"06088000KY0261";"None";"None";"46";"nan";"None";"nan";"None";"nan";"None";"None";"None";"None";"1";"4";"Local industriel. commercial ou assimilé";"18.0";"0.0";"None";"None";"None";"None";"nan";"7.260265";"43.698698";"000KY"
"2023-49523";"2023-05-15";"1";"Vente";"457642.0";"48.0";"None";"BD VICTOR HUGO";"6655";"06000";"06088";"Nice";"06";"None";"None";"06088000KY0261";"None";"None";"11";"nan";"None";"nan";"None";"nan";"None";"None";"None";"None";"1";"4";"Local industriel. commercial ou assimilé";"19.0";"0.0";"None";"None";"None";"None";"nan";"7.260265";"43.698698";"000KY"
"2023-49523";"2023-05-15";"1";"Vente";"457642.0";"48.0";"None";"BD VICTOR HUGO";"6655";"06000";"06088";"Nice";"06";"None";"None";"06088000KY0261";"None";"None";"20";"nan";"None";"nan";"None";"nan";"None";"None";"None";"None";"1";"4";"Local industriel. commercial ou assimilé";"25.0";"0.0";"None";"None";"None";"None";"nan";"7.260265";"43.698698";"000KY"
"2023-49525";"2023-05-15";"1";"Vente";"309826.0";"48.0";"None";"BD VICTOR HUGO";"6655";"06000";"06088";"Nice";"06";"None";"None";"06088000KY0261";"None";"None";"48";"nan";"None";"nan";"None";"nan";"None";"None";"None";"None";"1";"4";"Local industriel. commercial ou assimilé";"19.0";"0.0";"None";"None";"None";"None";"nan";"7.260265";"43.698698";"000KY"
"2023-49525";"2023-05-15";"1";"Vente";"309826.0";"48.0";"None";"BD VICTOR HUGO";"6655";"06000";"06088";"Nice";"06";"None";"None";"06088000KY0261";"None";"None";"31";"nan";"None";"nan";"None";"nan";"None";"None";"None";"None";"1";"4";"Local industriel. commercial ou assimilé";"19.0";"0.0";"None";"None";"None";"None";"nan";"7.260265";"43.698698";"000KY"
"2023-49527";"2023-05-15";"1";"Vente";"309826.0";"48.0";"None";"BD VICTOR HUGO";"6655";"06000";"06088";"Nice";"06";"None";"None";"06088000KY0261";"None";"None";"34";"nan";"None";"nan";"None";"nan";"None";"None";"None";"None";"1";"4";"Local industriel. commercial ou assimilé";"17.0";"0.0";"None";"None";"None";"None";"nan";"7.260265";"43.698698";"000KY"
"2023-49527";"2023-05-15";"1";"Vente";"309826.0";"48.0";"None";"BD VICTOR HUGO";"6655";"06000";"06088";"Nice";"06";"None";"None";"06088000KY0261";"None";"None";"43";"nan";"None";"nan";"None";"nan";"None";"None";"None";"None";"1";"4";"Local industriel. commercial ou assimilé";"25.0";"0.0";"None";"None";"None";"None";"nan";"7.260265";"43.698698";"000KY"
"2023-49547";"2023-05-15";"1";"Vente";"210000.0";"48.0";"None";"BD VICTOR HUGO";"6655";"06000";"06088";"Nice";"06";"None";"None";"06088000KY0261";"None";"None";"7";"nan";"None";"nan";"None";"nan";"None";"None";"None";"None";"1";"4";"Local industriel. commercial ou assimilé";"56.0";"0.0";"None";"None";"None";"None";"nan";"7.260265";"43.698698";"000KY"
"2023-49550";"2023-05-15";"1";"Vente";"162009.0";"48.0";"None";"BD VICTOR HUGO";"6655";"06000";"06088";"Nice";"06";"None";"None";"06088000KY0261";"None";"None";"51";"nan";"None";"nan";"None";"nan";"None";"None";"None";"None";"1";"4";"Local industriel. commercial ou assimilé";"19.0";"0.0";"None";"None";"None";"None";"nan";"7.260265";"43.698698";"000KY"
"2023-49571";"2023-05-15";"1";"Vente";"13500.0";"48.0";"None";"BD VICTOR HUGO";"6655";"06000";"06088";"Nice";"06";"None";"None";"06088000KY0261";"None";"None";"56";"nan";"None";"nan";"None";"nan";"None";"None";"None";"None";"1";"4";"Local industriel. commercial ou assimilé";"150.0";"0.0";"None";"None";"None";"None";"nan";"7.260265";"43.698698";"000KY"
"2023-49577";"2023-05-15";"1";"Vente";"10000.0";"48.0";"None";"BD VICTOR HUGO";"6655";"06000";"06088";"Nice";"06";"None";"None";"06088000KY0261";"None";"None";"6";"nan";"8";"nan";"9";"nan";"None";"None";"None";"None";"3";"4";"Local industriel. commercial ou assimilé";"250.0";"0.0";"None";"None";"None";"None";"nan";"7.260265";"43.698698";"000KY"
"2023-50868";"2023-05-15";"1";"Vente";"309826.0";"48.0";"None";"BD VICTOR HUGO";"6655";"06000";"06088";"Nice";"06";"None";"None";"06088000KY0261";"None";"None";"50";"nan";"None";"nan";"None";"nan";"None";"None";"None";"None";"1";"4";"Local industriel. commercial ou assimilé";"23.0";"0.0";"None";"None";"None";"None";"nan";"7.260265";"43.698698";"000KY"
"2023-50868";"2023-05-15";"1";"Vente";"309826.0";"48.0";"None";"BD VICTOR HUGO";"6655";"06000";"06088";"Nice";"06";"None";"None";"06088000KY0261";"None";"None";"27";"nan";"None";"nan";"None";"nan";"None";"None";"None";"None";"1";"4";"Local industriel. commercial ou assimilé";"16.0";"0.0";"None";"None";"None";"None";"nan";"7.260265";"43.698698";"000KY"
"2023-49088";"2023-05-09";"1";"Vente";"138000.0";"12.0";"None";"AV AUBER";"0425";"06000";"06088";"Nice";"06";"None";"None";"06088000KY0122";"None";"None";"83";"nan";"None";"nan";"None";"nan";"None";"None";"None";"None";"1";"4";"Local industriel. commercial ou assimilé";"26.0";"0.0";"None";"None";"None";"None";"nan";"7.261671";"43.700007";"000KY"
"2023-49570";"2023-05-04";"1";"Vente";"160000.0";"32.0";"None";"RUE BERLIOZ";"0790";"06000";"06088";"Nice";"06";"None";"None";"06088000KY0076";"None";"None";"127";"nan";"None";"nan";"None";"nan";"None";"None";"None";"None";"1";"2";"Appartement";"35.0";"1.0";"None";"None";"None";"None";"nan";"7.259888";"43.701741";"000KY"
"2023-49579";"2023-05-04";"1";"Vente";"323400.0";"20.0";"None";"RUE VERDI";"6620";"06000";"06088";"Nice";"06";"None";"None";"06088000KY0134";"None";"None";"241";"nan";"None";"nan";"None";"nan";"None";"None";"None";"None";"1";"2";"Appartement";"77.0";"3.0";"None";"None";"None";"None";"nan";"7.259955";"43.699817";"000KY"
"2023-49570";"2023-05-04";"1";"Vente";"160000.0";"32.0";"None";"RUE BERLIOZ";"0790";"06000";"06088";"Nice";"06";"None";"None";"06088000KY0076";"None";"None";"127";"nan";"None";"nan";"None";"nan";"None";"None";"None";"None";"1";"3";"Dépendance";"nan";"0.0";"None";"None";"None";"None";"nan";"7.259888";"43.701741";"000KY"
"2023-49579";"2023-05-04";"1";"Vente";"323400.0";"20.0";"None";"RUE VERDI";"6620";"06000";"06088";"Nice";"06";"None";"None";"06088000KY0134";"None";"None";"116";"nan";"None";"nan";"None";"nan";"None";"None";"None";"None";"1";"3";"Dépendance";"nan";"0.0";"None";"None";"None";"None";"nan";"7.259955";"43.699817";"000KY"
"2023-49254";"2023-05-04";"1";"Vente en l'état futur d'achèvement";"110000.0";"nan";"None";"RUE BERLIOZ";"0790";"06000";"06088";"Nice";"06";"None";"None";"06088000KY0308";"None";"None";"13";"nan";"None";"nan";"None";"nan";"None";"None";"None";"None";"1";"None";"None";"nan";"nan";"None";"None";"None";"None";"nan";"7.259838";"43.701246";"000KY"
"2023-49254";"2023-05-04";"1";"Vente en l'état futur d'achèvement";"110000.0";"nan";"None";"RUE BERLIOZ";"0790";"06000";"06088";"Nice";"06";"None";"None";"06088000KY0308";"None";"None";"14";"nan";"None";"nan";"None";"nan";"None";"None";"None";"None";"1";"None";"None";"nan";"nan";"None";"None";"None";"None";"nan";"7.259838";"43.701246";"000KY"
"2023-49080";"2023-04-28";"1";"Vente";"85000.0";"16.0";"None";"RUE BERLIOZ";"0790";"06000";"06088";"Nice";"06";"None";"None";"06088000KY0312";"None";"None";"22";"nan";"None";"nan";"None";"nan";"None";"None";"None";"None";"1";"2";"Appartement";"16.0";"1.0";"None";"None";"None";"None";"nan";"7.259558";"43.699943";"000KY"
"2023-48992";"2023-04-26";"1";"Vente";"285000.0";"29.0";"None";"RUE GOUNOD";"2985";"06000";"06088";"Nice";"06";"None";"None";"06088000KY0085";"None";"None";"11";"nan";"None";"nan";"None";"nan";"None";"None";"None";"None";"1";"2";"Appartement";"55.0";"2.0";"None";"None";"None";"None";"nan";"7.260543";"43.701354";"000KY"
"2023-49148";"2023-04-26";"1";"Vente";"465000.0";"52.0";"None";"RUE ROSSINI";"5600";"06000";"06088";"Nice";"06";"None";"None";"06088000KY0024";"None";"None";"24";"nan";"55";"nan";"None";"nan";"None";"None";"None";"None";"2";"2";"Appartement";"74.0";"3.0";"None";"None";"None";"None";"nan";"7.257306";"43.700971";"000KY"
"2023-49160";"2023-04-26";"1";"Vente";"400000.0";"52.0";"None";"RUE ROSSINI";"5600";"06000";"06088";"Nice";"06";"None";"None";"06088000KY0024";"None";"None";"24";"nan";"55";"nan";"None";"nan";"None";"None";"None";"None";"2";"2";"Appartement";"74.0";"3.0";"None";"None";"None";"None";"nan";"7.257306";"43.700971";"000KY"
"2023-49148";"2023-04-26";"1";"Vente";"465000.0";"52.0";"None";"RUE ROSSINI";"5600";"06000";"06088";"Nice";"06";"None";"None";"06088000KY0024";"None";"None";"24";"nan";"55";"nan";"None";"nan";"None";"None";"None";"None";"2";"3";"Dépendance";"nan";"0.0";"None";"None";"None";"None";"nan";"7.257306";"43.700971";"000KY"
"2023-49148";"2023-04-26";"1";"Vente";"465000.0";"52.0";"None";"RUE ROSSINI";"5600";"06000";"06088";"Nice";"06";"None";"None";"06088000KY0024";"None";"None";"24";"nan";"55";"nan";"None";"nan";"None";"None";"None";"None";"2";"3";"Dépendance";"nan";"0.0";"None";"None";"None";"None";"nan";"7.257306";"43.700971";"000KY"
"2023-49160";"2023-04-26";"1";"Vente";"400000.0";"52.0";"None";"RUE ROSSINI";"5600";"06000";"06088";"Nice";"06";"None";"None";"06088000KY0024";"None";"None";"24";"nan";"55";"nan";"None";"nan";"None";"None";"None";"None";"2";"3";"Dépendance";"nan";"0.0";"None";"None";"None";"None";"nan";"7.257306";"43.700971";"000KY"
"2023-49160";"2023-04-26";"1";"Vente";"400000.0";"52.0";"None";"RUE ROSSINI";"5600";"06000";"06088";"Nice";"06";"None";"None";"06088000KY0024";"None";"None";"24";"nan";"55";"nan";"None";"nan";"None";"None";"None";"None";"2";"3";"Dépendance";"nan";"0.0";"None";"None";"None";"None";"nan";"7.257306";"43.700971";"000KY"
"2023-48893";"2023-04-26";"1";"Vente";"59000.0";"12.0";"None";"RUE AMIRAL DE GRASSE";"0170";"06000";"06088";"Nice";"06";"None";"None";"06088000KY0013";"None";"None";"17";"nan";"8";"nan";"None";"nan";"None";"None";"None";"None";"2";"4";"Local industriel. commercial ou assimilé";"16.0";"0.0";"None";"None";"None";"None";"nan";"7.257103";"43.701286";"000KY"
"2023-48957";"2023-04-25";"1";"Vente";"155000.0";"18.0";"None";"RUE ROSSINI";"5600";"06000";"06088";"Nice";"06";"None";"None";"06088000KY0101";"None";"None";"34";"nan";"None";"nan";"None";"nan";"None";"None";"None";"None";"1";"2";"Appartement";"21.0";"1.0";"None";"None";"None";"None";"nan";"7.261119";"43.700607";"000KY"
"2023-49610";"2023-04-25";"1";"Vente";"160000.0";"24.0";"None";"RUE HEROLD";"3235";"06000";"06088";"Nice";"06";"None";"None";"06088000KY0158";"None";"None";"212";"nan";"None";"nan";"None";"nan";"None";"None";"None";"None";"1";"2";"Appartement";"16.0";"1.0";"None";"None";"None";"None";"nan";"7.258773";"43.700099";"000KY"
"2023-49610";"2023-04-25";"1";"Vente";"160000.0";"22.0";"None";"RUE HEROLD";"3235";"06000";"06088";"Nice";"06";"None";"None";"06088000KY0158";"None";"None";"114";"nan";"None";"nan";"None";"nan";"None";"None";"None";"None";"1";"2";"Appartement";"14.0";"1.0";"None";"None";"None";"None";"nan";"7.258773";"43.700099";"000KY"
"2023-48545";"2023-04-24";"1";"Vente";"1635000.0";"45.0";"T";"AV G CLEMENCEAU";"2880";"06000";"06088";"Nice";"06";"None";"None";"06088000KY0080";"None";"None";"None";"nan";"None";"nan";"None";"nan";"None";"None";"None";"None";"0";"2";"Appartement";"55.0";"2.0";"S";"sols";"None";"None";"162.0";"7.26004";"43.701396";"000KY"
"2023-48545";"2023-04-24";"1";"Vente";"1635000.0";"45.0";"T";"AV G CLEMENCEAU";"2880";"06000";"06088";"Nice";"06";"None";"None";"06088000KY0080";"None";"None";"None";"nan";"None";"nan";"None";"nan";"None";"None";"None";"None";"0";"2";"Appartement";"55.0";"3.0";"S";"sols";"None";"None";"162.0";"7.26004";"43.701396";"000KY"
"2023-48545";"2023-04-24";"1";"Vente";"1635000.0";"45.0";"T";"AV G CLEMENCEAU";"2880";"06000";"06088";"Nice";"06";"None";"None";"06088000KY0080";"None";"None";"None";"nan";"None";"nan";"None";"nan";"None";"None";"None";"None";"0";"2";"Appartement";"25.0";"1.0";"S";"sols";"None";"None";"162.0";"7.26004";"43.701396";"000KY"
"2023-48545";"2023-04-24";"1";"Vente";"1635000.0";"45.0";"T";"AV G CLEMENCEAU";"2880";"06000";"06088";"Nice";"06";"None";"None";"06088000KY0080";"None";"None";"None";"nan";"None";"nan";"None";"nan";"None";"None";"None";"None";"0";"2";"Appartement";"25.0";"1.0";"S";"sols";"None";"None";"162.0";"7.26004";"43.701396";"000KY"
"2023-48545";"2023-04-24";"1";"Vente";"1635000.0";"45.0";"T";"AV G CLEMENCEAU";"2880";"06000";"06088";"Nice";"06";"None";"None";"06088000KY0080";"None";"None";"None";"nan";"None";"nan";"None";"nan";"None";"None";"None";"None";"0";"2";"Appartement";"50.0";"2.0";"S";"sols";"None";"None";"162.0";"7.26004";"43.701396";"000KY"
"2023-49222";"2023-04-24";"1";"Vente";"195000.0";"59.0";"None";"RUE ROSSINI";"5600";"06000";"06088";"Nice";"06";"None";"None";"06088000KY0166";"None";"None";"59";"39.27";"None";"nan";"None";"nan";"None";"None";"None";"None";"1";"2";"Appartement";"38.0";"1.0";"None";"None";"None";"None";"nan";"7.258158";"43.700614";"000KY"
"2023-49583";"2023-04-24";"1";"Vente";"130000.0";"10.0";"None";"RUE VERDI";"6620";"06000";"06088";"Nice";"06";"None";"None";"06088000KY0123";"None";"None";"16";"nan";"None";"nan";"None";"nan";"None";"None";"None";"None";"1";"2";"Appartement";"27.0";"1.0";"None";"None";"None";"None";"nan";"7.261199";"43.69974";"000KY"
"2023-49222";"2023-04-24";"1";"Vente";"195000.0";"59.0";"None";"RUE ROSSINI";"5600";"06000";"06088";"Nice";"06";"None";"None";"06088000KY0166";"None";"None";"59";"39.27";"None";"nan";"None";"nan";"None";"None";"None";"None";"1";"3";"Dépendance";"nan";"0.0";"None";"None";"None";"None";"nan";"7.258158";"43.700614";"000KY"
"2023-48545";"2023-04-24";"1";"Vente";"1635000.0";"45.0";"T";"AV G CLEMENCEAU";"2880";"06000";"06088";"Nice";"06";"None";"None";"06088000KY0080";"None";"None";"None";"nan";"None";"nan";"None";"nan";"None";"None";"None";"None";"0";"4";"Local industriel. commercial ou assimilé";"59.0";"0.0";"S";"sols";"None";"None";"162.0";"7.26004";"43.701396";"000KY"
"2023-48545";"2023-04-24";"1";"Vente";"1635000.0";"45.0";"T";"AV G CLEMENCEAU";"2880";"06000";"06088";"Nice";"06";"None";"None";"06088000KY0080";"None";"None";"None";"nan";"None";"nan";"None";"nan";"None";"None";"None";"None";"0";"4";"Local industriel. commercial ou assimilé";"30.0";"0.0";"S";"sols";"None";"None";"162.0";"7.26004";"43.701396";"000KY"
"2023-49046";"2023-04-21";"1";"Vente";"555000.0";"12.0";"None";"RUE GUIGLIA";"3090";"06000";"06088";"Nice";"06";"None";"None";"06088000KY0170";"None";"None";"35";"nan";"None";"nan";"None";"nan";"None";"None";"None";"None";"1";"2";"Appartement";"4.0";"1.0";"None";"None";"None";"None";"nan";"7.258049";"43.700026";"000KY"
"2023-49046";"2023-04-21";"1";"Vente";"555000.0";"12.0";"None";"RUE GUIGLIA";"3090";"06000";"06088";"Nice";"06";"None";"None";"06088000KY0170";"None";"None";"3";"nan";"31";"nan";"32";"nan";"None";"None";"None";"None";"3";"2";"Appartement";"100.0";"4.0";"None";"None";"None";"None";"nan";"7.258049";"43.700026";"000KY"
"2023-49046";"2023-04-21";"1";"Vente";"555000.0";"12.0";"None";"RUE GUIGLIA";"3090";"06000";"06088";"Nice";"06";"None";"None";"06088000KY0170";"None";"None";"3";"nan";"31";"nan";"32";"nan";"None";"None";"None";"None";"3";"3";"Dépendance";"nan";"0.0";"None";"None";"None";"None";"nan";"7.258049";"43.700026";"000KY"
"2023-48914";"2023-04-20";"1";"Vente";"580000.0";"20.0";"None";"RUE VERDI";"6620";"06000";"06088";"Nice";"06";"None";"None";"06088000KY0134";"None";"None";"210";"nan";"None";"nan";"None";"nan";"None";"None";"None";"None";"1";"2";"Appartement";"107.0";"4.0";"None";"None";"None";"None";"nan";"7.259955";"43.699817";"000KY"
"2023-48914";"2023-04-20";"1";"Vente";"580000.0";"20.0";"None";"RUE VERDI";"6620";"06000";"06088";"Nice";"06";"None";"None";"06088000KY0134";"None";"None";"188";"nan";"None";"nan";"None";"nan";"None";"None";"None";"None";"1";"3";"Dépendance";"nan";"0.0";"None";"None";"None";"None";"nan";"7.259955";"43.699817";"000KY"
"2023-48487";"2023-04-19";"1";"Vente";"462000.0";"14.0";"None";"RUE GOUNOD";"2985";"06000";"06088";"Nice";"06";"None";"None";"06088000KY0132";"None";"None";"26";"70.65";"5";"nan";"6";"nan";"None";"None";"None";"None";"3";"2";"Appartement";"68.0";"3.0";"None";"None";"None";"None";"nan";"7.260585";"43.699849";"000KY"
"2023-48487";"2023-04-19";"1";"Vente";"462000.0";"14.0";"None";"RUE GOUNOD";"2985";"06000";"06088";"Nice";"06";"None";"None";"06088000KY0132";"None";"None";"26";"70.65";"5";"nan";"6";"nan";"None";"None";"None";"None";"3";"3";"Dépendance";"nan";"0.0";"None";"None";"None";"None";"nan";"7.260585";"43.699849";"000KY"
"2023-49149";"2023-04-17";"1";"Vente";"420000.0";"7.0";"None";"RUE VERDI";"6620";"06000";"06088";"Nice";"06";"None";"None";"06088000KY0267";"None";"None";"27";"92.13";"None";"nan";"None";"nan";"None";"None";"None";"None";"1";"2";"Appartement";"90.0";"4.0";"None";"None";"None";"None";"nan";"7.261096";"43.699434";"000KY"
"2023-48109";"2023-04-14";"1";"Vente";"343070.0";"3.0";"None";"RUE AMIRAL DE GRASSE";"0170";"06000";"06088";"Nice";"06";"None";"None";"06088000KY0302";"None";"None";"66";"nan";"None";"nan";"None";"nan";"None";"None";"None";"None";"1";"2";"Appartement";"76.0";"2.0";"None";"None";"None";"None";"nan";"7.256514";"43.701267";"000KY"
"2023-48102";"2023-04-13";"1";"Vente";"118000.0";"37.0";"None";"AV G CLEMENCEAU";"2880";"06000";"06088";"Nice";"06";"None";"None";"06088000KY0094";"None";"None";"39";"nan";"None";"nan";"None";"nan";"None";"None";"None";"None";"1";"2";"Appartement";"30.0";"1.0";"None";"None";"None";"None";"nan";"7.261343";"43.701338";"000KY"
"2023-48102";"2023-04-13";"1";"Vente";"118000.0";"37.0";"None";"AV G CLEMENCEAU";"2880";"06000";"06088";"Nice";"06";"None";"None";"06088000KY0094";"None";"None";"39";"nan";"None";"nan";"None";"nan";"None";"None";"None";"None";"1";"3";"Dépendance";"nan";"0.0";"None";"None";"None";"None";"nan";"7.261343";"43.701338";"000KY"
"2023-48216";"2023-04-13";"1";"Vente";"42000.0";"36.0";"None";"RUE HEROLD";"3235";"06000";"06088";"Nice";"06";"None";"None";"06088000KY0057";"None";"None";"9";"nan";"None";"nan";"None";"nan";"None";"None";"None";"None";"1";"3";"Dépendance";"nan";"0.0";"None";"None";"None";"None";"nan";"7.259139";"43.700904";"000KY"
"2023-47858";"2023-04-12";"1";"Vente";"39850.0";"36.0";"None";"RUE HEROLD";"3235";"06000";"06088";"Nice";"06";"None";"None";"06088000KY0057";"None";"None";"51";"nan";"None";"nan";"None";"nan";"None";"None";"None";"None";"1";"3";"Dépendance";"nan";"0.0";"None";"None";"None";"None";"nan";"7.259139";"43.700904";"000KY"
"2023-48307";"2023-04-07";"1";"Vente";"230000.0";"5.0";"None";"RUE HEROLD";"3235";"06000";"06088";"Nice";"06";"None";"None";"06088000KY0291";"None";"None";"10";"nan";"40";"nan";"None";"nan";"None";"None";"None";"None";"2";"2";"Appartement";"49.0";"2.0";"None";"None";"None";"None";"nan";"7.258093";"43.698739";"000KY"
"2023-48475";"2023-04-07";"1";"Vente";"285000.0";"30.0";"None";"RUE GOUNOD";"2985";"06000";"06088";"Nice";"06";"None";"None";"06088000KY0095";"None";"None";"157";"37.0";"None";"nan";"None";"nan";"None";"None";"None";"None";"1";"2";"Appartement";"37.0";"2.0";"None";"None";"None";"None";"nan";"7.261213";"43.701137";"000KY"
"2023-48307";"2023-04-07";"1";"Vente";"230000.0";"5.0";"None";"RUE HEROLD";"3235";"06000";"06088";"Nice";"06";"None";"None";"06088000KY0291";"None";"None";"10";"nan";"40";"nan";"None";"nan";"None";"None";"None";"None";"2";"3";"Dépendance";"nan";"0.0";"None";"None";"None";"None";"nan";"7.258093";"43.698739";"000KY"
"2023-48475";"2023-04-07";"1";"Vente";"285000.0";"30.0";"None";"RUE GOUNOD";"2985";"06000";"06088";"Nice";"06";"None";"None";"06088000KY0095";"None";"None";"157";"37.0";"None";"nan";"None";"nan";"None";"None";"None";"None";"1";"3";"Dépendance";"nan";"0.0";"None";"None";"None";"None";"nan";"7.261213";"43.701137";"000KY"
"2023-47581";"2023-04-05";"1";"Vente";"255000.0";"18.0";"None";"RUE GUIGLIA";"3090";"06000";"06088";"Nice";"06";"None";"None";"06088000KY0167";"None";"None";"16";"42.0";"None";"nan";"None";"nan";"None";"None";"None";"None";"1";"2";"Appartement";"40.0";"2.0";"None";"None";"None";"None";"nan";"7.258148";"43.700464";"000KY"
"2023-47893";"2023-04-05";"1";"Vente";"272400.0";"12.0";"None";"RUE GUIGLIA";"3090";"06000";"06088";"Nice";"06";"None";"None";"06088000KY0170";"None";"None";"28";"nan";"None";"nan";"None";"nan";"None";"None";"None";"None";"1";"2";"Appartement";"42.0";"2.0";"None";"None";"None";"None";"nan";"7.258049";"43.700026";"000KY"
"2023-48192";"2023-04-05";"1";"Vente";"142000.0";"44.0";"None";"RUE ROSSINI";"5600";"06000";"06088";"Nice";"06";"None";"None";"06088000KY0027";"None";"None";"117";"nan";"92";"nan";"None";"nan";"None";"None";"None";"None";"2";"2";"Appartement";"27.0";"1.0";"None";"None";"None";"None";"nan";"7.258248";"43.701081";"000KY"
"2023-47581";"2023-04-05";"1";"Vente";"255000.0";"18.0";"None";"RUE GUIGLIA";"3090";"06000";"06088";"Nice";"06";"None";"None";"06088000KY0167";"None";"None";"16";"42.0";"None";"nan";"None";"nan";"None";"None";"None";"None";"1";"3";"Dépendance";"nan";"0.0";"None";"None";"None";"None";"nan";"7.258148";"43.700464";"000KY"
"2023-48192";"2023-04-05";"1";"Vente";"142000.0";"44.0";"None";"RUE ROSSINI";"5600";"06000";"06088";"Nice";"06";"None";"None";"06088000KY0027";"None";"None";"117";"nan";"92";"nan";"None";"nan";"None";"None";"None";"None";"2";"3";"Dépendance";"nan";"0.0";"None";"None";"None";"None";"nan";"7.258248";"43.701081";"000KY"
"2023-47973";"2023-04-04";"1";"Vente";"145000.0";"52.0";"None";"RUE ROSSINI";"5600";"06000";"06088";"Nice";"06";"None";"None";"06088000KY0024";"None";"None";"31";"nan";"5";"29.57";"None";"nan";"None";"None";"None";"None";"2";"2";"Appartement";"29.0";"1.0";"None";"None";"None";"None";"nan";"7.257306";"43.700971";"000KY"
"2023-48006";"2023-04-04";"1";"Vente";"546000.0";"33.0";"None";"RUE VERDI";"6620";"06000";"06088";"Nice";"06";"None";"None";"06088000KY0221";"None";"None";"46";"nan";"63";"nan";"None";"nan";"None";"None";"None";"None";"2";"2";"Appartement";"66.0";"3.0";"None";"None";"None";"None";"nan";"7.258044";"43.699364";"000KY"
"2023-47973";"2023-04-04";"1";"Vente";"145000.0";"52.0";"None";"RUE ROSSINI";"5600";"06000";"06088";"Nice";"06";"None";"None";"06088000KY0024";"None";"None";"31";"nan";"5";"29.57";"None";"nan";"None";"None";"None";"None";"2";"3";"Dépendance";"nan";"0.0";"None";"None";"None";"None";"nan";"7.257306";"43.700971";"000KY"
"2023-47299";"2023-04-03";"1";"Vente";"139000.0";"31.0";"None";"RUE BERLIOZ";"0790";"06000";"06088";"Nice";"06";"None";"None";"06088000KY0055";"None";"None";"121";"nan";"153";"nan";"None";"nan";"None";"None";"None";"None";"2";"2";"Appartement";"23.0";"1.0";"None";"None";"None";"None";"nan";"7.259191";"43.701185";"000KY"
"2023-47599";"2023-04-03";"1";"Vente";"560000.0";"19.0";"None";"RUE BERLIOZ";"0790";"06000";"06088";"Nice";"06";"None";"None";"06088000KY0153";"None";"None";"19";"nan";"49";"nan";"None";"nan";"None";"None";"None";"None";"2";"2";"Appartement";"70.0";"3.0";"None";"None";"None";"None";"nan";"7.259081";"43.700268";"000KY"
"2023-48247";"2023-04-03";"1";"Vente";"685000.0";"33.0";"None";"RUE ROSSINI";"5600";"06000";"06088";"Nice";"06";"None";"None";"06088000KY0113";"None";"None";"13";"nan";"3";"nan";"None";"nan";"None";"None";"None";"None";"2";"2";"Appartement";"110.0";"4.0";"None";"None";"None";"None";"nan";"7.261673";"43.700199";"000KY"
"2023-47299";"2023-04-03";"1";"Vente";"139000.0";"31.0";"None";"RUE BERLIOZ";"0790";"06000";"06088";"Nice";"06";"None";"None";"06088000KY0055";"None";"None";"121";"nan";"153";"nan";"None";"nan";"None";"None";"None";"None";"2";"3";"Dépendance";"nan";"0.0";"None";"None";"None";"None";"nan";"7.259191";"43.701185";"000KY"
"2023-47599";"2023-04-03";"1";"Vente";"560000.0";"19.0";"None";"RUE BERLIOZ";"0790";"06000";"06088";"Nice";"06";"None";"None";"06088000KY0153";"None";"None";"68";"nan";"None";"nan";"None";"nan";"None";"None";"None";"None";"1";"3";"Dépendance";"nan";"0.0";"None";"None";"None";"None";"nan";"7.259081";"43.700268";"000KY"
"2023-47599";"2023-04-03";"1";"Vente";"560000.0";"19.0";"None";"RUE BERLIOZ";"0790";"06000";"06088";"Nice";"06";"None";"None";"06088000KY0153";"None";"None";"65";"nan";"None";"nan";"None";"nan";"None";"None";"None";"None";"1";"3";"Dépendance";"nan";"0.0";"None";"None";"None";"None";"nan";"7.259081";"43.700268";"000KY"
"2023-47599";"2023-04-03";"1";"Vente";"560000.0";"19.0";"None";"RUE BERLIOZ";"0790";"06000";"06088";"Nice";"06";"None";"None";"06088000KY0153";"None";"None";"19";"nan";"49";"nan";"None";"nan";"None";"None";"None";"None";"2";"3";"Dépendance";"nan";"0.0";"None";"None";"None";"None";"nan";"7.259081";"43.700268";"000KY"
"2023-47599";"2023-04-03";"1";"Vente";"560000.0";"19.0";"None";"RUE BERLIOZ";"0790";"06000";"06088";"Nice";"06";"None";"None";"06088000KY0153";"None";"None";"63";"nan";"None";"nan";"None";"nan";"None";"None";"None";"None";"1";"3";"Dépendance";"nan";"0.0";"None";"None";"None";"None";"nan";"7.259081";"43.700268";"000KY"
"2023-48016";"2023-04-03";"1";"Vente";"55000.0";"36.0";"None";"RUE HEROLD";"3235";"06000";"06088";"Nice";"06";"None";"None";"06088000KY0057";"None";"None";"2";"nan";"None";"nan";"None";"nan";"None";"None";"None";"None";"1";"3";"Dépendance";"nan";"0.0";"None";"None";"None";"None";"nan";"7.259139";"43.700904";"000KY"
"2023-48247";"2023-04-03";"1";"Vente";"685000.0";"33.0";"None";"RUE ROSSINI";"5600";"06000";"06088";"Nice";"06";"None";"None";"06088000KY0113";"None";"None";"13";"nan";"3";"nan";"None";"nan";"None";"None";"None";"None";"2";"3";"Dépendance";"nan";"0.0";"None";"None";"None";"None";"nan";"7.261673";"43.700199";"000KY"
"2023-47727";"2023-03-31";"1";"Vente";"460275.0";"25.0";"None";"RUE GOUNOD";"2985";"06000";"06088";"Nice";"06";"None";"None";"06088000KY0070";"None";"None";"5";"nan";"55";"nan";"None";"nan";"None";"None";"None";"None";"2";"2";"Appartement";"65.0";"3.0";"None";"None";"None";"None";"nan";"7.260341";"43.701072";"000KY"
"2023-47788";"2023-03-31";"1";"Vente";"287000.0";"3.0";"None";"RUE GUIGLIA";"3090";"06000";"06088";"Nice";"06";"None";"None";"06088000KY0205";"None";"None";"36";"nan";"None";"nan";"None";"nan";"None";"None";"None";"None";"1";"2";"Appartement";"45.0";"2.0";"None";"None";"None";"None";"nan";"7.257529";"43.699049";"000KY"
"2023-47727";"2023-03-31";"1";"Vente";"460275.0";"25.0";"None";"RUE GOUNOD";"2985";"06000";"06088";"Nice";"06";"None";"None";"06088000KY0070";"None";"None";"5";"nan";"55";"nan";"None";"nan";"None";"None";"None";"None";"2";"3";"Dépendance";"nan";"0.0";"None";"None";"None";"None";"nan";"7.260341";"43.701072";"000KY"
"2023-47788";"2023-03-31";"1";"Vente";"287000.0";"3.0";"None";"RUE GUIGLIA";"3090";"06000";"06088";"Nice";"06";"None";"None";"06088000KY0205";"None";"None";"36";"nan";"None";"nan";"None";"nan";"None";"None";"None";"None";"1";"3";"Dépendance";"nan";"0.0";"None";"None";"None";"None";"nan";"7.257529";"43.699049";"000KY"
"2023-47305";"2023-03-30";"1";"Vente";"23000.0";"30.0";"None";"RUE GOUNOD";"2985";"06000";"06088";"Nice";"06";"None";"None";"06088000KY0095";"None";"None";"262";"nan";"None";"nan";"None";"nan";"None";"None";"None";"None";"1";"3";"Dépendance";"nan";"0.0";"None";"None";"None";"None";"nan";"7.261213";"43.701137";"000KY"
"2023-47555";"2023-03-28";"1";"Vente";"26000.0";"4.0";"None";"RUE HEROLD";"3235";"06000";"06088";"Nice";"06";"None";"None";"06088000KY0236";"None";"None";"7";"nan";"None";"nan";"None";"nan";"None";"None";"None";"None";"1";"3";"Dépendance";"nan";"0.0";"None";"None";"None";"None";"nan";"7.258454";"43.698638";"000KY"
"2023-47909";"2023-03-24";"1";"Vente";"585000.0";"19.0";"None";"RUE BERLIOZ";"0790";"06000";"06088";"Nice";"06";"None";"None";"06088000KY0153";"None";"None";"22";"nan";"46";"nan";"None";"nan";"None";"None";"None";"None";"2";"2";"Appartement";"78.0";"4.0";"None";"None";"None";"None";"nan";"7.259081";"43.700268";"000KY"
"2023-47574";"2023-03-24";"1";"Vente";"61000.0";"22.0";"None";"RUE HEROLD";"3235";"06000";"06088";"Nice";"06";"None";"None";"06088000KY0158";"None";"None";"105";"nan";"None";"nan";"None";"nan";"None";"None";"None";"None";"1";"3";"Dépendance";"nan";"0.0";"None";"None";"None";"None";"nan";"7.258773";"43.700099";"000KY"
"2023-47909";"2023-03-24";"1";"Vente";"585000.0";"19.0";"None";"RUE BERLIOZ";"0790";"06000";"06088";"Nice";"06";"None";"None";"06088000KY0153";"None";"None";"71";"nan";"None";"nan";"None";"nan";"None";"None";"None";"None";"1";"3";"Dépendance";"nan";"0.0";"None";"None";"None";"None";"nan";"7.259081";"43.700268";"000KY"
"2023-47909";"2023-03-24";"1";"Vente";"585000.0";"19.0";"None";"RUE BERLIOZ";"0790";"06000";"06088";"Nice";"06";"None";"None";"06088000KY0153";"None";"None";"22";"nan";"46";"nan";"None";"nan";"None";"None";"None";"None";"2";"3";"Dépendance";"nan";"0.0";"None";"None";"None";"None";"nan";"7.259081";"43.700268";"000KY"
"2023-47632";"2023-03-22";"1";"Vente";"241870.0";"33.0";"None";"RUE ROSSINI";"5600";"06000";"06088";"Nice";"06";"None";"None";"06088000KY0113";"None";"None";"22";"nan";"None";"nan";"None";"nan";"None";"None";"None";"None";"1";"2";"Appartement";"49.0";"2.0";"None";"None";"None";"None";"nan";"7.261673";"43.700199";"000KY"
"2023-47632";"2023-03-22";"1";"Vente";"241870.0";"33.0";"None";"RUE ROSSINI";"5600";"06000";"06088";"Nice";"06";"None";"None";"06088000KY0113";"None";"None";"26";"nan";"None";"nan";"None";"nan";"None";"None";"None";"None";"1";"3";"Dépendance";"nan";"0.0";"None";"None";"None";"None";"nan";"7.261673";"43.700199";"000KY"
"2023-47358";"2023-03-16";"1";"Vente en l'état futur d'achèvement";"568000.0";"nan";"None";"RUE BERLIOZ";"0790";"06000";"06088";"Nice";"06";"None";"None";"06088000KY0308";"None";"None";"34";"nan";"None";"nan";"None";"nan";"None";"None";"None";"None";"1";"None";"None";"nan";"nan";"None";"None";"None";"None";"nan";"7.259838";"43.701246";"000KY"
"2023-47102";"2023-03-15";"1";"Vente";"245000.0";"62.0";"None";"BD GAMBETTA";"2755";"06000";"06088";"Nice";"06";"None";"None";"06088000KY0001";"None";"None";"57";"nan";"None";"nan";"None";"nan";"None";"None";"None";"None";"1";"2";"Appartement";"61.0";"3.0";"None";"None";"None";"None";"nan";"7.256638";"43.701528";"000KY"
"2023-47102";"2023-03-15";"1";"Vente";"245000.0";"62.0";"None";"BD GAMBETTA";"2755";"06000";"06088";"Nice";"06";"None";"None";"06088000KY0001";"None";"None";"210";"nan";"None";"nan";"None";"nan";"None";"None";"None";"None";"1";"3";"Dépendance";"nan";"0.0";"None";"None";"None";"None";"nan";"7.256638";"43.701528";"000KY"
"2023-46944";"2023-03-14";"1";"Vente";"513300.0";"54.0";"None";"RUE ROSSINI";"5600";"06000";"06088";"Nice";"06";"None";"None";"06088000KY0010";"None";"None";"11";"nan";"49";"nan";"None";"nan";"None";"None";"None";"None";"2";"2";"Appartement";"86.0";"3.0";"None";"None";"None";"None";"nan";"7.257002";"43.701069";"000KY"
"2023-46945";"2023-03-14";"1";"Vente";"470000.0";"54.0";"None";"RUE ROSSINI";"5600";"06000";"06088";"Nice";"06";"None";"None";"06088000KY0010";"None";"None";"47";"nan";"8";"nan";"None";"nan";"None";"None";"None";"None";"2";"2";"Appartement";"87.0";"3.0";"None";"None";"None";"None";"nan";"7.257002";"43.701069";"000KY"
"2023-46944";"2023-03-14";"1";"Vente";"513300.0";"54.0";"None";"RUE ROSSINI";"5600";"06000";"06088";"Nice";"06";"None";"None";"06088000KY0010";"None";"None";"11";"nan";"49";"nan";"None";"nan";"None";"None";"None";"None";"2";"3";"Dépendance";"nan";"0.0";"None";"None";"None";"None";"nan";"7.257002";"43.701069";"000KY"
"2023-46945";"2023-03-14";"1";"Vente";"470000.0";"54.0";"None";"RUE ROSSINI";"5600";"06000";"06088";"Nice";"06";"None";"None";"06088000KY0010";"None";"None";"47";"nan";"8";"nan";"None";"nan";"None";"None";"None";"None";"2";"3";"Dépendance";"nan";"0.0";"None";"None";"None";"None";"nan";"7.257002";"43.701069";"000KY"
"2023-46945";"2023-03-14";"1";"Vente";"470000.0";"54.0";"None";"RUE ROSSINI";"5600";"06000";"06088";"Nice";"06";"None";"None";"06088000KY0010";"None";"None";"47";"nan";"8";"nan";"None";"nan";"None";"None";"None";"None";"2";"3";"Dépendance";"nan";"0.0";"None";"None";"None";"None";"nan";"7.257002";"43.701069";"000KY"
"2023-46537";"2023-03-13";"1";"Vente";"360000.0";"39.0";"None";"RUE HEROLD";"3235";"06000";"06088";"Nice";"06";"None";"None";"06088000KY0031";"None";"None";"46";"nan";"89";"nan";"None";"nan";"None";"None";"None";"None";"2";"2";"Appartement";"56.0";"2.0";"None";"None";"None";"None";"nan";"7.258566";"43.701321";"000KY"
"2023-46537";"2023-03-13";"1";"Vente";"360000.0";"39.0";"None";"RUE HEROLD";"3235";"06000";"06088";"Nice";"06";"None";"None";"06088000KY0031";"None";"None";"46";"nan";"89";"nan";"None";"nan";"None";"None";"None";"None";"2";"3";"Dépendance";"nan";"0.0";"None";"None";"None";"None";"nan";"7.258566";"43.701321";"000KY"
"2023-46537";"2023-03-13";"1";"Vente";"360000.0";"39.0";"None";"RUE HEROLD";"3235";"06000";"06088";"Nice";"06";"None";"None";"06088000KY0031";"None";"None";"46";"nan";"89";"nan";"None";"nan";"None";"None";"None";"None";"2";"3";"Dépendance";"nan";"0.0";"None";"None";"None";"None";"nan";"7.258566";"43.701321";"000KY"
"2023-46759";"2023-03-10";"1";"Vente";"440000.0";"32.0";"None";"RUE BERLIOZ";"0790";"06000";"06088";"Nice";"06";"None";"None";"06088000KY0076";"None";"None";"115";"nan";"76";"nan";"None";"nan";"None";"None";"None";"None";"2";"2";"Appartement";"80.0";"3.0";"None";"None";"None";"None";"nan";"7.259888";"43.701741";"000KY"
"2023-46759";"2023-03-10";"1";"Vente";"440000.0";"47.0";"None";"AV G CLEMENCEAU";"2880";"06000";"06088";"Nice";"06";"None";"None";"06088000KY0076";"None";"None";"14";"nan";"None";"nan";"None";"nan";"None";"None";"None";"None";"1";"3";"Dépendance";"nan";"0.0";"None";"None";"None";"None";"nan";"7.259888";"43.701741";"000KY"
"2023-46759";"2023-03-10";"1";"Vente";"440000.0";"32.0";"None";"RUE BERLIOZ";"0790";"06000";"06088";"Nice";"06";"None";"None";"06088000KY0076";"None";"None";"115";"nan";"76";"nan";"None";"nan";"None";"None";"None";"None";"2";"3";"Dépendance";"nan";"0.0";"None";"None";"None";"None";"nan";"7.259888";"43.701741";"000KY"
"2023-46377";"2023-03-09";"1";"Vente";"204000.0";"5.0";"None";"RUE HEROLD";"3235";"06000";"06088";"Nice";"06";"None";"None";"06088000KY0291";"None";"None";"62";"23.29";"8";"nan";"None";"nan";"None";"None";"None";"None";"2";"2";"Appartement";"23.0";"1.0";"None";"None";"None";"None";"nan";"7.258093";"43.698739";"000KY"
"2023-46377";"2023-03-09";"1";"Vente";"204000.0";"5.0";"None";"RUE HEROLD";"3235";"06000";"06088";"Nice";"06";"None";"None";"06088000KY0291";"None";"None";"62";"23.29";"8";"nan";"None";"nan";"None";"None";"None";"None";"2";"3";"Dépendance";"nan";"0.0";"None";"None";"None";"None";"nan";"7.258093";"43.698739";"000KY"
"2023-46113";"2023-03-06";"1";"Vente";"135000.0";"11.0";"None";"AV BAQUIS";"0545";"06000";"06088";"Nice";"06";"None";"None";"06088000KY0116";"None";"None";"27";"nan";"68";"nan";"None";"nan";"None";"None";"None";"None";"2";"2";"Appartement";"18.0";"1.0";"None";"None";"None";"None";"nan";"7.261973";"43.70002";"000KY"
"2023-46769";"2023-03-06";"1";"Vente";"315000.0";"34.0";"None";"RUE GUIGLIA";"3090";"06000";"06088";"Nice";"06";"None";"None";"06088000KY0037";"None";"None";"42";"nan";"92";"nan";"None";"nan";"None";"None";"None";"None";"2";"2";"Appartement";"78.0";"3.0";"None";"None";"None";"None";"nan";"7.258223";"43.701904";"000KY"
"2023-46113";"2023-03-06";"1";"Vente";"135000.0";"11.0";"None";"AV BAQUIS";"0545";"06000";"06088";"Nice";"06";"None";"None";"06088000KY0116";"None";"None";"27";"nan";"68";"nan";"None";"nan";"None";"None";"None";"None";"2";"3";"Dépendance";"nan";"0.0";"None";"None";"None";"None";"nan";"7.261973";"43.70002";"000KY"
"2023-46769";"2023-03-06";"1";"Vente";"315000.0";"34.0";"None";"RUE GUIGLIA";"3090";"06000";"06088";"Nice";"06";"None";"None";"06088000KY0037";"None";"None";"42";"nan";"92";"nan";"None";"nan";"None";"None";"None";"None";"2";"3";"Dépendance";"nan";"0.0";"None";"None";"None";"None";"nan";"7.258223";"43.701904";"000KY"
"2023-45834";"2023-02-28";"1";"Vente";"260000.0";"37.0";"None";"RUE BERLIOZ";"0790";"06000";"06088";"Nice";"06";"None";"None";"06088000KY0051";"None";"None";"12";"nan";"26";"nan";"None";"nan";"None";"None";"None";"None";"2";"2";"Appartement";"32.0";"2.0";"None";"None";"None";"None";"nan";"7.259319";"43.701473";"000KY"
"2023-45834";"2023-02-28";"1";"Vente";"260000.0";"37.0";"None";"RUE BERLIOZ";"0790";"06000";"06088";"Nice";"06";"None";"None";"06088000KY0051";"None";"None";"12";"nan";"26";"nan";"None";"nan";"None";"None";"None";"None";"2";"3";"Dépendance";"nan";"0.0";"None";"None";"None";"None";"nan";"7.259319";"43.701473";"000KY"
"2023-45834";"2023-02-28";"1";"Vente";"260000.0";"37.0";"None";"RUE BERLIOZ";"0790";"06000";"06088";"Nice";"06";"None";"None";"06088000KY0051";"None";"None";"12";"nan";"26";"nan";"None";"nan";"None";"None";"None";"None";"2";"3";"Dépendance";"nan";"0.0";"None";"None";"None";"None";"nan";"7.259319";"43.701473";"000KY"
"2023-46271";"2023-02-28";"1";"Vente";"60000.0";"50.0";"None";"BD VICTOR HUGO";"6655";"06000";"06088";"Nice";"06";"None";"None";"06088000KY0244";"None";"None";"48";"nan";"None";"nan";"None";"nan";"None";"None";"None";"None";"1";"3";"Dépendance";"nan";"0.0";"None";"None";"None";"None";"nan";"7.259365";"43.698542";"000KY"
"2023-46389";"2023-02-27";"1";"Vente";"430000.0";"37.0";"None";"RUE VERDI";"6620";"06000";"06088";"Nice";"06";"None";"None";"06088000KY0202";"None";"None";"14";"nan";"25";"101.78";"None";"nan";"None";"None";"None";"None";"2";"2";"Appartement";"100.0";"3.0";"None";"None";"None";"None";"nan";"7.257318";"43.699405";"000KY"
"2023-45362";"2023-02-21";"1";"Vente";"106850.0";"41.0";"None";"AV G CLEMENCEAU";"2880";"06000";"06088";"Nice";"06";"None";"None";"06088000KY0083";"None";"None";"19";"nan";"None";"nan";"None";"nan";"None";"None";"None";"None";"1";"2";"Appartement";"21.0";"1.0";"None";"None";"None";"None";"nan";"7.260537";"43.70166";"000KY"
"2023-46181";"2023-02-20";"1";"Vente";"1100000.0";"4.0";"None";"RUE GUIGLIA";"3090";"06000";"06088";"Nice";"06";"None";"None";"06088000KY0215";"None";"None";"41";"nan";"None";"nan";"None";"nan";"None";"None";"None";"None";"1";"2";"Appartement";"129.0";"4.0";"None";"None";"None";"None";"nan";"7.257985";"43.698779";"000KY"
"2023-46247";"2023-02-17";"1";"Vente";"156000.0";"31.0";"None";"RUE BERLIOZ";"0790";"06000";"06088";"Nice";"06";"None";"None";"06088000KY0055";"None";"None";"118";"nan";"148";"nan";"None";"nan";"None";"None";"None";"None";"2";"2";"Appartement";"29.0";"1.0";"None";"None";"None";"None";"nan";"7.259191";"43.701185";"000KY"
"2023-46247";"2023-02-17";"1";"Vente";"156000.0";"31.0";"None";"RUE BERLIOZ";"0790";"06000";"06088";"Nice";"06";"None";"None";"06088000KY0055";"None";"None";"118";"nan";"148";"nan";"None";"nan";"None";"None";"None";"None";"2";"3";"Dépendance";"nan";"0.0";"None";"None";"None";"None";"nan";"7.259191";"43.701185";"000KY"
"2023-45317";"2023-02-16";"1";"Vente";"115000.0";"1.0";"T";"RUE BERLIOZ";"0790";"06000";"06088";"Nice";"06";"None";"None";"06088000KY0242";"None";"None";"60";"nan";"None";"nan";"None";"nan";"None";"None";"None";"None";"1";"2";"Appartement";"27.0";"1.0";"None";"None";"None";"None";"nan";"7.258795";"43.698627";"000KY"
"2023-45743";"2023-02-16";"1";"Vente";"100000.0";"31.0";"None";"RUE BERLIOZ";"0790";"06000";"06088";"Nice";"06";"None";"None";"06088000KY0055";"None";"None";"126";"nan";"166";"nan";"None";"nan";"None";"None";"None";"None";"2";"2";"Appartement";"20.0";"1.0";"None";"None";"None";"None";"nan";"7.259191";"43.701185";"000KY"
"2023-45743";"2023-02-16";"1";"Vente";"100000.0";"31.0";"None";"RUE BERLIOZ";"0790";"06000";"06088";"Nice";"06";"None";"None";"06088000KY0055";"None";"None";"126";"nan";"166";"nan";"None";"nan";"None";"None";"None";"None";"2";"3";"Dépendance";"nan";"0.0";"None";"None";"None";"None";"nan";"7.259191";"43.701185";"000KY"
"2023-45802";"2023-02-16";"1";"Vente en l'état futur d'achèvement";"803500.0";"nan";"None";"RUE BERLIOZ";"0790";"06000";"06088";"Nice";"06";"None";"None";"06088000KY0308";"None";"None";"26";"nan";"None";"nan";"None";"nan";"None";"None";"None";"None";"1";"None";"None";"nan";"nan";"None";"None";"None";"None";"nan";"7.259838";"43.701246";"000KY"
"2023-45802";"2023-02-16";"1";"Vente en l'état futur d'achèvement";"803500.0";"nan";"None";"RUE BERLIOZ";"0790";"06000";"06088";"Nice";"06";"None";"None";"06088000KY0308";"None";"None";"15";"nan";"None";"nan";"None";"nan";"None";"None";"None";"None";"1";"None";"None";"nan";"nan";"None";"None";"None";"None";"nan";"7.259838";"43.701246";"000KY"
"2023-45817";"2023-02-15";"1";"Vente";"487000.0";"54.0";"None";"RUE ROSSINI";"5600";"06000";"06088";"Nice";"06";"None";"None";"06088000KY0010";"None";"None";"32";"nan";"None";"nan";"None";"nan";"None";"None";"None";"None";"1";"2";"Appartement";"100.0";"5.0";"None";"None";"None";"None";"nan";"7.257002";"43.701069";"000KY"
"2023-45817";"2023-02-15";"1";"Vente";"487000.0";"54.0";"None";"RUE ROSSINI";"5600";"06000";"06088";"Nice";"06";"None";"None";"06088000KY0010";"None";"None";"32";"nan";"None";"nan";"None";"nan";"None";"None";"None";"None";"1";"3";"Dépendance";"nan";"0.0";"None";"None";"None";"None";"nan";"7.257002";"43.701069";"000KY"
"2023-44959";"2023-02-10";"1";"Vente";"608000.0";"34.0";"None";"RUE VERDI";"6620";"06000";"06088";"Nice";"06";"None";"None";"06088000KY0171";"None";"None";"21";"nan";"22";"nan";"9";"nan";"None";"None";"None";"None";"3";"2";"Appartement";"110.0";"4.0";"None";"None";"None";"None";"nan";"7.258068";"43.699855";"000KY"
"2023-45164";"2023-02-10";"1";"Vente";"181000.0";"5.0";"None";"RUE HEROLD";"3235";"06000";"06088";"Nice";"06";"None";"None";"06088000KY0291";"None";"None";"49";"34.51";"6";"nan";"None";"nan";"None";"None";"None";"None";"2";"2";"Appartement";"34.0";"1.0";"None";"None";"None";"None";"nan";"7.258093";"43.698739";"000KY"
"2023-45164";"2023-02-10";"1";"Vente";"181000.0";"5.0";"None";"RUE HEROLD";"3235";"06000";"06088";"Nice";"06";"None";"None";"06088000KY0291";"None";"None";"49";"34.51";"6";"nan";"None";"nan";"None";"None";"None";"None";"2";"3";"Dépendance";"nan";"0.0";"None";"None";"None";"None";"nan";"7.258093";"43.698739";"000KY"
"2023-45531";"2023-02-10";"1";"Vente";"63405.0";"12.0";"None";"RUE GUIGLIA";"3090";"06000";"06088";"Nice";"06";"None";"None";"06088000KY0170";"None";"None";"45";"9.27";"None";"nan";"None";"nan";"None";"None";"None";"None";"1";"3";"Dépendance";"nan";"0.0";"None";"None";"None";"None";"nan";"7.258049";"43.700026";"000KY"
"2023-46148";"2023-02-10";"1";"Vente";"380000.0";"7.0";"None";"AV BAQUIS";"0545";"06000";"06088";"Nice";"06";"None";"None";"06088000KY0269";"None";"None";"142";"nan";"None";"nan";"None";"nan";"None";"None";"None";"None";"1";"4";"Local industriel. commercial ou assimilé";"90.0";"0.0";"None";"None";"None";"None";"nan";"7.261862";"43.699265";"000KY"
"2023-45648";"2023-02-09";"1";"Vente";"530000.0";"24.0";"None";"RUE VERDI";"6620";"06000";"06088";"Nice";"06";"None";"None";"06088000KY0149";"None";"None";"22";"nan";"3";"nan";"None";"nan";"None";"None";"None";"None";"2";"2";"Appartement";"91.0";"4.0";"None";"None";"None";"None";"nan";"7.259018";"43.699813";"000KY"
"2023-45648";"2023-02-09";"1";"Vente";"530000.0";"24.0";"None";"RUE VERDI";"6620";"06000";"06088";"Nice";"06";"None";"None";"06088000KY0149";"None";"None";"22";"nan";"3";"nan";"None";"nan";"None";"None";"None";"None";"2";"3";"Dépendance";"nan";"0.0";"None";"None";"None";"None";"nan";"7.259018";"43.699813";"000KY"
"2023-45648";"2023-02-09";"1";"Vente";"530000.0";"24.0";"None";"RUE VERDI";"6620";"06000";"06088";"Nice";"06";"None";"None";"06088000KY0149";"None";"None";"31";"nan";"None";"nan";"None";"nan";"None";"None";"None";"None";"1";"3";"Dépendance";"nan";"0.0";"None";"None";"None";"None";"nan";"7.259018";"43.699813";"000KY"
"2023-45704";"2023-02-09";"1";"Vente";"5000000.0";"9.0";"None";"AV BAQUIS";"0545";"06000";"06088";"Nice";"06";"None";"None";"06088000KY0117";"None";"None";"None";"nan";"None";"nan";"None";"nan";"None";"None";"None";"None";"0";"4";"Local industriel. commercial ou assimilé";"750.0";"0.0";"S";"sols";"None";"None";"148.0";"7.26207";"43.699875";"000KY"
"2023-45750";"2023-02-08";"1";"Vente";"300000.0";"39.0";"None";"RUE VERDI";"6620";"06000";"06088";"Nice";"06";"None";"None";"06088000KY0199";"None";"None";"45";"nan";"6";"nan";"None";"nan";"None";"None";"None";"None";"2";"2";"Appartement";"55.0";"2.0";"None";"None";"None";"None";"nan";"7.257033";"43.699385";"000KY"
"2023-45750";"2023-02-08";"1";"Vente";"300000.0";"39.0";"None";"RUE VERDI";"6620";"06000";"06088";"Nice";"06";"None";"None";"06088000KY0199";"None";"None";"45";"nan";"6";"nan";"None";"nan";"None";"None";"None";"None";"2";"3";"Dépendance";"nan";"0.0";"None";"None";"None";"None";"nan";"7.257033";"43.699385";"000KY"
"2023-45937";"2023-02-08";"1";"Vente";"65000.0";"50.0";"None";"BD VICTOR HUGO";"6655";"06000";"06088";"Nice";"06";"None";"None";"06088000KY0244";"None";"None";"138";"nan";"None";"nan";"None";"nan";"None";"None";"None";"None";"1";"3";"Dépendance";"nan";"0.0";"None";"None";"None";"None";"nan";"7.259365";"43.698542";"000KY"
"2023-45516";"2023-02-06";"1";"Vente";"278000.0";"22.0";"None";"RUE VERDI";"6620";"06000";"06088";"Nice";"06";"None";"None";"06088000KY0148";"None";"None";"24";"nan";"44";"nan";"None";"nan";"None";"None";"None";"None";"2";"2";"Appartement";"41.0";"2.0";"None";"None";"None";"None";"nan";"7.25951";"43.699762";"000KY"
"2023-45430";"2023-02-03";"1";"Vente";"355000.0";"20.0";"None";"RUE AMIRAL DE GRASSE";"0170";"06000";"06088";"Nice";"06";"None";"None";"06088000KY0016";"None";"None";"118";"nan";"22";"nan";"None";"nan";"None";"None";"None";"None";"2";"2";"Appartement";"58.0";"2.0";"None";"None";"None";"None";"nan";"7.257669";"43.701702";"000KY"
"2023-45430";"2023-02-03";"1";"Vente";"355000.0";"20.0";"None";"RUE AMIRAL DE GRASSE";"0170";"06000";"06088";"Nice";"06";"None";"None";"06088000KY0016";"None";"None";"118";"nan";"22";"nan";"None";"nan";"None";"None";"None";"None";"2";"3";"Dépendance";"nan";"0.0";"None";"None";"None";"None";"nan";"7.257669";"43.701702";"000KY"
"2023-44345";"2023-02-01";"1";"Vente";"139000.0";"3.0";"None";"RUE AMIRAL DE GRASSE";"0170";"06000";"06088";"Nice";"06";"None";"None";"06088000KY0302";"None";"None";"65";"nan";"None";"nan";"None";"nan";"None";"None";"None";"None";"1";"2";"Appartement";"28.0";"1.0";"None";"None";"None";"None";"nan";"7.256514";"43.701267";"000KY"
"2023-45205";"2023-02-01";"1";"Vente en l'état futur d'achèvement";"50000.0";"nan";"None";"RUE BERLIOZ";"0790";"06000";"06088";"Nice";"06";"None";"None";"06088000KY0308";"None";"None";"5";"nan";"None";"nan";"None";"nan";"None";"None";"None";"None";"1";"None";"None";"nan";"nan";"None";"None";"None";"None";"nan";"7.259838";"43.701246";"000KY"
"2023-44978";"2023-01-31";"1";"Vente";"92000.0";"41.0";"None";"AV G CLEMENCEAU";"2880";"06000";"06088";"Nice";"06";"None";"None";"06088000KY0083";"None";"None";"13";"nan";"None";"nan";"None";"nan";"None";"None";"None";"None";"1";"2";"Appartement";"16.0";"1.0";"None";"None";"None";"None";"nan";"7.260537";"43.70166";"000KY"
"2023-45244";"2023-01-31";"1";"Vente";"245515.0";"61.0";"None";"RUE ROSSINI";"5600";"06000";"06088";"Nice";"06";"None";"None";"06088000KY0183";"None";"None";"23";"nan";"51";"nan";"None";"nan";"None";"None";"None";"None";"2";"2";"Appartement";"33.0";"1.0";"None";"None";"None";"None";"nan";"7.25771";"43.700642";"000KY"
"2023-46059";"2023-01-31";"1";"Vente";"280000.0";"20.0";"None";"RUE VERDI";"6620";"06000";"06088";"Nice";"06";"None";"None";"06088000KY0134";"None";"None";"227";"nan";"None";"nan";"None";"nan";"None";"None";"None";"None";"1";"2";"Appartement";"47.0";"2.0";"None";"None";"None";"None";"nan";"7.259955";"43.699817";"000KY"
"2023-45244";"2023-01-31";"1";"Vente";"245515.0";"61.0";"None";"RUE ROSSINI";"5600";"06000";"06088";"Nice";"06";"None";"None";"06088000KY0183";"None";"None";"23";"nan";"51";"nan";"None";"nan";"None";"None";"None";"None";"2";"3";"Dépendance";"nan";"0.0";"None";"None";"None";"None";"nan";"7.25771";"43.700642";"000KY"
"2023-44592";"2023-01-31";"1";"Vente";"147000.0";"16.0";"None";"RUE BERLIOZ";"0790";"06000";"06088";"Nice";"06";"None";"None";"06088000KY0312";"None";"None";"5";"nan";"None";"nan";"None";"nan";"None";"None";"None";"None";"1";"4";"Local industriel. commercial ou assimilé";"35.0";"0.0";"None";"None";"None";"None";"nan";"7.259558";"43.699943";"000KY"
"2023-48038";"2023-01-31";"1";"Vente";"130000.0";"37.0";"None";"AV G CLEMENCEAU";"2880";"06000";"06088";"Nice";"06";"None";"None";"06088000KY0093";"None";"None";"3";"nan";"None";"nan";"None";"nan";"None";"None";"None";"None";"1";"4";"Local industriel. commercial ou assimilé";"60.0";"0.0";"None";"None";"None";"None";"nan";"7.261275";"43.701541";"000KY"
"2023-44646";"2023-01-30";"1";"Vente";"1733000.0";"54.0";"None";"BD VICTOR HUGO";"6655";"06000";"06088";"Nice";"06";"None";"None";"06088000KY0288";"None";"None";"19";"nan";"21";"nan";"22";"nan";"None";"None";"None";"None";"3";"2";"Appartement";"165.0";"4.0";"None";"None";"None";"None";"nan";"7.258017";"43.698216";"000KY"
"2023-44917";"2023-01-30";"1";"Vente";"235000.0";"49.0";"None";"AV G CLEMENCEAU";"2880";"06000";"06088";"Nice";"06";"None";"None";"06088000KY0048";"None";"None";"25";"nan";"45";"nan";"None";"nan";"None";"None";"None";"None";"2";"2";"Appartement";"40.0";"2.0";"None";"None";"None";"None";"nan";"7.259409";"43.701856";"000KY"
"2023-44646";"2023-01-30";"1";"Vente";"1733000.0";"54.0";"None";"BD VICTOR HUGO";"6655";"06000";"06088";"Nice";"06";"None";"None";"06088000KY0288";"None";"None";"19";"nan";"21";"nan";"22";"nan";"None";"None";"None";"None";"3";"3";"Dépendance";"nan";"0.0";"None";"None";"None";"None";"nan";"7.258017";"43.698216";"000KY"
"2023-44646";"2023-01-30";"1";"Vente";"1733000.0";"54.0";"None";"BD VICTOR HUGO";"6655";"06000";"06088";"Nice";"06";"None";"None";"06088000KY0288";"None";"None";"19";"nan";"21";"nan";"22";"nan";"None";"None";"None";"None";"3";"3";"Dépendance";"nan";"0.0";"None";"None";"None";"None";"nan";"7.258017";"43.698216";"000KY"
"2023-44158";"2023-01-27";"1";"Vente";"123500.0";"nan";"None";"RUE TCHEKHOV";"6318";"06000";"06088";"Nice";"06";"None";"None";"06088000KY0095";"None";"None";"295";"nan";"None";"nan";"None";"nan";"None";"None";"None";"None";"1";"2";"Appartement";"26.0";"2.0";"None";"None";"None";"None";"nan";"7.261213";"43.701137";"000KY"
"2023-44604";"2023-01-24";"1";"Vente";"198670.0";"16.0";"None";"RUE AMIRAL DE GRASSE";"0170";"06000";"06088";"Nice";"06";"None";"None";"06088000KY0015";"None";"None";"108";"nan";"57";"nan";"None";"nan";"None";"None";"None";"None";"2";"2";"Appartement";"32.0";"1.0";"None";"None";"None";"None";"nan";"7.257347";"43.701401";"000KY"
"2023-45113";"2023-01-24";"1";"Vente";"455900.0";"7.0";"None";"RUE GUIGLIA";"3090";"06000";"06088";"Nice";"06";"None";"None";"06088000KY0203";"None";"None";"1";"nan";"26";"nan";"None";"nan";"None";"None";"None";"None";"2";"2";"Appartement";"98.0";"4.0";"None";"None";"None";"None";"nan";"7.257569";"43.699399";"000KY"
"2023-44604";"2023-01-24";"1";"Vente";"198670.0";"16.0";"None";"RUE AMIRAL DE GRASSE";"0170";"06000";"06088";"Nice";"06";"None";"None";"06088000KY0015";"None";"None";"108";"nan";"57";"nan";"None";"nan";"None";"None";"None";"None";"2";"3";"Dépendance";"nan";"0.0";"None";"None";"None";"None";"nan";"7.257347";"43.701401";"000KY"
"2023-44604";"2023-01-24";"1";"Vente";"198670.0";"16.0";"None";"RUE AMIRAL DE GRASSE";"0170";"06000";"06088";"Nice";"06";"None";"None";"06088000KY0015";"None";"None";"108";"nan";"57";"nan";"None";"nan";"None";"None";"None";"None";"2";"3";"Dépendance";"nan";"0.0";"None";"None";"None";"None";"nan";"7.257347";"43.701401";"000KY"
"2023-45113";"2023-01-24";"1";"Vente";"455900.0";"7.0";"None";"RUE GUIGLIA";"3090";"06000";"06088";"Nice";"06";"None";"None";"06088000KY0203";"None";"None";"31";"nan";"None";"nan";"None";"nan";"None";"None";"None";"None";"1";"3";"Dépendance";"nan";"0.0";"None";"None";"None";"None";"nan";"7.257569";"43.699399";"000KY"
"2023-45113";"2023-01-24";"1";"Vente";"455900.0";"7.0";"None";"RUE GUIGLIA";"3090";"06000";"06088";"Nice";"06";"None";"None";"06088000KY0203";"None";"None";"1";"nan";"26";"nan";"None";"nan";"None";"None";"None";"None";"2";"3";"Dépendance";"nan";"0.0";"None";"None";"None";"None";"nan";"7.257569";"43.699399";"000KY"
"2023-45113";"2023-01-24";"1";"Vente";"455900.0";"7.0";"None";"RUE GUIGLIA";"3090";"06000";"06088";"Nice";"06";"None";"None";"06088000KY0203";"None";"None";"1";"nan";"26";"nan";"None";"nan";"None";"None";"None";"None";"2";"3";"Dépendance";"nan";"0.0";"None";"None";"None";"None";"nan";"7.257569";"43.699399";"000KY"
"2023-44605";"2023-01-24";"1";"Vente en l'état futur d'achèvement";"391000.0";"nan";"None";"RUE BERLIOZ";"0790";"06000";"06088";"Nice";"06";"None";"None";"06088000KY0308";"None";"None";"25";"nan";"None";"nan";"None";"nan";"None";"None";"None";"None";"1";"None";"None";"nan";"nan";"None";"None";"None";"None";"nan";"7.259838";"43.701246";"000KY"
"2023-44463";"2023-01-23";"1";"Vente";"250000.0";"19.0";"None";"RUE BERLIOZ";"0790";"06000";"06088";"Nice";"06";"None";"None";"06088000KY0153";"None";"None";"2";"nan";"45";"nan";"None";"nan";"None";"None";"None";"None";"2";"2";"Appartement";"74.0";"3.0";"None";"None";"None";"None";"nan";"7.259081";"43.700268";"000KY"
"2023-44463";"2023-01-23";"1";"Vente";"250000.0";"19.0";"None";"RUE BERLIOZ";"0790";"06000";"06088";"Nice";"06";"None";"None";"06088000KY0153";"None";"None";"2";"nan";"45";"nan";"None";"nan";"None";"None";"None";"None";"2";"3";"Dépendance";"nan";"0.0";"None";"None";"None";"None";"nan";"7.259081";"43.700268";"000KY"
"2023-44945";"2023-01-23";"1";"Vente";"65000.0";"5.0";"None";"RUE GOUNOD";"2985";"06000";"06088";"Nice";"06";"None";"None";"06088000KY0255";"None";"None";"4";"nan";"None";"nan";"None";"nan";"None";"None";"None";"None";"1";"3";"Dépendance";"nan";"0.0";"None";"None";"None";"None";"nan";"7.259982";"43.699381";"000KY"
"2023-44707";"2023-01-20";"2";"Vente";"1260000.0";"15.0";"None";"RUE HEROLD";"3235";"06000";"06088";"Nice";"06";"None";"None";"06088000KY0219";"None";"None";"50";"nan";"51";"nan";"52";"nan";"53";"None";"54";"None";"15";"2";"Appartement";"78.0";"4.0";"None";"None";"None";"None";"nan";"7.25827";"43.699178";"000KY"
"2023-44707";"2023-01-20";"2";"Vente";"1260000.0";"15.0";"None";"RUE HEROLD";"3235";"06000";"06088";"Nice";"06";"None";"None";"06088000KY0219";"None";"None";"50";"nan";"51";"nan";"52";"nan";"53";"None";"54";"None";"15";"2";"Appartement";"60.0";"3.0";"None";"None";"None";"None";"nan";"7.25827";"43.699178";"000KY"
"2023-44707";"2023-01-20";"2";"Vente";"1260000.0";"15.0";"None";"RUE HEROLD";"3235";"06000";"06088";"Nice";"06";"None";"None";"06088000KY0219";"None";"None";"50";"nan";"51";"nan";"52";"nan";"53";"None";"54";"None";"15";"2";"Appartement";"55.0";"2.0";"None";"None";"None";"None";"nan";"7.25827";"43.699178";"000KY"
"2023-44707";"2023-01-20";"2";"Vente";"1260000.0";"15.0";"None";"RUE HEROLD";"3235";"06000";"06088";"Nice";"06";"None";"None";"06088000KY0219";"None";"None";"50";"nan";"51";"nan";"52";"nan";"53";"None";"54";"None";"15";"2";"Appartement";"43.0";"2.0";"None";"None";"None";"None";"nan";"7.25827";"43.699178";"000KY"
"2023-44707";"2023-01-20";"2";"Vente";"1260000.0";"15.0";"None";"RUE HEROLD";"3235";"06000";"06088";"Nice";"06";"None";"None";"06088000KY0219";"None";"None";"50";"nan";"51";"nan";"52";"nan";"53";"None";"54";"None";"15";"3";"Dépendance";"nan";"0.0";"None";"None";"None";"None";"nan";"7.25827";"43.699178";"000KY"
"2023-44707";"2023-01-20";"2";"Vente";"1260000.0";"15.0";"None";"RUE HEROLD";"3235";"06000";"06088";"Nice";"06";"None";"None";"06088000KY0219";"None";"None";"50";"nan";"51";"nan";"52";"nan";"53";"None";"54";"None";"15";"3";"Dépendance";"nan";"0.0";"None";"None";"None";"None";"nan";"7.25827";"43.699178";"000KY"
"2023-44707";"2023-01-20";"2";"Vente";"1260000.0";"15.0";"None";"RUE HEROLD";"3235";"06000";"06088";"Nice";"06";"None";"None";"06088000KY0219";"None";"None";"50";"nan";"51";"nan";"52";"nan";"53";"None";"54";"None";"15";"3";"Dépendance";"nan";"0.0";"None";"None";"None";"None";"nan";"7.25827";"43.699178";"000KY"
"2023-44707";"2023-01-20";"2";"Vente";"1260000.0";"15.0";"None";"RUE HEROLD";"3235";"06000";"06088";"Nice";"06";"None";"None";"06088000KY0219";"None";"None";"50";"nan";"51";"nan";"52";"nan";"53";"None";"54";"None";"15";"3";"Dépendance";"nan";"0.0";"None";"None";"None";"None";"nan";"7.25827";"43.699178";"000KY"
"2023-44707";"2023-01-20";"2";"Vente";"1260000.0";"15.0";"None";"RUE HEROLD";"3235";"06000";"06088";"Nice";"06";"None";"None";"06088000KY0219";"None";"None";"50";"nan";"51";"nan";"52";"nan";"53";"None";"54";"None";"15";"3";"Dépendance";"nan";"0.0";"None";"None";"None";"None";"nan";"7.25827";"43.699178";"000KY"
"2023-44016";"2023-01-19";"1";"Vente";"430000.0";"50.0";"None";"RUE HEROLD";"3235";"06000";"06088";"Nice";"06";"None";"None";"06088000KY0317";"None";"None";"24";"66.98";"4";"nan";"None";"nan";"None";"None";"None";"None";"2";"2";"Appartement";"70.0";"3.0";"None";"None";"None";"None";"nan";"7.259157";"43.701721";"000KY"
"2023-44035";"2023-01-19";"1";"Vente";"500000.0";"41.0";"None";"RUE HEROLD";"3235";"06000";"06088";"Nice";"06";"None";"None";"06088000KY0034";"None";"None";"24";"70.71";"None";"nan";"None";"nan";"None";"None";"None";"None";"1";"2";"Appartement";"73.0";"3.0";"None";"None";"None";"None";"nan";"7.258592";"43.701467";"000KY"
"2023-44442";"2023-01-19";"1";"Vente";"190000.0";"19.0";"None";"RUE GOUNOD";"2985";"06000";"06088";"Nice";"06";"None";"None";"06088000KY0313";"None";"None";"36";"nan";"None";"nan";"None";"nan";"None";"None";"None";"None";"1";"2";"Appartement";"23.0";"2.0";"None";"None";"None";"None";"nan";"7.260284";"43.700785";"000KY"
"2023-44016";"2023-01-19";"1";"Vente";"430000.0";"50.0";"None";"RUE HEROLD";"3235";"06000";"06088";"Nice";"06";"None";"None";"06088000KY0317";"None";"None";"24";"66.98";"4";"nan";"None";"nan";"None";"None";"None";"None";"2";"3";"Dépendance";"nan";"0.0";"None";"None";"None";"None";"nan";"7.259157";"43.701721";"000KY"
"2023-44016";"2023-01-19";"1";"Vente";"430000.0";"50.0";"None";"RUE HEROLD";"3235";"06000";"06088";"Nice";"06";"None";"None";"06088000KY0317";"None";"None";"24";"66.98";"4";"nan";"None";"nan";"None";"None";"None";"None";"2";"3";"Dépendance";"nan";"0.0";"None";"None";"None";"None";"nan";"7.259157";"43.701721";"000KY"
"2023-44035";"2023-01-19";"1";"Vente";"500000.0";"41.0";"None";"RUE HEROLD";"3235";"06000";"06088";"Nice";"06";"None";"None";"06088000KY0034";"None";"None";"32";"nan";"None";"nan";"None";"nan";"None";"None";"None";"None";"1";"3";"Dépendance";"nan";"0.0";"None";"None";"None";"None";"nan";"7.258592";"43.701467";"000KY"
"2023-44035";"2023-01-19";"1";"Vente";"500000.0";"41.0";"None";"RUE HEROLD";"3235";"06000";"06088";"Nice";"06";"None";"None";"06088000KY0034";"None";"None";"24";"70.71";"None";"nan";"None";"nan";"None";"None";"None";"None";"1";"3";"Dépendance";"nan";"0.0";"None";"None";"None";"None";"nan";"7.258592";"43.701467";"000KY"
"2023-44418";"2023-01-18";"1";"Vente";"250000.0";"49.0";"None";"AV G CLEMENCEAU";"2880";"06000";"06088";"Nice";"06";"None";"None";"06088000KY0048";"None";"None";"4";"nan";"57";"59.26";"None";"nan";"None";"None";"None";"None";"2";"2";"Appartement";"58.0";"3.0";"None";"None";"None";"None";"nan";"7.259409";"43.701856";"000KY"
"2023-44418";"2023-01-18";"1";"Vente";"250000.0";"49.0";"None";"AV G CLEMENCEAU";"2880";"06000";"06088";"Nice";"06";"None";"None";"06088000KY0048";"None";"None";"4";"nan";"57";"59.26";"None";"nan";"None";"None";"None";"None";"2";"3";"Dépendance";"nan";"0.0";"None";"None";"None";"None";"nan";"7.259409";"43.701856";"000KY"
"2023-44397";"2023-01-13";"1";"Vente";"422500.0";"50.0";"None";"BD VICTOR HUGO";"6655";"06000";"06088";"Nice";"06";"None";"None";"06088000KY0244";"None";"None";"270";"nan";"None";"nan";"None";"nan";"None";"None";"None";"None";"1";"2";"Appartement";"85.0";"3.0";"None";"None";"None";"None";"nan";"7.259365";"43.698542";"000KY"
"2023-44397";"2023-01-13";"1";"Vente";"422500.0";"50.0";"None";"BD VICTOR HUGO";"6655";"06000";"06088";"Nice";"06";"None";"None";"06088000KY0244";"None";"None";"270";"nan";"None";"nan";"None";"nan";"None";"None";"None";"None";"1";"3";"Dépendance";"nan";"0.0";"None";"None";"None";"None";"nan";"7.259365";"43.698542";"000KY"
"2023-44397";"2023-01-13";"1";"Vente";"422500.0";"50.0";"None";"BD VICTOR HUGO";"6655";"06000";"06088";"Nice";"06";"None";"None";"06088000KY0244";"None";"None";"270";"nan";"None";"nan";"None";"nan";"None";"None";"None";"None";"1";"3";"Dépendance";"nan";"0.0";"None";"None";"None";"None";"nan";"7.259365";"43.698542";"000KY"
"2023-43876";"2023-01-12";"1";"Vente";"356000.0";"36.0";"None";"RUE HEROLD";"3235";"06000";"06088";"Nice";"06";"None";"None";"06088000KY0057";"None";"None";"89";"nan";"None";"nan";"None";"nan";"None";"None";"None";"None";"1";"2";"Appartement";"60.0";"3.0";"None";"None";"None";"None";"nan";"7.259139";"43.700904";"000KY"
"2023-43876";"2023-01-12";"1";"Vente";"356000.0";"36.0";"None";"RUE HEROLD";"3235";"06000";"06088";"Nice";"06";"None";"None";"06088000KY0057";"None";"None";"5";"nan";"None";"nan";"None";"nan";"None";"None";"None";"None";"1";"3";"Dépendance";"nan";"0.0";"None";"None";"None";"None";"nan";"7.259139";"43.700904";"000KY"
"2023-43787";"2023-01-11";"1";"Vente";"175000.0";"59.0";"None";"RUE ROSSINI";"5600";"06000";"06088";"Nice";"06";"None";"None";"06088000KY0166";"None";"None";"50";"nan";"None";"nan";"None";"nan";"None";"None";"None";"None";"1";"2";"Appartement";"33.0";"1.0";"None";"None";"None";"None";"nan";"7.258158";"43.700614";"000KY"
"2023-43892";"2023-01-11";"1";"Vente";"132906.0";"37.0";"None";"AV G CLEMENCEAU";"2880";"06000";"06088";"Nice";"06";"None";"None";"06088000KY0094";"None";"None";"37";"25.49";"4";"nan";"None";"nan";"None";"None";"None";"None";"2";"2";"Appartement";"30.0";"1.0";"None";"None";"None";"None";"nan";"7.261343";"43.701338";"000KY"
"2023-43892";"2023-01-11";"1";"Vente";"132906.0";"37.0";"None";"AV G CLEMENCEAU";"2880";"06000";"06088";"Nice";"06";"None";"None";"06088000KY0094";"None";"None";"37";"25.49";"4";"nan";"None";"nan";"None";"None";"None";"None";"2";"3";"Dépendance";"nan";"0.0";"None";"None";"None";"None";"nan";"7.261343";"43.701338";"000KY"
"2023-43932";"2023-01-06";"1";"Vente";"500120.0";"27.0";"None";"RUE VERDI";"6620";"06000";"06088";"Nice";"06";"None";"None";"06088000KY0223";"None";"None";"11";"nan";"26";"nan";"None";"nan";"None";"None";"None";"None";"2";"2";"Appartement";"65.0";"3.0";"None";"None";"None";"None";"nan";"7.258572";"43.699394";"000KY"
"2023-44154";"2023-01-06";"1";"Vente";"135000.0";"47.0";"None";"RUE ROSSINI";"5600";"06000";"06088";"Nice";"06";"None";"None";"06088000KY0141";"None";"None";"23";"nan";"None";"nan";"None";"nan";"None";"None";"None";"None";"1";"2";"Appartement";"25.0";"1.0";"None";"None";"None";"None";"nan";"7.259788";"43.700429";"000KY"
"2023-43932";"2023-01-06";"1";"Vente";"500120.0";"27.0";"None";"RUE VERDI";"6620";"06000";"06088";"Nice";"06";"None";"None";"06088000KY0223";"None";"None";"11";"nan";"26";"nan";"None";"nan";"None";"None";"None";"None";"2";"3";"Dépendance";"nan";"0.0";"None";"None";"None";"None";"nan";"7.258572";"43.699394";"000KY"
"2023-43932";"2023-01-06";"1";"Vente";"500120.0";"27.0";"None";"RUE VERDI";"6620";"06000";"06088";"Nice";"06";"None";"None";"06088000KY0223";"None";"None";"11";"nan";"26";"nan";"None";"nan";"None";"None";"None";"None";"2";"3";"Dépendance";"nan";"0.0";"None";"None";"None";"None";"nan";"7.258572";"43.699394";"000KY"
"2023-43991";"2023-01-06";"1";"Vente";"240000.0";"7.0";"None";"AV AUBER";"0425";"06000";"06088";"Nice";"06";"None";"None";"06088000KY0123";"None";"None";"11";"nan";"113";"nan";"None";"nan";"None";"None";"None";"None";"2";"4";"Local industriel. commercial ou assimilé";"49.0";"0.0";"None";"None";"None";"None";"nan";"7.261199";"43.69974";"000KY"
"2023-45280";"2023-01-05";"1";"Vente";"160000.0";"67.0";"None";"RUE ROSSINI";"5600";"06000";"06088";"Nice";"06";"None";"None";"06088000KY0186";"None";"None";"13";"30.88";"None";"nan";"None";"nan";"None";"None";"None";"None";"1";"2";"Appartement";"30.0";"1.0";"None";"None";"None";"None";"nan";"7.257182";"43.700706";"000KY"
"2023-44239";"2023-01-04";"1";"Vente";"65000.0";"50.0";"None";"BD VICTOR HUGO";"6655";"06000";"06088";"Nice";"06";"None";"None";"06088000KY0244";"None";"None";"43";"nan";"None";"nan";"None";"nan";"None";"None";"None";"None";"1";"3";"Dépendance";"nan";"0.0";"None";"None";"None";"None";"nan";"7.259365";"43.698542";"000KY"
"2023-44069";"2023-01-03";"1";"Vente";"105000.0";"37.0";"None";"AV G CLEMENCEAU";"2880";"06000";"06088";"Nice";"06";"None";"None";"06088000KY0094";"None";"None";"13";"nan";"40";"nan";"None";"nan";"None";"None";"None";"None";"2";"2";"Appartement";"50.0";"2.0";"None";"None";"None";"None";"nan";"7.261343";"43.701338";"000KY"
"2023-44069";"2023-01-03";"1";"Vente";"105000.0";"37.0";"None";"AV G CLEMENCEAU";"2880";"06000";"06088";"Nice";"06";"None";"None";"06088000KY0094";"None";"None";"13";"nan";"40";"nan";"None";"nan";"None";"None";"None";"None";"2";"3";"Dépendance";"nan";"0.0";"None";"None";"None";"None";"nan";"7.261343";"43.701338";"000KY"
"2022-71151";"2022-12-29";"1";"Vente";"450000.0";"37.0";"None";"RUE HEROLD";"3235";"06000";"06088";"Nice";"06";"None";"None";"06088000KY0030";"None";"None";"15";"nan";"32";"nan";"None";"nan";"None";"None";"None";"None";"2";"2";"Appartement";"63.0";"2.0";"None";"None";"None";"None";"nan";"7.258525";"43.701077";"000KY"
"2022-71151";"2022-12-29";"1";"Vente";"450000.0";"37.0";"None";"RUE HEROLD";"3235";"06000";"06088";"Nice";"06";"None";"None";"06088000KY0030";"None";"None";"15";"nan";"32";"nan";"None";"nan";"None";"None";"None";"None";"2";"3";"Dépendance";"nan";"0.0";"None";"None";"None";"None";"nan";"7.258525";"43.701077";"000KY"
"2022-71151";"2022-12-29";"1";"Vente";"450000.0";"37.0";"None";"RUE HEROLD";"3235";"06000";"06088";"Nice";"06";"None";"None";"06088000KY0030";"None";"None";"15";"nan";"32";"nan";"None";"nan";"None";"None";"None";"None";"2";"3";"Dépendance";"nan";"0.0";"None";"None";"None";"None";"nan";"7.258525";"43.701077";"000KY"
"2022-71136";"2022-12-29";"1";"Vente";"483000.0";"36.0";"None";"RUE VERDI";"6620";"06000";"06088";"Nice";"06";"None";"None";"06088000KY0172";"None";"None";"1";"nan";"30";"nan";"None";"nan";"None";"None";"None";"None";"2";"4";"Local industriel. commercial ou assimilé";"98.0";"0.0";"None";"None";"None";"None";"nan";"7.257642";"43.699788";"000KY"
"2022-71051";"2022-12-23";"1";"Vente";"335000.0";"6.0";"None";"RUE GOUNOD";"2985";"06000";"06088";"Nice";"06";"None";"None";"06088000KY0259";"None";"None";"13";"nan";"None";"nan";"None";"nan";"None";"None";"None";"None";"1";"2";"Appartement";"55.0";"2.0";"None";"None";"None";"None";"nan";"7.260389";"43.699044";"000KY"
"2022-71547";"2022-12-23";"1";"Vente";"145000.0";"45.0";"None";"AV THIERS";"6400";"06000";"06088";"Nice";"06";"None";"None";"06088000KY0004";"None";"None";"89";"34.08";"None";"nan";"None";"nan";"None";"None";"None";"None";"1";"2";"Appartement";"35.0";"1.0";"None";"None";"None";"None";"nan";"7.257224";"43.701822";"000KY"
"2022-71082";"2022-12-23";"1";"Vente";"50000.0";"5.0";"None";"RUE GOUNOD";"2985";"06000";"06088";"Nice";"06";"None";"None";"06088000KY0255";"None";"None";"8";"nan";"None";"nan";"None";"nan";"None";"None";"None";"None";"1";"3";"Dépendance";"nan";"0.0";"None";"None";"None";"None";"nan";"7.259982";"43.699381";"000KY"
"2022-70375";"2022-12-22";"1";"Vente";"362790.0";"3.0";"None";"RUE BERLIOZ";"0790";"06000";"06088";"Nice";"06";"None";"None";"06088000KY0243";"None";"None";"18";"nan";"24";"nan";"None";"nan";"None";"None";"None";"None";"2";"2";"Appartement";"69.0";"3.0";"None";"None";"None";"None";"nan";"7.258898";"43.698691";"000KY"
"2022-71249";"2022-12-22";"1";"Vente";"105000.0";"24.0";"None";"RUE HEROLD";"3235";"06000";"06088";"Nice";"06";"None";"None";"06088000KY0158";"None";"None";"228";"14.38";"None";"nan";"None";"nan";"None";"None";"None";"None";"1";"2";"Appartement";"12.0";"1.0";"None";"None";"None";"None";"nan";"7.258773";"43.700099";"000KY"
"2022-70375";"2022-12-22";"1";"Vente";"362790.0";"3.0";"None";"RUE BERLIOZ";"0790";"06000";"06088";"Nice";"06";"None";"None";"06088000KY0243";"None";"None";"18";"nan";"24";"nan";"None";"nan";"None";"None";"None";"None";"2";"3";"Dépendance";"nan";"0.0";"None";"None";"None";"None";"nan";"7.258898";"43.698691";"000KY"
"2022-70375";"2022-12-22";"1";"Vente";"362790.0";"3.0";"None";"RUE BERLIOZ";"0790";"06000";"06088";"Nice";"06";"None";"None";"06088000KY0243";"None";"None";"18";"nan";"24";"nan";"None";"nan";"None";"None";"None";"None";"2";"3";"Dépendance";"nan";"0.0";"None";"None";"None";"None";"nan";"7.258898";"43.698691";"000KY"
"2022-71554";"2022-12-22";"1";"Vente";"200000.0";"20.0";"None";"RUE VERDI";"6620";"06000";"06088";"Nice";"06";"None";"None";"06088000KY0134";"None";"None";"192";"43.0";"None";"nan";"None";"nan";"None";"None";"None";"None";"1";"4";"Local industriel. commercial ou assimilé";"52.0";"0.0";"None";"None";"None";"None";"nan";"7.259955";"43.699817";"000KY"
"2022-70946";"2022-12-21";"1";"Vente";"150000.0";"18.0";"None";"RUE GUIGLIA";"3090";"06000";"06088";"Nice";"06";"None";"None";"06088000KY0167";"None";"None";"22";"41.92";"None";"nan";"None";"nan";"None";"None";"None";"None";"1";"2";"Appartement";"35.0";"2.0";"None";"None";"None";"None";"nan";"7.258148";"43.700464";"000KY"
"2022-71294";"2022-12-21";"1";"Vente";"370000.0";"50.0";"None";"RUE HEROLD";"3235";"06000";"06088";"Nice";"06";"None";"None";"06088000KY0317";"None";"None";"23";"nan";"None";"nan";"None";"nan";"None";"None";"None";"None";"1";"2";"Appartement";"45.0";"2.0";"None";"None";"None";"None";"nan";"7.259157";"43.701721";"000KY"
"2022-71414";"2022-12-21";"1";"Vente";"249000.0";"1.0";"B";"AV DURANTE";"2125";"06000";"06088";"Nice";"06";"None";"None";"06088000KY0109";"None";"None";"12";"62.5";"5";"nan";"None";"nan";"None";"None";"None";"None";"2";"2";"Appartement";"64.0";"2.0";"None";"None";"None";"None";"nan";"7.262151";"43.701241";"000KY"
"2022-71141";"2022-12-21";"1";"Vente";"25090.0";"30.0";"None";"RUE GOUNOD";"2985";"06000";"06088";"Nice";"06";"None";"None";"06088000KY0095";"None";"None";"13";"nan";"None";"nan";"None";"nan";"None";"None";"None";"None";"1";"3";"Dépendance";"nan";"0.0";"None";"None";"None";"None";"nan";"7.261213";"43.701137";"000KY"
"2022-71294";"2022-12-21";"1";"Vente";"370000.0";"50.0";"None";"RUE HEROLD";"3235";"06000";"06088";"Nice";"06";"None";"None";"06088000KY0317";"None";"None";"23";"nan";"None";"nan";"None";"nan";"None";"None";"None";"None";"1";"3";"Dépendance";"nan";"0.0";"None";"None";"None";"None";"nan";"7.259157";"43.701721";"000KY"
"2022-71294";"2022-12-21";"1";"Vente";"370000.0";"50.0";"None";"RUE HEROLD";"3235";"06000";"06088";"Nice";"06";"None";"None";"06088000KY0317";"None";"None";"23";"nan";"None";"nan";"None";"nan";"None";"None";"None";"None";"1";"3";"Dépendance";"nan";"0.0";"None";"None";"None";"None";"nan";"7.259157";"43.701721";"000KY"
"2022-71681";"2022-12-15";"1";"Vente";"164500.0";"3.0";"None";"RUE GUIGLIA";"3090";"06000";"06088";"Nice";"06";"None";"None";"06088000KY0205";"None";"None";"11";"nan";"27";"nan";"None";"nan";"None";"None";"None";"None";"2";"2";"Appartement";"40.0";"2.0";"None";"None";"None";"None";"nan";"7.257529";"43.699049";"000KY"
"2022-71681";"2022-12-15";"1";"Vente";"164500.0";"3.0";"None";"RUE GUIGLIA";"3090";"06000";"06088";"Nice";"06";"None";"None";"06088000KY0205";"None";"None";"11";"nan";"27";"nan";"None";"nan";"None";"None";"None";"None";"2";"3";"Dépendance";"nan";"0.0";"None";"None";"None";"None";"nan";"7.257529";"43.699049";"000KY"
"2022-70657";"2022-12-13";"1";"Vente en l'état futur d'achèvement";"515000.0";"nan";"None";"RUE BERLIOZ";"0790";"06000";"06088";"Nice";"06";"None";"None";"06088000KY0308";"None";"None";"32";"nan";"None";"nan";"None";"nan";"None";"None";"None";"None";"1";"None";"None";"nan";"nan";"None";"None";"None";"None";"nan";"7.259838";"43.701246";"000KY"
"2022-70187";"2022-12-12";"1";"Vente";"5000.0";"13.0";"None";"AV AUBER";"0425";"06000";"06088";"Nice";"06";"None";"None";"06088000KY0103";"None";"None";"9";"nan";"None";"nan";"None";"nan";"None";"None";"None";"None";"1";"2";"Appartement";"85.0";"3.0";"None";"None";"None";"None";"nan";"7.261328";"43.700711";"000KY"
"2022-70187";"2022-12-12";"1";"Vente";"5000.0";"13.0";"None";"AV AUBER";"0425";"06000";"06088";"Nice";"06";"None";"None";"06088000KY0103";"None";"None";"9";"nan";"None";"nan";"None";"nan";"None";"None";"None";"None";"1";"3";"Dépendance";"nan";"0.0";"None";"None";"None";"None";"nan";"7.261328";"43.700711";"000KY"
"2022-69865";"2022-12-09";"1";"Vente";"745400.0";"50.0";"None";"BD VICTOR HUGO";"6655";"06000";"06088";"Nice";"06";"None";"None";"06088000KY0244";"None";"None";"111";"nan";"266";"83.05";"None";"nan";"None";"None";"None";"None";"2";"2";"Appartement";"90.0";"3.0";"None";"None";"None";"None";"nan";"7.259365";"43.698542";"000KY"
"2022-70221";"2022-12-09";"1";"Vente";"502125.0";"7.0";"None";"RUE VERDI";"6620";"06000";"06088";"Nice";"06";"None";"None";"06088000KY0267";"None";"None";"24";"nan";"None";"nan";"None";"nan";"None";"None";"None";"None";"1";"2";"Appartement";"92.0";"4.0";"None";"None";"None";"None";"nan";"7.261096";"43.699434";"000KY"
"2022-69865";"2022-12-09";"1";"Vente";"745400.0";"50.0";"None";"BD VICTOR HUGO";"6655";"06000";"06088";"Nice";"06";"None";"None";"06088000KY0244";"None";"None";"111";"nan";"266";"83.05";"None";"nan";"None";"None";"None";"None";"2";"3";"Dépendance";"nan";"0.0";"None";"None";"None";"None";"nan";"7.259365";"43.698542";"000KY"
"2022-69880";"2022-12-02";"1";"Vente";"160000.0";"45.0";"B";"AV G CLEMENCEAU";"2880";"06000";"06088";"Nice";"06";"None";"None";"06088000KY0078";"None";"None";"7";"nan";"None";"nan";"None";"nan";"None";"None";"None";"None";"1";"2";"Appartement";"44.0";"2.0";"None";"None";"None";"None";"nan";"7.260056";"43.701615";"000KY"
"2022-69652";"2022-12-02";"1";"Vente";"1060000.0";"19.0";"None";"AV AUBER";"0425";"06000";"06088";"Nice";"06";"None";"None";"06088000KY0106";"None";"None";"4";"nan";"None";"nan";"None";"nan";"None";"None";"None";"None";"1";"4";"Local industriel. commercial ou assimilé";"8.0";"0.0";"None";"None";"None";"None";"nan";"7.261513";"43.701475";"000KY"
"2022-69652";"2022-12-02";"1";"Vente";"1060000.0";"19.0";"None";"AV AUBER";"0425";"06000";"06088";"Nice";"06";"None";"None";"06088000KY0106";"None";"None";"1";"nan";"None";"nan";"None";"nan";"None";"None";"None";"None";"1";"4";"Local industriel. commercial ou assimilé";"8.0";"0.0";"None";"None";"None";"None";"nan";"7.261513";"43.701475";"000KY"
"2022-69652";"2022-12-02";"1";"Vente";"1060000.0";"19.0";"None";"AV AUBER";"0425";"06000";"06088";"Nice";"06";"None";"None";"06088000KY0106";"None";"None";"39";"nan";"None";"nan";"None";"nan";"None";"None";"None";"None";"1";"4";"Local industriel. commercial ou assimilé";"220.0";"0.0";"None";"None";"None";"None";"nan";"7.261513";"43.701475";"000KY"
"2022-69652";"2022-12-02";"1";"Vente";"1060000.0";"19.0";"None";"AV AUBER";"0425";"06000";"06088";"Nice";"06";"None";"None";"06088000KY0106";"None";"None";"2";"nan";"None";"nan";"None";"nan";"None";"None";"None";"None";"1";"4";"Local industriel. commercial ou assimilé";"8.0";"0.0";"None";"None";"None";"None";"nan";"7.261513";"43.701475";"000KY"
"2022-69652";"2022-12-02";"1";"Vente";"1060000.0";"19.0";"None";"AV AUBER";"0425";"06000";"06088";"Nice";"06";"None";"None";"06088000KY0106";"None";"None";"16";"nan";"None";"nan";"None";"nan";"None";"None";"None";"None";"1";"4";"Local industriel. commercial ou assimilé";"36.0";"0.0";"None";"None";"None";"None";"nan";"7.261513";"43.701475";"000KY"
"2022-69652";"2022-12-02";"1";"Vente";"1060000.0";"19.0";"None";"AV AUBER";"0425";"06000";"06088";"Nice";"06";"None";"None";"06088000KY0106";"None";"None";"3";"nan";"None";"nan";"None";"nan";"None";"None";"None";"None";"1";"4";"Local industriel. commercial ou assimilé";"8.0";"0.0";"None";"None";"None";"None";"nan";"7.261513";"43.701475";"000KY"
"2022-69652";"2022-12-02";"2";"Vente";"1060000.0";"19.0";"None";"AV AUBER";"0425";"06000";"06088";"Nice";"06";"None";"None";"06088000KY0106";"None";"None";"2";"nan";"None";"nan";"None";"nan";"None";"None";"None";"None";"1";"4";"Local industriel. commercial ou assimilé";"8.0";"0.0";"None";"None";"None";"None";"nan";"7.261513";"43.701475";"000KY"
"2022-69652";"2022-12-02";"2";"Vente";"1060000.0";"19.0";"None";"AV AUBER";"0425";"06000";"06088";"Nice";"06";"None";"None";"06088000KY0106";"None";"None";"16";"34.43";"None";"nan";"None";"nan";"None";"None";"None";"None";"1";"4";"Local industriel. commercial ou assimilé";"36.0";"0.0";"None";"None";"None";"None";"nan";"7.261513";"43.701475";"000KY"
"2022-69652";"2022-12-02";"2";"Vente";"1060000.0";"19.0";"None";"AV AUBER";"0425";"06000";"06088";"Nice";"06";"None";"None";"06088000KY0106";"None";"None";"4";"nan";"None";"nan";"None";"nan";"None";"None";"None";"None";"1";"4";"Local industriel. commercial ou assimilé";"8.0";"0.0";"None";"None";"None";"None";"nan";"7.261513";"43.701475";"000KY"
"2022-69652";"2022-12-02";"2";"Vente";"1060000.0";"19.0";"None";"AV AUBER";"0425";"06000";"06088";"Nice";"06";"None";"None";"06088000KY0106";"None";"None";"3";"nan";"None";"nan";"None";"nan";"None";"None";"None";"None";"1";"4";"Local industriel. commercial ou assimilé";"8.0";"0.0";"None";"None";"None";"None";"nan";"7.261513";"43.701475";"000KY"
"2022-69652";"2022-12-02";"2";"Vente";"1060000.0";"19.0";"None";"AV AUBER";"0425";"06000";"06088";"Nice";"06";"None";"None";"06088000KY0106";"None";"None";"39";"nan";"None";"nan";"None";"nan";"None";"None";"None";"None";"1";"4";"Local industriel. commercial ou assimilé";"220.0";"0.0";"None";"None";"None";"None";"nan";"7.261513";"43.701475";"000KY"
"2022-69652";"2022-12-02";"2";"Vente";"1060000.0";"19.0";"None";"AV AUBER";"0425";"06000";"06088";"Nice";"06";"None";"None";"06088000KY0106";"None";"None";"1";"nan";"None";"nan";"None";"nan";"None";"None";"None";"None";"1";"4";"Local industriel. commercial ou assimilé";"8.0";"0.0";"None";"None";"None";"None";"nan";"7.261513";"43.701475";"000KY"
"2022-69732";"2022-12-01";"1";"Vente";"798000.0";"18.0";"None";"RUE GOUNOD";"2985";"06000";"06088";"Nice";"06";"None";"None";"06088000KY0128";"None";"None";"13";"nan";"None";"nan";"None";"nan";"None";"None";"None";"None";"1";"2";"Appartement";"125.0";"5.0";"None";"None";"None";"None";"nan";"7.260809";"43.700029";"000KY"
"2022-69732";"2022-12-01";"1";"Vente";"798000.0";"18.0";"None";"RUE GOUNOD";"2985";"06000";"06088";"Nice";"06";"None";"None";"06088000KY0128";"None";"None";"13";"nan";"None";"nan";"None";"nan";"None";"None";"None";"None";"1";"3";"Dépendance";"nan";"0.0";"None";"None";"None";"None";"nan";"7.260809";"43.700029";"000KY"
"2022-69732";"2022-12-01";"1";"Vente";"798000.0";"18.0";"None";"RUE GOUNOD";"2985";"06000";"06088";"Nice";"06";"None";"None";"06088000KY0128";"None";"None";"13";"nan";"None";"nan";"None";"nan";"None";"None";"None";"None";"1";"3";"Dépendance";"nan";"0.0";"None";"None";"None";"None";"nan";"7.260809";"43.700029";"000KY"
"2022-69279";"2022-11-30";"1";"Vente";"165000.0";"44.0";"None";"RUE ROSSINI";"5600";"06000";"06088";"Nice";"06";"None";"None";"06088000KY0027";"None";"None";"117";"nan";"92";"28.29";"None";"nan";"None";"None";"None";"None";"2";"2";"Appartement";"27.0";"1.0";"None";"None";"None";"None";"nan";"7.258248";"43.701081";"000KY"
"2022-70409";"2022-11-30";"1";"Vente";"420000.0";"30.0";"None";"RUE GOUNOD";"2985";"06000";"06088";"Nice";"06";"None";"None";"06088000KY0095";"None";"None";"146";"nan";"None";"nan";"None";"nan";"None";"None";"None";"None";"1";"2";"Appartement";"74.0";"3.0";"None";"None";"None";"None";"nan";"7.261213";"43.701137";"000KY"
"2022-69279";"2022-11-30";"1";"Vente";"165000.0";"44.0";"None";"RUE ROSSINI";"5600";"06000";"06088";"Nice";"06";"None";"None";"06088000KY0027";"None";"None";"117";"nan";"92";"28.29";"None";"nan";"None";"None";"None";"None";"2";"3";"Dépendance";"nan";"0.0";"None";"None";"None";"None";"nan";"7.258248";"43.701081";"000KY"
"2022-69898";"2022-11-30";"1";"Vente";"44000.0";"30.0";"None";"RUE GOUNOD";"2985";"06000";"06088";"Nice";"06";"None";"None";"06088000KY0095";"None";"None";"6";"nan";"None";"nan";"None";"nan";"None";"None";"None";"None";"1";"3";"Dépendance";"nan";"0.0";"None";"None";"None";"None";"nan";"7.261213";"43.701137";"000KY"
"2022-70409";"2022-11-30";"1";"Vente";"420000.0";"30.0";"None";"RUE GOUNOD";"2985";"06000";"06088";"Nice";"06";"None";"None";"06088000KY0095";"None";"None";"146";"nan";"None";"nan";"None";"nan";"None";"None";"None";"None";"1";"3";"Dépendance";"nan";"0.0";"None";"None";"None";"None";"nan";"7.261213";"43.701137";"000KY"
"2022-70065";"2022-11-30";"1";"Vente";"5700000.0";"17.0";"None";"AV AUBER";"0425";"06000";"06088";"Nice";"06";"None";"None";"06088000KY0105";"None";"None";"None";"nan";"None";"nan";"None";"nan";"None";"None";"None";"None";"0";"4";"Local industriel. commercial ou assimilé";"710.0";"0.0";"S";"sols";"None";"None";"481.0";"7.261434";"43.701132";"000KY"
"2022-69272";"2022-11-28";"1";"Vente";"440000.0";"19.0";"None";"RUE BERLIOZ";"0790";"06000";"06088";"Nice";"06";"None";"None";"06088000KY0153";"None";"None";"14";"nan";"32";"nan";"None";"nan";"None";"None";"None";"None";"2";"2";"Appartement";"61.0";"2.0";"None";"None";"None";"None";"nan";"7.259081";"43.700268";"000KY"
"2022-69944";"2022-11-28";"1";"Vente";"120000.0";"25.0";"None";"RUE HEROLD";"3235";"06000";"06088";"Nice";"06";"None";"None";"06088000KY0162";"None";"None";"146";"nan";"32";"nan";"None";"nan";"None";"None";"None";"None";"2";"2";"Appartement";"19.0";"1.0";"None";"None";"None";"None";"nan";"7.258351";"43.700062";"000KY"
"2022-69272";"2022-11-28";"1";"Vente";"440000.0";"19.0";"None";"RUE BERLIOZ";"0790";"06000";"06088";"Nice";"06";"None";"None";"06088000KY0153";"None";"None";"14";"nan";"32";"nan";"None";"nan";"None";"None";"None";"None";"2";"3";"Dépendance";"nan";"0.0";"None";"None";"None";"None";"nan";"7.259081";"43.700268";"000KY"
"2022-69272";"2022-11-28";"1";"Vente";"440000.0";"19.0";"None";"RUE BERLIOZ";"0790";"06000";"06088";"Nice";"06";"None";"None";"06088000KY0153";"None";"None";"51";"nan";"None";"nan";"None";"nan";"None";"None";"None";"None";"1";"3";"Dépendance";"nan";"0.0";"None";"None";"None";"None";"nan";"7.259081";"43.700268";"000KY"
"2022-69944";"2022-11-28";"1";"Vente";"120000.0";"25.0";"None";"RUE HEROLD";"3235";"06000";"06088";"Nice";"06";"None";"None";"06088000KY0162";"None";"None";"146";"nan";"32";"nan";"None";"nan";"None";"None";"None";"None";"2";"3";"Dépendance";"nan";"0.0";"None";"None";"None";"None";"nan";"7.258351";"43.700062";"000KY"
"2022-69838";"2022-11-28";"1";"Vente";"500000.0";"54.0";"None";"RUE ROSSINI";"5600";"06000";"06088";"Nice";"06";"None";"None";"06088000KY0010";"None";"None";"3";"nan";"33";"nan";"None";"nan";"None";"None";"None";"None";"2";"4";"Local industriel. commercial ou assimilé";"114.0";"0.0";"None";"None";"None";"None";"nan";"7.257002";"43.701069";"000KY"
"2022-69227";"2022-11-24";"1";"Vente";"162000.0";"35.0";"None";"RUE BERLIOZ";"0790";"06000";"06088";"Nice";"06";"None";"None";"06088000KY0052";"None";"None";"10";"nan";"None";"nan";"None";"nan";"None";"None";"None";"None";"1";"2";"Appartement";"31.0";"2.0";"None";"None";"None";"None";"nan";"7.259315";"43.701388";"000KY"
"2022-69103";"2022-11-24";"1";"Vente";"25000.0";"30.0";"None";"RUE GOUNOD";"2985";"06000";"06088";"Nice";"06";"None";"None";"06088000KY0095";"None";"None";"50";"nan";"None";"nan";"None";"nan";"None";"None";"None";"None";"1";"3";"Dépendance";"nan";"0.0";"None";"None";"None";"None";"nan";"7.261213";"43.701137";"000KY"
"2022-69437";"2022-11-24";"1";"Vente";"22000.0";"30.0";"None";"RUE GOUNOD";"2985";"06000";"06088";"Nice";"06";"None";"None";"06088000KY0095";"None";"None";"176";"nan";"None";"nan";"None";"nan";"None";"None";"None";"None";"1";"3";"Dépendance";"nan";"0.0";"None";"None";"None";"None";"nan";"7.261213";"43.701137";"000KY"
"2022-69672";"2022-11-23";"1";"Vente";"315000.0";"19.0";"None";"RUE BERLIOZ";"0790";"06000";"06088";"Nice";"06";"None";"None";"06088000KY0153";"None";"None";"76";"nan";"None";"nan";"None";"nan";"None";"None";"None";"None";"1";"2";"Appartement";"41.0";"3.0";"None";"None";"None";"None";"nan";"7.259081";"43.700268";"000KY"
"2022-69229";"2022-11-22";"1";"Vente";"270000.0";"30.0";"None";"RUE BERLIOZ";"0790";"06000";"06088";"Nice";"06";"None";"None";"06088000KY0075";"None";"None";"28";"nan";"56";"nan";"None";"nan";"None";"None";"None";"None";"2";"2";"Appartement";"58.0";"2.0";"None";"None";"None";"None";"nan";"7.259863";"43.701532";"000KY"
"2022-69229";"2022-11-22";"1";"Vente";"270000.0";"30.0";"None";"RUE BERLIOZ";"0790";"06000";"06088";"Nice";"06";"None";"None";"06088000KY0075";"None";"None";"28";"nan";"56";"nan";"None";"nan";"None";"None";"None";"None";"2";"3";"Dépendance";"nan";"0.0";"None";"None";"None";"None";"nan";"7.259863";"43.701532";"000KY"
"2022-69068";"2022-11-21";"1";"Vente";"387000.0";"32.0";"None";"RUE ROSSINI";"5600";"06000";"06088";"Nice";"06";"None";"None";"06088000KY0064";"None";"None";"24";"64.39";"9";"nan";"None";"nan";"None";"None";"None";"None";"2";"2";"Appartement";"65.0";"2.0";"None";"None";"None";"None";"nan";"7.259847";"43.700785";"000KY"
"2022-69892";"2022-11-21";"1";"Vente";"355000.0";"10.0";"None";"RUE VERDI";"6620";"06000";"06088";"Nice";"06";"None";"None";"06088000KY0123";"None";"None";"151";"nan";"None";"nan";"None";"nan";"None";"None";"None";"None";"1";"2";"Appartement";"63.0";"3.0";"None";"None";"None";"None";"nan";"7.261199";"43.69974";"000KY"
"2022-69068";"2022-11-21";"1";"Vente";"387000.0";"32.0";"None";"RUE ROSSINI";"5600";"06000";"06088";"Nice";"06";"None";"None";"06088000KY0064";"None";"None";"24";"64.39";"9";"nan";"None";"nan";"None";"None";"None";"None";"2";"3";"Dépendance";"nan";"0.0";"None";"None";"None";"None";"nan";"7.259847";"43.700785";"000KY"
"2022-69892";"2022-11-21";"1";"Vente";"355000.0";"10.0";"None";"RUE VERDI";"6620";"06000";"06088";"Nice";"06";"None";"None";"06088000KY0123";"None";"None";"109";"nan";"None";"nan";"None";"nan";"None";"None";"None";"None";"1";"3";"Dépendance";"nan";"0.0";"None";"None";"None";"None";"nan";"7.261199";"43.69974";"000KY"
"2022-69892";"2022-11-21";"1";"Vente";"355000.0";"10.0";"None";"RUE VERDI";"6620";"06000";"06088";"Nice";"06";"None";"None";"06088000KY0123";"None";"None";"110";"nan";"None";"nan";"None";"nan";"None";"None";"None";"None";"1";"3";"Dépendance";"nan";"0.0";"None";"None";"None";"None";"nan";"7.261199";"43.69974";"000KY"
"2022-69892";"2022-11-21";"1";"Vente";"355000.0";"10.0";"None";"RUE VERDI";"6620";"06000";"06088";"Nice";"06";"None";"None";"06088000KY0123";"None";"None";"151";"nan";"None";"nan";"None";"nan";"None";"None";"None";"None";"1";"4";"Local industriel. commercial ou assimilé";"100.0";"0.0";"None";"None";"None";"None";"nan";"7.261199";"43.69974";"000KY"
"2022-69892";"2022-11-21";"1";"Vente";"355000.0";"10.0";"None";"RUE VERDI";"6620";"06000";"06088";"Nice";"06";"None";"None";"06088000KY0123";"None";"None";"1";"nan";"None";"nan";"None";"nan";"None";"None";"None";"None";"1";"4";"Local industriel. commercial ou assimilé";"22.0";"0.0";"None";"None";"None";"None";"nan";"7.261199";"43.69974";"000KY"
"2022-68871";"2022-11-17";"1";"Vente";"144700.0";"1.0";"T";"RUE BERLIOZ";"0790";"06000";"06088";"Nice";"06";"None";"None";"06088000KY0242";"None";"None";"12";"nan";"47";"nan";"None";"nan";"None";"None";"None";"None";"2";"2";"Appartement";"32.0";"1.0";"None";"None";"None";"None";"nan";"7.258795";"43.698627";"000KY"
"2022-68704";"2022-11-16";"1";"Vente";"70000.0";"30.0";"None";"RUE GOUNOD";"2985";"06000";"06088";"Nice";"06";"None";"None";"06088000KY0095";"None";"None";"201";"nan";"None";"nan";"None";"nan";"None";"None";"None";"None";"1";"3";"Dépendance";"nan";"0.0";"None";"None";"None";"None";"nan";"7.261213";"43.701137";"000KY"
"2022-68704";"2022-11-16";"1";"Vente";"70000.0";"30.0";"None";"RUE GOUNOD";"2985";"06000";"06088";"Nice";"06";"None";"None";"06088000KY0095";"None";"None";"197";"nan";"None";"nan";"None";"nan";"None";"None";"None";"None";"1";"3";"Dépendance";"nan";"0.0";"None";"None";"None";"None";"nan";"7.261213";"43.701137";"000KY"
"2022-68453";"2022-11-10";"1";"Vente";"479000.0";"26.0";"None";"RUE VERDI";"6620";"06000";"06088";"Nice";"06";"None";"None";"06088000KY0323";"None";"None";"26";"nan";"6";"nan";"None";"nan";"None";"None";"None";"None";"2";"2";"Appartement";"80.0";"3.0";"None";"None";"None";"None";"nan";"7.258913";"43.699791";"000KY"
"2022-68678";"2022-11-10";"1";"Vente";"82000.0";"25.0";"None";"RUE HEROLD";"3235";"06000";"06088";"Nice";"06";"None";"None";"06088000KY0162";"None";"None";"12";"nan";"153";"20.7";"None";"nan";"None";"None";"None";"None";"2";"2";"Appartement";"20.0";"1.0";"None";"None";"None";"None";"nan";"7.258351";"43.700062";"000KY"
"2022-69055";"2022-11-10";"1";"Vente";"123000.0";"7.0";"None";"RUE BERLIOZ";"0790";"06000";"06088";"Nice";"06";"None";"None";"06088000KY0226";"None";"None";"44";"22.0";"None";"nan";"None";"nan";"None";"None";"None";"None";"1";"2";"Appartement";"22.0";"1.0";"None";"None";"None";"None";"nan";"7.258967";"43.699296";"000KY"
"2022-68453";"2022-11-10";"1";"Vente";"479000.0";"26.0";"None";"RUE VERDI";"6620";"06000";"06088";"Nice";"06";"None";"None";"06088000KY0323";"None";"None";"26";"nan";"6";"nan";"None";"nan";"None";"None";"None";"None";"2";"3";"Dépendance";"nan";"0.0";"None";"None";"None";"None";"nan";"7.258913";"43.699791";"000KY"
"2022-68678";"2022-11-10";"1";"Vente";"82000.0";"25.0";"None";"RUE HEROLD";"3235";"06000";"06088";"Nice";"06";"None";"None";"06088000KY0162";"None";"None";"12";"nan";"153";"20.7";"None";"nan";"None";"None";"None";"None";"2";"3";"Dépendance";"nan";"0.0";"None";"None";"None";"None";"nan";"7.258351";"43.700062";"000KY"
"2022-68720";"2022-11-09";"1";"Vente";"160000.0";"3.0";"None";"RUE BERLIOZ";"0790";"06000";"06088";"Nice";"06";"None";"None";"06088000KY0243";"None";"None";"4";"nan";"None";"nan";"None";"nan";"None";"None";"None";"None";"1";"2";"Appartement";"50.0";"2.0";"None";"None";"None";"None";"nan";"7.258898";"43.698691";"000KY"
"2022-68786";"2022-11-09";"1";"Vente";"185250.0";"32.0";"None";"RUE BERLIOZ";"0790";"06000";"06088";"Nice";"06";"None";"None";"06088000KY0076";"None";"None";"143";"nan";"75";"nan";"None";"nan";"None";"None";"None";"None";"2";"2";"Appartement";"28.0";"1.0";"None";"None";"None";"None";"nan";"7.259888";"43.701741";"000KY"
"2022-68720";"2022-11-09";"1";"Vente";"160000.0";"3.0";"None";"RUE BERLIOZ";"0790";"06000";"06088";"Nice";"06";"None";"None";"06088000KY0243";"None";"None";"4";"nan";"None";"nan";"None";"nan";"None";"None";"None";"None";"1";"3";"Dépendance";"nan";"0.0";"None";"None";"None";"None";"nan";"7.258898";"43.698691";"000KY"
"2022-68786";"2022-11-09";"1";"Vente";"185250.0";"32.0";"None";"RUE BERLIOZ";"0790";"06000";"06088";"Nice";"06";"None";"None";"06088000KY0076";"None";"None";"143";"nan";"75";"nan";"None";"nan";"None";"None";"None";"None";"2";"3";"Dépendance";"nan";"0.0";"None";"None";"None";"None";"nan";"7.259888";"43.701741";"000KY"
"2022-68720";"2022-11-09";"1";"Vente";"160000.0";"3.0";"None";"RUE BERLIOZ";"0790";"06000";"06088";"Nice";"06";"None";"None";"06088000KY0243";"None";"None";"1";"nan";"None";"nan";"None";"nan";"None";"None";"None";"None";"1";"4";"Local industriel. commercial ou assimilé";"33.0";"0.0";"None";"None";"None";"None";"nan";"7.258898";"43.698691";"000KY"
"2022-68011";"2022-11-07";"1";"Vente";"155000.0";"10.0";"None";"RUE VERDI";"6620";"06000";"06088";"Nice";"06";"None";"None";"06088000KY0123";"None";"None";"26";"27.0";"None";"nan";"None";"nan";"None";"None";"None";"None";"1";"2";"Appartement";"25.0";"1.0";"None";"None";"None";"None";"nan";"7.261199";"43.69974";"000KY"
"2022-68011";"2022-11-07";"1";"Vente";"155000.0";"10.0";"None";"RUE VERDI";"6620";"06000";"06088";"Nice";"06";"None";"None";"06088000KY0123";"None";"None";"26";"27.0";"None";"nan";"None";"nan";"None";"None";"None";"None";"1";"3";"Dépendance";"nan";"0.0";"None";"None";"None";"None";"nan";"7.261199";"43.69974";"000KY"
"2022-68374";"2022-11-04";"1";"Vente en l'état futur d'achèvement";"746000.0";"nan";"None";"RUE BERLIOZ";"0790";"06000";"06088";"Nice";"06";"None";"None";"06088000KY0308";"None";"None";"27";"nan";"None";"nan";"None";"nan";"None";"None";"None";"None";"1";"None";"None";"nan";"nan";"None";"None";"None";"None";"nan";"7.259838";"43.701246";"000KY"
"2022-68374";"2022-11-04";"1";"Vente en l'état futur d'achèvement";"746000.0";"nan";"None";"RUE BERLIOZ";"0790";"06000";"06088";"Nice";"06";"None";"None";"06088000KY0308";"None";"None";"23";"nan";"None";"nan";"None";"nan";"None";"None";"None";"None";"1";"None";"None";"nan";"nan";"None";"None";"None";"None";"nan";"7.259838";"43.701246";"000KY"
"2022-68169";"2022-11-03";"1";"Vente";"95000.0";"24.0";"None";"RUE HEROLD";"3235";"06000";"06088";"Nice";"06";"None";"None";"06088000KY0158";"None";"None";"234";"nan";"None";"nan";"None";"nan";"None";"None";"None";"None";"1";"2";"Appartement";"14.0";"1.0";"None";"None";"None";"None";"nan";"7.258773";"43.700099";"000KY"
"2022-68105";"2022-11-02";"1";"Vente";"217500.0";"10.0";"None";"RUE VERDI";"6620";"06000";"06088";"Nice";"06";"None";"None";"06088000KY0123";"None";"None";"93";"nan";"None";"nan";"None";"nan";"None";"None";"None";"None";"1";"2";"Appartement";"27.0";"2.0";"None";"None";"None";"None";"nan";"7.261199";"43.69974";"000KY"
"2022-67549";"2022-10-28";"1";"Vente";"820000.0";"34.0";"None";"BD GAMBETTA";"2755";"06000";"06088";"Nice";"06";"None";"None";"06088000KY0210";"None";"None";"28";"nan";"4";"nan";"None";"nan";"None";"None";"None";"None";"2";"2";"Appartement";"122.0";"5.0";"None";"None";"None";"None";"nan";"7.256488";"43.699005";"000KY"
"2022-67836";"2022-10-28";"1";"Vente";"250000.0";"16.0";"None";"RUE VERDI";"6620";"06000";"06088";"Nice";"06";"None";"None";"06088000KY0131";"None";"None";"15";"nan";"26";"nan";"None";"nan";"None";"None";"None";"None";"2";"2";"Appartement";"57.0";"2.0";"None";"None";"None";"None";"nan";"7.260538";"43.699765";"000KY"
"2022-68578";"2022-10-28";"1";"Vente";"304220.0";"47.0";"None";"AV G CLEMENCEAU";"2880";"06000";"06088";"Nice";"06";"None";"None";"06088000KY0076";"None";"None";"47";"nan";"93";"nan";"None";"nan";"None";"None";"None";"None";"2";"2";"Appartement";"74.0";"3.0";"None";"None";"None";"None";"nan";"7.259888";"43.701741";"000KY"
"2022-67549";"2022-10-28";"1";"Vente";"820000.0";"34.0";"None";"BD GAMBETTA";"2755";"06000";"06088";"Nice";"06";"None";"None";"06088000KY0210";"None";"None";"28";"nan";"4";"nan";"None";"nan";"None";"None";"None";"None";"2";"3";"Dépendance";"nan";"0.0";"None";"None";"None";"None";"nan";"7.256488";"43.699005";"000KY"
"2022-67549";"2022-10-28";"1";"Vente";"820000.0";"34.0";"None";"BD GAMBETTA";"2755";"06000";"06088";"Nice";"06";"None";"None";"06088000KY0210";"None";"None";"49";"nan";"None";"nan";"None";"nan";"None";"None";"None";"None";"1";"3";"Dépendance";"nan";"0.0";"None";"None";"None";"None";"nan";"7.256488";"43.699005";"000KY"
"2022-68578";"2022-10-28";"1";"Vente";"304220.0";"47.0";"None";"AV G CLEMENCEAU";"2880";"06000";"06088";"Nice";"06";"None";"None";"06088000KY0076";"None";"None";"47";"nan";"93";"nan";"None";"nan";"None";"None";"None";"None";"2";"3";"Dépendance";"nan";"0.0";"None";"None";"None";"None";"nan";"7.259888";"43.701741";"000KY"
"2022-68152";"2022-10-26";"1";"Vente";"252000.0";"44.0";"None";"RUE ROSSINI";"5600";"06000";"06088";"Nice";"06";"None";"None";"06088000KY0027";"None";"None";"142";"nan";"None";"nan";"None";"nan";"None";"None";"None";"None";"1";"2";"Appartement";"58.0";"2.0";"None";"None";"None";"None";"nan";"7.258248";"43.701081";"000KY"
"2022-68152";"2022-10-26";"1";"Vente";"252000.0";"44.0";"None";"RUE ROSSINI";"5600";"06000";"06088";"Nice";"06";"None";"None";"06088000KY0027";"None";"None";"142";"nan";"None";"nan";"None";"nan";"None";"None";"None";"None";"1";"3";"Dépendance";"nan";"0.0";"None";"None";"None";"None";"nan";"7.258248";"43.701081";"000KY"
"2022-67946";"2022-10-26";"1";"Vente";"51000.0";"30.0";"None";"RUE BERLIOZ";"0790";"06000";"06088";"Nice";"06";"None";"None";"06088000KY0075";"None";"None";"45";"nan";"None";"nan";"None";"nan";"None";"None";"None";"None";"1";"4";"Local industriel. commercial ou assimilé";"66.0";"0.0";"None";"None";"None";"None";"nan";"7.259863";"43.701532";"000KY"
"2022-68152";"2022-10-26";"1";"Vente";"252000.0";"26.0";"None";"RUE GUIGLIA";"3090";"06000";"06088";"Nice";"06";"None";"None";"06088000KY0027";"None";"None";"202";"nan";"None";"nan";"None";"nan";"None";"None";"None";"None";"1";"4";"Local industriel. commercial ou assimilé";"18.0";"0.0";"None";"None";"None";"None";"nan";"7.258248";"43.701081";"000KY"
"2022-68152";"2022-10-26";"1";"Vente";"252000.0";"26.0";"None";"RUE GUIGLIA";"3090";"06000";"06088";"Nice";"06";"None";"None";"06088000KY0027";"None";"None";"231";"nan";"None";"nan";"None";"nan";"None";"None";"None";"None";"1";"4";"Local industriel. commercial ou assimilé";"56.0";"0.0";"None";"None";"None";"None";"nan";"7.258248";"43.701081";"000KY"
"2022-68044";"2022-10-25";"1";"Vente";"385000.0";"5.0";"None";"RUE BERLIOZ";"0790";"06000";"06088";"Nice";"06";"None";"None";"06088000KY0232";"None";"None";"6";"87.29";"None";"nan";"None";"nan";"None";"None";"None";"None";"1";"2";"Appartement";"90.0";"4.0";"None";"None";"None";"None";"nan";"7.258864";"43.698997";"000KY"
"2022-68269";"2022-10-25";"1";"Vente";"231000.0";"1.0";"B";"RUE BERLIOZ";"0790";"06000";"06088";"Nice";"06";"None";"None";"06088000KY0241";"None";"None";"20";"nan";"4";"36.06";"None";"nan";"None";"None";"None";"None";"2";"2";"Appartement";"30.0";"1.0";"None";"None";"None";"None";"nan";"7.258899";"43.698604";"000KY"
"2022-68276";"2022-10-25";"1";"Vente";"170000.0";"32.0";"None";"RUE VERDI";"6620";"06000";"06088";"Nice";"06";"None";"None";"06088000KY0161";"None";"None";"31";"nan";"None";"nan";"None";"nan";"None";"None";"None";"None";"1";"2";"Appartement";"42.0";"1.0";"None";"None";"None";"None";"nan";"7.258345";"43.699817";"000KY"
"2022-68269";"2022-10-25";"1";"Vente";"231000.0";"1.0";"B";"RUE BERLIOZ";"0790";"06000";"06088";"Nice";"06";"None";"None";"06088000KY0241";"None";"None";"20";"nan";"4";"36.06";"None";"nan";"None";"None";"None";"None";"2";"3";"Dépendance";"nan";"0.0";"None";"None";"None";"None";"nan";"7.258899";"43.698604";"000KY"
"2022-67972";"2022-10-24";"1";"Vente";"594000.0";"18.0";"None";"AV AUBER";"0425";"06000";"06088";"Nice";"06";"None";"None";"06088000KY0110";"None";"None";"147";"nan";"90";"nan";"None";"nan";"None";"None";"None";"None";"2";"2";"Appartement";"88.0";"3.0";"None";"None";"None";"None";"nan";"7.261844";"43.701172";"000KY"
"2022-67972";"2022-10-24";"1";"Vente";"594000.0";"18.0";"None";"AV AUBER";"0425";"06000";"06088";"Nice";"06";"None";"None";"06088000KY0110";"None";"None";"9";"nan";"None";"nan";"None";"nan";"None";"None";"None";"None";"1";"3";"Dépendance";"nan";"0.0";"None";"None";"None";"None";"nan";"7.261844";"43.701172";"000KY"
"2022-67972";"2022-10-24";"1";"Vente";"594000.0";"18.0";"None";"AV AUBER";"0425";"06000";"06088";"Nice";"06";"None";"None";"06088000KY0110";"None";"None";"147";"nan";"90";"nan";"None";"nan";"None";"None";"None";"None";"2";"3";"Dépendance";"nan";"0.0";"None";"None";"None";"None";"nan";"7.261844";"43.701172";"000KY"
"2022-67360";"2022-10-19";"1";"Vente";"536250.0";"11.0";"B";"AV BAQUIS";"0545";"06000";"06088";"Nice";"06";"None";"None";"06088000KY0115";"None";"None";"17";"nan";"32";"nan";"None";"nan";"None";"None";"None";"None";"2";"2";"Appartement";"91.0";"5.0";"None";"None";"None";"None";"nan";"7.262051";"43.700178";"000KY"
"2022-67360";"2022-10-19";"1";"Vente";"536250.0";"11.0";"B";"AV BAQUIS";"0545";"06000";"06088";"Nice";"06";"None";"None";"06088000KY0115";"None";"None";"17";"nan";"32";"nan";"None";"nan";"None";"None";"None";"None";"2";"3";"Dépendance";"nan";"0.0";"None";"None";"None";"None";"nan";"7.262051";"43.700178";"000KY"
"2022-67301";"2022-10-18";"1";"Vente";"262500.0";"15.0";"None";"RUE VERDI";"6620";"06000";"06088";"Nice";"06";"None";"None";"06088000KY0255";"None";"None";"17";"nan";"82";"nan";"None";"nan";"None";"None";"None";"None";"2";"2";"Appartement";"75.0";"3.0";"None";"None";"None";"None";"nan";"7.259982";"43.699381";"000KY"
"2022-68183";"2022-10-18";"1";"Vente";"150000.0";"4.0";"None";"RUE GUIGLIA";"3090";"06000";"06088";"Nice";"06";"None";"None";"06088000KY0215";"None";"None";"50";"nan";"None";"nan";"None";"nan";"None";"None";"None";"None";"1";"2";"Appartement";"23.0";"1.0";"None";"None";"None";"None";"nan";"7.257985";"43.698779";"000KY"
"2022-67301";"2022-10-18";"1";"Vente";"262500.0";"15.0";"None";"RUE VERDI";"6620";"06000";"06088";"Nice";"06";"None";"None";"06088000KY0255";"None";"None";"17";"nan";"82";"nan";"None";"nan";"None";"None";"None";"None";"2";"3";"Dépendance";"nan";"0.0";"None";"None";"None";"None";"nan";"7.259982";"43.699381";"000KY"
"2022-67376";"2022-10-17";"1";"Vente";"156000.0";"25.0";"None";"RUE HEROLD";"3235";"06000";"06088";"Nice";"06";"None";"None";"06088000KY0162";"None";"None";"144";"23.98";"26";"nan";"None";"nan";"None";"None";"None";"None";"2";"2";"Appartement";"25.0";"1.0";"None";"None";"None";"None";"nan";"7.258351";"43.700062";"000KY"
"2022-67376";"2022-10-17";"1";"Vente";"156000.0";"25.0";"None";"RUE HEROLD";"3235";"06000";"06088";"Nice";"06";"None";"None";"06088000KY0162";"None";"None";"144";"23.98";"26";"nan";"None";"nan";"None";"None";"None";"None";"2";"3";"Dépendance";"nan";"0.0";"None";"None";"None";"None";"nan";"7.258351";"43.700062";"000KY"
"2022-66971";"2022-10-14";"1";"Vente";"600530.0";"39.0";"None";"RUE VERDI";"6620";"06000";"06088";"Nice";"06";"None";"None";"06088000KY0199";"None";"None";"26";"nan";"48";"102.88";"None";"nan";"None";"None";"None";"None";"2";"2";"Appartement";"102.0";"3.0";"None";"None";"None";"None";"nan";"7.257033";"43.699385";"000KY"
"2022-66971";"2022-10-14";"1";"Vente";"600530.0";"39.0";"None";"RUE VERDI";"6620";"06000";"06088";"Nice";"06";"None";"None";"06088000KY0199";"None";"None";"26";"nan";"48";"102.88";"None";"nan";"None";"None";"None";"None";"2";"3";"Dépendance";"nan";"0.0";"None";"None";"None";"None";"nan";"7.257033";"43.699385";"000KY"
"2022-67574";"2022-10-13";"1";"Vente";"480000.0";"7.0";"None";"RUE VERDI";"6620";"06000";"06088";"Nice";"06";"None";"None";"06088000KY0267";"None";"None";"1";"nan";"31";"nan";"None";"nan";"None";"None";"None";"None";"2";"2";"Appartement";"63.0";"3.0";"None";"None";"None";"None";"nan";"7.261096";"43.699434";"000KY"
"2022-67574";"2022-10-13";"1";"Vente";"480000.0";"7.0";"None";"RUE VERDI";"6620";"06000";"06088";"Nice";"06";"None";"None";"06088000KY0267";"None";"None";"1";"nan";"31";"nan";"None";"nan";"None";"None";"None";"None";"2";"3";"Dépendance";"nan";"0.0";"None";"None";"None";"None";"nan";"7.261096";"43.699434";"000KY"
"2022-67252";"2022-10-12";"1";"Vente";"392000.0";"18.0";"None";"RUE GUIGLIA";"3090";"06000";"06088";"Nice";"06";"None";"None";"06088000KY0167";"None";"None";"36";"nan";"5";"nan";"None";"nan";"None";"None";"None";"None";"2";"2";"Appartement";"80.0";"3.0";"None";"None";"None";"None";"nan";"7.258148";"43.700464";"000KY"
"2022-67252";"2022-10-12";"1";"Vente";"392000.0";"18.0";"None";"RUE GUIGLIA";"3090";"06000";"06088";"Nice";"06";"None";"None";"06088000KY0167";"None";"None";"36";"nan";"5";"nan";"None";"nan";"None";"None";"None";"None";"2";"3";"Dépendance";"nan";"0.0";"None";"None";"None";"None";"nan";"7.258148";"43.700464";"000KY"
"2022-67110";"2022-10-11";"1";"Vente";"245000.0";"26.0";"None";"RUE GUIGLIA";"3090";"06000";"06088";"Nice";"06";"None";"None";"06088000KY0027";"None";"None";"124";"nan";"48";"nan";"None";"nan";"None";"None";"None";"None";"2";"2";"Appartement";"50.0";"2.0";"None";"None";"None";"None";"nan";"7.258248";"43.701081";"000KY"
"2022-67110";"2022-10-11";"1";"Vente";"245000.0";"26.0";"None";"RUE GUIGLIA";"3090";"06000";"06088";"Nice";"06";"None";"None";"06088000KY0027";"None";"None";"124";"nan";"48";"nan";"None";"nan";"None";"None";"None";"None";"2";"3";"Dépendance";"nan";"0.0";"None";"None";"None";"None";"nan";"7.258248";"43.701081";"000KY"
"2022-67442";"2022-10-10";"1";"Vente";"35000.0";"30.0";"None";"RUE GOUNOD";"2985";"06000";"06088";"Nice";"06";"None";"None";"06088000KY0095";"None";"None";"13";"nan";"None";"nan";"None";"nan";"None";"None";"None";"None";"1";"3";"Dépendance";"nan";"0.0";"None";"None";"None";"None";"nan";"7.261213";"43.701137";"000KY"
"2022-66941";"2022-10-07";"1";"Vente";"265000.0";"20.0";"None";"RUE BERLIOZ";"0790";"06000";"06088";"Nice";"06";"None";"None";"06088000KY0143";"None";"None";"16";"nan";"34";"58.51";"None";"nan";"None";"None";"None";"None";"2";"2";"Appartement";"67.0";"2.0";"None";"None";"None";"None";"nan";"7.259713";"43.700341";"000KY"
"2022-66941";"2022-10-07";"1";"Vente";"265000.0";"20.0";"None";"RUE BERLIOZ";"0790";"06000";"06088";"Nice";"06";"None";"None";"06088000KY0143";"None";"None";"16";"nan";"34";"58.51";"None";"nan";"None";"None";"None";"None";"2";"3";"Dépendance";"nan";"0.0";"None";"None";"None";"None";"nan";"7.259713";"43.700341";"000KY"
"2022-71682";"2022-10-06";"1";"Adjudication";"93000.0";"62.0";"None";"BD GAMBETTA";"2755";"06000";"06088";"Nice";"06";"None";"None";"06088000KY0001";"None";"None";"52";"nan";"None";"nan";"None";"nan";"None";"None";"None";"None";"1";"2";"Appartement";"29.0";"1.0";"None";"None";"None";"None";"nan";"7.256638";"43.701528";"000KY"
"2022-66894";"2022-10-06";"1";"Vente";"28000.0";"62.0";"None";"BD GAMBETTA";"2755";"06000";"06088";"Nice";"06";"None";"None";"06088000KY0001";"None";"None";"142";"nan";"None";"nan";"None";"nan";"None";"None";"None";"None";"1";"3";"Dépendance";"nan";"0.0";"None";"None";"None";"None";"nan";"7.256638";"43.701528";"000KY"
"2022-71682";"2022-10-06";"1";"Adjudication";"93000.0";"62.0";"None";"BD GAMBETTA";"2755";"06000";"06088";"Nice";"06";"None";"None";"06088000KY0001";"None";"None";"171";"nan";"None";"nan";"None";"nan";"None";"None";"None";"None";"1";"3";"Dépendance";"nan";"0.0";"None";"None";"None";"None";"nan";"7.256638";"43.701528";"000KY"
"2022-66879";"2022-10-05";"1";"Vente";"229000.0";"39.0";"None";"RUE BERLIOZ";"0790";"06000";"06088";"Nice";"06";"None";"None";"06088000KY0050";"None";"None";"19";"nan";"None";"nan";"None";"nan";"None";"None";"None";"None";"1";"2";"Appartement";"66.0";"3.0";"None";"None";"None";"None";"nan";"7.259334";"43.70158";"000KY"
"2022-66879";"2022-10-05";"1";"Vente";"229000.0";"39.0";"None";"RUE BERLIOZ";"0790";"06000";"06088";"Nice";"06";"None";"None";"06088000KY0050";"None";"None";"19";"nan";"None";"nan";"None";"nan";"None";"None";"None";"None";"1";"3";"Dépendance";"nan";"0.0";"None";"None";"None";"None";"nan";"7.259334";"43.70158";"000KY"
"2022-66222";"2022-10-04";"1";"Vente";"128000.0";"26.0";"None";"RUE ROSSINI";"5600";"06000";"06088";"Nice";"06";"None";"None";"06088000KY0313";"None";"None";"27";"nan";"None";"nan";"None";"nan";"None";"None";"None";"None";"1";"2";"Appartement";"30.0";"1.0";"None";"None";"None";"None";"nan";"7.260284";"43.700785";"000KY"
"2022-67120";"2022-10-04";"1";"Vente";"80000.0";"52.0";"None";"RUE ROSSINI";"5600";"06000";"06088";"Nice";"06";"None";"None";"06088000KY0024";"None";"None";"31";"nan";"5";"nan";"None";"nan";"None";"None";"None";"None";"2";"2";"Appartement";"29.0";"1.0";"None";"None";"None";"None";"nan";"7.257306";"43.700971";"000KY"
"2022-67471";"2022-10-04";"1";"Vente";"890000.0";"39.0";"None";"RUE ROSSINI";"5600";"06000";"06088";"Nice";"06";"None";"None";"06088000KY0314";"None";"None";"24";"nan";"None";"nan";"None";"nan";"None";"None";"None";"None";"1";"2";"Appartement";"108.0";"4.0";"None";"None";"None";"None";"nan";"7.260781";"43.700325";"000KY"
"2022-67120";"2022-10-04";"1";"Vente";"80000.0";"52.0";"None";"RUE ROSSINI";"5600";"06000";"06088";"Nice";"06";"None";"None";"06088000KY0024";"None";"None";"31";"nan";"5";"nan";"None";"nan";"None";"None";"None";"None";"2";"3";"Dépendance";"nan";"0.0";"None";"None";"None";"None";"nan";"7.257306";"43.700971";"000KY"
"2022-67471";"2022-10-04";"1";"Vente";"890000.0";"39.0";"None";"RUE ROSSINI";"5600";"06000";"06088";"Nice";"06";"None";"None";"06088000KY0314";"None";"None";"30";"nan";"None";"nan";"None";"nan";"None";"None";"None";"None";"1";"3";"Dépendance";"nan";"0.0";"None";"None";"None";"None";"nan";"7.260781";"43.700325";"000KY"
"2022-67471";"2022-10-04";"1";"Vente";"890000.0";"39.0";"None";"RUE ROSSINI";"5600";"06000";"06088";"Nice";"06";"None";"None";"06088000KY0314";"None";"None";"24";"nan";"None";"nan";"None";"nan";"None";"None";"None";"None";"1";"3";"Dépendance";"nan";"0.0";"None";"None";"None";"None";"nan";"7.260781";"43.700325";"000KY"
"2022-67471";"2022-10-04";"1";"Vente";"890000.0";"39.0";"None";"RUE ROSSINI";"5600";"06000";"06088";"Nice";"06";"None";"None";"06088000KY0314";"None";"None";"24";"nan";"None";"nan";"None";"nan";"None";"None";"None";"None";"1";"3";"Dépendance";"nan";"0.0";"None";"None";"None";"None";"nan";"7.260781";"43.700325";"000KY"
"2022-66513";"2022-10-03";"1";"Vente";"34000.0";"36.0";"None";"RUE HEROLD";"3235";"06000";"06088";"Nice";"06";"None";"None";"06088000KY0057";"None";"None";"53";"nan";"None";"nan";"None";"nan";"None";"None";"None";"None";"1";"3";"Dépendance";"nan";"0.0";"None";"None";"None";"None";"nan";"7.259139";"43.700904";"000KY"
"2022-67667";"2022-10-03";"1";"Vente";"54500.0";"22.0";"None";"RUE HEROLD";"3235";"06000";"06088";"Nice";"06";"None";"None";"06088000KY0158";"None";"None";"105";"nan";"None";"nan";"None";"nan";"None";"None";"None";"None";"1";"3";"Dépendance";"nan";"0.0";"None";"None";"None";"None";"nan";"7.258773";"43.700099";"000KY"
"2022-66025";"2022-09-30";"1";"Vente";"740000.0";"30.0";"None";"RUE ROSSINI";"5600";"06000";"06088";"Nice";"06";"None";"None";"06088000KY0065";"None";"None";"29";"nan";"None";"nan";"None";"nan";"None";"None";"None";"None";"1";"2";"Appartement";"106.0";"5.0";"None";"None";"None";"None";"nan";"7.260041";"43.700758";"000KY"
"2022-66151";"2022-09-30";"1";"Vente";"130000.0";"45.0";"None";"AV THIERS";"6400";"06000";"06088";"Nice";"06";"None";"None";"06088000KY0004";"None";"None";"39";"nan";"68";"nan";"None";"nan";"None";"None";"None";"None";"2";"2";"Appartement";"34.0";"1.0";"None";"None";"None";"None";"nan";"7.257224";"43.701822";"000KY"
"2022-66642";"2022-09-30";"1";"Vente";"519000.0";"16.0";"None";"RUE AMIRAL DE GRASSE";"0170";"06000";"06088";"Nice";"06";"None";"None";"06088000KY0015";"None";"None";"103";"nan";"None";"nan";"None";"nan";"None";"None";"None";"None";"1";"2";"Appartement";"84.0";"2.0";"None";"None";"None";"None";"nan";"7.257347";"43.701401";"000KY"
"2022-66719";"2022-09-30";"1";"Vente";"114000.0";"25.0";"None";"RUE HEROLD";"3235";"06000";"06088";"Nice";"06";"None";"None";"06088000KY0162";"None";"None";"165";"nan";"20";"nan";"None";"nan";"None";"None";"None";"None";"2";"2";"Appartement";"22.0";"1.0";"None";"None";"None";"None";"nan";"7.258351";"43.700062";"000KY"
"2022-66740";"2022-09-30";"1";"Vente";"226840.0";"18.0";"None";"RUE GUIGLIA";"3090";"06000";"06088";"Nice";"06";"None";"None";"06088000KY0167";"None";"None";"24";"nan";"None";"nan";"None";"nan";"None";"None";"None";"None";"1";"2";"Appartement";"37.0";"2.0";"None";"None";"None";"None";"nan";"7.258148";"43.700464";"000KY"
"2022-67362";"2022-09-30";"1";"Vente";"435050.0";"39.0";"None";"RUE VERDI";"6620";"06000";"06088";"Nice";"06";"None";"None";"06088000KY0199";"None";"None";"1";"nan";"30";"nan";"None";"nan";"None";"None";"None";"None";"2";"2";"Appartement";"67.0";"3.0";"None";"None";"None";"None";"nan";"7.257033";"43.699385";"000KY"
"2022-66151";"2022-09-30";"1";"Vente";"130000.0";"45.0";"None";"AV THIERS";"6400";"06000";"06088";"Nice";"06";"None";"None";"06088000KY0004";"None";"None";"39";"nan";"68";"nan";"None";"nan";"None";"None";"None";"None";"2";"3";"Dépendance";"nan";"0.0";"None";"None";"None";"None";"nan";"7.257224";"43.701822";"000KY"
"2022-66642";"2022-09-30";"1";"Vente";"519000.0";"16.0";"None";"RUE AMIRAL DE GRASSE";"0170";"06000";"06088";"Nice";"06";"None";"None";"06088000KY0015";"None";"None";"103";"nan";"None";"nan";"None";"nan";"None";"None";"None";"None";"1";"3";"Dépendance";"nan";"0.0";"None";"None";"None";"None";"nan";"7.257347";"43.701401";"000KY"
"2022-66719";"2022-09-30";"1";"Vente";"114000.0";"25.0";"None";"RUE HEROLD";"3235";"06000";"06088";"Nice";"06";"None";"None";"06088000KY0162";"None";"None";"165";"nan";"20";"nan";"None";"nan";"None";"None";"None";"None";"2";"3";"Dépendance";"nan";"0.0";"None";"None";"None";"None";"nan";"7.258351";"43.700062";"000KY"
"2022-67362";"2022-09-30";"1";"Vente";"435050.0";"39.0";"None";"RUE VERDI";"6620";"06000";"06088";"Nice";"06";"None";"None";"06088000KY0199";"None";"None";"1";"nan";"30";"nan";"None";"nan";"None";"None";"None";"None";"2";"3";"Dépendance";"nan";"0.0";"None";"None";"None";"None";"nan";"7.257033";"43.699385";"000KY"
"2022-66463";"2022-09-29";"1";"Vente en l'état futur d'achèvement";"827000.0";"nan";"None";"RUE BERLIOZ";"0790";"06000";"06088";"Nice";"06";"None";"None";"06088000KY0308";"None";"None";"36";"nan";"None";"nan";"None";"nan";"None";"None";"None";"None";"1";"None";"None";"nan";"nan";"None";"None";"None";"None";"nan";"7.259838";"43.701246";"000KY"
"2022-66463";"2022-09-29";"1";"Vente en l'état futur d'achèvement";"827000.0";"nan";"None";"RUE BERLIOZ";"0790";"06000";"06088";"Nice";"06";"None";"None";"06088000KY0308";"None";"None";"2";"nan";"None";"nan";"None";"nan";"None";"None";"None";"None";"1";"None";"None";"nan";"nan";"None";"None";"None";"None";"nan";"7.259838";"43.701246";"000KY"
"2022-65857";"2022-09-28";"1";"Vente";"480000.0";"59.0";"None";"RUE ROSSINI";"5600";"06000";"06088";"Nice";"06";"None";"None";"06088000KY0166";"None";"None";"27";"nan";"79";"nan";"None";"nan";"None";"None";"None";"None";"2";"2";"Appartement";"42.0";"2.0";"None";"None";"None";"None";"nan";"7.258158";"43.700614";"000KY"
"2022-65900";"2022-09-28";"1";"Vente";"100000.0";"38.0";"None";"RUE HEROLD";"3235";"06000";"06088";"Nice";"06";"None";"None";"06088000KY0285";"None";"None";"3";"nan";"None";"nan";"None";"nan";"None";"None";"None";"None";"1";"2";"Appartement";"35.0";"1.0";"None";"None";"None";"None";"nan";"7.259059";"43.701088";"000KY"
"2022-66231";"2022-09-28";"1";"Vente";"359750.0";"15.0";"None";"RUE VERDI";"6620";"06000";"06088";"Nice";"06";"None";"None";"06088000KY0255";"None";"None";"118";"nan";"59";"nan";"None";"nan";"None";"None";"None";"None";"2";"2";"Appartement";"56.0";"2.0";"None";"None";"None";"None";"nan";"7.259982";"43.699381";"000KY"
"2022-66613";"2022-09-28";"1";"Vente";"610000.0";"37.0";"None";"RUE HEROLD";"3235";"06000";"06088";"Nice";"06";"None";"None";"06088000KY0030";"None";"None";"29";"nan";"6";"70.36";"None";"nan";"None";"None";"None";"None";"2";"2";"Appartement";"70.0";"2.0";"None";"None";"None";"None";"nan";"7.258525";"43.701077";"000KY"
"2022-65857";"2022-09-28";"1";"Vente";"480000.0";"59.0";"None";"RUE ROSSINI";"5600";"06000";"06088";"Nice";"06";"None";"None";"06088000KY0166";"None";"None";"27";"nan";"79";"nan";"None";"nan";"None";"None";"None";"None";"2";"3";"Dépendance";"nan";"0.0";"None";"None";"None";"None";"nan";"7.258158";"43.700614";"000KY"
"2022-65857";"2022-09-28";"1";"Vente";"480000.0";"59.0";"None";"RUE ROSSINI";"5600";"06000";"06088";"Nice";"06";"None";"None";"06088000KY0166";"None";"None";"27";"nan";"79";"nan";"None";"nan";"None";"None";"None";"None";"2";"3";"Dépendance";"nan";"0.0";"None";"None";"None";"None";"nan";"7.258158";"43.700614";"000KY"
"2022-65900";"2022-09-28";"1";"Vente";"100000.0";"38.0";"None";"RUE HEROLD";"3235";"06000";"06088";"Nice";"06";"None";"None";"06088000KY0285";"None";"None";"3";"nan";"None";"nan";"None";"nan";"None";"None";"None";"None";"1";"3";"Dépendance";"nan";"0.0";"None";"None";"None";"None";"nan";"7.259059";"43.701088";"000KY"
"2022-66231";"2022-09-28";"1";"Vente";"359750.0";"15.0";"None";"RUE VERDI";"6620";"06000";"06088";"Nice";"06";"None";"None";"06088000KY0255";"None";"None";"118";"nan";"59";"nan";"None";"nan";"None";"None";"None";"None";"2";"3";"Dépendance";"nan";"0.0";"None";"None";"None";"None";"nan";"7.259982";"43.699381";"000KY"
"2022-66613";"2022-09-28";"1";"Vente";"610000.0";"37.0";"None";"RUE HEROLD";"3235";"06000";"06088";"Nice";"06";"None";"None";"06088000KY0030";"None";"None";"29";"nan";"6";"70.36";"None";"nan";"None";"None";"None";"None";"2";"3";"Dépendance";"nan";"0.0";"None";"None";"None";"None";"nan";"7.258525";"43.701077";"000KY"
"2022-66356";"2022-09-23";"1";"Vente";"215000.0";"39.0";"None";"RUE HEROLD";"3235";"06000";"06088";"Nice";"06";"None";"None";"06088000KY0031";"None";"None";"11";"42.0";"66";"nan";"None";"nan";"None";"None";"None";"None";"2";"2";"Appartement";"42.0";"1.0";"None";"None";"None";"None";"nan";"7.258566";"43.701321";"000KY"
"2022-66516";"2022-09-23";"1";"Vente";"154000.0";"24.0";"None";"RUE HEROLD";"3235";"06000";"06088";"Nice";"06";"None";"None";"06088000KY0158";"None";"None";"235";"nan";"236";"nan";"None";"nan";"None";"None";"None";"None";"2";"2";"Appartement";"32.0";"2.0";"None";"None";"None";"None";"nan";"7.258773";"43.700099";"000KY"
"2022-66356";"2022-09-23";"1";"Vente";"215000.0";"39.0";"None";"RUE HEROLD";"3235";"06000";"06088";"Nice";"06";"None";"None";"06088000KY0031";"None";"None";"11";"42.0";"66";"nan";"None";"nan";"None";"None";"None";"None";"2";"3";"Dépendance";"nan";"0.0";"None";"None";"None";"None";"nan";"7.258566";"43.701321";"000KY"
"2022-65650";"2022-09-21";"1";"Vente";"170000.0";"34.0";"None";"RUE GUIGLIA";"3090";"06000";"06088";"Nice";"06";"None";"None";"06088000KY0037";"None";"None";"28";"nan";"83";"nan";"None";"nan";"None";"None";"None";"None";"2";"2";"Appartement";"30.0";"1.0";"None";"None";"None";"None";"nan";"7.258223";"43.701904";"000KY"
"2022-65950";"2022-09-21";"1";"Vente";"255000.0";"40.0";"None";"BD GAMBETTA";"2755";"06000";"06088";"Nice";"06";"None";"None";"06088000KY0193";"None";"None";"118";"nan";"7";"nan";"None";"nan";"None";"None";"None";"None";"2";"2";"Appartement";"57.0";"2.0";"None";"None";"None";"None";"nan";"7.256559";"43.700111";"000KY"
"2022-66238";"2022-09-21";"1";"Vente";"610000.0";"4.0";"None";"PL FRANKLIN";"2650";"06000";"06088";"Nice";"06";"None";"None";"06088000KY0194";"None";"None";"53";"nan";"None";"nan";"None";"nan";"None";"None";"None";"None";"1";"2";"Appartement";"90.0";"3.0";"None";"None";"None";"None";"nan";"7.256473";"43.699896";"000KY"
"2022-66311";"2022-09-21";"1";"Vente";"385575.0";"37.0";"None";"AV G CLEMENCEAU";"2880";"06000";"06088";"Nice";"06";"None";"None";"06088000KY0093";"None";"None";"55";"nan";"None";"nan";"None";"nan";"None";"None";"None";"None";"1";"2";"Appartement";"61.0";"3.0";"None";"None";"None";"None";"nan";"7.261275";"43.701541";"000KY"
"2022-65650";"2022-09-21";"1";"Vente";"170000.0";"34.0";"None";"RUE GUIGLIA";"3090";"06000";"06088";"Nice";"06";"None";"None";"06088000KY0037";"None";"None";"28";"nan";"83";"nan";"None";"nan";"None";"None";"None";"None";"2";"3";"Dépendance";"nan";"0.0";"None";"None";"None";"None";"nan";"7.258223";"43.701904";"000KY"
"2022-65950";"2022-09-21";"1";"Vente";"255000.0";"40.0";"None";"BD GAMBETTA";"2755";"06000";"06088";"Nice";"06";"None";"None";"06088000KY0193";"None";"None";"118";"nan";"7";"nan";"None";"nan";"None";"None";"None";"None";"2";"3";"Dépendance";"nan";"0.0";"None";"None";"None";"None";"nan";"7.256559";"43.700111";"000KY"
"2022-66238";"2022-09-21";"1";"Vente";"610000.0";"4.0";"None";"PL FRANKLIN";"2650";"06000";"06088";"Nice";"06";"None";"None";"06088000KY0194";"None";"None";"53";"nan";"None";"nan";"None";"nan";"None";"None";"None";"None";"1";"3";"Dépendance";"nan";"0.0";"None";"None";"None";"None";"nan";"7.256473";"43.699896";"000KY"
"2022-66451";"2022-09-20";"1";"Vente";"950000.0";"2.0";"None";"RUE VERDI";"6620";"06000";"06088";"Nice";"06";"None";"None";"06088000KY0118";"None";"None";"25";"nan";"8";"nan";"None";"nan";"None";"None";"None";"None";"2";"2";"Appartement";"115.0";"3.0";"None";"None";"None";"None";"nan";"7.262105";"43.69975";"000KY"
"2022-66451";"2022-09-20";"1";"Vente";"950000.0";"2.0";"None";"RUE VERDI";"6620";"06000";"06088";"Nice";"06";"None";"None";"06088000KY0118";"None";"None";"25";"nan";"8";"nan";"None";"nan";"None";"None";"None";"None";"2";"3";"Dépendance";"nan";"0.0";"None";"None";"None";"None";"nan";"7.262105";"43.69975";"000KY"
"2022-66451";"2022-09-20";"1";"Vente";"950000.0";"2.0";"None";"RUE VERDI";"6620";"06000";"06088";"Nice";"06";"None";"None";"06088000KY0118";"None";"None";"36";"nan";"None";"nan";"None";"nan";"None";"None";"None";"None";"1";"3";"Dépendance";"nan";"0.0";"None";"None";"None";"None";"nan";"7.262105";"43.69975";"000KY"
"2022-65693";"2022-09-19";"1";"Vente";"73000.0";"10.0";"None";"RUE GUIGLIA";"3090";"06000";"06088";"Nice";"06";"None";"None";"06088000KY0220";"None";"None";"29";"nan";"None";"nan";"None";"nan";"None";"None";"None";"None";"1";"2";"Appartement";"12.0";"2.0";"None";"None";"None";"None";"nan";"7.258067";"43.699207";"000KY"
"2022-65693";"2022-09-19";"1";"Vente";"73000.0";"10.0";"None";"RUE GUIGLIA";"3090";"06000";"06088";"Nice";"06";"None";"None";"06088000KY0220";"None";"None";"29";"nan";"None";"nan";"None";"nan";"None";"None";"None";"None";"1";"3";"Dépendance";"nan";"0.0";"None";"None";"None";"None";"nan";"7.258067";"43.699207";"000KY"
"2022-65089";"2022-09-19";"1";"Vente";"190000.0";"3.0";"B";"RUE BERLIOZ";"0790";"06000";"06088";"Nice";"06";"None";"None";"06088000KY0233";"None";"None";"1";"nan";"21";"30.51";"None";"nan";"None";"None";"None";"None";"2";"4";"Local industriel. commercial ou assimilé";"30.0";"0.0";"None";"None";"None";"None";"nan";"7.25893";"43.6989";"000KY"
"2022-65384";"2022-09-16";"1";"Vente";"110000.0";"31.0";"None";"RUE BERLIOZ";"0790";"06000";"06088";"Nice";"06";"None";"None";"06088000KY0055";"None";"None";"107";"nan";"156";"20.0";"None";"nan";"None";"None";"None";"None";"2";"2";"Appartement";"28.0";"1.0";"None";"None";"None";"None";"nan";"7.259191";"43.701185";"000KY"
"2022-65575";"2022-09-16";"1";"Vente en l'état futur d'achèvement";"250000.0";"nan";"None";"RUE BERLIOZ";"0790";"06000";"06088";"Nice";"06";"None";"None";"06088000KY0308";"None";"None";"33";"nan";"None";"nan";"None";"nan";"None";"None";"None";"None";"1";"None";"None";"nan";"nan";"None";"None";"None";"None";"nan";"7.259838";"43.701246";"000KY"
"2022-65606";"2022-09-15";"1";"Vente";"250000.0";"39.0";"None";"RUE VERDI";"6620";"06000";"06088";"Nice";"06";"None";"None";"06088000KY0199";"None";"None";"19";"nan";"41";"nan";"None";"nan";"None";"None";"None";"None";"2";"2";"Appartement";"68.0";"2.0";"None";"None";"None";"None";"nan";"7.257033";"43.699385";"000KY"
"2022-65606";"2022-09-15";"1";"Vente";"250000.0";"39.0";"None";"RUE VERDI";"6620";"06000";"06088";"Nice";"06";"None";"None";"06088000KY0199";"None";"None";"19";"nan";"41";"nan";"None";"nan";"None";"None";"None";"None";"2";"3";"Dépendance";"nan";"0.0";"None";"None";"None";"None";"nan";"7.257033";"43.699385";"000KY"
"2022-65469";"2022-09-14";"1";"Vente";"95000.0";"18.0";"None";"RUE BERLIOZ";"0790";"06000";"06088";"Nice";"06";"None";"None";"06088000KY0144";"None";"None";"43";"nan";"None";"nan";"None";"nan";"None";"None";"None";"None";"1";"2";"Appartement";"27.0";"1.0";"None";"None";"None";"None";"nan";"7.259602";"43.700118";"000KY"
"2022-65573";"2022-09-14";"1";"Vente en l'état futur d'achèvement";"701250.0";"nan";"None";"RUE BERLIOZ";"0790";"06000";"06088";"Nice";"06";"None";"None";"06088000KY0308";"None";"None";"35";"nan";"None";"nan";"None";"nan";"None";"None";"None";"None";"1";"None";"None";"nan";"nan";"None";"None";"None";"None";"nan";"7.259838";"43.701246";"000KY"
"2022-65573";"2022-09-14";"1";"Vente en l'état futur d'achèvement";"701250.0";"nan";"None";"RUE BERLIOZ";"0790";"06000";"06088";"Nice";"06";"None";"None";"06088000KY0308";"None";"None";"12";"nan";"None";"nan";"None";"nan";"None";"None";"None";"None";"1";"None";"None";"nan";"nan";"None";"None";"None";"None";"nan";"7.259838";"43.701246";"000KY"
"2022-65359";"2022-09-12";"1";"Vente";"710000.0";"18.0";"None";"RUE BERLIOZ";"0790";"06000";"06088";"Nice";"06";"None";"None";"06088000KY0144";"None";"None";"14";"132.37";"None";"nan";"None";"nan";"None";"None";"None";"None";"1";"2";"Appartement";"129.0";"4.0";"None";"None";"None";"None";"nan";"7.259602";"43.700118";"000KY"
"2022-65495";"2022-09-12";"1";"Vente";"265000.0";"39.0";"None";"RUE BERLIOZ";"0790";"06000";"06088";"Nice";"06";"None";"None";"06088000KY0050";"None";"None";"23";"nan";"None";"nan";"None";"nan";"None";"None";"None";"None";"1";"2";"Appartement";"53.0";"2.0";"None";"None";"None";"None";"nan";"7.259334";"43.70158";"000KY"
"2022-65850";"2022-09-12";"1";"Vente";"150000.0";"37.0";"None";"AV G CLEMENCEAU";"2880";"06000";"06088";"Nice";"06";"None";"None";"06088000KY0094";"None";"None";"30";"nan";"None";"nan";"None";"nan";"None";"None";"None";"None";"1";"2";"Appartement";"55.0";"1.0";"None";"None";"None";"None";"nan";"7.261343";"43.701338";"000KY"
"2022-65359";"2022-09-12";"1";"Vente";"710000.0";"18.0";"None";"RUE BERLIOZ";"0790";"06000";"06088";"Nice";"06";"None";"None";"06088000KY0144";"None";"None";"31";"nan";"None";"nan";"None";"nan";"None";"None";"None";"None";"1";"3";"Dépendance";"nan";"0.0";"None";"None";"None";"None";"nan";"7.259602";"43.700118";"000KY"
"2022-65359";"2022-09-12";"1";"Vente";"710000.0";"18.0";"None";"RUE BERLIOZ";"0790";"06000";"06088";"Nice";"06";"None";"None";"06088000KY0144";"None";"None";"14";"132.37";"None";"nan";"None";"nan";"None";"None";"None";"None";"1";"3";"Dépendance";"nan";"0.0";"None";"None";"None";"None";"nan";"7.259602";"43.700118";"000KY"
"2022-65495";"2022-09-12";"1";"Vente";"265000.0";"39.0";"None";"RUE BERLIOZ";"0790";"06000";"06088";"Nice";"06";"None";"None";"06088000KY0050";"None";"None";"23";"nan";"None";"nan";"None";"nan";"None";"None";"None";"None";"1";"3";"Dépendance";"nan";"0.0";"None";"None";"None";"None";"nan";"7.259334";"43.70158";"000KY"
"2022-65850";"2022-09-12";"1";"Vente";"150000.0";"37.0";"None";"AV G CLEMENCEAU";"2880";"06000";"06088";"Nice";"06";"None";"None";"06088000KY0094";"None";"None";"30";"nan";"None";"nan";"None";"nan";"None";"None";"None";"None";"1";"3";"Dépendance";"nan";"0.0";"None";"None";"None";"None";"nan";"7.261343";"43.701338";"000KY"
"2022-65569";"2022-09-09";"1";"Vente";"30000.0";"32.0";"None";"RUE GOUNOD";"2985";"06000";"06088";"Nice";"06";"None";"None";"06088000KY0090";"None";"None";"27";"nan";"None";"nan";"None";"nan";"None";"None";"None";"None";"1";"3";"Dépendance";"nan";"0.0";"None";"None";"None";"None";"nan";"7.261041";"43.701466";"000KY"
"2022-64909";"2022-09-08";"1";"Vente";"287000.0";"16.0";"None";"RUE AMIRAL DE GRASSE";"0170";"06000";"06088";"Nice";"06";"None";"None";"06088000KY0015";"None";"None";"27";"nan";"70";"nan";"None";"nan";"None";"None";"None";"None";"2";"2";"Appartement";"83.0";"2.0";"None";"None";"None";"None";"nan";"7.257347";"43.701401";"000KY"
"2022-64909";"2022-09-08";"1";"Vente";"287000.0";"16.0";"None";"RUE AMIRAL DE GRASSE";"0170";"06000";"06088";"Nice";"06";"None";"None";"06088000KY0015";"None";"None";"27";"nan";"70";"nan";"None";"nan";"None";"None";"None";"None";"2";"3";"Dépendance";"nan";"0.0";"None";"None";"None";"None";"nan";"7.257347";"43.701401";"000KY"
"2022-64610";"2022-09-06";"1";"Vente";"75000.0";"22.0";"None";"RUE HEROLD";"3235";"06000";"06088";"Nice";"06";"None";"None";"06088000KY0158";"None";"None";"127";"nan";"None";"nan";"None";"nan";"None";"None";"None";"None";"1";"2";"Appartement";"15.0";"1.0";"None";"None";"None";"None";"nan";"7.258773";"43.700099";"000KY"
"2022-64824";"2022-09-06";"1";"Vente";"9500.0";"30.0";"None";"RUE BERLIOZ";"0790";"06000";"06088";"Nice";"06";"None";"None";"06088000KY0075";"None";"None";"10";"nan";"11";"nan";"None";"nan";"None";"None";"None";"None";"2";"2";"Appartement";"123.0";"4.0";"None";"None";"None";"None";"nan";"7.259863";"43.701532";"000KY"
"2022-64824";"2022-09-06";"1";"Vente";"9500.0";"30.0";"None";"RUE BERLIOZ";"0790";"06000";"06088";"Nice";"06";"None";"None";"06088000KY0075";"None";"None";"10";"nan";"11";"nan";"None";"nan";"None";"None";"None";"None";"2";"3";"Dépendance";"nan";"0.0";"None";"None";"None";"None";"nan";"7.259863";"43.701532";"000KY"
"2022-64897";"2022-09-06";"1";"Vente";"49000.0";"40.0";"None";"BD GAMBETTA";"2755";"06000";"06088";"Nice";"06";"None";"None";"06088000KY0193";"None";"None";"88";"nan";"None";"nan";"None";"nan";"None";"None";"None";"None";"1";"3";"Dépendance";"nan";"0.0";"None";"None";"None";"None";"nan";"7.256559";"43.700111";"000KY"
"2022-64824";"2022-09-06";"1";"Vente";"9500.0";"30.0";"None";"RUE BERLIOZ";"0790";"06000";"06088";"Nice";"06";"None";"None";"06088000KY0075";"None";"None";"10";"nan";"11";"nan";"None";"nan";"None";"None";"None";"None";"2";"4";"Local industriel. commercial ou assimilé";"66.0";"0.0";"None";"None";"None";"None";"nan";"7.259863";"43.701532";"000KY"
"2022-65092";"2022-09-05";"1";"Vente";"310000.0";"5.0";"None";"RUE BERLIOZ";"0790";"06000";"06088";"Nice";"06";"None";"None";"06088000KY0232";"None";"None";"5";"68.03";"None";"nan";"None";"nan";"None";"None";"None";"None";"1";"2";"Appartement";"68.0";"3.0";"None";"None";"None";"None";"nan";"7.258864";"43.698997";"000KY"
"2022-65483";"2022-09-05";"1";"Vente";"182000.0";"12.0";"None";"RUE GUIGLIA";"3090";"06000";"06088";"Nice";"06";"None";"None";"06088000KY0170";"None";"None";"28";"nan";"None";"nan";"None";"nan";"None";"None";"None";"None";"1";"2";"Appartement";"42.0";"2.0";"None";"None";"None";"None";"nan";"7.258049";"43.700026";"000KY"
"2022-64751";"2022-09-02";"1";"Vente";"470250.0";"44.0";"None";"RUE ROSSINI";"5600";"06000";"06088";"Nice";"06";"None";"None";"06088000KY0027";"None";"None";"109";"nan";"41";"nan";"None";"nan";"None";"None";"None";"None";"2";"2";"Appartement";"87.0";"4.0";"None";"None";"None";"None";"nan";"7.258248";"43.701081";"000KY"
"2022-65022";"2022-09-02";"1";"Vente";"11139.0";"20.0";"None";"RUE VERDI";"6620";"06000";"06088";"Nice";"06";"None";"None";"06088000KY0134";"None";"None";"235";"nan";"None";"nan";"None";"nan";"None";"None";"None";"None";"1";"2";"Appartement";"79.0";"3.0";"None";"None";"None";"None";"nan";"7.259955";"43.699817";"000KY"
"2022-65246";"2022-09-02";"1";"Vente";"340000.0";"20.0";"None";"RUE AMIRAL DE GRASSE";"0170";"06000";"06088";"Nice";"06";"None";"None";"06088000KY0016";"None";"None";"29";"nan";"97";"nan";"None";"nan";"None";"None";"None";"None";"2";"2";"Appartement";"70.0";"2.0";"None";"None";"None";"None";"nan";"7.257669";"43.701702";"000KY"
"2022-65268";"2022-09-02";"1";"Vente";"265000.0";"67.0";"None";"RUE ROSSINI";"5600";"06000";"06088";"Nice";"06";"None";"None";"06088000KY0186";"None";"None";"12";"49.35";"20";"nan";"None";"nan";"None";"None";"None";"None";"2";"2";"Appartement";"48.0";"2.0";"None";"None";"None";"None";"nan";"7.257182";"43.700706";"000KY"
"2022-64751";"2022-09-02";"1";"Vente";"470250.0";"44.0";"None";"RUE ROSSINI";"5600";"06000";"06088";"Nice";"06";"None";"None";"06088000KY0027";"None";"None";"109";"nan";"41";"nan";"None";"nan";"None";"None";"None";"None";"2";"3";"Dépendance";"nan";"0.0";"None";"None";"None";"None";"nan";"7.258248";"43.701081";"000KY"
"2022-64751";"2022-09-02";"1";"Vente";"470250.0";"39.0";"None";"RUE HEROLD";"3235";"06000";"06088";"Nice";"06";"None";"None";"06088000KY0031";"None";"None";"103";"nan";"None";"nan";"None";"nan";"None";"None";"None";"None";"1";"3";"Dépendance";"nan";"0.0";"None";"None";"None";"None";"nan";"7.258566";"43.701321";"000KY"
"2022-65246";"2022-09-02";"1";"Vente";"340000.0";"20.0";"None";"RUE AMIRAL DE GRASSE";"0170";"06000";"06088";"Nice";"06";"None";"None";"06088000KY0016";"None";"None";"29";"nan";"97";"nan";"None";"nan";"None";"None";"None";"None";"2";"3";"Dépendance";"nan";"0.0";"None";"None";"None";"None";"nan";"7.257669";"43.701702";"000KY"
"2022-65268";"2022-09-02";"1";"Vente";"265000.0";"67.0";"None";"RUE ROSSINI";"5600";"06000";"06088";"Nice";"06";"None";"None";"06088000KY0186";"None";"None";"12";"49.35";"20";"nan";"None";"nan";"None";"None";"None";"None";"2";"3";"Dépendance";"nan";"0.0";"None";"None";"None";"None";"nan";"7.257182";"43.700706";"000KY"
"2022-64738";"2022-09-01";"1";"Vente";"550000.0";"30.0";"None";"RUE BERLIOZ";"0790";"06000";"06088";"Nice";"06";"None";"None";"06088000KY0075";"None";"None";"59";"nan";"None";"nan";"None";"nan";"None";"None";"None";"None";"1";"2";"Appartement";"123.0";"4.0";"None";"None";"None";"None";"nan";"7.259863";"43.701532";"000KY"
"2022-65063";"2022-09-01";"1";"Vente";"230000.0";"34.0";"None";"RUE GUIGLIA";"3090";"06000";"06088";"Nice";"06";"None";"None";"06088000KY0037";"None";"None";"5";"nan";"80";"nan";"None";"nan";"None";"None";"None";"None";"2";"2";"Appartement";"60.0";"2.0";"None";"None";"None";"None";"nan";"7.258223";"43.701904";"000KY"
"2022-65317";"2022-09-01";"1";"Vente";"455000.0";"44.0";"None";"BD VICTOR HUGO";"6655";"06000";"06088";"Nice";"06";"None";"None";"06088000KY0263";"None";"None";"29";"79.5";"3";"nan";"None";"nan";"None";"None";"None";"None";"2";"2";"Appartement";"80.0";"3.0";"None";"None";"None";"None";"nan";"7.260739";"43.699151";"000KY"
"2022-71686";"2022-09-01";"1";"Adjudication";"91000.0";"31.0";"None";"RUE BERLIOZ";"0790";"06000";"06088";"Nice";"06";"None";"None";"06088000KY0055";"None";"None";"120";"nan";"144";"nan";"None";"nan";"None";"None";"None";"None";"2";"2";"Appartement";"19.0";"1.0";"None";"None";"None";"None";"nan";"7.259191";"43.701185";"000KY"
"2022-64738";"2022-09-01";"1";"Vente";"550000.0";"30.0";"None";"RUE BERLIOZ";"0790";"06000";"06088";"Nice";"06";"None";"None";"06088000KY0075";"None";"None";"59";"nan";"None";"nan";"None";"nan";"None";"None";"None";"None";"1";"3";"Dépendance";"nan";"0.0";"None";"None";"None";"None";"nan";"7.259863";"43.701532";"000KY"
"2022-65063";"2022-09-01";"1";"Vente";"230000.0";"34.0";"None";"RUE GUIGLIA";"3090";"06000";"06088";"Nice";"06";"None";"None";"06088000KY0037";"None";"None";"5";"nan";"80";"nan";"None";"nan";"None";"None";"None";"None";"2";"3";"Dépendance";"nan";"0.0";"None";"None";"None";"None";"nan";"7.258223";"43.701904";"000KY"
"2022-65317";"2022-09-01";"1";"Vente";"455000.0";"44.0";"None";"BD VICTOR HUGO";"6655";"06000";"06088";"Nice";"06";"None";"None";"06088000KY0263";"None";"None";"29";"79.5";"3";"nan";"None";"nan";"None";"None";"None";"None";"2";"3";"Dépendance";"nan";"0.0";"None";"None";"None";"None";"nan";"7.260739";"43.699151";"000KY"
"2022-71686";"2022-09-01";"1";"Adjudication";"91000.0";"31.0";"None";"RUE BERLIOZ";"0790";"06000";"06088";"Nice";"06";"None";"None";"06088000KY0055";"None";"None";"120";"nan";"144";"nan";"None";"nan";"None";"None";"None";"None";"2";"3";"Dépendance";"nan";"0.0";"None";"None";"None";"None";"nan";"7.259191";"43.701185";"000KY"
"2022-64738";"2022-09-01";"1";"Vente";"550000.0";"30.0";"None";"RUE BERLIOZ";"0790";"06000";"06088";"Nice";"06";"None";"None";"06088000KY0075";"None";"None";"59";"nan";"None";"nan";"None";"nan";"None";"None";"None";"None";"1";"4";"Local industriel. commercial ou assimilé";"66.0";"0.0";"None";"None";"None";"None";"nan";"7.259863";"43.701532";"000KY"
"2022-64754";"2022-09-01";"1";"Vente";"136000.0";"46.0";"None";"BD GAMBETTA";"2755";"06000";"06088";"Nice";"06";"None";"None";"06088000KY0294";"None";"None";"114";"nan";"116";"nan";"None";"nan";"None";"None";"None";"None";"2";"4";"Local industriel. commercial ou assimilé";"53.0";"0.0";"None";"None";"None";"None";"nan";"7.256492";"43.700513";"000KY"
"2022-65449";"2022-08-30";"1";"Vente";"365000.0";"29.0";"None";"RUE GUIGLIA";"3090";"06000";"06088";"Nice";"06";"None";"None";"06088000KY0020";"None";"None";"8";"nan";"None";"nan";"None";"nan";"None";"None";"None";"None";"1";"2";"Appartement";"98.0";"4.0";"None";"None";"None";"None";"nan";"7.257751";"43.701499";"000KY"
"2022-64164";"2022-08-29";"1";"Vente";"375000.0";"16.0";"None";"RUE GUIGLIA";"3090";"06000";"06088";"Nice";"06";"None";"None";"06088000KY0168";"None";"None";"52";"nan";"None";"nan";"None";"nan";"None";"None";"None";"None";"1";"2";"Appartement";"79.0";"3.0";"None";"None";"None";"None";"nan";"7.258082";"43.700341";"000KY"
"2022-64205";"2022-08-29";"1";"Vente";"248000.0";"20.0";"None";"RUE AMIRAL DE GRASSE";"0170";"06000";"06088";"Nice";"06";"None";"None";"06088000KY0016";"None";"None";"35";"nan";"91";"nan";"None";"nan";"None";"None";"None";"None";"2";"2";"Appartement";"55.0";"2.0";"None";"None";"None";"None";"nan";"7.257669";"43.701702";"000KY"
"2022-64534";"2022-08-29";"1";"Vente";"159000.0";"63.0";"None";"RUE ROSSINI";"5600";"06000";"06088";"Nice";"06";"None";"None";"06088000KY0184";"None";"None";"21";"31.23";"None";"nan";"None";"nan";"None";"None";"None";"None";"1";"2";"Appartement";"28.0";"1.0";"None";"None";"None";"None";"nan";"7.25754";"43.700666";"000KY"
"2022-64164";"2022-08-29";"1";"Vente";"375000.0";"16.0";"None";"RUE GUIGLIA";"3090";"06000";"06088";"Nice";"06";"None";"None";"06088000KY0168";"None";"None";"52";"nan";"None";"nan";"None";"nan";"None";"None";"None";"None";"1";"3";"Dépendance";"nan";"0.0";"None";"None";"None";"None";"nan";"7.258082";"43.700341";"000KY"
"2022-64205";"2022-08-29";"1";"Vente";"248000.0";"20.0";"None";"RUE AMIRAL DE GRASSE";"0170";"06000";"06088";"Nice";"06";"None";"None";"06088000KY0016";"None";"None";"35";"nan";"91";"nan";"None";"nan";"None";"None";"None";"None";"2";"3";"Dépendance";"nan";"0.0";"None";"None";"None";"None";"nan";"7.257669";"43.701702";"000KY"
"2022-64534";"2022-08-29";"1";"Vente";"159000.0";"63.0";"None";"RUE ROSSINI";"5600";"06000";"06088";"Nice";"06";"None";"None";"06088000KY0184";"None";"None";"21";"31.23";"None";"nan";"None";"nan";"None";"None";"None";"None";"1";"3";"Dépendance";"nan";"0.0";"None";"None";"None";"None";"nan";"7.25754";"43.700666";"000KY"
"2022-64132";"2022-08-26";"1";"Vente";"392140.0";"11.0";"None";"RUE GUIGLIA";"3090";"06000";"06088";"Nice";"06";"None";"None";"06088000KY0173";"None";"None";"40";"nan";"53";"70.77";"None";"nan";"None";"None";"None";"None";"2";"2";"Appartement";"70.0";"3.0";"None";"None";"None";"None";"nan";"7.257539";"43.699912";"000KY"
"2022-64381";"2022-08-26";"1";"Vente";"250000.0";"4.0";"None";"AV EMILIA";"2260";"06000";"06088";"Nice";"06";"None";"None";"06088000KY0201";"None";"None";"11";"nan";"None";"nan";"None";"nan";"None";"None";"None";"None";"1";"2";"Appartement";"69.0";"3.0";"None";"None";"None";"None";"nan";"7.257277";"43.699161";"000KY"
"2022-64944";"2022-08-26";"1";"Vente";"266000.0";"25.0";"None";"RUE HEROLD";"3235";"06000";"06088";"Nice";"06";"None";"None";"06088000KY0162";"None";"None";"1";"nan";"103";"nan";"None";"nan";"None";"None";"None";"None";"2";"2";"Appartement";"50.0";"2.0";"None";"None";"None";"None";"nan";"7.258351";"43.700062";"000KY"
"2022-64132";"2022-08-26";"1";"Vente";"392140.0";"11.0";"None";"RUE GUIGLIA";"3090";"06000";"06088";"Nice";"06";"None";"None";"06088000KY0173";"None";"None";"40";"nan";"53";"70.77";"None";"nan";"None";"None";"None";"None";"2";"3";"Dépendance";"nan";"0.0";"None";"None";"None";"None";"nan";"7.257539";"43.699912";"000KY"
"2022-64381";"2022-08-26";"1";"Vente";"250000.0";"4.0";"None";"AV EMILIA";"2260";"06000";"06088";"Nice";"06";"None";"None";"06088000KY0201";"None";"None";"11";"nan";"None";"nan";"None";"nan";"None";"None";"None";"None";"1";"3";"Dépendance";"nan";"0.0";"None";"None";"None";"None";"nan";"7.257277";"43.699161";"000KY"
"2022-64944";"2022-08-26";"1";"Vente";"266000.0";"25.0";"None";"RUE HEROLD";"3235";"06000";"06088";"Nice";"06";"None";"None";"06088000KY0162";"None";"None";"1";"nan";"103";"nan";"None";"nan";"None";"None";"None";"None";"2";"3";"Dépendance";"nan";"0.0";"None";"None";"None";"None";"nan";"7.258351";"43.700062";"000KY"
"2022-64810";"2022-08-25";"1";"Vente";"450000.0";"1.0";"B";"AV DURANTE";"2125";"06000";"06088";"Nice";"06";"None";"None";"06088000KY0109";"None";"None";"10";"nan";"17";"nan";"None";"nan";"None";"None";"None";"None";"2";"2";"Appartement";"90.0";"4.0";"None";"None";"None";"None";"nan";"7.262151";"43.701241";"000KY"
"2022-63932";"2022-08-23";"1";"Vente";"498000.0";"7.0";"None";"RUE VERDI";"6620";"06000";"06088";"Nice";"06";"None";"None";"06088000KY0267";"None";"None";"32";"79.21";"None";"nan";"None";"nan";"None";"None";"None";"None";"1";"4";"Local industriel. commercial ou assimilé";"70.0";"0.0";"None";"None";"None";"None";"nan";"7.261096";"43.699434";"000KY"
"2022-64225";"2022-08-22";"1";"Vente";"228000.0";"50.0";"None";"BD VICTOR HUGO";"6655";"06000";"06088";"Nice";"06";"None";"None";"06088000KY0244";"None";"None";"238";"nan";"None";"nan";"None";"nan";"None";"None";"None";"None";"1";"2";"Appartement";"36.0";"1.0";"None";"None";"None";"None";"nan";"7.259365";"43.698542";"000KY"
"2022-64556";"2022-08-22";"1";"Vente";"650000.0";"25.0";"None";"RUE BERLIOZ";"0790";"06000";"06088";"Nice";"06";"None";"None";"06088000KY0057";"None";"None";"136";"86.4";"None";"nan";"None";"nan";"None";"None";"None";"None";"1";"2";"Appartement";"87.0";"3.0";"None";"None";"None";"None";"nan";"7.259139";"43.700904";"000KY"
"2022-64225";"2022-08-22";"1";"Vente";"228000.0";"50.0";"None";"BD VICTOR HUGO";"6655";"06000";"06088";"Nice";"06";"None";"None";"06088000KY0244";"None";"None";"238";"nan";"None";"nan";"None";"nan";"None";"None";"None";"None";"1";"3";"Dépendance";"nan";"0.0";"None";"None";"None";"None";"nan";"7.259365";"43.698542";"000KY"
"2022-64556";"2022-08-22";"1";"Vente";"650000.0";"36.0";"None";"RUE HEROLD";"3235";"06000";"06088";"Nice";"06";"None";"None";"06088000KY0057";"None";"None";"28";"nan";"None";"nan";"None";"nan";"None";"None";"None";"None";"1";"3";"Dépendance";"nan";"0.0";"None";"None";"None";"None";"nan";"7.259139";"43.700904";"000KY"
"2022-63903";"2022-08-17";"1";"Vente";"260050.0";"32.0";"None";"RUE ROSSINI";"5600";"06000";"06088";"Nice";"06";"None";"None";"06088000KY0064";"None";"None";"13";"nan";"25";"nan";"None";"nan";"None";"None";"None";"None";"2";"2";"Appartement";"66.0";"3.0";"None";"None";"None";"None";"nan";"7.259847";"43.700785";"000KY"
"2022-63903";"2022-08-17";"1";"Vente";"260050.0";"32.0";"None";"RUE ROSSINI";"5600";"06000";"06088";"Nice";"06";"None";"None";"06088000KY0064";"None";"None";"13";"nan";"25";"nan";"None";"nan";"None";"None";"None";"None";"2";"3";"Dépendance";"nan";"0.0";"None";"None";"None";"None";"nan";"7.259847";"43.700785";"000KY"
"2022-64046";"2022-08-12";"1";"Vente";"720000.0";"44.0";"None";"BD VICTOR HUGO";"6655";"06000";"06088";"Nice";"06";"None";"None";"06088000KY0263";"None";"None";"24";"nan";"52";"89.45";"None";"nan";"None";"None";"None";"None";"2";"2";"Appartement";"85.0";"3.0";"None";"None";"None";"None";"nan";"7.260739";"43.699151";"000KY"
"2022-64078";"2022-08-12";"1";"Vente";"255000.0";"3.0";"None";"AV AUBER";"0425";"06000";"06088";"Nice";"06";"None";"None";"06088000KY0266";"None";"None";"34";"nan";"42";"nan";"None";"nan";"None";"None";"None";"None";"2";"2";"Appartement";"65.0";"3.0";"None";"None";"None";"None";"nan";"7.261058";"43.699231";"000KY"
"2022-64365";"2022-08-12";"1";"Vente";"137000.0";"nan";"None";"RUE TCHEKHOV";"6318";"06000";"06088";"Nice";"06";"None";"None";"06088000KY0095";"None";"None";"297";"nan";"None";"nan";"None";"nan";"None";"None";"None";"None";"1";"2";"Appartement";"28.0";"2.0";"None";"None";"None";"None";"nan";"7.261213";"43.701137";"000KY"
"2022-64046";"2022-08-12";"1";"Vente";"720000.0";"44.0";"None";"BD VICTOR HUGO";"6655";"06000";"06088";"Nice";"06";"None";"None";"06088000KY0263";"None";"None";"24";"nan";"52";"89.45";"None";"nan";"None";"None";"None";"None";"2";"3";"Dépendance";"nan";"0.0";"None";"None";"None";"None";"nan";"7.260739";"43.699151";"000KY"
"2022-63549";"2022-08-09";"1";"Vente";"620000.0";"12.0";"None";"RUE VERDI";"6620";"06000";"06088";"Nice";"06";"None";"None";"06088000KY0129";"None";"None";"23";"nan";"6";"nan";"None";"nan";"None";"None";"None";"None";"2";"2";"Appartement";"79.0";"3.0";"None";"None";"None";"None";"nan";"7.260878";"43.699787";"000KY"
"2022-63549";"2022-08-09";"1";"Vente";"620000.0";"12.0";"None";"RUE VERDI";"6620";"06000";"06088";"Nice";"06";"None";"None";"06088000KY0129";"None";"None";"23";"nan";"6";"nan";"None";"nan";"None";"None";"None";"None";"2";"3";"Dépendance";"nan";"0.0";"None";"None";"None";"None";"nan";"7.260878";"43.699787";"000KY"
"2022-64226";"2022-08-05";"1";"Vente";"262886.0";"19.0";"None";"RUE BERLIOZ";"0790";"06000";"06088";"Nice";"06";"None";"None";"06088000KY0153";"None";"None";"75";"nan";"None";"nan";"None";"nan";"None";"None";"None";"None";"1";"2";"Appartement";"41.0";"3.0";"None";"None";"None";"None";"nan";"7.259081";"43.700268";"000KY"
"2022-64226";"2022-08-05";"1";"Vente";"262886.0";"19.0";"None";"RUE BERLIOZ";"0790";"06000";"06088";"Nice";"06";"None";"None";"06088000KY0153";"None";"None";"17";"nan";"None";"nan";"None";"nan";"None";"None";"None";"None";"1";"3";"Dépendance";"nan";"0.0";"None";"None";"None";"None";"nan";"7.259081";"43.700268";"000KY"
"2022-63089";"2022-08-04";"1";"Vente";"170000.0";"9.0";"None";"RUE AMIRAL DE GRASSE";"0170";"06000";"06088";"Nice";"06";"None";"None";"06088000KY0006";"None";"None";"35";"nan";"None";"nan";"None";"nan";"None";"None";"None";"None";"1";"2";"Appartement";"38.0";"2.0";"None";"None";"None";"None";"nan";"7.256913";"43.701572";"000KY"
"2022-63343";"2022-08-04";"1";"Vente";"655000.0";"10.0";"None";"RUE BERLIOZ";"0790";"06000";"06088";"Nice";"06";"None";"None";"06088000KY0251";"None";"None";"39";"nan";"91";"nan";"None";"nan";"None";"None";"None";"None";"2";"2";"Appartement";"76.0";"3.0";"None";"None";"None";"None";"nan";"7.259388";"43.699142";"000KY"
"2022-63343";"2022-08-04";"1";"Vente";"655000.0";"10.0";"None";"RUE BERLIOZ";"0790";"06000";"06088";"Nice";"06";"None";"None";"06088000KY0251";"None";"None";"43";"nan";"None";"nan";"None";"nan";"None";"None";"None";"None";"1";"3";"Dépendance";"nan";"0.0";"None";"None";"None";"None";"nan";"7.259388";"43.699142";"000KY"
"2022-63636";"2022-08-03";"1";"Vente";"309380.0";"35.0";"None";"RUE ROSSINI";"5600";"06000";"06088";"Nice";"06";"None";"None";"06088000KY0125";"None";"None";"34";"46.12";"None";"nan";"None";"nan";"None";"None";"None";"None";"1";"2";"Appartement";"47.0";"2.0";"None";"None";"None";"None";"nan";"7.261133";"43.700265";"000KY"
"2022-62986";"2022-08-02";"1";"Vente";"880000.0";"38.0";"None";"BD VICTOR HUGO";"6655";"06000";"06088";"Nice";"06";"None";"None";"06088000KY0319";"None";"None";"116";"nan";"33";"88.4";"None";"nan";"None";"None";"None";"None";"2";"2";"Appartement";"83.0";"3.0";"None";"None";"None";"None";"nan";"7.261874";"43.699091";"000KY"
"2022-62986";"2022-08-02";"1";"Vente";"880000.0";"38.0";"None";"BD VICTOR HUGO";"6655";"06000";"06088";"Nice";"06";"None";"None";"06088000KY0319";"None";"None";"116";"nan";"33";"88.4";"None";"nan";"None";"None";"None";"None";"2";"3";"Dépendance";"nan";"0.0";"None";"None";"None";"None";"nan";"7.261874";"43.699091";"000KY"
"2022-63586";"2022-08-01";"1";"Vente";"235000.0";"11.0";"None";"AV BAQUIS";"0545";"06000";"06088";"Nice";"06";"None";"None";"06088000KY0116";"None";"None";"38";"nan";"None";"nan";"None";"nan";"None";"None";"None";"None";"1";"2";"Appartement";"46.0";"2.0";"None";"None";"None";"None";"nan";"7.261973";"43.70002";"000KY"
"2022-63138";"2022-07-29";"1";"Vente";"255650.0";"44.0";"None";"RUE ROSSINI";"5600";"06000";"06088";"Nice";"06";"None";"None";"06088000KY0027";"None";"None";"82";"31.26";"None";"nan";"None";"nan";"None";"None";"None";"None";"1";"2";"Appartement";"35.0";"2.0";"None";"None";"None";"None";"nan";"7.258248";"43.701081";"000KY"
"2022-62395";"2022-07-27";"1";"Vente";"143000.0";"10.0";"None";"RUE VERDI";"6620";"06000";"06088";"Nice";"06";"None";"None";"06088000KY0123";"None";"None";"57";"nan";"None";"nan";"None";"nan";"None";"None";"None";"None";"1";"2";"Appartement";"20.0";"2.0";"None";"None";"None";"None";"nan";"7.261199";"43.69974";"000KY"
"2022-62631";"2022-07-26";"1";"Vente";"104200.0";"20.0";"None";"RUE HEROLD";"3235";"06000";"06088";"Nice";"06";"None";"None";"06088000KY0159";"None";"None";"11";"16.72";"None";"nan";"None";"nan";"None";"None";"None";"None";"1";"2";"Appartement";"16.0";"1.0";"None";"None";"None";"None";"nan";"7.258684";"43.699913";"000KY"
"2022-62706";"2022-07-26";"1";"Vente";"195000.0";"39.0";"None";"RUE BERLIOZ";"0790";"06000";"06088";"Nice";"06";"None";"None";"06088000KY0050";"None";"None";"16";"43.17";"None";"nan";"None";"nan";"None";"None";"None";"None";"1";"2";"Appartement";"45.0";"2.0";"None";"None";"None";"None";"nan";"7.259334";"43.70158";"000KY"
"2022-62706";"2022-07-26";"1";"Vente";"195000.0";"39.0";"None";"RUE BERLIOZ";"0790";"06000";"06088";"Nice";"06";"None";"None";"06088000KY0050";"None";"None";"16";"43.17";"None";"nan";"None";"nan";"None";"None";"None";"None";"1";"3";"Dépendance";"nan";"0.0";"None";"None";"None";"None";"nan";"7.259334";"43.70158";"000KY"
"2022-62732";"2022-07-26";"1";"Vente";"30000.0";"3.0";"None";"RUE AMIRAL DE GRASSE";"0170";"06000";"06088";"Nice";"06";"None";"None";"06088000KY0302";"None";"None";"19";"nan";"None";"nan";"None";"nan";"None";"None";"None";"None";"1";"3";"Dépendance";"nan";"0.0";"None";"None";"None";"None";"nan";"7.256514";"43.701267";"000KY"
"2022-63485";"2022-07-25";"1";"Vente";"318550.0";"54.0";"None";"BD GAMBETTA";"2755";"06000";"06088";"Nice";"06";"None";"None";"06088000KY0009";"None";"None";"44";"61.0";"None";"nan";"None";"nan";"None";"None";"None";"None";"1";"2";"Appartement";"55.0";"3.0";"None";"None";"None";"None";"nan";"7.256462";"43.701093";"000KY"
"2022-63485";"2022-07-25";"1";"Vente";"318550.0";"54.0";"None";"BD GAMBETTA";"2755";"06000";"06088";"Nice";"06";"None";"None";"06088000KY0009";"None";"None";"44";"61.0";"None";"nan";"None";"nan";"None";"None";"None";"None";"1";"3";"Dépendance";"nan";"0.0";"None";"None";"None";"None";"nan";"7.256462";"43.701093";"000KY"
"2022-62734";"2022-07-22";"1";"Vente";"95000.0";"7.0";"None";"RUE BERLIOZ";"0790";"06000";"06088";"Nice";"06";"None";"None";"06088000KY0226";"None";"None";"15";"14.33";"None";"nan";"None";"nan";"None";"None";"None";"None";"1";"2";"Appartement";"13.0";"1.0";"None";"None";"None";"None";"nan";"7.258967";"43.699296";"000KY"
"2022-63291";"2022-07-22";"1";"Vente";"545000.0";"18.0";"None";"RUE GOUNOD";"2985";"06000";"06088";"Nice";"06";"None";"None";"06088000KY0128";"None";"None";"14";"nan";"None";"nan";"None";"nan";"None";"None";"None";"None";"1";"2";"Appartement";"103.0";"4.0";"None";"None";"None";"None";"nan";"7.260809";"43.700029";"000KY"
"2022-63298";"2022-07-22";"1";"Vente";"445000.0";"54.0";"None";"RUE ROSSINI";"5600";"06000";"06088";"Nice";"06";"None";"None";"06088000KY0010";"None";"None";"12";"nan";"46";"100.0";"None";"nan";"None";"None";"None";"None";"2";"2";"Appartement";"89.0";"4.0";"None";"None";"None";"None";"nan";"7.257002";"43.701069";"000KY"
"2022-63291";"2022-07-22";"1";"Vente";"545000.0";"18.0";"None";"RUE GOUNOD";"2985";"06000";"06088";"Nice";"06";"None";"None";"06088000KY0128";"None";"None";"14";"nan";"None";"nan";"None";"nan";"None";"None";"None";"None";"1";"3";"Dépendance";"nan";"0.0";"None";"None";"None";"None";"nan";"7.260809";"43.700029";"000KY"
"2022-63291";"2022-07-22";"1";"Vente";"545000.0";"18.0";"None";"RUE GOUNOD";"2985";"06000";"06088";"Nice";"06";"None";"None";"06088000KY0128";"None";"None";"14";"nan";"None";"nan";"None";"nan";"None";"None";"None";"None";"1";"3";"Dépendance";"nan";"0.0";"None";"None";"None";"None";"nan";"7.260809";"43.700029";"000KY"
"2022-63298";"2022-07-22";"1";"Vente";"445000.0";"54.0";"None";"RUE ROSSINI";"5600";"06000";"06088";"Nice";"06";"None";"None";"06088000KY0010";"None";"None";"12";"nan";"46";"100.0";"None";"nan";"None";"None";"None";"None";"2";"3";"Dépendance";"nan";"0.0";"None";"None";"None";"None";"nan";"7.257002";"43.701069";"000KY"
"2022-62176";"2022-07-21";"1";"Vente";"905000.0";"6.0";"None";"RUE GOUNOD";"2985";"06000";"06088";"Nice";"06";"None";"None";"06088000KY0259";"None";"None";"8";"121.12";"None";"nan";"None";"nan";"None";"None";"None";"None";"1";"2";"Appartement";"104.0";"4.0";"None";"None";"None";"None";"nan";"7.260389";"43.699044";"000KY"
"2022-63103";"2022-07-21";"1";"Vente";"33000.0";"62.0";"None";"BD GAMBETTA";"2755";"06000";"06088";"Nice";"06";"None";"None";"06088000KY0001";"None";"None";"174";"nan";"None";"nan";"None";"nan";"None";"None";"None";"None";"1";"3";"Dépendance";"nan";"0.0";"None";"None";"None";"None";"nan";"7.256638";"43.701528";"000KY"
"2022-62432";"2022-07-20";"1";"Vente";"335000.0";"44.0";"None";"RUE ROSSINI";"5600";"06000";"06088";"Nice";"06";"None";"None";"06088000KY0027";"None";"None";"70";"59.73";"None";"nan";"None";"nan";"None";"None";"None";"None";"1";"2";"Appartement";"53.0";"2.0";"None";"None";"None";"None";"nan";"7.258248";"43.701081";"000KY"
"2022-62489";"2022-07-20";"1";"Vente";"125000.0";"37.0";"None";"AV G CLEMENCEAU";"2880";"06000";"06088";"Nice";"06";"None";"None";"06088000KY0094";"None";"None";"41";"32.08";"9";"nan";"None";"nan";"None";"None";"None";"None";"2";"2";"Appartement";"50.0";"2.0";"None";"None";"None";"None";"nan";"7.261343";"43.701338";"000KY"
"2022-62432";"2022-07-20";"1";"Vente";"335000.0";"44.0";"None";"RUE ROSSINI";"5600";"06000";"06088";"Nice";"06";"None";"None";"06088000KY0027";"None";"None";"194";"nan";"None";"nan";"None";"nan";"None";"None";"None";"None";"1";"3";"Dépendance";"nan";"0.0";"None";"None";"None";"None";"nan";"7.258248";"43.701081";"000KY"
"2022-62432";"2022-07-20";"1";"Vente";"335000.0";"44.0";"None";"RUE ROSSINI";"5600";"06000";"06088";"Nice";"06";"None";"None";"06088000KY0027";"None";"None";"70";"59.73";"None";"nan";"None";"nan";"None";"None";"None";"None";"1";"3";"Dépendance";"nan";"0.0";"None";"None";"None";"None";"nan";"7.258248";"43.701081";"000KY"
"2022-62489";"2022-07-20";"1";"Vente";"125000.0";"37.0";"None";"AV G CLEMENCEAU";"2880";"06000";"06088";"Nice";"06";"None";"None";"06088000KY0094";"None";"None";"41";"32.08";"9";"nan";"None";"nan";"None";"None";"None";"None";"2";"3";"Dépendance";"nan";"0.0";"None";"None";"None";"None";"nan";"7.261343";"43.701338";"000KY"
"2022-62551";"2022-07-19";"1";"Vente en l'état futur d'achèvement";"850000.0";"nan";"None";"RUE BERLIOZ";"0790";"06000";"06088";"Nice";"06";"None";"None";"06088000KY0308";"None";"None";"19";"nan";"None";"nan";"None";"nan";"None";"None";"None";"None";"1";"None";"None";"nan";"nan";"None";"None";"None";"None";"nan";"7.259838";"43.701246";"000KY"
"2022-62551";"2022-07-19";"1";"Vente en l'état futur d'achèvement";"850000.0";"nan";"None";"RUE BERLIOZ";"0790";"06000";"06088";"Nice";"06";"None";"None";"06088000KY0308";"None";"None";"39";"nan";"None";"nan";"None";"nan";"None";"None";"None";"None";"1";"None";"None";"nan";"nan";"None";"None";"None";"None";"nan";"7.259838";"43.701246";"000KY"
"2022-62045";"2022-07-18";"1";"Vente";"193565.0";"71.0";"None";"RUE ROSSINI";"5600";"06000";"06088";"Nice";"06";"None";"None";"06088000KY0188";"None";"None";"47";"nan";"8";"38.73";"None";"nan";"None";"None";"None";"None";"2";"2";"Appartement";"41.0";"1.0";"None";"None";"None";"None";"nan";"7.25664";"43.700802";"000KY"
"2022-62619";"2022-07-18";"1";"Vente";"189000.0";"19.0";"None";"RUE GOUNOD";"2985";"06000";"06088";"Nice";"06";"None";"None";"06088000KY0313";"None";"None";"38";"36.44";"None";"nan";"None";"nan";"None";"None";"None";"None";"1";"2";"Appartement";"25.0";"1.0";"None";"None";"None";"None";"nan";"7.260284";"43.700785";"000KY"
"2022-62645";"2022-07-18";"1";"Vente";"350000.0";"3.0";"None";"AV AUBER";"0425";"06000";"06088";"Nice";"06";"None";"None";"06088000KY0266";"None";"None";"16";"nan";"8";"nan";"None";"nan";"None";"None";"None";"None";"2";"2";"Appartement";"53.0";"2.0";"None";"None";"None";"None";"nan";"7.261058";"43.699231";"000KY"
"2022-62645";"2022-07-18";"1";"Vente";"350000.0";"3.0";"None";"AV AUBER";"0425";"06000";"06088";"Nice";"06";"None";"None";"06088000KY0266";"None";"None";"16";"nan";"8";"nan";"None";"nan";"None";"None";"None";"None";"2";"3";"Dépendance";"nan";"0.0";"None";"None";"None";"None";"nan";"7.261058";"43.699231";"000KY"
"2022-62056";"2022-07-13";"1";"Vente";"458700.0";"25.0";"None";"RUE GOUNOD";"2985";"06000";"06088";"Nice";"06";"None";"None";"06088000KY0070";"None";"None";"52";"nan";"9";"nan";"None";"nan";"None";"None";"None";"None";"2";"2";"Appartement";"69.0";"3.0";"None";"None";"None";"None";"nan";"7.260341";"43.701072";"000KY"
"2022-62056";"2022-07-13";"1";"Vente";"458700.0";"25.0";"None";"RUE GOUNOD";"2985";"06000";"06088";"Nice";"06";"None";"None";"06088000KY0070";"None";"None";"52";"nan";"9";"nan";"None";"nan";"None";"None";"None";"None";"2";"3";"Dépendance";"nan";"0.0";"None";"None";"None";"None";"nan";"7.260341";"43.701072";"000KY"
"2022-61869";"2022-07-12";"1";"Vente";"155000.0";"32.0";"None";"RUE VERDI";"6620";"06000";"06088";"Nice";"06";"None";"None";"06088000KY0161";"None";"None";"3";"32.13";"None";"nan";"None";"nan";"None";"None";"None";"None";"1";"2";"Appartement";"34.0";"1.0";"None";"None";"None";"None";"nan";"7.258345";"43.699817";"000KY"
"2022-62209";"2022-07-12";"1";"Vente";"75500.0";"50.0";"None";"BD VICTOR HUGO";"6655";"06000";"06088";"Nice";"06";"None";"None";"06088000KY0244";"None";"None";"203";"14.09";"None";"nan";"None";"nan";"None";"None";"None";"None";"1";"2";"Appartement";"14.0";"1.0";"None";"None";"None";"None";"nan";"7.259365";"43.698542";"000KY"
"2022-62094";"2022-07-11";"1";"Vente";"185000.0";"62.0";"None";"BD GAMBETTA";"2755";"06000";"06088";"Nice";"06";"None";"None";"06088000KY0001";"None";"None";"37";"nan";"None";"nan";"None";"nan";"None";"None";"None";"None";"1";"2";"Appartement";"47.0";"2.0";"None";"None";"None";"None";"nan";"7.256638";"43.701528";"000KY"
"2022-62229";"2022-07-11";"1";"Vente";"135000.0";"41.0";"None";"AV G CLEMENCEAU";"2880";"06000";"06088";"Nice";"06";"None";"None";"06088000KY0083";"None";"None";"12";"48.67";"None";"nan";"None";"nan";"None";"None";"None";"None";"1";"2";"Appartement";"41.0";"3.0";"None";"None";"None";"None";"nan";"7.260537";"43.70166";"000KY"
"2022-62094";"2022-07-11";"1";"Vente";"185000.0";"62.0";"None";"BD GAMBETTA";"2755";"06000";"06088";"Nice";"06";"None";"None";"06088000KY0001";"None";"None";"214";"nan";"None";"nan";"None";"nan";"None";"None";"None";"None";"1";"3";"Dépendance";"nan";"0.0";"None";"None";"None";"None";"nan";"7.256638";"43.701528";"000KY"
"2022-62229";"2022-07-11";"1";"Vente";"135000.0";"41.0";"None";"AV G CLEMENCEAU";"2880";"06000";"06088";"Nice";"06";"None";"None";"06088000KY0083";"None";"None";"12";"48.67";"None";"nan";"None";"nan";"None";"None";"None";"None";"1";"3";"Dépendance";"nan";"0.0";"None";"None";"None";"None";"nan";"7.260537";"43.70166";"000KY"
"2022-62097";"2022-07-08";"1";"Vente";"140000.0";"nan";"None";"RUE TCHEKHOV";"6318";"06000";"06088";"Nice";"06";"None";"None";"06088000KY0095";"None";"None";"307";"nan";"None";"nan";"None";"nan";"None";"None";"None";"None";"1";"2";"Appartement";"26.0";"2.0";"None";"None";"None";"None";"nan";"7.261213";"43.701137";"000KY"
"2022-62334";"2022-07-08";"1";"Vente";"25000.0";"20.0";"None";"AV AUBER";"0425";"06000";"06088";"Nice";"06";"None";"None";"06088000KY0107";"None";"None";"70";"nan";"None";"nan";"None";"nan";"None";"None";"None";"None";"1";"4";"Local industriel. commercial ou assimilé";"10.0";"0.0";"None";"None";"None";"None";"nan";"7.261966";"43.701457";"000KY"
"2022-61504";"2022-07-07";"1";"Vente";"550000.0";"33.0";"None";"RUE VERDI";"6620";"06000";"06088";"Nice";"06";"None";"None";"06088000KY0221";"None";"None";"14";"99.82";"43";"nan";"None";"nan";"None";"None";"None";"None";"2";"2";"Appartement";"115.0";"3.0";"None";"None";"None";"None";"nan";"7.258044";"43.699364";"000KY"
"2022-62720";"2022-07-07";"1";"Vente";"570000.0";"39.0";"None";"RUE VERDI";"6620";"06000";"06088";"Nice";"06";"None";"None";"06088000KY0199";"None";"None";"20";"nan";"42";"110.01";"None";"nan";"None";"None";"None";"None";"2";"2";"Appartement";"108.0";"4.0";"None";"None";"None";"None";"nan";"7.257033";"43.699385";"000KY"
"2022-61504";"2022-07-07";"1";"Vente";"550000.0";"33.0";"None";"RUE VERDI";"6620";"06000";"06088";"Nice";"06";"None";"None";"06088000KY0221";"None";"None";"14";"99.82";"43";"nan";"None";"nan";"None";"None";"None";"None";"2";"3";"Dépendance";"nan";"0.0";"None";"None";"None";"None";"nan";"7.258044";"43.699364";"000KY"
"2022-62720";"2022-07-07";"1";"Vente";"570000.0";"39.0";"None";"RUE VERDI";"6620";"06000";"06088";"Nice";"06";"None";"None";"06088000KY0199";"None";"None";"20";"nan";"42";"110.01";"None";"nan";"None";"None";"None";"None";"2";"3";"Dépendance";"nan";"0.0";"None";"None";"None";"None";"nan";"7.257033";"43.699385";"000KY"
"2022-62720";"2022-07-07";"1";"Vente";"570000.0";"39.0";"None";"RUE VERDI";"6620";"06000";"06088";"Nice";"06";"None";"None";"06088000KY0199";"None";"None";"20";"nan";"42";"110.01";"None";"nan";"None";"None";"None";"None";"2";"3";"Dépendance";"nan";"0.0";"None";"None";"None";"None";"nan";"7.257033";"43.699385";"000KY"
"2022-62373";"2022-07-06";"1";"Vente";"149150.0";"61.0";"None";"RUE ROSSINI";"5600";"06000";"06088";"Nice";"06";"None";"None";"06088000KY0183";"None";"None";"10";"nan";"37";"34.31";"None";"nan";"None";"None";"None";"None";"2";"2";"Appartement";"32.0";"1.0";"None";"None";"None";"None";"nan";"7.25771";"43.700642";"000KY"
"2022-62373";"2022-07-06";"1";"Vente";"149150.0";"61.0";"None";"RUE ROSSINI";"5600";"06000";"06088";"Nice";"06";"None";"None";"06088000KY0183";"None";"None";"10";"nan";"37";"34.31";"None";"nan";"None";"None";"None";"None";"2";"3";"Dépendance";"nan";"0.0";"None";"None";"None";"None";"nan";"7.25771";"43.700642";"000KY"
"2022-60968";"2022-07-04";"1";"Vente";"480000.0";"39.0";"None";"RUE VERDI";"6620";"06000";"06088";"Nice";"06";"None";"None";"06088000KY0199";"None";"None";"36";"82.3";"4";"nan";"None";"nan";"None";"None";"None";"None";"2";"2";"Appartement";"68.0";"3.0";"None";"None";"None";"None";"nan";"7.257033";"43.699385";"000KY"
"2022-61224";"2022-07-04";"1";"Vente";"729500.0";"10.0";"None";"RUE BERLIOZ";"0790";"06000";"06088";"Nice";"06";"None";"None";"06088000KY0251";"None";"None";"80";"102.24";"None";"nan";"None";"nan";"None";"None";"None";"None";"1";"2";"Appartement";"100.0";"3.0";"None";"None";"None";"None";"nan";"7.259388";"43.699142";"000KY"
"2022-61725";"2022-07-04";"1";"Vente";"148000.0";"33.0";"None";"RUE GOUNOD";"2985";"06000";"06088";"Nice";"06";"None";"None";"06088000KY0087";"None";"None";"17";"nan";"None";"nan";"None";"nan";"None";"None";"None";"None";"1";"2";"Appartement";"36.0";"2.0";"None";"None";"None";"None";"nan";"7.260646";"43.701586";"000KY"
"2022-60968";"2022-07-04";"1";"Vente";"480000.0";"39.0";"None";"RUE VERDI";"6620";"06000";"06088";"Nice";"06";"None";"None";"06088000KY0199";"None";"None";"36";"82.3";"4";"nan";"None";"nan";"None";"None";"None";"None";"2";"3";"Dépendance";"nan";"0.0";"None";"None";"None";"None";"nan";"7.257033";"43.699385";"000KY"
"2022-61224";"2022-07-04";"1";"Vente";"729500.0";"10.0";"None";"RUE BERLIOZ";"0790";"06000";"06088";"Nice";"06";"None";"None";"06088000KY0251";"None";"None";"29";"nan";"None";"nan";"None";"nan";"None";"None";"None";"None";"1";"3";"Dépendance";"nan";"0.0";"None";"None";"None";"None";"nan";"7.259388";"43.699142";"000KY"
"2022-61224";"2022-07-04";"1";"Vente";"729500.0";"10.0";"None";"RUE BERLIOZ";"0790";"06000";"06088";"Nice";"06";"None";"None";"06088000KY0251";"None";"None";"61";"nan";"None";"nan";"None";"nan";"None";"None";"None";"None";"1";"3";"Dépendance";"nan";"0.0";"None";"None";"None";"None";"nan";"7.259388";"43.699142";"000KY"
"2022-61514";"2022-07-04";"1";"Vente";"175000.0";"1.0";"B";"AV DURANTE";"2125";"06000";"06088";"Nice";"06";"None";"None";"06088000KY0109";"None";"None";"14";"60.3";"None";"nan";"None";"nan";"None";"None";"None";"None";"1";"4";"Local industriel. commercial ou assimilé";"52.0";"0.0";"None";"None";"None";"None";"nan";"7.262151";"43.701241";"000KY"
"2022-60660";"2022-07-01";"1";"Vente";"413000.0";"32.0";"None";"RUE BERLIOZ";"0790";"06000";"06088";"Nice";"06";"None";"None";"06088000KY0076";"None";"None";"130";"56.58";"80";"nan";"None";"nan";"None";"None";"None";"None";"2";"2";"Appartement";"55.0";"2.0";"None";"None";"None";"None";"nan";"7.259888";"43.701741";"000KY"
"2022-60967";"2022-07-01";"1";"Vente";"480000.0";"29.0";"None";"RUE GUIGLIA";"3090";"06000";"06088";"Nice";"06";"None";"None";"06088000KY0020";"None";"None";"13";"108.07";"None";"nan";"None";"nan";"None";"None";"None";"None";"1";"2";"Appartement";"88.0";"3.0";"None";"None";"None";"None";"nan";"7.257751";"43.701499";"000KY"
"2022-60660";"2022-07-01";"1";"Vente";"413000.0";"32.0";"None";"RUE BERLIOZ";"0790";"06000";"06088";"Nice";"06";"None";"None";"06088000KY0076";"None";"None";"130";"56.58";"80";"nan";"None";"nan";"None";"None";"None";"None";"2";"3";"Dépendance";"nan";"0.0";"None";"None";"None";"None";"nan";"7.259888";"43.701741";"000KY"
"2022-60967";"2022-07-01";"1";"Vente";"480000.0";"29.0";"None";"RUE GUIGLIA";"3090";"06000";"06088";"Nice";"06";"None";"None";"06088000KY0020";"None";"None";"28";"nan";"None";"nan";"None";"nan";"None";"None";"None";"None";"1";"3";"Dépendance";"nan";"0.0";"None";"None";"None";"None";"nan";"7.257751";"43.701499";"000KY"
"2022-60648";"2022-06-30";"1";"Vente";"440995.0";"41.0";"None";"RUE HEROLD";"3235";"06000";"06088";"Nice";"06";"None";"None";"06088000KY0034";"None";"None";"26";"59.66";"8";"nan";"None";"nan";"None";"None";"None";"None";"2";"2";"Appartement";"50.0";"2.0";"None";"None";"None";"None";"nan";"7.258592";"43.701467";"000KY"
"2022-60978";"2022-06-30";"1";"Vente";"285000.0";"42.0";"None";"RUE HEROLD";"3235";"06000";"06088";"Nice";"06";"None";"None";"06088000KY0054";"None";"None";"53";"51.27";"67";"nan";"None";"nan";"None";"None";"None";"None";"2";"2";"Appartement";"50.0";"2.0";"None";"None";"None";"None";"nan";"7.259204";"43.701324";"000KY"
"2022-61255";"2022-06-30";"1";"Vente";"120203.0";"6.0";"None";"RUE HEROLD";"3235";"06000";"06088";"Nice";"06";"None";"None";"06088000KY0235";"None";"None";"13";"17.43";"None";"nan";"None";"nan";"None";"None";"None";"None";"1";"2";"Appartement";"18.0";"1.0";"None";"None";"None";"None";"nan";"7.258484";"43.698894";"000KY"
"2022-62016";"2022-06-30";"1";"Vente";"349000.0";"37.0";"None";"AV G CLEMENCEAU";"2880";"06000";"06088";"Nice";"06";"None";"None";"06088000KY0093";"None";"None";"52";"64.54";"None";"nan";"None";"nan";"None";"None";"None";"None";"1";"2";"Appartement";"65.0";"3.0";"None";"None";"None";"None";"nan";"7.261275";"43.701541";"000KY"
"2022-60648";"2022-06-30";"1";"Vente";"440995.0";"41.0";"None";"RUE HEROLD";"3235";"06000";"06088";"Nice";"06";"None";"None";"06088000KY0034";"None";"None";"26";"59.66";"8";"nan";"None";"nan";"None";"None";"None";"None";"2";"3";"Dépendance";"nan";"0.0";"None";"None";"None";"None";"nan";"7.258592";"43.701467";"000KY"
"2022-60978";"2022-06-30";"1";"Vente";"285000.0";"42.0";"None";"RUE HEROLD";"3235";"06000";"06088";"Nice";"06";"None";"None";"06088000KY0054";"None";"None";"53";"51.27";"67";"nan";"None";"nan";"None";"None";"None";"None";"2";"3";"Dépendance";"nan";"0.0";"None";"None";"None";"None";"nan";"7.259204";"43.701324";"000KY"
"2022-61336";"2022-06-29";"1";"Vente";"365000.0";"1.0";"None";"RUE BERLIOZ";"0790";"06000";"06088";"Nice";"06";"None";"None";"06088000KY0240";"None";"None";"3";"nan";"32";"60.04";"None";"nan";"None";"None";"None";"None";"2";"2";"Appartement";"60.0";"2.0";"None";"None";"None";"None";"nan";"7.2589";"43.698353";"000KY"
"2022-60840";"2022-06-28";"1";"Vente";"600000.0";"7.0";"None";"RUE AMIRAL DE GRASSE";"0170";"06000";"06088";"Nice";"06";"None";"None";"06088000KY0007";"None";"None";"25";"nan";"7";"nan";"8";"nan";"None";"None";"None";"None";"3";"2";"Appartement";"129.0";"5.0";"None";"None";"None";"None";"nan";"7.256802";"43.701437";"000KY"
"2022-61276";"2022-06-28";"1";"Vente";"128000.0";"35.0";"None";"RUE GOUNOD";"2985";"06000";"06088";"Nice";"06";"None";"None";"06088000KY0088";"None";"None";"7";"38.4";"None";"nan";"None";"nan";"None";"None";"None";"None";"1";"2";"Appartement";"39.0";"1.0";"None";"None";"None";"None";"nan";"7.260679";"43.701686";"000KY"
"2022-60840";"2022-06-28";"1";"Vente";"600000.0";"7.0";"None";"RUE AMIRAL DE GRASSE";"0170";"06000";"06088";"Nice";"06";"None";"None";"06088000KY0007";"None";"None";"25";"nan";"7";"nan";"8";"nan";"None";"None";"None";"None";"3";"3";"Dépendance";"nan";"0.0";"None";"None";"None";"None";"nan";"7.256802";"43.701437";"000KY"
"2022-61148";"2022-06-28";"1";"Vente";"580000.0";"12.0";"None";"AV AUBER";"0425";"06000";"06088";"Nice";"06";"None";"None";"06088000KY0122";"None";"None";"12";"110.0";"63";"nan";"None";"nan";"None";"None";"None";"None";"2";"4";"Local industriel. commercial ou assimilé";"110.0";"0.0";"None";"None";"None";"None";"nan";"7.261671";"43.700007";"000KY"
"2022-62999";"2022-06-28";"1";"Vente";"1145000.0";"42.0";"None";"RUE VERDI";"6620";"06000";"06088";"Nice";"06";"None";"None";"06088000KY0316";"None";"None";"1";"343.03";"51";"228.0";"None";"nan";"None";"None";"None";"None";"2";"4";"Local industriel. commercial ou assimilé";"340.0";"0.0";"None";"None";"None";"None";"nan";"7.256852";"43.699911";"000KY"
"2022-60494";"2022-06-27";"1";"Vente";"1760000.0";"13.0";"None";"RUE HEROLD";"3235";"06000";"06088";"Nice";"06";"None";"None";"06088000KY0218";"None";"None";"None";"nan";"None";"nan";"None";"nan";"None";"None";"None";"None";"0";"2";"Appartement";"75.0";"3.0";"S";"sols";"None";"None";"240.0";"7.258164";"43.69909";"000KY"
"2022-60494";"2022-06-27";"1";"Vente";"1760000.0";"13.0";"None";"RUE HEROLD";"3235";"06000";"06088";"Nice";"06";"None";"None";"06088000KY0218";"None";"None";"None";"nan";"None";"nan";"None";"nan";"None";"None";"None";"None";"0";"2";"Appartement";"115.0";"4.0";"S";"sols";"None";"None";"240.0";"7.258164";"43.69909";"000KY"
"2022-60494";"2022-06-27";"1";"Vente";"1760000.0";"13.0";"None";"RUE HEROLD";"3235";"06000";"06088";"Nice";"06";"None";"None";"06088000KY0218";"None";"None";"None";"nan";"None";"nan";"None";"nan";"None";"None";"None";"None";"0";"2";"Appartement";"115.0";"4.0";"S";"sols";"None";"None";"240.0";"7.258164";"43.69909";"000KY"
"2022-60494";"2022-06-27";"1";"Vente";"1760000.0";"13.0";"None";"RUE HEROLD";"3235";"06000";"06088";"Nice";"06";"None";"None";"06088000KY0218";"None";"None";"None";"nan";"None";"nan";"None";"nan";"None";"None";"None";"None";"0";"3";"Dépendance";"nan";"0.0";"S";"sols";"None";"None";"240.0";"7.258164";"43.69909";"000KY"
"2022-60494";"2022-06-27";"1";"Vente";"1760000.0";"13.0";"None";"RUE HEROLD";"3235";"06000";"06088";"Nice";"06";"None";"None";"06088000KY0218";"None";"None";"None";"nan";"None";"nan";"None";"nan";"None";"None";"None";"None";"0";"3";"Dépendance";"nan";"0.0";"S";"sols";"None";"None";"240.0";"7.258164";"43.69909";"000KY"
"2022-60494";"2022-06-27";"1";"Vente";"1760000.0";"13.0";"None";"RUE HEROLD";"3235";"06000";"06088";"Nice";"06";"None";"None";"06088000KY0218";"None";"None";"None";"nan";"None";"nan";"None";"nan";"None";"None";"None";"None";"0";"3";"Dépendance";"nan";"0.0";"S";"sols";"None";"None";"240.0";"7.258164";"43.69909";"000KY"
"2022-60494";"2022-06-27";"1";"Vente";"1760000.0";"13.0";"None";"RUE HEROLD";"3235";"06000";"06088";"Nice";"06";"None";"None";"06088000KY0218";"None";"None";"None";"nan";"None";"nan";"None";"nan";"None";"None";"None";"None";"0";"3";"Dépendance";"nan";"0.0";"S";"sols";"None";"None";"240.0";"7.258164";"43.69909";"000KY"
"2022-60494";"2022-06-27";"1";"Vente";"1760000.0";"13.0";"None";"RUE HEROLD";"3235";"06000";"06088";"Nice";"06";"None";"None";"06088000KY0218";"None";"None";"None";"nan";"None";"nan";"None";"nan";"None";"None";"None";"None";"0";"4";"Local industriel. commercial ou assimilé";"70.0";"0.0";"S";"sols";"None";"None";"240.0";"7.258164";"43.69909";"000KY"
"2022-60494";"2022-06-27";"1";"Vente";"1760000.0";"nan";"None";"RUE HEROLD";"3235";"06000";"06088";"Nice";"06";"None";"None";"06088000KY0275";"None";"None";"None";"nan";"None";"nan";"None";"nan";"None";"None";"None";"None";"0";"None";"None";"nan";"nan";"S";"sols";"None";"None";"27.0";"7.258299";"43.699067";"000KY"
"2022-60639";"2022-06-24";"1";"Vente";"38640.0";"18.0";"None";"RUE GUIGLIA";"3090";"06000";"06088";"Nice";"06";"None";"None";"06088000KY0167";"None";"None";"15";"nan";"None";"nan";"None";"nan";"None";"None";"None";"None";"1";"2";"Appartement";"30.0";"1.0";"None";"None";"None";"None";"nan";"7.258148";"43.700464";"000KY"
"2022-60875";"2022-06-24";"1";"Vente";"228920.0";"36.0";"None";"RUE HEROLD";"3235";"06000";"06088";"Nice";"06";"None";"None";"06088000KY0057";"None";"None";"100";"nan";"None";"nan";"None";"nan";"None";"None";"None";"None";"1";"2";"Appartement";"48.0";"2.0";"None";"None";"None";"None";"nan";"7.259139";"43.700904";"000KY"
"2022-60068";"2022-06-22";"1";"Vente";"405000.0";"14.0";"None";"RUE GOUNOD";"2985";"06000";"06088";"Nice";"06";"None";"None";"06088000KY0132";"None";"None";"1";"nan";"24";"71.62";"None";"nan";"None";"None";"None";"None";"2";"2";"Appartement";"68.0";"3.0";"None";"None";"None";"None";"nan";"7.260585";"43.699849";"000KY"
"2022-60068";"2022-06-22";"1";"Vente";"405000.0";"14.0";"None";"RUE GOUNOD";"2985";"06000";"06088";"Nice";"06";"None";"None";"06088000KY0132";"None";"None";"1";"nan";"24";"71.62";"None";"nan";"None";"None";"None";"None";"2";"3";"Dépendance";"nan";"0.0";"None";"None";"None";"None";"nan";"7.260585";"43.699849";"000KY"
"2022-60750";"2022-06-21";"1";"Vente";"113000.0";"37.0";"None";"AV G CLEMENCEAU";"2880";"06000";"06088";"Nice";"06";"None";"None";"06088000KY0094";"None";"None";"2";"nan";"31";"23.07";"None";"nan";"None";"None";"None";"None";"2";"2";"Appartement";"30.0";"2.0";"None";"None";"None";"None";"nan";"7.261343";"43.701338";"000KY"
"2022-60750";"2022-06-21";"1";"Vente";"113000.0";"37.0";"None";"AV G CLEMENCEAU";"2880";"06000";"06088";"Nice";"06";"None";"None";"06088000KY0094";"None";"None";"2";"nan";"31";"23.07";"None";"nan";"None";"None";"None";"None";"2";"3";"Dépendance";"nan";"0.0";"None";"None";"None";"None";"nan";"7.261343";"43.701338";"000KY"
"2022-59984";"2022-06-20";"1";"Vente";"130000.0";"40.0";"None";"BD GAMBETTA";"2755";"06000";"06088";"Nice";"06";"None";"None";"06088000KY0193";"None";"None";"40";"52.0";"None";"nan";"None";"nan";"None";"None";"None";"None";"1";"2";"Appartement";"59.0";"2.0";"None";"None";"None";"None";"nan";"7.256559";"43.700111";"000KY"
"2022-60418";"2022-06-20";"1";"Vente";"409000.0";"10.0";"None";"RUE GUIGLIA";"3090";"06000";"06088";"Nice";"06";"None";"None";"06088000KY0220";"None";"None";"10";"nan";"22";"nan";"None";"nan";"None";"None";"None";"None";"2";"2";"Appartement";"66.0";"3.0";"None";"None";"None";"None";"nan";"7.258067";"43.699207";"000KY"
"2022-60418";"2022-06-20";"1";"Vente";"409000.0";"10.0";"None";"RUE GUIGLIA";"3090";"06000";"06088";"Nice";"06";"None";"None";"06088000KY0220";"None";"None";"10";"nan";"22";"nan";"None";"nan";"None";"None";"None";"None";"2";"3";"Dépendance";"nan";"0.0";"None";"None";"None";"None";"nan";"7.258067";"43.699207";"000KY"
"2022-60488";"2022-06-17";"1";"Vente";"77000.0";"41.0";"None";"AV G CLEMENCEAU";"2880";"06000";"06088";"Nice";"06";"None";"None";"06088000KY0083";"None";"None";"44";"15.93";"None";"nan";"None";"nan";"None";"None";"None";"None";"1";"2";"Appartement";"15.0";"1.0";"None";"None";"None";"None";"nan";"7.260537";"43.70166";"000KY"
"2022-60939";"2022-06-17";"1";"Vente";"140010.0";"35.0";"None";"RUE GOUNOD";"2985";"06000";"06088";"Nice";"06";"None";"None";"06088000KY0088";"None";"None";"10";"nan";"None";"nan";"None";"nan";"None";"None";"None";"None";"1";"2";"Appartement";"40.0";"2.0";"None";"None";"None";"None";"nan";"7.260679";"43.701686";"000KY"
"2022-60137";"2022-06-16";"1";"Vente";"141000.0";"14.0";"None";"RUE GUIGLIA";"3090";"06000";"06088";"Nice";"06";"None";"None";"06088000KY0169";"None";"None";"37";"nan";"None";"nan";"None";"nan";"None";"None";"None";"None";"1";"2";"Appartement";"39.0";"2.0";"None";"None";"None";"None";"nan";"7.2581";"43.700184";"000KY"
"2022-60142";"2022-06-16";"1";"Vente";"229500.0";"32.0";"None";"RUE VERDI";"6620";"06000";"06088";"Nice";"06";"None";"None";"06088000KY0161";"None";"None";"29";"nan";"None";"nan";"None";"nan";"None";"None";"None";"None";"1";"2";"Appartement";"34.0";"1.0";"None";"None";"None";"None";"nan";"7.258345";"43.699817";"000KY"
"2022-60587";"2022-06-16";"1";"Vente";"291500.0";"33.0";"None";"RUE VERDI";"6620";"06000";"06088";"Nice";"06";"None";"None";"06088000KY0221";"None";"None";"51";"49.48";"60";"nan";"None";"nan";"None";"None";"None";"None";"2";"2";"Appartement";"52.0";"2.0";"None";"None";"None";"None";"nan";"7.258044";"43.699364";"000KY"
"2022-60589";"2022-06-16";"1";"Vente";"145000.0";"10.0";"None";"IMP MOZART";"4470";"06000";"06088";"Nice";"06";"None";"None";"06088000KY0073";"None";"None";"9";"nan";"None";"nan";"None";"nan";"None";"None";"None";"None";"1";"2";"Appartement";"12.0";"1.0";"None";"None";"None";"None";"nan";"7.260216";"43.701278";"000KY"
"2022-60589";"2022-06-16";"1";"Vente";"145000.0";"10.0";"None";"IMP MOZART";"4470";"06000";"06088";"Nice";"06";"None";"None";"06088000KY0073";"None";"None";"8";"nan";"None";"nan";"None";"nan";"None";"None";"None";"None";"1";"2";"Appartement";"29.0";"2.0";"None";"None";"None";"None";"nan";"7.260216";"43.701278";"000KY"
"2022-60137";"2022-06-16";"1";"Vente";"141000.0";"14.0";"None";"RUE GUIGLIA";"3090";"06000";"06088";"Nice";"06";"None";"None";"06088000KY0169";"None";"None";"24";"nan";"None";"nan";"None";"nan";"None";"None";"None";"None";"1";"3";"Dépendance";"nan";"0.0";"None";"None";"None";"None";"nan";"7.2581";"43.700184";"000KY"
"2022-60587";"2022-06-16";"1";"Vente";"291500.0";"33.0";"None";"RUE VERDI";"6620";"06000";"06088";"Nice";"06";"None";"None";"06088000KY0221";"None";"None";"51";"49.48";"60";"nan";"None";"nan";"None";"None";"None";"None";"2";"3";"Dépendance";"nan";"0.0";"None";"None";"None";"None";"nan";"7.258044";"43.699364";"000KY"
"2022-60587";"2022-06-16";"1";"Vente";"291500.0";"33.0";"None";"RUE VERDI";"6620";"06000";"06088";"Nice";"06";"None";"None";"06088000KY0221";"None";"None";"51";"49.48";"60";"nan";"None";"nan";"None";"None";"None";"None";"2";"3";"Dépendance";"nan";"0.0";"None";"None";"None";"None";"nan";"7.258044";"43.699364";"000KY"
"2022-59930";"2022-06-13";"1";"Vente";"375000.0";"29.0";"None";"RUE BERLIOZ";"0790";"06000";"06088";"Nice";"06";"None";"None";"06088000KY0286";"None";"None";"10";"64.0";"None";"nan";"None";"nan";"None";"None";"None";"None";"1";"2";"Appartement";"63.0";"3.0";"None";"None";"None";"None";"nan";"7.25927";"43.701073";"000KY"
"2022-59930";"2022-06-13";"1";"Vente";"375000.0";"29.0";"None";"RUE BERLIOZ";"0790";"06000";"06088";"Nice";"06";"None";"None";"06088000KY0286";"None";"None";"10";"64.0";"None";"nan";"None";"nan";"None";"None";"None";"None";"1";"3";"Dépendance";"nan";"0.0";"None";"None";"None";"None";"nan";"7.25927";"43.701073";"000KY"
"2022-59432";"2022-06-10";"1";"Vente";"104000.0";"20.0";"None";"RUE HEROLD";"3235";"06000";"06088";"Nice";"06";"None";"None";"06088000KY0159";"None";"None";"57";"14.07";"None";"nan";"None";"nan";"None";"None";"None";"None";"1";"2";"Appartement";"13.0";"1.0";"None";"None";"None";"None";"nan";"7.258684";"43.699913";"000KY"
"2022-59759";"2022-06-10";"1";"Vente";"325000.0";"47.0";"None";"AV G CLEMENCEAU";"2880";"06000";"06088";"Nice";"06";"None";"None";"06088000KY0076";"None";"None";"101";"76.71";"66";"nan";"None";"nan";"None";"None";"None";"None";"2";"2";"Appartement";"75.0";"3.0";"None";"None";"None";"None";"nan";"7.259888";"43.701741";"000KY"
"2022-60308";"2022-06-10";"1";"Vente";"160000.0";"35.0";"None";"RUE BERLIOZ";"0790";"06000";"06088";"Nice";"06";"None";"None";"06088000KY0052";"None";"None";"2";"nan";"6";"nan";"None";"nan";"None";"None";"None";"None";"2";"2";"Appartement";"21.0";"2.0";"None";"None";"None";"None";"nan";"7.259315";"43.701388";"000KY"
"2022-61072";"2022-06-10";"1";"Vente";"40000.0";"26.0";"None";"RUE ROSSINI";"5600";"06000";"06088";"Nice";"06";"None";"None";"06088000KY0313";"None";"None";"33";"11.5";"None";"nan";"None";"nan";"None";"None";"None";"None";"1";"2";"Appartement";"9.0";"1.0";"None";"None";"None";"None";"nan";"7.260284";"43.700785";"000KY"
"2022-59759";"2022-06-10";"1";"Vente";"325000.0";"47.0";"None";"AV G CLEMENCEAU";"2880";"06000";"06088";"Nice";"06";"None";"None";"06088000KY0076";"None";"None";"101";"76.71";"66";"nan";"None";"nan";"None";"None";"None";"None";"2";"3";"Dépendance";"nan";"0.0";"None";"None";"None";"None";"nan";"7.259888";"43.701741";"000KY"
"2022-60311";"2022-06-10";"1";"Vente";"1.0";"nan";"None";"RUE BERLIOZ";"0790";"06000";"06088";"Nice";"06";"None";"None";"06088000KY0307";"None";"None";"None";"nan";"None";"nan";"None";"nan";"None";"None";"None";"None";"0";"None";"None";"nan";"nan";"L";"landes";"None";"None";"143.0";"7.260083";"43.701222";"000KY"
"2022-60099";"2022-06-09";"1";"Vente";"544000.0";"30.0";"None";"RUE GUIGLIA";"3090";"06000";"06088";"Nice";"06";"None";"None";"06088000KY0033";"None";"None";"29";"nan";"32";"99.35";"None";"nan";"None";"None";"None";"None";"2";"2";"Appartement";"97.0";"4.0";"None";"None";"None";"None";"nan";"7.258227";"43.701468";"000KY"
"2022-60099";"2022-06-09";"1";"Vente";"544000.0";"32.0";"None";"RUE GUIGLIA";"3090";"06000";"06088";"Nice";"06";"None";"None";"06088000KY0036";"None";"None";"1";"nan";"None";"nan";"None";"nan";"None";"None";"None";"None";"1";"3";"Dépendance";"nan";"0.0";"None";"None";"None";"None";"nan";"7.258264";"43.701645";"000KY"
"2022-60144";"2022-06-08";"1";"Vente";"76500.0";"8.0";"None";"IMP MOZART";"4470";"06000";"06088";"Nice";"06";"None";"None";"06088000KY0072";"None";"None";"14";"nan";"None";"nan";"None";"nan";"None";"None";"None";"None";"1";"2";"Appartement";"19.0";"1.0";"None";"None";"None";"None";"nan";"7.260369";"43.70126";"000KY"
"2022-60485";"2022-06-07";"1";"Vente";"510000.0";"26.0";"None";"RUE VERDI";"6620";"06000";"06088";"Nice";"06";"None";"None";"06088000KY0323";"None";"None";"12";"nan";"25";"88.04";"None";"nan";"None";"None";"None";"None";"2";"2";"Appartement";"85.0";"3.0";"None";"None";"None";"None";"nan";"7.258913";"43.699791";"000KY"
"2022-60485";"2022-06-07";"1";"Vente";"510000.0";"26.0";"None";"RUE VERDI";"6620";"06000";"06088";"Nice";"06";"None";"None";"06088000KY0323";"None";"None";"12";"nan";"25";"88.04";"None";"nan";"None";"None";"None";"None";"2";"3";"Dépendance";"nan";"0.0";"None";"None";"None";"None";"nan";"7.258913";"43.699791";"000KY"
"2022-59424";"2022-06-02";"1";"Vente";"322800.0";"59.0";"None";"RUE ROSSINI";"5600";"06000";"06088";"Nice";"06";"None";"None";"06088000KY0166";"None";"None";"6";"nan";"67";"52.21";"None";"nan";"None";"None";"None";"None";"2";"2";"Appartement";"56.0";"2.0";"None";"None";"None";"None";"nan";"7.258158";"43.700614";"000KY"
"2022-59727";"2022-05-31";"1";"Vente";"163000.0";"29.0";"None";"RUE GOUNOD";"2985";"06000";"06088";"Nice";"06";"None";"None";"06088000KY0085";"None";"None";"11";"46.89";"None";"nan";"None";"nan";"None";"None";"None";"None";"1";"2";"Appartement";"55.0";"2.0";"None";"None";"None";"None";"nan";"7.260543";"43.701354";"000KY"
"2022-59313";"2022-05-31";"1";"Vente";"149000.0";"16.0";"None";"RUE AMIRAL DE GRASSE";"0170";"06000";"06088";"Nice";"06";"None";"None";"06088000KY0015";"None";"None";"75";"48.97";"None";"nan";"None";"nan";"None";"None";"None";"None";"1";"4";"Local industriel. commercial ou assimilé";"52.0";"0.0";"None";"None";"None";"None";"nan";"7.257347";"43.701401";"000KY"
"2022-58920";"2022-05-30";"1";"Vente";"92000.0";"24.0";"None";"RUE VERDI";"6620";"06000";"06088";"Nice";"06";"None";"None";"06088000KY0149";"None";"None";"43";"35.27";"None";"nan";"None";"nan";"None";"None";"None";"None";"1";"2";"Appartement";"36.0";"2.0";"None";"None";"None";"None";"nan";"7.259018";"43.699813";"000KY"
"2022-59987";"2022-05-30";"1";"Vente";"4775000.0";"17.0";"None";"AV AUBER";"0425";"06000";"06088";"Nice";"06";"None";"None";"06088000KY0105";"None";"None";"None";"nan";"None";"nan";"None";"nan";"None";"None";"None";"None";"0";"4";"Local industriel. commercial ou assimilé";"710.0";"0.0";"S";"sols";"None";"None";"481.0";"7.261434";"43.701132";"000KY"
"2022-59723";"2022-05-25";"1";"Vente";"95000.0";"39.0";"B";"AV G CLEMENCEAU";"2880";"06000";"06088";"Nice";"06";"None";"None";"06088000KY0084";"None";"None";"48";"nan";"None";"nan";"None";"nan";"None";"None";"None";"None";"1";"2";"Appartement";"25.0";"3.0";"None";"None";"None";"None";"nan";"7.260432";"43.701463";"000KY"
"2022-60115";"2022-05-25";"1";"Vente";"693000.0";"15.0";"None";"RUE LOUISE ACKERMANN";"3770";"06000";"06088";"Nice";"06";"None";"None";"06088000KY0014";"None";"None";"None";"nan";"None";"nan";"None";"nan";"None";"None";"None";"None";"0";"2";"Appartement";"24.0";"1.0";"S";"sols";"None";"None";"240.0";"7.257234";"43.701202";"000KY"
"2022-60115";"2022-05-25";"1";"Vente";"693000.0";"15.0";"None";"RUE LOUISE ACKERMANN";"3770";"06000";"06088";"Nice";"06";"None";"None";"06088000KY0014";"None";"None";"None";"nan";"None";"nan";"None";"nan";"None";"None";"None";"None";"0";"2";"Appartement";"29.0";"2.0";"S";"sols";"None";"None";"240.0";"7.257234";"43.701202";"000KY"
"2022-60115";"2022-05-25";"1";"Vente";"693000.0";"15.0";"None";"RUE LOUISE ACKERMANN";"3770";"06000";"06088";"Nice";"06";"None";"None";"06088000KY0014";"None";"None";"None";"nan";"None";"nan";"None";"nan";"None";"None";"None";"None";"0";"2";"Appartement";"45.0";"3.0";"S";"sols";"None";"None";"240.0";"7.257234";"43.701202";"000KY"
"2022-60115";"2022-05-25";"1";"Vente";"693000.0";"15.0";"None";"RUE LOUISE ACKERMANN";"3770";"06000";"06088";"Nice";"06";"None";"None";"06088000KY0014";"None";"None";"None";"nan";"None";"nan";"None";"nan";"None";"None";"None";"None";"0";"2";"Appartement";"42.0";"2.0";"S";"sols";"None";"None";"240.0";"7.257234";"43.701202";"000KY"
"2022-60115";"2022-05-25";"1";"Vente";"693000.0";"15.0";"None";"RUE LOUISE ACKERMANN";"3770";"06000";"06088";"Nice";"06";"None";"None";"06088000KY0014";"None";"None";"None";"nan";"None";"nan";"None";"nan";"None";"None";"None";"None";"0";"2";"Appartement";"46.0";"2.0";"S";"sols";"None";"None";"240.0";"7.257234";"43.701202";"000KY"
"2022-60115";"2022-05-25";"1";"Vente";"693000.0";"15.0";"None";"RUE LOUISE ACKERMANN";"3770";"06000";"06088";"Nice";"06";"None";"None";"06088000KY0014";"None";"None";"None";"nan";"None";"nan";"None";"nan";"None";"None";"None";"None";"0";"3";"Dépendance";"nan";"0.0";"S";"sols";"None";"None";"240.0";"7.257234";"43.701202";"000KY"
"2022-60115";"2022-05-25";"1";"Vente";"693000.0";"15.0";"None";"RUE LOUISE ACKERMANN";"3770";"06000";"06088";"Nice";"06";"None";"None";"06088000KY0014";"None";"None";"None";"nan";"None";"nan";"None";"nan";"None";"None";"None";"None";"0";"3";"Dépendance";"nan";"0.0";"S";"sols";"None";"None";"240.0";"7.257234";"43.701202";"000KY"
"2022-60115";"2022-05-25";"1";"Vente";"693000.0";"15.0";"None";"RUE LOUISE ACKERMANN";"3770";"06000";"06088";"Nice";"06";"None";"None";"06088000KY0014";"None";"None";"None";"nan";"None";"nan";"None";"nan";"None";"None";"None";"None";"0";"3";"Dépendance";"nan";"0.0";"S";"sols";"None";"None";"240.0";"7.257234";"43.701202";"000KY"
"2022-60115";"2022-05-25";"1";"Vente";"693000.0";"15.0";"None";"RUE LOUISE ACKERMANN";"3770";"06000";"06088";"Nice";"06";"None";"None";"06088000KY0014";"None";"None";"None";"nan";"None";"nan";"None";"nan";"None";"None";"None";"None";"0";"3";"Dépendance";"nan";"0.0";"S";"sols";"None";"None";"240.0";"7.257234";"43.701202";"000KY"
"2022-60115";"2022-05-25";"1";"Vente";"693000.0";"15.0";"None";"RUE LOUISE ACKERMANN";"3770";"06000";"06088";"Nice";"06";"None";"None";"06088000KY0014";"None";"None";"None";"nan";"None";"nan";"None";"nan";"None";"None";"None";"None";"0";"3";"Dépendance";"nan";"0.0";"S";"sols";"None";"None";"240.0";"7.257234";"43.701202";"000KY"
"2022-60115";"2022-05-25";"1";"Vente";"693000.0";"15.0";"None";"RUE LOUISE ACKERMANN";"3770";"06000";"06088";"Nice";"06";"None";"None";"06088000KY0014";"None";"None";"None";"nan";"None";"nan";"None";"nan";"None";"None";"None";"None";"0";"4";"Local industriel. commercial ou assimilé";"58.0";"0.0";"S";"sols";"None";"None";"240.0";"7.257234";"43.701202";"000KY"
"2022-60115";"2022-05-25";"1";"Vente";"693000.0";"15.0";"None";"RUE LOUISE ACKERMANN";"3770";"06000";"06088";"Nice";"06";"None";"None";"06088000KY0014";"None";"None";"None";"nan";"None";"nan";"None";"nan";"None";"None";"None";"None";"0";"4";"Local industriel. commercial ou assimilé";"32.0";"0.0";"S";"sols";"None";"None";"240.0";"7.257234";"43.701202";"000KY"
"2022-60115";"2022-05-25";"1";"Vente";"693000.0";"15.0";"None";"RUE LOUISE ACKERMANN";"3770";"06000";"06088";"Nice";"06";"None";"None";"06088000KY0014";"None";"None";"None";"nan";"None";"nan";"None";"nan";"None";"None";"None";"None";"0";"4";"Local industriel. commercial ou assimilé";"14.0";"0.0";"S";"sols";"None";"None";"240.0";"7.257234";"43.701202";"000KY"
"2022-58410";"2022-05-23";"1";"Vente";"520000.0";"10.0";"None";"RUE BERLIOZ";"0790";"06000";"06088";"Nice";"06";"None";"None";"06088000KY0251";"None";"None";"39";"nan";"91";"77.85";"None";"nan";"None";"None";"None";"None";"2";"2";"Appartement";"76.0";"3.0";"None";"None";"None";"None";"nan";"7.259388";"43.699142";"000KY"
"2022-58850";"2022-05-23";"1";"Vente";"235000.0";"54.0";"None";"BD GAMBETTA";"2755";"06000";"06088";"Nice";"06";"None";"None";"06088000KY0009";"None";"None";"24";"nan";"49";"nan";"None";"nan";"None";"None";"None";"None";"2";"2";"Appartement";"56.0";"3.0";"None";"None";"None";"None";"nan";"7.256462";"43.701093";"000KY"
"2022-58410";"2022-05-23";"1";"Vente";"520000.0";"10.0";"None";"RUE BERLIOZ";"0790";"06000";"06088";"Nice";"06";"None";"None";"06088000KY0251";"None";"None";"43";"nan";"None";"nan";"None";"nan";"None";"None";"None";"None";"1";"3";"Dépendance";"nan";"0.0";"None";"None";"None";"None";"nan";"7.259388";"43.699142";"000KY"
"2022-58850";"2022-05-23";"1";"Vente";"235000.0";"54.0";"None";"BD GAMBETTA";"2755";"06000";"06088";"Nice";"06";"None";"None";"06088000KY0009";"None";"None";"24";"nan";"49";"nan";"None";"nan";"None";"None";"None";"None";"2";"3";"Dépendance";"nan";"0.0";"None";"None";"None";"None";"nan";"7.256462";"43.701093";"000KY"
"2022-58926";"2022-05-19";"1";"Vente";"188000.0";"67.0";"None";"RUE ROSSINI";"5600";"06000";"06088";"Nice";"06";"None";"None";"06088000KY0186";"None";"None";"12";"nan";"20";"nan";"None";"nan";"None";"None";"None";"None";"2";"2";"Appartement";"48.0";"2.0";"None";"None";"None";"None";"nan";"7.257182";"43.700706";"000KY"
"2022-58700";"2022-05-19";"1";"Vente";"30000.0";"10.0";"None";"RUE BERLIOZ";"0790";"06000";"06088";"Nice";"06";"None";"None";"06088000KY0251";"None";"None";"22";"nan";"None";"nan";"None";"nan";"None";"None";"None";"None";"1";"3";"Dépendance";"nan";"0.0";"None";"None";"None";"None";"nan";"7.259388";"43.699142";"000KY"
"2022-58926";"2022-05-19";"1";"Vente";"188000.0";"67.0";"None";"RUE ROSSINI";"5600";"06000";"06088";"Nice";"06";"None";"None";"06088000KY0186";"None";"None";"12";"nan";"20";"nan";"None";"nan";"None";"None";"None";"None";"2";"3";"Dépendance";"nan";"0.0";"None";"None";"None";"None";"nan";"7.257182";"43.700706";"000KY"
"2022-59417";"2022-05-18";"1";"Vente";"420000.0";"14.0";"None";"RUE VERDI";"6620";"06000";"06088";"Nice";"06";"None";"None";"06088000KY0130";"None";"None";"59";"82.79";"None";"nan";"None";"nan";"None";"None";"None";"None";"1";"2";"Appartement";"80.0";"3.0";"None";"None";"None";"None";"nan";"7.260743";"43.699787";"000KY"
"2022-59417";"2022-05-18";"1";"Vente";"420000.0";"14.0";"None";"RUE VERDI";"6620";"06000";"06088";"Nice";"06";"None";"None";"06088000KY0130";"None";"None";"59";"82.79";"None";"nan";"None";"nan";"None";"None";"None";"None";"1";"3";"Dépendance";"nan";"0.0";"None";"None";"None";"None";"nan";"7.260743";"43.699787";"000KY"
"2022-58723";"2022-05-16";"1";"Vente";"400000.0";"6.0";"None";"RUE GUIGLIA";"3090";"06000";"06088";"Nice";"06";"None";"None";"06088000KY0216";"None";"None";"19";"nan";"None";"nan";"None";"nan";"None";"None";"None";"None";"1";"2";"Appartement";"122.0";"5.0";"None";"None";"None";"None";"nan";"7.258134";"43.69894";"000KY"
"2022-57674";"2022-05-13";"1";"Vente";"520000.0";"36.0";"None";"RUE VERDI";"6620";"06000";"06088";"Nice";"06";"None";"None";"06088000KY0172";"None";"None";"18";"nan";"34";"nan";"None";"nan";"None";"None";"None";"None";"2";"2";"Appartement";"107.0";"5.0";"None";"None";"None";"None";"nan";"7.257642";"43.699788";"000KY"
"2022-57878";"2022-05-13";"1";"Vente";"244500.0";"15.0";"None";"RUE VERDI";"6620";"06000";"06088";"Nice";"06";"None";"None";"06088000KY0255";"None";"None";"13";"nan";"None";"nan";"None";"nan";"None";"None";"None";"None";"1";"2";"Appartement";"63.0";"2.0";"None";"None";"None";"None";"nan";"7.259982";"43.699381";"000KY"
"2022-59029";"2022-05-13";"1";"Vente";"450000.0";"44.0";"None";"BD GAMBETTA";"2755";"06000";"06088";"Nice";"06";"None";"None";"06088000KY0294";"None";"None";"201";"nan";"None";"nan";"None";"nan";"None";"None";"None";"None";"1";"2";"Appartement";"105.0";"4.0";"None";"None";"None";"None";"nan";"7.256492";"43.700513";"000KY"
"2022-57674";"2022-05-13";"1";"Vente";"520000.0";"36.0";"None";"RUE VERDI";"6620";"06000";"06088";"Nice";"06";"None";"None";"06088000KY0172";"None";"None";"18";"nan";"34";"nan";"None";"nan";"None";"None";"None";"None";"2";"3";"Dépendance";"nan";"0.0";"None";"None";"None";"None";"nan";"7.257642";"43.699788";"000KY"
"2022-57878";"2022-05-13";"1";"Vente";"244500.0";"15.0";"None";"RUE VERDI";"6620";"06000";"06088";"Nice";"06";"None";"None";"06088000KY0255";"None";"None";"13";"nan";"None";"nan";"None";"nan";"None";"None";"None";"None";"1";"3";"Dépendance";"nan";"0.0";"None";"None";"None";"None";"nan";"7.259982";"43.699381";"000KY"
"2022-59029";"2022-05-13";"1";"Vente";"450000.0";"44.0";"None";"BD GAMBETTA";"2755";"06000";"06088";"Nice";"06";"None";"None";"06088000KY0294";"None";"None";"201";"nan";"None";"nan";"None";"nan";"None";"None";"None";"None";"1";"3";"Dépendance";"nan";"0.0";"None";"None";"None";"None";"nan";"7.256492";"43.700513";"000KY"
"2022-58906";"2022-05-12";"1";"Vente";"260000.0";"40.0";"None";"BD GAMBETTA";"2755";"06000";"06088";"Nice";"06";"None";"None";"06088000KY0193";"None";"None";"167";"nan";"None";"nan";"None";"nan";"None";"None";"None";"None";"1";"4";"Local industriel. commercial ou assimilé";"56.0";"0.0";"None";"None";"None";"None";"nan";"7.256559";"43.700111";"000KY"
"2022-58545";"2022-05-09";"1";"Vente";"137500.0";"41.0";"None";"AV G CLEMENCEAU";"2880";"06000";"06088";"Nice";"06";"None";"None";"06088000KY0083";"None";"None";"24";"nan";"None";"nan";"None";"nan";"None";"None";"None";"None";"1";"2";"Appartement";"31.0";"3.0";"None";"None";"None";"None";"nan";"7.260537";"43.70166";"000KY"
"2022-57875";"2022-05-06";"1";"Vente";"94000.0";"3.0";"None";"RUE GUIGLIA";"3090";"06000";"06088";"Nice";"06";"None";"None";"06088000KY0205";"None";"None";"47";"nan";"None";"nan";"None";"nan";"None";"None";"None";"None";"1";"2";"Appartement";"18.0";"1.0";"None";"None";"None";"None";"nan";"7.257529";"43.699049";"000KY"
"2022-58079";"2022-05-05";"1";"Vente";"1885000.0";"8.0";"None";"RUE GOUNOD";"2985";"06000";"06088";"Nice";"06";"None";"None";"06088000KY0258";"None";"None";"None";"nan";"None";"nan";"None";"nan";"None";"None";"None";"None";"0";"2";"Appartement";"22.0";"1.0";"S";"sols";"None";"None";"218.0";"7.260445";"43.699243";"000KY"
"2022-58079";"2022-05-05";"1";"Vente";"1885000.0";"8.0";"None";"RUE GOUNOD";"2985";"06000";"06088";"Nice";"06";"None";"None";"06088000KY0258";"None";"None";"None";"nan";"None";"nan";"None";"nan";"None";"None";"None";"None";"0";"2";"Appartement";"66.0";"3.0";"S";"sols";"None";"None";"218.0";"7.260445";"43.699243";"000KY"
"2022-58079";"2022-05-05";"1";"Vente";"1885000.0";"8.0";"None";"RUE GOUNOD";"2985";"06000";"06088";"Nice";"06";"None";"None";"06088000KY0258";"None";"None";"None";"nan";"None";"nan";"None";"nan";"None";"None";"None";"None";"0";"2";"Appartement";"50.0";"2.0";"S";"sols";"None";"None";"218.0";"7.260445";"43.699243";"000KY"
"2022-58079";"2022-05-05";"1";"Vente";"1885000.0";"8.0";"None";"RUE GOUNOD";"2985";"06000";"06088";"Nice";"06";"None";"None";"06088000KY0258";"None";"None";"None";"nan";"None";"nan";"None";"nan";"None";"None";"None";"None";"0";"2";"Appartement";"66.0";"3.0";"S";"sols";"None";"None";"218.0";"7.260445";"43.699243";"000KY"
"2022-58079";"2022-05-05";"1";"Vente";"1885000.0";"8.0";"None";"RUE GOUNOD";"2985";"06000";"06088";"Nice";"06";"None";"None";"06088000KY0258";"None";"None";"None";"nan";"None";"nan";"None";"nan";"None";"None";"None";"None";"0";"2";"Appartement";"50.0";"2.0";"S";"sols";"None";"None";"218.0";"7.260445";"43.699243";"000KY"
"2022-58079";"2022-05-05";"1";"Vente";"1885000.0";"8.0";"None";"RUE GOUNOD";"2985";"06000";"06088";"Nice";"06";"None";"None";"06088000KY0258";"None";"None";"None";"nan";"None";"nan";"None";"nan";"None";"None";"None";"None";"0";"2";"Appartement";"50.0";"2.0";"S";"sols";"None";"None";"218.0";"7.260445";"43.699243";"000KY"
"2022-58079";"2022-05-05";"1";"Vente";"1885000.0";"8.0";"None";"RUE GOUNOD";"2985";"06000";"06088";"Nice";"06";"None";"None";"06088000KY0258";"None";"None";"None";"nan";"None";"nan";"None";"nan";"None";"None";"None";"None";"0";"2";"Appartement";"66.0";"3.0";"S";"sols";"None";"None";"218.0";"7.260445";"43.699243";"000KY"
"2022-58079";"2022-05-05";"1";"Vente";"1885000.0";"8.0";"None";"RUE GOUNOD";"2985";"06000";"06088";"Nice";"06";"None";"None";"06088000KY0258";"None";"None";"None";"nan";"None";"nan";"None";"nan";"None";"None";"None";"None";"0";"2";"Appartement";"37.0";"2.0";"S";"sols";"None";"None";"218.0";"7.260445";"43.699243";"000KY"
"2022-58079";"2022-05-05";"1";"Vente";"1885000.0";"8.0";"None";"RUE GOUNOD";"2985";"06000";"06088";"Nice";"06";"None";"None";"06088000KY0258";"None";"None";"None";"nan";"None";"nan";"None";"nan";"None";"None";"None";"None";"0";"2";"Appartement";"45.0";"2.0";"S";"sols";"None";"None";"218.0";"7.260445";"43.699243";"000KY"
"2022-58079";"2022-05-05";"1";"Vente";"1885000.0";"8.0";"None";"RUE GOUNOD";"2985";"06000";"06088";"Nice";"06";"None";"None";"06088000KY0258";"None";"None";"None";"nan";"None";"nan";"None";"nan";"None";"None";"None";"None";"0";"2";"Appartement";"45.0";"2.0";"S";"sols";"None";"None";"218.0";"7.260445";"43.699243";"000KY"
"2022-58079";"2022-05-05";"1";"Vente";"1885000.0";"8.0";"None";"RUE GOUNOD";"2985";"06000";"06088";"Nice";"06";"None";"None";"06088000KY0258";"None";"None";"None";"nan";"None";"nan";"None";"nan";"None";"None";"None";"None";"0";"3";"Dépendance";"nan";"0.0";"S";"sols";"None";"None";"218.0";"7.260445";"43.699243";"000KY"
"2022-58079";"2022-05-05";"1";"Vente";"1885000.0";"8.0";"None";"RUE GOUNOD";"2985";"06000";"06088";"Nice";"06";"None";"None";"06088000KY0258";"None";"None";"None";"nan";"None";"nan";"None";"nan";"None";"None";"None";"None";"0";"3";"Dépendance";"nan";"0.0";"S";"sols";"None";"None";"218.0";"7.260445";"43.699243";"000KY"
"2022-58079";"2022-05-05";"1";"Vente";"1885000.0";"8.0";"None";"RUE GOUNOD";"2985";"06000";"06088";"Nice";"06";"None";"None";"06088000KY0258";"None";"None";"None";"nan";"None";"nan";"None";"nan";"None";"None";"None";"None";"0";"3";"Dépendance";"nan";"0.0";"S";"sols";"None";"None";"218.0";"7.260445";"43.699243";"000KY"
"2022-58079";"2022-05-05";"1";"Vente";"1885000.0";"8.0";"None";"RUE GOUNOD";"2985";"06000";"06088";"Nice";"06";"None";"None";"06088000KY0258";"None";"None";"None";"nan";"None";"nan";"None";"nan";"None";"None";"None";"None";"0";"3";"Dépendance";"nan";"0.0";"S";"sols";"None";"None";"218.0";"7.260445";"43.699243";"000KY"
"2022-58079";"2022-05-05";"1";"Vente";"1885000.0";"8.0";"None";"RUE GOUNOD";"2985";"06000";"06088";"Nice";"06";"None";"None";"06088000KY0258";"None";"None";"None";"nan";"None";"nan";"None";"nan";"None";"None";"None";"None";"0";"3";"Dépendance";"nan";"0.0";"S";"sols";"None";"None";"218.0";"7.260445";"43.699243";"000KY"
"2022-58079";"2022-05-05";"1";"Vente";"1885000.0";"8.0";"None";"RUE GOUNOD";"2985";"06000";"06088";"Nice";"06";"None";"None";"06088000KY0258";"None";"None";"None";"nan";"None";"nan";"None";"nan";"None";"None";"None";"None";"0";"3";"Dépendance";"nan";"0.0";"S";"sols";"None";"None";"218.0";"7.260445";"43.699243";"000KY"
"2022-58079";"2022-05-05";"1";"Vente";"1885000.0";"8.0";"None";"RUE GOUNOD";"2985";"06000";"06088";"Nice";"06";"None";"None";"06088000KY0258";"None";"None";"None";"nan";"None";"nan";"None";"nan";"None";"None";"None";"None";"0";"3";"Dépendance";"nan";"0.0";"S";"sols";"None";"None";"218.0";"7.260445";"43.699243";"000KY"
"2022-58079";"2022-05-05";"1";"Vente";"1885000.0";"8.0";"None";"RUE GOUNOD";"2985";"06000";"06088";"Nice";"06";"None";"None";"06088000KY0258";"None";"None";"None";"nan";"None";"nan";"None";"nan";"None";"None";"None";"None";"0";"4";"Local industriel. commercial ou assimilé";"140.0";"0.0";"S";"sols";"None";"None";"218.0";"7.260445";"43.699243";"000KY"
"2022-57178";"2022-05-03";"1";"Vente";"56000.0";"12.0";"None";"RUE BERLIOZ";"0790";"06000";"06088";"Nice";"06";"None";"None";"06088000KY0252";"None";"None";"5";"nan";"None";"nan";"None";"nan";"None";"None";"None";"None";"1";"2";"Appartement";"21.0";"1.0";"None";"None";"None";"None";"nan";"7.259605";"43.69923";"000KY"
"2022-57634";"2022-05-03";"1";"Vente";"169150.0";"10.0";"None";"RUE VERDI";"6620";"06000";"06088";"Nice";"06";"None";"None";"06088000KY0123";"None";"None";"17";"nan";"None";"nan";"None";"nan";"None";"None";"None";"None";"1";"2";"Appartement";"25.0";"1.0";"None";"None";"None";"None";"nan";"7.261199";"43.69974";"000KY"
"2022-57441";"2022-04-29";"1";"Vente";"148500.0";"54.0";"None";"RUE ROSSINI";"5600";"06000";"06088";"Nice";"06";"None";"None";"06088000KY0010";"None";"None";"14";"nan";"31";"nan";"None";"nan";"None";"None";"None";"None";"2";"4";"Local industriel. commercial ou assimilé";"70.0";"0.0";"None";"None";"None";"None";"nan";"7.257002";"43.701069";"000KY"
"2022-57484";"2022-04-28";"1";"Vente";"242000.0";"26.0";"None";"RUE GUIGLIA";"3090";"06000";"06088";"Nice";"06";"None";"None";"06088000KY0027";"None";"None";"137";"nan";"17";"nan";"None";"nan";"None";"None";"None";"None";"2";"2";"Appartement";"60.0";"2.0";"None";"None";"None";"None";"nan";"7.258248";"43.701081";"000KY"
"2022-57563";"2022-04-28";"1";"Vente";"185000.0";"3.0";"T";"RUE BERLIOZ";"0790";"06000";"06088";"Nice";"06";"None";"None";"06088000KY0234";"None";"None";"10";"nan";"19";"nan";"None";"nan";"None";"None";"None";"None";"2";"2";"Appartement";"28.0";"1.0";"None";"None";"None";"None";"nan";"7.258771";"43.698889";"000KY"
"2022-57480";"2022-04-28";"1";"Vente";"32000.0";"3.0";"None";"RUE AMIRAL DE GRASSE";"0170";"06000";"06088";"Nice";"06";"None";"None";"06088000KY0302";"None";"None";"25";"nan";"None";"nan";"None";"nan";"None";"None";"None";"None";"1";"3";"Dépendance";"nan";"0.0";"None";"None";"None";"None";"nan";"7.256514";"43.701267";"000KY"
"2022-57484";"2022-04-28";"1";"Vente";"242000.0";"26.0";"None";"RUE GUIGLIA";"3090";"06000";"06088";"Nice";"06";"None";"None";"06088000KY0027";"None";"None";"137";"nan";"17";"nan";"None";"nan";"None";"None";"None";"None";"2";"3";"Dépendance";"nan";"0.0";"None";"None";"None";"None";"nan";"7.258248";"43.701081";"000KY"
"2022-57563";"2022-04-28";"1";"Vente";"185000.0";"3.0";"T";"RUE BERLIOZ";"0790";"06000";"06088";"Nice";"06";"None";"None";"06088000KY0234";"None";"None";"10";"nan";"19";"nan";"None";"nan";"None";"None";"None";"None";"2";"3";"Dépendance";"nan";"0.0";"None";"None";"None";"None";"nan";"7.258771";"43.698889";"000KY"
"2022-57109";"2022-04-26";"1";"Vente";"218580.0";"28.0";"None";"RUE ROSSINI";"5600";"06000";"06088";"Nice";"06";"None";"None";"06088000KY0066";"None";"None";"13";"nan";"22";"nan";"None";"nan";"None";"None";"None";"None";"2";"2";"Appartement";"27.0";"1.0";"None";"None";"None";"None";"nan";"7.260165";"43.700654";"000KY"
"2022-57042";"2022-04-25";"1";"Vente";"290000.0";"29.0";"None";"RUE HEROLD";"3235";"06000";"06088";"Nice";"06";"None";"None";"06088000KY0163";"None";"None";"12";"54.82";"39";"nan";"None";"nan";"None";"None";"None";"None";"2";"2";"Appartement";"50.0";"2.0";"None";"None";"None";"None";"nan";"7.25837";"43.700292";"000KY"
"2022-57042";"2022-04-25";"1";"Vente";"290000.0";"29.0";"None";"RUE HEROLD";"3235";"06000";"06088";"Nice";"06";"None";"None";"06088000KY0163";"None";"None";"12";"54.82";"39";"nan";"None";"nan";"None";"None";"None";"None";"2";"3";"Dépendance";"nan";"0.0";"None";"None";"None";"None";"nan";"7.25837";"43.700292";"000KY"
"2022-56722";"2022-04-22";"1";"Vente";"174000.0";"38.0";"None";"RUE HEROLD";"3235";"06000";"06088";"Nice";"06";"None";"None";"06088000KY0285";"None";"None";"31";"nan";"7";"25.11";"None";"nan";"None";"None";"None";"None";"2";"2";"Appartement";"32.0";"1.0";"None";"None";"None";"None";"nan";"7.259059";"43.701088";"000KY"
"2022-57020";"2022-04-22";"1";"Vente";"627000.0";"18.0";"None";"RUE GOUNOD";"2985";"06000";"06088";"Nice";"06";"None";"None";"06088000KY0128";"None";"None";"10";"103.59";"None";"nan";"None";"nan";"None";"None";"None";"None";"1";"2";"Appartement";"106.0";"3.0";"None";"None";"None";"None";"nan";"7.260809";"43.700029";"000KY"
"2022-56722";"2022-04-22";"1";"Vente";"174000.0";"38.0";"None";"RUE HEROLD";"3235";"06000";"06088";"Nice";"06";"None";"None";"06088000KY0285";"None";"None";"31";"nan";"7";"25.11";"None";"nan";"None";"None";"None";"None";"2";"3";"Dépendance";"nan";"0.0";"None";"None";"None";"None";"nan";"7.259059";"43.701088";"000KY"
"2022-57020";"2022-04-22";"1";"Vente";"627000.0";"18.0";"None";"RUE GOUNOD";"2985";"06000";"06088";"Nice";"06";"None";"None";"06088000KY0128";"None";"None";"10";"103.59";"None";"nan";"None";"nan";"None";"None";"None";"None";"1";"3";"Dépendance";"nan";"0.0";"None";"None";"None";"None";"nan";"7.260809";"43.700029";"000KY"
"2022-57020";"2022-04-22";"1";"Vente";"627000.0";"18.0";"None";"RUE GOUNOD";"2985";"06000";"06088";"Nice";"06";"None";"None";"06088000KY0128";"None";"None";"10";"103.59";"None";"nan";"None";"nan";"None";"None";"None";"None";"1";"3";"Dépendance";"nan";"0.0";"None";"None";"None";"None";"nan";"7.260809";"43.700029";"000KY"
"2022-57378";"2022-04-22";"1";"Vente";"285945.0";"2.0";"None";"RUE AMIRAL DE GRASSE";"0170";"06000";"06088";"Nice";"06";"None";"None";"06088000KY0190";"None";"None";"1";"nan";"None";"nan";"None";"nan";"None";"None";"None";"None";"1";"4";"Local industriel. commercial ou assimilé";"60.0";"0.0";"None";"None";"None";"None";"nan";"7.256491";"43.700603";"000KY"
"2022-56967";"2022-04-21";"1";"Vente";"107000.0";"18.0";"None";"RUE ROSSINI";"5600";"06000";"06088";"Nice";"06";"None";"None";"06088000KY0101";"None";"None";"34";"21.36";"None";"nan";"None";"nan";"None";"None";"None";"None";"1";"2";"Appartement";"21.0";"1.0";"None";"None";"None";"None";"nan";"7.261119";"43.700607";"000KY"
"2022-57762";"2022-04-21";"1";"Vente";"335000.0";"20.0";"None";"RUE VERDI";"6620";"06000";"06088";"Nice";"06";"None";"None";"06088000KY0134";"None";"None";"205";"79.49";"None";"nan";"None";"nan";"None";"None";"None";"None";"1";"2";"Appartement";"79.0";"3.0";"None";"None";"None";"None";"nan";"7.259955";"43.699817";"000KY"
"2022-56967";"2022-04-21";"1";"Vente";"107000.0";"18.0";"None";"RUE ROSSINI";"5600";"06000";"06088";"Nice";"06";"None";"None";"06088000KY0101";"None";"None";"56";"nan";"None";"nan";"None";"nan";"None";"None";"None";"None";"1";"3";"Dépendance";"nan";"0.0";"None";"None";"None";"None";"nan";"7.261119";"43.700607";"000KY"
"2022-56738";"2022-04-19";"1";"Vente";"350000.0";"18.0";"None";"AV AUBER";"0425";"06000";"06088";"Nice";"06";"None";"None";"06088000KY0110";"None";"None";"108";"54.13";"148";"nan";"None";"nan";"None";"None";"None";"None";"2";"2";"Appartement";"56.0";"2.0";"None";"None";"None";"None";"nan";"7.261844";"43.701172";"000KY"
"2022-56826";"2022-04-19";"1";"Vente";"460000.0";"12.0";"None";"RUE GUIGLIA";"3090";"06000";"06088";"Nice";"06";"None";"None";"06088000KY0170";"None";"None";"14";"nan";"None";"nan";"None";"nan";"None";"None";"None";"None";"1";"2";"Appartement";"81.0";"3.0";"None";"None";"None";"None";"nan";"7.258049";"43.700026";"000KY"
"2022-57000";"2022-04-19";"1";"Vente";"510445.0";"15.0";"None";"RUE VERDI";"6620";"06000";"06088";"Nice";"06";"None";"None";"06088000KY0255";"None";"None";"69";"60.21";"None";"nan";"None";"nan";"None";"None";"None";"None";"1";"2";"Appartement";"61.0";"2.0";"None";"None";"None";"None";"nan";"7.259982";"43.699381";"000KY"
"2022-57000";"2022-04-19";"1";"Vente";"510445.0";"5.0";"None";"RUE GOUNOD";"2985";"06000";"06088";"Nice";"06";"None";"None";"06088000KY0255";"None";"None";"130";"nan";"None";"nan";"None";"nan";"None";"None";"None";"None";"1";"2";"Appartement";"86.0";"3.0";"None";"None";"None";"None";"nan";"7.259982";"43.699381";"000KY"
"2022-56738";"2022-04-19";"1";"Vente";"350000.0";"18.0";"None";"AV AUBER";"0425";"06000";"06088";"Nice";"06";"None";"None";"06088000KY0110";"None";"None";"46";"nan";"None";"nan";"None";"nan";"None";"None";"None";"None";"1";"3";"Dépendance";"nan";"0.0";"None";"None";"None";"None";"nan";"7.261844";"43.701172";"000KY"
"2022-56738";"2022-04-19";"1";"Vente";"350000.0";"18.0";"None";"AV AUBER";"0425";"06000";"06088";"Nice";"06";"None";"None";"06088000KY0110";"None";"None";"108";"54.13";"148";"nan";"None";"nan";"None";"None";"None";"None";"2";"3";"Dépendance";"nan";"0.0";"None";"None";"None";"None";"nan";"7.261844";"43.701172";"000KY"
"2022-56826";"2022-04-19";"1";"Vente";"460000.0";"12.0";"None";"RUE GUIGLIA";"3090";"06000";"06088";"Nice";"06";"None";"None";"06088000KY0170";"None";"None";"46";"nan";"None";"nan";"None";"nan";"None";"None";"None";"None";"1";"3";"Dépendance";"nan";"0.0";"None";"None";"None";"None";"nan";"7.258049";"43.700026";"000KY"
"2022-57000";"2022-04-19";"1";"Vente";"510445.0";"5.0";"None";"RUE GOUNOD";"2985";"06000";"06088";"Nice";"06";"None";"None";"06088000KY0255";"None";"None";"130";"nan";"None";"nan";"None";"nan";"None";"None";"None";"None";"1";"3";"Dépendance";"nan";"0.0";"None";"None";"None";"None";"nan";"7.259982";"43.699381";"000KY"
"2022-56661";"2022-04-14";"1";"Vente";"241000.0";"34.0";"None";"RUE GUIGLIA";"3090";"06000";"06088";"Nice";"06";"None";"None";"06088000KY0037";"None";"None";"33";"nan";"65";"51.29";"None";"nan";"None";"None";"None";"None";"2";"2";"Appartement";"52.0";"2.0";"None";"None";"None";"None";"nan";"7.258223";"43.701904";"000KY"
"2022-56661";"2022-04-14";"1";"Vente";"241000.0";"34.0";"None";"RUE GUIGLIA";"3090";"06000";"06088";"Nice";"06";"None";"None";"06088000KY0037";"None";"None";"33";"nan";"65";"51.29";"None";"nan";"None";"None";"None";"None";"2";"3";"Dépendance";"nan";"0.0";"None";"None";"None";"None";"nan";"7.258223";"43.701904";"000KY"
"2022-56544";"2022-04-14";"1";"Vente en l'état futur d'achèvement";"691250.0";"nan";"None";"RUE BERLIOZ";"0790";"06000";"06088";"Nice";"06";"None";"None";"06088000KY0308";"None";"None";"31";"nan";"None";"nan";"None";"nan";"None";"None";"None";"None";"1";"None";"None";"nan";"nan";"None";"None";"None";"None";"nan";"7.259838";"43.701246";"000KY"
"2022-56544";"2022-04-14";"1";"Vente en l'état futur d'achèvement";"691250.0";"nan";"None";"RUE BERLIOZ";"0790";"06000";"06088";"Nice";"06";"None";"None";"06088000KY0308";"None";"None";"11";"nan";"None";"nan";"None";"nan";"None";"None";"None";"None";"1";"None";"None";"nan";"nan";"None";"None";"None";"None";"nan";"7.259838";"43.701246";"000KY"
"2022-56567";"2022-04-14";"1";"Vente en l'état futur d'achèvement";"711250.0";"nan";"None";"RUE BERLIOZ";"0790";"06000";"06088";"Nice";"06";"None";"None";"06088000KY0308";"None";"None";"9";"nan";"None";"nan";"None";"nan";"None";"None";"None";"None";"1";"None";"None";"nan";"nan";"None";"None";"None";"None";"nan";"7.259838";"43.701246";"000KY"
"2022-56567";"2022-04-14";"1";"Vente en l'état futur d'achèvement";"711250.0";"nan";"None";"RUE BERLIOZ";"0790";"06000";"06088";"Nice";"06";"None";"None";"06088000KY0308";"None";"None";"40";"nan";"None";"nan";"None";"nan";"None";"None";"None";"None";"1";"None";"None";"nan";"nan";"None";"None";"None";"None";"nan";"7.259838";"43.701246";"000KY"
"2022-56570";"2022-04-14";"1";"Vente en l'état futur d'achèvement";"466250.0";"nan";"None";"RUE BERLIOZ";"0790";"06000";"06088";"Nice";"06";"None";"None";"06088000KY0308";"None";"None";"29";"nan";"None";"nan";"None";"nan";"None";"None";"None";"None";"1";"None";"None";"nan";"nan";"None";"None";"None";"None";"nan";"7.259838";"43.701246";"000KY"
"2022-56570";"2022-04-14";"1";"Vente en l'état futur d'achèvement";"466250.0";"nan";"None";"RUE BERLIOZ";"0790";"06000";"06088";"Nice";"06";"None";"None";"06088000KY0308";"None";"None";"10";"nan";"None";"nan";"None";"nan";"None";"None";"None";"None";"1";"None";"None";"nan";"nan";"None";"None";"None";"None";"nan";"7.259838";"43.701246";"000KY"
"2022-56980";"2022-04-13";"1";"Vente";"620000.0";"28.0";"None";"RUE VERDI";"6620";"06000";"06088";"Nice";"06";"None";"None";"06088000KY0160";"None";"None";"23";"94.48";"33";"nan";"9";"nan";"None";"None";"None";"None";"3";"2";"Appartement";"74.0";"4.0";"None";"None";"None";"None";"nan";"7.258671";"43.699791";"000KY"
"2022-56987";"2022-04-13";"1";"Vente";"620000.0";"35.0";"None";"AV G CLEMENCEAU";"2880";"06000";"06088";"Nice";"06";"None";"None";"06088000KY0107";"None";"None";"118";"85.76";"29";"nan";"None";"nan";"None";"None";"None";"None";"2";"2";"Appartement";"81.0";"3.0";"None";"None";"None";"None";"nan";"7.261966";"43.701457";"000KY"
"2022-57150";"2022-04-13";"1";"Vente";"145900.0";"25.0";"None";"RUE HEROLD";"3235";"06000";"06088";"Nice";"06";"None";"None";"06088000KY0162";"None";"None";"107";"nan";"5";"nan";"None";"nan";"None";"None";"None";"None";"2";"2";"Appartement";"27.0";"1.0";"None";"None";"None";"None";"nan";"7.258351";"43.700062";"000KY"
"2022-56980";"2022-04-13";"1";"Vente";"620000.0";"28.0";"None";"RUE VERDI";"6620";"06000";"06088";"Nice";"06";"None";"None";"06088000KY0160";"None";"None";"23";"94.48";"33";"nan";"9";"nan";"None";"None";"None";"None";"3";"3";"Dépendance";"nan";"0.0";"None";"None";"None";"None";"nan";"7.258671";"43.699791";"000KY"
"2022-56980";"2022-04-13";"1";"Vente";"620000.0";"28.0";"None";"RUE VERDI";"6620";"06000";"06088";"Nice";"06";"None";"None";"06088000KY0160";"None";"None";"67";"nan";"None";"nan";"None";"nan";"None";"None";"None";"None";"1";"3";"Dépendance";"nan";"0.0";"None";"None";"None";"None";"nan";"7.258671";"43.699791";"000KY"
"2022-56980";"2022-04-13";"1";"Vente";"620000.0";"28.0";"None";"RUE VERDI";"6620";"06000";"06088";"Nice";"06";"None";"None";"06088000KY0160";"None";"None";"66";"nan";"None";"nan";"None";"nan";"None";"None";"None";"None";"1";"3";"Dépendance";"nan";"0.0";"None";"None";"None";"None";"nan";"7.258671";"43.699791";"000KY"
"2022-56980";"2022-04-13";"1";"Vente";"620000.0";"28.0";"None";"RUE VERDI";"6620";"06000";"06088";"Nice";"06";"None";"None";"06088000KY0160";"None";"None";"36";"nan";"None";"nan";"None";"nan";"None";"None";"None";"None";"1";"3";"Dépendance";"nan";"0.0";"None";"None";"None";"None";"nan";"7.258671";"43.699791";"000KY"
"2022-56987";"2022-04-13";"1";"Vente";"620000.0";"35.0";"None";"AV G CLEMENCEAU";"2880";"06000";"06088";"Nice";"06";"None";"None";"06088000KY0107";"None";"None";"118";"85.76";"29";"nan";"None";"nan";"None";"None";"None";"None";"2";"3";"Dépendance";"nan";"0.0";"None";"None";"None";"None";"nan";"7.261966";"43.701457";"000KY"
"2022-56987";"2022-04-13";"1";"Vente";"620000.0";"35.0";"None";"AV G CLEMENCEAU";"2880";"06000";"06088";"Nice";"06";"None";"None";"06088000KY0107";"None";"None";"118";"85.76";"29";"nan";"None";"nan";"None";"None";"None";"None";"2";"3";"Dépendance";"nan";"0.0";"None";"None";"None";"None";"nan";"7.261966";"43.701457";"000KY"
"2022-57150";"2022-04-13";"1";"Vente";"145900.0";"25.0";"None";"RUE HEROLD";"3235";"06000";"06088";"Nice";"06";"None";"None";"06088000KY0162";"None";"None";"107";"nan";"5";"nan";"None";"nan";"None";"None";"None";"None";"2";"3";"Dépendance";"nan";"0.0";"None";"None";"None";"None";"nan";"7.258351";"43.700062";"000KY"
"2022-56333";"2022-04-11";"1";"Vente en l'état futur d'achèvement";"1330000.0";"nan";"None";"RUE BERLIOZ";"0790";"06000";"06088";"Nice";"06";"None";"None";"06088000KY0308";"None";"None";"38";"nan";"None";"nan";"None";"nan";"None";"None";"None";"None";"1";"None";"None";"nan";"nan";"None";"None";"None";"None";"nan";"7.259838";"43.701246";"000KY"
"2022-56333";"2022-04-11";"1";"Vente en l'état futur d'achèvement";"1330000.0";"nan";"None";"RUE BERLIOZ";"0790";"06000";"06088";"Nice";"06";"None";"None";"06088000KY0308";"None";"None";"37";"nan";"None";"nan";"None";"nan";"None";"None";"None";"None";"1";"None";"None";"nan";"nan";"None";"None";"None";"None";"nan";"7.259838";"43.701246";"000KY"
"2022-56072";"2022-04-08";"1";"Vente";"537000.0";"11.0";"None";"RUE VERDI";"6620";"06000";"06088";"Nice";"06";"None";"None";"06088000KY0264";"None";"None";"10";"nan";"24";"95.0";"None";"nan";"None";"None";"None";"None";"2";"2";"Appartement";"93.0";"3.0";"None";"None";"None";"None";"nan";"7.260673";"43.699433";"000KY"
"2022-56513";"2022-04-08";"1";"Vente";"342000.0";"23.0";"None";"RUE GUIGLIA";"3090";"06000";"06088";"Nice";"06";"None";"None";"06088000KY0022";"None";"None";"25";"54.0";"4";"nan";"None";"nan";"None";"None";"None";"None";"2";"2";"Appartement";"51.0";"2.0";"None";"None";"None";"None";"nan";"7.257715";"43.701164";"000KY"
"2022-56072";"2022-04-08";"1";"Vente";"537000.0";"11.0";"None";"RUE VERDI";"6620";"06000";"06088";"Nice";"06";"None";"None";"06088000KY0264";"None";"None";"10";"nan";"24";"95.0";"None";"nan";"None";"None";"None";"None";"2";"3";"Dépendance";"nan";"0.0";"None";"None";"None";"None";"nan";"7.260673";"43.699433";"000KY"
"2022-56513";"2022-04-08";"1";"Vente";"342000.0";"23.0";"None";"RUE GUIGLIA";"3090";"06000";"06088";"Nice";"06";"None";"None";"06088000KY0022";"None";"None";"25";"54.0";"4";"nan";"None";"nan";"None";"None";"None";"None";"2";"3";"Dépendance";"nan";"0.0";"None";"None";"None";"None";"nan";"7.257715";"43.701164";"000KY"
"2022-56007";"2022-04-07";"1";"Vente";"375000.0";"34.0";"None";"RUE ROSSINI";"5600";"06000";"06088";"Nice";"06";"None";"None";"06088000KY0060";"None";"None";"18";"nan";"None";"nan";"None";"nan";"None";"None";"None";"None";"1";"2";"Appartement";"84.0";"3.0";"None";"None";"None";"None";"nan";"7.259672";"43.700808";"000KY"
"2022-56007";"2022-04-07";"1";"Vente";"375000.0";"34.0";"None";"RUE ROSSINI";"5600";"06000";"06088";"Nice";"06";"None";"None";"06088000KY0060";"None";"None";"18";"nan";"None";"nan";"None";"nan";"None";"None";"None";"None";"1";"3";"Dépendance";"nan";"0.0";"None";"None";"None";"None";"nan";"7.259672";"43.700808";"000KY"
"2022-56207";"2022-04-07";"1";"Vente en l'état futur d'achèvement";"1515000.0";"nan";"None";"RUE BERLIOZ";"0790";"06000";"06088";"Nice";"06";"None";"None";"06088000KY0308";"None";"None";"21";"nan";"None";"nan";"None";"nan";"None";"None";"None";"None";"1";"None";"None";"nan";"nan";"None";"None";"None";"None";"nan";"7.259838";"43.701246";"000KY"
"2022-56207";"2022-04-07";"1";"Vente en l'état futur d'achèvement";"1515000.0";"nan";"None";"RUE BERLIOZ";"0790";"06000";"06088";"Nice";"06";"None";"None";"06088000KY0308";"None";"None";"43";"nan";"None";"nan";"None";"nan";"None";"None";"None";"None";"1";"None";"None";"nan";"nan";"None";"None";"None";"None";"nan";"7.259838";"43.701246";"000KY"
"2022-55630";"2022-04-06";"1";"Vente";"745000.0";"4.0";"None";"RUE GUIGLIA";"3090";"06000";"06088";"Nice";"06";"None";"None";"06088000KY0215";"None";"None";"24";"122.8";"None";"nan";"None";"nan";"None";"None";"None";"None";"1";"2";"Appartement";"126.0";"5.0";"None";"None";"None";"None";"nan";"7.257985";"43.698779";"000KY"
"2022-55630";"2022-04-06";"1";"Vente";"745000.0";"4.0";"None";"RUE GUIGLIA";"3090";"06000";"06088";"Nice";"06";"None";"None";"06088000KY0215";"None";"None";"24";"122.8";"None";"nan";"None";"nan";"None";"None";"None";"None";"1";"3";"Dépendance";"nan";"0.0";"None";"None";"None";"None";"nan";"7.257985";"43.698779";"000KY"
"2022-55975";"2022-04-05";"1";"Vente";"718000.0";"14.0";"None";"RUE LOUISE ACKERMANN";"3770";"06000";"06088";"Nice";"06";"None";"None";"06088000KY0191";"None";"None";"4";"123.08";"None";"nan";"None";"nan";"None";"None";"None";"None";"1";"2";"Appartement";"135.0";"6.0";"None";"None";"None";"None";"nan";"7.256718";"43.700602";"000KY"
"2022-57797";"2022-04-05";"2";"Vente";"20000.0";"37.0";"None";"RUE ROSSINI";"5600";"06000";"06088";"Nice";"06";"None";"None";"06088000KY0314";"None";"None";"36";"8.2";"None";"nan";"None";"nan";"None";"None";"None";"None";"1";"2";"Appartement";"97.0";"4.0";"None";"None";"None";"None";"nan";"7.260781";"43.700325";"000KY"
"2022-55975";"2022-04-05";"1";"Vente";"718000.0";"40.0";"None";"BD GAMBETTA";"2755";"06000";"06088";"Nice";"06";"None";"None";"06088000KY0193";"None";"None";"139";"nan";"None";"nan";"None";"nan";"None";"None";"None";"None";"1";"3";"Dépendance";"nan";"0.0";"None";"None";"None";"None";"nan";"7.256559";"43.700111";"000KY"
"2022-57797";"2022-04-05";"2";"Vente";"20000.0";"37.0";"None";"RUE ROSSINI";"5600";"06000";"06088";"Nice";"06";"None";"None";"06088000KY0314";"None";"None";"36";"8.2";"None";"nan";"None";"nan";"None";"None";"None";"None";"1";"3";"Dépendance";"nan";"0.0";"None";"None";"None";"None";"nan";"7.260781";"43.700325";"000KY"
"2022-57797";"2022-04-05";"2";"Vente";"20000.0";"37.0";"None";"RUE ROSSINI";"5600";"06000";"06088";"Nice";"06";"None";"None";"06088000KY0314";"None";"None";"36";"8.2";"None";"nan";"None";"nan";"None";"None";"None";"None";"1";"3";"Dépendance";"nan";"0.0";"None";"None";"None";"None";"nan";"7.260781";"43.700325";"000KY"
"2022-56285";"2022-04-04";"1";"Vente";"274400.0";"23.0";"None";"RUE GUIGLIA";"3090";"06000";"06088";"Nice";"06";"None";"None";"06088000KY0022";"None";"None";"14";"nan";"29";"60.25";"None";"nan";"None";"None";"None";"None";"2";"2";"Appartement";"60.0";"2.0";"None";"None";"None";"None";"nan";"7.257715";"43.701164";"000KY"
"2022-56285";"2022-04-04";"1";"Vente";"274400.0";"23.0";"None";"RUE GUIGLIA";"3090";"06000";"06088";"Nice";"06";"None";"None";"06088000KY0022";"None";"None";"14";"nan";"29";"60.25";"None";"nan";"None";"None";"None";"None";"2";"3";"Dépendance";"nan";"0.0";"None";"None";"None";"None";"nan";"7.257715";"43.701164";"000KY"
"2022-56262";"2022-04-01";"1";"Vente";"80000.0";"33.0";"None";"RUE ROSSINI";"5600";"06000";"06088";"Nice";"06";"None";"None";"06088000KY0113";"None";"None";"35";"49.91";"None";"nan";"None";"nan";"None";"None";"None";"None";"1";"3";"Dépendance";"nan";"0.0";"None";"None";"None";"None";"nan";"7.261673";"43.700199";"000KY"
"2022-56002";"2022-03-31";"1";"Vente";"440000.0";"10.0";"None";"RUE AMIRAL DE GRASSE";"0170";"06000";"06088";"Nice";"06";"None";"None";"06088000KY0012";"None";"None";"21";"nan";"33";"nan";"None";"nan";"None";"None";"None";"None";"2";"2";"Appartement";"68.0";"3.0";"None";"None";"None";"None";"nan";"7.256982";"43.701155";"000KY"
"2022-56471";"2022-03-31";"1";"Vente";"107000.0";"nan";"None";"RUE TCHEKHOV";"6318";"06000";"06088";"Nice";"06";"None";"None";"06088000KY0095";"None";"None";"313";"27.4";"None";"nan";"None";"nan";"None";"None";"None";"None";"1";"2";"Appartement";"28.0";"2.0";"None";"None";"None";"None";"nan";"7.261213";"43.701137";"000KY"
"2022-56002";"2022-03-31";"1";"Vente";"440000.0";"10.0";"None";"RUE AMIRAL DE GRASSE";"0170";"06000";"06088";"Nice";"06";"None";"None";"06088000KY0012";"None";"None";"21";"nan";"33";"nan";"None";"nan";"None";"None";"None";"None";"2";"3";"Dépendance";"nan";"0.0";"None";"None";"None";"None";"nan";"7.256982";"43.701155";"000KY"
"2022-56876";"2022-03-30";"1";"Vente";"505000.0";"36.0";"None";"RUE HEROLD";"3235";"06000";"06088";"Nice";"06";"None";"None";"06088000KY0057";"None";"None";"20";"nan";"None";"nan";"None";"nan";"None";"None";"None";"None";"1";"3";"Dépendance";"nan";"0.0";"None";"None";"None";"None";"nan";"7.259139";"43.700904";"000KY"
"2022-55758";"2022-03-29";"1";"Vente";"138000.0";"3.0";"None";"RUE AMIRAL DE GRASSE";"0170";"06000";"06088";"Nice";"06";"None";"None";"06088000KY0302";"None";"None";"51";"28.25";"None";"nan";"None";"nan";"None";"None";"None";"None";"1";"2";"Appartement";"28.0";"1.0";"None";"None";"None";"None";"nan";"7.256514";"43.701267";"000KY"
"2022-55381";"2022-03-28";"1";"Vente";"750000.0";"36.0";"None";"RUE VERDI";"6620";"06000";"06088";"Nice";"06";"None";"None";"06088000KY0172";"None";"None";"36";"100.22";"None";"nan";"None";"nan";"None";"None";"None";"None";"1";"2";"Appartement";"110.0";"4.0";"None";"None";"None";"None";"nan";"7.257642";"43.699788";"000KY"
"2022-55381";"2022-03-28";"1";"Vente";"750000.0";"36.0";"None";"RUE VERDI";"6620";"06000";"06088";"Nice";"06";"None";"None";"06088000KY0172";"None";"None";"36";"100.22";"None";"nan";"None";"nan";"None";"None";"None";"None";"1";"3";"Dépendance";"nan";"0.0";"None";"None";"None";"None";"nan";"7.257642";"43.699788";"000KY"
"2022-55248";"2022-03-25";"1";"Vente";"275000.0";"34.0";"None";"RUE GUIGLIA";"3090";"06000";"06088";"Nice";"06";"None";"None";"06088000KY0037";"None";"None";"24";"nan";"74";"61.68";"None";"nan";"None";"None";"None";"None";"2";"2";"Appartement";"62.0";"2.0";"None";"None";"None";"None";"nan";"7.258223";"43.701904";"000KY"
"2022-55277";"2022-03-25";"1";"Vente";"129900.0";"41.0";"None";"AV G CLEMENCEAU";"2880";"06000";"06088";"Nice";"06";"None";"None";"06088000KY0083";"None";"None";"1";"nan";"None";"nan";"None";"nan";"None";"None";"None";"None";"1";"2";"Appartement";"33.0";"1.0";"None";"None";"None";"None";"nan";"7.260537";"43.70166";"000KY"
"2022-55248";"2022-03-25";"1";"Vente";"275000.0";"34.0";"None";"RUE GUIGLIA";"3090";"06000";"06088";"Nice";"06";"None";"None";"06088000KY0037";"None";"None";"24";"nan";"74";"61.68";"None";"nan";"None";"None";"None";"None";"2";"3";"Dépendance";"nan";"0.0";"None";"None";"None";"None";"nan";"7.258223";"43.701904";"000KY"
"2022-55770";"2022-03-23";"1";"Vente";"518000.0";"2.0";"None";"PL FRANKLIN";"2650";"06000";"06088";"Nice";"06";"None";"None";"06088000KY0194";"None";"None";"1";"nan";"20";"109.53";"None";"nan";"None";"None";"None";"None";"2";"2";"Appartement";"120.0";"3.0";"None";"None";"None";"None";"nan";"7.256473";"43.699896";"000KY"
"2022-55770";"2022-03-23";"1";"Vente";"518000.0";"2.0";"None";"PL FRANKLIN";"2650";"06000";"06088";"Nice";"06";"None";"None";"06088000KY0194";"None";"None";"1";"nan";"20";"109.53";"None";"nan";"None";"None";"None";"None";"2";"3";"Dépendance";"nan";"0.0";"None";"None";"None";"None";"nan";"7.256473";"43.699896";"000KY"
"2022-55764";"2022-03-22";"1";"Vente";"731500.0";"2.0";"B";"RUE VERDI";"6620";"06000";"06088";"Nice";"06";"None";"None";"06088000KY0119";"None";"None";"11";"nan";"25";"124.18";"None";"nan";"None";"None";"None";"None";"2";"2";"Appartement";"106.0";"4.0";"None";"None";"None";"None";"nan";"7.261928";"43.699845";"000KY"
"2022-55764";"2022-03-22";"1";"Vente";"731500.0";"2.0";"B";"RUE VERDI";"6620";"06000";"06088";"Nice";"06";"None";"None";"06088000KY0119";"None";"None";"43";"nan";"None";"nan";"None";"nan";"None";"None";"None";"None";"1";"3";"Dépendance";"nan";"0.0";"None";"None";"None";"None";"nan";"7.261928";"43.699845";"000KY"
"2022-55764";"2022-03-22";"1";"Vente";"731500.0";"2.0";"B";"RUE VERDI";"6620";"06000";"06088";"Nice";"06";"None";"None";"06088000KY0119";"None";"None";"11";"nan";"25";"124.18";"None";"nan";"None";"None";"None";"None";"2";"3";"Dépendance";"nan";"0.0";"None";"None";"None";"None";"nan";"7.261928";"43.699845";"000KY"
"2022-55480";"2022-03-18";"1";"Vente";"209300.0";"32.0";"None";"RUE BERLIOZ";"0790";"06000";"06088";"Nice";"06";"None";"None";"06088000KY0076";"None";"None";"50";"nan";"94";"34.37";"None";"nan";"None";"None";"None";"None";"2";"2";"Appartement";"33.0";"1.0";"None";"None";"None";"None";"nan";"7.259888";"43.701741";"000KY"
"2022-55480";"2022-03-18";"1";"Vente";"209300.0";"32.0";"None";"RUE BERLIOZ";"0790";"06000";"06088";"Nice";"06";"None";"None";"06088000KY0076";"None";"None";"50";"nan";"94";"34.37";"None";"nan";"None";"None";"None";"None";"2";"3";"Dépendance";"nan";"0.0";"None";"None";"None";"None";"nan";"7.259888";"43.701741";"000KY"
"2022-54564";"2022-03-17";"1";"Vente";"399200.0";"25.0";"None";"RUE GOUNOD";"2985";"06000";"06088";"Nice";"06";"None";"None";"06088000KY0070";"None";"None";"5";"nan";"55";"nan";"None";"nan";"None";"None";"None";"None";"2";"2";"Appartement";"65.0";"3.0";"None";"None";"None";"None";"nan";"7.260341";"43.701072";"000KY"
"2022-55300";"2022-03-17";"1";"Vente";"65000.0";"5.0";"T";"RUE BERLIOZ";"0790";"06000";"06088";"Nice";"06";"None";"None";"06088000KY0230";"None";"None";"4";"15.04";"None";"nan";"None";"nan";"None";"None";"None";"None";"1";"2";"Appartement";"15.0";"1.0";"None";"None";"None";"None";"nan";"7.258907";"43.699145";"000KY"
"2022-54564";"2022-03-17";"1";"Vente";"399200.0";"25.0";"None";"RUE GOUNOD";"2985";"06000";"06088";"Nice";"06";"None";"None";"06088000KY0070";"None";"None";"5";"nan";"55";"nan";"None";"nan";"None";"None";"None";"None";"2";"3";"Dépendance";"nan";"0.0";"None";"None";"None";"None";"nan";"7.260341";"43.701072";"000KY"
"2022-54897";"2022-03-14";"1";"Vente";"230000.0";"22.0";"None";"RUE AMIRAL DE GRASSE";"0170";"06000";"06088";"Nice";"06";"None";"None";"06088000KY0017";"None";"None";"15";"nan";"5";"71.22";"None";"nan";"None";"None";"None";"None";"2";"2";"Appartement";"69.0";"3.0";"None";"None";"None";"None";"nan";"7.257724";"43.701897";"000KY"
"2022-54897";"2022-03-14";"1";"Vente";"230000.0";"22.0";"None";"RUE AMIRAL DE GRASSE";"0170";"06000";"06088";"Nice";"06";"None";"None";"06088000KY0017";"None";"None";"15";"nan";"5";"71.22";"None";"nan";"None";"None";"None";"None";"2";"3";"Dépendance";"nan";"0.0";"None";"None";"None";"None";"nan";"7.257724";"43.701897";"000KY"
"2022-54422";"2022-03-11";"1";"Vente";"159000.0";"40.0";"None";"RUE HEROLD";"3235";"06000";"06088";"Nice";"06";"None";"None";"06088000KY0055";"None";"None";"10";"nan";"39";"nan";"None";"nan";"None";"None";"None";"None";"2";"2";"Appartement";"24.0";"1.0";"None";"None";"None";"None";"nan";"7.259191";"43.701185";"000KY"
"2022-55258";"2022-03-11";"1";"Vente";"625000.0";"45.0";"T";"AV G CLEMENCEAU";"2880";"06000";"06088";"Nice";"06";"None";"None";"06088000KY0080";"None";"None";"None";"nan";"None";"nan";"None";"nan";"None";"None";"None";"None";"0";"2";"Appartement";"25.0";"1.0";"S";"sols";"None";"None";"162.0";"7.26004";"43.701396";"000KY"
"2022-55258";"2022-03-11";"1";"Vente";"625000.0";"45.0";"T";"AV G CLEMENCEAU";"2880";"06000";"06088";"Nice";"06";"None";"None";"06088000KY0080";"None";"None";"None";"nan";"None";"nan";"None";"nan";"None";"None";"None";"None";"0";"2";"Appartement";"55.0";"2.0";"S";"sols";"None";"None";"162.0";"7.26004";"43.701396";"000KY"
"2022-55258";"2022-03-11";"1";"Vente";"625000.0";"45.0";"T";"AV G CLEMENCEAU";"2880";"06000";"06088";"Nice";"06";"None";"None";"06088000KY0080";"None";"None";"None";"nan";"None";"nan";"None";"nan";"None";"None";"None";"None";"0";"2";"Appartement";"55.0";"3.0";"S";"sols";"None";"None";"162.0";"7.26004";"43.701396";"000KY"
"2022-55258";"2022-03-11";"1";"Vente";"625000.0";"45.0";"T";"AV G CLEMENCEAU";"2880";"06000";"06088";"Nice";"06";"None";"None";"06088000KY0080";"None";"None";"None";"nan";"None";"nan";"None";"nan";"None";"None";"None";"None";"0";"2";"Appartement";"50.0";"2.0";"S";"sols";"None";"None";"162.0";"7.26004";"43.701396";"000KY"
"2022-55258";"2022-03-11";"1";"Vente";"625000.0";"45.0";"T";"AV G CLEMENCEAU";"2880";"06000";"06088";"Nice";"06";"None";"None";"06088000KY0080";"None";"None";"None";"nan";"None";"nan";"None";"nan";"None";"None";"None";"None";"0";"2";"Appartement";"25.0";"1.0";"S";"sols";"None";"None";"162.0";"7.26004";"43.701396";"000KY"
"2022-54422";"2022-03-11";"1";"Vente";"159000.0";"40.0";"None";"RUE HEROLD";"3235";"06000";"06088";"Nice";"06";"None";"None";"06088000KY0055";"None";"None";"10";"nan";"39";"nan";"None";"nan";"None";"None";"None";"None";"2";"3";"Dépendance";"nan";"0.0";"None";"None";"None";"None";"nan";"7.259191";"43.701185";"000KY"
"2022-55258";"2022-03-11";"1";"Vente";"625000.0";"45.0";"T";"AV G CLEMENCEAU";"2880";"06000";"06088";"Nice";"06";"None";"None";"06088000KY0080";"None";"None";"None";"nan";"None";"nan";"None";"nan";"None";"None";"None";"None";"0";"4";"Local industriel. commercial ou assimilé";"30.0";"0.0";"S";"sols";"None";"None";"162.0";"7.26004";"43.701396";"000KY"
"2022-55258";"2022-03-11";"1";"Vente";"625000.0";"45.0";"T";"AV G CLEMENCEAU";"2880";"06000";"06088";"Nice";"06";"None";"None";"06088000KY0080";"None";"None";"None";"nan";"None";"nan";"None";"nan";"None";"None";"None";"None";"0";"4";"Local industriel. commercial ou assimilé";"59.0";"0.0";"S";"sols";"None";"None";"162.0";"7.26004";"43.701396";"000KY"
"2022-54804";"2022-03-11";"1";"Vente en l'état futur d'achèvement";"460000.0";"nan";"None";"RUE BERLIOZ";"0790";"06000";"06088";"Nice";"06";"None";"None";"06088000KY0308";"None";"None";"42";"nan";"None";"nan";"None";"nan";"None";"None";"None";"None";"1";"None";"None";"nan";"nan";"None";"None";"None";"None";"nan";"7.259838";"43.701246";"000KY"
"2022-54210";"2022-03-09";"1";"Vente";"180000.0";"13.0";"None";"AV AUBER";"0425";"06000";"06088";"Nice";"06";"None";"None";"06088000KY0103";"None";"None";"13";"69.55";"8";"nan";"None";"nan";"None";"None";"None";"None";"2";"4";"Local industriel. commercial ou assimilé";"77.0";"0.0";"None";"None";"None";"None";"nan";"7.261328";"43.700711";"000KY"
"2022-54715";"2022-03-09";"1";"Vente en l'état futur d'achèvement";"740000.0";"nan";"None";"RUE BERLIOZ";"0790";"06000";"06088";"Nice";"06";"None";"None";"06088000KY0308";"None";"None";"20";"nan";"None";"nan";"None";"nan";"None";"None";"None";"None";"1";"None";"None";"nan";"nan";"None";"None";"None";"None";"nan";"7.259838";"43.701246";"000KY"
"2022-54715";"2022-03-09";"1";"Vente en l'état futur d'achèvement";"740000.0";"nan";"None";"RUE BERLIOZ";"0790";"06000";"06088";"Nice";"06";"None";"None";"06088000KY0308";"None";"None";"41";"nan";"None";"nan";"None";"nan";"None";"None";"None";"None";"1";"None";"None";"nan";"nan";"None";"None";"None";"None";"nan";"7.259838";"43.701246";"000KY"
"2022-54800";"2022-03-09";"1";"Vente en l'état futur d'achèvement";"655000.0";"nan";"None";"RUE BERLIOZ";"0790";"06000";"06088";"Nice";"06";"None";"None";"06088000KY0308";"None";"None";"28";"nan";"None";"nan";"None";"nan";"None";"None";"None";"None";"1";"None";"None";"nan";"nan";"None";"None";"None";"None";"nan";"7.259838";"43.701246";"000KY"
"2022-54800";"2022-03-09";"1";"Vente en l'état futur d'achèvement";"655000.0";"nan";"None";"RUE BERLIOZ";"0790";"06000";"06088";"Nice";"06";"None";"None";"06088000KY0308";"None";"None";"6";"nan";"None";"nan";"None";"nan";"None";"None";"None";"None";"1";"None";"None";"nan";"nan";"None";"None";"None";"None";"nan";"7.259838";"43.701246";"000KY"
"2022-55510";"2022-03-08";"1";"Vente";"209838.0";"53.0";"None";"RUE ROSSINI";"5600";"06000";"06088";"Nice";"06";"None";"None";"06088000KY0325";"None";"None";"13";"nan";"33";"59.03";"None";"nan";"None";"None";"None";"None";"2";"2";"Appartement";"79.0";"3.0";"None";"None";"None";"None";"nan";"7.258635";"43.700508";"000KY"
"2022-55510";"2022-03-08";"1";"Vente";"209838.0";"53.0";"None";"RUE ROSSINI";"5600";"06000";"06088";"Nice";"06";"None";"None";"06088000KY0325";"None";"None";"13";"nan";"33";"59.03";"None";"nan";"None";"None";"None";"None";"2";"3";"Dépendance";"nan";"0.0";"None";"None";"None";"None";"nan";"7.258635";"43.700508";"000KY"
"2022-54755";"2022-03-07";"1";"Vente";"219000.0";"62.0";"None";"BD GAMBETTA";"2755";"06000";"06088";"Nice";"06";"None";"None";"06088000KY0001";"None";"None";"74";"52.62";"None";"nan";"None";"nan";"None";"None";"None";"None";"1";"2";"Appartement";"62.0";"2.0";"None";"None";"None";"None";"nan";"7.256638";"43.701528";"000KY"
"2022-54755";"2022-03-07";"1";"Vente";"219000.0";"62.0";"None";"BD GAMBETTA";"2755";"06000";"06088";"Nice";"06";"None";"None";"06088000KY0001";"None";"None";"220";"nan";"None";"nan";"None";"nan";"None";"None";"None";"None";"1";"3";"Dépendance";"nan";"0.0";"None";"None";"None";"None";"nan";"7.256638";"43.701528";"000KY"
"2022-54238";"2022-03-04";"1";"Vente";"743000.0";"18.0";"None";"AV AUBER";"0425";"06000";"06088";"Nice";"06";"None";"None";"06088000KY0110";"None";"None";"158";"nan";"86";"101.22";"None";"nan";"None";"None";"None";"None";"2";"2";"Appartement";"98.0";"4.0";"None";"None";"None";"None";"nan";"7.261844";"43.701172";"000KY"
"2022-54873";"2022-03-04";"1";"Vente";"259700.0";"20.0";"None";"RUE AMIRAL DE GRASSE";"0170";"06000";"06088";"Nice";"06";"None";"None";"06088000KY0016";"None";"None";"106";"nan";"47";"nan";"None";"nan";"None";"None";"None";"None";"2";"2";"Appartement";"53.0";"2.0";"None";"None";"None";"None";"nan";"7.257669";"43.701702";"000KY"
"2022-54238";"2022-03-04";"1";"Vente";"743000.0";"18.0";"None";"AV AUBER";"0425";"06000";"06088";"Nice";"06";"None";"None";"06088000KY0110";"None";"None";"57";"nan";"None";"nan";"None";"nan";"None";"None";"None";"None";"1";"3";"Dépendance";"nan";"0.0";"None";"None";"None";"None";"nan";"7.261844";"43.701172";"000KY"
"2022-54238";"2022-03-04";"1";"Vente";"743000.0";"18.0";"None";"AV AUBER";"0425";"06000";"06088";"Nice";"06";"None";"None";"06088000KY0110";"None";"None";"158";"nan";"86";"101.22";"None";"nan";"None";"None";"None";"None";"2";"3";"Dépendance";"nan";"0.0";"None";"None";"None";"None";"nan";"7.261844";"43.701172";"000KY"
"2022-54873";"2022-03-04";"1";"Vente";"259700.0";"20.0";"None";"RUE AMIRAL DE GRASSE";"0170";"06000";"06088";"Nice";"06";"None";"None";"06088000KY0016";"None";"None";"106";"nan";"47";"nan";"None";"nan";"None";"None";"None";"None";"2";"3";"Dépendance";"nan";"0.0";"None";"None";"None";"None";"nan";"7.257669";"43.701702";"000KY"
"2022-54873";"2022-03-04";"1";"Vente";"259700.0";"20.0";"None";"RUE AMIRAL DE GRASSE";"0170";"06000";"06088";"Nice";"06";"None";"None";"06088000KY0016";"None";"None";"106";"nan";"47";"nan";"None";"nan";"None";"None";"None";"None";"2";"3";"Dépendance";"nan";"0.0";"None";"None";"None";"None";"nan";"7.257669";"43.701702";"000KY"
"2022-54117";"2022-03-02";"1";"Vente";"850000.0";"2.0";"None";"RUE GUIGLIA";"3090";"06000";"06088";"Nice";"06";"None";"None";"06088000KY0287";"None";"None";"5";"165.34";"None";"nan";"None";"nan";"None";"None";"None";"None";"1";"2";"Appartement";"147.0";"6.0";"None";"None";"None";"None";"nan";"7.258078";"43.698537";"000KY"
"2022-54430";"2022-03-02";"1";"Vente";"160500.0";"71.0";"None";"RUE ROSSINI";"5600";"06000";"06088";"Nice";"06";"None";"None";"06088000KY0188";"None";"None";"16";"32.82";"70";"nan";"None";"nan";"None";"None";"None";"None";"2";"2";"Appartement";"40.0";"1.0";"None";"None";"None";"None";"nan";"7.25664";"43.700802";"000KY"
"2022-54789";"2022-03-02";"1";"Vente";"152000.0";"3.0";"None";"RUE AMIRAL DE GRASSE";"0170";"06000";"06088";"Nice";"06";"None";"None";"06088000KY0302";"None";"None";"61";"28.11";"None";"nan";"None";"nan";"None";"None";"None";"None";"1";"2";"Appartement";"28.0";"1.0";"None";"None";"None";"None";"nan";"7.256514";"43.701267";"000KY"
"2022-54117";"2022-03-02";"1";"Vente";"850000.0";"2.0";"None";"RUE GUIGLIA";"3090";"06000";"06088";"Nice";"06";"None";"None";"06088000KY0287";"None";"None";"5";"165.34";"None";"nan";"None";"nan";"None";"None";"None";"None";"1";"3";"Dépendance";"nan";"0.0";"None";"None";"None";"None";"nan";"7.258078";"43.698537";"000KY"
"2022-54117";"2022-03-02";"1";"Vente";"850000.0";"2.0";"None";"RUE GUIGLIA";"3090";"06000";"06088";"Nice";"06";"None";"None";"06088000KY0287";"None";"None";"5";"165.34";"None";"nan";"None";"nan";"None";"None";"None";"None";"1";"3";"Dépendance";"nan";"0.0";"None";"None";"None";"None";"nan";"7.258078";"43.698537";"000KY"
"2022-54430";"2022-03-02";"1";"Vente";"160500.0";"71.0";"None";"RUE ROSSINI";"5600";"06000";"06088";"Nice";"06";"None";"None";"06088000KY0188";"None";"None";"16";"32.82";"70";"nan";"None";"nan";"None";"None";"None";"None";"2";"3";"Dépendance";"nan";"0.0";"None";"None";"None";"None";"nan";"7.25664";"43.700802";"000KY"
"2022-54051";"2022-03-01";"1";"Vente";"185000.0";"32.0";"None";"RUE VERDI";"6620";"06000";"06088";"Nice";"06";"None";"None";"06088000KY0161";"None";"None";"28";"40.0";"None";"nan";"None";"nan";"None";"None";"None";"None";"1";"2";"Appartement";"42.0";"1.0";"None";"None";"None";"None";"nan";"7.258345";"43.699817";"000KY"
"2022-54948";"2022-03-01";"1";"Vente";"578350.0";"54.0";"None";"BD GAMBETTA";"2755";"06000";"06088";"Nice";"06";"None";"None";"06088000KY0009";"None";"None";"5";"nan";"53";"79.0";"None";"nan";"None";"None";"None";"None";"2";"2";"Appartement";"75.0";"5.0";"None";"None";"None";"None";"nan";"7.256462";"43.701093";"000KY"
"2022-55197";"2022-03-01";"1";"Vente";"137000.0";"3.0";"None";"RUE AMIRAL DE GRASSE";"0170";"06000";"06088";"Nice";"06";"None";"None";"06088000KY0302";"None";"None";"85";"27.66";"None";"nan";"None";"nan";"None";"None";"None";"None";"1";"2";"Appartement";"28.0";"1.0";"None";"None";"None";"None";"nan";"7.256514";"43.701267";"000KY"
"2022-54948";"2022-03-01";"1";"Vente";"578350.0";"54.0";"None";"BD GAMBETTA";"2755";"06000";"06088";"Nice";"06";"None";"None";"06088000KY0009";"None";"None";"5";"nan";"53";"79.0";"None";"nan";"None";"None";"None";"None";"2";"3";"Dépendance";"nan";"0.0";"None";"None";"None";"None";"nan";"7.256462";"43.701093";"000KY"
"2022-54948";"2022-03-01";"1";"Vente";"578350.0";"54.0";"None";"BD GAMBETTA";"2755";"06000";"06088";"Nice";"06";"None";"None";"06088000KY0009";"None";"None";"5";"nan";"53";"79.0";"None";"nan";"None";"None";"None";"None";"2";"3";"Dépendance";"nan";"0.0";"None";"None";"None";"None";"nan";"7.256462";"43.701093";"000KY"
"2022-53758";"2022-03-01";"1";"Vente";"209000.0";"50.0";"None";"BD VICTOR HUGO";"6655";"06000";"06088";"Nice";"06";"None";"None";"06088000KY0244";"None";"None";"201";"nan";"None";"nan";"None";"nan";"None";"None";"None";"None";"1";"4";"Local industriel. commercial ou assimilé";"28.0";"0.0";"None";"None";"None";"None";"nan";"7.259365";"43.698542";"000KY"
"2022-54302";"2022-02-28";"1";"Vente";"200000.0";"8.0";"None";"IMP MOZART";"4470";"06000";"06088";"Nice";"06";"None";"None";"06088000KY0072";"None";"None";"9";"40.23";"None";"nan";"None";"nan";"None";"None";"None";"None";"1";"2";"Appartement";"41.0";"3.0";"None";"None";"None";"None";"nan";"7.260369";"43.70126";"000KY"
"2022-56008";"2022-02-25";"1";"Vente";"325000.0";"47.0";"None";"AV G CLEMENCEAU";"2880";"06000";"06088";"Nice";"06";"None";"None";"06088000KY0076";"None";"None";"108";"73.15";"51";"nan";"None";"nan";"None";"None";"None";"None";"2";"2";"Appartement";"72.0";"3.0";"None";"None";"None";"None";"nan";"7.259888";"43.701741";"000KY"
"2022-56008";"2022-02-25";"1";"Vente";"325000.0";"47.0";"None";"AV G CLEMENCEAU";"2880";"06000";"06088";"Nice";"06";"None";"None";"06088000KY0076";"None";"None";"108";"73.15";"51";"nan";"None";"nan";"None";"None";"None";"None";"2";"3";"Dépendance";"nan";"0.0";"None";"None";"None";"None";"nan";"7.259888";"43.701741";"000KY"
"2022-54118";"2022-02-24";"1";"Vente";"272850.0";"7.0";"None";"RUE BERLIOZ";"0790";"06000";"06088";"Nice";"06";"None";"None";"06088000KY0226";"None";"None";"29";"40.54";"None";"nan";"None";"nan";"None";"None";"None";"None";"1";"2";"Appartement";"42.0";"2.0";"None";"None";"None";"None";"nan";"7.258967";"43.699296";"000KY"
"2022-54118";"2022-02-24";"1";"Vente";"272850.0";"7.0";"None";"RUE BERLIOZ";"0790";"06000";"06088";"Nice";"06";"None";"None";"06088000KY0226";"None";"None";"29";"40.54";"None";"nan";"None";"nan";"None";"None";"None";"None";"1";"3";"Dépendance";"nan";"0.0";"None";"None";"None";"None";"nan";"7.258967";"43.699296";"000KY"
"2022-54461";"2022-02-24";"1";"Vente en l'état futur d'achèvement";"247000.0";"nan";"None";"RUE VERDI";"6620";"06000";"06088";"Nice";"06";"None";"None";"06088000KY0224";"None";"None";"19";"nan";"None";"nan";"None";"nan";"None";"None";"None";"None";"1";"None";"None";"nan";"nan";"None";"None";"None";"None";"nan";"7.258826";"43.699408";"000KY"
"2022-53349";"2022-02-23";"1";"Vente";"540000.0";"5.0";"None";"RUE BERLIOZ";"0790";"06000";"06088";"Nice";"06";"None";"None";"06088000KY0232";"None";"None";"1";"217.67";"None";"nan";"None";"nan";"None";"None";"None";"None";"1";"4";"Local industriel. commercial ou assimilé";"282.0";"0.0";"None";"None";"None";"None";"nan";"7.258864";"43.698997";"000KY"
"2022-53376";"2022-02-22";"1";"Vente";"106000.0";"3.0";"None";"RUE BERLIOZ";"0790";"06000";"06088";"Nice";"06";"None";"None";"06088000KY0243";"None";"None";"3";"nan";"37";"nan";"None";"nan";"None";"None";"None";"None";"2";"2";"Appartement";"30.0";"1.0";"None";"None";"None";"None";"nan";"7.258898";"43.698691";"000KY"
"2022-53792";"2022-02-22";"1";"Vente";"238850.0";"24.0";"None";"RUE GOUNOD";"2985";"06000";"06088";"Nice";"06";"None";"None";"06088000KY0095";"None";"None";"144";"nan";"None";"nan";"None";"nan";"None";"None";"None";"None";"1";"2";"Appartement";"56.0";"2.0";"None";"None";"None";"None";"nan";"7.261213";"43.701137";"000KY"
"2022-53835";"2022-02-22";"1";"Vente";"540000.0";"36.0";"None";"RUE VERDI";"6620";"06000";"06088";"Nice";"06";"None";"None";"06088000KY0172";"None";"None";"10";"nan";"35";"111.85";"None";"nan";"None";"None";"None";"None";"2";"2";"Appartement";"110.0";"5.0";"None";"None";"None";"None";"nan";"7.257642";"43.699788";"000KY"
"2022-54627";"2022-02-22";"1";"Vente";"157500.0";"18.0";"None";"RUE GUIGLIA";"3090";"06000";"06088";"Nice";"06";"None";"None";"06088000KY0167";"None";"None";"41";"nan";"None";"nan";"None";"nan";"None";"None";"None";"None";"1";"2";"Appartement";"25.0";"1.0";"None";"None";"None";"None";"nan";"7.258148";"43.700464";"000KY"
"2022-53376";"2022-02-22";"1";"Vente";"106000.0";"3.0";"None";"RUE BERLIOZ";"0790";"06000";"06088";"Nice";"06";"None";"None";"06088000KY0243";"None";"None";"3";"nan";"37";"nan";"None";"nan";"None";"None";"None";"None";"2";"3";"Dépendance";"nan";"0.0";"None";"None";"None";"None";"nan";"7.258898";"43.698691";"000KY"
"2022-53792";"2022-02-22";"1";"Vente";"238850.0";"30.0";"None";"RUE GOUNOD";"2985";"06000";"06088";"Nice";"06";"None";"None";"06088000KY0095";"None";"None";"12";"nan";"None";"nan";"None";"nan";"None";"None";"None";"None";"1";"3";"Dépendance";"nan";"0.0";"None";"None";"None";"None";"nan";"7.261213";"43.701137";"000KY"
"2022-53835";"2022-02-22";"1";"Vente";"540000.0";"36.0";"None";"RUE VERDI";"6620";"06000";"06088";"Nice";"06";"None";"None";"06088000KY0172";"None";"None";"10";"nan";"35";"111.85";"None";"nan";"None";"None";"None";"None";"2";"3";"Dépendance";"nan";"0.0";"None";"None";"None";"None";"nan";"7.257642";"43.699788";"000KY"
"2022-53911";"2022-02-21";"1";"Vente";"108000.0";"61.0";"None";"RUE ROSSINI";"5600";"06000";"06088";"Nice";"06";"None";"None";"06088000KY0183";"None";"None";"10";"nan";"37";"34.31";"None";"nan";"None";"None";"None";"None";"2";"2";"Appartement";"32.0";"1.0";"None";"None";"None";"None";"nan";"7.25771";"43.700642";"000KY"
"2022-53477";"2022-02-21";"1";"Vente";"115000.0";"22.0";"None";"RUE GOUNOD";"2985";"06000";"06088";"Nice";"06";"None";"None";"06088000KY0096";"None";"None";"29";"nan";"None";"nan";"None";"nan";"None";"None";"None";"None";"1";"3";"Dépendance";"nan";"0.0";"None";"None";"None";"None";"nan";"7.260725";"43.700674";"000KY"
"2022-53911";"2022-02-21";"1";"Vente";"108000.0";"61.0";"None";"RUE ROSSINI";"5600";"06000";"06088";"Nice";"06";"None";"None";"06088000KY0183";"None";"None";"10";"nan";"37";"34.31";"None";"nan";"None";"None";"None";"None";"2";"3";"Dépendance";"nan";"0.0";"None";"None";"None";"None";"nan";"7.25771";"43.700642";"000KY"
"2022-54372";"2022-02-21";"1";"Vente";"30000.0";"39.0";"None";"RUE ROSSINI";"5600";"06000";"06088";"Nice";"06";"None";"None";"06088000KY0314";"None";"None";"26";"nan";"None";"nan";"None";"nan";"None";"None";"None";"None";"1";"3";"Dépendance";"nan";"0.0";"None";"None";"None";"None";"nan";"7.260781";"43.700325";"000KY"
"2022-53093";"2022-02-17";"1";"Vente";"217000.0";"67.0";"None";"RUE ROSSINI";"5600";"06000";"06088";"Nice";"06";"None";"None";"06088000KY0186";"None";"None";"15";"32.01";"26";"nan";"None";"nan";"None";"None";"None";"None";"2";"2";"Appartement";"36.0";"1.0";"None";"None";"None";"None";"nan";"7.257182";"43.700706";"000KY"
"2022-53093";"2022-02-17";"1";"Vente";"217000.0";"67.0";"None";"RUE ROSSINI";"5600";"06000";"06088";"Nice";"06";"None";"None";"06088000KY0186";"None";"None";"15";"32.01";"26";"nan";"None";"nan";"None";"None";"None";"None";"2";"3";"Dépendance";"nan";"0.0";"None";"None";"None";"None";"nan";"7.257182";"43.700706";"000KY"
"2022-53298";"2022-02-16";"1";"Vente";"95000.0";"25.0";"None";"RUE HEROLD";"3235";"06000";"06088";"Nice";"06";"None";"None";"06088000KY0162";"None";"None";"106";"24.71";"4";"nan";"None";"nan";"None";"None";"None";"None";"2";"2";"Appartement";"27.0";"1.0";"None";"None";"None";"None";"nan";"7.258351";"43.700062";"000KY"
"2022-53298";"2022-02-16";"1";"Vente";"95000.0";"25.0";"None";"RUE HEROLD";"3235";"06000";"06088";"Nice";"06";"None";"None";"06088000KY0162";"None";"None";"106";"24.71";"4";"nan";"None";"nan";"None";"None";"None";"None";"2";"3";"Dépendance";"nan";"0.0";"None";"None";"None";"None";"nan";"7.258351";"43.700062";"000KY"
"2022-53551";"2022-02-16";"1";"Vente";"12000.0";"30.0";"None";"RUE GOUNOD";"2985";"06000";"06088";"Nice";"06";"None";"None";"06088000KY0095";"None";"None";"47";"nan";"None";"nan";"None";"nan";"None";"None";"None";"None";"1";"3";"Dépendance";"nan";"0.0";"None";"None";"None";"None";"nan";"7.261213";"43.701137";"000KY"
"2022-53570";"2022-02-14";"1";"Vente";"218000.0";"1.0";"T";"RUE BERLIOZ";"0790";"06000";"06088";"Nice";"06";"None";"None";"06088000KY0242";"None";"None";"58";"49.07";"None";"nan";"None";"nan";"None";"None";"None";"None";"1";"2";"Appartement";"47.0";"2.0";"None";"None";"None";"None";"nan";"7.258795";"43.698627";"000KY"
"2022-53831";"2022-02-11";"1";"Vente";"199000.0";"35.0";"None";"RUE BERLIOZ";"0790";"06000";"06088";"Nice";"06";"None";"None";"06088000KY0052";"None";"None";"14";"32.31";"None";"nan";"None";"nan";"None";"None";"None";"None";"1";"2";"Appartement";"31.0";"2.0";"None";"None";"None";"None";"nan";"7.259315";"43.701388";"000KY"
"2022-53086";"2022-02-10";"1";"Vente";"198000.0";"32.0";"None";"RUE VERDI";"6620";"06000";"06088";"Nice";"06";"None";"None";"06088000KY0161";"None";"None";"27";"nan";"None";"nan";"None";"nan";"None";"None";"None";"None";"1";"2";"Appartement";"43.0";"1.0";"None";"None";"None";"None";"nan";"7.258345";"43.699817";"000KY"
"2022-53401";"2022-02-10";"1";"Vente";"58000.0";"31.0";"None";"RUE GOUNOD";"2985";"06000";"06088";"Nice";"06";"None";"None";"06088000KY0086";"None";"None";"2";"31.67";"None";"nan";"None";"nan";"None";"None";"None";"None";"1";"4";"Local industriel. commercial ou assimilé";"28.0";"0.0";"None";"None";"None";"None";"nan";"7.260618";"43.701467";"000KY"
"2022-53275";"2022-02-08";"1";"Vente";"110500.0";"22.0";"None";"RUE HEROLD";"3235";"06000";"06088";"Nice";"06";"None";"None";"06088000KY0158";"None";"None";"125";"29.01";"None";"nan";"None";"nan";"None";"None";"None";"None";"1";"2";"Appartement";"29.0";"2.0";"None";"None";"None";"None";"nan";"7.258773";"43.700099";"000KY"
"2022-52816";"2022-02-07";"1";"Vente";"1600000.0";"6.0";"None";"RUE KOSMA";"3522";"06000";"06088";"Nice";"06";"None";"None";"06088000KY0208";"None";"None";"60";"220.76";"None";"nan";"None";"nan";"None";"None";"None";"None";"1";"2";"Appartement";"222.0";"5.0";"None";"None";"None";"None";"nan";"7.256884";"43.698935";"000KY"
"2022-52816";"2022-02-07";"1";"Vente";"1600000.0";"6.0";"None";"RUE KOSMA";"3522";"06000";"06088";"Nice";"06";"None";"None";"06088000KY0208";"None";"None";"24";"nan";"None";"nan";"None";"nan";"None";"None";"None";"None";"1";"3";"Dépendance";"nan";"0.0";"None";"None";"None";"None";"nan";"7.256884";"43.698935";"000KY"
"2022-52816";"2022-02-07";"1";"Vente";"1600000.0";"6.0";"None";"RUE KOSMA";"3522";"06000";"06088";"Nice";"06";"None";"None";"06088000KY0208";"None";"None";"60";"220.76";"None";"nan";"None";"nan";"None";"None";"None";"None";"1";"3";"Dépendance";"nan";"0.0";"None";"None";"None";"None";"nan";"7.256884";"43.698935";"000KY"
"2022-52659";"2022-02-04";"1";"Vente";"430000.0";"59.0";"None";"RUE ROSSINI";"5600";"06000";"06088";"Nice";"06";"None";"None";"06088000KY0166";"None";"None";"60";"nan";"None";"nan";"None";"nan";"None";"None";"None";"None";"1";"2";"Appartement";"88.0";"3.0";"None";"None";"None";"None";"nan";"7.258158";"43.700614";"000KY"
"2022-53583";"2022-02-04";"1";"Vente";"68000.0";"24.0";"None";"RUE HEROLD";"3235";"06000";"06088";"Nice";"06";"None";"None";"06088000KY0158";"None";"None";"228";"14.38";"None";"nan";"None";"nan";"None";"None";"None";"None";"1";"2";"Appartement";"12.0";"1.0";"None";"None";"None";"None";"nan";"7.258773";"43.700099";"000KY"
"2022-52659";"2022-02-04";"1";"Vente";"430000.0";"59.0";"None";"RUE ROSSINI";"5600";"06000";"06088";"Nice";"06";"None";"None";"06088000KY0166";"None";"None";"60";"nan";"None";"nan";"None";"nan";"None";"None";"None";"None";"1";"3";"Dépendance";"nan";"0.0";"None";"None";"None";"None";"nan";"7.258158";"43.700614";"000KY"
"2022-52496";"2022-02-01";"1";"Vente";"342000.0";"46.0";"None";"BD GAMBETTA";"2755";"06000";"06088";"Nice";"06";"None";"None";"06088000KY0294";"None";"None";"105";"nan";"121";"nan";"None";"nan";"None";"None";"None";"None";"2";"2";"Appartement";"96.0";"3.0";"None";"None";"None";"None";"nan";"7.256492";"43.700513";"000KY"
"2022-53558";"2022-02-01";"1";"Vente";"120000.0";"44.0";"None";"RUE ROSSINI";"5600";"06000";"06088";"Nice";"06";"None";"None";"06088000KY0027";"None";"None";"165";"nan";"24";"34.82";"None";"nan";"None";"None";"None";"None";"2";"2";"Appartement";"36.0";"1.0";"None";"None";"None";"None";"nan";"7.258248";"43.701081";"000KY"
"2022-52496";"2022-02-01";"1";"Vente";"342000.0";"46.0";"None";"BD GAMBETTA";"2755";"06000";"06088";"Nice";"06";"None";"None";"06088000KY0294";"None";"None";"105";"nan";"121";"nan";"None";"nan";"None";"None";"None";"None";"2";"3";"Dépendance";"nan";"0.0";"None";"None";"None";"None";"nan";"7.256492";"43.700513";"000KY"
"2022-53558";"2022-02-01";"1";"Vente";"120000.0";"44.0";"None";"RUE ROSSINI";"5600";"06000";"06088";"Nice";"06";"None";"None";"06088000KY0027";"None";"None";"165";"nan";"24";"34.82";"None";"nan";"None";"None";"None";"None";"2";"3";"Dépendance";"nan";"0.0";"None";"None";"None";"None";"nan";"7.258248";"43.701081";"000KY"
"2022-52183";"2022-01-28";"1";"Vente";"126000.0";"31.0";"None";"RUE BERLIOZ";"0790";"06000";"06088";"Nice";"06";"None";"None";"06088000KY0055";"None";"None";"109";"nan";"165";"23.75";"None";"nan";"None";"None";"None";"None";"2";"2";"Appartement";"24.0";"1.0";"None";"None";"None";"None";"nan";"7.259191";"43.701185";"000KY"
"2022-52184";"2022-01-28";"1";"Vente";"287000.0";"51.0";"None";"AV G CLEMENCEAU";"2880";"06000";"06088";"Nice";"06";"None";"None";"06088000KY0047";"None";"None";"22";"nan";"50";"nan";"None";"nan";"None";"None";"None";"None";"2";"2";"Appartement";"58.0";"3.0";"None";"None";"None";"None";"nan";"7.259209";"43.701881";"000KY"
"2022-52344";"2022-01-28";"1";"Vente";"560000.0";"40.0";"None";"BD GAMBETTA";"2755";"06000";"06088";"Nice";"06";"None";"None";"06088000KY0193";"None";"None";"125";"nan";"76";"nan";"None";"nan";"None";"None";"None";"None";"2";"2";"Appartement";"67.0";"3.0";"None";"None";"None";"None";"nan";"7.256559";"43.700111";"000KY"
"2022-52511";"2022-01-28";"1";"Vente";"130000.0";"1.0";"B";"RUE BERLIOZ";"0790";"06000";"06088";"Nice";"06";"None";"None";"06088000KY0241";"None";"None";"1";"31.29";"29";"nan";"None";"nan";"None";"None";"None";"None";"2";"2";"Appartement";"30.0";"1.0";"None";"None";"None";"None";"nan";"7.258899";"43.698604";"000KY"
"2022-52597";"2022-01-28";"1";"Vente";"223500.0";"4.0";"None";"RUE AMIRAL DE GRASSE";"0170";"06000";"06088";"Nice";"06";"None";"None";"06088000KY0189";"None";"None";"18";"nan";"6";"nan";"None";"nan";"None";"None";"None";"None";"2";"2";"Appartement";"60.0";"2.0";"None";"None";"None";"None";"nan";"7.256585";"43.70069";"000KY"
"2022-52183";"2022-01-28";"1";"Vente";"126000.0";"31.0";"None";"RUE BERLIOZ";"0790";"06000";"06088";"Nice";"06";"None";"None";"06088000KY0055";"None";"None";"109";"nan";"165";"23.75";"None";"nan";"None";"None";"None";"None";"2";"3";"Dépendance";"nan";"0.0";"None";"None";"None";"None";"nan";"7.259191";"43.701185";"000KY"
"2022-52184";"2022-01-28";"1";"Vente";"287000.0";"51.0";"None";"AV G CLEMENCEAU";"2880";"06000";"06088";"Nice";"06";"None";"None";"06088000KY0047";"None";"None";"22";"nan";"50";"nan";"None";"nan";"None";"None";"None";"None";"2";"3";"Dépendance";"nan";"0.0";"None";"None";"None";"None";"nan";"7.259209";"43.701881";"000KY"
"2022-52344";"2022-01-28";"1";"Vente";"560000.0";"40.0";"None";"BD GAMBETTA";"2755";"06000";"06088";"Nice";"06";"None";"None";"06088000KY0193";"None";"None";"125";"nan";"76";"nan";"None";"nan";"None";"None";"None";"None";"2";"3";"Dépendance";"nan";"0.0";"None";"None";"None";"None";"nan";"7.256559";"43.700111";"000KY"
"2022-52344";"2022-01-28";"1";"Vente";"560000.0";"40.0";"None";"BD GAMBETTA";"2755";"06000";"06088";"Nice";"06";"None";"None";"06088000KY0193";"None";"None";"125";"nan";"76";"nan";"None";"nan";"None";"None";"None";"None";"2";"3";"Dépendance";"nan";"0.0";"None";"None";"None";"None";"nan";"7.256559";"43.700111";"000KY"
"2022-52432";"2022-01-28";"1";"Vente";"26000.0";"62.0";"None";"BD GAMBETTA";"2755";"06000";"06088";"Nice";"06";"None";"None";"06088000KY0001";"None";"None";"175";"nan";"None";"nan";"None";"nan";"None";"None";"None";"None";"1";"3";"Dépendance";"nan";"0.0";"None";"None";"None";"None";"nan";"7.256638";"43.701528";"000KY"
"2022-52511";"2022-01-28";"1";"Vente";"130000.0";"1.0";"B";"RUE BERLIOZ";"0790";"06000";"06088";"Nice";"06";"None";"None";"06088000KY0241";"None";"None";"1";"31.29";"29";"nan";"None";"nan";"None";"None";"None";"None";"2";"3";"Dépendance";"nan";"0.0";"None";"None";"None";"None";"nan";"7.258899";"43.698604";"000KY"
"2022-52597";"2022-01-28";"1";"Vente";"223500.0";"4.0";"None";"RUE AMIRAL DE GRASSE";"0170";"06000";"06088";"Nice";"06";"None";"None";"06088000KY0189";"None";"None";"18";"nan";"6";"nan";"None";"nan";"None";"None";"None";"None";"2";"3";"Dépendance";"nan";"0.0";"None";"None";"None";"None";"nan";"7.256585";"43.70069";"000KY"
"2022-52224";"2022-01-25";"1";"Vente";"450000.0";"34.0";"None";"BD GAMBETTA";"2755";"06000";"06088";"Nice";"06";"None";"None";"06088000KY0210";"None";"None";"13";"129.31";"24";"nan";"None";"nan";"None";"None";"None";"None";"2";"2";"Appartement";"139.0";"5.0";"None";"None";"None";"None";"nan";"7.256488";"43.699005";"000KY"
"2022-52224";"2022-01-25";"1";"Vente";"450000.0";"34.0";"None";"BD GAMBETTA";"2755";"06000";"06088";"Nice";"06";"None";"None";"06088000KY0210";"None";"None";"13";"129.31";"24";"nan";"None";"nan";"None";"None";"None";"None";"2";"3";"Dépendance";"nan";"0.0";"None";"None";"None";"None";"nan";"7.256488";"43.699005";"000KY"
"2022-52141";"2022-01-21";"1";"Vente";"300000.0";"4.0";"None";"RUE VERDI";"6620";"06000";"06088";"Nice";"06";"None";"None";"06088000KY0120";"None";"None";"10";"nan";"22";"54.02";"None";"nan";"None";"None";"None";"None";"2";"2";"Appartement";"54.0";"3.0";"None";"None";"None";"None";"nan";"7.261687";"43.699793";"000KY"
"2022-52141";"2022-01-21";"1";"Vente";"300000.0";"4.0";"None";"RUE VERDI";"6620";"06000";"06088";"Nice";"06";"None";"None";"06088000KY0120";"None";"None";"10";"nan";"22";"54.02";"None";"nan";"None";"None";"None";"None";"2";"3";"Dépendance";"nan";"0.0";"None";"None";"None";"None";"nan";"7.261687";"43.699793";"000KY"
"2022-52141";"2022-01-21";"1";"Vente";"300000.0";"4.0";"None";"RUE VERDI";"6620";"06000";"06088";"Nice";"06";"None";"None";"06088000KY0120";"None";"None";"34";"nan";"None";"nan";"None";"nan";"None";"None";"None";"None";"1";"3";"Dépendance";"nan";"0.0";"None";"None";"None";"None";"nan";"7.261687";"43.699793";"000KY"
"2022-51993";"2022-01-20";"1";"Vente";"400000.0";"20.0";"None";"RUE VERDI";"6620";"06000";"06088";"Nice";"06";"None";"None";"06088000KY0134";"None";"None";"216";"80.03";"None";"nan";"None";"nan";"None";"None";"None";"None";"1";"2";"Appartement";"79.0";"3.0";"None";"None";"None";"None";"nan";"7.259955";"43.699817";"000KY"
"2022-51993";"2022-01-20";"1";"Vente";"400000.0";"20.0";"None";"RUE VERDI";"6620";"06000";"06088";"Nice";"06";"None";"None";"06088000KY0134";"None";"None";"102";"nan";"None";"nan";"None";"nan";"None";"None";"None";"None";"1";"3";"Dépendance";"nan";"0.0";"None";"None";"None";"None";"nan";"7.259955";"43.699817";"000KY"
"2022-52075";"2022-01-20";"1";"Vente";"63000.0";"4.0";"None";"RUE HEROLD";"3235";"06000";"06088";"Nice";"06";"None";"None";"06088000KY0236";"None";"None";"14";"nan";"None";"nan";"None";"nan";"None";"None";"None";"None";"1";"3";"Dépendance";"nan";"0.0";"None";"None";"None";"None";"nan";"7.258454";"43.698638";"000KY"
"2022-51900";"2022-01-19";"1";"Vente";"3250000.0";"28.0";"None";"RUE BERLIOZ";"0790";"06000";"06088";"Nice";"06";"None";"None";"06088000KY0308";"None";"None";"None";"nan";"None";"nan";"None";"nan";"None";"None";"None";"None";"0";"2";"Appartement";"141.0";"4.0";"S";"sols";"None";"None";"675.0";"7.259838";"43.701246";"000KY"
"2022-51972";"2022-01-19";"1";"Vente";"159000.0";"4.0";"None";"RUE GUIGLIA";"3090";"06000";"06088";"Nice";"06";"None";"None";"06088000KY0215";"None";"None";"40";"nan";"None";"nan";"None";"nan";"None";"None";"None";"None";"1";"2";"Appartement";"28.0";"2.0";"None";"None";"None";"None";"nan";"7.257985";"43.698779";"000KY"
"2022-51900";"2022-01-19";"1";"Vente";"3250000.0";"28.0";"None";"RUE BERLIOZ";"0790";"06000";"06088";"Nice";"06";"None";"None";"06088000KY0308";"None";"None";"None";"nan";"None";"nan";"None";"nan";"None";"None";"None";"None";"0";"3";"Dépendance";"nan";"0.0";"S";"sols";"None";"None";"675.0";"7.259838";"43.701246";"000KY"
"2022-51900";"2022-01-19";"1";"Vente";"3250000.0";"28.0";"None";"RUE BERLIOZ";"0790";"06000";"06088";"Nice";"06";"None";"None";"06088000KY0308";"None";"None";"None";"nan";"None";"nan";"None";"nan";"None";"None";"None";"None";"0";"3";"Dépendance";"nan";"0.0";"S";"sols";"None";"None";"675.0";"7.259838";"43.701246";"000KY"
"2022-51900";"2022-01-19";"1";"Vente";"3250000.0";"28.0";"None";"RUE BERLIOZ";"0790";"06000";"06088";"Nice";"06";"None";"None";"06088000KY0308";"None";"None";"None";"nan";"None";"nan";"None";"nan";"None";"None";"None";"None";"0";"4";"Local industriel. commercial ou assimilé";"1174.0";"0.0";"S";"sols";"None";"None";"675.0";"7.259838";"43.701246";"000KY"
"2022-51900";"2022-01-19";"1";"Vente";"3250000.0";"nan";"None";"RUE BERLIOZ";"0790";"06000";"06088";"Nice";"06";"None";"None";"06088000KY0307";"None";"None";"None";"nan";"None";"nan";"None";"nan";"None";"None";"None";"None";"0";"None";"None";"nan";"nan";"L";"landes";"None";"None";"143.0";"7.260083";"43.701222";"000KY"
"2022-53917";"2022-01-18";"1";"Vente";"476770.0";"20.0";"None";"RUE VERDI";"6620";"06000";"06088";"Nice";"06";"None";"None";"06088000KY0134";"None";"None";"242";"75.03";"None";"nan";"None";"nan";"None";"None";"None";"None";"1";"2";"Appartement";"72.0";"3.0";"None";"None";"None";"None";"nan";"7.259955";"43.699817";"000KY"
"2022-52304";"2022-01-14";"1";"Vente";"820000.0";"4.0";"None";"RUE HEROLD";"3235";"06000";"06088";"Nice";"06";"None";"None";"06088000KY0236";"None";"None";"5";"nan";"None";"nan";"None";"nan";"None";"None";"None";"None";"1";"3";"Dépendance";"nan";"0.0";"None";"None";"None";"None";"nan";"7.258454";"43.698638";"000KY"
"2022-52304";"2022-01-14";"1";"Vente";"820000.0";"54.0";"None";"BD VICTOR HUGO";"6655";"06000";"06088";"Nice";"06";"None";"None";"06088000KY0288";"None";"None";"35";"nan";"38";"nan";"39";"nan";"None";"None";"None";"None";"3";"4";"Local industriel. commercial ou assimilé";"177.0";"0.0";"None";"None";"None";"None";"nan";"7.258017";"43.698216";"000KY"
"2022-51770";"2022-01-13";"1";"Vente";"285000.0";"1.0";"B";"RUE BERLIOZ";"0790";"06000";"06088";"Nice";"06";"None";"None";"06088000KY0241";"None";"None";"14";"nan";"None";"nan";"None";"nan";"None";"None";"None";"None";"1";"2";"Appartement";"46.0";"2.0";"None";"None";"None";"None";"nan";"7.258899";"43.698604";"000KY"
"2022-52060";"2022-01-13";"1";"Vente";"109140.0";"62.0";"None";"BD GAMBETTA";"2755";"06000";"06088";"Nice";"06";"None";"None";"06088000KY0001";"None";"None";"120";"nan";"29";"25.5";"None";"nan";"None";"None";"None";"None";"2";"2";"Appartement";"25.0";"1.0";"None";"None";"None";"None";"nan";"7.256638";"43.701528";"000KY"
"2022-52060";"2022-01-13";"1";"Vente";"109140.0";"62.0";"None";"BD GAMBETTA";"2755";"06000";"06088";"Nice";"06";"None";"None";"06088000KY0001";"None";"None";"120";"nan";"29";"25.5";"None";"nan";"None";"None";"None";"None";"2";"3";"Dépendance";"nan";"0.0";"None";"None";"None";"None";"nan";"7.256638";"43.701528";"000KY"
"2022-51463";"2022-01-12";"1";"Vente";"46000.0";"34.0";"None";"RUE VERDI";"6620";"06000";"06088";"Nice";"06";"None";"None";"06088000KY0171";"None";"None";"12";"nan";"None";"nan";"None";"nan";"None";"None";"None";"None";"1";"3";"Dépendance";"nan";"0.0";"None";"None";"None";"None";"nan";"7.258068";"43.699855";"000KY"
"2022-51748";"2022-01-11";"1";"Vente";"128000.0";"nan";"None";"RUE TCHEKHOV";"6318";"06000";"06088";"Nice";"06";"None";"None";"06088000KY0095";"None";"None";"289";"28.0";"None";"nan";"None";"nan";"None";"None";"None";"None";"1";"2";"Appartement";"27.0";"1.0";"None";"None";"None";"None";"nan";"7.261213";"43.701137";"000KY"
"2022-51469";"2022-01-10";"1";"Vente";"350000.0";"20.0";"None";"RUE AMIRAL DE GRASSE";"0170";"06000";"06088";"Nice";"06";"None";"None";"06088000KY0016";"None";"None";"104";"101.09";"3";"nan";"None";"nan";"None";"None";"None";"None";"2";"2";"Appartement";"115.0";"3.0";"None";"None";"None";"None";"nan";"7.257669";"43.701702";"000KY"
"2022-51474";"2022-01-10";"1";"Vente";"148000.0";"10.0";"None";"RUE VERDI";"6620";"06000";"06088";"Nice";"06";"None";"None";"06088000KY0123";"None";"None";"54";"27.08";"None";"nan";"None";"nan";"None";"None";"None";"None";"1";"2";"Appartement";"26.0";"1.0";"None";"None";"None";"None";"nan";"7.261199";"43.69974";"000KY"
"2022-51859";"2022-01-10";"1";"Vente";"110000.0";"nan";"None";"RUE TCHEKHOV";"6318";"06000";"06088";"Nice";"06";"None";"None";"06088000KY0095";"None";"None";"287";"28.12";"None";"nan";"None";"nan";"None";"None";"None";"None";"1";"2";"Appartement";"26.0";"1.0";"None";"None";"None";"None";"nan";"7.261213";"43.701137";"000KY"
"2022-51469";"2022-01-10";"1";"Vente";"350000.0";"20.0";"None";"RUE AMIRAL DE GRASSE";"0170";"06000";"06088";"Nice";"06";"None";"None";"06088000KY0016";"None";"None";"104";"101.09";"3";"nan";"None";"nan";"None";"None";"None";"None";"2";"3";"Dépendance";"nan";"0.0";"None";"None";"None";"None";"nan";"7.257669";"43.701702";"000KY"
"2022-51474";"2022-01-10";"1";"Vente";"148000.0";"10.0";"None";"RUE VERDI";"6620";"06000";"06088";"Nice";"06";"None";"None";"06088000KY0123";"None";"None";"54";"27.08";"None";"nan";"None";"nan";"None";"None";"None";"None";"1";"3";"Dépendance";"nan";"0.0";"None";"None";"None";"None";"nan";"7.261199";"43.69974";"000KY"
"2022-51472";"2022-01-07";"1";"Vente";"265715.0";"45.0";"None";"RUE ROSSINI";"5600";"06000";"06088";"Nice";"06";"None";"None";"06088000KY0140";"None";"None";"19";"59.59";"6";"nan";"None";"nan";"None";"None";"None";"None";"2";"2";"Appartement";"62.0";"3.0";"None";"None";"None";"None";"nan";"7.259978";"43.700387";"000KY"
"2022-51472";"2022-01-07";"1";"Vente";"265715.0";"45.0";"None";"RUE ROSSINI";"5600";"06000";"06088";"Nice";"06";"None";"None";"06088000KY0140";"None";"None";"19";"59.59";"6";"nan";"None";"nan";"None";"None";"None";"None";"2";"3";"Dépendance";"nan";"0.0";"None";"None";"None";"None";"nan";"7.259978";"43.700387";"000KY"
"2022-51505";"2022-01-06";"1";"Vente";"390000.0";"37.0";"None";"AV G CLEMENCEAU";"2880";"06000";"06088";"Nice";"06";"None";"None";"06088000KY0093";"None";"None";"2";"139.92";"None";"nan";"None";"nan";"None";"None";"None";"None";"1";"4";"Local industriel. commercial ou assimilé";"30.0";"0.0";"None";"None";"None";"None";"nan";"7.261275";"43.701541";"000KY"
"2022-51505";"2022-01-06";"1";"Vente";"390000.0";"37.0";"None";"AV G CLEMENCEAU";"2880";"06000";"06088";"Nice";"06";"None";"None";"06088000KY0093";"None";"None";"1";"176.01";"None";"nan";"None";"nan";"None";"None";"None";"None";"1";"4";"Local industriel. commercial ou assimilé";"140.0";"0.0";"None";"None";"None";"None";"nan";"7.261275";"43.701541";"000KY"
"2022-51479";"2022-01-05";"1";"Vente";"84500.0";"22.0";"None";"RUE HEROLD";"3235";"06000";"06088";"Nice";"06";"None";"None";"06088000KY0158";"None";"None";"112";"14.03";"None";"nan";"None";"nan";"None";"None";"None";"None";"1";"2";"Appartement";"13.0";"1.0";"None";"None";"None";"None";"nan";"7.258773";"43.700099";"000KY"
"2021-72065";"2021-12-30";"1";"Vente";"11050000.0";"nan";"None";"None";"None";"None";"06088";"Nice";"06";"None";"None";"06088000KY0327";"None";"1";"None";"nan";"None";"nan";"None";"nan";"None";"None";"None";"None";"0";"None";"None";"nan";"nan";"None";"None";"None";"None";"nan";"nan";"nan";"000KY"
"2021-72105";"2021-12-29";"1";"Vente";"220000.0";"1.0";"B";"RUE BERLIOZ";"0790";"06000";"06088";"Nice";"06";"None";"None";"06088000KY0241";"None";"None";"21";"nan";"5";"44.76";"None";"nan";"None";"None";"None";"None";"2";"2";"Appartement";"44.0";"2.0";"None";"None";"None";"None";"nan";"7.258899";"43.698604";"000KY"
"2021-71949";"2021-12-29";"1";"Vente";"30000.0";"42.0";"None";"RUE HEROLD";"3235";"06000";"06088";"Nice";"06";"None";"None";"06088000KY0054";"None";"None";"15";"nan";"None";"nan";"None";"nan";"None";"None";"None";"None";"1";"3";"Dépendance";"nan";"0.0";"None";"None";"None";"None";"nan";"7.259204";"43.701324";"000KY"
"2021-72105";"2021-12-29";"1";"Vente";"220000.0";"1.0";"B";"RUE BERLIOZ";"0790";"06000";"06088";"Nice";"06";"None";"None";"06088000KY0241";"None";"None";"21";"nan";"5";"44.76";"None";"nan";"None";"None";"None";"None";"2";"3";"Dépendance";"nan";"0.0";"None";"None";"None";"None";"nan";"7.258899";"43.698604";"000KY"
"2021-71795";"2021-12-28";"1";"Vente";"235000.0";"26.0";"None";"RUE GUIGLIA";"3090";"06000";"06088";"Nice";"06";"None";"None";"06088000KY0027";"None";"None";"132";"nan";"16";"nan";"None";"nan";"None";"None";"None";"None";"2";"2";"Appartement";"58.0";"2.0";"None";"None";"None";"None";"nan";"7.258248";"43.701081";"000KY"
"2021-71795";"2021-12-28";"1";"Vente";"235000.0";"26.0";"None";"RUE GUIGLIA";"3090";"06000";"06088";"Nice";"06";"None";"None";"06088000KY0027";"None";"None";"132";"nan";"16";"nan";"None";"nan";"None";"None";"None";"None";"2";"3";"Dépendance";"nan";"0.0";"None";"None";"None";"None";"nan";"7.258248";"43.701081";"000KY"
"2021-71375";"2021-12-23";"1";"Vente";"130000.0";"25.0";"None";"RUE HEROLD";"3235";"06000";"06088";"Nice";"06";"None";"None";"06088000KY0162";"None";"None";"128";"22.54";"23";"nan";"None";"nan";"None";"None";"None";"None";"2";"2";"Appartement";"35.0";"1.0";"None";"None";"None";"None";"nan";"7.258351";"43.700062";"000KY"
"2021-72158";"2021-12-23";"1";"Vente";"176000.0";"14.0";"None";"RUE GUIGLIA";"3090";"06000";"06088";"Nice";"06";"None";"None";"06088000KY0169";"None";"None";"36";"42.26";"38";"nan";"None";"nan";"None";"None";"None";"None";"2";"2";"Appartement";"90.0";"4.0";"None";"None";"None";"None";"nan";"7.2581";"43.700184";"000KY"
"2021-71375";"2021-12-23";"1";"Vente";"130000.0";"25.0";"None";"RUE HEROLD";"3235";"06000";"06088";"Nice";"06";"None";"None";"06088000KY0162";"None";"None";"128";"22.54";"23";"nan";"None";"nan";"None";"None";"None";"None";"2";"3";"Dépendance";"nan";"0.0";"None";"None";"None";"None";"nan";"7.258351";"43.700062";"000KY"
"2021-72158";"2021-12-23";"1";"Vente";"176000.0";"14.0";"None";"RUE GUIGLIA";"3090";"06000";"06088";"Nice";"06";"None";"None";"06088000KY0169";"None";"None";"36";"42.26";"38";"nan";"None";"nan";"None";"None";"None";"None";"2";"3";"Dépendance";"nan";"0.0";"None";"None";"None";"None";"nan";"7.2581";"43.700184";"000KY"
"2021-71339";"2021-12-21";"1";"Vente";"200000.0";"51.0";"None";"AV G CLEMENCEAU";"2880";"06000";"06088";"Nice";"06";"None";"None";"06088000KY0047";"None";"None";"20";"50.45";"45";"nan";"None";"nan";"None";"None";"None";"None";"2";"2";"Appartement";"44.0";"2.0";"None";"None";"None";"None";"nan";"7.259209";"43.701881";"000KY"
"2021-71339";"2021-12-21";"1";"Vente";"200000.0";"51.0";"None";"AV G CLEMENCEAU";"2880";"06000";"06088";"Nice";"06";"None";"None";"06088000KY0047";"None";"None";"20";"50.45";"45";"nan";"None";"nan";"None";"None";"None";"None";"2";"3";"Dépendance";"nan";"0.0";"None";"None";"None";"None";"nan";"7.259209";"43.701881";"000KY"
"2021-71367";"2021-12-20";"1";"Vente";"206000.0";"62.0";"None";"BD GAMBETTA";"2755";"06000";"06088";"Nice";"06";"None";"None";"06088000KY0001";"None";"None";"162";"nan";"49";"47.06";"None";"nan";"None";"None";"None";"None";"2";"2";"Appartement";"48.0";"1.0";"None";"None";"None";"None";"nan";"7.256638";"43.701528";"000KY"
"2021-71367";"2021-12-20";"1";"Vente";"206000.0";"62.0";"None";"BD GAMBETTA";"2755";"06000";"06088";"Nice";"06";"None";"None";"06088000KY0001";"None";"None";"162";"nan";"49";"47.06";"None";"nan";"None";"None";"None";"None";"2";"3";"Dépendance";"nan";"0.0";"None";"None";"None";"None";"nan";"7.256638";"43.701528";"000KY"
"2021-71074";"2021-12-17";"1";"Vente";"605000.0";"19.0";"None";"AV AUBER";"0425";"06000";"06088";"Nice";"06";"None";"None";"06088000KY0106";"None";"None";"38";"83.74";"None";"nan";"None";"nan";"None";"None";"None";"None";"1";"2";"Appartement";"87.0";"3.0";"None";"None";"None";"None";"nan";"7.261513";"43.701475";"000KY"
"2021-71244";"2021-12-17";"1";"Vente";"274000.0";"19.0";"None";"RUE BERLIOZ";"0790";"06000";"06088";"Nice";"06";"None";"None";"06088000KY0153";"None";"None";"4";"nan";"43";"63.69";"None";"nan";"None";"None";"None";"None";"2";"2";"Appartement";"62.0";"2.0";"None";"None";"None";"None";"nan";"7.259081";"43.700268";"000KY"
"2021-71997";"2021-12-17";"1";"Vente";"41955.55";"44.0";"None";"BD GAMBETTA";"2755";"06000";"06088";"Nice";"06";"None";"None";"06088000KY0294";"None";"None";"211";"nan";"None";"nan";"None";"nan";"None";"None";"None";"None";"1";"2";"Appartement";"90.0";"3.0";"None";"None";"None";"None";"nan";"7.256492";"43.700513";"000KY"
"2021-71244";"2021-12-17";"1";"Vente";"274000.0";"19.0";"None";"RUE BERLIOZ";"0790";"06000";"06088";"Nice";"06";"None";"None";"06088000KY0153";"None";"None";"4";"nan";"43";"63.69";"None";"nan";"None";"None";"None";"None";"2";"3";"Dépendance";"nan";"0.0";"None";"None";"None";"None";"nan";"7.259081";"43.700268";"000KY"
"2021-71997";"2021-12-17";"1";"Vente";"41955.55";"44.0";"None";"BD GAMBETTA";"2755";"06000";"06088";"Nice";"06";"None";"None";"06088000KY0294";"None";"None";"211";"nan";"None";"nan";"None";"nan";"None";"None";"None";"None";"1";"3";"Dépendance";"nan";"0.0";"None";"None";"None";"None";"nan";"7.256492";"43.700513";"000KY"
"2021-71997";"2021-12-17";"1";"Vente";"41955.55";"44.0";"None";"BD GAMBETTA";"2755";"06000";"06088";"Nice";"06";"None";"None";"06088000KY0294";"None";"None";"211";"nan";"None";"nan";"None";"nan";"None";"None";"None";"None";"1";"3";"Dépendance";"nan";"0.0";"None";"None";"None";"None";"nan";"7.256492";"43.700513";"000KY"
"2021-71292";"2021-12-16";"1";"Vente";"320000.0";"34.0";"None";"RUE ROSSINI";"5600";"06000";"06088";"Nice";"06";"None";"None";"06088000KY0060";"None";"None";"18";"nan";"None";"nan";"None";"nan";"None";"None";"None";"None";"1";"2";"Appartement";"84.0";"3.0";"None";"None";"None";"None";"nan";"7.259672";"43.700808";"000KY"
"2021-71292";"2021-12-16";"1";"Vente";"320000.0";"34.0";"None";"RUE ROSSINI";"5600";"06000";"06088";"Nice";"06";"None";"None";"06088000KY0060";"None";"None";"18";"nan";"None";"nan";"None";"nan";"None";"None";"None";"None";"1";"3";"Dépendance";"nan";"0.0";"None";"None";"None";"None";"nan";"7.259672";"43.700808";"000KY"
"2021-70989";"2021-12-15";"1";"Vente";"133000.0";"41.0";"None";"AV G CLEMENCEAU";"2880";"06000";"06088";"Nice";"06";"None";"None";"06088000KY0083";"None";"None";"39";"29.72";"None";"nan";"None";"nan";"None";"None";"None";"None";"1";"2";"Appartement";"34.0";"3.0";"None";"None";"None";"None";"nan";"7.260537";"43.70166";"000KY"
"2021-71388";"2021-12-14";"1";"Vente";"367014.0";"4.0";"None";"AV EMILIA";"2260";"06000";"06088";"Nice";"06";"None";"None";"06088000KY0201";"None";"None";"5";"66.08";"None";"nan";"None";"nan";"None";"None";"None";"None";"1";"2";"Appartement";"66.0";"3.0";"None";"None";"None";"None";"nan";"7.257277";"43.699161";"000KY"
"2021-71388";"2021-12-14";"1";"Vente";"367014.0";"4.0";"None";"AV EMILIA";"2260";"06000";"06088";"Nice";"06";"None";"None";"06088000KY0201";"None";"None";"5";"66.08";"None";"nan";"None";"nan";"None";"None";"None";"None";"1";"3";"Dépendance";"nan";"0.0";"None";"None";"None";"None";"nan";"7.257277";"43.699161";"000KY"
"2021-70563";"2021-12-13";"1";"Vente";"338130.0";"32.0";"None";"RUE VERDI";"6620";"06000";"06088";"Nice";"06";"None";"None";"06088000KY0161";"None";"None";"57";"44.01";"None";"nan";"None";"nan";"None";"None";"None";"None";"1";"2";"Appartement";"46.0";"1.0";"None";"None";"None";"None";"nan";"7.258345";"43.699817";"000KY"
"2021-70603";"2021-12-13";"1";"Vente";"328410.0";"3.0";"None";"AV AUBER";"0425";"06000";"06088";"Nice";"06";"None";"None";"06088000KY0266";"None";"None";"18";"nan";"3";"nan";"None";"nan";"None";"None";"None";"None";"2";"2";"Appartement";"49.0";"2.0";"None";"None";"None";"None";"nan";"7.261058";"43.699231";"000KY"
"2021-70640";"2021-12-13";"1";"Vente";"270000.0";"25.0";"None";"RUE HEROLD";"3235";"06000";"06088";"Nice";"06";"None";"None";"06088000KY0162";"None";"None";"170";"26.05";"72";"nan";"None";"nan";"None";"None";"None";"None";"2";"2";"Appartement";"26.0";"1.0";"None";"None";"None";"None";"nan";"7.258351";"43.700062";"000KY"
"2021-71100";"2021-12-13";"1";"Vente";"275000.0";"3.0";"None";"RUE GUIGLIA";"3090";"06000";"06088";"Nice";"06";"None";"None";"06088000KY0205";"None";"None";"4";"nan";"40";"48.0";"None";"nan";"None";"None";"None";"None";"2";"2";"Appartement";"40.0";"2.0";"None";"None";"None";"None";"nan";"7.257529";"43.699049";"000KY"
"2021-70603";"2021-12-13";"1";"Vente";"328410.0";"3.0";"None";"AV AUBER";"0425";"06000";"06088";"Nice";"06";"None";"None";"06088000KY0266";"None";"None";"18";"nan";"3";"nan";"None";"nan";"None";"None";"None";"None";"2";"3";"Dépendance";"nan";"0.0";"None";"None";"None";"None";"nan";"7.261058";"43.699231";"000KY"
"2021-70640";"2021-12-13";"1";"Vente";"270000.0";"25.0";"None";"RUE HEROLD";"3235";"06000";"06088";"Nice";"06";"None";"None";"06088000KY0162";"None";"None";"170";"26.05";"72";"nan";"None";"nan";"None";"None";"None";"None";"2";"3";"Dépendance";"nan";"0.0";"None";"None";"None";"None";"nan";"7.258351";"43.700062";"000KY"
"2021-70640";"2021-12-13";"1";"Vente";"270000.0";"25.0";"None";"RUE HEROLD";"3235";"06000";"06088";"Nice";"06";"None";"None";"06088000KY0162";"None";"None";"170";"26.05";"72";"nan";"None";"nan";"None";"None";"None";"None";"2";"3";"Dépendance";"nan";"0.0";"None";"None";"None";"None";"nan";"7.258351";"43.700062";"000KY"
"2021-71100";"2021-12-13";"1";"Vente";"275000.0";"3.0";"None";"RUE GUIGLIA";"3090";"06000";"06088";"Nice";"06";"None";"None";"06088000KY0205";"None";"None";"4";"nan";"40";"48.0";"None";"nan";"None";"None";"None";"None";"2";"3";"Dépendance";"nan";"0.0";"None";"None";"None";"None";"nan";"7.257529";"43.699049";"000KY"
"2021-70807";"2021-12-09";"1";"Vente";"320000.0";"5.0";"None";"RUE GOUNOD";"2985";"06000";"06088";"Nice";"06";"None";"None";"06088000KY0255";"None";"None";"27";"62.0";"83";"nan";"None";"nan";"None";"None";"None";"None";"2";"2";"Appartement";"63.0";"2.0";"None";"None";"None";"None";"nan";"7.259982";"43.699381";"000KY"
"2021-70807";"2021-12-09";"1";"Vente";"320000.0";"5.0";"None";"RUE GOUNOD";"2985";"06000";"06088";"Nice";"06";"None";"None";"06088000KY0255";"None";"None";"27";"62.0";"83";"nan";"None";"nan";"None";"None";"None";"None";"2";"3";"Dépendance";"nan";"0.0";"None";"None";"None";"None";"nan";"7.259982";"43.699381";"000KY"
"2021-70920";"2021-12-09";"1";"Vente";"nan";"nan";"None";"None";"None";"None";"06088";"Nice";"06";"None";"None";"06088000KY0327";"None";"1";"None";"nan";"None";"nan";"None";"nan";"None";"None";"None";"None";"0";"None";"None";"nan";"nan";"None";"None";"None";"None";"nan";"nan";"nan";"000KY"
"2021-70920";"2021-12-09";"1";"Vente";"nan";"nan";"None";"None";"None";"None";"06088";"Nice";"06";"None";"None";"06088000KY0327";"None";"2";"None";"nan";"None";"nan";"None";"nan";"None";"None";"None";"None";"0";"None";"None";"nan";"nan";"None";"None";"None";"None";"nan";"nan";"nan";"000KY"
"2021-70920";"2021-12-09";"1";"Vente";"nan";"nan";"None";"None";"None";"None";"06088";"Nice";"06";"None";"None";"06088000KY0327";"None";"3";"None";"nan";"None";"nan";"None";"nan";"None";"None";"None";"None";"0";"None";"None";"nan";"nan";"None";"None";"None";"None";"nan";"nan";"nan";"000KY"
"2021-70834";"2021-12-07";"1";"Vente";"153000.0";"38.0";"None";"RUE ROSSINI";"5600";"06000";"06088";"Nice";"06";"None";"None";"06088000KY0058";"None";"None";"16";"nan";"31";"30.84";"None";"nan";"None";"None";"None";"None";"2";"2";"Appartement";"27.0";"1.0";"None";"None";"None";"None";"nan";"7.258964";"43.700787";"000KY"
"2021-70834";"2021-12-07";"1";"Vente";"153000.0";"38.0";"None";"RUE ROSSINI";"5600";"06000";"06088";"Nice";"06";"None";"None";"06088000KY0058";"None";"None";"16";"nan";"31";"30.84";"None";"nan";"None";"None";"None";"None";"2";"3";"Dépendance";"nan";"0.0";"None";"None";"None";"None";"nan";"7.258964";"43.700787";"000KY"
"2021-70407";"2021-12-06";"1";"Vente";"168000.0";"16.0";"None";"RUE AMIRAL DE GRASSE";"0170";"06000";"06088";"Nice";"06";"None";"None";"06088000KY0015";"None";"None";"93";"46.12";"None";"nan";"None";"nan";"None";"None";"None";"None";"1";"2";"Appartement";"48.0";"1.0";"None";"None";"None";"None";"nan";"7.257347";"43.701401";"000KY"
"2021-70284";"2021-12-06";"1";"Vente";"29000.0";"24.0";"None";"RUE HEROLD";"3235";"06000";"06088";"Nice";"06";"None";"None";"06088000KY0158";"None";"None";"202";"nan";"None";"nan";"None";"nan";"None";"None";"None";"None";"1";"3";"Dépendance";"nan";"0.0";"None";"None";"None";"None";"nan";"7.258773";"43.700099";"000KY"
"2021-70407";"2021-12-06";"1";"Vente";"168000.0";"16.0";"None";"RUE AMIRAL DE GRASSE";"0170";"06000";"06088";"Nice";"06";"None";"None";"06088000KY0015";"None";"None";"93";"46.12";"None";"nan";"None";"nan";"None";"None";"None";"None";"1";"3";"Dépendance";"nan";"0.0";"None";"None";"None";"None";"nan";"7.257347";"43.701401";"000KY"
"2021-70150";"2021-12-03";"1";"Vente";"30000.0";"44.0";"None";"RUE HEROLD";"3235";"06000";"06088";"Nice";"06";"None";"None";"06088000KY0053";"None";"None";"7";"nan";"None";"nan";"None";"nan";"None";"None";"None";"None";"1";"3";"Dépendance";"nan";"0.0";"None";"None";"None";"None";"nan";"7.259103";"43.701418";"000KY"
"2021-70175";"2021-11-30";"1";"Vente";"270900.0";"40.0";"None";"RUE HEROLD";"3235";"06000";"06088";"Nice";"06";"None";"None";"06088000KY0055";"None";"None";"12";"nan";"37";"nan";"None";"nan";"None";"None";"None";"None";"2";"2";"Appartement";"55.0";"2.0";"None";"None";"None";"None";"nan";"7.259191";"43.701185";"000KY"
"2021-70175";"2021-11-30";"1";"Vente";"270900.0";"40.0";"None";"RUE HEROLD";"3235";"06000";"06088";"Nice";"06";"None";"None";"06088000KY0055";"None";"None";"12";"nan";"37";"nan";"None";"nan";"None";"None";"None";"None";"2";"3";"Dépendance";"nan";"0.0";"None";"None";"None";"None";"nan";"7.259191";"43.701185";"000KY"
"2021-70166";"2021-11-29";"1";"Vente";"148000.0";"49.0";"None";"AV G CLEMENCEAU";"2880";"06000";"06088";"Nice";"06";"None";"None";"06088000KY0048";"None";"None";"22";"nan";"32";"48.17";"None";"nan";"None";"None";"None";"None";"2";"2";"Appartement";"45.0";"2.0";"None";"None";"None";"None";"nan";"7.259409";"43.701856";"000KY"
"2021-70166";"2021-11-29";"1";"Vente";"148000.0";"49.0";"None";"AV G CLEMENCEAU";"2880";"06000";"06088";"Nice";"06";"None";"None";"06088000KY0048";"None";"None";"22";"nan";"32";"48.17";"None";"nan";"None";"None";"None";"None";"2";"3";"Dépendance";"nan";"0.0";"None";"None";"None";"None";"nan";"7.259409";"43.701856";"000KY"
"2021-69726";"2021-11-25";"1";"Vente";"156950.0";"47.0";"None";"RUE ROSSINI";"5600";"06000";"06088";"Nice";"06";"None";"None";"06088000KY0141";"None";"None";"12";"27.45";"None";"nan";"None";"nan";"None";"None";"None";"None";"1";"2";"Appartement";"30.0";"1.0";"None";"None";"None";"None";"nan";"7.259788";"43.700429";"000KY"
"2021-70562";"2021-11-25";"1";"Vente";"300000.0";"28.0";"None";"RUE VERDI";"6620";"06000";"06088";"Nice";"06";"None";"None";"06088000KY0160";"None";"None";"31";"9.49";"None";"nan";"None";"nan";"None";"None";"None";"None";"1";"3";"Dépendance";"nan";"0.0";"None";"None";"None";"None";"nan";"7.258671";"43.699791";"000KY"
"2021-70562";"2021-11-25";"1";"Vente";"300000.0";"28.0";"None";"RUE VERDI";"6620";"06000";"06088";"Nice";"06";"None";"None";"06088000KY0160";"None";"None";"47";"nan";"52";"81.67";"None";"nan";"None";"None";"None";"None";"2";"4";"Local industriel. commercial ou assimilé";"82.0";"0.0";"None";"None";"None";"None";"nan";"7.258671";"43.699791";"000KY"
"2021-69804";"2021-11-24";"1";"Vente";"120000.0";"34.0";"None";"BD GAMBETTA";"2755";"06000";"06088";"Nice";"06";"None";"None";"06088000KY0210";"None";"None";"52";"15.06";"54";"nan";"None";"nan";"None";"None";"None";"None";"2";"2";"Appartement";"33.0";"1.0";"None";"None";"None";"None";"nan";"7.256488";"43.699005";"000KY"
"2021-69922";"2021-11-24";"1";"Vente";"145000.0";"35.0";"None";"AV G CLEMENCEAU";"2880";"06000";"06088";"Nice";"06";"None";"None";"06088000KY0107";"None";"None";"105";"63.4";"38";"nan";"None";"nan";"None";"None";"None";"None";"2";"2";"Appartement";"76.0";"3.0";"None";"None";"None";"None";"nan";"7.261966";"43.701457";"000KY"
"2021-70599";"2021-11-24";"1";"Vente";"480000.0";"26.0";"None";"RUE BERLIOZ";"0790";"06000";"06088";"Nice";"06";"None";"None";"06088000KY0062";"None";"None";"38";"95.55";"9";"nan";"None";"nan";"None";"None";"None";"None";"2";"2";"Appartement";"98.0";"5.0";"None";"None";"None";"None";"nan";"7.259702";"43.701041";"000KY"
"2021-69922";"2021-11-24";"1";"Vente";"145000.0";"35.0";"None";"AV G CLEMENCEAU";"2880";"06000";"06088";"Nice";"06";"None";"None";"06088000KY0107";"None";"None";"105";"63.4";"38";"nan";"None";"nan";"None";"None";"None";"None";"2";"3";"Dépendance";"nan";"0.0";"None";"None";"None";"None";"nan";"7.261966";"43.701457";"000KY"
"2021-70599";"2021-11-24";"1";"Vente";"480000.0";"26.0";"None";"RUE BERLIOZ";"0790";"06000";"06088";"Nice";"06";"None";"None";"06088000KY0062";"None";"None";"38";"95.55";"9";"nan";"None";"nan";"None";"None";"None";"None";"2";"3";"Dépendance";"nan";"0.0";"None";"None";"None";"None";"nan";"7.259702";"43.701041";"000KY"
"2021-69804";"2021-11-24";"1";"Vente";"120000.0";"34.0";"None";"BD GAMBETTA";"2755";"06000";"06088";"Nice";"06";"None";"None";"06088000KY0210";"None";"None";"52";"15.06";"54";"nan";"None";"nan";"None";"None";"None";"None";"2";"4";"Local industriel. commercial ou assimilé";"220.0";"0.0";"None";"None";"None";"None";"nan";"7.256488";"43.699005";"000KY"
"2021-69937";"2021-11-23";"1";"Vente";"165000.0";"40.0";"None";"BD GAMBETTA";"2755";"06000";"06088";"Nice";"06";"None";"None";"06088000KY0193";"None";"None";"20";"nan";"None";"nan";"None";"nan";"None";"None";"None";"None";"1";"2";"Appartement";"59.0";"2.0";"None";"None";"None";"None";"nan";"7.256559";"43.700111";"000KY"
"2021-69953";"2021-11-23";"1";"Vente";"170000.0";"28.0";"None";"RUE ROSSINI";"5600";"06000";"06088";"Nice";"06";"None";"None";"06088000KY0066";"None";"None";"18";"nan";"2";"46.21";"None";"nan";"None";"None";"None";"None";"2";"2";"Appartement";"41.0";"2.0";"None";"None";"None";"None";"nan";"7.260165";"43.700654";"000KY"
"2021-70238";"2021-11-23";"1";"Vente";"300000.0";"2.0";"None";"RUE AMIRAL DE GRASSE";"0170";"06000";"06088";"Nice";"06";"None";"None";"06088000KY0190";"None";"None";"21";"nan";"3";"71.16";"None";"nan";"None";"None";"None";"None";"2";"2";"Appartement";"54.0";"2.0";"None";"None";"None";"None";"nan";"7.256491";"43.700603";"000KY"
"2021-70238";"2021-11-23";"1";"Vente";"300000.0";"2.0";"None";"RUE AMIRAL DE GRASSE";"0170";"06000";"06088";"Nice";"06";"None";"None";"06088000KY0190";"None";"None";"21";"nan";"3";"71.16";"None";"nan";"None";"None";"None";"None";"2";"3";"Dépendance";"nan";"0.0";"None";"None";"None";"None";"nan";"7.256491";"43.700603";"000KY"
"2021-69690";"2021-11-19";"1";"Vente";"162500.0";"3.0";"None";"RUE AMIRAL DE GRASSE";"0170";"06000";"06088";"Nice";"06";"None";"None";"06088000KY0302";"None";"None";"70";"27.94";"None";"nan";"None";"nan";"None";"None";"None";"None";"1";"2";"Appartement";"27.0";"1.0";"None";"None";"None";"None";"nan";"7.256514";"43.701267";"000KY"
"2021-69269";"2021-11-18";"1";"Vente";"75000.0";"24.0";"None";"RUE HEROLD";"3235";"06000";"06088";"Nice";"06";"None";"None";"06088000KY0158";"None";"None";"216";"15.91";"None";"nan";"None";"nan";"None";"None";"None";"None";"1";"2";"Appartement";"18.0";"1.0";"None";"None";"None";"None";"nan";"7.258773";"43.700099";"000KY"
"2021-69499";"2021-11-18";"1";"Vente";"278000.0";"32.0";"None";"RUE BERLIOZ";"0790";"06000";"06088";"Nice";"06";"None";"None";"06088000KY0076";"None";"None";"34";"nan";"97";"54.49";"None";"nan";"None";"None";"None";"None";"2";"2";"Appartement";"56.0";"2.0";"None";"None";"None";"None";"nan";"7.259888";"43.701741";"000KY"
"2021-69436";"2021-11-15";"1";"Vente";"43000.0";"36.0";"None";"RUE HEROLD";"3235";"06000";"06088";"Nice";"06";"None";"None";"06088000KY0057";"None";"None";"18";"nan";"None";"nan";"None";"nan";"None";"None";"None";"None";"1";"3";"Dépendance";"nan";"0.0";"None";"None";"None";"None";"nan";"7.259139";"43.700904";"000KY"
"2021-69463";"2021-11-10";"1";"Vente";"112500.0";"49.0";"None";"AV THIERS";"6400";"06000";"06088";"Nice";"06";"None";"None";"06088000KY0002";"None";"None";"16";"27.4";"5";"nan";"None";"nan";"None";"None";"None";"None";"2";"2";"Appartement";"27.0";"1.0";"None";"None";"None";"None";"nan";"7.256822";"43.701662";"000KY"
"2021-71307";"2021-11-10";"1";"Vente";"390000.0";"50.0";"None";"BD VICTOR HUGO";"6655";"06000";"06088";"Nice";"06";"None";"None";"06088000KY0244";"None";"None";"248";"nan";"56";"nan";"None";"nan";"None";"None";"None";"None";"2";"2";"Appartement";"70.0";"3.0";"None";"None";"None";"None";"nan";"7.259365";"43.698542";"000KY"
"2021-69463";"2021-11-10";"1";"Vente";"112500.0";"49.0";"None";"AV THIERS";"6400";"06000";"06088";"Nice";"06";"None";"None";"06088000KY0002";"None";"None";"16";"27.4";"5";"nan";"None";"nan";"None";"None";"None";"None";"2";"3";"Dépendance";"nan";"0.0";"None";"None";"None";"None";"nan";"7.256822";"43.701662";"000KY"
"2021-71307";"2021-11-10";"1";"Vente";"390000.0";"50.0";"None";"BD VICTOR HUGO";"6655";"06000";"06088";"Nice";"06";"None";"None";"06088000KY0244";"None";"None";"248";"nan";"56";"nan";"None";"nan";"None";"None";"None";"None";"2";"3";"Dépendance";"nan";"0.0";"None";"None";"None";"None";"nan";"7.259365";"43.698542";"000KY"
"2021-69185";"2021-11-09";"1";"Vente";"274550.0";"37.0";"None";"RUE HEROLD";"3235";"06000";"06088";"Nice";"06";"None";"None";"06088000KY0030";"None";"None";"29";"nan";"6";"70.74";"None";"nan";"None";"None";"None";"None";"2";"2";"Appartement";"70.0";"2.0";"None";"None";"None";"None";"nan";"7.258525";"43.701077";"000KY"
"2021-69493";"2021-11-09";"1";"Vente";"165000.0";"29.0";"None";"RUE HEROLD";"3235";"06000";"06088";"Nice";"06";"None";"None";"06088000KY0163";"None";"None";"15";"38.71";"28";"nan";"None";"nan";"None";"None";"None";"None";"2";"2";"Appartement";"38.0";"1.0";"None";"None";"None";"None";"nan";"7.25837";"43.700292";"000KY"
"2021-69185";"2021-11-09";"1";"Vente";"274550.0";"37.0";"None";"RUE HEROLD";"3235";"06000";"06088";"Nice";"06";"None";"None";"06088000KY0030";"None";"None";"29";"nan";"6";"70.74";"None";"nan";"None";"None";"None";"None";"2";"3";"Dépendance";"nan";"0.0";"None";"None";"None";"None";"nan";"7.258525";"43.701077";"000KY"
"2021-69493";"2021-11-09";"1";"Vente";"165000.0";"29.0";"None";"RUE HEROLD";"3235";"06000";"06088";"Nice";"06";"None";"None";"06088000KY0163";"None";"None";"15";"38.71";"28";"nan";"None";"nan";"None";"None";"None";"None";"2";"3";"Dépendance";"nan";"0.0";"None";"None";"None";"None";"nan";"7.25837";"43.700292";"000KY"
"2021-69277";"2021-11-08";"1";"Vente";"325000.0";"45.0";"None";"RUE ROSSINI";"5600";"06000";"06088";"Nice";"06";"None";"None";"06088000KY0140";"None";"None";"25";"58.58";"9";"nan";"None";"nan";"None";"None";"None";"None";"2";"2";"Appartement";"61.0";"3.0";"None";"None";"None";"None";"nan";"7.259978";"43.700387";"000KY"
"2021-69277";"2021-11-08";"1";"Vente";"325000.0";"45.0";"None";"RUE ROSSINI";"5600";"06000";"06088";"Nice";"06";"None";"None";"06088000KY0140";"None";"None";"25";"58.58";"9";"nan";"None";"nan";"None";"None";"None";"None";"2";"3";"Dépendance";"nan";"0.0";"None";"None";"None";"None";"nan";"7.259978";"43.700387";"000KY"
"2021-68402";"2021-11-04";"1";"Vente";"160000.0";"5.0";"None";"RUE GUIGLIA";"3090";"06000";"06088";"Nice";"06";"None";"None";"06088000KY0204";"None";"None";"15";"nan";"40";"nan";"None";"nan";"None";"None";"None";"None";"2";"2";"Appartement";"31.0";"1.0";"None";"None";"None";"None";"nan";"7.25752";"43.69923";"000KY"
"2021-68563";"2021-11-04";"1";"Vente";"240000.0";"7.0";"None";"RUE BERLIOZ";"0790";"06000";"06088";"Nice";"06";"None";"None";"06088000KY0226";"None";"None";"21";"37.16";"None";"nan";"None";"nan";"None";"None";"None";"None";"1";"2";"Appartement";"38.0";"1.0";"None";"None";"None";"None";"nan";"7.258967";"43.699296";"000KY"
"2021-68567";"2021-11-04";"1";"Vente";"260000.0";"28.0";"None";"RUE GUIGLIA";"3090";"06000";"06088";"Nice";"06";"None";"None";"06088000KY0032";"None";"None";"4";"72.61";"None";"nan";"None";"nan";"None";"None";"None";"None";"1";"2";"Appartement";"71.0";"3.0";"None";"None";"None";"None";"nan";"7.258195";"43.701343";"000KY"
"2021-68402";"2021-11-04";"1";"Vente";"160000.0";"5.0";"None";"RUE GUIGLIA";"3090";"06000";"06088";"Nice";"06";"None";"None";"06088000KY0204";"None";"None";"15";"nan";"40";"nan";"None";"nan";"None";"None";"None";"None";"2";"3";"Dépendance";"nan";"0.0";"None";"None";"None";"None";"nan";"7.25752";"43.69923";"000KY"
"2021-68563";"2021-11-04";"1";"Vente";"240000.0";"7.0";"None";"RUE BERLIOZ";"0790";"06000";"06088";"Nice";"06";"None";"None";"06088000KY0226";"None";"None";"21";"37.16";"None";"nan";"None";"nan";"None";"None";"None";"None";"1";"3";"Dépendance";"nan";"0.0";"None";"None";"None";"None";"nan";"7.258967";"43.699296";"000KY"
"2021-68567";"2021-11-04";"1";"Vente";"260000.0";"28.0";"None";"RUE GUIGLIA";"3090";"06000";"06088";"Nice";"06";"None";"None";"06088000KY0032";"None";"None";"4";"72.61";"None";"nan";"None";"nan";"None";"None";"None";"None";"1";"3";"Dépendance";"nan";"0.0";"None";"None";"None";"None";"nan";"7.258195";"43.701343";"000KY"
"2021-68715";"2021-11-02";"1";"Vente";"125000.0";"9.0";"None";"RUE VERDI";"6620";"06000";"06088";"Nice";"06";"None";"None";"06088000KY0265";"None";"None";"46";"28.26";"None";"nan";"None";"nan";"None";"None";"None";"None";"1";"2";"Appartement";"22.0";"2.0";"None";"None";"None";"None";"nan";"7.260908";"43.699323";"000KY"
"2021-68916";"2021-11-02";"1";"Vente";"375000.0";"6.0";"None";"AV EMILIA";"2260";"06000";"06088";"Nice";"06";"None";"None";"06088000KY0200";"None";"None";"20";"95.45";"None";"nan";"None";"nan";"None";"None";"None";"None";"1";"2";"Appartement";"98.0";"3.0";"None";"None";"None";"None";"nan";"7.257075";"43.699293";"000KY"
"2021-68916";"2021-11-02";"1";"Vente";"375000.0";"6.0";"None";"AV EMILIA";"2260";"06000";"06088";"Nice";"06";"None";"None";"06088000KY0200";"None";"None";"20";"95.45";"None";"nan";"None";"nan";"None";"None";"None";"None";"1";"3";"Dépendance";"nan";"0.0";"None";"None";"None";"None";"nan";"7.257075";"43.699293";"000KY"
"2021-68634";"2021-10-29";"1";"Vente";"35000.0";"19.0";"None";"AV AUBER";"0425";"06000";"06088";"Nice";"06";"None";"None";"06088000KY0106";"None";"None";"5";"nan";"None";"nan";"None";"nan";"None";"None";"None";"None";"1";"3";"Dépendance";"nan";"0.0";"None";"None";"None";"None";"nan";"7.261513";"43.701475";"000KY"
"2021-69214";"2021-10-27";"1";"Vente";"260000.0";"19.0";"None";"RUE BERLIOZ";"0790";"06000";"06088";"Nice";"06";"None";"None";"06088000KY0153";"None";"None";"24";"nan";"39";"60.02";"None";"nan";"None";"None";"None";"None";"2";"2";"Appartement";"63.0";"3.0";"None";"None";"None";"None";"nan";"7.259081";"43.700268";"000KY"
"2021-69214";"2021-10-27";"1";"Vente";"260000.0";"19.0";"None";"RUE BERLIOZ";"0790";"06000";"06088";"Nice";"06";"None";"None";"06088000KY0153";"None";"None";"24";"nan";"39";"60.02";"None";"nan";"None";"None";"None";"None";"2";"3";"Dépendance";"nan";"0.0";"None";"None";"None";"None";"nan";"7.259081";"43.700268";"000KY"
"2021-68724";"2021-10-25";"1";"Vente";"331550.0";"34.0";"None";"BD GAMBETTA";"2755";"06000";"06088";"Nice";"06";"None";"None";"06088000KY0210";"None";"None";"51";"nan";"54";"nan";"None";"nan";"None";"None";"None";"None";"2";"2";"Appartement";"33.0";"1.0";"None";"None";"None";"None";"nan";"7.256488";"43.699005";"000KY"
"2021-69297";"2021-10-25";"1";"Vente";"229955.0";"17.0";"None";"RUE GOUNOD";"2985";"06000";"06088";"Nice";"06";"None";"None";"06088000KY0138";"None";"None";"13";"83.03";"7";"nan";"None";"nan";"None";"None";"None";"None";"2";"2";"Appartement";"84.0";"4.0";"None";"None";"None";"None";"nan";"7.2603";"43.700361";"000KY"
"2021-69297";"2021-10-25";"1";"Vente";"229955.0";"17.0";"None";"RUE GOUNOD";"2985";"06000";"06088";"Nice";"06";"None";"None";"06088000KY0138";"None";"None";"13";"83.03";"7";"nan";"None";"nan";"None";"None";"None";"None";"2";"3";"Dépendance";"nan";"0.0";"None";"None";"None";"None";"nan";"7.2603";"43.700361";"000KY"
"2021-68724";"2021-10-25";"1";"Vente";"331550.0";"34.0";"None";"BD GAMBETTA";"2755";"06000";"06088";"Nice";"06";"None";"None";"06088000KY0210";"None";"None";"51";"nan";"54";"nan";"None";"nan";"None";"None";"None";"None";"2";"4";"Local industriel. commercial ou assimilé";"220.0";"0.0";"None";"None";"None";"None";"nan";"7.256488";"43.699005";"000KY"
"2021-68714";"2021-10-23";"1";"Vente";"920000.0";"20.0";"None";"RUE VERDI";"6620";"06000";"06088";"Nice";"06";"None";"None";"06088000KY0134";"None";"None";"257";"74.02";"None";"nan";"None";"nan";"None";"None";"None";"None";"1";"2";"Appartement";"73.0";"3.0";"None";"None";"None";"None";"nan";"7.259955";"43.699817";"000KY"
"2021-68714";"2021-10-23";"1";"Vente";"920000.0";"20.0";"None";"RUE VERDI";"6620";"06000";"06088";"Nice";"06";"None";"None";"06088000KY0134";"None";"None";"109";"nan";"None";"nan";"None";"nan";"None";"None";"None";"None";"1";"3";"Dépendance";"nan";"0.0";"None";"None";"None";"None";"nan";"7.259955";"43.699817";"000KY"
"2021-68422";"2021-10-21";"1";"Vente";"460000.0";"10.0";"None";"RUE BERLIOZ";"0790";"06000";"06088";"Nice";"06";"None";"None";"06088000KY0251";"None";"None";"80";"99.69";"None";"nan";"None";"nan";"None";"None";"None";"None";"1";"2";"Appartement";"100.0";"3.0";"None";"None";"None";"None";"nan";"7.259388";"43.699142";"000KY"
"2021-68667";"2021-10-21";"1";"Vente";"420000.0";"27.0";"None";"RUE VERDI";"6620";"06000";"06088";"Nice";"06";"None";"None";"06088000KY0223";"None";"None";"14";"90.03";"7";"nan";"None";"nan";"None";"None";"None";"None";"2";"2";"Appartement";"89.0";"4.0";"None";"None";"None";"None";"nan";"7.258572";"43.699394";"000KY"
"2021-68422";"2021-10-21";"1";"Vente";"460000.0";"10.0";"None";"RUE BERLIOZ";"0790";"06000";"06088";"Nice";"06";"None";"None";"06088000KY0251";"None";"None";"61";"nan";"None";"nan";"None";"nan";"None";"None";"None";"None";"1";"3";"Dépendance";"nan";"0.0";"None";"None";"None";"None";"nan";"7.259388";"43.699142";"000KY"
"2021-68422";"2021-10-21";"1";"Vente";"460000.0";"10.0";"None";"RUE BERLIOZ";"0790";"06000";"06088";"Nice";"06";"None";"None";"06088000KY0251";"None";"None";"29";"nan";"None";"nan";"None";"nan";"None";"None";"None";"None";"1";"3";"Dépendance";"nan";"0.0";"None";"None";"None";"None";"nan";"7.259388";"43.699142";"000KY"
"2021-68667";"2021-10-21";"1";"Vente";"420000.0";"27.0";"None";"RUE VERDI";"6620";"06000";"06088";"Nice";"06";"None";"None";"06088000KY0223";"None";"None";"14";"90.03";"7";"nan";"None";"nan";"None";"None";"None";"None";"2";"3";"Dépendance";"nan";"0.0";"None";"None";"None";"None";"nan";"7.258572";"43.699394";"000KY"
"2021-67962";"2021-10-19";"1";"Vente";"195000.0";"28.0";"None";"RUE ROSSINI";"5600";"06000";"06088";"Nice";"06";"None";"None";"06088000KY0066";"None";"None";"10";"27.14";"None";"nan";"None";"nan";"None";"None";"None";"None";"1";"2";"Appartement";"25.0";"1.0";"None";"None";"None";"None";"nan";"7.260165";"43.700654";"000KY"
"2021-68914";"2021-10-19";"1";"Vente en l'état futur d'achèvement";"245000.0";"nan";"None";"RUE VERDI";"6620";"06000";"06088";"Nice";"06";"None";"None";"06088000KY0224";"None";"None";"16";"nan";"None";"nan";"None";"nan";"None";"None";"None";"None";"1";"None";"None";"nan";"nan";"None";"None";"None";"None";"nan";"7.258826";"43.699408";"000KY"
"2021-67879";"2021-10-18";"1";"Vente";"165000.0";"50.0";"None";"RUE ROSSINI";"5600";"06000";"06088";"Nice";"06";"None";"None";"06088000KY0025";"None";"None";"24";"33.8";"None";"nan";"None";"nan";"None";"None";"None";"None";"1";"2";"Appartement";"34.0";"1.0";"None";"None";"None";"None";"nan";"7.25759";"43.701001";"000KY"
"2021-68159";"2021-10-18";"1";"Vente";"400000.0";"39.0";"None";"AV G CLEMENCEAU";"2880";"06000";"06088";"Nice";"06";"None";"None";"06088000KY0089";"None";"None";"21";"80.91";"None";"nan";"None";"nan";"None";"None";"None";"None";"1";"2";"Appartement";"92.0";"4.0";"None";"None";"None";"None";"nan";"7.260951";"43.701631";"000KY"
"2021-67879";"2021-10-18";"1";"Vente";"165000.0";"50.0";"None";"RUE ROSSINI";"5600";"06000";"06088";"Nice";"06";"None";"None";"06088000KY0025";"None";"None";"24";"33.8";"None";"nan";"None";"nan";"None";"None";"None";"None";"1";"3";"Dépendance";"nan";"0.0";"None";"None";"None";"None";"nan";"7.25759";"43.701001";"000KY"
"2021-68001";"2021-10-15";"1";"Vente";"170000.0";"16.0";"None";"RUE AMIRAL DE GRASSE";"0170";"06000";"06088";"Nice";"06";"None";"None";"06088000KY0015";"None";"None";"101";"39.38";"63";"nan";"None";"nan";"None";"None";"None";"None";"2";"2";"Appartement";"41.0";"1.0";"None";"None";"None";"None";"nan";"7.257347";"43.701401";"000KY"
"2021-68001";"2021-10-15";"1";"Vente";"170000.0";"16.0";"None";"RUE AMIRAL DE GRASSE";"0170";"06000";"06088";"Nice";"06";"None";"None";"06088000KY0015";"None";"None";"101";"39.38";"63";"nan";"None";"nan";"None";"None";"None";"None";"2";"3";"Dépendance";"nan";"0.0";"None";"None";"None";"None";"nan";"7.257347";"43.701401";"000KY"
"2021-67695";"2021-10-13";"1";"Vente";"124350.0";"nan";"None";"RUE TCHEKOV";"6318";"06000";"06088";"Nice";"06";"None";"None";"06088000KY0095";"None";"None";"316";"40.54";"None";"nan";"None";"nan";"None";"None";"None";"None";"1";"2";"Appartement";"42.0";"2.0";"None";"None";"None";"None";"nan";"7.261213";"43.701137";"000KY"
"2021-67955";"2021-10-12";"1";"Vente";"207625.0";"32.0";"None";"RUE GUIGLIA";"3090";"06000";"06088";"Nice";"06";"None";"None";"06088000KY0036";"None";"None";"104";"nan";"None";"nan";"None";"nan";"None";"None";"None";"None";"1";"2";"Appartement";"63.0";"2.0";"None";"None";"None";"None";"nan";"7.258264";"43.701645";"000KY"
"2021-67955";"2021-10-12";"1";"Vente";"207625.0";"32.0";"None";"RUE GUIGLIA";"3090";"06000";"06088";"Nice";"06";"None";"None";"06088000KY0036";"None";"None";"104";"nan";"None";"nan";"None";"nan";"None";"None";"None";"None";"1";"3";"Dépendance";"nan";"0.0";"None";"None";"None";"None";"nan";"7.258264";"43.701645";"000KY"
"2021-67955";"2021-10-12";"1";"Vente";"207625.0";"32.0";"None";"RUE GUIGLIA";"3090";"06000";"06088";"Nice";"06";"None";"None";"06088000KY0036";"None";"None";"3";"nan";"None";"nan";"None";"nan";"None";"None";"None";"None";"1";"3";"Dépendance";"nan";"0.0";"None";"None";"None";"None";"nan";"7.258264";"43.701645";"000KY"
"2021-67955";"2021-10-12";"1";"Vente";"207625.0";"32.0";"None";"RUE GUIGLIA";"3090";"06000";"06088";"Nice";"06";"None";"None";"06088000KY0036";"None";"None";"104";"nan";"None";"nan";"None";"nan";"None";"None";"None";"None";"1";"3";"Dépendance";"nan";"0.0";"None";"None";"None";"None";"nan";"7.258264";"43.701645";"000KY"
"2021-67417";"2021-10-11";"1";"Vente";"445000.0";"4.0";"None";"RUE HEROLD";"3235";"06000";"06088";"Nice";"06";"None";"None";"06088000KY0236";"None";"None";"25";"nan";"54";"nan";"None";"nan";"None";"None";"None";"None";"2";"2";"Appartement";"65.0";"2.0";"None";"None";"None";"None";"nan";"7.258454";"43.698638";"000KY"
"2021-67417";"2021-10-11";"1";"Vente";"445000.0";"4.0";"None";"RUE HEROLD";"3235";"06000";"06088";"Nice";"06";"None";"None";"06088000KY0236";"None";"None";"25";"nan";"54";"nan";"None";"nan";"None";"None";"None";"None";"2";"3";"Dépendance";"nan";"0.0";"None";"None";"None";"None";"nan";"7.258454";"43.698638";"000KY"
"2021-67417";"2021-10-11";"1";"Vente";"445000.0";"4.0";"None";"RUE HEROLD";"3235";"06000";"06088";"Nice";"06";"None";"None";"06088000KY0236";"None";"None";"25";"nan";"54";"nan";"None";"nan";"None";"None";"None";"None";"2";"3";"Dépendance";"nan";"0.0";"None";"None";"None";"None";"nan";"7.258454";"43.698638";"000KY"
"2021-67425";"2021-10-08";"1";"Vente";"157000.0";"62.0";"None";"BD GAMBETTA";"2755";"06000";"06088";"Nice";"06";"None";"None";"06088000KY0001";"None";"None";"30";"nan";"None";"nan";"None";"nan";"None";"None";"None";"None";"1";"2";"Appartement";"48.0";"2.0";"None";"None";"None";"None";"nan";"7.256638";"43.701528";"000KY"
"2021-67425";"2021-10-08";"1";"Vente";"157000.0";"62.0";"None";"BD GAMBETTA";"2755";"06000";"06088";"Nice";"06";"None";"None";"06088000KY0001";"None";"None";"167";"nan";"None";"nan";"None";"nan";"None";"None";"None";"None";"1";"3";"Dépendance";"nan";"0.0";"None";"None";"None";"None";"nan";"7.256638";"43.701528";"000KY"
"2021-68258";"2021-10-07";"1";"Vente";"80000.0";"3.0";"None";"RUE AMIRAL DE GRASSE";"0170";"06000";"06088";"Nice";"06";"None";"None";"06088000KY0302";"None";"None";"85";"nan";"None";"nan";"None";"nan";"None";"None";"None";"None";"1";"2";"Appartement";"28.0";"1.0";"None";"None";"None";"None";"nan";"7.256514";"43.701267";"000KY"
"2021-67905";"2021-10-06";"1";"Vente";"299000.0";"35.0";"None";"AV G CLEMENCEAU";"2880";"06000";"06088";"Nice";"06";"None";"None";"06088000KY0107";"None";"None";"93";"nan";"None";"nan";"None";"nan";"None";"None";"None";"None";"1";"2";"Appartement";"75.0";"3.0";"None";"None";"None";"None";"nan";"7.261966";"43.701457";"000KY"
"2021-67905";"2021-10-06";"1";"Vente";"299000.0";"35.0";"None";"AV G CLEMENCEAU";"2880";"06000";"06088";"Nice";"06";"None";"None";"06088000KY0107";"None";"None";"93";"nan";"None";"nan";"None";"nan";"None";"None";"None";"None";"1";"3";"Dépendance";"nan";"0.0";"None";"None";"None";"None";"nan";"7.261966";"43.701457";"000KY"
"2021-67615";"2021-10-04";"1";"Vente";"150000.0";"54.0";"None";"BD GAMBETTA";"2755";"06000";"06088";"Nice";"06";"None";"None";"06088000KY0009";"None";"None";"34";"42.44";"None";"nan";"None";"nan";"None";"None";"None";"None";"1";"2";"Appartement";"44.0";"2.0";"None";"None";"None";"None";"nan";"7.256462";"43.701093";"000KY"
"2021-68542";"2021-10-04";"1";"Vente";"950000.0";"32.0";"None";"RUE VERDI";"6620";"06000";"06088";"Nice";"06";"None";"None";"06088000KY0161";"None";"None";"51";"nan";"52";"nan";"53";"52.2";"None";"None";"None";"None";"3";"2";"Appartement";"86.0";"3.0";"None";"None";"None";"None";"nan";"7.258345";"43.699817";"000KY"
"2021-68542";"2021-10-04";"1";"Vente";"950000.0";"32.0";"None";"RUE VERDI";"6620";"06000";"06088";"Nice";"06";"None";"None";"06088000KY0161";"None";"None";"51";"nan";"52";"nan";"53";"52.2";"None";"None";"None";"None";"3";"3";"Dépendance";"nan";"0.0";"None";"None";"None";"None";"nan";"7.258345";"43.699817";"000KY"
"2021-68542";"2021-10-04";"1";"Vente";"950000.0";"32.0";"None";"RUE VERDI";"6620";"06000";"06088";"Nice";"06";"None";"None";"06088000KY0161";"None";"None";"51";"nan";"52";"nan";"53";"52.2";"None";"None";"None";"None";"3";"3";"Dépendance";"nan";"0.0";"None";"None";"None";"None";"nan";"7.258345";"43.699817";"000KY"
"2021-68542";"2021-10-04";"1";"Vente";"950000.0";"25.0";"None";"RUE HEROLD";"3235";"06000";"06088";"Nice";"06";"None";"None";"06088000KY0162";"None";"None";"185";"nan";"None";"nan";"None";"nan";"None";"None";"None";"None";"1";"3";"Dépendance";"nan";"0.0";"None";"None";"None";"None";"nan";"7.258351";"43.700062";"000KY"
"2021-67327";"2021-09-30";"1";"Vente";"525300.0";"25.0";"None";"RUE GOUNOD";"2985";"06000";"06088";"Nice";"06";"None";"None";"06088000KY0070";"None";"None";"17";"nan";"60";"nan";"None";"nan";"None";"None";"None";"None";"2";"2";"Appartement";"50.0";"3.0";"None";"None";"None";"None";"nan";"7.260341";"43.701072";"000KY"
"2021-67327";"2021-09-30";"1";"Vente";"525300.0";"25.0";"None";"RUE GOUNOD";"2985";"06000";"06088";"Nice";"06";"None";"None";"06088000KY0070";"None";"None";"17";"nan";"60";"nan";"None";"nan";"None";"None";"None";"None";"2";"3";"Dépendance";"nan";"0.0";"None";"None";"None";"None";"nan";"7.260341";"43.701072";"000KY"
"2021-66444";"2021-09-29";"1";"Vente";"195000.0";"28.0";"None";"RUE ROSSINI";"5600";"06000";"06088";"Nice";"06";"None";"None";"06088000KY0066";"None";"None";"7";"nan";"None";"nan";"None";"nan";"None";"None";"None";"None";"1";"2";"Appartement";"25.0";"1.0";"None";"None";"None";"None";"nan";"7.260165";"43.700654";"000KY"
"2021-66711";"2021-09-29";"1";"Vente";"950000.0";"40.0";"None";"BD VICTOR HUGO";"6655";"06000";"06088";"Nice";"06";"None";"None";"06088000KY0273";"None";"None";"48";"nan";"None";"nan";"None";"nan";"None";"None";"None";"None";"1";"2";"Appartement";"38.0";"1.0";"None";"None";"None";"None";"nan";"7.261573";"43.699025";"000KY"
"2021-67177";"2021-09-29";"1";"Vente";"192000.0";"32.0";"None";"RUE VERDI";"6620";"06000";"06088";"Nice";"06";"None";"None";"06088000KY0161";"None";"None";"21";"39.53";"None";"nan";"None";"nan";"None";"None";"None";"None";"1";"2";"Appartement";"38.0";"1.0";"None";"None";"None";"None";"nan";"7.258345";"43.699817";"000KY"
"2021-66711";"2021-09-29";"1";"Vente";"950000.0";"40.0";"None";"BD VICTOR HUGO";"6655";"06000";"06088";"Nice";"06";"None";"None";"06088000KY0273";"None";"None";"18";"nan";"None";"nan";"None";"nan";"None";"None";"None";"None";"1";"4";"Local industriel. commercial ou assimilé";"100.0";"0.0";"None";"None";"None";"None";"nan";"7.261573";"43.699025";"000KY"
"2021-67187";"2021-09-28";"1";"Vente";"180000.0";"67.0";"None";"RUE ROSSINI";"5600";"06000";"06088";"Nice";"06";"None";"None";"06088000KY0186";"None";"None";"27";"nan";"7";"nan";"None";"nan";"None";"None";"None";"None";"2";"2";"Appartement";"40.0";"2.0";"None";"None";"None";"None";"nan";"7.257182";"43.700706";"000KY"
"2021-67187";"2021-09-28";"1";"Vente";"180000.0";"67.0";"None";"RUE ROSSINI";"5600";"06000";"06088";"Nice";"06";"None";"None";"06088000KY0186";"None";"None";"27";"nan";"7";"nan";"None";"nan";"None";"None";"None";"None";"2";"3";"Dépendance";"nan";"0.0";"None";"None";"None";"None";"nan";"7.257182";"43.700706";"000KY"
"2021-66502";"2021-09-27";"1";"Vente";"206600.0";"2.0";"None";"RUE AMIRAL DE GRASSE";"0170";"06000";"06088";"Nice";"06";"None";"None";"06088000KY0190";"None";"None";"18";"nan";"4";"56.34";"None";"nan";"None";"None";"None";"None";"2";"2";"Appartement";"67.0";"3.0";"None";"None";"None";"None";"nan";"7.256491";"43.700603";"000KY"
"2021-67397";"2021-09-27";"1";"Vente";"337000.0";"28.0";"None";"RUE GUIGLIA";"3090";"06000";"06088";"Nice";"06";"None";"None";"06088000KY0032";"None";"None";"12";"nan";"17";"nan";"None";"nan";"None";"None";"None";"None";"2";"2";"Appartement";"66.0";"2.0";"None";"None";"None";"None";"nan";"7.258195";"43.701343";"000KY"
"2021-66502";"2021-09-27";"1";"Vente";"206600.0";"2.0";"None";"RUE AMIRAL DE GRASSE";"0170";"06000";"06088";"Nice";"06";"None";"None";"06088000KY0190";"None";"None";"18";"nan";"4";"56.34";"None";"nan";"None";"None";"None";"None";"2";"3";"Dépendance";"nan";"0.0";"None";"None";"None";"None";"nan";"7.256491";"43.700603";"000KY"
"2021-67397";"2021-09-27";"1";"Vente";"337000.0";"28.0";"None";"RUE GUIGLIA";"3090";"06000";"06088";"Nice";"06";"None";"None";"06088000KY0032";"None";"None";"12";"nan";"17";"nan";"None";"nan";"None";"None";"None";"None";"2";"3";"Dépendance";"nan";"0.0";"None";"None";"None";"None";"nan";"7.258195";"43.701343";"000KY"
"2021-66466";"2021-09-24";"1";"Vente";"145000.0";"15.0";"None";"RUE BERLIOZ";"0790";"06000";"06088";"Nice";"06";"None";"None";"06088000KY0151";"None";"None";"34";"25.9";"None";"nan";"None";"nan";"None";"None";"None";"None";"1";"2";"Appartement";"25.0";"1.0";"None";"None";"None";"None";"nan";"7.259012";"43.699965";"000KY"
"2021-66761";"2021-09-24";"1";"Vente";"122050.0";"9.0";"None";"RUE VERDI";"6620";"06000";"06088";"Nice";"06";"None";"None";"06088000KY0265";"None";"None";"39";"nan";"None";"nan";"None";"nan";"None";"None";"None";"None";"1";"2";"Appartement";"15.0";"1.0";"None";"None";"None";"None";"nan";"7.260908";"43.699323";"000KY"
"2021-67283";"2021-09-24";"1";"Vente";"662000.0";"12.0";"None";"AV AUBER";"0425";"06000";"06088";"Nice";"06";"None";"None";"06088000KY0122";"None";"None";"17";"nan";"None";"nan";"None";"nan";"None";"None";"None";"None";"1";"2";"Appartement";"111.0";"5.0";"None";"None";"None";"None";"nan";"7.261671";"43.700007";"000KY"
"2021-66344";"2021-09-22";"1";"Vente";"842000.0";"40.0";"None";"BD GAMBETTA";"2755";"06000";"06088";"Nice";"06";"None";"None";"06088000KY0193";"None";"None";"71";"nan";"None";"nan";"None";"nan";"None";"None";"None";"None";"1";"2";"Appartement";"101.0";"3.0";"None";"None";"None";"None";"nan";"7.256559";"43.700111";"000KY"
"2021-66344";"2021-09-22";"1";"Vente";"842000.0";"40.0";"None";"BD GAMBETTA";"2755";"06000";"06088";"Nice";"06";"None";"None";"06088000KY0193";"None";"None";"71";"nan";"None";"nan";"None";"nan";"None";"None";"None";"None";"1";"3";"Dépendance";"nan";"0.0";"None";"None";"None";"None";"nan";"7.256559";"43.700111";"000KY"
"2021-66608";"2021-09-22";"1";"Vente";"95000.0";"7.0";"None";"AV AUBER";"0425";"06000";"06088";"Nice";"06";"None";"None";"06088000KY0123";"None";"None";"12";"25.05";"None";"nan";"None";"nan";"None";"None";"None";"None";"1";"4";"Local industriel. commercial ou assimilé";"25.0";"0.0";"None";"None";"None";"None";"nan";"7.261199";"43.69974";"000KY"
"2021-66115";"2021-09-21";"1";"Vente";"320000.0";"29.0";"None";"RUE GUIGLIA";"3090";"06000";"06088";"Nice";"06";"None";"None";"06088000KY0020";"None";"None";"5";"nan";"None";"nan";"None";"nan";"None";"None";"None";"None";"1";"2";"Appartement";"119.0";"5.0";"None";"None";"None";"None";"nan";"7.257751";"43.701499";"000KY"
"2021-66288";"2021-09-21";"1";"Vente";"504000.0";"16.0";"None";"RUE GUIGLIA";"3090";"06000";"06088";"Nice";"06";"None";"None";"06088000KY0168";"None";"None";"36";"nan";"51";"105.66";"None";"nan";"None";"None";"None";"None";"2";"2";"Appartement";"100.0";"5.0";"None";"None";"None";"None";"nan";"7.258082";"43.700341";"000KY"
"2021-66288";"2021-09-21";"1";"Vente";"504000.0";"16.0";"None";"RUE GUIGLIA";"3090";"06000";"06088";"Nice";"06";"None";"None";"06088000KY0168";"None";"None";"36";"nan";"51";"105.66";"None";"nan";"None";"None";"None";"None";"2";"3";"Dépendance";"nan";"0.0";"None";"None";"None";"None";"nan";"7.258082";"43.700341";"000KY"
"2021-66111";"2021-09-20";"1";"Vente";"526000.0";"16.0";"None";"RUE GUIGLIA";"3090";"06000";"06088";"Nice";"06";"None";"None";"06088000KY0168";"None";"None";"33";"nan";"54";"112.35";"None";"nan";"None";"None";"None";"None";"2";"2";"Appartement";"110.0";"3.0";"None";"None";"None";"None";"nan";"7.258082";"43.700341";"000KY"
"2021-66159";"2021-09-20";"1";"Vente";"430000.0";"27.0";"None";"RUE VERDI";"6620";"06000";"06088";"Nice";"06";"None";"None";"06088000KY0223";"None";"None";"16";"nan";"None";"nan";"None";"nan";"None";"None";"None";"None";"1";"2";"Appartement";"89.0";"4.0";"None";"None";"None";"None";"nan";"7.258572";"43.699394";"000KY"
"2021-66111";"2021-09-20";"1";"Vente";"526000.0";"16.0";"None";"RUE GUIGLIA";"3090";"06000";"06088";"Nice";"06";"None";"None";"06088000KY0168";"None";"None";"33";"nan";"54";"112.35";"None";"nan";"None";"None";"None";"None";"2";"3";"Dépendance";"nan";"0.0";"None";"None";"None";"None";"nan";"7.258082";"43.700341";"000KY"
"2021-66111";"2021-09-20";"1";"Vente";"526000.0";"16.0";"None";"RUE GUIGLIA";"3090";"06000";"06088";"Nice";"06";"None";"None";"06088000KY0168";"None";"None";"33";"nan";"54";"112.35";"None";"nan";"None";"None";"None";"None";"2";"3";"Dépendance";"nan";"0.0";"None";"None";"None";"None";"nan";"7.258082";"43.700341";"000KY"
"2021-66159";"2021-09-20";"1";"Vente";"430000.0";"27.0";"None";"RUE VERDI";"6620";"06000";"06088";"Nice";"06";"None";"None";"06088000KY0223";"None";"None";"16";"nan";"None";"nan";"None";"nan";"None";"None";"None";"None";"1";"3";"Dépendance";"nan";"0.0";"None";"None";"None";"None";"nan";"7.258572";"43.699394";"000KY"
"2021-66159";"2021-09-20";"1";"Vente";"430000.0";"27.0";"None";"RUE VERDI";"6620";"06000";"06088";"Nice";"06";"None";"None";"06088000KY0223";"None";"None";"28";"nan";"None";"nan";"None";"nan";"None";"None";"None";"None";"1";"3";"Dépendance";"nan";"0.0";"None";"None";"None";"None";"nan";"7.258572";"43.699394";"000KY"
"2021-66007";"2021-09-17";"1";"Vente";"277000.0";"3.0";"T";"RUE BERLIOZ";"0790";"06000";"06088";"Nice";"06";"None";"None";"06088000KY0234";"None";"None";"2";"57.33";"20";"nan";"None";"nan";"None";"None";"None";"None";"2";"2";"Appartement";"60.0";"2.0";"None";"None";"None";"None";"nan";"7.258771";"43.698889";"000KY"
"2021-66007";"2021-09-17";"1";"Vente";"277000.0";"3.0";"T";"RUE BERLIOZ";"0790";"06000";"06088";"Nice";"06";"None";"None";"06088000KY0234";"None";"None";"2";"57.33";"20";"nan";"None";"nan";"None";"None";"None";"None";"2";"3";"Dépendance";"nan";"0.0";"None";"None";"None";"None";"nan";"7.258771";"43.698889";"000KY"
"2021-65575";"2021-09-14";"1";"Vente";"1260000.0";"2.0";"None";"RUE BEETHOVEN";"0712";"06000";"06088";"Nice";"06";"None";"None";"06088000KY0111";"None";"None";"22";"nan";"9";"nan";"None";"nan";"None";"None";"None";"None";"2";"2";"Appartement";"153.0";"5.0";"None";"None";"None";"None";"nan";"7.262166";"43.701101";"000KY"
"2021-65731";"2021-09-14";"1";"Vente";"340000.0";"39.0";"None";"RUE HEROLD";"3235";"06000";"06088";"Nice";"06";"None";"None";"06088000KY0031";"None";"None";"38";"61.02";"88";"nan";"None";"nan";"None";"None";"None";"None";"2";"2";"Appartement";"65.0";"2.0";"None";"None";"None";"None";"nan";"7.258566";"43.701321";"000KY"
"2021-66493";"2021-09-14";"1";"Vente";"216000.0";"40.0";"None";"BD GAMBETTA";"2755";"06000";"06088";"Nice";"06";"None";"None";"06088000KY0193";"None";"None";"12";"64.96";"122";"nan";"None";"nan";"None";"None";"None";"None";"2";"2";"Appartement";"67.0";"3.0";"None";"None";"None";"None";"nan";"7.256559";"43.700111";"000KY"
"2021-65575";"2021-09-14";"1";"Vente";"1260000.0";"2.0";"None";"RUE BEETHOVEN";"0712";"06000";"06088";"Nice";"06";"None";"None";"06088000KY0111";"None";"None";"24";"nan";"None";"nan";"None";"nan";"None";"None";"None";"None";"1";"3";"Dépendance";"nan";"0.0";"None";"None";"None";"None";"nan";"7.262166";"43.701101";"000KY"
"2021-65575";"2021-09-14";"1";"Vente";"1260000.0";"2.0";"None";"RUE BEETHOVEN";"0712";"06000";"06088";"Nice";"06";"None";"None";"06088000KY0111";"None";"None";"22";"nan";"9";"nan";"None";"nan";"None";"None";"None";"None";"2";"3";"Dépendance";"nan";"0.0";"None";"None";"None";"None";"nan";"7.262166";"43.701101";"000KY"
"2021-65731";"2021-09-14";"1";"Vente";"340000.0";"39.0";"None";"RUE HEROLD";"3235";"06000";"06088";"Nice";"06";"None";"None";"06088000KY0031";"None";"None";"38";"61.02";"88";"nan";"None";"nan";"None";"None";"None";"None";"2";"3";"Dépendance";"nan";"0.0";"None";"None";"None";"None";"nan";"7.258566";"43.701321";"000KY"
"2021-65676";"2021-09-09";"1";"Vente";"300000.0";"22.0";"None";"RUE VERDI";"6620";"06000";"06088";"Nice";"06";"None";"None";"06088000KY0148";"None";"None";"43";"61.1";"None";"nan";"None";"nan";"None";"None";"None";"None";"1";"2";"Appartement";"51.0";"2.0";"None";"None";"None";"None";"nan";"7.25951";"43.699762";"000KY"
"2021-65911";"2021-09-09";"1";"Vente";"96000.0";"45.0";"None";"AV G CLEMENCEAU";"2880";"06000";"06088";"Nice";"06";"None";"None";"06088000KY0077";"None";"None";"33";"30.2";"None";"nan";"None";"nan";"None";"None";"None";"None";"1";"2";"Appartement";"90.0";"4.0";"None";"None";"None";"None";"nan";"7.260154";"43.701806";"000KY"
"2021-65911";"2021-09-09";"1";"Vente";"96000.0";"45.0";"None";"AV G CLEMENCEAU";"2880";"06000";"06088";"Nice";"06";"None";"None";"06088000KY0077";"None";"None";"33";"30.2";"None";"nan";"None";"nan";"None";"None";"None";"None";"1";"3";"Dépendance";"nan";"0.0";"None";"None";"None";"None";"nan";"7.260154";"43.701806";"000KY"
"2021-65713";"2021-09-08";"1";"Vente";"67000.0";"50.0";"None";"BD VICTOR HUGO";"6655";"06000";"06088";"Nice";"06";"None";"None";"06088000KY0244";"None";"None";"182";"12.92";"None";"nan";"None";"nan";"None";"None";"None";"None";"1";"2";"Appartement";"14.0";"1.0";"None";"None";"None";"None";"nan";"7.259365";"43.698542";"000KY"
"2021-65685";"2021-09-08";"1";"Vente";"175000.0";"50.0";"None";"BD VICTOR HUGO";"6655";"06000";"06088";"Nice";"06";"None";"None";"06088000KY0244";"None";"None";"197";"31.7";"None";"nan";"None";"nan";"None";"None";"None";"None";"1";"4";"Local industriel. commercial ou assimilé";"55.0";"0.0";"None";"None";"None";"None";"nan";"7.259365";"43.698542";"000KY"
"2021-65454";"2021-09-07";"1";"Vente";"107500.0";"10.0";"None";"RUE VERDI";"6620";"06000";"06088";"Nice";"06";"None";"None";"06088000KY0123";"None";"None";"32";"20.25";"None";"nan";"None";"nan";"None";"None";"None";"None";"1";"2";"Appartement";"20.0";"1.0";"None";"None";"None";"None";"nan";"7.261199";"43.69974";"000KY"
"2021-65920";"2021-09-07";"1";"Vente";"47000.0";"36.0";"None";"RUE HEROLD";"3235";"06000";"06088";"Nice";"06";"None";"None";"06088000KY0057";"None";"None";"64";"nan";"None";"nan";"None";"nan";"None";"None";"None";"None";"1";"3";"Dépendance";"nan";"0.0";"None";"None";"None";"None";"nan";"7.259139";"43.700904";"000KY"
"2021-65912";"2021-09-06";"1";"Vente";"38000.0";"41.0";"None";"RUE HEROLD";"3235";"06000";"06088";"Nice";"06";"None";"None";"06088000KY0034";"None";"None";"30";"nan";"None";"nan";"None";"nan";"None";"None";"None";"None";"1";"3";"Dépendance";"nan";"0.0";"None";"None";"None";"None";"nan";"7.258592";"43.701467";"000KY"
"2021-65233";"2021-09-03";"1";"Vente";"540000.0";"20.0";"None";"RUE AMIRAL DE GRASSE";"0170";"06000";"06088";"Nice";"06";"None";"None";"06088000KY0016";"None";"None";"44";"nan";"88";"103.59";"None";"nan";"None";"None";"None";"None";"2";"2";"Appartement";"109.0";"3.0";"None";"None";"None";"None";"nan";"7.257669";"43.701702";"000KY"
"2021-65308";"2021-09-03";"1";"Vente";"120000.0";"25.0";"None";"RUE HEROLD";"3235";"06000";"06088";"Nice";"06";"None";"None";"06088000KY0162";"None";"None";"105";"nan";"3";"nan";"None";"nan";"None";"None";"None";"None";"2";"2";"Appartement";"26.0";"1.0";"None";"None";"None";"None";"nan";"7.258351";"43.700062";"000KY"
"2021-65233";"2021-09-03";"1";"Vente";"540000.0";"20.0";"None";"RUE AMIRAL DE GRASSE";"0170";"06000";"06088";"Nice";"06";"None";"None";"06088000KY0016";"None";"None";"44";"nan";"88";"103.59";"None";"nan";"None";"None";"None";"None";"2";"3";"Dépendance";"nan";"0.0";"None";"None";"None";"None";"nan";"7.257669";"43.701702";"000KY"
"2021-65233";"2021-09-03";"1";"Vente";"540000.0";"20.0";"None";"RUE AMIRAL DE GRASSE";"0170";"06000";"06088";"Nice";"06";"None";"None";"06088000KY0016";"None";"None";"72";"nan";"None";"nan";"None";"nan";"None";"None";"None";"None";"1";"3";"Dépendance";"nan";"0.0";"None";"None";"None";"None";"nan";"7.257669";"43.701702";"000KY"
"2021-65308";"2021-09-03";"1";"Vente";"120000.0";"25.0";"None";"RUE HEROLD";"3235";"06000";"06088";"Nice";"06";"None";"None";"06088000KY0162";"None";"None";"105";"nan";"3";"nan";"None";"nan";"None";"None";"None";"None";"2";"3";"Dépendance";"nan";"0.0";"None";"None";"None";"None";"nan";"7.258351";"43.700062";"000KY"
"2021-65175";"2021-09-01";"1";"Vente";"250000.0";"26.0";"None";"RUE ROSSINI";"5600";"06000";"06088";"Nice";"06";"None";"None";"06088000KY0313";"None";"None";"2";"nan";"25";"79.3";"None";"nan";"None";"None";"None";"None";"2";"2";"Appartement";"79.0";"3.0";"None";"None";"None";"None";"nan";"7.260284";"43.700785";"000KY"
"2021-65335";"2021-09-01";"1";"Vente";"399000.0";"34.0";"None";"BD GAMBETTA";"2755";"06000";"06088";"Nice";"06";"None";"None";"06088000KY0210";"None";"None";"50";"nan";"54";"nan";"None";"nan";"None";"None";"None";"None";"2";"2";"Appartement";"33.0";"1.0";"None";"None";"None";"None";"nan";"7.256488";"43.699005";"000KY"
"2021-65175";"2021-09-01";"1";"Vente";"250000.0";"26.0";"None";"RUE ROSSINI";"5600";"06000";"06088";"Nice";"06";"None";"None";"06088000KY0313";"None";"None";"2";"nan";"25";"79.3";"None";"nan";"None";"None";"None";"None";"2";"3";"Dépendance";"nan";"0.0";"None";"None";"None";"None";"nan";"7.260284";"43.700785";"000KY"
"2021-65335";"2021-09-01";"1";"Vente";"399000.0";"34.0";"None";"BD GAMBETTA";"2755";"06000";"06088";"Nice";"06";"None";"None";"06088000KY0210";"None";"None";"50";"nan";"54";"nan";"None";"nan";"None";"None";"None";"None";"2";"4";"Local industriel. commercial ou assimilé";"220.0";"0.0";"None";"None";"None";"None";"nan";"7.256488";"43.699005";"000KY"
"2021-65573";"2021-08-31";"1";"Vente";"620000.0";"4.0";"None";"RUE GUIGLIA";"3090";"06000";"06088";"Nice";"06";"None";"None";"06088000KY0215";"None";"None";"21";"121.9";"None";"nan";"None";"nan";"None";"None";"None";"None";"1";"2";"Appartement";"132.0";"5.0";"None";"None";"None";"None";"nan";"7.257985";"43.698779";"000KY"
"2021-65129";"2021-08-31";"1";"Vente";"18000.0";"18.0";"None";"AV AUBER";"0425";"06000";"06088";"Nice";"06";"None";"None";"06088000KY0110";"None";"None";"4";"nan";"None";"nan";"None";"nan";"None";"None";"None";"None";"1";"3";"Dépendance";"nan";"0.0";"None";"None";"None";"None";"nan";"7.261844";"43.701172";"000KY"
"2021-65523";"2021-08-31";"1";"Vente";"83000.0";"12.0";"None";"AV AUBER";"0425";"06000";"06088";"Nice";"06";"None";"None";"06088000KY0122";"None";"None";"40";"nan";"None";"nan";"None";"nan";"None";"None";"None";"None";"1";"3";"Dépendance";"nan";"0.0";"None";"None";"None";"None";"nan";"7.261671";"43.700007";"000KY"
"2021-65573";"2021-08-31";"1";"Vente";"620000.0";"4.0";"None";"RUE GUIGLIA";"3090";"06000";"06088";"Nice";"06";"None";"None";"06088000KY0215";"None";"None";"21";"121.9";"None";"nan";"None";"nan";"None";"None";"None";"None";"1";"3";"Dépendance";"nan";"0.0";"None";"None";"None";"None";"nan";"7.257985";"43.698779";"000KY"
"2021-65876";"2021-08-30";"1";"Vente";"288000.0";"3.0";"None";"RUE BERLIOZ";"0790";"06000";"06088";"Nice";"06";"None";"None";"06088000KY0243";"None";"None";"13";"55.13";"28";"nan";"None";"nan";"None";"None";"None";"None";"2";"2";"Appartement";"46.0";"2.0";"None";"None";"None";"None";"nan";"7.258898";"43.698691";"000KY"
"2021-65876";"2021-08-30";"1";"Vente";"288000.0";"3.0";"None";"RUE BERLIOZ";"0790";"06000";"06088";"Nice";"06";"None";"None";"06088000KY0243";"None";"None";"13";"55.13";"28";"nan";"None";"nan";"None";"None";"None";"None";"2";"3";"Dépendance";"nan";"0.0";"None";"None";"None";"None";"nan";"7.258898";"43.698691";"000KY"
"2021-65198";"2021-08-26";"1";"Vente";"125000.0";"12.0";"None";"RUE GUIGLIA";"3090";"06000";"06088";"Nice";"06";"None";"None";"06088000KY0170";"None";"None";"36";"36.84";"None";"nan";"None";"nan";"None";"None";"None";"None";"1";"2";"Appartement";"28.0";"2.0";"None";"None";"None";"None";"nan";"7.258049";"43.700026";"000KY"
"2021-64824";"2021-08-26";"1";"Vente";"54000.0";"6.0";"None";"AV EMILIA";"2260";"06000";"06088";"Nice";"06";"None";"None";"06088000KY0200";"None";"None";"2";"nan";"None";"nan";"None";"nan";"None";"None";"None";"None";"1";"3";"Dépendance";"nan";"0.0";"None";"None";"None";"None";"nan";"7.257075";"43.699293";"000KY"
"2021-65198";"2021-08-26";"1";"Vente";"125000.0";"12.0";"None";"RUE GUIGLIA";"3090";"06000";"06088";"Nice";"06";"None";"None";"06088000KY0170";"None";"None";"41";"nan";"None";"nan";"None";"nan";"None";"None";"None";"None";"1";"3";"Dépendance";"nan";"0.0";"None";"None";"None";"None";"nan";"7.258049";"43.700026";"000KY"
"2021-65022";"2021-08-24";"1";"Vente";"526000.0";"50.0";"None";"BD VICTOR HUGO";"6655";"06000";"06088";"Nice";"06";"None";"None";"06088000KY0244";"None";"None";"234";"97.13";"59";"nan";"None";"nan";"None";"None";"None";"None";"2";"2";"Appartement";"92.0";"4.0";"None";"None";"None";"None";"nan";"7.259365";"43.698542";"000KY"
"2021-65022";"2021-08-24";"1";"Vente";"526000.0";"50.0";"None";"BD VICTOR HUGO";"6655";"06000";"06088";"Nice";"06";"None";"None";"06088000KY0244";"None";"None";"234";"97.13";"59";"nan";"None";"nan";"None";"None";"None";"None";"2";"3";"Dépendance";"nan";"0.0";"None";"None";"None";"None";"nan";"7.259365";"43.698542";"000KY"
"2021-65022";"2021-08-24";"1";"Vente";"526000.0";"50.0";"None";"BD VICTOR HUGO";"6655";"06000";"06088";"Nice";"06";"None";"None";"06088000KY0244";"None";"None";"47";"nan";"None";"nan";"None";"nan";"None";"None";"None";"None";"1";"3";"Dépendance";"nan";"0.0";"None";"None";"None";"None";"nan";"7.259365";"43.698542";"000KY"
"2021-64649";"2021-08-23";"1";"Vente";"345000.0";"44.0";"None";"RUE HEROLD";"3235";"06000";"06088";"Nice";"06";"None";"None";"06088000KY0053";"None";"None";"11";"81.7";"None";"nan";"None";"nan";"None";"None";"None";"None";"1";"2";"Appartement";"74.0";"3.0";"None";"None";"None";"None";"nan";"7.259103";"43.701418";"000KY"
"2021-64649";"2021-08-23";"1";"Vente";"345000.0";"44.0";"None";"RUE HEROLD";"3235";"06000";"06088";"Nice";"06";"None";"None";"06088000KY0053";"None";"None";"11";"81.7";"None";"nan";"None";"nan";"None";"None";"None";"None";"1";"3";"Dépendance";"nan";"0.0";"None";"None";"None";"None";"nan";"7.259103";"43.701418";"000KY"
"2021-65414";"2021-08-13";"1";"Vente";"387000.0";"41.0";"None";"RUE HEROLD";"3235";"06000";"06088";"Nice";"06";"None";"None";"06088000KY0034";"None";"None";"19";"75.04";"2";"nan";"None";"nan";"None";"None";"None";"None";"2";"2";"Appartement";"79.0";"3.0";"None";"None";"None";"None";"nan";"7.258592";"43.701467";"000KY"
"2021-65414";"2021-08-13";"1";"Vente";"387000.0";"41.0";"None";"RUE HEROLD";"3235";"06000";"06088";"Nice";"06";"None";"None";"06088000KY0034";"None";"None";"19";"75.04";"2";"nan";"None";"nan";"None";"None";"None";"None";"2";"3";"Dépendance";"nan";"0.0";"None";"None";"None";"None";"nan";"7.258592";"43.701467";"000KY"
"2021-65256";"2021-08-11";"1";"Vente en l'état futur d'achèvement";"245000.0";"nan";"None";"RUE VERDI";"6620";"06000";"06088";"Nice";"06";"None";"None";"06088000KY0224";"None";"None";"17";"nan";"None";"nan";"None";"nan";"None";"None";"None";"None";"1";"None";"None";"nan";"nan";"None";"None";"None";"None";"nan";"7.258826";"43.699408";"000KY"
"2021-63969";"2021-08-09";"1";"Vente";"380000.0";"20.0";"None";"RUE VERDI";"6620";"06000";"06088";"Nice";"06";"None";"None";"06088000KY0134";"None";"None";"251";"53.8";"None";"nan";"None";"nan";"None";"None";"None";"None";"1";"2";"Appartement";"51.0";"2.0";"None";"None";"None";"None";"nan";"7.259955";"43.699817";"000KY"
"2021-64663";"2021-08-09";"1";"Vente";"425000.0";"34.0";"None";"BD GAMBETTA";"2755";"06000";"06088";"Nice";"06";"None";"None";"06088000KY0210";"None";"None";"53";"81.87";"54";"nan";"None";"nan";"None";"None";"None";"None";"2";"2";"Appartement";"33.0";"1.0";"None";"None";"None";"None";"nan";"7.256488";"43.699005";"000KY"
"2021-64689";"2021-08-09";"1";"Vente";"298000.0";"54.0";"None";"BD GAMBETTA";"2755";"06000";"06088";"Nice";"06";"None";"None";"06088000KY0009";"None";"None";"40";"60.81";"None";"nan";"None";"nan";"None";"None";"None";"None";"1";"2";"Appartement";"58.0";"3.0";"None";"None";"None";"None";"nan";"7.256462";"43.701093";"000KY"
"2021-64689";"2021-08-09";"1";"Vente";"298000.0";"54.0";"None";"BD GAMBETTA";"2755";"06000";"06088";"Nice";"06";"None";"None";"06088000KY0009";"None";"None";"40";"60.81";"None";"nan";"None";"nan";"None";"None";"None";"None";"1";"3";"Dépendance";"nan";"0.0";"None";"None";"None";"None";"nan";"7.256462";"43.701093";"000KY"
"2021-64663";"2021-08-09";"1";"Vente";"425000.0";"34.0";"None";"BD GAMBETTA";"2755";"06000";"06088";"Nice";"06";"None";"None";"06088000KY0210";"None";"None";"53";"81.87";"54";"nan";"None";"nan";"None";"None";"None";"None";"2";"4";"Local industriel. commercial ou assimilé";"220.0";"0.0";"None";"None";"None";"None";"nan";"7.256488";"43.699005";"000KY"
"2021-66338";"2021-08-09";"1";"Vente";"690000.0";"35.0";"None";"RUE ROSSINI";"5600";"06000";"06088";"Nice";"06";"None";"None";"06088000KY0125";"None";"None";"21";"nan";"None";"nan";"None";"nan";"None";"None";"None";"None";"1";"4";"Local industriel. commercial ou assimilé";"190.0";"0.0";"None";"None";"None";"None";"nan";"7.261133";"43.700265";"000KY"
"2021-64869";"2021-08-06";"1";"Vente";"249000.0";"49.0";"None";"AV G CLEMENCEAU";"2880";"06000";"06088";"Nice";"06";"None";"None";"06088000KY0048";"None";"None";"18";"nan";"53";"44.79";"None";"nan";"None";"None";"None";"None";"2";"2";"Appartement";"50.0";"2.0";"None";"None";"None";"None";"nan";"7.259409";"43.701856";"000KY"
"2021-64869";"2021-08-06";"1";"Vente";"249000.0";"49.0";"None";"AV G CLEMENCEAU";"2880";"06000";"06088";"Nice";"06";"None";"None";"06088000KY0048";"None";"None";"18";"nan";"53";"44.79";"None";"nan";"None";"None";"None";"None";"2";"3";"Dépendance";"nan";"0.0";"None";"None";"None";"None";"nan";"7.259409";"43.701856";"000KY"
"2021-64530";"2021-08-05";"1";"Vente";"708000.0";"50.0";"None";"BD VICTOR HUGO";"6655";"06000";"06088";"Nice";"06";"None";"None";"06088000KY0244";"None";"None";"259";"90.55";"49";"nan";"None";"nan";"None";"None";"None";"None";"2";"2";"Appartement";"90.0";"4.0";"None";"None";"None";"None";"nan";"7.259365";"43.698542";"000KY"
"2021-64530";"2021-08-05";"1";"Vente";"708000.0";"50.0";"None";"BD VICTOR HUGO";"6655";"06000";"06088";"Nice";"06";"None";"None";"06088000KY0244";"None";"None";"259";"90.55";"49";"nan";"None";"nan";"None";"None";"None";"None";"2";"3";"Dépendance";"nan";"0.0";"None";"None";"None";"None";"nan";"7.259365";"43.698542";"000KY"
"2021-64530";"2021-08-05";"1";"Vente";"708000.0";"50.0";"None";"BD VICTOR HUGO";"6655";"06000";"06088";"Nice";"06";"None";"None";"06088000KY0244";"None";"None";"259";"90.55";"49";"nan";"None";"nan";"None";"None";"None";"None";"2";"3";"Dépendance";"nan";"0.0";"None";"None";"None";"None";"nan";"7.259365";"43.698542";"000KY"
"2021-64530";"2021-08-05";"1";"Vente";"708000.0";"50.0";"None";"BD VICTOR HUGO";"6655";"06000";"06088";"Nice";"06";"None";"None";"06088000KY0244";"None";"None";"19";"nan";"None";"nan";"None";"nan";"None";"None";"None";"None";"1";"3";"Dépendance";"nan";"0.0";"None";"None";"None";"None";"nan";"7.259365";"43.698542";"000KY"
"2021-63808";"2021-08-03";"1";"Vente";"86000.0";"nan";"None";"RUE TCHEKOV";"6318";"06000";"06088";"Nice";"06";"None";"None";"06088000KY0095";"None";"None";"301";"26.64";"None";"nan";"None";"nan";"None";"None";"None";"None";"1";"2";"Appartement";"29.0";"2.0";"None";"None";"None";"None";"nan";"7.261213";"43.701137";"000KY"
"2021-63923";"2021-08-03";"1";"Vente";"469000.0";"11.0";"None";"RUE GUIGLIA";"3090";"06000";"06088";"Nice";"06";"None";"None";"06088000KY0173";"None";"None";"11";"nan";"27";"98.85";"None";"nan";"None";"None";"None";"None";"2";"2";"Appartement";"100.0";"3.0";"None";"None";"None";"None";"nan";"7.257539";"43.699912";"000KY"
"2021-64371";"2021-08-03";"1";"Vente";"207500.0";"62.0";"None";"BD GAMBETTA";"2755";"06000";"06088";"Nice";"06";"None";"None";"06088000KY0001";"None";"None";"46";"54.19";"None";"nan";"None";"nan";"None";"None";"None";"None";"1";"2";"Appartement";"62.0";"2.0";"None";"None";"None";"None";"nan";"7.256638";"43.701528";"000KY"
"2021-63923";"2021-08-03";"1";"Vente";"469000.0";"11.0";"None";"RUE GUIGLIA";"3090";"06000";"06088";"Nice";"06";"None";"None";"06088000KY0173";"None";"None";"11";"nan";"27";"98.85";"None";"nan";"None";"None";"None";"None";"2";"3";"Dépendance";"nan";"0.0";"None";"None";"None";"None";"nan";"7.257539";"43.699912";"000KY"
"2021-64371";"2021-08-03";"1";"Vente";"207500.0";"62.0";"None";"BD GAMBETTA";"2755";"06000";"06088";"Nice";"06";"None";"None";"06088000KY0001";"None";"None";"155";"nan";"None";"nan";"None";"nan";"None";"None";"None";"None";"1";"3";"Dépendance";"nan";"0.0";"None";"None";"None";"None";"nan";"7.256638";"43.701528";"000KY"
"2021-63709";"2021-08-02";"1";"Vente";"295000.0";"20.0";"None";"AV AUBER";"0425";"06000";"06088";"Nice";"06";"None";"None";"06088000KY0107";"None";"None";"212";"57.51";"57";"nan";"None";"nan";"None";"None";"None";"None";"2";"2";"Appartement";"58.0";"2.0";"None";"None";"None";"None";"nan";"7.261966";"43.701457";"000KY"
"2021-63869";"2021-08-02";"1";"Vente";"149000.0";"35.0";"None";"RUE GOUNOD";"2985";"06000";"06088";"Nice";"06";"None";"None";"06088000KY0088";"None";"None";"6";"40.06";"None";"nan";"None";"nan";"None";"None";"None";"None";"1";"2";"Appartement";"40.0";"2.0";"None";"None";"None";"None";"nan";"7.260679";"43.701686";"000KY"
"2021-64494";"2021-08-02";"1";"Vente";"487800.0";"36.0";"None";"RUE HEROLD";"3235";"06000";"06088";"Nice";"06";"None";"None";"06088000KY0057";"None";"None";"107";"73.18";"None";"nan";"None";"nan";"None";"None";"None";"None";"1";"2";"Appartement";"81.0";"3.0";"None";"None";"None";"None";"nan";"7.259139";"43.700904";"000KY"
"2021-63709";"2021-08-02";"1";"Vente";"295000.0";"20.0";"None";"AV AUBER";"0425";"06000";"06088";"Nice";"06";"None";"None";"06088000KY0107";"None";"None";"212";"57.51";"57";"nan";"None";"nan";"None";"None";"None";"None";"2";"3";"Dépendance";"nan";"0.0";"None";"None";"None";"None";"nan";"7.261966";"43.701457";"000KY"
"2021-64494";"2021-08-02";"1";"Vente";"487800.0";"36.0";"None";"RUE HEROLD";"3235";"06000";"06088";"Nice";"06";"None";"None";"06088000KY0057";"None";"None";"75";"nan";"None";"nan";"None";"nan";"None";"None";"None";"None";"1";"3";"Dépendance";"nan";"0.0";"None";"None";"None";"None";"nan";"7.259139";"43.700904";"000KY"
"2021-64499";"2021-08-02";"1";"Vente";"38000.0";"36.0";"None";"RUE HEROLD";"3235";"06000";"06088";"Nice";"06";"None";"None";"06088000KY0057";"None";"None";"37";"nan";"None";"nan";"None";"nan";"None";"None";"None";"None";"1";"3";"Dépendance";"nan";"0.0";"None";"None";"None";"None";"nan";"7.259139";"43.700904";"000KY"
"2021-64032";"2021-07-30";"1";"Vente";"58000.0";"22.0";"None";"RUE HEROLD";"3235";"06000";"06088";"Nice";"06";"None";"None";"06088000KY0158";"None";"None";"112";"13.48";"None";"nan";"None";"nan";"None";"None";"None";"None";"1";"2";"Appartement";"13.0";"1.0";"None";"None";"None";"None";"nan";"7.258773";"43.700099";"000KY"
"2021-64093";"2021-07-30";"1";"Vente";"335000.0";"15.0";"None";"RUE VERDI";"6620";"06000";"06088";"Nice";"06";"None";"None";"06088000KY0255";"None";"None";"22";"79.84";"75";"nan";"None";"nan";"None";"None";"None";"None";"2";"2";"Appartement";"79.0";"3.0";"None";"None";"None";"None";"nan";"7.259982";"43.699381";"000KY"
"2021-64444";"2021-07-30";"1";"Vente";"176000.0";"10.0";"None";"RUE BERLIOZ";"0790";"06000";"06088";"Nice";"06";"None";"None";"06088000KY0251";"None";"None";"77";"29.9";"None";"nan";"None";"nan";"None";"None";"None";"None";"1";"2";"Appartement";"29.0";"1.0";"None";"None";"None";"None";"nan";"7.259388";"43.699142";"000KY"
"2021-64637";"2021-07-30";"1";"Vente";"245000.0";"10.0";"None";"RUE BERLIOZ";"0790";"06000";"06088";"Nice";"06";"None";"None";"06088000KY0251";"None";"None";"79";"48.13";"None";"nan";"None";"nan";"None";"None";"None";"None";"1";"2";"Appartement";"49.0";"2.0";"None";"None";"None";"None";"nan";"7.259388";"43.699142";"000KY"
"2021-64093";"2021-07-30";"1";"Vente";"335000.0";"15.0";"None";"RUE VERDI";"6620";"06000";"06088";"Nice";"06";"None";"None";"06088000KY0255";"None";"None";"22";"79.84";"75";"nan";"None";"nan";"None";"None";"None";"None";"2";"3";"Dépendance";"nan";"0.0";"None";"None";"None";"None";"nan";"7.259982";"43.699381";"000KY"
"2021-63654";"2021-07-29";"1";"Vente";"50000.0";"5.0";"T";"RUE BERLIOZ";"0790";"06000";"06088";"Nice";"06";"None";"None";"06088000KY0230";"None";"None";"22";"17.05";"None";"nan";"None";"nan";"None";"None";"None";"None";"1";"2";"Appartement";"15.0";"1.0";"None";"None";"None";"None";"nan";"7.258907";"43.699145";"000KY"
"2021-63881";"2021-07-29";"1";"Vente";"315000.0";"44.0";"None";"RUE HEROLD";"3235";"06000";"06088";"Nice";"06";"None";"None";"06088000KY0053";"None";"None";"11";"81.7";"None";"nan";"None";"nan";"None";"None";"None";"None";"1";"2";"Appartement";"74.0";"3.0";"None";"None";"None";"None";"nan";"7.259103";"43.701418";"000KY"
"2021-63881";"2021-07-29";"1";"Vente";"315000.0";"44.0";"None";"RUE HEROLD";"3235";"06000";"06088";"Nice";"06";"None";"None";"06088000KY0053";"None";"None";"7";"nan";"None";"nan";"None";"nan";"None";"None";"None";"None";"1";"3";"Dépendance";"nan";"0.0";"None";"None";"None";"None";"nan";"7.259103";"43.701418";"000KY"
"2021-63881";"2021-07-29";"1";"Vente";"315000.0";"44.0";"None";"RUE HEROLD";"3235";"06000";"06088";"Nice";"06";"None";"None";"06088000KY0053";"None";"None";"11";"81.7";"None";"nan";"None";"nan";"None";"None";"None";"None";"1";"3";"Dépendance";"nan";"0.0";"None";"None";"None";"None";"nan";"7.259103";"43.701418";"000KY"
"2021-63120";"2021-07-28";"1";"Vente";"385000.0";"24.0";"None";"RUE GOUNOD";"2985";"06000";"06088";"Nice";"06";"None";"None";"06088000KY0095";"None";"None";"155";"78.22";"None";"nan";"None";"nan";"None";"None";"None";"None";"1";"2";"Appartement";"78.0";"4.0";"None";"None";"None";"None";"nan";"7.261213";"43.701137";"000KY"
"2021-64242";"2021-07-28";"1";"Vente";"108000.0";"9.0";"None";"RUE VERDI";"6620";"06000";"06088";"Nice";"06";"None";"None";"06088000KY0265";"None";"None";"36";"18.11";"None";"nan";"None";"nan";"None";"None";"None";"None";"1";"2";"Appartement";"19.0";"1.0";"None";"None";"None";"None";"nan";"7.260908";"43.699323";"000KY"
"2021-63120";"2021-07-28";"1";"Vente";"385000.0";"24.0";"None";"RUE GOUNOD";"2985";"06000";"06088";"Nice";"06";"None";"None";"06088000KY0095";"None";"None";"155";"78.22";"None";"nan";"None";"nan";"None";"None";"None";"None";"1";"3";"Dépendance";"nan";"0.0";"None";"None";"None";"None";"nan";"7.261213";"43.701137";"000KY"
"2021-63851";"2021-07-27";"1";"Vente";"402300.0";"36.0";"None";"RUE HEROLD";"3235";"06000";"06088";"Nice";"06";"None";"None";"06088000KY0057";"None";"None";"105";"80.06";"None";"nan";"None";"nan";"None";"None";"None";"None";"1";"2";"Appartement";"81.0";"3.0";"None";"None";"None";"None";"nan";"7.259139";"43.700904";"000KY"
"2021-63851";"2021-07-27";"1";"Vente";"402300.0";"36.0";"None";"RUE HEROLD";"3235";"06000";"06088";"Nice";"06";"None";"None";"06088000KY0057";"None";"None";"21";"nan";"None";"nan";"None";"nan";"None";"None";"None";"None";"1";"3";"Dépendance";"nan";"0.0";"None";"None";"None";"None";"nan";"7.259139";"43.700904";"000KY"
"2021-63203";"2021-07-26";"1";"Vente";"245600.0";"34.0";"None";"RUE ROSSINI";"5600";"06000";"06088";"Nice";"06";"None";"None";"06088000KY0060";"None";"None";"16";"nan";"None";"nan";"None";"nan";"None";"None";"None";"None";"1";"2";"Appartement";"44.0";"2.0";"None";"None";"None";"None";"nan";"7.259672";"43.700808";"000KY"
"2021-63581";"2021-07-26";"1";"Vente";"180000.0";"4.0";"None";"RUE HEROLD";"3235";"06000";"06088";"Nice";"06";"None";"None";"06088000KY0236";"None";"None";"53";"61.36";"None";"nan";"None";"nan";"None";"None";"None";"None";"1";"2";"Appartement";"65.0";"2.0";"None";"None";"None";"None";"nan";"7.258454";"43.698638";"000KY"
"2021-63591";"2021-07-26";"1";"Vente";"230000.0";"15.0";"None";"RUE BERLIOZ";"0790";"06000";"06088";"Nice";"06";"None";"None";"06088000KY0151";"None";"None";"33";"42.0";"None";"nan";"None";"nan";"None";"None";"None";"None";"1";"2";"Appartement";"36.0";"2.0";"None";"None";"None";"None";"nan";"7.259012";"43.699965";"000KY"
"2021-63203";"2021-07-26";"1";"Vente";"245600.0";"34.0";"None";"RUE ROSSINI";"5600";"06000";"06088";"Nice";"06";"None";"None";"06088000KY0060";"None";"None";"16";"nan";"None";"nan";"None";"nan";"None";"None";"None";"None";"1";"3";"Dépendance";"nan";"0.0";"None";"None";"None";"None";"nan";"7.259672";"43.700808";"000KY"
"2021-63581";"2021-07-26";"1";"Vente";"180000.0";"4.0";"None";"RUE HEROLD";"3235";"06000";"06088";"Nice";"06";"None";"None";"06088000KY0236";"None";"None";"30";"nan";"None";"nan";"None";"nan";"None";"None";"None";"None";"1";"3";"Dépendance";"nan";"0.0";"None";"None";"None";"None";"nan";"7.258454";"43.698638";"000KY"
"2021-63581";"2021-07-26";"1";"Vente";"180000.0";"4.0";"None";"RUE HEROLD";"3235";"06000";"06088";"Nice";"06";"None";"None";"06088000KY0236";"None";"None";"53";"61.36";"None";"nan";"None";"nan";"None";"None";"None";"None";"1";"3";"Dépendance";"nan";"0.0";"None";"None";"None";"None";"nan";"7.258454";"43.698638";"000KY"
"2021-63581";"2021-07-26";"1";"Vente";"180000.0";"4.0";"None";"RUE HEROLD";"3235";"06000";"06088";"Nice";"06";"None";"None";"06088000KY0236";"None";"None";"53";"61.36";"None";"nan";"None";"nan";"None";"None";"None";"None";"1";"3";"Dépendance";"nan";"0.0";"None";"None";"None";"None";"nan";"7.258454";"43.698638";"000KY"
"2021-63666";"2021-07-22";"1";"Vente";"107500.0";"5.0";"None";"RUE HEROLD";"3235";"06000";"06088";"Nice";"06";"None";"None";"06088000KY0291";"None";"None";"20";"nan";"56";"22.91";"None";"nan";"None";"None";"None";"None";"2";"2";"Appartement";"23.0";"1.0";"None";"None";"None";"None";"nan";"7.258093";"43.698739";"000KY"
"2021-63666";"2021-07-22";"1";"Vente";"107500.0";"5.0";"None";"RUE HEROLD";"3235";"06000";"06088";"Nice";"06";"None";"None";"06088000KY0291";"None";"None";"20";"nan";"56";"22.91";"None";"nan";"None";"None";"None";"None";"2";"3";"Dépendance";"nan";"0.0";"None";"None";"None";"None";"nan";"7.258093";"43.698739";"000KY"
"2021-63864";"2021-07-21";"1";"Vente";"397000.0";"30.0";"None";"RUE GOUNOD";"2985";"06000";"06088";"Nice";"06";"None";"None";"06088000KY0095";"None";"None";"120";"87.1";"None";"nan";"None";"nan";"None";"None";"None";"None";"1";"2";"Appartement";"86.0";"3.0";"None";"None";"None";"None";"nan";"7.261213";"43.701137";"000KY"
"2021-63864";"2021-07-21";"1";"Vente";"397000.0";"30.0";"None";"RUE GOUNOD";"2985";"06000";"06088";"Nice";"06";"None";"None";"06088000KY0095";"None";"None";"11";"nan";"None";"nan";"None";"nan";"None";"None";"None";"None";"1";"3";"Dépendance";"nan";"0.0";"None";"None";"None";"None";"nan";"7.261213";"43.701137";"000KY"
"2021-63864";"2021-07-21";"1";"Vente";"397000.0";"30.0";"None";"RUE GOUNOD";"2985";"06000";"06088";"Nice";"06";"None";"None";"06088000KY0095";"None";"None";"120";"87.1";"None";"nan";"None";"nan";"None";"None";"None";"None";"1";"3";"Dépendance";"nan";"0.0";"None";"None";"None";"None";"nan";"7.261213";"43.701137";"000KY"
"2021-63786";"2021-07-19";"1";"Vente";"339000.0";"26.0";"None";"RUE VERDI";"6620";"06000";"06088";"Nice";"06";"None";"None";"06088000KY0323";"None";"None";"18";"78.15";"3";"nan";"None";"nan";"None";"None";"None";"None";"2";"2";"Appartement";"79.0";"3.0";"None";"None";"None";"None";"nan";"7.258913";"43.699791";"000KY"
"2021-63788";"2021-07-19";"1";"Vente";"345000.0";"33.0";"None";"RUE BERLIOZ";"0790";"06000";"06088";"Nice";"06";"None";"None";"06088000KY0054";"None";"None";"12";"nan";"35";"71.11";"None";"nan";"None";"None";"None";"None";"2";"2";"Appartement";"70.0";"3.0";"None";"None";"None";"None";"nan";"7.259204";"43.701324";"000KY"
"2021-65002";"2021-07-19";"1";"Vente";"1243400.0";"22.0";"None";"RUE GOUNOD";"2985";"06000";"06088";"Nice";"06";"None";"None";"06088000KY0096";"None";"None";"25";"171.55";"None";"nan";"None";"nan";"None";"None";"None";"None";"1";"2";"Appartement";"172.0";"7.0";"None";"None";"None";"None";"nan";"7.260725";"43.700674";"000KY"
"2021-63786";"2021-07-19";"1";"Vente";"339000.0";"26.0";"None";"RUE VERDI";"6620";"06000";"06088";"Nice";"06";"None";"None";"06088000KY0323";"None";"None";"18";"78.15";"3";"nan";"None";"nan";"None";"None";"None";"None";"2";"3";"Dépendance";"nan";"0.0";"None";"None";"None";"None";"nan";"7.258913";"43.699791";"000KY"
"2021-63788";"2021-07-19";"1";"Vente";"345000.0";"33.0";"None";"RUE BERLIOZ";"0790";"06000";"06088";"Nice";"06";"None";"None";"06088000KY0054";"None";"None";"12";"nan";"35";"71.11";"None";"nan";"None";"None";"None";"None";"2";"3";"Dépendance";"nan";"0.0";"None";"None";"None";"None";"nan";"7.259204";"43.701324";"000KY"
"2021-62324";"2021-07-13";"1";"Vente";"352500.0";"11.0";"None";"RUE GUIGLIA";"3090";"06000";"06088";"Nice";"06";"None";"None";"06088000KY0173";"None";"None";"33";"nan";"48";"85.68";"None";"nan";"None";"None";"None";"None";"2";"2";"Appartement";"80.0";"3.0";"None";"None";"None";"None";"nan";"7.257539";"43.699912";"000KY"
"2021-62557";"2021-07-13";"1";"Vente";"130000.0";"25.0";"None";"RUE HEROLD";"3235";"06000";"06088";"Nice";"06";"None";"None";"06088000KY0162";"None";"None";"134";"23.11";"46";"nan";"None";"nan";"None";"None";"None";"None";"2";"2";"Appartement";"35.0";"1.0";"None";"None";"None";"None";"nan";"7.258351";"43.700062";"000KY"
"2021-62324";"2021-07-13";"1";"Vente";"352500.0";"11.0";"None";"RUE GUIGLIA";"3090";"06000";"06088";"Nice";"06";"None";"None";"06088000KY0173";"None";"None";"33";"nan";"48";"85.68";"None";"nan";"None";"None";"None";"None";"2";"3";"Dépendance";"nan";"0.0";"None";"None";"None";"None";"nan";"7.257539";"43.699912";"000KY"
"2021-62557";"2021-07-13";"1";"Vente";"130000.0";"25.0";"None";"RUE HEROLD";"3235";"06000";"06088";"Nice";"06";"None";"None";"06088000KY0162";"None";"None";"134";"23.11";"46";"nan";"None";"nan";"None";"None";"None";"None";"2";"3";"Dépendance";"nan";"0.0";"None";"None";"None";"None";"nan";"7.258351";"43.700062";"000KY"
"2021-62521";"2021-07-12";"1";"Vente";"193000.0";"47.0";"None";"RUE ROSSINI";"5600";"06000";"06088";"Nice";"06";"None";"None";"06088000KY0141";"None";"None";"6";"nan";"None";"nan";"None";"nan";"None";"None";"None";"None";"1";"2";"Appartement";"31.0";"1.0";"None";"None";"None";"None";"nan";"7.259788";"43.700429";"000KY"
"2021-62931";"2021-07-09";"1";"Vente";"150000.0";"4.0";"None";"RUE HEROLD";"3235";"06000";"06088";"Nice";"06";"None";"None";"06088000KY0236";"None";"None";"40";"nan";"65";"45.7";"None";"nan";"None";"None";"None";"None";"2";"2";"Appartement";"45.0";"1.0";"None";"None";"None";"None";"nan";"7.258454";"43.698638";"000KY"
"2021-62931";"2021-07-09";"1";"Vente";"150000.0";"4.0";"None";"RUE HEROLD";"3235";"06000";"06088";"Nice";"06";"None";"None";"06088000KY0236";"None";"None";"40";"nan";"65";"45.7";"None";"nan";"None";"None";"None";"None";"2";"3";"Dépendance";"nan";"0.0";"None";"None";"None";"None";"nan";"7.258454";"43.698638";"000KY"
"2021-62931";"2021-07-09";"1";"Vente";"150000.0";"4.0";"None";"RUE HEROLD";"3235";"06000";"06088";"Nice";"06";"None";"None";"06088000KY0236";"None";"None";"40";"nan";"65";"45.7";"None";"nan";"None";"None";"None";"None";"2";"3";"Dépendance";"nan";"0.0";"None";"None";"None";"None";"nan";"7.258454";"43.698638";"000KY"
"2021-62090";"2021-07-08";"1";"Vente";"187000.0";"15.0";"None";"RUE BERLIOZ";"0790";"06000";"06088";"Nice";"06";"None";"None";"06088000KY0151";"None";"None";"40";"40.62";"None";"nan";"None";"nan";"None";"None";"None";"None";"1";"2";"Appartement";"40.0";"2.0";"None";"None";"None";"None";"nan";"7.259012";"43.699965";"000KY"
"2021-62648";"2021-07-08";"1";"Vente";"288000.0";"4.0";"None";"RUE HEROLD";"3235";"06000";"06088";"Nice";"06";"None";"None";"06088000KY0236";"None";"None";"22";"nan";"None";"nan";"None";"nan";"None";"None";"None";"None";"1";"2";"Appartement";"65.0";"2.0";"None";"None";"None";"None";"nan";"7.258454";"43.698638";"000KY"
"2021-62648";"2021-07-08";"1";"Vente";"288000.0";"4.0";"None";"RUE HEROLD";"3235";"06000";"06088";"Nice";"06";"None";"None";"06088000KY0236";"None";"None";"62";"86.59";"None";"nan";"None";"nan";"None";"None";"None";"None";"1";"2";"Appartement";"88.0";"4.0";"None";"None";"None";"None";"nan";"7.258454";"43.698638";"000KY"
"2021-62648";"2021-07-08";"1";"Vente";"288000.0";"4.0";"None";"RUE HEROLD";"3235";"06000";"06088";"Nice";"06";"None";"None";"06088000KY0236";"None";"None";"22";"nan";"None";"nan";"None";"nan";"None";"None";"None";"None";"1";"3";"Dépendance";"nan";"0.0";"None";"None";"None";"None";"nan";"7.258454";"43.698638";"000KY"
"2021-62648";"2021-07-08";"1";"Vente";"288000.0";"4.0";"None";"RUE HEROLD";"3235";"06000";"06088";"Nice";"06";"None";"None";"06088000KY0236";"None";"None";"22";"nan";"None";"nan";"None";"nan";"None";"None";"None";"None";"1";"3";"Dépendance";"nan";"0.0";"None";"None";"None";"None";"nan";"7.258454";"43.698638";"000KY"
"2021-62648";"2021-07-08";"1";"Vente";"288000.0";"4.0";"None";"RUE HEROLD";"3235";"06000";"06088";"Nice";"06";"None";"None";"06088000KY0236";"None";"None";"1";"nan";"None";"nan";"None";"nan";"None";"None";"None";"None";"1";"3";"Dépendance";"nan";"0.0";"None";"None";"None";"None";"nan";"7.258454";"43.698638";"000KY"
"2021-62648";"2021-07-08";"1";"Vente";"288000.0";"4.0";"None";"RUE HEROLD";"3235";"06000";"06088";"Nice";"06";"None";"None";"06088000KY0236";"None";"None";"62";"86.59";"None";"nan";"None";"nan";"None";"None";"None";"None";"1";"3";"Dépendance";"nan";"0.0";"None";"None";"None";"None";"nan";"7.258454";"43.698638";"000KY"
"2021-63552";"2021-07-06";"1";"Vente";"108000.0";"6.0";"None";"RUE HEROLD";"3235";"06000";"06088";"Nice";"06";"None";"None";"06088000KY0235";"None";"None";"25";"18.86";"None";"nan";"None";"nan";"None";"None";"None";"None";"1";"2";"Appartement";"20.0";"1.0";"None";"None";"None";"None";"nan";"7.258484";"43.698894";"000KY"
"2021-62599";"2021-07-05";"1";"Vente";"75000.0";"7.0";"None";"RUE BERLIOZ";"0790";"06000";"06088";"Nice";"06";"None";"None";"06088000KY0226";"None";"None";"3";"15.04";"None";"nan";"None";"nan";"None";"None";"None";"None";"1";"2";"Appartement";"14.0";"1.0";"None";"None";"None";"None";"nan";"7.258967";"43.699296";"000KY"
"2021-62789";"2021-07-01";"1";"Vente";"4000.0";"2.0";"None";"RUE BEETHOVEN";"0712";"06000";"06088";"Nice";"06";"None";"None";"06088000KY0111";"None";"None";"31";"nan";"None";"nan";"None";"nan";"None";"None";"None";"None";"1";"3";"Dépendance";"nan";"0.0";"None";"None";"None";"None";"nan";"7.262166";"43.701101";"000KY"
"2021-62788";"2021-06-30";"1";"Vente";"102500.0";"22.0";"None";"RUE GOUNOD";"2985";"06000";"06088";"Nice";"06";"None";"None";"06088000KY0096";"None";"None";"30";"nan";"None";"nan";"None";"nan";"None";"None";"None";"None";"1";"3";"Dépendance";"nan";"0.0";"None";"None";"None";"None";"nan";"7.260725";"43.700674";"000KY"
"2021-62788";"2021-06-30";"1";"Vente";"102500.0";"22.0";"None";"RUE GOUNOD";"2985";"06000";"06088";"Nice";"06";"None";"None";"06088000KY0096";"None";"None";"31";"nan";"None";"nan";"None";"nan";"None";"None";"None";"None";"1";"3";"Dépendance";"nan";"0.0";"None";"None";"None";"None";"nan";"7.260725";"43.700674";"000KY"
"2021-63099";"2021-06-30";"1";"Vente";"247800.0";"50.0";"None";"BD VICTOR HUGO";"6655";"06000";"06088";"Nice";"06";"None";"None";"06088000KY0244";"None";"None";"150";"nan";"None";"nan";"None";"nan";"None";"None";"None";"None";"1";"4";"Local industriel. commercial ou assimilé";"13.0";"0.0";"None";"None";"None";"None";"nan";"7.259365";"43.698542";"000KY"
"2021-63099";"2021-06-30";"1";"Vente";"247800.0";"50.0";"None";"BD VICTOR HUGO";"6655";"06000";"06088";"Nice";"06";"None";"None";"06088000KY0244";"None";"None";"226";"31.17";"70";"nan";"None";"nan";"None";"None";"None";"None";"2";"4";"Local industriel. commercial ou assimilé";"30.0";"0.0";"None";"None";"None";"None";"nan";"7.259365";"43.698542";"000KY"
"2021-61517";"2021-06-29";"1";"Vente";"345000.0";"4.0";"None";"RUE HEROLD";"3235";"06000";"06088";"Nice";"06";"None";"None";"06088000KY0236";"None";"None";"35";"nan";"63";"53.65";"None";"nan";"None";"None";"None";"None";"2";"2";"Appartement";"52.0";"2.0";"None";"None";"None";"None";"nan";"7.258454";"43.698638";"000KY"
"2021-62154";"2021-06-29";"1";"Vente";"154000.0";"24.0";"None";"RUE HEROLD";"3235";"06000";"06088";"Nice";"06";"None";"None";"06088000KY0158";"None";"None";"235";"nan";"236";"nan";"None";"nan";"None";"None";"None";"None";"2";"2";"Appartement";"32.0";"2.0";"None";"None";"None";"None";"nan";"7.258773";"43.700099";"000KY"
"2021-61517";"2021-06-29";"1";"Vente";"345000.0";"4.0";"None";"RUE HEROLD";"3235";"06000";"06088";"Nice";"06";"None";"None";"06088000KY0236";"None";"None";"35";"nan";"63";"53.65";"None";"nan";"None";"None";"None";"None";"2";"3";"Dépendance";"nan";"0.0";"None";"None";"None";"None";"nan";"7.258454";"43.698638";"000KY"
"2021-61517";"2021-06-29";"1";"Vente";"345000.0";"4.0";"None";"RUE HEROLD";"3235";"06000";"06088";"Nice";"06";"None";"None";"06088000KY0236";"None";"None";"35";"nan";"63";"53.65";"None";"nan";"None";"None";"None";"None";"2";"3";"Dépendance";"nan";"0.0";"None";"None";"None";"None";"nan";"7.258454";"43.698638";"000KY"
"2021-61149";"2021-06-28";"1";"Vente";"280000.0";"65.0";"None";"RUE ROSSINI";"5600";"06000";"06088";"Nice";"06";"None";"None";"06088000KY0185";"None";"None";"17";"nan";"36";"38.47";"None";"nan";"None";"None";"None";"None";"2";"2";"Appartement";"40.0";"2.0";"None";"None";"None";"None";"nan";"7.257344";"43.700691";"000KY"
"2021-61406";"2021-06-28";"1";"Vente";"233500.0";"35.0";"None";"AV G CLEMENCEAU";"2880";"06000";"06088";"Nice";"06";"None";"None";"06088000KY0107";"None";"None";"113";"39.02";"32";"nan";"None";"nan";"None";"None";"None";"None";"2";"2";"Appartement";"39.0";"2.0";"None";"None";"None";"None";"nan";"7.261966";"43.701457";"000KY"
"2021-61149";"2021-06-28";"1";"Vente";"280000.0";"65.0";"None";"RUE ROSSINI";"5600";"06000";"06088";"Nice";"06";"None";"None";"06088000KY0185";"None";"None";"17";"nan";"36";"38.47";"None";"nan";"None";"None";"None";"None";"2";"3";"Dépendance";"nan";"0.0";"None";"None";"None";"None";"nan";"7.257344";"43.700691";"000KY"
"2021-61149";"2021-06-28";"1";"Vente";"280000.0";"65.0";"None";"RUE ROSSINI";"5600";"06000";"06088";"Nice";"06";"None";"None";"06088000KY0185";"None";"None";"17";"nan";"36";"38.47";"None";"nan";"None";"None";"None";"None";"2";"3";"Dépendance";"nan";"0.0";"None";"None";"None";"None";"nan";"7.257344";"43.700691";"000KY"
"2021-61406";"2021-06-28";"1";"Vente";"233500.0";"35.0";"None";"AV G CLEMENCEAU";"2880";"06000";"06088";"Nice";"06";"None";"None";"06088000KY0107";"None";"None";"113";"39.02";"32";"nan";"None";"nan";"None";"None";"None";"None";"2";"3";"Dépendance";"nan";"0.0";"None";"None";"None";"None";"nan";"7.261966";"43.701457";"000KY"
"2021-61140";"2021-06-25";"1";"Vente";"285000.0";"12.0";"None";"RUE VERDI";"6620";"06000";"06088";"Nice";"06";"None";"None";"06088000KY0129";"None";"None";"24";"59.47";"4";"nan";"None";"nan";"None";"None";"None";"None";"2";"2";"Appartement";"58.0";"2.0";"None";"None";"None";"None";"nan";"7.260878";"43.699787";"000KY"
"2021-61351";"2021-06-25";"1";"Vente";"535000.0";"46.0";"None";"BD GAMBETTA";"2755";"06000";"06088";"Nice";"06";"None";"None";"06088000KY0294";"None";"None";"101";"nan";"117";"nan";"None";"nan";"None";"None";"None";"None";"2";"2";"Appartement";"87.0";"4.0";"None";"None";"None";"None";"nan";"7.256492";"43.700513";"000KY"
"2021-62873";"2021-06-25";"1";"Vente";"440000.0";"25.0";"None";"RUE GOUNOD";"2985";"06000";"06088";"Nice";"06";"None";"None";"06088000KY0070";"None";"None";"46";"77.44";"None";"nan";"None";"nan";"None";"None";"None";"None";"1";"2";"Appartement";"65.0";"3.0";"None";"None";"None";"None";"nan";"7.260341";"43.701072";"000KY"
"2021-61140";"2021-06-25";"1";"Vente";"285000.0";"12.0";"None";"RUE VERDI";"6620";"06000";"06088";"Nice";"06";"None";"None";"06088000KY0129";"None";"None";"24";"59.47";"4";"nan";"None";"nan";"None";"None";"None";"None";"2";"3";"Dépendance";"nan";"0.0";"None";"None";"None";"None";"nan";"7.260878";"43.699787";"000KY"
"2021-62873";"2021-06-25";"1";"Vente";"440000.0";"25.0";"None";"RUE GOUNOD";"2985";"06000";"06088";"Nice";"06";"None";"None";"06088000KY0070";"None";"None";"46";"77.44";"None";"nan";"None";"nan";"None";"None";"None";"None";"1";"3";"Dépendance";"nan";"0.0";"None";"None";"None";"None";"nan";"7.260341";"43.701072";"000KY"
"2021-61824";"2021-06-24";"1";"Vente";"340000.0";"28.0";"None";"RUE GUIGLIA";"3090";"06000";"06088";"Nice";"06";"None";"None";"06088000KY0032";"None";"None";"13";"72.1";"None";"nan";"None";"nan";"None";"None";"None";"None";"1";"2";"Appartement";"73.0";"3.0";"None";"None";"None";"None";"nan";"7.258195";"43.701343";"000KY"
"2021-61824";"2021-06-24";"1";"Vente";"340000.0";"28.0";"None";"RUE GUIGLIA";"3090";"06000";"06088";"Nice";"06";"None";"None";"06088000KY0032";"None";"None";"13";"72.1";"None";"nan";"None";"nan";"None";"None";"None";"None";"1";"3";"Dépendance";"nan";"0.0";"None";"None";"None";"None";"nan";"7.258195";"43.701343";"000KY"
"2021-61824";"2021-06-24";"1";"Vente";"340000.0";"32.0";"None";"RUE GUIGLIA";"3090";"06000";"06088";"Nice";"06";"None";"None";"06088000KY0036";"None";"None";"14";"nan";"None";"nan";"None";"nan";"None";"None";"None";"None";"1";"3";"Dépendance";"nan";"0.0";"None";"None";"None";"None";"nan";"7.258264";"43.701645";"000KY"
"2021-62763";"2021-06-24";"1";"Vente";"43750.0";"29.0";"None";"RUE GUIGLIA";"3090";"06000";"06088";"Nice";"06";"None";"None";"06088000KY0020";"None";"None";"29";"nan";"None";"nan";"None";"nan";"None";"None";"None";"None";"1";"3";"Dépendance";"nan";"0.0";"None";"None";"None";"None";"nan";"7.257751";"43.701499";"000KY"
"2021-61669";"2021-06-21";"1";"Vente";"131550.0";"6.0";"None";"RUE HEROLD";"3235";"06000";"06088";"Nice";"06";"None";"None";"06088000KY0235";"None";"None";"1";"19.0";"None";"nan";"None";"nan";"None";"None";"None";"None";"1";"1";"Maison";"18.0";"1.0";"None";"None";"None";"None";"nan";"7.258484";"43.698894";"000KY"
"2021-62823";"2021-06-17";"1";"Vente";"270000.0";"44.0";"None";"BD GAMBETTA";"2755";"06000";"06088";"Nice";"06";"None";"None";"06088000KY0294";"None";"None";"214";"nan";"309";"nan";"None";"nan";"None";"None";"None";"None";"2";"2";"Appartement";"74.0";"4.0";"None";"None";"None";"None";"nan";"7.256492";"43.700513";"000KY"
"2021-62823";"2021-06-17";"1";"Vente";"270000.0";"44.0";"None";"BD GAMBETTA";"2755";"06000";"06088";"Nice";"06";"None";"None";"06088000KY0294";"None";"None";"214";"nan";"309";"nan";"None";"nan";"None";"None";"None";"None";"2";"3";"Dépendance";"nan";"0.0";"None";"None";"None";"None";"nan";"7.256492";"43.700513";"000KY"
"2021-61212";"2021-06-16";"1";"Vente";"125000.0";"25.0";"None";"RUE HEROLD";"3235";"06000";"06088";"Nice";"06";"None";"None";"06088000KY0162";"None";"None";"10";"nan";"141";"21.03";"None";"nan";"None";"None";"None";"None";"2";"2";"Appartement";"20.0";"1.0";"None";"None";"None";"None";"nan";"7.258351";"43.700062";"000KY"
"2021-61212";"2021-06-16";"1";"Vente";"125000.0";"25.0";"None";"RUE HEROLD";"3235";"06000";"06088";"Nice";"06";"None";"None";"06088000KY0162";"None";"None";"10";"nan";"141";"21.03";"None";"nan";"None";"None";"None";"None";"2";"3";"Dépendance";"nan";"0.0";"None";"None";"None";"None";"nan";"7.258351";"43.700062";"000KY"
"2021-60801";"2021-06-15";"1";"Vente";"417457.0";"14.0";"None";"RUE GOUNOD";"2985";"06000";"06088";"Nice";"06";"None";"None";"06088000KY0132";"None";"None";"12";"nan";"27";"73.39";"None";"nan";"None";"None";"None";"None";"2";"2";"Appartement";"74.0";"3.0";"None";"None";"None";"None";"nan";"7.260585";"43.699849";"000KY"
"2021-61051";"2021-06-15";"1";"Vente";"420000.0";"44.0";"None";"BD GAMBETTA";"2755";"06000";"06088";"Nice";"06";"None";"None";"06088000KY0294";"None";"None";"208";"118.61";"None";"nan";"None";"nan";"None";"None";"None";"None";"1";"2";"Appartement";"120.0";"4.0";"None";"None";"None";"None";"nan";"7.256492";"43.700513";"000KY"
"2021-61160";"2021-06-15";"1";"Vente";"135000.0";"44.0";"None";"RUE ROSSINI";"5600";"06000";"06088";"Nice";"06";"None";"None";"06088000KY0027";"None";"None";"82";"28.65";"None";"nan";"None";"nan";"None";"None";"None";"None";"1";"2";"Appartement";"35.0";"2.0";"None";"None";"None";"None";"nan";"7.258248";"43.701081";"000KY"
"2021-61180";"2021-06-15";"1";"Vente";"315000.0";"2.0";"B";"RUE VERDI";"6620";"06000";"06088";"Nice";"06";"None";"None";"06088000KY0119";"None";"None";"16";"nan";"2";"nan";"None";"nan";"None";"None";"None";"None";"2";"2";"Appartement";"48.0";"2.0";"None";"None";"None";"None";"nan";"7.261928";"43.699845";"000KY"
"2021-61592";"2021-06-15";"1";"Vente";"375250.0";"19.0";"None";"RUE BERLIOZ";"0790";"06000";"06088";"Nice";"06";"None";"None";"06088000KY0153";"None";"None";"19";"nan";"49";"76.44";"None";"nan";"None";"None";"None";"None";"2";"2";"Appartement";"70.0";"3.0";"None";"None";"None";"None";"nan";"7.259081";"43.700268";"000KY"
"2021-60801";"2021-06-15";"1";"Vente";"417457.0";"14.0";"None";"RUE GOUNOD";"2985";"06000";"06088";"Nice";"06";"None";"None";"06088000KY0132";"None";"None";"12";"nan";"27";"73.39";"None";"nan";"None";"None";"None";"None";"2";"3";"Dépendance";"nan";"0.0";"None";"None";"None";"None";"nan";"7.260585";"43.699849";"000KY"
"2021-61051";"2021-06-15";"1";"Vente";"420000.0";"44.0";"None";"BD GAMBETTA";"2755";"06000";"06088";"Nice";"06";"None";"None";"06088000KY0294";"None";"None";"208";"118.61";"None";"nan";"None";"nan";"None";"None";"None";"None";"1";"3";"Dépendance";"nan";"0.0";"None";"None";"None";"None";"nan";"7.256492";"43.700513";"000KY"
"2021-61180";"2021-06-15";"1";"Vente";"315000.0";"2.0";"B";"RUE VERDI";"6620";"06000";"06088";"Nice";"06";"None";"None";"06088000KY0119";"None";"None";"16";"nan";"2";"nan";"None";"nan";"None";"None";"None";"None";"2";"3";"Dépendance";"nan";"0.0";"None";"None";"None";"None";"nan";"7.261928";"43.699845";"000KY"
"2021-61592";"2021-06-15";"1";"Vente";"375250.0";"19.0";"None";"RUE BERLIOZ";"0790";"06000";"06088";"Nice";"06";"None";"None";"06088000KY0153";"None";"None";"65";"nan";"None";"nan";"None";"nan";"None";"None";"None";"None";"1";"3";"Dépendance";"nan";"0.0";"None";"None";"None";"None";"nan";"7.259081";"43.700268";"000KY"
"2021-61592";"2021-06-15";"1";"Vente";"375250.0";"19.0";"None";"RUE BERLIOZ";"0790";"06000";"06088";"Nice";"06";"None";"None";"06088000KY0153";"None";"None";"19";"nan";"49";"76.44";"None";"nan";"None";"None";"None";"None";"2";"3";"Dépendance";"nan";"0.0";"None";"None";"None";"None";"nan";"7.259081";"43.700268";"000KY"
"2021-61592";"2021-06-15";"1";"Vente";"375250.0";"19.0";"None";"RUE BERLIOZ";"0790";"06000";"06088";"Nice";"06";"None";"None";"06088000KY0153";"None";"None";"63";"nan";"None";"nan";"None";"nan";"None";"None";"None";"None";"1";"3";"Dépendance";"nan";"0.0";"None";"None";"None";"None";"nan";"7.259081";"43.700268";"000KY"
"2021-61592";"2021-06-15";"1";"Vente";"375250.0";"19.0";"None";"RUE BERLIOZ";"0790";"06000";"06088";"Nice";"06";"None";"None";"06088000KY0153";"None";"None";"68";"nan";"None";"nan";"None";"nan";"None";"None";"None";"None";"1";"3";"Dépendance";"nan";"0.0";"None";"None";"None";"None";"nan";"7.259081";"43.700268";"000KY"
"2021-61027";"2021-06-14";"1";"Vente";"184000.0";"32.0";"None";"RUE BERLIOZ";"0790";"06000";"06088";"Nice";"06";"None";"None";"06088000KY0076";"None";"None";"50";"nan";"94";"nan";"None";"nan";"None";"None";"None";"None";"2";"2";"Appartement";"33.0";"1.0";"None";"None";"None";"None";"nan";"7.259888";"43.701741";"000KY"
"2021-61027";"2021-06-14";"1";"Vente";"184000.0";"32.0";"None";"RUE BERLIOZ";"0790";"06000";"06088";"Nice";"06";"None";"None";"06088000KY0076";"None";"None";"50";"nan";"94";"nan";"None";"nan";"None";"None";"None";"None";"2";"3";"Dépendance";"nan";"0.0";"None";"None";"None";"None";"nan";"7.259888";"43.701741";"000KY"
"2021-61255";"2021-06-11";"1";"Vente";"197000.0";"37.0";"None";"RUE HEROLD";"3235";"06000";"06088";"Nice";"06";"None";"None";"06088000KY0030";"None";"None";"10";"nan";"None";"nan";"None";"nan";"None";"None";"None";"None";"1";"2";"Appartement";"40.0";"1.0";"None";"None";"None";"None";"nan";"7.258525";"43.701077";"000KY"
"2021-61606";"2021-06-11";"1";"Vente";"173090.38";"10.0";"None";"RUE VERDI";"6620";"06000";"06088";"Nice";"06";"None";"None";"06088000KY0123";"None";"None";"93";"27.04";"None";"nan";"None";"nan";"None";"None";"None";"None";"1";"2";"Appartement";"27.0";"2.0";"None";"None";"None";"None";"nan";"7.261199";"43.69974";"000KY"
"2021-72315";"2021-06-11";"1";"Vente";"225000.0";"32.0";"None";"BD GAMBETTA";"2755";"06000";"06088";"Nice";"06";"None";"None";"06088000KY0211";"None";"None";"38";"nan";"None";"nan";"None";"nan";"None";"None";"None";"None";"1";"2";"Appartement";"66.0";"2.0";"None";"None";"None";"None";"nan";"7.256557";"43.69891";"000KY"
"2021-61196";"2021-06-11";"1";"Vente";"77200.0";"4.0";"B";"AV EMILIA";"2260";"06000";"06088";"Nice";"06";"None";"None";"06088000KY0276";"None";"None";"None";"nan";"None";"nan";"None";"nan";"None";"None";"None";"None";"0";"3";"Dépendance";"nan";"0.0";"S";"sols";"None";"None";"21.0";"7.256692";"43.699085";"000KY"
"2021-61255";"2021-06-11";"1";"Vente";"197000.0";"37.0";"None";"RUE HEROLD";"3235";"06000";"06088";"Nice";"06";"None";"None";"06088000KY0030";"None";"None";"10";"nan";"None";"nan";"None";"nan";"None";"None";"None";"None";"1";"3";"Dépendance";"nan";"0.0";"None";"None";"None";"None";"nan";"7.258525";"43.701077";"000KY"
"2021-61581";"2021-06-11";"1";"Vente";"35000.0";"36.0";"None";"RUE HEROLD";"3235";"06000";"06088";"Nice";"06";"None";"None";"06088000KY0057";"None";"None";"51";"nan";"None";"nan";"None";"nan";"None";"None";"None";"None";"1";"3";"Dépendance";"nan";"0.0";"None";"None";"None";"None";"nan";"7.259139";"43.700904";"000KY"
"2021-72315";"2021-06-11";"1";"Vente";"225000.0";"32.0";"None";"BD GAMBETTA";"2755";"06000";"06088";"Nice";"06";"None";"None";"06088000KY0211";"None";"None";"38";"nan";"None";"nan";"None";"nan";"None";"None";"None";"None";"1";"3";"Dépendance";"nan";"0.0";"None";"None";"None";"None";"nan";"7.256557";"43.69891";"000KY"
"2021-60782";"2021-06-10";"1";"Vente";"70000.0";"20.0";"None";"RUE HEROLD";"3235";"06000";"06088";"Nice";"06";"None";"None";"06088000KY0159";"None";"None";"49";"14.45";"None";"nan";"None";"nan";"None";"None";"None";"None";"1";"2";"Appartement";"15.0";"1.0";"None";"None";"None";"None";"nan";"7.258684";"43.699913";"000KY"
"2021-60792";"2021-06-10";"1";"Vente";"361000.0";"48.0";"None";"RUE HEROLD";"3235";"06000";"06088";"Nice";"06";"None";"None";"06088000KY0044";"None";"None";"33";"56.92";"6";"nan";"None";"nan";"None";"None";"None";"None";"2";"2";"Appartement";"45.0";"3.0";"None";"None";"None";"None";"nan";"7.259165";"43.70163";"000KY"
"2021-61379";"2021-06-10";"1";"Vente";"480000.0";"16.0";"None";"RUE VERDI";"6620";"06000";"06088";"Nice";"06";"None";"None";"06088000KY0131";"None";"None";"12";"nan";"34";"106.92";"None";"nan";"None";"None";"None";"None";"2";"2";"Appartement";"110.0";"3.0";"None";"None";"None";"None";"nan";"7.260538";"43.699765";"000KY"
"2021-60792";"2021-06-10";"1";"Vente";"361000.0";"48.0";"None";"RUE HEROLD";"3235";"06000";"06088";"Nice";"06";"None";"None";"06088000KY0044";"None";"None";"33";"56.92";"6";"nan";"None";"nan";"None";"None";"None";"None";"2";"3";"Dépendance";"nan";"0.0";"None";"None";"None";"None";"nan";"7.259165";"43.70163";"000KY"
"2021-60792";"2021-06-10";"1";"Vente";"361000.0";"48.0";"None";"RUE HEROLD";"3235";"06000";"06088";"Nice";"06";"None";"None";"06088000KY0044";"None";"None";"33";"56.92";"6";"nan";"None";"nan";"None";"None";"None";"None";"2";"3";"Dépendance";"nan";"0.0";"None";"None";"None";"None";"nan";"7.259165";"43.70163";"000KY"
"2021-61379";"2021-06-10";"1";"Vente";"480000.0";"16.0";"None";"RUE VERDI";"6620";"06000";"06088";"Nice";"06";"None";"None";"06088000KY0131";"None";"None";"12";"nan";"34";"106.92";"None";"nan";"None";"None";"None";"None";"2";"3";"Dépendance";"nan";"0.0";"None";"None";"None";"None";"nan";"7.260538";"43.699765";"000KY"
"2021-61195";"2021-06-10";"1";"Vente";"550000.0";"48.0";"None";"BD VICTOR HUGO";"6655";"06000";"06088";"Nice";"06";"None";"None";"06088000KY0261";"None";"None";"5";"nan";"None";"nan";"None";"nan";"None";"None";"None";"None";"1";"4";"Local industriel. commercial ou assimilé";"200.0";"0.0";"None";"None";"None";"None";"nan";"7.260265";"43.698698";"000KY"
"2021-60283";"2021-06-07";"1";"Vente";"477000.0";"51.0";"None";"RUE ROSSINI";"5600";"06000";"06088";"Nice";"06";"None";"None";"06088000KY0155";"None";"None";"13";"nan";"33";"nan";"None";"nan";"None";"None";"None";"None";"2";"2";"Appartement";"85.0";"3.0";"None";"None";"None";"None";"nan";"7.258936";"43.70048";"000KY"
"2021-60618";"2021-06-07";"1";"Vente";"259000.0";"43.0";"None";"AV G CLEMENCEAU";"2880";"06000";"06088";"Nice";"06";"None";"None";"06088000KY0082";"None";"None";"17";"61.56";"26";"nan";"None";"nan";"None";"None";"None";"None";"2";"2";"Appartement";"54.0";"2.0";"None";"None";"None";"None";"nan";"7.260322";"43.701743";"000KY"
"2021-60283";"2021-06-07";"1";"Vente";"477000.0";"36.0";"None";"RUE HEROLD";"3235";"06000";"06088";"Nice";"06";"None";"None";"06088000KY0057";"None";"None";"32";"nan";"None";"nan";"None";"nan";"None";"None";"None";"None";"1";"3";"Dépendance";"nan";"0.0";"None";"None";"None";"None";"nan";"7.259139";"43.700904";"000KY"
"2021-60283";"2021-06-07";"1";"Vente";"477000.0";"51.0";"None";"RUE ROSSINI";"5600";"06000";"06088";"Nice";"06";"None";"None";"06088000KY0155";"None";"None";"13";"nan";"33";"nan";"None";"nan";"None";"None";"None";"None";"2";"3";"Dépendance";"nan";"0.0";"None";"None";"None";"None";"nan";"7.258936";"43.70048";"000KY"
"2021-60283";"2021-06-07";"1";"Vente";"477000.0";"51.0";"None";"RUE ROSSINI";"5600";"06000";"06088";"Nice";"06";"None";"None";"06088000KY0155";"None";"None";"50";"nan";"None";"nan";"None";"nan";"None";"None";"None";"None";"1";"3";"Dépendance";"nan";"0.0";"None";"None";"None";"None";"nan";"7.258936";"43.70048";"000KY"
"2021-60618";"2021-06-07";"1";"Vente";"259000.0";"43.0";"None";"AV G CLEMENCEAU";"2880";"06000";"06088";"Nice";"06";"None";"None";"06088000KY0082";"None";"None";"17";"61.56";"26";"nan";"None";"nan";"None";"None";"None";"None";"2";"3";"Dépendance";"nan";"0.0";"None";"None";"None";"None";"nan";"7.260322";"43.701743";"000KY"
"2021-59910";"2021-06-03";"1";"Vente";"140525.0";"48.0";"None";"RUE HEROLD";"3235";"06000";"06088";"Nice";"06";"None";"None";"06088000KY0044";"None";"None";"20";"24.04";"None";"nan";"None";"nan";"None";"None";"None";"None";"1";"2";"Appartement";"24.0";"1.0";"None";"None";"None";"None";"nan";"7.259165";"43.70163";"000KY"
"2021-59913";"2021-06-03";"1";"Vente";"255525.0";"42.0";"None";"RUE VERDI";"6620";"06000";"06088";"Nice";"06";"None";"None";"06088000KY0316";"None";"None";"52";"62.77";"None";"nan";"None";"nan";"None";"None";"None";"None";"1";"2";"Appartement";"62.0";"2.0";"None";"None";"None";"None";"nan";"7.256852";"43.699911";"000KY"
"2021-60504";"2021-06-03";"1";"Vente";"440000.0";"51.0";"None";"RUE ROSSINI";"5600";"06000";"06088";"Nice";"06";"None";"None";"06088000KY0155";"None";"None";"31";"73.52";"None";"nan";"None";"nan";"None";"None";"None";"None";"1";"2";"Appartement";"72.0";"4.0";"None";"None";"None";"None";"nan";"7.258936";"43.70048";"000KY"
"2021-62138";"2021-06-03";"1";"Vente";"452000.0";"7.0";"None";"AV BAQUIS";"0545";"06000";"06088";"Nice";"06";"None";"None";"06088000KY0269";"None";"None";"143";"nan";"None";"nan";"None";"nan";"None";"None";"None";"None";"1";"2";"Appartement";"115.0";"5.0";"None";"None";"None";"None";"nan";"7.261862";"43.699265";"000KY"
"2021-60504";"2021-06-03";"1";"Vente";"440000.0";"51.0";"None";"RUE ROSSINI";"5600";"06000";"06088";"Nice";"06";"None";"None";"06088000KY0155";"None";"None";"39";"nan";"None";"nan";"None";"nan";"None";"None";"None";"None";"1";"3";"Dépendance";"nan";"0.0";"None";"None";"None";"None";"nan";"7.258936";"43.70048";"000KY"
"2021-60504";"2021-06-03";"1";"Vente";"440000.0";"51.0";"None";"RUE ROSSINI";"5600";"06000";"06088";"Nice";"06";"None";"None";"06088000KY0155";"None";"None";"31";"73.52";"None";"nan";"None";"nan";"None";"None";"None";"None";"1";"3";"Dépendance";"nan";"0.0";"None";"None";"None";"None";"nan";"7.258936";"43.70048";"000KY"
"2021-60395";"2021-06-02";"1";"Vente";"280000.0";"4.0";"None";"RUE HEROLD";"3235";"06000";"06088";"Nice";"06";"None";"None";"06088000KY0236";"None";"None";"26";"nan";"None";"nan";"None";"nan";"None";"None";"None";"None";"1";"2";"Appartement";"88.0";"4.0";"None";"None";"None";"None";"nan";"7.258454";"43.698638";"000KY"
"2021-60395";"2021-06-02";"1";"Vente";"280000.0";"4.0";"None";"RUE HEROLD";"3235";"06000";"06088";"Nice";"06";"None";"None";"06088000KY0236";"None";"None";"57";"75.08";"None";"nan";"None";"nan";"None";"None";"None";"None";"1";"2";"Appartement";"74.0";"3.0";"None";"None";"None";"None";"nan";"7.258454";"43.698638";"000KY"
"2021-60477";"2021-06-02";"1";"Vente";"452000.0";"51.0";"None";"RUE ROSSINI";"5600";"06000";"06088";"Nice";"06";"None";"None";"06088000KY0155";"None";"None";"12";"nan";"35";"nan";"None";"nan";"None";"None";"None";"None";"2";"2";"Appartement";"72.0";"3.0";"None";"None";"None";"None";"nan";"7.258936";"43.70048";"000KY"
"2021-60395";"2021-06-02";"1";"Vente";"280000.0";"4.0";"None";"RUE HEROLD";"3235";"06000";"06088";"Nice";"06";"None";"None";"06088000KY0236";"None";"None";"57";"75.08";"None";"nan";"None";"nan";"None";"None";"None";"None";"1";"3";"Dépendance";"nan";"0.0";"None";"None";"None";"None";"nan";"7.258454";"43.698638";"000KY"
"2021-60395";"2021-06-02";"1";"Vente";"280000.0";"4.0";"None";"RUE HEROLD";"3235";"06000";"06088";"Nice";"06";"None";"None";"06088000KY0236";"None";"None";"57";"75.08";"None";"nan";"None";"nan";"None";"None";"None";"None";"1";"3";"Dépendance";"nan";"0.0";"None";"None";"None";"None";"nan";"7.258454";"43.698638";"000KY"
"2021-60395";"2021-06-02";"1";"Vente";"280000.0";"4.0";"None";"RUE HEROLD";"3235";"06000";"06088";"Nice";"06";"None";"None";"06088000KY0236";"None";"None";"26";"nan";"None";"nan";"None";"nan";"None";"None";"None";"None";"1";"3";"Dépendance";"nan";"0.0";"None";"None";"None";"None";"nan";"7.258454";"43.698638";"000KY"
"2021-60395";"2021-06-02";"1";"Vente";"280000.0";"4.0";"None";"RUE HEROLD";"3235";"06000";"06088";"Nice";"06";"None";"None";"06088000KY0236";"None";"None";"26";"nan";"None";"nan";"None";"nan";"None";"None";"None";"None";"1";"3";"Dépendance";"nan";"0.0";"None";"None";"None";"None";"nan";"7.258454";"43.698638";"000KY"
"2021-60463";"2021-06-02";"1";"Vente";"40000.0";"4.0";"None";"RUE HEROLD";"3235";"06000";"06088";"Nice";"06";"None";"None";"06088000KY0236";"None";"None";"13";"nan";"None";"nan";"None";"nan";"None";"None";"None";"None";"1";"3";"Dépendance";"nan";"0.0";"None";"None";"None";"None";"nan";"7.258454";"43.698638";"000KY"
"2021-60477";"2021-06-02";"1";"Vente";"452000.0";"51.0";"None";"RUE ROSSINI";"5600";"06000";"06088";"Nice";"06";"None";"None";"06088000KY0155";"None";"None";"12";"nan";"35";"nan";"None";"nan";"None";"None";"None";"None";"2";"3";"Dépendance";"nan";"0.0";"None";"None";"None";"None";"nan";"7.258936";"43.70048";"000KY"
"2021-60477";"2021-06-02";"1";"Vente";"452000.0";"51.0";"None";"RUE ROSSINI";"5600";"06000";"06088";"Nice";"06";"None";"None";"06088000KY0155";"None";"None";"38";"nan";"None";"nan";"None";"nan";"None";"None";"None";"None";"1";"3";"Dépendance";"nan";"0.0";"None";"None";"None";"None";"nan";"7.258936";"43.70048";"000KY"
"2021-60205";"2021-06-01";"1";"Vente";"98000.0";"62.0";"None";"BD GAMBETTA";"2755";"06000";"06088";"Nice";"06";"None";"None";"06088000KY0001";"None";"None";"105";"nan";"26";"47.19";"None";"nan";"None";"None";"None";"None";"2";"2";"Appartement";"47.0";"2.0";"None";"None";"None";"None";"nan";"7.256638";"43.701528";"000KY"
"2021-60205";"2021-06-01";"1";"Vente";"98000.0";"62.0";"None";"BD GAMBETTA";"2755";"06000";"06088";"Nice";"06";"None";"None";"06088000KY0001";"None";"None";"105";"nan";"26";"47.19";"None";"nan";"None";"None";"None";"None";"2";"3";"Dépendance";"nan";"0.0";"None";"None";"None";"None";"nan";"7.256638";"43.701528";"000KY"
"2021-60531";"2021-05-31";"1";"Vente";"140500.0";"19.0";"None";"RUE GOUNOD";"2985";"06000";"06088";"Nice";"06";"None";"None";"06088000KY0313";"None";"None";"36";"34.04";"None";"nan";"None";"nan";"None";"None";"None";"None";"1";"2";"Appartement";"23.0";"2.0";"None";"None";"None";"None";"nan";"7.260284";"43.700785";"000KY"
"2021-59947";"2021-05-28";"1";"Vente";"190000.0";"34.0";"None";"RUE GUIGLIA";"3090";"06000";"06088";"Nice";"06";"None";"None";"06088000KY0037";"None";"None";"64";"nan";"7";"nan";"None";"nan";"None";"None";"None";"None";"2";"2";"Appartement";"62.0";"2.0";"None";"None";"None";"None";"nan";"7.258223";"43.701904";"000KY"
"2021-59757";"2021-05-28";"1";"Vente";"300000.0";"18.0";"None";"RUE GOUNOD";"2985";"06000";"06088";"Nice";"06";"None";"None";"06088000KY0128";"None";"None";"2";"104.05";"None";"nan";"None";"nan";"None";"None";"None";"None";"1";"3";"Dépendance";"nan";"0.0";"None";"None";"None";"None";"nan";"7.260809";"43.700029";"000KY"
"2021-59947";"2021-05-28";"1";"Vente";"190000.0";"34.0";"None";"RUE GUIGLIA";"3090";"06000";"06088";"Nice";"06";"None";"None";"06088000KY0037";"None";"None";"64";"nan";"7";"nan";"None";"nan";"None";"None";"None";"None";"2";"3";"Dépendance";"nan";"0.0";"None";"None";"None";"None";"nan";"7.258223";"43.701904";"000KY"
"2021-59757";"2021-05-28";"1";"Vente";"300000.0";"18.0";"None";"RUE GOUNOD";"2985";"06000";"06088";"Nice";"06";"None";"None";"06088000KY0128";"None";"None";"2";"104.05";"None";"nan";"None";"nan";"None";"None";"None";"None";"1";"4";"Local industriel. commercial ou assimilé";"95.0";"0.0";"None";"None";"None";"None";"nan";"7.260809";"43.700029";"000KY"
"2021-60474";"2021-05-27";"1";"Vente";"38000.0";"4.0";"None";"RUE HEROLD";"3235";"06000";"06088";"Nice";"06";"None";"None";"06088000KY0236";"None";"None";"16";"nan";"None";"nan";"None";"nan";"None";"None";"None";"None";"1";"3";"Dépendance";"nan";"0.0";"None";"None";"None";"None";"nan";"7.258454";"43.698638";"000KY"
"2021-59842";"2021-05-25";"1";"Vente";"600400.0";"2.0";"B";"RUE VERDI";"6620";"06000";"06088";"Nice";"06";"None";"None";"06088000KY0119";"None";"None";"14";"nan";"28";"85.55";"None";"nan";"None";"None";"None";"None";"2";"2";"Appartement";"86.0";"4.0";"None";"None";"None";"None";"nan";"7.261928";"43.699845";"000KY"
"2021-60150";"2021-05-25";"1";"Vente";"203000.0";"71.0";"None";"RUE ROSSINI";"5600";"06000";"06088";"Nice";"06";"None";"None";"06088000KY0188";"None";"None";"37";"46.57";"42";"nan";"None";"nan";"None";"None";"None";"None";"2";"2";"Appartement";"45.0";"1.0";"None";"None";"None";"None";"nan";"7.25664";"43.700802";"000KY"
"2021-60150";"2021-05-25";"1";"Vente";"203000.0";"71.0";"None";"RUE ROSSINI";"5600";"06000";"06088";"Nice";"06";"None";"None";"06088000KY0188";"None";"None";"37";"46.57";"42";"nan";"None";"nan";"None";"None";"None";"None";"2";"3";"Dépendance";"nan";"0.0";"None";"None";"None";"None";"nan";"7.25664";"43.700802";"000KY"
"2021-60979";"2021-05-25";"1";"Vente en l'état futur d'achèvement";"200000.0";"nan";"None";"RUE VERDI";"6620";"06000";"06088";"Nice";"06";"None";"None";"06088000KY0224";"None";"None";"18";"nan";"None";"nan";"None";"nan";"None";"None";"None";"None";"1";"None";"None";"nan";"nan";"None";"None";"None";"None";"nan";"7.258826";"43.699408";"000KY"
"2021-60071";"2021-05-21";"1";"Vente";"262500.0";"40.0";"None";"BD GAMBETTA";"2755";"06000";"06088";"Nice";"06";"None";"None";"06088000KY0193";"None";"None";"116";"nan";"27";"52.71";"None";"nan";"None";"None";"None";"None";"2";"2";"Appartement";"54.0";"2.0";"None";"None";"None";"None";"nan";"7.256559";"43.700111";"000KY"
"2021-60071";"2021-05-21";"1";"Vente";"262500.0";"40.0";"None";"BD GAMBETTA";"2755";"06000";"06088";"Nice";"06";"None";"None";"06088000KY0193";"None";"None";"116";"nan";"27";"52.71";"None";"nan";"None";"None";"None";"None";"2";"3";"Dépendance";"nan";"0.0";"None";"None";"None";"None";"nan";"7.256559";"43.700111";"000KY"
"2021-60163";"2021-05-20";"1";"Vente";"127000.0";"10.0";"None";"RUE VERDI";"6620";"06000";"06088";"Nice";"06";"None";"None";"06088000KY0123";"None";"None";"60";"24.1";"None";"nan";"None";"nan";"None";"None";"None";"None";"1";"2";"Appartement";"23.0";"1.0";"None";"None";"None";"None";"nan";"7.261199";"43.69974";"000KY"
"2021-60257";"2021-05-20";"1";"Vente";"425000.0";"1.0";"B";"RUE BERLIOZ";"0790";"06000";"06088";"Nice";"06";"None";"None";"06088000KY0241";"None";"None";"15";"71.99";"37";"nan";"None";"nan";"None";"None";"None";"None";"2";"2";"Appartement";"75.0";"3.0";"None";"None";"None";"None";"nan";"7.258899";"43.698604";"000KY"
"2021-60257";"2021-05-20";"1";"Vente";"425000.0";"1.0";"B";"RUE BERLIOZ";"0790";"06000";"06088";"Nice";"06";"None";"None";"06088000KY0241";"None";"None";"15";"71.99";"37";"nan";"None";"nan";"None";"None";"None";"None";"2";"3";"Dépendance";"nan";"0.0";"None";"None";"None";"None";"nan";"7.258899";"43.698604";"000KY"
"2021-59914";"2021-05-18";"1";"Vente";"250000.0";"9.0";"None";"RUE AMIRAL DE GRASSE";"0170";"06000";"06088";"Nice";"06";"None";"None";"06088000KY0006";"None";"None";"16";"75.21";"32";"nan";"None";"nan";"None";"None";"None";"None";"2";"2";"Appartement";"72.0";"3.0";"None";"None";"None";"None";"nan";"7.256913";"43.701572";"000KY"
"2021-60811";"2021-05-18";"1";"Vente";"274000.0";"26.0";"None";"RUE ROSSINI";"5600";"06000";"06088";"Nice";"06";"None";"None";"06088000KY0313";"None";"None";"34";"40.52";"None";"nan";"None";"nan";"None";"None";"None";"None";"1";"2";"Appartement";"42.0";"2.0";"None";"None";"None";"None";"nan";"7.260284";"43.700785";"000KY"
"2021-59179";"2021-05-12";"1";"Vente";"152770.0";"25.0";"None";"RUE HEROLD";"3235";"06000";"06088";"Nice";"06";"None";"None";"06088000KY0162";"None";"None";"148";"nan";"47";"nan";"None";"nan";"None";"None";"None";"None";"2";"2";"Appartement";"25.0";"1.0";"None";"None";"None";"None";"nan";"7.258351";"43.700062";"000KY"
"2021-59160";"2021-05-11";"1";"Vente";"85000.0";"40.0";"None";"RUE VERDI";"6620";"06000";"06088";"Nice";"06";"None";"None";"06088000KY0175";"None";"None";"74";"nan";"None";"nan";"None";"nan";"None";"None";"None";"None";"1";"3";"Dépendance";"nan";"0.0";"None";"None";"None";"None";"nan";"7.257211";"43.69987";"000KY"
"2021-58803";"2021-05-10";"1";"Vente";"3500.0";"59.0";"None";"RUE ROSSINI";"5600";"06000";"06088";"Nice";"06";"None";"None";"06088000KY0166";"None";"None";"11";"nan";"None";"nan";"None";"nan";"None";"None";"None";"None";"1";"2";"Appartement";"33.0";"1.0";"None";"None";"None";"None";"nan";"7.258158";"43.700614";"000KY"
"2021-58838";"2021-05-06";"1";"Vente";"35000.0";"42.0";"None";"RUE HEROLD";"3235";"06000";"06088";"Nice";"06";"None";"None";"06088000KY0054";"None";"None";"25";"nan";"None";"nan";"None";"nan";"None";"None";"None";"None";"1";"3";"Dépendance";"nan";"0.0";"None";"None";"None";"None";"nan";"7.259204";"43.701324";"000KY"
"2021-59066";"2021-05-06";"1";"Vente";"52000.0";"30.0";"None";"RUE GOUNOD";"2985";"06000";"06088";"Nice";"06";"None";"None";"06088000KY0095";"None";"None";"185";"nan";"None";"nan";"None";"nan";"None";"None";"None";"None";"1";"3";"Dépendance";"nan";"0.0";"None";"None";"None";"None";"nan";"7.261213";"43.701137";"000KY"
"2021-58593";"2021-05-05";"1";"Vente";"220000.0";"49.0";"None";"AV G CLEMENCEAU";"2880";"06000";"06088";"Nice";"06";"None";"None";"06088000KY0048";"None";"None";"18";"nan";"53";"nan";"None";"nan";"None";"None";"None";"None";"2";"2";"Appartement";"50.0";"2.0";"None";"None";"None";"None";"nan";"7.259409";"43.701856";"000KY"
"2021-59076";"2021-05-05";"1";"Vente";"260000.0";"32.0";"None";"RUE BERLIOZ";"0790";"06000";"06088";"Nice";"06";"None";"None";"06088000KY0076";"None";"None";"114";"57.73";"21";"nan";"None";"nan";"None";"None";"None";"None";"2";"2";"Appartement";"68.0";"2.0";"None";"None";"None";"None";"nan";"7.259888";"43.701741";"000KY"
"2021-59076";"2021-05-05";"1";"Vente";"260000.0";"32.0";"None";"RUE BERLIOZ";"0790";"06000";"06088";"Nice";"06";"None";"None";"06088000KY0076";"None";"None";"12";"nan";"None";"nan";"None";"nan";"None";"None";"None";"None";"1";"3";"Dépendance";"nan";"0.0";"None";"None";"None";"None";"nan";"7.259888";"43.701741";"000KY"
"2021-58279";"2021-04-29";"1";"Vente";"271000.0";"16.0";"None";"RUE AMIRAL DE GRASSE";"0170";"06000";"06088";"Nice";"06";"None";"None";"06088000KY0015";"None";"None";"103";"70.77";"None";"nan";"None";"nan";"None";"None";"None";"None";"1";"2";"Appartement";"84.0";"2.0";"None";"None";"None";"None";"nan";"7.257347";"43.701401";"000KY"
"2021-59188";"2021-04-29";"1";"Vente";"499600.0";"46.0";"None";"BD GAMBETTA";"2755";"06000";"06088";"Nice";"06";"None";"None";"06088000KY0294";"None";"None";"111";"nan";"125";"104.15";"None";"nan";"None";"None";"None";"None";"2";"2";"Appartement";"106.0";"4.0";"None";"None";"None";"None";"nan";"7.256492";"43.700513";"000KY"
"2021-58598";"2021-04-27";"1";"Vente";"93000.0";"16.0";"None";"RUE BERLIOZ";"0790";"06000";"06088";"Nice";"06";"None";"None";"06088000KY0312";"None";"None";"19";"nan";"None";"nan";"None";"nan";"None";"None";"None";"None";"1";"2";"Appartement";"18.0";"1.0";"None";"None";"None";"None";"nan";"7.259558";"43.699943";"000KY"
"2021-57997";"2021-04-26";"1";"Vente";"640000.0";"32.0";"None";"RUE ROSSINI";"5600";"06000";"06088";"Nice";"06";"None";"None";"06088000KY0064";"None";"None";"3";"nan";"30";"nan";"None";"nan";"None";"None";"None";"None";"2";"2";"Appartement";"128.0";"3.0";"None";"None";"None";"None";"nan";"7.259847";"43.700785";"000KY"
"2021-58405";"2021-04-26";"1";"Vente";"763000.0";"21.0";"None";"RUE VERDI";"6620";"06000";"06088";"Nice";"06";"None";"None";"06088000KY0253";"None";"None";"12";"nan";"18";"138.31";"31";"nan";"None";"None";"None";"None";"3";"2";"Appartement";"130.0";"5.0";"None";"None";"None";"None";"nan";"7.259472";"43.699409";"000KY"
"2021-58605";"2021-04-26";"1";"Vente";"242950.0";"26.0";"None";"RUE ROSSINI";"5600";"06000";"06088";"Nice";"06";"None";"None";"06088000KY0313";"None";"None";"24";"nan";"None";"nan";"None";"nan";"None";"None";"None";"None";"1";"2";"Appartement";"41.0";"2.0";"None";"None";"None";"None";"nan";"7.260284";"43.700785";"000KY"
"2021-58618";"2021-04-26";"1";"Vente";"146800.0";"5.0";"None";"RUE HEROLD";"3235";"06000";"06088";"Nice";"06";"None";"None";"06088000KY0291";"None";"None";"45";"32.16";"7";"nan";"None";"nan";"None";"None";"None";"None";"2";"2";"Appartement";"32.0";"1.0";"None";"None";"None";"None";"nan";"7.258093";"43.698739";"000KY"
"2021-58093";"2021-04-23";"1";"Vente";"315000.0";"25.0";"None";"RUE GOUNOD";"2985";"06000";"06088";"Nice";"06";"None";"None";"06088000KY0070";"None";"None";"31";"nan";"51";"64.9";"None";"nan";"None";"None";"None";"None";"2";"2";"Appartement";"55.0";"2.0";"None";"None";"None";"None";"nan";"7.260341";"43.701072";"000KY"
"2021-58200";"2021-04-23";"1";"Vente";"315000.0";"52.0";"None";"RUE ROSSINI";"5600";"06000";"06088";"Nice";"06";"None";"None";"06088000KY0024";"None";"None";"20";"62.88";"48";"nan";"None";"nan";"None";"None";"None";"None";"2";"2";"Appartement";"59.0";"2.0";"None";"None";"None";"None";"nan";"7.257306";"43.700971";"000KY"
"2021-58203";"2021-04-23";"1";"Vente";"99000.0";"25.0";"None";"RUE HEROLD";"3235";"06000";"06088";"Nice";"06";"None";"None";"06088000KY0162";"None";"None";"134";"21.95";"46";"nan";"None";"nan";"None";"None";"None";"None";"2";"2";"Appartement";"35.0";"1.0";"None";"None";"None";"None";"nan";"7.258351";"43.700062";"000KY"
"2021-58262";"2021-04-23";"1";"Vente";"345950.0";"36.0";"None";"RUE HEROLD";"3235";"06000";"06088";"Nice";"06";"None";"None";"06088000KY0057";"None";"None";"92";"64.34";"None";"nan";"None";"nan";"None";"None";"None";"None";"1";"2";"Appartement";"63.0";"3.0";"None";"None";"None";"None";"nan";"7.259139";"43.700904";"000KY"
"2021-58262";"2021-04-23";"1";"Vente";"345950.0";"36.0";"None";"RUE HEROLD";"3235";"06000";"06088";"Nice";"06";"None";"None";"06088000KY0057";"None";"None";"74";"nan";"None";"nan";"None";"nan";"None";"None";"None";"None";"1";"3";"Dépendance";"nan";"0.0";"None";"None";"None";"None";"nan";"7.259139";"43.700904";"000KY"
"2021-58062";"2021-04-22";"1";"Vente";"315000.0";"35.0";"None";"AV G CLEMENCEAU";"2880";"06000";"06088";"Nice";"06";"None";"None";"06088000KY0107";"None";"None";"41";"nan";"92";"78.63";"None";"nan";"None";"None";"None";"None";"2";"2";"Appartement";"72.0";"3.0";"None";"None";"None";"None";"nan";"7.261966";"43.701457";"000KY"
"2021-58076";"2021-04-22";"1";"Vente";"120000.0";"24.0";"None";"RUE HEROLD";"3235";"06000";"06088";"Nice";"06";"None";"None";"06088000KY0158";"None";"None";"218";"25.66";"None";"nan";"None";"nan";"None";"None";"None";"None";"1";"2";"Appartement";"14.0";"1.0";"None";"None";"None";"None";"nan";"7.258773";"43.700099";"000KY"
"2021-58076";"2021-04-22";"1";"Vente";"120000.0";"24.0";"None";"RUE HEROLD";"3235";"06000";"06088";"Nice";"06";"None";"None";"06088000KY0158";"None";"None";"219";"nan";"None";"nan";"None";"nan";"None";"None";"None";"None";"1";"2";"Appartement";"14.0";"1.0";"None";"None";"None";"None";"nan";"7.258773";"43.700099";"000KY"
"2021-58332";"2021-04-22";"1";"Vente";"96450.0";"20.0";"None";"RUE HEROLD";"3235";"06000";"06088";"Nice";"06";"None";"None";"06088000KY0159";"None";"None";"13";"13.4";"None";"nan";"None";"nan";"None";"None";"None";"None";"1";"2";"Appartement";"11.0";"1.0";"None";"None";"None";"None";"nan";"7.258684";"43.699913";"000KY"
"2021-58507";"2021-04-20";"1";"Vente";"25000.0";"2.0";"None";"PL FRANKLIN";"2650";"06000";"06088";"Nice";"06";"None";"None";"06088000KY0194";"None";"None";"33";"nan";"None";"nan";"None";"nan";"None";"None";"None";"None";"1";"3";"Dépendance";"nan";"0.0";"None";"None";"None";"None";"nan";"7.256473";"43.699896";"000KY"
"2021-57837";"2021-04-20";"1";"Vente";"60000.0";"16.0";"None";"RUE BERLIOZ";"0790";"06000";"06088";"Nice";"06";"None";"None";"06088000KY0312";"None";"None";"1";"19.0";"None";"nan";"None";"nan";"None";"None";"None";"None";"1";"4";"Local industriel. commercial ou assimilé";"19.0";"0.0";"None";"None";"None";"None";"nan";"7.259558";"43.699943";"000KY"
"2021-58381";"2021-04-19";"1";"Vente";"180000.0";"45.0";"None";"AV THIERS";"6400";"06000";"06088";"Nice";"06";"None";"None";"06088000KY0004";"None";"None";"115";"43.39";"None";"nan";"None";"nan";"None";"None";"None";"None";"1";"2";"Appartement";"43.0";"1.0";"None";"None";"None";"None";"nan";"7.257224";"43.701822";"000KY"
"2021-57744";"2021-04-16";"1";"Vente";"290000.0";"18.0";"None";"AV AUBER";"0425";"06000";"06088";"Nice";"06";"None";"None";"06088000KY0110";"None";"None";"75";"59.86";"None";"nan";"None";"nan";"None";"None";"None";"None";"1";"2";"Appartement";"57.0";"2.0";"None";"None";"None";"None";"nan";"7.261844";"43.701172";"000KY"
"2021-57787";"2021-04-16";"1";"Vente";"305000.0";"50.0";"None";"BD VICTOR HUGO";"6655";"06000";"06088";"Nice";"06";"None";"None";"06088000KY0244";"None";"None";"280";"nan";"None";"nan";"None";"nan";"None";"None";"None";"None";"1";"2";"Appartement";"50.0";"2.0";"None";"None";"None";"None";"nan";"7.259365";"43.698542";"000KY"
"2021-57744";"2021-04-16";"1";"Vente";"290000.0";"18.0";"None";"AV AUBER";"0425";"06000";"06088";"Nice";"06";"None";"None";"06088000KY0110";"None";"None";"42";"nan";"None";"nan";"None";"nan";"None";"None";"None";"None";"1";"3";"Dépendance";"nan";"0.0";"None";"None";"None";"None";"nan";"7.261844";"43.701172";"000KY"
"2021-57818";"2021-04-15";"1";"Vente";"227000.0";"71.0";"None";"RUE ROSSINI";"5600";"06000";"06088";"Nice";"06";"None";"None";"06088000KY0188";"None";"None";"32";"49.36";"48";"nan";"None";"nan";"None";"None";"None";"None";"2";"2";"Appartement";"60.0";"2.0";"None";"None";"None";"None";"nan";"7.25664";"43.700802";"000KY"
"2021-58015";"2021-04-15";"1";"Vente";"305200.0";"40.0";"None";"BD GAMBETTA";"2755";"06000";"06088";"Nice";"06";"None";"None";"06088000KY0193";"None";"None";"14";"51.84";"164";"nan";"None";"nan";"None";"None";"None";"None";"2";"2";"Appartement";"65.0";"2.0";"None";"None";"None";"None";"nan";"7.256559";"43.700111";"000KY"
"2021-58015";"2021-04-15";"1";"Vente";"305200.0";"40.0";"None";"BD GAMBETTA";"2755";"06000";"06088";"Nice";"06";"None";"None";"06088000KY0193";"None";"None";"164";"nan";"None";"nan";"None";"nan";"None";"None";"None";"None";"1";"3";"Dépendance";"nan";"0.0";"None";"None";"None";"None";"nan";"7.256559";"43.700111";"000KY"
"2021-57400";"2021-04-12";"1";"Vente";"126000.0";"62.0";"None";"BD GAMBETTA";"2755";"06000";"06088";"Nice";"06";"None";"None";"06088000KY0001";"None";"None";"124";"nan";"40";"25.05";"None";"nan";"None";"None";"None";"None";"2";"2";"Appartement";"24.0";"1.0";"None";"None";"None";"None";"nan";"7.256638";"43.701528";"000KY"
"2021-57262";"2021-04-06";"1";"Vente";"460000.0";"20.0";"None";"RUE VERDI";"6620";"06000";"06088";"Nice";"06";"None";"None";"06088000KY0134";"None";"None";"225";"80.4";"None";"nan";"None";"nan";"None";"None";"None";"None";"1";"2";"Appartement";"79.0";"3.0";"None";"None";"None";"None";"nan";"7.259955";"43.699817";"000KY"
"2021-57262";"2021-04-06";"1";"Vente";"460000.0";"20.0";"None";"RUE VERDI";"6620";"06000";"06088";"Nice";"06";"None";"None";"06088000KY0134";"None";"None";"165";"nan";"None";"nan";"None";"nan";"None";"None";"None";"None";"1";"3";"Dépendance";"nan";"0.0";"None";"None";"None";"None";"nan";"7.259955";"43.699817";"000KY"
"2021-56982";"2021-04-01";"1";"Vente";"50000.0";"43.0";"None";"AV G CLEMENCEAU";"2880";"06000";"06088";"Nice";"06";"None";"None";"06088000KY0082";"None";"None";"28";"nan";"9";"57.63";"None";"nan";"None";"None";"None";"None";"2";"2";"Appartement";"55.0";"2.0";"None";"None";"None";"None";"nan";"7.260322";"43.701743";"000KY"
"2021-56734";"2021-03-30";"1";"Vente";"262000.0";"40.0";"None";"BD GAMBETTA";"2755";"06000";"06088";"Nice";"06";"None";"None";"06088000KY0193";"None";"None";"65";"53.17";"None";"nan";"None";"nan";"None";"None";"None";"None";"1";"2";"Appartement";"62.0";"2.0";"None";"None";"None";"None";"nan";"7.256559";"43.700111";"000KY"
"2021-56734";"2021-03-30";"1";"Vente";"262000.0";"40.0";"None";"BD GAMBETTA";"2755";"06000";"06088";"Nice";"06";"None";"None";"06088000KY0193";"None";"None";"113";"nan";"None";"nan";"None";"nan";"None";"None";"None";"None";"1";"3";"Dépendance";"nan";"0.0";"None";"None";"None";"None";"nan";"7.256559";"43.700111";"000KY"
"2021-56643";"2021-03-29";"1";"Vente";"649700.0";"18.0";"None";"RUE GOUNOD";"2985";"06000";"06088";"Nice";"06";"None";"None";"06088000KY0128";"None";"None";"1";"155.9";"None";"nan";"None";"nan";"None";"None";"None";"None";"1";"2";"Appartement";"116.0";"3.0";"None";"None";"None";"None";"nan";"7.260809";"43.700029";"000KY"
"2021-56826";"2021-03-29";"1";"Vente";"80000.0";"nan";"None";"RUE TCHEKOV";"6318";"06000";"06088";"Nice";"06";"None";"None";"06088000KY0095";"None";"None";"297";"27.59";"None";"nan";"None";"nan";"None";"None";"None";"None";"1";"2";"Appartement";"28.0";"2.0";"None";"None";"None";"None";"nan";"7.261213";"43.701137";"000KY"
"2021-57019";"2021-03-29";"1";"Vente";"250000.0";"34.0";"None";"RUE ROSSINI";"5600";"06000";"06088";"Nice";"06";"None";"None";"06088000KY0060";"None";"None";"19";"41.89";"None";"nan";"None";"nan";"None";"None";"None";"None";"1";"2";"Appartement";"35.0";"2.0";"None";"None";"None";"None";"nan";"7.259672";"43.700808";"000KY"
"2021-57539";"2021-03-29";"1";"Vente";"262000.0";"32.0";"None";"RUE BERLIOZ";"0790";"06000";"06088";"Nice";"06";"None";"None";"06088000KY0076";"None";"None";"106";"57.16";"73";"nan";"None";"nan";"None";"None";"None";"None";"2";"2";"Appartement";"80.0";"2.0";"None";"None";"None";"None";"nan";"7.259888";"43.701741";"000KY"
"2021-56643";"2021-03-29";"1";"Vente";"649700.0";"18.0";"None";"RUE GOUNOD";"2985";"06000";"06088";"Nice";"06";"None";"None";"06088000KY0128";"None";"None";"1";"155.9";"None";"nan";"None";"nan";"None";"None";"None";"None";"1";"3";"Dépendance";"nan";"0.0";"None";"None";"None";"None";"nan";"7.260809";"43.700029";"000KY"
"2021-56560";"2021-03-22";"1";"Vente";"389000.0";"30.0";"None";"RUE GUIGLIA";"3090";"06000";"06088";"Nice";"06";"None";"None";"06088000KY0033";"None";"None";"12";"75.03";"18";"nan";"None";"nan";"None";"None";"None";"None";"2";"2";"Appartement";"78.0";"3.0";"None";"None";"None";"None";"nan";"7.258227";"43.701468";"000KY"
"2021-57150";"2021-03-19";"1";"Vente";"420000.0";"59.0";"None";"RUE ROSSINI";"5600";"06000";"06088";"Nice";"06";"None";"None";"06088000KY0166";"None";"None";"19";"nan";"66";"nan";"None";"nan";"None";"None";"None";"None";"2";"2";"Appartement";"90.0";"2.0";"None";"None";"None";"None";"nan";"7.258158";"43.700614";"000KY"
"2021-57101";"2021-03-19";"1";"Vente";"149000.0";"3.0";"B";"RUE BERLIOZ";"0790";"06000";"06088";"Nice";"06";"None";"None";"06088000KY0233";"None";"None";"1";"nan";"21";"30.51";"None";"nan";"None";"None";"None";"None";"2";"4";"Local industriel. commercial ou assimilé";"30.0";"0.0";"None";"None";"None";"None";"nan";"7.25893";"43.6989";"000KY"
"2021-57338";"2021-03-19";"1";"Vente";"372000.0";"1.0";"B";"AV DURANTE";"2125";"06000";"06088";"Nice";"06";"None";"None";"06088000KY0109";"None";"None";"13";"97.07";"9";"nan";"None";"nan";"None";"None";"None";"None";"2";"4";"Local industriel. commercial ou assimilé";"95.0";"0.0";"None";"None";"None";"None";"nan";"7.262151";"43.701241";"000KY"
"2021-56484";"2021-03-18";"1";"Vente";"38000.0";"32.0";"None";"RUE GUIGLIA";"3090";"06000";"06088";"Nice";"06";"None";"None";"06088000KY0036";"None";"None";"11";"nan";"None";"nan";"None";"nan";"None";"None";"None";"None";"1";"3";"Dépendance";"nan";"0.0";"None";"None";"None";"None";"nan";"7.258264";"43.701645";"000KY"
"2021-56359";"2021-03-17";"1";"Vente";"45500.0";"22.0";"None";"RUE HEROLD";"3235";"06000";"06088";"Nice";"06";"None";"None";"06088000KY0158";"None";"None";"110";"nan";"None";"nan";"None";"nan";"None";"None";"None";"None";"1";"3";"Dépendance";"nan";"0.0";"None";"None";"None";"None";"nan";"7.258773";"43.700099";"000KY"
"2021-56942";"2021-03-16";"1";"Vente";"1000.0";"13.0";"None";"AV AUBER";"0425";"06000";"06088";"Nice";"06";"None";"None";"06088000KY0103";"None";"None";"12";"nan";"None";"nan";"None";"nan";"None";"None";"None";"None";"1";"3";"Dépendance";"nan";"0.0";"None";"None";"None";"None";"nan";"7.261328";"43.700711";"000KY"
"2021-56540";"2021-03-15";"1";"Vente";"325000.0";"20.0";"None";"RUE AMIRAL DE GRASSE";"0170";"06000";"06088";"Nice";"06";"None";"None";"06088000KY0016";"None";"None";"117";"62.52";"34";"nan";"None";"nan";"None";"None";"None";"None";"2";"2";"Appartement";"79.0";"2.0";"None";"None";"None";"None";"nan";"7.257669";"43.701702";"000KY"
"2021-55891";"2021-03-12";"1";"Vente";"270600.0";"31.0";"None";"RUE GUIGLIA";"3090";"06000";"06088";"Nice";"06";"None";"None";"06088000KY0019";"None";"None";"20";"59.17";"3";"nan";"None";"nan";"None";"None";"None";"None";"2";"2";"Appartement";"60.0";"2.0";"None";"None";"None";"None";"nan";"7.257818";"43.701846";"000KY"
"2021-55778";"2021-03-12";"1";"Vente";"38000.0";"30.0";"None";"RUE GOUNOD";"2985";"06000";"06088";"Nice";"06";"None";"None";"06088000KY0095";"None";"None";"198";"nan";"None";"nan";"None";"nan";"None";"None";"None";"None";"1";"3";"Dépendance";"nan";"0.0";"None";"None";"None";"None";"nan";"7.261213";"43.701137";"000KY"
"2021-56016";"2021-03-10";"1";"Vente";"79000.0";"22.0";"None";"RUE HEROLD";"3235";"06000";"06088";"Nice";"06";"None";"None";"06088000KY0158";"None";"None";"131";"nan";"None";"nan";"None";"nan";"None";"None";"None";"None";"1";"2";"Appartement";"14.0";"1.0";"None";"None";"None";"None";"nan";"7.258773";"43.700099";"000KY"
"2021-56296";"2021-03-10";"1";"Vente";"235000.0";"59.0";"None";"RUE ROSSINI";"5600";"06000";"06088";"Nice";"06";"None";"None";"06088000KY0166";"None";"None";"28";"nan";"49";"54.0";"None";"nan";"None";"None";"None";"None";"2";"2";"Appartement";"53.0";"2.0";"None";"None";"None";"None";"nan";"7.258158";"43.700614";"000KY"
"2021-56464";"2021-03-10";"1";"Vente";"180000.0";"25.0";"None";"RUE HEROLD";"3235";"06000";"06088";"Nice";"06";"None";"None";"06088000KY0162";"None";"None";"115";"nan";"64";"nan";"None";"nan";"None";"None";"None";"None";"2";"2";"Appartement";"57.0";"2.0";"None";"None";"None";"None";"nan";"7.258351";"43.700062";"000KY"
"2021-55725";"2021-03-08";"1";"Vente";"392000.0";"21.0";"None";"RUE BERLIOZ";"0790";"06000";"06088";"Nice";"06";"None";"None";"06088000KY0154";"None";"None";"15";"86.8";"None";"nan";"None";"nan";"None";"None";"None";"None";"1";"2";"Appartement";"87.0";"4.0";"None";"None";"None";"None";"nan";"7.259122";"43.700442";"000KY"
"2021-55725";"2021-03-08";"1";"Vente";"392000.0";"21.0";"None";"RUE BERLIOZ";"0790";"06000";"06088";"Nice";"06";"None";"None";"06088000KY0154";"None";"None";"15";"86.8";"None";"nan";"None";"nan";"None";"None";"None";"None";"1";"3";"Dépendance";"nan";"0.0";"None";"None";"None";"None";"nan";"7.259122";"43.700442";"000KY"
"2021-55802";"2021-03-01";"1";"Vente";"79000.0";"41.0";"None";"AV G CLEMENCEAU";"2880";"06000";"06088";"Nice";"06";"None";"None";"06088000KY0083";"None";"None";"43";"nan";"None";"nan";"None";"nan";"None";"None";"None";"None";"1";"2";"Appartement";"15.0";"0.0";"None";"None";"None";"None";"nan";"7.260537";"43.70166";"000KY"
"2021-55253";"2021-02-26";"1";"Vente";"185000.0";"44.0";"None";"BD GAMBETTA";"2755";"06000";"06088";"Nice";"06";"None";"None";"06088000KY0294";"None";"None";"310";"46.33";"None";"nan";"None";"nan";"None";"None";"None";"None";"1";"2";"Appartement";"49.0";"3.0";"None";"None";"None";"None";"nan";"7.256492";"43.700513";"000KY"
"2021-55900";"2021-02-26";"1";"Vente";"555000.0";"52.0";"None";"BD VICTOR HUGO";"6655";"06000";"06088";"Nice";"06";"None";"None";"06088000KY0238";"None";"None";"16";"nan";"42";"nan";"None";"nan";"None";"None";"None";"None";"2";"2";"Appartement";"113.0";"2.0";"None";"None";"None";"None";"nan";"7.258649";"43.698342";"000KY"
"2021-55418";"2021-02-25";"1";"Vente";"583675.0";"28.0";"None";"RUE VERDI";"6620";"06000";"06088";"Nice";"06";"None";"None";"06088000KY0160";"None";"None";"43";"nan";"62";"115.04";"77";"nan";"None";"None";"None";"None";"3";"2";"Appartement";"108.0";"5.0";"None";"None";"None";"None";"nan";"7.258671";"43.699791";"000KY"
"2021-55644";"2021-02-25";"1";"Vente";"210000.0";"43.0";"None";"AV THIERS";"6400";"06000";"06088";"Nice";"06";"None";"None";"06088000KY0004";"None";"None";"26";"nan";"92";"67.35";"None";"nan";"None";"None";"None";"None";"2";"2";"Appartement";"68.0";"3.0";"None";"None";"None";"None";"nan";"7.257224";"43.701822";"000KY"
"2021-55271";"2021-02-22";"1";"Vente";"170530.0";"32.0";"None";"RUE VERDI";"6620";"06000";"06088";"Nice";"06";"None";"None";"06088000KY0161";"None";"None";"23";"nan";"None";"nan";"None";"nan";"None";"None";"None";"None";"1";"2";"Appartement";"39.0";"1.0";"None";"None";"None";"None";"nan";"7.258345";"43.699817";"000KY"
"2021-55598";"2021-02-19";"1";"Vente";"360000.0";"10.0";"None";"RUE VERDI";"6620";"06000";"06088";"Nice";"06";"None";"None";"06088000KY0123";"None";"None";"117";"nan";"73";"66.86";"None";"nan";"None";"None";"None";"None";"2";"2";"Appartement";"66.0";"3.0";"None";"None";"None";"None";"nan";"7.261199";"43.69974";"000KY"
"2021-54855";"2021-02-18";"1";"Vente";"288750.0";"12.0";"None";"AV AUBER";"0425";"06000";"06088";"Nice";"06";"None";"None";"06088000KY0122";"None";"None";"6";"65.82";"61";"nan";"None";"nan";"None";"None";"None";"None";"2";"2";"Appartement";"69.0";"3.0";"None";"None";"None";"None";"nan";"7.261671";"43.700007";"000KY"
"2021-54855";"2021-02-18";"1";"Vente";"288750.0";"12.0";"None";"AV AUBER";"0425";"06000";"06088";"Nice";"06";"None";"None";"06088000KY0122";"None";"None";"38";"nan";"None";"nan";"None";"nan";"None";"None";"None";"None";"1";"3";"Dépendance";"nan";"0.0";"None";"None";"None";"None";"nan";"7.261671";"43.700007";"000KY"
"2021-55814";"2021-02-17";"1";"Vente";"340000.0";"26.0";"None";"RUE VERDI";"6620";"06000";"06088";"Nice";"06";"None";"None";"06088000KY0323";"None";"None";"20";"80.37";"None";"nan";"None";"nan";"None";"None";"None";"None";"1";"2";"Appartement";"79.0";"3.0";"None";"None";"None";"None";"nan";"7.258913";"43.699791";"000KY"
"2021-55910";"2021-02-17";"1";"Vente";"137850.0";"18.0";"None";"RUE GUIGLIA";"3090";"06000";"06088";"Nice";"06";"None";"None";"06088000KY0167";"None";"None";"45";"17.23";"46";"nan";"None";"nan";"None";"None";"None";"None";"2";"2";"Appartement";"28.0";"1.0";"None";"None";"None";"None";"nan";"7.258148";"43.700464";"000KY"
"2021-55849";"2021-02-15";"1";"Vente";"73000.0";"9.0";"None";"RUE VERDI";"6620";"06000";"06088";"Nice";"06";"None";"None";"06088000KY0265";"None";"None";"35";"18.97";"None";"nan";"None";"nan";"None";"None";"None";"None";"1";"2";"Appartement";"19.0";"1.0";"None";"None";"None";"None";"nan";"7.260908";"43.699323";"000KY"
"2021-55148";"2021-02-12";"1";"Vente";"172000.0";"51.0";"None";"RUE ROSSINI";"5600";"06000";"06088";"Nice";"06";"None";"None";"06088000KY0155";"None";"None";"25";"74.19";"None";"nan";"None";"nan";"None";"None";"None";"None";"1";"2";"Appartement";"80.0";"4.0";"None";"None";"None";"None";"nan";"7.258936";"43.70048";"000KY"
"2021-55148";"2021-02-12";"1";"Vente";"172000.0";"51.0";"None";"RUE ROSSINI";"5600";"06000";"06088";"Nice";"06";"None";"None";"06088000KY0155";"None";"None";"42";"nan";"None";"nan";"None";"nan";"None";"None";"None";"None";"1";"3";"Dépendance";"nan";"0.0";"None";"None";"None";"None";"nan";"7.258936";"43.70048";"000KY"
"2021-55097";"2021-02-11";"1";"Vente";"1234950.0";"35.0";"None";"RUE ROSSINI";"5600";"06000";"06088";"Nice";"06";"None";"None";"06088000KY0125";"None";"None";"22";"189.96";"None";"nan";"None";"nan";"None";"None";"None";"None";"1";"2";"Appartement";"202.0";"7.0";"None";"None";"None";"None";"nan";"7.261133";"43.700265";"000KY"
"2021-54928";"2021-02-10";"1";"Vente";"164680.0";"25.0";"None";"RUE BERLIOZ";"0790";"06000";"06088";"Nice";"06";"None";"None";"06088000KY0057";"None";"None";"148";"34.13";"None";"nan";"None";"nan";"None";"None";"None";"None";"1";"2";"Appartement";"34.0";"1.0";"None";"None";"None";"None";"nan";"7.259139";"43.700904";"000KY"
"2021-55107";"2021-02-10";"1";"Vente";"451000.0";"19.0";"None";"RUE BERLIOZ";"0790";"06000";"06088";"Nice";"06";"None";"None";"06088000KY0153";"None";"None";"17";"nan";"26";"nan";"None";"nan";"None";"None";"None";"None";"2";"2";"Appartement";"82.0";"4.0";"None";"None";"None";"None";"nan";"7.259081";"43.700268";"000KY"
"2021-55107";"2021-02-10";"1";"Vente";"451000.0";"19.0";"None";"RUE BERLIOZ";"0790";"06000";"06088";"Nice";"06";"None";"None";"06088000KY0153";"None";"None";"61";"nan";"62";"nan";"None";"nan";"None";"None";"None";"None";"2";"3";"Dépendance";"nan";"0.0";"None";"None";"None";"None";"nan";"7.259081";"43.700268";"000KY"
"2021-54531";"2021-02-08";"1";"Vente";"162000.0";"48.0";"None";"RUE ROSSINI";"5600";"06000";"06088";"Nice";"06";"None";"None";"06088000KY0026";"None";"None";"21";"30.03";"52";"nan";"None";"nan";"None";"None";"None";"None";"2";"2";"Appartement";"30.0";"1.0";"None";"None";"None";"None";"nan";"7.257719";"43.700987";"000KY"
"2021-55022";"2021-02-08";"1";"Vente";"122200.0";"40.0";"None";"BD GAMBETTA";"2755";"06000";"06088";"Nice";"06";"None";"None";"06088000KY0193";"None";"None";"11";"nan";"None";"nan";"None";"nan";"None";"None";"None";"None";"1";"2";"Appartement";"37.0";"1.0";"None";"None";"None";"None";"nan";"7.256559";"43.700111";"000KY"
"2021-55026";"2021-02-08";"1";"Vente";"249000.0";"49.0";"None";"AV G CLEMENCEAU";"2880";"06000";"06088";"Nice";"06";"None";"None";"06088000KY0048";"None";"None";"21";"nan";"54";"45.86";"None";"nan";"None";"None";"None";"None";"2";"2";"Appartement";"43.0";"2.0";"None";"None";"None";"None";"nan";"7.259409";"43.701856";"000KY"
"2021-55026";"2021-02-08";"1";"Vente";"249000.0";"62.0";"None";"BD GAMBETTA";"2755";"06000";"06088";"Nice";"06";"None";"None";"06088000KY0001";"None";"None";"181";"nan";"None";"nan";"None";"nan";"None";"None";"None";"None";"1";"3";"Dépendance";"nan";"0.0";"None";"None";"None";"None";"nan";"7.256638";"43.701528";"000KY"
"2021-55084";"2021-02-08";"1";"Vente";"41000.0";"18.0";"None";"AV AUBER";"0425";"06000";"06088";"Nice";"06";"None";"None";"06088000KY0110";"None";"None";"119";"nan";"None";"nan";"None";"nan";"None";"None";"None";"None";"1";"3";"Dépendance";"nan";"0.0";"None";"None";"None";"None";"nan";"7.261844";"43.701172";"000KY"
"2021-54430";"2021-02-05";"1";"Vente";"220000.0";"36.0";"None";"RUE HEROLD";"3235";"06000";"06088";"Nice";"06";"None";"None";"06088000KY0057";"None";"None";"70";"nan";"None";"nan";"None";"nan";"None";"None";"None";"None";"1";"4";"Local industriel. commercial ou assimilé";"13.0";"0.0";"None";"None";"None";"None";"nan";"7.259139";"43.700904";"000KY"
"2021-54430";"2021-02-05";"1";"Vente";"220000.0";"36.0";"None";"RUE HEROLD";"3235";"06000";"06088";"Nice";"06";"None";"None";"06088000KY0057";"None";"None";"82";"43.5";"None";"nan";"None";"nan";"None";"None";"None";"None";"1";"4";"Local industriel. commercial ou assimilé";"60.0";"0.0";"None";"None";"None";"None";"nan";"7.259139";"43.700904";"000KY"
"2021-54425";"2021-02-04";"1";"Vente";"398600.0";"35.0";"None";"AV G CLEMENCEAU";"2880";"06000";"06088";"Nice";"06";"None";"None";"06088000KY0107";"None";"None";"108";"66.01";"33";"nan";"None";"nan";"None";"None";"None";"None";"2";"2";"Appartement";"84.0";"3.0";"None";"None";"None";"None";"nan";"7.261966";"43.701457";"000KY"
"2021-55295";"2021-02-04";"1";"Vente";"427500.0";"6.0";"None";"RUE GUIGLIA";"3090";"06000";"06088";"Nice";"06";"None";"None";"06088000KY0216";"None";"None";"21";"97.52";"3";"nan";"None";"nan";"None";"None";"None";"None";"2";"2";"Appartement";"90.0";"4.0";"None";"None";"None";"None";"nan";"7.258134";"43.69894";"000KY"
"2021-54782";"2021-02-03";"1";"Vente";"333500.0";"11.0";"None";"RUE GUIGLIA";"3090";"06000";"06088";"Nice";"06";"None";"None";"06088000KY0173";"None";"None";"42";"nan";"51";"69.48";"None";"nan";"None";"None";"None";"None";"2";"2";"Appartement";"68.0";"3.0";"None";"None";"None";"None";"nan";"7.257539";"43.699912";"000KY"
"2021-55034";"2021-02-03";"1";"Vente";"194000.0";"32.0";"None";"RUE VERDI";"6620";"06000";"06088";"Nice";"06";"None";"None";"06088000KY0161";"None";"None";"33";"38.58";"None";"nan";"None";"nan";"None";"None";"None";"None";"1";"2";"Appartement";"39.0";"1.0";"None";"None";"None";"None";"nan";"7.258345";"43.699817";"000KY"
"2021-54763";"2021-02-01";"1";"Vente";"309000.0";"54.0";"None";"RUE ROSSINI";"5600";"06000";"06088";"Nice";"06";"None";"None";"06088000KY0010";"None";"None";"10";"nan";"40";"76.66";"None";"nan";"None";"None";"None";"None";"2";"2";"Appartement";"88.0";"3.0";"None";"None";"None";"None";"nan";"7.257002";"43.701069";"000KY"
"2021-54042";"2021-01-29";"1";"Vente";"242625.0";"31.0";"None";"RUE GUIGLIA";"3090";"06000";"06088";"Nice";"06";"None";"None";"06088000KY0019";"None";"None";"21";"59.59";"8";"nan";"None";"nan";"None";"None";"None";"None";"2";"2";"Appartement";"60.0";"3.0";"None";"None";"None";"None";"nan";"7.257818";"43.701846";"000KY"
"2021-54046";"2021-01-29";"1";"Vente";"150000.0";"34.0";"None";"RUE ROSSINI";"5600";"06000";"06088";"Nice";"06";"None";"None";"06088000KY0060";"None";"None";"16";"nan";"None";"nan";"None";"nan";"None";"None";"None";"None";"1";"2";"Appartement";"44.0";"2.0";"None";"None";"None";"None";"nan";"7.259672";"43.700808";"000KY"
"2021-54062";"2021-01-29";"1";"Vente";"345000.0";"61.0";"None";"RUE ROSSINI";"5600";"06000";"06088";"Nice";"06";"None";"None";"06088000KY0183";"None";"None";"13";"nan";"40";"57.06";"None";"nan";"None";"None";"None";"None";"2";"2";"Appartement";"51.0";"2.0";"None";"None";"None";"None";"nan";"7.25771";"43.700642";"000KY"
"2021-54894";"2021-01-29";"1";"Vente";"305000.0";"9.0";"None";"RUE AMIRAL DE GRASSE";"0170";"06000";"06088";"Nice";"06";"None";"None";"06088000KY0006";"None";"None";"1";"63.02";"33";"nan";"None";"nan";"None";"None";"None";"None";"2";"2";"Appartement";"60.0";"3.0";"None";"None";"None";"None";"nan";"7.256913";"43.701572";"000KY"
"2021-54221";"2021-01-28";"1";"Vente";"208000.0";"34.0";"None";"RUE ROSSINI";"5600";"06000";"06088";"Nice";"06";"None";"None";"06088000KY0060";"None";"None";"10";"41.36";"None";"nan";"None";"nan";"None";"None";"None";"None";"1";"2";"Appartement";"46.0";"2.0";"None";"None";"None";"None";"nan";"7.259672";"43.700808";"000KY"
"2021-54026";"2021-01-27";"1";"Vente";"285000.0";"26.0";"None";"RUE GUIGLIA";"3090";"06000";"06088";"Nice";"06";"None";"None";"06088000KY0027";"None";"None";"144";"nan";"32";"61.24";"None";"nan";"None";"None";"None";"None";"2";"2";"Appartement";"66.0";"2.0";"None";"None";"None";"None";"nan";"7.258248";"43.701081";"000KY"
"2021-54859";"2021-01-26";"1";"Vente";"283000.0";"1.0";"T";"RUE BERLIOZ";"0790";"06000";"06088";"Nice";"06";"None";"None";"06088000KY0242";"None";"None";"76";"50.65";"None";"nan";"None";"nan";"None";"None";"None";"None";"1";"2";"Appartement";"48.0";"2.0";"None";"None";"None";"None";"nan";"7.258795";"43.698627";"000KY"
"2021-54860";"2021-01-26";"1";"Vente";"370000.0";"1.0";"T";"RUE BERLIOZ";"0790";"06000";"06088";"Nice";"06";"None";"None";"06088000KY0242";"None";"None";"76";"nan";"None";"nan";"None";"nan";"None";"None";"None";"None";"1";"2";"Appartement";"48.0";"2.0";"None";"None";"None";"None";"nan";"7.258795";"43.698627";"000KY"
"2021-53901";"2021-01-22";"1";"Vente";"134950.0";"43.0";"None";"AV THIERS";"6400";"06000";"06088";"Nice";"06";"None";"None";"06088000KY0004";"None";"None";"107";"40.58";"None";"nan";"None";"nan";"None";"None";"None";"None";"1";"2";"Appartement";"44.0";"1.0";"None";"None";"None";"None";"nan";"7.257224";"43.701822";"000KY"
"2021-54329";"2021-01-22";"1";"Vente";"32000.0";"31.0";"None";"RUE BERLIOZ";"0790";"06000";"06088";"Nice";"06";"None";"None";"06088000KY0055";"None";"None";"136";"nan";"None";"nan";"None";"nan";"None";"None";"None";"None";"1";"3";"Dépendance";"nan";"0.0";"None";"None";"None";"None";"nan";"7.259191";"43.701185";"000KY"
"2021-53945";"2021-01-22";"1";"Vente";"100000.0";"3.0";"None";"AV DURANTE";"2125";"06000";"06088";"Nice";"06";"None";"None";"06088000KY0108";"None";"None";"18";"24.06";"None";"nan";"None";"nan";"None";"None";"None";"None";"1";"4";"Local industriel. commercial ou assimilé";"24.0";"0.0";"None";"None";"None";"None";"nan";"7.26216";"43.701475";"000KY"
"2021-54827";"2021-01-22";"1";"Vente";"71000.0";"3.0";"None";"AV DURANTE";"2125";"06000";"06088";"Nice";"06";"None";"None";"06088000KY0108";"None";"None";"43";"18.39";"None";"nan";"None";"nan";"None";"None";"None";"None";"1";"4";"Local industriel. commercial ou assimilé";"18.0";"0.0";"None";"None";"None";"None";"nan";"7.26216";"43.701475";"000KY"
"2021-54147";"2021-01-21";"1";"Vente";"310000.0";"20.0";"None";"RUE VERDI";"6620";"06000";"06088";"Nice";"06";"None";"None";"06088000KY0134";"None";"None";"223";"53.51";"None";"nan";"None";"nan";"None";"None";"None";"None";"1";"2";"Appartement";"52.0";"2.0";"None";"None";"None";"None";"nan";"7.259955";"43.699817";"000KY"
"2021-54147";"2021-01-21";"1";"Vente";"310000.0";"20.0";"None";"RUE VERDI";"6620";"06000";"06088";"Nice";"06";"None";"None";"06088000KY0134";"None";"None";"186";"nan";"None";"nan";"None";"nan";"None";"None";"None";"None";"1";"3";"Dépendance";"nan";"0.0";"None";"None";"None";"None";"nan";"7.259955";"43.699817";"000KY"
"2021-53577";"2021-01-19";"1";"Vente";"202100.0";"61.0";"None";"RUE ROSSINI";"5600";"06000";"06088";"Nice";"06";"None";"None";"06088000KY0183";"None";"None";"24";"nan";"47";"49.25";"None";"nan";"None";"None";"None";"None";"2";"2";"Appartement";"50.0";"2.0";"None";"None";"None";"None";"nan";"7.25771";"43.700642";"000KY"
"2021-53503";"2021-01-19";"1";"Vente";"73000.0";"12.0";"None";"RUE AMIRAL DE GRASSE";"0170";"06000";"06088";"Nice";"06";"None";"None";"06088000KY0013";"None";"None";"16";"29.03";"None";"nan";"None";"nan";"None";"None";"None";"None";"1";"4";"Local industriel. commercial ou assimilé";"28.0";"0.0";"None";"None";"None";"None";"nan";"7.257103";"43.701286";"000KY"
"2021-53475";"2021-01-15";"1";"Vente";"169400.0";"54.0";"None";"BD GAMBETTA";"2755";"06000";"06088";"Nice";"06";"None";"None";"06088000KY0009";"None";"None";"55";"nan";"None";"nan";"None";"nan";"None";"None";"None";"None";"1";"2";"Appartement";"36.0";"2.0";"None";"None";"None";"None";"nan";"7.256462";"43.701093";"000KY"
"2021-53709";"2021-01-15";"1";"Vente";"300000.0";"62.0";"None";"BD GAMBETTA";"2755";"06000";"06088";"Nice";"06";"None";"None";"06088000KY0001";"None";"None";"80";"71.13";"None";"nan";"None";"nan";"None";"None";"None";"None";"1";"2";"Appartement";"67.0";"3.0";"None";"None";"None";"None";"nan";"7.256638";"43.701528";"000KY"
"2021-53752";"2021-01-15";"1";"Vente";"207000.0";"36.0";"None";"RUE HEROLD";"3235";"06000";"06088";"Nice";"06";"None";"None";"06088000KY0057";"None";"None";"93";"41.47";"None";"nan";"None";"nan";"None";"None";"None";"None";"1";"2";"Appartement";"41.0";"2.0";"None";"None";"None";"None";"nan";"7.259139";"43.700904";"000KY"
"2021-54646";"2021-01-15";"1";"Vente";"235000.0";"6.0";"None";"RUE HEROLD";"3235";"06000";"06088";"Nice";"06";"None";"None";"06088000KY0235";"None";"None";"18";"nan";"None";"nan";"None";"nan";"None";"None";"None";"None";"1";"2";"Appartement";"17.0";"1.0";"None";"None";"None";"None";"nan";"7.258484";"43.698894";"000KY"
"2021-53490";"2021-01-15";"1";"Vente";"40000.0";"36.0";"None";"RUE HEROLD";"3235";"06000";"06088";"Nice";"06";"None";"None";"06088000KY0057";"None";"None";"46";"nan";"None";"nan";"None";"nan";"None";"None";"None";"None";"1";"3";"Dépendance";"nan";"0.0";"None";"None";"None";"None";"nan";"7.259139";"43.700904";"000KY"
"2021-53709";"2021-01-15";"1";"Vente";"300000.0";"62.0";"None";"BD GAMBETTA";"2755";"06000";"06088";"Nice";"06";"None";"None";"06088000KY0001";"None";"None";"212";"nan";"None";"nan";"None";"nan";"None";"None";"None";"None";"1";"3";"Dépendance";"nan";"0.0";"None";"None";"None";"None";"nan";"7.256638";"43.701528";"000KY"
"2021-54214";"2021-01-15";"1";"Vente";"450000.0";"40.0";"None";"RUE VERDI";"6620";"06000";"06088";"Nice";"06";"None";"None";"06088000KY0175";"None";"None";"15";"nan";"24";"123.29";"None";"nan";"None";"None";"None";"None";"2";"4";"Local industriel. commercial ou assimilé";"125.0";"0.0";"None";"None";"None";"None";"nan";"7.257211";"43.69987";"000KY"
"2021-60846";"2021-01-14";"1";"Adjudication";"468000.0";"7.0";"None";"AV BAQUIS";"0545";"06000";"06088";"Nice";"06";"None";"None";"06088000KY0269";"None";"None";"139";"nan";"147";"nan";"None";"nan";"None";"None";"None";"None";"2";"2";"Appartement";"115.0";"5.0";"None";"None";"None";"None";"nan";"7.261862";"43.699265";"000KY"
"2021-60846";"2021-01-14";"1";"Adjudication";"468000.0";"7.0";"None";"AV BAQUIS";"0545";"06000";"06088";"Nice";"06";"None";"None";"06088000KY0269";"None";"None";"131";"nan";"None";"nan";"None";"nan";"None";"None";"None";"None";"1";"3";"Dépendance";"nan";"0.0";"None";"None";"None";"None";"nan";"7.261862";"43.699265";"000KY"
"2021-60846";"2021-01-14";"1";"Adjudication";"468000.0";"7.0";"None";"AV BAQUIS";"0545";"06000";"06088";"Nice";"06";"None";"None";"06088000KY0269";"None";"None";"139";"nan";"147";"nan";"None";"nan";"None";"None";"None";"None";"2";"3";"Dépendance";"nan";"0.0";"None";"None";"None";"None";"nan";"7.261862";"43.699265";"000KY"
"2021-53640";"2021-01-13";"1";"Vente";"258500.0";"61.0";"None";"RUE ROSSINI";"5600";"06000";"06088";"Nice";"06";"None";"None";"06088000KY0183";"None";"None";"22";"nan";"50";"37.02";"None";"nan";"None";"None";"None";"None";"2";"2";"Appartement";"38.0";"1.0";"None";"None";"None";"None";"nan";"7.25771";"43.700642";"000KY"
"2021-53412";"2021-01-12";"1";"Vente";"285000.0";"31.0";"None";"RUE GUIGLIA";"3090";"06000";"06088";"Nice";"06";"None";"None";"06088000KY0019";"None";"None";"19";"66.51";"7";"nan";"None";"nan";"None";"None";"None";"None";"2";"2";"Appartement";"66.0";"3.0";"None";"None";"None";"None";"nan";"7.257818";"43.701846";"000KY"
"2021-53423";"2021-01-08";"1";"Vente";"620000.0";"34.0";"None";"BD GAMBETTA";"2755";"06000";"06088";"Nice";"06";"None";"None";"06088000KY0210";"None";"None";"1";"nan";"27";"nan";"None";"nan";"None";"None";"None";"None";"2";"2";"Appartement";"144.0";"6.0";"None";"None";"None";"None";"nan";"7.256488";"43.699005";"000KY"
"2021-53249";"2021-01-08";"1";"Vente";"39000.0";"26.0";"None";"RUE GUIGLIA";"3090";"06000";"06088";"Nice";"06";"None";"None";"06088000KY0027";"None";"None";"208";"nan";"None";"nan";"None";"nan";"None";"None";"None";"None";"1";"3";"Dépendance";"nan";"0.0";"None";"None";"None";"None";"nan";"7.258248";"43.701081";"000KY"
"2021-53305";"2021-01-07";"1";"Vente";"310000.0";"37.0";"B";"AV G CLEMENCEAU";"2880";"06000";"06088";"Nice";"06";"None";"None";"06088000KY0091";"None";"None";"12";"78.25";"None";"nan";"None";"nan";"None";"None";"None";"None";"1";"2";"Appartement";"80.0";"3.0";"None";"None";"None";"None";"nan";"7.261164";"43.701567";"000KY"
"2021-53408";"2021-01-07";"1";"Vente";"343000.0";"29.0";"None";"RUE GUIGLIA";"3090";"06000";"06088";"Nice";"06";"None";"None";"06088000KY0020";"None";"None";"2";"98.2";"None";"nan";"None";"nan";"None";"None";"None";"None";"1";"2";"Appartement";"119.0";"5.0";"None";"None";"None";"None";"nan";"7.257751";"43.701499";"000KY"
"2021-53885";"2021-01-06";"1";"Vente";"567500.0";"50.0";"None";"BD VICTOR HUGO";"6655";"06000";"06088";"Nice";"06";"None";"None";"06088000KY0244";"None";"None";"104";"nan";"277";"85.85";"None";"nan";"None";"None";"None";"None";"2";"2";"Appartement";"90.0";"3.0";"None";"None";"None";"None";"nan";"7.259365";"43.698542";"000KY"
"2021-53885";"2021-01-06";"1";"Vente";"567500.0";"50.0";"None";"BD VICTOR HUGO";"6655";"06000";"06088";"Nice";"06";"None";"None";"06088000KY0244";"None";"None";"133";"nan";"None";"nan";"None";"nan";"None";"None";"None";"None";"1";"3";"Dépendance";"nan";"0.0";"None";"None";"None";"None";"nan";"7.259365";"43.698542";"000KY"
"2021-53541";"2021-01-05";"1";"Vente";"282500.0";"25.0";"None";"RUE GOUNOD";"2985";"06000";"06088";"Nice";"06";"None";"None";"06088000KY0070";"None";"None";"46";"nan";"None";"nan";"None";"nan";"None";"None";"None";"None";"1";"2";"Appartement";"65.0";"3.0";"None";"None";"None";"None";"nan";"7.260341";"43.701072";"000KY"
"2021-53700";"2021-01-05";"1";"Vente";"108000.0";"16.0";"None";"RUE AMIRAL DE GRASSE";"0170";"06000";"06088";"Nice";"06";"None";"None";"06088000KY0015";"None";"None";"69";"48.7";"None";"nan";"None";"nan";"None";"None";"None";"None";"1";"2";"Appartement";"45.0";"2.0";"None";"None";"None";"None";"nan";"7.257347";"43.701401";"000KY"