id_mutation;date_mutation;numero_disposition;nature_mutation;valeur_fonciere;adresse_numero;adresse_suffixe;adresse_nom_voie;adresse_code_voie;code_postal;code_commune;nom_commune;code_departement;ancien_code_commune;ancien_nom_commune;id_parcelle;ancien_id_parcelle;numero_volume;lot1_numero;lot1_surface_carrez;lot2_numero;lot2_surface_carrez;lot3_numero;lot3_surface_carrez;lot4_numero;lot4_surface_carrez;lot5_numero;lot5_surface_carrez;nombre_lots;code_type_local;type_local;surface_reelle_bati;nombre_pieces_principales;code_nature_culture;nature_culture;code_nature_culture_speciale;nature_culture_speciale;surface_terrain;longitude;latitude;section_prefixe
"2025-58559";"2025-12-29";"1";"Vente";"1200000.0";"31.0";"None";"RUE MASSENA";"4110";"06000";"06088";"Nice";"06";"None";"None";"06088000KT0106";"None";"None";"3";"nan";"None";"nan";"None";"nan";"None";"nan";"None";"nan";"1";"4";"Local industriel. commercial ou assimilé";"76.0";"0.0";"None";"None";"None";"None";"nan";"7.26616";"43.697077";"000KT"
"2025-58559";"2025-12-29";"1";"Vente";"1200000.0";"31.0";"None";"RUE MASSENA";"4110";"06000";"06088";"Nice";"06";"None";"None";"06088000KT0106";"None";"None";"8";"nan";"None";"nan";"None";"nan";"None";"nan";"None";"nan";"1";"4";"Local industriel. commercial ou assimilé";"42.0";"0.0";"None";"None";"None";"None";"nan";"7.26616";"43.697077";"000KT"
"2025-58559";"2025-12-29";"1";"Vente";"1200000.0";"31.0";"None";"RUE MASSENA";"4110";"06000";"06088";"Nice";"06";"None";"None";"06088000KT0106";"None";"None";"9";"nan";"None";"nan";"None";"nan";"None";"nan";"None";"nan";"1";"4";"Local industriel. commercial ou assimilé";"29.0";"0.0";"None";"None";"None";"None";"nan";"7.26616";"43.697077";"000KT"
"2025-58559";"2025-12-29";"1";"Vente";"1200000.0";"29.0";"None";"RUE MASSENA";"4110";"06000";"06088";"Nice";"06";"None";"None";"06088000KT0106";"None";"None";"1";"nan";"None";"nan";"None";"nan";"None";"nan";"None";"nan";"1";"4";"Local industriel. commercial ou assimilé";"231.0";"0.0";"None";"None";"None";"None";"nan";"7.26616";"43.697077";"000KT"
"2025-57973";"2025-12-23";"1";"Vente";"955000.0";"20.0";"None";"RUE DU CONGRES";"1655";"06000";"06088";"Nice";"06";"None";"None";"06088000KT0187";"None";"None";"27";"83.16";"35";"nan";"None";"nan";"None";"nan";"None";"nan";"2";"2";"Appartement";"93.0";"4.0";"None";"None";"None";"None";"nan";"7.26286";"43.698643";"000KT"
"2025-58126";"2025-12-23";"1";"Vente";"340250.0";"6.0";"None";"RUE MASSENET";"4115";"06000";"06088";"Nice";"06";"None";"None";"06088000KT0368";"None";"None";"5";"nan";"None";"nan";"None";"nan";"None";"nan";"None";"nan";"1";"2";"Appartement";"39.0";"2.0";"None";"None";"None";"None";"nan";"7.264583";"43.69571";"000KT"
"2025-58313";"2025-12-23";"1";"Vente";"152150.0";"7.0";"None";"RUE HALEVY";"3170";"06000";"06088";"Nice";"06";"None";"None";"06088000KT0341";"None";"None";"19";"nan";"None";"nan";"None";"nan";"None";"nan";"None";"nan";"1";"2";"Appartement";"21.0";"1.0";"None";"None";"None";"None";"nan";"7.264754";"43.696074";"000KT"
"2025-57973";"2025-12-23";"1";"Vente";"955000.0";"20.0";"None";"RUE DU CONGRES";"1655";"06000";"06088";"Nice";"06";"None";"None";"06088000KT0187";"None";"None";"27";"83.16";"35";"nan";"None";"nan";"None";"nan";"None";"nan";"2";"3";"Dépendance";"nan";"0.0";"None";"None";"None";"None";"nan";"7.26286";"43.698643";"000KT"
"2025-57973";"2025-12-23";"1";"Vente";"955000.0";"20.0";"None";"RUE DU CONGRES";"1655";"06000";"06088";"Nice";"06";"None";"None";"06088000KT0187";"None";"None";"27";"83.16";"35";"nan";"None";"nan";"None";"nan";"None";"nan";"2";"3";"Dépendance";"nan";"0.0";"None";"None";"None";"None";"nan";"7.26286";"43.698643";"000KT"
"2025-58227";"2025-12-19";"1";"Vente";"1470000.0";"8.0";"None";"RUE MASSENET";"4115";"06000";"06088";"Nice";"06";"None";"None";"06088000KT0308";"None";"None";"68";"201.39";"None";"nan";"None";"nan";"None";"nan";"None";"nan";"1";"1";"Maison";"210.0";"3.0";"None";"None";"None";"None";"nan";"7.264522";"43.696135";"000KT"
"2025-58207";"2025-12-19";"1";"Vente";"505000.0";"5.0";"None";"RUE DE LA BUFFA";"1000";"06000";"06088";"Nice";"06";"None";"None";"06088000KT0203";"None";"None";"17";"nan";"44";"52.86";"None";"nan";"None";"nan";"None";"nan";"2";"2";"Appartement";"55.0";"2.0";"None";"None";"None";"None";"nan";"7.264266";"43.697327";"000KT"
"2025-58207";"2025-12-19";"1";"Vente";"505000.0";"5.0";"None";"RUE DE LA BUFFA";"1000";"06000";"06088";"Nice";"06";"None";"None";"06088000KT0203";"None";"None";"38";"nan";"None";"nan";"None";"nan";"None";"nan";"None";"nan";"1";"3";"Dépendance";"nan";"0.0";"None";"None";"None";"None";"nan";"7.264266";"43.697327";"000KT"
"2025-58227";"2025-12-19";"1";"Vente";"1470000.0";"6.0";"None";"RUE MASSENET";"4115";"06000";"06088";"Nice";"06";"None";"None";"06088000KT0368";"None";"None";"183";"nan";"None";"nan";"None";"nan";"None";"nan";"None";"nan";"1";"3";"Dépendance";"nan";"0.0";"None";"None";"None";"None";"nan";"7.264583";"43.69571";"000KT"
"2025-58227";"2025-12-19";"1";"Vente";"1470000.0";"6.0";"None";"RUE MASSENET";"4115";"06000";"06088";"Nice";"06";"None";"None";"06088000KT0368";"None";"None";"184";"nan";"None";"nan";"None";"nan";"None";"nan";"None";"nan";"1";"3";"Dépendance";"nan";"0.0";"None";"None";"None";"None";"nan";"7.264583";"43.69571";"000KT"
"2025-57233";"2025-12-17";"1";"Vente";"100000.0";"9.0";"None";"RUE MASSENA";"4110";"06000";"06088";"Nice";"06";"None";"None";"06088000KT0067";"None";"None";"54";"nan";"None";"nan";"None";"nan";"None";"nan";"None";"nan";"1";"2";"Appartement";"42.0";"3.0";"None";"None";"None";"None";"nan";"7.268156";"43.697486";"000KT"
"2025-57404";"2025-12-17";"1";"Vente";"1060000.0";"25.0";"None";"BD VICTOR HUGO";"6655";"06000";"06088";"Nice";"06";"None";"None";"06088000KT0185";"None";"None";"35";"nan";"None";"nan";"None";"nan";"None";"nan";"None";"nan";"1";"2";"Appartement";"50.0";"3.0";"None";"None";"None";"None";"nan";"7.263117";"43.698876";"000KT"
"2025-57404";"2025-12-17";"1";"Vente";"1060000.0";"25.0";"None";"BD VICTOR HUGO";"6655";"06000";"06088";"Nice";"06";"None";"None";"06088000KT0185";"None";"None";"35";"nan";"None";"nan";"None";"nan";"None";"nan";"None";"nan";"1";"3";"Dépendance";"nan";"0.0";"None";"None";"None";"None";"nan";"7.263117";"43.698876";"000KT"
"2025-57404";"2025-12-17";"1";"Vente";"1060000.0";"25.0";"None";"BD VICTOR HUGO";"6655";"06000";"06088";"Nice";"06";"None";"None";"06088000KT0185";"None";"None";"36";"nan";"48";"nan";"None";"nan";"None";"nan";"None";"nan";"2";"4";"Local industriel. commercial ou assimilé";"133.0";"0.0";"None";"None";"None";"None";"nan";"7.263117";"43.698876";"000KT"
"2025-58136";"2025-12-16";"1";"Vente";"219000.0";"8.0";"B";"RUE DU CONGRES";"1655";"06000";"06088";"Nice";"06";"None";"None";"06088000KT0252";"None";"None";"22";"nan";"None";"nan";"None";"nan";"None";"nan";"None";"nan";"1";"2";"Appartement";"30.0";"1.0";"None";"None";"None";"None";"nan";"7.26348";"43.696237";"000KT"
"2025-56878";"2025-12-11";"1";"Vente";"908310.0";"11.0";"None";"RUE MACCARANI";"3810";"06000";"06088";"Nice";"06";"None";"None";"06088000KT0322";"None";"None";"226";"nan";"305";"nan";"None";"nan";"None";"nan";"None";"nan";"2";"2";"Appartement";"96.0";"3.0";"None";"None";"None";"None";"nan";"7.264358";"43.697967";"000KT"
"2025-56878";"2025-12-11";"1";"Vente";"908310.0";"11.0";"None";"RUE MACCARANI";"3810";"06000";"06088";"Nice";"06";"None";"None";"06088000KT0322";"None";"None";"226";"nan";"305";"nan";"None";"nan";"None";"nan";"None";"nan";"2";"3";"Dépendance";"nan";"0.0";"None";"None";"None";"None";"nan";"7.264358";"43.697967";"000KT"
"2025-56878";"2025-12-11";"1";"Vente";"908310.0";"11.0";"None";"RUE MACCARANI";"3810";"06000";"06088";"Nice";"06";"None";"None";"06088000KT0322";"None";"None";"226";"nan";"305";"nan";"None";"nan";"None";"nan";"None";"nan";"2";"3";"Dépendance";"nan";"0.0";"None";"None";"None";"None";"nan";"7.264358";"43.697967";"000KT"
"2025-57429";"2025-12-10";"1";"Vente";"885000.0";"6.0";"None";"RUE ALPHONSE KARR";"0135";"06000";"06088";"Nice";"06";"None";"None";"06088000KT0026";"None";"None";"160";"nan";"22";"69.88";"None";"nan";"None";"nan";"None";"nan";"2";"2";"Appartement";"69.0";"2.0";"None";"None";"None";"None";"nan";"7.266615";"43.698681";"000KT"
"2025-57429";"2025-12-10";"1";"Vente";"885000.0";"6.0";"None";"RUE ALPHONSE KARR";"0135";"06000";"06088";"Nice";"06";"None";"None";"06088000KT0026";"None";"None";"160";"nan";"22";"69.88";"None";"nan";"None";"nan";"None";"nan";"2";"3";"Dépendance";"nan";"0.0";"None";"None";"None";"None";"nan";"7.266615";"43.698681";"000KT"
"2025-57759";"2025-12-09";"1";"Vente";"644200.0";"14.0";"None";"RUE DU MARECHAL JOFFRE";"4020";"06000";"06088";"Nice";"06";"None";"None";"06088000KT0270";"None";"None";"13";"nan";"None";"nan";"None";"nan";"None";"nan";"None";"nan";"1";"2";"Appartement";"60.0";"3.0";"None";"None";"None";"None";"nan";"7.26608";"43.699161";"000KT"
"2025-57759";"2025-12-09";"1";"Vente";"644200.0";"14.0";"None";"RUE DU MARECHAL JOFFRE";"4020";"06000";"06088";"Nice";"06";"None";"None";"06088000KT0270";"None";"None";"12";"nan";"None";"nan";"None";"nan";"None";"nan";"None";"nan";"1";"2";"Appartement";"22.0";"1.0";"None";"None";"None";"None";"nan";"7.26608";"43.699161";"000KT"
"2025-57534";"2025-12-09";"1";"Vente";"47000.0";"5.0";"None";"RUE HALEVY";"3170";"06000";"06088";"Nice";"06";"None";"None";"06088000KT0243";"None";"None";"2122";"nan";"None";"nan";"None";"nan";"None";"nan";"None";"nan";"1";"3";"Dépendance";"nan";"0.0";"None";"None";"None";"None";"nan";"7.265001";"43.695379";"000KT"
"2025-57759";"2025-12-09";"1";"Vente";"644200.0";"12.0";"None";"RUE DU MARECHAL JOFFRE";"4020";"06000";"06088";"Nice";"06";"None";"None";"06088000KT0014";"None";"None";"10";"nan";"None";"nan";"None";"nan";"None";"nan";"None";"nan";"1";"3";"Dépendance";"nan";"0.0";"None";"None";"None";"None";"nan";"7.266226";"43.699209";"000KT"
"2025-56975";"2025-12-08";"1";"Vente";"42000.0";"6.0";"None";"RUE MASSENET";"4115";"06000";"06088";"Nice";"06";"None";"None";"06088000KT0368";"None";"None";"202";"nan";"None";"nan";"None";"nan";"None";"nan";"None";"nan";"1";"3";"Dépendance";"nan";"0.0";"None";"None";"None";"None";"nan";"7.264583";"43.69571";"000KT"
"2025-57049";"2025-12-05";"1";"Vente";"701250.0";"10.0";"B";"AV DE VERDUN";"6625";"06000";"06088";"Nice";"06";"None";"None";"06088000KT0295";"None";"None";"18";"83.62";"32";"nan";"None";"nan";"None";"nan";"None";"nan";"2";"2";"Appartement";"74.0";"3.0";"None";"None";"None";"None";"nan";"7.268399";"43.696844";"000KT"
"2025-56778";"2025-12-05";"1";"Vente";"54000.0";"7.0";"None";"PROM DES ANGLAIS";"0240";"06000";"06088";"Nice";"06";"None";"None";"06088000KT0258";"None";"None";"208";"nan";"None";"nan";"None";"nan";"None";"nan";"None";"nan";"1";"3";"Dépendance";"nan";"0.0";"None";"None";"None";"None";"nan";"7.264082";"43.695203";"000KT"
"2025-57049";"2025-12-05";"1";"Vente";"701250.0";"10.0";"B";"AV DE VERDUN";"6625";"06000";"06088";"Nice";"06";"None";"None";"06088000KT0295";"None";"None";"18";"83.62";"32";"nan";"None";"nan";"None";"nan";"None";"nan";"2";"3";"Dépendance";"nan";"0.0";"None";"None";"None";"None";"nan";"7.268399";"43.696844";"000KT"
"2025-57092";"2025-12-03";"1";"Vente";"464400.0";"5.0";"None";"RUE MASSENA";"4110";"06000";"06088";"Nice";"06";"None";"None";"06088000KT0068";"None";"None";"35";"69.93";"None";"nan";"None";"nan";"None";"nan";"None";"nan";"1";"2";"Appartement";"63.0";"4.0";"None";"None";"None";"None";"nan";"7.268704";"43.697458";"000KT"
"2025-57092";"2025-12-03";"1";"Vente";"464400.0";"5.0";"None";"RUE MASSENA";"4110";"06000";"06088";"Nice";"06";"None";"None";"06088000KT0068";"None";"None";"35";"69.93";"None";"nan";"None";"nan";"None";"nan";"None";"nan";"1";"3";"Dépendance";"nan";"0.0";"None";"None";"None";"None";"nan";"7.268704";"43.697458";"000KT"
"2025-57070";"2025-12-02";"1";"Vente";"400000.0";"1.0";"None";"RUE RAYNARDI";"5390";"06000";"06088";"Nice";"06";"None";"None";"06088000KT0012";"None";"None";"45";"nan";"None";"nan";"None";"nan";"None";"nan";"None";"nan";"1";"3";"Dépendance";"nan";"0.0";"None";"None";"None";"None";"nan";"7.267077";"43.699566";"000KT"
"2025-57070";"2025-12-02";"1";"Vente";"400000.0";"1.0";"None";"RUE RAYNARDI";"5390";"06000";"06088";"Nice";"06";"None";"None";"06088000KT0012";"None";"None";"46";"nan";"None";"nan";"None";"nan";"None";"nan";"None";"nan";"1";"3";"Dépendance";"nan";"0.0";"None";"None";"None";"None";"nan";"7.267077";"43.699566";"000KT"
"2025-57070";"2025-12-02";"1";"Vente";"400000.0";"1.0";"None";"RUE RAYNARDI";"5390";"06000";"06088";"Nice";"06";"None";"None";"06088000KT0012";"None";"None";"37";"48.14";"None";"nan";"None";"nan";"None";"nan";"None";"nan";"1";"4";"Local industriel. commercial ou assimilé";"35.0";"0.0";"None";"None";"None";"None";"nan";"7.267077";"43.699566";"000KT"
"2025-57219";"2025-12-01";"1";"Echange";"3000.0";"10.0";"None";"RUE DU MARECHAL JOFFRE";"4020";"06000";"06088";"Nice";"06";"None";"None";"06088000KT0394";"None";"None";"530";"nan";"None";"nan";"None";"nan";"None";"nan";"None";"nan";"1";"2";"Appartement";"123.0";"5.0";"None";"None";"None";"None";"nan";"7.266523";"43.699504";"000KT"
"2025-57219";"2025-12-01";"2";"Echange";"3000.0";"10.0";"None";"RUE DU MARECHAL JOFFRE";"4020";"06000";"06088";"Nice";"06";"None";"None";"06088000KT0394";"None";"None";"539";"nan";"None";"nan";"None";"nan";"None";"nan";"None";"nan";"1";"2";"Appartement";"114.0";"4.0";"None";"None";"None";"None";"nan";"7.266523";"43.699504";"000KT"
"2025-57219";"2025-12-01";"1";"Echange";"3000.0";"10.0";"None";"RUE DU MARECHAL JOFFRE";"4020";"06000";"06088";"Nice";"06";"None";"None";"06088000KT0394";"None";"None";"530";"nan";"None";"nan";"None";"nan";"None";"nan";"None";"nan";"1";"3";"Dépendance";"nan";"0.0";"None";"None";"None";"None";"nan";"7.266523";"43.699504";"000KT"
"2025-57219";"2025-12-01";"1";"Echange";"3000.0";"10.0";"None";"RUE DU MARECHAL JOFFRE";"4020";"06000";"06088";"Nice";"06";"None";"None";"06088000KT0394";"None";"None";"530";"nan";"None";"nan";"None";"nan";"None";"nan";"None";"nan";"1";"3";"Dépendance";"nan";"0.0";"None";"None";"None";"None";"nan";"7.266523";"43.699504";"000KT"
"2025-57219";"2025-12-01";"2";"Echange";"3000.0";"10.0";"None";"RUE DU MARECHAL JOFFRE";"4020";"06000";"06088";"Nice";"06";"None";"None";"06088000KT0394";"None";"None";"539";"nan";"None";"nan";"None";"nan";"None";"nan";"None";"nan";"1";"3";"Dépendance";"nan";"0.0";"None";"None";"None";"None";"nan";"7.266523";"43.699504";"000KT"
"2025-57709";"2025-12-01";"1";"Vente";"1.0";"11.0";"None";"RUE MACCARANI";"3810";"06000";"06088";"Nice";"06";"None";"None";"06088000KT0322";"None";"None";"278";"nan";"None";"nan";"None";"nan";"None";"nan";"None";"nan";"1";"4";"Local industriel. commercial ou assimilé";"42.0";"0.0";"None";"None";"None";"None";"nan";"7.264358";"43.697967";"000KT"
"2025-57709";"2025-12-01";"1";"Vente";"1.0";"2.0";"None";"RUE DE LA BUFFA";"1000";"06000";"06088";"Nice";"06";"None";"None";"06088000KT0322";"None";"None";"273";"nan";"None";"nan";"None";"nan";"None";"nan";"None";"nan";"1";"4";"Local industriel. commercial ou assimilé";"21.0";"0.0";"None";"None";"None";"None";"nan";"7.264358";"43.697967";"000KT"
"2025-57709";"2025-12-01";"1";"Vente";"1.0";"2.0";"None";"RUE DE LA BUFFA";"1000";"06000";"06088";"Nice";"06";"None";"None";"06088000KT0322";"None";"None";"271";"nan";"None";"nan";"None";"nan";"None";"nan";"None";"nan";"1";"4";"Local industriel. commercial ou assimilé";"120.0";"0.0";"None";"None";"None";"None";"nan";"7.264358";"43.697967";"000KT"
"2025-57709";"2025-12-01";"1";"Vente";"1.0";"11.0";"None";"RUE MACCARANI";"3810";"06000";"06088";"Nice";"06";"None";"None";"06088000KT0322";"None";"None";"274";"nan";"None";"nan";"None";"nan";"None";"nan";"None";"nan";"1";"4";"Local industriel. commercial ou assimilé";"64.0";"0.0";"None";"None";"None";"None";"nan";"7.264358";"43.697967";"000KT"
"2025-57709";"2025-12-01";"1";"Vente";"1.0";"11.0";"None";"RUE MACCARANI";"3810";"06000";"06088";"Nice";"06";"None";"None";"06088000KT0322";"None";"None";"279";"nan";"None";"nan";"None";"nan";"None";"nan";"None";"nan";"1";"4";"Local industriel. commercial ou assimilé";"50.0";"0.0";"None";"None";"None";"None";"nan";"7.264358";"43.697967";"000KT"
"2025-57709";"2025-12-01";"1";"Vente";"1.0";"11.0";"None";"RUE MACCARANI";"3810";"06000";"06088";"Nice";"06";"None";"None";"06088000KT0322";"None";"None";"276";"nan";"None";"nan";"None";"nan";"None";"nan";"None";"nan";"1";"4";"Local industriel. commercial ou assimilé";"40.0";"0.0";"None";"None";"None";"None";"nan";"7.264358";"43.697967";"000KT"
"2025-57709";"2025-12-01";"1";"Vente";"1.0";"11.0";"None";"RUE MACCARANI";"3810";"06000";"06088";"Nice";"06";"None";"None";"06088000KT0322";"None";"None";"275";"nan";"None";"nan";"None";"nan";"None";"nan";"None";"nan";"1";"4";"Local industriel. commercial ou assimilé";"43.0";"0.0";"None";"None";"None";"None";"nan";"7.264358";"43.697967";"000KT"
"2025-57709";"2025-12-01";"1";"Vente";"1.0";"11.0";"None";"RUE MACCARANI";"3810";"06000";"06088";"Nice";"06";"None";"None";"06088000KT0322";"None";"None";"277";"nan";"None";"nan";"None";"nan";"None";"nan";"None";"nan";"1";"4";"Local industriel. commercial ou assimilé";"107.0";"0.0";"None";"None";"None";"None";"nan";"7.264358";"43.697967";"000KT"
"2025-57709";"2025-12-01";"1";"Vente";"1.0";"2.0";"None";"RUE DE LA BUFFA";"1000";"06000";"06088";"Nice";"06";"None";"None";"06088000KT0322";"None";"None";"280";"nan";"None";"nan";"None";"nan";"None";"nan";"None";"nan";"1";"4";"Local industriel. commercial ou assimilé";"30.0";"0.0";"None";"None";"None";"None";"nan";"7.264358";"43.697967";"000KT"
"2025-57709";"2025-12-01";"1";"Vente";"1.0";"2.0";"None";"RUE DE LA BUFFA";"1000";"06000";"06088";"Nice";"06";"None";"None";"06088000KT0322";"None";"None";"272";"nan";"None";"nan";"None";"nan";"None";"nan";"None";"nan";"1";"4";"Local industriel. commercial ou assimilé";"82.0";"0.0";"None";"None";"None";"None";"nan";"7.264358";"43.697967";"000KT"
"2025-56396";"2025-11-27";"1";"Vente";"440000.0";"8.0";"None";"RUE FRANCOIS 1ER";"2645";"06000";"06088";"Nice";"06";"None";"None";"06088000KT0152";"None";"None";"14";"nan";"70";"78.12";"None";"nan";"None";"nan";"None";"nan";"2";"2";"Appartement";"80.0";"3.0";"None";"None";"None";"None";"nan";"7.26584";"43.698406";"000KT"
"2025-56558";"2025-11-25";"1";"Vente";"310000.0";"13.0";"None";"RUE MASSENET";"4115";"06000";"06088";"Nice";"06";"None";"None";"06088000KT0248";"None";"None";"88";"nan";"None";"nan";"None";"nan";"None";"nan";"None";"nan";"1";"2";"Appartement";"54.0";"2.0";"None";"None";"None";"None";"nan";"7.263949";"43.696342";"000KT"
"2025-56937";"2025-11-25";"1";"Vente";"420000.0";"12.0";"None";"RUE JOSEPH BRES";"3455";"06000";"06088";"Nice";"06";"None";"None";"06088000KT0381";"None";"None";"214";"53.57";"86";"nan";"None";"nan";"None";"nan";"None";"nan";"2";"2";"Appartement";"53.0";"2.0";"None";"None";"None";"None";"nan";"7.268336";"43.698832";"000KT"
"2025-56558";"2025-11-25";"1";"Vente";"310000.0";"13.0";"None";"RUE MASSENET";"4115";"06000";"06088";"Nice";"06";"None";"None";"06088000KT0248";"None";"None";"88";"nan";"None";"nan";"None";"nan";"None";"nan";"None";"nan";"1";"3";"Dépendance";"nan";"0.0";"None";"None";"None";"None";"nan";"7.263949";"43.696342";"000KT"
"2025-56937";"2025-11-25";"1";"Vente";"420000.0";"12.0";"None";"RUE JOSEPH BRES";"3455";"06000";"06088";"Nice";"06";"None";"None";"06088000KT0381";"None";"None";"214";"53.57";"86";"nan";"None";"nan";"None";"nan";"None";"nan";"2";"3";"Dépendance";"nan";"0.0";"None";"None";"None";"None";"nan";"7.268336";"43.698832";"000KT"
"2025-56018";"2025-11-24";"1";"Vente";"54000.0";"5.0";"None";"RUE HALEVY";"3170";"06000";"06088";"Nice";"06";"None";"None";"06088000KT0243";"None";"None";"2131";"nan";"None";"nan";"None";"nan";"None";"nan";"None";"nan";"1";"3";"Dépendance";"nan";"0.0";"None";"None";"None";"None";"nan";"7.265001";"43.695379";"000KT"
"2025-56291";"2025-11-24";"1";"Vente";"95000.0";"6.0";"None";"RUE MASSENET";"4115";"06000";"06088";"Nice";"06";"None";"None";"06088000KT0368";"None";"None";"181";"nan";"None";"nan";"None";"nan";"None";"nan";"None";"nan";"1";"3";"Dépendance";"nan";"0.0";"None";"None";"None";"None";"nan";"7.264583";"43.69571";"000KT"
"2025-56291";"2025-11-24";"1";"Vente";"95000.0";"6.0";"None";"RUE MASSENET";"4115";"06000";"06088";"Nice";"06";"None";"None";"06088000KT0368";"None";"None";"180";"nan";"None";"nan";"None";"nan";"None";"nan";"None";"nan";"1";"3";"Dépendance";"nan";"0.0";"None";"None";"None";"None";"nan";"7.264583";"43.69571";"000KT"
"2025-56770";"2025-11-20";"1";"Vente";"70000.0";"8.0";"B";"RUE DU CONGRES";"1655";"06000";"06088";"Nice";"06";"None";"None";"06088000KT0252";"None";"None";"23";"nan";"None";"nan";"None";"nan";"None";"nan";"None";"nan";"1";"2";"Appartement";"30.0";"1.0";"None";"None";"None";"None";"nan";"7.26348";"43.696237";"000KT"
"2025-56052";"2025-11-19";"1";"Vente";"54000.0";"3.0";"None";"RUE DU DOCTEUR BARETY";"2010";"06000";"06088";"Nice";"06";"None";"None";"06088000KT0189";"None";"None";"94";"nan";"None";"nan";"None";"nan";"None";"nan";"None";"nan";"1";"3";"Dépendance";"nan";"0.0";"None";"None";"None";"None";"nan";"7.263096";"43.698623";"000KT"
"2025-55736";"2025-11-14";"1";"Vente";"230000.0";"20.0";"None";"RUE DU MARECHAL JOFFRE";"4020";"06000";"06088";"Nice";"06";"None";"None";"06088000KT0163";"None";"None";"106";"nan";"None";"nan";"None";"nan";"None";"nan";"None";"nan";"1";"2";"Appartement";"30.0";"1.0";"None";"None";"None";"None";"nan";"7.265209";"43.699055";"000KT"
"2025-55736";"2025-11-14";"1";"Vente";"230000.0";"20.0";"None";"RUE DU MARECHAL JOFFRE";"4020";"06000";"06088";"Nice";"06";"None";"None";"06088000KT0163";"None";"None";"128";"nan";"None";"nan";"None";"nan";"None";"nan";"None";"nan";"1";"2";"Appartement";"27.0";"1.0";"None";"None";"None";"None";"nan";"7.265209";"43.699055";"000KT"
"2025-56527";"2025-11-14";"1";"Vente";"370000.0";"15.0";"None";"RUE DE FRANCE";"2595";"06000";"06088";"Nice";"06";"None";"None";"06088000KT0250";"None";"None";"47";"38.81";"None";"nan";"None";"nan";"None";"nan";"None";"nan";"1";"2";"Appartement";"39.0";"2.0";"None";"None";"None";"None";"nan";"7.263732";"43.696241";"000KT"
"2025-56875";"2025-11-14";"1";"Vente";"571575.0";"2.0";"None";"RUE RAYNARDI";"5390";"06000";"06088";"Nice";"06";"None";"None";"06088000KT0394";"None";"None";"312";"130.2";"None";"nan";"None";"nan";"None";"nan";"None";"nan";"1";"2";"Appartement";"99.0";"5.0";"None";"None";"None";"None";"nan";"7.266523";"43.699504";"000KT"
"2025-56875";"2025-11-14";"1";"Vente";"571575.0";"2.0";"None";"RUE RAYNARDI";"5390";"06000";"06088";"Nice";"06";"None";"None";"06088000KT0394";"None";"None";"313";"nan";"None";"nan";"None";"nan";"None";"nan";"None";"nan";"1";"3";"Dépendance";"nan";"0.0";"None";"None";"None";"None";"nan";"7.266523";"43.699504";"000KT"
"2025-56875";"2025-11-14";"1";"Vente";"571575.0";"2.0";"None";"RUE RAYNARDI";"5390";"06000";"06088";"Nice";"06";"None";"None";"06088000KT0394";"None";"None";"327";"nan";"None";"nan";"None";"nan";"None";"nan";"None";"nan";"1";"3";"Dépendance";"nan";"0.0";"None";"None";"None";"None";"nan";"7.266523";"43.699504";"000KT"
"2025-56090";"2025-11-13";"1";"Vente";"200000.0";"7.0";"None";"AV JEAN MEDECIN";"3372";"06000";"06088";"Nice";"06";"None";"None";"06088000KT0045";"None";"None";"80";"46.17";"None";"nan";"None";"nan";"None";"nan";"None";"nan";"1";"2";"Appartement";"45.0";"2.0";"None";"None";"None";"None";"nan";"7.268985";"43.698484";"000KT"
"2025-56382";"2025-11-13";"1";"Vente";"717000.0";"7.0";"None";"BD VICTOR HUGO";"6655";"06000";"06088";"Nice";"06";"None";"None";"06088000KT0394";"None";"None";"106";"nan";"118";"nan";"None";"nan";"None";"nan";"None";"nan";"2";"2";"Appartement";"95.0";"4.0";"None";"None";"None";"None";"nan";"7.266523";"43.699504";"000KT"
"2025-56382";"2025-11-13";"1";"Vente";"717000.0";"7.0";"None";"BD VICTOR HUGO";"6655";"06000";"06088";"Nice";"06";"None";"None";"06088000KT0394";"None";"None";"106";"nan";"118";"nan";"None";"nan";"None";"nan";"None";"nan";"2";"3";"Dépendance";"nan";"0.0";"None";"None";"None";"None";"nan";"7.266523";"43.699504";"000KT"
"2025-55824";"2025-11-12";"1";"Vente";"650000.0";"11.0";"None";"RUE GRIMALDI";"3035";"06000";"06088";"Nice";"06";"None";"None";"06088000KT0173";"None";"None";"23";"nan";"8";"74.55";"None";"nan";"None";"nan";"None";"nan";"2";"2";"Appartement";"57.0";"4.0";"None";"None";"None";"None";"nan";"7.264842";"43.698938";"000KT"
"2025-55824";"2025-11-12";"1";"Vente";"650000.0";"11.0";"None";"RUE GRIMALDI";"3035";"06000";"06088";"Nice";"06";"None";"None";"06088000KT0173";"None";"None";"23";"nan";"8";"74.55";"None";"nan";"None";"nan";"None";"nan";"2";"3";"Dépendance";"nan";"0.0";"None";"None";"None";"None";"nan";"7.264842";"43.698938";"000KT"
"2025-55667";"2025-11-07";"1";"Vente";"280210.0";"6.0";"None";"RUE HALEVY";"3170";"06000";"06088";"Nice";"06";"None";"None";"06088000KT0084";"None";"None";"108";"nan";"None";"nan";"None";"nan";"None";"nan";"None";"nan";"1";"2";"Appartement";"40.0";"1.0";"None";"None";"None";"None";"nan";"7.265515";"43.696025";"000KT"
"2025-55421";"2025-11-05";"1";"Vente";"1420000.0";"9.0";"None";"RUE DE LA LIBERTE";"3640";"06000";"06088";"Nice";"06";"None";"None";"06088000KT0058";"None";"None";"18";"125.49";"2";"nan";"None";"nan";"None";"nan";"None";"nan";"2";"2";"Appartement";"92.0";"4.0";"None";"None";"None";"None";"nan";"7.267679";"43.698092";"000KT"
"2025-55688";"2025-11-05";"1";"Vente";"6000.0";"10.0";"None";"RUE DU MARECHAL JOFFRE";"4020";"06000";"06088";"Nice";"06";"None";"None";"06088000KT0394";"None";"None";"541";"nan";"None";"nan";"None";"nan";"None";"nan";"None";"nan";"1";"2";"Appartement";"38.0";"2.0";"None";"None";"None";"None";"nan";"7.266523";"43.699504";"000KT"
"2025-55688";"2025-11-05";"1";"Vente";"6000.0";"10.0";"None";"RUE DU MARECHAL JOFFRE";"4020";"06000";"06088";"Nice";"06";"None";"None";"06088000KT0394";"None";"None";"539";"nan";"None";"nan";"None";"nan";"None";"nan";"None";"nan";"1";"2";"Appartement";"114.0";"4.0";"None";"None";"None";"None";"nan";"7.266523";"43.699504";"000KT"
"2025-55421";"2025-11-05";"1";"Vente";"1420000.0";"9.0";"None";"RUE DE LA LIBERTE";"3640";"06000";"06088";"Nice";"06";"None";"None";"06088000KT0058";"None";"None";"18";"125.49";"2";"nan";"None";"nan";"None";"nan";"None";"nan";"2";"3";"Dépendance";"nan";"0.0";"None";"None";"None";"None";"nan";"7.267679";"43.698092";"000KT"
"2025-55688";"2025-11-05";"1";"Vente";"6000.0";"10.0";"None";"RUE DU MARECHAL JOFFRE";"4020";"06000";"06088";"Nice";"06";"None";"None";"06088000KT0394";"None";"None";"539";"nan";"None";"nan";"None";"nan";"None";"nan";"None";"nan";"1";"3";"Dépendance";"nan";"0.0";"None";"None";"None";"None";"nan";"7.266523";"43.699504";"000KT"
"2025-56306";"2025-11-05";"1";"Vente";"590000.0";"4.0";"None";"RUE DE FRANCE";"2595";"06000";"06088";"Nice";"06";"None";"None";"06088000KT0222";"None";"None";"102";"nan";"206";"nan";"None";"nan";"None";"nan";"None";"nan";"2";"4";"Local industriel. commercial ou assimilé";"71.0";"0.0";"None";"None";"None";"None";"nan";"7.26469";"43.696933";"000KT"
"2025-55180";"2025-10-31";"1";"Vente";"219000.0";"8.0";"None";"RUE DE LA BUFFA";"1000";"06000";"06088";"Nice";"06";"None";"None";"06088000KT0192";"None";"None";"124";"20.51";"None";"nan";"None";"nan";"None";"nan";"None";"nan";"1";"2";"Appartement";"21.0";"1.0";"None";"None";"None";"None";"nan";"7.264065";"43.697804";"000KT"
"2025-55012";"2025-10-29";"1";"Vente";"134000.0";"9.0";"None";"RUE ALPHONSE KARR";"0135";"06000";"06088";"Nice";"06";"None";"None";"06088000KT0162";"None";"None";"37";"17.03";"None";"nan";"None";"nan";"None";"nan";"None";"nan";"1";"2";"Appartement";"16.0";"1.0";"None";"None";"None";"None";"nan";"7.265434";"43.699073";"000KT"
"2025-55039";"2025-10-27";"1";"Vente";"65000.0";"6.0";"None";"RUE MASSENET";"4115";"06000";"06088";"Nice";"06";"None";"None";"06088000KT0368";"None";"None";"388";"nan";"None";"nan";"None";"nan";"None";"nan";"None";"nan";"1";"3";"Dépendance";"nan";"0.0";"None";"None";"None";"None";"nan";"7.264583";"43.69571";"000KT"
"2025-55915";"2025-10-23";"1";"Vente";"560000.0";"12.0";"None";"RUE DE LA LIBERTE";"3640";"06000";"06088";"Nice";"06";"None";"None";"06088000KT0031";"None";"None";"29";"nan";"None";"nan";"None";"nan";"None";"nan";"None";"nan";"1";"2";"Appartement";"83.0";"3.0";"None";"None";"None";"None";"nan";"7.267774";"43.698476";"000KT"
"2025-54780";"2025-10-22";"1";"Vente";"210000.0";"9.0";"None";"RUE MASSENET";"4115";"06000";"06088";"Nice";"06";"None";"None";"06088000KT0257";"None";"None";"24";"nan";"73";"nan";"None";"nan";"None";"nan";"None";"nan";"2";"2";"Appartement";"30.0";"1.0";"None";"None";"None";"None";"nan";"7.263955";"43.695823";"000KT"
"2025-55702";"2025-10-20";"1";"Vente";"460000.0";"12.0";"None";"RUE DU MARECHAL JOFFRE";"4020";"06000";"06088";"Nice";"06";"None";"None";"06088000KT0270";"None";"None";"15";"55.01";"21";"nan";"None";"nan";"None";"nan";"None";"nan";"2";"2";"Appartement";"76.0";"2.0";"None";"None";"None";"None";"nan";"7.26608";"43.699161";"000KT"
"2025-54682";"2025-10-14";"1";"Vente";"480000.0";"2.0";"None";"RUE ALPHONSE KARR";"0135";"06000";"06088";"Nice";"06";"None";"None";"06088000KT0026";"None";"None";"107";"nan";"243";"nan";"None";"nan";"None";"nan";"None";"nan";"2";"2";"Appartement";"56.0";"2.0";"None";"None";"None";"None";"nan";"7.266615";"43.698681";"000KT"
"2025-54682";"2025-10-14";"1";"Vente";"480000.0";"2.0";"None";"RUE ALPHONSE KARR";"0135";"06000";"06088";"Nice";"06";"None";"None";"06088000KT0026";"None";"None";"274";"nan";"None";"nan";"None";"nan";"None";"nan";"None";"nan";"1";"3";"Dépendance";"nan";"0.0";"None";"None";"None";"None";"nan";"7.266615";"43.698681";"000KT"
"2025-54037";"2025-10-09";"1";"Vente";"230000.0";"11.0";"None";"RUE MASSENET";"4115";"06000";"06088";"Nice";"06";"None";"None";"06088000KT0256";"None";"None";"4";"nan";"None";"nan";"None";"nan";"None";"nan";"None";"nan";"1";"2";"Appartement";"30.0";"1.0";"None";"None";"None";"None";"nan";"7.263718";"43.695829";"000KT"
"2025-55196";"2025-10-09";"1";"Vente";"1275000.0";"11.0";"None";"RUE MACCARANI";"3810";"06000";"06088";"Nice";"06";"None";"None";"06088000KT0322";"None";"None";"206";"nan";"367";"nan";"None";"nan";"None";"nan";"None";"nan";"2";"2";"Appartement";"150.0";"5.0";"None";"None";"None";"None";"nan";"7.264358";"43.697967";"000KT"
"2025-55196";"2025-10-09";"1";"Vente";"1275000.0";"11.0";"None";"RUE MACCARANI";"3810";"06000";"06088";"Nice";"06";"None";"None";"06088000KT0322";"None";"None";"144";"nan";"None";"nan";"None";"nan";"None";"nan";"None";"nan";"1";"3";"Dépendance";"nan";"0.0";"None";"None";"None";"None";"nan";"7.264358";"43.697967";"000KT"
"2025-55196";"2025-10-09";"1";"Vente";"1275000.0";"11.0";"None";"RUE MACCARANI";"3810";"06000";"06088";"Nice";"06";"None";"None";"06088000KT0322";"None";"None";"206";"nan";"367";"nan";"None";"nan";"None";"nan";"None";"nan";"2";"3";"Dépendance";"nan";"0.0";"None";"None";"None";"None";"nan";"7.264358";"43.697967";"000KT"
"2025-55196";"2025-10-09";"1";"Vente";"1275000.0";"11.0";"None";"RUE MACCARANI";"3810";"06000";"06088";"Nice";"06";"None";"None";"06088000KT0322";"None";"None";"206";"nan";"367";"nan";"None";"nan";"None";"nan";"None";"nan";"2";"3";"Dépendance";"nan";"0.0";"None";"None";"None";"None";"nan";"7.264358";"43.697967";"000KT"
"2025-54412";"2025-10-08";"1";"Vente";"235000.0";"8.0";"None";"RUE FRANCOIS 1ER";"2645";"06000";"06088";"Nice";"06";"None";"None";"06088000KT0152";"None";"None";"29";"53.06";"None";"nan";"None";"nan";"None";"nan";"None";"nan";"1";"2";"Appartement";"53.0";"2.0";"None";"None";"None";"None";"nan";"7.26584";"43.698406";"000KT"
"2025-53901";"2025-10-03";"1";"Vente";"45000.0";"6.0";"None";"RUE MASSENET";"4115";"06000";"06088";"Nice";"06";"None";"None";"06088000KT0368";"None";"None";"46";"nan";"None";"nan";"None";"nan";"None";"nan";"None";"nan";"1";"3";"Dépendance";"nan";"0.0";"None";"None";"None";"None";"nan";"7.264583";"43.69571";"000KT"
"2025-53593";"2025-09-30";"1";"Vente";"220000.0";"3.0";"None";"RUE DU DOCTEUR BARETY";"2010";"06000";"06088";"Nice";"06";"None";"None";"06088000KT0189";"None";"None";"2";"24.73";"None";"nan";"None";"nan";"None";"nan";"None";"nan";"1";"2";"Appartement";"24.0";"1.0";"None";"None";"None";"None";"nan";"7.263096";"43.698623";"000KT"
"2025-53695";"2025-09-18";"1";"Vente";"80000.0";"2.0";"None";"RUE ALPHONSE KARR";"0135";"06000";"06088";"Nice";"06";"None";"None";"06088000KT0026";"None";"None";"448";"nan";"None";"nan";"None";"nan";"None";"nan";"None";"nan";"1";"3";"Dépendance";"nan";"0.0";"None";"None";"None";"None";"nan";"7.266615";"43.698681";"000KT"
"2025-53040";"2025-09-15";"1";"Vente";"1500000.0";"3.0";"None";"RUE DE LA BUFFA";"1000";"06000";"06088";"Nice";"06";"None";"None";"06088000KT0202";"None";"None";"1";"236.5";"2";"48.3";"None";"nan";"None";"nan";"None";"nan";"2";"4";"Local industriel. commercial ou assimilé";"4.0";"0.0";"None";"None";"None";"None";"nan";"7.264447";"43.697414";"000KT"
"2025-53040";"2025-09-15";"1";"Vente";"1500000.0";"3.0";"None";"RUE DE LA BUFFA";"1000";"06000";"06088";"Nice";"06";"None";"None";"06088000KT0202";"None";"None";"1";"236.5";"2";"48.3";"None";"nan";"None";"nan";"None";"nan";"2";"4";"Local industriel. commercial ou assimilé";"33.0";"0.0";"None";"None";"None";"None";"nan";"7.264447";"43.697414";"000KT"
"2025-53040";"2025-09-15";"1";"Vente";"1500000.0";"3.0";"None";"RUE DE LA BUFFA";"1000";"06000";"06088";"Nice";"06";"None";"None";"06088000KT0202";"None";"None";"1";"236.5";"2";"48.3";"None";"nan";"None";"nan";"None";"nan";"2";"4";"Local industriel. commercial ou assimilé";"172.0";"0.0";"None";"None";"None";"None";"nan";"7.264447";"43.697414";"000KT"
"2025-53040";"2025-09-15";"1";"Vente";"1500000.0";"3.0";"None";"RUE DE LA BUFFA";"1000";"06000";"06088";"Nice";"06";"None";"None";"06088000KT0202";"None";"None";"1";"236.5";"2";"48.3";"None";"nan";"None";"nan";"None";"nan";"2";"4";"Local industriel. commercial ou assimilé";"28.0";"0.0";"None";"None";"None";"None";"nan";"7.264447";"43.697414";"000KT"
"2025-52967";"2025-09-12";"1";"Vente";"522000.0";"5.0";"None";"RUE EUGENE EMMANUEL";"2360";"06000";"06088";"Nice";"06";"None";"None";"06088000KT0313";"None";"None";"322";"nan";"324";"98.06";"None";"nan";"None";"nan";"None";"nan";"2";"2";"Appartement";"95.0";"3.0";"None";"None";"None";"None";"nan";"7.265866";"43.699612";"000KT"
"2025-53334";"2025-09-12";"1";"Vente";"250000.0";"1.0";"None";"RUE RAYNARDI";"5390";"06000";"06088";"Nice";"06";"None";"None";"06088000KT0012";"None";"None";"26";"65.45";"None";"nan";"None";"nan";"None";"nan";"None";"nan";"1";"2";"Appartement";"64.0";"2.0";"None";"None";"None";"None";"nan";"7.267077";"43.699566";"000KT"
"2025-52801";"2025-09-12";"1";"Vente";"36000.0";"6.0";"None";"RUE MASSENET";"4115";"06000";"06088";"Nice";"06";"None";"None";"06088000KT0368";"None";"None";"43";"nan";"None";"nan";"None";"nan";"None";"nan";"None";"nan";"1";"3";"Dépendance";"nan";"0.0";"None";"None";"None";"None";"nan";"7.264583";"43.69571";"000KT"
"2025-52818";"2025-09-12";"1";"Vente";"50000.0";"2.0";"None";"RUE ALPHONSE KARR";"0135";"06000";"06088";"Nice";"06";"None";"None";"06088000KT0026";"None";"None";"283";"nan";"None";"nan";"None";"nan";"None";"nan";"None";"nan";"1";"3";"Dépendance";"nan";"0.0";"None";"None";"None";"None";"nan";"7.266615";"43.698681";"000KT"
"2025-52967";"2025-09-12";"1";"Vente";"522000.0";"5.0";"None";"RUE EUGENE EMMANUEL";"2360";"06000";"06088";"Nice";"06";"None";"None";"06088000KT0313";"None";"None";"277";"nan";"None";"nan";"None";"nan";"None";"nan";"None";"nan";"1";"3";"Dépendance";"nan";"0.0";"None";"None";"None";"None";"nan";"7.265866";"43.699612";"000KT"
"2025-52741";"2025-09-10";"1";"Vente";"380000.0";"3.0";"None";"RUE DU DOCTEUR BARETY";"2010";"06000";"06088";"Nice";"06";"None";"None";"06088000KT0189";"None";"None";"34";"53.6";"None";"nan";"None";"nan";"None";"nan";"None";"nan";"1";"2";"Appartement";"48.0";"2.0";"None";"None";"None";"None";"nan";"7.263096";"43.698623";"000KT"
"2025-52866";"2025-09-10";"1";"Vente";"210000.0";"13.0";"None";"RUE MASSENET";"4115";"06000";"06088";"Nice";"06";"None";"None";"06088000KT0248";"None";"None";"110";"nan";"69";"32.26";"None";"nan";"None";"nan";"None";"nan";"2";"2";"Appartement";"32.0";"1.0";"None";"None";"None";"None";"nan";"7.263949";"43.696342";"000KT"
"2025-52741";"2025-09-10";"1";"Vente";"380000.0";"3.0";"None";"RUE DU DOCTEUR BARETY";"2010";"06000";"06088";"Nice";"06";"None";"None";"06088000KT0189";"None";"None";"100";"nan";"None";"nan";"None";"nan";"None";"nan";"None";"nan";"1";"3";"Dépendance";"nan";"0.0";"None";"None";"None";"None";"nan";"7.263096";"43.698623";"000KT"
"2025-52866";"2025-09-10";"1";"Vente";"210000.0";"13.0";"None";"RUE MASSENET";"4115";"06000";"06088";"Nice";"06";"None";"None";"06088000KT0248";"None";"None";"110";"nan";"69";"32.26";"None";"nan";"None";"nan";"None";"nan";"2";"3";"Dépendance";"nan";"0.0";"None";"None";"None";"None";"nan";"7.263949";"43.696342";"000KT"
"2025-53087";"2025-09-10";"1";"Vente";"335000.0";"4.0";"None";"RUE ALPHONSE KARR";"0135";"06000";"06088";"Nice";"06";"None";"None";"06088000KT0026";"None";"None";"61";"56.52";"None";"nan";"None";"nan";"None";"nan";"None";"nan";"1";"4";"Local industriel. commercial ou assimilé";"58.0";"0.0";"None";"None";"None";"None";"nan";"7.266615";"43.698681";"000KT"
"2025-52896";"2025-09-09";"1";"Vente";"375000.0";"3.0";"None";"RUE DU DOCTEUR BARETY";"2010";"06000";"06088";"Nice";"06";"None";"None";"06088000KT0189";"None";"None";"13";"53.01";"None";"nan";"None";"nan";"None";"nan";"None";"nan";"1";"2";"Appartement";"48.0";"2.0";"None";"None";"None";"None";"nan";"7.263096";"43.698623";"000KT"
"2025-52896";"2025-09-09";"1";"Vente";"375000.0";"3.0";"None";"RUE DU DOCTEUR BARETY";"2010";"06000";"06088";"Nice";"06";"None";"None";"06088000KT0189";"None";"None";"13";"53.01";"None";"nan";"None";"nan";"None";"nan";"None";"nan";"1";"3";"Dépendance";"nan";"0.0";"None";"None";"None";"None";"nan";"7.263096";"43.698623";"000KT"
"2025-52955";"2025-09-05";"1";"Vente";"1320000.0";"25.0";"None";"BD VICTOR HUGO";"6655";"06000";"06088";"Nice";"06";"None";"None";"06088000KT0185";"None";"None";"37";"nan";"52";"198.26";"None";"nan";"None";"nan";"None";"nan";"2";"2";"Appartement";"149.0";"9.0";"None";"None";"None";"None";"nan";"7.263117";"43.698876";"000KT"
"2025-53049";"2025-09-05";"1";"Vente";"158400.0";"4.0";"B";"AV DE VERDUN";"6625";"06000";"06088";"Nice";"06";"None";"None";"06088000KT0338";"None";"None";"17";"nan";"None";"nan";"None";"nan";"None";"nan";"None";"nan";"1";"2";"Appartement";"17.0";"1.0";"None";"None";"None";"None";"nan";"7.269131";"43.697346";"000KT"
"2025-53210";"2025-09-05";"1";"Vente";"398750.0";"20.0";"None";"RUE DU MARECHAL JOFFRE";"4020";"06000";"06088";"Nice";"06";"None";"None";"06088000KT0163";"None";"None";"109";"45.05";"None";"nan";"None";"nan";"None";"nan";"None";"nan";"1";"2";"Appartement";"45.0";"2.0";"None";"None";"None";"None";"nan";"7.265209";"43.699055";"000KT"
"2025-52955";"2025-09-05";"1";"Vente";"1320000.0";"25.0";"None";"BD VICTOR HUGO";"6655";"06000";"06088";"Nice";"06";"None";"None";"06088000KT0185";"None";"None";"37";"nan";"52";"198.26";"None";"nan";"None";"nan";"None";"nan";"2";"3";"Dépendance";"nan";"0.0";"None";"None";"None";"None";"nan";"7.263117";"43.698876";"000KT"
"2025-52955";"2025-09-05";"1";"Vente";"1320000.0";"25.0";"None";"BD VICTOR HUGO";"6655";"06000";"06088";"Nice";"06";"None";"None";"06088000KT0185";"None";"None";"59";"nan";"None";"nan";"None";"nan";"None";"nan";"None";"nan";"1";"3";"Dépendance";"nan";"0.0";"None";"None";"None";"None";"nan";"7.263117";"43.698876";"000KT"
"2025-53210";"2025-09-05";"1";"Vente";"398750.0";"20.0";"None";"RUE DU MARECHAL JOFFRE";"4020";"06000";"06088";"Nice";"06";"None";"None";"06088000KT0163";"None";"None";"61";"nan";"None";"nan";"None";"nan";"None";"nan";"None";"nan";"1";"3";"Dépendance";"nan";"0.0";"None";"None";"None";"None";"nan";"7.265209";"43.699055";"000KT"
"2025-52769";"2025-09-04";"1";"Vente";"122500.0";"9.0";"None";"RUE MASSENA";"4110";"06000";"06088";"Nice";"06";"None";"None";"06088000KT0067";"None";"None";"79";"16.26";"None";"nan";"None";"nan";"None";"nan";"None";"nan";"1";"2";"Appartement";"16.0";"1.0";"None";"None";"None";"None";"nan";"7.268156";"43.697486";"000KT"
"2025-52869";"2025-09-02";"1";"Vente";"110000.0";"6.0";"None";"RUE MASSENET";"4115";"06000";"06088";"Nice";"06";"None";"None";"06088000KT0368";"None";"None";"191";"nan";"None";"nan";"None";"nan";"None";"nan";"None";"nan";"1";"3";"Dépendance";"nan";"0.0";"None";"None";"None";"None";"nan";"7.264583";"43.69571";"000KT"
"2025-52869";"2025-09-02";"1";"Vente";"110000.0";"6.0";"None";"RUE MASSENET";"4115";"06000";"06088";"Nice";"06";"None";"None";"06088000KT0368";"None";"None";"192";"nan";"None";"nan";"None";"nan";"None";"nan";"None";"nan";"1";"3";"Dépendance";"nan";"0.0";"None";"None";"None";"None";"nan";"7.264583";"43.69571";"000KT"
"2025-53078";"2025-09-01";"1";"Vente";"440000.0";"18.0";"A";"RUE DU CONGRES";"1655";"06000";"06088";"Nice";"06";"None";"None";"06088000KT0315";"None";"None";"37";"63.28";"59";"nan";"None";"nan";"None";"nan";"None";"nan";"2";"2";"Appartement";"65.0";"2.0";"None";"None";"None";"None";"nan";"7.263177";"43.698011";"000KT"
"2025-52314";"2025-08-29";"1";"Vente";"555000.0";"14.0";"None";"RUE DE LA LIBERTE";"3640";"06000";"06088";"Nice";"06";"None";"None";"06088000KT0030";"None";"None";"17";"63.49";"6";"nan";"None";"nan";"None";"nan";"None";"nan";"2";"2";"Appartement";"68.0";"3.0";"None";"None";"None";"None";"nan";"7.267597";"43.698433";"000KT"
"2025-52314";"2025-08-29";"1";"Vente";"555000.0";"14.0";"None";"RUE DE LA LIBERTE";"3640";"06000";"06088";"Nice";"06";"None";"None";"06088000KT0030";"None";"None";"17";"63.49";"6";"nan";"None";"nan";"None";"nan";"None";"nan";"2";"3";"Dépendance";"nan";"0.0";"None";"None";"None";"None";"nan";"7.267597";"43.698433";"000KT"
"2025-52059";"2025-08-28";"1";"Vente";"1150000.0";"6.0";"T";"RUE ALPHONSE KARR";"0135";"06000";"06088";"Nice";"06";"None";"None";"06088000KT0019";"None";"None";"87";"104.23";"None";"nan";"None";"nan";"None";"nan";"None";"nan";"1";"2";"Appartement";"98.0";"5.0";"None";"None";"None";"None";"nan";"7.266115";"43.698833";"000KT"
"2025-52059";"2025-08-28";"1";"Vente";"1150000.0";"6.0";"T";"RUE ALPHONSE KARR";"0135";"06000";"06088";"Nice";"06";"None";"None";"06088000KT0019";"None";"None";"27";"nan";"None";"nan";"None";"nan";"None";"nan";"None";"nan";"1";"2";"Appartement";"84.0";"3.0";"None";"None";"None";"None";"nan";"7.266115";"43.698833";"000KT"
"2025-52059";"2025-08-28";"1";"Vente";"1150000.0";"6.0";"T";"RUE ALPHONSE KARR";"0135";"06000";"06088";"Nice";"06";"None";"None";"06088000KT0019";"None";"None";"87";"104.23";"None";"nan";"None";"nan";"None";"nan";"None";"nan";"1";"3";"Dépendance";"nan";"0.0";"None";"None";"None";"None";"nan";"7.266115";"43.698833";"000KT"
"2025-52059";"2025-08-28";"1";"Vente";"1150000.0";"6.0";"T";"RUE ALPHONSE KARR";"0135";"06000";"06088";"Nice";"06";"None";"None";"06088000KT0019";"None";"None";"27";"nan";"None";"nan";"None";"nan";"None";"nan";"None";"nan";"1";"3";"Dépendance";"nan";"0.0";"None";"None";"None";"None";"nan";"7.266115";"43.698833";"000KT"
"2025-52435";"2025-08-26";"1";"Vente";"155000.0";"20.0";"None";"RUE DU MARECHAL JOFFRE";"4020";"06000";"06088";"Nice";"06";"None";"None";"06088000KT0163";"None";"None";"43";"nan";"None";"nan";"None";"nan";"None";"nan";"None";"nan";"1";"3";"Dépendance";"nan";"0.0";"None";"None";"None";"None";"nan";"7.265209";"43.699055";"000KT"
"2025-52435";"2025-08-26";"1";"Vente";"155000.0";"20.0";"None";"RUE DU MARECHAL JOFFRE";"4020";"06000";"06088";"Nice";"06";"None";"None";"06088000KT0163";"None";"None";"44";"nan";"45";"nan";"None";"nan";"None";"nan";"None";"nan";"2";"4";"Local industriel. commercial ou assimilé";"86.0";"0.0";"None";"None";"None";"None";"nan";"7.265209";"43.699055";"000KT"
"2025-52565";"2025-08-25";"1";"Vente";"318275.0";"1.0";"None";"PL MAGENTA";"3870";"06000";"06088";"Nice";"06";"None";"None";"06088000KT0121";"None";"None";"45";"35.57";"None";"nan";"None";"nan";"None";"nan";"None";"nan";"1";"2";"Appartement";"36.0";"2.0";"None";"None";"None";"None";"nan";"7.266815";"43.697788";"000KT"
"2025-52885";"2025-08-21";"1";"Vente";"1850000.0";"9.0";"None";"BD VICTOR HUGO";"6655";"06000";"06088";"Nice";"06";"None";"None";"06088000KT0313";"None";"None";"216";"nan";"253";"nan";"254";"nan";"255";"nan";"304";"nan";"8";"4";"Local industriel. commercial ou assimilé";"248.0";"0.0";"None";"None";"None";"None";"nan";"7.265866";"43.699612";"000KT"
"2025-51557";"2025-08-12";"1";"Vente";"520000.0";"20.0";"None";"RUE DU MARECHAL JOFFRE";"4020";"06000";"06088";"Nice";"06";"None";"None";"06088000KT0163";"None";"None";"83";"62.15";"None";"nan";"None";"nan";"None";"nan";"None";"nan";"1";"2";"Appartement";"62.0";"3.0";"None";"None";"None";"None";"nan";"7.265209";"43.699055";"000KT"
"2025-51557";"2025-08-12";"1";"Vente";"520000.0";"20.0";"None";"RUE DU MARECHAL JOFFRE";"4020";"06000";"06088";"Nice";"06";"None";"None";"06088000KT0163";"None";"None";"83";"62.15";"None";"nan";"None";"nan";"None";"nan";"None";"nan";"1";"3";"Dépendance";"nan";"0.0";"None";"None";"None";"None";"nan";"7.265209";"43.699055";"000KT"
"2025-51083";"2025-07-31";"1";"Vente";"2100000.0";"11.0";"None";"RUE LONGCHAMP";"3710";"06000";"06088";"Nice";"06";"None";"None";"06088000KT0390";"None";"None";"32";"5.7";"34";"5.67";"35";"nan";"39";"8.28";"40";"18.8";"7";"2";"Appartement";"135.0";"8.0";"None";"None";"None";"None";"nan";"7.267142";"43.699956";"000KT"
"2025-51083";"2025-07-31";"1";"Vente";"2100000.0";"11.0";"None";"RUE LONGCHAMP";"3710";"06000";"06088";"Nice";"06";"None";"None";"06088000KT0390";"None";"None";"29";"283.64";"64";"nan";"None";"nan";"None";"nan";"None";"nan";"2";"2";"Appartement";"220.0";"5.0";"None";"None";"None";"None";"nan";"7.267142";"43.699956";"000KT"
"2025-51290";"2025-07-31";"1";"Vente";"626000.0";"15.0";"None";"RUE DE FRANCE";"2595";"06000";"06088";"Nice";"06";"None";"None";"06088000KT0250";"None";"None";"10";"86.13";"None";"nan";"None";"nan";"None";"nan";"None";"nan";"1";"2";"Appartement";"85.0";"3.0";"None";"None";"None";"None";"nan";"7.263732";"43.696241";"000KT"
"2025-51083";"2025-07-31";"1";"Vente";"2100000.0";"11.0";"None";"RUE LONGCHAMP";"3710";"06000";"06088";"Nice";"06";"None";"None";"06088000KT0390";"None";"None";"32";"5.7";"34";"5.67";"35";"nan";"39";"8.28";"40";"18.8";"7";"3";"Dépendance";"nan";"0.0";"None";"None";"None";"None";"nan";"7.267142";"43.699956";"000KT"
"2025-51083";"2025-07-31";"1";"Vente";"2100000.0";"11.0";"None";"RUE LONGCHAMP";"3710";"06000";"06088";"Nice";"06";"None";"None";"06088000KT0390";"None";"None";"33";"4.89";"None";"nan";"None";"nan";"None";"nan";"None";"nan";"1";"3";"Dépendance";"nan";"0.0";"None";"None";"None";"None";"nan";"7.267142";"43.699956";"000KT"
"2025-51083";"2025-07-31";"1";"Vente";"2100000.0";"11.0";"None";"RUE LONGCHAMP";"3710";"06000";"06088";"Nice";"06";"None";"None";"06088000KT0390";"None";"None";"29";"283.64";"64";"nan";"None";"nan";"None";"nan";"None";"nan";"2";"3";"Dépendance";"nan";"0.0";"None";"None";"None";"None";"nan";"7.267142";"43.699956";"000KT"
"2025-51088";"2025-07-31";"1";"Vente";"1000000.0";"11.0";"None";"RUE PARADIS";"4705";"06000";"06088";"Nice";"06";"None";"None";"06088000KT0119";"None";"None";"33";"nan";"None";"nan";"None";"nan";"None";"nan";"None";"nan";"1";"4";"Local industriel. commercial ou assimilé";"38.0";"0.0";"None";"None";"None";"None";"nan";"7.26709";"43.697354";"000KT"
"2025-51027";"2025-07-30";"1";"Vente";"220000.0";"18.0";"A";"RUE DU CONGRES";"1655";"06000";"06088";"Nice";"06";"None";"None";"06088000KT0315";"None";"None";"25";"30.09";"63";"nan";"None";"nan";"None";"nan";"None";"nan";"2";"2";"Appartement";"26.0";"1.0";"None";"None";"None";"None";"nan";"7.263177";"43.698011";"000KT"
"2025-51027";"2025-07-30";"1";"Vente";"220000.0";"18.0";"A";"RUE DU CONGRES";"1655";"06000";"06088";"Nice";"06";"None";"None";"06088000KT0315";"None";"None";"25";"30.09";"63";"nan";"None";"nan";"None";"nan";"None";"nan";"2";"3";"Dépendance";"nan";"0.0";"None";"None";"None";"None";"nan";"7.263177";"43.698011";"000KT"
"2025-50958";"2025-07-28";"1";"Vente";"218580.0";"18.0";"A";"RUE DU CONGRES";"1655";"06000";"06088";"Nice";"06";"None";"None";"06088000KT0315";"None";"None";"27";"44.9";"None";"nan";"None";"nan";"None";"nan";"None";"nan";"1";"2";"Appartement";"46.0";"1.0";"None";"None";"None";"None";"nan";"7.263177";"43.698011";"000KT"
"2025-51135";"2025-07-28";"1";"Vente";"625000.0";"9.0";"None";"RUE DE LA BUFFA";"1000";"06000";"06088";"Nice";"06";"None";"None";"06088000KT0379";"None";"None";"13";"nan";"None";"nan";"None";"nan";"None";"nan";"None";"nan";"1";"2";"Appartement";"87.0";"4.0";"None";"None";"None";"None";"nan";"7.263975";"43.697254";"000KT"
"2025-51593";"2025-07-28";"1";"Vente";"182810.0";"26.0";"None";"RUE MASSENA";"4110";"06000";"06088";"Nice";"06";"None";"None";"06088000KT0126";"None";"None";"211";"19.02";"None";"nan";"None";"nan";"None";"nan";"None";"nan";"1";"2";"Appartement";"20.0";"1.0";"None";"None";"None";"None";"nan";"7.266029";"43.697498";"000KT"
"2025-50958";"2025-07-28";"1";"Vente";"218580.0";"18.0";"A";"RUE DU CONGRES";"1655";"06000";"06088";"Nice";"06";"None";"None";"06088000KT0315";"None";"None";"27";"44.9";"None";"nan";"None";"nan";"None";"nan";"None";"nan";"1";"3";"Dépendance";"nan";"0.0";"None";"None";"None";"None";"nan";"7.263177";"43.698011";"000KT"
"2025-50889";"2025-07-25";"1";"Vente";"220000.0";"9.0";"None";"RUE HALEVY";"3170";"06000";"06088";"Nice";"06";"None";"None";"06088000KT0340";"None";"None";"41";"57.48";"None";"nan";"None";"nan";"None";"nan";"None";"nan";"1";"2";"Appartement";"61.0";"2.0";"None";"None";"None";"None";"nan";"7.26483";"43.696253";"000KT"
"2025-51124";"2025-07-25";"1";"Vente";"480000.0";"7.0";"None";"RUE DE FRANCE";"2595";"06000";"06088";"Nice";"06";"None";"None";"06088000KT0227";"None";"None";"18";"nan";"None";"nan";"None";"nan";"None";"nan";"None";"nan";"1";"2";"Appartement";"58.0";"3.0";"None";"None";"None";"None";"nan";"7.264425";"43.696447";"000KT"
"2025-51626";"2025-07-25";"1";"Vente";"436000.0";"2.0";"None";"RUE DU COMMANDANT RAFFALI";"1636";"06000";"06088";"Nice";"06";"None";"None";"06088000KT0225";"None";"None";"19";"70.38";"None";"nan";"None";"nan";"None";"nan";"None";"nan";"1";"2";"Appartement";"70.0";"3.0";"None";"None";"None";"None";"nan";"7.264948";"43.696559";"000KT"
"2025-50889";"2025-07-25";"1";"Vente";"220000.0";"6.0";"None";"RUE MASSENET";"4115";"06000";"06088";"Nice";"06";"None";"None";"06088000KT0368";"None";"None";"50";"nan";"None";"nan";"None";"nan";"None";"nan";"None";"nan";"1";"3";"Dépendance";"nan";"0.0";"None";"None";"None";"None";"nan";"7.264583";"43.69571";"000KT"
"2025-50938";"2025-07-25";"1";"Vente";"496600.0";"5.0";"None";"RUE DE LA BUFFA";"1000";"06000";"06088";"Nice";"06";"None";"None";"06088000KT0203";"None";"None";"28";"nan";"None";"nan";"None";"nan";"None";"nan";"None";"nan";"1";"3";"Dépendance";"nan";"0.0";"None";"None";"None";"None";"nan";"7.264266";"43.697327";"000KT"
"2025-51124";"2025-07-25";"1";"Vente";"480000.0";"7.0";"None";"RUE DE FRANCE";"2595";"06000";"06088";"Nice";"06";"None";"None";"06088000KT0227";"None";"None";"19";"nan";"None";"nan";"None";"nan";"None";"nan";"None";"nan";"1";"3";"Dépendance";"nan";"0.0";"None";"None";"None";"None";"nan";"7.264425";"43.696447";"000KT"
"2025-51124";"2025-07-25";"1";"Vente";"480000.0";"7.0";"None";"RUE DE FRANCE";"2595";"06000";"06088";"Nice";"06";"None";"None";"06088000KT0227";"None";"None";"20";"nan";"None";"nan";"None";"nan";"None";"nan";"None";"nan";"1";"3";"Dépendance";"nan";"0.0";"None";"None";"None";"None";"nan";"7.264425";"43.696447";"000KT"
"2025-51124";"2025-07-25";"1";"Vente";"480000.0";"7.0";"None";"RUE DE FRANCE";"2595";"06000";"06088";"Nice";"06";"None";"None";"06088000KT0227";"None";"None";"18";"nan";"None";"nan";"None";"nan";"None";"nan";"None";"nan";"1";"3";"Dépendance";"nan";"0.0";"None";"None";"None";"None";"nan";"7.264425";"43.696447";"000KT"
"2025-51124";"2025-07-25";"1";"Vente";"480000.0";"7.0";"None";"RUE DE FRANCE";"2595";"06000";"06088";"Nice";"06";"None";"None";"06088000KT0227";"None";"None";"18";"nan";"None";"nan";"None";"nan";"None";"nan";"None";"nan";"1";"3";"Dépendance";"nan";"0.0";"None";"None";"None";"None";"nan";"7.264425";"43.696447";"000KT"
"2025-51124";"2025-07-25";"1";"Vente";"480000.0";"7.0";"None";"RUE DE FRANCE";"2595";"06000";"06088";"Nice";"06";"None";"None";"06088000KT0227";"None";"None";"21";"nan";"None";"nan";"None";"nan";"None";"nan";"None";"nan";"1";"3";"Dépendance";"nan";"0.0";"None";"None";"None";"None";"nan";"7.264425";"43.696447";"000KT"
"2025-51124";"2025-07-25";"1";"Vente";"480000.0";"6.0";"None";"RUE MASSENET";"4115";"06000";"06088";"Nice";"06";"None";"None";"06088000KT0368";"None";"None";"174";"nan";"None";"nan";"None";"nan";"None";"nan";"None";"nan";"1";"3";"Dépendance";"nan";"0.0";"None";"None";"None";"None";"nan";"7.264583";"43.69571";"000KT"
"2025-51124";"2025-07-25";"1";"Vente";"480000.0";"6.0";"None";"RUE MASSENET";"4115";"06000";"06088";"Nice";"06";"None";"None";"06088000KT0368";"None";"None";"175";"nan";"None";"nan";"None";"nan";"None";"nan";"None";"nan";"1";"3";"Dépendance";"nan";"0.0";"None";"None";"None";"None";"nan";"7.264583";"43.69571";"000KT"
"2025-51138";"2025-07-24";"1";"Vente";"70000.0";"2.0";"None";"RUE ALPHONSE KARR";"0135";"06000";"06088";"Nice";"06";"None";"None";"06088000KT0026";"None";"None";"387";"nan";"None";"nan";"None";"nan";"None";"nan";"None";"nan";"1";"3";"Dépendance";"nan";"0.0";"None";"None";"None";"None";"nan";"7.266615";"43.698681";"000KT"
"2025-51220";"2025-07-23";"1";"Vente";"253000.0";"3.0";"None";"PL MASSENA";"4105";"06000";"06088";"Nice";"06";"None";"None";"06088000KT0070";"None";"None";"56";"27.77";"None";"nan";"None";"nan";"None";"nan";"None";"nan";"1";"2";"Appartement";"37.0";"2.0";"None";"None";"None";"None";"nan";"7.269192";"43.697718";"000KT"
"2025-50493";"2025-07-21";"1";"Vente";"35000.0";"6.0";"None";"RUE MASSENET";"4115";"06000";"06088";"Nice";"06";"None";"None";"06088000KT0368";"None";"None";"109";"nan";"None";"nan";"None";"nan";"None";"nan";"None";"nan";"1";"3";"Dépendance";"nan";"0.0";"None";"None";"None";"None";"nan";"7.264583";"43.69571";"000KT"
"2025-50820";"2025-07-21";"1";"Vente";"380000.0";"11.0";"None";"RUE MACCARANI";"3810";"06000";"06088";"Nice";"06";"None";"None";"06088000KT0322";"None";"None";"380";"nan";"None";"nan";"None";"nan";"None";"nan";"None";"nan";"1";"4";"Local industriel. commercial ou assimilé";"135.0";"0.0";"None";"None";"None";"None";"nan";"7.264358";"43.697967";"000KT"
"2025-51034";"2025-07-21";"1";"Vente";"600000.0";"26.0";"None";"RUE MASSENA";"4110";"06000";"06088";"Nice";"06";"None";"None";"06088000KT0126";"None";"None";"223";"101.98";"None";"nan";"None";"nan";"None";"nan";"None";"nan";"1";"4";"Local industriel. commercial ou assimilé";"105.0";"0.0";"None";"None";"None";"None";"nan";"7.266029";"43.697498";"000KT"
"2025-50902";"2025-07-17";"1";"Vente";"365000.0";"7.0";"None";"BD VICTOR HUGO";"6655";"06000";"06088";"Nice";"06";"None";"None";"06088000KT0394";"None";"None";"117";"nan";"None";"nan";"None";"nan";"None";"nan";"None";"nan";"1";"2";"Appartement";"60.0";"2.0";"None";"None";"None";"None";"nan";"7.266523";"43.699504";"000KT"
"2025-50894";"2025-07-11";"1";"Vente";"275000.0";"13.0";"None";"RUE MASSENA";"4110";"06000";"06088";"Nice";"06";"None";"None";"06088000KT0065";"None";"None";"142";"28.67";"None";"nan";"None";"nan";"None";"nan";"None";"nan";"1";"2";"Appartement";"31.0";"2.0";"None";"None";"None";"None";"nan";"7.267649";"43.6975";"000KT"
"2025-50249";"2025-07-11";"1";"Vente";"450000.0";"1.0";"None";"RUE DE FRANCE";"2595";"06000";"06088";"Nice";"06";"None";"None";"06088000KT0225";"None";"None";"3";"85.88";"None";"nan";"None";"nan";"None";"nan";"None";"nan";"1";"4";"Local industriel. commercial ou assimilé";"81.0";"0.0";"None";"None";"None";"None";"nan";"7.264948";"43.696559";"000KT"
"2025-50278";"2025-07-09";"1";"Vente";"200000.0";"9.0";"None";"RUE ALPHONSE KARR";"0135";"06000";"06088";"Nice";"06";"None";"None";"06088000KT0162";"None";"None";"21";"22.66";"None";"nan";"None";"nan";"None";"nan";"None";"nan";"1";"2";"Appartement";"23.0";"2.0";"None";"None";"None";"None";"nan";"7.265434";"43.699073";"000KT"
"2025-50736";"2025-07-09";"1";"Vente";"190000.0";"12.0";"None";"RUE MASSENA";"4110";"06000";"06088";"Nice";"06";"None";"None";"06088000KT0057";"None";"None";"15";"32.58";"None";"nan";"None";"nan";"None";"nan";"None";"nan";"1";"2";"Appartement";"33.0";"2.0";"None";"None";"None";"None";"nan";"7.267739";"43.697944";"000KT"
"2025-50837";"2025-07-09";"1";"Vente";"470000.0";"13.0";"None";"RUE MASSENET";"4115";"06000";"06088";"Nice";"06";"None";"None";"06088000KT0248";"None";"None";"3";"nan";"89";"37.09";"None";"nan";"None";"nan";"None";"nan";"2";"2";"Appartement";"36.0";"2.0";"None";"None";"None";"None";"nan";"7.263949";"43.696342";"000KT"
"2025-50837";"2025-07-09";"1";"Vente";"470000.0";"13.0";"None";"RUE MASSENET";"4115";"06000";"06088";"Nice";"06";"None";"None";"06088000KT0248";"None";"None";"3";"nan";"89";"37.09";"None";"nan";"None";"nan";"None";"nan";"2";"3";"Dépendance";"nan";"0.0";"None";"None";"None";"None";"nan";"7.263949";"43.696342";"000KT"
"2025-50837";"2025-07-09";"1";"Vente";"470000.0";"13.0";"None";"RUE MASSENET";"4115";"06000";"06088";"Nice";"06";"None";"None";"06088000KT0248";"None";"None";"3";"nan";"89";"37.09";"None";"nan";"None";"nan";"None";"nan";"2";"3";"Dépendance";"nan";"0.0";"None";"None";"None";"None";"nan";"7.263949";"43.696342";"000KT"
"2025-49693";"2025-07-03";"1";"Vente";"42500.0";"2.0";"None";"RUE ALPHONSE KARR";"0135";"06000";"06088";"Nice";"06";"None";"None";"06088000KT0026";"None";"None";"7";"nan";"None";"nan";"None";"nan";"None";"nan";"None";"nan";"1";"3";"Dépendance";"nan";"0.0";"None";"None";"None";"None";"nan";"7.266615";"43.698681";"000KT"
"2025-49257";"2025-07-01";"1";"Vente";"600000.0";"2.0";"None";"RUE ALPHONSE KARR";"0135";"06000";"06088";"Nice";"06";"None";"None";"06088000KT0026";"None";"None";"109";"52.51";"244";"nan";"None";"nan";"None";"nan";"None";"nan";"2";"2";"Appartement";"52.0";"2.0";"None";"None";"None";"None";"nan";"7.266615";"43.698681";"000KT"
"2025-49865";"2025-06-30";"1";"Vente";"1002000.0";"15.0";"None";"RUE MACCARANI";"3810";"06000";"06088";"Nice";"06";"None";"None";"06088000KT0195";"None";"None";"119";"96.1";"None";"nan";"None";"nan";"None";"nan";"None";"nan";"1";"2";"Appartement";"97.0";"4.0";"None";"None";"None";"None";"nan";"7.264278";"43.698382";"000KT"
"2025-50492";"2025-06-27";"1";"Vente";"883500.0";"3.0";"None";"RUE HALEVY";"3170";"06000";"06088";"Nice";"06";"None";"None";"06088000KT0243";"None";"None";"2033";"nan";"2090";"nan";"None";"nan";"None";"nan";"None";"nan";"2";"2";"Appartement";"78.0";"2.0";"None";"None";"None";"None";"nan";"7.265001";"43.695379";"000KT"
"2025-50733";"2025-06-27";"1";"Vente";"310000.0";"6.0";"T";"RUE ALPHONSE KARR";"0135";"06000";"06088";"Nice";"06";"None";"None";"06088000KT0019";"None";"None";"72";"28.94";"None";"nan";"None";"nan";"None";"nan";"None";"nan";"1";"2";"Appartement";"28.0";"1.0";"None";"None";"None";"None";"nan";"7.266115";"43.698833";"000KT"
"2025-50492";"2025-06-27";"1";"Vente";"883500.0";"3.0";"None";"RUE HALEVY";"3170";"06000";"06088";"Nice";"06";"None";"None";"06088000KT0243";"None";"None";"2033";"nan";"2090";"nan";"None";"nan";"None";"nan";"None";"nan";"2";"3";"Dépendance";"nan";"0.0";"None";"None";"None";"None";"nan";"7.265001";"43.695379";"000KT"
"2025-50492";"2025-06-27";"1";"Vente";"883500.0";"3.0";"None";"RUE HALEVY";"3170";"06000";"06088";"Nice";"06";"None";"None";"06088000KT0243";"None";"None";"2033";"nan";"2090";"nan";"None";"nan";"None";"nan";"None";"nan";"2";"3";"Dépendance";"nan";"0.0";"None";"None";"None";"None";"nan";"7.265001";"43.695379";"000KT"
"2025-49816";"2025-06-24";"1";"Vente";"579000.0";"15.0";"None";"RUE DU MARECHAL JOFFRE";"4020";"06000";"06088";"Nice";"06";"None";"None";"06088000KT0161";"None";"None";"59";"nan";"None";"nan";"None";"nan";"None";"nan";"None";"nan";"1";"2";"Appartement";"70.0";"3.0";"None";"None";"None";"None";"nan";"7.265527";"43.698649";"000KT"
"2025-49539";"2025-06-24";"1";"Vente";"60000.0";"12.0";"None";"RUE JOSEPH BRES";"3455";"06000";"06088";"Nice";"06";"None";"None";"06088000KT0381";"None";"None";"76";"nan";"None";"nan";"None";"nan";"None";"nan";"None";"nan";"1";"3";"Dépendance";"nan";"0.0";"None";"None";"None";"None";"nan";"7.268336";"43.698832";"000KT"
"2025-49953";"2025-06-18";"1";"Vente";"460000.0";"6.0";"None";"RUE ALPHONSE KARR";"0135";"06000";"06088";"Nice";"06";"None";"None";"06088000KT0026";"None";"None";"160";"nan";"22";"nan";"None";"nan";"None";"nan";"None";"nan";"2";"2";"Appartement";"69.0";"2.0";"None";"None";"None";"None";"nan";"7.266615";"43.698681";"000KT"
"2025-49953";"2025-06-18";"1";"Vente";"460000.0";"6.0";"None";"RUE ALPHONSE KARR";"0135";"06000";"06088";"Nice";"06";"None";"None";"06088000KT0026";"None";"None";"160";"nan";"22";"nan";"None";"nan";"None";"nan";"None";"nan";"2";"3";"Dépendance";"nan";"0.0";"None";"None";"None";"None";"nan";"7.266615";"43.698681";"000KT"
"2025-48909";"2025-06-16";"1";"Vente";"40000.0";"6.0";"None";"RUE MASSENET";"4115";"06000";"06088";"Nice";"06";"None";"None";"06088000KT0368";"None";"None";"87";"nan";"None";"nan";"None";"nan";"None";"nan";"None";"nan";"1";"3";"Dépendance";"nan";"0.0";"None";"None";"None";"None";"nan";"7.264583";"43.69571";"000KT"
"2025-49297";"2025-06-16";"1";"Vente";"40000.0";"6.0";"None";"RUE MASSENET";"4115";"06000";"06088";"Nice";"06";"None";"None";"06088000KT0368";"None";"None";"134";"nan";"None";"nan";"None";"nan";"None";"nan";"None";"nan";"1";"3";"Dépendance";"nan";"0.0";"None";"None";"None";"None";"nan";"7.264583";"43.69571";"000KT"
"2025-48790";"2025-06-12";"1";"Vente";"191380.0";"19.0";"None";"RUE DE LA LIBERTE";"3640";"06000";"06088";"Nice";"06";"None";"None";"06088000KT0126";"None";"None";"132";"19.42";"None";"nan";"None";"nan";"None";"nan";"None";"nan";"1";"2";"Appartement";"15.0";"1.0";"None";"None";"None";"None";"nan";"7.266029";"43.697498";"000KT"
"2025-49231";"2025-06-12";"1";"Vente";"178000.0";"4.0";"None";"RUE GRIMALDI";"3035";"06000";"06088";"Nice";"06";"None";"None";"06088000KT0363";"None";"None";"91";"33.21";"None";"nan";"None";"nan";"None";"nan";"None";"nan";"1";"2";"Appartement";"33.0";"1.0";"None";"None";"None";"None";"nan";"7.265898";"43.697975";"000KT"
"2025-54150";"2025-06-12";"1";"Adjudication";"675000.0";"3.0";"None";"PL MASSENA";"4105";"06000";"06088";"Nice";"06";"None";"None";"06088000KT0070";"None";"None";"90";"nan";"None";"nan";"None";"nan";"None";"nan";"None";"nan";"1";"2";"Appartement";"104.0";"5.0";"None";"None";"None";"None";"nan";"7.269192";"43.697718";"000KT"
"2025-48958";"2025-06-12";"1";"Vente";"33000.0";"5.0";"None";"RUE DE LA BUFFA";"1000";"06000";"06088";"Nice";"06";"None";"None";"06088000KT0203";"None";"None";"25";"nan";"None";"nan";"None";"nan";"None";"nan";"None";"nan";"1";"3";"Dépendance";"nan";"0.0";"None";"None";"None";"None";"nan";"7.264266";"43.697327";"000KT"
"2025-49773";"2025-06-12";"1";"Vente";"230000.0";"1.0";"None";"RUE LONGCHAMP";"3710";"06000";"06088";"Nice";"06";"None";"None";"06088000KT0334";"None";"None";"28";"25.16";"None";"nan";"None";"nan";"None";"nan";"None";"nan";"1";"4";"Local industriel. commercial ou assimilé";"22.0";"0.0";"None";"None";"None";"None";"nan";"7.267008";"43.698364";"000KT"
"2025-48880";"2025-06-10";"1";"Vente";"235000.0";"1.0";"None";"RUE LONGCHAMP";"3710";"06000";"06088";"Nice";"06";"None";"None";"06088000KT0334";"None";"None";"29";"24.9";"None";"nan";"None";"nan";"None";"nan";"None";"nan";"1";"2";"Appartement";"25.0";"1.0";"None";"None";"None";"None";"nan";"7.267008";"43.698364";"000KT"
"2025-48707";"2025-06-10";"1";"Vente";"20000.0";"2.0";"None";"RUE ALPHONSE KARR";"0135";"06000";"06088";"Nice";"06";"None";"None";"06088000KT0026";"None";"None";"316";"nan";"None";"nan";"None";"nan";"None";"nan";"None";"nan";"1";"3";"Dépendance";"nan";"0.0";"None";"None";"None";"None";"nan";"7.266615";"43.698681";"000KT"
"2025-49105";"2025-06-05";"1";"Vente";"400000.0";"3.0";"None";"RUE DU DOCTEUR BARETY";"2010";"06000";"06088";"Nice";"06";"None";"None";"06088000KT0189";"None";"None";"20";"54.06";"54";"nan";"None";"nan";"None";"nan";"None";"nan";"2";"2";"Appartement";"48.0";"2.0";"None";"None";"None";"None";"nan";"7.263096";"43.698623";"000KT"
"2025-48826";"2025-06-04";"1";"Vente";"670000.0";"8.0";"None";"RUE DE FRANCE";"2595";"06000";"06088";"Nice";"06";"None";"None";"06088000KT0216";"None";"None";"23";"75.52";"None";"nan";"None";"nan";"None";"nan";"None";"nan";"1";"2";"Appartement";"78.0";"3.0";"None";"None";"None";"None";"nan";"7.26417";"43.696734";"000KT"
"2025-48826";"2025-06-04";"1";"Vente";"670000.0";"8.0";"None";"RUE DE FRANCE";"2595";"06000";"06088";"Nice";"06";"None";"None";"06088000KT0216";"None";"None";"23";"75.52";"None";"nan";"None";"nan";"None";"nan";"None";"nan";"1";"3";"Dépendance";"nan";"0.0";"None";"None";"None";"None";"nan";"7.26417";"43.696734";"000KT"
"2025-48028";"2025-06-02";"1";"Vente";"355210.0";"3.0";"None";"AV DE SUEDE";"6294";"06000";"06088";"Nice";"06";"None";"None";"06088000KT0365";"None";"None";"205";"38.91";"None";"nan";"None";"nan";"None";"nan";"None";"nan";"1";"2";"Appartement";"32.0";"1.0";"None";"None";"None";"None";"nan";"7.265709";"43.696239";"000KT"
"2025-48553";"2025-06-02";"1";"Vente";"862000.0";"5.0";"None";"RUE EUGENE EMMANUEL";"2360";"06000";"06088";"Nice";"06";"None";"None";"06088000KT0313";"None";"None";"318";"nan";"348";"85.82";"None";"nan";"None";"nan";"None";"nan";"2";"2";"Appartement";"86.0";"3.0";"None";"None";"None";"None";"nan";"7.265866";"43.699612";"000KT"
"2025-48553";"2025-06-02";"1";"Vente";"862000.0";"5.0";"None";"RUE EUGENE EMMANUEL";"2360";"06000";"06088";"Nice";"06";"None";"None";"06088000KT0313";"None";"None";"318";"nan";"348";"85.82";"None";"nan";"None";"nan";"None";"nan";"2";"3";"Dépendance";"nan";"0.0";"None";"None";"None";"None";"nan";"7.265866";"43.699612";"000KT"
"2025-48553";"2025-06-02";"1";"Vente";"862000.0";"5.0";"None";"RUE EUGENE EMMANUEL";"2360";"06000";"06088";"Nice";"06";"None";"None";"06088000KT0313";"None";"None";"241";"nan";"None";"nan";"None";"nan";"None";"nan";"None";"nan";"1";"3";"Dépendance";"nan";"0.0";"None";"None";"None";"None";"nan";"7.265866";"43.699612";"000KT"
"2025-48553";"2025-06-02";"1";"Vente";"862000.0";"5.0";"None";"RUE EUGENE EMMANUEL";"2360";"06000";"06088";"Nice";"06";"None";"None";"06088000KT0313";"None";"None";"318";"nan";"348";"85.82";"None";"nan";"None";"nan";"None";"nan";"2";"3";"Dépendance";"nan";"0.0";"None";"None";"None";"None";"nan";"7.265866";"43.699612";"000KT"
"2025-48031";"2025-05-22";"1";"Vente";"256000.0";"12.0";"None";"RUE MACCARANI";"3810";"06000";"06088";"Nice";"06";"None";"None";"06088000KT0177";"None";"None";"40";"nan";"None";"nan";"None";"nan";"None";"nan";"None";"nan";"1";"2";"Appartement";"29.0";"2.0";"None";"None";"None";"None";"nan";"7.264595";"43.698889";"000KT"
"2025-48403";"2025-05-21";"1";"Vente";"180000.0";"7.0";"None";"RUE DE LA LIBERTE";"3640";"06000";"06088";"Nice";"06";"None";"None";"06088000KT0056";"None";"None";"27";"nan";"42";"21.78";"None";"nan";"None";"nan";"None";"nan";"2";"2";"Appartement";"20.0";"1.0";"None";"None";"None";"None";"nan";"7.267789";"43.698151";"000KT"
"2025-48403";"2025-05-21";"1";"Vente";"180000.0";"7.0";"None";"RUE DE LA LIBERTE";"3640";"06000";"06088";"Nice";"06";"None";"None";"06088000KT0056";"None";"None";"27";"nan";"42";"21.78";"None";"nan";"None";"nan";"None";"nan";"2";"3";"Dépendance";"nan";"0.0";"None";"None";"None";"None";"nan";"7.267789";"43.698151";"000KT"
"2025-47653";"2025-05-20";"1";"Vente";"190000.0";"27.0";"None";"RUE DU MARECHAL JOFFRE";"4020";"06000";"06088";"Nice";"06";"None";"None";"06088000KT0195";"None";"None";"115";"40.23";"None";"nan";"None";"nan";"None";"nan";"None";"nan";"1";"4";"Local industriel. commercial ou assimilé";"51.0";"0.0";"None";"None";"None";"None";"nan";"7.264278";"43.698382";"000KT"
"2025-47933";"2025-05-19";"1";"Vente";"258500.0";"9.0";"None";"RUE MASSENA";"4110";"06000";"06088";"Nice";"06";"None";"None";"06088000KT0067";"None";"None";"49";"nan";"None";"nan";"None";"nan";"None";"nan";"None";"nan";"1";"2";"Appartement";"37.0";"2.0";"None";"None";"None";"None";"nan";"7.268156";"43.697486";"000KT"
"2025-46941";"2025-05-13";"1";"Vente";"560000.0";"4.0";"None";"RUE ALPHONSE KARR";"0135";"06000";"06088";"Nice";"06";"None";"None";"06088000KT0026";"None";"None";"217";"nan";"72";"56.68";"None";"nan";"None";"nan";"None";"nan";"2";"2";"Appartement";"57.0";"2.0";"None";"None";"None";"None";"nan";"7.266615";"43.698681";"000KT"
"2025-47607";"2025-05-13";"1";"Vente";"54000.0";"6.0";"None";"RUE MASSENET";"4115";"06000";"06088";"Nice";"06";"None";"None";"06088000KT0368";"None";"None";"289";"nan";"None";"nan";"None";"nan";"None";"nan";"None";"nan";"1";"3";"Dépendance";"nan";"0.0";"None";"None";"None";"None";"nan";"7.264583";"43.69571";"000KT"
"2025-47429";"2025-05-09";"1";"Vente";"54000.0";"5.0";"None";"RUE EUGENE EMMANUEL";"2360";"06000";"06088";"Nice";"06";"None";"None";"06088000KT0313";"None";"None";"248";"nan";"None";"nan";"None";"nan";"None";"nan";"None";"nan";"1";"3";"Dépendance";"nan";"0.0";"None";"None";"None";"None";"nan";"7.265866";"43.699612";"000KT"
"2025-47348";"2025-05-07";"1";"Vente";"310000.0";"4.0";"None";"RUE GRIMALDI";"3035";"06000";"06088";"Nice";"06";"None";"None";"06088000KT0363";"None";"None";"83";"38.56";"None";"nan";"None";"nan";"None";"nan";"None";"nan";"1";"2";"Appartement";"22.0";"1.0";"None";"None";"None";"None";"nan";"7.265898";"43.697975";"000KT"
"2025-47636";"2025-05-06";"1";"Vente";"326000.0";"4.0";"None";"RUE GRIMALDI";"3035";"06000";"06088";"Nice";"06";"None";"None";"06088000KT0363";"None";"None";"98";"40.18";"None";"nan";"None";"nan";"None";"nan";"None";"nan";"1";"2";"Appartement";"40.0";"2.0";"None";"None";"None";"None";"nan";"7.265898";"43.697975";"000KT"
"2025-47926";"2025-05-06";"1";"Vente";"245000.0";"6.0";"None";"AV DE VERDUN";"6625";"06000";"06088";"Nice";"06";"None";"None";"06088000KT0074";"None";"None";"13";"20.5";"None";"nan";"None";"nan";"None";"nan";"None";"nan";"1";"2";"Appartement";"21.0";"1.0";"None";"None";"None";"None";"nan";"7.268923";"43.697268";"000KT"
"2025-47225";"2025-04-30";"1";"Vente";"1058000.0";"3.0";"None";"PROM DES ANGLAIS";"0240";"06000";"06088";"Nice";"06";"None";"None";"06088000KT0243";"None";"None";"1040";"94.0";"1076";"nan";"None";"nan";"None";"nan";"None";"nan";"2";"2";"Appartement";"92.0";"2.0";"None";"None";"None";"None";"nan";"7.265001";"43.695379";"000KT"
"2025-47227";"2025-04-30";"1";"Vente";"215000.0";"10.0";"None";"RUE DE FRANCE";"2595";"06000";"06088";"Nice";"06";"None";"None";"06088000KT0215";"None";"None";"133";"nan";"5";"nan";"None";"nan";"None";"nan";"None";"nan";"2";"2";"Appartement";"28.0";"1.0";"None";"None";"None";"None";"nan";"7.263675";"43.696685";"000KT"
"2025-47225";"2025-04-30";"1";"Vente";"1058000.0";"3.0";"None";"PROM DES ANGLAIS";"0240";"06000";"06088";"Nice";"06";"None";"None";"06088000KT0243";"None";"None";"1040";"94.0";"1076";"nan";"None";"nan";"None";"nan";"None";"nan";"2";"3";"Dépendance";"nan";"0.0";"None";"None";"None";"None";"nan";"7.265001";"43.695379";"000KT"
"2025-47227";"2025-04-30";"1";"Vente";"215000.0";"10.0";"None";"RUE DE FRANCE";"2595";"06000";"06088";"Nice";"06";"None";"None";"06088000KT0215";"None";"None";"133";"nan";"5";"nan";"None";"nan";"None";"nan";"None";"nan";"2";"3";"Dépendance";"nan";"0.0";"None";"None";"None";"None";"nan";"7.263675";"43.696685";"000KT"
"2025-46888";"2025-04-29";"1";"Vente";"582000.0";"9.0";"None";"RUE MASSENET";"4115";"06000";"06088";"Nice";"06";"None";"None";"06088000KT0257";"None";"None";"10";"nan";"11";"nan";"70";"56.79";"None";"nan";"None";"nan";"3";"2";"Appartement";"53.0";"2.0";"None";"None";"None";"None";"nan";"7.263955";"43.695823";"000KT"
"2025-46888";"2025-04-29";"1";"Vente";"582000.0";"9.0";"None";"RUE MASSENET";"4115";"06000";"06088";"Nice";"06";"None";"None";"06088000KT0257";"None";"None";"10";"nan";"11";"nan";"70";"56.79";"None";"nan";"None";"nan";"3";"3";"Dépendance";"nan";"0.0";"None";"None";"None";"None";"nan";"7.263955";"43.695823";"000KT"
"2025-46787";"2025-04-25";"1";"Vente";"500000.0";"20.0";"None";"RUE DU MARECHAL JOFFRE";"4020";"06000";"06088";"Nice";"06";"None";"None";"06088000KT0163";"None";"None";"43";"nan";"None";"nan";"None";"nan";"None";"nan";"None";"nan";"1";"3";"Dépendance";"nan";"0.0";"None";"None";"None";"None";"nan";"7.265209";"43.699055";"000KT"
"2025-46787";"2025-04-25";"1";"Vente";"500000.0";"20.0";"None";"RUE DU MARECHAL JOFFRE";"4020";"06000";"06088";"Nice";"06";"None";"None";"06088000KT0163";"None";"None";"44";"nan";"45";"nan";"68";"84.77";"None";"nan";"None";"nan";"3";"4";"Local industriel. commercial ou assimilé";"86.0";"0.0";"None";"None";"None";"None";"nan";"7.265209";"43.699055";"000KT"
"2025-46555";"2025-04-22";"1";"Vente";"270000.0";"33.0";"None";"RUE MASSENA";"4110";"06000";"06088";"Nice";"06";"None";"None";"06088000KT0101";"None";"None";"9";"56.98";"None";"nan";"None";"nan";"None";"nan";"None";"nan";"1";"2";"Appartement";"60.0";"1.0";"None";"None";"None";"None";"nan";"7.266037";"43.696947";"000KT"
"2025-46796";"2025-04-22";"1";"Vente";"370000.0";"12.0";"None";"RUE DU MARECHAL JOFFRE";"4020";"06000";"06088";"Nice";"06";"None";"None";"06088000KT0014";"None";"None";"33";"nan";"None";"nan";"None";"nan";"None";"nan";"None";"nan";"1";"2";"Appartement";"55.0";"2.0";"None";"None";"None";"None";"nan";"7.266226";"43.699209";"000KT"
"2025-47426";"2025-04-22";"1";"Vente";"265000.0";"1.0";"None";"RUE MAURICE JAUBERT";"4135";"06000";"06088";"Nice";"06";"None";"None";"06088000KT0129";"None";"None";"126";"30.75";"None";"nan";"None";"nan";"None";"nan";"None";"nan";"1";"2";"Appartement";"30.0";"2.0";"None";"None";"None";"None";"nan";"7.265537";"43.697314";"000KT"
"2025-46796";"2025-04-22";"1";"Vente";"370000.0";"12.0";"None";"RUE DU MARECHAL JOFFRE";"4020";"06000";"06088";"Nice";"06";"None";"None";"06088000KT0014";"None";"None";"33";"nan";"None";"nan";"None";"nan";"None";"nan";"None";"nan";"1";"3";"Dépendance";"nan";"0.0";"None";"None";"None";"None";"nan";"7.266226";"43.699209";"000KT"
"2025-46900";"2025-04-22";"1";"Vente";"40000.0";"19.0";"None";"RUE DU MARECHAL JOFFRE";"4020";"06000";"06088";"Nice";"06";"None";"None";"06088000KT0140";"None";"None";"85";"nan";"None";"nan";"None";"nan";"None";"nan";"None";"nan";"1";"3";"Dépendance";"nan";"0.0";"None";"None";"None";"None";"nan";"7.265019";"43.698409";"000KT"
"2025-46404";"2025-04-17";"1";"Vente";"173000.0";"3.0";"None";"RUE MASSENA";"4110";"06000";"06088";"Nice";"06";"None";"None";"06088000KT0069";"None";"None";"52";"41.56";"98";"nan";"None";"nan";"None";"nan";"None";"nan";"2";"2";"Appartement";"42.0";"2.0";"None";"None";"None";"None";"nan";"7.269055";"43.69765";"000KT"
"2025-46739";"2025-04-17";"1";"Vente";"215000.0";"9.0";"None";"RUE MASSENET";"4115";"06000";"06088";"Nice";"06";"None";"None";"06088000KT0257";"None";"None";"5";"nan";"64";"27.2";"None";"nan";"None";"nan";"None";"nan";"2";"2";"Appartement";"35.0";"1.0";"None";"None";"None";"None";"nan";"7.263955";"43.695823";"000KT"
"2025-46739";"2025-04-17";"1";"Vente";"215000.0";"9.0";"None";"RUE MASSENET";"4115";"06000";"06088";"Nice";"06";"None";"None";"06088000KT0257";"None";"None";"5";"nan";"64";"27.2";"None";"nan";"None";"nan";"None";"nan";"2";"3";"Dépendance";"nan";"0.0";"None";"None";"None";"None";"nan";"7.263955";"43.695823";"000KT"
"2025-46842";"2025-04-14";"1";"Vente";"715000.0";"18.0";"A";"RUE DU CONGRES";"1655";"06000";"06088";"Nice";"06";"None";"None";"06088000KT0315";"None";"None";"14";"118.4";"67";"nan";"None";"nan";"None";"nan";"None";"nan";"2";"2";"Appartement";"135.0";"3.0";"None";"None";"None";"None";"nan";"7.263177";"43.698011";"000KT"
"2025-46842";"2025-04-14";"1";"Vente";"715000.0";"18.0";"A";"RUE DU CONGRES";"1655";"06000";"06088";"Nice";"06";"None";"None";"06088000KT0315";"None";"None";"14";"118.4";"67";"nan";"None";"nan";"None";"nan";"None";"nan";"2";"3";"Dépendance";"nan";"0.0";"None";"None";"None";"None";"nan";"7.263177";"43.698011";"000KT"
"2025-46450";"2025-04-04";"1";"Vente";"205000.0";"6.0";"None";"RUE MASSENET";"4115";"06000";"06088";"Nice";"06";"None";"None";"06088000KT0368";"None";"None";"355";"19.87";"None";"nan";"None";"nan";"None";"nan";"None";"nan";"1";"2";"Appartement";"24.0";"1.0";"None";"None";"None";"None";"nan";"7.264583";"43.69571";"000KT"
"2025-45984";"2025-04-03";"1";"Vente";"455035.0";"3.0";"None";"PROM DES ANGLAIS";"0240";"06000";"06088";"Nice";"06";"None";"None";"06088000KT0243";"None";"None";"1012";"nan";"1070";"nan";"None";"nan";"None";"nan";"None";"nan";"2";"2";"Appartement";"37.0";"1.0";"None";"None";"None";"None";"nan";"7.265001";"43.695379";"000KT"
"2025-45984";"2025-04-03";"1";"Vente";"455035.0";"3.0";"None";"PROM DES ANGLAIS";"0240";"06000";"06088";"Nice";"06";"None";"None";"06088000KT0243";"None";"None";"1012";"nan";"1070";"nan";"None";"nan";"None";"nan";"None";"nan";"2";"3";"Dépendance";"nan";"0.0";"None";"None";"None";"None";"nan";"7.265001";"43.695379";"000KT"
"2025-45416";"2025-03-31";"1";"Vente";"485000.0";"18.0";"A";"RUE DU CONGRES";"1655";"06000";"06088";"Nice";"06";"None";"None";"06088000KT0315";"None";"None";"40";"65.41";"52";"nan";"None";"nan";"None";"nan";"None";"nan";"2";"2";"Appartement";"62.0";"2.0";"None";"None";"None";"None";"nan";"7.263177";"43.698011";"000KT"
"2025-45416";"2025-03-31";"1";"Vente";"485000.0";"18.0";"A";"RUE DU CONGRES";"1655";"06000";"06088";"Nice";"06";"None";"None";"06088000KT0315";"None";"None";"40";"65.41";"52";"nan";"None";"nan";"None";"nan";"None";"nan";"2";"3";"Dépendance";"nan";"0.0";"None";"None";"None";"None";"nan";"7.263177";"43.698011";"000KT"
"2025-45564";"2025-03-31";"1";"Vente";"30000.0";"6.0";"None";"RUE MASSENET";"4115";"06000";"06088";"Nice";"06";"None";"None";"06088000KT0368";"None";"None";"111";"nan";"None";"nan";"None";"nan";"None";"nan";"None";"nan";"1";"3";"Dépendance";"nan";"0.0";"None";"None";"None";"None";"nan";"7.264583";"43.69571";"000KT"
"2025-45486";"2025-03-28";"1";"Vente";"165000.0";"3.0";"None";"RUE EUGENE EMMANUEL";"2360";"06000";"06088";"Nice";"06";"None";"None";"06088000KT0015";"None";"None";"169";"21.83";"None";"nan";"None";"nan";"None";"nan";"None";"nan";"1";"2";"Appartement";"27.0";"1.0";"None";"None";"None";"None";"nan";"7.266019";"43.699309";"000KT"
"2025-45529";"2025-03-28";"1";"Vente";"720000.0";"8.0";"B";"RUE DU CONGRES";"1655";"06000";"06088";"Nice";"06";"None";"None";"06088000KT0252";"None";"None";"37";"78.8";"None";"nan";"None";"nan";"None";"nan";"None";"nan";"1";"2";"Appartement";"69.0";"3.0";"None";"None";"None";"None";"nan";"7.26348";"43.696237";"000KT"
"2025-46382";"2025-03-28";"1";"Vente";"245000.0";"7.0";"None";"RUE MASSENET";"4115";"06000";"06088";"Nice";"06";"None";"None";"06088000KT0289";"None";"None";"58";"27.7";"None";"nan";"None";"nan";"None";"nan";"None";"nan";"1";"2";"Appartement";"35.0";"1.0";"None";"None";"None";"None";"nan";"7.264099";"43.695617";"000KT"
"2025-45550";"2025-03-28";"1";"Vente";"69000.0";"6.0";"None";"RUE MASSENET";"4115";"06000";"06088";"Nice";"06";"None";"None";"06088000KT0368";"None";"None";"128";"nan";"None";"nan";"None";"nan";"None";"nan";"None";"nan";"1";"3";"Dépendance";"nan";"0.0";"None";"None";"None";"None";"nan";"7.264583";"43.69571";"000KT"
"2025-45550";"2025-03-28";"1";"Vente";"69000.0";"6.0";"None";"RUE MASSENET";"4115";"06000";"06088";"Nice";"06";"None";"None";"06088000KT0368";"None";"None";"127";"nan";"None";"nan";"None";"nan";"None";"nan";"None";"nan";"1";"3";"Dépendance";"nan";"0.0";"None";"None";"None";"None";"nan";"7.264583";"43.69571";"000KT"
"2025-45884";"2025-03-28";"1";"Vente";"55000.0";"2.0";"None";"RUE ALPHONSE KARR";"0135";"06000";"06088";"Nice";"06";"None";"None";"06088000KT0026";"None";"None";"285";"nan";"None";"nan";"None";"nan";"None";"nan";"None";"nan";"1";"3";"Dépendance";"nan";"0.0";"None";"None";"None";"None";"nan";"7.266615";"43.698681";"000KT"
"2025-46382";"2025-03-28";"1";"Vente";"245000.0";"7.0";"None";"RUE MASSENET";"4115";"06000";"06088";"Nice";"06";"None";"None";"06088000KT0289";"None";"None";"1";"nan";"None";"nan";"None";"nan";"None";"nan";"None";"nan";"1";"3";"Dépendance";"nan";"0.0";"None";"None";"None";"None";"nan";"7.264099";"43.695617";"000KT"
"2025-46382";"2025-03-28";"1";"Vente";"245000.0";"7.0";"None";"RUE MASSENET";"4115";"06000";"06088";"Nice";"06";"None";"None";"06088000KT0289";"None";"None";"58";"27.7";"None";"nan";"None";"nan";"None";"nan";"None";"nan";"1";"3";"Dépendance";"nan";"0.0";"None";"None";"None";"None";"nan";"7.264099";"43.695617";"000KT"
"2025-45520";"2025-03-27";"1";"Vente";"949000.0";"8.0";"None";"RUE FRANCOIS 1ER";"2645";"06000";"06088";"Nice";"06";"None";"None";"06088000KT0152";"None";"None";"30";"98.3";"5";"nan";"None";"nan";"None";"nan";"None";"nan";"2";"2";"Appartement";"94.0";"4.0";"None";"None";"None";"None";"nan";"7.26584";"43.698406";"000KT"
"2025-45520";"2025-03-27";"1";"Vente";"949000.0";"8.0";"None";"RUE FRANCOIS 1ER";"2645";"06000";"06088";"Nice";"06";"None";"None";"06088000KT0152";"None";"None";"30";"98.3";"5";"nan";"None";"nan";"None";"nan";"None";"nan";"2";"3";"Dépendance";"nan";"0.0";"None";"None";"None";"None";"nan";"7.26584";"43.698406";"000KT"
"2025-45934";"2025-03-25";"1";"Vente";"265000.0";"15.0";"None";"RUE DU MARECHAL JOFFRE";"4020";"06000";"06088";"Nice";"06";"None";"None";"06088000KT0161";"None";"None";"61";"39.5";"None";"nan";"None";"nan";"None";"nan";"None";"nan";"1";"2";"Appartement";"50.0";"2.0";"None";"None";"None";"None";"nan";"7.265527";"43.698649";"000KT"
"2025-45259";"2025-03-24";"1";"Vente";"220000.0";"1.0";"None";"RUE RAYNARDI";"5390";"06000";"06088";"Nice";"06";"None";"None";"06088000KT0012";"None";"None";"27";"30.05";"None";"nan";"None";"nan";"None";"nan";"None";"nan";"1";"2";"Appartement";"30.0";"1.0";"None";"None";"None";"None";"nan";"7.267077";"43.699566";"000KT"
"2025-45798";"2025-03-21";"1";"Vente";"254000.0";"37.0";"None";"RUE MASSENA";"4110";"06000";"06088";"Nice";"06";"None";"None";"06088000KT0098";"None";"None";"19";"nan";"None";"nan";"None";"nan";"None";"nan";"None";"nan";"1";"2";"Appartement";"46.0";"4.0";"None";"None";"None";"None";"nan";"7.265812";"43.696841";"000KT"
"2025-45234";"2025-03-20";"1";"Vente";"110000.0";"9.0";"None";"RUE MASSENA";"4110";"06000";"06088";"Nice";"06";"None";"None";"06088000KT0067";"None";"None";"37";"nan";"None";"nan";"None";"nan";"None";"nan";"None";"nan";"1";"2";"Appartement";"16.0";"1.0";"None";"None";"None";"None";"nan";"7.268156";"43.697486";"000KT"
"2025-44867";"2025-03-19";"1";"Vente";"180000.0";"7.0";"None";"RUE HALEVY";"3170";"06000";"06088";"Nice";"06";"None";"None";"06088000KT0341";"None";"None";"16";"21.51";"None";"nan";"None";"nan";"None";"nan";"None";"nan";"1";"2";"Appartement";"21.0";"1.0";"None";"None";"None";"None";"nan";"7.264754";"43.696074";"000KT"
"2025-45116";"2025-03-17";"1";"Vente";"260000.0";"2.0";"None";"PL MAGENTA";"3870";"06000";"06088";"Nice";"06";"None";"None";"06088000KT0061";"None";"None";"43";"36.81";"None";"nan";"None";"nan";"None";"nan";"None";"nan";"1";"2";"Appartement";"40.0";"2.0";"None";"None";"None";"None";"nan";"7.267286";"43.697839";"000KT"
"2025-45419";"2025-03-17";"1";"Vente";"290000.0";"15.0";"None";"RUE DE FRANCE";"2595";"06000";"06088";"Nice";"06";"None";"None";"06088000KT0250";"None";"None";"47";"nan";"None";"nan";"None";"nan";"None";"nan";"None";"nan";"1";"2";"Appartement";"39.0";"2.0";"None";"None";"None";"None";"nan";"7.263732";"43.696241";"000KT"
"2025-45116";"2025-03-17";"1";"Vente";"260000.0";"2.0";"None";"PL MAGENTA";"3870";"06000";"06088";"Nice";"06";"None";"None";"06088000KT0061";"None";"None";"43";"36.81";"None";"nan";"None";"nan";"None";"nan";"None";"nan";"1";"3";"Dépendance";"nan";"0.0";"None";"None";"None";"None";"nan";"7.267286";"43.697839";"000KT"
"2025-44839";"2025-03-14";"1";"Vente";"95000.0";"7.0";"None";"RUE DE FRANCE";"2595";"06000";"06088";"Nice";"06";"None";"None";"06088000KT0227";"None";"None";"51";"nan";"None";"nan";"None";"nan";"None";"nan";"None";"nan";"1";"2";"Appartement";"29.0";"2.0";"None";"None";"None";"None";"nan";"7.264425";"43.696447";"000KT"
"2025-44839";"2025-03-14";"1";"Vente";"95000.0";"7.0";"None";"RUE DE FRANCE";"2595";"06000";"06088";"Nice";"06";"None";"None";"06088000KT0227";"None";"None";"35";"nan";"53";"nan";"None";"nan";"None";"nan";"None";"nan";"2";"2";"Appartement";"44.0";"2.0";"None";"None";"None";"None";"nan";"7.264425";"43.696447";"000KT"
"2025-45656";"2025-03-14";"1";"Vente";"645000.0";"9.0";"None";"RUE DE LA LIBERTE";"3640";"06000";"06088";"Nice";"06";"None";"None";"06088000KT0058";"None";"None";"18";"89.48";"2";"nan";"None";"nan";"None";"nan";"None";"nan";"2";"2";"Appartement";"92.0";"4.0";"None";"None";"None";"None";"nan";"7.267679";"43.698092";"000KT"
"2025-45656";"2025-03-14";"1";"Vente";"645000.0";"9.0";"None";"RUE DE LA LIBERTE";"3640";"06000";"06088";"Nice";"06";"None";"None";"06088000KT0058";"None";"None";"18";"89.48";"2";"nan";"None";"nan";"None";"nan";"None";"nan";"2";"3";"Dépendance";"nan";"0.0";"None";"None";"None";"None";"nan";"7.267679";"43.698092";"000KT"
"2025-44478";"2025-03-13";"1";"Vente";"305000.0";"1.0";"None";"RUE LONGCHAMP";"3710";"06000";"06088";"Nice";"06";"None";"None";"06088000KT0334";"None";"None";"19";"24.01";"None";"nan";"None";"nan";"None";"nan";"None";"nan";"1";"2";"Appartement";"24.0";"1.0";"None";"None";"None";"None";"nan";"7.267008";"43.698364";"000KT"
"2025-45337";"2025-03-13";"1";"Vente";"280000.0";"20.0";"None";"RUE DU MARECHAL JOFFRE";"4020";"06000";"06088";"Nice";"06";"None";"None";"06088000KT0163";"None";"None";"83";"61.87";"None";"nan";"None";"nan";"None";"nan";"None";"nan";"1";"2";"Appartement";"62.0";"3.0";"None";"None";"None";"None";"nan";"7.265209";"43.699055";"000KT"
"2025-45337";"2025-03-13";"1";"Vente";"280000.0";"20.0";"None";"RUE DU MARECHAL JOFFRE";"4020";"06000";"06088";"Nice";"06";"None";"None";"06088000KT0163";"None";"None";"83";"61.87";"None";"nan";"None";"nan";"None";"nan";"None";"nan";"1";"3";"Dépendance";"nan";"0.0";"None";"None";"None";"None";"nan";"7.265209";"43.699055";"000KT"
"2025-44991";"2025-03-10";"1";"Vente";"720000.0";"4.0";"None";"RUE GRIMALDI";"3035";"06000";"06088";"Nice";"06";"None";"None";"06088000KT0363";"None";"None";"47";"88.19";"48";"88.19";"None";"nan";"None";"nan";"None";"nan";"2";"2";"Appartement";"106.0";"4.0";"None";"None";"None";"None";"nan";"7.265898";"43.697975";"000KT"
"2025-44991";"2025-03-10";"1";"Vente";"720000.0";"4.0";"None";"RUE GRIMALDI";"3035";"06000";"06088";"Nice";"06";"None";"None";"06088000KT0363";"None";"None";"92";"nan";"None";"nan";"None";"nan";"None";"nan";"None";"nan";"1";"3";"Dépendance";"nan";"0.0";"None";"None";"None";"None";"nan";"7.265898";"43.697975";"000KT"
"2025-44807";"2025-03-06";"1";"Vente";"337000.0";"19.0";"None";"RUE MASSENA";"4110";"06000";"06088";"Nice";"06";"None";"None";"06088000KT0108";"None";"None";"26";"nan";"None";"nan";"None";"nan";"None";"nan";"None";"nan";"1";"2";"Appartement";"54.0";"3.0";"None";"None";"None";"None";"nan";"7.266662";"43.697218";"000KT"
"2025-44523";"2025-02-28";"1";"Vente";"189000.0";"8.0";"None";"RUE DE LA BUFFA";"1000";"06000";"06088";"Nice";"06";"None";"None";"06088000KT0192";"None";"None";"84";"27.31";"None";"nan";"None";"nan";"None";"nan";"None";"nan";"1";"2";"Appartement";"26.0";"1.0";"None";"None";"None";"None";"nan";"7.264065";"43.697804";"000KT"
"2025-45026";"2025-02-28";"1";"Vente";"730000.0";"7.0";"None";"RUE GRIMALDI";"3035";"06000";"06088";"Nice";"06";"None";"None";"06088000KT0140";"None";"None";"120";"nan";"69";"103.12";"None";"nan";"None";"nan";"None";"nan";"2";"2";"Appartement";"100.0";"3.0";"None";"None";"None";"None";"nan";"7.265019";"43.698409";"000KT"
"2025-45026";"2025-02-28";"1";"Vente";"730000.0";"7.0";"None";"RUE GRIMALDI";"3035";"06000";"06088";"Nice";"06";"None";"None";"06088000KT0140";"None";"None";"120";"nan";"69";"103.12";"None";"nan";"None";"nan";"None";"nan";"2";"3";"Dépendance";"nan";"0.0";"None";"None";"None";"None";"nan";"7.265019";"43.698409";"000KT"
"2025-45026";"2025-02-28";"1";"Vente";"730000.0";"19.0";"None";"RUE DU MARECHAL JOFFRE";"4020";"06000";"06088";"Nice";"06";"None";"None";"06088000KT0140";"None";"None";"5";"nan";"None";"nan";"None";"nan";"None";"nan";"None";"nan";"1";"3";"Dépendance";"nan";"0.0";"None";"None";"None";"None";"nan";"7.265019";"43.698409";"000KT"
"2025-44031";"2025-02-27";"1";"Vente";"250000.0";"7.0";"None";"PROM DES ANGLAIS";"0240";"06000";"06088";"Nice";"06";"None";"None";"06088000KT0258";"None";"None";"393";"20.7";"None";"nan";"None";"nan";"None";"nan";"None";"nan";"1";"2";"Appartement";"26.0";"1.0";"None";"None";"None";"None";"nan";"7.264082";"43.695203";"000KT"
"2025-44325";"2025-02-27";"1";"Vente";"356860.0";"4.0";"None";"RUE DU CONGRES";"1655";"06000";"06088";"Nice";"06";"None";"None";"06088000KT0255";"None";"None";"41";"33.81";"None";"nan";"None";"nan";"None";"nan";"None";"nan";"1";"2";"Appartement";"33.0";"1.0";"None";"None";"None";"None";"nan";"7.2636";"43.695518";"000KT"
"2025-44031";"2025-02-27";"1";"Vente";"250000.0";"7.0";"None";"PROM DES ANGLAIS";"0240";"06000";"06088";"Nice";"06";"None";"None";"06088000KT0258";"None";"None";"136";"nan";"None";"nan";"None";"nan";"None";"nan";"None";"nan";"1";"3";"Dépendance";"nan";"0.0";"None";"None";"None";"None";"nan";"7.264082";"43.695203";"000KT"
"2025-44325";"2025-02-27";"1";"Vente";"356860.0";"4.0";"None";"RUE DU CONGRES";"1655";"06000";"06088";"Nice";"06";"None";"None";"06088000KT0255";"None";"None";"41";"33.81";"None";"nan";"None";"nan";"None";"nan";"None";"nan";"1";"3";"Dépendance";"nan";"0.0";"None";"None";"None";"None";"nan";"7.2636";"43.695518";"000KT"
"2025-44609";"2025-02-27";"1";"Vente";"55000.0";"6.0";"None";"RUE MASSENET";"4115";"06000";"06088";"Nice";"06";"None";"None";"06088000KT0368";"None";"None";"317";"nan";"None";"nan";"None";"nan";"None";"nan";"None";"nan";"1";"3";"Dépendance";"nan";"0.0";"None";"None";"None";"None";"nan";"7.264583";"43.69571";"000KT"
"2025-44420";"2025-02-26";"1";"Vente";"422750.0";"15.0";"None";"RUE DU MARECHAL JOFFRE";"4020";"06000";"06088";"Nice";"06";"None";"None";"06088000KT0161";"None";"None";"116";"54.29";"None";"nan";"None";"nan";"None";"nan";"None";"nan";"1";"2";"Appartement";"8.0";"1.0";"None";"None";"None";"None";"nan";"7.265527";"43.698649";"000KT"
"2025-44420";"2025-02-26";"1";"Vente";"422750.0";"15.0";"None";"RUE DU MARECHAL JOFFRE";"4020";"06000";"06088";"Nice";"06";"None";"None";"06088000KT0161";"None";"None";"116";"54.29";"None";"nan";"None";"nan";"None";"nan";"None";"nan";"1";"2";"Appartement";"21.0";"1.0";"None";"None";"None";"None";"nan";"7.265527";"43.698649";"000KT"
"2025-44469";"2025-02-26";"1";"Vente";"389000.0";"5.0";"None";"RUE DE LA BUFFA";"1000";"06000";"06088";"Nice";"06";"None";"None";"06088000KT0203";"None";"None";"17";"nan";"44";"nan";"None";"nan";"None";"nan";"None";"nan";"2";"2";"Appartement";"55.0";"2.0";"None";"None";"None";"None";"nan";"7.264266";"43.697327";"000KT"
"2025-44420";"2025-02-26";"1";"Vente";"422750.0";"15.0";"None";"RUE DU MARECHAL JOFFRE";"4020";"06000";"06088";"Nice";"06";"None";"None";"06088000KT0161";"None";"None";"116";"54.29";"None";"nan";"None";"nan";"None";"nan";"None";"nan";"1";"3";"Dépendance";"nan";"0.0";"None";"None";"None";"None";"nan";"7.265527";"43.698649";"000KT"
"2025-44420";"2025-02-26";"1";"Vente";"422750.0";"15.0";"None";"RUE DU MARECHAL JOFFRE";"4020";"06000";"06088";"Nice";"06";"None";"None";"06088000KT0161";"None";"None";"116";"54.29";"None";"nan";"None";"nan";"None";"nan";"None";"nan";"1";"3";"Dépendance";"nan";"0.0";"None";"None";"None";"None";"nan";"7.265527";"43.698649";"000KT"
"2025-44469";"2025-02-26";"1";"Vente";"389000.0";"5.0";"None";"RUE DE LA BUFFA";"1000";"06000";"06088";"Nice";"06";"None";"None";"06088000KT0203";"None";"None";"38";"nan";"None";"nan";"None";"nan";"None";"nan";"None";"nan";"1";"3";"Dépendance";"nan";"0.0";"None";"None";"None";"None";"nan";"7.264266";"43.697327";"000KT"
"2025-44327";"2025-02-24";"1";"Vente";"285000.0";"11.0";"None";"RUE PARADIS";"4705";"06000";"06088";"Nice";"06";"None";"None";"06088000KT0119";"None";"None";"53";"31.5";"None";"nan";"None";"nan";"None";"nan";"None";"nan";"1";"2";"Appartement";"31.0";"2.0";"None";"None";"None";"None";"nan";"7.26709";"43.697354";"000KT"
"2025-43958";"2025-02-19";"1";"Vente";"240000.0";"4.0";"None";"RUE DE FRANCE";"2595";"06000";"06088";"Nice";"06";"None";"None";"06088000KT0222";"None";"None";"112";"30.99";"None";"nan";"None";"nan";"None";"nan";"None";"nan";"1";"2";"Appartement";"32.0";"2.0";"None";"None";"None";"None";"nan";"7.26469";"43.696933";"000KT"
"2025-44131";"2025-02-18";"1";"Vente";"199000.0";"11.0";"None";"RUE MASSENET";"4115";"06000";"06088";"Nice";"06";"None";"None";"06088000KT0256";"None";"None";"21";"27.6";"None";"nan";"None";"nan";"None";"nan";"None";"nan";"1";"2";"Appartement";"26.0";"1.0";"None";"None";"None";"None";"nan";"7.263718";"43.695829";"000KT"
"2025-43678";"2025-02-17";"1";"Vente";"180000.0";"4.0";"None";"RUE GRIMALDI";"3035";"06000";"06088";"Nice";"06";"None";"None";"06088000KT0363";"None";"None";"80";"23.29";"None";"nan";"None";"nan";"None";"nan";"None";"nan";"1";"2";"Appartement";"17.0";"1.0";"None";"None";"None";"None";"nan";"7.265898";"43.697975";"000KT"
"2025-43549";"2025-02-14";"1";"Vente";"277500.0";"2.0";"None";"PL MAGENTA";"3870";"06000";"06088";"Nice";"06";"None";"None";"06088000KT0061";"None";"None";"27";"nan";"None";"nan";"None";"nan";"None";"nan";"None";"nan";"1";"2";"Appartement";"40.0";"2.0";"None";"None";"None";"None";"nan";"7.267286";"43.697839";"000KT"
"2025-43408";"2025-02-13";"1";"Vente";"650000.0";"3.0";"B";"RUE PARADIS";"4705";"06000";"06088";"Nice";"06";"None";"None";"06088000KT0116";"None";"None";"8";"110.63";"None";"nan";"None";"nan";"None";"nan";"None";"nan";"1";"2";"Appartement";"89.0";"4.0";"None";"None";"None";"None";"nan";"7.267217";"43.696724";"000KT"
"2025-43633";"2025-02-11";"1";"Vente";"190000.0";"7.0";"None";"RUE DE LA LIBERTE";"3640";"06000";"06088";"Nice";"06";"None";"None";"06088000KT0056";"None";"None";"29";"nan";"50";"22.49";"None";"nan";"None";"nan";"None";"nan";"2";"2";"Appartement";"21.0";"1.0";"None";"None";"None";"None";"nan";"7.267789";"43.698151";"000KT"
"2025-43633";"2025-02-11";"1";"Vente";"190000.0";"7.0";"None";"RUE DE LA LIBERTE";"3640";"06000";"06088";"Nice";"06";"None";"None";"06088000KT0056";"None";"None";"29";"nan";"50";"22.49";"None";"nan";"None";"nan";"None";"nan";"2";"3";"Dépendance";"nan";"0.0";"None";"None";"None";"None";"nan";"7.267789";"43.698151";"000KT"
"2025-43919";"2025-02-07";"1";"Vente";"875000.0";"11.0";"None";"RUE MACCARANI";"3810";"06000";"06088";"Nice";"06";"None";"None";"06088000KT0322";"None";"None";"231";"nan";"308";"118.41";"None";"nan";"None";"nan";"None";"nan";"2";"2";"Appartement";"116.0";"4.0";"None";"None";"None";"None";"nan";"7.264358";"43.697967";"000KT"
"2025-43919";"2025-02-07";"1";"Vente";"875000.0";"11.0";"None";"RUE MACCARANI";"3810";"06000";"06088";"Nice";"06";"None";"None";"06088000KT0322";"None";"None";"231";"nan";"308";"118.41";"None";"nan";"None";"nan";"None";"nan";"2";"3";"Dépendance";"nan";"0.0";"None";"None";"None";"None";"nan";"7.264358";"43.697967";"000KT"
"2025-43919";"2025-02-07";"1";"Vente";"875000.0";"11.0";"None";"RUE MACCARANI";"3810";"06000";"06088";"Nice";"06";"None";"None";"06088000KT0322";"None";"None";"231";"nan";"308";"118.41";"None";"nan";"None";"nan";"None";"nan";"2";"3";"Dépendance";"nan";"0.0";"None";"None";"None";"None";"nan";"7.264358";"43.697967";"000KT"
"2025-43584";"2025-02-06";"1";"Vente";"50000.0";"10.0";"None";"RUE DU CONGRES";"1655";"06000";"06088";"Nice";"06";"None";"None";"06088000KT0213";"None";"None";"55";"nan";"None";"nan";"None";"nan";"None";"nan";"None";"nan";"1";"3";"Dépendance";"nan";"0.0";"None";"None";"None";"None";"nan";"7.26335";"43.696583";"000KT"
"2025-43584";"2025-02-06";"1";"Vente";"50000.0";"10.0";"None";"RUE DU CONGRES";"1655";"06000";"06088";"Nice";"06";"None";"None";"06088000KT0213";"None";"None";"46";"nan";"None";"nan";"None";"nan";"None";"nan";"None";"nan";"1";"3";"Dépendance";"nan";"0.0";"None";"None";"None";"None";"nan";"7.26335";"43.696583";"000KT"
"2025-43584";"2025-02-06";"1";"Vente";"50000.0";"10.0";"None";"RUE DU CONGRES";"1655";"06000";"06088";"Nice";"06";"None";"None";"06088000KT0213";"None";"None";"47";"nan";"None";"nan";"None";"nan";"None";"nan";"None";"nan";"1";"3";"Dépendance";"nan";"0.0";"None";"None";"None";"None";"nan";"7.26335";"43.696583";"000KT"
"2025-43584";"2025-02-06";"1";"Vente";"50000.0";"10.0";"None";"RUE DU CONGRES";"1655";"06000";"06088";"Nice";"06";"None";"None";"06088000KT0213";"None";"None";"48";"nan";"None";"nan";"None";"nan";"None";"nan";"None";"nan";"1";"3";"Dépendance";"nan";"0.0";"None";"None";"None";"None";"nan";"7.26335";"43.696583";"000KT"
"2025-43584";"2025-02-06";"1";"Vente";"50000.0";"10.0";"None";"RUE DU CONGRES";"1655";"06000";"06088";"Nice";"06";"None";"None";"06088000KT0213";"None";"None";"49";"nan";"None";"nan";"None";"nan";"None";"nan";"None";"nan";"1";"3";"Dépendance";"nan";"0.0";"None";"None";"None";"None";"nan";"7.26335";"43.696583";"000KT"
"2025-43584";"2025-02-06";"1";"Vente";"50000.0";"10.0";"None";"RUE DU CONGRES";"1655";"06000";"06088";"Nice";"06";"None";"None";"06088000KT0213";"None";"None";"56";"nan";"None";"nan";"None";"nan";"None";"nan";"None";"nan";"1";"3";"Dépendance";"nan";"0.0";"None";"None";"None";"None";"nan";"7.26335";"43.696583";"000KT"
"2025-43584";"2025-02-06";"1";"Vente";"50000.0";"10.0";"None";"RUE DU CONGRES";"1655";"06000";"06088";"Nice";"06";"None";"None";"06088000KT0213";"None";"None";"57";"nan";"None";"nan";"None";"nan";"None";"nan";"None";"nan";"1";"3";"Dépendance";"nan";"0.0";"None";"None";"None";"None";"nan";"7.26335";"43.696583";"000KT"
"2025-42795";"2025-01-31";"1";"Vente";"364800.0";"3.0";"None";"RUE HALEVY";"3170";"06000";"06088";"Nice";"06";"None";"None";"06088000KT0243";"None";"None";"2003";"nan";"2060";"103.2";"None";"nan";"None";"nan";"None";"nan";"2";"2";"Appartement";"100.0";"3.0";"None";"None";"None";"None";"nan";"7.265001";"43.695379";"000KT"
"2025-43028";"2025-01-31";"1";"Vente";"277000.0";"1.0";"None";"RUE MAURICE JAUBERT";"4135";"06000";"06088";"Nice";"06";"None";"None";"06088000KT0129";"None";"None";"137";"nan";"None";"nan";"None";"nan";"None";"nan";"None";"nan";"1";"2";"Appartement";"34.0";"2.0";"None";"None";"None";"None";"nan";"7.265537";"43.697314";"000KT"
"2025-43306";"2025-01-31";"1";"Vente";"705000.0";"1.0";"None";"RUE ALPHONSE KARR";"0135";"06000";"06088";"Nice";"06";"None";"None";"06088000KT0145";"None";"None";"111";"nan";"97";"nan";"None";"nan";"None";"nan";"None";"nan";"2";"2";"Appartement";"139.0";"5.0";"None";"None";"None";"None";"nan";"7.266456";"43.69811";"000KT"
"2025-42795";"2025-01-31";"1";"Vente";"364800.0";"3.0";"None";"RUE HALEVY";"3170";"06000";"06088";"Nice";"06";"None";"None";"06088000KT0243";"None";"None";"2003";"nan";"2060";"103.2";"None";"nan";"None";"nan";"None";"nan";"2";"3";"Dépendance";"nan";"0.0";"None";"None";"None";"None";"nan";"7.265001";"43.695379";"000KT"
"2025-43306";"2025-01-31";"1";"Vente";"705000.0";"1.0";"None";"RUE ALPHONSE KARR";"0135";"06000";"06088";"Nice";"06";"None";"None";"06088000KT0145";"None";"None";"111";"nan";"97";"nan";"None";"nan";"None";"nan";"None";"nan";"2";"3";"Dépendance";"nan";"0.0";"None";"None";"None";"None";"nan";"7.266456";"43.69811";"000KT"
"2025-43312";"2025-01-28";"1";"Vente";"190000.0";"15.0";"None";"BD VICTOR HUGO";"6655";"06000";"06088";"Nice";"06";"None";"None";"06088000KT0017";"None";"None";"17";"nan";"None";"nan";"None";"nan";"None";"nan";"None";"nan";"1";"2";"Appartement";"30.0";"1.0";"None";"None";"None";"None";"nan";"7.265506";"43.699473";"000KT"
"2025-42631";"2025-01-27";"1";"Vente";"13000.0";"11.0";"B";"RUE GRIMALDI";"3035";"06000";"06088";"Nice";"06";"None";"None";"06088000KT0172";"None";"None";"6";"nan";"None";"nan";"None";"nan";"None";"nan";"None";"nan";"1";"3";"Dépendance";"nan";"0.0";"None";"None";"None";"None";"nan";"7.264705";"43.698992";"000KT"
"2025-42749";"2025-01-24";"1";"Vente";"313500.0";"12.0";"None";"RUE JOSEPH BRES";"3455";"06000";"06088";"Nice";"06";"None";"None";"06088000KT0381";"None";"None";"216";"38.53";"None";"nan";"None";"nan";"None";"nan";"None";"nan";"1";"2";"Appartement";"39.0";"2.0";"None";"None";"None";"None";"nan";"7.268336";"43.698832";"000KT"
"2025-42693";"2025-01-24";"1";"Vente";"60000.0";"12.0";"None";"RUE JOSEPH BRES";"3455";"06000";"06088";"Nice";"06";"None";"None";"06088000KT0381";"None";"None";"72";"nan";"None";"nan";"None";"nan";"None";"nan";"None";"nan";"1";"3";"Dépendance";"nan";"0.0";"None";"None";"None";"None";"nan";"7.268336";"43.698832";"000KT"
"2025-42871";"2025-01-24";"1";"Vente";"32000.0";"4.0";"None";"RUE DU DOCTEUR BARETY";"2010";"06000";"06088";"Nice";"06";"None";"None";"06088000KT0192";"None";"None";"43";"nan";"None";"nan";"None";"nan";"None";"nan";"None";"nan";"1";"3";"Dépendance";"nan";"0.0";"None";"None";"None";"None";"nan";"7.264065";"43.697804";"000KT"
"2025-42584";"2025-01-24";"1";"Vente";"320000.0";"11.0";"None";"AV JEAN MEDECIN";"3372";"06000";"06088";"Nice";"06";"None";"None";"06088000KT0041";"None";"None";"8";"52.95";"None";"nan";"None";"nan";"None";"nan";"None";"nan";"1";"4";"Local industriel. commercial ou assimilé";"54.0";"0.0";"None";"None";"None";"None";"nan";"7.268663";"43.699039";"000KT"
"2025-43770";"2025-01-21";"1";"Vente";"210000.0";"6.0";"T";"RUE ALPHONSE KARR";"0135";"06000";"06088";"Nice";"06";"None";"None";"06088000KT0019";"None";"None";"72";"nan";"None";"nan";"None";"nan";"None";"nan";"None";"nan";"1";"2";"Appartement";"28.0";"1.0";"None";"None";"None";"None";"nan";"7.266115";"43.698833";"000KT"
"2025-42534";"2025-01-20";"2";"Echange";"15000.0";"11.0";"B";"RUE GRIMALDI";"3035";"06000";"06088";"Nice";"06";"None";"None";"06088000KT0172";"None";"None";"13";"nan";"None";"nan";"None";"nan";"None";"nan";"None";"nan";"1";"2";"Appartement";"74.0";"3.0";"None";"None";"None";"None";"nan";"7.264705";"43.698992";"000KT"
"2025-42534";"2025-01-20";"2";"Echange";"15000.0";"11.0";"B";"RUE GRIMALDI";"3035";"06000";"06088";"Nice";"06";"None";"None";"06088000KT0172";"None";"None";"13";"nan";"None";"nan";"None";"nan";"None";"nan";"None";"nan";"1";"3";"Dépendance";"nan";"0.0";"None";"None";"None";"None";"nan";"7.264705";"43.698992";"000KT"
"2025-42273";"2025-01-16";"1";"Vente";"437467.0";"2.0";"None";"RUE DU MARECHAL JOFFRE";"4020";"06000";"06088";"Nice";"06";"None";"None";"06088000KT0005";"None";"None";"101";"nan";"174";"nan";"None";"nan";"None";"nan";"None";"nan";"2";"2";"Appartement";"61.0";"2.0";"None";"None";"None";"None";"nan";"7.267897";"43.699743";"000KT"
"2025-43293";"2025-01-16";"1";"Vente";"780000.0";"19.0";"None";"RUE DE LA LIBERTE";"3640";"06000";"06088";"Nice";"06";"None";"None";"06088000KT0126";"None";"None";"110";"nan";"121";"110.76";"None";"nan";"None";"nan";"None";"nan";"2";"2";"Appartement";"100.0";"4.0";"None";"None";"None";"None";"nan";"7.266029";"43.697498";"000KT"
"2025-42273";"2025-01-16";"1";"Vente";"437467.0";"2.0";"None";"RUE DU MARECHAL JOFFRE";"4020";"06000";"06088";"Nice";"06";"None";"None";"06088000KT0005";"None";"None";"101";"nan";"174";"nan";"None";"nan";"None";"nan";"None";"nan";"2";"3";"Dépendance";"nan";"0.0";"None";"None";"None";"None";"nan";"7.267897";"43.699743";"000KT"
"2025-43293";"2025-01-16";"1";"Vente";"780000.0";"19.0";"None";"RUE DE LA LIBERTE";"3640";"06000";"06088";"Nice";"06";"None";"None";"06088000KT0126";"None";"None";"110";"nan";"121";"110.76";"None";"nan";"None";"nan";"None";"nan";"2";"3";"Dépendance";"nan";"0.0";"None";"None";"None";"None";"nan";"7.266029";"43.697498";"000KT"
"2025-42326";"2025-01-15";"1";"Vente";"335000.0";"5.0";"None";"RUE DU DOC MICHEL ROSANOFF";"2030";"06000";"06088";"Nice";"06";"None";"None";"06088000KT0381";"None";"None";"192";"nan";"None";"nan";"None";"nan";"None";"nan";"None";"nan";"1";"2";"Appartement";"42.0";"2.0";"None";"None";"None";"None";"nan";"7.268336";"43.698832";"000KT"
"2025-42326";"2025-01-15";"1";"Vente";"335000.0";"5.0";"None";"RUE DU DOC MICHEL ROSANOFF";"2030";"06000";"06088";"Nice";"06";"None";"None";"06088000KT0381";"None";"None";"192";"nan";"None";"nan";"None";"nan";"None";"nan";"None";"nan";"1";"3";"Dépendance";"nan";"0.0";"None";"None";"None";"None";"nan";"7.268336";"43.698832";"000KT"
"2025-42199";"2025-01-13";"1";"Vente";"830000.0";"6.0";"B";"RUE ALPHONSE KARR";"0135";"06000";"06088";"Nice";"06";"None";"None";"06088000KT0019";"None";"None";"116";"nan";"133";"nan";"None";"nan";"None";"nan";"None";"nan";"2";"2";"Appartement";"80.0";"3.0";"None";"None";"None";"None";"nan";"7.266115";"43.698833";"000KT"
"2025-42334";"2025-01-08";"1";"Vente";"645000.0";"5.0";"None";"RUE DU DOC MICHEL ROSANOFF";"2030";"06000";"06088";"Nice";"06";"None";"None";"06088000KT0381";"None";"None";"234";"65.49";"None";"nan";"None";"nan";"None";"nan";"None";"nan";"1";"2";"Appartement";"65.0";"3.0";"None";"None";"None";"None";"nan";"7.268336";"43.698832";"000KT"
"2025-42334";"2025-01-08";"1";"Vente";"645000.0";"12.0";"None";"RUE JOSEPH BRES";"3455";"06000";"06088";"Nice";"06";"None";"None";"06088000KT0381";"None";"None";"69";"nan";"None";"nan";"None";"nan";"None";"nan";"None";"nan";"1";"3";"Dépendance";"nan";"0.0";"None";"None";"None";"None";"nan";"7.268336";"43.698832";"000KT"
"2024-54593";"2024-12-30";"1";"Vente";"920000.0";"1.0";"None";"PL MAGENTA";"3870";"06000";"06088";"Nice";"06";"None";"None";"06088000KT0121";"None";"None";"68";"nan";"None";"nan";"None";"nan";"None";"nan";"None";"nan";"1";"2";"Appartement";"78.0";"3.0";"None";"None";"None";"None";"nan";"7.266815";"43.697788";"000KT"
"2024-54630";"2024-12-30";"1";"Vente";"383000.0";"13.0";"None";"RUE MASSENET";"4115";"06000";"06088";"Nice";"06";"None";"None";"06088000KT0248";"None";"None";"10";"nan";"84";"43.29";"None";"nan";"None";"nan";"None";"nan";"2";"2";"Appartement";"45.0";"2.0";"None";"None";"None";"None";"nan";"7.263949";"43.696342";"000KT"
"2024-54728";"2024-12-30";"1";"Vente";"603000.0";"11.0";"B";"RUE GRIMALDI";"3035";"06000";"06088";"Nice";"06";"None";"None";"06088000KT0172";"None";"None";"24";"69.7";"None";"nan";"None";"nan";"None";"nan";"None";"nan";"1";"2";"Appartement";"68.0";"3.0";"None";"None";"None";"None";"nan";"7.264705";"43.698992";"000KT"
"2024-54593";"2024-12-30";"1";"Vente";"920000.0";"1.0";"None";"PL MAGENTA";"3870";"06000";"06088";"Nice";"06";"None";"None";"06088000KT0121";"None";"None";"68";"nan";"None";"nan";"None";"nan";"None";"nan";"None";"nan";"1";"3";"Dépendance";"nan";"0.0";"None";"None";"None";"None";"nan";"7.266815";"43.697788";"000KT"
"2024-54630";"2024-12-30";"1";"Vente";"383000.0";"13.0";"None";"RUE MASSENET";"4115";"06000";"06088";"Nice";"06";"None";"None";"06088000KT0248";"None";"None";"10";"nan";"84";"43.29";"None";"nan";"None";"nan";"None";"nan";"2";"3";"Dépendance";"nan";"0.0";"None";"None";"None";"None";"nan";"7.263949";"43.696342";"000KT"
"2024-54728";"2024-12-30";"1";"Vente";"603000.0";"11.0";"B";"RUE GRIMALDI";"3035";"06000";"06088";"Nice";"06";"None";"None";"06088000KT0172";"None";"None";"24";"69.7";"None";"nan";"None";"nan";"None";"nan";"None";"nan";"1";"3";"Dépendance";"nan";"0.0";"None";"None";"None";"None";"nan";"7.264705";"43.698992";"000KT"
"2024-54674";"2024-12-27";"1";"Vente";"977200.0";"4.0";"None";"RUE GRIMALDI";"3035";"06000";"06088";"Nice";"06";"None";"None";"06088000KT0363";"None";"None";"35";"110.13";"None";"nan";"None";"nan";"None";"nan";"None";"nan";"1";"4";"Local industriel. commercial ou assimilé";"120.0";"0.0";"None";"None";"None";"None";"nan";"7.265898";"43.697975";"000KT"
"2024-54441";"2024-12-23";"1";"Vente";"265000.0";"1.0";"None";"AV DE SUEDE";"6294";"06000";"06088";"Nice";"06";"None";"None";"06088000KT0085";"None";"None";"51";"31.91";"None";"nan";"None";"nan";"None";"nan";"None";"nan";"1";"2";"Appartement";"33.0";"1.0";"None";"None";"None";"None";"nan";"7.265809";"43.696193";"000KT"
"2024-54038";"2024-12-20";"1";"Vente";"690000.0";"5.0";"None";"RUE LONGCHAMP";"3710";"06000";"06088";"Nice";"06";"None";"None";"06088000KT0332";"None";"None";"16";"nan";"48";"85.31";"None";"nan";"None";"nan";"None";"nan";"2";"2";"Appartement";"44.0";"1.0";"None";"None";"None";"None";"nan";"7.267074";"43.698877";"000KT"
"2024-54689";"2024-12-20";"1";"Vente";"230000.0";"3.0";"None";"AV DE SUEDE";"6294";"06000";"06088";"Nice";"06";"None";"None";"06088000KT0365";"None";"None";"103";"27.46";"None";"nan";"None";"nan";"None";"nan";"None";"nan";"1";"2";"Appartement";"30.0";"1.0";"None";"None";"None";"None";"nan";"7.265709";"43.696239";"000KT"
"2024-54701";"2024-12-20";"1";"Vente";"445000.0";"2.0";"None";"RUE ALPHONSE KARR";"0135";"06000";"06088";"Nice";"06";"None";"None";"06088000KT0026";"None";"None";"103";"54.03";"252";"nan";"None";"nan";"None";"nan";"None";"nan";"2";"2";"Appartement";"54.0";"2.0";"None";"None";"None";"None";"nan";"7.266615";"43.698681";"000KT"
"2024-54038";"2024-12-20";"1";"Vente";"690000.0";"5.0";"None";"RUE LONGCHAMP";"3710";"06000";"06088";"Nice";"06";"None";"None";"06088000KT0332";"None";"None";"16";"nan";"48";"85.31";"None";"nan";"None";"nan";"None";"nan";"2";"3";"Dépendance";"nan";"0.0";"None";"None";"None";"None";"nan";"7.267074";"43.698877";"000KT"
"2024-54686";"2024-12-20";"1";"Vente";"50000.0";"2.0";"None";"RUE ALPHONSE KARR";"0135";"06000";"06088";"Nice";"06";"None";"None";"06088000KT0026";"None";"None";"508";"nan";"None";"nan";"None";"nan";"None";"nan";"None";"nan";"1";"3";"Dépendance";"nan";"0.0";"None";"None";"None";"None";"nan";"7.266615";"43.698681";"000KT"
"2024-54701";"2024-12-20";"1";"Vente";"445000.0";"2.0";"None";"RUE ALPHONSE KARR";"0135";"06000";"06088";"Nice";"06";"None";"None";"06088000KT0026";"None";"None";"103";"54.03";"252";"nan";"None";"nan";"None";"nan";"None";"nan";"2";"3";"Dépendance";"nan";"0.0";"None";"None";"None";"None";"nan";"7.266615";"43.698681";"000KT"
"2024-54701";"2024-12-20";"1";"Vente";"445000.0";"2.0";"None";"RUE ALPHONSE KARR";"0135";"06000";"06088";"Nice";"06";"None";"None";"06088000KT0026";"None";"None";"103";"54.03";"252";"nan";"None";"nan";"None";"nan";"None";"nan";"2";"3";"Dépendance";"nan";"0.0";"None";"None";"None";"None";"nan";"7.266615";"43.698681";"000KT"
"2024-54707";"2024-12-20";"1";"Vente";"50000.0";"2.0";"None";"RUE ALPHONSE KARR";"0135";"06000";"06088";"Nice";"06";"None";"None";"06088000KT0026";"None";"None";"374";"nan";"None";"nan";"None";"nan";"None";"nan";"None";"nan";"1";"3";"Dépendance";"nan";"0.0";"None";"None";"None";"None";"nan";"7.266615";"43.698681";"000KT"
"2024-54075";"2024-12-19";"1";"Vente";"245000.0";"8.0";"None";"RUE MASSENET";"4115";"06000";"06088";"Nice";"06";"None";"None";"06088000KT0308";"None";"None";"2";"nan";"30";"81.01";"49";"nan";"None";"nan";"None";"nan";"3";"2";"Appartement";"95.0";"3.0";"None";"None";"None";"None";"nan";"7.264522";"43.696135";"000KT"
"2024-54075";"2024-12-19";"1";"Vente";"245000.0";"8.0";"None";"RUE MASSENET";"4115";"06000";"06088";"Nice";"06";"None";"None";"06088000KT0308";"None";"None";"2";"nan";"30";"81.01";"49";"nan";"None";"nan";"None";"nan";"3";"3";"Dépendance";"nan";"0.0";"None";"None";"None";"None";"nan";"7.264522";"43.696135";"000KT"
"2024-54075";"2024-12-19";"1";"Vente";"245000.0";"8.0";"None";"RUE MASSENET";"4115";"06000";"06088";"Nice";"06";"None";"None";"06088000KT0308";"None";"None";"2";"nan";"30";"81.01";"49";"nan";"None";"nan";"None";"nan";"3";"3";"Dépendance";"nan";"0.0";"None";"None";"None";"None";"nan";"7.264522";"43.696135";"000KT"
"2024-54523";"2024-12-19";"1";"Vente";"218103.0";"10.0";"None";"RUE DU CONGRES";"1655";"06000";"06088";"Nice";"06";"None";"None";"06088000KT0213";"None";"None";"8";"36.1";"None";"nan";"None";"nan";"None";"nan";"None";"nan";"1";"3";"Dépendance";"nan";"0.0";"None";"None";"None";"None";"nan";"7.26335";"43.696583";"000KT"
"2024-54663";"2024-12-19";"1";"Vente";"882000.0";"nan";"None";"RUE MASSENA";"4110";"06000";"06088";"Nice";"06";"None";"None";"06088000KT0110";"None";"None";"None";"nan";"None";"nan";"None";"nan";"None";"nan";"None";"nan";"0";"None";"None";"nan";"nan";"S";"sols";"None";"None";"386.0";"7.266548";"43.696966";"000KT"
"2024-53603";"2024-12-17";"1";"Vente";"242000.0";"5.0";"None";"RUE DE LA BUFFA";"1000";"06000";"06088";"Nice";"06";"None";"None";"06088000KT0203";"None";"None";"10";"nan";"45";"24.51";"None";"nan";"None";"nan";"None";"nan";"2";"2";"Appartement";"24.0";"1.0";"None";"None";"None";"None";"nan";"7.264266";"43.697327";"000KT"
"2024-53603";"2024-12-17";"1";"Vente";"242000.0";"5.0";"None";"RUE DE LA BUFFA";"1000";"06000";"06088";"Nice";"06";"None";"None";"06088000KT0203";"None";"None";"10";"nan";"45";"24.51";"None";"nan";"None";"nan";"None";"nan";"2";"3";"Dépendance";"nan";"0.0";"None";"None";"None";"None";"nan";"7.264266";"43.697327";"000KT"
"2024-53654";"2024-12-16";"1";"Vente";"379300.0";"7.0";"None";"PROM DES ANGLAIS";"0240";"06000";"06088";"Nice";"06";"None";"None";"06088000KT0258";"None";"None";"339";"36.58";"None";"nan";"None";"nan";"None";"nan";"None";"nan";"1";"2";"Appartement";"39.0";"1.0";"None";"None";"None";"None";"nan";"7.264082";"43.695203";"000KT"
"2024-53811";"2024-12-16";"1";"Vente";"251730.0";"2.0";"None";"RUE DU MARECHAL JOFFRE";"4020";"06000";"06088";"Nice";"06";"None";"None";"06088000KT0005";"None";"None";"139";"nan";"176";"32.67";"None";"nan";"None";"nan";"None";"nan";"2";"2";"Appartement";"31.0";"1.0";"None";"None";"None";"None";"nan";"7.267897";"43.699743";"000KT"
"2024-53654";"2024-12-16";"1";"Vente";"379300.0";"7.0";"None";"PROM DES ANGLAIS";"0240";"06000";"06088";"Nice";"06";"None";"None";"06088000KT0258";"None";"None";"93";"nan";"None";"nan";"None";"nan";"None";"nan";"None";"nan";"1";"3";"Dépendance";"nan";"0.0";"None";"None";"None";"None";"nan";"7.264082";"43.695203";"000KT"
"2024-53811";"2024-12-16";"1";"Vente";"251730.0";"2.0";"None";"RUE DU MARECHAL JOFFRE";"4020";"06000";"06088";"Nice";"06";"None";"None";"06088000KT0005";"None";"None";"139";"nan";"176";"32.67";"None";"nan";"None";"nan";"None";"nan";"2";"3";"Dépendance";"nan";"0.0";"None";"None";"None";"None";"nan";"7.267897";"43.699743";"000KT"
"2024-53938";"2024-12-12";"1";"Vente";"375000.0";"1.0";"None";"PL GRIMALDI";"3030";"06000";"06088";"Nice";"06";"None";"None";"06088000KT0129";"None";"None";"310";"37.2";"None";"nan";"None";"nan";"None";"nan";"None";"nan";"1";"2";"Appartement";"37.0";"2.0";"None";"None";"None";"None";"nan";"7.265537";"43.697314";"000KT"
"2024-53897";"2024-12-10";"1";"Vente";"6500000.0";"19.0";"B";"BD VICTOR HUGO";"6655";"06000";"06088";"Nice";"06";"None";"None";"06088000KT0181";"None";"None";"None";"nan";"None";"nan";"None";"nan";"None";"nan";"None";"nan";"0";"4";"Local industriel. commercial ou assimilé";"187.0";"0.0";"S";"sols";"None";"None";"370.0";"7.264479";"43.699235";"000KT"
"2024-53897";"2024-12-10";"1";"Vente";"6500000.0";"19.0";"B";"BD VICTOR HUGO";"6655";"06000";"06088";"Nice";"06";"None";"None";"06088000KT0181";"None";"None";"None";"nan";"None";"nan";"None";"nan";"None";"nan";"None";"nan";"0";"4";"Local industriel. commercial ou assimilé";"24.0";"0.0";"S";"sols";"None";"None";"370.0";"7.264479";"43.699235";"000KT"
"2024-53897";"2024-12-10";"1";"Vente";"6500000.0";"19.0";"B";"BD VICTOR HUGO";"6655";"06000";"06088";"Nice";"06";"None";"None";"06088000KT0181";"None";"None";"None";"nan";"None";"nan";"None";"nan";"None";"nan";"None";"nan";"0";"4";"Local industriel. commercial ou assimilé";"24.0";"0.0";"S";"sols";"None";"None";"370.0";"7.264479";"43.699235";"000KT"
"2024-53897";"2024-12-10";"1";"Vente";"6500000.0";"19.0";"B";"BD VICTOR HUGO";"6655";"06000";"06088";"Nice";"06";"None";"None";"06088000KT0181";"None";"None";"None";"nan";"None";"nan";"None";"nan";"None";"nan";"None";"nan";"0";"4";"Local industriel. commercial ou assimilé";"966.0";"0.0";"S";"sols";"None";"None";"370.0";"7.264479";"43.699235";"000KT"
"2024-53897";"2024-12-10";"1";"Vente";"6500000.0";"nan";"None";"RUE MACCARANI";"3810";"06000";"06088";"Nice";"06";"None";"None";"06088000KT0369";"None";"None";"None";"nan";"None";"nan";"None";"nan";"None";"nan";"None";"nan";"0";"None";"None";"nan";"nan";"S";"sols";"None";"None";"10.0";"7.26457";"43.699167";"000KT"
"2024-53410";"2024-12-06";"1";"Vente";"520000.0";"10.0";"None";"RUE DE FRANCE";"2595";"06000";"06088";"Nice";"06";"None";"None";"06088000KT0215";"None";"None";"67";"75.19";"None";"nan";"None";"nan";"None";"nan";"None";"nan";"1";"4";"Local industriel. commercial ou assimilé";"79.0";"0.0";"None";"None";"None";"None";"nan";"7.263675";"43.696685";"000KT"
"2024-52986";"2024-12-02";"1";"Vente";"860000.0";"5.0";"None";"RUE HALEVY";"3170";"06000";"06088";"Nice";"06";"None";"None";"06088000KT0243";"None";"None";"2045";"nan";"2102";"73.37";"None";"nan";"None";"nan";"None";"nan";"2";"2";"Appartement";"70.0";"2.0";"None";"None";"None";"None";"nan";"7.265001";"43.695379";"000KT"
"2024-52986";"2024-12-02";"1";"Vente";"860000.0";"5.0";"None";"RUE HALEVY";"3170";"06000";"06088";"Nice";"06";"None";"None";"06088000KT0243";"None";"None";"2045";"nan";"2102";"73.37";"None";"nan";"None";"nan";"None";"nan";"2";"3";"Dépendance";"nan";"0.0";"None";"None";"None";"None";"nan";"7.265001";"43.695379";"000KT"
"2024-52986";"2024-12-02";"1";"Vente";"860000.0";"5.0";"None";"RUE HALEVY";"3170";"06000";"06088";"Nice";"06";"None";"None";"06088000KT0243";"None";"None";"2045";"nan";"2102";"73.37";"None";"nan";"None";"nan";"None";"nan";"2";"3";"Dépendance";"nan";"0.0";"None";"None";"None";"None";"nan";"7.265001";"43.695379";"000KT"
"2024-53736";"2024-11-28";"1";"Vente";"354580.0";"18.0";"A";"RUE DU CONGRES";"1655";"06000";"06088";"Nice";"06";"None";"None";"06088000KT0315";"None";"None";"13";"36.53";"76";"nan";"None";"nan";"None";"nan";"None";"nan";"2";"2";"Appartement";"33.0";"1.0";"None";"None";"None";"None";"nan";"7.263177";"43.698011";"000KT"
"2024-53042";"2024-11-26";"1";"Vente";"127000.0";"9.0";"None";"RUE ALPHONSE KARR";"0135";"06000";"06088";"Nice";"06";"None";"None";"06088000KT0162";"None";"None";"11";"nan";"None";"nan";"None";"nan";"None";"nan";"None";"nan";"1";"2";"Appartement";"17.0";"1.0";"None";"None";"None";"None";"nan";"7.265434";"43.699073";"000KT"
"2024-53185";"2024-11-21";"1";"Vente";"455000.0";"7.0";"None";"RUE HALEVY";"3170";"06000";"06088";"Nice";"06";"None";"None";"06088000KT0341";"None";"None";"43";"nan";"None";"nan";"None";"nan";"None";"nan";"None";"nan";"1";"2";"Appartement";"26.0";"1.0";"None";"None";"None";"None";"nan";"7.264754";"43.696074";"000KT"
"2024-53185";"2024-11-21";"1";"Vente";"455000.0";"7.0";"None";"RUE HALEVY";"3170";"06000";"06088";"Nice";"06";"None";"None";"06088000KT0341";"None";"None";"44";"nan";"None";"nan";"None";"nan";"None";"nan";"None";"nan";"1";"2";"Appartement";"26.0";"1.0";"None";"None";"None";"None";"nan";"7.264754";"43.696074";"000KT"
"2024-52497";"2024-11-21";"1";"Vente";"40000.0";"6.0";"None";"RUE MASSENET";"4115";"06000";"06088";"Nice";"06";"None";"None";"06088000KT0368";"None";"None";"325";"nan";"None";"nan";"None";"nan";"None";"nan";"None";"nan";"1";"3";"Dépendance";"nan";"0.0";"None";"None";"None";"None";"nan";"7.264583";"43.69571";"000KT"
"2024-52658";"2024-11-20";"2";"Echange";"6600.0";"11.0";"B";"RUE GRIMALDI";"3035";"06000";"06088";"Nice";"06";"None";"None";"06088000KT0172";"None";"None";"11";"nan";"None";"nan";"None";"nan";"None";"nan";"None";"nan";"1";"3";"Dépendance";"nan";"0.0";"None";"None";"None";"None";"nan";"7.264705";"43.698992";"000KT"
"2024-52667";"2024-11-20";"1";"Vente";"50000.0";"10.0";"None";"RUE DE FRANCE";"2595";"06000";"06088";"Nice";"06";"None";"None";"06088000KT0215";"None";"None";"48";"nan";"None";"nan";"None";"nan";"None";"nan";"None";"nan";"1";"3";"Dépendance";"nan";"0.0";"None";"None";"None";"None";"nan";"7.263675";"43.696685";"000KT"
"2024-52657";"2024-11-20";"1";"Echange";"15000.0";"11.0";"B";"RUE GRIMALDI";"3035";"06000";"06088";"Nice";"06";"None";"None";"06088000KT0172";"None";"None";"7";"nan";"None";"nan";"None";"nan";"None";"nan";"None";"nan";"1";"4";"Local industriel. commercial ou assimilé";"75.0";"0.0";"None";"None";"None";"None";"nan";"7.264705";"43.698992";"000KT"
"2024-52680";"2024-11-19";"1";"Vente";"280000.0";"1.0";"None";"RUE MAURICE JAUBERT";"4135";"06000";"06088";"Nice";"06";"None";"None";"06088000KT0129";"None";"None";"110";"35.87";"None";"nan";"None";"nan";"None";"nan";"None";"nan";"1";"2";"Appartement";"35.0";"2.0";"None";"None";"None";"None";"nan";"7.265537";"43.697314";"000KT"
"2024-52795";"2024-11-18";"1";"Vente";"500000.0";"20.0";"None";"RUE DE LA LIBERTE";"3640";"06000";"06088";"Nice";"06";"None";"None";"06088000KT0144";"None";"None";"103";"74.57";"None";"nan";"None";"nan";"None";"nan";"None";"nan";"1";"2";"Appartement";"40.0";"2.0";"None";"None";"None";"None";"nan";"7.266151";"43.698037";"000KT"
"2024-52795";"2024-11-18";"1";"Vente";"500000.0";"20.0";"None";"RUE DE LA LIBERTE";"3640";"06000";"06088";"Nice";"06";"None";"None";"06088000KT0144";"None";"None";"104";"74.57";"None";"nan";"None";"nan";"None";"nan";"None";"nan";"1";"2";"Appartement";"40.0";"2.0";"None";"None";"None";"None";"nan";"7.266151";"43.698037";"000KT"
"2024-52795";"2024-11-18";"1";"Vente";"500000.0";"2.0";"None";"RUE ALPHONSE KARR";"0135";"06000";"06088";"Nice";"06";"None";"None";"06088000KT0026";"None";"None";"308";"nan";"None";"nan";"None";"nan";"None";"nan";"None";"nan";"1";"3";"Dépendance";"nan";"0.0";"None";"None";"None";"None";"nan";"7.266615";"43.698681";"000KT"
"2024-52340";"2024-11-15";"1";"Vente";"52000.0";"3.0";"None";"RUE DU DOCTEUR BARETY";"2010";"06000";"06088";"Nice";"06";"None";"None";"06088000KT0189";"None";"None";"97";"nan";"None";"nan";"None";"nan";"None";"nan";"None";"nan";"1";"3";"Dépendance";"nan";"0.0";"None";"None";"None";"None";"nan";"7.263096";"43.698623";"000KT"
"2024-52814";"2024-11-08";"1";"Vente";"324500.0";"3.0";"None";"RUE FRANCOIS 1ER";"2645";"06000";"06088";"Nice";"06";"None";"None";"06088000KT0144";"None";"None";"66";"nan";"None";"nan";"None";"nan";"None";"nan";"None";"nan";"1";"2";"Appartement";"45.0";"2.0";"None";"None";"None";"None";"nan";"7.266151";"43.698037";"000KT"
"2024-52995";"2024-11-08";"1";"Vente";"792000.0";"6.0";"T";"RUE ALPHONSE KARR";"0135";"06000";"06088";"Nice";"06";"None";"None";"06088000KT0019";"None";"None";"28";"nan";"81";"67.32";"None";"nan";"None";"nan";"None";"nan";"2";"2";"Appartement";"64.0";"2.0";"None";"None";"None";"None";"nan";"7.266115";"43.698833";"000KT"
"2024-52995";"2024-11-08";"1";"Vente";"792000.0";"6.0";"T";"RUE ALPHONSE KARR";"0135";"06000";"06088";"Nice";"06";"None";"None";"06088000KT0019";"None";"None";"28";"nan";"81";"67.32";"None";"nan";"None";"nan";"None";"nan";"2";"3";"Dépendance";"nan";"0.0";"None";"None";"None";"None";"nan";"7.266115";"43.698833";"000KT"
"2024-52214";"2024-11-04";"1";"Vente";"790000.0";"10.0";"None";"RUE DU MARECHAL JOFFRE";"4020";"06000";"06088";"Nice";"06";"None";"None";"06088000KT0394";"None";"None";"510";"nan";"530";"nan";"None";"nan";"None";"nan";"None";"nan";"2";"2";"Appartement";"123.0";"5.0";"None";"None";"None";"None";"nan";"7.266523";"43.699504";"000KT"
"2024-52214";"2024-11-04";"1";"Vente";"790000.0";"10.0";"None";"RUE DU MARECHAL JOFFRE";"4020";"06000";"06088";"Nice";"06";"None";"None";"06088000KT0394";"None";"None";"510";"nan";"530";"nan";"None";"nan";"None";"nan";"None";"nan";"2";"3";"Dépendance";"nan";"0.0";"None";"None";"None";"None";"nan";"7.266523";"43.699504";"000KT"
"2024-52214";"2024-11-04";"1";"Vente";"790000.0";"10.0";"None";"RUE DU MARECHAL JOFFRE";"4020";"06000";"06088";"Nice";"06";"None";"None";"06088000KT0394";"None";"None";"510";"nan";"530";"nan";"None";"nan";"None";"nan";"None";"nan";"2";"3";"Dépendance";"nan";"0.0";"None";"None";"None";"None";"nan";"7.266523";"43.699504";"000KT"
"2024-52214";"2024-11-04";"1";"Vente";"790000.0";"10.0";"None";"RUE DU MARECHAL JOFFRE";"4020";"06000";"06088";"Nice";"06";"None";"None";"06088000KT0394";"None";"None";"520";"nan";"None";"nan";"None";"nan";"None";"nan";"None";"nan";"1";"3";"Dépendance";"nan";"0.0";"None";"None";"None";"None";"nan";"7.266523";"43.699504";"000KT"
"2024-51873";"2024-10-30";"1";"Vente";"355000.0";"1.0";"None";"RUE ALPHONSE KARR";"0135";"06000";"06088";"Nice";"06";"None";"None";"06088000KT0145";"None";"None";"103";"nan";"None";"nan";"None";"nan";"None";"nan";"None";"nan";"1";"2";"Appartement";"70.0";"3.0";"None";"None";"None";"None";"nan";"7.266456";"43.69811";"000KT"
"2024-52017";"2024-10-28";"1";"Vente";"520000.0";"1.0";"None";"PL MAGENTA";"3870";"06000";"06088";"Nice";"06";"None";"None";"06088000KT0121";"None";"None";"54";"nan";"65";"45.71";"None";"nan";"None";"nan";"None";"nan";"2";"2";"Appartement";"51.0";"2.0";"None";"None";"None";"None";"nan";"7.266815";"43.697788";"000KT"
"2024-51852";"2024-10-25";"1";"Vente";"81000.0";"6.0";"None";"RUE MASSENET";"4115";"06000";"06088";"Nice";"06";"None";"None";"06088000KT0368";"None";"None";"178";"nan";"None";"nan";"None";"nan";"None";"nan";"None";"nan";"1";"3";"Dépendance";"nan";"0.0";"None";"None";"None";"None";"nan";"7.264583";"43.69571";"000KT"
"2024-51852";"2024-10-25";"1";"Vente";"81000.0";"6.0";"None";"RUE MASSENET";"4115";"06000";"06088";"Nice";"06";"None";"None";"06088000KT0368";"None";"None";"179";"nan";"None";"nan";"None";"nan";"None";"nan";"None";"nan";"1";"3";"Dépendance";"nan";"0.0";"None";"None";"None";"None";"nan";"7.264583";"43.69571";"000KT"
"2024-51952";"2024-10-24";"1";"Vente";"410000.0";"5.0";"None";"RUE EUGENE EMMANUEL";"2360";"06000";"06088";"Nice";"06";"None";"None";"06088000KT0313";"None";"None";"322";"nan";"324";"nan";"None";"nan";"None";"nan";"None";"nan";"2";"2";"Appartement";"95.0";"3.0";"None";"None";"None";"None";"nan";"7.265866";"43.699612";"000KT"
"2024-51952";"2024-10-24";"1";"Vente";"410000.0";"5.0";"None";"RUE EUGENE EMMANUEL";"2360";"06000";"06088";"Nice";"06";"None";"None";"06088000KT0313";"None";"None";"277";"nan";"None";"nan";"None";"nan";"None";"nan";"None";"nan";"1";"3";"Dépendance";"nan";"0.0";"None";"None";"None";"None";"nan";"7.265866";"43.699612";"000KT"
"2024-51586";"2024-10-22";"1";"Vente";"475000.0";"4.0";"None";"RUE GRIMALDI";"3035";"06000";"06088";"Nice";"06";"None";"None";"06088000KT0363";"None";"None";"44";"nan";"None";"nan";"None";"nan";"None";"nan";"None";"nan";"1";"2";"Appartement";"90.0";"3.0";"None";"None";"None";"None";"nan";"7.265898";"43.697975";"000KT"
"2024-51808";"2024-10-21";"1";"Vente";"294240.0";"11.0";"None";"RUE GRIMALDI";"3035";"06000";"06088";"Nice";"06";"None";"None";"06088000KT0173";"None";"None";"11";"70.0";"27";"nan";"None";"nan";"None";"nan";"None";"nan";"2";"2";"Appartement";"68.0";"3.0";"None";"None";"None";"None";"nan";"7.264842";"43.698938";"000KT"
"2024-51808";"2024-10-21";"1";"Vente";"294240.0";"11.0";"None";"RUE GRIMALDI";"3035";"06000";"06088";"Nice";"06";"None";"None";"06088000KT0173";"None";"None";"11";"70.0";"27";"nan";"None";"nan";"None";"nan";"None";"nan";"2";"3";"Dépendance";"nan";"0.0";"None";"None";"None";"None";"nan";"7.264842";"43.698938";"000KT"
"2024-51554";"2024-10-21";"1";"Vente";"10000.0";"nan";"None";"RUE MASSENA";"4110";"06000";"06088";"Nice";"06";"None";"None";"06088000KT0102";"None";"None";"None";"nan";"None";"nan";"None";"nan";"None";"nan";"None";"nan";"0";"None";"None";"nan";"nan";"S";"sols";"None";"None";"92.0";"7.266199";"43.69692";"000KT"
"2024-51554";"2024-10-21";"1";"Vente";"10000.0";"nan";"None";"RUE MASSENA";"4110";"06000";"06088";"Nice";"06";"None";"None";"06088000KT0110";"None";"None";"None";"nan";"None";"nan";"None";"nan";"None";"nan";"None";"nan";"0";"None";"None";"nan";"nan";"S";"sols";"None";"None";"386.0";"7.266548";"43.696966";"000KT"
"2024-51555";"2024-10-21";"1";"Vente";"50000.0";"nan";"None";"RUE MASSENA";"4110";"06000";"06088";"Nice";"06";"None";"None";"06088000KT0102";"None";"None";"None";"nan";"None";"nan";"None";"nan";"None";"nan";"None";"nan";"0";"None";"None";"nan";"nan";"S";"sols";"None";"None";"92.0";"7.266199";"43.69692";"000KT"
"2024-51555";"2024-10-21";"1";"Vente";"50000.0";"nan";"None";"RUE MASSENA";"4110";"06000";"06088";"Nice";"06";"None";"None";"06088000KT0110";"None";"None";"None";"nan";"None";"nan";"None";"nan";"None";"nan";"None";"nan";"0";"None";"None";"nan";"nan";"S";"sols";"None";"None";"386.0";"7.266548";"43.696966";"000KT"
"2024-51549";"2024-10-21";"1";"Vente";"200000.0";"nan";"None";"RUE MASSENA";"4110";"06000";"06088";"Nice";"06";"None";"None";"06088000KT0102";"None";"None";"None";"nan";"None";"nan";"None";"nan";"None";"nan";"None";"nan";"0";"None";"None";"nan";"nan";"S";"sols";"None";"None";"92.0";"7.266199";"43.69692";"000KT"
"2024-51549";"2024-10-21";"1";"Vente";"200000.0";"nan";"None";"RUE MASSENA";"4110";"06000";"06088";"Nice";"06";"None";"None";"06088000KT0110";"None";"None";"None";"nan";"None";"nan";"None";"nan";"None";"nan";"None";"nan";"0";"None";"None";"nan";"nan";"S";"sols";"None";"None";"386.0";"7.266548";"43.696966";"000KT"
"2024-51482";"2024-10-18";"1";"Vente";"274165.0";"3.0";"None";"RUE FRANCOIS 1ER";"2645";"06000";"06088";"Nice";"06";"None";"None";"06088000KT0144";"None";"None";"76";"nan";"None";"nan";"None";"nan";"None";"nan";"None";"nan";"1";"2";"Appartement";"27.0";"1.0";"None";"None";"None";"None";"nan";"7.266151";"43.698037";"000KT"
"2024-51871";"2024-10-18";"1";"Vente";"782000.0";"4.0";"None";"RUE GRIMALDI";"3035";"06000";"06088";"Nice";"06";"None";"None";"06088000KT0363";"None";"None";"7";"nan";"8";"nan";"None";"nan";"None";"nan";"None";"nan";"2";"4";"Local industriel. commercial ou assimilé";"135.0";"0.0";"None";"None";"None";"None";"nan";"7.265898";"43.697975";"000KT"
"2024-50764";"2024-10-11";"1";"Vente";"403707.0";"10.0";"B";"AV DE VERDUN";"6625";"06000";"06088";"Nice";"06";"None";"None";"06088000KT0295";"None";"None";"21";"60.03";"26";"nan";"None";"nan";"None";"nan";"None";"nan";"2";"2";"Appartement";"56.0";"2.0";"None";"None";"None";"None";"nan";"7.268399";"43.696844";"000KT"
"2024-50764";"2024-10-11";"1";"Vente";"403707.0";"10.0";"B";"AV DE VERDUN";"6625";"06000";"06088";"Nice";"06";"None";"None";"06088000KT0295";"None";"None";"21";"60.03";"26";"nan";"None";"nan";"None";"nan";"None";"nan";"2";"3";"Dépendance";"nan";"0.0";"None";"None";"None";"None";"nan";"7.268399";"43.696844";"000KT"
"2024-50764";"2024-10-11";"1";"Vente";"403707.0";"10.0";"B";"AV DE VERDUN";"6625";"06000";"06088";"Nice";"06";"None";"None";"06088000KT0295";"None";"None";"21";"60.03";"26";"nan";"None";"nan";"None";"nan";"None";"nan";"2";"3";"Dépendance";"nan";"0.0";"None";"None";"None";"None";"nan";"7.268399";"43.696844";"000KT"
"2024-51707";"2024-10-10";"1";"Vente";"1695000.0";"18.0";"None";"RUE DU CONGRES";"1655";"06000";"06088";"Nice";"06";"None";"None";"06088000KT0316";"None";"None";"4";"nan";"None";"nan";"None";"nan";"None";"nan";"None";"nan";"1";"1";"Maison";"180.0";"5.0";"None";"None";"None";"None";"nan";"7.263191";"43.697959";"000KT"
"2024-50985";"2024-10-10";"1";"Vente";"695500.0";"9.0";"None";"RUE HALEVY";"3170";"06000";"06088";"Nice";"06";"None";"None";"06088000KT0340";"None";"None";"52";"120.41";"None";"nan";"None";"nan";"None";"nan";"None";"nan";"1";"2";"Appartement";"131.0";"4.0";"None";"None";"None";"None";"nan";"7.26483";"43.696253";"000KT"
"2024-50985";"2024-10-10";"1";"Vente";"695500.0";"9.0";"None";"RUE HALEVY";"3170";"06000";"06088";"Nice";"06";"None";"None";"06088000KT0340";"None";"None";"52";"120.41";"None";"nan";"None";"nan";"None";"nan";"None";"nan";"1";"3";"Dépendance";"nan";"0.0";"None";"None";"None";"None";"nan";"7.26483";"43.696253";"000KT"
"2024-50574";"2024-10-03";"1";"Vente";"392130.0";"4.0";"None";"RUE DE FRANCE";"2595";"06000";"06088";"Nice";"06";"None";"None";"06088000KT0222";"None";"None";"109";"nan";"None";"nan";"None";"nan";"None";"nan";"None";"nan";"1";"2";"Appartement";"40.0";"1.0";"None";"None";"None";"None";"nan";"7.26469";"43.696933";"000KT"
"2024-51100";"2024-10-03";"1";"Vente";"308000.0";"11.0";"None";"RUE GRIMALDI";"3035";"06000";"06088";"Nice";"06";"None";"None";"06088000KT0173";"None";"None";"14";"52.37";"29";"nan";"None";"nan";"None";"nan";"None";"nan";"2";"2";"Appartement";"49.0";"2.0";"None";"None";"None";"None";"nan";"7.264842";"43.698938";"000KT"
"2024-51260";"2024-10-03";"1";"Vente";"190000.0";"6.0";"None";"AV DE VERDUN";"6625";"06000";"06088";"Nice";"06";"None";"None";"06088000KT0074";"None";"None";"13";"20.5";"None";"nan";"None";"nan";"None";"nan";"None";"nan";"1";"2";"Appartement";"21.0";"1.0";"None";"None";"None";"None";"nan";"7.268923";"43.697268";"000KT"
"2024-51261";"2024-10-03";"1";"Vente";"125000.0";"11.0";"None";"RUE PARADIS";"4705";"06000";"06088";"Nice";"06";"None";"None";"06088000KT0119";"None";"None";"67";"17.86";"None";"nan";"None";"nan";"None";"nan";"None";"nan";"1";"2";"Appartement";"18.0";"1.0";"None";"None";"None";"None";"nan";"7.26709";"43.697354";"000KT"
"2024-50663";"2024-10-02";"1";"Vente";"292920.0";"7.0";"B";"RUE DU MARECHAL JOFFRE";"4020";"06000";"06088";"Nice";"06";"None";"None";"06088000KT0022";"None";"None";"11";"35.57";"None";"nan";"None";"nan";"None";"nan";"None";"nan";"1";"2";"Appartement";"35.0";"2.0";"None";"None";"None";"None";"nan";"7.266909";"43.699119";"000KT"
"2024-54892";"2024-10-01";"1";"Vente";"40500.0";"19.0";"None";"RUE DU MARECHAL JOFFRE";"4020";"06000";"06088";"Nice";"06";"None";"None";"06088000KT0140";"None";"None";"9";"nan";"None";"nan";"None";"nan";"None";"nan";"None";"nan";"1";"3";"Dépendance";"nan";"0.0";"None";"None";"None";"None";"nan";"7.265019";"43.698409";"000KT"
"2024-54892";"2024-10-01";"1";"Vente";"40500.0";"19.0";"None";"RUE DU MARECHAL JOFFRE";"4020";"06000";"06088";"Nice";"06";"None";"None";"06088000KT0140";"None";"None";"8";"nan";"None";"nan";"None";"nan";"None";"nan";"None";"nan";"1";"3";"Dépendance";"nan";"0.0";"None";"None";"None";"None";"nan";"7.265019";"43.698409";"000KT"
"2024-50882";"2024-10-01";"1";"Vente";"220000.0";"10.0";"None";"RUE DE FRANCE";"2595";"06000";"06088";"Nice";"06";"None";"None";"06088000KT0215";"None";"None";"66";"nan";"None";"nan";"None";"nan";"None";"nan";"None";"nan";"1";"4";"Local industriel. commercial ou assimilé";"303.0";"0.0";"None";"None";"None";"None";"nan";"7.263675";"43.696685";"000KT"
"2024-50441";"2024-09-30";"1";"Vente";"590000.0";"11.0";"None";"RUE GRIMALDI";"3035";"06000";"06088";"Nice";"06";"None";"None";"06088000KT0173";"None";"None";"24";"nan";"9";"68.54";"None";"nan";"None";"nan";"None";"nan";"2";"2";"Appartement";"75.0";"3.0";"None";"None";"None";"None";"nan";"7.264842";"43.698938";"000KT"
"2024-50313";"2024-09-27";"1";"Vente";"93000.0";"5.0";"None";"RUE EUGENE EMMANUEL";"2360";"06000";"06088";"Nice";"06";"None";"None";"06088000KT0313";"None";"None";"250";"nan";"None";"nan";"None";"nan";"None";"nan";"None";"nan";"1";"3";"Dépendance";"nan";"0.0";"None";"None";"None";"None";"nan";"7.265866";"43.699612";"000KT"
"2024-50313";"2024-09-27";"1";"Vente";"93000.0";"5.0";"None";"RUE EUGENE EMMANUEL";"2360";"06000";"06088";"Nice";"06";"None";"None";"06088000KT0313";"None";"None";"249";"nan";"None";"nan";"None";"nan";"None";"nan";"None";"nan";"1";"3";"Dépendance";"nan";"0.0";"None";"None";"None";"None";"nan";"7.265866";"43.699612";"000KT"
"2024-50315";"2024-09-26";"1";"Vente";"46500.0";"6.0";"B";"RUE ALPHONSE KARR";"0135";"06000";"06088";"Nice";"06";"None";"None";"06088000KT0019";"None";"None";"7";"nan";"None";"nan";"None";"nan";"None";"nan";"None";"nan";"1";"3";"Dépendance";"nan";"0.0";"None";"None";"None";"None";"nan";"7.266115";"43.698833";"000KT"
"2024-50201";"2024-09-26";"1";"Vente";"700000.0";"6.0";"None";"RUE DU CONGRES";"1655";"06000";"06088";"Nice";"06";"None";"None";"06088000KT0327";"None";"None";"16";"nan";"25";"177.67";"None";"nan";"None";"nan";"None";"nan";"2";"4";"Local industriel. commercial ou assimilé";"230.0";"0.0";"None";"None";"None";"None";"nan";"7.263538";"43.695889";"000KT"
"2024-50706";"2024-09-26";"1";"Vente";"1000000.0";"7.0";"None";"RUE PARADIS";"4705";"06000";"06088";"Nice";"06";"None";"None";"06088000KT0118";"None";"None";"8";"50.52";"None";"nan";"None";"nan";"None";"nan";"None";"nan";"1";"4";"Local industriel. commercial ou assimilé";"57.0";"0.0";"None";"None";"None";"None";"nan";"7.26708";"43.697161";"000KT"
"2024-50706";"2024-09-26";"1";"Vente";"1000000.0";"7.0";"None";"RUE PARADIS";"4705";"06000";"06088";"Nice";"06";"None";"None";"06088000KT0118";"None";"None";"9";"70.13";"None";"nan";"None";"nan";"None";"nan";"None";"nan";"1";"4";"Local industriel. commercial ou assimilé";"77.0";"0.0";"None";"None";"None";"None";"nan";"7.26708";"43.697161";"000KT"
"2024-50069";"2024-09-24";"1";"Vente";"174000.0";"11.0";"None";"RUE MASSENET";"4115";"06000";"06088";"Nice";"06";"None";"None";"06088000KT0256";"None";"None";"17";"nan";"None";"nan";"None";"nan";"None";"nan";"None";"nan";"1";"2";"Appartement";"30.0";"1.0";"None";"None";"None";"None";"nan";"7.263718";"43.695829";"000KT"
"2024-50076";"2024-09-24";"1";"Vente";"500000.0";"16.0";"None";"RUE DU CONGRES";"1655";"06000";"06088";"Nice";"06";"None";"None";"06088000KT0210";"None";"None";"14";"nan";"5";"nan";"None";"nan";"None";"nan";"None";"nan";"2";"4";"Local industriel. commercial ou assimilé";"140.0";"0.0";"None";"None";"None";"None";"nan";"7.263173";"43.697133";"000KT"
"2024-50638";"2024-09-24";"1";"Vente";"195000.0";"4.0";"None";"RUE MASSENA";"4110";"06000";"06088";"Nice";"06";"None";"None";"06088000KT0304";"None";"None";"60";"26.46";"None";"nan";"None";"nan";"None";"nan";"None";"nan";"1";"4";"Local industriel. commercial ou assimilé";"25.0";"0.0";"None";"None";"None";"None";"nan";"7.26836";"43.697981";"000KT"
"2024-50596";"2024-09-23";"1";"Vente";"1300000.0";"26.0";"None";"RUE MASSENA";"4110";"06000";"06088";"Nice";"06";"None";"None";"06088000KT0126";"None";"None";"226";"171.24";"None";"nan";"None";"nan";"None";"nan";"None";"nan";"1";"2";"Appartement";"160.0";"5.0";"None";"None";"None";"None";"nan";"7.266029";"43.697498";"000KT"
"2024-50404";"2024-09-20";"1";"Vente";"210000.0";"29.0";"None";"RUE MASSENA";"4110";"06000";"06088";"Nice";"06";"None";"None";"06088000KT0106";"None";"None";"74";"38.26";"None";"nan";"None";"nan";"None";"nan";"None";"nan";"1";"2";"Appartement";"38.0";"2.0";"None";"None";"None";"None";"nan";"7.26616";"43.697077";"000KT"
"2024-50376";"2024-09-20";"1";"Vente";"550000.0";"5.0";"None";"RUE MASSENA";"4110";"06000";"06088";"Nice";"06";"None";"None";"06088000KT0068";"None";"None";"19";"159.11";"None";"nan";"None";"nan";"None";"nan";"None";"nan";"1";"4";"Local industriel. commercial ou assimilé";"165.0";"0.0";"None";"None";"None";"None";"nan";"7.268704";"43.697458";"000KT"
"2024-49892";"2024-09-18";"1";"Vente";"530000.0";"3.0";"None";"RUE DE LA BUFFA";"1000";"06000";"06088";"Nice";"06";"None";"None";"06088000KT0202";"None";"None";"3";"48.13";"None";"nan";"None";"nan";"None";"nan";"None";"nan";"1";"3";"Dépendance";"nan";"0.0";"None";"None";"None";"None";"nan";"7.264447";"43.697414";"000KT"
"2024-49654";"2024-09-13";"1";"Vente";"619150.0";"1.0";"None";"AV DE SUEDE";"6294";"06000";"06088";"Nice";"06";"None";"None";"06088000KT0085";"None";"None";"24";"69.01";"None";"nan";"None";"nan";"None";"nan";"None";"nan";"1";"2";"Appartement";"60.0";"3.0";"None";"None";"None";"None";"nan";"7.265809";"43.696193";"000KT"
"2024-49687";"2024-09-12";"1";"Vente";"130000.0";"9.0";"None";"RUE ALPHONSE KARR";"0135";"06000";"06088";"Nice";"06";"None";"None";"06088000KT0162";"None";"None";"18";"17.81";"None";"nan";"None";"nan";"None";"nan";"None";"nan";"1";"2";"Appartement";"17.0";"1.0";"None";"None";"None";"None";"nan";"7.265434";"43.699073";"000KT"
"2024-49783";"2024-09-12";"1";"Vente";"259970.0";"7.0";"None";"RUE MASSENA";"4110";"06000";"06088";"Nice";"06";"None";"None";"06088000KT0067";"None";"None";"77";"37.95";"None";"nan";"None";"nan";"None";"nan";"None";"nan";"1";"2";"Appartement";"38.0";"2.0";"None";"None";"None";"None";"nan";"7.268156";"43.697486";"000KT"
"2024-49977";"2024-09-12";"1";"Vente";"191000.0";"3.0";"None";"PL MASSENA";"4105";"06000";"06088";"Nice";"06";"None";"None";"06088000KT0070";"None";"None";"92";"27.11";"None";"nan";"None";"nan";"None";"nan";"None";"nan";"1";"2";"Appartement";"28.0";"2.0";"None";"None";"None";"None";"nan";"7.269192";"43.697718";"000KT"
"2024-50427";"2024-09-11";"1";"Vente";"220000.0";"7.0";"None";"PROM DES ANGLAIS";"0240";"06000";"06088";"Nice";"06";"None";"None";"06088000KT0258";"None";"None";"372";"18.7";"None";"nan";"None";"nan";"None";"nan";"None";"nan";"1";"2";"Appartement";"23.0";"1.0";"None";"None";"None";"None";"nan";"7.264082";"43.695203";"000KT"
"2024-50427";"2024-09-11";"1";"Vente";"220000.0";"7.0";"None";"PROM DES ANGLAIS";"0240";"06000";"06088";"Nice";"06";"None";"None";"06088000KT0258";"None";"None";"78";"nan";"None";"nan";"None";"nan";"None";"nan";"None";"nan";"1";"3";"Dépendance";"nan";"0.0";"None";"None";"None";"None";"nan";"7.264082";"43.695203";"000KT"
"2024-49120";"2024-09-05";"1";"Vente";"560000.0";"7.0";"None";"RUE HALEVY";"3170";"06000";"06088";"Nice";"06";"None";"None";"06088000KT0341";"None";"None";"58";"42.98";"None";"nan";"None";"nan";"None";"nan";"None";"nan";"1";"2";"Appartement";"42.0";"2.0";"None";"None";"None";"None";"nan";"7.264754";"43.696074";"000KT"
"2024-49631";"2024-09-05";"1";"Vente";"94000.0";"8.0";"None";"RUE DU MARECHAL JOFFRE";"4020";"06000";"06088";"Nice";"06";"None";"None";"06088000KT0394";"None";"None";"436";"nan";"None";"nan";"None";"nan";"None";"nan";"None";"nan";"1";"2";"Appartement";"10.0";"1.0";"None";"None";"None";"None";"nan";"7.266523";"43.699504";"000KT"
"2024-49800";"2024-09-05";"1";"Vente";"140000.0";"3.0";"None";"RUE MASSENA";"4110";"06000";"06088";"Nice";"06";"None";"None";"06088000KT0069";"None";"None";"113";"17.9";"None";"nan";"None";"nan";"None";"nan";"None";"nan";"1";"2";"Appartement";"19.0";"1.0";"None";"None";"None";"None";"nan";"7.269055";"43.69765";"000KT"
"2024-49120";"2024-09-05";"1";"Vente";"560000.0";"7.0";"None";"RUE HALEVY";"3170";"06000";"06088";"Nice";"06";"None";"None";"06088000KT0341";"None";"None";"58";"42.98";"None";"nan";"None";"nan";"None";"nan";"None";"nan";"1";"3";"Dépendance";"nan";"0.0";"None";"None";"None";"None";"nan";"7.264754";"43.696074";"000KT"
"2024-49880";"2024-09-05";"1";"Vente";"102500.0";"11.0";"None";"RUE MACCARANI";"3810";"06000";"06088";"Nice";"06";"None";"None";"06088000KT0322";"None";"None";"135";"nan";"None";"nan";"None";"nan";"None";"nan";"None";"nan";"1";"3";"Dépendance";"nan";"0.0";"None";"None";"None";"None";"nan";"7.264358";"43.697967";"000KT"
"2024-49880";"2024-09-05";"1";"Vente";"102500.0";"11.0";"None";"RUE MACCARANI";"3810";"06000";"06088";"Nice";"06";"None";"None";"06088000KT0322";"None";"None";"137";"nan";"None";"nan";"None";"nan";"None";"nan";"None";"nan";"1";"3";"Dépendance";"nan";"0.0";"None";"None";"None";"None";"nan";"7.264358";"43.697967";"000KT"
"2024-49930";"2024-09-05";"1";"Vente";"102500.0";"11.0";"None";"RUE MACCARANI";"3810";"06000";"06088";"Nice";"06";"None";"None";"06088000KT0322";"None";"None";"141";"nan";"None";"nan";"None";"nan";"None";"nan";"None";"nan";"1";"3";"Dépendance";"nan";"0.0";"None";"None";"None";"None";"nan";"7.264358";"43.697967";"000KT"
"2024-49930";"2024-09-05";"1";"Vente";"102500.0";"11.0";"None";"RUE MACCARANI";"3810";"06000";"06088";"Nice";"06";"None";"None";"06088000KT0322";"None";"None";"139";"nan";"None";"nan";"None";"nan";"None";"nan";"None";"nan";"1";"3";"Dépendance";"nan";"0.0";"None";"None";"None";"None";"nan";"7.264358";"43.697967";"000KT"
"2024-49447";"2024-09-04";"1";"Vente";"62000.0";"12.0";"None";"RUE JOSEPH BRES";"3455";"06000";"06088";"Nice";"06";"None";"None";"06088000KT0381";"None";"None";"95";"nan";"None";"nan";"None";"nan";"None";"nan";"None";"nan";"1";"3";"Dépendance";"nan";"0.0";"None";"None";"None";"None";"nan";"7.268336";"43.698832";"000KT"
"2024-49495";"2024-09-03";"1";"Vente";"260000.0";"4.0";"None";"RUE DE FRANCE";"2595";"06000";"06088";"Nice";"06";"None";"None";"06088000KT0222";"None";"None";"114";"nan";"None";"nan";"None";"nan";"None";"nan";"None";"nan";"1";"2";"Appartement";"30.0";"1.0";"None";"None";"None";"None";"nan";"7.26469";"43.696933";"000KT"
"2024-49189";"2024-09-02";"1";"Vente";"80000.0";"2.0";"None";"RUE ALPHONSE KARR";"0135";"06000";"06088";"Nice";"06";"None";"None";"06088000KT0026";"None";"None";"536";"nan";"None";"nan";"None";"nan";"None";"nan";"None";"nan";"1";"4";"Local industriel. commercial ou assimilé";"11.0";"0.0";"None";"None";"None";"None";"nan";"7.266615";"43.698681";"000KT"
"2024-49189";"2024-09-02";"1";"Vente";"80000.0";"2.0";"None";"RUE ALPHONSE KARR";"0135";"06000";"06088";"Nice";"06";"None";"None";"06088000KT0026";"None";"None";"538";"nan";"None";"nan";"None";"nan";"None";"nan";"None";"nan";"1";"4";"Local industriel. commercial ou assimilé";"11.0";"0.0";"None";"None";"None";"None";"nan";"7.266615";"43.698681";"000KT"
"2024-49189";"2024-09-02";"1";"Vente";"80000.0";"2.0";"None";"RUE ALPHONSE KARR";"0135";"06000";"06088";"Nice";"06";"None";"None";"06088000KT0026";"None";"None";"537";"nan";"None";"nan";"None";"nan";"None";"nan";"None";"nan";"1";"4";"Local industriel. commercial ou assimilé";"11.0";"0.0";"None";"None";"None";"None";"nan";"7.266615";"43.698681";"000KT"
"2024-49417";"2024-08-30";"1";"Vente";"233500.0";"3.0";"None";"RUE FRANCOIS 1ER";"2645";"06000";"06088";"Nice";"06";"None";"None";"06088000KT0144";"None";"None";"74";"22.94";"None";"nan";"None";"nan";"None";"nan";"None";"nan";"1";"2";"Appartement";"24.0";"1.0";"None";"None";"None";"None";"nan";"7.266151";"43.698037";"000KT"
"2024-48818";"2024-08-29";"1";"Vente";"705000.0";"9.0";"None";"RUE DE LA BUFFA";"1000";"06000";"06088";"Nice";"06";"None";"None";"06088000KT0379";"None";"None";"10";"84.73";"24";"nan";"None";"nan";"None";"nan";"None";"nan";"2";"2";"Appartement";"82.0";"3.0";"None";"None";"None";"None";"nan";"7.263975";"43.697254";"000KT"
"2024-49044";"2024-08-23";"1";"Vente";"500000.0";"3.0";"None";"RUE LONGCHAMP";"3710";"06000";"06088";"Nice";"06";"None";"None";"06088000KT0027";"None";"None";"8";"81.58";"None";"nan";"None";"nan";"None";"nan";"None";"nan";"1";"2";"Appartement";"66.0";"4.0";"None";"None";"None";"None";"nan";"7.266995";"43.698572";"000KT"
"2024-49044";"2024-08-23";"1";"Vente";"500000.0";"3.0";"None";"RUE LONGCHAMP";"3710";"06000";"06088";"Nice";"06";"None";"None";"06088000KT0027";"None";"None";"21";"nan";"None";"nan";"None";"nan";"None";"nan";"None";"nan";"1";"3";"Dépendance";"nan";"0.0";"None";"None";"None";"None";"nan";"7.266995";"43.698572";"000KT"
"2024-48507";"2024-08-12";"1";"Vente";"353550.0";"8.0";"None";"RUE DU CONGRES";"1655";"06000";"06088";"Nice";"06";"None";"None";"06088000KT0253";"None";"None";"15";"nan";"None";"nan";"None";"nan";"None";"nan";"None";"nan";"1";"2";"Appartement";"30.0";"1.0";"None";"None";"None";"None";"nan";"7.263454";"43.696083";"000KT"
"2024-48833";"2024-08-08";"1";"Vente";"62000.0";"12.0";"None";"RUE JOSEPH BRES";"3455";"06000";"06088";"Nice";"06";"None";"None";"06088000KT0381";"None";"None";"96";"nan";"None";"nan";"None";"nan";"None";"nan";"None";"nan";"1";"3";"Dépendance";"nan";"0.0";"None";"None";"None";"None";"nan";"7.268336";"43.698832";"000KT"
"2024-48569";"2024-08-07";"1";"Vente";"162500.0";"22.0";"None";"RUE MASSENA";"4110";"06000";"06088";"Nice";"06";"None";"None";"06088000KT0320";"None";"None";"29";"nan";"None";"nan";"None";"nan";"None";"nan";"None";"nan";"1";"2";"Appartement";"18.0";"1.0";"None";"None";"None";"None";"nan";"7.266415";"43.697518";"000KT"
"2024-48448";"2024-08-06";"1";"Vente";"145000.0";"8.0";"None";"RUE HALEVY";"3170";"06000";"06088";"Nice";"06";"None";"None";"06088000KT0088";"None";"None";"1";"15.41";"None";"nan";"None";"nan";"None";"nan";"None";"nan";"1";"4";"Local industriel. commercial ou assimilé";"15.0";"0.0";"None";"None";"None";"None";"nan";"7.265516";"43.696102";"000KT"
"2024-48573";"2024-07-30";"1";"Vente";"782400.0";"3.0";"None";"RUE HALEVY";"3170";"06000";"06088";"Nice";"06";"None";"None";"06088000KT0243";"None";"None";"2041";"nan";"2098";"nan";"None";"nan";"None";"nan";"None";"nan";"2";"2";"Appartement";"78.0";"2.0";"None";"None";"None";"None";"nan";"7.265001";"43.695379";"000KT"
"2024-48289";"2024-07-30";"1";"Vente";"25000.0";"6.0";"None";"RUE MASSENET";"4115";"06000";"06088";"Nice";"06";"None";"None";"06088000KT0368";"None";"None";"63";"nan";"None";"nan";"None";"nan";"None";"nan";"None";"nan";"1";"3";"Dépendance";"nan";"0.0";"None";"None";"None";"None";"nan";"7.264583";"43.69571";"000KT"
"2024-48573";"2024-07-30";"1";"Vente";"782400.0";"3.0";"None";"RUE HALEVY";"3170";"06000";"06088";"Nice";"06";"None";"None";"06088000KT0243";"None";"None";"2041";"nan";"2098";"nan";"None";"nan";"None";"nan";"None";"nan";"2";"3";"Dépendance";"nan";"0.0";"None";"None";"None";"None";"nan";"7.265001";"43.695379";"000KT"
"2024-48573";"2024-07-30";"1";"Vente";"782400.0";"3.0";"None";"RUE HALEVY";"3170";"06000";"06088";"Nice";"06";"None";"None";"06088000KT0243";"None";"None";"2041";"nan";"2098";"nan";"None";"nan";"None";"nan";"None";"nan";"2";"3";"Dépendance";"nan";"0.0";"None";"None";"None";"None";"nan";"7.265001";"43.695379";"000KT"
"2024-47785";"2024-07-26";"1";"Vente";"960000.0";"3.0";"None";"RUE MASSENA";"4110";"06000";"06088";"Nice";"06";"None";"None";"06088000KT0069";"None";"None";"51";"70.16";"8";"nan";"None";"nan";"None";"nan";"None";"nan";"2";"2";"Appartement";"64.0";"3.0";"None";"None";"None";"None";"nan";"7.269055";"43.69765";"000KT"
"2024-48130";"2024-07-26";"1";"Vente";"235000.0";"9.0";"None";"RUE HALEVY";"3170";"06000";"06088";"Nice";"06";"None";"None";"06088000KT0340";"None";"None";"16";"nan";"37";"30.08";"None";"nan";"None";"nan";"None";"nan";"2";"2";"Appartement";"28.0";"1.0";"None";"None";"None";"None";"nan";"7.26483";"43.696253";"000KT"
"2024-47785";"2024-07-26";"1";"Vente";"960000.0";"3.0";"None";"RUE MASSENA";"4110";"06000";"06088";"Nice";"06";"None";"None";"06088000KT0069";"None";"None";"51";"70.16";"8";"nan";"None";"nan";"None";"nan";"None";"nan";"2";"3";"Dépendance";"nan";"0.0";"None";"None";"None";"None";"nan";"7.269055";"43.69765";"000KT"
"2024-48130";"2024-07-26";"1";"Vente";"235000.0";"9.0";"None";"RUE HALEVY";"3170";"06000";"06088";"Nice";"06";"None";"None";"06088000KT0340";"None";"None";"16";"nan";"37";"30.08";"None";"nan";"None";"nan";"None";"nan";"2";"3";"Dépendance";"nan";"0.0";"None";"None";"None";"None";"nan";"7.26483";"43.696253";"000KT"
"2024-47437";"2024-07-24";"1";"Vente";"310000.0";"15.0";"None";"RUE MACCARANI";"3810";"06000";"06088";"Nice";"06";"None";"None";"06088000KT0195";"None";"None";"149";"27.66";"None";"nan";"None";"nan";"None";"nan";"None";"nan";"1";"2";"Appartement";"29.0";"1.0";"None";"None";"None";"None";"nan";"7.264278";"43.698382";"000KT"
"2024-48098";"2024-07-24";"1";"Vente";"268840.0";"11.0";"B";"RUE MASSENET";"4115";"06000";"06088";"Nice";"06";"None";"None";"06088000KT0249";"None";"None";"2";"nan";"31";"42.65";"None";"nan";"None";"nan";"None";"nan";"2";"2";"Appartement";"42.0";"2.0";"None";"None";"None";"None";"nan";"7.263885";"43.696104";"000KT"
"2024-47622";"2024-07-23";"1";"Vente";"330000.0";"5.0";"None";"RUE HALEVY";"3170";"06000";"06088";"Nice";"06";"None";"None";"06088000KT0243";"None";"None";"2038";"nan";"2095";"37.3";"None";"nan";"None";"nan";"None";"nan";"2";"2";"Appartement";"34.0";"1.0";"None";"None";"None";"None";"nan";"7.265001";"43.695379";"000KT"
"2024-47622";"2024-07-23";"1";"Vente";"330000.0";"5.0";"None";"RUE HALEVY";"3170";"06000";"06088";"Nice";"06";"None";"None";"06088000KT0243";"None";"None";"2038";"nan";"2095";"37.3";"None";"nan";"None";"nan";"None";"nan";"2";"3";"Dépendance";"nan";"0.0";"None";"None";"None";"None";"nan";"7.265001";"43.695379";"000KT"
"2024-47622";"2024-07-23";"1";"Vente";"330000.0";"5.0";"None";"RUE HALEVY";"3170";"06000";"06088";"Nice";"06";"None";"None";"06088000KT0243";"None";"None";"2038";"nan";"2095";"37.3";"None";"nan";"None";"nan";"None";"nan";"2";"3";"Dépendance";"nan";"0.0";"None";"None";"None";"None";"nan";"7.265001";"43.695379";"000KT"
"2024-47796";"2024-07-19";"1";"Vente";"490000.0";"1.0";"None";"PL MAGENTA";"3870";"06000";"06088";"Nice";"06";"None";"None";"06088000KT0121";"None";"None";"55";"54.04";"66";"nan";"None";"nan";"None";"nan";"None";"nan";"2";"2";"Appartement";"59.0";"3.0";"None";"None";"None";"None";"nan";"7.266815";"43.697788";"000KT"
"2024-47530";"2024-07-19";"1";"Vente";"50000.0";"2.0";"None";"RUE ALPHONSE KARR";"0135";"06000";"06088";"Nice";"06";"None";"None";"06088000KT0026";"None";"None";"344";"nan";"None";"nan";"None";"nan";"None";"nan";"None";"nan";"1";"3";"Dépendance";"nan";"0.0";"None";"None";"None";"None";"nan";"7.266615";"43.698681";"000KT"
"2024-47214";"2024-07-18";"1";"Vente";"1230000.0";"3.0";"None";"PROM DES ANGLAIS";"0240";"06000";"06088";"Nice";"06";"None";"None";"06088000KT0243";"None";"None";"1032";"nan";"1054";"nan";"None";"nan";"None";"nan";"None";"nan";"2";"2";"Appartement";"98.0";"3.0";"None";"None";"None";"None";"nan";"7.265001";"43.695379";"000KT"
"2024-47302";"2024-07-18";"1";"Vente";"482000.0";"11.0";"B";"RUE GRIMALDI";"3035";"06000";"06088";"Nice";"06";"None";"None";"06088000KT0172";"None";"None";"31";"52.7";"None";"nan";"None";"nan";"None";"nan";"None";"nan";"1";"2";"Appartement";"53.0";"2.0";"None";"None";"None";"None";"nan";"7.264705";"43.698992";"000KT"
"2024-47214";"2024-07-18";"1";"Vente";"1230000.0";"3.0";"None";"PROM DES ANGLAIS";"0240";"06000";"06088";"Nice";"06";"None";"None";"06088000KT0243";"None";"None";"1032";"nan";"1054";"nan";"None";"nan";"None";"nan";"None";"nan";"2";"3";"Dépendance";"nan";"0.0";"None";"None";"None";"None";"nan";"7.265001";"43.695379";"000KT"
"2024-47214";"2024-07-18";"1";"Vente";"1230000.0";"3.0";"None";"PROM DES ANGLAIS";"0240";"06000";"06088";"Nice";"06";"None";"None";"06088000KT0243";"None";"None";"1032";"nan";"1054";"nan";"None";"nan";"None";"nan";"None";"nan";"2";"3";"Dépendance";"nan";"0.0";"None";"None";"None";"None";"nan";"7.265001";"43.695379";"000KT"
"2024-47258";"2024-07-18";"1";"Vente";"38000.0";"5.0";"None";"RUE HALEVY";"3170";"06000";"06088";"Nice";"06";"None";"None";"06088000KT0243";"None";"None";"2118";"nan";"None";"nan";"None";"nan";"None";"nan";"None";"nan";"1";"3";"Dépendance";"nan";"0.0";"None";"None";"None";"None";"nan";"7.265001";"43.695379";"000KT"
"2024-47317";"2024-07-18";"1";"Vente";"7000.0";"11.0";"B";"RUE GRIMALDI";"3035";"06000";"06088";"Nice";"06";"None";"None";"06088000KT0172";"None";"None";"11";"nan";"None";"nan";"None";"nan";"None";"nan";"None";"nan";"1";"3";"Dépendance";"nan";"0.0";"None";"None";"None";"None";"nan";"7.264705";"43.698992";"000KT"
"2024-47388";"2024-07-17";"1";"Vente";"280000.0";"11.0";"None";"RUE GRIMALDI";"3035";"06000";"06088";"Nice";"06";"None";"None";"06088000KT0173";"None";"None";"14";"nan";"29";"nan";"None";"nan";"None";"nan";"None";"nan";"2";"2";"Appartement";"49.0";"2.0";"None";"None";"None";"None";"nan";"7.264842";"43.698938";"000KT"
"2024-47500";"2024-07-16";"1";"Vente";"27000.0";"6.0";"None";"RUE MASSENET";"4115";"06000";"06088";"Nice";"06";"None";"None";"06088000KT0368";"None";"None";"110";"nan";"None";"nan";"None";"nan";"None";"nan";"None";"nan";"1";"3";"Dépendance";"nan";"0.0";"None";"None";"None";"None";"nan";"7.264583";"43.69571";"000KT"
"2024-47487";"2024-07-12";"1";"Vente";"124300.0";"1.0";"None";"RUE LONGCHAMP";"3710";"06000";"06088";"Nice";"06";"None";"None";"06088000KT0334";"None";"None";"27";"19.27";"None";"nan";"None";"nan";"None";"nan";"None";"nan";"1";"2";"Appartement";"20.0";"1.0";"None";"None";"None";"None";"nan";"7.267008";"43.698364";"000KT"
"2024-48048";"2024-07-11";"1";"Vente";"315000.0";"39.0";"None";"RUE MASSENA";"4110";"06000";"06088";"Nice";"06";"None";"None";"06088000KT0097";"None";"None";"16";"40.58";"None";"nan";"None";"nan";"None";"nan";"None";"nan";"1";"2";"Appartement";"32.0";"2.0";"None";"None";"None";"None";"nan";"7.265779";"43.696776";"000KT"
"2024-46775";"2024-07-05";"1";"Vente";"160000.0";"1.0";"None";"RUE LONGCHAMP";"3710";"06000";"06088";"Nice";"06";"None";"None";"06088000KT0334";"None";"None";"23";"nan";"None";"nan";"None";"nan";"None";"nan";"None";"nan";"1";"2";"Appartement";"19.0";"1.0";"None";"None";"None";"None";"nan";"7.267008";"43.698364";"000KT"
"2024-47521";"2024-07-05";"1";"Vente";"310000.0";"3.0";"None";"RUE DU DOCTEUR BARETY";"2010";"06000";"06088";"Nice";"06";"None";"None";"06088000KT0189";"None";"None";"10";"69.58";"None";"nan";"None";"nan";"None";"nan";"None";"nan";"1";"2";"Appartement";"73.0";"2.0";"None";"None";"None";"None";"nan";"7.263096";"43.698623";"000KT"
"2024-46636";"2024-07-05";"1";"Vente";"105000.0";"6.0";"None";"RUE MASSENET";"4115";"06000";"06088";"Nice";"06";"None";"None";"06088000KT0368";"None";"None";"144";"nan";"None";"nan";"None";"nan";"None";"nan";"None";"nan";"1";"3";"Dépendance";"nan";"0.0";"None";"None";"None";"None";"nan";"7.264583";"43.69571";"000KT"
"2024-46636";"2024-07-05";"1";"Vente";"105000.0";"6.0";"None";"RUE MASSENET";"4115";"06000";"06088";"Nice";"06";"None";"None";"06088000KT0368";"None";"None";"145";"nan";"None";"nan";"None";"nan";"None";"nan";"None";"nan";"1";"3";"Dépendance";"nan";"0.0";"None";"None";"None";"None";"nan";"7.264583";"43.69571";"000KT"
"2024-47521";"2024-07-05";"1";"Vente";"310000.0";"3.0";"None";"RUE DU DOCTEUR BARETY";"2010";"06000";"06088";"Nice";"06";"None";"None";"06088000KT0189";"None";"None";"89";"nan";"None";"nan";"None";"nan";"None";"nan";"None";"nan";"1";"3";"Dépendance";"nan";"0.0";"None";"None";"None";"None";"nan";"7.263096";"43.698623";"000KT"
"2024-47521";"2024-07-05";"1";"Vente";"310000.0";"3.0";"None";"RUE DU DOCTEUR BARETY";"2010";"06000";"06088";"Nice";"06";"None";"None";"06088000KT0189";"None";"None";"10";"69.58";"None";"nan";"None";"nan";"None";"nan";"None";"nan";"1";"3";"Dépendance";"nan";"0.0";"None";"None";"None";"None";"nan";"7.263096";"43.698623";"000KT"
"2024-47521";"2024-07-05";"1";"Vente";"310000.0";"3.0";"None";"RUE DU DOCTEUR BARETY";"2010";"06000";"06088";"Nice";"06";"None";"None";"06088000KT0189";"None";"None";"89";"nan";"None";"nan";"None";"nan";"None";"nan";"None";"nan";"1";"3";"Dépendance";"nan";"0.0";"None";"None";"None";"None";"nan";"7.263096";"43.698623";"000KT"
"2024-46800";"2024-07-04";"1";"Vente";"30000.0";"4.0";"None";"RUE GRIMALDI";"3035";"06000";"06088";"Nice";"06";"None";"None";"06088000KT0363";"None";"None";"19";"14.15";"None";"nan";"None";"nan";"None";"nan";"None";"nan";"1";"2";"Appartement";"15.0";"1.0";"None";"None";"None";"None";"nan";"7.265898";"43.697975";"000KT"
"2024-46857";"2024-07-04";"1";"Vente";"248000.0";"10.0";"None";"RUE DE FRANCE";"2595";"06000";"06088";"Nice";"06";"None";"None";"06088000KT0215";"None";"None";"82";"34.6";"None";"nan";"None";"nan";"None";"nan";"None";"nan";"1";"4";"Local industriel. commercial ou assimilé";"22.0";"0.0";"None";"None";"None";"None";"nan";"7.263675";"43.696685";"000KT"
"2024-47377";"2024-07-02";"1";"Vente";"326020.0";"3.0";"None";"RUE EUGENE EMMANUEL";"2360";"06000";"06088";"Nice";"06";"None";"None";"06088000KT0015";"None";"None";"175";"nan";"None";"nan";"None";"nan";"None";"nan";"None";"nan";"1";"2";"Appartement";"43.0";"1.0";"None";"None";"None";"None";"nan";"7.266019";"43.699309";"000KT"
"2024-46946";"2024-07-01";"1";"Vente";"515000.0";"12.0";"None";"RUE DE LA LIBERTE";"3640";"06000";"06088";"Nice";"06";"None";"None";"06088000KT0031";"None";"None";"30";"nan";"None";"nan";"None";"nan";"None";"nan";"None";"nan";"1";"2";"Appartement";"74.0";"3.0";"None";"None";"None";"None";"nan";"7.267774";"43.698476";"000KT"
"2024-46553";"2024-06-28";"1";"Vente";"257360.0";"9.0";"None";"RUE MASSENET";"4115";"06000";"06088";"Nice";"06";"None";"None";"06088000KT0257";"None";"None";"31";"nan";"66";"27.5";"None";"nan";"None";"nan";"None";"nan";"2";"2";"Appartement";"29.0";"1.0";"None";"None";"None";"None";"nan";"7.263955";"43.695823";"000KT"
"2024-46553";"2024-06-28";"1";"Vente";"257360.0";"9.0";"None";"RUE MASSENET";"4115";"06000";"06088";"Nice";"06";"None";"None";"06088000KT0257";"None";"None";"31";"nan";"66";"27.5";"None";"nan";"None";"nan";"None";"nan";"2";"3";"Dépendance";"nan";"0.0";"None";"None";"None";"None";"nan";"7.263955";"43.695823";"000KT"
"2024-46489";"2024-06-27";"1";"Vente";"287413.0";"19.0";"None";"RUE MASSENA";"4110";"06000";"06088";"Nice";"06";"None";"None";"06088000KT0108";"None";"None";"14";"nan";"None";"nan";"None";"nan";"None";"nan";"None";"nan";"1";"2";"Appartement";"53.0";"2.0";"None";"None";"None";"None";"nan";"7.266662";"43.697218";"000KT"
"2024-46373";"2024-06-25";"1";"Vente";"450000.0";"8.0";"None";"RUE FRANCOIS 1ER";"2645";"06000";"06088";"Nice";"06";"None";"None";"06088000KT0152";"None";"None";"30";"nan";"5";"nan";"None";"nan";"None";"nan";"None";"nan";"2";"2";"Appartement";"94.0";"4.0";"None";"None";"None";"None";"nan";"7.26584";"43.698406";"000KT"
"2024-46373";"2024-06-25";"1";"Vente";"450000.0";"8.0";"None";"RUE FRANCOIS 1ER";"2645";"06000";"06088";"Nice";"06";"None";"None";"06088000KT0152";"None";"None";"30";"nan";"5";"nan";"None";"nan";"None";"nan";"None";"nan";"2";"3";"Dépendance";"nan";"0.0";"None";"None";"None";"None";"nan";"7.26584";"43.698406";"000KT"
"2024-46714";"2024-06-25";"1";"Vente";"900000.0";"4.0";"None";"AV DE VERDUN";"6625";"06000";"06088";"Nice";"06";"None";"None";"06088000KT0307";"None";"None";"1";"nan";"None";"nan";"None";"nan";"None";"nan";"None";"nan";"1";"4";"Local industriel. commercial ou assimilé";"91.0";"0.0";"None";"None";"None";"None";"nan";"7.269225";"43.697219";"000KT"
"2024-46029";"2024-06-21";"1";"Vente";"500000.0";"6.0";"T";"RUE ALPHONSE KARR";"0135";"06000";"06088";"Nice";"06";"None";"None";"06088000KT0019";"None";"None";"59";"nan";"73";"nan";"None";"nan";"None";"nan";"None";"nan";"2";"2";"Appartement";"60.0";"2.0";"None";"None";"None";"None";"nan";"7.266115";"43.698833";"000KT"
"2024-46029";"2024-06-21";"1";"Vente";"500000.0";"6.0";"T";"RUE ALPHONSE KARR";"0135";"06000";"06088";"Nice";"06";"None";"None";"06088000KT0019";"None";"None";"59";"nan";"73";"nan";"None";"nan";"None";"nan";"None";"nan";"2";"3";"Dépendance";"nan";"0.0";"None";"None";"None";"None";"nan";"7.266115";"43.698833";"000KT"
"2024-46400";"2024-06-20";"1";"Vente";"256000.0";"4.0";"None";"RUE ALPHONSE KARR";"0135";"06000";"06088";"Nice";"06";"None";"None";"06088000KT0026";"None";"None";"214";"nan";"71";"26.9";"None";"nan";"None";"nan";"None";"nan";"2";"2";"Appartement";"28.0";"1.0";"None";"None";"None";"None";"nan";"7.266615";"43.698681";"000KT"
"2024-46678";"2024-06-20";"1";"Vente";"400000.0";"7.0";"None";"PROM DES ANGLAIS";"0240";"06000";"06088";"Nice";"06";"None";"None";"06088000KT0258";"None";"None";"114";"nan";"321";"35.13";"None";"nan";"None";"nan";"None";"nan";"2";"2";"Appartement";"45.0";"1.0";"None";"None";"None";"None";"nan";"7.264082";"43.695203";"000KT"
"2024-46400";"2024-06-20";"1";"Vente";"256000.0";"4.0";"None";"RUE ALPHONSE KARR";"0135";"06000";"06088";"Nice";"06";"None";"None";"06088000KT0026";"None";"None";"214";"nan";"71";"26.9";"None";"nan";"None";"nan";"None";"nan";"2";"3";"Dépendance";"nan";"0.0";"None";"None";"None";"None";"nan";"7.266615";"43.698681";"000KT"
"2024-46678";"2024-06-20";"1";"Vente";"400000.0";"7.0";"None";"PROM DES ANGLAIS";"0240";"06000";"06088";"Nice";"06";"None";"None";"06088000KT0258";"None";"None";"187";"nan";"None";"nan";"None";"nan";"None";"nan";"None";"nan";"1";"3";"Dépendance";"nan";"0.0";"None";"None";"None";"None";"nan";"7.264082";"43.695203";"000KT"
"2024-46081";"2024-06-20";"1";"Vente";"485000.0";"2.0";"None";"RUE RAYNARDI";"5390";"06000";"06088";"Nice";"06";"None";"None";"06088000KT0394";"None";"None";"212";"nan";"None";"nan";"None";"nan";"None";"nan";"None";"nan";"1";"4";"Local industriel. commercial ou assimilé";"126.0";"0.0";"None";"None";"None";"None";"nan";"7.266523";"43.699504";"000KT"
"2024-46174";"2024-06-18";"1";"Vente";"65000.0";"2.0";"None";"RUE ALPHONSE KARR";"0135";"06000";"06088";"Nice";"06";"None";"None";"06088000KT0026";"None";"None";"280";"nan";"None";"nan";"None";"nan";"None";"nan";"None";"nan";"1";"3";"Dépendance";"nan";"0.0";"None";"None";"None";"None";"nan";"7.266615";"43.698681";"000KT"
"2024-45981";"2024-06-14";"1";"Vente";"1086871.0";"11.0";"None";"RUE MACCARANI";"3810";"06000";"06088";"Nice";"06";"None";"None";"06088000KT0322";"None";"None";"229";"nan";"340";"91.11";"None";"nan";"None";"nan";"None";"nan";"2";"2";"Appartement";"89.0";"3.0";"None";"None";"None";"None";"nan";"7.264358";"43.697967";"000KT"
"2024-45981";"2024-06-14";"1";"Vente";"1086871.0";"11.0";"None";"RUE MACCARANI";"3810";"06000";"06088";"Nice";"06";"None";"None";"06088000KT0322";"None";"None";"229";"nan";"340";"91.11";"None";"nan";"None";"nan";"None";"nan";"2";"3";"Dépendance";"nan";"0.0";"None";"None";"None";"None";"nan";"7.264358";"43.697967";"000KT"
"2024-45981";"2024-06-14";"1";"Vente";"1086871.0";"11.0";"None";"RUE MACCARANI";"3810";"06000";"06088";"Nice";"06";"None";"None";"06088000KT0322";"None";"None";"229";"nan";"340";"91.11";"None";"nan";"None";"nan";"None";"nan";"2";"3";"Dépendance";"nan";"0.0";"None";"None";"None";"None";"nan";"7.264358";"43.697967";"000KT"
"2024-45981";"2024-06-14";"1";"Vente";"1086871.0";"11.0";"None";"RUE MACCARANI";"3810";"06000";"06088";"Nice";"06";"None";"None";"06088000KT0322";"None";"None";"104";"nan";"None";"nan";"None";"nan";"None";"nan";"None";"nan";"1";"3";"Dépendance";"nan";"0.0";"None";"None";"None";"None";"nan";"7.264358";"43.697967";"000KT"
"2024-45966";"2024-06-13";"1";"Vente";"30000.0";"6.0";"None";"RUE MASSENET";"4115";"06000";"06088";"Nice";"06";"None";"None";"06088000KT0368";"None";"None";"43";"nan";"None";"nan";"None";"nan";"None";"nan";"None";"nan";"1";"3";"Dépendance";"nan";"0.0";"None";"None";"None";"None";"nan";"7.264583";"43.69571";"000KT"
"2024-46280";"2024-06-13";"1";"Vente";"135000.0";"18.0";"A";"RUE DU CONGRES";"1655";"06000";"06088";"Nice";"06";"None";"None";"06088000KT0315";"None";"None";"79";"nan";"None";"nan";"None";"nan";"None";"nan";"None";"nan";"1";"4";"Local industriel. commercial ou assimilé";"39.0";"0.0";"None";"None";"None";"None";"nan";"7.263177";"43.698011";"000KT"
"2024-45582";"2024-06-11";"1";"Vente";"329940.0";"5.0";"None";"RUE DE FRANCE";"2595";"06000";"06088";"Nice";"06";"None";"None";"06088000KT0226";"None";"None";"14";"34.46";"None";"nan";"None";"nan";"None";"nan";"None";"nan";"1";"2";"Appartement";"38.0";"1.0";"None";"None";"None";"None";"nan";"7.26468";"43.696485";"000KT"
"2024-45242";"2024-06-10";"1";"Vente";"247000.0";"5.0";"None";"RUE DE FRANCE";"2595";"06000";"06088";"Nice";"06";"None";"None";"06088000KT0226";"None";"None";"17";"nan";"None";"nan";"None";"nan";"None";"nan";"None";"nan";"1";"2";"Appartement";"18.0";"1.0";"None";"None";"None";"None";"nan";"7.26468";"43.696485";"000KT"
"2024-45461";"2024-06-10";"1";"Vente";"212500.0";"28.0";"None";"RUE MASSENA";"4110";"06000";"06088";"Nice";"06";"None";"None";"06088000KT0128";"None";"None";"34";"25.28";"None";"nan";"None";"nan";"None";"nan";"None";"nan";"1";"2";"Appartement";"24.0";"2.0";"None";"None";"None";"None";"nan";"7.265725";"43.697232";"000KT"
"2024-46037";"2024-06-10";"1";"Vente";"90000.0";"2.0";"None";"RUE ALPHONSE KARR";"0135";"06000";"06088";"Nice";"06";"None";"None";"06088000KT0026";"None";"None";"559";"nan";"None";"nan";"None";"nan";"None";"nan";"None";"nan";"1";"3";"Dépendance";"nan";"0.0";"None";"None";"None";"None";"nan";"7.266615";"43.698681";"000KT"
"2024-45514";"2024-06-10";"1";"Vente";"1.0";"12.0";"None";"AV DE SUEDE";"6294";"06000";"06088";"Nice";"06";"None";"None";"06088000KT0103";"None";"10";"None";"nan";"None";"nan";"None";"nan";"None";"nan";"None";"nan";"0";"None";"None";"nan";"nan";"None";"None";"None";"None";"nan";"7.266122";"43.696665";"000KT"
"2024-45552";"2024-06-07";"1";"Vente";"585000.0";"9.0";"None";"RUE DE LA BUFFA";"1000";"06000";"06088";"Nice";"06";"None";"None";"06088000KT0379";"None";"None";"17";"nan";"None";"nan";"None";"nan";"None";"nan";"None";"nan";"1";"2";"Appartement";"57.0";"3.0";"None";"None";"None";"None";"nan";"7.263975";"43.697254";"000KT"
"2024-46839";"2024-06-06";"1";"Vente";"490000.0";"11.0";"None";"RUE MACCARANI";"3810";"06000";"06088";"Nice";"06";"None";"None";"06088000KT0322";"None";"None";"241";"nan";"342";"nan";"None";"nan";"None";"nan";"None";"nan";"2";"2";"Appartement";"66.0";"2.0";"None";"None";"None";"None";"nan";"7.264358";"43.697967";"000KT"
"2024-46839";"2024-06-06";"1";"Vente";"490000.0";"11.0";"None";"RUE MACCARANI";"3810";"06000";"06088";"Nice";"06";"None";"None";"06088000KT0322";"None";"None";"241";"nan";"342";"nan";"None";"nan";"None";"nan";"None";"nan";"2";"3";"Dépendance";"nan";"0.0";"None";"None";"None";"None";"nan";"7.264358";"43.697967";"000KT"
"2024-46839";"2024-06-06";"1";"Vente";"490000.0";"11.0";"None";"RUE MACCARANI";"3810";"06000";"06088";"Nice";"06";"None";"None";"06088000KT0322";"None";"None";"241";"nan";"342";"nan";"None";"nan";"None";"nan";"None";"nan";"2";"3";"Dépendance";"nan";"0.0";"None";"None";"None";"None";"nan";"7.264358";"43.697967";"000KT"
"2024-45909";"2024-06-03";"1";"Vente";"360000.0";"3.0";"None";"RUE DU DOCTEUR BARETY";"2010";"06000";"06088";"Nice";"06";"None";"None";"06088000KT0189";"None";"None";"27";"53.38";"None";"nan";"None";"nan";"None";"nan";"None";"nan";"1";"2";"Appartement";"48.0";"2.0";"None";"None";"None";"None";"nan";"7.263096";"43.698623";"000KT"
"2024-44841";"2024-05-31";"1";"Vente";"795000.0";"11.0";"None";"RUE MACCARANI";"3810";"06000";"06088";"Nice";"06";"None";"None";"06088000KT0322";"None";"None";"221";"nan";"349";"nan";"None";"nan";"None";"nan";"None";"nan";"2";"2";"Appartement";"87.0";"3.0";"None";"None";"None";"None";"nan";"7.264358";"43.697967";"000KT"
"2024-44841";"2024-05-31";"1";"Vente";"795000.0";"11.0";"None";"RUE MACCARANI";"3810";"06000";"06088";"Nice";"06";"None";"None";"06088000KT0322";"None";"None";"221";"nan";"349";"nan";"None";"nan";"None";"nan";"None";"nan";"2";"3";"Dépendance";"nan";"0.0";"None";"None";"None";"None";"nan";"7.264358";"43.697967";"000KT"
"2024-44841";"2024-05-31";"1";"Vente";"795000.0";"11.0";"None";"RUE MACCARANI";"3810";"06000";"06088";"Nice";"06";"None";"None";"06088000KT0322";"None";"None";"221";"nan";"349";"nan";"None";"nan";"None";"nan";"None";"nan";"2";"3";"Dépendance";"nan";"0.0";"None";"None";"None";"None";"nan";"7.264358";"43.697967";"000KT"
"2024-44961";"2024-05-29";"1";"Vente";"145437.0";"9.0";"None";"RUE MASSENA";"4110";"06000";"06088";"Nice";"06";"None";"None";"06088000KT0067";"None";"None";"81";"19.7";"None";"nan";"None";"nan";"None";"nan";"None";"nan";"1";"2";"Appartement";"20.0";"1.0";"None";"None";"None";"None";"nan";"7.268156";"43.697486";"000KT"
"2024-45154";"2024-05-28";"1";"Vente";"308000.0";"2.0";"None";"RUE EUGENE EMMANUEL";"2360";"06000";"06088";"Nice";"06";"None";"None";"06088000KT0394";"None";"None";"548";"nan";"631";"39.6";"None";"nan";"None";"nan";"None";"nan";"2";"2";"Appartement";"56.0";"3.0";"None";"None";"None";"None";"nan";"7.266523";"43.699504";"000KT"
"2024-45374";"2024-05-28";"1";"Vente";"359000.0";"12.0";"None";"RUE DU MARECHAL JOFFRE";"4020";"06000";"06088";"Nice";"06";"None";"None";"06088000KT0014";"None";"None";"14";"nan";"37";"nan";"None";"nan";"None";"nan";"None";"nan";"2";"2";"Appartement";"50.0";"2.0";"None";"None";"None";"None";"nan";"7.266226";"43.699209";"000KT"
"2024-45766";"2024-05-28";"1";"Vente";"480000.0";"10.0";"None";"RUE DE FRANCE";"2595";"06000";"06088";"Nice";"06";"None";"None";"06088000KT0215";"None";"None";"120";"nan";"3";"nan";"None";"nan";"None";"nan";"None";"nan";"2";"2";"Appartement";"63.0";"2.0";"None";"None";"None";"None";"nan";"7.263675";"43.696685";"000KT"
"2024-45154";"2024-05-28";"1";"Vente";"308000.0";"2.0";"None";"RUE EUGENE EMMANUEL";"2360";"06000";"06088";"Nice";"06";"None";"None";"06088000KT0394";"None";"None";"548";"nan";"631";"39.6";"None";"nan";"None";"nan";"None";"nan";"2";"3";"Dépendance";"nan";"0.0";"None";"None";"None";"None";"nan";"7.266523";"43.699504";"000KT"
"2024-45393";"2024-05-28";"1";"Vente";"55000.0";"2.0";"None";"RUE ALPHONSE KARR";"0135";"06000";"06088";"Nice";"06";"None";"None";"06088000KT0026";"None";"None";"404";"nan";"None";"nan";"None";"nan";"None";"nan";"None";"nan";"1";"3";"Dépendance";"nan";"0.0";"None";"None";"None";"None";"nan";"7.266615";"43.698681";"000KT"
"2024-45766";"2024-05-28";"1";"Vente";"480000.0";"10.0";"None";"RUE DE FRANCE";"2595";"06000";"06088";"Nice";"06";"None";"None";"06088000KT0215";"None";"None";"120";"nan";"3";"nan";"None";"nan";"None";"nan";"None";"nan";"2";"3";"Dépendance";"nan";"0.0";"None";"None";"None";"None";"nan";"7.263675";"43.696685";"000KT"
"2024-45766";"2024-05-28";"1";"Vente";"480000.0";"10.0";"None";"RUE DE FRANCE";"2595";"06000";"06088";"Nice";"06";"None";"None";"06088000KT0215";"None";"None";"120";"nan";"3";"nan";"None";"nan";"None";"nan";"None";"nan";"2";"3";"Dépendance";"nan";"0.0";"None";"None";"None";"None";"nan";"7.263675";"43.696685";"000KT"
"2024-44777";"2024-05-27";"1";"Vente";"192000.0";"8.0";"B";"RUE DU CONGRES";"1655";"06000";"06088";"Nice";"06";"None";"None";"06088000KT0252";"None";"None";"28";"nan";"None";"nan";"None";"nan";"None";"nan";"None";"nan";"1";"2";"Appartement";"27.0";"1.0";"None";"None";"None";"None";"nan";"7.26348";"43.696237";"000KT"
"2024-45365";"2024-05-21";"1";"Vente";"12000.0";"10.0";"None";"RUE DE FRANCE";"2595";"06000";"06088";"Nice";"06";"None";"None";"06088000KT0215";"None";"None";"29";"nan";"None";"nan";"None";"nan";"None";"nan";"None";"nan";"1";"4";"Local industriel. commercial ou assimilé";"303.0";"0.0";"None";"None";"None";"None";"nan";"7.263675";"43.696685";"000KT"
"2024-45365";"2024-05-21";"1";"Vente";"12000.0";"10.0";"None";"RUE DE FRANCE";"2595";"06000";"06088";"Nice";"06";"None";"None";"06088000KT0215";"None";"None";"28";"nan";"None";"nan";"None";"nan";"None";"nan";"None";"nan";"1";"4";"Local industriel. commercial ou assimilé";"79.0";"0.0";"None";"None";"None";"None";"nan";"7.263675";"43.696685";"000KT"
"2024-44342";"2024-05-17";"1";"Vente";"675000.0";"7.0";"None";"RUE GRIMALDI";"3035";"06000";"06088";"Nice";"06";"None";"None";"06088000KT0140";"None";"None";"120";"nan";"69";"103.12";"None";"nan";"None";"nan";"None";"nan";"2";"2";"Appartement";"100.0";"3.0";"None";"None";"None";"None";"nan";"7.265019";"43.698409";"000KT"
"2024-44406";"2024-05-17";"1";"Vente";"415366.0";"8.0";"None";"RUE DU MARECHAL JOFFRE";"4020";"06000";"06088";"Nice";"06";"None";"None";"06088000KT0394";"None";"None";"454";"46.14";"None";"nan";"None";"nan";"None";"nan";"None";"nan";"1";"2";"Appartement";"45.0";"2.0";"None";"None";"None";"None";"nan";"7.266523";"43.699504";"000KT"
"2024-44342";"2024-05-17";"1";"Vente";"675000.0";"19.0";"None";"RUE DU MARECHAL JOFFRE";"4020";"06000";"06088";"Nice";"06";"None";"None";"06088000KT0140";"None";"None";"5";"nan";"None";"nan";"None";"nan";"None";"nan";"None";"nan";"1";"3";"Dépendance";"nan";"0.0";"None";"None";"None";"None";"nan";"7.265019";"43.698409";"000KT"
"2024-44342";"2024-05-17";"1";"Vente";"675000.0";"7.0";"None";"RUE GRIMALDI";"3035";"06000";"06088";"Nice";"06";"None";"None";"06088000KT0140";"None";"None";"120";"nan";"69";"103.12";"None";"nan";"None";"nan";"None";"nan";"2";"3";"Dépendance";"nan";"0.0";"None";"None";"None";"None";"nan";"7.265019";"43.698409";"000KT"
"2024-44406";"2024-05-17";"1";"Vente";"415366.0";"8.0";"None";"RUE DU MARECHAL JOFFRE";"4020";"06000";"06088";"Nice";"06";"None";"None";"06088000KT0394";"None";"None";"454";"46.14";"None";"nan";"None";"nan";"None";"nan";"None";"nan";"1";"3";"Dépendance";"nan";"0.0";"None";"None";"None";"None";"nan";"7.266523";"43.699504";"000KT"
"2024-44406";"2024-05-17";"1";"Vente";"415366.0";"8.0";"None";"RUE DU MARECHAL JOFFRE";"4020";"06000";"06088";"Nice";"06";"None";"None";"06088000KT0394";"None";"None";"454";"46.14";"None";"nan";"None";"nan";"None";"nan";"None";"nan";"1";"3";"Dépendance";"nan";"0.0";"None";"None";"None";"None";"nan";"7.266523";"43.699504";"000KT"
"2024-44611";"2024-05-17";"1";"Vente";"55000.0";"2.0";"None";"RUE ALPHONSE KARR";"0135";"06000";"06088";"Nice";"06";"None";"None";"06088000KT0026";"None";"None";"521";"nan";"None";"nan";"None";"nan";"None";"nan";"None";"nan";"1";"3";"Dépendance";"nan";"0.0";"None";"None";"None";"None";"nan";"7.266615";"43.698681";"000KT"
"2024-44568";"2024-05-14";"1";"Vente";"488000.0";"10.0";"None";"RUE DE FRANCE";"2595";"06000";"06088";"Nice";"06";"None";"None";"06088000KT0215";"None";"None";"30";"nan";"93";"nan";"None";"nan";"None";"nan";"None";"nan";"2";"2";"Appartement";"59.0";"2.0";"None";"None";"None";"None";"nan";"7.263675";"43.696685";"000KT"
"2024-44568";"2024-05-14";"1";"Vente";"488000.0";"10.0";"None";"RUE DE FRANCE";"2595";"06000";"06088";"Nice";"06";"None";"None";"06088000KT0215";"None";"None";"30";"nan";"93";"nan";"None";"nan";"None";"nan";"None";"nan";"2";"3";"Dépendance";"nan";"0.0";"None";"None";"None";"None";"nan";"7.263675";"43.696685";"000KT"
"2024-44568";"2024-05-14";"1";"Vente";"488000.0";"10.0";"None";"RUE DE FRANCE";"2595";"06000";"06088";"Nice";"06";"None";"None";"06088000KT0215";"None";"None";"30";"nan";"93";"nan";"None";"nan";"None";"nan";"None";"nan";"2";"3";"Dépendance";"nan";"0.0";"None";"None";"None";"None";"nan";"7.263675";"43.696685";"000KT"
"2024-44177";"2024-05-13";"1";"Vente";"210000.0";"20.0";"None";"RUE DU MARECHAL JOFFRE";"4020";"06000";"06088";"Nice";"06";"None";"None";"06088000KT0163";"None";"None";"112";"nan";"None";"nan";"None";"nan";"None";"nan";"None";"nan";"1";"2";"Appartement";"25.0";"1.0";"None";"None";"None";"None";"nan";"7.265209";"43.699055";"000KT"
"2024-44300";"2024-05-06";"1";"Vente";"161000.0";"3.0";"B";"RUE PARADIS";"4705";"06000";"06088";"Nice";"06";"None";"None";"06088000KT0116";"None";"None";"16";"nan";"None";"nan";"None";"nan";"None";"nan";"None";"nan";"1";"2";"Appartement";"23.0";"1.0";"None";"None";"None";"None";"nan";"7.267217";"43.696724";"000KT"
"2024-44414";"2024-05-06";"1";"Vente";"243664.0";"3.0";"None";"PL MASSENA";"4105";"06000";"06088";"Nice";"06";"None";"None";"06088000KT0070";"None";"None";"97";"33.32";"None";"nan";"None";"nan";"None";"nan";"None";"nan";"1";"2";"Appartement";"32.0";"2.0";"None";"None";"None";"None";"nan";"7.269192";"43.697718";"000KT"
"2024-44678";"2024-05-06";"1";"Vente";"540000.0";"7.0";"B";"RUE DU MARECHAL JOFFRE";"4020";"06000";"06088";"Nice";"06";"None";"None";"06088000KT0022";"None";"None";"37";"nan";"None";"nan";"None";"nan";"None";"nan";"None";"nan";"1";"4";"Local industriel. commercial ou assimilé";"180.0";"0.0";"None";"None";"None";"None";"nan";"7.266909";"43.699119";"000KT"
"2024-44150";"2024-05-03";"1";"Vente";"532000.0";"9.0";"None";"RUE MASSENET";"4115";"06000";"06088";"Nice";"06";"None";"None";"06088000KT0257";"None";"None";"18";"nan";"62";"nan";"None";"nan";"None";"nan";"None";"nan";"2";"2";"Appartement";"55.0";"2.0";"None";"None";"None";"None";"nan";"7.263955";"43.695823";"000KT"
"2024-44461";"2024-05-03";"1";"Vente";"170000.0";"9.0";"None";"RUE HALEVY";"3170";"06000";"06088";"Nice";"06";"None";"None";"06088000KT0340";"None";"None";"16";"nan";"37";"nan";"None";"nan";"None";"nan";"None";"nan";"2";"2";"Appartement";"28.0";"1.0";"None";"None";"None";"None";"nan";"7.26483";"43.696253";"000KT"
"2024-44150";"2024-05-03";"1";"Vente";"532000.0";"9.0";"None";"RUE MASSENET";"4115";"06000";"06088";"Nice";"06";"None";"None";"06088000KT0257";"None";"None";"18";"nan";"62";"nan";"None";"nan";"None";"nan";"None";"nan";"2";"3";"Dépendance";"nan";"0.0";"None";"None";"None";"None";"nan";"7.263955";"43.695823";"000KT"
"2024-44461";"2024-05-03";"1";"Vente";"170000.0";"9.0";"None";"RUE HALEVY";"3170";"06000";"06088";"Nice";"06";"None";"None";"06088000KT0340";"None";"None";"16";"nan";"37";"nan";"None";"nan";"None";"nan";"None";"nan";"2";"3";"Dépendance";"nan";"0.0";"None";"None";"None";"None";"nan";"7.26483";"43.696253";"000KT"
"2024-43821";"2024-05-02";"1";"Vente";"172000.0";"8.0";"None";"RUE HALEVY";"3170";"06000";"06088";"Nice";"06";"None";"None";"06088000KT0088";"None";"None";"3";"nan";"None";"nan";"None";"nan";"None";"nan";"None";"nan";"1";"2";"Appartement";"22.0";"1.0";"None";"None";"None";"None";"nan";"7.265516";"43.696102";"000KT"
"2024-43918";"2024-04-30";"1";"Vente";"1693600.0";"7.0";"None";"PROM DES ANGLAIS";"0240";"06000";"06088";"Nice";"06";"None";"None";"06088000KT0258";"None";"None";"365";"nan";"None";"nan";"None";"nan";"None";"nan";"None";"nan";"1";"2";"Appartement";"129.0";"3.0";"None";"None";"None";"None";"nan";"7.264082";"43.695203";"000KT"
"2024-44179";"2024-04-30";"1";"Vente";"200000.0";"6.0";"None";"RUE MASSENET";"4115";"06000";"06088";"Nice";"06";"None";"None";"06088000KT0368";"None";"None";"370";"nan";"None";"nan";"None";"nan";"None";"nan";"None";"nan";"1";"2";"Appartement";"24.0";"1.0";"None";"None";"None";"None";"nan";"7.264583";"43.69571";"000KT"
"2024-43918";"2024-04-30";"1";"Vente";"1693600.0";"7.0";"None";"PROM DES ANGLAIS";"0240";"06000";"06088";"Nice";"06";"None";"None";"06088000KT0258";"None";"None";"209";"nan";"None";"nan";"None";"nan";"None";"nan";"None";"nan";"1";"3";"Dépendance";"nan";"0.0";"None";"None";"None";"None";"nan";"7.264082";"43.695203";"000KT"
"2024-43918";"2024-04-30";"1";"Vente";"1693600.0";"7.0";"None";"PROM DES ANGLAIS";"0240";"06000";"06088";"Nice";"06";"None";"None";"06088000KT0258";"None";"None";"140";"nan";"None";"nan";"None";"nan";"None";"nan";"None";"nan";"1";"3";"Dépendance";"nan";"0.0";"None";"None";"None";"None";"nan";"7.264082";"43.695203";"000KT"
"2024-44237";"2024-04-29";"1";"Vente";"200000.0";"13.0";"None";"RUE MASSENET";"4115";"06000";"06088";"Nice";"06";"None";"None";"06088000KT0248";"None";"None";"110";"nan";"69";"nan";"None";"nan";"None";"nan";"None";"nan";"2";"2";"Appartement";"32.0";"1.0";"None";"None";"None";"None";"nan";"7.263949";"43.696342";"000KT"
"2024-44237";"2024-04-29";"1";"Vente";"200000.0";"13.0";"None";"RUE MASSENET";"4115";"06000";"06088";"Nice";"06";"None";"None";"06088000KT0248";"None";"None";"110";"nan";"69";"nan";"None";"nan";"None";"nan";"None";"nan";"2";"3";"Dépendance";"nan";"0.0";"None";"None";"None";"None";"nan";"7.263949";"43.696342";"000KT"
"2024-43941";"2024-04-25";"1";"Vente";"25000.0";"3.0";"None";"RUE MASSENA";"4110";"06000";"06088";"Nice";"06";"None";"None";"06088000KT0069";"None";"None";"81";"nan";"None";"nan";"None";"nan";"None";"nan";"None";"nan";"1";"2";"Appartement";"14.0";"1.0";"None";"None";"None";"None";"nan";"7.269055";"43.69765";"000KT"
"2024-44061";"2024-04-23";"1";"Vente";"115000.0";"8.0";"None";"RUE FRANCOIS 1ER";"2645";"06000";"06088";"Nice";"06";"None";"None";"06088000KT0152";"None";"None";"22";"nan";"None";"nan";"None";"nan";"None";"nan";"None";"nan";"1";"2";"Appartement";"25.0";"1.0";"None";"None";"None";"None";"nan";"7.26584";"43.698406";"000KT"
"2024-43616";"2024-04-23";"1";"Vente";"1.0";"10.0";"None";"RUE DU CONGRES";"1655";"06000";"06088";"Nice";"06";"None";"None";"06088000KT0213";"None";"None";"53";"nan";"None";"nan";"None";"nan";"None";"nan";"None";"nan";"1";"3";"Dépendance";"nan";"0.0";"None";"None";"None";"None";"nan";"7.26335";"43.696583";"000KT"
"2024-43616";"2024-04-23";"1";"Vente";"1.0";"10.0";"None";"RUE DU CONGRES";"1655";"06000";"06088";"Nice";"06";"None";"None";"06088000KT0213";"None";"None";"51";"nan";"None";"nan";"None";"nan";"None";"nan";"None";"nan";"1";"3";"Dépendance";"nan";"0.0";"None";"None";"None";"None";"nan";"7.26335";"43.696583";"000KT"
"2024-43616";"2024-04-23";"1";"Vente";"1.0";"10.0";"None";"RUE DU CONGRES";"1655";"06000";"06088";"Nice";"06";"None";"None";"06088000KT0213";"None";"None";"52";"nan";"None";"nan";"None";"nan";"None";"nan";"None";"nan";"1";"3";"Dépendance";"nan";"0.0";"None";"None";"None";"None";"nan";"7.26335";"43.696583";"000KT"
"2024-43910";"2024-04-19";"1";"Vente";"304000.0";"4.0";"None";"RUE GRIMALDI";"3035";"06000";"06088";"Nice";"06";"None";"None";"06088000KT0363";"None";"None";"82";"38.07";"None";"nan";"None";"nan";"None";"nan";"None";"nan";"1";"2";"Appartement";"28.0";"1.0";"None";"None";"None";"None";"nan";"7.265898";"43.697975";"000KT"
"2024-43279";"2024-04-18";"1";"Vente";"347000.0";"7.0";"None";"RUE DE FRANCE";"2595";"06000";"06088";"Nice";"06";"None";"None";"06088000KT0227";"None";"None";"45";"29.32";"None";"nan";"None";"nan";"None";"nan";"None";"nan";"1";"2";"Appartement";"45.0";"2.0";"None";"None";"None";"None";"nan";"7.264425";"43.696447";"000KT"
"2024-43811";"2024-04-18";"1";"Vente";"295000.0";"6.0";"T";"RUE ALPHONSE KARR";"0135";"06000";"06088";"Nice";"06";"None";"None";"06088000KT0019";"None";"None";"56";"nan";"82";"nan";"None";"nan";"None";"nan";"None";"nan";"2";"2";"Appartement";"29.0";"1.0";"None";"None";"None";"None";"nan";"7.266115";"43.698833";"000KT"
"2024-43811";"2024-04-18";"1";"Vente";"295000.0";"6.0";"T";"RUE ALPHONSE KARR";"0135";"06000";"06088";"Nice";"06";"None";"None";"06088000KT0019";"None";"None";"56";"nan";"82";"nan";"None";"nan";"None";"nan";"None";"nan";"2";"3";"Dépendance";"nan";"0.0";"None";"None";"None";"None";"nan";"7.266115";"43.698833";"000KT"
"2024-43535";"2024-04-16";"1";"Vente";"490000.0";"6.0";"T";"RUE ALPHONSE KARR";"0135";"06000";"06088";"Nice";"06";"None";"None";"06088000KT0019";"None";"None";"28";"nan";"81";"nan";"None";"nan";"None";"nan";"None";"nan";"2";"2";"Appartement";"64.0";"2.0";"None";"None";"None";"None";"nan";"7.266115";"43.698833";"000KT"
"2024-43535";"2024-04-16";"1";"Vente";"490000.0";"6.0";"T";"RUE ALPHONSE KARR";"0135";"06000";"06088";"Nice";"06";"None";"None";"06088000KT0019";"None";"None";"28";"nan";"81";"nan";"None";"nan";"None";"nan";"None";"nan";"2";"3";"Dépendance";"nan";"0.0";"None";"None";"None";"None";"nan";"7.266115";"43.698833";"000KT"
"2024-43203";"2024-04-15";"1";"Vente";"605000.0";"15.0";"None";"RUE DU MARECHAL JOFFRE";"4020";"06000";"06088";"Nice";"06";"None";"None";"06088000KT0161";"None";"None";"125";"nan";"None";"nan";"None";"nan";"None";"nan";"None";"nan";"1";"2";"Appartement";"43.0";"2.0";"None";"None";"None";"None";"nan";"7.265527";"43.698649";"000KT"
"2024-43674";"2024-04-15";"1";"Vente";"730000.0";"9.0";"None";"BD VICTOR HUGO";"6655";"06000";"06088";"Nice";"06";"None";"None";"06088000KT0313";"None";"None";"313";"nan";"335";"112.34";"None";"nan";"None";"nan";"None";"nan";"2";"2";"Appartement";"110.0";"4.0";"None";"None";"None";"None";"nan";"7.265866";"43.699612";"000KT"
"2024-43674";"2024-04-15";"1";"Vente";"730000.0";"5.0";"None";"RUE EUGENE EMMANUEL";"2360";"06000";"06088";"Nice";"06";"None";"None";"06088000KT0313";"None";"None";"225";"nan";"None";"nan";"None";"nan";"None";"nan";"None";"nan";"1";"3";"Dépendance";"nan";"0.0";"None";"None";"None";"None";"nan";"7.265866";"43.699612";"000KT"
"2024-43674";"2024-04-15";"1";"Vente";"730000.0";"5.0";"None";"RUE EUGENE EMMANUEL";"2360";"06000";"06088";"Nice";"06";"None";"None";"06088000KT0313";"None";"None";"226";"nan";"None";"nan";"None";"nan";"None";"nan";"None";"nan";"1";"3";"Dépendance";"nan";"0.0";"None";"None";"None";"None";"nan";"7.265866";"43.699612";"000KT"
"2024-43674";"2024-04-15";"1";"Vente";"730000.0";"9.0";"None";"BD VICTOR HUGO";"6655";"06000";"06088";"Nice";"06";"None";"None";"06088000KT0313";"None";"None";"313";"nan";"335";"112.34";"None";"nan";"None";"nan";"None";"nan";"2";"3";"Dépendance";"nan";"0.0";"None";"None";"None";"None";"nan";"7.265866";"43.699612";"000KT"
"2024-43674";"2024-04-15";"1";"Vente";"730000.0";"9.0";"None";"BD VICTOR HUGO";"6655";"06000";"06088";"Nice";"06";"None";"None";"06088000KT0313";"None";"None";"313";"nan";"335";"112.34";"None";"nan";"None";"nan";"None";"nan";"2";"3";"Dépendance";"nan";"0.0";"None";"None";"None";"None";"nan";"7.265866";"43.699612";"000KT"
"2024-43630";"2024-04-11";"1";"Vente";"150000.0";"6.0";"B";"RUE ALPHONSE KARR";"0135";"06000";"06088";"Nice";"06";"None";"None";"06088000KT0019";"None";"None";"122";"nan";"132";"nan";"None";"nan";"None";"nan";"None";"nan";"2";"2";"Appartement";"30.0";"1.0";"None";"None";"None";"None";"nan";"7.266115";"43.698833";"000KT"
"2024-43630";"2024-04-11";"1";"Vente";"150000.0";"6.0";"B";"RUE ALPHONSE KARR";"0135";"06000";"06088";"Nice";"06";"None";"None";"06088000KT0019";"None";"None";"122";"nan";"132";"nan";"None";"nan";"None";"nan";"None";"nan";"2";"3";"Dépendance";"nan";"0.0";"None";"None";"None";"None";"nan";"7.266115";"43.698833";"000KT"
"2024-43080";"2024-04-10";"1";"Vente";"90000.0";"15.0";"None";"RUE MACCARANI";"3810";"06000";"06088";"Nice";"06";"None";"None";"06088000KT0195";"None";"None";"148";"16.62";"None";"nan";"None";"nan";"None";"nan";"None";"nan";"1";"2";"Appartement";"24.0";"2.0";"None";"None";"None";"None";"nan";"7.264278";"43.698382";"000KT"
"2024-43286";"2024-04-05";"1";"Vente";"2022800.0";"3.0";"None";"PROM DES ANGLAIS";"0240";"06000";"06088";"Nice";"06";"None";"None";"06088000KT0243";"None";"None";"1013";"165.4";"1065";"nan";"None";"nan";"None";"nan";"None";"nan";"2";"2";"Appartement";"175.0";"4.0";"None";"None";"None";"None";"nan";"7.265001";"43.695379";"000KT"
"2024-43286";"2024-04-05";"1";"Vente";"2022800.0";"3.0";"None";"PROM DES ANGLAIS";"0240";"06000";"06088";"Nice";"06";"None";"None";"06088000KT0243";"None";"None";"1013";"165.4";"1065";"nan";"None";"nan";"None";"nan";"None";"nan";"2";"3";"Dépendance";"nan";"0.0";"None";"None";"None";"None";"nan";"7.265001";"43.695379";"000KT"
"2024-42967";"2024-04-04";"1";"Vente";"232000.0";"9.0";"None";"RUE MASSENA";"4110";"06000";"06088";"Nice";"06";"None";"None";"06088000KT0067";"None";"None";"72";"27.08";"None";"nan";"None";"nan";"None";"nan";"None";"nan";"1";"2";"Appartement";"29.0";"1.0";"None";"None";"None";"None";"nan";"7.268156";"43.697486";"000KT"
"2024-43643";"2024-04-04";"1";"Vente";"2000000.0";"7.0";"None";"PROM DES ANGLAIS";"0240";"06000";"06088";"Nice";"06";"None";"None";"06088000KT0258";"None";"None";"405";"100.0";"None";"nan";"None";"nan";"None";"nan";"None";"nan";"1";"2";"Appartement";"122.0";"3.0";"None";"None";"None";"None";"nan";"7.264082";"43.695203";"000KT"
"2024-42967";"2024-04-04";"1";"Vente";"232000.0";"9.0";"None";"RUE MASSENA";"4110";"06000";"06088";"Nice";"06";"None";"None";"06088000KT0067";"None";"None";"72";"27.08";"None";"nan";"None";"nan";"None";"nan";"None";"nan";"1";"3";"Dépendance";"nan";"0.0";"None";"None";"None";"None";"nan";"7.268156";"43.697486";"000KT"
"2024-43643";"2024-04-04";"1";"Vente";"2000000.0";"7.0";"None";"PROM DES ANGLAIS";"0240";"06000";"06088";"Nice";"06";"None";"None";"06088000KT0258";"None";"None";"198";"nan";"None";"nan";"None";"nan";"None";"nan";"None";"nan";"1";"3";"Dépendance";"nan";"0.0";"None";"None";"None";"None";"nan";"7.264082";"43.695203";"000KT"
"2024-43643";"2024-04-04";"1";"Vente";"2000000.0";"7.0";"None";"PROM DES ANGLAIS";"0240";"06000";"06088";"Nice";"06";"None";"None";"06088000KT0258";"None";"None";"120";"nan";"None";"nan";"None";"nan";"None";"nan";"None";"nan";"1";"3";"Dépendance";"nan";"0.0";"None";"None";"None";"None";"nan";"7.264082";"43.695203";"000KT"
"2024-43364";"2024-04-02";"1";"Vente";"2000.0";"9.0";"None";"RUE DE LA BUFFA";"1000";"06000";"06088";"Nice";"06";"None";"None";"06088000KT0379";"None";"None";"19";"nan";"None";"nan";"None";"nan";"None";"nan";"None";"nan";"1";"2";"Appartement";"57.0";"3.0";"None";"None";"None";"None";"nan";"7.263975";"43.697254";"000KT"
"2024-43364";"2024-04-02";"1";"Vente";"2000.0";"9.0";"None";"RUE DE LA BUFFA";"1000";"06000";"06088";"Nice";"06";"None";"None";"06088000KT0379";"None";"None";"19";"nan";"None";"nan";"None";"nan";"None";"nan";"None";"nan";"1";"3";"Dépendance";"nan";"0.0";"None";"None";"None";"None";"nan";"7.263975";"43.697254";"000KT"
"2024-43183";"2024-03-29";"1";"Vente";"148000.0";"8.0";"None";"RUE MASSENA";"4110";"06000";"06088";"Nice";"06";"None";"None";"06088000KT0064";"None";"None";"28";"nan";"None";"nan";"None";"nan";"None";"nan";"None";"nan";"1";"2";"Appartement";"19.0";"1.0";"None";"None";"None";"None";"nan";"7.267693";"43.697811";"000KT"
"2024-42509";"2024-03-27";"1";"Vente";"280600.0";"12.0";"None";"RUE MACCARANI";"3810";"06000";"06088";"Nice";"06";"None";"None";"06088000KT0177";"None";"None";"38";"34.57";"None";"nan";"None";"nan";"None";"nan";"None";"nan";"1";"2";"Appartement";"37.0";"2.0";"None";"None";"None";"None";"nan";"7.264595";"43.698889";"000KT"
"2024-42362";"2024-03-26";"1";"Vente";"145000.0";"5.0";"None";"RUE DE FRANCE";"2595";"06000";"06088";"Nice";"06";"None";"None";"06088000KT0226";"None";"None";"51";"nan";"None";"nan";"None";"nan";"None";"nan";"None";"nan";"1";"2";"Appartement";"16.0";"1.0";"None";"None";"None";"None";"nan";"7.26468";"43.696485";"000KT"
"2024-43848";"2024-03-26";"1";"Vente";"340000.0";"12.0";"None";"RUE DU MARECHAL JOFFRE";"4020";"06000";"06088";"Nice";"06";"None";"None";"06088000KT0014";"None";"None";"16";"nan";"31";"nan";"None";"nan";"None";"nan";"None";"nan";"2";"2";"Appartement";"58.0";"2.0";"None";"None";"None";"None";"nan";"7.266226";"43.699209";"000KT"
"2024-43848";"2024-03-26";"1";"Vente";"340000.0";"12.0";"None";"RUE DU MARECHAL JOFFRE";"4020";"06000";"06088";"Nice";"06";"None";"None";"06088000KT0014";"None";"None";"16";"nan";"31";"nan";"None";"nan";"None";"nan";"None";"nan";"2";"3";"Dépendance";"nan";"0.0";"None";"None";"None";"None";"nan";"7.266226";"43.699209";"000KT"
"2024-42439";"2024-03-22";"1";"Vente";"565000.0";"32.0";"None";"RUE DU MARECHAL JOFFRE";"4020";"06000";"06088";"Nice";"06";"None";"None";"06088000KT0188";"None";"None";"22";"nan";"60";"nan";"None";"nan";"None";"nan";"None";"nan";"2";"2";"Appartement";"81.0";"3.0";"None";"None";"None";"None";"nan";"7.262882";"43.698426";"000KT"
"2024-42439";"2024-03-22";"1";"Vente";"565000.0";"32.0";"None";"RUE DU MARECHAL JOFFRE";"4020";"06000";"06088";"Nice";"06";"None";"None";"06088000KT0188";"None";"None";"22";"nan";"60";"nan";"None";"nan";"None";"nan";"None";"nan";"2";"3";"Dépendance";"nan";"0.0";"None";"None";"None";"None";"nan";"7.262882";"43.698426";"000KT"
"2024-42211";"2024-03-21";"1";"Vente";"520000.0";"39.0";"None";"RUE MASSENA";"4110";"06000";"06088";"Nice";"06";"None";"None";"06088000KT0097";"None";"None";"12";"87.52";"None";"nan";"None";"nan";"None";"nan";"None";"nan";"1";"2";"Appartement";"65.0";"2.0";"None";"None";"None";"None";"nan";"7.265779";"43.696776";"000KT"
"2024-42423";"2024-03-21";"1";"Vente";"190000.0";"4.0";"None";"RUE DE FRANCE";"2595";"06000";"06088";"Nice";"06";"None";"None";"06088000KT0222";"None";"None";"112";"30.99";"None";"nan";"None";"nan";"None";"nan";"None";"nan";"1";"2";"Appartement";"32.0";"2.0";"None";"None";"None";"None";"nan";"7.26469";"43.696933";"000KT"
"2024-42187";"2024-03-18";"1";"Vente";"192550.0";"3.0";"None";"RUE FRANCOIS 1ER";"2645";"06000";"06088";"Nice";"06";"None";"None";"06088000KT0144";"None";"None";"36";"29.05";"None";"nan";"None";"nan";"None";"nan";"None";"nan";"1";"2";"Appartement";"29.0";"1.0";"None";"None";"None";"None";"nan";"7.266151";"43.698037";"000KT"
"2024-42256";"2024-03-15";"1";"Vente";"170000.0";"20.0";"None";"RUE DU MARECHAL JOFFRE";"4020";"06000";"06088";"Nice";"06";"None";"None";"06088000KT0163";"None";"None";"123";"29.82";"None";"nan";"None";"nan";"None";"nan";"None";"nan";"1";"2";"Appartement";"28.0";"1.0";"None";"None";"None";"None";"nan";"7.265209";"43.699055";"000KT"
"2024-41804";"2024-03-11";"1";"Vente";"106000.0";"9.0";"None";"RUE MASSENA";"4110";"06000";"06088";"Nice";"06";"None";"None";"06088000KT0067";"None";"None";"48";"27.72";"None";"nan";"None";"nan";"None";"nan";"None";"nan";"1";"2";"Appartement";"25.0";"1.0";"None";"None";"None";"None";"nan";"7.268156";"43.697486";"000KT"
"2024-41967";"2024-03-07";"1";"Vente";"390000.0";"11.0";"None";"RUE GRIMALDI";"3035";"06000";"06088";"Nice";"06";"None";"None";"06088000KT0173";"None";"None";"22";"nan";"7";"nan";"None";"nan";"None";"nan";"None";"nan";"2";"2";"Appartement";"75.0";"3.0";"None";"None";"None";"None";"nan";"7.264842";"43.698938";"000KT"
"2024-41967";"2024-03-07";"1";"Vente";"390000.0";"11.0";"None";"RUE GRIMALDI";"3035";"06000";"06088";"Nice";"06";"None";"None";"06088000KT0173";"None";"None";"22";"nan";"7";"nan";"None";"nan";"None";"nan";"None";"nan";"2";"3";"Dépendance";"nan";"0.0";"None";"None";"None";"None";"nan";"7.264842";"43.698938";"000KT"
"2024-41884";"2024-03-04";"1";"Vente";"200000.0";"4.0";"None";"RUE DU CONGRES";"1655";"06000";"06088";"Nice";"06";"None";"None";"06088000KT0255";"None";"None";"59";"nan";"None";"nan";"None";"nan";"None";"nan";"None";"nan";"1";"2";"Appartement";"15.0";"1.0";"None";"None";"None";"None";"nan";"7.2636";"43.695518";"000KT"
"2024-42163";"2024-03-04";"1";"Vente";"1000000.0";"8.0";"None";"RUE DU MARECHAL JOFFRE";"4020";"06000";"06088";"Nice";"06";"None";"None";"06088000KT0394";"None";"None";"321";"nan";"None";"nan";"None";"nan";"None";"nan";"None";"nan";"1";"2";"Appartement";"18.0";"1.0";"None";"None";"None";"None";"nan";"7.266523";"43.699504";"000KT"
"2024-42163";"2024-03-04";"1";"Vente";"1000000.0";"8.0";"None";"RUE DU MARECHAL JOFFRE";"4020";"06000";"06088";"Nice";"06";"None";"None";"06088000KT0394";"None";"None";"321";"nan";"None";"nan";"None";"nan";"None";"nan";"None";"nan";"1";"3";"Dépendance";"nan";"0.0";"None";"None";"None";"None";"nan";"7.266523";"43.699504";"000KT"
"2024-42163";"2024-03-04";"1";"Vente";"1000000.0";"10.0";"None";"RUE DU MARECHAL JOFFRE";"4020";"06000";"06088";"Nice";"06";"None";"None";"06088000KT0394";"None";"None";"501";"nan";"None";"nan";"None";"nan";"None";"nan";"None";"nan";"1";"4";"Local industriel. commercial ou assimilé";"233.0";"0.0";"None";"None";"None";"None";"nan";"7.266523";"43.699504";"000KT"
"2024-42163";"2024-03-04";"1";"Vente";"1000000.0";"10.0";"None";"RUE DU MARECHAL JOFFRE";"4020";"06000";"06088";"Nice";"06";"None";"None";"06088000KT0394";"None";"None";"501";"nan";"None";"nan";"None";"nan";"None";"nan";"None";"nan";"1";"4";"Local industriel. commercial ou assimilé";"339.0";"0.0";"None";"None";"None";"None";"nan";"7.266523";"43.699504";"000KT"
"2024-41674";"2024-02-29";"1";"Vente";"215000.0";"11.0";"None";"RUE MASSENET";"4115";"06000";"06088";"Nice";"06";"None";"None";"06088000KT0256";"None";"None";"8";"30.6";"None";"nan";"None";"nan";"None";"nan";"None";"nan";"1";"2";"Appartement";"29.0";"1.0";"None";"None";"None";"None";"nan";"7.263718";"43.695829";"000KT"
"2024-42008";"2024-02-29";"1";"Vente";"60000.0";"2.0";"None";"RUE ALPHONSE KARR";"0135";"06000";"06088";"Nice";"06";"None";"None";"06088000KT0026";"None";"None";"278";"nan";"None";"nan";"None";"nan";"None";"nan";"None";"nan";"1";"3";"Dépendance";"nan";"0.0";"None";"None";"None";"None";"nan";"7.266615";"43.698681";"000KT"
"2024-41227";"2024-02-22";"1";"Vente";"800000.0";"11.0";"None";"RUE MACCARANI";"3810";"06000";"06088";"Nice";"06";"None";"None";"06088000KT0322";"None";"None";"315";"97.06";"None";"nan";"None";"nan";"None";"nan";"None";"nan";"1";"2";"Appartement";"96.0";"3.0";"None";"None";"None";"None";"nan";"7.264358";"43.697967";"000KT"
"2024-41227";"2024-02-22";"1";"Vente";"800000.0";"11.0";"None";"RUE MACCARANI";"3810";"06000";"06088";"Nice";"06";"None";"None";"06088000KT0322";"None";"None";"243";"nan";"None";"nan";"None";"nan";"None";"nan";"None";"nan";"1";"2";"Appartement";"123.0";"4.0";"None";"None";"None";"None";"nan";"7.264358";"43.697967";"000KT"
"2024-41227";"2024-02-22";"1";"Vente";"800000.0";"11.0";"None";"RUE MACCARANI";"3810";"06000";"06088";"Nice";"06";"None";"None";"06088000KT0322";"None";"None";"315";"97.06";"None";"nan";"None";"nan";"None";"nan";"None";"nan";"1";"3";"Dépendance";"nan";"0.0";"None";"None";"None";"None";"nan";"7.264358";"43.697967";"000KT"
"2024-41227";"2024-02-22";"1";"Vente";"800000.0";"11.0";"None";"RUE MACCARANI";"3810";"06000";"06088";"Nice";"06";"None";"None";"06088000KT0322";"None";"None";"315";"97.06";"None";"nan";"None";"nan";"None";"nan";"None";"nan";"1";"3";"Dépendance";"nan";"0.0";"None";"None";"None";"None";"nan";"7.264358";"43.697967";"000KT"
"2024-41227";"2024-02-22";"1";"Vente";"800000.0";"11.0";"None";"RUE MACCARANI";"3810";"06000";"06088";"Nice";"06";"None";"None";"06088000KT0322";"None";"None";"243";"nan";"None";"nan";"None";"nan";"None";"nan";"None";"nan";"1";"3";"Dépendance";"nan";"0.0";"None";"None";"None";"None";"nan";"7.264358";"43.697967";"000KT"
"2024-41227";"2024-02-22";"1";"Vente";"800000.0";"11.0";"None";"RUE MACCARANI";"3810";"06000";"06088";"Nice";"06";"None";"None";"06088000KT0322";"None";"None";"243";"nan";"None";"nan";"None";"nan";"None";"nan";"None";"nan";"1";"3";"Dépendance";"nan";"0.0";"None";"None";"None";"None";"nan";"7.264358";"43.697967";"000KT"
"2024-41492";"2024-02-21";"1";"Vente";"75000.0";"3.0";"None";"RUE MASSENA";"4110";"06000";"06088";"Nice";"06";"None";"None";"06088000KT0069";"None";"None";"108";"nan";"None";"nan";"None";"nan";"None";"nan";"None";"nan";"1";"4";"Local industriel. commercial ou assimilé";"35.0";"0.0";"None";"None";"None";"None";"nan";"7.269055";"43.69765";"000KT"
"2024-41748";"2024-02-19";"1";"Vente";"310000.0";"8.0";"None";"RUE FRANCOIS 1ER";"2645";"06000";"06088";"Nice";"06";"None";"None";"06088000KT0152";"None";"None";"2";"nan";"35";"nan";"None";"nan";"None";"nan";"None";"nan";"2";"2";"Appartement";"50.0";"2.0";"None";"None";"None";"None";"nan";"7.26584";"43.698406";"000KT"
"2024-42086";"2024-02-19";"1";"Vente";"260000.0";"9.0";"None";"RUE MASSENA";"4110";"06000";"06088";"Nice";"06";"None";"None";"06088000KT0067";"None";"None";"40";"37.5";"None";"nan";"None";"nan";"None";"nan";"None";"nan";"1";"2";"Appartement";"45.0";"3.0";"None";"None";"None";"None";"nan";"7.268156";"43.697486";"000KT"
"2024-41748";"2024-02-19";"1";"Vente";"310000.0";"8.0";"None";"RUE FRANCOIS 1ER";"2645";"06000";"06088";"Nice";"06";"None";"None";"06088000KT0152";"None";"None";"35";"nan";"None";"nan";"None";"nan";"None";"nan";"None";"nan";"1";"3";"Dépendance";"nan";"0.0";"None";"None";"None";"None";"nan";"7.26584";"43.698406";"000KT"
"2024-41225";"2024-02-16";"1";"Vente";"60000.0";"2.0";"None";"RUE ALPHONSE KARR";"0135";"06000";"06088";"Nice";"06";"None";"None";"06088000KT0026";"None";"None";"314";"nan";"None";"nan";"None";"nan";"None";"nan";"None";"nan";"1";"3";"Dépendance";"nan";"0.0";"None";"None";"None";"None";"nan";"7.266615";"43.698681";"000KT"
"2024-41309";"2024-02-14";"1";"Vente";"65000.0";"12.0";"None";"RUE JOSEPH BRES";"3455";"06000";"06088";"Nice";"06";"None";"None";"06088000KT0381";"None";"None";"136";"nan";"None";"nan";"None";"nan";"None";"nan";"None";"nan";"1";"3";"Dépendance";"nan";"0.0";"None";"None";"None";"None";"nan";"7.268336";"43.698832";"000KT"
"2024-41286";"2024-02-13";"1";"Vente";"620000.0";"11.0";"None";"RUE MACCARANI";"3810";"06000";"06088";"Nice";"06";"None";"None";"06088000KT0322";"None";"None";"221";"nan";"349";"nan";"None";"nan";"None";"nan";"None";"nan";"2";"2";"Appartement";"87.0";"3.0";"None";"None";"None";"None";"nan";"7.264358";"43.697967";"000KT"
"2024-41286";"2024-02-13";"1";"Vente";"620000.0";"11.0";"None";"RUE MACCARANI";"3810";"06000";"06088";"Nice";"06";"None";"None";"06088000KT0322";"None";"None";"160";"nan";"None";"nan";"None";"nan";"None";"nan";"None";"nan";"1";"3";"Dépendance";"nan";"0.0";"None";"None";"None";"None";"nan";"7.264358";"43.697967";"000KT"
"2024-41286";"2024-02-13";"1";"Vente";"620000.0";"11.0";"None";"RUE MACCARANI";"3810";"06000";"06088";"Nice";"06";"None";"None";"06088000KT0322";"None";"None";"221";"nan";"349";"nan";"None";"nan";"None";"nan";"None";"nan";"2";"3";"Dépendance";"nan";"0.0";"None";"None";"None";"None";"nan";"7.264358";"43.697967";"000KT"
"2024-41286";"2024-02-13";"1";"Vente";"620000.0";"11.0";"None";"RUE MACCARANI";"3810";"06000";"06088";"Nice";"06";"None";"None";"06088000KT0322";"None";"None";"221";"nan";"349";"nan";"None";"nan";"None";"nan";"None";"nan";"2";"3";"Dépendance";"nan";"0.0";"None";"None";"None";"None";"nan";"7.264358";"43.697967";"000KT"
"2024-41238";"2024-02-08";"1";"Vente";"50000.0";"2.0";"None";"RUE ALPHONSE KARR";"0135";"06000";"06088";"Nice";"06";"None";"None";"06088000KT0026";"None";"None";"484";"nan";"None";"nan";"None";"nan";"None";"nan";"None";"nan";"1";"3";"Dépendance";"nan";"0.0";"None";"None";"None";"None";"nan";"7.266615";"43.698681";"000KT"
"2024-40675";"2024-02-06";"1";"Vente";"902500.0";"4.0";"None";"AV DE VERDUN";"6625";"06000";"06088";"Nice";"06";"None";"None";"06088000KT0307";"None";"None";"2";"120.11";"None";"nan";"None";"nan";"None";"nan";"None";"nan";"1";"4";"Local industriel. commercial ou assimilé";"125.0";"0.0";"None";"None";"None";"None";"nan";"7.269225";"43.697219";"000KT"
"2024-40389";"2024-01-26";"1";"Vente";"35000.0";"10.0";"B";"RUE DU MARECHAL JOFFRE";"4020";"06000";"06088";"Nice";"06";"None";"None";"06088000KT0163";"None";"None";"49";"nan";"None";"nan";"None";"nan";"None";"nan";"None";"nan";"1";"3";"Dépendance";"nan";"0.0";"None";"None";"None";"None";"nan";"7.265209";"43.699055";"000KT"
"2024-41475";"2024-01-25";"1";"Vente";"585000.0";"19.0";"None";"RUE DE LA LIBERTE";"3640";"06000";"06088";"Nice";"06";"None";"None";"06088000KT0126";"None";"None";"127";"nan";"None";"nan";"None";"nan";"None";"nan";"None";"nan";"1";"4";"Local industriel. commercial ou assimilé";"20.0";"0.0";"None";"None";"None";"None";"nan";"7.266029";"43.697498";"000KT"
"2024-40332";"2024-01-24";"1";"Vente";"600000.0";"9.0";"None";"RUE DE LA LIBERTE";"3640";"06000";"06088";"Nice";"06";"None";"None";"06088000KT0058";"None";"None";"18";"nan";"2";"nan";"None";"nan";"None";"nan";"None";"nan";"2";"2";"Appartement";"92.0";"4.0";"None";"None";"None";"None";"nan";"7.267679";"43.698092";"000KT"
"2024-40332";"2024-01-24";"1";"Vente";"600000.0";"9.0";"None";"RUE DE LA LIBERTE";"3640";"06000";"06088";"Nice";"06";"None";"None";"06088000KT0058";"None";"None";"18";"nan";"2";"nan";"None";"nan";"None";"nan";"None";"nan";"2";"3";"Dépendance";"nan";"0.0";"None";"None";"None";"None";"nan";"7.267679";"43.698092";"000KT"
"2024-40829";"2024-01-23";"1";"Vente";"395000.0";"5.0";"None";"RUE EUGENE EMMANUEL";"2360";"06000";"06088";"Nice";"06";"None";"None";"06088000KT0313";"None";"None";"298";"nan";"342";"nan";"None";"nan";"None";"nan";"None";"nan";"2";"2";"Appartement";"86.0";"3.0";"None";"None";"None";"None";"nan";"7.265866";"43.699612";"000KT"
"2024-40829";"2024-01-23";"1";"Vente";"395000.0";"5.0";"None";"RUE EUGENE EMMANUEL";"2360";"06000";"06088";"Nice";"06";"None";"None";"06088000KT0313";"None";"None";"298";"nan";"342";"nan";"None";"nan";"None";"nan";"None";"nan";"2";"3";"Dépendance";"nan";"0.0";"None";"None";"None";"None";"nan";"7.265866";"43.699612";"000KT"
"2024-40829";"2024-01-23";"1";"Vente";"395000.0";"5.0";"None";"RUE EUGENE EMMANUEL";"2360";"06000";"06088";"Nice";"06";"None";"None";"06088000KT0313";"None";"None";"298";"nan";"342";"nan";"None";"nan";"None";"nan";"None";"nan";"2";"3";"Dépendance";"nan";"0.0";"None";"None";"None";"None";"nan";"7.265866";"43.699612";"000KT"
"2024-40829";"2024-01-23";"1";"Vente";"395000.0";"5.0";"None";"RUE EUGENE EMMANUEL";"2360";"06000";"06088";"Nice";"06";"None";"None";"06088000KT0313";"None";"None";"223";"nan";"None";"nan";"None";"nan";"None";"nan";"None";"nan";"1";"3";"Dépendance";"nan";"0.0";"None";"None";"None";"None";"nan";"7.265866";"43.699612";"000KT"
"2024-41006";"2024-01-18";"1";"Vente";"153000.0";"19.0";"None";"RUE DE LA LIBERTE";"3640";"06000";"06088";"Nice";"06";"None";"None";"06088000KT0126";"None";"None";"137";"nan";"None";"nan";"None";"nan";"None";"nan";"None";"nan";"1";"2";"Appartement";"12.0";"1.0";"None";"None";"None";"None";"nan";"7.266029";"43.697498";"000KT"
"2024-39817";"2024-01-17";"1";"Vente";"420000.0";"9.0";"None";"RUE MASSENET";"4115";"06000";"06088";"Nice";"06";"None";"None";"06088000KT0257";"None";"None";"133";"nan";"None";"nan";"None";"nan";"None";"nan";"None";"nan";"1";"2";"Appartement";"59.0";"2.0";"None";"None";"None";"None";"nan";"7.263955";"43.695823";"000KT"
"2024-40437";"2024-01-17";"1";"Vente";"620000.0";"8.0";"None";"RUE GRIMALDI";"3035";"06000";"06088";"Nice";"06";"None";"None";"06088000KT0161";"None";"None";"108";"nan";"109";"nan";"23";"nan";"None";"nan";"None";"nan";"3";"4";"Local industriel. commercial ou assimilé";"20.0";"0.0";"None";"None";"None";"None";"nan";"7.265527";"43.698649";"000KT"
"2024-40437";"2024-01-17";"1";"Vente";"620000.0";"8.0";"None";"RUE DE FRANCE";"2595";"06000";"06088";"Nice";"06";"None";"None";"06088000KT0216";"None";"None";"11";"nan";"15";"nan";"None";"nan";"None";"nan";"None";"nan";"2";"4";"Local industriel. commercial ou assimilé";"70.0";"0.0";"None";"None";"None";"None";"nan";"7.26417";"43.696734";"000KT"
"2024-40286";"2024-01-15";"1";"Vente";"371873.0";"15.0";"None";"RUE DU MARECHAL JOFFRE";"4020";"06000";"06088";"Nice";"06";"None";"None";"06088000KT0161";"None";"None";"45";"30.28";"None";"nan";"None";"nan";"None";"nan";"None";"nan";"1";"2";"Appartement";"29.0";"1.0";"None";"None";"None";"None";"nan";"7.265527";"43.698649";"000KT"
"2024-40290";"2024-01-15";"1";"Vente";"200000.0";"3.0";"None";"RUE EUGENE EMMANUEL";"2360";"06000";"06088";"Nice";"06";"None";"None";"06088000KT0015";"None";"None";"131";"nan";"None";"nan";"None";"nan";"None";"nan";"None";"nan";"1";"2";"Appartement";"23.0";"1.0";"None";"None";"None";"None";"nan";"7.266019";"43.699309";"000KT"
"2024-39708";"2024-01-11";"1";"Vente";"370000.0";"9.0";"None";"RUE HALEVY";"3170";"06000";"06088";"Nice";"06";"None";"None";"06088000KT0340";"None";"None";"28";"nan";"None";"nan";"None";"nan";"None";"nan";"None";"nan";"1";"2";"Appartement";"30.0";"1.0";"None";"None";"None";"None";"nan";"7.26483";"43.696253";"000KT"
"2024-40149";"2024-01-10";"1";"Vente";"790000.0";"14.0";"None";"RUE DU CONGRES";"1655";"06000";"06088";"Nice";"06";"None";"None";"06088000KT0211";"None";"None";"19";"nan";"6";"nan";"None";"nan";"None";"nan";"None";"nan";"2";"2";"Appartement";"100.0";"4.0";"None";"None";"None";"None";"nan";"7.26321";"43.696956";"000KT"
"2024-40149";"2024-01-10";"1";"Vente";"790000.0";"14.0";"None";"RUE DU CONGRES";"1655";"06000";"06088";"Nice";"06";"None";"None";"06088000KT0211";"None";"None";"19";"nan";"6";"nan";"None";"nan";"None";"nan";"None";"nan";"2";"3";"Dépendance";"nan";"0.0";"None";"None";"None";"None";"nan";"7.26321";"43.696956";"000KT"
"2024-39756";"2024-01-08";"1";"Vente";"349200.0";"7.0";"None";"RUE PARADIS";"4705";"06000";"06088";"Nice";"06";"None";"None";"06088000KT0118";"None";"None";"31";"nan";"None";"nan";"None";"nan";"None";"nan";"None";"nan";"1";"2";"Appartement";"32.0";"2.0";"None";"None";"None";"None";"nan";"7.26708";"43.697161";"000KT"
"2024-40108";"2024-01-03";"1";"Vente";"1225000.0";"11.0";"None";"RUE MACCARANI";"3810";"06000";"06088";"Nice";"06";"None";"None";"06088000KT0322";"None";"None";"222";"nan";"313";"118.04";"None";"nan";"None";"nan";"None";"nan";"2";"2";"Appartement";"116.0";"4.0";"None";"None";"None";"None";"nan";"7.264358";"43.697967";"000KT"
"2024-40108";"2024-01-03";"1";"Vente";"1225000.0";"11.0";"None";"RUE MACCARANI";"3810";"06000";"06088";"Nice";"06";"None";"None";"06088000KT0322";"None";"None";"222";"nan";"313";"118.04";"None";"nan";"None";"nan";"None";"nan";"2";"3";"Dépendance";"nan";"0.0";"None";"None";"None";"None";"nan";"7.264358";"43.697967";"000KT"
"2024-40108";"2024-01-03";"1";"Vente";"1225000.0";"11.0";"None";"RUE MACCARANI";"3810";"06000";"06088";"Nice";"06";"None";"None";"06088000KT0322";"None";"None";"222";"nan";"313";"118.04";"None";"nan";"None";"nan";"None";"nan";"2";"3";"Dépendance";"nan";"0.0";"None";"None";"None";"None";"nan";"7.264358";"43.697967";"000KT"
"2024-40108";"2024-01-03";"1";"Vente";"1225000.0";"11.0";"None";"RUE MACCARANI";"3810";"06000";"06088";"Nice";"06";"None";"None";"06088000KT0322";"None";"None";"196";"nan";"None";"nan";"None";"nan";"None";"nan";"None";"nan";"1";"3";"Dépendance";"nan";"0.0";"None";"None";"None";"None";"nan";"7.264358";"43.697967";"000KT"
"2023-60288";"2023-12-29";"1";"Vente";"483890.0";"1.0";"None";"PL EUGENE MO";"2365";"06000";"06088";"Nice";"06";"None";"None";"06088000KT0023";"None";"None";"16";"nan";"None";"nan";"None";"nan";"None";"nan";"None";"nan";"1";"4";"Local industriel. commercial ou assimilé";"120.0";"0.0";"None";"None";"None";"None";"nan";"7.267121";"43.699083";"000KT"
"2023-60207";"2023-12-27";"1";"Vente";"4200000.0";"34.0";"None";"RUE MASSENA";"4110";"06000";"06088";"Nice";"06";"None";"None";"06088000KT0133";"None";"None";"26";"nan";"None";"nan";"None";"nan";"None";"nan";"None";"nan";"1";"2";"Appartement";"46.0";"2.0";"None";"None";"None";"None";"nan";"7.265239";"43.696975";"000KT"
"2023-60207";"2023-12-27";"1";"Vente";"4200000.0";"34.0";"None";"RUE MASSENA";"4110";"06000";"06088";"Nice";"06";"None";"None";"06088000KT0133";"None";"None";"24";"nan";"None";"nan";"None";"nan";"None";"nan";"None";"nan";"1";"2";"Appartement";"50.0";"2.0";"None";"None";"None";"None";"nan";"7.265239";"43.696975";"000KT"
"2023-60207";"2023-12-27";"1";"Vente";"4200000.0";"34.0";"None";"RUE MASSENA";"4110";"06000";"06088";"Nice";"06";"None";"None";"06088000KT0133";"None";"None";"29";"nan";"None";"nan";"None";"nan";"None";"nan";"None";"nan";"1";"2";"Appartement";"43.0";"2.0";"None";"None";"None";"None";"nan";"7.265239";"43.696975";"000KT"
"2023-60207";"2023-12-27";"1";"Vente";"4200000.0";"34.0";"None";"RUE MASSENA";"4110";"06000";"06088";"Nice";"06";"None";"None";"06088000KT0133";"None";"None";"28";"nan";"None";"nan";"None";"nan";"None";"nan";"None";"nan";"1";"2";"Appartement";"40.0";"2.0";"None";"None";"None";"None";"nan";"7.265239";"43.696975";"000KT"
"2023-60207";"2023-12-27";"1";"Vente";"4200000.0";"34.0";"None";"RUE MASSENA";"4110";"06000";"06088";"Nice";"06";"None";"None";"06088000KT0133";"None";"None";"25";"nan";"None";"nan";"None";"nan";"None";"nan";"None";"nan";"1";"2";"Appartement";"60.0";"2.0";"None";"None";"None";"None";"nan";"7.265239";"43.696975";"000KT"
"2023-60207";"2023-12-27";"1";"Vente";"4200000.0";"34.0";"None";"RUE MASSENA";"4110";"06000";"06088";"Nice";"06";"None";"None";"06088000KT0133";"None";"None";"30";"nan";"None";"nan";"None";"nan";"None";"nan";"None";"nan";"1";"2";"Appartement";"35.0";"2.0";"None";"None";"None";"None";"nan";"7.265239";"43.696975";"000KT"
"2023-60207";"2023-12-27";"1";"Vente";"4200000.0";"34.0";"None";"RUE MASSENA";"4110";"06000";"06088";"Nice";"06";"None";"None";"06088000KT0133";"None";"None";"21";"nan";"None";"nan";"None";"nan";"None";"nan";"None";"nan";"1";"2";"Appartement";"70.0";"3.0";"None";"None";"None";"None";"nan";"7.265239";"43.696975";"000KT"
"2023-60207";"2023-12-27";"1";"Vente";"4200000.0";"34.0";"None";"RUE MASSENA";"4110";"06000";"06088";"Nice";"06";"None";"None";"06088000KT0133";"None";"None";"23";"nan";"None";"nan";"None";"nan";"None";"nan";"None";"nan";"1";"2";"Appartement";"78.0";"3.0";"None";"None";"None";"None";"nan";"7.265239";"43.696975";"000KT"
"2023-59869";"2023-12-27";"1";"Vente";"34000.0";"6.0";"None";"RUE MASSENET";"4115";"06000";"06088";"Nice";"06";"None";"None";"06088000KT0368";"None";"None";"82";"nan";"None";"nan";"None";"nan";"None";"nan";"None";"nan";"1";"3";"Dépendance";"nan";"0.0";"None";"None";"None";"None";"nan";"7.264583";"43.69571";"000KT"
"2023-60207";"2023-12-27";"1";"Vente";"4200000.0";"34.0";"None";"RUE MASSENA";"4110";"06000";"06088";"Nice";"06";"None";"None";"06088000KT0133";"None";"None";"33";"nan";"35";"nan";"39";"nan";"41";"nan";"None";"nan";"4";"3";"Dépendance";"nan";"0.0";"None";"None";"None";"None";"nan";"7.265239";"43.696975";"000KT"
"2023-60207";"2023-12-27";"1";"Vente";"4200000.0";"34.0";"None";"RUE MASSENA";"4110";"06000";"06088";"Nice";"06";"None";"None";"06088000KT0133";"None";"None";"33";"nan";"35";"nan";"39";"nan";"41";"nan";"None";"nan";"4";"3";"Dépendance";"nan";"0.0";"None";"None";"None";"None";"nan";"7.265239";"43.696975";"000KT"
"2023-60207";"2023-12-27";"1";"Vente";"4200000.0";"34.0";"None";"RUE MASSENA";"4110";"06000";"06088";"Nice";"06";"None";"None";"06088000KT0133";"None";"None";"40";"nan";"None";"nan";"None";"nan";"None";"nan";"None";"nan";"1";"3";"Dépendance";"nan";"0.0";"None";"None";"None";"None";"nan";"7.265239";"43.696975";"000KT"
"2023-60207";"2023-12-27";"1";"Vente";"4200000.0";"34.0";"None";"RUE MASSENA";"4110";"06000";"06088";"Nice";"06";"None";"None";"06088000KT0133";"None";"None";"33";"nan";"35";"nan";"39";"nan";"41";"nan";"None";"nan";"4";"3";"Dépendance";"nan";"0.0";"None";"None";"None";"None";"nan";"7.265239";"43.696975";"000KT"
"2023-60207";"2023-12-27";"1";"Vente";"4200000.0";"34.0";"None";"RUE MASSENA";"4110";"06000";"06088";"Nice";"06";"None";"None";"06088000KT0133";"None";"None";"33";"nan";"35";"nan";"39";"nan";"41";"nan";"None";"nan";"4";"3";"Dépendance";"nan";"0.0";"None";"None";"None";"None";"nan";"7.265239";"43.696975";"000KT"
"2023-60207";"2023-12-27";"1";"Vente";"4200000.0";"34.0";"None";"RUE MASSENA";"4110";"06000";"06088";"Nice";"06";"None";"None";"06088000KT0133";"None";"None";"32";"nan";"None";"nan";"None";"nan";"None";"nan";"None";"nan";"1";"4";"Local industriel. commercial ou assimilé";"47.0";"0.0";"None";"None";"None";"None";"nan";"7.265239";"43.696975";"000KT"
"2023-60207";"2023-12-27";"1";"Vente";"4200000.0";"34.0";"None";"RUE MASSENA";"4110";"06000";"06088";"Nice";"06";"None";"None";"06088000KT0133";"None";"None";"32";"nan";"None";"nan";"None";"nan";"None";"nan";"None";"nan";"1";"4";"Local industriel. commercial ou assimilé";"58.0";"0.0";"None";"None";"None";"None";"nan";"7.265239";"43.696975";"000KT"
"2023-60207";"2023-12-27";"1";"Vente";"4200000.0";"34.0";"None";"RUE MASSENA";"4110";"06000";"06088";"Nice";"06";"None";"None";"06088000KT0133";"None";"None";"7";"nan";"None";"nan";"None";"nan";"None";"nan";"None";"nan";"1";"4";"Local industriel. commercial ou assimilé";"88.0";"0.0";"None";"None";"None";"None";"nan";"7.265239";"43.696975";"000KT"
"2023-60207";"2023-12-27";"1";"Vente";"4200000.0";"34.0";"None";"RUE MASSENA";"4110";"06000";"06088";"Nice";"06";"None";"None";"06088000KT0133";"None";"None";"22";"nan";"None";"nan";"None";"nan";"None";"nan";"None";"nan";"1";"4";"Local industriel. commercial ou assimilé";"37.0";"0.0";"None";"None";"None";"None";"nan";"7.265239";"43.696975";"000KT"
"2023-60203";"2023-12-22";"1";"Vente";"132000.0";"4.0";"None";"RUE DU DOCTEUR BARETY";"2010";"06000";"06088";"Nice";"06";"None";"None";"06088000KT0192";"None";"None";"109";"nan";"None";"nan";"None";"nan";"None";"nan";"None";"nan";"1";"3";"Dépendance";"nan";"0.0";"None";"None";"None";"None";"nan";"7.264065";"43.697804";"000KT"
"2023-60247";"2023-12-22";"1";"Vente";"60000.0";"2.0";"None";"RUE ALPHONSE KARR";"0135";"06000";"06088";"Nice";"06";"None";"None";"06088000KT0026";"None";"None";"39";"nan";"None";"nan";"None";"nan";"None";"nan";"None";"nan";"1";"3";"Dépendance";"nan";"0.0";"None";"None";"None";"None";"nan";"7.266615";"43.698681";"000KT"
"2023-60179";"2023-12-22";"1";"Vente";"60000.0";"12.0";"None";"RUE PARADIS";"4705";"06000";"06088";"Nice";"06";"None";"None";"06088000KT0065";"None";"None";"303";"29.38";"None";"nan";"None";"nan";"None";"nan";"None";"nan";"1";"4";"Local industriel. commercial ou assimilé";"30.0";"0.0";"None";"None";"None";"None";"nan";"7.267649";"43.6975";"000KT"
"2023-60203";"2023-12-22";"1";"Vente";"132000.0";"4.0";"None";"RUE DU DOCTEUR BARETY";"2010";"06000";"06088";"Nice";"06";"None";"None";"06088000KT0192";"None";"None";"70";"nan";"None";"nan";"None";"nan";"None";"nan";"None";"nan";"1";"4";"Local industriel. commercial ou assimilé";"404.0";"0.0";"None";"None";"None";"None";"nan";"7.264065";"43.697804";"000KT"
"2023-60373";"2023-12-21";"1";"Vente";"740000.0";"11.0";"None";"RUE MACCARANI";"3810";"06000";"06088";"Nice";"06";"None";"None";"06088000KT0322";"None";"None";"231";"nan";"308";"118.41";"None";"nan";"None";"nan";"None";"nan";"2";"2";"Appartement";"116.0";"4.0";"None";"None";"None";"None";"nan";"7.264358";"43.697967";"000KT"
"2023-60373";"2023-12-21";"1";"Vente";"740000.0";"11.0";"None";"RUE MACCARANI";"3810";"06000";"06088";"Nice";"06";"None";"None";"06088000KT0322";"None";"None";"184";"nan";"None";"nan";"None";"nan";"None";"nan";"None";"nan";"1";"3";"Dépendance";"nan";"0.0";"None";"None";"None";"None";"nan";"7.264358";"43.697967";"000KT"
"2023-60373";"2023-12-21";"1";"Vente";"740000.0";"11.0";"None";"RUE MACCARANI";"3810";"06000";"06088";"Nice";"06";"None";"None";"06088000KT0322";"None";"None";"182";"nan";"None";"nan";"None";"nan";"None";"nan";"None";"nan";"1";"3";"Dépendance";"nan";"0.0";"None";"None";"None";"None";"nan";"7.264358";"43.697967";"000KT"
"2023-60373";"2023-12-21";"1";"Vente";"740000.0";"11.0";"None";"RUE MACCARANI";"3810";"06000";"06088";"Nice";"06";"None";"None";"06088000KT0322";"None";"None";"231";"nan";"308";"118.41";"None";"nan";"None";"nan";"None";"nan";"2";"3";"Dépendance";"nan";"0.0";"None";"None";"None";"None";"nan";"7.264358";"43.697967";"000KT"
"2023-60373";"2023-12-21";"1";"Vente";"740000.0";"11.0";"None";"RUE MACCARANI";"3810";"06000";"06088";"Nice";"06";"None";"None";"06088000KT0322";"None";"None";"231";"nan";"308";"118.41";"None";"nan";"None";"nan";"None";"nan";"2";"3";"Dépendance";"nan";"0.0";"None";"None";"None";"None";"nan";"7.264358";"43.697967";"000KT"
"2023-60072";"2023-12-20";"1";"Vente";"539000.0";"13.0";"None";"RUE MASSENA";"4110";"06000";"06088";"Nice";"06";"None";"None";"06088000KT0065";"None";"None";"163";"nan";"None";"nan";"None";"nan";"None";"nan";"None";"nan";"1";"2";"Appartement";"39.0";"2.0";"None";"None";"None";"None";"nan";"7.267649";"43.6975";"000KT"
"2023-60072";"2023-12-20";"1";"Vente";"539000.0";"13.0";"None";"RUE MASSENA";"4110";"06000";"06088";"Nice";"06";"None";"None";"06088000KT0065";"None";"None";"162";"nan";"None";"nan";"None";"nan";"None";"nan";"None";"nan";"1";"2";"Appartement";"26.0";"1.0";"None";"None";"None";"None";"nan";"7.267649";"43.6975";"000KT"
"2023-59796";"2023-12-19";"1";"Vente";"240000.0";"3.0";"None";"RUE FRANCOIS 1ER";"2645";"06000";"06088";"Nice";"06";"None";"None";"06088000KT0144";"None";"None";"87";"26.33";"None";"nan";"None";"nan";"None";"nan";"None";"nan";"1";"2";"Appartement";"50.0";"3.0";"None";"None";"None";"None";"nan";"7.266151";"43.698037";"000KT"
"2023-59631";"2023-12-18";"1";"Vente";"233000.0";"9.0";"None";"RUE HALEVY";"3170";"06000";"06088";"Nice";"06";"None";"None";"06088000KT0340";"None";"None";"14";"nan";"46";"35.1";"None";"nan";"None";"nan";"None";"nan";"2";"2";"Appartement";"33.0";"1.0";"None";"None";"None";"None";"nan";"7.26483";"43.696253";"000KT"
"2023-59631";"2023-12-18";"1";"Vente";"233000.0";"9.0";"None";"RUE HALEVY";"3170";"06000";"06088";"Nice";"06";"None";"None";"06088000KT0340";"None";"None";"14";"nan";"46";"35.1";"None";"nan";"None";"nan";"None";"nan";"2";"3";"Dépendance";"nan";"0.0";"None";"None";"None";"None";"nan";"7.26483";"43.696253";"000KT"
"2023-59830";"2023-12-12";"1";"Vente";"485000.0";"4.0";"None";"AV DE VERDUN";"6625";"06000";"06088";"Nice";"06";"None";"None";"06088000KT0307";"None";"None";"1";"nan";"None";"nan";"None";"nan";"None";"nan";"None";"nan";"1";"4";"Local industriel. commercial ou assimilé";"91.0";"0.0";"None";"None";"None";"None";"nan";"7.269225";"43.697219";"000KT"
"2023-59051";"2023-12-07";"1";"Vente";"180000.0";"11.0";"None";"RUE MASSENET";"4115";"06000";"06088";"Nice";"06";"None";"None";"06088000KT0256";"None";"None";"6";"30.59";"None";"nan";"None";"nan";"None";"nan";"None";"nan";"1";"2";"Appartement";"30.0";"1.0";"None";"None";"None";"None";"nan";"7.263718";"43.695829";"000KT"
"2023-59104";"2023-12-05";"1";"Vente";"615000.0";"10.0";"None";"RUE DE FRANCE";"2595";"06000";"06088";"Nice";"06";"None";"None";"06088000KT0215";"None";"None";"110";"nan";"16";"nan";"None";"nan";"None";"nan";"None";"nan";"2";"2";"Appartement";"62.0";"2.0";"None";"None";"None";"None";"nan";"7.263675";"43.696685";"000KT"
"2023-58857";"2023-12-05";"1";"Vente";"39500.0";"6.0";"None";"RUE MASSENET";"4115";"06000";"06088";"Nice";"06";"None";"None";"06088000KT0368";"None";"None";"287";"nan";"None";"nan";"None";"nan";"None";"nan";"None";"nan";"1";"3";"Dépendance";"nan";"0.0";"None";"None";"None";"None";"nan";"7.264583";"43.69571";"000KT"
"2023-59104";"2023-12-05";"1";"Vente";"615000.0";"10.0";"None";"RUE DE FRANCE";"2595";"06000";"06088";"Nice";"06";"None";"None";"06088000KT0215";"None";"None";"47";"nan";"None";"nan";"None";"nan";"None";"nan";"None";"nan";"1";"3";"Dépendance";"nan";"0.0";"None";"None";"None";"None";"nan";"7.263675";"43.696685";"000KT"
"2023-59104";"2023-12-05";"1";"Vente";"615000.0";"10.0";"None";"RUE DE FRANCE";"2595";"06000";"06088";"Nice";"06";"None";"None";"06088000KT0215";"None";"None";"110";"nan";"16";"nan";"None";"nan";"None";"nan";"None";"nan";"2";"3";"Dépendance";"nan";"0.0";"None";"None";"None";"None";"nan";"7.263675";"43.696685";"000KT"
"2023-58613";"2023-12-04";"1";"Vente";"230000.0";"3.0";"None";"RUE MASSENA";"4110";"06000";"06088";"Nice";"06";"None";"None";"06088000KT0069";"None";"None";"105";"nan";"None";"nan";"None";"nan";"None";"nan";"None";"nan";"1";"2";"Appartement";"43.0";"2.0";"None";"None";"None";"None";"nan";"7.269055";"43.69765";"000KT"
"2023-58908";"2023-12-04";"1";"Vente";"85000.0";"5.0";"None";"RUE DE FRANCE";"2595";"06000";"06088";"Nice";"06";"None";"None";"06088000KT0226";"None";"None";"51";"nan";"None";"nan";"None";"nan";"None";"nan";"None";"nan";"1";"2";"Appartement";"16.0";"1.0";"None";"None";"None";"None";"nan";"7.26468";"43.696485";"000KT"
"2023-58613";"2023-12-04";"1";"Vente";"230000.0";"3.0";"None";"RUE MASSENA";"4110";"06000";"06088";"Nice";"06";"None";"None";"06088000KT0069";"None";"None";"105";"nan";"None";"nan";"None";"nan";"None";"nan";"None";"nan";"1";"3";"Dépendance";"nan";"0.0";"None";"None";"None";"None";"nan";"7.269055";"43.69765";"000KT"
"2023-58877";"2023-12-04";"1";"Vente";"600000.0";"24.0";"None";"RUE MASSENA";"4110";"06000";"06088";"Nice";"06";"None";"None";"06088000KT0310";"None";"None";"1";"nan";"7";"nan";"None";"nan";"None";"nan";"None";"nan";"2";"4";"Local industriel. commercial ou assimilé";"102.0";"0.0";"None";"None";"None";"None";"nan";"7.266225";"43.697534";"000KT"
"2023-58801";"2023-11-30";"1";"Vente";"220000.0";"39.0";"None";"RUE MASSENA";"4110";"06000";"06088";"Nice";"06";"None";"None";"06088000KT0097";"None";"None";"10";"27.08";"None";"nan";"None";"nan";"None";"nan";"None";"nan";"1";"2";"Appartement";"65.0";"2.0";"None";"None";"None";"None";"nan";"7.265779";"43.696776";"000KT"
"2023-58575";"2023-11-30";"1";"Vente";"30000.0";"20.0";"None";"RUE DU MARECHAL JOFFRE";"4020";"06000";"06088";"Nice";"06";"None";"None";"06088000KT0163";"None";"None";"53";"nan";"None";"nan";"None";"nan";"None";"nan";"None";"nan";"1";"3";"Dépendance";"nan";"0.0";"None";"None";"None";"None";"nan";"7.265209";"43.699055";"000KT"
"2023-58604";"2023-11-28";"1";"Vente";"335000.0";"1.0";"None";"RUE LONGCHAMP";"3710";"06000";"06088";"Nice";"06";"None";"None";"06088000KT0334";"None";"None";"21";"nan";"None";"nan";"None";"nan";"None";"nan";"None";"nan";"1";"2";"Appartement";"36.0";"1.0";"None";"None";"None";"None";"nan";"7.267008";"43.698364";"000KT"
"2023-58604";"2023-11-28";"1";"Vente";"335000.0";"1.0";"None";"RUE LONGCHAMP";"3710";"06000";"06088";"Nice";"06";"None";"None";"06088000KT0334";"None";"None";"21";"nan";"None";"nan";"None";"nan";"None";"nan";"None";"nan";"1";"3";"Dépendance";"nan";"0.0";"None";"None";"None";"None";"nan";"7.267008";"43.698364";"000KT"
"2023-58578";"2023-11-28";"1";"Vente";"2700000.0";"7.0";"None";"BD VICTOR HUGO";"6655";"06000";"06088";"Nice";"06";"None";"None";"06088000KT0394";"None";"None";"110";"nan";"113";"nan";"114";"nan";"135";"nan";"None";"nan";"4";"4";"Local industriel. commercial ou assimilé";"195.0";"0.0";"None";"None";"None";"None";"nan";"7.266523";"43.699504";"000KT"
"2023-58578";"2023-11-28";"1";"Vente";"2700000.0";"2.0";"None";"RUE EUGENE EMMANUEL";"2360";"06000";"06088";"Nice";"06";"None";"None";"06088000KT0394";"None";"None";"618";"nan";"635";"nan";"None";"nan";"None";"nan";"None";"nan";"2";"4";"Local industriel. commercial ou assimilé";"183.0";"0.0";"None";"None";"None";"None";"nan";"7.266523";"43.699504";"000KT"
"2023-59072";"2023-11-27";"1";"Vente";"1380000.0";"7.0";"None";"PROM DES ANGLAIS";"0240";"06000";"06088";"Nice";"06";"None";"None";"06088000KT0258";"None";"None";"324";"nan";"60";"nan";"None";"nan";"None";"nan";"None";"nan";"2";"2";"Appartement";"135.0";"3.0";"None";"None";"None";"None";"nan";"7.264082";"43.695203";"000KT"
"2023-58479";"2023-11-24";"1";"Vente en l'état futur d'achèvement";"20000.0";"12.0";"None";"AV DE SUEDE";"6294";"06000";"06088";"Nice";"06";"None";"None";"06088000KT0103";"None";"5";"None";"nan";"None";"nan";"None";"nan";"None";"nan";"None";"nan";"0";"None";"None";"nan";"nan";"None";"None";"None";"None";"nan";"7.266122";"43.696665";"000KT"
"2023-58235";"2023-11-21";"1";"Vente";"210000.0";"7.0";"None";"PROM DES ANGLAIS";"0240";"06000";"06088";"Nice";"06";"None";"None";"06088000KT0258";"None";"None";"413";"nan";"None";"nan";"None";"nan";"None";"nan";"None";"nan";"1";"2";"Appartement";"26.0";"1.0";"None";"None";"None";"None";"nan";"7.264082";"43.695203";"000KT"
"2023-58664";"2023-11-21";"1";"Vente";"260000.0";"1.0";"None";"PL GRIMALDI";"3030";"06000";"06088";"Nice";"06";"None";"None";"06088000KT0129";"None";"None";"330";"37.79";"None";"nan";"None";"nan";"None";"nan";"None";"nan";"1";"2";"Appartement";"37.0";"2.0";"None";"None";"None";"None";"nan";"7.265537";"43.697314";"000KT"
"2023-58591";"2023-11-21";"1";"Vente";"50000.0";"6.0";"None";"RUE MASSENET";"4115";"06000";"06088";"Nice";"06";"None";"None";"06088000KT0368";"None";"None";"293";"nan";"None";"nan";"None";"nan";"None";"nan";"None";"nan";"1";"3";"Dépendance";"nan";"0.0";"None";"None";"None";"None";"nan";"7.264583";"43.69571";"000KT"
"2023-58861";"2023-11-20";"1";"Vente";"300000.0";"12.0";"None";"RUE DU MARECHAL JOFFRE";"4020";"06000";"06088";"Nice";"06";"None";"None";"06088000KT0270";"None";"None";"15";"nan";"None";"nan";"None";"nan";"None";"nan";"None";"nan";"1";"2";"Appartement";"76.0";"2.0";"None";"None";"None";"None";"nan";"7.26608";"43.699161";"000KT"
"2023-58861";"2023-11-20";"1";"Vente";"300000.0";"12.0";"None";"RUE DU MARECHAL JOFFRE";"4020";"06000";"06088";"Nice";"06";"None";"None";"06088000KT0270";"None";"None";"15";"nan";"None";"nan";"None";"nan";"None";"nan";"None";"nan";"1";"3";"Dépendance";"nan";"0.0";"None";"None";"None";"None";"nan";"7.26608";"43.699161";"000KT"
"2023-58019";"2023-11-16";"1";"Vente";"45000.0";"19.0";"None";"RUE DU MARECHAL JOFFRE";"4020";"06000";"06088";"Nice";"06";"None";"None";"06088000KT0140";"None";"None";"24";"nan";"None";"nan";"None";"nan";"None";"nan";"None";"nan";"1";"4";"Local industriel. commercial ou assimilé";"12.0";"0.0";"None";"None";"None";"None";"nan";"7.265019";"43.698409";"000KT"
"2023-57954";"2023-11-14";"1";"Vente";"860100.0";"11.0";"None";"RUE MACCARANI";"3810";"06000";"06088";"Nice";"06";"None";"None";"06088000KT0322";"None";"None";"222";"nan";"313";"nan";"None";"nan";"None";"nan";"None";"nan";"2";"2";"Appartement";"116.0";"4.0";"None";"None";"None";"None";"nan";"7.264358";"43.697967";"000KT"
"2023-58078";"2023-11-14";"1";"Vente";"120000.0";"9.0";"None";"RUE HALEVY";"3170";"06000";"06088";"Nice";"06";"None";"None";"06088000KT0340";"None";"None";"65";"nan";"None";"nan";"None";"nan";"None";"nan";"None";"nan";"1";"2";"Appartement";"28.0";"1.0";"None";"None";"None";"None";"nan";"7.26483";"43.696253";"000KT"
"2023-58452";"2023-11-14";"1";"Vente";"100000.0";"10.0";"None";"RUE DU MARECHAL JOFFRE";"4020";"06000";"06088";"Nice";"06";"None";"None";"06088000KT0394";"None";"None";"525";"nan";"None";"nan";"None";"nan";"None";"nan";"None";"nan";"1";"2";"Appartement";"13.0";"1.0";"None";"None";"None";"None";"nan";"7.266523";"43.699504";"000KT"
"2023-58695";"2023-11-14";"1";"Vente";"240000.0";"2.0";"None";"RUE DU MARECHAL JOFFRE";"4020";"06000";"06088";"Nice";"06";"None";"None";"06088000KT0005";"None";"None";"140";"nan";"165";"nan";"None";"nan";"None";"nan";"None";"nan";"2";"2";"Appartement";"36.0";"1.0";"None";"None";"None";"None";"nan";"7.267897";"43.699743";"000KT"
"2023-57954";"2023-11-14";"1";"Vente";"860100.0";"11.0";"None";"RUE MACCARANI";"3810";"06000";"06088";"Nice";"06";"None";"None";"06088000KT0322";"None";"None";"222";"nan";"313";"nan";"None";"nan";"None";"nan";"None";"nan";"2";"3";"Dépendance";"nan";"0.0";"None";"None";"None";"None";"nan";"7.264358";"43.697967";"000KT"
"2023-57954";"2023-11-14";"1";"Vente";"860100.0";"11.0";"None";"RUE MACCARANI";"3810";"06000";"06088";"Nice";"06";"None";"None";"06088000KT0322";"None";"None";"196";"nan";"None";"nan";"None";"nan";"None";"nan";"None";"nan";"1";"3";"Dépendance";"nan";"0.0";"None";"None";"None";"None";"nan";"7.264358";"43.697967";"000KT"
"2023-57954";"2023-11-14";"1";"Vente";"860100.0";"11.0";"None";"RUE MACCARANI";"3810";"06000";"06088";"Nice";"06";"None";"None";"06088000KT0322";"None";"None";"222";"nan";"313";"nan";"None";"nan";"None";"nan";"None";"nan";"2";"3";"Dépendance";"nan";"0.0";"None";"None";"None";"None";"nan";"7.264358";"43.697967";"000KT"
"2023-58695";"2023-11-14";"1";"Vente";"240000.0";"2.0";"None";"RUE DU MARECHAL JOFFRE";"4020";"06000";"06088";"Nice";"06";"None";"None";"06088000KT0005";"None";"None";"140";"nan";"165";"nan";"None";"nan";"None";"nan";"None";"nan";"2";"3";"Dépendance";"nan";"0.0";"None";"None";"None";"None";"nan";"7.267897";"43.699743";"000KT"
"2023-57788";"2023-11-13";"1";"Vente";"196000.0";"3.0";"None";"RUE FRANCOIS 1ER";"2645";"06000";"06088";"Nice";"06";"None";"None";"06088000KT0144";"None";"None";"38";"nan";"None";"nan";"None";"nan";"None";"nan";"None";"nan";"1";"2";"Appartement";"26.0";"1.0";"None";"None";"None";"None";"nan";"7.266151";"43.698037";"000KT"
"2023-58041";"2023-11-09";"1";"Vente";"211672.0";"3.0";"None";"RUE DE LA BUFFA";"1000";"06000";"06088";"Nice";"06";"None";"None";"06088000KT0202";"None";"None";"31";"47.46";"None";"nan";"None";"nan";"None";"nan";"None";"nan";"1";"3";"Dépendance";"nan";"0.0";"None";"None";"None";"None";"nan";"7.264447";"43.697414";"000KT"
"2023-57920";"2023-11-08";"1";"Vente";"107800.0";"1.0";"None";"RUE LONGCHAMP";"3710";"06000";"06088";"Nice";"06";"None";"None";"06088000KT0334";"None";"None";"14";"nan";"None";"nan";"None";"nan";"None";"nan";"None";"nan";"1";"2";"Appartement";"23.0";"1.0";"None";"None";"None";"None";"nan";"7.267008";"43.698364";"000KT"
"2023-58035";"2023-11-08";"1";"Vente";"206500.0";"1.0";"None";"RUE LONGCHAMP";"3710";"06000";"06088";"Nice";"06";"None";"None";"06088000KT0334";"None";"None";"14";"nan";"None";"nan";"None";"nan";"None";"nan";"None";"nan";"1";"2";"Appartement";"23.0";"1.0";"None";"None";"None";"None";"nan";"7.267008";"43.698364";"000KT"
"2023-57983";"2023-11-06";"1";"Vente";"127500.0";"7.0";"B";"RUE DU MARECHAL JOFFRE";"4020";"06000";"06088";"Nice";"06";"None";"None";"06088000KT0022";"None";"None";"40";"18.34";"None";"nan";"None";"nan";"None";"nan";"None";"nan";"1";"2";"Appartement";"25.0";"1.0";"None";"None";"None";"None";"nan";"7.266909";"43.699119";"000KT"
"2023-57956";"2023-11-03";"1";"Vente";"220000.0";"11.0";"None";"RUE PARADIS";"4705";"06000";"06088";"Nice";"06";"None";"None";"06088000KT0119";"None";"None";"58";"nan";"None";"nan";"None";"nan";"None";"nan";"None";"nan";"1";"2";"Appartement";"30.0";"1.0";"None";"None";"None";"None";"nan";"7.26709";"43.697354";"000KT"
"2023-57687";"2023-11-02";"1";"Vente";"685000.0";"4.0";"None";"RUE MASSENA";"4110";"06000";"06088";"Nice";"06";"None";"None";"06088000KT0304";"None";"None";"54";"63.21";"None";"nan";"None";"nan";"None";"nan";"None";"nan";"1";"2";"Appartement";"64.0";"3.0";"None";"None";"None";"None";"nan";"7.26836";"43.697981";"000KT"
"2023-57952";"2023-11-02";"1";"Vente";"265000.0";"11.0";"None";"RUE PARADIS";"4705";"06000";"06088";"Nice";"06";"None";"None";"06088000KT0119";"None";"None";"59";"nan";"None";"nan";"None";"nan";"None";"nan";"None";"nan";"1";"2";"Appartement";"33.0";"1.0";"None";"None";"None";"None";"nan";"7.26709";"43.697354";"000KT"
"2023-57817";"2023-11-02";"1";"Vente";"51500.0";"6.0";"None";"RUE MASSENET";"4115";"06000";"06088";"Nice";"06";"None";"None";"06088000KT0368";"None";"None";"291";"nan";"None";"nan";"None";"nan";"None";"nan";"None";"nan";"1";"3";"Dépendance";"nan";"0.0";"None";"None";"None";"None";"nan";"7.264583";"43.69571";"000KT"
"2023-58214";"2023-10-30";"1";"Vente";"175000.0";"8.0";"B";"RUE DU CONGRES";"1655";"06000";"06088";"Nice";"06";"None";"None";"06088000KT0252";"None";"None";"31";"nan";"None";"nan";"None";"nan";"None";"nan";"None";"nan";"1";"2";"Appartement";"21.0";"1.0";"None";"None";"None";"None";"nan";"7.26348";"43.696237";"000KT"
"2023-58032";"2023-10-27";"1";"Vente";"35000.0";"6.0";"None";"RUE MASSENET";"4115";"06000";"06088";"Nice";"06";"None";"None";"06088000KT0368";"None";"None";"338";"nan";"None";"nan";"None";"nan";"None";"nan";"None";"nan";"1";"3";"Dépendance";"nan";"0.0";"None";"None";"None";"None";"nan";"7.264583";"43.69571";"000KT"
"2023-57352";"2023-10-26";"1";"Vente";"145000.0";"2.0";"B";"RUE ALPHONSE KARR";"0135";"06000";"06088";"Nice";"06";"None";"None";"06088000KT0026";"None";"None";"221";"nan";"92";"nan";"None";"nan";"None";"nan";"None";"nan";"2";"2";"Appartement";"27.0";"1.0";"None";"None";"None";"None";"nan";"7.266615";"43.698681";"000KT"
"2023-57352";"2023-10-26";"1";"Vente";"145000.0";"2.0";"B";"RUE ALPHONSE KARR";"0135";"06000";"06088";"Nice";"06";"None";"None";"06088000KT0026";"None";"None";"221";"nan";"92";"nan";"None";"nan";"None";"nan";"None";"nan";"2";"3";"Dépendance";"nan";"0.0";"None";"None";"None";"None";"nan";"7.266615";"43.698681";"000KT"
"2023-57972";"2023-10-26";"1";"Vente";"745000.0";"19.0";"None";"RUE DU MARECHAL JOFFRE";"4020";"06000";"06088";"Nice";"06";"None";"None";"06088000KT0140";"None";"None";"170";"nan";"None";"nan";"None";"nan";"None";"nan";"None";"nan";"1";"4";"Local industriel. commercial ou assimilé";"508.0";"0.0";"None";"None";"None";"None";"nan";"7.265019";"43.698409";"000KT"
"2023-57251";"2023-10-24";"1";"Vente";"462000.0";"14.0";"None";"RUE DE LA LIBERTE";"3640";"06000";"06088";"Nice";"06";"None";"None";"06088000KT0030";"None";"None";"15";"64.41";"None";"nan";"None";"nan";"None";"nan";"None";"nan";"1";"2";"Appartement";"62.0";"2.0";"None";"None";"None";"None";"nan";"7.267597";"43.698433";"000KT"
"2023-57251";"2023-10-24";"1";"Vente";"462000.0";"14.0";"None";"RUE DE LA LIBERTE";"3640";"06000";"06088";"Nice";"06";"None";"None";"06088000KT0030";"None";"None";"1";"nan";"None";"nan";"None";"nan";"None";"nan";"None";"nan";"1";"2";"Appartement";"58.0";"3.0";"None";"None";"None";"None";"nan";"7.267597";"43.698433";"000KT"
"2023-57251";"2023-10-24";"1";"Vente";"462000.0";"14.0";"None";"RUE DE LA LIBERTE";"3640";"06000";"06088";"Nice";"06";"None";"None";"06088000KT0030";"None";"None";"1";"nan";"None";"nan";"None";"nan";"None";"nan";"None";"nan";"1";"3";"Dépendance";"nan";"0.0";"None";"None";"None";"None";"nan";"7.267597";"43.698433";"000KT"
"2023-57132";"2023-10-19";"1";"Vente";"70000.0";"7.0";"None";"PROM DES ANGLAIS";"0240";"06000";"06088";"Nice";"06";"None";"None";"06088000KT0258";"None";"None";"20";"nan";"None";"nan";"None";"nan";"None";"nan";"None";"nan";"1";"3";"Dépendance";"nan";"0.0";"None";"None";"None";"None";"nan";"7.264082";"43.695203";"000KT"
"2023-57580";"2023-10-16";"1";"Vente";"210000.0";"10.0";"None";"RUE DU CONGRES";"1655";"06000";"06088";"Nice";"06";"None";"None";"06088000KT0213";"None";"None";"30";"nan";"None";"nan";"None";"nan";"None";"nan";"None";"nan";"1";"2";"Appartement";"40.0";"2.0";"None";"None";"None";"None";"nan";"7.26335";"43.696583";"000KT"
"2023-57580";"2023-10-16";"1";"Vente";"210000.0";"10.0";"None";"RUE DU CONGRES";"1655";"06000";"06088";"Nice";"06";"None";"None";"06088000KT0213";"None";"None";"25";"nan";"None";"nan";"None";"nan";"None";"nan";"None";"nan";"1";"2";"Appartement";"28.0";"0.0";"None";"None";"None";"None";"nan";"7.26335";"43.696583";"000KT"
"2023-56797";"2023-10-13";"1";"Vente";"151580.0";"10.0";"None";"RUE DU CONGRES";"1655";"06000";"06088";"Nice";"06";"None";"None";"06088000KT0213";"None";"None";"15";"nan";"None";"nan";"None";"nan";"None";"nan";"None";"nan";"1";"2";"Appartement";"27.0";"1.0";"None";"None";"None";"None";"nan";"7.26335";"43.696583";"000KT"
"2023-56743";"2023-10-13";"1";"Vente";"50000.0";"6.0";"None";"RUE MASSENET";"4115";"06000";"06088";"Nice";"06";"None";"None";"06088000KT0368";"None";"None";"295";"nan";"None";"nan";"None";"nan";"None";"nan";"None";"nan";"1";"4";"Local industriel. commercial ou assimilé";"13.0";"0.0";"None";"None";"None";"None";"nan";"7.264583";"43.69571";"000KT"
"2023-57109";"2023-10-12";"1";"Vente";"1210000.0";"1.0";"None";"PL MASSENA";"4105";"06000";"06088";"Nice";"06";"None";"None";"06088000KT0402";"None";"2";"None";"nan";"None";"nan";"None";"nan";"None";"nan";"None";"nan";"0";"None";"None";"nan";"nan";"None";"None";"None";"None";"nan";"7.269603";"43.697415";"000KT"
"2023-56305";"2023-10-09";"1";"Vente";"215277.0";"6.0";"None";"RUE HALEVY";"3170";"06000";"06088";"Nice";"06";"None";"None";"06088000KT0084";"None";"None";"103";"nan";"None";"nan";"None";"nan";"None";"nan";"None";"nan";"1";"2";"Appartement";"42.0";"1.0";"None";"None";"None";"None";"nan";"7.265515";"43.696025";"000KT"
"2023-56114";"2023-10-05";"1";"Vente";"174000.0";"4.0";"None";"RUE DU CONGRES";"1655";"06000";"06088";"Nice";"06";"None";"None";"06088000KT0255";"None";"None";"44";"nan";"46";"nan";"None";"nan";"None";"nan";"None";"nan";"2";"2";"Appartement";"25.0";"1.0";"None";"None";"None";"None";"nan";"7.2636";"43.695518";"000KT"
"2023-56114";"2023-10-05";"1";"Vente";"174000.0";"4.0";"None";"RUE DU CONGRES";"1655";"06000";"06088";"Nice";"06";"None";"None";"06088000KT0255";"None";"None";"44";"nan";"46";"nan";"None";"nan";"None";"nan";"None";"nan";"2";"3";"Dépendance";"nan";"0.0";"None";"None";"None";"None";"nan";"7.2636";"43.695518";"000KT"
"2023-56372";"2023-10-05";"1";"Vente";"40000.0";"3.0";"None";"RUE DU DOCTEUR BARETY";"2010";"06000";"06088";"Nice";"06";"None";"None";"06088000KT0189";"None";"None";"112";"nan";"None";"nan";"None";"nan";"None";"nan";"None";"nan";"1";"3";"Dépendance";"nan";"0.0";"None";"None";"None";"None";"nan";"7.263096";"43.698623";"000KT"
"2023-56228";"2023-10-05";"1";"Vente";"9880693.0";"3.0";"None";"PL MASSENA";"4105";"06000";"06088";"Nice";"06";"None";"None";"06088000KT0070";"None";"None";"13";"nan";"14";"nan";"8";"nan";"9";"nan";"None";"nan";"4";"4";"Local industriel. commercial ou assimilé";"81.0";"0.0";"None";"None";"None";"None";"nan";"7.269192";"43.697718";"000KT"
"2023-56228";"2023-10-05";"1";"Vente";"9880693.0";"3.0";"None";"PL MASSENA";"4105";"06000";"06088";"Nice";"06";"None";"None";"06088000KT0070";"None";"None";"35";"nan";"38";"nan";"None";"nan";"None";"nan";"None";"nan";"2";"4";"Local industriel. commercial ou assimilé";"196.0";"0.0";"None";"None";"None";"None";"nan";"7.269192";"43.697718";"000KT"
"2023-56228";"2023-10-05";"1";"Vente";"9880693.0";"3.0";"None";"PL MASSENA";"4105";"06000";"06088";"Nice";"06";"None";"None";"06088000KT0070";"None";"None";"33";"nan";"36";"nan";"40";"nan";"41";"nan";"None";"nan";"4";"4";"Local industriel. commercial ou assimilé";"386.0";"0.0";"None";"None";"None";"None";"nan";"7.269192";"43.697718";"000KT"
"2023-56228";"2023-10-05";"1";"Vente";"9880693.0";"3.0";"None";"PL MASSENA";"4105";"06000";"06088";"Nice";"06";"None";"None";"06088000KT0070";"None";"None";"37";"nan";"39";"nan";"None";"nan";"None";"nan";"None";"nan";"2";"4";"Local industriel. commercial ou assimilé";"36.0";"0.0";"None";"None";"None";"None";"nan";"7.269192";"43.697718";"000KT"
"2023-56498";"2023-10-04";"1";"Vente";"16000.0";"13.0";"None";"RUE MASSENA";"4110";"06000";"06088";"Nice";"06";"None";"None";"06088000KT0065";"None";"None";"118";"nan";"None";"nan";"None";"nan";"None";"nan";"None";"nan";"1";"3";"Dépendance";"nan";"0.0";"None";"None";"None";"None";"nan";"7.267649";"43.6975";"000KT"
"2023-57321";"2023-10-04";"1";"Vente";"110000.0";"2.0";"None";"RUE ALPHONSE KARR";"0135";"06000";"06088";"Nice";"06";"None";"None";"06088000KT0026";"None";"None";"393";"nan";"None";"nan";"None";"nan";"None";"nan";"None";"nan";"1";"3";"Dépendance";"nan";"0.0";"None";"None";"None";"None";"nan";"7.266615";"43.698681";"000KT"
"2023-57321";"2023-10-04";"1";"Vente";"110000.0";"2.0";"None";"RUE ALPHONSE KARR";"0135";"06000";"06088";"Nice";"06";"None";"None";"06088000KT0026";"None";"None";"365";"nan";"None";"nan";"None";"nan";"None";"nan";"None";"nan";"1";"4";"Local industriel. commercial ou assimilé";"6.0";"0.0";"None";"None";"None";"None";"nan";"7.266615";"43.698681";"000KT"
"2023-57321";"2023-10-04";"1";"Vente";"110000.0";"2.0";"None";"RUE ALPHONSE KARR";"0135";"06000";"06088";"Nice";"06";"None";"None";"06088000KT0026";"None";"None";"304";"nan";"None";"nan";"None";"nan";"None";"nan";"None";"nan";"1";"4";"Local industriel. commercial ou assimilé";"11.0";"0.0";"None";"None";"None";"None";"nan";"7.266615";"43.698681";"000KT"
"2023-56306";"2023-10-02";"1";"Vente";"140000.0";"4.0";"None";"RUE GRIMALDI";"3035";"06000";"06088";"Nice";"06";"None";"None";"06088000KT0363";"None";"None";"93";"nan";"None";"nan";"None";"nan";"None";"nan";"None";"nan";"1";"2";"Appartement";"17.0";"1.0";"None";"None";"None";"None";"nan";"7.265898";"43.697975";"000KT"
"2023-56888";"2023-10-02";"1";"Vente";"590000.0";"12.0";"None";"RUE DU CONGRES";"1655";"06000";"06088";"Nice";"06";"None";"None";"06088000KT0212";"None";"None";"15";"nan";"27";"69.07";"None";"nan";"None";"nan";"None";"nan";"2";"2";"Appartement";"70.0";"3.0";"None";"None";"None";"None";"nan";"7.263287";"43.69674";"000KT"
"2023-56116";"2023-09-29";"1";"Vente";"690000.0";"18.0";"A";"RUE DU CONGRES";"1655";"06000";"06088";"Nice";"06";"None";"None";"06088000KT0315";"None";"None";"44";"nan";"54";"nan";"None";"nan";"None";"nan";"None";"nan";"2";"2";"Appartement";"88.0";"3.0";"None";"None";"None";"None";"nan";"7.263177";"43.698011";"000KT"
"2023-56026";"2023-09-27";"1";"Vente";"149790.0";"2.0";"None";"PL MAGENTA";"3870";"06000";"06088";"Nice";"06";"None";"None";"06088000KT0061";"None";"None";"37";"17.18";"None";"nan";"None";"nan";"None";"nan";"None";"nan";"1";"2";"Appartement";"23.0";"2.0";"None";"None";"None";"None";"nan";"7.267286";"43.697839";"000KT"
"2023-55766";"2023-09-26";"1";"Vente";"167000.0";"5.0";"None";"RUE MACCARANI";"3810";"06000";"06088";"Nice";"06";"None";"None";"06088000KT0200";"None";"None";"18";"nan";"None";"nan";"None";"nan";"None";"nan";"None";"nan";"1";"2";"Appartement";"25.0";"1.0";"None";"None";"None";"None";"nan";"7.26466";"43.697132";"000KT"
"2023-56058";"2023-09-22";"1";"Vente";"406000.0";"11.0";"B";"RUE MASSENET";"4115";"06000";"06088";"Nice";"06";"None";"None";"06088000KT0249";"None";"None";"21";"nan";"50";"nan";"None";"nan";"None";"nan";"None";"nan";"2";"2";"Appartement";"49.0";"2.0";"None";"None";"None";"None";"nan";"7.263885";"43.696104";"000KT"
"2023-56058";"2023-09-22";"1";"Vente";"406000.0";"11.0";"B";"RUE MASSENET";"4115";"06000";"06088";"Nice";"06";"None";"None";"06088000KT0249";"None";"None";"22";"nan";"51";"nan";"None";"nan";"None";"nan";"None";"nan";"2";"2";"Appartement";"29.0";"1.0";"None";"None";"None";"None";"nan";"7.263885";"43.696104";"000KT"
"2023-56206";"2023-09-22";"1";"Vente";"450000.0";"15.0";"None";"RUE DU MARECHAL JOFFRE";"4020";"06000";"06088";"Nice";"06";"None";"None";"06088000KT0161";"None";"None";"56";"65.31";"None";"nan";"None";"nan";"None";"nan";"None";"nan";"1";"2";"Appartement";"63.0";"2.0";"None";"None";"None";"None";"nan";"7.265527";"43.698649";"000KT"
"2023-56659";"2023-09-22";"1";"Vente";"120000.0";"7.0";"None";"AV DE SUEDE";"6294";"06000";"06088";"Nice";"06";"None";"None";"06088000KT0091";"None";"None";"52";"nan";"None";"nan";"None";"nan";"None";"nan";"None";"nan";"1";"2";"Appartement";"17.0";"1.0";"None";"None";"None";"None";"nan";"7.265477";"43.696337";"000KT"
"2023-56058";"2023-09-22";"1";"Vente";"406000.0";"11.0";"B";"RUE MASSENET";"4115";"06000";"06088";"Nice";"06";"None";"None";"06088000KT0249";"None";"None";"21";"nan";"50";"nan";"None";"nan";"None";"nan";"None";"nan";"2";"3";"Dépendance";"nan";"0.0";"None";"None";"None";"None";"nan";"7.263885";"43.696104";"000KT"
"2023-56058";"2023-09-22";"1";"Vente";"406000.0";"6.0";"None";"RUE MASSENET";"4115";"06000";"06088";"Nice";"06";"None";"None";"06088000KT0368";"None";"None";"322";"nan";"None";"nan";"None";"nan";"None";"nan";"None";"nan";"1";"3";"Dépendance";"nan";"0.0";"None";"None";"None";"None";"nan";"7.264583";"43.69571";"000KT"
"2023-55753";"2023-09-19";"1";"Vente";"297850.0";"20.0";"None";"RUE DE LA LIBERTE";"3640";"06000";"06088";"Nice";"06";"None";"None";"06088000KT0144";"None";"None";"55";"nan";"None";"nan";"None";"nan";"None";"nan";"None";"nan";"1";"2";"Appartement";"45.0";"1.0";"None";"None";"None";"None";"nan";"7.266151";"43.698037";"000KT"
"2023-56455";"2023-09-19";"1";"Vente";"365000.0";"4.0";"None";"RUE DU CONGRES";"1655";"06000";"06088";"Nice";"06";"None";"None";"06088000KT0255";"None";"None";"41";"33.81";"None";"nan";"None";"nan";"None";"nan";"None";"nan";"1";"2";"Appartement";"33.0";"1.0";"None";"None";"None";"None";"nan";"7.2636";"43.695518";"000KT"
"2023-56455";"2023-09-19";"1";"Vente";"365000.0";"4.0";"None";"RUE DU CONGRES";"1655";"06000";"06088";"Nice";"06";"None";"None";"06088000KT0255";"None";"None";"41";"33.81";"None";"nan";"None";"nan";"None";"nan";"None";"nan";"1";"3";"Dépendance";"nan";"0.0";"None";"None";"None";"None";"nan";"7.2636";"43.695518";"000KT"
"2023-55508";"2023-09-18";"1";"Vente";"219000.0";"18.0";"A";"RUE DU CONGRES";"1655";"06000";"06088";"Nice";"06";"None";"None";"06088000KT0315";"None";"None";"13";"34.36";"76";"nan";"None";"nan";"None";"nan";"None";"nan";"2";"2";"Appartement";"33.0";"1.0";"None";"None";"None";"None";"nan";"7.263177";"43.698011";"000KT"
"2023-55616";"2023-09-18";"1";"Vente";"28000.0";"6.0";"None";"RUE MASSENET";"4115";"06000";"06088";"Nice";"06";"None";"None";"06088000KT0368";"None";"None";"43";"nan";"None";"nan";"None";"nan";"None";"nan";"None";"nan";"1";"3";"Dépendance";"nan";"0.0";"None";"None";"None";"None";"nan";"7.264583";"43.69571";"000KT"
"2023-55959";"2023-09-15";"1";"Vente";"105000.0";"5.0";"None";"RUE DE FRANCE";"2595";"06000";"06088";"Nice";"06";"None";"None";"06088000KT0226";"None";"None";"37";"nan";"63";"15.51";"None";"nan";"None";"nan";"None";"nan";"2";"2";"Appartement";"16.0";"1.0";"None";"None";"None";"None";"nan";"7.26468";"43.696485";"000KT"
"2023-55959";"2023-09-15";"1";"Vente";"105000.0";"5.0";"None";"RUE DE FRANCE";"2595";"06000";"06088";"Nice";"06";"None";"None";"06088000KT0226";"None";"None";"37";"nan";"63";"15.51";"None";"nan";"None";"nan";"None";"nan";"2";"3";"Dépendance";"nan";"0.0";"None";"None";"None";"None";"nan";"7.26468";"43.696485";"000KT"
"2023-56044";"2023-09-08";"1";"Vente";"470000.0";"15.0";"None";"RUE MACCARANI";"3810";"06000";"06088";"Nice";"06";"None";"None";"06088000KT0195";"None";"None";"120";"nan";"None";"nan";"None";"nan";"None";"nan";"None";"nan";"1";"2";"Appartement";"52.0";"3.0";"None";"None";"None";"None";"nan";"7.264278";"43.698382";"000KT"
"2023-56044";"2023-09-08";"1";"Vente";"470000.0";"15.0";"None";"RUE MACCARANI";"3810";"06000";"06088";"Nice";"06";"None";"None";"06088000KT0195";"None";"None";"120";"nan";"None";"nan";"None";"nan";"None";"nan";"None";"nan";"1";"3";"Dépendance";"nan";"0.0";"None";"None";"None";"None";"nan";"7.264278";"43.698382";"000KT"
"2023-55221";"2023-09-08";"1";"Vente";"40000.0";"2.0";"None";"RUE ALPHONSE KARR";"0135";"06000";"06088";"Nice";"06";"None";"None";"06088000KT0026";"None";"None";"286";"nan";"None";"nan";"None";"nan";"None";"nan";"None";"nan";"1";"4";"Local industriel. commercial ou assimilé";"11.0";"0.0";"None";"None";"None";"None";"nan";"7.266615";"43.698681";"000KT"
"2023-54895";"2023-09-06";"1";"Vente";"85000.0";"2.0";"None";"RUE EUGENE EMMANUEL";"2360";"06000";"06088";"Nice";"06";"None";"None";"06088000KT0394";"None";"None";"634";"18.02";"None";"nan";"None";"nan";"None";"nan";"None";"nan";"1";"2";"Appartement";"22.0";"2.0";"None";"None";"None";"None";"nan";"7.266523";"43.699504";"000KT"
"2023-54993";"2023-08-31";"1";"Vente";"540000.0";"27.0";"None";"BD VICTOR HUGO";"6655";"06000";"06088";"Nice";"06";"None";"None";"06088000KT0186";"None";"None";"2";"120.97";"27";"nan";"None";"nan";"None";"nan";"None";"nan";"2";"4";"Local industriel. commercial ou assimilé";"120.0";"0.0";"None";"None";"None";"None";"nan";"7.262754";"43.698829";"000KT"
"2023-54618";"2023-08-30";"1";"Vente";"214500.0";"10.0";"None";"RUE PARADIS";"4705";"06000";"06088";"Nice";"06";"None";"None";"06088000KT0065";"None";"None";"234";"29.66";"None";"nan";"None";"nan";"None";"nan";"None";"nan";"1";"2";"Appartement";"30.0";"2.0";"None";"None";"None";"None";"nan";"7.267649";"43.6975";"000KT"
"2023-54598";"2023-08-29";"1";"Vente";"200000.0";"8.0";"None";"RUE DE FRANCE";"2595";"06000";"06088";"Nice";"06";"None";"None";"06088000KT0216";"None";"None";"23";"nan";"None";"nan";"None";"nan";"None";"nan";"None";"nan";"1";"2";"Appartement";"78.0";"3.0";"None";"None";"None";"None";"nan";"7.26417";"43.696734";"000KT"
"2023-54598";"2023-08-29";"1";"Vente";"200000.0";"8.0";"None";"RUE DE FRANCE";"2595";"06000";"06088";"Nice";"06";"None";"None";"06088000KT0216";"None";"None";"23";"nan";"None";"nan";"None";"nan";"None";"nan";"None";"nan";"1";"3";"Dépendance";"nan";"0.0";"None";"None";"None";"None";"nan";"7.26417";"43.696734";"000KT"
"2023-54506";"2023-08-28";"1";"Vente";"120000.0";"4.0";"None";"RUE DU CONGRES";"1655";"06000";"06088";"Nice";"06";"None";"None";"06088000KT0255";"None";"None";"44";"nan";"46";"nan";"None";"nan";"None";"nan";"None";"nan";"2";"2";"Appartement";"25.0";"1.0";"None";"None";"None";"None";"nan";"7.2636";"43.695518";"000KT"
"2023-55101";"2023-08-28";"1";"Vente";"865000.0";"31.0";"None";"RUE MASSENA";"4110";"06000";"06088";"Nice";"06";"None";"None";"06088000KT0106";"None";"None";"33";"nan";"None";"nan";"None";"nan";"None";"nan";"None";"nan";"1";"2";"Appartement";"16.0";"1.0";"None";"None";"None";"None";"nan";"7.26616";"43.697077";"000KT"
"2023-55101";"2023-08-28";"1";"Vente";"865000.0";"31.0";"None";"RUE MASSENA";"4110";"06000";"06088";"Nice";"06";"None";"None";"06088000KT0106";"None";"None";"35";"nan";"None";"nan";"None";"nan";"None";"nan";"None";"nan";"1";"2";"Appartement";"18.0";"1.0";"None";"None";"None";"None";"nan";"7.26616";"43.697077";"000KT"
"2023-55101";"2023-08-28";"1";"Vente";"865000.0";"31.0";"None";"RUE MASSENA";"4110";"06000";"06088";"Nice";"06";"None";"None";"06088000KT0106";"None";"None";"34";"nan";"None";"nan";"None";"nan";"None";"nan";"None";"nan";"1";"2";"Appartement";"20.0";"1.0";"None";"None";"None";"None";"nan";"7.26616";"43.697077";"000KT"
"2023-55101";"2023-08-28";"1";"Vente";"865000.0";"31.0";"None";"RUE MASSENA";"4110";"06000";"06088";"Nice";"06";"None";"None";"06088000KT0106";"None";"None";"14";"nan";"None";"nan";"None";"nan";"None";"nan";"None";"nan";"1";"2";"Appartement";"32.0";"2.0";"None";"None";"None";"None";"nan";"7.26616";"43.697077";"000KT"
"2023-55101";"2023-08-28";"1";"Vente";"865000.0";"31.0";"None";"RUE MASSENA";"4110";"06000";"06088";"Nice";"06";"None";"None";"06088000KT0106";"None";"None";"37";"nan";"None";"nan";"None";"nan";"None";"nan";"None";"nan";"1";"2";"Appartement";"17.0";"1.0";"None";"None";"None";"None";"nan";"7.26616";"43.697077";"000KT"
"2023-55101";"2023-08-28";"1";"Vente";"865000.0";"31.0";"None";"RUE MASSENA";"4110";"06000";"06088";"Nice";"06";"None";"None";"06088000KT0106";"None";"None";"32";"nan";"None";"nan";"None";"nan";"None";"nan";"None";"nan";"1";"2";"Appartement";"16.0";"1.0";"None";"None";"None";"None";"nan";"7.26616";"43.697077";"000KT"
"2023-55101";"2023-08-28";"1";"Vente";"865000.0";"31.0";"None";"RUE MASSENA";"4110";"06000";"06088";"Nice";"06";"None";"None";"06088000KT0106";"None";"None";"13";"nan";"None";"nan";"None";"nan";"None";"nan";"None";"nan";"1";"2";"Appartement";"38.0";"3.0";"None";"None";"None";"None";"nan";"7.26616";"43.697077";"000KT"
"2023-55101";"2023-08-28";"1";"Vente";"865000.0";"31.0";"None";"RUE MASSENA";"4110";"06000";"06088";"Nice";"06";"None";"None";"06088000KT0106";"None";"None";"18";"nan";"None";"nan";"None";"nan";"None";"nan";"None";"nan";"1";"2";"Appartement";"38.0";"1.0";"None";"None";"None";"None";"nan";"7.26616";"43.697077";"000KT"
"2023-54506";"2023-08-28";"1";"Vente";"120000.0";"4.0";"None";"RUE DU CONGRES";"1655";"06000";"06088";"Nice";"06";"None";"None";"06088000KT0255";"None";"None";"44";"nan";"46";"nan";"None";"nan";"None";"nan";"None";"nan";"2";"3";"Dépendance";"nan";"0.0";"None";"None";"None";"None";"nan";"7.2636";"43.695518";"000KT"
"2023-54884";"2023-08-25";"1";"Vente";"660000.0";"6.0";"None";"RUE MASSENET";"4115";"06000";"06088";"Nice";"06";"None";"None";"06088000KT0368";"None";"None";"384";"214.36";"None";"nan";"None";"nan";"None";"nan";"None";"nan";"1";"2";"Appartement";"36.0";"1.0";"None";"None";"None";"None";"nan";"7.264583";"43.69571";"000KT"
"2023-54884";"2023-08-25";"1";"Vente";"660000.0";"6.0";"None";"RUE MASSENET";"4115";"06000";"06088";"Nice";"06";"None";"None";"06088000KT0368";"None";"None";"384";"214.36";"None";"nan";"None";"nan";"None";"nan";"None";"nan";"1";"2";"Appartement";"26.0";"1.0";"None";"None";"None";"None";"nan";"7.264583";"43.69571";"000KT"
"2023-54884";"2023-08-25";"1";"Vente";"660000.0";"6.0";"None";"RUE MASSENET";"4115";"06000";"06088";"Nice";"06";"None";"None";"06088000KT0368";"None";"None";"384";"214.36";"None";"nan";"None";"nan";"None";"nan";"None";"nan";"1";"2";"Appartement";"25.0";"1.0";"None";"None";"None";"None";"nan";"7.264583";"43.69571";"000KT"
"2023-54884";"2023-08-25";"1";"Vente";"660000.0";"6.0";"None";"RUE MASSENET";"4115";"06000";"06088";"Nice";"06";"None";"None";"06088000KT0368";"None";"None";"384";"214.36";"None";"nan";"None";"nan";"None";"nan";"None";"nan";"1";"2";"Appartement";"25.0";"1.0";"None";"None";"None";"None";"nan";"7.264583";"43.69571";"000KT"
"2023-54884";"2023-08-25";"1";"Vente";"660000.0";"6.0";"None";"RUE MASSENET";"4115";"06000";"06088";"Nice";"06";"None";"None";"06088000KT0368";"None";"None";"384";"214.36";"None";"nan";"None";"nan";"None";"nan";"None";"nan";"1";"2";"Appartement";"26.0";"1.0";"None";"None";"None";"None";"nan";"7.264583";"43.69571";"000KT"
"2023-54884";"2023-08-25";"1";"Vente";"660000.0";"6.0";"None";"RUE MASSENET";"4115";"06000";"06088";"Nice";"06";"None";"None";"06088000KT0368";"None";"None";"384";"214.36";"None";"nan";"None";"nan";"None";"nan";"None";"nan";"1";"2";"Appartement";"24.0";"1.0";"None";"None";"None";"None";"nan";"7.264583";"43.69571";"000KT"
"2023-54884";"2023-08-25";"1";"Vente";"660000.0";"6.0";"None";"RUE MASSENET";"4115";"06000";"06088";"Nice";"06";"None";"None";"06088000KT0368";"None";"None";"385";"nan";"None";"nan";"None";"nan";"None";"nan";"None";"nan";"1";"4";"Local industriel. commercial ou assimilé";"6.0";"0.0";"None";"None";"None";"None";"nan";"7.264583";"43.69571";"000KT"
"2023-54246";"2023-08-22";"1";"Vente";"50000.0";"6.0";"None";"RUE MASSENET";"4115";"06000";"06088";"Nice";"06";"None";"None";"06088000KT0368";"None";"None";"286";"nan";"None";"nan";"None";"nan";"None";"nan";"None";"nan";"1";"3";"Dépendance";"nan";"0.0";"None";"None";"None";"None";"nan";"7.264583";"43.69571";"000KT"
"2023-53997";"2023-08-08";"1";"Vente";"585000.0";"3.0";"None";"RUE FRANCOIS 1ER";"2645";"06000";"06088";"Nice";"06";"None";"None";"06088000KT0144";"None";"None";"88";"nan";"None";"nan";"None";"nan";"None";"nan";"None";"nan";"1";"2";"Appartement";"49.0";"3.0";"None";"None";"None";"None";"nan";"7.266151";"43.698037";"000KT"
"2023-53997";"2023-08-08";"1";"Vente";"585000.0";"3.0";"None";"RUE FRANCOIS 1ER";"2645";"06000";"06088";"Nice";"06";"None";"None";"06088000KT0144";"None";"None";"88";"nan";"None";"nan";"None";"nan";"None";"nan";"None";"nan";"1";"3";"Dépendance";"nan";"0.0";"None";"None";"None";"None";"nan";"7.266151";"43.698037";"000KT"
"2023-54319";"2023-08-04";"1";"Vente";"680000.0";"6.0";"None";"RUE MASSENA";"4110";"06000";"06088";"Nice";"06";"None";"None";"06088000KT0305";"None";"None";"5";"43.79";"None";"nan";"None";"nan";"None";"nan";"None";"nan";"1";"4";"Local industriel. commercial ou assimilé";"43.0";"0.0";"None";"None";"None";"None";"nan";"7.26796";"43.69792";"000KT"
"2023-54329";"2023-08-03";"1";"Vente";"255000.0";"5.0";"None";"RUE MASSENA";"4110";"06000";"06088";"Nice";"06";"None";"None";"06088000KT0068";"None";"None";"37";"nan";"None";"nan";"None";"nan";"None";"nan";"None";"nan";"1";"2";"Appartement";"28.0";"1.0";"None";"None";"None";"None";"nan";"7.268704";"43.697458";"000KT"
"2023-53857";"2023-08-03";"1";"Vente";"47500.0";"6.0";"None";"RUE MASSENET";"4115";"06000";"06088";"Nice";"06";"None";"None";"06088000KT0368";"None";"None";"266";"nan";"None";"nan";"None";"nan";"None";"nan";"None";"nan";"1";"3";"Dépendance";"nan";"0.0";"None";"None";"None";"None";"nan";"7.264583";"43.69571";"000KT"
"2023-53737";"2023-08-01";"1";"Vente";"162000.0";"4.0";"None";"RUE DU CONGRES";"1655";"06000";"06088";"Nice";"06";"None";"None";"06088000KT0255";"None";"None";"64";"18.14";"None";"nan";"None";"nan";"None";"nan";"None";"nan";"1";"2";"Appartement";"19.0";"1.0";"None";"None";"None";"None";"nan";"7.2636";"43.695518";"000KT"
"2023-53682";"2023-07-31";"1";"Vente";"232000.0";"1.0";"None";"PL GRIMALDI";"3030";"06000";"06088";"Nice";"06";"None";"None";"06088000KT0129";"None";"None";"339";"nan";"None";"nan";"None";"nan";"None";"nan";"None";"nan";"1";"2";"Appartement";"24.0";"1.0";"None";"None";"None";"None";"nan";"7.265537";"43.697314";"000KT"
"2023-54502";"2023-07-31";"1";"Vente";"50000.0";"5.0";"None";"RUE HALEVY";"3170";"06000";"06088";"Nice";"06";"None";"None";"06088000KT0243";"None";"None";"2111";"nan";"None";"nan";"None";"nan";"None";"nan";"None";"nan";"1";"3";"Dépendance";"nan";"0.0";"None";"None";"None";"None";"nan";"7.265001";"43.695379";"000KT"
"2023-53474";"2023-07-28";"1";"Vente";"335000.0";"13.0";"None";"RUE MASSENET";"4115";"06000";"06088";"Nice";"06";"None";"None";"06088000KT0248";"None";"None";"4";"nan";"90";"nan";"None";"nan";"None";"nan";"None";"nan";"2";"2";"Appartement";"27.0";"1.0";"None";"None";"None";"None";"nan";"7.263949";"43.696342";"000KT"
"2023-53490";"2023-07-28";"1";"Vente";"173320.0";"7.0";"None";"RUE DE LA LIBERTE";"3640";"06000";"06088";"Nice";"06";"None";"None";"06088000KT0056";"None";"None";"28";"nan";"49";"15.4";"None";"nan";"None";"nan";"None";"nan";"2";"2";"Appartement";"15.0";"1.0";"None";"None";"None";"None";"nan";"7.267789";"43.698151";"000KT"
"2023-53590";"2023-07-28";"1";"Vente";"1511600.0";"4.0";"B";"RUE ALPHONSE KARR";"0135";"06000";"06088";"Nice";"06";"None";"None";"06088000KT0026";"None";"None";"200";"nan";"52";"124.09";"None";"nan";"None";"nan";"None";"nan";"2";"2";"Appartement";"126.0";"5.0";"None";"None";"None";"None";"nan";"7.266615";"43.698681";"000KT"
"2023-53610";"2023-07-28";"1";"Vente";"237000.0";"18.0";"None";"RUE DE LA LIBERTE";"3640";"06000";"06088";"Nice";"06";"None";"None";"06088000KT0145";"None";"None";"7";"nan";"None";"nan";"None";"nan";"None";"nan";"None";"nan";"1";"2";"Appartement";"30.0";"1.0";"None";"None";"None";"None";"nan";"7.266456";"43.69811";"000KT"
"2023-53474";"2023-07-28";"1";"Vente";"335000.0";"13.0";"None";"RUE MASSENET";"4115";"06000";"06088";"Nice";"06";"None";"None";"06088000KT0248";"None";"None";"4";"nan";"90";"nan";"None";"nan";"None";"nan";"None";"nan";"2";"3";"Dépendance";"nan";"0.0";"None";"None";"None";"None";"nan";"7.263949";"43.696342";"000KT"
"2023-53474";"2023-07-28";"1";"Vente";"335000.0";"13.0";"None";"RUE MASSENET";"4115";"06000";"06088";"Nice";"06";"None";"None";"06088000KT0248";"None";"None";"4";"nan";"90";"nan";"None";"nan";"None";"nan";"None";"nan";"2";"3";"Dépendance";"nan";"0.0";"None";"None";"None";"None";"nan";"7.263949";"43.696342";"000KT"
"2023-53490";"2023-07-28";"1";"Vente";"173320.0";"7.0";"None";"RUE DE LA LIBERTE";"3640";"06000";"06088";"Nice";"06";"None";"None";"06088000KT0056";"None";"None";"28";"nan";"49";"15.4";"None";"nan";"None";"nan";"None";"nan";"2";"3";"Dépendance";"nan";"0.0";"None";"None";"None";"None";"nan";"7.267789";"43.698151";"000KT"
"2023-53202";"2023-07-26";"1";"Vente";"230000.0";"3.0";"None";"RUE FRANCOIS 1ER";"2645";"06000";"06088";"Nice";"06";"None";"None";"06088000KT0144";"None";"None";"78";"28.78";"None";"nan";"None";"nan";"None";"nan";"None";"nan";"1";"2";"Appartement";"27.0";"1.0";"None";"None";"None";"None";"nan";"7.266151";"43.698037";"000KT"
"2023-53369";"2023-07-26";"1";"Vente";"300000.0";"11.0";"B";"RUE GRIMALDI";"3035";"06000";"06088";"Nice";"06";"None";"None";"06088000KT0172";"None";"None";"16";"54.62";"None";"nan";"None";"nan";"None";"nan";"None";"nan";"1";"4";"Local industriel. commercial ou assimilé";"60.0";"0.0";"None";"None";"None";"None";"nan";"7.264705";"43.698992";"000KT"
"2023-53432";"2023-07-24";"1";"Vente";"294000.0";"10.0";"None";"RUE PARADIS";"4705";"06000";"06088";"Nice";"06";"None";"None";"06088000KT0065";"None";"None";"235";"32.51";"None";"nan";"None";"nan";"None";"nan";"None";"nan";"1";"2";"Appartement";"32.0";"2.0";"None";"None";"None";"None";"nan";"7.267649";"43.6975";"000KT"
"2023-53335";"2023-07-24";"1";"Vente";"63000.0";"2.0";"None";"RUE ALPHONSE KARR";"0135";"06000";"06088";"Nice";"06";"None";"None";"06088000KT0026";"None";"None";"575";"nan";"None";"nan";"None";"nan";"None";"nan";"None";"nan";"1";"3";"Dépendance";"nan";"0.0";"None";"None";"None";"None";"nan";"7.266615";"43.698681";"000KT"
"2023-53152";"2023-07-21";"1";"Vente";"230000.0";"3.0";"None";"PL MASSENA";"4105";"06000";"06088";"Nice";"06";"None";"None";"06088000KT0070";"None";"None";"77";"28.72";"None";"nan";"None";"nan";"None";"nan";"None";"nan";"1";"2";"Appartement";"30.0";"2.0";"None";"None";"None";"None";"nan";"7.269192";"43.697718";"000KT"
"2023-53261";"2023-07-21";"1";"Vente";"47000.0";"6.0";"None";"RUE MASSENET";"4115";"06000";"06088";"Nice";"06";"None";"None";"06088000KT0368";"None";"None";"55";"nan";"None";"nan";"None";"nan";"None";"nan";"None";"nan";"1";"3";"Dépendance";"nan";"0.0";"None";"None";"None";"None";"nan";"7.264583";"43.69571";"000KT"
"2023-53422";"2023-07-20";"1";"Vente";"52000.0";"7.0";"None";"PROM DES ANGLAIS";"0240";"06000";"06088";"Nice";"06";"None";"None";"06088000KT0258";"None";"None";"200";"nan";"None";"nan";"None";"nan";"None";"nan";"None";"nan";"1";"3";"Dépendance";"nan";"0.0";"None";"None";"None";"None";"nan";"7.264082";"43.695203";"000KT"
"2023-53888";"2023-07-19";"1";"Vente";"82410.0";"15.0";"None";"RUE DU MARECHAL JOFFRE";"4020";"06000";"06088";"Nice";"06";"None";"None";"06088000KT0161";"None";"None";"99";"nan";"None";"nan";"None";"nan";"None";"nan";"None";"nan";"1";"3";"Dépendance";"nan";"0.0";"None";"None";"None";"None";"nan";"7.265527";"43.698649";"000KT"
"2023-52618";"2023-07-17";"1";"Vente";"362000.0";"9.0";"None";"RUE DE LA BUFFA";"1000";"06000";"06088";"Nice";"06";"None";"None";"06088000KT0379";"None";"None";"39";"nan";"None";"nan";"None";"nan";"None";"nan";"None";"nan";"1";"4";"Local industriel. commercial ou assimilé";"41.0";"0.0";"None";"None";"None";"None";"nan";"7.263975";"43.697254";"000KT"
"2023-52325";"2023-07-11";"1";"Vente";"360000.0";"2.0";"None";"RUE DU MARECHAL JOFFRE";"4020";"06000";"06088";"Nice";"06";"None";"None";"06088000KT0005";"None";"None";"126";"nan";"186";"nan";"None";"nan";"None";"nan";"None";"nan";"2";"2";"Appartement";"54.0";"2.0";"None";"None";"None";"None";"nan";"7.267897";"43.699743";"000KT"
"2023-52307";"2023-07-07";"1";"Vente";"200000.0";"3.0";"None";"PL MASSENA";"4105";"06000";"06088";"Nice";"06";"None";"None";"06088000KT0070";"None";"None";"87";"nan";"None";"nan";"None";"nan";"None";"nan";"None";"nan";"1";"2";"Appartement";"37.0";"2.0";"None";"None";"None";"None";"nan";"7.269192";"43.697718";"000KT"
"2023-54010";"2023-07-07";"1";"Vente";"1950000.0";"11.0";"None";"RUE MACCARANI";"3810";"06000";"06088";"Nice";"06";"None";"None";"06088000KT0322";"None";"None";"208";"nan";"332";"nan";"None";"nan";"None";"nan";"None";"nan";"2";"2";"Appartement";"119.0";"3.0";"None";"None";"None";"None";"nan";"7.264358";"43.697967";"000KT"
"2023-54010";"2023-07-07";"1";"Vente";"1950000.0";"11.0";"None";"RUE MACCARANI";"3810";"06000";"06088";"Nice";"06";"None";"None";"06088000KT0322";"None";"None";"208";"nan";"332";"nan";"None";"nan";"None";"nan";"None";"nan";"2";"3";"Dépendance";"nan";"0.0";"None";"None";"None";"None";"nan";"7.264358";"43.697967";"000KT"
"2023-54010";"2023-07-07";"1";"Vente";"1950000.0";"11.0";"None";"RUE MACCARANI";"3810";"06000";"06088";"Nice";"06";"None";"None";"06088000KT0322";"None";"None";"208";"nan";"332";"nan";"None";"nan";"None";"nan";"None";"nan";"2";"3";"Dépendance";"nan";"0.0";"None";"None";"None";"None";"nan";"7.264358";"43.697967";"000KT"
"2023-54010";"2023-07-07";"1";"Vente";"1950000.0";"11.0";"None";"RUE MACCARANI";"3810";"06000";"06088";"Nice";"06";"None";"None";"06088000KT0322";"None";"None";"164";"nan";"None";"nan";"None";"nan";"None";"nan";"None";"nan";"1";"3";"Dépendance";"nan";"0.0";"None";"None";"None";"None";"nan";"7.264358";"43.697967";"000KT"
"2023-52878";"2023-07-07";"1";"Vente";"360000.0";"7.0";"B";"RUE DU MARECHAL JOFFRE";"4020";"06000";"06088";"Nice";"06";"None";"None";"06088000KT0022";"None";"None";"1";"nan";"2";"nan";"None";"nan";"None";"nan";"None";"nan";"2";"4";"Local industriel. commercial ou assimilé";"82.0";"0.0";"None";"None";"None";"None";"nan";"7.266909";"43.699119";"000KT"
"2023-52488";"2023-07-06";"1";"Vente";"202000.0";"11.0";"None";"RUE MASSENET";"4115";"06000";"06088";"Nice";"06";"None";"None";"06088000KT0256";"None";"None";"24";"nan";"None";"nan";"None";"nan";"None";"nan";"None";"nan";"1";"2";"Appartement";"27.0";"1.0";"None";"None";"None";"None";"nan";"7.263718";"43.695829";"000KT"
"2023-52732";"2023-07-06";"1";"Vente";"64000.0";"11.0";"None";"RUE MACCARANI";"3810";"06000";"06088";"Nice";"06";"None";"None";"06088000KT0322";"None";"None";"199";"nan";"None";"nan";"None";"nan";"None";"nan";"None";"nan";"1";"3";"Dépendance";"nan";"0.0";"None";"None";"None";"None";"nan";"7.264358";"43.697967";"000KT"
"2023-56941";"2023-07-06";"1";"Adjudication";"54000.0";"3.0";"None";"RUE DU DOCTEUR BARETY";"2010";"06000";"06088";"Nice";"06";"None";"None";"06088000KT0189";"None";"None";"86";"nan";"None";"nan";"None";"nan";"None";"nan";"None";"nan";"1";"3";"Dépendance";"nan";"0.0";"None";"None";"None";"None";"nan";"7.263096";"43.698623";"000KT"
"2023-52724";"2023-07-04";"1";"Vente";"317000.0";"12.0";"None";"RUE ALPHONSE KARR";"0135";"06000";"06088";"Nice";"06";"None";"None";"06088000KT0017";"None";"None";"30";"nan";"61";"nan";"None";"nan";"None";"nan";"None";"nan";"2";"2";"Appartement";"57.0";"3.0";"None";"None";"None";"None";"nan";"7.265506";"43.699473";"000KT"
"2023-52724";"2023-07-04";"1";"Vente";"317000.0";"12.0";"None";"RUE ALPHONSE KARR";"0135";"06000";"06088";"Nice";"06";"None";"None";"06088000KT0017";"None";"None";"30";"nan";"61";"nan";"None";"nan";"None";"nan";"None";"nan";"2";"3";"Dépendance";"nan";"0.0";"None";"None";"None";"None";"nan";"7.265506";"43.699473";"000KT"
"2023-52214";"2023-06-30";"1";"Vente";"425000.0";"3.0";"None";"RUE LONGCHAMP";"3710";"06000";"06088";"Nice";"06";"None";"None";"06088000KT0027";"None";"None";"5";"nan";"None";"nan";"None";"nan";"None";"nan";"None";"nan";"1";"4";"Local industriel. commercial ou assimilé";"70.0";"0.0";"None";"None";"None";"None";"nan";"7.266995";"43.698572";"000KT"
"2023-52184";"2023-06-29";"1";"Vente";"220000.0";"29.0";"None";"RUE MASSENA";"4110";"06000";"06088";"Nice";"06";"None";"None";"06088000KT0106";"None";"None";"45";"nan";"None";"nan";"None";"nan";"None";"nan";"None";"nan";"1";"2";"Appartement";"27.0";"2.0";"None";"None";"None";"None";"nan";"7.26616";"43.697077";"000KT"
"2023-52822";"2023-06-29";"1";"Vente";"325000.0";"1.0";"None";"RUE LONGCHAMP";"3710";"06000";"06088";"Nice";"06";"None";"None";"06088000KT0334";"None";"None";"24";"34.38";"None";"nan";"None";"nan";"None";"nan";"None";"nan";"1";"2";"Appartement";"34.0";"1.0";"None";"None";"None";"None";"nan";"7.267008";"43.698364";"000KT"
"2023-51856";"2023-06-29";"1";"Vente";"270000.0";"10.0";"None";"RUE DE FRANCE";"2595";"06000";"06088";"Nice";"06";"None";"None";"06088000KT0215";"None";"None";"56";"nan";"None";"nan";"None";"nan";"None";"nan";"None";"nan";"1";"4";"Local industriel. commercial ou assimilé";"29.0";"0.0";"None";"None";"None";"None";"nan";"7.263675";"43.696685";"000KT"
"2023-52119";"2023-06-26";"1";"Vente";"1550000.0";"11.0";"None";"RUE MACCARANI";"3810";"06000";"06088";"Nice";"06";"None";"None";"06088000KT0322";"None";"None";"251";"nan";"321";"nan";"None";"nan";"None";"nan";"None";"nan";"2";"2";"Appartement";"123.0";"4.0";"None";"None";"None";"None";"nan";"7.264358";"43.697967";"000KT"
"2023-52119";"2023-06-26";"1";"Vente";"1550000.0";"11.0";"None";"RUE MACCARANI";"3810";"06000";"06088";"Nice";"06";"None";"None";"06088000KT0322";"None";"None";"251";"nan";"321";"nan";"None";"nan";"None";"nan";"None";"nan";"2";"3";"Dépendance";"nan";"0.0";"None";"None";"None";"None";"nan";"7.264358";"43.697967";"000KT"
"2023-52119";"2023-06-26";"1";"Vente";"1550000.0";"11.0";"None";"RUE MACCARANI";"3810";"06000";"06088";"Nice";"06";"None";"None";"06088000KT0322";"None";"None";"251";"nan";"321";"nan";"None";"nan";"None";"nan";"None";"nan";"2";"3";"Dépendance";"nan";"0.0";"None";"None";"None";"None";"nan";"7.264358";"43.697967";"000KT"
"2023-52119";"2023-06-26";"1";"Vente";"1550000.0";"11.0";"None";"RUE MACCARANI";"3810";"06000";"06088";"Nice";"06";"None";"None";"06088000KT0322";"None";"None";"202";"nan";"None";"nan";"None";"nan";"None";"nan";"None";"nan";"1";"3";"Dépendance";"nan";"0.0";"None";"None";"None";"None";"nan";"7.264358";"43.697967";"000KT"
"2023-51297";"2023-06-23";"1";"Vente";"240000.0";"8.0";"None";"RUE DU MARECHAL JOFFRE";"4020";"06000";"06088";"Nice";"06";"None";"None";"06088000KT0394";"None";"None";"454";"nan";"None";"nan";"None";"nan";"None";"nan";"None";"nan";"1";"2";"Appartement";"45.0";"2.0";"None";"None";"None";"None";"nan";"7.266523";"43.699504";"000KT"
"2023-51297";"2023-06-23";"1";"Vente";"240000.0";"8.0";"None";"RUE DU MARECHAL JOFFRE";"4020";"06000";"06088";"Nice";"06";"None";"None";"06088000KT0394";"None";"None";"454";"nan";"None";"nan";"None";"nan";"None";"nan";"None";"nan";"1";"3";"Dépendance";"nan";"0.0";"None";"None";"None";"None";"nan";"7.266523";"43.699504";"000KT"
"2023-51297";"2023-06-23";"1";"Vente";"240000.0";"8.0";"None";"RUE DU MARECHAL JOFFRE";"4020";"06000";"06088";"Nice";"06";"None";"None";"06088000KT0394";"None";"None";"454";"nan";"None";"nan";"None";"nan";"None";"nan";"None";"nan";"1";"3";"Dépendance";"nan";"0.0";"None";"None";"None";"None";"nan";"7.266523";"43.699504";"000KT"
"2023-51072";"2023-06-21";"1";"Vente";"195000.0";"7.0";"None";"PROM DES ANGLAIS";"0240";"06000";"06088";"Nice";"06";"None";"None";"06088000KT0258";"None";"None";"411";"18.8";"None";"nan";"None";"nan";"None";"nan";"None";"nan";"1";"2";"Appartement";"34.0";"1.0";"None";"None";"None";"None";"nan";"7.264082";"43.695203";"000KT"
"2023-52135";"2023-06-21";"1";"Vente";"160000.0";"11.0";"None";"AV JEAN MEDECIN";"3372";"06000";"06088";"Nice";"06";"None";"None";"06088000KT0041";"None";"None";"23";"32.02";"None";"nan";"None";"nan";"None";"nan";"None";"nan";"1";"2";"Appartement";"32.0";"2.0";"None";"None";"None";"None";"nan";"7.268663";"43.699039";"000KT"
"2023-51072";"2023-06-21";"1";"Vente";"195000.0";"7.0";"None";"PROM DES ANGLAIS";"0240";"06000";"06088";"Nice";"06";"None";"None";"06088000KT0258";"None";"None";"53";"nan";"None";"nan";"None";"nan";"None";"nan";"None";"nan";"1";"3";"Dépendance";"nan";"0.0";"None";"None";"None";"None";"nan";"7.264082";"43.695203";"000KT"
"2023-51442";"2023-06-21";"1";"Vente";"34000.0";"6.0";"None";"RUE MASSENET";"4115";"06000";"06088";"Nice";"06";"None";"None";"06088000KT0368";"None";"None";"71";"nan";"None";"nan";"None";"nan";"None";"nan";"None";"nan";"1";"3";"Dépendance";"nan";"0.0";"None";"None";"None";"None";"nan";"7.264583";"43.69571";"000KT"
"2023-51978";"2023-06-15";"1";"Vente";"620000.0";"12.0";"None";"RUE JOSEPH BRES";"3455";"06000";"06088";"Nice";"06";"None";"None";"06088000KT0381";"None";"None";"126";"nan";"224";"55.45";"None";"nan";"None";"nan";"None";"nan";"2";"2";"Appartement";"55.0";"3.0";"None";"None";"None";"None";"nan";"7.268336";"43.698832";"000KT"
"2023-51278";"2023-06-15";"1";"Vente";"63000.0";"6.0";"None";"RUE MASSENET";"4115";"06000";"06088";"Nice";"06";"None";"None";"06088000KT0368";"None";"None";"27";"nan";"None";"nan";"None";"nan";"None";"nan";"None";"nan";"1";"3";"Dépendance";"nan";"0.0";"None";"None";"None";"None";"nan";"7.264583";"43.69571";"000KT"
"2023-51278";"2023-06-15";"1";"Vente";"63000.0";"6.0";"None";"RUE MASSENET";"4115";"06000";"06088";"Nice";"06";"None";"None";"06088000KT0368";"None";"None";"28";"nan";"None";"nan";"None";"nan";"None";"nan";"None";"nan";"1";"3";"Dépendance";"nan";"0.0";"None";"None";"None";"None";"nan";"7.264583";"43.69571";"000KT"
"2023-51978";"2023-06-15";"1";"Vente";"620000.0";"12.0";"None";"RUE JOSEPH BRES";"3455";"06000";"06088";"Nice";"06";"None";"None";"06088000KT0381";"None";"None";"110";"nan";"None";"nan";"None";"nan";"None";"nan";"None";"nan";"1";"3";"Dépendance";"nan";"0.0";"None";"None";"None";"None";"nan";"7.268336";"43.698832";"000KT"
"2023-51978";"2023-06-15";"1";"Vente";"620000.0";"12.0";"None";"RUE JOSEPH BRES";"3455";"06000";"06088";"Nice";"06";"None";"None";"06088000KT0381";"None";"None";"126";"nan";"224";"55.45";"None";"nan";"None";"nan";"None";"nan";"2";"3";"Dépendance";"nan";"0.0";"None";"None";"None";"None";"nan";"7.268336";"43.698832";"000KT"
"2023-52236";"2023-06-13";"1";"Vente";"200000.0";"20.0";"None";"RUE DU MARECHAL JOFFRE";"4020";"06000";"06088";"Nice";"06";"None";"None";"06088000KT0163";"None";"None";"73";"nan";"None";"nan";"None";"nan";"None";"nan";"None";"nan";"1";"2";"Appartement";"29.0";"1.0";"None";"None";"None";"None";"nan";"7.265209";"43.699055";"000KT"
"2023-51056";"2023-06-12";"1";"Vente";"670000.0";"20.0";"None";"RUE DU CONGRES";"1655";"06000";"06088";"Nice";"06";"None";"None";"06088000KT0187";"None";"None";"20";"91.87";"32";"nan";"None";"nan";"None";"nan";"None";"nan";"2";"2";"Appartement";"90.0";"3.0";"None";"None";"None";"None";"nan";"7.26286";"43.698643";"000KT"
"2023-51056";"2023-06-12";"1";"Vente";"670000.0";"20.0";"None";"RUE DU CONGRES";"1655";"06000";"06088";"Nice";"06";"None";"None";"06088000KT0187";"None";"None";"20";"91.87";"32";"nan";"None";"nan";"None";"nan";"None";"nan";"2";"3";"Dépendance";"nan";"0.0";"None";"None";"None";"None";"nan";"7.26286";"43.698643";"000KT"
"2023-51319";"2023-06-09";"1";"Vente";"488420.0";"20.0";"None";"RUE DU MARECHAL JOFFRE";"4020";"06000";"06088";"Nice";"06";"None";"None";"06088000KT0163";"None";"None";"71";"nan";"72";"nan";"None";"nan";"None";"nan";"None";"nan";"2";"2";"Appartement";"140.0";"4.0";"None";"None";"None";"None";"nan";"7.265209";"43.699055";"000KT"
"2023-51184";"2023-06-07";"1";"Vente";"350000.0";"4.0";"None";"RUE DE FRANCE";"2595";"06000";"06088";"Nice";"06";"None";"None";"06088000KT0222";"None";"None";"116";"nan";"None";"nan";"None";"nan";"None";"nan";"None";"nan";"1";"2";"Appartement";"30.0";"1.0";"None";"None";"None";"None";"nan";"7.26469";"43.696933";"000KT"
"2023-51184";"2023-06-07";"1";"Vente";"350000.0";"4.0";"None";"RUE DE FRANCE";"2595";"06000";"06088";"Nice";"06";"None";"None";"06088000KT0222";"None";"None";"116";"nan";"None";"nan";"None";"nan";"None";"nan";"None";"nan";"1";"3";"Dépendance";"nan";"0.0";"None";"None";"None";"None";"nan";"7.26469";"43.696933";"000KT"
"2023-50726";"2023-06-06";"1";"Vente";"264000.0";"8.0";"None";"RUE DU CONGRES";"1655";"06000";"06088";"Nice";"06";"None";"None";"06088000KT0253";"None";"None";"15";"nan";"None";"nan";"None";"nan";"None";"nan";"None";"nan";"1";"2";"Appartement";"30.0";"1.0";"None";"None";"None";"None";"nan";"7.263454";"43.696083";"000KT"
"2023-50581";"2023-06-05";"1";"Vente";"320300.0";"15.0";"None";"RUE DU MARECHAL JOFFRE";"4020";"06000";"06088";"Nice";"06";"None";"None";"06088000KT0161";"None";"None";"74";"54.02";"None";"nan";"None";"nan";"None";"nan";"None";"nan";"1";"2";"Appartement";"59.0";"2.0";"None";"None";"None";"None";"nan";"7.265527";"43.698649";"000KT"
"2023-50450";"2023-05-31";"1";"Vente";"336315.0";"7.0";"None";"PROM DES ANGLAIS";"0240";"06000";"06088";"Nice";"06";"None";"None";"06088000KT0258";"None";"None";"336";"nan";"None";"nan";"None";"nan";"None";"nan";"None";"nan";"1";"2";"Appartement";"39.0";"1.0";"None";"None";"None";"None";"nan";"7.264082";"43.695203";"000KT"
"2023-50450";"2023-05-31";"1";"Vente";"336315.0";"7.0";"None";"PROM DES ANGLAIS";"0240";"06000";"06088";"Nice";"06";"None";"None";"06088000KT0258";"None";"None";"82";"nan";"None";"nan";"None";"nan";"None";"nan";"None";"nan";"1";"3";"Dépendance";"nan";"0.0";"None";"None";"None";"None";"nan";"7.264082";"43.695203";"000KT"
"2023-50225";"2023-05-30";"1";"Vente";"169060.0";"15.0";"None";"RUE DE FRANCE";"2595";"06000";"06088";"Nice";"06";"None";"None";"06088000KT0250";"None";"None";"41";"nan";"None";"nan";"None";"nan";"None";"nan";"None";"nan";"1";"2";"Appartement";"68.0";"3.0";"None";"None";"None";"None";"nan";"7.263732";"43.696241";"000KT"
"2023-50293";"2023-05-25";"1";"Vente";"1210000.0";"4.0";"None";"RUE DU DOCTEUR BARETY";"2010";"06000";"06088";"Nice";"06";"None";"None";"06088000KT0192";"None";"None";"42";"nan";"None";"nan";"None";"nan";"None";"nan";"None";"nan";"1";"3";"Dépendance";"nan";"0.0";"None";"None";"None";"None";"nan";"7.264065";"43.697804";"000KT"
"2023-50293";"2023-05-25";"1";"Vente";"1210000.0";"4.0";"None";"RUE DU DOCTEUR BARETY";"2010";"06000";"06088";"Nice";"06";"None";"None";"06088000KT0192";"None";"None";"34";"nan";"None";"nan";"None";"nan";"None";"nan";"None";"nan";"1";"4";"Local industriel. commercial ou assimilé";"215.0";"0.0";"None";"None";"None";"None";"nan";"7.264065";"43.697804";"000KT"
"2023-50253";"2023-05-23";"1";"Vente";"1250000.0";"7.0";"None";"BD VICTOR HUGO";"6655";"06000";"06088";"Nice";"06";"None";"None";"06088000KT0394";"None";"None";"102";"nan";"116";"159.92";"126";"10.19";"None";"nan";"None";"nan";"3";"2";"Appartement";"156.0";"5.0";"None";"None";"None";"None";"nan";"7.266523";"43.699504";"000KT"
"2023-50253";"2023-05-23";"1";"Vente";"1250000.0";"7.0";"None";"BD VICTOR HUGO";"6655";"06000";"06088";"Nice";"06";"None";"None";"06088000KT0394";"None";"None";"102";"nan";"116";"159.92";"126";"10.19";"None";"nan";"None";"nan";"3";"3";"Dépendance";"nan";"0.0";"None";"None";"None";"None";"nan";"7.266523";"43.699504";"000KT"
"2023-50209";"2023-05-22";"1";"Vente";"595250.0";"4.0";"None";"RUE GRIMALDI";"3035";"06000";"06088";"Nice";"06";"None";"None";"06088000KT0363";"None";"None";"35";"109.12";"None";"nan";"None";"nan";"None";"nan";"None";"nan";"1";"4";"Local industriel. commercial ou assimilé";"120.0";"0.0";"None";"None";"None";"None";"nan";"7.265898";"43.697975";"000KT"
"2023-49877";"2023-05-17";"1";"Vente";"45000.0";"6.0";"None";"RUE MASSENET";"4115";"06000";"06088";"Nice";"06";"None";"None";"06088000KT0368";"None";"None";"31";"nan";"None";"nan";"None";"nan";"None";"nan";"None";"nan";"1";"3";"Dépendance";"nan";"0.0";"None";"None";"None";"None";"nan";"7.264583";"43.69571";"000KT"
"2023-50156";"2023-05-17";"1";"Vente";"25000.0";"8.0";"None";"RUE FRANCOIS 1ER";"2645";"06000";"06088";"Nice";"06";"None";"None";"06088000KT0152";"None";"None";"63";"9.03";"None";"nan";"None";"nan";"None";"nan";"None";"nan";"1";"3";"Dépendance";"nan";"0.0";"None";"None";"None";"None";"nan";"7.26584";"43.698406";"000KT"
"2023-50093";"2023-05-16";"1";"Vente";"270000.0";"2.0";"None";"RUE EUGENE EMMANUEL";"2360";"06000";"06088";"Nice";"06";"None";"None";"06088000KT0394";"None";"None";"626";"nan";"None";"nan";"None";"nan";"None";"nan";"None";"nan";"1";"2";"Appartement";"34.0";"2.0";"None";"None";"None";"None";"nan";"7.266523";"43.699504";"000KT"
"2023-49887";"2023-05-10";"1";"Vente";"131000.0";"11.0";"None";"RUE MASSENET";"4115";"06000";"06088";"Nice";"06";"None";"None";"06088000KT0256";"None";"None";"31";"14.65";"None";"nan";"None";"nan";"None";"nan";"None";"nan";"1";"2";"Appartement";"14.0";"1.0";"None";"None";"None";"None";"nan";"7.263718";"43.695829";"000KT"
"2023-48752";"2023-05-09";"1";"Vente";"470000.0";"1.0";"None";"RUE MACCARANI";"3810";"06000";"06088";"Nice";"06";"None";"None";"06088000KT0224";"None";"None";"14";"nan";"8";"nan";"None";"nan";"None";"nan";"None";"nan";"2";"2";"Appartement";"42.0";"2.0";"None";"None";"None";"None";"nan";"7.264935";"43.696877";"000KT"
"2023-48752";"2023-05-09";"1";"Vente";"470000.0";"1.0";"None";"RUE MACCARANI";"3810";"06000";"06088";"Nice";"06";"None";"None";"06088000KT0224";"None";"None";"14";"nan";"8";"nan";"None";"nan";"None";"nan";"None";"nan";"2";"3";"Dépendance";"nan";"0.0";"None";"None";"None";"None";"nan";"7.264935";"43.696877";"000KT"
"2023-49409";"2023-05-04";"1";"Vente";"325000.0";"3.0";"None";"AV DE SUEDE";"6294";"06000";"06088";"Nice";"06";"None";"None";"06088000KT0365";"None";"None";"14";"nan";"None";"nan";"None";"nan";"None";"nan";"None";"nan";"1";"2";"Appartement";"55.0";"2.0";"None";"None";"None";"None";"nan";"7.265709";"43.696239";"000KT"
"2023-48898";"2023-04-28";"1";"Vente";"449000.0";"26.0";"None";"RUE MASSENA";"4110";"06000";"06088";"Nice";"06";"None";"None";"06088000KT0126";"None";"None";"219";"nan";"None";"nan";"None";"nan";"None";"nan";"None";"nan";"1";"2";"Appartement";"80.0";"3.0";"None";"None";"None";"None";"nan";"7.266029";"43.697498";"000KT"
"2023-48774";"2023-04-27";"1";"Vente";"318000.0";"1.0";"None";"RUE LONGCHAMP";"3710";"06000";"06088";"Nice";"06";"None";"None";"06088000KT0334";"None";"None";"74";"nan";"None";"nan";"None";"nan";"None";"nan";"None";"nan";"1";"2";"Appartement";"38.0";"2.0";"None";"None";"None";"None";"nan";"7.267008";"43.698364";"000KT"
"2023-48376";"2023-04-26";"1";"Vente";"598500.0";"12.0";"None";"RUE JOSEPH BRES";"3455";"06000";"06088";"Nice";"06";"None";"None";"06088000KT0381";"None";"None";"207";"nan";"36";"nan";"None";"nan";"None";"nan";"None";"nan";"2";"2";"Appartement";"56.0";"3.0";"None";"None";"None";"None";"nan";"7.268336";"43.698832";"000KT"
"2023-48645";"2023-04-26";"1";"Vente";"203000.0";"5.0";"None";"AV JEAN MEDECIN";"3372";"06000";"06088";"Nice";"06";"None";"None";"06088000KT0045";"None";"None";"72";"32.71";"None";"nan";"None";"nan";"None";"nan";"None";"nan";"1";"2";"Appartement";"33.0";"2.0";"None";"None";"None";"None";"nan";"7.268985";"43.698484";"000KT"
"2023-48990";"2023-04-26";"1";"Vente";"726408.0";"3.0";"None";"RUE DU DOCTEUR BARETY";"2010";"06000";"06088";"Nice";"06";"None";"None";"06088000KT0189";"None";"None";"50";"nan";"59";"nan";"None";"nan";"None";"nan";"None";"nan";"2";"2";"Appartement";"70.0";"2.0";"None";"None";"None";"None";"nan";"7.263096";"43.698623";"000KT"
"2023-49020";"2023-04-26";"1";"Vente";"530000.0";"5.0";"None";"AV JEAN MEDECIN";"3372";"06000";"06088";"Nice";"06";"None";"None";"06088000KT0045";"None";"None";"42";"nan";"None";"nan";"None";"nan";"None";"nan";"None";"nan";"1";"2";"Appartement";"45.0";"2.0";"None";"None";"None";"None";"nan";"7.268985";"43.698484";"000KT"
"2023-48376";"2023-04-26";"1";"Vente";"598500.0";"12.0";"None";"RUE JOSEPH BRES";"3455";"06000";"06088";"Nice";"06";"None";"None";"06088000KT0381";"None";"None";"207";"nan";"36";"nan";"None";"nan";"None";"nan";"None";"nan";"2";"3";"Dépendance";"nan";"0.0";"None";"None";"None";"None";"nan";"7.268336";"43.698832";"000KT"
"2023-48376";"2023-04-26";"1";"Vente";"598500.0";"12.0";"None";"RUE JOSEPH BRES";"3455";"06000";"06088";"Nice";"06";"None";"None";"06088000KT0381";"None";"None";"7";"nan";"None";"nan";"None";"nan";"None";"nan";"None";"nan";"1";"3";"Dépendance";"nan";"0.0";"None";"None";"None";"None";"nan";"7.268336";"43.698832";"000KT"
"2023-48990";"2023-04-26";"1";"Vente";"726408.0";"3.0";"None";"RUE DU DOCTEUR BARETY";"2010";"06000";"06088";"Nice";"06";"None";"None";"06088000KT0189";"None";"None";"50";"nan";"59";"nan";"None";"nan";"None";"nan";"None";"nan";"2";"3";"Dépendance";"nan";"0.0";"None";"None";"None";"None";"nan";"7.263096";"43.698623";"000KT"
"2023-48990";"2023-04-26";"1";"Vente";"726408.0";"3.0";"None";"RUE DU DOCTEUR BARETY";"2010";"06000";"06088";"Nice";"06";"None";"None";"06088000KT0189";"None";"None";"77";"nan";"None";"nan";"None";"nan";"None";"nan";"None";"nan";"1";"3";"Dépendance";"nan";"0.0";"None";"None";"None";"None";"nan";"7.263096";"43.698623";"000KT"
"2023-49020";"2023-04-26";"1";"Vente";"530000.0";"5.0";"None";"AV JEAN MEDECIN";"3372";"06000";"06088";"Nice";"06";"None";"None";"06088000KT0045";"None";"None";"42";"nan";"None";"nan";"None";"nan";"None";"nan";"None";"nan";"1";"3";"Dépendance";"nan";"0.0";"None";"None";"None";"None";"nan";"7.268985";"43.698484";"000KT"
"2023-48519";"2023-04-17";"1";"Vente";"177500.0";"1.0";"None";"PL MAGENTA";"3870";"06000";"06088";"Nice";"06";"None";"None";"06088000KT0121";"None";"None";"46";"25.49";"None";"nan";"None";"nan";"None";"nan";"None";"nan";"1";"2";"Appartement";"28.0";"2.0";"None";"None";"None";"None";"nan";"7.266815";"43.697788";"000KT"
"2023-47854";"2023-04-13";"1";"Vente";"515000.0";"12.0";"None";"RUE JOSEPH BRES";"3455";"06000";"06088";"Nice";"06";"None";"None";"06088000KT0381";"None";"None";"212";"65.36";"None";"nan";"None";"nan";"None";"nan";"None";"nan";"1";"2";"Appartement";"65.0";"3.0";"None";"None";"None";"None";"nan";"7.268336";"43.698832";"000KT"
"2023-48244";"2023-04-12";"1";"Vente";"244500.0";"9.0";"None";"RUE MASSENA";"4110";"06000";"06088";"Nice";"06";"None";"None";"06088000KT0067";"None";"None";"70";"nan";"None";"nan";"None";"nan";"None";"nan";"None";"nan";"1";"2";"Appartement";"36.0";"1.0";"None";"None";"None";"None";"nan";"7.268156";"43.697486";"000KT"
"2023-48517";"2023-04-12";"1";"Vente";"450000.0";"3.0";"None";"RUE MASSENA";"4110";"06000";"06088";"Nice";"06";"None";"None";"06088000KT0069";"None";"None";"51";"68.05";"8";"nan";"None";"nan";"None";"nan";"None";"nan";"2";"2";"Appartement";"64.0";"3.0";"None";"None";"None";"None";"nan";"7.269055";"43.69765";"000KT"
"2023-48517";"2023-04-12";"1";"Vente";"450000.0";"3.0";"None";"RUE MASSENA";"4110";"06000";"06088";"Nice";"06";"None";"None";"06088000KT0069";"None";"None";"51";"68.05";"8";"nan";"None";"nan";"None";"nan";"None";"nan";"2";"3";"Dépendance";"nan";"0.0";"None";"None";"None";"None";"nan";"7.269055";"43.69765";"000KT"
"2023-48209";"2023-04-12";"1";"Vente";"260000.0";"7.0";"None";"RUE HALEVY";"3170";"06000";"06088";"Nice";"06";"None";"None";"06088000KT0341";"None";"None";"20";"37.0";"None";"nan";"None";"nan";"None";"nan";"None";"nan";"1";"4";"Local industriel. commercial ou assimilé";"20.0";"0.0";"None";"None";"None";"None";"nan";"7.264754";"43.696074";"000KT"
"2023-48678";"2023-04-11";"1";"Vente";"262000.0";"26.0";"None";"RUE MASSENA";"4110";"06000";"06088";"Nice";"06";"None";"None";"06088000KT0126";"None";"None";"227";"nan";"None";"nan";"None";"nan";"None";"nan";"None";"nan";"1";"2";"Appartement";"28.0";"2.0";"None";"None";"None";"None";"nan";"7.266029";"43.697498";"000KT"
"2023-47762";"2023-04-11";"1";"Vente";"55000.0";"2.0";"None";"RUE ALPHONSE KARR";"0135";"06000";"06088";"Nice";"06";"None";"None";"06088000KT0026";"None";"None";"360";"nan";"None";"nan";"None";"nan";"None";"nan";"None";"nan";"1";"3";"Dépendance";"nan";"0.0";"None";"None";"None";"None";"nan";"7.266615";"43.698681";"000KT"
"2023-48262";"2023-04-07";"1";"Vente";"182000.0";"5.0";"None";"RUE DE FRANCE";"2595";"06000";"06088";"Nice";"06";"None";"None";"06088000KT0226";"None";"None";"27";"nan";"4";"nan";"None";"nan";"None";"nan";"None";"nan";"2";"2";"Appartement";"27.0";"1.0";"None";"None";"None";"None";"nan";"7.26468";"43.696485";"000KT"
"2023-48402";"2023-04-06";"1";"Vente";"380000.0";"4.0";"None";"RUE GRIMALDI";"3035";"06000";"06088";"Nice";"06";"None";"None";"06088000KT0363";"None";"None";"14";"nan";"9";"nan";"None";"nan";"None";"nan";"None";"nan";"2";"4";"Local industriel. commercial ou assimilé";"70.0";"0.0";"None";"None";"None";"None";"nan";"7.265898";"43.697975";"000KT"
"2023-47340";"2023-04-05";"1";"Vente";"175000.0";"3.0";"None";"RUE ALPHONSE KARR";"0135";"06000";"06088";"Nice";"06";"None";"None";"06088000KT0146";"None";"None";"23";"nan";"None";"nan";"None";"nan";"None";"nan";"None";"nan";"1";"2";"Appartement";"32.0";"1.0";"None";"None";"None";"None";"nan";"7.266283";"43.698274";"000KT"
"2023-48234";"2023-04-05";"1";"Vente";"390000.0";"22.0";"None";"RUE MASSENA";"4110";"06000";"06088";"Nice";"06";"None";"None";"06088000KT0320";"None";"None";"26";"nan";"None";"nan";"None";"nan";"None";"nan";"None";"nan";"1";"2";"Appartement";"41.0";"2.0";"None";"None";"None";"None";"nan";"7.266415";"43.697518";"000KT"
"2023-47754";"2023-04-04";"1";"Vente";"150000.0";"3.0";"None";"RUE MASSENA";"4110";"06000";"06088";"Nice";"06";"None";"None";"06088000KT0069";"None";"None";"80";"23.0";"None";"nan";"None";"nan";"None";"nan";"None";"nan";"1";"2";"Appartement";"19.0";"1.0";"None";"None";"None";"None";"nan";"7.269055";"43.69765";"000KT"
"2023-48478";"2023-04-04";"1";"Vente";"1000000.0";"6.0";"None";"RUE MASSENET";"4115";"06000";"06088";"Nice";"06";"None";"None";"06088000KT0368";"None";"None";"17";"99.77";"None";"nan";"None";"nan";"None";"nan";"None";"nan";"1";"2";"Appartement";"102.0";"3.0";"None";"None";"None";"None";"nan";"7.264583";"43.69571";"000KT"
"2023-48478";"2023-04-04";"1";"Vente";"1000000.0";"6.0";"None";"RUE MASSENET";"4115";"06000";"06088";"Nice";"06";"None";"None";"06088000KT0368";"None";"None";"277";"nan";"None";"nan";"None";"nan";"None";"nan";"None";"nan";"1";"3";"Dépendance";"nan";"0.0";"None";"None";"None";"None";"nan";"7.264583";"43.69571";"000KT"
"2023-48478";"2023-04-04";"1";"Vente";"1000000.0";"6.0";"None";"RUE MASSENET";"4115";"06000";"06088";"Nice";"06";"None";"None";"06088000KT0368";"None";"None";"17";"99.77";"None";"nan";"None";"nan";"None";"nan";"None";"nan";"1";"3";"Dépendance";"nan";"0.0";"None";"None";"None";"None";"nan";"7.264583";"43.69571";"000KT"
"2023-47306";"2023-03-31";"1";"Vente";"551200.0";"12.0";"None";"RUE JOSEPH BRES";"3455";"06000";"06088";"Nice";"06";"None";"None";"06088000KT0381";"None";"None";"229";"nan";"80";"nan";"None";"nan";"None";"nan";"None";"nan";"2";"2";"Appartement";"60.0";"3.0";"None";"None";"None";"None";"nan";"7.268336";"43.698832";"000KT"
"2023-47174";"2023-03-31";"1";"Vente";"46000.0";"11.0";"None";"RUE MACCARANI";"3810";"06000";"06088";"Nice";"06";"None";"None";"06088000KT0322";"None";"None";"200";"nan";"None";"nan";"None";"nan";"None";"nan";"None";"nan";"1";"3";"Dépendance";"nan";"0.0";"None";"None";"None";"None";"nan";"7.264358";"43.697967";"000KT"
"2023-47306";"2023-03-31";"1";"Vente";"551200.0";"12.0";"None";"RUE JOSEPH BRES";"3455";"06000";"06088";"Nice";"06";"None";"None";"06088000KT0381";"None";"None";"52";"nan";"None";"nan";"None";"nan";"None";"nan";"None";"nan";"1";"3";"Dépendance";"nan";"0.0";"None";"None";"None";"None";"nan";"7.268336";"43.698832";"000KT"
"2023-47306";"2023-03-31";"1";"Vente";"551200.0";"12.0";"None";"RUE JOSEPH BRES";"3455";"06000";"06088";"Nice";"06";"None";"None";"06088000KT0381";"None";"None";"229";"nan";"80";"nan";"None";"nan";"None";"nan";"None";"nan";"2";"3";"Dépendance";"nan";"0.0";"None";"None";"None";"None";"nan";"7.268336";"43.698832";"000KT"
"2023-47507";"2023-03-24";"1";"Vente";"240000.0";"10.0";"None";"RUE DE FRANCE";"2595";"06000";"06088";"Nice";"06";"None";"None";"06088000KT0215";"None";"None";"86";"nan";"None";"nan";"None";"nan";"None";"nan";"None";"nan";"1";"2";"Appartement";"29.0";"1.0";"None";"None";"None";"None";"nan";"7.263675";"43.696685";"000KT"
"2023-47569";"2023-03-16";"1";"Vente";"580130.0";"3.0";"None";"RUE HALEVY";"3170";"06000";"06088";"Nice";"06";"None";"None";"06088000KT0243";"None";"None";"2047";"nan";"2104";"55.26";"None";"nan";"None";"nan";"None";"nan";"2";"2";"Appartement";"50.0";"2.0";"None";"None";"None";"None";"nan";"7.265001";"43.695379";"000KT"
"2023-47569";"2023-03-16";"1";"Vente";"580130.0";"3.0";"None";"RUE HALEVY";"3170";"06000";"06088";"Nice";"06";"None";"None";"06088000KT0243";"None";"None";"2047";"nan";"2104";"55.26";"None";"nan";"None";"nan";"None";"nan";"2";"3";"Dépendance";"nan";"0.0";"None";"None";"None";"None";"nan";"7.265001";"43.695379";"000KT"
"2023-47569";"2023-03-16";"1";"Vente";"580130.0";"3.0";"None";"RUE HALEVY";"3170";"06000";"06088";"Nice";"06";"None";"None";"06088000KT0243";"None";"None";"2047";"nan";"2104";"55.26";"None";"nan";"None";"nan";"None";"nan";"2";"3";"Dépendance";"nan";"0.0";"None";"None";"None";"None";"nan";"7.265001";"43.695379";"000KT"
"2023-46500";"2023-03-13";"1";"Vente";"298000.0";"20.0";"None";"RUE DE LA LIBERTE";"3640";"06000";"06088";"Nice";"06";"None";"None";"06088000KT0144";"None";"None";"8";"56.48";"None";"nan";"None";"nan";"None";"nan";"None";"nan";"1";"2";"Appartement";"56.0";"2.0";"None";"None";"None";"None";"nan";"7.266151";"43.698037";"000KT"
"2023-46475";"2023-03-10";"1";"Vente";"450000.0";"8.0";"None";"RUE DE LA BUFFA";"1000";"06000";"06088";"Nice";"06";"None";"None";"06088000KT0192";"None";"None";"88";"nan";"None";"nan";"None";"nan";"None";"nan";"None";"nan";"1";"2";"Appartement";"54.0";"3.0";"None";"None";"None";"None";"nan";"7.264065";"43.697804";"000KT"
"2023-49376";"2023-03-10";"1";"Vente";"1120000.0";"6.0";"None";"RUE DU CONGRES";"1655";"06000";"06088";"Nice";"06";"None";"None";"06088000KT0327";"None";"None";"12";"nan";"31";"nan";"None";"nan";"None";"nan";"None";"nan";"2";"2";"Appartement";"162.0";"6.0";"None";"None";"None";"None";"nan";"7.263538";"43.695889";"000KT"
"2023-49376";"2023-03-10";"1";"Vente";"1120000.0";"6.0";"None";"RUE DU CONGRES";"1655";"06000";"06088";"Nice";"06";"None";"None";"06088000KT0327";"None";"None";"12";"nan";"31";"nan";"None";"nan";"None";"nan";"None";"nan";"2";"3";"Dépendance";"nan";"0.0";"None";"None";"None";"None";"nan";"7.263538";"43.695889";"000KT"
"2023-46941";"2023-03-09";"1";"Vente";"220000.0";"5.0";"None";"RUE DE FRANCE";"2595";"06000";"06088";"Nice";"06";"None";"None";"06088000KT0226";"None";"None";"13";"nan";"None";"nan";"None";"nan";"None";"nan";"None";"nan";"1";"2";"Appartement";"31.0";"1.0";"None";"None";"None";"None";"nan";"7.26468";"43.696485";"000KT"
"2023-46223";"2023-03-08";"1";"Vente";"428700.0";"5.0";"None";"RUE MASSENA";"4110";"06000";"06088";"Nice";"06";"None";"None";"06088000KT0068";"None";"None";"36";"nan";"None";"nan";"None";"nan";"None";"nan";"None";"nan";"1";"2";"Appartement";"70.0";"3.0";"None";"None";"None";"None";"nan";"7.268704";"43.697458";"000KT"
"2023-47265";"2023-03-07";"1";"Vente";"652000.0";"15.0";"None";"RUE DU MARECHAL JOFFRE";"4020";"06000";"06088";"Nice";"06";"None";"None";"06088000KT0161";"None";"None";"55";"nan";"None";"nan";"None";"nan";"None";"nan";"None";"nan";"1";"2";"Appartement";"81.0";"3.0";"None";"None";"None";"None";"nan";"7.265527";"43.698649";"000KT"
"2023-46321";"2023-03-07";"1";"Vente";"133324.0";"3.0";"None";"RUE DE LA BUFFA";"1000";"06000";"06088";"Nice";"06";"None";"None";"06088000KT0202";"None";"None";"23";"nan";"None";"nan";"None";"nan";"None";"nan";"None";"nan";"1";"3";"Dépendance";"nan";"0.0";"None";"None";"None";"None";"nan";"7.264447";"43.697414";"000KT"
"2023-47114";"2023-03-03";"1";"Vente";"350000.0";"1.0";"None";"RUE DE LA LIBERTE";"3640";"06000";"06088";"Nice";"06";"None";"None";"06088000KT0052";"None";"None";"20";"nan";"None";"nan";"None";"nan";"None";"nan";"None";"nan";"1";"2";"Appartement";"55.0";"2.0";"None";"None";"None";"None";"nan";"7.268729";"43.698422";"000KT"
"2023-46238";"2023-03-02";"1";"Vente";"577135.0";"12.0";"None";"RUE DU CONGRES";"1655";"06000";"06088";"Nice";"06";"None";"None";"06088000KT0212";"None";"None";"36";"nan";"5";"nan";"None";"nan";"None";"nan";"None";"nan";"2";"2";"Appartement";"97.0";"3.0";"None";"None";"None";"None";"nan";"7.263287";"43.69674";"000KT"
"2023-46845";"2023-03-02";"1";"Vente";"157000.0";"3.0";"None";"RUE MASSENA";"4110";"06000";"06088";"Nice";"06";"None";"None";"06088000KT0069";"None";"None";"78";"38.5";"None";"nan";"None";"nan";"None";"nan";"None";"nan";"1";"2";"Appartement";"42.0";"1.0";"None";"None";"None";"None";"nan";"7.269055";"43.69765";"000KT"
"2023-46157";"2023-03-02";"1";"Vente";"105000.0";"10.0";"None";"RUE DE FRANCE";"2595";"06000";"06088";"Nice";"06";"None";"None";"06088000KT0215";"None";"None";"38";"nan";"None";"nan";"None";"nan";"None";"nan";"None";"nan";"1";"3";"Dépendance";"nan";"0.0";"None";"None";"None";"None";"nan";"7.263675";"43.696685";"000KT"
"2023-46238";"2023-03-02";"1";"Vente";"577135.0";"12.0";"None";"RUE DU CONGRES";"1655";"06000";"06088";"Nice";"06";"None";"None";"06088000KT0212";"None";"None";"36";"nan";"5";"nan";"None";"nan";"None";"nan";"None";"nan";"2";"3";"Dépendance";"nan";"0.0";"None";"None";"None";"None";"nan";"7.263287";"43.69674";"000KT"
"2023-47106";"2023-03-01";"1";"Vente";"300000.0";"7.0";"None";"PROM DES ANGLAIS";"0240";"06000";"06088";"Nice";"06";"None";"None";"06088000KT0258";"None";"None";"376";"nan";"80";"nan";"None";"nan";"None";"nan";"None";"nan";"2";"2";"Appartement";"39.0";"1.0";"None";"None";"None";"None";"nan";"7.264082";"43.695203";"000KT"
"2023-46520";"2023-02-27";"1";"Vente";"400000.0";"11.0";"None";"RUE MASSENET";"4115";"06000";"06088";"Nice";"06";"None";"None";"06088000KT0256";"None";"None";"38";"nan";"None";"nan";"None";"nan";"None";"nan";"None";"nan";"1";"2";"Appartement";"120.0";"4.0";"None";"None";"None";"None";"nan";"7.263718";"43.695829";"000KT"
"2023-46520";"2023-02-27";"1";"Vente";"400000.0";"11.0";"None";"RUE MASSENET";"4115";"06000";"06088";"Nice";"06";"None";"None";"06088000KT0256";"None";"None";"39";"nan";"None";"nan";"None";"nan";"None";"nan";"None";"nan";"1";"4";"Local industriel. commercial ou assimilé";"45.0";"0.0";"None";"None";"None";"None";"nan";"7.263718";"43.695829";"000KT"
"2023-46189";"2023-02-23";"1";"Vente";"336800.0";"9.0";"None";"RUE MASSENET";"4115";"06000";"06088";"Nice";"06";"None";"None";"06088000KT0257";"None";"None";"117";"nan";"142";"29.75";"None";"nan";"None";"nan";"None";"nan";"2";"2";"Appartement";"27.0";"1.0";"None";"None";"None";"None";"nan";"7.263955";"43.695823";"000KT"
"2023-46189";"2023-02-23";"1";"Vente";"336800.0";"9.0";"None";"RUE MASSENET";"4115";"06000";"06088";"Nice";"06";"None";"None";"06088000KT0257";"None";"None";"117";"nan";"142";"29.75";"None";"nan";"None";"nan";"None";"nan";"2";"3";"Dépendance";"nan";"0.0";"None";"None";"None";"None";"nan";"7.263955";"43.695823";"000KT"
"2023-45674";"2023-02-15";"1";"Vente";"205000.0";"11.0";"None";"RUE MASSENET";"4115";"06000";"06088";"Nice";"06";"None";"None";"06088000KT0256";"None";"None";"23";"nan";"None";"nan";"None";"nan";"None";"nan";"None";"nan";"1";"2";"Appartement";"27.0";"1.0";"None";"None";"None";"None";"nan";"7.263718";"43.695829";"000KT"
"2023-45865";"2023-02-15";"1";"Vente";"350000.0";"2.0";"None";"AV DE SUEDE";"6294";"06000";"06088";"Nice";"06";"None";"None";"06088000KT0114";"None";"None";"25";"nan";"None";"nan";"None";"nan";"None";"nan";"None";"nan";"1";"2";"Appartement";"49.0";"2.0";"None";"None";"None";"None";"nan";"7.267339";"43.696524";"000KT"
"2023-46017";"2023-02-14";"1";"Vente";"115000.0";"11.0";"None";"RUE MASSENA";"4110";"06000";"06088";"Nice";"06";"None";"None";"06088000KT0268";"None";"None";"17";"nan";"None";"nan";"None";"nan";"None";"nan";"None";"nan";"1";"2";"Appartement";"17.0";"1.0";"None";"None";"None";"None";"nan";"7.268021";"43.697574";"000KT"
"2023-45143";"2023-02-13";"1";"Vente";"512500.0";"6.0";"B";"RUE ALPHONSE KARR";"0135";"06000";"06088";"Nice";"06";"None";"None";"06088000KT0019";"None";"None";"116";"nan";"133";"75.11";"None";"nan";"None";"nan";"None";"nan";"2";"2";"Appartement";"80.0";"3.0";"None";"None";"None";"None";"nan";"7.266115";"43.698833";"000KT"
"2023-45444";"2023-02-13";"1";"Vente";"313210.0";"17.0";"None";"RUE DE FRANCE";"2595";"06000";"06088";"Nice";"06";"None";"None";"06088000KT0251";"None";"None";"13";"nan";"None";"nan";"None";"nan";"None";"nan";"None";"nan";"1";"2";"Appartement";"52.0";"3.0";"None";"None";"None";"None";"nan";"7.263624";"43.696187";"000KT"
"2023-45094";"2023-02-10";"1";"Vente";"615000.0";"12.0";"None";"RUE JOSEPH BRES";"3455";"06000";"06088";"Nice";"06";"None";"None";"06088000KT0381";"None";"None";"173";"nan";"225";"nan";"None";"nan";"None";"nan";"None";"nan";"2";"2";"Appartement";"66.0";"3.0";"None";"None";"None";"None";"nan";"7.268336";"43.698832";"000KT"
"2023-45532";"2023-02-10";"1";"Vente";"275000.0";"1.0";"None";"RUE ALPHONSE KARR";"0135";"06000";"06088";"Nice";"06";"None";"None";"06088000KT0145";"None";"None";"135";"40.5";"None";"nan";"None";"nan";"None";"nan";"None";"nan";"1";"2";"Appartement";"38.0";"3.0";"None";"None";"None";"None";"nan";"7.266456";"43.69811";"000KT"
"2023-45094";"2023-02-10";"1";"Vente";"615000.0";"12.0";"None";"RUE JOSEPH BRES";"3455";"06000";"06088";"Nice";"06";"None";"None";"06088000KT0381";"None";"None";"162";"nan";"None";"nan";"None";"nan";"None";"nan";"None";"nan";"1";"3";"Dépendance";"nan";"0.0";"None";"None";"None";"None";"nan";"7.268336";"43.698832";"000KT"
"2023-45094";"2023-02-10";"1";"Vente";"615000.0";"12.0";"None";"RUE JOSEPH BRES";"3455";"06000";"06088";"Nice";"06";"None";"None";"06088000KT0381";"None";"None";"173";"nan";"225";"nan";"None";"nan";"None";"nan";"None";"nan";"2";"3";"Dépendance";"nan";"0.0";"None";"None";"None";"None";"nan";"7.268336";"43.698832";"000KT"
"2023-45668";"2023-02-10";"1";"Vente";"60000.0";"4.0";"None";"RUE DU DOCTEUR BARETY";"2010";"06000";"06088";"Nice";"06";"None";"None";"06088000KT0192";"None";"None";"41";"nan";"None";"nan";"None";"nan";"None";"nan";"None";"nan";"1";"3";"Dépendance";"nan";"0.0";"None";"None";"None";"None";"nan";"7.264065";"43.697804";"000KT"
"2023-45526";"2023-02-08";"1";"Vente";"582000.0";"32.0";"None";"RUE DU MARECHAL JOFFRE";"4020";"06000";"06088";"Nice";"06";"None";"None";"06088000KT0188";"None";"None";"32";"nan";"55";"81.8";"None";"nan";"None";"nan";"None";"nan";"2";"2";"Appartement";"77.0";"3.0";"None";"None";"None";"None";"nan";"7.262882";"43.698426";"000KT"
"2023-45553";"2023-02-08";"1";"Vente";"5000.0";"20.0";"None";"RUE DU MARECHAL JOFFRE";"4020";"06000";"06088";"Nice";"06";"None";"None";"06088000KT0163";"None";"None";"37";"nan";"None";"nan";"None";"nan";"None";"nan";"None";"nan";"1";"2";"Appartement";"25.0";"1.0";"None";"None";"None";"None";"nan";"7.265209";"43.699055";"000KT"
"2023-45526";"2023-02-08";"1";"Vente";"582000.0";"32.0";"None";"RUE DU MARECHAL JOFFRE";"4020";"06000";"06088";"Nice";"06";"None";"None";"06088000KT0188";"None";"None";"32";"nan";"55";"81.8";"None";"nan";"None";"nan";"None";"nan";"2";"3";"Dépendance";"nan";"0.0";"None";"None";"None";"None";"nan";"7.262882";"43.698426";"000KT"
"2023-45553";"2023-02-08";"1";"Vente";"5000.0";"20.0";"None";"RUE DU MARECHAL JOFFRE";"4020";"06000";"06088";"Nice";"06";"None";"None";"06088000KT0163";"None";"None";"37";"nan";"None";"nan";"None";"nan";"None";"nan";"None";"nan";"1";"3";"Dépendance";"nan";"0.0";"None";"None";"None";"None";"nan";"7.265209";"43.699055";"000KT"
"2023-45497";"2023-02-08";"1";"Vente";"499000.0";"10.0";"None";"RUE DE FRANCE";"2595";"06000";"06088";"Nice";"06";"None";"None";"06088000KT0215";"None";"None";"68";"nan";"None";"nan";"None";"nan";"None";"nan";"None";"nan";"1";"4";"Local industriel. commercial ou assimilé";"303.0";"0.0";"None";"None";"None";"None";"nan";"7.263675";"43.696685";"000KT"
"2023-44924";"2023-02-07";"1";"Vente";"392680.0";"3.0";"None";"RUE FRANCOIS 1ER";"2645";"06000";"06088";"Nice";"06";"None";"None";"06088000KT0144";"None";"None";"70";"nan";"None";"nan";"None";"nan";"None";"nan";"None";"nan";"1";"2";"Appartement";"55.0";"2.0";"None";"None";"None";"None";"nan";"7.266151";"43.698037";"000KT"
"2023-47287";"2023-02-07";"1";"Vente";"315000.0";"1.0";"None";"RUE MAURICE JAUBERT";"4135";"06000";"06088";"Nice";"06";"None";"None";"06088000KT0129";"None";"None";"115";"45.25";"None";"nan";"None";"nan";"None";"nan";"None";"nan";"1";"2";"Appartement";"45.0";"2.0";"None";"None";"None";"None";"nan";"7.265537";"43.697314";"000KT"
"2023-45302";"2023-02-01";"1";"Vente";"140000.0";"3.0";"None";"RUE EUGENE EMMANUEL";"2360";"06000";"06088";"Nice";"06";"None";"None";"06088000KT0015";"None";"None";"147";"nan";"None";"nan";"None";"nan";"None";"nan";"None";"nan";"1";"2";"Appartement";"22.0";"1.0";"None";"None";"None";"None";"nan";"7.266019";"43.699309";"000KT"
"2023-44663";"2023-02-01";"1";"Vente";"463932.38";"9.0";"None";"AV GUSTAVE V";"3135";"06000";"06088";"Nice";"06";"None";"None";"06088000KT0085";"None";"None";"40";"nan";"41";"109.04";"42";"nan";"43";"56.79";"None";"nan";"4";"4";"Local industriel. commercial ou assimilé";"167.0";"0.0";"None";"None";"None";"None";"nan";"7.265809";"43.696193";"000KT"
"2023-45165";"2023-01-31";"1";"Vente";"370000.0";"6.0";"None";"RUE ALPHONSE KARR";"0135";"06000";"06088";"Nice";"06";"None";"None";"06088000KT0026";"None";"None";"158";"nan";"19";"51.48";"None";"nan";"None";"nan";"None";"nan";"2";"2";"Appartement";"52.0";"2.0";"None";"None";"None";"None";"nan";"7.266615";"43.698681";"000KT"
"2023-45927";"2023-01-31";"1";"Vente";"1811000.0";"16.0";"None";"RUE DU CONGRES";"1655";"06000";"06088";"Nice";"06";"None";"None";"06088000KT0210";"None";"None";"17";"142.55";"3";"nan";"None";"nan";"None";"nan";"None";"nan";"2";"2";"Appartement";"143.0";"6.0";"None";"None";"None";"None";"nan";"7.263173";"43.697133";"000KT"
"2023-45165";"2023-01-31";"1";"Vente";"370000.0";"6.0";"None";"RUE ALPHONSE KARR";"0135";"06000";"06088";"Nice";"06";"None";"None";"06088000KT0026";"None";"None";"158";"nan";"19";"51.48";"None";"nan";"None";"nan";"None";"nan";"2";"3";"Dépendance";"nan";"0.0";"None";"None";"None";"None";"nan";"7.266615";"43.698681";"000KT"
"2023-45927";"2023-01-31";"1";"Vente";"1811000.0";"16.0";"None";"RUE DU CONGRES";"1655";"06000";"06088";"Nice";"06";"None";"None";"06088000KT0210";"None";"None";"17";"142.55";"3";"nan";"None";"nan";"None";"nan";"None";"nan";"2";"3";"Dépendance";"nan";"0.0";"None";"None";"None";"None";"nan";"7.263173";"43.697133";"000KT"
"2023-45165";"2023-01-31";"1";"Vente";"370000.0";"2.0";"None";"RUE ALPHONSE KARR";"0135";"06000";"06088";"Nice";"06";"None";"None";"06088000KT0026";"None";"None";"493";"nan";"None";"nan";"None";"nan";"None";"nan";"None";"nan";"1";"4";"Local industriel. commercial ou assimilé";"11.0";"0.0";"None";"None";"None";"None";"nan";"7.266615";"43.698681";"000KT"
"2023-44514";"2023-01-30";"1";"Vente";"5000.0";"12.0";"None";"RUE DU MARECHAL JOFFRE";"4020";"06000";"06088";"Nice";"06";"None";"None";"06088000KT0014";"None";"None";"10";"nan";"None";"nan";"None";"nan";"None";"nan";"None";"nan";"1";"2";"Appartement";"58.0";"2.0";"None";"None";"None";"None";"nan";"7.266226";"43.699209";"000KT"
"2023-44613";"2023-01-30";"1";"Vente";"500000.0";"1.0";"None";"PL MAGENTA";"3870";"06000";"06088";"Nice";"06";"None";"None";"06088000KT0121";"None";"None";"51";"nan";"62";"nan";"None";"nan";"None";"nan";"None";"nan";"2";"2";"Appartement";"63.0";"3.0";"None";"None";"None";"None";"nan";"7.266815";"43.697788";"000KT"
"2023-45194";"2023-01-30";"1";"Vente";"370000.0";"9.0";"None";"RUE DE LA BUFFA";"1000";"06000";"06088";"Nice";"06";"None";"None";"06088000KT0379";"None";"None";"17";"55.4";"19";"nan";"None";"nan";"None";"nan";"None";"nan";"2";"2";"Appartement";"57.0";"3.0";"None";"None";"None";"None";"nan";"7.263975";"43.697254";"000KT"
"2023-45458";"2023-01-30";"1";"Vente";"700000.0";"8.0";"None";"RUE DU MARECHAL JOFFRE";"4020";"06000";"06088";"Nice";"06";"None";"None";"06088000KT0394";"None";"None";"405";"nan";"426";"nan";"None";"nan";"None";"nan";"None";"nan";"2";"2";"Appartement";"150.0";"5.0";"None";"None";"None";"None";"nan";"7.266523";"43.699504";"000KT"
"2023-44514";"2023-01-30";"1";"Vente";"5000.0";"12.0";"None";"RUE DU MARECHAL JOFFRE";"4020";"06000";"06088";"Nice";"06";"None";"None";"06088000KT0014";"None";"None";"10";"nan";"None";"nan";"None";"nan";"None";"nan";"None";"nan";"1";"3";"Dépendance";"nan";"0.0";"None";"None";"None";"None";"nan";"7.266226";"43.699209";"000KT"
"2023-45194";"2023-01-30";"1";"Vente";"370000.0";"9.0";"None";"RUE DE LA BUFFA";"1000";"06000";"06088";"Nice";"06";"None";"None";"06088000KT0379";"None";"None";"17";"55.4";"19";"nan";"None";"nan";"None";"nan";"None";"nan";"2";"3";"Dépendance";"nan";"0.0";"None";"None";"None";"None";"nan";"7.263975";"43.697254";"000KT"
"2023-45458";"2023-01-30";"1";"Vente";"700000.0";"2.0";"None";"RUE ALPHONSE KARR";"0135";"06000";"06088";"Nice";"06";"None";"None";"06088000KT0026";"None";"None";"285";"nan";"None";"nan";"None";"nan";"None";"nan";"None";"nan";"1";"3";"Dépendance";"nan";"0.0";"None";"None";"None";"None";"nan";"7.266615";"43.698681";"000KT"
"2023-45458";"2023-01-30";"1";"Vente";"700000.0";"8.0";"None";"RUE DU MARECHAL JOFFRE";"4020";"06000";"06088";"Nice";"06";"None";"None";"06088000KT0394";"None";"None";"432";"nan";"None";"nan";"None";"nan";"None";"nan";"None";"nan";"1";"3";"Dépendance";"nan";"0.0";"None";"None";"None";"None";"nan";"7.266523";"43.699504";"000KT"
"2023-45458";"2023-01-30";"1";"Vente";"700000.0";"8.0";"None";"RUE DU MARECHAL JOFFRE";"4020";"06000";"06088";"Nice";"06";"None";"None";"06088000KT0394";"None";"None";"405";"nan";"426";"nan";"None";"nan";"None";"nan";"None";"nan";"2";"3";"Dépendance";"nan";"0.0";"None";"None";"None";"None";"nan";"7.266523";"43.699504";"000KT"
"2023-45458";"2023-01-30";"1";"Vente";"700000.0";"8.0";"None";"RUE DU MARECHAL JOFFRE";"4020";"06000";"06088";"Nice";"06";"None";"None";"06088000KT0394";"None";"None";"405";"nan";"426";"nan";"None";"nan";"None";"nan";"None";"nan";"2";"3";"Dépendance";"nan";"0.0";"None";"None";"None";"None";"nan";"7.266523";"43.699504";"000KT"
"2023-44690";"2023-01-27";"1";"Vente";"800000.0";"19.0";"None";"RUE DU MARECHAL JOFFRE";"4020";"06000";"06088";"Nice";"06";"None";"None";"06088000KT0140";"None";"None";"112";"nan";"151";"nan";"None";"nan";"None";"nan";"None";"nan";"2";"2";"Appartement";"92.0";"3.0";"None";"None";"None";"None";"nan";"7.265019";"43.698409";"000KT"
"2023-44690";"2023-01-27";"1";"Vente";"800000.0";"19.0";"None";"RUE DU MARECHAL JOFFRE";"4020";"06000";"06088";"Nice";"06";"None";"None";"06088000KT0140";"None";"None";"112";"nan";"151";"nan";"None";"nan";"None";"nan";"None";"nan";"2";"3";"Dépendance";"nan";"0.0";"None";"None";"None";"None";"nan";"7.265019";"43.698409";"000KT"
"2023-44690";"2023-01-27";"1";"Vente";"800000.0";"19.0";"None";"RUE DU MARECHAL JOFFRE";"4020";"06000";"06088";"Nice";"06";"None";"None";"06088000KT0140";"None";"None";"112";"nan";"151";"nan";"None";"nan";"None";"nan";"None";"nan";"2";"3";"Dépendance";"nan";"0.0";"None";"None";"None";"None";"nan";"7.265019";"43.698409";"000KT"
"2023-44690";"2023-01-27";"1";"Vente";"800000.0";"19.0";"None";"RUE DU MARECHAL JOFFRE";"4020";"06000";"06088";"Nice";"06";"None";"None";"06088000KT0140";"None";"None";"81";"nan";"None";"nan";"None";"nan";"None";"nan";"None";"nan";"1";"3";"Dépendance";"nan";"0.0";"None";"None";"None";"None";"nan";"7.265019";"43.698409";"000KT"
"2023-44651";"2023-01-26";"1";"Vente";"105000.0";"9.0";"None";"RUE DE LA LIBERTE";"3640";"06000";"06088";"Nice";"06";"None";"None";"06088000KT0058";"None";"None";"21";"nan";"None";"nan";"None";"nan";"None";"nan";"None";"nan";"1";"2";"Appartement";"17.0";"1.0";"None";"None";"None";"None";"nan";"7.267679";"43.698092";"000KT"
"2023-44679";"2023-01-24";"1";"Vente";"171288.0";"10.0";"None";"RUE DU CONGRES";"1655";"06000";"06088";"Nice";"06";"None";"None";"06088000KT0213";"None";"None";"14";"nan";"None";"nan";"None";"nan";"None";"nan";"None";"nan";"1";"2";"Appartement";"29.0";"1.0";"None";"None";"None";"None";"nan";"7.26335";"43.696583";"000KT"
"2023-44899";"2023-01-23";"1";"Vente";"253000.0";"8.0";"None";"RUE FRANCOIS 1ER";"2645";"06000";"06088";"Nice";"06";"None";"None";"06088000KT0152";"None";"None";"68";"42.17";"None";"nan";"None";"nan";"None";"nan";"None";"nan";"1";"2";"Appartement";"42.0";"1.0";"None";"None";"None";"None";"nan";"7.26584";"43.698406";"000KT"
"2023-44164";"2023-01-18";"1";"Vente";"171000.0";"8.0";"None";"RUE HALEVY";"3170";"06000";"06088";"Nice";"06";"None";"None";"06088000KT0088";"None";"None";"12";"nan";"None";"nan";"None";"nan";"None";"nan";"None";"nan";"1";"2";"Appartement";"16.0";"1.0";"None";"None";"None";"None";"nan";"7.265516";"43.696102";"000KT"
"2023-44255";"2023-01-17";"1";"Vente";"500000.0";"4.0";"None";"RUE DU DOCTEUR BARETY";"2010";"06000";"06088";"Nice";"06";"None";"None";"06088000KT0192";"None";"None";"122";"91.58";"None";"nan";"None";"nan";"None";"nan";"None";"nan";"1";"2";"Appartement";"84.0";"3.0";"None";"None";"None";"None";"nan";"7.264065";"43.697804";"000KT"
"2023-43710";"2023-01-16";"1";"Vente";"310000.0";"1.0";"None";"RUE LONGCHAMP";"3710";"06000";"06088";"Nice";"06";"None";"None";"06088000KT0334";"None";"None";"70";"40.34";"None";"nan";"None";"nan";"None";"nan";"None";"nan";"1";"2";"Appartement";"40.0";"2.0";"None";"None";"None";"None";"nan";"7.267008";"43.698364";"000KT"
"2023-44057";"2023-01-16";"1";"Vente";"234800.0";"10.0";"None";"RUE DE FRANCE";"2595";"06000";"06088";"Nice";"06";"None";"None";"06088000KT0215";"None";"None";"106";"nan";"None";"nan";"None";"nan";"None";"nan";"None";"nan";"1";"2";"Appartement";"30.0";"1.0";"None";"None";"None";"None";"nan";"7.263675";"43.696685";"000KT"
"2023-44057";"2023-01-16";"1";"Vente";"234800.0";"10.0";"None";"RUE DE FRANCE";"2595";"06000";"06088";"Nice";"06";"None";"None";"06088000KT0215";"None";"None";"106";"nan";"None";"nan";"None";"nan";"None";"nan";"None";"nan";"1";"3";"Dépendance";"nan";"0.0";"None";"None";"None";"None";"nan";"7.263675";"43.696685";"000KT"
"2023-43815";"2023-01-13";"1";"Vente";"265090.0";"12.0";"None";"RUE MACCARANI";"3810";"06000";"06088";"Nice";"06";"None";"None";"06088000KT0177";"None";"None";"35";"nan";"None";"nan";"None";"nan";"None";"nan";"None";"nan";"1";"2";"Appartement";"26.0";"2.0";"None";"None";"None";"None";"nan";"7.264595";"43.698889";"000KT"
"2023-43925";"2023-01-13";"1";"Vente";"154500.0";"7.0";"None";"RUE HALEVY";"3170";"06000";"06088";"Nice";"06";"None";"None";"06088000KT0341";"None";"None";"4";"19.54";"None";"nan";"None";"nan";"None";"nan";"None";"nan";"1";"2";"Appartement";"20.0";"1.0";"None";"None";"None";"None";"nan";"7.264754";"43.696074";"000KT"
"2023-44054";"2023-01-13";"1";"Vente";"320000.0";"12.0";"None";"RUE JOSEPH BRES";"3455";"06000";"06088";"Nice";"06";"None";"None";"06088000KT0381";"None";"None";"201";"nan";"82";"nan";"None";"nan";"None";"nan";"None";"nan";"2";"2";"Appartement";"42.0";"2.0";"None";"None";"None";"None";"nan";"7.268336";"43.698832";"000KT"
"2023-44054";"2023-01-13";"1";"Vente";"320000.0";"12.0";"None";"RUE JOSEPH BRES";"3455";"06000";"06088";"Nice";"06";"None";"None";"06088000KT0381";"None";"None";"201";"nan";"82";"nan";"None";"nan";"None";"nan";"None";"nan";"2";"3";"Dépendance";"nan";"0.0";"None";"None";"None";"None";"nan";"7.268336";"43.698832";"000KT"
"2023-44054";"2023-01-13";"1";"Vente";"320000.0";"12.0";"None";"RUE JOSEPH BRES";"3455";"06000";"06088";"Nice";"06";"None";"None";"06088000KT0381";"None";"None";"68";"nan";"None";"nan";"None";"nan";"None";"nan";"None";"nan";"1";"3";"Dépendance";"nan";"0.0";"None";"None";"None";"None";"nan";"7.268336";"43.698832";"000KT"
"2023-44738";"2023-01-11";"1";"Vente";"352000.0";"11.0";"B";"RUE GRIMALDI";"3035";"06000";"06088";"Nice";"06";"None";"None";"06088000KT0172";"None";"None";"31";"nan";"None";"nan";"None";"nan";"None";"nan";"None";"nan";"1";"2";"Appartement";"36.0";"1.0";"None";"None";"None";"None";"nan";"7.264705";"43.698992";"000KT"
"2023-44738";"2023-01-11";"1";"Vente";"352000.0";"11.0";"B";"RUE GRIMALDI";"3035";"06000";"06088";"Nice";"06";"None";"None";"06088000KT0172";"None";"None";"27";"nan";"None";"nan";"None";"nan";"None";"nan";"None";"nan";"1";"3";"Dépendance";"nan";"0.0";"None";"None";"None";"None";"nan";"7.264705";"43.698992";"000KT"
"2023-44738";"2023-01-11";"1";"Vente";"352000.0";"11.0";"B";"RUE GRIMALDI";"3035";"06000";"06088";"Nice";"06";"None";"None";"06088000KT0172";"None";"None";"31";"nan";"None";"nan";"None";"nan";"None";"nan";"None";"nan";"1";"3";"Dépendance";"nan";"0.0";"None";"None";"None";"None";"nan";"7.264705";"43.698992";"000KT"
"2023-46063";"2023-01-06";"1";"Vente";"344070.0";"7.0";"None";"PROM DES ANGLAIS";"0240";"06000";"06088";"Nice";"06";"None";"None";"06088000KT0258";"None";"None";"335";"nan";"65";"nan";"None";"nan";"None";"nan";"None";"nan";"2";"2";"Appartement";"36.0";"1.0";"None";"None";"None";"None";"nan";"7.264082";"43.695203";"000KT"
"2023-46063";"2023-01-06";"1";"Vente";"344070.0";"7.0";"None";"PROM DES ANGLAIS";"0240";"06000";"06088";"Nice";"06";"None";"None";"06088000KT0258";"None";"None";"65";"nan";"None";"nan";"None";"nan";"None";"nan";"None";"nan";"1";"3";"Dépendance";"nan";"0.0";"None";"None";"None";"None";"nan";"7.264082";"43.695203";"000KT"
"2023-43858";"2023-01-05";"1";"Vente";"200000.0";"20.0";"None";"RUE DU MARECHAL JOFFRE";"4020";"06000";"06088";"Nice";"06";"None";"None";"06088000KT0163";"None";"None";"112";"25.12";"None";"nan";"None";"nan";"None";"nan";"None";"nan";"1";"2";"Appartement";"25.0";"1.0";"None";"None";"None";"None";"nan";"7.265209";"43.699055";"000KT"
"2023-43858";"2023-01-05";"1";"Vente";"200000.0";"20.0";"None";"RUE DU MARECHAL JOFFRE";"4020";"06000";"06088";"Nice";"06";"None";"None";"06088000KT0163";"None";"None";"112";"25.12";"None";"nan";"None";"nan";"None";"nan";"None";"nan";"1";"3";"Dépendance";"nan";"0.0";"None";"None";"None";"None";"nan";"7.265209";"43.699055";"000KT"
"2023-43994";"2023-01-05";"1";"Vente";"60000.0";"12.0";"None";"RUE JOSEPH BRES";"3455";"06000";"06088";"Nice";"06";"None";"None";"06088000KT0381";"None";"None";"8";"nan";"None";"nan";"None";"nan";"None";"nan";"None";"nan";"1";"3";"Dépendance";"nan";"0.0";"None";"None";"None";"None";"nan";"7.268336";"43.698832";"000KT"
"2023-43657";"2023-01-05";"1";"Vente";"980000.0";"11.0";"None";"AV JEAN MEDECIN";"3372";"06000";"06088";"Nice";"06";"None";"None";"06088000KT0041";"None";"None";"12";"117.56";"None";"nan";"None";"nan";"None";"nan";"None";"nan";"1";"4";"Local industriel. commercial ou assimilé";"118.0";"0.0";"None";"None";"None";"None";"nan";"7.268663";"43.699039";"000KT"
"2023-43741";"2023-01-04";"1";"Vente";"736800.0";"10.0";"None";"RUE DE FRANCE";"2595";"06000";"06088";"Nice";"06";"None";"None";"06088000KT0215";"None";"None";"15";"nan";"94";"79.07";"None";"nan";"None";"nan";"None";"nan";"2";"2";"Appartement";"80.0";"3.0";"None";"None";"None";"None";"nan";"7.263675";"43.696685";"000KT"
"2023-44369";"2023-01-04";"1";"Vente";"11822250.0";"1.0";"B";"RUE DU MARECHAL JOFFRE";"4020";"06000";"06088";"Nice";"06";"None";"None";"06088000KT0037";"None";"None";"18";"nan";"None";"nan";"None";"nan";"None";"nan";"None";"nan";"1";"2";"Appartement";"131.0";"5.0";"None";"None";"None";"None";"nan";"7.267811";"43.699353";"000KT"
"2023-44369";"2023-01-04";"1";"Vente";"11822250.0";"1.0";"B";"RUE DU MARECHAL JOFFRE";"4020";"06000";"06088";"Nice";"06";"None";"None";"06088000KT0037";"None";"None";"19";"nan";"None";"nan";"None";"nan";"None";"nan";"None";"nan";"1";"2";"Appartement";"164.0";"5.0";"None";"None";"None";"None";"nan";"7.267811";"43.699353";"000KT"
"2023-43741";"2023-01-04";"1";"Vente";"736800.0";"10.0";"None";"RUE DE FRANCE";"2595";"06000";"06088";"Nice";"06";"None";"None";"06088000KT0215";"None";"None";"15";"nan";"94";"79.07";"None";"nan";"None";"nan";"None";"nan";"2";"3";"Dépendance";"nan";"0.0";"None";"None";"None";"None";"nan";"7.263675";"43.696685";"000KT"
"2023-44369";"2023-01-04";"1";"Vente";"11822250.0";"1.0";"B";"RUE DU MARECHAL JOFFRE";"4020";"06000";"06088";"Nice";"06";"None";"None";"06088000KT0037";"None";"None";"23";"nan";"24";"nan";"25";"nan";"30";"nan";"31";"nan";"6";"3";"Dépendance";"nan";"0.0";"None";"None";"None";"None";"nan";"7.267811";"43.699353";"000KT"
"2023-44369";"2023-01-04";"1";"Vente";"11822250.0";"1.0";"B";"RUE DU MARECHAL JOFFRE";"4020";"06000";"06088";"Nice";"06";"None";"None";"06088000KT0037";"None";"None";"16";"nan";"None";"nan";"None";"nan";"None";"nan";"None";"nan";"1";"4";"Local industriel. commercial ou assimilé";"494.0";"0.0";"None";"None";"None";"None";"nan";"7.267811";"43.699353";"000KT"
"2023-44369";"2023-01-04";"1";"Vente";"11822250.0";"1.0";"B";"RUE DU MARECHAL JOFFRE";"4020";"06000";"06088";"Nice";"06";"None";"None";"06088000KT0037";"None";"None";"14";"nan";"None";"nan";"None";"nan";"None";"nan";"None";"nan";"1";"4";"Local industriel. commercial ou assimilé";"334.0";"0.0";"None";"None";"None";"None";"nan";"7.267811";"43.699353";"000KT"
"2023-44369";"2023-01-04";"1";"Vente";"11822250.0";"1.0";"B";"RUE DU MARECHAL JOFFRE";"4020";"06000";"06088";"Nice";"06";"None";"None";"06088000KT0037";"None";"None";"13";"nan";"None";"nan";"None";"nan";"None";"nan";"None";"nan";"1";"4";"Local industriel. commercial ou assimilé";"244.0";"0.0";"None";"None";"None";"None";"nan";"7.267811";"43.699353";"000KT"
"2023-43658";"2023-01-03";"1";"Vente";"170000.0";"20.0";"None";"RUE DU MARECHAL JOFFRE";"4020";"06000";"06088";"Nice";"06";"None";"None";"06088000KT0163";"None";"None";"122";"26.92";"None";"nan";"None";"nan";"None";"nan";"None";"nan";"1";"2";"Appartement";"26.0";"1.0";"None";"None";"None";"None";"nan";"7.265209";"43.699055";"000KT"
"2022-71652";"2022-12-29";"1";"Vente";"735000.0";"1.0";"None";"PL EUGENE MO";"2365";"06000";"06088";"Nice";"06";"None";"None";"06088000KT0023";"None";"None";"5";"nan";"None";"nan";"None";"nan";"None";"nan";"None";"nan";"1";"4";"Local industriel. commercial ou assimilé";"80.0";"0.0";"None";"None";"None";"None";"nan";"7.267121";"43.699083";"000KT"
"2022-71187";"2022-12-28";"1";"Vente";"285431.0";"3.0";"None";"RUE DE LA BUFFA";"1000";"06000";"06088";"Nice";"06";"None";"None";"06088000KT0202";"None";"None";"6";"nan";"None";"nan";"None";"nan";"None";"nan";"None";"nan";"1";"3";"Dépendance";"nan";"0.0";"None";"None";"None";"None";"nan";"7.264447";"43.697414";"000KT"
"2022-71188";"2022-12-28";"1";"Vente";"187776.0";"3.0";"None";"RUE DE LA BUFFA";"1000";"06000";"06088";"Nice";"06";"None";"None";"06088000KT0202";"None";"None";"13";"nan";"None";"nan";"None";"nan";"None";"nan";"None";"nan";"1";"3";"Dépendance";"nan";"0.0";"None";"None";"None";"None";"nan";"7.264447";"43.697414";"000KT"
"2022-70929";"2022-12-27";"1";"Vente";"246858.0";"3.0";"None";"RUE DE LA BUFFA";"1000";"06000";"06088";"Nice";"06";"None";"None";"06088000KT0202";"None";"None";"32";"nan";"None";"nan";"None";"nan";"None";"nan";"None";"nan";"1";"3";"Dépendance";"nan";"0.0";"None";"None";"None";"None";"nan";"7.264447";"43.697414";"000KT"
"2022-71383";"2022-12-23";"1";"Vente";"400000.0";"39.0";"None";"RUE MASSENA";"4110";"06000";"06088";"Nice";"06";"None";"None";"06088000KT0097";"None";"None";"12";"87.52";"None";"nan";"None";"nan";"None";"nan";"None";"nan";"1";"2";"Appartement";"65.0";"2.0";"None";"None";"None";"None";"nan";"7.265779";"43.696776";"000KT"
"2022-71444";"2022-12-23";"1";"Vente";"325000.0";"2.0";"None";"RUE EUGENE EMMANUEL";"2360";"06000";"06088";"Nice";"06";"None";"None";"06088000KT0394";"None";"None";"551";"nan";"629";"nan";"None";"nan";"None";"nan";"None";"nan";"2";"2";"Appartement";"58.0";"3.0";"None";"None";"None";"None";"nan";"7.266523";"43.699504";"000KT"
"2022-71444";"2022-12-23";"1";"Vente";"325000.0";"2.0";"None";"RUE EUGENE EMMANUEL";"2360";"06000";"06088";"Nice";"06";"None";"None";"06088000KT0394";"None";"None";"551";"nan";"629";"nan";"None";"nan";"None";"nan";"None";"nan";"2";"3";"Dépendance";"nan";"0.0";"None";"None";"None";"None";"nan";"7.266523";"43.699504";"000KT"
"2022-71223";"2022-12-22";"1";"Vente";"410000.0";"16.0";"None";"RUE DU CONGRES";"1655";"06000";"06088";"Nice";"06";"None";"None";"06088000KT0210";"None";"None";"34";"nan";"None";"nan";"None";"nan";"None";"nan";"None";"nan";"1";"2";"Appartement";"54.0";"3.0";"None";"None";"None";"None";"nan";"7.263173";"43.697133";"000KT"
"2022-70927";"2022-12-22";"1";"Vente";"220000.0";"20.0";"None";"RUE DU MARECHAL JOFFRE";"4020";"06000";"06088";"Nice";"06";"None";"None";"06088000KT0163";"None";"None";"65";"nan";"None";"nan";"None";"nan";"None";"nan";"None";"nan";"1";"4";"Local industriel. commercial ou assimilé";"32.0";"0.0";"None";"None";"None";"None";"nan";"7.265209";"43.699055";"000KT"
"2022-71177";"2022-12-21";"1";"Vente";"330500.0";"9.0";"None";"RUE DE LA BUFFA";"1000";"06000";"06088";"Nice";"06";"None";"None";"06088000KT0379";"None";"None";"41";"37.45";"None";"nan";"None";"nan";"None";"nan";"None";"nan";"1";"2";"Appartement";"42.0";"2.0";"None";"None";"None";"None";"nan";"7.263975";"43.697254";"000KT"
"2022-71561";"2022-12-20";"1";"Vente";"365000.0";"20.0";"None";"RUE DE LA LIBERTE";"3640";"06000";"06088";"Nice";"06";"None";"None";"06088000KT0144";"None";"None";"59";"nan";"None";"nan";"None";"nan";"None";"nan";"None";"nan";"1";"2";"Appartement";"48.0";"2.0";"None";"None";"None";"None";"nan";"7.266151";"43.698037";"000KT"
"2022-70530";"2022-12-20";"1";"Vente";"134184.0";"3.0";"None";"RUE DE LA BUFFA";"1000";"06000";"06088";"Nice";"06";"None";"None";"06088000KT0202";"None";"None";"11";"21.96";"None";"nan";"None";"nan";"None";"nan";"None";"nan";"1";"3";"Dépendance";"nan";"0.0";"None";"None";"None";"None";"nan";"7.264447";"43.697414";"000KT"
"2022-71008";"2022-12-20";"1";"Vente";"39000.0";"6.0";"None";"RUE MASSENET";"4115";"06000";"06088";"Nice";"06";"None";"None";"06088000KT0368";"None";"None";"94";"nan";"None";"nan";"None";"nan";"None";"nan";"None";"nan";"1";"3";"Dépendance";"nan";"0.0";"None";"None";"None";"None";"nan";"7.264583";"43.69571";"000KT"
"2022-70717";"2022-12-19";"1";"Vente";"180000.0";"6.0";"None";"RUE MASSENET";"4115";"06000";"06088";"Nice";"06";"None";"None";"06088000KT0368";"None";"None";"375";"20.07";"None";"nan";"None";"nan";"None";"nan";"None";"nan";"1";"2";"Appartement";"24.0";"1.0";"None";"None";"None";"None";"nan";"7.264583";"43.69571";"000KT"
"2022-70993";"2022-12-19";"1";"Vente";"80000.0";"2.0";"B";"RUE ALPHONSE KARR";"0135";"06000";"06088";"Nice";"06";"None";"None";"06088000KT0026";"None";"None";"253";"nan";"None";"nan";"None";"nan";"None";"nan";"None";"nan";"1";"2";"Appartement";"59.0";"2.0";"None";"None";"None";"None";"nan";"7.266615";"43.698681";"000KT"
"2022-71047";"2022-12-19";"1";"Vente";"220000.0";"4.0";"None";"RUE GRIMALDI";"3035";"06000";"06088";"Nice";"06";"None";"None";"06088000KT0363";"None";"None";"101";"nan";"None";"nan";"None";"nan";"None";"nan";"None";"nan";"1";"2";"Appartement";"27.0";"2.0";"None";"None";"None";"None";"nan";"7.265898";"43.697975";"000KT"
"2022-71100";"2022-12-19";"1";"Vente";"1429000.0";"4.0";"B";"RUE ALPHONSE KARR";"0135";"06000";"06088";"Nice";"06";"None";"None";"06088000KT0026";"None";"None";"200";"nan";"52";"nan";"None";"nan";"None";"nan";"None";"nan";"2";"2";"Appartement";"126.0";"5.0";"None";"None";"None";"None";"nan";"7.266615";"43.698681";"000KT"
"2022-70993";"2022-12-19";"1";"Vente";"80000.0";"2.0";"None";"RUE ALPHONSE KARR";"0135";"06000";"06088";"Nice";"06";"None";"None";"06088000KT0026";"None";"None";"320";"nan";"None";"nan";"None";"nan";"None";"nan";"None";"nan";"1";"3";"Dépendance";"nan";"0.0";"None";"None";"None";"None";"nan";"7.266615";"43.698681";"000KT"
"2022-70576";"2022-12-16";"1";"Vente";"730000.0";"3.0";"B";"RUE PARADIS";"4705";"06000";"06088";"Nice";"06";"None";"None";"06088000KT0116";"None";"None";"7";"nan";"None";"nan";"None";"nan";"None";"nan";"None";"nan";"1";"2";"Appartement";"107.0";"3.0";"None";"None";"None";"None";"nan";"7.267217";"43.696724";"000KT"
"2022-70687";"2022-12-16";"1";"Vente";"315000.0";"8.0";"None";"RUE DE LA BUFFA";"1000";"06000";"06088";"Nice";"06";"None";"None";"06088000KT0192";"None";"None";"88";"nan";"None";"nan";"None";"nan";"None";"nan";"None";"nan";"1";"2";"Appartement";"54.0";"3.0";"None";"None";"None";"None";"nan";"7.264065";"43.697804";"000KT"
"2022-70934";"2022-12-16";"1";"Vente";"233000.0";"9.0";"None";"RUE MASSENA";"4110";"06000";"06088";"Nice";"06";"None";"None";"06088000KT0067";"None";"None";"69";"nan";"None";"nan";"None";"nan";"None";"nan";"None";"nan";"1";"2";"Appartement";"37.0";"2.0";"None";"None";"None";"None";"nan";"7.268156";"43.697486";"000KT"
"2022-69931";"2022-12-15";"1";"Vente";"60000.0";"6.0";"None";"RUE DU CONGRES";"1655";"06000";"06088";"Nice";"06";"None";"None";"06088000KT0327";"None";"None";"43";"15.19";"44";"nan";"None";"nan";"None";"nan";"None";"nan";"2";"2";"Appartement";"18.0";"1.0";"None";"None";"None";"None";"nan";"7.263538";"43.695889";"000KT"
"2022-70083";"2022-12-15";"1";"Vente";"205000.0";"7.0";"None";"RUE HALEVY";"3170";"06000";"06088";"Nice";"06";"None";"None";"06088000KT0341";"None";"None";"48";"nan";"None";"nan";"None";"nan";"None";"nan";"None";"nan";"1";"2";"Appartement";"20.0";"1.0";"None";"None";"None";"None";"nan";"7.264754";"43.696074";"000KT"
"2022-70251";"2022-12-15";"1";"Vente";"670000.0";"2.0";"B";"RUE ALPHONSE KARR";"0135";"06000";"06088";"Nice";"06";"None";"None";"06088000KT0026";"None";"None";"234";"nan";"88";"nan";"None";"nan";"None";"nan";"None";"nan";"2";"2";"Appartement";"59.0";"2.0";"None";"None";"None";"None";"nan";"7.266615";"43.698681";"000KT"
"2022-70498";"2022-12-15";"1";"Vente";"229200.0";"13.0";"None";"RUE MASSENET";"4115";"06000";"06088";"Nice";"06";"None";"None";"06088000KT0248";"None";"None";"123";"nan";"None";"nan";"None";"nan";"None";"nan";"None";"nan";"1";"2";"Appartement";"42.0";"1.0";"None";"None";"None";"None";"nan";"7.263949";"43.696342";"000KT"
"2022-69931";"2022-12-15";"1";"Vente";"60000.0";"6.0";"None";"RUE DU CONGRES";"1655";"06000";"06088";"Nice";"06";"None";"None";"06088000KT0327";"None";"None";"43";"15.19";"44";"nan";"None";"nan";"None";"nan";"None";"nan";"2";"3";"Dépendance";"nan";"0.0";"None";"None";"None";"None";"nan";"7.263538";"43.695889";"000KT"
"2022-71023";"2022-12-14";"1";"Vente";"197000.0";"1.0";"None";"RUE MAURICE JAUBERT";"4135";"06000";"06088";"Nice";"06";"None";"None";"06088000KT0129";"None";"None";"111";"nan";"None";"nan";"None";"nan";"None";"nan";"None";"nan";"1";"2";"Appartement";"30.0";"2.0";"None";"None";"None";"None";"nan";"7.265537";"43.697314";"000KT"
"2022-70458";"2022-12-13";"1";"Vente";"240000.0";"7.0";"None";"RUE MASSENET";"4115";"06000";"06088";"Nice";"06";"None";"None";"06088000KT0289";"None";"None";"42";"nan";"8";"nan";"None";"nan";"None";"nan";"None";"nan";"2";"2";"Appartement";"36.0";"1.0";"None";"None";"None";"None";"nan";"7.264099";"43.695617";"000KT"
"2022-70458";"2022-12-13";"1";"Vente";"240000.0";"7.0";"None";"RUE MASSENET";"4115";"06000";"06088";"Nice";"06";"None";"None";"06088000KT0289";"None";"None";"42";"nan";"8";"nan";"None";"nan";"None";"nan";"None";"nan";"2";"3";"Dépendance";"nan";"0.0";"None";"None";"None";"None";"nan";"7.264099";"43.695617";"000KT"
"2022-70458";"2022-12-13";"1";"Vente";"240000.0";"6.0";"None";"RUE MASSENET";"4115";"06000";"06088";"Nice";"06";"None";"None";"06088000KT0368";"None";"None";"55";"nan";"None";"nan";"None";"nan";"None";"nan";"None";"nan";"1";"3";"Dépendance";"nan";"0.0";"None";"None";"None";"None";"nan";"7.264583";"43.69571";"000KT"
"2022-70217";"2022-12-12";"1";"Vente";"143000.0";"6.0";"None";"RUE MASSENET";"4115";"06000";"06088";"Nice";"06";"None";"None";"06088000KT0368";"None";"None";"357";"nan";"None";"nan";"None";"nan";"None";"nan";"None";"nan";"1";"2";"Appartement";"24.0";"1.0";"None";"None";"None";"None";"nan";"7.264583";"43.69571";"000KT"
"2022-70716";"2022-12-12";"1";"Vente";"46250.0";"7.0";"None";"PROM DES ANGLAIS";"0240";"06000";"06088";"Nice";"06";"None";"None";"06088000KT0258";"None";"None";"350";"nan";"None";"nan";"None";"nan";"None";"nan";"None";"nan";"1";"2";"Appartement";"19.0";"1.0";"None";"None";"None";"None";"nan";"7.264082";"43.695203";"000KT"
"2022-70716";"2022-12-12";"1";"Vente";"46250.0";"7.0";"None";"PROM DES ANGLAIS";"0240";"06000";"06088";"Nice";"06";"None";"None";"06088000KT0258";"None";"None";"52";"nan";"None";"nan";"None";"nan";"None";"nan";"None";"nan";"1";"3";"Dépendance";"nan";"0.0";"None";"None";"None";"None";"nan";"7.264082";"43.695203";"000KT"
"2022-70716";"2022-12-12";"1";"Vente";"46250.0";"7.0";"None";"PROM DES ANGLAIS";"0240";"06000";"06088";"Nice";"06";"None";"None";"06088000KT0258";"None";"None";"350";"nan";"None";"nan";"None";"nan";"None";"nan";"None";"nan";"1";"3";"Dépendance";"nan";"0.0";"None";"None";"None";"None";"nan";"7.264082";"43.695203";"000KT"
"2022-71031";"2022-12-08";"1";"Vente";"112000.0";"20.0";"None";"RUE DU MARECHAL JOFFRE";"4020";"06000";"06088";"Nice";"06";"None";"None";"06088000KT0163";"None";"None";"123";"nan";"None";"nan";"None";"nan";"None";"nan";"None";"nan";"1";"2";"Appartement";"28.0";"1.0";"None";"None";"None";"None";"nan";"7.265209";"43.699055";"000KT"
"2022-70465";"2022-12-07";"2";"Vente";"155000.0";"9.0";"B";"RUE DE LA LIBERTE";"3640";"06000";"06088";"Nice";"06";"None";"None";"06088000KT0060";"None";"None";"29";"nan";"30";"nan";"None";"nan";"None";"nan";"None";"nan";"2";"4";"Local industriel. commercial ou assimilé";"15.0";"0.0";"None";"None";"None";"None";"nan";"7.267349";"43.69802";"000KT"
"2022-70061";"2022-12-06";"1";"Vente";"249000.0";"7.0";"None";"RUE HALEVY";"3170";"06000";"06088";"Nice";"06";"None";"None";"06088000KT0341";"None";"None";"56";"nan";"None";"nan";"None";"nan";"None";"nan";"None";"nan";"1";"2";"Appartement";"26.0";"1.0";"None";"None";"None";"None";"nan";"7.264754";"43.696074";"000KT"
"2022-70061";"2022-12-06";"1";"Vente";"249000.0";"7.0";"None";"RUE HALEVY";"3170";"06000";"06088";"Nice";"06";"None";"None";"06088000KT0341";"None";"None";"56";"nan";"None";"nan";"None";"nan";"None";"nan";"None";"nan";"1";"3";"Dépendance";"nan";"0.0";"None";"None";"None";"None";"nan";"7.264754";"43.696074";"000KT"
"2022-69560";"2022-12-05";"1";"Vente";"560600.0";"5.0";"None";"RUE HALEVY";"3170";"06000";"06088";"Nice";"06";"None";"None";"06088000KT0243";"None";"None";"2018";"nan";"2075";"nan";"None";"nan";"None";"nan";"None";"nan";"2";"2";"Appartement";"83.0";"2.0";"None";"None";"None";"None";"nan";"7.265001";"43.695379";"000KT"
"2022-69560";"2022-12-05";"1";"Vente";"560600.0";"5.0";"None";"RUE HALEVY";"3170";"06000";"06088";"Nice";"06";"None";"None";"06088000KT0243";"None";"None";"2018";"nan";"2075";"nan";"None";"nan";"None";"nan";"None";"nan";"2";"3";"Dépendance";"nan";"0.0";"None";"None";"None";"None";"nan";"7.265001";"43.695379";"000KT"
"2022-69143";"2022-11-29";"1";"Vente";"222000.0";"7.0";"None";"RUE DE FRANCE";"2595";"06000";"06088";"Nice";"06";"None";"None";"06088000KT0227";"None";"None";"51";"27.38";"None";"nan";"None";"nan";"None";"nan";"None";"nan";"1";"2";"Appartement";"29.0";"2.0";"None";"None";"None";"None";"nan";"7.264425";"43.696447";"000KT"
"2022-69143";"2022-11-29";"1";"Vente";"222000.0";"7.0";"None";"RUE DE FRANCE";"2595";"06000";"06088";"Nice";"06";"None";"None";"06088000KT0227";"None";"None";"35";"nan";"53";"nan";"None";"nan";"None";"nan";"None";"nan";"2";"2";"Appartement";"44.0";"2.0";"None";"None";"None";"None";"nan";"7.264425";"43.696447";"000KT"
"2022-69270";"2022-11-29";"1";"Vente";"105000.0";"11.0";"None";"RUE MASSENET";"4115";"06000";"06088";"Nice";"06";"None";"None";"06088000KT0256";"None";"None";"34";"nan";"None";"nan";"None";"nan";"None";"nan";"None";"nan";"1";"2";"Appartement";"11.0";"1.0";"None";"None";"None";"None";"nan";"7.263718";"43.695829";"000KT"
"2022-69559";"2022-11-29";"1";"Vente";"42300.0";"7.0";"None";"PROM DES ANGLAIS";"0240";"06000";"06088";"Nice";"06";"None";"None";"06088000KT0258";"None";"None";"30";"nan";"None";"nan";"None";"nan";"None";"nan";"None";"nan";"1";"3";"Dépendance";"nan";"0.0";"None";"None";"None";"None";"nan";"7.264082";"43.695203";"000KT"
"2022-70094";"2022-11-25";"1";"Vente";"695000.0";"2.0";"None";"RUE ALPHONSE KARR";"0135";"06000";"06088";"Nice";"06";"None";"None";"06088000KT0026";"None";"None";"108";"nan";"245";"nan";"None";"nan";"None";"nan";"None";"nan";"2";"2";"Appartement";"114.0";"4.0";"None";"None";"None";"None";"nan";"7.266615";"43.698681";"000KT"
"2022-70094";"2022-11-25";"1";"Vente";"695000.0";"2.0";"None";"RUE ALPHONSE KARR";"0135";"06000";"06088";"Nice";"06";"None";"None";"06088000KT0026";"None";"None";"349";"nan";"None";"nan";"None";"nan";"None";"nan";"None";"nan";"1";"3";"Dépendance";"nan";"0.0";"None";"None";"None";"None";"nan";"7.266615";"43.698681";"000KT"
"2022-70094";"2022-11-25";"1";"Vente";"695000.0";"2.0";"None";"RUE ALPHONSE KARR";"0135";"06000";"06088";"Nice";"06";"None";"None";"06088000KT0026";"None";"None";"108";"nan";"245";"nan";"None";"nan";"None";"nan";"None";"nan";"2";"3";"Dépendance";"nan";"0.0";"None";"None";"None";"None";"nan";"7.266615";"43.698681";"000KT"
"2022-70094";"2022-11-25";"1";"Vente";"695000.0";"2.0";"None";"RUE ALPHONSE KARR";"0135";"06000";"06088";"Nice";"06";"None";"None";"06088000KT0026";"None";"None";"108";"nan";"245";"nan";"None";"nan";"None";"nan";"None";"nan";"2";"3";"Dépendance";"nan";"0.0";"None";"None";"None";"None";"nan";"7.266615";"43.698681";"000KT"
"2022-68550";"2022-11-21";"1";"Vente";"360000.0";"17.0";"None";"RUE DE FRANCE";"2595";"06000";"06088";"Nice";"06";"None";"None";"06088000KT0251";"None";"None";"14";"nan";"None";"nan";"None";"nan";"None";"nan";"None";"nan";"1";"2";"Appartement";"56.0";"3.0";"None";"None";"None";"None";"nan";"7.263624";"43.696187";"000KT"
"2022-69668";"2022-11-18";"1";"Vente";"166000.0";"3.0";"None";"RUE MASSENA";"4110";"06000";"06088";"Nice";"06";"None";"None";"06088000KT0069";"None";"None";"114";"nan";"None";"nan";"None";"nan";"None";"nan";"None";"nan";"1";"2";"Appartement";"22.0";"1.0";"None";"None";"None";"None";"nan";"7.269055";"43.69765";"000KT"
"2022-69237";"2022-11-18";"1";"Vente";"47000.0";"6.0";"None";"RUE MASSENET";"4115";"06000";"06088";"Nice";"06";"None";"None";"06088000KT0368";"None";"None";"137";"nan";"None";"nan";"None";"nan";"None";"nan";"None";"nan";"1";"3";"Dépendance";"nan";"0.0";"None";"None";"None";"None";"nan";"7.264583";"43.69571";"000KT"
"2022-68855";"2022-11-16";"1";"Vente";"327000.0";"8.0";"None";"RUE MASSENA";"4110";"06000";"06088";"Nice";"06";"None";"None";"06088000KT0064";"None";"None";"12";"nan";"None";"nan";"None";"nan";"None";"nan";"None";"nan";"1";"2";"Appartement";"69.0";"3.0";"None";"None";"None";"None";"nan";"7.267693";"43.697811";"000KT"
"2022-68855";"2022-11-16";"1";"Vente";"327000.0";"8.0";"None";"RUE MASSENA";"4110";"06000";"06088";"Nice";"06";"None";"None";"06088000KT0064";"None";"None";"12";"nan";"None";"nan";"None";"nan";"None";"nan";"None";"nan";"1";"3";"Dépendance";"nan";"0.0";"None";"None";"None";"None";"nan";"7.267693";"43.697811";"000KT"
"2022-69326";"2022-11-16";"1";"Vente";"81000.0";"6.0";"None";"RUE MASSENET";"4115";"06000";"06088";"Nice";"06";"None";"None";"06088000KT0368";"None";"None";"100";"nan";"None";"nan";"None";"nan";"None";"nan";"None";"nan";"1";"3";"Dépendance";"nan";"0.0";"None";"None";"None";"None";"nan";"7.264583";"43.69571";"000KT"
"2022-69326";"2022-11-16";"1";"Vente";"81000.0";"6.0";"None";"RUE MASSENET";"4115";"06000";"06088";"Nice";"06";"None";"None";"06088000KT0368";"None";"None";"99";"nan";"None";"nan";"None";"nan";"None";"nan";"None";"nan";"1";"3";"Dépendance";"nan";"0.0";"None";"None";"None";"None";"nan";"7.264583";"43.69571";"000KT"
"2022-69254";"2022-11-15";"1";"Vente";"330000.0";"13.0";"None";"RUE MASSENA";"4110";"06000";"06088";"Nice";"06";"None";"None";"06088000KT0065";"None";"None";"172";"nan";"None";"nan";"None";"nan";"None";"nan";"None";"nan";"1";"2";"Appartement";"35.0";"1.0";"None";"None";"None";"None";"nan";"7.267649";"43.6975";"000KT"
"2022-68808";"2022-11-14";"1";"Vente";"185328.0";"3.0";"None";"RUE DE LA BUFFA";"1000";"06000";"06088";"Nice";"06";"None";"None";"06088000KT0202";"None";"None";"7";"31.15";"None";"nan";"None";"nan";"None";"nan";"None";"nan";"1";"3";"Dépendance";"nan";"0.0";"None";"None";"None";"None";"nan";"7.264447";"43.697414";"000KT"
"2022-68734";"2022-11-10";"1";"Vente";"140000.0";"2.0";"B";"RUE ALPHONSE KARR";"0135";"06000";"06088";"Nice";"06";"None";"None";"06088000KT0026";"None";"None";"224";"nan";"571";"41.24";"None";"nan";"None";"nan";"None";"nan";"2";"2";"Appartement";"29.0";"2.0";"None";"None";"None";"None";"nan";"7.266615";"43.698681";"000KT"
"2022-68734";"2022-11-10";"1";"Vente";"140000.0";"2.0";"None";"RUE ALPHONSE KARR";"0135";"06000";"06088";"Nice";"06";"None";"None";"06088000KT0026";"None";"None";"383";"nan";"None";"nan";"None";"nan";"None";"nan";"None";"nan";"1";"3";"Dépendance";"nan";"0.0";"None";"None";"None";"None";"nan";"7.266615";"43.698681";"000KT"
"2022-68734";"2022-11-10";"1";"Vente";"140000.0";"2.0";"B";"RUE ALPHONSE KARR";"0135";"06000";"06088";"Nice";"06";"None";"None";"06088000KT0026";"None";"None";"224";"nan";"571";"41.24";"None";"nan";"None";"nan";"None";"nan";"2";"3";"Dépendance";"nan";"0.0";"None";"None";"None";"None";"nan";"7.266615";"43.698681";"000KT"
"2022-68920";"2022-11-10";"1";"Vente";"62500.0";"6.0";"None";"RUE MASSENET";"4115";"06000";"06088";"Nice";"06";"None";"None";"06088000KT0368";"None";"None";"190";"nan";"None";"nan";"None";"nan";"None";"nan";"None";"nan";"1";"3";"Dépendance";"nan";"0.0";"None";"None";"None";"None";"nan";"7.264583";"43.69571";"000KT"
"2022-68920";"2022-11-10";"1";"Vente";"62500.0";"6.0";"None";"RUE MASSENET";"4115";"06000";"06088";"Nice";"06";"None";"None";"06088000KT0368";"None";"None";"189";"nan";"None";"nan";"None";"nan";"None";"nan";"None";"nan";"1";"3";"Dépendance";"nan";"0.0";"None";"None";"None";"None";"nan";"7.264583";"43.69571";"000KT"
"2022-68346";"2022-11-09";"1";"Vente";"414500.0";"16.0";"None";"RUE DU CONGRES";"1655";"06000";"06088";"Nice";"06";"None";"None";"06088000KT0210";"None";"None";"27";"nan";"None";"nan";"None";"nan";"None";"nan";"None";"nan";"1";"2";"Appartement";"46.0";"2.0";"None";"None";"None";"None";"nan";"7.263173";"43.697133";"000KT"
"2022-67974";"2022-11-07";"1";"Vente";"1176170.0";"5.0";"None";"AV JEAN MEDECIN";"3372";"06000";"06088";"Nice";"06";"None";"None";"06088000KT0045";"None";"None";"41";"90.0";"None";"nan";"None";"nan";"None";"nan";"None";"nan";"1";"2";"Appartement";"90.0";"4.0";"None";"None";"None";"None";"nan";"7.268985";"43.698484";"000KT"
"2022-67802";"2022-11-07";"1";"Vente";"2200000.0";"7.0";"None";"PROM DES ANGLAIS";"0240";"06000";"06088";"Nice";"06";"None";"None";"06088000KT0258";"None";"None";"251";"nan";"None";"nan";"None";"nan";"None";"nan";"None";"nan";"1";"3";"Dépendance";"nan";"0.0";"None";"None";"None";"None";"nan";"7.264082";"43.695203";"000KT"
"2022-67802";"2022-11-07";"1";"Vente";"2200000.0";"7.0";"None";"PROM DES ANGLAIS";"0240";"06000";"06088";"Nice";"06";"None";"None";"06088000KT0258";"None";"None";"251";"nan";"None";"nan";"None";"nan";"None";"nan";"None";"nan";"1";"3";"Dépendance";"nan";"0.0";"None";"None";"None";"None";"nan";"7.264082";"43.695203";"000KT"
"2022-67802";"2022-11-07";"1";"Vente";"2200000.0";"7.0";"None";"PROM DES ANGLAIS";"0240";"06000";"06088";"Nice";"06";"None";"None";"06088000KT0258";"None";"None";"253";"nan";"None";"nan";"None";"nan";"None";"nan";"None";"nan";"1";"4";"Local industriel. commercial ou assimilé";"12.0";"0.0";"None";"None";"None";"None";"nan";"7.264082";"43.695203";"000KT"
"2022-67802";"2022-11-07";"1";"Vente";"2200000.0";"7.0";"None";"PROM DES ANGLAIS";"0240";"06000";"06088";"Nice";"06";"None";"None";"06088000KT0258";"None";"None";"260";"nan";"433";"nan";"None";"nan";"None";"nan";"None";"nan";"2";"4";"Local industriel. commercial ou assimilé";"80.0";"0.0";"None";"None";"None";"None";"nan";"7.264082";"43.695203";"000KT"
"2022-67802";"2022-11-07";"1";"Vente";"2200000.0";"7.0";"None";"PROM DES ANGLAIS";"0240";"06000";"06088";"Nice";"06";"None";"None";"06088000KT0258";"None";"None";"279";"nan";"None";"nan";"None";"nan";"None";"nan";"None";"nan";"1";"4";"Local industriel. commercial ou assimilé";"40.0";"0.0";"None";"None";"None";"None";"nan";"7.264082";"43.695203";"000KT"
"2022-67802";"2022-11-07";"1";"Vente";"2200000.0";"7.0";"None";"PROM DES ANGLAIS";"0240";"06000";"06088";"Nice";"06";"None";"None";"06088000KT0258";"None";"None";"256";"nan";"429";"nan";"430";"nan";"432";"nan";"434";"nan";"6";"4";"Local industriel. commercial ou assimilé";"345.0";"0.0";"None";"None";"None";"None";"nan";"7.264082";"43.695203";"000KT"
"2022-67802";"2022-11-07";"1";"Vente";"2200000.0";"7.0";"None";"PROM DES ANGLAIS";"0240";"06000";"06088";"Nice";"06";"None";"None";"06088000KT0258";"None";"None";"254";"nan";"None";"nan";"None";"nan";"None";"nan";"None";"nan";"1";"4";"Local industriel. commercial ou assimilé";"11.0";"0.0";"None";"None";"None";"None";"nan";"7.264082";"43.695203";"000KT"
"2022-67802";"2022-11-07";"1";"Vente";"2200000.0";"7.0";"None";"PROM DES ANGLAIS";"0240";"06000";"06088";"Nice";"06";"None";"None";"06088000KT0258";"None";"None";"435";"nan";"None";"nan";"None";"nan";"None";"nan";"None";"nan";"1";"4";"Local industriel. commercial ou assimilé";"40.0";"0.0";"None";"None";"None";"None";"nan";"7.264082";"43.695203";"000KT"
"2022-67802";"2022-11-07";"1";"Vente";"2200000.0";"7.0";"None";"PROM DES ANGLAIS";"0240";"06000";"06088";"Nice";"06";"None";"None";"06088000KT0258";"None";"None";"252";"nan";"None";"nan";"None";"nan";"None";"nan";"None";"nan";"1";"4";"Local industriel. commercial ou assimilé";"11.0";"0.0";"None";"None";"None";"None";"nan";"7.264082";"43.695203";"000KT"
"2022-68401";"2022-11-04";"1";"Vente";"376000.0";"22.0";"None";"RUE MASSENA";"4110";"06000";"06088";"Nice";"06";"None";"None";"06088000KT0320";"None";"None";"18";"nan";"None";"nan";"None";"nan";"None";"nan";"None";"nan";"1";"2";"Appartement";"41.0";"2.0";"None";"None";"None";"None";"nan";"7.266415";"43.697518";"000KT"
"2022-68566";"2022-11-04";"1";"Vente";"450000.0";"3.0";"None";"RUE DU DOCTEUR BARETY";"2010";"06000";"06088";"Nice";"06";"None";"None";"06088000KT0189";"None";"None";"50";"nan";"59";"nan";"None";"nan";"None";"nan";"None";"nan";"2";"2";"Appartement";"70.0";"2.0";"None";"None";"None";"None";"nan";"7.263096";"43.698623";"000KT"
"2022-68913";"2022-11-04";"1";"Vente";"534750.0";"7.0";"None";"PROM DES ANGLAIS";"0240";"06000";"06088";"Nice";"06";"None";"None";"06088000KT0258";"None";"None";"341";"nan";"None";"nan";"None";"nan";"None";"nan";"None";"nan";"1";"2";"Appartement";"35.0";"1.0";"None";"None";"None";"None";"nan";"7.264082";"43.695203";"000KT"
"2022-68566";"2022-11-04";"1";"Vente";"450000.0";"3.0";"None";"RUE DU DOCTEUR BARETY";"2010";"06000";"06088";"Nice";"06";"None";"None";"06088000KT0189";"None";"None";"50";"nan";"59";"nan";"None";"nan";"None";"nan";"None";"nan";"2";"3";"Dépendance";"nan";"0.0";"None";"None";"None";"None";"nan";"7.263096";"43.698623";"000KT"
"2022-68566";"2022-11-04";"1";"Vente";"450000.0";"3.0";"None";"RUE DU DOCTEUR BARETY";"2010";"06000";"06088";"Nice";"06";"None";"None";"06088000KT0189";"None";"None";"77";"nan";"None";"nan";"None";"nan";"None";"nan";"None";"nan";"1";"3";"Dépendance";"nan";"0.0";"None";"None";"None";"None";"nan";"7.263096";"43.698623";"000KT"
"2022-68913";"2022-11-04";"1";"Vente";"534750.0";"7.0";"None";"PROM DES ANGLAIS";"0240";"06000";"06088";"Nice";"06";"None";"None";"06088000KT0258";"None";"None";"58";"nan";"None";"nan";"None";"nan";"None";"nan";"None";"nan";"1";"3";"Dépendance";"nan";"0.0";"None";"None";"None";"None";"nan";"7.264082";"43.695203";"000KT"
"2022-67677";"2022-10-24";"1";"Vente";"349000.0";"9.0";"None";"RUE MASSENET";"4115";"06000";"06088";"Nice";"06";"None";"None";"06088000KT0257";"None";"None";"112";"nan";"150";"nan";"None";"nan";"None";"nan";"None";"nan";"2";"2";"Appartement";"59.0";"2.0";"None";"None";"None";"None";"nan";"7.263955";"43.695823";"000KT"
"2022-67708";"2022-10-24";"1";"Vente";"160000.0";"9.0";"None";"RUE ALPHONSE KARR";"0135";"06000";"06088";"Nice";"06";"None";"None";"06088000KT0162";"None";"None";"21";"nan";"None";"nan";"None";"nan";"None";"nan";"None";"nan";"1";"2";"Appartement";"23.0";"2.0";"None";"None";"None";"None";"nan";"7.265434";"43.699073";"000KT"
"2022-67831";"2022-10-24";"1";"Vente";"400000.0";"10.0";"None";"RUE DE FRANCE";"2595";"06000";"06088";"Nice";"06";"None";"None";"06088000KT0215";"None";"None";"103";"nan";"None";"nan";"None";"nan";"None";"nan";"None";"nan";"1";"2";"Appartement";"58.0";"2.0";"None";"None";"None";"None";"nan";"7.263675";"43.696685";"000KT"
"2022-67677";"2022-10-24";"1";"Vente";"349000.0";"9.0";"None";"RUE MASSENET";"4115";"06000";"06088";"Nice";"06";"None";"None";"06088000KT0257";"None";"None";"112";"nan";"150";"nan";"None";"nan";"None";"nan";"None";"nan";"2";"3";"Dépendance";"nan";"0.0";"None";"None";"None";"None";"nan";"7.263955";"43.695823";"000KT"
"2022-68038";"2022-10-18";"1";"Vente";"155000.0";"4.0";"None";"RUE DU CONGRES";"1655";"06000";"06088";"Nice";"06";"None";"None";"06088000KT0255";"None";"None";"59";"24.74";"None";"nan";"None";"nan";"None";"nan";"None";"nan";"1";"2";"Appartement";"15.0";"1.0";"None";"None";"None";"None";"nan";"7.2636";"43.695518";"000KT"
"2022-69479";"2022-10-18";"1";"Vente";"450000.0";"11.0";"None";"RUE MACCARANI";"3810";"06000";"06088";"Nice";"06";"None";"None";"06088000KT0322";"None";"None";"213";"nan";"322";"nan";"None";"nan";"None";"nan";"None";"nan";"2";"2";"Appartement";"68.0";"2.0";"None";"None";"None";"None";"nan";"7.264358";"43.697967";"000KT"
"2022-69479";"2022-10-18";"1";"Vente";"450000.0";"11.0";"None";"RUE MACCARANI";"3810";"06000";"06088";"Nice";"06";"None";"None";"06088000KT0322";"None";"None";"213";"nan";"322";"nan";"None";"nan";"None";"nan";"None";"nan";"2";"3";"Dépendance";"nan";"0.0";"None";"None";"None";"None";"nan";"7.264358";"43.697967";"000KT"
"2022-69479";"2022-10-18";"1";"Vente";"450000.0";"11.0";"None";"RUE MACCARANI";"3810";"06000";"06088";"Nice";"06";"None";"None";"06088000KT0322";"None";"None";"213";"nan";"322";"nan";"None";"nan";"None";"nan";"None";"nan";"2";"3";"Dépendance";"nan";"0.0";"None";"None";"None";"None";"nan";"7.264358";"43.697967";"000KT"
"2022-66870";"2022-10-17";"1";"Vente";"188000.0";"3.0";"None";"AV DE SUEDE";"6294";"06000";"06088";"Nice";"06";"None";"None";"06088000KT0365";"None";"None";"18";"nan";"None";"nan";"None";"nan";"None";"nan";"None";"nan";"1";"2";"Appartement";"31.0";"1.0";"None";"None";"None";"None";"nan";"7.265709";"43.696239";"000KT"
"2022-67282";"2022-10-14";"1";"Vente";"108910.0";"3.0";"None";"RUE DE LA BUFFA";"1000";"06000";"06088";"Nice";"06";"None";"None";"06088000KT0202";"None";"None";"16";"nan";"None";"nan";"None";"nan";"None";"nan";"None";"nan";"1";"3";"Dépendance";"nan";"0.0";"None";"None";"None";"None";"nan";"7.264447";"43.697414";"000KT"
"2022-67939";"2022-10-14";"1";"Vente";"180000.0";"1.0";"None";"RUE ALPHONSE KARR";"0135";"06000";"06088";"Nice";"06";"None";"None";"06088000KT0145";"None";"None";"101";"17.7";"None";"nan";"None";"nan";"None";"nan";"None";"nan";"1";"4";"Local industriel. commercial ou assimilé";"17.0";"0.0";"None";"None";"None";"None";"nan";"7.266456";"43.69811";"000KT"
"2022-66774";"2022-10-12";"1";"Vente";"141000.0";"3.0";"None";"PL MASSENA";"4105";"06000";"06088";"Nice";"06";"None";"None";"06088000KT0070";"None";"None";"55";"nan";"None";"nan";"None";"nan";"None";"nan";"None";"nan";"1";"2";"Appartement";"33.0";"2.0";"None";"None";"None";"None";"nan";"7.269192";"43.697718";"000KT"
"2022-67477";"2022-10-12";"1";"Vente";"50000.0";"2.0";"None";"RUE ALPHONSE KARR";"0135";"06000";"06088";"Nice";"06";"None";"None";"06088000KT0026";"None";"None";"387";"nan";"None";"nan";"None";"nan";"None";"nan";"None";"nan";"1";"3";"Dépendance";"nan";"0.0";"None";"None";"None";"None";"nan";"7.266615";"43.698681";"000KT"
"2022-67140";"2022-10-07";"1";"Vente";"179000.0";"3.0";"None";"RUE FRANCOIS 1ER";"2645";"06000";"06088";"Nice";"06";"None";"None";"06088000KT0144";"None";"None";"78";"nan";"None";"nan";"None";"nan";"None";"nan";"None";"nan";"1";"2";"Appartement";"27.0";"1.0";"None";"None";"None";"None";"nan";"7.266151";"43.698037";"000KT"
"2022-66269";"2022-10-06";"1";"Vente";"185000.0";"13.0";"None";"RUE MASSENET";"4115";"06000";"06088";"Nice";"06";"None";"None";"06088000KT0248";"None";"None";"70";"nan";"98";"nan";"None";"nan";"None";"nan";"None";"nan";"2";"2";"Appartement";"28.0";"1.0";"None";"None";"None";"None";"nan";"7.263949";"43.696342";"000KT"
"2022-66278";"2022-10-06";"1";"Vente";"1210000.0";"2.0";"None";"AV DE SUEDE";"6294";"06000";"06088";"Nice";"06";"None";"None";"06088000KT0114";"None";"None";"41";"nan";"42";"nan";"None";"nan";"None";"nan";"None";"nan";"2";"3";"Dépendance";"nan";"0.0";"None";"None";"None";"None";"nan";"7.267339";"43.696524";"000KT"
"2022-66278";"2022-10-06";"1";"Vente";"1210000.0";"2.0";"None";"AV DE SUEDE";"6294";"06000";"06088";"Nice";"06";"None";"None";"06088000KT0114";"None";"None";"41";"nan";"42";"nan";"None";"nan";"None";"nan";"None";"nan";"2";"3";"Dépendance";"nan";"0.0";"None";"None";"None";"None";"nan";"7.267339";"43.696524";"000KT"
"2022-66278";"2022-10-06";"1";"Vente";"1210000.0";"2.0";"None";"AV DE SUEDE";"6294";"06000";"06088";"Nice";"06";"None";"None";"06088000KT0114";"None";"None";"41";"nan";"42";"nan";"None";"nan";"None";"nan";"None";"nan";"2";"3";"Dépendance";"nan";"0.0";"None";"None";"None";"None";"nan";"7.267339";"43.696524";"000KT"
"2022-66278";"2022-10-06";"1";"Vente";"1210000.0";"2.0";"None";"AV DE SUEDE";"6294";"06000";"06088";"Nice";"06";"None";"None";"06088000KT0114";"None";"None";"37";"nan";"5";"nan";"None";"nan";"None";"nan";"None";"nan";"2";"4";"Local industriel. commercial ou assimilé";"145.0";"0.0";"None";"None";"None";"None";"nan";"7.267339";"43.696524";"000KT"
"2022-67156";"2022-10-04";"1";"Vente";"310000.0";"1.0";"None";"RUE DE LA LIBERTE";"3640";"06000";"06088";"Nice";"06";"None";"None";"06088000KT0052";"None";"None";"20";"nan";"None";"nan";"None";"nan";"None";"nan";"None";"nan";"1";"2";"Appartement";"55.0";"2.0";"None";"None";"None";"None";"nan";"7.268729";"43.698422";"000KT"
"2022-66139";"2022-09-30";"1";"Vente";"229000.0";"9.0";"None";"RUE HALEVY";"3170";"06000";"06088";"Nice";"06";"None";"None";"06088000KT0340";"None";"None";"35";"nan";"None";"nan";"None";"nan";"None";"nan";"None";"nan";"1";"2";"Appartement";"30.0";"1.0";"None";"None";"None";"None";"nan";"7.26483";"43.696253";"000KT"
"2022-66707";"2022-09-29";"1";"Vente";"263000.0";"1.0";"None";"RUE ALPHONSE KARR";"0135";"06000";"06088";"Nice";"06";"None";"None";"06088000KT0145";"None";"None";"133";"nan";"None";"nan";"None";"nan";"None";"nan";"None";"nan";"1";"2";"Appartement";"45.0";"2.0";"None";"None";"None";"None";"nan";"7.266456";"43.69811";"000KT"
"2022-67065";"2022-09-29";"1";"Vente";"790000.0";"2.0";"None";"RUE DU MARECHAL JOFFRE";"4020";"06000";"06088";"Nice";"06";"None";"None";"06088000KT0005";"None";"None";"116";"nan";"199";"85.68";"None";"nan";"None";"nan";"None";"nan";"2";"2";"Appartement";"94.0";"3.0";"None";"None";"None";"None";"nan";"7.267897";"43.699743";"000KT"
"2022-67357";"2022-09-29";"1";"Vente";"187500.0";"5.0";"None";"RUE DE LA BUFFA";"1000";"06000";"06088";"Nice";"06";"None";"None";"06088000KT0203";"None";"None";"57";"nan";"None";"nan";"None";"nan";"None";"nan";"None";"nan";"1";"2";"Appartement";"30.0";"1.0";"None";"None";"None";"None";"nan";"7.264266";"43.697327";"000KT"
"2022-66211";"2022-09-28";"1";"Vente";"143910.0";"3.0";"None";"RUE DE LA BUFFA";"1000";"06000";"06088";"Nice";"06";"None";"None";"06088000KT0202";"None";"None";"8";"nan";"None";"nan";"None";"nan";"None";"nan";"None";"nan";"1";"3";"Dépendance";"nan";"0.0";"None";"None";"None";"None";"nan";"7.264447";"43.697414";"000KT"
"2022-65818";"2022-09-26";"1";"Vente";"520000.0";"13.0";"None";"RUE MASSENET";"4115";"06000";"06088";"Nice";"06";"None";"None";"06088000KT0248";"None";"None";"20";"nan";"82";"59.42";"None";"nan";"None";"nan";"None";"nan";"2";"2";"Appartement";"61.0";"3.0";"None";"None";"None";"None";"nan";"7.263949";"43.696342";"000KT"
"2022-67194";"2022-09-26";"1";"Vente";"486050.0";"7.0";"None";"RUE DE FRANCE";"2595";"06000";"06088";"Nice";"06";"None";"None";"06088000KT0227";"None";"None";"13";"nan";"2";"nan";"None";"nan";"None";"nan";"None";"nan";"2";"2";"Appartement";"83.0";"3.0";"None";"None";"None";"None";"nan";"7.264425";"43.696447";"000KT"
"2022-65818";"2022-09-26";"1";"Vente";"520000.0";"13.0";"None";"RUE MASSENET";"4115";"06000";"06088";"Nice";"06";"None";"None";"06088000KT0248";"None";"None";"20";"nan";"82";"59.42";"None";"nan";"None";"nan";"None";"nan";"2";"3";"Dépendance";"nan";"0.0";"None";"None";"None";"None";"nan";"7.263949";"43.696342";"000KT"
"2022-67194";"2022-09-26";"1";"Vente";"486050.0";"7.0";"None";"RUE DE FRANCE";"2595";"06000";"06088";"Nice";"06";"None";"None";"06088000KT0227";"None";"None";"13";"nan";"2";"nan";"None";"nan";"None";"nan";"None";"nan";"2";"3";"Dépendance";"nan";"0.0";"None";"None";"None";"None";"nan";"7.264425";"43.696447";"000KT"
"2022-66073";"2022-09-22";"1";"Vente";"615000.0";"6.0";"B";"RUE ALPHONSE KARR";"0135";"06000";"06088";"Nice";"06";"None";"None";"06088000KT0019";"None";"None";"152";"nan";"35";"nan";"None";"nan";"None";"nan";"None";"nan";"2";"2";"Appartement";"58.0";"2.0";"None";"None";"None";"None";"nan";"7.266115";"43.698833";"000KT"
"2022-66073";"2022-09-22";"1";"Vente";"615000.0";"6.0";"B";"RUE ALPHONSE KARR";"0135";"06000";"06088";"Nice";"06";"None";"None";"06088000KT0019";"None";"None";"152";"nan";"35";"nan";"None";"nan";"None";"nan";"None";"nan";"2";"3";"Dépendance";"nan";"0.0";"None";"None";"None";"None";"nan";"7.266115";"43.698833";"000KT"
"2022-66666";"2022-09-21";"1";"Vente";"245000.0";"1.0";"None";"RUE LONGCHAMP";"3710";"06000";"06088";"Nice";"06";"None";"None";"06088000KT0334";"None";"None";"74";"nan";"None";"nan";"None";"nan";"None";"nan";"None";"nan";"1";"2";"Appartement";"38.0";"2.0";"None";"None";"None";"None";"nan";"7.267008";"43.698364";"000KT"
"2022-66051";"2022-09-21";"1";"Vente";"45000.0";"6.0";"None";"RUE MASSENET";"4115";"06000";"06088";"Nice";"06";"None";"None";"06088000KT0368";"None";"None";"255";"nan";"None";"nan";"None";"nan";"None";"nan";"None";"nan";"1";"3";"Dépendance";"nan";"0.0";"None";"None";"None";"None";"nan";"7.264583";"43.69571";"000KT"
"2022-65217";"2022-09-20";"1";"Vente";"260000.0";"9.0";"None";"RUE PARADIS";"4705";"06000";"06088";"Nice";"06";"None";"None";"06088000KT0119";"None";"None";"7";"47.44";"None";"nan";"None";"nan";"None";"nan";"None";"nan";"1";"2";"Appartement";"50.0";"2.0";"None";"None";"None";"None";"nan";"7.26709";"43.697354";"000KT"
"2022-65524";"2022-09-19";"1";"Vente";"556840.0";"10.0";"None";"RUE DE FRANCE";"2595";"06000";"06088";"Nice";"06";"None";"None";"06088000KT0215";"None";"None";"108";"nan";"6";"nan";"None";"nan";"None";"nan";"None";"nan";"2";"2";"Appartement";"88.0";"2.0";"None";"None";"None";"None";"nan";"7.263675";"43.696685";"000KT"
"2022-65524";"2022-09-19";"1";"Vente";"556840.0";"10.0";"None";"RUE DE FRANCE";"2595";"06000";"06088";"Nice";"06";"None";"None";"06088000KT0215";"None";"None";"108";"nan";"6";"nan";"None";"nan";"None";"nan";"None";"nan";"2";"3";"Dépendance";"nan";"0.0";"None";"None";"None";"None";"nan";"7.263675";"43.696685";"000KT"
"2022-65524";"2022-09-19";"1";"Vente";"556840.0";"10.0";"None";"RUE DE FRANCE";"2595";"06000";"06088";"Nice";"06";"None";"None";"06088000KT0215";"None";"None";"108";"nan";"6";"nan";"None";"nan";"None";"nan";"None";"nan";"2";"3";"Dépendance";"nan";"0.0";"None";"None";"None";"None";"nan";"7.263675";"43.696685";"000KT"
"2022-66130";"2022-09-16";"1";"Vente";"266900.0";"37.0";"None";"RUE MASSENA";"4110";"06000";"06088";"Nice";"06";"None";"None";"06088000KT0098";"None";"None";"16";"nan";"None";"nan";"None";"nan";"None";"nan";"None";"nan";"1";"2";"Appartement";"52.0";"3.0";"None";"None";"None";"None";"nan";"7.265812";"43.696841";"000KT"
"2022-65201";"2022-09-13";"1";"Vente";"360000.0";"6.0";"B";"RUE ALPHONSE KARR";"0135";"06000";"06088";"Nice";"06";"None";"None";"06088000KT0019";"None";"None";"142";"54.1";"31";"nan";"None";"nan";"None";"nan";"None";"nan";"2";"2";"Appartement";"56.0";"2.0";"None";"None";"None";"None";"nan";"7.266115";"43.698833";"000KT"
"2022-65201";"2022-09-13";"1";"Vente";"360000.0";"6.0";"B";"RUE ALPHONSE KARR";"0135";"06000";"06088";"Nice";"06";"None";"None";"06088000KT0019";"None";"None";"142";"54.1";"31";"nan";"None";"nan";"None";"nan";"None";"nan";"2";"3";"Dépendance";"nan";"0.0";"None";"None";"None";"None";"nan";"7.266115";"43.698833";"000KT"
"2022-65516";"2022-09-13";"1";"Vente";"875000.0";"3.0";"B";"RUE PARADIS";"4705";"06000";"06088";"Nice";"06";"None";"None";"06088000KT0116";"None";"None";"1";"nan";"4";"nan";"None";"nan";"None";"nan";"None";"nan";"2";"4";"Local industriel. commercial ou assimilé";"104.0";"0.0";"None";"None";"None";"None";"nan";"7.267217";"43.696724";"000KT"
"2022-65403";"2022-09-09";"1";"Vente";"250000.0";"1.0";"None";"RUE RAYNARDI";"5390";"06000";"06088";"Nice";"06";"None";"None";"06088000KT0012";"None";"None";"19";"nan";"None";"nan";"None";"nan";"None";"nan";"None";"nan";"1";"2";"Appartement";"30.0";"1.0";"None";"None";"None";"None";"nan";"7.267077";"43.699566";"000KT"
"2022-65251";"2022-09-08";"1";"Vente";"185000.0";"3.0";"None";"RUE EUGENE EMMANUEL";"2360";"06000";"06088";"Nice";"06";"None";"None";"06088000KT0015";"None";"None";"154";"nan";"None";"nan";"None";"nan";"None";"nan";"None";"nan";"1";"2";"Appartement";"27.0";"1.0";"None";"None";"None";"None";"nan";"7.266019";"43.699309";"000KT"
"2022-65251";"2022-09-08";"1";"Vente";"185000.0";"3.0";"None";"RUE EUGENE EMMANUEL";"2360";"06000";"06088";"Nice";"06";"None";"None";"06088000KT0015";"None";"None";"154";"nan";"None";"nan";"None";"nan";"None";"nan";"None";"nan";"1";"3";"Dépendance";"nan";"0.0";"None";"None";"None";"None";"nan";"7.266019";"43.699309";"000KT"
"2022-64845";"2022-09-07";"1";"Vente";"777250.0";"14.0";"None";"RUE HALEVY";"3170";"06000";"06088";"Nice";"06";"None";"None";"06088000KT0090";"None";"None";"7";"nan";"None";"nan";"None";"nan";"None";"nan";"None";"nan";"1";"2";"Appartement";"110.0";"4.0";"None";"None";"None";"None";"nan";"7.265315";"43.696335";"000KT"
"2022-64845";"2022-09-07";"1";"Vente";"777250.0";"14.0";"None";"RUE HALEVY";"3170";"06000";"06088";"Nice";"06";"None";"None";"06088000KT0090";"None";"None";"7";"nan";"None";"nan";"None";"nan";"None";"nan";"None";"nan";"1";"3";"Dépendance";"nan";"0.0";"None";"None";"None";"None";"nan";"7.265315";"43.696335";"000KT"
"2022-64764";"2022-09-06";"1";"Vente";"55000.0";"2.0";"None";"RUE ALPHONSE KARR";"0135";"06000";"06088";"Nice";"06";"None";"None";"06088000KT0026";"None";"None";"348";"nan";"None";"nan";"None";"nan";"None";"nan";"None";"nan";"1";"3";"Dépendance";"nan";"0.0";"None";"None";"None";"None";"nan";"7.266615";"43.698681";"000KT"
"2022-64467";"2022-09-05";"1";"Vente";"279200.0";"7.0";"B";"RUE DU MARECHAL JOFFRE";"4020";"06000";"06088";"Nice";"06";"None";"None";"06088000KT0022";"None";"None";"16";"nan";"None";"nan";"None";"nan";"None";"nan";"None";"nan";"1";"2";"Appartement";"45.0";"2.0";"None";"None";"None";"None";"nan";"7.266909";"43.699119";"000KT"
"2022-66167";"2022-09-02";"1";"Vente";"208000.0";"9.0";"None";"RUE DU MARECHAL JOFFRE";"4020";"06000";"06088";"Nice";"06";"None";"None";"06088000KT0020";"None";"None";"137";"26.21";"None";"nan";"None";"nan";"None";"nan";"None";"nan";"1";"2";"Appartement";"26.0";"2.0";"None";"None";"None";"None";"nan";"7.266776";"43.699055";"000KT"
"2022-64693";"2022-09-01";"1";"Vente";"420000.0";"9.0";"None";"RUE DE LA LIBERTE";"3640";"06000";"06088";"Nice";"06";"None";"None";"06088000KT0058";"None";"None";"12";"85.05";"None";"nan";"None";"nan";"None";"nan";"None";"nan";"1";"4";"Local industriel. commercial ou assimilé";"91.0";"0.0";"None";"None";"None";"None";"nan";"7.267679";"43.698092";"000KT"
"2022-64295";"2022-08-30";"1";"Vente";"520000.0";"6.0";"None";"RUE ALPHONSE KARR";"0135";"06000";"06088";"Nice";"06";"None";"None";"06088000KT0026";"None";"None";"168";"nan";"17";"nan";"None";"nan";"None";"nan";"None";"nan";"2";"2";"Appartement";"70.0";"2.0";"None";"None";"None";"None";"nan";"7.266615";"43.698681";"000KT"
"2022-65375";"2022-08-30";"1";"Vente";"310000.0";"5.0";"None";"RUE MASSENA";"4110";"06000";"06088";"Nice";"06";"None";"None";"06088000KT0068";"None";"None";"38";"45.0";"None";"nan";"None";"nan";"None";"nan";"None";"nan";"1";"2";"Appartement";"40.0";"3.0";"None";"None";"None";"None";"nan";"7.268704";"43.697458";"000KT"
"2022-64295";"2022-08-30";"1";"Vente";"520000.0";"6.0";"None";"RUE ALPHONSE KARR";"0135";"06000";"06088";"Nice";"06";"None";"None";"06088000KT0026";"None";"None";"168";"nan";"17";"nan";"None";"nan";"None";"nan";"None";"nan";"2";"3";"Dépendance";"nan";"0.0";"None";"None";"None";"None";"nan";"7.266615";"43.698681";"000KT"
"2022-64295";"2022-08-30";"1";"Vente";"520000.0";"6.0";"None";"RUE ALPHONSE KARR";"0135";"06000";"06088";"Nice";"06";"None";"None";"06088000KT0026";"None";"None";"168";"nan";"17";"nan";"None";"nan";"None";"nan";"None";"nan";"2";"3";"Dépendance";"nan";"0.0";"None";"None";"None";"None";"nan";"7.266615";"43.698681";"000KT"
"2022-63930";"2022-08-26";"1";"Vente";"67000.0";"10.0";"None";"RUE DE FRANCE";"2595";"06000";"06088";"Nice";"06";"None";"None";"06088000KT0215";"None";"None";"42";"nan";"None";"nan";"None";"nan";"None";"nan";"None";"nan";"1";"3";"Dépendance";"nan";"0.0";"None";"None";"None";"None";"nan";"7.263675";"43.696685";"000KT"
"2022-64215";"2022-08-23";"1";"Vente";"175000.0";"18.0";"A";"RUE DU CONGRES";"1655";"06000";"06088";"Nice";"06";"None";"None";"06088000KT0315";"None";"None";"27";"44.48";"None";"nan";"None";"nan";"None";"nan";"None";"nan";"1";"2";"Appartement";"46.0";"1.0";"None";"None";"None";"None";"nan";"7.263177";"43.698011";"000KT"
"2022-64215";"2022-08-23";"1";"Vente";"175000.0";"18.0";"A";"RUE DU CONGRES";"1655";"06000";"06088";"Nice";"06";"None";"None";"06088000KT0315";"None";"None";"27";"44.48";"None";"nan";"None";"nan";"None";"nan";"None";"nan";"1";"3";"Dépendance";"nan";"0.0";"None";"None";"None";"None";"nan";"7.263177";"43.698011";"000KT"
"2022-64283";"2022-08-17";"1";"Vente";"22000.0";"5.0";"None";"RUE DE LA BUFFA";"1000";"06000";"06088";"Nice";"06";"None";"None";"06088000KT0203";"None";"None";"34";"nan";"None";"nan";"None";"nan";"None";"nan";"None";"nan";"1";"3";"Dépendance";"nan";"0.0";"None";"None";"None";"None";"nan";"7.264266";"43.697327";"000KT"
"2022-64100";"2022-08-12";"1";"Vente";"740000.0";"8.0";"B";"RUE DU CONGRES";"1655";"06000";"06088";"Nice";"06";"None";"None";"06088000KT0252";"None";"None";"37";"78.8";"None";"nan";"None";"nan";"None";"nan";"None";"nan";"1";"2";"Appartement";"69.0";"3.0";"None";"None";"None";"None";"nan";"7.26348";"43.696237";"000KT"
"2022-63591";"2022-08-10";"1";"Vente";"275000.0";"7.0";"None";"RUE MASSENET";"4115";"06000";"06088";"Nice";"06";"None";"None";"06088000KT0289";"None";"None";"21";"nan";"60";"nan";"None";"nan";"None";"nan";"None";"nan";"2";"2";"Appartement";"28.0";"1.0";"None";"None";"None";"None";"nan";"7.264099";"43.695617";"000KT"
"2022-64364";"2022-08-10";"1";"Vente";"850000.0";"4.0";"B";"RUE ALPHONSE KARR";"0135";"06000";"06088";"Nice";"06";"None";"None";"06088000KT0026";"None";"None";"191";"nan";"57";"nan";"None";"nan";"None";"nan";"None";"nan";"2";"2";"Appartement";"113.0";"4.0";"None";"None";"None";"None";"nan";"7.266615";"43.698681";"000KT"
"2022-64364";"2022-08-10";"1";"Vente";"850000.0";"4.0";"B";"RUE ALPHONSE KARR";"0135";"06000";"06088";"Nice";"06";"None";"None";"06088000KT0026";"None";"None";"191";"nan";"57";"nan";"None";"nan";"None";"nan";"None";"nan";"2";"3";"Dépendance";"nan";"0.0";"None";"None";"None";"None";"nan";"7.266615";"43.698681";"000KT"
"2022-63831";"2022-08-10";"1";"Vente";"3420000.0";"7.0";"None";"RUE PARADIS";"4705";"06000";"06088";"Nice";"06";"None";"None";"06088000KT0118";"None";"None";"8";"nan";"None";"nan";"None";"nan";"None";"nan";"None";"nan";"1";"4";"Local industriel. commercial ou assimilé";"57.0";"0.0";"None";"None";"None";"None";"nan";"7.26708";"43.697161";"000KT"
"2022-63831";"2022-08-10";"1";"Vente";"3420000.0";"7.0";"None";"RUE PARADIS";"4705";"06000";"06088";"Nice";"06";"None";"None";"06088000KT0118";"None";"None";"3";"nan";"None";"nan";"None";"nan";"None";"nan";"None";"nan";"1";"4";"Local industriel. commercial ou assimilé";"106.0";"0.0";"None";"None";"None";"None";"nan";"7.26708";"43.697161";"000KT"
"2022-63831";"2022-08-10";"1";"Vente";"3420000.0";"7.0";"None";"RUE PARADIS";"4705";"06000";"06088";"Nice";"06";"None";"None";"06088000KT0118";"None";"None";"11";"nan";"12";"nan";"21";"nan";"None";"nan";"None";"nan";"3";"4";"Local industriel. commercial ou assimilé";"138.0";"0.0";"None";"None";"None";"None";"nan";"7.26708";"43.697161";"000KT"
"2022-63831";"2022-08-10";"1";"Vente";"3420000.0";"7.0";"None";"RUE PARADIS";"4705";"06000";"06088";"Nice";"06";"None";"None";"06088000KT0118";"None";"None";"24";"nan";"None";"nan";"None";"nan";"None";"nan";"None";"nan";"1";"4";"Local industriel. commercial ou assimilé";"83.0";"0.0";"None";"None";"None";"None";"nan";"7.26708";"43.697161";"000KT"
"2022-63831";"2022-08-10";"1";"Vente";"3420000.0";"7.0";"None";"RUE PARADIS";"4705";"06000";"06088";"Nice";"06";"None";"None";"06088000KT0118";"None";"None";"9";"nan";"None";"nan";"None";"nan";"None";"nan";"None";"nan";"1";"4";"Local industriel. commercial ou assimilé";"77.0";"0.0";"None";"None";"None";"None";"nan";"7.26708";"43.697161";"000KT"
"2022-63831";"2022-08-10";"1";"Vente";"3420000.0";"9.0";"None";"RUE PARADIS";"4705";"06000";"06088";"Nice";"06";"None";"None";"06088000KT0119";"None";"None";"2";"nan";"None";"nan";"None";"nan";"None";"nan";"None";"nan";"1";"4";"Local industriel. commercial ou assimilé";"229.0";"0.0";"None";"None";"None";"None";"nan";"7.26709";"43.697354";"000KT"
"2022-64097";"2022-08-09";"1";"Vente";"250000.0";"27.0";"None";"RUE MASSENA";"4110";"06000";"06088";"Nice";"06";"None";"None";"06088000KT0105";"None";"None";"11";"59.0";"None";"nan";"None";"nan";"None";"nan";"None";"nan";"1";"4";"Local industriel. commercial ou assimilé";"59.0";"0.0";"None";"None";"None";"None";"nan";"7.266339";"43.696941";"000KT"
"2022-64108";"2022-08-08";"1";"Vente";"320000.0";"7.0";"None";"RUE DU MARECHAL JOFFRE";"4020";"06000";"06088";"Nice";"06";"None";"None";"06088000KT0021";"None";"None";"25";"nan";"4";"nan";"None";"nan";"None";"nan";"None";"nan";"2";"2";"Appartement";"56.0";"2.0";"None";"None";"None";"None";"nan";"7.266957";"43.699208";"000KT"
"2022-64108";"2022-08-08";"1";"Vente";"320000.0";"7.0";"None";"RUE DU MARECHAL JOFFRE";"4020";"06000";"06088";"Nice";"06";"None";"None";"06088000KT0021";"None";"None";"25";"nan";"4";"nan";"None";"nan";"None";"nan";"None";"nan";"2";"3";"Dépendance";"nan";"0.0";"None";"None";"None";"None";"nan";"7.266957";"43.699208";"000KT"
"2022-63491";"2022-08-05";"1";"Vente";"445000.0";"1.0";"None";"RUE DE LA LIBERTE";"3640";"06000";"06088";"Nice";"06";"None";"None";"06088000KT0052";"None";"None";"16";"58.25";"None";"nan";"None";"nan";"None";"nan";"None";"nan";"1";"2";"Appartement";"53.0";"2.0";"None";"None";"None";"None";"nan";"7.268729";"43.698422";"000KT"
"2022-64112";"2022-08-05";"1";"Vente";"334400.0";"18.0";"A";"RUE DU CONGRES";"1655";"06000";"06088";"Nice";"06";"None";"None";"06088000KT0315";"None";"None";"36";"62.7";"None";"nan";"None";"nan";"None";"nan";"None";"nan";"1";"2";"Appartement";"79.0";"2.0";"None";"None";"None";"None";"nan";"7.263177";"43.698011";"000KT"
"2022-63267";"2022-08-04";"1";"Vente";"653740.0";"9.0";"None";"RUE MASSENET";"4115";"06000";"06088";"Nice";"06";"None";"None";"06088000KT0257";"None";"None";"146";"nan";"3";"nan";"None";"nan";"None";"nan";"None";"nan";"2";"2";"Appartement";"58.0";"2.0";"None";"None";"None";"None";"nan";"7.263955";"43.695823";"000KT"
"2022-63357";"2022-08-04";"1";"Vente";"139000.0";"9.0";"None";"RUE DE LA LIBERTE";"3640";"06000";"06088";"Nice";"06";"None";"None";"06088000KT0058";"None";"None";"22";"20.74";"None";"nan";"None";"nan";"None";"nan";"None";"nan";"1";"2";"Appartement";"21.0";"2.0";"None";"None";"None";"None";"nan";"7.267679";"43.698092";"000KT"
"2022-63267";"2022-08-04";"1";"Vente";"653740.0";"9.0";"None";"RUE MASSENET";"4115";"06000";"06088";"Nice";"06";"None";"None";"06088000KT0257";"None";"None";"146";"nan";"3";"nan";"None";"nan";"None";"nan";"None";"nan";"2";"3";"Dépendance";"nan";"0.0";"None";"None";"None";"None";"nan";"7.263955";"43.695823";"000KT"
"2022-63654";"2022-08-03";"1";"Vente";"40000.0";"6.0";"None";"RUE MASSENET";"4115";"06000";"06088";"Nice";"06";"None";"None";"06088000KT0368";"None";"None";"42";"nan";"None";"nan";"None";"nan";"None";"nan";"None";"nan";"1";"3";"Dépendance";"nan";"0.0";"None";"None";"None";"None";"nan";"7.264583";"43.69571";"000KT"
"2022-64007";"2022-08-02";"1";"Vente";"745000.0";"6.0";"None";"RUE ALPHONSE KARR";"0135";"06000";"06088";"Nice";"06";"None";"None";"06088000KT0026";"None";"None";"178";"nan";"34";"75.58";"None";"nan";"None";"nan";"None";"nan";"2";"2";"Appartement";"52.0";"2.0";"None";"None";"None";"None";"nan";"7.266615";"43.698681";"000KT"
"2022-64007";"2022-08-02";"1";"Vente";"745000.0";"6.0";"None";"RUE ALPHONSE KARR";"0135";"06000";"06088";"Nice";"06";"None";"None";"06088000KT0026";"None";"None";"178";"nan";"34";"75.58";"None";"nan";"None";"nan";"None";"nan";"2";"3";"Dépendance";"nan";"0.0";"None";"None";"None";"None";"nan";"7.266615";"43.698681";"000KT"
"2022-63273";"2022-08-01";"1";"Vente";"449000.0";"13.0";"None";"RUE MASSENET";"4115";"06000";"06088";"Nice";"06";"None";"None";"06088000KT0248";"None";"None";"66";"nan";"None";"nan";"None";"nan";"None";"nan";"None";"nan";"1";"2";"Appartement";"67.0";"3.0";"None";"None";"None";"None";"nan";"7.263949";"43.696342";"000KT"
"2022-63273";"2022-08-01";"1";"Vente";"449000.0";"13.0";"None";"RUE MASSENET";"4115";"06000";"06088";"Nice";"06";"None";"None";"06088000KT0248";"None";"None";"66";"nan";"None";"nan";"None";"nan";"None";"nan";"None";"nan";"1";"3";"Dépendance";"nan";"0.0";"None";"None";"None";"None";"nan";"7.263949";"43.696342";"000KT"
"2022-63204";"2022-08-01";"1";"Vente";"215490.0";"14.0";"None";"RUE DU MARECHAL JOFFRE";"4020";"06000";"06088";"Nice";"06";"None";"None";"06088000KT0270";"None";"None";"7";"nan";"None";"nan";"None";"nan";"None";"nan";"None";"nan";"1";"4";"Local industriel. commercial ou assimilé";"20.0";"0.0";"None";"None";"None";"None";"nan";"7.26608";"43.699161";"000KT"
"2022-62991";"2022-07-29";"1";"Vente";"235000.0";"2.0";"None";"PL MAGENTA";"3870";"06000";"06088";"Nice";"06";"None";"None";"06088000KT0061";"None";"None";"42";"nan";"None";"nan";"None";"nan";"None";"nan";"None";"nan";"1";"2";"Appartement";"36.0";"2.0";"None";"None";"None";"None";"nan";"7.267286";"43.697839";"000KT"
"2022-63312";"2022-07-29";"1";"Vente";"710000.0";"7.0";"None";"RUE GRIMALDI";"3035";"06000";"06088";"Nice";"06";"None";"None";"06088000KT0140";"None";"None";"46";"nan";"70";"nan";"None";"nan";"None";"nan";"None";"nan";"2";"2";"Appartement";"108.0";"3.0";"None";"None";"None";"None";"nan";"7.265019";"43.698409";"000KT"
"2022-63588";"2022-07-29";"1";"Vente";"347450.0";"13.0";"None";"RUE MASSENA";"4110";"06000";"06088";"Nice";"06";"None";"None";"06088000KT0065";"None";"None";"173";"nan";"None";"nan";"None";"nan";"None";"nan";"None";"nan";"1";"2";"Appartement";"46.0";"2.0";"None";"None";"None";"None";"nan";"7.267649";"43.6975";"000KT"
"2022-62620";"2022-07-29";"1";"Vente";"31000.0";"6.0";"None";"RUE MASSENET";"4115";"06000";"06088";"Nice";"06";"None";"None";"06088000KT0368";"None";"None";"64";"nan";"None";"nan";"None";"nan";"None";"nan";"None";"nan";"1";"3";"Dépendance";"nan";"0.0";"None";"None";"None";"None";"nan";"7.264583";"43.69571";"000KT"
"2022-62721";"2022-07-29";"1";"Vente";"132199.0";"3.0";"None";"RUE DE LA BUFFA";"1000";"06000";"06088";"Nice";"06";"None";"None";"06088000KT0202";"None";"None";"29";"nan";"None";"nan";"None";"nan";"None";"nan";"None";"nan";"1";"3";"Dépendance";"nan";"0.0";"None";"None";"None";"None";"nan";"7.264447";"43.697414";"000KT"
"2022-63312";"2022-07-29";"1";"Vente";"710000.0";"19.0";"None";"RUE DU MARECHAL JOFFRE";"4020";"06000";"06088";"Nice";"06";"None";"None";"06088000KT0140";"None";"None";"32";"nan";"None";"nan";"None";"nan";"None";"nan";"None";"nan";"1";"3";"Dépendance";"nan";"0.0";"None";"None";"None";"None";"nan";"7.265019";"43.698409";"000KT"
"2022-63587";"2022-07-29";"1";"Vente";"50000.0";"5.0";"None";"RUE EUGENE EMMANUEL";"2360";"06000";"06088";"Nice";"06";"None";"None";"06088000KT0313";"None";"None";"276";"nan";"None";"nan";"None";"nan";"None";"nan";"None";"nan";"1";"3";"Dépendance";"nan";"0.0";"None";"None";"None";"None";"nan";"7.265866";"43.699612";"000KT"
"2022-62784";"2022-07-28";"1";"Vente";"789000.0";"25.0";"None";"BD VICTOR HUGO";"6655";"06000";"06088";"Nice";"06";"None";"None";"06088000KT0185";"None";"None";"39";"nan";"54";"nan";"None";"nan";"None";"nan";"None";"nan";"2";"2";"Appartement";"130.0";"5.0";"None";"None";"None";"None";"nan";"7.263117";"43.698876";"000KT"
"2022-62932";"2022-07-28";"1";"Vente";"180000.0";"7.0";"None";"AV JEAN MEDECIN";"3372";"06000";"06088";"Nice";"06";"None";"None";"06088000KT0045";"None";"None";"58";"28.77";"None";"nan";"None";"nan";"None";"nan";"None";"nan";"1";"2";"Appartement";"28.0";"1.0";"None";"None";"None";"None";"nan";"7.268985";"43.698484";"000KT"
"2022-63188";"2022-07-28";"1";"Vente";"186000.0";"9.0";"None";"RUE MASSENA";"4110";"06000";"06088";"Nice";"06";"None";"None";"06088000KT0067";"None";"None";"26";"36.25";"None";"nan";"None";"nan";"None";"nan";"None";"nan";"1";"2";"Appartement";"32.0";"1.0";"None";"None";"None";"None";"nan";"7.268156";"43.697486";"000KT"
"2022-63466";"2022-07-28";"1";"Vente";"370000.0";"5.0";"None";"RUE DU DOC MICHEL ROSANOFF";"2030";"06000";"06088";"Nice";"06";"None";"None";"06088000KT0381";"None";"None";"233";"nan";"None";"nan";"None";"nan";"None";"nan";"None";"nan";"1";"2";"Appartement";"38.0";"2.0";"None";"None";"None";"None";"nan";"7.268336";"43.698832";"000KT"
"2022-62713";"2022-07-28";"1";"Vente";"110631.0";"3.0";"None";"RUE DE LA BUFFA";"1000";"06000";"06088";"Nice";"06";"None";"None";"06088000KT0202";"None";"None";"10";"nan";"None";"nan";"None";"nan";"None";"nan";"None";"nan";"1";"3";"Dépendance";"nan";"0.0";"None";"None";"None";"None";"nan";"7.264447";"43.697414";"000KT"
"2022-62784";"2022-07-28";"1";"Vente";"789000.0";"25.0";"None";"BD VICTOR HUGO";"6655";"06000";"06088";"Nice";"06";"None";"None";"06088000KT0185";"None";"None";"39";"nan";"54";"nan";"None";"nan";"None";"nan";"None";"nan";"2";"3";"Dépendance";"nan";"0.0";"None";"None";"None";"None";"nan";"7.263117";"43.698876";"000KT"
"2022-63466";"2022-07-28";"1";"Vente";"370000.0";"12.0";"None";"RUE JOSEPH BRES";"3455";"06000";"06088";"Nice";"06";"None";"None";"06088000KT0381";"None";"None";"29";"nan";"None";"nan";"None";"nan";"None";"nan";"None";"nan";"1";"3";"Dépendance";"nan";"0.0";"None";"None";"None";"None";"nan";"7.268336";"43.698832";"000KT"
"2022-63317";"2022-07-28";"1";"Vente";"180000.0";"15.0";"None";"RUE DU MARECHAL JOFFRE";"4020";"06000";"06088";"Nice";"06";"None";"None";"06088000KT0161";"None";"None";"45";"nan";"None";"nan";"None";"nan";"None";"nan";"None";"nan";"1";"4";"Local industriel. commercial ou assimilé";"35.0";"0.0";"None";"None";"None";"None";"nan";"7.265527";"43.698649";"000KT"
"2022-62697";"2022-07-27";"1";"Vente";"38000.0";"6.0";"None";"RUE MASSENET";"4115";"06000";"06088";"Nice";"06";"None";"None";"06088000KT0368";"None";"None";"34";"nan";"None";"nan";"None";"nan";"None";"nan";"None";"nan";"1";"3";"Dépendance";"nan";"0.0";"None";"None";"None";"None";"nan";"7.264583";"43.69571";"000KT"
"2022-62575";"2022-07-26";"1";"Vente";"186452.0";"3.0";"None";"RUE DE LA BUFFA";"1000";"06000";"06088";"Nice";"06";"None";"None";"06088000KT0202";"None";"None";"19";"nan";"None";"nan";"None";"nan";"None";"nan";"None";"nan";"1";"3";"Dépendance";"nan";"0.0";"None";"None";"None";"None";"nan";"7.264447";"43.697414";"000KT"
"2022-61997";"2022-07-22";"1";"Vente";"210000.0";"1.0";"None";"PL GRIMALDI";"3030";"06000";"06088";"Nice";"06";"None";"None";"06088000KT0129";"None";"None";"307";"nan";"None";"nan";"None";"nan";"None";"nan";"None";"nan";"1";"2";"Appartement";"19.0";"1.0";"None";"None";"None";"None";"nan";"7.265537";"43.697314";"000KT"
"2022-62648";"2022-07-22";"1";"Vente";"478810.0";"11.0";"None";"RUE MACCARANI";"3810";"06000";"06088";"Nice";"06";"None";"None";"06088000KT0322";"None";"None";"205";"nan";"358";"62.08";"None";"nan";"None";"nan";"None";"nan";"2";"2";"Appartement";"57.0";"2.0";"None";"None";"None";"None";"nan";"7.264358";"43.697967";"000KT"
"2022-63116";"2022-07-22";"1";"Vente";"200000.0";"11.0";"None";"RUE MASSENET";"4115";"06000";"06088";"Nice";"06";"None";"None";"06088000KT0256";"None";"None";"15";"nan";"None";"nan";"None";"nan";"None";"nan";"None";"nan";"1";"2";"Appartement";"30.0";"1.0";"None";"None";"None";"None";"nan";"7.263718";"43.695829";"000KT"
"2022-62312";"2022-07-22";"1";"Vente";"25000.0";"7.0";"None";"PROM DES ANGLAIS";"0240";"06000";"06088";"Nice";"06";"None";"None";"06088000KT0258";"None";"None";"16";"nan";"None";"nan";"None";"nan";"None";"nan";"None";"nan";"1";"3";"Dépendance";"nan";"0.0";"None";"None";"None";"None";"nan";"7.264082";"43.695203";"000KT"
"2022-62648";"2022-07-22";"1";"Vente";"478810.0";"11.0";"None";"RUE MACCARANI";"3810";"06000";"06088";"Nice";"06";"None";"None";"06088000KT0322";"None";"None";"205";"nan";"358";"62.08";"None";"nan";"None";"nan";"None";"nan";"2";"3";"Dépendance";"nan";"0.0";"None";"None";"None";"None";"nan";"7.264358";"43.697967";"000KT"
"2022-62648";"2022-07-22";"1";"Vente";"478810.0";"11.0";"None";"RUE MACCARANI";"3810";"06000";"06088";"Nice";"06";"None";"None";"06088000KT0322";"None";"None";"205";"nan";"358";"62.08";"None";"nan";"None";"nan";"None";"nan";"2";"3";"Dépendance";"nan";"0.0";"None";"None";"None";"None";"nan";"7.264358";"43.697967";"000KT"
"2022-62167";"2022-07-21";"1";"Vente";"1105000.0";"12.0";"None";"RUE JOSEPH BRES";"3455";"06000";"06088";"Nice";"06";"None";"None";"06088000KT0381";"None";"None";"178";"nan";"256";"112.02";"None";"nan";"None";"nan";"None";"nan";"2";"2";"Appartement";"119.0";"4.0";"None";"None";"None";"None";"nan";"7.268336";"43.698832";"000KT"
"2022-62414";"2022-07-21";"1";"Vente";"359000.0";"5.0";"None";"RUE DU DOC MICHEL ROSANOFF";"2030";"06000";"06088";"Nice";"06";"None";"None";"06088000KT0381";"None";"None";"206";"42.12";"None";"nan";"None";"nan";"None";"nan";"None";"nan";"1";"2";"Appartement";"42.0";"2.0";"None";"None";"None";"None";"nan";"7.268336";"43.698832";"000KT"
"2022-62167";"2022-07-21";"1";"Vente";"1105000.0";"12.0";"None";"RUE JOSEPH BRES";"3455";"06000";"06088";"Nice";"06";"None";"None";"06088000KT0381";"None";"None";"178";"nan";"256";"112.02";"None";"nan";"None";"nan";"None";"nan";"2";"3";"Dépendance";"nan";"0.0";"None";"None";"None";"None";"nan";"7.268336";"43.698832";"000KT"
"2022-62167";"2022-07-21";"1";"Vente";"1105000.0";"12.0";"None";"RUE JOSEPH BRES";"3455";"06000";"06088";"Nice";"06";"None";"None";"06088000KT0381";"None";"None";"157";"nan";"None";"nan";"None";"nan";"None";"nan";"None";"nan";"1";"3";"Dépendance";"nan";"0.0";"None";"None";"None";"None";"nan";"7.268336";"43.698832";"000KT"
"2022-62167";"2022-07-21";"1";"Vente";"1105000.0";"12.0";"None";"RUE JOSEPH BRES";"3455";"06000";"06088";"Nice";"06";"None";"None";"06088000KT0381";"None";"None";"158";"nan";"None";"nan";"None";"nan";"None";"nan";"None";"nan";"1";"3";"Dépendance";"nan";"0.0";"None";"None";"None";"None";"nan";"7.268336";"43.698832";"000KT"
"2022-63344";"2022-07-21";"1";"Vente";"1198000.0";"2.0";"None";"RUE ALPHONSE KARR";"0135";"06000";"06088";"Nice";"06";"None";"None";"06088000KT0026";"None";"None";"540";"nan";"None";"nan";"None";"nan";"None";"nan";"None";"nan";"1";"3";"Dépendance";"nan";"0.0";"None";"None";"None";"None";"nan";"7.266615";"43.698681";"000KT"
"2022-63344";"2022-07-21";"1";"Vente";"1198000.0";"2.0";"None";"RUE ALPHONSE KARR";"0135";"06000";"06088";"Nice";"06";"None";"None";"06088000KT0026";"None";"None";"539";"nan";"None";"nan";"None";"nan";"None";"nan";"None";"nan";"1";"3";"Dépendance";"nan";"0.0";"None";"None";"None";"None";"nan";"7.266615";"43.698681";"000KT"
"2022-61864";"2022-07-20";"1";"Vente";"300000.0";"8.0";"B";"RUE DU CONGRES";"1655";"06000";"06088";"Nice";"06";"None";"None";"06088000KT0252";"None";"None";"32";"55.01";"None";"nan";"None";"nan";"None";"nan";"None";"nan";"1";"2";"Appartement";"55.0";"2.0";"None";"None";"None";"None";"nan";"7.26348";"43.696237";"000KT"
"2022-62627";"2022-07-20";"1";"Vente";"495000.0";"4.0";"None";"RUE GRIMALDI";"3035";"06000";"06088";"Nice";"06";"None";"None";"06088000KT0363";"None";"None";"85";"81.69";"None";"nan";"None";"nan";"None";"nan";"None";"nan";"1";"2";"Appartement";"82.0";"3.0";"None";"None";"None";"None";"nan";"7.265898";"43.697975";"000KT"
"2022-62404";"2022-07-20";"1";"Vente";"495000.0";"5.0";"None";"RUE FRANCOIS 1ER";"2645";"06000";"06088";"Nice";"06";"None";"None";"06088000KT0363";"None";"None";"20";"111.41";"75";"111.41";"None";"nan";"None";"nan";"None";"nan";"2";"4";"Local industriel. commercial ou assimilé";"108.0";"0.0";"None";"None";"None";"None";"nan";"7.265898";"43.697975";"000KT"
"2022-63486";"2022-07-19";"1";"Vente";"768800.0";"27.0";"None";"BD VICTOR HUGO";"6655";"06000";"06088";"Nice";"06";"None";"None";"06088000KT0186";"None";"None";"23";"116.0";"5";"nan";"None";"nan";"None";"nan";"None";"nan";"2";"4";"Local industriel. commercial ou assimilé";"90.0";"0.0";"None";"None";"None";"None";"nan";"7.262754";"43.698829";"000KT"
"2022-61832";"2022-07-18";"1";"Vente";"1200000.0";"1.0";"None";"PL EUGENE MO";"2365";"06000";"06088";"Nice";"06";"None";"None";"06088000KT0023";"None";"None";"7";"158.97";"8";"nan";"None";"nan";"None";"nan";"None";"nan";"2";"2";"Appartement";"157.0";"5.0";"None";"None";"None";"None";"nan";"7.267121";"43.699083";"000KT"
"2022-61832";"2022-07-18";"1";"Vente";"1200000.0";"1.0";"None";"PL EUGENE MO";"2365";"06000";"06088";"Nice";"06";"None";"None";"06088000KT0023";"None";"None";"7";"158.97";"8";"nan";"None";"nan";"None";"nan";"None";"nan";"2";"3";"Dépendance";"nan";"0.0";"None";"None";"None";"None";"nan";"7.267121";"43.699083";"000KT"
"2022-61832";"2022-07-18";"1";"Vente";"1200000.0";"2.0";"None";"RUE ALPHONSE KARR";"0135";"06000";"06088";"Nice";"06";"None";"None";"06088000KT0026";"None";"None";"545";"nan";"None";"nan";"None";"nan";"None";"nan";"None";"nan";"1";"3";"Dépendance";"nan";"0.0";"None";"None";"None";"None";"nan";"7.266615";"43.698681";"000KT"
"2022-61773";"2022-07-13";"1";"Vente";"1000000.0";"3.0";"None";"PROM DES ANGLAIS";"0240";"06000";"06088";"Nice";"06";"None";"None";"06088000KT0243";"None";"None";"1020";"109.16";"1055";"nan";"None";"nan";"None";"nan";"None";"nan";"2";"2";"Appartement";"108.0";"3.0";"None";"None";"None";"None";"nan";"7.265001";"43.695379";"000KT"
"2022-61773";"2022-07-13";"1";"Vente";"1000000.0";"3.0";"None";"PROM DES ANGLAIS";"0240";"06000";"06088";"Nice";"06";"None";"None";"06088000KT0243";"None";"None";"1020";"109.16";"1055";"nan";"None";"nan";"None";"nan";"None";"nan";"2";"3";"Dépendance";"nan";"0.0";"None";"None";"None";"None";"nan";"7.265001";"43.695379";"000KT"
"2022-62090";"2022-07-11";"1";"Vente";"320000.0";"1.0";"None";"PL MAGENTA";"3870";"06000";"06088";"Nice";"06";"None";"None";"06088000KT0121";"None";"None";"35";"nan";"6";"24.43";"None";"nan";"None";"nan";"None";"nan";"2";"4";"Local industriel. commercial ou assimilé";"37.0";"0.0";"None";"None";"None";"None";"nan";"7.266815";"43.697788";"000KT"
"2022-61847";"2022-07-08";"1";"Vente";"120000.0";"2.0";"None";"RUE DU MARECHAL JOFFRE";"4020";"06000";"06088";"Nice";"06";"None";"None";"06088000KT0005";"None";"None";"160";"30.45";"None";"nan";"None";"nan";"None";"nan";"None";"nan";"1";"4";"Local industriel. commercial ou assimilé";"31.0";"0.0";"None";"None";"None";"None";"nan";"7.267897";"43.699743";"000KT"
"2022-62925";"2022-07-05";"1";"Vente";"535000.0";"2.0";"B";"RUE ALPHONSE KARR";"0135";"06000";"06088";"Nice";"06";"None";"None";"06088000KT0026";"None";"None";"234";"nan";"253";"nan";"88";"nan";"None";"nan";"None";"nan";"3";"2";"Appartement";"59.0";"2.0";"None";"None";"None";"None";"nan";"7.266615";"43.698681";"000KT"
"2022-62925";"2022-07-05";"1";"Vente";"535000.0";"2.0";"None";"RUE ALPHONSE KARR";"0135";"06000";"06088";"Nice";"06";"None";"None";"06088000KT0026";"None";"None";"320";"nan";"None";"nan";"None";"nan";"None";"nan";"None";"nan";"1";"3";"Dépendance";"nan";"0.0";"None";"None";"None";"None";"nan";"7.266615";"43.698681";"000KT"
"2022-61599";"2022-07-04";"1";"Vente";"405000.0";"15.0";"None";"RUE DU MARECHAL JOFFRE";"4020";"06000";"06088";"Nice";"06";"None";"None";"06088000KT0161";"None";"None";"116";"nan";"None";"nan";"None";"nan";"None";"nan";"None";"nan";"1";"2";"Appartement";"8.0";"1.0";"None";"None";"None";"None";"nan";"7.265527";"43.698649";"000KT"
"2022-61599";"2022-07-04";"1";"Vente";"405000.0";"15.0";"None";"RUE DU MARECHAL JOFFRE";"4020";"06000";"06088";"Nice";"06";"None";"None";"06088000KT0161";"None";"None";"116";"nan";"None";"nan";"None";"nan";"None";"nan";"None";"nan";"1";"2";"Appartement";"21.0";"1.0";"None";"None";"None";"None";"nan";"7.265527";"43.698649";"000KT"
"2022-61599";"2022-07-04";"1";"Vente";"405000.0";"15.0";"None";"RUE DU MARECHAL JOFFRE";"4020";"06000";"06088";"Nice";"06";"None";"None";"06088000KT0161";"None";"None";"116";"nan";"None";"nan";"None";"nan";"None";"nan";"None";"nan";"1";"3";"Dépendance";"nan";"0.0";"None";"None";"None";"None";"nan";"7.265527";"43.698649";"000KT"
"2022-61599";"2022-07-04";"1";"Vente";"405000.0";"15.0";"None";"RUE DU MARECHAL JOFFRE";"4020";"06000";"06088";"Nice";"06";"None";"None";"06088000KT0161";"None";"None";"116";"nan";"None";"nan";"None";"nan";"None";"nan";"None";"nan";"1";"3";"Dépendance";"nan";"0.0";"None";"None";"None";"None";"nan";"7.265527";"43.698649";"000KT"
"2022-61964";"2022-07-01";"1";"Vente";"337980.0";"5.0";"None";"RUE DU DOC MICHEL ROSANOFF";"2030";"06000";"06088";"Nice";"06";"None";"None";"06088000KT0381";"None";"None";"205";"nan";"None";"nan";"None";"nan";"None";"nan";"None";"nan";"1";"2";"Appartement";"46.0";"2.0";"None";"None";"None";"None";"nan";"7.268336";"43.698832";"000KT"
"2022-61977";"2022-07-01";"1";"Vente";"99000.0";"11.0";"None";"RUE MASSENET";"4115";"06000";"06088";"Nice";"06";"None";"None";"06088000KT0256";"None";"None";"19";"16.5";"None";"nan";"None";"nan";"None";"nan";"None";"nan";"1";"2";"Appartement";"16.0";"1.0";"None";"None";"None";"None";"nan";"7.263718";"43.695829";"000KT"
"2022-60684";"2022-06-30";"1";"Vente";"616520.0";"6.0";"B";"RUE ALPHONSE KARR";"0135";"06000";"06088";"Nice";"06";"None";"None";"06088000KT0019";"None";"None";"134";"60.04";"25";"nan";"None";"nan";"None";"nan";"None";"nan";"2";"2";"Appartement";"65.0";"2.0";"None";"None";"None";"None";"nan";"7.266115";"43.698833";"000KT"
"2022-60684";"2022-06-30";"1";"Vente";"616520.0";"6.0";"B";"RUE ALPHONSE KARR";"0135";"06000";"06088";"Nice";"06";"None";"None";"06088000KT0019";"None";"None";"134";"60.04";"25";"nan";"None";"nan";"None";"nan";"None";"nan";"2";"3";"Dépendance";"nan";"0.0";"None";"None";"None";"None";"nan";"7.266115";"43.698833";"000KT"
"2022-61568";"2022-06-30";"1";"Vente";"200000.0";"10.0";"None";"RUE DE FRANCE";"2595";"06000";"06088";"Nice";"06";"None";"None";"06088000KT0215";"None";"None";"46";"nan";"None";"nan";"None";"nan";"None";"nan";"None";"nan";"1";"3";"Dépendance";"nan";"0.0";"None";"None";"None";"None";"nan";"7.263675";"43.696685";"000KT"
"2022-61568";"2022-06-30";"1";"Vente";"200000.0";"10.0";"None";"RUE DE FRANCE";"2595";"06000";"06088";"Nice";"06";"None";"None";"06088000KT0215";"None";"None";"45";"nan";"None";"nan";"None";"nan";"None";"nan";"None";"nan";"1";"3";"Dépendance";"nan";"0.0";"None";"None";"None";"None";"nan";"7.263675";"43.696685";"000KT"
"2022-61568";"2022-06-30";"1";"Vente";"200000.0";"10.0";"None";"RUE DE FRANCE";"2595";"06000";"06088";"Nice";"06";"None";"None";"06088000KT0215";"None";"None";"44";"nan";"None";"nan";"None";"nan";"None";"nan";"None";"nan";"1";"4";"Local industriel. commercial ou assimilé";"17.0";"0.0";"None";"None";"None";"None";"nan";"7.263675";"43.696685";"000KT"
"2022-61458";"2022-06-29";"1";"Vente";"215000.0";"13.0";"None";"RUE MASSENET";"4115";"06000";"06088";"Nice";"06";"None";"None";"06088000KT0248";"None";"None";"23";"nan";"71";"nan";"None";"nan";"None";"nan";"None";"nan";"2";"2";"Appartement";"29.0";"1.0";"None";"None";"None";"None";"nan";"7.263949";"43.696342";"000KT"
"2022-61185";"2022-06-29";"1";"Vente";"129024.0";"3.0";"None";"RUE DE LA BUFFA";"1000";"06000";"06088";"Nice";"06";"None";"None";"06088000KT0202";"None";"None";"4";"nan";"None";"nan";"None";"nan";"None";"nan";"None";"nan";"1";"3";"Dépendance";"nan";"0.0";"None";"None";"None";"None";"nan";"7.264447";"43.697414";"000KT"
"2022-61191";"2022-06-29";"1";"Vente";"108447.0";"3.0";"None";"RUE DE LA BUFFA";"1000";"06000";"06088";"Nice";"06";"None";"None";"06088000KT0202";"None";"None";"5";"nan";"None";"nan";"None";"nan";"None";"nan";"None";"nan";"1";"3";"Dépendance";"nan";"0.0";"None";"None";"None";"None";"nan";"7.264447";"43.697414";"000KT"
"2022-61458";"2022-06-29";"1";"Vente";"215000.0";"13.0";"None";"RUE MASSENET";"4115";"06000";"06088";"Nice";"06";"None";"None";"06088000KT0248";"None";"None";"23";"nan";"71";"nan";"None";"nan";"None";"nan";"None";"nan";"2";"3";"Dépendance";"nan";"0.0";"None";"None";"None";"None";"nan";"7.263949";"43.696342";"000KT"
"2022-61277";"2022-06-27";"1";"Vente";"175000.0";"13.0";"None";"RUE MASSENET";"4115";"06000";"06088";"Nice";"06";"None";"None";"06088000KT0248";"None";"None";"23";"nan";"71";"26.03";"None";"nan";"None";"nan";"None";"nan";"2";"2";"Appartement";"29.0";"1.0";"None";"None";"None";"None";"nan";"7.263949";"43.696342";"000KT"
"2022-62186";"2022-06-27";"1";"Vente";"490000.0";"7.0";"None";"AV JEAN MEDECIN";"3372";"06000";"06088";"Nice";"06";"None";"None";"06088000KT0045";"None";"None";"60";"81.56";"None";"nan";"None";"nan";"None";"nan";"None";"nan";"1";"2";"Appartement";"83.0";"3.0";"None";"None";"None";"None";"nan";"7.268985";"43.698484";"000KT"
"2022-61277";"2022-06-27";"1";"Vente";"175000.0";"13.0";"None";"RUE MASSENET";"4115";"06000";"06088";"Nice";"06";"None";"None";"06088000KT0248";"None";"None";"23";"nan";"71";"26.03";"None";"nan";"None";"nan";"None";"nan";"2";"3";"Dépendance";"nan";"0.0";"None";"None";"None";"None";"nan";"7.263949";"43.696342";"000KT"
"2022-60253";"2022-06-23";"1";"Vente";"242245.0";"4.0";"None";"RUE GRIMALDI";"3035";"06000";"06088";"Nice";"06";"None";"None";"06088000KT0363";"None";"None";"81";"nan";"None";"nan";"None";"nan";"None";"nan";"None";"nan";"1";"2";"Appartement";"30.0";"1.0";"None";"None";"None";"None";"nan";"7.265898";"43.697975";"000KT"
"2022-60380";"2022-06-23";"1";"Vente";"68000.0";"9.0";"None";"RUE MASSENA";"4110";"06000";"06088";"Nice";"06";"None";"None";"06088000KT0067";"None";"None";"36";"12.8";"None";"nan";"None";"nan";"None";"nan";"None";"nan";"1";"2";"Appartement";"10.0";"1.0";"None";"None";"None";"None";"nan";"7.268156";"43.697486";"000KT"
"2022-60747";"2022-06-23";"1";"Vente";"198000.0";"9.0";"None";"RUE MASSENET";"4115";"06000";"06088";"Nice";"06";"None";"None";"06088000KT0257";"None";"None";"117";"nan";"142";"29.75";"None";"nan";"None";"nan";"None";"nan";"2";"2";"Appartement";"27.0";"1.0";"None";"None";"None";"None";"nan";"7.263955";"43.695823";"000KT"
"2022-60253";"2022-06-23";"1";"Vente";"242245.0";"4.0";"None";"RUE GRIMALDI";"3035";"06000";"06088";"Nice";"06";"None";"None";"06088000KT0363";"None";"None";"81";"nan";"None";"nan";"None";"nan";"None";"nan";"None";"nan";"1";"3";"Dépendance";"nan";"0.0";"None";"None";"None";"None";"nan";"7.265898";"43.697975";"000KT"
"2022-60747";"2022-06-23";"1";"Vente";"198000.0";"9.0";"None";"RUE MASSENET";"4115";"06000";"06088";"Nice";"06";"None";"None";"06088000KT0257";"None";"None";"117";"nan";"142";"29.75";"None";"nan";"None";"nan";"None";"nan";"2";"3";"Dépendance";"nan";"0.0";"None";"None";"None";"None";"nan";"7.263955";"43.695823";"000KT"
"2022-60235";"2022-06-22";"1";"Vente";"338449.0";"9.0";"None";"RUE MASSENET";"4115";"06000";"06088";"Nice";"06";"None";"None";"06088000KT0257";"None";"None";"145";"30.47";"None";"nan";"None";"nan";"None";"nan";"None";"nan";"1";"2";"Appartement";"29.0";"1.0";"None";"None";"None";"None";"nan";"7.263955";"43.695823";"000KT"
"2022-60235";"2022-06-22";"1";"Vente";"338449.0";"9.0";"None";"RUE MASSENET";"4115";"06000";"06088";"Nice";"06";"None";"None";"06088000KT0257";"None";"None";"145";"30.47";"None";"nan";"None";"nan";"None";"nan";"None";"nan";"1";"3";"Dépendance";"nan";"0.0";"None";"None";"None";"None";"nan";"7.263955";"43.695823";"000KT"
"2022-60870";"2022-06-22";"1";"Vente";"111557.0";"3.0";"None";"RUE DE LA BUFFA";"1000";"06000";"06088";"Nice";"06";"None";"None";"06088000KT0202";"None";"None";"28";"nan";"None";"nan";"None";"nan";"None";"nan";"None";"nan";"1";"3";"Dépendance";"nan";"0.0";"None";"None";"None";"None";"nan";"7.264447";"43.697414";"000KT"
"2022-59966";"2022-06-17";"1";"Vente";"598000.0";"2.0";"None";"RUE ALPHONSE KARR";"0135";"06000";"06088";"Nice";"06";"None";"None";"06088000KT0026";"None";"None";"109";"52.51";"244";"nan";"None";"nan";"None";"nan";"None";"nan";"2";"2";"Appartement";"114.0";"4.0";"None";"None";"None";"None";"nan";"7.266615";"43.698681";"000KT"
"2022-61287";"2022-06-17";"1";"Vente";"227800.0";"5.0";"None";"AV JEAN MEDECIN";"3372";"06000";"06088";"Nice";"06";"None";"None";"06088000KT0045";"None";"None";"84";"nan";"85";"nan";"None";"nan";"None";"nan";"None";"nan";"2";"2";"Appartement";"44.0";"2.0";"None";"None";"None";"None";"nan";"7.268985";"43.698484";"000KT"
"2022-59966";"2022-06-17";"1";"Vente";"598000.0";"2.0";"None";"RUE ALPHONSE KARR";"0135";"06000";"06088";"Nice";"06";"None";"None";"06088000KT0026";"None";"None";"109";"52.51";"244";"nan";"None";"nan";"None";"nan";"None";"nan";"2";"3";"Dépendance";"nan";"0.0";"None";"None";"None";"None";"nan";"7.266615";"43.698681";"000KT"
"2022-59966";"2022-06-17";"1";"Vente";"598000.0";"2.0";"None";"RUE ALPHONSE KARR";"0135";"06000";"06088";"Nice";"06";"None";"None";"06088000KT0026";"None";"None";"109";"52.51";"244";"nan";"None";"nan";"None";"nan";"None";"nan";"2";"3";"Dépendance";"nan";"0.0";"None";"None";"None";"None";"nan";"7.266615";"43.698681";"000KT"
"2022-60601";"2022-06-14";"1";"Vente";"1135000.0";"6.0";"B";"AV DE VERDUN";"6625";"06000";"06088";"Nice";"06";"None";"None";"06088000KT0074";"None";"None";"30";"nan";"None";"nan";"None";"nan";"None";"nan";"None";"nan";"1";"2";"Appartement";"41.0";"2.0";"None";"None";"None";"None";"nan";"7.268923";"43.697268";"000KT"
"2022-60601";"2022-06-14";"1";"Vente";"1135000.0";"6.0";"B";"AV DE VERDUN";"6625";"06000";"06088";"Nice";"06";"None";"None";"06088000KT0074";"None";"None";"31";"nan";"32";"nan";"33";"nan";"34";"nan";"35";"nan";"5";"4";"Local industriel. commercial ou assimilé";"183.0";"0.0";"None";"None";"None";"None";"nan";"7.268923";"43.697268";"000KT"
"2022-60298";"2022-06-08";"1";"Vente";"393000.0";"4.0";"None";"RUE DU DOCTEUR BARETY";"2010";"06000";"06088";"Nice";"06";"None";"None";"06088000KT0192";"None";"None";"122";"nan";"None";"nan";"None";"nan";"None";"nan";"None";"nan";"1";"2";"Appartement";"84.0";"3.0";"None";"None";"None";"None";"nan";"7.264065";"43.697804";"000KT"
"2022-59127";"2022-06-02";"1";"Vente";"146000.0";"13.0";"None";"RUE MASSENA";"4110";"06000";"06088";"Nice";"06";"None";"None";"06088000KT0065";"None";"None";"145";"24.03";"None";"nan";"None";"nan";"None";"nan";"None";"nan";"1";"2";"Appartement";"22.0";"1.0";"None";"None";"None";"None";"nan";"7.267649";"43.6975";"000KT"
"2022-59176";"2022-06-02";"1";"Vente";"114910.0";"11.0";"None";"RUE MASSENET";"4115";"06000";"06088";"Nice";"06";"None";"None";"06088000KT0256";"None";"None";"32";"nan";"None";"nan";"None";"nan";"None";"nan";"None";"nan";"1";"2";"Appartement";"15.0";"1.0";"None";"None";"None";"None";"nan";"7.263718";"43.695829";"000KT"
"2022-59127";"2022-06-02";"1";"Vente";"146000.0";"13.0";"None";"RUE MASSENA";"4110";"06000";"06088";"Nice";"06";"None";"None";"06088000KT0065";"None";"None";"118";"nan";"None";"nan";"None";"nan";"None";"nan";"None";"nan";"1";"3";"Dépendance";"nan";"0.0";"None";"None";"None";"None";"nan";"7.267649";"43.6975";"000KT"
"2022-58504";"2022-05-31";"1";"Vente";"1300000.0";"3.0";"None";"PROM DES ANGLAIS";"0240";"06000";"06088";"Nice";"06";"None";"None";"06088000KT0243";"None";"None";"1013";"nan";"1065";"nan";"None";"nan";"None";"nan";"None";"nan";"2";"2";"Appartement";"175.0";"4.0";"None";"None";"None";"None";"nan";"7.265001";"43.695379";"000KT"
"2022-58727";"2022-05-31";"1";"Vente";"484150.0";"7.0";"None";"PROM DES ANGLAIS";"0240";"06000";"06088";"Nice";"06";"None";"None";"06088000KT0258";"None";"None";"105";"nan";"342";"35.03";"None";"nan";"None";"nan";"None";"nan";"2";"2";"Appartement";"35.0";"1.0";"None";"None";"None";"None";"nan";"7.264082";"43.695203";"000KT"
"2022-59284";"2022-05-31";"1";"Vente";"125000.0";"12.0";"None";"RUE DU MARECHAL JOFFRE";"4020";"06000";"06088";"Nice";"06";"None";"None";"06088000KT0014";"None";"None";"22";"28.0";"None";"nan";"None";"nan";"None";"nan";"None";"nan";"1";"2";"Appartement";"31.0";"1.0";"None";"None";"None";"None";"nan";"7.266226";"43.699209";"000KT"
"2022-59384";"2022-05-31";"1";"Vente";"157000.0";"22.0";"None";"RUE MASSENA";"4110";"06000";"06088";"Nice";"06";"None";"None";"06088000KT0320";"None";"None";"21";"nan";"None";"nan";"None";"nan";"None";"nan";"None";"nan";"1";"2";"Appartement";"18.0";"1.0";"None";"None";"None";"None";"nan";"7.266415";"43.697518";"000KT"
"2022-58504";"2022-05-31";"1";"Vente";"1300000.0";"3.0";"None";"PROM DES ANGLAIS";"0240";"06000";"06088";"Nice";"06";"None";"None";"06088000KT0243";"None";"None";"1013";"nan";"1065";"nan";"None";"nan";"None";"nan";"None";"nan";"2";"3";"Dépendance";"nan";"0.0";"None";"None";"None";"None";"nan";"7.265001";"43.695379";"000KT"
"2022-59287";"2022-05-30";"1";"Vente";"151000.0";"12.0";"None";"RUE MASSENA";"4110";"06000";"06088";"Nice";"06";"None";"None";"06088000KT0057";"None";"None";"13";"nan";"None";"nan";"None";"nan";"None";"nan";"None";"nan";"1";"2";"Appartement";"25.0";"1.0";"None";"None";"None";"None";"nan";"7.267739";"43.697944";"000KT"
"2022-58624";"2022-05-25";"1";"Vente";"184200.0";"9.0";"None";"RUE MASSENA";"4110";"06000";"06088";"Nice";"06";"None";"None";"06088000KT0067";"None";"None";"29";"27.85";"None";"nan";"None";"nan";"None";"nan";"None";"nan";"1";"2";"Appartement";"30.0";"2.0";"None";"None";"None";"None";"nan";"7.268156";"43.697486";"000KT"
"2022-59377";"2022-05-25";"1";"Vente";"65000.0";"11.0";"None";"RUE MACCARANI";"3810";"06000";"06088";"Nice";"06";"None";"None";"06088000KT0322";"None";"None";"104";"nan";"None";"nan";"None";"nan";"None";"nan";"None";"nan";"1";"3";"Dépendance";"nan";"0.0";"None";"None";"None";"None";"nan";"7.264358";"43.697967";"000KT"
"2022-59019";"2022-05-24";"1";"Vente";"440000.0";"10.0";"None";"RUE DE FRANCE";"2595";"06000";"06088";"Nice";"06";"None";"None";"06088000KT0215";"None";"None";"88";"nan";"None";"nan";"None";"nan";"None";"nan";"None";"nan";"1";"2";"Appartement";"58.0";"2.0";"None";"None";"None";"None";"nan";"7.263675";"43.696685";"000KT"
"2022-59273";"2022-05-24";"1";"Vente";"170000.0";"6.0";"None";"RUE MASSENET";"4115";"06000";"06088";"Nice";"06";"None";"None";"06088000KT0368";"None";"None";"378";"20.73";"None";"nan";"None";"nan";"None";"nan";"None";"nan";"1";"2";"Appartement";"20.0";"1.0";"None";"None";"None";"None";"nan";"7.264583";"43.69571";"000KT"
"2022-59248";"2022-05-16";"1";"Vente";"155000.0";"1.0";"None";"PL GRIMALDI";"3030";"06000";"06088";"Nice";"06";"None";"None";"06088000KT0129";"None";"None";"307";"19.12";"None";"nan";"None";"nan";"None";"nan";"None";"nan";"1";"2";"Appartement";"19.0";"1.0";"None";"None";"None";"None";"nan";"7.265537";"43.697314";"000KT"
"2022-58967";"2022-05-11";"1";"Vente";"390000.0";"7.0";"None";"PROM DES ANGLAIS";"0240";"06000";"06088";"Nice";"06";"None";"None";"06088000KT0258";"None";"None";"309";"nan";"None";"nan";"None";"nan";"None";"nan";"None";"nan";"1";"2";"Appartement";"40.0";"1.0";"None";"None";"None";"None";"nan";"7.264082";"43.695203";"000KT"
"2022-58967";"2022-05-11";"1";"Vente";"390000.0";"7.0";"None";"PROM DES ANGLAIS";"0240";"06000";"06088";"Nice";"06";"None";"None";"06088000KT0258";"None";"None";"137";"nan";"None";"nan";"None";"nan";"None";"nan";"None";"nan";"1";"3";"Dépendance";"nan";"0.0";"None";"None";"None";"None";"nan";"7.264082";"43.695203";"000KT"
"2022-58967";"2022-05-11";"1";"Vente";"390000.0";"7.0";"None";"PROM DES ANGLAIS";"0240";"06000";"06088";"Nice";"06";"None";"None";"06088000KT0258";"None";"None";"309";"nan";"None";"nan";"None";"nan";"None";"nan";"None";"nan";"1";"3";"Dépendance";"nan";"0.0";"None";"None";"None";"None";"nan";"7.264082";"43.695203";"000KT"
"2022-59028";"2022-05-10";"1";"Vente";"230000.0";"8.0";"None";"RUE MASSENA";"4110";"06000";"06088";"Nice";"06";"None";"None";"06088000KT0064";"None";"None";"24";"nan";"None";"nan";"None";"nan";"None";"nan";"None";"nan";"1";"2";"Appartement";"26.0";"1.0";"None";"None";"None";"None";"nan";"7.267693";"43.697811";"000KT"
"2022-58187";"2022-05-06";"1";"Vente";"330000.0";"1.0";"None";"RUE DE LA BUFFA";"1000";"06000";"06088";"Nice";"06";"None";"None";"06088000KT0198";"None";"None";"29";"54.06";"6";"nan";"None";"nan";"None";"nan";"None";"nan";"2";"2";"Appartement";"53.0";"2.0";"None";"None";"None";"None";"nan";"7.264622";"43.697465";"000KT"
"2022-58187";"2022-05-06";"1";"Vente";"330000.0";"1.0";"None";"RUE DE LA BUFFA";"1000";"06000";"06088";"Nice";"06";"None";"None";"06088000KT0198";"None";"None";"29";"54.06";"6";"nan";"None";"nan";"None";"nan";"None";"nan";"2";"3";"Dépendance";"nan";"0.0";"None";"None";"None";"None";"nan";"7.264622";"43.697465";"000KT"
"2022-57523";"2022-05-05";"1";"Vente";"598590.0";"20.0";"None";"RUE DU CONGRES";"1655";"06000";"06088";"Nice";"06";"None";"None";"06088000KT0187";"None";"None";"25";"nan";"30";"nan";"None";"nan";"None";"nan";"None";"nan";"2";"2";"Appartement";"94.0";"3.0";"None";"None";"None";"None";"nan";"7.26286";"43.698643";"000KT"
"2022-57947";"2022-05-05";"1";"Vente";"154000.0";"9.0";"None";"RUE MASSENA";"4110";"06000";"06088";"Nice";"06";"None";"None";"06088000KT0067";"None";"None";"27";"29.14";"None";"nan";"None";"nan";"None";"nan";"None";"nan";"1";"2";"Appartement";"32.0";"2.0";"None";"None";"None";"None";"nan";"7.268156";"43.697486";"000KT"
"2022-58673";"2022-05-05";"1";"Vente";"444890.0";"5.0";"None";"AV JEAN MEDECIN";"3372";"06000";"06088";"Nice";"06";"None";"None";"06088000KT0045";"None";"None";"37";"nan";"None";"nan";"None";"nan";"None";"nan";"None";"nan";"1";"2";"Appartement";"79.0";"3.0";"None";"None";"None";"None";"nan";"7.268985";"43.698484";"000KT"
"2022-57523";"2022-05-05";"1";"Vente";"598590.0";"20.0";"None";"RUE DU CONGRES";"1655";"06000";"06088";"Nice";"06";"None";"None";"06088000KT0187";"None";"None";"25";"nan";"30";"nan";"None";"nan";"None";"nan";"None";"nan";"2";"3";"Dépendance";"nan";"0.0";"None";"None";"None";"None";"nan";"7.26286";"43.698643";"000KT"
"2022-58673";"2022-05-05";"1";"Vente";"444890.0";"5.0";"None";"AV JEAN MEDECIN";"3372";"06000";"06088";"Nice";"06";"None";"None";"06088000KT0045";"None";"None";"37";"nan";"None";"nan";"None";"nan";"None";"nan";"None";"nan";"1";"3";"Dépendance";"nan";"0.0";"None";"None";"None";"None";"nan";"7.268985";"43.698484";"000KT"
"2022-57777";"2022-05-04";"1";"Vente";"136500.0";"8.0";"None";"RUE FRANCOIS 1ER";"2645";"06000";"06088";"Nice";"06";"None";"None";"06088000KT0152";"None";"None";"54";"19.28";"None";"nan";"None";"nan";"None";"nan";"None";"nan";"1";"2";"Appartement";"18.0";"1.0";"None";"None";"None";"None";"nan";"7.26584";"43.698406";"000KT"
"2022-58104";"2022-05-03";"1";"Vente";"76570.0";"2.0";"None";"PL MAGENTA";"3870";"06000";"06088";"Nice";"06";"None";"None";"06088000KT0061";"None";"None";"53";"nan";"None";"nan";"None";"nan";"None";"nan";"None";"nan";"1";"2";"Appartement";"20.0";"1.0";"None";"None";"None";"None";"nan";"7.267286";"43.697839";"000KT"
"2022-58135";"2022-04-29";"1";"Vente";"733000.0";"11.0";"None";"RUE MACCARANI";"3810";"06000";"06088";"Nice";"06";"None";"None";"06088000KT0322";"None";"None";"214";"nan";"351";"87.21";"None";"nan";"None";"nan";"None";"nan";"2";"2";"Appartement";"87.0";"3.0";"None";"None";"None";"None";"nan";"7.264358";"43.697967";"000KT"
"2022-58227";"2022-04-29";"1";"Vente";"190000.0";"20.0";"None";"RUE DE LA LIBERTE";"3640";"06000";"06088";"Nice";"06";"None";"None";"06088000KT0144";"None";"None";"52";"nan";"None";"nan";"None";"nan";"None";"nan";"None";"nan";"1";"2";"Appartement";"21.0";"1.0";"None";"None";"None";"None";"nan";"7.266151";"43.698037";"000KT"
"2022-58135";"2022-04-29";"1";"Vente";"733000.0";"11.0";"None";"RUE MACCARANI";"3810";"06000";"06088";"Nice";"06";"None";"None";"06088000KT0322";"None";"None";"214";"nan";"351";"87.21";"None";"nan";"None";"nan";"None";"nan";"2";"3";"Dépendance";"nan";"0.0";"None";"None";"None";"None";"nan";"7.264358";"43.697967";"000KT"
"2022-58135";"2022-04-29";"1";"Vente";"733000.0";"11.0";"None";"RUE MACCARANI";"3810";"06000";"06088";"Nice";"06";"None";"None";"06088000KT0322";"None";"None";"214";"nan";"351";"87.21";"None";"nan";"None";"nan";"None";"nan";"2";"3";"Dépendance";"nan";"0.0";"None";"None";"None";"None";"nan";"7.264358";"43.697967";"000KT"
"2022-57061";"2022-04-28";"1";"Vente";"1014803.0";"12.0";"None";"RUE PARADIS";"4705";"06000";"06088";"Nice";"06";"None";"None";"06088000KT0065";"None";"None";"322";"nan";"None";"nan";"None";"nan";"None";"nan";"None";"nan";"1";"2";"Appartement";"152.0";"5.0";"None";"None";"None";"None";"nan";"7.267649";"43.6975";"000KT"
"2022-58005";"2022-04-28";"1";"Vente";"445000.0";"11.0";"None";"RUE GRIMALDI";"3035";"06000";"06088";"Nice";"06";"None";"None";"06088000KT0173";"None";"None";"24";"nan";"9";"68.46";"None";"nan";"None";"nan";"None";"nan";"2";"2";"Appartement";"75.0";"3.0";"None";"None";"None";"None";"nan";"7.264842";"43.698938";"000KT"
"2022-58163";"2022-04-28";"1";"Vente";"132050.0";"4.0";"B";"AV DE VERDUN";"6625";"06000";"06088";"Nice";"06";"None";"None";"06088000KT0338";"None";"None";"9";"nan";"None";"nan";"None";"nan";"None";"nan";"None";"nan";"1";"2";"Appartement";"25.0";"1.0";"None";"None";"None";"None";"nan";"7.269131";"43.697346";"000KT"
"2022-57293";"2022-04-28";"1";"Vente";"127568.0";"3.0";"None";"RUE DE LA BUFFA";"1000";"06000";"06088";"Nice";"06";"None";"None";"06088000KT0202";"None";"None";"21";"21.42";"None";"nan";"None";"nan";"None";"nan";"None";"nan";"1";"3";"Dépendance";"nan";"0.0";"None";"None";"None";"None";"nan";"7.264447";"43.697414";"000KT"
"2022-57407";"2022-04-26";"1";"Vente";"320000.0";"25.0";"None";"BD VICTOR HUGO";"6655";"06000";"06088";"Nice";"06";"None";"None";"06088000KT0185";"None";"None";"75";"nan";"None";"nan";"None";"nan";"None";"nan";"None";"nan";"1";"2";"Appartement";"36.0";"2.0";"None";"None";"None";"None";"nan";"7.263117";"43.698876";"000KT"
"2022-57784";"2022-04-26";"1";"Vente";"132000.0";"5.0";"None";"RUE MASSENA";"4110";"06000";"06088";"Nice";"06";"None";"None";"06088000KT0068";"None";"None";"54";"24.22";"None";"nan";"None";"nan";"None";"nan";"None";"nan";"1";"2";"Appartement";"24.0";"1.0";"None";"None";"None";"None";"nan";"7.268704";"43.697458";"000KT"
"2022-57407";"2022-04-26";"1";"Vente";"320000.0";"25.0";"None";"BD VICTOR HUGO";"6655";"06000";"06088";"Nice";"06";"None";"None";"06088000KT0185";"None";"None";"80";"nan";"None";"nan";"None";"nan";"None";"nan";"None";"nan";"1";"3";"Dépendance";"nan";"0.0";"None";"None";"None";"None";"nan";"7.263117";"43.698876";"000KT"
"2022-56860";"2022-04-25";"1";"Vente";"305000.0";"12.0";"None";"RUE ALPHONSE KARR";"0135";"06000";"06088";"Nice";"06";"None";"None";"06088000KT0017";"None";"None";"24";"nan";"85";"nan";"None";"nan";"None";"nan";"None";"nan";"2";"2";"Appartement";"65.0";"3.0";"None";"None";"None";"None";"nan";"7.265506";"43.699473";"000KT"
"2022-56860";"2022-04-25";"1";"Vente";"305000.0";"12.0";"None";"RUE ALPHONSE KARR";"0135";"06000";"06088";"Nice";"06";"None";"None";"06088000KT0017";"None";"None";"24";"nan";"85";"nan";"None";"nan";"None";"nan";"None";"nan";"2";"3";"Dépendance";"nan";"0.0";"None";"None";"None";"None";"nan";"7.265506";"43.699473";"000KT"
"2022-57146";"2022-04-22";"1";"Vente";"285330.0";"13.0";"None";"RUE MASSENET";"4115";"06000";"06088";"Nice";"06";"None";"None";"06088000KT0248";"None";"None";"109";"nan";"119";"nan";"None";"nan";"None";"nan";"None";"nan";"2";"2";"Appartement";"35.0";"1.0";"None";"None";"None";"None";"nan";"7.263949";"43.696342";"000KT"
"2022-57146";"2022-04-22";"1";"Vente";"285330.0";"13.0";"None";"RUE MASSENET";"4115";"06000";"06088";"Nice";"06";"None";"None";"06088000KT0248";"None";"None";"109";"nan";"119";"nan";"None";"nan";"None";"nan";"None";"nan";"2";"3";"Dépendance";"nan";"0.0";"None";"None";"None";"None";"nan";"7.263949";"43.696342";"000KT"
"2022-57144";"2022-04-22";"1";"Vente";"110400.0";"10.0";"None";"RUE DU CONGRES";"1655";"06000";"06088";"Nice";"06";"None";"None";"06088000KT0213";"None";"None";"4";"nan";"None";"nan";"None";"nan";"None";"nan";"None";"nan";"1";"4";"Local industriel. commercial ou assimilé";"65.0";"0.0";"None";"None";"None";"None";"nan";"7.26335";"43.696583";"000KT"
"2022-57144";"2022-04-22";"1";"Vente";"110400.0";"10.0";"None";"RUE DU CONGRES";"1655";"06000";"06088";"Nice";"06";"None";"None";"06088000KT0213";"None";"None";"4";"nan";"None";"nan";"None";"nan";"None";"nan";"None";"nan";"1";"4";"Local industriel. commercial ou assimilé";"218.0";"0.0";"None";"None";"None";"None";"nan";"7.26335";"43.696583";"000KT"
"2022-56929";"2022-04-20";"1";"Vente";"221892.0";"10.0";"None";"RUE DU CONGRES";"1655";"06000";"06088";"Nice";"06";"None";"None";"06088000KT0213";"None";"None";"18";"nan";"None";"nan";"None";"nan";"None";"nan";"None";"nan";"1";"2";"Appartement";"36.0";"2.0";"None";"None";"None";"None";"nan";"7.26335";"43.696583";"000KT"
"2022-56665";"2022-04-19";"1";"Vente";"133000.0";"11.0";"None";"RUE PARADIS";"4705";"06000";"06088";"Nice";"06";"None";"None";"06088000KT0119";"None";"None";"69";"nan";"None";"nan";"None";"nan";"None";"nan";"None";"nan";"1";"2";"Appartement";"18.0";"1.0";"None";"None";"None";"None";"nan";"7.26709";"43.697354";"000KT"
"2022-56275";"2022-04-15";"1";"Vente";"730000.0";"5.0";"None";"BD VICTOR HUGO";"6655";"06000";"06088";"Nice";"06";"None";"None";"06088000KT0394";"None";"None";"215";"nan";"None";"nan";"None";"nan";"None";"nan";"None";"nan";"1";"2";"Appartement";"112.0";"5.0";"None";"None";"None";"None";"nan";"7.266523";"43.699504";"000KT"
"2022-56275";"2022-04-15";"1";"Vente";"730000.0";"5.0";"None";"BD VICTOR HUGO";"6655";"06000";"06088";"Nice";"06";"None";"None";"06088000KT0394";"None";"None";"215";"nan";"None";"nan";"None";"nan";"None";"nan";"None";"nan";"1";"3";"Dépendance";"nan";"0.0";"None";"None";"None";"None";"nan";"7.266523";"43.699504";"000KT"
"2022-56275";"2022-04-15";"1";"Vente";"730000.0";"5.0";"None";"BD VICTOR HUGO";"6655";"06000";"06088";"Nice";"06";"None";"None";"06088000KT0394";"None";"None";"215";"nan";"None";"nan";"None";"nan";"None";"nan";"None";"nan";"1";"3";"Dépendance";"nan";"0.0";"None";"None";"None";"None";"nan";"7.266523";"43.699504";"000KT"
"2022-56509";"2022-04-12";"1";"Vente";"362000.0";"25.0";"None";"BD VICTOR HUGO";"6655";"06000";"06088";"Nice";"06";"None";"None";"06088000KT0185";"None";"None";"76";"31.0";"None";"nan";"None";"nan";"None";"nan";"None";"nan";"1";"2";"Appartement";"35.0";"2.0";"None";"None";"None";"None";"nan";"7.263117";"43.698876";"000KT"
"2022-56509";"2022-04-12";"1";"Vente";"362000.0";"25.0";"None";"BD VICTOR HUGO";"6655";"06000";"06088";"Nice";"06";"None";"None";"06088000KT0185";"None";"None";"79";"nan";"None";"nan";"None";"nan";"None";"nan";"None";"nan";"1";"3";"Dépendance";"nan";"0.0";"None";"None";"None";"None";"nan";"7.263117";"43.698876";"000KT"
"2022-56299";"2022-04-11";"1";"Vente";"950000.0";"10.0";"None";"RUE DU CONGRES";"1655";"06000";"06088";"Nice";"06";"None";"None";"06088000KT0213";"None";"None";"45";"nan";"None";"nan";"None";"nan";"None";"nan";"None";"nan";"1";"3";"Dépendance";"nan";"0.0";"None";"None";"None";"None";"nan";"7.26335";"43.696583";"000KT"
"2022-56299";"2022-04-11";"1";"Vente";"950000.0";"10.0";"None";"RUE DU CONGRES";"1655";"06000";"06088";"Nice";"06";"None";"None";"06088000KT0213";"None";"None";"44";"nan";"None";"nan";"None";"nan";"None";"nan";"None";"nan";"1";"3";"Dépendance";"nan";"0.0";"None";"None";"None";"None";"nan";"7.26335";"43.696583";"000KT"
"2022-55808";"2022-04-07";"1";"Vente";"188000.0";"7.0";"None";"PROM DES ANGLAIS";"0240";"06000";"06088";"Nice";"06";"None";"None";"06088000KT0258";"None";"None";"371";"19.01";"None";"nan";"None";"nan";"None";"nan";"None";"nan";"1";"2";"Appartement";"23.0";"1.0";"None";"None";"None";"None";"nan";"7.264082";"43.695203";"000KT"
"2022-56988";"2022-04-07";"1";"Vente";"395000.0";"2.0";"None";"RUE DU MARECHAL JOFFRE";"4020";"06000";"06088";"Nice";"06";"None";"None";"06088000KT0005";"None";"None";"132";"nan";"172";"56.87";"None";"nan";"None";"nan";"None";"nan";"2";"2";"Appartement";"61.0";"2.0";"None";"None";"None";"None";"nan";"7.267897";"43.699743";"000KT"
"2022-56134";"2022-04-06";"1";"Vente";"570000.0";"20.0";"None";"RUE DU MARECHAL JOFFRE";"4020";"06000";"06088";"Nice";"06";"None";"None";"06088000KT0163";"None";"None";"110";"nan";"None";"nan";"None";"nan";"None";"nan";"None";"nan";"1";"2";"Appartement";"62.0";"3.0";"None";"None";"None";"None";"nan";"7.265209";"43.699055";"000KT"
"2022-56134";"2022-04-06";"1";"Vente";"570000.0";"10.0";"B";"RUE DU MARECHAL JOFFRE";"4020";"06000";"06088";"Nice";"06";"None";"None";"06088000KT0163";"None";"None";"50";"nan";"None";"nan";"None";"nan";"None";"nan";"None";"nan";"1";"3";"Dépendance";"nan";"0.0";"None";"None";"None";"None";"nan";"7.265209";"43.699055";"000KT"
"2022-56410";"2022-04-05";"1";"Vente";"179000.0";"5.0";"None";"RUE DE FRANCE";"2595";"06000";"06088";"Nice";"06";"None";"None";"06088000KT0226";"None";"None";"17";"33.96";"None";"nan";"None";"nan";"None";"nan";"None";"nan";"1";"2";"Appartement";"18.0";"1.0";"None";"None";"None";"None";"nan";"7.26468";"43.696485";"000KT"
"2022-56217";"2022-04-04";"1";"Vente";"390000.0";"8.0";"B";"RUE DU CONGRES";"1655";"06000";"06088";"Nice";"06";"None";"None";"06088000KT0252";"None";"None";"30";"44.52";"None";"nan";"None";"nan";"None";"nan";"None";"nan";"1";"2";"Appartement";"56.0";"2.0";"None";"None";"None";"None";"nan";"7.26348";"43.696237";"000KT"
"2022-56389";"2022-04-04";"1";"Vente";"120000.0";"9.0";"None";"RUE HALEVY";"3170";"06000";"06088";"Nice";"06";"None";"None";"06088000KT0340";"None";"None";"35";"20.13";"None";"nan";"None";"nan";"None";"nan";"None";"nan";"1";"2";"Appartement";"30.0";"1.0";"None";"None";"None";"None";"nan";"7.26483";"43.696253";"000KT"
"2022-56574";"2022-04-04";"1";"Vente";"555000.0";"7.0";"None";"PROM DES ANGLAIS";"0240";"06000";"06088";"Nice";"06";"None";"None";"06088000KT0258";"None";"None";"386";"35.2";"None";"nan";"None";"nan";"None";"nan";"None";"nan";"1";"2";"Appartement";"45.0";"1.0";"None";"None";"None";"None";"nan";"7.264082";"43.695203";"000KT"
"2022-56574";"2022-04-04";"1";"Vente";"555000.0";"7.0";"None";"PROM DES ANGLAIS";"0240";"06000";"06088";"Nice";"06";"None";"None";"06088000KT0258";"None";"None";"147";"nan";"None";"nan";"None";"nan";"None";"nan";"None";"nan";"1";"3";"Dépendance";"nan";"0.0";"None";"None";"None";"None";"nan";"7.264082";"43.695203";"000KT"
"2022-55955";"2022-04-01";"1";"Vente";"625000.0";"11.0";"None";"RUE MACCARANI";"3810";"06000";"06088";"Nice";"06";"None";"None";"06088000KT0322";"None";"None";"214";"nan";"351";"nan";"None";"nan";"None";"nan";"None";"nan";"2";"2";"Appartement";"87.0";"3.0";"None";"None";"None";"None";"nan";"7.264358";"43.697967";"000KT"
"2022-55955";"2022-04-01";"1";"Vente";"625000.0";"11.0";"None";"RUE MACCARANI";"3810";"06000";"06088";"Nice";"06";"None";"None";"06088000KT0322";"None";"None";"214";"nan";"351";"nan";"None";"nan";"None";"nan";"None";"nan";"2";"3";"Dépendance";"nan";"0.0";"None";"None";"None";"None";"nan";"7.264358";"43.697967";"000KT"
"2022-55955";"2022-04-01";"1";"Vente";"625000.0";"11.0";"None";"RUE MACCARANI";"3810";"06000";"06088";"Nice";"06";"None";"None";"06088000KT0322";"None";"None";"104";"nan";"None";"nan";"None";"nan";"None";"nan";"None";"nan";"1";"3";"Dépendance";"nan";"0.0";"None";"None";"None";"None";"nan";"7.264358";"43.697967";"000KT"
"2022-55955";"2022-04-01";"1";"Vente";"625000.0";"11.0";"None";"RUE MACCARANI";"3810";"06000";"06088";"Nice";"06";"None";"None";"06088000KT0322";"None";"None";"214";"nan";"351";"nan";"None";"nan";"None";"nan";"None";"nan";"2";"3";"Dépendance";"nan";"0.0";"None";"None";"None";"None";"nan";"7.264358";"43.697967";"000KT"
"2022-55553";"2022-03-30";"1";"Vente";"149919.0";"10.0";"None";"RUE DU CONGRES";"1655";"06000";"06088";"Nice";"06";"None";"None";"06088000KT0213";"None";"None";"12";"25.0";"None";"nan";"None";"nan";"None";"nan";"None";"nan";"1";"2";"Appartement";"24.0";"1.0";"None";"None";"None";"None";"nan";"7.26335";"43.696583";"000KT"
"2022-55554";"2022-03-30";"1";"Vente";"102465.0";"10.0";"None";"RUE DU CONGRES";"1655";"06000";"06088";"Nice";"06";"None";"None";"06088000KT0213";"None";"None";"5";"nan";"None";"nan";"None";"nan";"None";"nan";"None";"nan";"1";"4";"Local industriel. commercial ou assimilé";"218.0";"0.0";"None";"None";"None";"None";"nan";"7.26335";"43.696583";"000KT"
"2022-55554";"2022-03-30";"1";"Vente";"102465.0";"10.0";"None";"RUE DU CONGRES";"1655";"06000";"06088";"Nice";"06";"None";"None";"06088000KT0213";"None";"None";"5";"nan";"None";"nan";"None";"nan";"None";"nan";"None";"nan";"1";"4";"Local industriel. commercial ou assimilé";"65.0";"0.0";"None";"None";"None";"None";"nan";"7.26335";"43.696583";"000KT"
"2022-55434";"2022-03-29";"1";"Vente";"840000.0";"11.0";"None";"RUE MACCARANI";"3810";"06000";"06088";"Nice";"06";"None";"None";"06088000KT0322";"None";"None";"251";"nan";"321";"nan";"None";"nan";"None";"nan";"None";"nan";"2";"2";"Appartement";"123.0";"4.0";"None";"None";"None";"None";"nan";"7.264358";"43.697967";"000KT"
"2022-55434";"2022-03-29";"1";"Vente";"840000.0";"11.0";"None";"RUE MACCARANI";"3810";"06000";"06088";"Nice";"06";"None";"None";"06088000KT0322";"None";"None";"251";"nan";"321";"nan";"None";"nan";"None";"nan";"None";"nan";"2";"3";"Dépendance";"nan";"0.0";"None";"None";"None";"None";"nan";"7.264358";"43.697967";"000KT"
"2022-55434";"2022-03-29";"1";"Vente";"840000.0";"11.0";"None";"RUE MACCARANI";"3810";"06000";"06088";"Nice";"06";"None";"None";"06088000KT0322";"None";"None";"251";"nan";"321";"nan";"None";"nan";"None";"nan";"None";"nan";"2";"3";"Dépendance";"nan";"0.0";"None";"None";"None";"None";"nan";"7.264358";"43.697967";"000KT"
"2022-55434";"2022-03-29";"1";"Vente";"840000.0";"11.0";"None";"RUE MACCARANI";"3810";"06000";"06088";"Nice";"06";"None";"None";"06088000KT0322";"None";"None";"202";"nan";"None";"nan";"None";"nan";"None";"nan";"None";"nan";"1";"3";"Dépendance";"nan";"0.0";"None";"None";"None";"None";"nan";"7.264358";"43.697967";"000KT"
"2022-56638";"2022-03-29";"1";"Vente";"36000.0";"12.0";"None";"RUE PARADIS";"4705";"06000";"06088";"Nice";"06";"None";"None";"06088000KT0065";"None";"None";"205";"nan";"None";"nan";"None";"nan";"None";"nan";"None";"nan";"1";"3";"Dépendance";"nan";"0.0";"None";"None";"None";"None";"nan";"7.267649";"43.6975";"000KT"
"2022-56638";"2022-03-29";"1";"Vente";"36000.0";"13.0";"None";"RUE MASSENA";"4110";"06000";"06088";"Nice";"06";"None";"None";"06088000KT0065";"None";"None";"108";"nan";"None";"nan";"None";"nan";"None";"nan";"None";"nan";"1";"4";"Local industriel. commercial ou assimilé";"35.0";"0.0";"None";"None";"None";"None";"nan";"7.267649";"43.6975";"000KT"
"2022-55771";"2022-03-28";"1";"Vente";"110000.0";"5.0";"None";"RUE PARADIS";"4705";"06000";"06088";"Nice";"06";"None";"None";"06088000KT0117";"None";"None";"17";"40.92";"None";"nan";"None";"nan";"None";"nan";"None";"nan";"1";"2";"Appartement";"39.0";"3.0";"None";"None";"None";"None";"nan";"7.267187";"43.696854";"000KT"
"2022-55562";"2022-03-28";"1";"Vente";"700000.0";"1.0";"None";"PL MAGENTA";"3870";"06000";"06088";"Nice";"06";"None";"None";"06088000KT0121";"None";"None";"50";"98.19";"None";"nan";"None";"nan";"None";"nan";"None";"nan";"1";"4";"Local industriel. commercial ou assimilé";"100.0";"0.0";"None";"None";"None";"None";"nan";"7.266815";"43.697788";"000KT"
"2022-55565";"2022-03-24";"1";"Vente";"253394.0";"10.0";"None";"RUE DU CONGRES";"1655";"06000";"06088";"Nice";"06";"None";"None";"06088000KT0213";"None";"None";"32";"nan";"None";"nan";"None";"nan";"None";"nan";"None";"nan";"1";"2";"Appartement";"41.0";"2.0";"None";"None";"None";"None";"nan";"7.26335";"43.696583";"000KT"
"2022-56473";"2022-03-24";"1";"Vente";"950000.0";"7.0";"None";"PROM DES ANGLAIS";"0240";"06000";"06088";"Nice";"06";"None";"None";"06088000KT0258";"None";"None";"365";"98.72";"None";"nan";"None";"nan";"None";"nan";"None";"nan";"1";"2";"Appartement";"129.0";"3.0";"None";"None";"None";"None";"nan";"7.264082";"43.695203";"000KT"
"2022-56473";"2022-03-24";"1";"Vente";"950000.0";"7.0";"None";"PROM DES ANGLAIS";"0240";"06000";"06088";"Nice";"06";"None";"None";"06088000KT0258";"None";"None";"140";"nan";"None";"nan";"None";"nan";"None";"nan";"None";"nan";"1";"3";"Dépendance";"nan";"0.0";"None";"None";"None";"None";"nan";"7.264082";"43.695203";"000KT"
"2022-56473";"2022-03-24";"1";"Vente";"950000.0";"7.0";"None";"PROM DES ANGLAIS";"0240";"06000";"06088";"Nice";"06";"None";"None";"06088000KT0258";"None";"None";"209";"nan";"None";"nan";"None";"nan";"None";"nan";"None";"nan";"1";"3";"Dépendance";"nan";"0.0";"None";"None";"None";"None";"nan";"7.264082";"43.695203";"000KT"
"2022-55109";"2022-03-17";"1";"Vente";"405000.0";"20.0";"None";"RUE DE LA LIBERTE";"3640";"06000";"06088";"Nice";"06";"None";"None";"06088000KT0144";"None";"None";"60";"nan";"None";"nan";"None";"nan";"None";"nan";"None";"nan";"1";"2";"Appartement";"56.0";"2.0";"None";"None";"None";"None";"nan";"7.266151";"43.698037";"000KT"
"2022-54339";"2022-03-14";"1";"Vente";"130000.0";"3.0";"None";"RUE EUGENE EMMANUEL";"2360";"06000";"06088";"Nice";"06";"None";"None";"06088000KT0015";"None";"None";"131";"20.81";"None";"nan";"None";"nan";"None";"nan";"None";"nan";"1";"2";"Appartement";"23.0";"1.0";"None";"None";"None";"None";"nan";"7.266019";"43.699309";"000KT"
"2022-55110";"2022-03-14";"1";"Vente";"270500.0";"7.0";"None";"RUE HALEVY";"3170";"06000";"06088";"Nice";"06";"None";"None";"06088000KT0341";"None";"None";"8";"nan";"None";"nan";"None";"nan";"None";"nan";"None";"nan";"1";"2";"Appartement";"65.0";"2.0";"None";"None";"None";"None";"nan";"7.264754";"43.696074";"000KT"
"2022-54836";"2022-03-11";"1";"Vente";"2000000.0";"13.0";"None";"RUE MASSENA";"4110";"06000";"06088";"Nice";"06";"None";"None";"06088000KT0065";"None";"None";"183";"nan";"None";"nan";"None";"nan";"None";"nan";"None";"nan";"1";"2";"Appartement";"262.0";"6.0";"None";"None";"None";"None";"nan";"7.267649";"43.6975";"000KT"
"2022-54836";"2022-03-11";"1";"Vente";"2000000.0";"13.0";"None";"RUE MASSENA";"4110";"06000";"06088";"Nice";"06";"None";"None";"06088000KT0065";"None";"None";"183";"nan";"None";"nan";"None";"nan";"None";"nan";"None";"nan";"1";"3";"Dépendance";"nan";"0.0";"None";"None";"None";"None";"nan";"7.267649";"43.6975";"000KT"
"2022-54724";"2022-03-10";"1";"Vente";"522500.0";"3.0";"None";"RUE HALEVY";"3170";"06000";"06088";"Nice";"06";"None";"None";"06088000KT0243";"None";"None";"2046";"nan";"2103";"64.75";"None";"nan";"None";"nan";"None";"nan";"2";"2";"Appartement";"51.0";"2.0";"None";"None";"None";"None";"nan";"7.265001";"43.695379";"000KT"
"2022-54720";"2022-03-10";"1";"Vente";"40000.0";"6.0";"None";"RUE MASSENET";"4115";"06000";"06088";"Nice";"06";"None";"None";"06088000KT0368";"None";"None";"231";"nan";"None";"nan";"None";"nan";"None";"nan";"None";"nan";"1";"3";"Dépendance";"nan";"0.0";"None";"None";"None";"None";"nan";"7.264583";"43.69571";"000KT"
"2022-54724";"2022-03-10";"1";"Vente";"522500.0";"3.0";"None";"RUE HALEVY";"3170";"06000";"06088";"Nice";"06";"None";"None";"06088000KT0243";"None";"None";"2046";"nan";"2103";"64.75";"None";"nan";"None";"nan";"None";"nan";"2";"3";"Dépendance";"nan";"0.0";"None";"None";"None";"None";"nan";"7.265001";"43.695379";"000KT"
"2022-54724";"2022-03-10";"1";"Vente";"522500.0";"3.0";"None";"RUE HALEVY";"3170";"06000";"06088";"Nice";"06";"None";"None";"06088000KT0243";"None";"None";"2046";"nan";"2103";"64.75";"None";"nan";"None";"nan";"None";"nan";"2";"3";"Dépendance";"nan";"0.0";"None";"None";"None";"None";"nan";"7.265001";"43.695379";"000KT"
"2022-54912";"2022-03-09";"1";"Vente";"372500.0";"13.0";"None";"RUE DU COMMANDANT RAFFALI";"1636";"06000";"06088";"Nice";"06";"None";"None";"06088000KT0234";"None";"None";"None";"nan";"None";"nan";"None";"nan";"None";"nan";"None";"nan";"0";"4";"Local industriel. commercial ou assimilé";"50.0";"0.0";"S";"sols";"None";"None";"39.0";"7.264598";"43.696291";"000KT"
"2022-54773";"2022-03-08";"1";"Vente";"60000.0";"12.0";"None";"RUE JOSEPH BRES";"3455";"06000";"06088";"Nice";"06";"None";"None";"06088000KT0381";"None";"None";"160";"nan";"None";"nan";"None";"nan";"None";"nan";"None";"nan";"1";"3";"Dépendance";"nan";"0.0";"None";"None";"None";"None";"nan";"7.268336";"43.698832";"000KT"
"2022-54469";"2022-03-04";"1";"Vente";"440000.0";"5.0";"None";"RUE DE LA BUFFA";"1000";"06000";"06088";"Nice";"06";"None";"None";"06088000KT0203";"None";"None";"11";"nan";"43";"57.45";"None";"nan";"None";"nan";"None";"nan";"2";"2";"Appartement";"58.0";"2.0";"None";"None";"None";"None";"nan";"7.264266";"43.697327";"000KT"
"2022-54469";"2022-03-04";"1";"Vente";"440000.0";"5.0";"None";"RUE DE LA BUFFA";"1000";"06000";"06088";"Nice";"06";"None";"None";"06088000KT0203";"None";"None";"11";"nan";"43";"57.45";"None";"nan";"None";"nan";"None";"nan";"2";"3";"Dépendance";"nan";"0.0";"None";"None";"None";"None";"nan";"7.264266";"43.697327";"000KT"
"2022-54469";"2022-03-04";"1";"Vente";"440000.0";"5.0";"None";"RUE DE LA BUFFA";"1000";"06000";"06088";"Nice";"06";"None";"None";"06088000KT0203";"None";"None";"34";"nan";"None";"nan";"None";"nan";"None";"nan";"None";"nan";"1";"3";"Dépendance";"nan";"0.0";"None";"None";"None";"None";"nan";"7.264266";"43.697327";"000KT"
"2022-54479";"2022-03-04";"1";"Vente";"95000.0";"1.0";"None";"RUE RAYNARDI";"5390";"06000";"06088";"Nice";"06";"None";"None";"06088000KT0012";"None";"None";"3";"20.43";"None";"nan";"None";"nan";"None";"nan";"None";"nan";"1";"4";"Local industriel. commercial ou assimilé";"24.0";"0.0";"None";"None";"None";"None";"nan";"7.267077";"43.699566";"000KT"
"2022-54016";"2022-03-03";"1";"Vente";"185000.0";"5.0";"None";"RUE MACCARANI";"3810";"06000";"06088";"Nice";"06";"None";"None";"06088000KT0200";"None";"None";"16";"24.84";"None";"nan";"None";"nan";"None";"nan";"None";"nan";"1";"2";"Appartement";"30.0";"1.0";"None";"None";"None";"None";"nan";"7.26466";"43.697132";"000KT"
"2022-54919";"2022-02-28";"1";"Vente";"330000.0";"18.0";"A";"RUE DU CONGRES";"1655";"06000";"06088";"Nice";"06";"None";"None";"06088000KT0315";"None";"None";"37";"62.68";"59";"nan";"None";"nan";"None";"nan";"None";"nan";"2";"2";"Appartement";"65.0";"2.0";"None";"None";"None";"None";"nan";"7.263177";"43.698011";"000KT"
"2022-54513";"2022-02-28";"1";"Vente";"30000.0";"7.0";"None";"PROM DES ANGLAIS";"0240";"06000";"06088";"Nice";"06";"None";"None";"06088000KT0258";"None";"None";"481";"nan";"None";"nan";"None";"nan";"None";"nan";"None";"nan";"1";"3";"Dépendance";"nan";"0.0";"None";"None";"None";"None";"nan";"7.264082";"43.695203";"000KT"
"2022-53672";"2022-02-25";"1";"Vente";"495400.0";"10.0";"B";"AV DE VERDUN";"6625";"06000";"06088";"Nice";"06";"None";"None";"06088000KT0295";"None";"None";"10";"nan";"36";"nan";"None";"nan";"None";"nan";"None";"nan";"2";"2";"Appartement";"77.0";"3.0";"None";"None";"None";"None";"nan";"7.268399";"43.696844";"000KT"
"2022-53848";"2022-02-25";"1";"Vente";"200000.0";"13.0";"None";"RUE MASSENET";"4115";"06000";"06088";"Nice";"06";"None";"None";"06088000KT0248";"None";"None";"4";"nan";"90";"27.46";"None";"nan";"None";"nan";"None";"nan";"2";"2";"Appartement";"27.0";"1.0";"None";"None";"None";"None";"nan";"7.263949";"43.696342";"000KT"
"2022-53948";"2022-02-25";"1";"Vente";"410000.0";"13.0";"None";"RUE MASSENET";"4115";"06000";"06088";"Nice";"06";"None";"None";"06088000KT0248";"None";"None";"7";"nan";"83";"54.68";"None";"nan";"None";"nan";"None";"nan";"2";"2";"Appartement";"49.0";"2.0";"None";"None";"None";"None";"nan";"7.263949";"43.696342";"000KT"
"2022-53672";"2022-02-25";"1";"Vente";"495400.0";"10.0";"B";"AV DE VERDUN";"6625";"06000";"06088";"Nice";"06";"None";"None";"06088000KT0295";"None";"None";"10";"nan";"36";"nan";"None";"nan";"None";"nan";"None";"nan";"2";"3";"Dépendance";"nan";"0.0";"None";"None";"None";"None";"nan";"7.268399";"43.696844";"000KT"
"2022-53848";"2022-02-25";"1";"Vente";"200000.0";"13.0";"None";"RUE MASSENET";"4115";"06000";"06088";"Nice";"06";"None";"None";"06088000KT0248";"None";"None";"4";"nan";"90";"27.46";"None";"nan";"None";"nan";"None";"nan";"2";"3";"Dépendance";"nan";"0.0";"None";"None";"None";"None";"nan";"7.263949";"43.696342";"000KT"
"2022-53848";"2022-02-25";"1";"Vente";"200000.0";"13.0";"None";"RUE MASSENET";"4115";"06000";"06088";"Nice";"06";"None";"None";"06088000KT0248";"None";"None";"4";"nan";"90";"27.46";"None";"nan";"None";"nan";"None";"nan";"2";"3";"Dépendance";"nan";"0.0";"None";"None";"None";"None";"nan";"7.263949";"43.696342";"000KT"
"2022-53948";"2022-02-25";"1";"Vente";"410000.0";"13.0";"None";"RUE MASSENET";"4115";"06000";"06088";"Nice";"06";"None";"None";"06088000KT0248";"None";"None";"7";"nan";"83";"54.68";"None";"nan";"None";"nan";"None";"nan";"2";"3";"Dépendance";"nan";"0.0";"None";"None";"None";"None";"nan";"7.263949";"43.696342";"000KT"
"2022-53351";"2022-02-24";"1";"Vente";"240000.0";"10.0";"None";"RUE DE FRANCE";"2595";"06000";"06088";"Nice";"06";"None";"None";"06088000KT0215";"None";"None";"85";"30.66";"None";"nan";"None";"nan";"None";"nan";"None";"nan";"1";"2";"Appartement";"27.0";"1.0";"None";"None";"None";"None";"nan";"7.263675";"43.696685";"000KT"
"2022-53581";"2022-02-22";"1";"Vente";"139000.0";"9.0";"None";"RUE MASSENA";"4110";"06000";"06088";"Nice";"06";"None";"None";"06088000KT0067";"None";"None";"28";"31.68";"None";"nan";"None";"nan";"None";"nan";"None";"nan";"1";"2";"Appartement";"32.0";"1.0";"None";"None";"None";"None";"nan";"7.268156";"43.697486";"000KT"
"2022-54442";"2022-02-21";"1";"Vente";"220000.0";"19.0";"None";"RUE MASSENA";"4110";"06000";"06088";"Nice";"06";"None";"None";"06088000KT0108";"None";"None";"23";"44.11";"None";"nan";"None";"nan";"None";"nan";"None";"nan";"1";"2";"Appartement";"46.0";"2.0";"None";"None";"None";"None";"nan";"7.266662";"43.697218";"000KT"
"2022-54442";"2022-02-21";"1";"Vente";"220000.0";"19.0";"None";"RUE MASSENA";"4110";"06000";"06088";"Nice";"06";"None";"None";"06088000KT0108";"None";"None";"24";"nan";"None";"nan";"None";"nan";"None";"nan";"None";"nan";"1";"3";"Dépendance";"nan";"0.0";"None";"None";"None";"None";"nan";"7.266662";"43.697218";"000KT"
"2022-54157";"2022-02-18";"1";"Vente";"227000.0";"15.0";"None";"RUE DE FRANCE";"2595";"06000";"06088";"Nice";"06";"None";"None";"06088000KT0250";"None";"None";"37";"35.4";"None";"nan";"None";"nan";"None";"nan";"None";"nan";"1";"2";"Appartement";"45.0";"2.0";"None";"None";"None";"None";"nan";"7.263732";"43.696241";"000KT"
"2022-53894";"2022-02-17";"1";"Vente";"230000.0";"4.0";"None";"RUE DU CONGRES";"1655";"06000";"06088";"Nice";"06";"None";"None";"06088000KT0255";"None";"None";"41";"nan";"None";"nan";"None";"nan";"None";"nan";"None";"nan";"1";"2";"Appartement";"33.0";"1.0";"None";"None";"None";"None";"nan";"7.2636";"43.695518";"000KT"
"2022-54209";"2022-02-17";"1";"Vente";"110000.0";"8.0";"None";"RUE FRANCOIS 1ER";"2645";"06000";"06088";"Nice";"06";"None";"None";"06088000KT0152";"None";"None";"28";"nan";"None";"nan";"None";"nan";"None";"nan";"None";"nan";"1";"2";"Appartement";"24.0";"1.0";"None";"None";"None";"None";"nan";"7.26584";"43.698406";"000KT"
"2022-53894";"2022-02-17";"1";"Vente";"230000.0";"4.0";"None";"RUE DU CONGRES";"1655";"06000";"06088";"Nice";"06";"None";"None";"06088000KT0255";"None";"None";"41";"nan";"None";"nan";"None";"nan";"None";"nan";"None";"nan";"1";"3";"Dépendance";"nan";"0.0";"None";"None";"None";"None";"nan";"7.2636";"43.695518";"000KT"
"2022-54209";"2022-02-17";"1";"Vente";"110000.0";"8.0";"None";"RUE FRANCOIS 1ER";"2645";"06000";"06088";"Nice";"06";"None";"None";"06088000KT0152";"None";"None";"28";"nan";"None";"nan";"None";"nan";"None";"nan";"None";"nan";"1";"3";"Dépendance";"nan";"0.0";"None";"None";"None";"None";"nan";"7.26584";"43.698406";"000KT"
"2022-53418";"2022-02-11";"1";"Vente";"1040000.0";"8.0";"None";"RUE MASSENET";"4115";"06000";"06088";"Nice";"06";"None";"None";"06088000KT0308";"None";"None";"32";"nan";"4";"nan";"51";"nan";"None";"nan";"None";"nan";"3";"2";"Appartement";"104.0";"5.0";"None";"None";"None";"None";"nan";"7.264522";"43.696135";"000KT"
"2022-52707";"2022-02-09";"1";"Vente";"130000.0";"20.0";"None";"RUE DU MARECHAL JOFFRE";"4020";"06000";"06088";"Nice";"06";"None";"None";"06088000KT0163";"None";"None";"97";"30.53";"None";"nan";"None";"nan";"None";"nan";"None";"nan";"1";"2";"Appartement";"30.0";"1.0";"None";"None";"None";"None";"nan";"7.265209";"43.699055";"000KT"
"2022-52800";"2022-02-07";"1";"Vente";"144000.0";"10.0";"None";"RUE DE FRANCE";"2595";"06000";"06088";"Nice";"06";"None";"None";"06088000KT0215";"None";"None";"63";"nan";"None";"nan";"None";"nan";"None";"nan";"None";"nan";"1";"2";"Appartement";"24.0";"1.0";"None";"None";"None";"None";"nan";"7.263675";"43.696685";"000KT"
"2022-52770";"2022-02-04";"1";"Vente";"405000.0";"25.0";"None";"BD VICTOR HUGO";"6655";"06000";"06088";"Nice";"06";"None";"None";"06088000KT0185";"None";"None";"73";"32.25";"82";"nan";"None";"nan";"None";"nan";"None";"nan";"2";"2";"Appartement";"42.0";"2.0";"None";"None";"None";"None";"nan";"7.263117";"43.698876";"000KT"
"2022-52770";"2022-02-04";"1";"Vente";"405000.0";"25.0";"None";"BD VICTOR HUGO";"6655";"06000";"06088";"Nice";"06";"None";"None";"06088000KT0185";"None";"None";"73";"32.25";"82";"nan";"None";"nan";"None";"nan";"None";"nan";"2";"2";"Appartement";"151.0";"4.0";"None";"None";"None";"None";"nan";"7.263117";"43.698876";"000KT"
"2022-52831";"2022-02-04";"1";"Vente";"181000.0";"2.0";"None";"PL MAGENTA";"3870";"06000";"06088";"Nice";"06";"None";"None";"06088000KT0061";"None";"None";"39";"24.21";"None";"nan";"None";"nan";"None";"nan";"None";"nan";"1";"2";"Appartement";"27.0";"1.0";"None";"None";"None";"None";"nan";"7.267286";"43.697839";"000KT"
"2022-52881";"2022-02-04";"1";"Vente";"210000.0";"15.0";"None";"RUE DE FRANCE";"2595";"06000";"06088";"Nice";"06";"None";"None";"06088000KT0250";"None";"None";"45";"nan";"None";"nan";"None";"nan";"None";"nan";"None";"nan";"1";"2";"Appartement";"34.0";"2.0";"None";"None";"None";"None";"nan";"7.263732";"43.696241";"000KT"
"2022-52886";"2022-02-04";"1";"Vente";"210000.0";"3.0";"None";"RUE FRANCOIS 1ER";"2645";"06000";"06088";"Nice";"06";"None";"None";"06088000KT0144";"None";"None";"75";"29.21";"None";"nan";"None";"nan";"None";"nan";"None";"nan";"1";"2";"Appartement";"28.0";"1.0";"None";"None";"None";"None";"nan";"7.266151";"43.698037";"000KT"
"2022-53082";"2022-02-04";"1";"Vente";"343000.0";"25.0";"None";"BD VICTOR HUGO";"6655";"06000";"06088";"Nice";"06";"None";"None";"06088000KT0185";"None";"None";"74";"nan";"81";"nan";"None";"nan";"None";"nan";"None";"nan";"2";"2";"Appartement";"151.0";"4.0";"None";"None";"None";"None";"nan";"7.263117";"43.698876";"000KT"
"2022-53082";"2022-02-04";"1";"Vente";"343000.0";"25.0";"None";"BD VICTOR HUGO";"6655";"06000";"06088";"Nice";"06";"None";"None";"06088000KT0185";"None";"None";"74";"nan";"81";"nan";"None";"nan";"None";"nan";"None";"nan";"2";"2";"Appartement";"42.0";"2.0";"None";"None";"None";"None";"nan";"7.263117";"43.698876";"000KT"
"2022-53356";"2022-02-02";"1";"Vente";"400000.0";"10.0";"None";"RUE DE FRANCE";"2595";"06000";"06088";"Nice";"06";"None";"None";"06088000KT0215";"None";"None";"83";"56.84";"None";"nan";"None";"nan";"None";"nan";"None";"nan";"1";"2";"Appartement";"58.0";"2.0";"None";"None";"None";"None";"nan";"7.263675";"43.696685";"000KT"
"2022-52326";"2022-01-31";"1";"Vente";"410000.0";"4.0";"None";"RUE DE FRANCE";"2595";"06000";"06088";"Nice";"06";"None";"None";"06088000KT0222";"None";"None";"128";"99.74";"None";"nan";"None";"nan";"None";"nan";"None";"nan";"1";"4";"Local industriel. commercial ou assimilé";"103.0";"0.0";"None";"None";"None";"None";"nan";"7.26469";"43.696933";"000KT"
"2022-52029";"2022-01-28";"1";"Vente";"221800.0";"9.0";"None";"RUE ALPHONSE KARR";"0135";"06000";"06088";"Nice";"06";"None";"None";"06088000KT0162";"None";"None";"38";"31.09";"None";"nan";"None";"nan";"None";"nan";"None";"nan";"1";"2";"Appartement";"31.0";"2.0";"None";"None";"None";"None";"nan";"7.265434";"43.699073";"000KT"
"2022-52510";"2022-01-28";"1";"Vente";"280000.0";"39.0";"None";"RUE MASSENA";"4110";"06000";"06088";"Nice";"06";"None";"None";"06088000KT0097";"None";"None";"15";"nan";"None";"nan";"None";"nan";"None";"nan";"None";"nan";"1";"2";"Appartement";"48.0";"2.0";"None";"None";"None";"None";"nan";"7.265779";"43.696776";"000KT"
"2022-53179";"2022-01-28";"1";"Vente";"630000.0";"10.0";"None";"RUE MASSENA";"4110";"06000";"06088";"Nice";"06";"None";"None";"06088000KT0063";"None";"None";"119";"95.26";"None";"nan";"None";"nan";"None";"nan";"None";"nan";"1";"2";"Appartement";"115.0";"4.0";"None";"None";"None";"None";"nan";"7.267484";"43.697723";"000KT"
"2022-52391";"2022-01-28";"1";"Vente";"640000.0";"10.0";"None";"RUE DE FRANCE";"2595";"06000";"06088";"Nice";"06";"None";"None";"06088000KT0215";"None";"None";"28";"nan";"None";"nan";"None";"nan";"None";"nan";"None";"nan";"1";"4";"Local industriel. commercial ou assimilé";"30.0";"0.0";"None";"None";"None";"None";"nan";"7.263675";"43.696685";"000KT"
"2022-52391";"2022-01-28";"1";"Vente";"640000.0";"10.0";"None";"RUE DE FRANCE";"2595";"06000";"06088";"Nice";"06";"None";"None";"06088000KT0215";"None";"None";"67";"79.0";"None";"nan";"None";"nan";"None";"nan";"None";"nan";"1";"4";"Local industriel. commercial ou assimilé";"382.0";"0.0";"None";"None";"None";"None";"nan";"7.263675";"43.696685";"000KT"
"2022-52283";"2022-01-26";"1";"Vente";"482000.0";"1.0";"None";"PL MAGENTA";"3870";"06000";"06088";"Nice";"06";"None";"None";"06088000KT0121";"None";"None";"29";"nan";"31";"nan";"32";"nan";"None";"nan";"None";"nan";"3";"2";"Appartement";"70.0";"4.0";"None";"None";"None";"None";"nan";"7.266815";"43.697788";"000KT"
"2022-53137";"2022-01-26";"1";"Vente";"50000.0";"9.0";"None";"RUE DU MARECHAL JOFFRE";"4020";"06000";"06088";"Nice";"06";"None";"None";"06088000KT0020";"None";"None";"119";"nan";"None";"nan";"None";"nan";"None";"nan";"None";"nan";"1";"2";"Appartement";"22.0";"1.0";"None";"None";"None";"None";"nan";"7.266776";"43.699055";"000KT"
"2022-52179";"2022-01-25";"1";"Vente";"593500.0";"9.0";"None";"RUE DE LA BUFFA";"1000";"06000";"06088";"Nice";"06";"None";"None";"06088000KT0379";"None";"None";"15";"87.11";"28";"nan";"None";"nan";"None";"nan";"None";"nan";"2";"2";"Appartement";"86.0";"4.0";"None";"None";"None";"None";"nan";"7.263975";"43.697254";"000KT"
"2022-52179";"2022-01-25";"1";"Vente";"593500.0";"9.0";"None";"RUE DE LA BUFFA";"1000";"06000";"06088";"Nice";"06";"None";"None";"06088000KT0379";"None";"None";"15";"87.11";"28";"nan";"None";"nan";"None";"nan";"None";"nan";"2";"3";"Dépendance";"nan";"0.0";"None";"None";"None";"None";"nan";"7.263975";"43.697254";"000KT"
"2022-52846";"2022-01-25";"1";"Vente";"125000.0";"8.0";"None";"RUE GRIMALDI";"3035";"06000";"06088";"Nice";"06";"None";"None";"06088000KT0161";"None";"None";"24";"25.75";"None";"nan";"None";"nan";"None";"nan";"None";"nan";"1";"4";"Local industriel. commercial ou assimilé";"30.0";"0.0";"None";"None";"None";"None";"nan";"7.265527";"43.698649";"000KT"
"2022-52651";"2022-01-21";"1";"Vente";"357000.0";"6.0";"None";"RUE ALPHONSE KARR";"0135";"06000";"06088";"Nice";"06";"None";"None";"06088000KT0026";"None";"None";"157";"nan";"28";"42.61";"None";"nan";"None";"nan";"None";"nan";"2";"2";"Appartement";"44.0";"2.0";"None";"None";"None";"None";"nan";"7.266615";"43.698681";"000KT"
"2022-52651";"2022-01-21";"1";"Vente";"357000.0";"2.0";"None";"RUE ALPHONSE KARR";"0135";"06000";"06088";"Nice";"06";"None";"None";"06088000KT0026";"None";"None";"312";"nan";"None";"nan";"None";"nan";"None";"nan";"None";"nan";"1";"3";"Dépendance";"nan";"0.0";"None";"None";"None";"None";"nan";"7.266615";"43.698681";"000KT"
"2022-52651";"2022-01-21";"1";"Vente";"357000.0";"6.0";"None";"RUE ALPHONSE KARR";"0135";"06000";"06088";"Nice";"06";"None";"None";"06088000KT0026";"None";"None";"157";"nan";"28";"42.61";"None";"nan";"None";"nan";"None";"nan";"2";"3";"Dépendance";"nan";"0.0";"None";"None";"None";"None";"nan";"7.266615";"43.698681";"000KT"
"2022-51724";"2022-01-17";"1";"Vente";"449000.0";"13.0";"None";"RUE MASSENET";"4115";"06000";"06088";"Nice";"06";"None";"None";"06088000KT0248";"None";"None";"113";"nan";"59";"53.84";"None";"nan";"None";"nan";"None";"nan";"2";"2";"Appartement";"52.0";"3.0";"None";"None";"None";"None";"nan";"7.263949";"43.696342";"000KT"
"2022-51805";"2022-01-17";"1";"Vente";"125000.0";"17.0";"None";"BD VICTOR HUGO";"6655";"06000";"06088";"Nice";"06";"None";"None";"06088000KT0384";"None";"None";"26";"nan";"None";"nan";"None";"nan";"None";"nan";"None";"nan";"1";"2";"Appartement";"20.0";"1.0";"None";"None";"None";"None";"nan";"7.265072";"43.699236";"000KT"
"2022-51724";"2022-01-17";"1";"Vente";"449000.0";"13.0";"None";"RUE MASSENET";"4115";"06000";"06088";"Nice";"06";"None";"None";"06088000KT0248";"None";"None";"113";"nan";"59";"53.84";"None";"nan";"None";"nan";"None";"nan";"2";"3";"Dépendance";"nan";"0.0";"None";"None";"None";"None";"nan";"7.263949";"43.696342";"000KT"
"2022-51768";"2022-01-14";"1";"Vente";"1450000.0";"13.0";"None";"RUE MASSENA";"4110";"06000";"06088";"Nice";"06";"None";"None";"06088000KT0065";"None";"None";"181";"nan";"182";"nan";"None";"nan";"None";"nan";"None";"nan";"2";"2";"Appartement";"257.0";"7.0";"None";"None";"None";"None";"nan";"7.267649";"43.6975";"000KT"
"2022-51768";"2022-01-14";"1";"Vente";"1450000.0";"13.0";"None";"RUE MASSENA";"4110";"06000";"06088";"Nice";"06";"None";"None";"06088000KT0065";"None";"None";"181";"nan";"182";"nan";"None";"nan";"None";"nan";"None";"nan";"2";"3";"Dépendance";"nan";"0.0";"None";"None";"None";"None";"nan";"7.267649";"43.6975";"000KT"
"2022-52317";"2022-01-12";"1";"Vente";"270000.0";"39.0";"None";"RUE MASSENA";"4110";"06000";"06088";"Nice";"06";"None";"None";"06088000KT0097";"None";"None";"24";"nan";"None";"nan";"None";"nan";"None";"nan";"None";"nan";"1";"2";"Appartement";"38.0";"2.0";"None";"None";"None";"None";"nan";"7.265779";"43.696776";"000KT"
"2022-51455";"2022-01-10";"1";"Vente";"300500.0";"7.0";"None";"RUE PARADIS";"4705";"06000";"06088";"Nice";"06";"None";"None";"06088000KT0118";"None";"None";"32";"35.51";"None";"nan";"None";"nan";"None";"nan";"None";"nan";"1";"2";"Appartement";"28.0";"2.0";"None";"None";"None";"None";"nan";"7.26708";"43.697161";"000KT"
"2022-52090";"2022-01-10";"1";"Vente";"163250.0";"6.0";"None";"RUE MASSENET";"4115";"06000";"06088";"Nice";"06";"None";"None";"06088000KT0368";"None";"None";"350";"nan";"None";"nan";"None";"nan";"None";"nan";"None";"nan";"1";"2";"Appartement";"24.0";"1.0";"None";"None";"None";"None";"nan";"7.264583";"43.69571";"000KT"
"2022-52074";"2022-01-06";"1";"Vente";"920000.0";"10.0";"None";"RUE DE LA LIBERTE";"3640";"06000";"06088";"Nice";"06";"None";"None";"06088000KT0033";"None";"None";"25";"149.82";"9";"nan";"None";"nan";"None";"nan";"None";"nan";"2";"2";"Appartement";"150.0";"4.0";"None";"None";"None";"None";"nan";"7.268061";"43.698576";"000KT"
"2022-52074";"2022-01-06";"1";"Vente";"920000.0";"10.0";"None";"RUE DE LA LIBERTE";"3640";"06000";"06088";"Nice";"06";"None";"None";"06088000KT0033";"None";"None";"25";"149.82";"9";"nan";"None";"nan";"None";"nan";"None";"nan";"2";"3";"Dépendance";"nan";"0.0";"None";"None";"None";"None";"nan";"7.268061";"43.698576";"000KT"
"2022-51825";"2022-01-04";"1";"Vente";"250000.0";"1.0";"None";"PL GRIMALDI";"3030";"06000";"06088";"Nice";"06";"None";"None";"06088000KT0129";"None";"None";"320";"37.64";"None";"nan";"None";"nan";"None";"nan";"None";"nan";"1";"2";"Appartement";"38.0";"2.0";"None";"None";"None";"None";"nan";"7.265537";"43.697314";"000KT"
"2022-51473";"2022-01-04";"1";"Vente";"530000.0";"10.0";"None";"RUE DE FRANCE";"2595";"06000";"06088";"Nice";"06";"None";"None";"06088000KT0215";"None";"None";"84";"76.81";"None";"nan";"None";"nan";"None";"nan";"None";"nan";"1";"4";"Local industriel. commercial ou assimilé";"77.0";"0.0";"None";"None";"None";"None";"nan";"7.263675";"43.696685";"000KT"
"2021-72207";"2021-12-30";"1";"Vente";"550510.0";"7.0";"None";"RUE MASSENET";"4115";"06000";"06088";"Nice";"06";"None";"None";"06088000KT0289";"None";"None";"24";"nan";"49";"61.5";"None";"nan";"None";"nan";"None";"nan";"2";"2";"Appartement";"65.0";"2.0";"None";"None";"None";"None";"nan";"7.264099";"43.695617";"000KT"
"2021-72207";"2021-12-30";"1";"Vente";"550510.0";"7.0";"None";"RUE MASSENET";"4115";"06000";"06088";"Nice";"06";"None";"None";"06088000KT0289";"None";"None";"24";"nan";"49";"61.5";"None";"nan";"None";"nan";"None";"nan";"2";"3";"Dépendance";"nan";"0.0";"None";"None";"None";"None";"nan";"7.264099";"43.695617";"000KT"
"2021-71395";"2021-12-29";"1";"Vente";"327000.0";"7.0";"None";"BD VICTOR HUGO";"6655";"06000";"06088";"Nice";"06";"None";"None";"06088000KT0394";"None";"None";"139";"nan";"None";"nan";"None";"nan";"None";"nan";"None";"nan";"1";"2";"Appartement";"90.0";"2.0";"None";"None";"None";"None";"nan";"7.266523";"43.699504";"000KT"
"2021-71397";"2021-12-29";"1";"Vente";"310000.0";"5.0";"None";"RUE DU DOC MICHEL ROSANOFF";"2030";"06000";"06088";"Nice";"06";"None";"None";"06088000KT0381";"None";"None";"221";"42.05";"None";"nan";"None";"nan";"None";"nan";"None";"nan";"1";"2";"Appartement";"42.0";"2.0";"None";"None";"None";"None";"nan";"7.268336";"43.698832";"000KT"
"2021-72048";"2021-12-28";"1";"Vente";"144000.0";"19.0";"None";"RUE DE LA LIBERTE";"3640";"06000";"06088";"Nice";"06";"None";"None";"06088000KT0126";"None";"None";"132";"20.84";"None";"nan";"None";"nan";"None";"nan";"None";"nan";"1";"2";"Appartement";"15.0";"1.0";"None";"None";"None";"None";"nan";"7.266029";"43.697498";"000KT"
"2021-72113";"2021-12-27";"1";"Vente";"501000.0";"12.0";"None";"RUE JOSEPH BRES";"3455";"06000";"06088";"Nice";"06";"None";"None";"06088000KT0381";"None";"None";"124";"nan";"237";"57.05";"None";"nan";"None";"nan";"None";"nan";"2";"2";"Appartement";"56.0";"3.0";"None";"None";"None";"None";"nan";"7.268336";"43.698832";"000KT"
"2021-72113";"2021-12-27";"1";"Vente";"501000.0";"12.0";"None";"RUE JOSEPH BRES";"3455";"06000";"06088";"Nice";"06";"None";"None";"06088000KT0381";"None";"None";"115";"nan";"None";"nan";"None";"nan";"None";"nan";"None";"nan";"1";"3";"Dépendance";"nan";"0.0";"None";"None";"None";"None";"nan";"7.268336";"43.698832";"000KT"
"2021-72113";"2021-12-27";"1";"Vente";"501000.0";"12.0";"None";"RUE JOSEPH BRES";"3455";"06000";"06088";"Nice";"06";"None";"None";"06088000KT0381";"None";"None";"124";"nan";"237";"57.05";"None";"nan";"None";"nan";"None";"nan";"2";"3";"Dépendance";"nan";"0.0";"None";"None";"None";"None";"nan";"7.268336";"43.698832";"000KT"
"2021-71381";"2021-12-23";"1";"Vente";"760500.0";"16.0";"None";"RUE DU CONGRES";"1655";"06000";"06088";"Nice";"06";"None";"None";"06088000KT0210";"None";"None";"11";"nan";"26";"nan";"None";"nan";"None";"nan";"None";"nan";"2";"2";"Appartement";"93.0";"4.0";"None";"None";"None";"None";"nan";"7.263173";"43.697133";"000KT"
"2021-71488";"2021-12-23";"1";"Vente";"334500.0";"16.0";"None";"RUE DU CONGRES";"1655";"06000";"06088";"Nice";"06";"None";"None";"06088000KT0210";"None";"None";"27";"nan";"None";"nan";"None";"nan";"None";"nan";"None";"nan";"1";"2";"Appartement";"46.0";"2.0";"None";"None";"None";"None";"nan";"7.263173";"43.697133";"000KT"
"2021-71315";"2021-12-20";"1";"Vente";"1041000.0";"7.0";"None";"RUE PARADIS";"4705";"06000";"06088";"Nice";"06";"None";"None";"06088000KT0118";"None";"None";"16";"143.79";"None";"nan";"None";"nan";"None";"nan";"None";"nan";"1";"2";"Appartement";"83.0";"4.0";"None";"None";"None";"None";"nan";"7.26708";"43.697161";"000KT"
"2021-71370";"2021-12-20";"1";"Vente";"189000.0";"13.0";"None";"RUE MASSENA";"4110";"06000";"06088";"Nice";"06";"None";"None";"06088000KT0065";"None";"None";"165";"23.95";"None";"nan";"None";"nan";"None";"nan";"None";"nan";"1";"2";"Appartement";"24.0";"2.0";"None";"None";"None";"None";"nan";"7.267649";"43.6975";"000KT"
"2021-71391";"2021-12-20";"1";"Vente";"133200.0";"1.0";"None";"AV DE SUEDE";"6294";"06000";"06088";"Nice";"06";"None";"None";"06088000KT0085";"None";"None";"31";"14.42";"None";"nan";"None";"nan";"None";"nan";"None";"nan";"1";"2";"Appartement";"14.0";"1.0";"None";"None";"None";"None";"nan";"7.265809";"43.696193";"000KT"
"2021-71016";"2021-12-20";"1";"Vente";"470000.0";"15.0";"None";"RUE MACCARANI";"3810";"06000";"06088";"Nice";"06";"None";"None";"06088000KT0195";"None";"None";"107";"nan";"119";"96.0";"None";"nan";"None";"nan";"None";"nan";"2";"4";"Local industriel. commercial ou assimilé";"100.0";"0.0";"None";"None";"None";"None";"nan";"7.264278";"43.698382";"000KT"
"2021-71315";"2021-12-20";"1";"Vente";"1041000.0";"7.0";"None";"RUE PARADIS";"4705";"06000";"06088";"Nice";"06";"None";"None";"06088000KT0118";"None";"None";"17";"nan";"None";"nan";"None";"nan";"None";"nan";"None";"nan";"1";"4";"Local industriel. commercial ou assimilé";"48.0";"0.0";"None";"None";"None";"None";"nan";"7.26708";"43.697161";"000KT"
"2021-72217";"2021-12-17";"1";"Vente";"625000.0";"8.0";"None";"RUE MASSENET";"4115";"06000";"06088";"Nice";"06";"None";"None";"06088000KT0308";"None";"None";"42";"nan";"61";"nan";"None";"nan";"None";"nan";"None";"nan";"2";"2";"Appartement";"100.0";"1.0";"None";"None";"None";"None";"nan";"7.264522";"43.696135";"000KT"
"2021-72217";"2021-12-17";"1";"Vente";"625000.0";"8.0";"None";"RUE MASSENET";"4115";"06000";"06088";"Nice";"06";"None";"None";"06088000KT0308";"None";"None";"42";"nan";"61";"nan";"None";"nan";"None";"nan";"None";"nan";"2";"3";"Dépendance";"nan";"0.0";"None";"None";"None";"None";"nan";"7.264522";"43.696135";"000KT"
"2021-70484";"2021-12-16";"1";"Vente";"590000.0";"1.0";"None";"AV DE SUEDE";"6294";"06000";"06088";"Nice";"06";"None";"None";"06088000KT0085";"None";"None";"24";"69.01";"None";"nan";"None";"nan";"None";"nan";"None";"nan";"1";"2";"Appartement";"60.0";"3.0";"None";"None";"None";"None";"nan";"7.265809";"43.696193";"000KT"
"2021-70823";"2021-12-16";"1";"Vente";"315000.0";"3.0";"None";"AV DE SUEDE";"6294";"06000";"06088";"Nice";"06";"None";"None";"06088000KT0365";"None";"None";"17";"53.75";"None";"nan";"None";"nan";"None";"nan";"None";"nan";"1";"2";"Appartement";"55.0";"2.0";"None";"None";"None";"None";"nan";"7.265709";"43.696239";"000KT"
"2021-70970";"2021-12-16";"1";"Vente";"205000.0";"29.0";"None";"RUE MASSENA";"4110";"06000";"06088";"Nice";"06";"None";"None";"06088000KT0106";"None";"None";"76";"30.7";"None";"nan";"None";"nan";"None";"nan";"None";"nan";"1";"2";"Appartement";"33.0";"2.0";"None";"None";"None";"None";"nan";"7.26616";"43.697077";"000KT"
"2021-71183";"2021-12-16";"1";"Vente";"236850.0";"7.0";"None";"PROM DES ANGLAIS";"0240";"06000";"06088";"Nice";"06";"None";"None";"06088000KT0258";"None";"None";"412";"20.28";"None";"nan";"None";"nan";"None";"nan";"None";"nan";"1";"2";"Appartement";"23.0";"1.0";"None";"None";"None";"None";"nan";"7.264082";"43.695203";"000KT"
"2021-71903";"2021-12-16";"1";"Vente";"420000.0";"26.0";"None";"RUE MASSENA";"4110";"06000";"06088";"Nice";"06";"None";"None";"06088000KT0126";"None";"None";"213";"66.07";"217";"nan";"None";"nan";"None";"nan";"None";"nan";"2";"2";"Appartement";"65.0";"3.0";"None";"None";"None";"None";"nan";"7.266029";"43.697498";"000KT"
"2021-71183";"2021-12-16";"1";"Vente";"236850.0";"7.0";"None";"PROM DES ANGLAIS";"0240";"06000";"06088";"Nice";"06";"None";"None";"06088000KT0258";"None";"None";"79";"nan";"None";"nan";"None";"nan";"None";"nan";"None";"nan";"1";"3";"Dépendance";"nan";"0.0";"None";"None";"None";"None";"nan";"7.264082";"43.695203";"000KT"
"2021-71185";"2021-12-16";"1";"Vente";"56000.0";"2.0";"None";"RUE ALPHONSE KARR";"0135";"06000";"06088";"Nice";"06";"None";"None";"06088000KT0026";"None";"None";"454";"nan";"None";"nan";"None";"nan";"None";"nan";"None";"nan";"1";"3";"Dépendance";"nan";"0.0";"None";"None";"None";"None";"nan";"7.266615";"43.698681";"000KT"
"2021-70898";"2021-12-15";"1";"Vente";"700000.0";"4.0";"None";"RUE GRIMALDI";"3035";"06000";"06088";"Nice";"06";"None";"None";"06088000KT0363";"None";"None";"26";"nan";"52";"95.55";"None";"nan";"None";"nan";"None";"nan";"2";"2";"Appartement";"97.0";"4.0";"None";"None";"None";"None";"nan";"7.265898";"43.697975";"000KT"
"2021-71172";"2021-12-15";"1";"Vente";"145000.0";"3.0";"None";"RUE EUGENE EMMANUEL";"2360";"06000";"06088";"Nice";"06";"None";"None";"06088000KT0015";"None";"None";"136";"21.12";"None";"nan";"None";"nan";"None";"nan";"None";"nan";"1";"2";"Appartement";"22.0";"1.0";"None";"None";"None";"None";"nan";"7.266019";"43.699309";"000KT"
"2021-71513";"2021-12-15";"1";"Vente";"670000.0";"4.0";"None";"RUE ALPHONSE KARR";"0135";"06000";"06088";"Nice";"06";"None";"None";"06088000KT0026";"None";"None";"210";"nan";"69";"58.03";"None";"nan";"None";"nan";"None";"nan";"2";"2";"Appartement";"65.0";"2.0";"None";"None";"None";"None";"nan";"7.266615";"43.698681";"000KT"
"2021-70898";"2021-12-15";"1";"Vente";"700000.0";"4.0";"None";"RUE GRIMALDI";"3035";"06000";"06088";"Nice";"06";"None";"None";"06088000KT0363";"None";"None";"26";"nan";"52";"95.55";"None";"nan";"None";"nan";"None";"nan";"2";"3";"Dépendance";"nan";"0.0";"None";"None";"None";"None";"nan";"7.265898";"43.697975";"000KT"
"2021-71432";"2021-12-15";"1";"Vente";"50000.0";"2.0";"None";"RUE ALPHONSE KARR";"0135";"06000";"06088";"Nice";"06";"None";"None";"06088000KT0026";"None";"None";"413";"nan";"None";"nan";"None";"nan";"None";"nan";"None";"nan";"1";"3";"Dépendance";"nan";"0.0";"None";"None";"None";"None";"nan";"7.266615";"43.698681";"000KT"
"2021-71754";"2021-12-13";"1";"Vente";"380000.0";"32.0";"None";"RUE DU MARECHAL JOFFRE";"4020";"06000";"06088";"Nice";"06";"None";"None";"06088000KT0188";"None";"None";"19";"nan";"69";"35.17";"None";"nan";"None";"nan";"None";"nan";"2";"2";"Appartement";"35.0";"2.0";"None";"None";"None";"None";"nan";"7.262882";"43.698426";"000KT"
"2021-71754";"2021-12-13";"1";"Vente";"380000.0";"32.0";"None";"RUE DU MARECHAL JOFFRE";"4020";"06000";"06088";"Nice";"06";"None";"None";"06088000KT0188";"None";"None";"19";"nan";"69";"35.17";"None";"nan";"None";"nan";"None";"nan";"2";"3";"Dépendance";"nan";"0.0";"None";"None";"None";"None";"nan";"7.262882";"43.698426";"000KT"
"2021-72251";"2021-12-13";"1";"Vente";"85000.0";"2.0";"None";"RUE ALPHONSE KARR";"0135";"06000";"06088";"Nice";"06";"None";"None";"06088000KT0026";"None";"None";"565";"nan";"None";"nan";"None";"nan";"None";"nan";"None";"nan";"1";"3";"Dépendance";"nan";"0.0";"None";"None";"None";"None";"nan";"7.266615";"43.698681";"000KT"
"2021-71036";"2021-12-10";"1";"Vente";"510000.0";"9.0";"None";"RUE DE LA LIBERTE";"3640";"06000";"06088";"Nice";"06";"None";"None";"06088000KT0058";"None";"None";"18";"89.48";"2";"nan";"None";"nan";"None";"nan";"None";"nan";"2";"2";"Appartement";"92.0";"4.0";"None";"None";"None";"None";"nan";"7.267679";"43.698092";"000KT"
"2021-70735";"2021-12-10";"1";"Vente";"55000.0";"12.0";"None";"RUE JOSEPH BRES";"3455";"06000";"06088";"Nice";"06";"None";"None";"06088000KT0381";"None";"None";"64";"nan";"None";"nan";"None";"nan";"None";"nan";"None";"nan";"1";"3";"Dépendance";"nan";"0.0";"None";"None";"None";"None";"nan";"7.268336";"43.698832";"000KT"
"2021-71036";"2021-12-10";"1";"Vente";"510000.0";"9.0";"None";"RUE DE LA LIBERTE";"3640";"06000";"06088";"Nice";"06";"None";"None";"06088000KT0058";"None";"None";"18";"89.48";"2";"nan";"None";"nan";"None";"nan";"None";"nan";"2";"3";"Dépendance";"nan";"0.0";"None";"None";"None";"None";"nan";"7.267679";"43.698092";"000KT"
"2021-70448";"2021-12-09";"1";"Vente";"120000.0";"11.0";"None";"RUE MASSENET";"4115";"06000";"06088";"Nice";"06";"None";"None";"06088000KT0256";"None";"None";"20";"15.0";"None";"nan";"None";"nan";"None";"nan";"None";"nan";"1";"2";"Appartement";"14.0";"1.0";"None";"None";"None";"None";"nan";"7.263718";"43.695829";"000KT"
"2021-70577";"2021-12-09";"1";"Vente";"167000.0";"4.0";"None";"RUE DU CONGRES";"1655";"06000";"06088";"Nice";"06";"None";"None";"06088000KT0255";"None";"None";"38";"nan";"None";"nan";"None";"nan";"None";"nan";"None";"nan";"1";"2";"Appartement";"26.0";"1.0";"None";"None";"None";"None";"nan";"7.2636";"43.695518";"000KT"
"2021-70577";"2021-12-09";"1";"Vente";"167000.0";"4.0";"None";"RUE DU CONGRES";"1655";"06000";"06088";"Nice";"06";"None";"None";"06088000KT0255";"None";"None";"38";"nan";"None";"nan";"None";"nan";"None";"nan";"None";"nan";"1";"3";"Dépendance";"nan";"0.0";"None";"None";"None";"None";"nan";"7.2636";"43.695518";"000KT"
"2021-70847";"2021-12-08";"1";"Vente";"245000.0";"3.0";"None";"PL MASSENA";"4105";"06000";"06088";"Nice";"06";"None";"None";"06088000KT0070";"None";"None";"88";"nan";"None";"nan";"None";"nan";"None";"nan";"None";"nan";"1";"2";"Appartement";"36.0";"2.0";"None";"None";"None";"None";"nan";"7.269192";"43.697718";"000KT"
"2021-71057";"2021-12-06";"1";"Vente";"119805.0";"31.0";"None";"RUE MASSENA";"4110";"06000";"06088";"Nice";"06";"None";"None";"06088000KT0106";"None";"None";"18";"38.15";"None";"nan";"None";"nan";"None";"nan";"None";"nan";"1";"2";"Appartement";"38.0";"1.0";"None";"None";"None";"None";"nan";"7.26616";"43.697077";"000KT"
"2021-70159";"2021-12-03";"1";"Vente";"27500.0";"11.0";"None";"RUE MACCARANI";"3810";"06000";"06088";"Nice";"06";"None";"None";"06088000KT0322";"None";"None";"175";"nan";"None";"nan";"None";"nan";"None";"nan";"None";"nan";"1";"3";"Dépendance";"nan";"0.0";"None";"None";"None";"None";"nan";"7.264358";"43.697967";"000KT"
"2021-70090";"2021-12-02";"1";"Vente";"173000.0";"9.0";"None";"RUE ALPHONSE KARR";"0135";"06000";"06088";"Nice";"06";"None";"None";"06088000KT0162";"None";"None";"14";"22.05";"None";"nan";"None";"nan";"None";"nan";"None";"nan";"1";"2";"Appartement";"23.0";"2.0";"None";"None";"None";"None";"nan";"7.265434";"43.699073";"000KT"
"2021-70782";"2021-11-30";"1";"Vente";"229100.0";"14.0";"None";"RUE DU MARECHAL JOFFRE";"4020";"06000";"06088";"Nice";"06";"None";"None";"06088000KT0270";"None";"None";"18";"23.59";"None";"nan";"None";"nan";"None";"nan";"None";"nan";"1";"2";"Appartement";"25.0";"2.0";"None";"None";"None";"None";"nan";"7.26608";"43.699161";"000KT"
"2021-69626";"2021-11-26";"1";"Vente";"202500.0";"3.0";"None";"RUE FRANCOIS 1ER";"2645";"06000";"06088";"Nice";"06";"None";"None";"06088000KT0144";"None";"None";"41";"nan";"None";"nan";"None";"nan";"None";"nan";"None";"nan";"1";"2";"Appartement";"39.0";"2.0";"None";"None";"None";"None";"nan";"7.266151";"43.698037";"000KT"
"2021-70564";"2021-11-26";"1";"Vente";"306000.0";"9.0";"None";"RUE MASSENET";"4115";"06000";"06088";"Nice";"06";"None";"None";"06088000KT0257";"None";"None";"108";"nan";"133";"59.12";"None";"nan";"None";"nan";"None";"nan";"2";"2";"Appartement";"59.0";"2.0";"None";"None";"None";"None";"nan";"7.263955";"43.695823";"000KT"
"2021-69803";"2021-11-25";"1";"Vente";"223000.0";"7.0";"None";"AV JEAN MEDECIN";"3372";"06000";"06088";"Nice";"06";"None";"None";"06088000KT0045";"None";"None";"79";"nan";"None";"nan";"None";"nan";"None";"nan";"None";"nan";"1";"2";"Appartement";"30.0";"1.0";"None";"None";"None";"None";"nan";"7.268985";"43.698484";"000KT"
"2021-70048";"2021-11-25";"1";"Vente";"586000.0";"32.0";"None";"RUE DU MARECHAL JOFFRE";"4020";"06000";"06088";"Nice";"06";"None";"None";"06088000KT0188";"None";"None";"28";"nan";"52";"nan";"None";"nan";"None";"nan";"None";"nan";"2";"2";"Appartement";"85.0";"4.0";"None";"None";"None";"None";"nan";"7.262882";"43.698426";"000KT"
"2021-71071";"2021-11-25";"1";"Vente";"275000.0";"4.0";"None";"RUE DE FRANCE";"2595";"06000";"06088";"Nice";"06";"None";"None";"06088000KT0222";"None";"None";"121";"40.15";"None";"nan";"None";"nan";"None";"nan";"None";"nan";"1";"2";"Appartement";"38.0";"1.0";"None";"None";"None";"None";"nan";"7.26469";"43.696933";"000KT"
"2021-70048";"2021-11-25";"1";"Vente";"586000.0";"32.0";"None";"RUE DU MARECHAL JOFFRE";"4020";"06000";"06088";"Nice";"06";"None";"None";"06088000KT0188";"None";"None";"28";"nan";"52";"nan";"None";"nan";"None";"nan";"None";"nan";"2";"3";"Dépendance";"nan";"0.0";"None";"None";"None";"None";"nan";"7.262882";"43.698426";"000KT"
"2021-70138";"2021-11-23";"1";"Vente";"780000.0";"29.0";"None";"RUE MASSENA";"4110";"06000";"06088";"Nice";"06";"None";"None";"06088000KT0106";"None";"None";"16";"nan";"90";"nan";"None";"nan";"None";"nan";"None";"nan";"2";"2";"Appartement";"100.0";"3.0";"None";"None";"None";"None";"nan";"7.26616";"43.697077";"000KT"
"2021-70143";"2021-11-23";"1";"Vente";"51000.0";"31.0";"None";"RUE MASSENA";"4110";"06000";"06088";"Nice";"06";"None";"None";"06088000KT0106";"None";"None";"14";"nan";"None";"nan";"None";"nan";"None";"nan";"None";"nan";"1";"2";"Appartement";"32.0";"2.0";"None";"None";"None";"None";"nan";"7.26616";"43.697077";"000KT"
"2021-69787";"2021-11-17";"1";"Vente";"570000.0";"7.0";"None";"AV JEAN MEDECIN";"3372";"06000";"06088";"Nice";"06";"None";"None";"06088000KT0045";"None";"None";"43";"93.45";"None";"nan";"None";"nan";"None";"nan";"None";"nan";"1";"2";"Appartement";"70.0";"3.0";"None";"None";"None";"None";"nan";"7.268985";"43.698484";"000KT"
"2021-69787";"2021-11-17";"1";"Vente";"570000.0";"7.0";"None";"AV JEAN MEDECIN";"3372";"06000";"06088";"Nice";"06";"None";"None";"06088000KT0045";"None";"None";"43";"93.45";"None";"nan";"None";"nan";"None";"nan";"None";"nan";"1";"3";"Dépendance";"nan";"0.0";"None";"None";"None";"None";"nan";"7.268985";"43.698484";"000KT"
"2021-69787";"2021-11-17";"1";"Vente";"570000.0";"7.0";"None";"AV JEAN MEDECIN";"3372";"06000";"06088";"Nice";"06";"None";"None";"06088000KT0045";"None";"None";"5";"nan";"None";"nan";"None";"nan";"None";"nan";"None";"nan";"1";"3";"Dépendance";"nan";"0.0";"None";"None";"None";"None";"nan";"7.268985";"43.698484";"000KT"
"2021-69625";"2021-11-10";"1";"Vente";"214800.0";"1.0";"None";"AV DE SUEDE";"6294";"06000";"06088";"Nice";"06";"None";"None";"06088000KT0085";"None";"None";"58";"35.47";"None";"nan";"None";"nan";"None";"nan";"None";"nan";"1";"2";"Appartement";"39.0";"2.0";"None";"None";"None";"None";"nan";"7.265809";"43.696193";"000KT"
"2021-69912";"2021-11-10";"1";"Vente";"710000.0";"1.0";"None";"AV DE SUEDE";"6294";"06000";"06088";"Nice";"06";"None";"None";"06088000KT0085";"None";"None";"38";"nan";"46";"114.76";"None";"nan";"None";"nan";"None";"nan";"2";"2";"Appartement";"111.0";"3.0";"None";"None";"None";"None";"nan";"7.265809";"43.696193";"000KT"
"2021-68987";"2021-11-10";"1";"Vente";"35000.0";"5.0";"None";"RUE DE LA BUFFA";"1000";"06000";"06088";"Nice";"06";"None";"None";"06088000KT0203";"None";"None";"21";"nan";"None";"nan";"None";"nan";"None";"nan";"None";"nan";"1";"3";"Dépendance";"nan";"0.0";"None";"None";"None";"None";"nan";"7.264266";"43.697327";"000KT"
"2021-69912";"2021-11-10";"1";"Vente";"710000.0";"1.0";"None";"AV DE SUEDE";"6294";"06000";"06088";"Nice";"06";"None";"None";"06088000KT0085";"None";"None";"38";"nan";"46";"114.76";"None";"nan";"None";"nan";"None";"nan";"2";"3";"Dépendance";"nan";"0.0";"None";"None";"None";"None";"nan";"7.265809";"43.696193";"000KT"
"2021-69027";"2021-11-09";"1";"Vente";"142175.0";"10.0";"None";"RUE DU CONGRES";"1655";"06000";"06088";"Nice";"06";"None";"None";"06088000KT0213";"None";"None";"20";"23.5";"None";"nan";"None";"nan";"None";"nan";"None";"nan";"1";"2";"Appartement";"23.0";"2.0";"None";"None";"None";"None";"nan";"7.26335";"43.696583";"000KT"
"2021-69026";"2021-11-09";"1";"Vente";"123586.0";"10.0";"None";"RUE DU CONGRES";"1655";"06000";"06088";"Nice";"06";"None";"None";"06088000KT0213";"None";"None";"9";"20.3";"None";"nan";"None";"nan";"None";"nan";"None";"nan";"1";"4";"Local industriel. commercial ou assimilé";"296.0";"0.0";"None";"None";"None";"None";"nan";"7.26335";"43.696583";"000KT"
"2021-68749";"2021-11-08";"1";"Vente";"518000.0";"32.0";"None";"RUE DU MARECHAL JOFFRE";"4020";"06000";"06088";"Nice";"06";"None";"None";"06088000KT0188";"None";"None";"1";"nan";"65";"nan";"None";"nan";"None";"nan";"None";"nan";"2";"2";"Appartement";"75.0";"3.0";"None";"None";"None";"None";"nan";"7.262882";"43.698426";"000KT"
"2021-69002";"2021-11-08";"1";"Vente";"345000.0";"7.0";"None";"PROM DES ANGLAIS";"0240";"06000";"06088";"Nice";"06";"None";"None";"06088000KT0258";"None";"None";"317";"nan";"None";"nan";"None";"nan";"None";"nan";"None";"nan";"1";"2";"Appartement";"39.0";"1.0";"None";"None";"None";"None";"nan";"7.264082";"43.695203";"000KT"
"2021-68749";"2021-11-08";"1";"Vente";"518000.0";"32.0";"None";"RUE DU MARECHAL JOFFRE";"4020";"06000";"06088";"Nice";"06";"None";"None";"06088000KT0188";"None";"None";"1";"nan";"65";"nan";"None";"nan";"None";"nan";"None";"nan";"2";"3";"Dépendance";"nan";"0.0";"None";"None";"None";"None";"nan";"7.262882";"43.698426";"000KT"
"2021-69002";"2021-11-08";"1";"Vente";"345000.0";"7.0";"None";"PROM DES ANGLAIS";"0240";"06000";"06088";"Nice";"06";"None";"None";"06088000KT0258";"None";"None";"81";"nan";"None";"nan";"None";"nan";"None";"nan";"None";"nan";"1";"3";"Dépendance";"nan";"0.0";"None";"None";"None";"None";"nan";"7.264082";"43.695203";"000KT"
"2021-69003";"2021-11-08";"1";"Vente";"109320.0";"10.0";"None";"RUE DU CONGRES";"1655";"06000";"06088";"Nice";"06";"None";"None";"06088000KT0213";"None";"None";"7";"nan";"None";"nan";"None";"nan";"None";"nan";"None";"nan";"1";"4";"Local industriel. commercial ou assimilé";"296.0";"0.0";"None";"None";"None";"None";"nan";"7.26335";"43.696583";"000KT"
"2021-69092";"2021-11-02";"1";"Vente";"320000.0";"13.0";"None";"RUE MASSENET";"4115";"06000";"06088";"Nice";"06";"None";"None";"06088000KT0248";"None";"None";"113";"nan";"59";"53.84";"None";"nan";"None";"nan";"None";"nan";"2";"2";"Appartement";"52.0";"3.0";"None";"None";"None";"None";"nan";"7.263949";"43.696342";"000KT"
"2021-69092";"2021-11-02";"1";"Vente";"320000.0";"13.0";"None";"RUE MASSENET";"4115";"06000";"06088";"Nice";"06";"None";"None";"06088000KT0248";"None";"None";"113";"nan";"59";"53.84";"None";"nan";"None";"nan";"None";"nan";"2";"3";"Dépendance";"nan";"0.0";"None";"None";"None";"None";"nan";"7.263949";"43.696342";"000KT"
"2021-68212";"2021-10-28";"1";"Vente";"420000.0";"32.0";"None";"RUE DU MARECHAL JOFFRE";"4020";"06000";"06088";"Nice";"06";"None";"None";"06088000KT0188";"None";"None";"16";"nan";"42";"86.98";"None";"nan";"None";"nan";"None";"nan";"2";"2";"Appartement";"88.0";"3.0";"None";"None";"None";"None";"nan";"7.262882";"43.698426";"000KT"
"2021-68212";"2021-10-28";"1";"Vente";"420000.0";"32.0";"None";"RUE DU MARECHAL JOFFRE";"4020";"06000";"06088";"Nice";"06";"None";"None";"06088000KT0188";"None";"None";"16";"nan";"42";"86.98";"None";"nan";"None";"nan";"None";"nan";"2";"3";"Dépendance";"nan";"0.0";"None";"None";"None";"None";"nan";"7.262882";"43.698426";"000KT"
"2021-68148";"2021-10-22";"1";"Vente";"39000.0";"6.0";"None";"RUE MASSENET";"4115";"06000";"06088";"Nice";"06";"None";"None";"06088000KT0368";"None";"None";"31";"nan";"None";"nan";"None";"nan";"None";"nan";"None";"nan";"1";"3";"Dépendance";"nan";"0.0";"None";"None";"None";"None";"nan";"7.264583";"43.69571";"000KT"
"2021-68308";"2021-10-22";"1";"Vente";"270000.0";"4.0";"B";"RUE ALPHONSE KARR";"0135";"06000";"06088";"Nice";"06";"None";"None";"06088000KT0026";"None";"None";"188";"nan";"45";"58.54";"None";"nan";"None";"nan";"None";"nan";"2";"4";"Local industriel. commercial ou assimilé";"56.0";"0.0";"None";"None";"None";"None";"nan";"7.266615";"43.698681";"000KT"
"2021-68254";"2021-10-21";"1";"Vente";"158000.0";"32.0";"None";"RUE DU MARECHAL JOFFRE";"4020";"06000";"06088";"Nice";"06";"None";"None";"06088000KT0188";"None";"None";"58";"nan";"7";"nan";"None";"nan";"None";"nan";"None";"nan";"2";"2";"Appartement";"26.0";"1.0";"None";"None";"None";"None";"nan";"7.262882";"43.698426";"000KT"
"2021-68855";"2021-10-21";"1";"Vente";"465000.0";"11.0";"None";"RUE MACCARANI";"3810";"06000";"06088";"Nice";"06";"None";"None";"06088000KT0322";"None";"None";"222";"nan";"313";"nan";"None";"nan";"None";"nan";"None";"nan";"2";"2";"Appartement";"116.0";"4.0";"None";"None";"None";"None";"nan";"7.264358";"43.697967";"000KT"
"2021-68254";"2021-10-21";"1";"Vente";"158000.0";"32.0";"None";"RUE DU MARECHAL JOFFRE";"4020";"06000";"06088";"Nice";"06";"None";"None";"06088000KT0188";"None";"None";"58";"nan";"7";"nan";"None";"nan";"None";"nan";"None";"nan";"2";"3";"Dépendance";"nan";"0.0";"None";"None";"None";"None";"nan";"7.262882";"43.698426";"000KT"
"2021-68257";"2021-10-21";"1";"Vente";"55000.0";"5.0";"None";"RUE EUGENE EMMANUEL";"2360";"06000";"06088";"Nice";"06";"None";"None";"06088000KT0313";"None";"None";"257";"nan";"None";"nan";"None";"nan";"None";"nan";"None";"nan";"1";"3";"Dépendance";"nan";"0.0";"None";"None";"None";"None";"nan";"7.265866";"43.699612";"000KT"
"2021-68855";"2021-10-21";"1";"Vente";"465000.0";"11.0";"None";"RUE MACCARANI";"3810";"06000";"06088";"Nice";"06";"None";"None";"06088000KT0322";"None";"None";"222";"nan";"313";"nan";"None";"nan";"None";"nan";"None";"nan";"2";"3";"Dépendance";"nan";"0.0";"None";"None";"None";"None";"nan";"7.264358";"43.697967";"000KT"
"2021-68855";"2021-10-21";"1";"Vente";"465000.0";"11.0";"None";"RUE MACCARANI";"3810";"06000";"06088";"Nice";"06";"None";"None";"06088000KT0322";"None";"None";"196";"nan";"None";"nan";"None";"nan";"None";"nan";"None";"nan";"1";"3";"Dépendance";"nan";"0.0";"None";"None";"None";"None";"nan";"7.264358";"43.697967";"000KT"
"2021-68855";"2021-10-21";"1";"Vente";"465000.0";"11.0";"None";"RUE MACCARANI";"3810";"06000";"06088";"Nice";"06";"None";"None";"06088000KT0322";"None";"None";"222";"nan";"313";"nan";"None";"nan";"None";"nan";"None";"nan";"2";"3";"Dépendance";"nan";"0.0";"None";"None";"None";"None";"nan";"7.264358";"43.697967";"000KT"
"2021-68373";"2021-10-20";"1";"Vente";"116000.0";"5.0";"None";"RUE DE FRANCE";"2595";"06000";"06088";"Nice";"06";"None";"None";"06088000KT0226";"None";"None";"17";"33.96";"None";"nan";"None";"nan";"None";"nan";"None";"nan";"1";"2";"Appartement";"18.0";"1.0";"None";"None";"None";"None";"nan";"7.26468";"43.696485";"000KT"
"2021-68706";"2021-10-20";"1";"Vente";"675000.0";"4.0";"None";"RUE ALPHONSE KARR";"0135";"06000";"06088";"Nice";"06";"None";"None";"06088000KT0026";"None";"None";"78";"62.31";"None";"nan";"None";"nan";"None";"nan";"None";"nan";"1";"2";"Appartement";"65.0";"2.0";"None";"None";"None";"None";"nan";"7.266615";"43.698681";"000KT"
"2021-68819";"2021-10-20";"1";"Vente";"200000.0";"1.0";"None";"RUE RAYNARDI";"5390";"06000";"06088";"Nice";"06";"None";"None";"06088000KT0012";"None";"None";"19";"29.3";"None";"nan";"None";"nan";"None";"nan";"None";"nan";"1";"2";"Appartement";"30.0";"1.0";"None";"None";"None";"None";"nan";"7.267077";"43.699566";"000KT"
"2021-68706";"2021-10-20";"1";"Vente";"675000.0";"4.0";"None";"RUE ALPHONSE KARR";"0135";"06000";"06088";"Nice";"06";"None";"None";"06088000KT0026";"None";"None";"78";"62.31";"None";"nan";"None";"nan";"None";"nan";"None";"nan";"1";"3";"Dépendance";"nan";"0.0";"None";"None";"None";"None";"nan";"7.266615";"43.698681";"000KT"
"2021-68706";"2021-10-20";"1";"Vente";"675000.0";"4.0";"None";"RUE ALPHONSE KARR";"0135";"06000";"06088";"Nice";"06";"None";"None";"06088000KT0026";"None";"None";"78";"62.31";"None";"nan";"None";"nan";"None";"nan";"None";"nan";"1";"3";"Dépendance";"nan";"0.0";"None";"None";"None";"None";"nan";"7.266615";"43.698681";"000KT"
"2021-67940";"2021-10-18";"1";"Vente";"194000.0";"11.0";"None";"RUE MASSENET";"4115";"06000";"06088";"Nice";"06";"None";"None";"06088000KT0256";"None";"None";"22";"28.59";"None";"nan";"None";"nan";"None";"nan";"None";"nan";"1";"2";"Appartement";"27.0";"1.0";"None";"None";"None";"None";"nan";"7.263718";"43.695829";"000KT"
"2021-68562";"2021-10-18";"1";"Vente";"327000.0";"5.0";"None";"RUE DU DOC MICHEL ROSANOFF";"2030";"06000";"06088";"Nice";"06";"None";"None";"06088000KT0381";"None";"None";"176";"nan";"192";"42.05";"None";"nan";"None";"nan";"None";"nan";"2";"2";"Appartement";"42.0";"2.0";"None";"None";"None";"None";"nan";"7.268336";"43.698832";"000KT"
"2021-67915";"2021-10-18";"1";"Vente";"37100.0";"5.0";"None";"RUE EUGENE EMMANUEL";"2360";"06000";"06088";"Nice";"06";"None";"None";"06088000KT0313";"None";"None";"265";"nan";"None";"nan";"None";"nan";"None";"nan";"None";"nan";"1";"3";"Dépendance";"nan";"0.0";"None";"None";"None";"None";"nan";"7.265866";"43.699612";"000KT"
"2021-68562";"2021-10-18";"1";"Vente";"327000.0";"12.0";"None";"RUE JOSEPH BRES";"3455";"06000";"06088";"Nice";"06";"None";"None";"06088000KT0381";"None";"None";"18";"nan";"None";"nan";"None";"nan";"None";"nan";"None";"nan";"1";"3";"Dépendance";"nan";"0.0";"None";"None";"None";"None";"nan";"7.268336";"43.698832";"000KT"
"2021-68562";"2021-10-18";"1";"Vente";"327000.0";"5.0";"None";"RUE DU DOC MICHEL ROSANOFF";"2030";"06000";"06088";"Nice";"06";"None";"None";"06088000KT0381";"None";"None";"176";"nan";"192";"42.05";"None";"nan";"None";"nan";"None";"nan";"2";"3";"Dépendance";"nan";"0.0";"None";"None";"None";"None";"nan";"7.268336";"43.698832";"000KT"
"2021-67513";"2021-10-14";"1";"Vente";"135000.0";"7.0";"None";"RUE HALEVY";"3170";"06000";"06088";"Nice";"06";"None";"None";"06088000KT0341";"None";"None";"5";"nan";"None";"nan";"None";"nan";"None";"nan";"None";"nan";"1";"2";"Appartement";"20.0";"1.0";"None";"None";"None";"None";"nan";"7.264754";"43.696074";"000KT"
"2021-67969";"2021-10-14";"1";"Vente";"263000.0";"9.0";"None";"RUE DE LA BUFFA";"1000";"06000";"06088";"Nice";"06";"None";"None";"06088000KT0379";"None";"None";"39";"45.55";"None";"nan";"None";"nan";"None";"nan";"None";"nan";"1";"4";"Local industriel. commercial ou assimilé";"41.0";"0.0";"None";"None";"None";"None";"nan";"7.263975";"43.697254";"000KT"
"2021-67423";"2021-10-12";"1";"Vente";"128000.0";"1.0";"None";"RUE LONGCHAMP";"3710";"06000";"06088";"Nice";"06";"None";"None";"06088000KT0334";"None";"None";"17";"nan";"None";"nan";"None";"nan";"None";"nan";"None";"nan";"1";"2";"Appartement";"15.0";"1.0";"None";"None";"None";"None";"nan";"7.267008";"43.698364";"000KT"
"2021-67163";"2021-10-11";"1";"Vente";"716670.0";"12.0";"None";"RUE DU CONGRES";"1655";"06000";"06088";"Nice";"06";"None";"None";"06088000KT0212";"None";"None";"12";"nan";"37";"110.12";"None";"nan";"None";"nan";"None";"nan";"2";"2";"Appartement";"126.0";"4.0";"None";"None";"None";"None";"nan";"7.263287";"43.69674";"000KT"
"2021-67163";"2021-10-11";"1";"Vente";"716670.0";"12.0";"None";"RUE DU CONGRES";"1655";"06000";"06088";"Nice";"06";"None";"None";"06088000KT0212";"None";"None";"12";"nan";"37";"110.12";"None";"nan";"None";"nan";"None";"nan";"2";"3";"Dépendance";"nan";"0.0";"None";"None";"None";"None";"nan";"7.263287";"43.69674";"000KT"
"2021-67564";"2021-10-08";"1";"Vente";"1267000.0";"27.0";"None";"BD VICTOR HUGO";"6655";"06000";"06088";"Nice";"06";"None";"None";"06088000KT0186";"None";"None";"12";"138.0";"25";"nan";"None";"nan";"None";"nan";"None";"nan";"2";"2";"Appartement";"150.0";"6.0";"None";"None";"None";"None";"nan";"7.262754";"43.698829";"000KT"
"2021-67564";"2021-10-08";"1";"Vente";"1267000.0";"27.0";"None";"BD VICTOR HUGO";"6655";"06000";"06088";"Nice";"06";"None";"None";"06088000KT0186";"None";"None";"12";"138.0";"25";"nan";"None";"nan";"None";"nan";"None";"nan";"2";"3";"Dépendance";"nan";"0.0";"None";"None";"None";"None";"nan";"7.262754";"43.698829";"000KT"
"2021-67820";"2021-10-08";"1";"Vente";"1700000.0";"10.0";"None";"RUE DE LA LIBERTE";"3640";"06000";"06088";"Nice";"06";"None";"None";"06088000KT0033";"None";"None";"14";"97.4";"3";"nan";"None";"nan";"None";"nan";"None";"nan";"2";"4";"Local industriel. commercial ou assimilé";"97.0";"0.0";"None";"None";"None";"None";"nan";"7.268061";"43.698576";"000KT"
"2021-67506";"2021-10-07";"1";"Vente";"271000.0";"17.0";"None";"RUE DE FRANCE";"2595";"06000";"06088";"Nice";"06";"None";"None";"06088000KT0251";"None";"None";"5";"44.35";"None";"nan";"None";"nan";"None";"nan";"None";"nan";"1";"2";"Appartement";"45.0";"3.0";"None";"None";"None";"None";"nan";"7.263624";"43.696187";"000KT"
"2021-67592";"2021-10-07";"1";"Vente";"187000.0";"9.0";"None";"RUE MASSENA";"4110";"06000";"06088";"Nice";"06";"None";"None";"06088000KT0067";"None";"None";"49";"37.88";"None";"nan";"None";"nan";"None";"nan";"None";"nan";"1";"2";"Appartement";"37.0";"2.0";"None";"None";"None";"None";"nan";"7.268156";"43.697486";"000KT"
"2021-72224";"2021-10-07";"1";"Adjudication";"66000.0";"6.0";"B";"RUE ALPHONSE KARR";"0135";"06000";"06088";"Nice";"06";"None";"None";"06088000KT0019";"None";"None";"19";"nan";"None";"nan";"None";"nan";"None";"nan";"None";"nan";"1";"4";"Local industriel. commercial ou assimilé";"12.0";"0.0";"None";"None";"None";"None";"nan";"7.266115";"43.698833";"000KT"
"2021-66900";"2021-10-06";"1";"Vente";"215000.0";"6.0";"None";"RUE DE LA BUFFA";"1000";"06000";"06088";"Nice";"06";"None";"None";"06088000KT0192";"None";"None";"102";"36.78";"None";"nan";"None";"nan";"None";"nan";"None";"nan";"1";"2";"Appartement";"33.0";"2.0";"None";"None";"None";"None";"nan";"7.264065";"43.697804";"000KT"
"2021-67220";"2021-10-01";"1";"Vente";"207000.0";"4.0";"B";"AV DE VERDUN";"6625";"06000";"06088";"Nice";"06";"None";"None";"06088000KT0338";"None";"None";"19";"nan";"None";"nan";"None";"nan";"None";"nan";"None";"nan";"1";"2";"Appartement";"24.0";"1.0";"None";"None";"None";"None";"nan";"7.269131";"43.697346";"000KT"
"2021-67899";"2021-10-01";"1";"Vente";"25000.0";"15.0";"None";"RUE DE FRANCE";"2595";"06000";"06088";"Nice";"06";"None";"None";"06088000KT0250";"None";"None";"16";"6.48";"None";"nan";"None";"nan";"None";"nan";"None";"nan";"1";"2";"Appartement";"9.0";"1.0";"None";"None";"None";"None";"nan";"7.263732";"43.696241";"000KT"
"2021-66657";"2021-09-30";"1";"Vente";"60000.0";"8.0";"None";"RUE DU MARECHAL JOFFRE";"4020";"06000";"06088";"Nice";"06";"None";"None";"06088000KT0394";"None";"None";"227";"13.01";"None";"nan";"None";"nan";"None";"nan";"None";"nan";"1";"2";"Appartement";"22.0";"1.0";"None";"None";"None";"None";"nan";"7.266523";"43.699504";"000KT"
"2021-67045";"2021-09-29";"1";"Vente";"145750.0";"4.0";"None";"RUE DU CONGRES";"1655";"06000";"06088";"Nice";"06";"None";"None";"06088000KT0255";"None";"None";"64";"18.14";"None";"nan";"None";"nan";"None";"nan";"None";"nan";"1";"2";"Appartement";"19.0";"1.0";"None";"None";"None";"None";"nan";"7.2636";"43.695518";"000KT"
"2021-66687";"2021-09-29";"1";"Vente";"30000.0";"2.0";"None";"RUE ALPHONSE KARR";"0135";"06000";"06088";"Nice";"06";"None";"None";"06088000KT0026";"None";"None";"579";"nan";"None";"nan";"None";"nan";"None";"nan";"None";"nan";"1";"3";"Dépendance";"nan";"0.0";"None";"None";"None";"None";"nan";"7.266615";"43.698681";"000KT"
"2021-66441";"2021-09-28";"1";"Vente";"673000.0";"4.0";"None";"RUE GRIMALDI";"3035";"06000";"06088";"Nice";"06";"None";"None";"06088000KT0363";"None";"None";"25";"nan";"49";"95.04";"None";"nan";"None";"nan";"None";"nan";"2";"2";"Appartement";"95.0";"3.0";"None";"None";"None";"None";"nan";"7.265898";"43.697975";"000KT"
"2021-66695";"2021-09-28";"1";"Vente";"172996.0";"10.0";"None";"RUE DU CONGRES";"1655";"06000";"06088";"Nice";"06";"None";"None";"06088000KT0213";"None";"None";"11";"28.4";"None";"nan";"None";"nan";"None";"nan";"None";"nan";"1";"4";"Local industriel. commercial ou assimilé";"296.0";"0.0";"None";"None";"None";"None";"nan";"7.26335";"43.696583";"000KT"
"2021-67797";"2021-09-27";"1";"Vente";"360000.0";"39.0";"None";"RUE MASSENA";"4110";"06000";"06088";"Nice";"06";"None";"None";"06088000KT0097";"None";"None";"12";"87.07";"None";"nan";"None";"nan";"None";"nan";"None";"nan";"1";"2";"Appartement";"65.0";"2.0";"None";"None";"None";"None";"nan";"7.265779";"43.696776";"000KT"
"2021-66362";"2021-09-24";"1";"Vente";"489000.0";"11.0";"None";"RUE MACCARANI";"3810";"06000";"06088";"Nice";"06";"None";"None";"06088000KT0322";"None";"None";"211";"nan";"346";"57.38";"None";"nan";"None";"nan";"None";"nan";"2";"2";"Appartement";"56.0";"2.0";"None";"None";"None";"None";"nan";"7.264358";"43.697967";"000KT"
"2021-66565";"2021-09-24";"1";"Vente";"371900.0";"15.0";"None";"RUE DU MARECHAL JOFFRE";"4020";"06000";"06088";"Nice";"06";"None";"None";"06088000KT0161";"None";"None";"126";"50.17";"None";"nan";"None";"nan";"None";"nan";"None";"nan";"1";"2";"Appartement";"48.0";"2.0";"None";"None";"None";"None";"nan";"7.265527";"43.698649";"000KT"
"2021-66362";"2021-09-24";"1";"Vente";"489000.0";"11.0";"None";"RUE MACCARANI";"3810";"06000";"06088";"Nice";"06";"None";"None";"06088000KT0322";"None";"None";"211";"nan";"346";"57.38";"None";"nan";"None";"nan";"None";"nan";"2";"3";"Dépendance";"nan";"0.0";"None";"None";"None";"None";"nan";"7.264358";"43.697967";"000KT"
"2021-66362";"2021-09-24";"1";"Vente";"489000.0";"11.0";"None";"RUE MACCARANI";"3810";"06000";"06088";"Nice";"06";"None";"None";"06088000KT0322";"None";"None";"211";"nan";"346";"57.38";"None";"nan";"None";"nan";"None";"nan";"2";"3";"Dépendance";"nan";"0.0";"None";"None";"None";"None";"nan";"7.264358";"43.697967";"000KT"
"2021-66845";"2021-09-23";"1";"Vente";"370000.0";"7.0";"None";"RUE HALEVY";"3170";"06000";"06088";"Nice";"06";"None";"None";"06088000KT0341";"None";"None";"7";"61.53";"None";"nan";"None";"nan";"None";"nan";"None";"nan";"1";"2";"Appartement";"65.0";"2.0";"None";"None";"None";"None";"nan";"7.264754";"43.696074";"000KT"
"2021-65955";"2021-09-17";"1";"Vente";"385000.0";"2.0";"None";"RUE RAYNARDI";"5390";"06000";"06088";"Nice";"06";"None";"None";"06088000KT0394";"None";"None";"307";"69.97";"None";"nan";"None";"nan";"None";"nan";"None";"nan";"1";"2";"Appartement";"72.0";"3.0";"None";"None";"None";"None";"nan";"7.266523";"43.699504";"000KT"
"2021-66112";"2021-09-17";"1";"Vente";"168000.0";"6.0";"None";"RUE MASSENET";"4115";"06000";"06088";"Nice";"06";"None";"None";"06088000KT0368";"None";"None";"351";"24.0";"None";"nan";"None";"nan";"None";"nan";"None";"nan";"1";"2";"Appartement";"24.0";"1.0";"None";"None";"None";"None";"nan";"7.264583";"43.69571";"000KT"
"2021-66995";"2021-09-17";"1";"Vente";"443000.0";"5.0";"None";"RUE DE LA BUFFA";"1000";"06000";"06088";"Nice";"06";"None";"None";"06088000KT0203";"None";"None";"20";"nan";"47";"52.39";"None";"nan";"None";"nan";"None";"nan";"2";"2";"Appartement";"51.0";"2.0";"None";"None";"None";"None";"nan";"7.264266";"43.697327";"000KT"
"2021-65955";"2021-09-17";"1";"Vente";"385000.0";"2.0";"None";"RUE RAYNARDI";"5390";"06000";"06088";"Nice";"06";"None";"None";"06088000KT0394";"None";"None";"317";"9.0";"None";"nan";"None";"nan";"None";"nan";"None";"nan";"1";"3";"Dépendance";"nan";"0.0";"None";"None";"None";"None";"nan";"7.266523";"43.699504";"000KT"
"2021-65938";"2021-09-15";"1";"Vente";"161596.0";"10.0";"None";"RUE DU CONGRES";"1655";"06000";"06088";"Nice";"06";"None";"None";"06088000KT0213";"None";"None";"13";"nan";"None";"nan";"None";"nan";"None";"nan";"None";"nan";"1";"4";"Local industriel. commercial ou assimilé";"296.0";"0.0";"None";"None";"None";"None";"nan";"7.26335";"43.696583";"000KT"
"2021-66473";"2021-09-13";"1";"Vente";"37400.0";"8.0";"None";"RUE FRANCOIS 1ER";"2645";"06000";"06088";"Nice";"06";"None";"None";"06088000KT0152";"None";"None";"62";"nan";"None";"nan";"None";"nan";"None";"nan";"None";"nan";"1";"3";"Dépendance";"nan";"0.0";"None";"None";"None";"None";"nan";"7.26584";"43.698406";"000KT"
"2021-65710";"2021-09-09";"1";"Vente";"56000.0";"2.0";"None";"RUE ALPHONSE KARR";"0135";"06000";"06088";"Nice";"06";"None";"None";"06088000KT0026";"None";"None";"467";"nan";"None";"nan";"None";"nan";"None";"nan";"None";"nan";"1";"4";"Local industriel. commercial ou assimilé";"11.0";"0.0";"None";"None";"None";"None";"nan";"7.266615";"43.698681";"000KT"
"2021-65474";"2021-09-07";"1";"Vente";"310000.0";"9.0";"None";"RUE ALPHONSE KARR";"0135";"06000";"06088";"Nice";"06";"None";"None";"06088000KT0162";"None";"None";"31";"44.88";"None";"nan";"None";"nan";"None";"nan";"None";"nan";"1";"2";"Appartement";"39.0";"2.0";"None";"None";"None";"None";"nan";"7.265434";"43.699073";"000KT"
"2021-65555";"2021-09-03";"1";"Vente";"418000.0";"3.0";"None";"PROM DES ANGLAIS";"0240";"06000";"06088";"Nice";"06";"None";"None";"06088000KT0243";"None";"None";"1024";"34.14";"1051";"nan";"None";"nan";"None";"nan";"None";"nan";"2";"2";"Appartement";"37.0";"1.0";"None";"None";"None";"None";"nan";"7.265001";"43.695379";"000KT"
"2021-65601";"2021-09-03";"1";"Vente";"309000.0";"3.0";"None";"PROM DES ANGLAIS";"0240";"06000";"06088";"Nice";"06";"None";"None";"06088000KT0243";"None";"None";"1012";"36.03";"1070";"nan";"None";"nan";"None";"nan";"None";"nan";"2";"2";"Appartement";"37.0";"1.0";"None";"None";"None";"None";"nan";"7.265001";"43.695379";"000KT"
"2021-65555";"2021-09-03";"1";"Vente";"418000.0";"3.0";"None";"PROM DES ANGLAIS";"0240";"06000";"06088";"Nice";"06";"None";"None";"06088000KT0243";"None";"None";"1024";"34.14";"1051";"nan";"None";"nan";"None";"nan";"None";"nan";"2";"3";"Dépendance";"nan";"0.0";"None";"None";"None";"None";"nan";"7.265001";"43.695379";"000KT"
"2021-65601";"2021-09-03";"1";"Vente";"309000.0";"3.0";"None";"PROM DES ANGLAIS";"0240";"06000";"06088";"Nice";"06";"None";"None";"06088000KT0243";"None";"None";"1012";"36.03";"1070";"nan";"None";"nan";"None";"nan";"None";"nan";"2";"3";"Dépendance";"nan";"0.0";"None";"None";"None";"None";"nan";"7.265001";"43.695379";"000KT"
"2021-65106";"2021-09-02";"1";"Vente";"35000.0";"5.0";"None";"RUE DE LA BUFFA";"1000";"06000";"06088";"Nice";"06";"None";"None";"06088000KT0203";"None";"None";"26";"nan";"None";"nan";"None";"nan";"None";"nan";"None";"nan";"1";"3";"Dépendance";"nan";"0.0";"None";"None";"None";"None";"nan";"7.264266";"43.697327";"000KT"
"2021-65031";"2021-09-01";"1";"Vente";"147000.0";"5.0";"None";"RUE MASSENA";"4110";"06000";"06088";"Nice";"06";"None";"None";"06088000KT0068";"None";"None";"48";"19.0";"None";"nan";"None";"nan";"None";"nan";"None";"nan";"1";"2";"Appartement";"20.0";"1.0";"None";"None";"None";"None";"nan";"7.268704";"43.697458";"000KT"
"2021-65188";"2021-08-31";"1";"Vente";"200000.0";"9.0";"None";"RUE MASSENET";"4115";"06000";"06088";"Nice";"06";"None";"None";"06088000KT0257";"None";"None";"145";"30.47";"2";"nan";"None";"nan";"None";"nan";"None";"nan";"2";"2";"Appartement";"29.0";"1.0";"None";"None";"None";"None";"nan";"7.263955";"43.695823";"000KT"
"2021-65194";"2021-08-31";"1";"Vente";"400000.0";"9.0";"None";"RUE MASSENET";"4115";"06000";"06088";"Nice";"06";"None";"None";"06088000KT0257";"None";"None";"146";"nan";"3";"nan";"None";"nan";"None";"nan";"None";"nan";"2";"2";"Appartement";"58.0";"2.0";"None";"None";"None";"None";"nan";"7.263955";"43.695823";"000KT"
"2021-65188";"2021-08-31";"1";"Vente";"200000.0";"9.0";"None";"RUE MASSENET";"4115";"06000";"06088";"Nice";"06";"None";"None";"06088000KT0257";"None";"None";"145";"30.47";"2";"nan";"None";"nan";"None";"nan";"None";"nan";"2";"3";"Dépendance";"nan";"0.0";"None";"None";"None";"None";"nan";"7.263955";"43.695823";"000KT"
"2021-65194";"2021-08-31";"1";"Vente";"400000.0";"9.0";"None";"RUE MASSENET";"4115";"06000";"06088";"Nice";"06";"None";"None";"06088000KT0257";"None";"None";"146";"nan";"3";"nan";"None";"nan";"None";"nan";"None";"nan";"2";"3";"Dépendance";"nan";"0.0";"None";"None";"None";"None";"nan";"7.263955";"43.695823";"000KT"
"2021-65080";"2021-08-30";"1";"Vente";"675000.0";"6.0";"None";"RUE DU CONGRES";"1655";"06000";"06088";"Nice";"06";"None";"None";"06088000KT0327";"None";"None";"22";"nan";"34";"145.52";"None";"nan";"None";"nan";"None";"nan";"2";"2";"Appartement";"142.0";"5.0";"None";"None";"None";"None";"nan";"7.263538";"43.695889";"000KT"
"2021-65080";"2021-08-30";"1";"Vente";"675000.0";"6.0";"None";"RUE DU CONGRES";"1655";"06000";"06088";"Nice";"06";"None";"None";"06088000KT0327";"None";"None";"22";"nan";"34";"145.52";"None";"nan";"None";"nan";"None";"nan";"2";"3";"Dépendance";"nan";"0.0";"None";"None";"None";"None";"nan";"7.263538";"43.695889";"000KT"
"2021-64967";"2021-08-26";"1";"Vente";"228000.0";"13.0";"None";"RUE MASSENA";"4110";"06000";"06088";"Nice";"06";"None";"None";"06088000KT0065";"None";"None";"166";"37.4";"None";"nan";"None";"nan";"None";"nan";"None";"nan";"1";"2";"Appartement";"40.0";"2.0";"None";"None";"None";"None";"nan";"7.267649";"43.6975";"000KT"
"2021-65197";"2021-08-24";"1";"Vente";"90210.0";"10.0";"None";"RUE DU CONGRES";"1655";"06000";"06088";"Nice";"06";"None";"None";"06088000KT0213";"None";"None";"6";"14.6";"None";"nan";"None";"nan";"None";"nan";"None";"nan";"1";"4";"Local industriel. commercial ou assimilé";"296.0";"0.0";"None";"None";"None";"None";"nan";"7.26335";"43.696583";"000KT"
"2021-65267";"2021-08-11";"1";"Vente";"675000.0";"1.0";"None";"RUE RAYNARDI";"5390";"06000";"06088";"Nice";"06";"None";"None";"06088000KT0012";"None";"None";"31";"65.16";"None";"nan";"None";"nan";"None";"nan";"None";"nan";"1";"2";"Appartement";"65.0";"3.0";"None";"None";"None";"None";"nan";"7.267077";"43.699566";"000KT"
"2021-65267";"2021-08-11";"1";"Vente";"675000.0";"1.0";"None";"RUE RAYNARDI";"5390";"06000";"06088";"Nice";"06";"None";"None";"06088000KT0012";"None";"None";"31";"65.16";"None";"nan";"None";"nan";"None";"nan";"None";"nan";"1";"3";"Dépendance";"nan";"0.0";"None";"None";"None";"None";"nan";"7.267077";"43.699566";"000KT"
"2021-64993";"2021-08-09";"1";"Vente";"467730.0";"13.0";"None";"RUE MASSENET";"4115";"06000";"06088";"Nice";"06";"None";"None";"06088000KT0248";"None";"None";"1";"nan";"121";"46.42";"None";"nan";"None";"nan";"None";"nan";"2";"2";"Appartement";"49.0";"2.0";"None";"None";"None";"None";"nan";"7.263949";"43.696342";"000KT"
"2021-64993";"2021-08-09";"1";"Vente";"467730.0";"13.0";"None";"RUE MASSENET";"4115";"06000";"06088";"Nice";"06";"None";"None";"06088000KT0248";"None";"None";"1";"nan";"121";"46.42";"None";"nan";"None";"nan";"None";"nan";"2";"3";"Dépendance";"nan";"0.0";"None";"None";"None";"None";"nan";"7.263949";"43.696342";"000KT"
"2021-64057";"2021-08-05";"1";"Vente";"500000.0";"3.0";"None";"RUE HALEVY";"3170";"06000";"06088";"Nice";"06";"None";"None";"06088000KT0243";"None";"None";"2033";"nan";"2090";"76.1";"None";"nan";"None";"nan";"None";"nan";"2";"2";"Appartement";"78.0";"2.0";"None";"None";"None";"None";"nan";"7.265001";"43.695379";"000KT"
"2021-63957";"2021-08-05";"1";"Vente";"48000.0";"5.0";"None";"RUE EUGENE EMMANUEL";"2360";"06000";"06088";"Nice";"06";"None";"None";"06088000KT0313";"None";"None";"267";"nan";"None";"nan";"None";"nan";"None";"nan";"None";"nan";"1";"3";"Dépendance";"nan";"0.0";"None";"None";"None";"None";"nan";"7.265866";"43.699612";"000KT"
"2021-64057";"2021-08-05";"1";"Vente";"500000.0";"3.0";"None";"RUE HALEVY";"3170";"06000";"06088";"Nice";"06";"None";"None";"06088000KT0243";"None";"None";"2033";"nan";"2090";"76.1";"None";"nan";"None";"nan";"None";"nan";"2";"3";"Dépendance";"nan";"0.0";"None";"None";"None";"None";"nan";"7.265001";"43.695379";"000KT"
"2021-64057";"2021-08-05";"1";"Vente";"500000.0";"3.0";"None";"RUE HALEVY";"3170";"06000";"06088";"Nice";"06";"None";"None";"06088000KT0243";"None";"None";"2033";"nan";"2090";"76.1";"None";"nan";"None";"nan";"None";"nan";"2";"3";"Dépendance";"nan";"0.0";"None";"None";"None";"None";"nan";"7.265001";"43.695379";"000KT"
"2021-65011";"2021-08-04";"1";"Vente";"249900.0";"1.0";"None";"RUE DE FRANCE";"2595";"06000";"06088";"Nice";"06";"None";"None";"06088000KT0225";"None";"None";"7";"21.75";"None";"nan";"None";"nan";"None";"nan";"None";"nan";"1";"4";"Local industriel. commercial ou assimilé";"24.0";"0.0";"None";"None";"None";"None";"nan";"7.264948";"43.696559";"000KT"
"2021-64100";"2021-08-03";"1";"Vente";"160000.0";"5.0";"None";"RUE DE FRANCE";"2595";"06000";"06088";"Nice";"06";"None";"None";"06088000KT0226";"None";"None";"24";"29.06";"None";"nan";"None";"nan";"None";"nan";"None";"nan";"1";"2";"Appartement";"21.0";"1.0";"None";"None";"None";"None";"nan";"7.26468";"43.696485";"000KT"
"2021-64730";"2021-08-03";"1";"Vente";"280000.0";"39.0";"None";"RUE MASSENA";"4110";"06000";"06088";"Nice";"06";"None";"None";"06088000KT0097";"None";"None";"23";"nan";"None";"nan";"None";"nan";"None";"nan";"None";"nan";"1";"2";"Appartement";"78.0";"3.0";"None";"None";"None";"None";"nan";"7.265779";"43.696776";"000KT"
"2021-64730";"2021-08-03";"1";"Vente";"280000.0";"39.0";"None";"RUE MASSENA";"4110";"06000";"06088";"Nice";"06";"None";"None";"06088000KT0097";"None";"None";"23";"nan";"None";"nan";"None";"nan";"None";"nan";"None";"nan";"1";"3";"Dépendance";"nan";"0.0";"None";"None";"None";"None";"nan";"7.265779";"43.696776";"000KT"
"2021-63858";"2021-07-30";"1";"Vente";"306825.0";"12.0";"None";"RUE MACCARANI";"3810";"06000";"06088";"Nice";"06";"None";"None";"06088000KT0177";"None";"None";"30";"37.11";"None";"nan";"None";"nan";"None";"nan";"None";"nan";"1";"2";"Appartement";"46.0";"2.0";"None";"None";"None";"None";"nan";"7.264595";"43.698889";"000KT"
"2021-64049";"2021-07-30";"1";"Vente";"630500.0";"14.0";"None";"RUE DU MARECHAL JOFFRE";"4020";"06000";"06088";"Nice";"06";"None";"None";"06088000KT0270";"None";"None";"6";"106.33";"8";"106.33";"None";"nan";"None";"nan";"None";"nan";"2";"2";"Appartement";"106.0";"4.0";"None";"None";"None";"None";"nan";"7.26608";"43.699161";"000KT"
"2021-64049";"2021-07-30";"1";"Vente";"630500.0";"14.0";"None";"RUE DU MARECHAL JOFFRE";"4020";"06000";"06088";"Nice";"06";"None";"None";"06088000KT0270";"None";"None";"1";"nan";"None";"nan";"None";"nan";"None";"nan";"None";"nan";"1";"4";"Local industriel. commercial ou assimilé";"20.0";"0.0";"None";"None";"None";"None";"nan";"7.26608";"43.699161";"000KT"
"2021-63154";"2021-07-26";"1";"Vente";"1487920.0";"9.0";"None";"RUE HALEVY";"3170";"06000";"06088";"Nice";"06";"None";"None";"06088000KT0340";"None";"None";"54";"nan";"58";"nan";"None";"nan";"None";"nan";"None";"nan";"2";"2";"Appartement";"131.0";"4.0";"None";"None";"None";"None";"nan";"7.26483";"43.696253";"000KT"
"2021-63656";"2021-07-26";"1";"Vente";"107500.0";"9.0";"None";"RUE MASSENA";"4110";"06000";"06088";"Nice";"06";"None";"None";"06088000KT0067";"None";"None";"79";"16.2";"None";"nan";"None";"nan";"None";"nan";"None";"nan";"1";"2";"Appartement";"16.0";"1.0";"None";"None";"None";"None";"nan";"7.268156";"43.697486";"000KT"
"2021-63154";"2021-07-26";"1";"Vente";"1487920.0";"9.0";"None";"RUE HALEVY";"3170";"06000";"06088";"Nice";"06";"None";"None";"06088000KT0340";"None";"None";"54";"nan";"58";"nan";"None";"nan";"None";"nan";"None";"nan";"2";"3";"Dépendance";"nan";"0.0";"None";"None";"None";"None";"nan";"7.26483";"43.696253";"000KT"
"2021-63029";"2021-07-23";"1";"Vente";"46000.0";"6.0";"None";"RUE MASSENET";"4115";"06000";"06088";"Nice";"06";"None";"None";"06088000KT0368";"None";"None";"87";"nan";"None";"nan";"None";"nan";"None";"nan";"None";"nan";"1";"3";"Dépendance";"nan";"0.0";"None";"None";"None";"None";"nan";"7.264583";"43.69571";"000KT"
"2021-63110";"2021-07-23";"1";"Vente";"135287.0";"10.0";"None";"RUE DU CONGRES";"1655";"06000";"06088";"Nice";"06";"None";"None";"06088000KT0213";"None";"None";"10";"22.9";"None";"nan";"None";"nan";"None";"nan";"None";"nan";"1";"4";"Local industriel. commercial ou assimilé";"296.0";"0.0";"None";"None";"None";"None";"nan";"7.26335";"43.696583";"000KT"
"2021-63365";"2021-07-21";"1";"Vente";"1000.0";"6.0";"B";"AV DE VERDUN";"6625";"06000";"06088";"Nice";"06";"None";"None";"06088000KT0074";"None";"None";"30";"nan";"None";"nan";"None";"nan";"None";"nan";"None";"nan";"1";"2";"Appartement";"41.0";"2.0";"None";"None";"None";"None";"nan";"7.268923";"43.697268";"000KT"
"2021-63949";"2021-07-21";"1";"Vente";"330000.0";"23.0";"None";"RUE DU MARECHAL JOFFRE";"4020";"06000";"06088";"Nice";"06";"None";"None";"06088000KT0287";"None";"None";"28";"nan";"None";"nan";"None";"nan";"None";"nan";"None";"nan";"1";"4";"Local industriel. commercial ou assimilé";"21.0";"0.0";"None";"None";"None";"None";"nan";"7.264726";"43.698524";"000KT"
"2021-63949";"2021-07-21";"1";"Vente";"330000.0";"23.0";"None";"RUE DU MARECHAL JOFFRE";"4020";"06000";"06088";"Nice";"06";"None";"None";"06088000KT0287";"None";"None";"27";"42.2";"None";"nan";"None";"nan";"None";"nan";"None";"nan";"1";"4";"Local industriel. commercial ou assimilé";"21.0";"0.0";"None";"None";"None";"None";"nan";"7.264726";"43.698524";"000KT"
"2021-63427";"2021-07-20";"1";"Vente";"343250.0";"1.0";"None";"AV DE SUEDE";"6294";"06000";"06088";"Nice";"06";"None";"None";"06088000KT0085";"None";"None";"52";"56.06";"None";"nan";"None";"nan";"None";"nan";"None";"nan";"1";"2";"Appartement";"58.0";"3.0";"None";"None";"None";"None";"nan";"7.265809";"43.696193";"000KT"
"2021-63598";"2021-07-20";"1";"Vente";"250000.0";"28.0";"None";"RUE MASSENA";"4110";"06000";"06088";"Nice";"06";"None";"None";"06088000KT0128";"None";"None";"19";"nan";"None";"nan";"None";"nan";"None";"nan";"None";"nan";"1";"2";"Appartement";"58.0";"2.0";"None";"None";"None";"None";"nan";"7.265725";"43.697232";"000KT"
"2021-63333";"2021-07-16";"1";"Vente";"200000.0";"2.0";"None";"RUE DU MARECHAL JOFFRE";"4020";"06000";"06088";"Nice";"06";"None";"None";"06088000KT0005";"None";"None";"144";"nan";"184";"33.32";"None";"nan";"None";"nan";"None";"nan";"2";"2";"Appartement";"32.0";"1.0";"None";"None";"None";"None";"nan";"7.267897";"43.699743";"000KT"
"2021-63333";"2021-07-16";"1";"Vente";"200000.0";"2.0";"None";"RUE DU MARECHAL JOFFRE";"4020";"06000";"06088";"Nice";"06";"None";"None";"06088000KT0005";"None";"None";"144";"nan";"184";"33.32";"None";"nan";"None";"nan";"None";"nan";"2";"3";"Dépendance";"nan";"0.0";"None";"None";"None";"None";"nan";"7.267897";"43.699743";"000KT"
"2021-62339";"2021-07-09";"1";"Vente";"274000.0";"7.0";"None";"RUE DE FRANCE";"2595";"06000";"06088";"Nice";"06";"None";"None";"06088000KT0227";"None";"None";"35";"nan";"53";"nan";"None";"nan";"None";"nan";"None";"nan";"2";"2";"Appartement";"44.0";"2.0";"None";"None";"None";"None";"nan";"7.264425";"43.696447";"000KT"
"2021-62339";"2021-07-09";"1";"Vente";"274000.0";"7.0";"None";"RUE DE FRANCE";"2595";"06000";"06088";"Nice";"06";"None";"None";"06088000KT0227";"None";"None";"50";"nan";"None";"nan";"None";"nan";"None";"nan";"None";"nan";"1";"2";"Appartement";"42.0";"3.0";"None";"None";"None";"None";"nan";"7.264425";"43.696447";"000KT"
"2021-62529";"2021-07-09";"1";"Vente";"120000.0";"9.0";"None";"RUE MASSENA";"4110";"06000";"06088";"Nice";"06";"None";"None";"06088000KT0067";"None";"None";"72";"27.4";"None";"nan";"None";"nan";"None";"nan";"None";"nan";"1";"2";"Appartement";"29.0";"1.0";"None";"None";"None";"None";"nan";"7.268156";"43.697486";"000KT"
"2021-62339";"2021-07-09";"1";"Vente";"274000.0";"5.0";"None";"RUE DE FRANCE";"2595";"06000";"06088";"Nice";"06";"None";"None";"06088000KT0226";"None";"None";"19";"nan";"None";"nan";"None";"nan";"None";"nan";"None";"nan";"1";"3";"Dépendance";"nan";"0.0";"None";"None";"None";"None";"nan";"7.26468";"43.696485";"000KT"
"2021-62529";"2021-07-09";"1";"Vente";"120000.0";"9.0";"None";"RUE MASSENA";"4110";"06000";"06088";"Nice";"06";"None";"None";"06088000KT0067";"None";"None";"72";"27.4";"None";"nan";"None";"nan";"None";"nan";"None";"nan";"1";"3";"Dépendance";"nan";"0.0";"None";"None";"None";"None";"nan";"7.268156";"43.697486";"000KT"
"2021-61996";"2021-07-07";"1";"Vente";"379000.0";"12.0";"None";"RUE DU MARECHAL JOFFRE";"4020";"06000";"06088";"Nice";"06";"None";"None";"06088000KT0014";"None";"None";"10";"nan";"34";"62.46";"None";"nan";"None";"nan";"None";"nan";"2";"2";"Appartement";"58.0";"2.0";"None";"None";"None";"None";"nan";"7.266226";"43.699209";"000KT"
"2021-62540";"2021-07-07";"1";"Vente";"705000.0";"19.0";"None";"RUE DU MARECHAL JOFFRE";"4020";"06000";"06088";"Nice";"06";"None";"None";"06088000KT0140";"None";"None";"113";"nan";"142";"115.14";"None";"nan";"None";"nan";"None";"nan";"2";"2";"Appartement";"115.0";"4.0";"None";"None";"None";"None";"nan";"7.265019";"43.698409";"000KT"
"2021-61996";"2021-07-07";"1";"Vente";"379000.0";"12.0";"None";"RUE DU MARECHAL JOFFRE";"4020";"06000";"06088";"Nice";"06";"None";"None";"06088000KT0014";"None";"None";"10";"nan";"34";"62.46";"None";"nan";"None";"nan";"None";"nan";"2";"3";"Dépendance";"nan";"0.0";"None";"None";"None";"None";"nan";"7.266226";"43.699209";"000KT"
"2021-62540";"2021-07-07";"1";"Vente";"705000.0";"19.0";"None";"RUE DU MARECHAL JOFFRE";"4020";"06000";"06088";"Nice";"06";"None";"None";"06088000KT0140";"None";"None";"83";"nan";"None";"nan";"None";"nan";"None";"nan";"None";"nan";"1";"3";"Dépendance";"nan";"0.0";"None";"None";"None";"None";"nan";"7.265019";"43.698409";"000KT"
"2021-62649";"2021-07-05";"1";"Vente";"220000.0";"13.0";"None";"RUE MASSENA";"4110";"06000";"06088";"Nice";"06";"None";"None";"06088000KT0065";"None";"None";"168";"30.67";"None";"nan";"None";"nan";"None";"nan";"None";"nan";"1";"2";"Appartement";"29.0";"2.0";"None";"None";"None";"None";"nan";"7.267649";"43.6975";"000KT"
"2021-62242";"2021-06-30";"1";"Vente";"700000.0";"3.0";"None";"PROM DES ANGLAIS";"0240";"06000";"06088";"Nice";"06";"None";"None";"06088000KT0243";"None";"None";"1020";"109.16";"1055";"nan";"None";"nan";"None";"nan";"None";"nan";"2";"2";"Appartement";"108.0";"3.0";"None";"None";"None";"None";"nan";"7.265001";"43.695379";"000KT"
"2021-61741";"2021-06-30";"1";"Vente";"80000.0";"9.0";"None";"RUE DU MARECHAL JOFFRE";"4020";"06000";"06088";"Nice";"06";"None";"None";"06088000KT0020";"None";"None";"120";"10.26";"None";"nan";"None";"nan";"None";"nan";"None";"nan";"1";"3";"Dépendance";"nan";"0.0";"None";"None";"None";"None";"nan";"7.266776";"43.699055";"000KT"
"2021-62242";"2021-06-30";"1";"Vente";"700000.0";"3.0";"None";"PROM DES ANGLAIS";"0240";"06000";"06088";"Nice";"06";"None";"None";"06088000KT0243";"None";"None";"1020";"109.16";"1055";"nan";"None";"nan";"None";"nan";"None";"nan";"2";"3";"Dépendance";"nan";"0.0";"None";"None";"None";"None";"nan";"7.265001";"43.695379";"000KT"
"2021-61515";"2021-06-29";"1";"Vente";"170000.0";"8.0";"None";"RUE FRANCOIS 1ER";"2645";"06000";"06088";"Nice";"06";"None";"None";"06088000KT0152";"None";"None";"48";"31.78";"None";"nan";"None";"nan";"None";"nan";"None";"nan";"1";"2";"Appartement";"30.0";"1.0";"None";"None";"None";"None";"nan";"7.26584";"43.698406";"000KT"
"2021-62423";"2021-06-29";"1";"Vente";"137500.0";"20.0";"None";"RUE DE LA LIBERTE";"3640";"06000";"06088";"Nice";"06";"None";"None";"06088000KT0144";"None";"None";"96";"16.79";"None";"nan";"None";"nan";"None";"nan";"None";"nan";"1";"2";"Appartement";"16.0";"1.0";"None";"None";"None";"None";"nan";"7.266151";"43.698037";"000KT"
"2021-61442";"2021-06-28";"1";"Vente";"2480000.0";"3.0";"None";"PROM DES ANGLAIS";"0240";"06000";"06088";"Nice";"06";"None";"None";"06088000KT0243";"None";"None";"1010";"311.36";"1047";"nan";"1084";"nan";"None";"nan";"None";"nan";"3";"4";"Local industriel. commercial ou assimilé";"366.0";"0.0";"None";"None";"None";"None";"nan";"7.265001";"43.695379";"000KT"
"2021-62460";"2021-06-25";"1";"Vente";"4813000.0";"10.0";"None";"RUE DE LA LIBERTE";"3640";"06000";"06088";"Nice";"06";"None";"None";"06088000KT0033";"None";"None";"10";"57.96";"17";"nan";"None";"nan";"None";"nan";"None";"nan";"2";"4";"Local industriel. commercial ou assimilé";"57.0";"0.0";"None";"None";"None";"None";"nan";"7.268061";"43.698576";"000KT"
"2021-62460";"2021-06-25";"1";"Vente";"4813000.0";"5.0";"None";"AV JEAN MEDECIN";"3372";"06000";"06088";"Nice";"06";"None";"None";"06088000KT0045";"None";"None";"17";"nan";"2";"nan";"25";"nan";"None";"nan";"None";"nan";"3";"4";"Local industriel. commercial ou assimilé";"315.0";"0.0";"None";"None";"None";"None";"nan";"7.268985";"43.698484";"000KT"
"2021-62460";"2021-06-25";"1";"Vente";"4813000.0";"5.0";"None";"RUE MASSENA";"4110";"06000";"06088";"Nice";"06";"None";"None";"06088000KT0068";"None";"None";"12";"nan";"43";"nan";"51";"nan";"None";"nan";"None";"nan";"3";"4";"Local industriel. commercial ou assimilé";"443.0";"0.0";"None";"None";"None";"None";"nan";"7.268704";"43.697458";"000KT"
"2021-62460";"2021-06-25";"1";"Vente";"4813000.0";"3.0";"None";"RUE MASSENA";"4110";"06000";"06088";"Nice";"06";"None";"None";"06088000KT0069";"None";"None";"100";"nan";"77";"nan";"None";"nan";"None";"nan";"None";"nan";"2";"4";"Local industriel. commercial ou assimilé";"233.0";"0.0";"None";"None";"None";"None";"nan";"7.269055";"43.69765";"000KT"
"2021-62460";"2021-06-25";"1";"Vente";"4813000.0";"11.0";"None";"RUE MASSENA";"4110";"06000";"06088";"Nice";"06";"None";"None";"06088000KT0268";"None";"None";"5";"44.23";"None";"nan";"None";"nan";"None";"nan";"None";"nan";"1";"4";"Local industriel. commercial ou assimilé";"44.0";"0.0";"None";"None";"None";"None";"nan";"7.268021";"43.697574";"000KT"
"2021-63068";"2021-06-25";"1";"Vente";"300000.0";"27.0";"None";"BD VICTOR HUGO";"6655";"06000";"06088";"Nice";"06";"None";"None";"06088000KT0186";"None";"None";"1";"76.03";"18";"nan";"None";"nan";"None";"nan";"None";"nan";"2";"4";"Local industriel. commercial ou assimilé";"80.0";"0.0";"None";"None";"None";"None";"nan";"7.262754";"43.698829";"000KT"
"2021-61397";"2021-06-23";"1";"Vente";"310000.0";"17.0";"None";"BD VICTOR HUGO";"6655";"06000";"06088";"Nice";"06";"None";"None";"06088000KT0384";"None";"None";"16";"43.78";"None";"nan";"None";"nan";"None";"nan";"None";"nan";"1";"4";"Local industriel. commercial ou assimilé";"49.0";"0.0";"None";"None";"None";"None";"nan";"7.265072";"43.699236";"000KT"
"2021-60841";"2021-06-16";"1";"Vente";"279000.0";"37.0";"None";"RUE MASSENA";"4110";"06000";"06088";"Nice";"06";"None";"None";"06088000KT0098";"None";"None";"14";"50.76";"None";"nan";"None";"nan";"None";"nan";"None";"nan";"1";"2";"Appartement";"50.0";"3.0";"None";"None";"None";"None";"nan";"7.265812";"43.696841";"000KT"
"2021-61246";"2021-06-16";"1";"Vente";"197600.0";"3.0";"None";"RUE DU DOCTEUR BARETY";"2010";"06000";"06088";"Nice";"06";"None";"None";"06088000KT0189";"None";"None";"35";"25.28";"None";"nan";"None";"nan";"None";"nan";"None";"nan";"1";"2";"Appartement";"24.0";"1.0";"None";"None";"None";"None";"nan";"7.263096";"43.698623";"000KT"
"2021-60841";"2021-06-16";"1";"Vente";"279000.0";"37.0";"None";"RUE MASSENA";"4110";"06000";"06088";"Nice";"06";"None";"None";"06088000KT0098";"None";"None";"14";"50.76";"None";"nan";"None";"nan";"None";"nan";"None";"nan";"1";"3";"Dépendance";"nan";"0.0";"None";"None";"None";"None";"nan";"7.265812";"43.696841";"000KT"
"2021-60841";"2021-06-16";"1";"Vente";"279000.0";"37.0";"None";"RUE MASSENA";"4110";"06000";"06088";"Nice";"06";"None";"None";"06088000KT0098";"None";"None";"14";"50.76";"None";"nan";"None";"nan";"None";"nan";"None";"nan";"1";"3";"Dépendance";"nan";"0.0";"None";"None";"None";"None";"nan";"7.265812";"43.696841";"000KT"
"2021-61508";"2021-06-10";"1";"Vente";"157000.0";"1.0";"None";"AV DE SUEDE";"6294";"06000";"06088";"Nice";"06";"None";"None";"06088000KT0085";"None";"None";"32";"19.87";"None";"nan";"None";"nan";"None";"nan";"None";"nan";"1";"2";"Appartement";"22.0";"1.0";"None";"None";"None";"None";"nan";"7.265809";"43.696193";"000KT"
"2021-60191";"2021-06-09";"1";"Vente";"500000.0";"4.0";"None";"RUE ALPHONSE KARR";"0135";"06000";"06088";"Nice";"06";"None";"None";"06088000KT0026";"None";"None";"202";"nan";"81";"nan";"None";"nan";"None";"nan";"None";"nan";"2";"2";"Appartement";"56.0";"2.0";"None";"None";"None";"None";"nan";"7.266615";"43.698681";"000KT"
"2021-60191";"2021-06-09";"1";"Vente";"500000.0";"2.0";"None";"RUE ALPHONSE KARR";"0135";"06000";"06088";"Nice";"06";"None";"None";"06088000KT0026";"None";"None";"530";"nan";"None";"nan";"None";"nan";"None";"nan";"None";"nan";"1";"3";"Dépendance";"nan";"0.0";"None";"None";"None";"None";"nan";"7.266615";"43.698681";"000KT"
"2021-60191";"2021-06-09";"1";"Vente";"500000.0";"4.0";"None";"RUE ALPHONSE KARR";"0135";"06000";"06088";"Nice";"06";"None";"None";"06088000KT0026";"None";"None";"202";"nan";"81";"nan";"None";"nan";"None";"nan";"None";"nan";"2";"3";"Dépendance";"nan";"0.0";"None";"None";"None";"None";"nan";"7.266615";"43.698681";"000KT"
"2021-60503";"2021-06-04";"1";"Vente";"635000.0";"20.0";"None";"RUE DU CONGRES";"1655";"06000";"06088";"Nice";"06";"None";"None";"06088000KT0187";"None";"None";"27";"83.35";"35";"nan";"None";"nan";"None";"nan";"None";"nan";"2";"2";"Appartement";"93.0";"4.0";"None";"None";"None";"None";"nan";"7.26286";"43.698643";"000KT"
"2021-60503";"2021-06-04";"1";"Vente";"635000.0";"20.0";"None";"RUE DU CONGRES";"1655";"06000";"06088";"Nice";"06";"None";"None";"06088000KT0187";"None";"None";"27";"83.35";"35";"nan";"None";"nan";"None";"nan";"None";"nan";"2";"3";"Dépendance";"nan";"0.0";"None";"None";"None";"None";"nan";"7.26286";"43.698643";"000KT"
"2021-60503";"2021-06-04";"1";"Vente";"635000.0";"20.0";"None";"RUE DU CONGRES";"1655";"06000";"06088";"Nice";"06";"None";"None";"06088000KT0187";"None";"None";"27";"83.35";"35";"nan";"None";"nan";"None";"nan";"None";"nan";"2";"3";"Dépendance";"nan";"0.0";"None";"None";"None";"None";"nan";"7.26286";"43.698643";"000KT"
"2021-60536";"2021-06-04";"1";"Vente";"447000.0";"8.0";"None";"RUE DU COMMANDANT RAFFALI";"1636";"06000";"06088";"Nice";"06";"None";"None";"06088000KT0302";"None";"None";"None";"nan";"None";"nan";"None";"nan";"None";"nan";"None";"nan";"0";"4";"Local industriel. commercial ou assimilé";"38.0";"0.0";"S";"sols";"None";"None";"38.0";"7.264736";"43.696447";"000KT"
"2021-60536";"2021-06-04";"1";"Vente";"447000.0";"10.0";"None";"RUE DU COMMANDANT RAFFALI";"1636";"06000";"06088";"Nice";"06";"None";"None";"06088000KT0303";"None";"None";"None";"nan";"None";"nan";"None";"nan";"None";"nan";"None";"nan";"0";"4";"Local industriel. commercial ou assimilé";"43.0";"0.0";"S";"sols";"None";"None";"34.0";"7.264688";"43.696448";"000KT"
"2021-60201";"2021-06-02";"1";"Vente";"188000.0";"13.0";"None";"RUE MASSENET";"4115";"06000";"06088";"Nice";"06";"None";"None";"06088000KT0248";"None";"None";"62";"nan";"None";"nan";"None";"nan";"None";"nan";"None";"nan";"1";"2";"Appartement";"28.0";"1.0";"None";"None";"None";"None";"nan";"7.263949";"43.696342";"000KT"
"2021-60014";"2021-05-31";"1";"Vente";"328000.0";"9.0";"None";"RUE DE LA LIBERTE";"3640";"06000";"06088";"Nice";"06";"None";"None";"06088000KT0058";"None";"None";"11";"75.21";"4";"nan";"None";"nan";"None";"nan";"None";"nan";"2";"4";"Local industriel. commercial ou assimilé";"79.0";"0.0";"None";"None";"None";"None";"nan";"7.267679";"43.698092";"000KT"
"2021-59951";"2021-05-28";"1";"Vente";"130000.0";"9.0";"None";"RUE PARADIS";"4705";"06000";"06088";"Nice";"06";"None";"None";"06088000KT0119";"None";"None";"2";"nan";"None";"nan";"None";"nan";"None";"nan";"None";"nan";"1";"4";"Local industriel. commercial ou assimilé";"229.0";"0.0";"None";"None";"None";"None";"nan";"7.26709";"43.697354";"000KT"
"2021-60094";"2021-05-28";"1";"Vente";"750000.0";"7.0";"None";"RUE PARADIS";"4705";"06000";"06088";"Nice";"06";"None";"None";"06088000KT0118";"None";"None";"8";"nan";"None";"nan";"None";"nan";"None";"nan";"None";"nan";"1";"4";"Local industriel. commercial ou assimilé";"57.0";"0.0";"None";"None";"None";"None";"nan";"7.26708";"43.697161";"000KT"
"2021-60094";"2021-05-28";"1";"Vente";"750000.0";"7.0";"None";"RUE PARADIS";"4705";"06000";"06088";"Nice";"06";"None";"None";"06088000KT0118";"None";"None";"11";"nan";"12";"nan";"None";"nan";"None";"nan";"None";"nan";"2";"4";"Local industriel. commercial ou assimilé";"138.0";"0.0";"None";"None";"None";"None";"nan";"7.26708";"43.697161";"000KT"
"2021-62872";"2021-05-28";"1";"Vente";"8750000.0";"7.0";"None";"RUE PARADIS";"4705";"06000";"06088";"Nice";"06";"None";"None";"06088000KT0118";"None";"None";"24";"nan";"None";"nan";"None";"nan";"None";"nan";"None";"nan";"1";"4";"Local industriel. commercial ou assimilé";"83.0";"0.0";"None";"None";"None";"None";"nan";"7.26708";"43.697161";"000KT"
"2021-62872";"2021-05-28";"1";"Vente";"8750000.0";"7.0";"None";"RUE PARADIS";"4705";"06000";"06088";"Nice";"06";"None";"None";"06088000KT0118";"None";"None";"3";"nan";"None";"nan";"None";"nan";"None";"nan";"None";"nan";"1";"4";"Local industriel. commercial ou assimilé";"106.0";"0.0";"None";"None";"None";"None";"nan";"7.26708";"43.697161";"000KT"
"2021-62872";"2021-05-28";"1";"Vente";"8750000.0";"7.0";"None";"RUE PARADIS";"4705";"06000";"06088";"Nice";"06";"None";"None";"06088000KT0118";"None";"None";"9";"nan";"None";"nan";"None";"nan";"None";"nan";"None";"nan";"1";"4";"Local industriel. commercial ou assimilé";"77.0";"0.0";"None";"None";"None";"None";"nan";"7.26708";"43.697161";"000KT"
"2021-59584";"2021-05-25";"1";"Vente";"565000.0";"9.0";"None";"RUE MASSENET";"4115";"06000";"06088";"Nice";"06";"None";"None";"06088000KT0257";"None";"None";"123";"nan";"143";"57.09";"None";"nan";"None";"nan";"None";"nan";"2";"2";"Appartement";"56.0";"2.0";"None";"None";"None";"None";"nan";"7.263955";"43.695823";"000KT"
"2021-59584";"2021-05-25";"1";"Vente";"565000.0";"6.0";"None";"RUE MASSENET";"4115";"06000";"06088";"Nice";"06";"None";"None";"06088000KT0368";"None";"None";"30";"nan";"None";"nan";"None";"nan";"None";"nan";"None";"nan";"1";"3";"Dépendance";"nan";"0.0";"None";"None";"None";"None";"nan";"7.264583";"43.69571";"000KT"
"2021-59584";"2021-05-25";"1";"Vente";"565000.0";"6.0";"None";"RUE MASSENET";"4115";"06000";"06088";"Nice";"06";"None";"None";"06088000KT0368";"None";"None";"29";"nan";"None";"nan";"None";"nan";"None";"nan";"None";"nan";"1";"3";"Dépendance";"nan";"0.0";"None";"None";"None";"None";"nan";"7.264583";"43.69571";"000KT"
"2021-60348";"2021-05-21";"1";"Vente";"35000.0";"6.0";"None";"RUE MASSENET";"4115";"06000";"06088";"Nice";"06";"None";"None";"06088000KT0368";"None";"None";"267";"nan";"None";"nan";"None";"nan";"None";"nan";"None";"nan";"1";"3";"Dépendance";"nan";"0.0";"None";"None";"None";"None";"nan";"7.264583";"43.69571";"000KT"
"2021-59274";"2021-05-20";"1";"Vente";"122500.0";"1.0";"None";"RUE LONGCHAMP";"3710";"06000";"06088";"Nice";"06";"None";"None";"06088000KT0334";"None";"None";"18";"19.1";"None";"nan";"None";"nan";"None";"nan";"None";"nan";"1";"2";"Appartement";"18.0";"1.0";"None";"None";"None";"None";"nan";"7.267008";"43.698364";"000KT"
"2021-59123";"2021-05-17";"1";"Vente";"200000.0";"9.0";"None";"RUE PARADIS";"4705";"06000";"06088";"Nice";"06";"None";"None";"06088000KT0119";"None";"None";"8";"29.27";"None";"nan";"None";"nan";"None";"nan";"None";"nan";"1";"2";"Appartement";"30.0";"2.0";"None";"None";"None";"None";"nan";"7.26709";"43.697354";"000KT"
"2021-59249";"2021-05-12";"1";"Vente";"111000.0";"11.0";"None";"RUE MASSENET";"4115";"06000";"06088";"Nice";"06";"None";"None";"06088000KT0256";"None";"None";"33";"11.67";"None";"nan";"None";"nan";"None";"nan";"None";"nan";"1";"2";"Appartement";"14.0";"1.0";"None";"None";"None";"None";"nan";"7.263718";"43.695829";"000KT"
"2021-59782";"2021-05-12";"1";"Vente";"243000.0";"3.0";"None";"RUE HALEVY";"3170";"06000";"06088";"Nice";"06";"None";"None";"06088000KT0243";"None";"None";"2004";"nan";"2061";"nan";"None";"nan";"None";"nan";"None";"nan";"2";"2";"Appartement";"39.0";"1.0";"None";"None";"None";"None";"nan";"7.265001";"43.695379";"000KT"
"2021-60154";"2021-05-12";"1";"Vente";"315000.0";"18.0";"A";"RUE DU CONGRES";"1655";"06000";"06088";"Nice";"06";"None";"None";"06088000KT0315";"None";"None";"40";"64.65";"52";"nan";"None";"nan";"None";"nan";"None";"nan";"2";"2";"Appartement";"62.0";"2.0";"None";"None";"None";"None";"nan";"7.263177";"43.698011";"000KT"
"2021-58836";"2021-05-10";"1";"Vente";"155000.0";"1.0";"None";"RUE RAYNARDI";"5390";"06000";"06088";"Nice";"06";"None";"None";"06088000KT0012";"None";"None";"10";"25.67";"None";"nan";"None";"nan";"None";"nan";"None";"nan";"1";"2";"Appartement";"26.0";"2.0";"None";"None";"None";"None";"nan";"7.267077";"43.699566";"000KT"
"2021-58933";"2021-05-10";"1";"Vente";"5180000.0";"3.0";"None";"RUE DE LA BUFFA";"1000";"06000";"06088";"Nice";"06";"None";"None";"06088000KT0202";"None";"None";"None";"nan";"None";"nan";"None";"nan";"None";"nan";"None";"nan";"0";"2";"Appartement";"71.0";"3.0";"S";"sols";"None";"None";"313.0";"7.264447";"43.697414";"000KT"
"2021-58933";"2021-05-10";"1";"Vente";"5180000.0";"3.0";"None";"RUE DE LA BUFFA";"1000";"06000";"06088";"Nice";"06";"None";"None";"06088000KT0202";"None";"None";"None";"nan";"None";"nan";"None";"nan";"None";"nan";"None";"nan";"0";"2";"Appartement";"67.0";"3.0";"S";"sols";"None";"None";"313.0";"7.264447";"43.697414";"000KT"
"2021-58933";"2021-05-10";"1";"Vente";"5180000.0";"3.0";"None";"RUE DE LA BUFFA";"1000";"06000";"06088";"Nice";"06";"None";"None";"06088000KT0202";"None";"None";"None";"nan";"None";"nan";"None";"nan";"None";"nan";"None";"nan";"0";"2";"Appartement";"71.0";"3.0";"S";"sols";"None";"None";"313.0";"7.264447";"43.697414";"000KT"
"2021-58933";"2021-05-10";"1";"Vente";"5180000.0";"3.0";"None";"RUE DE LA BUFFA";"1000";"06000";"06088";"Nice";"06";"None";"None";"06088000KT0202";"None";"None";"None";"nan";"None";"nan";"None";"nan";"None";"nan";"None";"nan";"0";"2";"Appartement";"34.0";"2.0";"S";"sols";"None";"None";"313.0";"7.264447";"43.697414";"000KT"
"2021-58933";"2021-05-10";"1";"Vente";"5180000.0";"3.0";"None";"RUE DE LA BUFFA";"1000";"06000";"06088";"Nice";"06";"None";"None";"06088000KT0202";"None";"None";"None";"nan";"None";"nan";"None";"nan";"None";"nan";"None";"nan";"0";"2";"Appartement";"36.0";"1.0";"S";"sols";"None";"None";"313.0";"7.264447";"43.697414";"000KT"
"2021-58933";"2021-05-10";"1";"Vente";"5180000.0";"3.0";"None";"RUE DE LA BUFFA";"1000";"06000";"06088";"Nice";"06";"None";"None";"06088000KT0202";"None";"None";"None";"nan";"None";"nan";"None";"nan";"None";"nan";"None";"nan";"0";"2";"Appartement";"70.0";"3.0";"S";"sols";"None";"None";"313.0";"7.264447";"43.697414";"000KT"
"2021-58933";"2021-05-10";"1";"Vente";"5180000.0";"3.0";"None";"RUE DE LA BUFFA";"1000";"06000";"06088";"Nice";"06";"None";"None";"06088000KT0202";"None";"None";"None";"nan";"None";"nan";"None";"nan";"None";"nan";"None";"nan";"0";"2";"Appartement";"69.0";"3.0";"S";"sols";"None";"None";"313.0";"7.264447";"43.697414";"000KT"
"2021-58933";"2021-05-10";"1";"Vente";"5180000.0";"3.0";"None";"RUE DE LA BUFFA";"1000";"06000";"06088";"Nice";"06";"None";"None";"06088000KT0202";"None";"None";"None";"nan";"None";"nan";"None";"nan";"None";"nan";"None";"nan";"0";"2";"Appartement";"69.0";"3.0";"S";"sols";"None";"None";"313.0";"7.264447";"43.697414";"000KT"
"2021-58933";"2021-05-10";"1";"Vente";"5180000.0";"3.0";"None";"RUE DE LA BUFFA";"1000";"06000";"06088";"Nice";"06";"None";"None";"06088000KT0202";"None";"None";"None";"nan";"None";"nan";"None";"nan";"None";"nan";"None";"nan";"0";"2";"Appartement";"69.0";"3.0";"S";"sols";"None";"None";"313.0";"7.264447";"43.697414";"000KT"
"2021-58933";"2021-05-10";"1";"Vente";"5180000.0";"3.0";"None";"RUE DE LA BUFFA";"1000";"06000";"06088";"Nice";"06";"None";"None";"06088000KT0202";"None";"None";"None";"nan";"None";"nan";"None";"nan";"None";"nan";"None";"nan";"0";"2";"Appartement";"67.0";"3.0";"S";"sols";"None";"None";"313.0";"7.264447";"43.697414";"000KT"
"2021-58933";"2021-05-10";"1";"Vente";"5180000.0";"3.0";"None";"RUE DE LA BUFFA";"1000";"06000";"06088";"Nice";"06";"None";"None";"06088000KT0202";"None";"None";"None";"nan";"None";"nan";"None";"nan";"None";"nan";"None";"nan";"0";"2";"Appartement";"69.0";"3.0";"S";"sols";"None";"None";"313.0";"7.264447";"43.697414";"000KT"
"2021-58933";"2021-05-10";"1";"Vente";"5180000.0";"3.0";"None";"RUE DE LA BUFFA";"1000";"06000";"06088";"Nice";"06";"None";"None";"06088000KT0202";"None";"None";"None";"nan";"None";"nan";"None";"nan";"None";"nan";"None";"nan";"0";"2";"Appartement";"69.0";"3.0";"S";"sols";"None";"None";"313.0";"7.264447";"43.697414";"000KT"
"2021-59908";"2021-05-10";"1";"Vente";"318000.0";"9.0";"None";"RUE HALEVY";"3170";"06000";"06088";"Nice";"06";"None";"None";"06088000KT0340";"None";"None";"42";"61.48";"59";"nan";"None";"nan";"None";"nan";"None";"nan";"2";"2";"Appartement";"62.0";"2.0";"None";"None";"None";"None";"nan";"7.26483";"43.696253";"000KT"
"2021-58933";"2021-05-10";"1";"Vente";"5180000.0";"3.0";"None";"RUE DE LA BUFFA";"1000";"06000";"06088";"Nice";"06";"None";"None";"06088000KT0202";"None";"None";"None";"nan";"None";"nan";"None";"nan";"None";"nan";"None";"nan";"0";"4";"Local industriel. commercial ou assimilé";"28.0";"0.0";"S";"sols";"None";"None";"313.0";"7.264447";"43.697414";"000KT"
"2021-58933";"2021-05-10";"1";"Vente";"5180000.0";"3.0";"None";"RUE DE LA BUFFA";"1000";"06000";"06088";"Nice";"06";"None";"None";"06088000KT0202";"None";"None";"None";"nan";"None";"nan";"None";"nan";"None";"nan";"None";"nan";"0";"4";"Local industriel. commercial ou assimilé";"172.0";"0.0";"S";"sols";"None";"None";"313.0";"7.264447";"43.697414";"000KT"
"2021-58933";"2021-05-10";"1";"Vente";"5180000.0";"3.0";"None";"RUE DE LA BUFFA";"1000";"06000";"06088";"Nice";"06";"None";"None";"06088000KT0202";"None";"None";"None";"nan";"None";"nan";"None";"nan";"None";"nan";"None";"nan";"0";"4";"Local industriel. commercial ou assimilé";"33.0";"0.0";"S";"sols";"None";"None";"313.0";"7.264447";"43.697414";"000KT"
"2021-58933";"2021-05-10";"1";"Vente";"5180000.0";"3.0";"None";"RUE DE LA BUFFA";"1000";"06000";"06088";"Nice";"06";"None";"None";"06088000KT0202";"None";"None";"None";"nan";"None";"nan";"None";"nan";"None";"nan";"None";"nan";"0";"4";"Local industriel. commercial ou assimilé";"4.0";"0.0";"S";"sols";"None";"None";"313.0";"7.264447";"43.697414";"000KT"
"2021-59566";"2021-05-07";"1";"Vente";"190800.0";"7.0";"None";"RUE HALEVY";"3170";"06000";"06088";"Nice";"06";"None";"None";"06088000KT0341";"None";"None";"56";"25.14";"None";"nan";"None";"nan";"None";"nan";"None";"nan";"1";"2";"Appartement";"26.0";"1.0";"None";"None";"None";"None";"nan";"7.264754";"43.696074";"000KT"
"2021-58668";"2021-05-06";"1";"Vente";"48000.0";"3.0";"None";"RUE EUGENE EMMANUEL";"2360";"06000";"06088";"Nice";"06";"None";"None";"06088000KT0015";"None";"None";"203";"nan";"None";"nan";"None";"nan";"None";"nan";"None";"nan";"1";"3";"Dépendance";"nan";"0.0";"None";"None";"None";"None";"nan";"7.266019";"43.699309";"000KT"
"2021-59738";"2021-05-05";"1";"Vente";"680000.0";"2.0";"None";"RUE RAYNARDI";"5390";"06000";"06088";"Nice";"06";"None";"None";"06088000KT0394";"None";"None";"308";"108.18";"315";"nan";"None";"nan";"None";"nan";"None";"nan";"2";"2";"Appartement";"100.0";"5.0";"None";"None";"None";"None";"nan";"7.266523";"43.699504";"000KT"
"2021-58233";"2021-04-30";"1";"Vente";"1038000.0";"3.0";"None";"RUE MASSENA";"4110";"06000";"06088";"Nice";"06";"None";"None";"06088000KT0069";"None";"None";"59";"nan";"73";"nan";"None";"nan";"None";"nan";"None";"nan";"2";"2";"Appartement";"14.0";"1.0";"None";"None";"None";"None";"nan";"7.269055";"43.69765";"000KT"
"2021-58233";"2021-04-30";"1";"Vente";"1038000.0";"3.0";"None";"RUE MASSENA";"4110";"06000";"06088";"Nice";"06";"None";"None";"06088000KT0069";"None";"None";"59";"nan";"73";"nan";"None";"nan";"None";"nan";"None";"nan";"2";"2";"Appartement";"14.0";"1.0";"None";"None";"None";"None";"nan";"7.269055";"43.69765";"000KT"
"2021-58233";"2021-04-30";"1";"Vente";"1038000.0";"3.0";"None";"RUE MASSENA";"4110";"06000";"06088";"Nice";"06";"None";"None";"06088000KT0069";"None";"None";"59";"nan";"73";"nan";"None";"nan";"None";"nan";"None";"nan";"2";"2";"Appartement";"21.0";"1.0";"None";"None";"None";"None";"nan";"7.269055";"43.69765";"000KT"
"2021-58233";"2021-04-30";"1";"Vente";"1038000.0";"3.0";"None";"RUE MASSENA";"4110";"06000";"06088";"Nice";"06";"None";"None";"06088000KT0069";"None";"None";"59";"nan";"73";"nan";"None";"nan";"None";"nan";"None";"nan";"2";"2";"Appartement";"13.0";"1.0";"None";"None";"None";"None";"nan";"7.269055";"43.69765";"000KT"
"2021-58233";"2021-04-30";"1";"Vente";"1038000.0";"3.0";"None";"RUE MASSENA";"4110";"06000";"06088";"Nice";"06";"None";"None";"06088000KT0069";"None";"None";"59";"nan";"73";"nan";"None";"nan";"None";"nan";"None";"nan";"2";"2";"Appartement";"16.0";"1.0";"None";"None";"None";"None";"nan";"7.269055";"43.69765";"000KT"
"2021-58233";"2021-04-30";"1";"Vente";"1038000.0";"3.0";"None";"RUE MASSENA";"4110";"06000";"06088";"Nice";"06";"None";"None";"06088000KT0069";"None";"None";"59";"nan";"73";"nan";"None";"nan";"None";"nan";"None";"nan";"2";"2";"Appartement";"16.0";"1.0";"None";"None";"None";"None";"nan";"7.269055";"43.69765";"000KT"
"2021-58233";"2021-04-30";"1";"Vente";"1038000.0";"3.0";"None";"RUE MASSENA";"4110";"06000";"06088";"Nice";"06";"None";"None";"06088000KT0069";"None";"None";"59";"nan";"73";"nan";"None";"nan";"None";"nan";"None";"nan";"2";"2";"Appartement";"14.0";"1.0";"None";"None";"None";"None";"nan";"7.269055";"43.69765";"000KT"
"2021-58233";"2021-04-30";"1";"Vente";"1038000.0";"3.0";"None";"RUE MASSENA";"4110";"06000";"06088";"Nice";"06";"None";"None";"06088000KT0069";"None";"None";"59";"nan";"73";"nan";"None";"nan";"None";"nan";"None";"nan";"2";"2";"Appartement";"22.0";"1.0";"None";"None";"None";"None";"nan";"7.269055";"43.69765";"000KT"
"2021-58233";"2021-04-30";"1";"Vente";"1038000.0";"3.0";"None";"RUE MASSENA";"4110";"06000";"06088";"Nice";"06";"None";"None";"06088000KT0069";"None";"None";"59";"nan";"73";"nan";"None";"nan";"None";"nan";"None";"nan";"2";"2";"Appartement";"13.0";"1.0";"None";"None";"None";"None";"nan";"7.269055";"43.69765";"000KT"
"2021-58233";"2021-04-30";"1";"Vente";"1038000.0";"3.0";"None";"RUE MASSENA";"4110";"06000";"06088";"Nice";"06";"None";"None";"06088000KT0069";"None";"None";"59";"nan";"73";"nan";"None";"nan";"None";"nan";"None";"nan";"2";"2";"Appartement";"13.0";"1.0";"None";"None";"None";"None";"nan";"7.269055";"43.69765";"000KT"
"2021-59199";"2021-04-30";"1";"Vente";"155000.0";"1.0";"None";"PL MAGENTA";"3870";"06000";"06088";"Nice";"06";"None";"None";"06088000KT0121";"None";"None";"44";"15.8";"None";"nan";"None";"nan";"None";"nan";"None";"nan";"1";"2";"Appartement";"15.0";"1.0";"None";"None";"None";"None";"nan";"7.266815";"43.697788";"000KT"
"2021-59280";"2021-04-30";"1";"Vente";"640000.0";"7.0";"None";"BD VICTOR HUGO";"6655";"06000";"06088";"Nice";"06";"None";"None";"06088000KT0394";"None";"None";"106";"nan";"118";"nan";"None";"nan";"None";"nan";"None";"nan";"2";"2";"Appartement";"95.0";"4.0";"None";"None";"None";"None";"nan";"7.266523";"43.699504";"000KT"
"2021-58233";"2021-04-30";"1";"Vente";"1038000.0";"3.0";"None";"RUE MASSENA";"4110";"06000";"06088";"Nice";"06";"None";"None";"06088000KT0069";"None";"None";"59";"nan";"73";"nan";"None";"nan";"None";"nan";"None";"nan";"2";"3";"Dépendance";"nan";"0.0";"None";"None";"None";"None";"nan";"7.269055";"43.69765";"000KT"
"2021-58393";"2021-04-30";"1";"Vente";"290000.0";"10.0";"None";"RUE DE FRANCE";"2595";"06000";"06088";"Nice";"06";"None";"None";"06088000KT0215";"None";"None";"53";"27.09";"None";"nan";"None";"nan";"None";"nan";"None";"nan";"1";"4";"Local industriel. commercial ou assimilé";"29.0";"0.0";"None";"None";"None";"None";"nan";"7.263675";"43.696685";"000KT"
"2021-58780";"2021-04-29";"1";"Vente";"185000.0";"7.0";"None";"PROM DES ANGLAIS";"0240";"06000";"06088";"Nice";"06";"None";"None";"06088000KT0258";"None";"None";"350";"19.02";"None";"nan";"None";"nan";"None";"nan";"None";"nan";"1";"2";"Appartement";"19.0";"1.0";"None";"None";"None";"None";"nan";"7.264082";"43.695203";"000KT"
"2021-59019";"2021-04-29";"1";"Vente";"134000.0";"11.0";"None";"RUE GRIMALDI";"3035";"06000";"06088";"Nice";"06";"None";"None";"06088000KT0173";"None";"None";"15";"16.59";"None";"nan";"None";"nan";"None";"nan";"None";"nan";"1";"2";"Appartement";"15.0";"1.0";"None";"None";"None";"None";"nan";"7.264842";"43.698938";"000KT"
"2021-58780";"2021-04-29";"1";"Vente";"185000.0";"7.0";"None";"PROM DES ANGLAIS";"0240";"06000";"06088";"Nice";"06";"None";"None";"06088000KT0258";"None";"None";"52";"nan";"None";"nan";"None";"nan";"None";"nan";"None";"nan";"1";"3";"Dépendance";"nan";"0.0";"None";"None";"None";"None";"nan";"7.264082";"43.695203";"000KT"
"2021-59326";"2021-04-29";"1";"Vente";"1025000.0";"1.0";"None";"PL EUGENE MO";"2365";"06000";"06088";"Nice";"06";"None";"None";"06088000KT0023";"None";"None";"4";"72.79";"None";"nan";"None";"nan";"None";"nan";"None";"nan";"1";"4";"Local industriel. commercial ou assimilé";"120.0";"0.0";"None";"None";"None";"None";"nan";"7.267121";"43.699083";"000KT"
"2021-59326";"2021-04-29";"1";"Vente";"1025000.0";"1.0";"None";"PL EUGENE MO";"2365";"06000";"06088";"Nice";"06";"None";"None";"06088000KT0023";"None";"None";"5";"84.13";"None";"nan";"None";"nan";"None";"nan";"None";"nan";"1";"4";"Local industriel. commercial ou assimilé";"80.0";"0.0";"None";"None";"None";"None";"nan";"7.267121";"43.699083";"000KT"
"2021-58100";"2021-04-28";"1";"Vente";"310000.0";"7.0";"None";"PROM DES ANGLAIS";"0240";"06000";"06088";"Nice";"06";"None";"None";"06088000KT0258";"None";"None";"317";"36.55";"None";"nan";"None";"nan";"None";"nan";"None";"nan";"1";"2";"Appartement";"39.0";"1.0";"None";"None";"None";"None";"nan";"7.264082";"43.695203";"000KT"
"2021-58326";"2021-04-28";"1";"Vente";"148500.0";"3.0";"None";"RUE MASSENA";"4110";"06000";"06088";"Nice";"06";"None";"None";"06088000KT0069";"None";"None";"57";"21.63";"None";"nan";"None";"nan";"None";"nan";"None";"nan";"1";"2";"Appartement";"13.0";"1.0";"None";"None";"None";"None";"nan";"7.269055";"43.69765";"000KT"
"2021-58100";"2021-04-28";"1";"Vente";"310000.0";"7.0";"None";"PROM DES ANGLAIS";"0240";"06000";"06088";"Nice";"06";"None";"None";"06088000KT0258";"None";"None";"81";"nan";"None";"nan";"None";"nan";"None";"nan";"None";"nan";"1";"3";"Dépendance";"nan";"0.0";"None";"None";"None";"None";"nan";"7.264082";"43.695203";"000KT"
"2021-58100";"2021-04-28";"1";"Vente";"310000.0";"7.0";"None";"PROM DES ANGLAIS";"0240";"06000";"06088";"Nice";"06";"None";"None";"06088000KT0258";"None";"None";"28";"nan";"None";"nan";"None";"nan";"None";"nan";"None";"nan";"1";"3";"Dépendance";"nan";"0.0";"None";"None";"None";"None";"nan";"7.264082";"43.695203";"000KT"
"2021-59002";"2021-04-27";"1";"Vente";"539100.0";"3.0";"None";"RUE ALPHONSE KARR";"0135";"06000";"06088";"Nice";"06";"None";"None";"06088000KT0146";"None";"None";"14";"76.68";"None";"nan";"None";"nan";"None";"nan";"None";"nan";"1";"2";"Appartement";"69.0";"3.0";"None";"None";"None";"None";"nan";"7.266283";"43.698274";"000KT"
"2021-58545";"2021-04-26";"1";"Vente";"190000.0";"5.0";"None";"RUE DE LA BUFFA";"1000";"06000";"06088";"Nice";"06";"None";"None";"06088000KT0203";"None";"None";"15";"nan";"51";"nan";"None";"nan";"None";"nan";"None";"nan";"2";"2";"Appartement";"27.0";"1.0";"None";"None";"None";"None";"nan";"7.264266";"43.697327";"000KT"
"2021-57965";"2021-04-20";"1";"Vente";"634285.0";"18.0";"A";"RUE DU CONGRES";"1655";"06000";"06088";"Nice";"06";"None";"None";"06088000KT0315";"None";"None";"28";"nan";"None";"nan";"None";"nan";"None";"nan";"None";"nan";"1";"4";"Local industriel. commercial ou assimilé";"62.0";"0.0";"None";"None";"None";"None";"nan";"7.263177";"43.698011";"000KT"
"2021-57965";"2021-04-20";"1";"Vente";"634285.0";"18.0";"A";"RUE DU CONGRES";"1655";"06000";"06088";"Nice";"06";"None";"None";"06088000KT0315";"None";"None";"29";"226.92";"None";"nan";"None";"nan";"None";"nan";"None";"nan";"1";"4";"Local industriel. commercial ou assimilé";"51.0";"0.0";"None";"None";"None";"None";"nan";"7.263177";"43.698011";"000KT"
"2021-57965";"2021-04-20";"1";"Vente";"634285.0";"18.0";"A";"RUE DU CONGRES";"1655";"06000";"06088";"Nice";"06";"None";"None";"06088000KT0315";"None";"None";"26";"nan";"None";"nan";"None";"nan";"None";"nan";"None";"nan";"1";"4";"Local industriel. commercial ou assimilé";"124.0";"0.0";"None";"None";"None";"None";"nan";"7.263177";"43.698011";"000KT"
"2021-58215";"2021-04-20";"1";"Vente";"500000.0";"9.0";"B";"RUE DE LA LIBERTE";"3640";"06000";"06088";"Nice";"06";"None";"None";"06088000KT0060";"None";"None";"11";"84.1";"None";"nan";"None";"nan";"None";"nan";"None";"nan";"1";"4";"Local industriel. commercial ou assimilé";"15.0";"0.0";"None";"None";"None";"None";"nan";"7.267349";"43.69802";"000KT"
"2021-57577";"2021-04-19";"1";"Vente";"160000.0";"6.0";"None";"RUE MASSENET";"4115";"06000";"06088";"Nice";"06";"None";"None";"06088000KT0368";"None";"None";"382";"56.36";"None";"nan";"None";"nan";"None";"nan";"None";"nan";"1";"4";"Local industriel. commercial ou assimilé";"57.0";"0.0";"None";"None";"None";"None";"nan";"7.264583";"43.69571";"000KT"
"2021-58020";"2021-04-16";"1";"Vente";"276000.0";"12.0";"None";"RUE DE LA LIBERTE";"3640";"06000";"06088";"Nice";"06";"None";"None";"06088000KT0031";"None";"None";"36";"40.0";"None";"nan";"None";"nan";"None";"nan";"None";"nan";"1";"2";"Appartement";"39.0";"2.0";"None";"None";"None";"None";"nan";"7.267774";"43.698476";"000KT"
"2021-58109";"2021-04-15";"1";"Vente";"355000.0";"4.0";"None";"RUE DE FRANCE";"2595";"06000";"06088";"Nice";"06";"None";"None";"06088000KT0222";"None";"None";"124";"42.03";"None";"nan";"None";"nan";"None";"nan";"None";"nan";"1";"2";"Appartement";"40.0";"2.0";"None";"None";"None";"None";"nan";"7.26469";"43.696933";"000KT"
"2021-57444";"2021-04-12";"1";"Vente";"137080.0";"6.0";"None";"RUE MASSENET";"4115";"06000";"06088";"Nice";"06";"None";"None";"06088000KT0368";"None";"None";"360";"20.77";"None";"nan";"None";"nan";"None";"nan";"None";"nan";"1";"2";"Appartement";"24.0";"1.0";"None";"None";"None";"None";"nan";"7.264583";"43.69571";"000KT"
"2021-57315";"2021-04-09";"1";"Vente";"177000.0";"1.0";"None";"RUE DE LA LIBERTE";"3640";"06000";"06088";"Nice";"06";"None";"None";"06088000KT0052";"None";"None";"29";"21.92";"None";"nan";"None";"nan";"None";"nan";"None";"nan";"1";"2";"Appartement";"22.0";"1.0";"None";"None";"None";"None";"nan";"7.268729";"43.698422";"000KT"
"2021-57845";"2021-04-08";"1";"Vente";"47000.0";"6.0";"None";"RUE MASSENET";"4115";"06000";"06088";"Nice";"06";"None";"None";"06088000KT0368";"None";"None";"302";"nan";"None";"nan";"None";"nan";"None";"nan";"None";"nan";"1";"3";"Dépendance";"nan";"0.0";"None";"None";"None";"None";"nan";"7.264583";"43.69571";"000KT"
"2021-57570";"2021-04-08";"1";"Vente";"1350000.0";"10.0";"None";"RUE DE FRANCE";"2595";"06000";"06088";"Nice";"06";"None";"None";"06088000KT0215";"None";"None";"66";"nan";"68";"nan";"69";"nan";"70";"nan";"None";"nan";"4";"4";"Local industriel. commercial ou assimilé";"382.0";"0.0";"None";"None";"None";"None";"nan";"7.263675";"43.696685";"000KT"
"2021-57570";"2021-04-08";"1";"Vente";"1350000.0";"10.0";"None";"RUE DE FRANCE";"2595";"06000";"06088";"Nice";"06";"None";"None";"06088000KT0215";"None";"None";"29";"nan";"None";"nan";"None";"nan";"None";"nan";"None";"nan";"1";"4";"Local industriel. commercial ou assimilé";"30.0";"0.0";"None";"None";"None";"None";"nan";"7.263675";"43.696685";"000KT"
"2021-58446";"2021-04-07";"1";"Vente";"300000.0";"11.0";"None";"RUE MACCARANI";"3810";"06000";"06088";"Nice";"06";"None";"None";"06088000KT0322";"None";"None";"256";"nan";"334";"66.45";"None";"nan";"None";"nan";"None";"nan";"2";"2";"Appartement";"66.0";"2.0";"None";"None";"None";"None";"nan";"7.264358";"43.697967";"000KT"
"2021-58068";"2021-04-06";"1";"Vente";"98000.0";"1.0";"None";"RUE LONGCHAMP";"3710";"06000";"06088";"Nice";"06";"None";"None";"06088000KT0334";"None";"None";"14";"21.47";"None";"nan";"None";"nan";"None";"nan";"None";"nan";"1";"2";"Appartement";"23.0";"1.0";"None";"None";"None";"None";"nan";"7.267008";"43.698364";"000KT"
"2021-57758";"2021-04-02";"1";"Vente";"43000.0";"6.0";"None";"RUE MASSENET";"4115";"06000";"06088";"Nice";"06";"None";"None";"06088000KT0368";"None";"None";"171";"nan";"None";"nan";"None";"nan";"None";"nan";"None";"nan";"1";"3";"Dépendance";"nan";"0.0";"None";"None";"None";"None";"nan";"7.264583";"43.69571";"000KT"
"2021-57167";"2021-03-31";"1";"Vente";"400000.0";"7.0";"None";"RUE DE FRANCE";"2595";"06000";"06088";"Nice";"06";"None";"None";"06088000KT0227";"None";"None";"13";"85.55";"2";"nan";"None";"nan";"None";"nan";"None";"nan";"2";"2";"Appartement";"83.0";"3.0";"None";"None";"None";"None";"nan";"7.264425";"43.696447";"000KT"
"2021-57676";"2021-03-31";"1";"Vente";"745000.0";"4.0";"B";"RUE ALPHONSE KARR";"0135";"06000";"06088";"Nice";"06";"None";"None";"06088000KT0026";"None";"None";"200";"nan";"52";"122.3";"None";"nan";"None";"nan";"None";"nan";"2";"2";"Appartement";"126.0";"5.0";"None";"None";"None";"None";"nan";"7.266615";"43.698681";"000KT"
"2021-56640";"2021-03-29";"1";"Vente";"715000.0";"6.0";"None";"RUE MASSENET";"4115";"06000";"06088";"Nice";"06";"None";"None";"06088000KT0368";"None";"None";"383";"nan";"None";"nan";"None";"nan";"None";"nan";"None";"nan";"1";"4";"Local industriel. commercial ou assimilé";"229.0";"0.0";"None";"None";"None";"None";"nan";"7.264583";"43.69571";"000KT"
"2021-56640";"2021-03-29";"1";"Vente";"715000.0";"6.0";"None";"RUE MASSENET";"4115";"06000";"06088";"Nice";"06";"None";"None";"06088000KT0368";"None";"None";"385";"nan";"None";"nan";"None";"nan";"None";"nan";"None";"nan";"1";"4";"Local industriel. commercial ou assimilé";"6.0";"0.0";"None";"None";"None";"None";"nan";"7.264583";"43.69571";"000KT"
"2021-57046";"2021-03-26";"1";"Vente";"577900.0";"6.0";"B";"RUE ALPHONSE KARR";"0135";"06000";"06088";"Nice";"06";"None";"None";"06088000KT0019";"None";"None";"70";"81.07";"None";"nan";"None";"nan";"None";"nan";"None";"nan";"1";"2";"Appartement";"80.0";"3.0";"None";"None";"None";"None";"nan";"7.266115";"43.698833";"000KT"
"2021-57083";"2021-03-25";"1";"Vente";"126567.0";"10.0";"None";"RUE DU CONGRES";"1655";"06000";"06088";"Nice";"06";"None";"None";"06088000KT0213";"None";"None";"29";"20.6";"None";"nan";"None";"nan";"None";"nan";"None";"nan";"1";"2";"Appartement";"20.0";"2.0";"None";"None";"None";"None";"nan";"7.26335";"43.696583";"000KT"
"2021-56705";"2021-03-24";"1";"Vente";"110000.0";"9.0";"None";"RUE ALPHONSE KARR";"0135";"06000";"06088";"Nice";"06";"None";"None";"06088000KT0162";"None";"None";"9";"16.02";"None";"nan";"None";"nan";"None";"nan";"None";"nan";"1";"2";"Appartement";"16.0";"1.0";"None";"None";"None";"None";"nan";"7.265434";"43.699073";"000KT"
"2021-56611";"2021-03-23";"1";"Vente";"720000.0";"3.0";"None";"PROM DES ANGLAIS";"0240";"06000";"06088";"Nice";"06";"None";"None";"06088000KT0243";"None";"None";"1011";"nan";"1074";"nan";"None";"nan";"None";"nan";"None";"nan";"2";"2";"Appartement";"90.0";"3.0";"None";"None";"None";"None";"nan";"7.265001";"43.695379";"000KT"
"2021-56862";"2021-03-23";"1";"Vente";"109500.0";"5.0";"None";"RUE PARADIS";"4705";"06000";"06088";"Nice";"06";"None";"None";"06088000KT0117";"None";"None";"18";"19.46";"None";"nan";"None";"nan";"None";"nan";"None";"nan";"1";"2";"Appartement";"23.0";"1.0";"None";"None";"None";"None";"nan";"7.267187";"43.696854";"000KT"
"2021-57343";"2021-03-23";"1";"Vente";"333000.0";"11.0";"None";"RUE MACCARANI";"3810";"06000";"06088";"Nice";"06";"None";"None";"06088000KT0322";"None";"None";"205";"nan";"358";"60.63";"None";"nan";"None";"nan";"None";"nan";"2";"2";"Appartement";"57.0";"2.0";"None";"None";"None";"None";"nan";"7.264358";"43.697967";"000KT"
"2021-56361";"2021-03-19";"1";"Vente";"30000.0";"3.0";"None";"RUE DU DOCTEUR BARETY";"2010";"06000";"06088";"Nice";"06";"None";"None";"06088000KT0189";"None";"None";"100";"nan";"None";"nan";"None";"nan";"None";"nan";"None";"nan";"1";"3";"Dépendance";"nan";"0.0";"None";"None";"None";"None";"nan";"7.263096";"43.698623";"000KT"
"2021-56454";"2021-03-18";"1";"Vente";"90000.0";"14.0";"None";"RUE DU MARECHAL JOFFRE";"4020";"06000";"06088";"Nice";"06";"None";"None";"06088000KT0270";"None";"None";"12";"nan";"None";"nan";"None";"nan";"None";"nan";"None";"nan";"1";"2";"Appartement";"22.0";"1.0";"None";"None";"None";"None";"nan";"7.26608";"43.699161";"000KT"
"2021-56846";"2021-03-17";"1";"Vente";"750000.0";"2.0";"None";"RUE ALPHONSE KARR";"0135";"06000";"06088";"Nice";"06";"None";"None";"06088000KT0026";"None";"None";"108";"110.61";"109";"nan";"244";"nan";"245";"nan";"None";"nan";"4";"2";"Appartement";"114.0";"4.0";"None";"None";"None";"None";"nan";"7.266615";"43.698681";"000KT"
"2021-56846";"2021-03-17";"1";"Vente";"750000.0";"2.0";"None";"RUE ALPHONSE KARR";"0135";"06000";"06088";"Nice";"06";"None";"None";"06088000KT0026";"None";"None";"349";"nan";"None";"nan";"None";"nan";"None";"nan";"None";"nan";"1";"3";"Dépendance";"nan";"0.0";"None";"None";"None";"None";"nan";"7.266615";"43.698681";"000KT"
"2021-57457";"2021-03-16";"1";"Vente";"140335.0";"3.0";"None";"RUE EUGENE EMMANUEL";"2360";"06000";"06088";"Nice";"06";"None";"None";"06088000KT0015";"None";"None";"107";"nan";"158";"38.4";"None";"nan";"None";"nan";"None";"nan";"2";"2";"Appartement";"40.0";"2.0";"None";"None";"None";"None";"nan";"7.266019";"43.699309";"000KT"
"2021-56343";"2021-03-15";"1";"Vente";"400000.0";"6.0";"B";"RUE ALPHONSE KARR";"0135";"06000";"06088";"Nice";"06";"None";"None";"06088000KT0019";"None";"None";"134";"60.05";"25";"nan";"None";"nan";"None";"nan";"None";"nan";"2";"2";"Appartement";"65.0";"2.0";"None";"None";"None";"None";"nan";"7.266115";"43.698833";"000KT"
"2021-55505";"2021-03-09";"1";"Vente";"110000.0";"6.0";"None";"RUE MASSENET";"4115";"06000";"06088";"Nice";"06";"None";"None";"06088000KT0368";"None";"None";"312";"nan";"None";"nan";"None";"nan";"None";"nan";"None";"nan";"1";"3";"Dépendance";"nan";"0.0";"None";"None";"None";"None";"nan";"7.264583";"43.69571";"000KT"
"2021-55505";"2021-03-09";"1";"Vente";"110000.0";"6.0";"None";"RUE MASSENET";"4115";"06000";"06088";"Nice";"06";"None";"None";"06088000KT0368";"None";"None";"313";"nan";"None";"nan";"None";"nan";"None";"nan";"None";"nan";"1";"3";"Dépendance";"nan";"0.0";"None";"None";"None";"None";"nan";"7.264583";"43.69571";"000KT"
"2021-55512";"2021-03-09";"1";"Vente";"48000.0";"6.0";"None";"RUE MASSENET";"4115";"06000";"06088";"Nice";"06";"None";"None";"06088000KT0368";"None";"None";"187";"nan";"None";"nan";"None";"nan";"None";"nan";"None";"nan";"1";"3";"Dépendance";"nan";"0.0";"None";"None";"None";"None";"nan";"7.264583";"43.69571";"000KT"
"2021-55726";"2021-03-08";"1";"Vente";"192000.0";"15.0";"None";"RUE DU MARECHAL JOFFRE";"4020";"06000";"06088";"Nice";"06";"None";"None";"06088000KT0161";"None";"None";"116";"nan";"None";"nan";"None";"nan";"None";"nan";"None";"nan";"1";"2";"Appartement";"21.0";"1.0";"None";"None";"None";"None";"nan";"7.265527";"43.698649";"000KT"
"2021-55726";"2021-03-08";"1";"Vente";"192000.0";"15.0";"None";"RUE DU MARECHAL JOFFRE";"4020";"06000";"06088";"Nice";"06";"None";"None";"06088000KT0161";"None";"None";"116";"nan";"None";"nan";"None";"nan";"None";"nan";"None";"nan";"1";"2";"Appartement";"8.0";"1.0";"None";"None";"None";"None";"nan";"7.265527";"43.698649";"000KT"
"2021-55726";"2021-03-08";"1";"Vente";"192000.0";"15.0";"None";"RUE DU MARECHAL JOFFRE";"4020";"06000";"06088";"Nice";"06";"None";"None";"06088000KT0161";"None";"None";"116";"nan";"None";"nan";"None";"nan";"None";"nan";"None";"nan";"1";"3";"Dépendance";"nan";"0.0";"None";"None";"None";"None";"nan";"7.265527";"43.698649";"000KT"
"2021-55726";"2021-03-08";"1";"Vente";"192000.0";"15.0";"None";"RUE DU MARECHAL JOFFRE";"4020";"06000";"06088";"Nice";"06";"None";"None";"06088000KT0161";"None";"None";"116";"nan";"None";"nan";"None";"nan";"None";"nan";"None";"nan";"1";"3";"Dépendance";"nan";"0.0";"None";"None";"None";"None";"nan";"7.265527";"43.698649";"000KT"
"2021-55636";"2021-03-04";"1";"Vente";"93000.0";"6.0";"None";"RUE MASSENET";"4115";"06000";"06088";"Nice";"06";"None";"None";"06088000KT0368";"None";"None";"194";"nan";"None";"nan";"None";"nan";"None";"nan";"None";"nan";"1";"3";"Dépendance";"nan";"0.0";"None";"None";"None";"None";"nan";"7.264583";"43.69571";"000KT"
"2021-55636";"2021-03-04";"1";"Vente";"93000.0";"6.0";"None";"RUE MASSENET";"4115";"06000";"06088";"Nice";"06";"None";"None";"06088000KT0368";"None";"None";"193";"nan";"None";"nan";"None";"nan";"None";"nan";"None";"nan";"1";"3";"Dépendance";"nan";"0.0";"None";"None";"None";"None";"nan";"7.264583";"43.69571";"000KT"
"2021-55899";"2021-03-03";"1";"Vente";"123500.0";"9.0";"None";"RUE ALPHONSE KARR";"0135";"06000";"06088";"Nice";"06";"None";"None";"06088000KT0162";"None";"None";"39";"16.01";"None";"nan";"None";"nan";"None";"nan";"None";"nan";"1";"2";"Appartement";"16.0";"1.0";"None";"None";"None";"None";"nan";"7.265434";"43.699073";"000KT"
"2021-55301";"2021-03-02";"1";"Vente";"108000.0";"20.0";"None";"RUE DU MARECHAL JOFFRE";"4020";"06000";"06088";"Nice";"06";"None";"None";"06088000KT0163";"None";"None";"115";"30.61";"None";"nan";"None";"nan";"None";"nan";"None";"nan";"1";"2";"Appartement";"30.0";"1.0";"None";"None";"None";"None";"nan";"7.265209";"43.699055";"000KT"
"2021-56033";"2021-03-02";"1";"Vente";"475000.0";"10.0";"None";"RUE MASSENET";"4115";"06000";"06088";"Nice";"06";"None";"None";"06088000KT0227";"None";"None";"42";"113.2";"44";"nan";"None";"nan";"None";"nan";"None";"nan";"2";"4";"Local industriel. commercial ou assimilé";"124.0";"0.0";"None";"None";"None";"None";"nan";"7.264425";"43.696447";"000KT"
"2021-56024";"2021-03-01";"1";"Vente";"120000.0";"3.0";"None";"RUE FRANCOIS 1ER";"2645";"06000";"06088";"Nice";"06";"None";"None";"06088000KT0144";"None";"None";"43";"29.85";"None";"nan";"None";"nan";"None";"nan";"None";"nan";"1";"2";"Appartement";"30.0";"1.0";"None";"None";"None";"None";"nan";"7.266151";"43.698037";"000KT"
"2021-55222";"2021-02-26";"1";"Vente";"677400.0";"7.0";"None";"RUE GRIMALDI";"3035";"06000";"06088";"Nice";"06";"None";"None";"06088000KT0140";"None";"None";"132";"nan";"74";"97.93";"None";"nan";"None";"nan";"None";"nan";"2";"2";"Appartement";"65.0";"3.0";"None";"None";"None";"None";"nan";"7.265019";"43.698409";"000KT"
"2021-55945";"2021-02-25";"1";"Vente";"366350.0";"7.0";"None";"RUE HALEVY";"3170";"06000";"06088";"Nice";"06";"None";"None";"06088000KT0341";"None";"None";"57";"36.67";"None";"nan";"None";"nan";"None";"nan";"None";"nan";"1";"2";"Appartement";"40.0";"2.0";"None";"None";"None";"None";"nan";"7.264754";"43.696074";"000KT"
"2021-55248";"2021-02-24";"1";"Vente";"325000.0";"9.0";"None";"RUE DE LA BUFFA";"1000";"06000";"06088";"Nice";"06";"None";"None";"06088000KT0379";"None";"None";"41";"37.4";"None";"nan";"None";"nan";"None";"nan";"None";"nan";"1";"2";"Appartement";"42.0";"2.0";"None";"None";"None";"None";"nan";"7.263975";"43.697254";"000KT"
"2021-55527";"2021-02-22";"1";"Vente";"435000.0";"7.0";"None";"RUE MASSENET";"4115";"06000";"06088";"Nice";"06";"None";"None";"06088000KT0289";"None";"None";"54";"59.89";"None";"nan";"None";"nan";"None";"nan";"None";"nan";"1";"2";"Appartement";"65.0";"2.0";"None";"None";"None";"None";"nan";"7.264099";"43.695617";"000KT"
"2021-54701";"2021-02-17";"1";"Vente";"440500.0";"1.0";"None";"PL EUGENE MO";"2365";"06000";"06088";"Nice";"06";"None";"None";"06088000KT0023";"None";"None";"13";"81.68";"None";"nan";"None";"nan";"None";"nan";"None";"nan";"1";"2";"Appartement";"82.0";"3.0";"None";"None";"None";"None";"nan";"7.267121";"43.699083";"000KT"
"2021-54697";"2021-02-12";"1";"Vente";"169000.0";"18.0";"A";"RUE DU CONGRES";"1655";"06000";"06088";"Nice";"06";"None";"None";"06088000KT0315";"None";"None";"13";"35.28";"76";"nan";"None";"nan";"None";"nan";"None";"nan";"2";"2";"Appartement";"33.0";"1.0";"None";"None";"None";"None";"nan";"7.263177";"43.698011";"000KT"
"2021-55268";"2021-02-11";"1";"Vente";"650000.0";"9.0";"None";"RUE MASSENET";"4115";"06000";"06088";"Nice";"06";"None";"None";"06088000KT0257";"None";"None";"104";"nan";"105";"nan";"161";"nan";"162";"nan";"None";"nan";"4";"2";"Appartement";"80.0";"3.0";"None";"None";"None";"None";"nan";"7.263955";"43.695823";"000KT"
"2021-54440";"2021-02-10";"1";"Vente";"75000.0";"7.0";"None";"BD VICTOR HUGO";"6655";"06000";"06088";"Nice";"06";"None";"None";"06088000KT0394";"None";"None";"108";"nan";"133";"10.02";"None";"nan";"None";"nan";"None";"nan";"2";"3";"Dépendance";"nan";"0.0";"None";"None";"None";"None";"nan";"7.266523";"43.699504";"000KT"
"2021-54148";"2021-02-04";"1";"Vente";"111500.0";"9.0";"None";"RUE MASSENA";"4110";"06000";"06088";"Nice";"06";"None";"None";"06088000KT0067";"None";"None";"78";"nan";"80";"16.6";"None";"nan";"None";"nan";"None";"nan";"2";"2";"Appartement";"19.0";"1.0";"None";"None";"None";"None";"nan";"7.268156";"43.697486";"000KT"
"2021-54148";"2021-02-04";"1";"Vente";"111500.0";"9.0";"None";"RUE MASSENA";"4110";"06000";"06088";"Nice";"06";"None";"None";"06088000KT0067";"None";"None";"78";"nan";"80";"16.6";"None";"nan";"None";"nan";"None";"nan";"2";"2";"Appartement";"18.0";"1.0";"None";"None";"None";"None";"nan";"7.268156";"43.697486";"000KT"
"2021-54148";"2021-02-04";"1";"Vente";"111500.0";"9.0";"None";"RUE MASSENA";"4110";"06000";"06088";"Nice";"06";"None";"None";"06088000KT0067";"None";"None";"78";"nan";"80";"16.6";"None";"nan";"None";"nan";"None";"nan";"2";"2";"Appartement";"18.0";"1.0";"None";"None";"None";"None";"nan";"7.268156";"43.697486";"000KT"
"2021-54184";"2021-02-02";"1";"Vente";"46700.0";"11.0";"None";"RUE MACCARANI";"3810";"06000";"06088";"Nice";"06";"None";"None";"06088000KT0322";"None";"None";"198";"nan";"None";"nan";"None";"nan";"None";"nan";"None";"nan";"1";"3";"Dépendance";"nan";"0.0";"None";"None";"None";"None";"nan";"7.264358";"43.697967";"000KT"
"2021-54009";"2021-01-25";"1";"Vente";"233000.0";"5.0";"None";"RUE MASSENA";"4110";"06000";"06088";"Nice";"06";"None";"None";"06088000KT0068";"None";"None";"31";"nan";"None";"nan";"None";"nan";"None";"nan";"None";"nan";"1";"2";"Appartement";"77.0";"4.0";"None";"None";"None";"None";"nan";"7.268704";"43.697458";"000KT"
"2021-53724";"2021-01-21";"1";"Vente";"565000.0";"7.0";"None";"RUE MASSENET";"4115";"06000";"06088";"Nice";"06";"None";"None";"06088000KT0289";"None";"None";"24";"nan";"49";"62.07";"None";"nan";"None";"nan";"None";"nan";"2";"2";"Appartement";"65.0";"2.0";"None";"None";"None";"None";"nan";"7.264099";"43.695617";"000KT"
"2021-53496";"2021-01-19";"1";"Vente";"410000.0";"11.0";"None";"RUE MACCARANI";"3810";"06000";"06088";"Nice";"06";"None";"None";"06088000KT0322";"None";"None";"211";"nan";"346";"57.72";"None";"nan";"None";"nan";"None";"nan";"2";"2";"Appartement";"56.0";"2.0";"None";"None";"None";"None";"nan";"7.264358";"43.697967";"000KT"
"2021-53769";"2021-01-19";"1";"Vente";"155000.0";"7.0";"None";"AV DE SUEDE";"6294";"06000";"06088";"Nice";"06";"None";"None";"06088000KT0091";"None";"None";"55";"23.0";"None";"nan";"None";"nan";"None";"nan";"None";"nan";"1";"2";"Appartement";"22.0";"2.0";"None";"None";"None";"None";"nan";"7.265477";"43.696337";"000KT"
"2021-53496";"2021-01-19";"1";"Vente";"410000.0";"11.0";"None";"RUE MACCARANI";"3810";"06000";"06088";"Nice";"06";"None";"None";"06088000KT0322";"None";"None";"175";"nan";"None";"nan";"None";"nan";"None";"nan";"None";"nan";"1";"3";"Dépendance";"nan";"0.0";"None";"None";"None";"None";"nan";"7.264358";"43.697967";"000KT"
"2021-53977";"2021-01-15";"1";"Vente";"383000.0";"12.0";"None";"RUE DU MARECHAL JOFFRE";"4020";"06000";"06088";"Nice";"06";"None";"None";"06088000KT0014";"None";"None";"38";"51.28";"8";"nan";"None";"nan";"None";"nan";"None";"nan";"2";"2";"Appartement";"51.0";"1.0";"None";"None";"None";"None";"nan";"7.266226";"43.699209";"000KT"
"2021-53321";"2021-01-13";"1";"Vente";"677588.0";"14.0";"None";"RUE HALEVY";"3170";"06000";"06088";"Nice";"06";"None";"None";"06088000KT0090";"None";"None";"8";"102.52";"None";"nan";"None";"nan";"None";"nan";"None";"nan";"1";"2";"Appartement";"110.0";"3.0";"None";"None";"None";"None";"nan";"7.265315";"43.696335";"000KT"
"2021-53390";"2021-01-12";"1";"Vente";"680000.0";"8.0";"None";"RUE DU CONGRES";"1655";"06000";"06088";"Nice";"06";"None";"None";"06088000KT0253";"None";"None";"13";"nan";"14";"nan";"31";"101.25";"None";"nan";"None";"nan";"3";"2";"Appartement";"102.0";"3.0";"None";"None";"None";"None";"nan";"7.263454";"43.696083";"000KT"
"2021-53787";"2021-01-11";"1";"Vente";"115975.0";"31.0";"None";"RUE MASSENA";"4110";"06000";"06088";"Nice";"06";"None";"None";"06088000KT0106";"None";"None";"35";"nan";"None";"nan";"None";"nan";"None";"nan";"None";"nan";"1";"2";"Appartement";"18.0";"1.0";"None";"None";"None";"None";"nan";"7.26616";"43.697077";"000KT"
"2021-53788";"2021-01-11";"2";"Vente";"30359.0";"31.0";"None";"RUE MASSENA";"4110";"06000";"06088";"Nice";"06";"None";"None";"06088000KT0106";"None";"None";"13";"nan";"None";"nan";"None";"nan";"None";"nan";"None";"nan";"1";"2";"Appartement";"38.0";"3.0";"None";"None";"None";"None";"nan";"7.26616";"43.697077";"000KT"
"2021-53789";"2021-01-11";"3";"Vente";"17119.0";"31.0";"None";"RUE MASSENA";"4110";"06000";"06088";"Nice";"06";"None";"None";"06088000KT0106";"None";"None";"32";"nan";"None";"nan";"None";"nan";"None";"nan";"None";"nan";"1";"2";"Appartement";"16.0";"1.0";"None";"None";"None";"None";"nan";"7.26616";"43.697077";"000KT"
"2021-53790";"2021-01-11";"4";"Vente";"17159.0";"31.0";"None";"RUE MASSENA";"4110";"06000";"06088";"Nice";"06";"None";"None";"06088000KT0106";"None";"None";"37";"nan";"None";"nan";"None";"nan";"None";"nan";"None";"nan";"1";"2";"Appartement";"17.0";"1.0";"None";"None";"None";"None";"nan";"7.26616";"43.697077";"000KT"
"2021-53791";"2021-01-11";"5";"Vente";"17119.0";"31.0";"None";"RUE MASSENA";"4110";"06000";"06088";"Nice";"06";"None";"None";"06088000KT0106";"None";"None";"34";"nan";"None";"nan";"None";"nan";"None";"nan";"None";"nan";"1";"2";"Appartement";"20.0";"1.0";"None";"None";"None";"None";"nan";"7.26616";"43.697077";"000KT"
"2021-53791";"2021-01-11";"6";"Vente";"17119.0";"31.0";"None";"RUE MASSENA";"4110";"06000";"06088";"Nice";"06";"None";"None";"06088000KT0106";"None";"None";"33";"nan";"None";"nan";"None";"nan";"None";"nan";"None";"nan";"1";"2";"Appartement";"16.0";"1.0";"None";"None";"None";"None";"nan";"7.26616";"43.697077";"000KT"
"2021-53253";"2021-01-04";"1";"Vente";"680700.0";"10.0";"None";"RUE DU MARECHAL JOFFRE";"4020";"06000";"06088";"Nice";"06";"None";"None";"06088000KT0394";"None";"None";"546";"136.18";"None";"nan";"None";"nan";"None";"nan";"None";"nan";"1";"2";"Appartement";"135.0";"4.0";"None";"None";"None";"None";"nan";"7.266523";"43.699504";"000KT"
"2021-54120";"2021-01-04";"1";"Vente";"390000.0";"12.0";"None";"RUE JOSEPH BRES";"3455";"06000";"06088";"Nice";"06";"None";"None";"06088000KT0381";"None";"None";"125";"nan";"222";"nan";"None";"nan";"None";"nan";"None";"nan";"2";"2";"Appartement";"56.0";"3.0";"None";"None";"None";"None";"nan";"7.268336";"43.698832";"000KT"