id_mutation;date_mutation;numero_disposition;nature_mutation;valeur_fonciere;adresse_numero;adresse_suffixe;adresse_nom_voie;adresse_code_voie;code_postal;code_commune;nom_commune;code_departement;ancien_code_commune;ancien_nom_commune;id_parcelle;ancien_id_parcelle;numero_volume;lot1_numero;lot1_surface_carrez;lot2_numero;lot2_surface_carrez;lot3_numero;lot3_surface_carrez;lot4_numero;lot4_surface_carrez;lot5_numero;lot5_surface_carrez;nombre_lots;code_type_local;type_local;surface_reelle_bati;nombre_pieces_principales;code_nature_culture;nature_culture;code_nature_culture_speciale;nature_culture_speciale;surface_terrain;longitude;latitude;section_prefixe
"2025-58055";"2025-12-22";"1";"Vente";"180000.0";"46.0";"None";"BD CARNOT";"1145";"06300";"06088";"Nice";"06";"None";"None";"06088000KL0058";"None";"None";"41";"64.44";"None";"nan";"None";"nan";"None";"None";"None";"None";"1";"2";"Appartement";"48.0";"3.0";"None";"None";"None";"None";"nan";"7.290121";"43.696525";"000KL"
"2025-58055";"2025-12-22";"1";"Vente";"180000.0";"46.0";"None";"BD CARNOT";"1145";"06300";"06088";"Nice";"06";"None";"None";"06088000KL0058";"None";"None";"2";"nan";"None";"nan";"None";"nan";"None";"None";"None";"None";"1";"3";"Dépendance";"nan";"0.0";"None";"None";"None";"None";"nan";"7.290121";"43.696525";"000KL"
"2025-57397";"2025-12-19";"1";"Vente";"335000.0";"45.0";"None";"BD STALINGRAD";"6285";"06300";"06088";"Nice";"06";"None";"None";"06088000KL0041";"None";"None";"11";"67.35";"None";"nan";"None";"nan";"None";"None";"None";"None";"1";"2";"Appartement";"84.0";"4.0";"None";"None";"None";"None";"nan";"7.286946";"43.695496";"000KL"
"2025-57397";"2025-12-19";"1";"Vente";"335000.0";"45.0";"None";"BD STALINGRAD";"6285";"06300";"06088";"Nice";"06";"None";"None";"06088000KL0041";"None";"None";"11";"67.35";"None";"nan";"None";"nan";"None";"None";"None";"None";"1";"3";"Dépendance";"nan";"0.0";"None";"None";"None";"None";"nan";"7.286946";"43.695496";"000KL"
"2025-57519";"2025-12-12";"1";"Vente";"175000.0";"6.0";"None";"MTE COMMANDANT OCTOBON";"1634";"06300";"06088";"Nice";"06";"None";"None";"06088000KL0179";"None";"None";"1";"nan";"None";"nan";"None";"nan";"None";"None";"None";"None";"1";"2";"Appartement";"24.0";"1.0";"None";"None";"None";"None";"nan";"7.287281";"43.694969";"000KL"
"2025-57334";"2025-12-12";"1";"Vente";"150000.0";"9.0";"B";"BD FRANCK PILATTE";"2610";"06300";"06088";"Nice";"06";"None";"None";"06088000KL0172";"None";"None";"250";"21.44";"None";"nan";"None";"nan";"None";"None";"None";"None";"1";"3";"Dépendance";"nan";"0.0";"None";"None";"None";"None";"nan";"7.288086";"43.694638";"000KL"
"2025-57372";"2025-12-11";"1";"Vente";"210000.0";"11.0";"B";"BD FRANCK PILATTE";"2610";"06300";"06088";"Nice";"06";"None";"None";"06088000KL0172";"None";"None";"328";"33.09";"None";"nan";"None";"nan";"None";"None";"None";"None";"1";"2";"Appartement";"35.0";"1.0";"None";"None";"None";"None";"nan";"7.288086";"43.694638";"000KL"
"2025-57377";"2025-12-11";"1";"Vente";"200000.0";"9.0";"None";"BD FRANCK PILATTE";"2610";"06300";"06088";"Nice";"06";"None";"None";"06088000KL0172";"None";"None";"183";"34.18";"None";"nan";"None";"nan";"None";"None";"None";"None";"1";"2";"Appartement";"37.0";"1.0";"None";"None";"None";"None";"nan";"7.288086";"43.694638";"000KL"
"2025-57372";"2025-12-11";"1";"Vente";"210000.0";"13.0";"T";"BD FRANCK PILATTE";"2610";"06300";"06088";"Nice";"06";"None";"None";"06088000KL0172";"None";"None";"747";"nan";"None";"nan";"None";"nan";"None";"None";"None";"None";"1";"3";"Dépendance";"nan";"0.0";"None";"None";"None";"None";"nan";"7.288086";"43.694638";"000KL"
"2025-57418";"2025-12-04";"1";"Vente";"650000.0";"45.0";"None";"BD STALINGRAD";"6285";"06300";"06088";"Nice";"06";"None";"None";"06088000KL0041";"None";"None";"49";"72.6";"96";"nan";"None";"nan";"None";"None";"None";"None";"2";"2";"Appartement";"75.0";"4.0";"None";"None";"None";"None";"nan";"7.286946";"43.695496";"000KL"
"2025-57418";"2025-12-04";"1";"Vente";"650000.0";"45.0";"None";"BD STALINGRAD";"6285";"06300";"06088";"Nice";"06";"None";"None";"06088000KL0041";"None";"None";"49";"72.6";"96";"nan";"None";"nan";"None";"None";"None";"None";"2";"3";"Dépendance";"nan";"0.0";"None";"None";"None";"None";"nan";"7.286946";"43.695496";"000KL"
"2025-57234";"2025-11-28";"1";"Vente";"395000.0";"45.0";"None";"BD STALINGRAD";"6285";"06300";"06088";"Nice";"06";"None";"None";"06088000KL0041";"None";"None";"54";"81.79";"69";"nan";"None";"nan";"None";"None";"None";"None";"2";"2";"Appartement";"100.0";"5.0";"None";"None";"None";"None";"nan";"7.286946";"43.695496";"000KL"
"2025-57234";"2025-11-28";"1";"Vente";"395000.0";"45.0";"None";"BD STALINGRAD";"6285";"06300";"06088";"Nice";"06";"None";"None";"06088000KL0041";"None";"None";"54";"81.79";"69";"nan";"None";"nan";"None";"None";"None";"None";"2";"3";"Dépendance";"nan";"0.0";"None";"None";"None";"None";"nan";"7.286946";"43.695496";"000KL"
"2025-56553";"2025-11-18";"1";"Vente";"245000.0";"11.0";"None";"IMP JEANNE MARLIN";"3406";"06300";"06088";"Nice";"06";"None";"None";"06088000KL0216";"None";"None";"373";"nan";"None";"nan";"None";"nan";"None";"None";"None";"None";"1";"2";"Appartement";"38.0";"2.0";"None";"None";"None";"None";"nan";"7.287399";"43.695443";"000KL"
"2025-56553";"2025-11-18";"1";"Vente";"245000.0";"11.0";"None";"IMP JEANNE MARLIN";"3406";"06300";"06088";"Nice";"06";"None";"None";"06088000KL0216";"None";"None";"373";"nan";"None";"nan";"None";"nan";"None";"None";"None";"None";"1";"3";"Dépendance";"nan";"0.0";"None";"None";"None";"None";"nan";"7.287399";"43.695443";"000KL"
"2025-56553";"2025-11-18";"1";"Vente";"245000.0";"11.0";"None";"IMP JEANNE MARLIN";"3406";"06300";"06088";"Nice";"06";"None";"None";"06088000KL0216";"None";"None";"230";"nan";"None";"nan";"None";"nan";"None";"None";"None";"None";"1";"3";"Dépendance";"nan";"0.0";"None";"None";"None";"None";"nan";"7.287399";"43.695443";"000KL"
"2025-56499";"2025-11-12";"1";"Vente";"1500000.0";"23.0";"None";"BD FRANCK PILATTE";"2610";"06300";"06088";"Nice";"06";"None";"None";"06088000KL0160";"None";"None";"394";"124.32";"None";"nan";"None";"nan";"None";"None";"None";"None";"1";"2";"Appartement";"130.0";"4.0";"None";"None";"None";"None";"nan";"7.291004";"43.693821";"000KL"
"2025-56499";"2025-11-12";"1";"Vente";"1500000.0";"23.0";"None";"BD FRANCK PILATTE";"2610";"06300";"06088";"Nice";"06";"None";"None";"06088000KL0160";"None";"None";"299";"nan";"None";"nan";"None";"nan";"None";"None";"None";"None";"1";"2";"Appartement";"42.0";"1.0";"None";"None";"None";"None";"nan";"7.291004";"43.693821";"000KL"
"2025-56499";"2025-11-12";"1";"Vente";"1500000.0";"23.0";"None";"BD FRANCK PILATTE";"2610";"06300";"06088";"Nice";"06";"None";"None";"06088000KL0160";"None";"None";"394";"124.32";"None";"nan";"None";"nan";"None";"None";"None";"None";"1";"3";"Dépendance";"nan";"0.0";"None";"None";"None";"None";"nan";"7.291004";"43.693821";"000KL"
"2025-56499";"2025-11-12";"1";"Vente";"1500000.0";"23.0";"None";"BD FRANCK PILATTE";"2610";"06300";"06088";"Nice";"06";"None";"None";"06088000KL0160";"None";"None";"3134";"18.7";"None";"nan";"None";"nan";"None";"None";"None";"None";"1";"3";"Dépendance";"nan";"0.0";"None";"None";"None";"None";"nan";"7.291004";"43.693821";"000KL"
"2025-56499";"2025-11-12";"1";"Vente";"1500000.0";"23.0";"None";"BD FRANCK PILATTE";"2610";"06300";"06088";"Nice";"06";"None";"None";"06088000KL0160";"None";"None";"3075";"12.0";"None";"nan";"None";"nan";"None";"None";"None";"None";"1";"3";"Dépendance";"nan";"0.0";"None";"None";"None";"None";"nan";"7.291004";"43.693821";"000KL"
"2025-55738";"2025-11-07";"1";"Vente";"199000.0";"3.0";"None";"AV JEANNE MARLIN";"3405";"06300";"06088";"Nice";"06";"None";"None";"06088000KL0215";"None";"None";"2";"152.73";"None";"nan";"None";"nan";"None";"None";"None";"None";"1";"4";"Local industriel. commercial ou assimilé";"150.0";"0.0";"None";"None";"None";"None";"nan";"7.287742";"43.695721";"000KL"
"2025-55009";"2025-10-31";"1";"Vente";"51000.0";"11.0";"None";"IMP JEANNE MARLIN";"3406";"06300";"06088";"Nice";"06";"None";"None";"06088000KL0216";"None";"None";"290";"nan";"None";"nan";"None";"nan";"None";"None";"None";"None";"1";"3";"Dépendance";"nan";"0.0";"None";"None";"None";"None";"nan";"7.287399";"43.695443";"000KL"
"2025-56013";"2025-10-31";"1";"Vente";"50000.0";"23.0";"None";"BD FRANCK PILATTE";"2610";"06300";"06088";"Nice";"06";"None";"None";"06088000KL0160";"None";"None";"3081";"15.0";"None";"nan";"None";"nan";"None";"None";"None";"None";"1";"3";"Dépendance";"nan";"0.0";"None";"None";"None";"None";"nan";"7.291004";"43.693821";"000KL"
"2025-55013";"2025-10-28";"1";"Vente";"285500.0";"4.0";"None";"AV ROSERAIE";"5580";"06300";"06088";"Nice";"06";"None";"None";"06088000KL0122";"None";"None";"2";"nan";"33";"36.06";"None";"nan";"None";"None";"None";"None";"2";"2";"Appartement";"36.0";"1.0";"None";"None";"None";"None";"nan";"7.292316";"43.6955";"000KL"
"2025-55013";"2025-10-28";"1";"Vente";"285500.0";"4.0";"None";"AV ROSERAIE";"5580";"06300";"06088";"Nice";"06";"None";"None";"06088000KL0122";"None";"None";"2";"nan";"33";"36.06";"None";"nan";"None";"None";"None";"None";"2";"3";"Dépendance";"nan";"0.0";"None";"None";"None";"None";"nan";"7.292316";"43.6955";"000KL"
"2025-55391";"2025-10-27";"1";"Vente";"703000.0";"8.0";"None";"AV ROSERAIE";"5580";"06300";"06088";"Nice";"06";"None";"None";"06088000KL0120";"None";"None";"12";"88.71";"None";"nan";"None";"nan";"None";"None";"None";"None";"1";"2";"Appartement";"100.0";"3.0";"None";"None";"None";"None";"nan";"7.292667";"43.695049";"000KL"
"2025-55391";"2025-10-27";"1";"Vente";"703000.0";"8.0";"None";"AV ROSERAIE";"5580";"06300";"06088";"Nice";"06";"None";"None";"06088000KL0120";"None";"None";"4";"nan";"None";"nan";"None";"nan";"None";"None";"None";"None";"1";"3";"Dépendance";"nan";"0.0";"None";"None";"None";"None";"nan";"7.292667";"43.695049";"000KL"
"2025-55391";"2025-10-27";"1";"Vente";"703000.0";"8.0";"None";"AV ROSERAIE";"5580";"06300";"06088";"Nice";"06";"None";"None";"06088000KL0120";"None";"None";"12";"88.71";"None";"nan";"None";"nan";"None";"None";"None";"None";"1";"3";"Dépendance";"nan";"0.0";"None";"None";"None";"None";"nan";"7.292667";"43.695049";"000KL"
"2025-55144";"2025-10-24";"1";"Vente";"1750000.0";"13.0";"None";"BD FRANCK PILATTE";"2610";"06300";"06088";"Nice";"06";"None";"None";"06088000KL0172";"None";"None";"666";"nan";"776";"94.08";"None";"nan";"None";"None";"None";"None";"2";"2";"Appartement";"94.0";"3.0";"None";"None";"None";"None";"nan";"7.288086";"43.694638";"000KL"
"2025-55144";"2025-10-24";"1";"Vente";"1750000.0";"13.0";"None";"BD FRANCK PILATTE";"2610";"06300";"06088";"Nice";"06";"None";"None";"06088000KL0172";"None";"None";"757";"nan";"None";"nan";"None";"nan";"None";"None";"None";"None";"1";"3";"Dépendance";"nan";"0.0";"None";"None";"None";"None";"nan";"7.288086";"43.694638";"000KL"
"2025-55144";"2025-10-24";"1";"Vente";"1750000.0";"13.0";"None";"BD FRANCK PILATTE";"2610";"06300";"06088";"Nice";"06";"None";"None";"06088000KL0172";"None";"None";"666";"nan";"776";"94.08";"None";"nan";"None";"None";"None";"None";"2";"3";"Dépendance";"nan";"0.0";"None";"None";"None";"None";"nan";"7.288086";"43.694638";"000KL"
"2025-55144";"2025-10-24";"1";"Vente";"1750000.0";"13.0";"None";"BD FRANCK PILATTE";"2610";"06300";"06088";"Nice";"06";"None";"None";"06088000KL0172";"None";"None";"666";"nan";"776";"94.08";"None";"nan";"None";"None";"None";"None";"2";"3";"Dépendance";"nan";"0.0";"None";"None";"None";"None";"nan";"7.288086";"43.694638";"000KL"
"2025-54560";"2025-10-10";"1";"Vente";"214300.0";"43.0";"B";"BD STALINGRAD";"6285";"06300";"06088";"Nice";"06";"None";"None";"06088000KL0040";"None";"None";"25";"30.01";"None";"nan";"None";"nan";"None";"None";"None";"None";"1";"2";"Appartement";"31.0";"2.0";"None";"None";"None";"None";"nan";"7.286965";"43.69568";"000KL"
"2025-54834";"2025-10-09";"1";"Vente";"1104000.0";"23.0";"None";"BD FRANCK PILATTE";"2610";"06300";"06088";"Nice";"06";"None";"None";"06088000KL0160";"None";"None";"535";"nan";"586";"nan";"None";"nan";"None";"None";"None";"None";"2";"2";"Appartement";"91.0";"1.0";"None";"None";"None";"None";"nan";"7.291004";"43.693821";"000KL"
"2025-53862";"2025-10-09";"1";"Vente";"55000.0";"11.0";"None";"IMP JEANNE MARLIN";"3406";"06300";"06088";"Nice";"06";"None";"None";"06088000KL0216";"None";"None";"239";"nan";"None";"nan";"None";"nan";"None";"None";"None";"None";"1";"3";"Dépendance";"nan";"0.0";"None";"None";"None";"None";"nan";"7.287399";"43.695443";"000KL"
"2025-54834";"2025-10-09";"1";"Vente";"1104000.0";"23.0";"None";"BD FRANCK PILATTE";"2610";"06300";"06088";"Nice";"06";"None";"None";"06088000KL0160";"None";"None";"535";"nan";"586";"nan";"None";"nan";"None";"None";"None";"None";"2";"3";"Dépendance";"nan";"0.0";"None";"None";"None";"None";"nan";"7.291004";"43.693821";"000KL"
"2025-54834";"2025-10-09";"1";"Vente";"1104000.0";"23.0";"None";"BD FRANCK PILATTE";"2610";"06300";"06088";"Nice";"06";"None";"None";"06088000KL0160";"None";"None";"3055";"nan";"None";"nan";"None";"nan";"None";"None";"None";"None";"1";"3";"Dépendance";"nan";"0.0";"None";"None";"None";"None";"nan";"7.291004";"43.693821";"000KL"
"2025-53530";"2025-10-01";"1";"Vente";"313200.0";"33.0";"None";"BD STALINGRAD";"6285";"06300";"06088";"Nice";"06";"None";"None";"06088000KL0015";"None";"None";"108";"nan";"33";"nan";"None";"nan";"None";"None";"None";"None";"2";"2";"Appartement";"68.0";"4.0";"None";"None";"None";"None";"nan";"7.287665";"43.696738";"000KL"
"2025-53530";"2025-10-01";"1";"Vente";"313200.0";"33.0";"None";"BD STALINGRAD";"6285";"06300";"06088";"Nice";"06";"None";"None";"06088000KL0015";"None";"None";"108";"nan";"33";"nan";"None";"nan";"None";"None";"None";"None";"2";"3";"Dépendance";"nan";"0.0";"None";"None";"None";"None";"nan";"7.287665";"43.696738";"000KL"
"2025-54603";"2025-09-30";"1";"Vente";"38500.0";"11.0";"None";"IMP JEANNE MARLIN";"3406";"06300";"06088";"Nice";"06";"None";"None";"06088000KL0216";"None";"None";"222";"nan";"None";"nan";"None";"nan";"None";"None";"None";"None";"1";"3";"Dépendance";"nan";"0.0";"None";"None";"None";"None";"nan";"7.287399";"43.695443";"000KL"
"2025-54575";"2025-09-25";"1";"Vente";"55000.0";"23.0";"None";"BD FRANCK PILATTE";"2610";"06300";"06088";"Nice";"06";"None";"None";"06088000KL0160";"None";"None";"1053";"nan";"None";"nan";"None";"nan";"None";"None";"None";"None";"1";"3";"Dépendance";"nan";"0.0";"None";"None";"None";"None";"nan";"7.291004";"43.693821";"000KL"
"2025-53687";"2025-09-23";"1";"Vente";"460000.0";"12.0";"B";"AV GUSTAVIN";"3140";"06300";"06088";"Nice";"06";"None";"None";"06088000KL0082";"None";"None";"13";"53.36";"4";"nan";"None";"nan";"None";"None";"None";"None";"2";"2";"Appartement";"56.0";"3.0";"None";"None";"None";"None";"nan";"7.290498";"43.695338";"000KL"
"2025-53687";"2025-09-23";"1";"Vente";"460000.0";"12.0";"B";"AV GUSTAVIN";"3140";"06300";"06088";"Nice";"06";"None";"None";"06088000KL0082";"None";"None";"13";"53.36";"4";"nan";"None";"nan";"None";"None";"None";"None";"2";"3";"Dépendance";"nan";"0.0";"None";"None";"None";"None";"nan";"7.290498";"43.695338";"000KL"
"2025-52778";"2025-09-05";"1";"Vente";"535000.0";"7.0";"T";"BD FRANCK PILATTE";"2610";"06300";"06088";"Nice";"06";"None";"None";"06088000KL0172";"None";"None";"116";"nan";"160";"45.7";"None";"nan";"None";"None";"None";"None";"2";"2";"Appartement";"55.0";"2.0";"None";"None";"None";"None";"nan";"7.288086";"43.694638";"000KL"
"2025-52778";"2025-09-05";"1";"Vente";"535000.0";"7.0";"T";"BD FRANCK PILATTE";"2610";"06300";"06088";"Nice";"06";"None";"None";"06088000KL0172";"None";"None";"174";"nan";"None";"nan";"None";"nan";"None";"None";"None";"None";"1";"3";"Dépendance";"nan";"0.0";"None";"None";"None";"None";"nan";"7.288086";"43.694638";"000KL"
"2025-52778";"2025-09-05";"1";"Vente";"535000.0";"7.0";"T";"BD FRANCK PILATTE";"2610";"06300";"06088";"Nice";"06";"None";"None";"06088000KL0172";"None";"None";"116";"nan";"160";"45.7";"None";"nan";"None";"None";"None";"None";"2";"3";"Dépendance";"nan";"0.0";"None";"None";"None";"None";"nan";"7.288086";"43.694638";"000KL"
"2025-51596";"2025-07-31";"1";"Vente";"2500000.0";"7.0";"None";"AV DE LA MER";"4175";"06300";"06088";"Nice";"06";"None";"None";"06088000KL0136";"None";"None";"None";"nan";"None";"nan";"None";"nan";"None";"None";"None";"None";"0";"2";"Appartement";"246.0";"7.0";"S";"sols";"None";"None";"800.0";"7.291845";"43.694422";"000KL"
"2025-51596";"2025-07-31";"1";"Vente";"2500000.0";"7.0";"None";"AV DE LA MER";"4175";"06300";"06088";"Nice";"06";"None";"None";"06088000KL0136";"None";"None";"None";"nan";"None";"nan";"None";"nan";"None";"None";"None";"None";"0";"2";"Appartement";"54.0";"3.0";"S";"sols";"None";"None";"800.0";"7.291845";"43.694422";"000KL"
"2025-51657";"2025-07-31";"1";"Vente";"270000.0";"39.0";"B";"BD STALINGRAD";"6285";"06300";"06088";"Nice";"06";"None";"None";"06088000KL0018";"None";"None";"19";"nan";"52";"nan";"None";"nan";"None";"None";"None";"None";"2";"2";"Appartement";"63.0";"4.0";"None";"None";"None";"None";"nan";"7.287295";"43.696354";"000KL"
"2025-51596";"2025-07-31";"1";"Vente";"2500000.0";"7.0";"None";"AV DE LA MER";"4175";"06300";"06088";"Nice";"06";"None";"None";"06088000KL0136";"None";"None";"None";"nan";"None";"nan";"None";"nan";"None";"None";"None";"None";"0";"3";"Dépendance";"nan";"0.0";"S";"sols";"None";"None";"800.0";"7.291845";"43.694422";"000KL"
"2025-51596";"2025-07-31";"1";"Vente";"2500000.0";"7.0";"None";"AV DE LA MER";"4175";"06300";"06088";"Nice";"06";"None";"None";"06088000KL0136";"None";"None";"None";"nan";"None";"nan";"None";"nan";"None";"None";"None";"None";"0";"3";"Dépendance";"nan";"0.0";"S";"sols";"None";"None";"800.0";"7.291845";"43.694422";"000KL"
"2025-51657";"2025-07-31";"1";"Vente";"270000.0";"39.0";"B";"BD STALINGRAD";"6285";"06300";"06088";"Nice";"06";"None";"None";"06088000KL0018";"None";"None";"19";"nan";"52";"nan";"None";"nan";"None";"None";"None";"None";"2";"3";"Dépendance";"nan";"0.0";"None";"None";"None";"None";"nan";"7.287295";"43.696354";"000KL"
"2025-51132";"2025-07-29";"1";"Vente";"768000.0";"7.0";"T";"BD FRANCK PILATTE";"2610";"06300";"06088";"Nice";"06";"None";"None";"06088000KL0172";"None";"None";"113";"nan";"147";"90.69";"None";"nan";"None";"None";"None";"None";"2";"2";"Appartement";"101.0";"4.0";"None";"None";"None";"None";"nan";"7.288086";"43.694638";"000KL"
"2025-51132";"2025-07-29";"1";"Vente";"768000.0";"7.0";"T";"BD FRANCK PILATTE";"2610";"06300";"06088";"Nice";"06";"None";"None";"06088000KL0172";"None";"None";"113";"nan";"147";"90.69";"None";"nan";"None";"None";"None";"None";"2";"3";"Dépendance";"nan";"0.0";"None";"None";"None";"None";"nan";"7.288086";"43.694638";"000KL"
"2025-50593";"2025-07-28";"1";"Vente";"470000.0";"51.0";"None";"BD STALINGRAD";"6285";"06300";"06088";"Nice";"06";"None";"None";"06088000KL0182";"None";"None";"158";"nan";"None";"nan";"None";"nan";"None";"None";"None";"None";"1";"2";"Appartement";"47.0";"1.0";"None";"None";"None";"None";"nan";"7.286808";"43.694933";"000KL"
"2025-50593";"2025-07-28";"1";"Vente";"470000.0";"51.0";"None";"BD STALINGRAD";"6285";"06300";"06088";"Nice";"06";"None";"None";"06088000KL0182";"None";"None";"158";"nan";"None";"nan";"None";"nan";"None";"None";"None";"None";"1";"3";"Dépendance";"nan";"0.0";"None";"None";"None";"None";"nan";"7.286808";"43.694933";"000KL"
"2025-51312";"2025-07-21";"1";"Vente";"428650.0";"23.0";"None";"BD STALINGRAD";"6285";"06300";"06088";"Nice";"06";"None";"None";"06088000KL0007";"None";"None";"35";"54.18";"None";"nan";"None";"nan";"None";"None";"None";"None";"1";"2";"Appartement";"54.0";"3.0";"None";"None";"None";"None";"nan";"7.287274";"43.697621";"000KL"
"2025-50451";"2025-07-18";"1";"Vente";"175000.0";"11.0";"None";"IMP JEANNE MARLIN";"3406";"06300";"06088";"Nice";"06";"None";"None";"06088000KL0216";"None";"None";"366";"32.73";"None";"nan";"None";"nan";"None";"None";"None";"None";"1";"2";"Appartement";"33.0";"1.0";"None";"None";"None";"None";"nan";"7.287399";"43.695443";"000KL"
"2025-51240";"2025-07-03";"1";"Vente";"325000.0";"5.0";"None";"BD FRANCK PILATTE";"2610";"06300";"06088";"Nice";"06";"None";"None";"06088000KL0173";"None";"None";"50";"47.03";"9";"nan";"None";"nan";"None";"None";"None";"None";"2";"4";"Local industriel. commercial ou assimilé";"50.0";"0.0";"None";"None";"None";"None";"nan";"7.287289";"43.694512";"000KL"
"2025-49609";"2025-06-26";"1";"Vente";"529000.0";"43.0";"B";"BD STALINGRAD";"6285";"06300";"06088";"Nice";"06";"None";"None";"06088000KL0040";"None";"None";"81";"88.43";"None";"nan";"None";"nan";"None";"None";"None";"None";"1";"2";"Appartement";"82.0";"4.0";"None";"None";"None";"None";"nan";"7.286965";"43.69568";"000KL"
"2025-49762";"2025-06-24";"1";"Vente";"220000.0";"33.0";"None";"BD STALINGRAD";"6285";"06300";"06088";"Nice";"06";"None";"None";"06088000KL0015";"None";"None";"166";"nan";"84";"56.58";"None";"nan";"None";"None";"None";"None";"2";"2";"Appartement";"61.0";"3.0";"None";"None";"None";"None";"nan";"7.287665";"43.696738";"000KL"
"2025-49762";"2025-06-24";"1";"Vente";"220000.0";"33.0";"None";"BD STALINGRAD";"6285";"06300";"06088";"Nice";"06";"None";"None";"06088000KL0015";"None";"None";"166";"nan";"84";"56.58";"None";"nan";"None";"None";"None";"None";"2";"3";"Dépendance";"nan";"0.0";"None";"None";"None";"None";"nan";"7.287665";"43.696738";"000KL"
"2025-49926";"2025-06-18";"1";"Vente";"416420.0";"15.0";"None";"AV LYMPIA";"3795";"06300";"06088";"Nice";"06";"None";"None";"06088000KL0044";"None";"None";"121";"nan";"None";"nan";"None";"nan";"None";"None";"None";"None";"1";"2";"Appartement";"70.0";"3.0";"None";"None";"None";"None";"nan";"7.288581";"43.695365";"000KL"
"2025-49926";"2025-06-18";"1";"Vente";"416420.0";"15.0";"None";"AV LYMPIA";"3795";"06300";"06088";"Nice";"06";"None";"None";"06088000KL0044";"None";"None";"51";"nan";"None";"nan";"None";"nan";"None";"None";"None";"None";"1";"3";"Dépendance";"nan";"0.0";"None";"None";"None";"None";"nan";"7.288581";"43.695365";"000KL"
"2025-49926";"2025-06-18";"1";"Vente";"416420.0";"15.0";"None";"AV LYMPIA";"3795";"06300";"06088";"Nice";"06";"None";"None";"06088000KL0044";"None";"None";"138";"nan";"None";"nan";"None";"nan";"None";"None";"None";"None";"1";"3";"Dépendance";"nan";"0.0";"None";"None";"None";"None";"nan";"7.288581";"43.695365";"000KL"
"2025-49926";"2025-06-18";"1";"Vente";"416420.0";"15.0";"None";"AV LYMPIA";"3795";"06300";"06088";"Nice";"06";"None";"None";"06088000KL0044";"None";"None";"121";"nan";"None";"nan";"None";"nan";"None";"None";"None";"None";"1";"3";"Dépendance";"nan";"0.0";"None";"None";"None";"None";"nan";"7.288581";"43.695365";"000KL"
"2025-49112";"2025-06-17";"1";"Vente";"370000.0";"9.0";"None";"BD FRANCK PILATTE";"2610";"06300";"06088";"Nice";"06";"None";"None";"06088000KL0172";"None";"None";"195";"33.6";"None";"nan";"None";"nan";"None";"None";"None";"None";"1";"2";"Appartement";"34.0";"1.0";"None";"None";"None";"None";"nan";"7.288086";"43.694638";"000KL"
"2025-49165";"2025-06-10";"1";"Vente";"283000.0";"15.0";"None";"AV LYMPIA";"3795";"06300";"06088";"Nice";"06";"None";"None";"06088000KL0044";"None";"None";"110";"75.47";"60";"nan";"None";"nan";"None";"None";"None";"None";"2";"2";"Appartement";"78.0";"3.0";"None";"None";"None";"None";"nan";"7.288581";"43.695365";"000KL"
"2025-49165";"2025-06-10";"1";"Vente";"283000.0";"15.0";"None";"AV LYMPIA";"3795";"06300";"06088";"Nice";"06";"None";"None";"06088000KL0044";"None";"None";"110";"75.47";"60";"nan";"None";"nan";"None";"None";"None";"None";"2";"3";"Dépendance";"nan";"0.0";"None";"None";"None";"None";"nan";"7.288581";"43.695365";"000KL"
"2025-47440";"2025-05-14";"1";"Vente";"465000.0";"13.0";"B";"BD FRANCK PILATTE";"2610";"06300";"06088";"Nice";"06";"None";"None";"06088000KL0172";"None";"None";"696";"nan";"717";"47.07";"None";"nan";"None";"None";"None";"None";"2";"2";"Appartement";"49.0";"2.0";"None";"None";"None";"None";"nan";"7.288086";"43.694638";"000KL"
"2025-47440";"2025-05-14";"1";"Vente";"465000.0";"13.0";"B";"BD FRANCK PILATTE";"2610";"06300";"06088";"Nice";"06";"None";"None";"06088000KL0172";"None";"None";"696";"nan";"717";"47.07";"None";"nan";"None";"None";"None";"None";"2";"3";"Dépendance";"nan";"0.0";"None";"None";"None";"None";"nan";"7.288086";"43.694638";"000KL"
"2025-47921";"2025-05-09";"1";"Vente";"348000.0";"13.0";"None";"BD FRANCK PILATTE";"2610";"06300";"06088";"Nice";"06";"None";"None";"06088000KL0172";"None";"None";"658";"nan";"759";"nan";"None";"nan";"None";"None";"None";"None";"2";"2";"Appartement";"40.0";"1.0";"None";"None";"None";"None";"nan";"7.288086";"43.694638";"000KL"
"2025-47921";"2025-05-09";"1";"Vente";"348000.0";"13.0";"None";"BD FRANCK PILATTE";"2610";"06300";"06088";"Nice";"06";"None";"None";"06088000KL0172";"None";"None";"658";"nan";"759";"nan";"None";"nan";"None";"None";"None";"None";"2";"3";"Dépendance";"nan";"0.0";"None";"None";"None";"None";"nan";"7.288086";"43.694638";"000KL"
"2025-47921";"2025-05-09";"1";"Vente";"348000.0";"13.0";"None";"BD FRANCK PILATTE";"2610";"06300";"06088";"Nice";"06";"None";"None";"06088000KL0172";"None";"None";"658";"nan";"759";"nan";"None";"nan";"None";"None";"None";"None";"2";"3";"Dépendance";"nan";"0.0";"None";"None";"None";"None";"nan";"7.288086";"43.694638";"000KL"
"2025-47299";"2025-05-07";"1";"Vente";"2300000.0";"39.0";"None";"BD STALINGRAD";"6285";"06300";"06088";"Nice";"06";"None";"None";"06088000KL0017";"None";"None";"8";"570.0";"None";"nan";"None";"nan";"None";"None";"None";"None";"1";"3";"Dépendance";"nan";"0.0";"None";"None";"None";"None";"nan";"7.287189";"43.696455";"000KL"
"2025-47299";"2025-05-07";"1";"Vente";"2300000.0";"39.0";"None";"BD STALINGRAD";"6285";"06300";"06088";"Nice";"06";"None";"None";"06088000KL0017";"None";"None";"12";"nan";"13";"nan";"14";"nan";"None";"None";"None";"None";"3";"4";"Local industriel. commercial ou assimilé";"922.0";"0.0";"None";"None";"None";"None";"nan";"7.287189";"43.696455";"000KL"
"2025-47282";"2025-04-29";"1";"Vente";"577000.0";"11.0";"None";"IMP JEANNE MARLIN";"3406";"06300";"06088";"Nice";"06";"None";"None";"06088000KL0216";"None";"None";"412";"70.71";"None";"nan";"None";"nan";"None";"None";"None";"None";"1";"2";"Appartement";"71.0";"3.0";"None";"None";"None";"None";"nan";"7.287399";"43.695443";"000KL"
"2025-47282";"2025-04-29";"1";"Vente";"577000.0";"11.0";"None";"IMP JEANNE MARLIN";"3406";"06300";"06088";"Nice";"06";"None";"None";"06088000KL0216";"None";"None";"307";"nan";"None";"nan";"None";"nan";"None";"None";"None";"None";"1";"3";"Dépendance";"nan";"0.0";"None";"None";"None";"None";"nan";"7.287399";"43.695443";"000KL"
"2025-47282";"2025-04-29";"1";"Vente";"577000.0";"11.0";"None";"IMP JEANNE MARLIN";"3406";"06300";"06088";"Nice";"06";"None";"None";"06088000KL0216";"None";"None";"412";"70.71";"None";"nan";"None";"nan";"None";"None";"None";"None";"1";"3";"Dépendance";"nan";"0.0";"None";"None";"None";"None";"nan";"7.287399";"43.695443";"000KL"
"2025-46422";"2025-04-22";"1";"Vente";"479950.0";"3.0";"None";"AV GUSTAVIN";"3140";"06300";"06088";"Nice";"06";"None";"None";"06088000KL0096";"None";"None";"38";"63.05";"None";"nan";"None";"nan";"None";"None";"None";"None";"1";"2";"Appartement";"61.0";"3.0";"None";"None";"None";"None";"nan";"7.290763";"43.696056";"000KL"
"2025-47445";"2025-04-22";"1";"Vente";"142500.0";"9015.0";"None";"AV LYMPIA";"3795";"06300";"06088";"Nice";"06";"None";"None";"06088000KL0047";"None";"None";"6";"26.58";"None";"nan";"None";"nan";"None";"None";"None";"None";"1";"2";"Appartement";"26.0";"1.0";"None";"None";"None";"None";"nan";"7.288483";"43.695668";"000KL"
"2025-46422";"2025-04-22";"1";"Vente";"479950.0";"3.0";"None";"AV GUSTAVIN";"3140";"06300";"06088";"Nice";"06";"None";"None";"06088000KL0096";"None";"None";"18";"nan";"None";"nan";"None";"nan";"None";"None";"None";"None";"1";"3";"Dépendance";"nan";"0.0";"None";"None";"None";"None";"nan";"7.290763";"43.696056";"000KL"
"2025-46422";"2025-04-22";"1";"Vente";"479950.0";"3.0";"None";"AV GUSTAVIN";"3140";"06300";"06088";"Nice";"06";"None";"None";"06088000KL0096";"None";"None";"115";"nan";"None";"nan";"None";"nan";"None";"None";"None";"None";"1";"3";"Dépendance";"nan";"0.0";"None";"None";"None";"None";"nan";"7.290763";"43.696056";"000KL"
"2025-46384";"2025-04-18";"1";"Vente";"85000.0";"70.0";"None";"BD CARNOT";"1145";"06300";"06088";"Nice";"06";"None";"None";"06088000KL0111";"None";"None";"61";"91.5";"None";"nan";"None";"nan";"None";"None";"None";"None";"1";"2";"Appartement";"90.0";"3.0";"None";"None";"None";"None";"nan";"7.292469";"43.695879";"000KL"
"2025-46384";"2025-04-18";"1";"Vente";"85000.0";"70.0";"None";"BD CARNOT";"1145";"06300";"06088";"Nice";"06";"None";"None";"06088000KL0111";"None";"None";"22";"nan";"None";"nan";"None";"nan";"None";"None";"None";"None";"1";"2";"Appartement";"105.0";"4.0";"None";"None";"None";"None";"nan";"7.292469";"43.695879";"000KL"
"2025-47322";"2025-04-18";"1";"Vente";"595000.0";"3.0";"None";"BD FRANCK PILATTE";"2610";"06300";"06088";"Nice";"06";"None";"None";"06088000KL0177";"None";"None";"15";"nan";"None";"nan";"None";"nan";"None";"None";"None";"None";"1";"2";"Appartement";"75.0";"3.0";"None";"None";"None";"None";"nan";"7.287196";"43.694777";"000KL"
"2025-46384";"2025-04-18";"1";"Vente";"85000.0";"70.0";"None";"BD CARNOT";"1145";"06300";"06088";"Nice";"06";"None";"None";"06088000KL0111";"None";"None";"22";"nan";"None";"nan";"None";"nan";"None";"None";"None";"None";"1";"3";"Dépendance";"nan";"0.0";"None";"None";"None";"None";"nan";"7.292469";"43.695879";"000KL"
"2025-46384";"2025-04-18";"1";"Vente";"85000.0";"70.0";"None";"BD CARNOT";"1145";"06300";"06088";"Nice";"06";"None";"None";"06088000KL0111";"None";"None";"61";"91.5";"None";"nan";"None";"nan";"None";"None";"None";"None";"1";"3";"Dépendance";"nan";"0.0";"None";"None";"None";"None";"nan";"7.292469";"43.695879";"000KL"
"2025-46384";"2025-04-18";"1";"Vente";"85000.0";"70.0";"None";"BD CARNOT";"1145";"06300";"06088";"Nice";"06";"None";"None";"06088000KL0111";"None";"None";"61";"91.5";"None";"nan";"None";"nan";"None";"None";"None";"None";"1";"3";"Dépendance";"nan";"0.0";"None";"None";"None";"None";"nan";"7.292469";"43.695879";"000KL"
"2025-47322";"2025-04-18";"1";"Vente";"595000.0";"3.0";"None";"BD FRANCK PILATTE";"2610";"06300";"06088";"Nice";"06";"None";"None";"06088000KL0177";"None";"None";"15";"nan";"None";"nan";"None";"nan";"None";"None";"None";"None";"1";"3";"Dépendance";"nan";"0.0";"None";"None";"None";"None";"nan";"7.287196";"43.694777";"000KL"
"2025-46584";"2025-04-14";"1";"Vente";"90000.0";"8.0";"None";"AV JEANNE MARLIN";"3405";"06300";"06088";"Nice";"06";"None";"None";"06088000KL0033";"None";"None";"9";"nan";"None";"nan";"None";"nan";"None";"None";"None";"None";"1";"3";"Dépendance";"nan";"0.0";"None";"None";"None";"None";"nan";"7.28772";"43.695892";"000KL"
"2025-46584";"2025-04-14";"1";"Vente";"90000.0";"8.0";"None";"AV JEANNE MARLIN";"3405";"06300";"06088";"Nice";"06";"None";"None";"06088000KL0033";"None";"None";"8";"nan";"None";"nan";"None";"nan";"None";"None";"None";"None";"1";"3";"Dépendance";"nan";"0.0";"None";"None";"None";"None";"nan";"7.28772";"43.695892";"000KL"
"2025-46197";"2025-04-11";"1";"Vente";"420000.0";"6.0";"None";"AV LYMPIA";"3795";"06300";"06088";"Nice";"06";"None";"None";"06088000KL0021";"None";"None";"29";"nan";"9";"nan";"None";"nan";"None";"None";"None";"None";"2";"2";"Appartement";"56.0";"2.0";"None";"None";"None";"None";"nan";"7.288614";"43.696361";"000KL"
"2025-46197";"2025-04-11";"1";"Vente";"420000.0";"6.0";"None";"AV LYMPIA";"3795";"06300";"06088";"Nice";"06";"None";"None";"06088000KL0021";"None";"None";"29";"nan";"9";"nan";"None";"nan";"None";"None";"None";"None";"2";"3";"Dépendance";"nan";"0.0";"None";"None";"None";"None";"nan";"7.288614";"43.696361";"000KL"
"2025-46065";"2025-04-04";"1";"Vente";"840000.0";"21.0";"None";"BD FRANCK PILATTE";"2610";"06300";"06088";"Nice";"06";"None";"None";"06088000KL0162";"None";"None";"22";"nan";"55";"67.41";"None";"nan";"None";"None";"None";"None";"2";"2";"Appartement";"63.0";"2.0";"None";"None";"None";"None";"nan";"7.289346";"43.693928";"000KL"
"2025-46065";"2025-04-04";"1";"Vente";"840000.0";"21.0";"None";"BD FRANCK PILATTE";"2610";"06300";"06088";"Nice";"06";"None";"None";"06088000KL0162";"None";"None";"40";"nan";"None";"nan";"None";"nan";"None";"None";"None";"None";"1";"3";"Dépendance";"nan";"0.0";"None";"None";"None";"None";"nan";"7.289346";"43.693928";"000KL"
"2025-45544";"2025-03-31";"1";"Vente";"570000.0";"11.0";"None";"BD FRANCK PILATTE";"2610";"06300";"06088";"Nice";"06";"None";"None";"06088000KL0172";"None";"None";"278";"nan";"None";"nan";"None";"nan";"None";"None";"None";"None";"1";"2";"Appartement";"73.0";"3.0";"None";"None";"None";"None";"nan";"7.288086";"43.694638";"000KL"
"2025-46138";"2025-03-31";"1";"Vente";"304500.0";"11.0";"None";"IMP JEANNE MARLIN";"3406";"06300";"06088";"Nice";"06";"None";"None";"06088000KL0216";"None";"None";"368";"nan";"None";"nan";"None";"nan";"None";"None";"None";"None";"1";"2";"Appartement";"44.0";"2.0";"None";"None";"None";"None";"nan";"7.287399";"43.695443";"000KL"
"2025-45544";"2025-03-31";"1";"Vente";"570000.0";"11.0";"None";"BD FRANCK PILATTE";"2610";"06300";"06088";"Nice";"06";"None";"None";"06088000KL0172";"None";"None";"278";"nan";"None";"nan";"None";"nan";"None";"None";"None";"None";"1";"3";"Dépendance";"nan";"0.0";"None";"None";"None";"None";"nan";"7.288086";"43.694638";"000KL"
"2025-46138";"2025-03-31";"1";"Vente";"304500.0";"11.0";"None";"IMP JEANNE MARLIN";"3406";"06300";"06088";"Nice";"06";"None";"None";"06088000KL0216";"None";"None";"343";"nan";"None";"nan";"None";"nan";"None";"None";"None";"None";"1";"3";"Dépendance";"nan";"0.0";"None";"None";"None";"None";"nan";"7.287399";"43.695443";"000KL"
"2025-46138";"2025-03-31";"1";"Vente";"304500.0";"11.0";"None";"IMP JEANNE MARLIN";"3406";"06300";"06088";"Nice";"06";"None";"None";"06088000KL0216";"None";"None";"344";"nan";"None";"nan";"None";"nan";"None";"None";"None";"None";"1";"3";"Dépendance";"nan";"0.0";"None";"None";"None";"None";"nan";"7.287399";"43.695443";"000KL"
"2025-45561";"2025-03-28";"1";"Vente";"30000.0";"33.0";"None";"BD STALINGRAD";"6285";"06300";"06088";"Nice";"06";"None";"None";"06088000KL0015";"None";"None";"254";"nan";"None";"nan";"None";"nan";"None";"None";"None";"None";"1";"4";"Local industriel. commercial ou assimilé";"16.0";"0.0";"None";"None";"None";"None";"nan";"7.287665";"43.696738";"000KL"
"2025-45591";"2025-03-27";"1";"Vente";"369000.0";"9.0";"None";"BD FRANCK PILATTE";"2610";"06300";"06088";"Nice";"06";"None";"None";"06088000KL0172";"None";"None";"198";"37.01";"None";"nan";"None";"nan";"None";"None";"None";"None";"1";"2";"Appartement";"35.0";"1.0";"None";"None";"None";"None";"nan";"7.288086";"43.694638";"000KL"
"2025-43926";"2025-03-03";"1";"Vente";"226000.0";"43.0";"B";"BD STALINGRAD";"6285";"06300";"06088";"Nice";"06";"None";"None";"06088000KL0040";"None";"None";"68";"39.16";"None";"nan";"None";"nan";"None";"None";"None";"None";"1";"2";"Appartement";"40.0";"2.0";"None";"None";"None";"None";"nan";"7.286965";"43.69568";"000KL"
"2025-44348";"2025-02-19";"1";"Vente";"390000.0";"23.0";"None";"BD FRANCK PILATTE";"2610";"06300";"06088";"Nice";"06";"None";"None";"06088000KL0160";"None";"None";"2019";"nan";"2060";"59.75";"None";"nan";"None";"None";"None";"None";"2";"2";"Appartement";"63.0";"2.0";"None";"None";"None";"None";"nan";"7.291004";"43.693821";"000KL"
"2025-44348";"2025-02-19";"1";"Vente";"390000.0";"23.0";"None";"BD FRANCK PILATTE";"2610";"06300";"06088";"Nice";"06";"None";"None";"06088000KL0160";"None";"None";"2019";"nan";"2060";"59.75";"None";"nan";"None";"None";"None";"None";"2";"3";"Dépendance";"nan";"0.0";"None";"None";"None";"None";"nan";"7.291004";"43.693821";"000KL"
"2025-43944";"2025-02-06";"1";"Vente";"290000.0";"9.0";"None";"BD FRANCK PILATTE";"2610";"06300";"06088";"Nice";"06";"None";"None";"06088000KL0172";"None";"None";"186";"37.04";"None";"nan";"None";"nan";"None";"None";"None";"None";"1";"2";"Appartement";"37.0";"1.0";"None";"None";"None";"None";"nan";"7.288086";"43.694638";"000KL"
"2025-43347";"2025-02-04";"2";"Echange";"80000.0";"52.0";"None";"BD CARNOT";"1145";"06300";"06088";"Nice";"06";"None";"None";"06088000KL0194";"None";"None";"19";"nan";"None";"nan";"None";"nan";"None";"None";"None";"None";"1";"3";"Dépendance";"nan";"0.0";"None";"None";"None";"None";"nan";"7.290893";"43.696371";"000KL"
"2025-43347";"2025-02-04";"2";"Echange";"80000.0";"52.0";"None";"BD CARNOT";"1145";"06300";"06088";"Nice";"06";"None";"None";"06088000KL0194";"None";"None";"18";"nan";"None";"nan";"None";"nan";"None";"None";"None";"None";"1";"3";"Dépendance";"nan";"0.0";"None";"None";"None";"None";"nan";"7.290893";"43.696371";"000KL"
"2025-42981";"2025-01-31";"1";"Vente";"315000.0";"36.0";"None";"BD CARNOT";"1145";"06300";"06088";"Nice";"06";"None";"None";"06088000KL0013";"None";"None";"61";"51.85";"8";"nan";"None";"nan";"None";"None";"None";"None";"2";"2";"Appartement";"52.0";"2.0";"None";"None";"None";"None";"nan";"7.288977";"43.696813";"000KL"
"2025-43122";"2025-01-31";"1";"Vente";"248630.0";"43.0";"B";"BD STALINGRAD";"6285";"06300";"06088";"Nice";"06";"None";"None";"06088000KL0040";"None";"None";"37";"29.58";"None";"nan";"None";"nan";"None";"None";"None";"None";"1";"2";"Appartement";"33.0";"2.0";"None";"None";"None";"None";"nan";"7.286965";"43.69568";"000KL"
"2025-43767";"2025-01-31";"1";"Vente";"387000.0";"33.0";"None";"BD STALINGRAD";"6285";"06300";"06088";"Nice";"06";"None";"None";"06088000KL0015";"None";"None";"103";"nan";"19";"56.52";"None";"nan";"None";"None";"None";"None";"2";"2";"Appartement";"58.0";"3.0";"None";"None";"None";"None";"nan";"7.287665";"43.696738";"000KL"
"2025-42981";"2025-01-31";"1";"Vente";"315000.0";"36.0";"None";"BD CARNOT";"1145";"06300";"06088";"Nice";"06";"None";"None";"06088000KL0013";"None";"None";"61";"51.85";"8";"nan";"None";"nan";"None";"None";"None";"None";"2";"3";"Dépendance";"nan";"0.0";"None";"None";"None";"None";"nan";"7.288977";"43.696813";"000KL"
"2025-42981";"2025-01-31";"1";"Vente";"315000.0";"36.0";"None";"BD CARNOT";"1145";"06300";"06088";"Nice";"06";"None";"None";"06088000KL0013";"None";"None";"61";"51.85";"8";"nan";"None";"nan";"None";"None";"None";"None";"2";"3";"Dépendance";"nan";"0.0";"None";"None";"None";"None";"nan";"7.288977";"43.696813";"000KL"
"2025-43767";"2025-01-31";"1";"Vente";"387000.0";"33.0";"None";"BD STALINGRAD";"6285";"06300";"06088";"Nice";"06";"None";"None";"06088000KL0015";"None";"None";"103";"nan";"19";"56.52";"None";"nan";"None";"None";"None";"None";"2";"3";"Dépendance";"nan";"0.0";"None";"None";"None";"None";"nan";"7.287665";"43.696738";"000KL"
"2025-42694";"2025-01-23";"1";"Vente";"64800.0";"23.0";"None";"BD FRANCK PILATTE";"2610";"06300";"06088";"Nice";"06";"None";"None";"06088000KL0160";"None";"None";"3085";"nan";"None";"nan";"None";"nan";"None";"None";"None";"None";"1";"3";"Dépendance";"nan";"0.0";"None";"None";"None";"None";"nan";"7.291004";"43.693821";"000KL"
"2025-47028";"2025-01-13";"1";"Vente";"251620.0";"11.0";"None";"IMP JEANNE MARLIN";"3406";"06300";"06088";"Nice";"06";"None";"None";"06088000KL0216";"None";"None";"397";"nan";"None";"nan";"None";"nan";"None";"None";"None";"None";"1";"2";"Appartement";"39.0";"2.0";"None";"None";"None";"None";"nan";"7.287399";"43.695443";"000KL"
"2025-42517";"2025-01-13";"1";"Vente";"100000.0";"11.0";"None";"IMP JEANNE MARLIN";"3406";"06300";"06088";"Nice";"06";"None";"None";"06088000KL0216";"None";"None";"296";"nan";"None";"nan";"None";"nan";"None";"None";"None";"None";"1";"3";"Dépendance";"nan";"0.0";"None";"None";"None";"None";"nan";"7.287399";"43.695443";"000KL"
"2025-42517";"2025-01-13";"1";"Vente";"100000.0";"11.0";"None";"IMP JEANNE MARLIN";"3406";"06300";"06088";"Nice";"06";"None";"None";"06088000KL0216";"None";"None";"295";"nan";"None";"nan";"None";"nan";"None";"None";"None";"None";"1";"3";"Dépendance";"nan";"0.0";"None";"None";"None";"None";"nan";"7.287399";"43.695443";"000KL"
"2025-42656";"2025-01-13";"1";"Vente";"40000.0";"15.0";"None";"AV LYMPIA";"3795";"06300";"06088";"Nice";"06";"None";"None";"06088000KL0044";"None";"None";"129";"nan";"None";"nan";"None";"nan";"None";"None";"None";"None";"1";"3";"Dépendance";"nan";"0.0";"None";"None";"None";"None";"nan";"7.288581";"43.695365";"000KL"
"2025-42656";"2025-01-13";"1";"Vente";"40000.0";"15.0";"None";"AV LYMPIA";"3795";"06300";"06088";"Nice";"06";"None";"None";"06088000KL0044";"None";"None";"128";"nan";"None";"nan";"None";"nan";"None";"None";"None";"None";"1";"3";"Dépendance";"nan";"0.0";"None";"None";"None";"None";"nan";"7.288581";"43.695365";"000KL"
"2025-42182";"2025-01-10";"1";"Vente";"810000.0";"23.0";"None";"BD FRANCK PILATTE";"2610";"06300";"06088";"Nice";"06";"None";"None";"06088000KL0160";"None";"None";"1019";"nan";"1122";"nan";"None";"nan";"None";"None";"None";"None";"2";"2";"Appartement";"79.0";"3.0";"None";"None";"None";"None";"nan";"7.291004";"43.693821";"000KL"
"2025-42528";"2025-01-10";"1";"Vente";"994159.0";"9015.0";"None";"AV LYMPIA";"3795";"06300";"06088";"Nice";"06";"None";"None";"06088000KL0047";"None";"None";"5";"115.03";"None";"nan";"None";"nan";"None";"None";"None";"None";"1";"2";"Appartement";"137.0";"5.0";"None";"None";"None";"None";"nan";"7.288483";"43.695668";"000KL"
"2025-42182";"2025-01-10";"1";"Vente";"810000.0";"23.0";"None";"BD FRANCK PILATTE";"2610";"06300";"06088";"Nice";"06";"None";"None";"06088000KL0160";"None";"None";"3132";"nan";"None";"nan";"None";"nan";"None";"None";"None";"None";"1";"3";"Dépendance";"nan";"0.0";"None";"None";"None";"None";"nan";"7.291004";"43.693821";"000KL"
"2025-42182";"2025-01-10";"1";"Vente";"810000.0";"23.0";"None";"BD FRANCK PILATTE";"2610";"06300";"06088";"Nice";"06";"None";"None";"06088000KL0160";"None";"None";"1019";"nan";"1122";"nan";"None";"nan";"None";"None";"None";"None";"2";"3";"Dépendance";"nan";"0.0";"None";"None";"None";"None";"nan";"7.291004";"43.693821";"000KL"
"2025-42464";"2025-01-10";"1";"Vente";"100000.0";"11.0";"None";"IMP JEANNE MARLIN";"3406";"06300";"06088";"Nice";"06";"None";"None";"06088000KL0216";"None";"None";"310";"nan";"None";"nan";"None";"nan";"None";"None";"None";"None";"1";"3";"Dépendance";"nan";"0.0";"None";"None";"None";"None";"nan";"7.287399";"43.695443";"000KL"
"2025-42464";"2025-01-10";"1";"Vente";"100000.0";"11.0";"None";"IMP JEANNE MARLIN";"3406";"06300";"06088";"Nice";"06";"None";"None";"06088000KL0216";"None";"None";"311";"nan";"None";"nan";"None";"nan";"None";"None";"None";"None";"1";"3";"Dépendance";"nan";"0.0";"None";"None";"None";"None";"nan";"7.287399";"43.695443";"000KL"
"2025-42528";"2025-01-10";"1";"Vente";"994159.0";"14.0";"None";"AV LYMPIA";"3795";"06300";"06088";"Nice";"06";"None";"None";"06088000KL0043";"None";"None";"40";"nan";"None";"nan";"None";"nan";"None";"None";"None";"None";"1";"3";"Dépendance";"nan";"0.0";"None";"None";"None";"None";"nan";"7.287886";"43.695375";"000KL"
"2025-42636";"2025-01-09";"1";"Vente";"511845.0";"23.0";"None";"BD FRANCK PILATTE";"2610";"06300";"06088";"Nice";"06";"None";"None";"06088000KL0160";"None";"None";"2035";"nan";"2082";"59.21";"None";"nan";"None";"None";"None";"None";"2";"2";"Appartement";"63.0";"2.0";"None";"None";"None";"None";"nan";"7.291004";"43.693821";"000KL"
"2025-42636";"2025-01-09";"1";"Vente";"511845.0";"23.0";"None";"BD FRANCK PILATTE";"2610";"06300";"06088";"Nice";"06";"None";"None";"06088000KL0160";"None";"None";"2035";"nan";"2082";"59.21";"None";"nan";"None";"None";"None";"None";"2";"3";"Dépendance";"nan";"0.0";"None";"None";"None";"None";"nan";"7.291004";"43.693821";"000KL"
"2025-42540";"2025-01-06";"1";"Vente";"35000.0";"21.0";"None";"AV GUSTAVIN";"3140";"06300";"06088";"Nice";"06";"None";"None";"06088000KL0070";"None";"None";"11";"nan";"None";"nan";"None";"nan";"None";"None";"None";"None";"1";"3";"Dépendance";"nan";"0.0";"None";"None";"None";"None";"nan";"7.29066";"43.69488";"000KL"
"2024-54323";"2024-12-27";"1";"Vente";"432500.0";"23.0";"None";"BD FRANCK PILATTE";"2610";"06300";"06088";"Nice";"06";"None";"None";"06088000KL0160";"None";"None";"2039";"nan";"2089";"59.72";"None";"nan";"None";"None";"None";"None";"2";"2";"Appartement";"60.0";"2.0";"None";"None";"None";"None";"nan";"7.291004";"43.693821";"000KL"
"2024-54323";"2024-12-27";"1";"Vente";"432500.0";"23.0";"None";"BD FRANCK PILATTE";"2610";"06300";"06088";"Nice";"06";"None";"None";"06088000KL0160";"None";"None";"2039";"nan";"2089";"59.72";"None";"nan";"None";"None";"None";"None";"2";"3";"Dépendance";"nan";"0.0";"None";"None";"None";"None";"nan";"7.291004";"43.693821";"000KL"
"2024-54312";"2024-12-23";"1";"Vente";"500000.0";"14.0";"None";"AV LYMPIA";"3795";"06300";"06088";"Nice";"06";"None";"None";"06088000KL0043";"None";"None";"28";"43.41";"4";"nan";"None";"nan";"None";"None";"None";"None";"2";"2";"Appartement";"42.0";"2.0";"None";"None";"None";"None";"nan";"7.287886";"43.695375";"000KL"
"2024-54258";"2024-12-23";"1";"Vente";"60000.0";"6.0";"None";"AV ALFRED LEROUX";"0120";"06300";"06088";"Nice";"06";"None";"None";"06088000KL0092";"None";"None";"123";"nan";"None";"nan";"None";"nan";"None";"None";"None";"None";"1";"3";"Dépendance";"nan";"0.0";"None";"None";"None";"None";"nan";"7.290281";"43.695632";"000KL"
"2024-54572";"2024-12-20";"1";"Vente";"510000.0";"23.0";"None";"BD FRANCK PILATTE";"2610";"06300";"06088";"Nice";"06";"None";"None";"06088000KL0160";"None";"None";"217";"nan";"220";"nan";"308";"83.51";"None";"None";"None";"None";"3";"2";"Appartement";"87.0";"3.0";"None";"None";"None";"None";"nan";"7.291004";"43.693821";"000KL"
"2024-54444";"2024-12-20";"1";"Vente";"40000.0";"51.0";"None";"BD STALINGRAD";"6285";"06300";"06088";"Nice";"06";"None";"None";"06088000KL0182";"None";"None";"125";"7.0";"None";"nan";"None";"nan";"None";"None";"None";"None";"1";"3";"Dépendance";"nan";"0.0";"None";"None";"None";"None";"nan";"7.286808";"43.694933";"000KL"
"2024-54476";"2024-12-19";"1";"Vente";"242000.0";"39.0";"B";"BD STALINGRAD";"6285";"06300";"06088";"Nice";"06";"None";"None";"06088000KL0018";"None";"None";"35";"nan";"93";"nan";"None";"nan";"None";"None";"None";"None";"2";"2";"Appartement";"42.0";"2.0";"None";"None";"None";"None";"nan";"7.287295";"43.696354";"000KL"
"2024-54476";"2024-12-19";"1";"Vente";"242000.0";"39.0";"B";"BD STALINGRAD";"6285";"06300";"06088";"Nice";"06";"None";"None";"06088000KL0018";"None";"None";"115";"nan";"None";"nan";"None";"nan";"None";"None";"None";"None";"1";"3";"Dépendance";"nan";"0.0";"None";"None";"None";"None";"nan";"7.287295";"43.696354";"000KL"
"2024-54476";"2024-12-19";"1";"Vente";"242000.0";"39.0";"B";"BD STALINGRAD";"6285";"06300";"06088";"Nice";"06";"None";"None";"06088000KL0018";"None";"None";"35";"nan";"93";"nan";"None";"nan";"None";"None";"None";"None";"2";"3";"Dépendance";"nan";"0.0";"None";"None";"None";"None";"nan";"7.287295";"43.696354";"000KL"
"2024-54346";"2024-12-17";"1";"Vente";"345500.0";"45.0";"None";"BD STALINGRAD";"6285";"06300";"06088";"Nice";"06";"None";"None";"06088000KL0041";"None";"None";"105";"nan";"50";"57.59";"None";"nan";"None";"None";"None";"None";"2";"2";"Appartement";"65.0";"3.0";"None";"None";"None";"None";"nan";"7.286946";"43.695496";"000KL"
"2024-54346";"2024-12-17";"1";"Vente";"345500.0";"45.0";"None";"BD STALINGRAD";"6285";"06300";"06088";"Nice";"06";"None";"None";"06088000KL0041";"None";"None";"105";"nan";"50";"57.59";"None";"nan";"None";"None";"None";"None";"2";"3";"Dépendance";"nan";"0.0";"None";"None";"None";"None";"nan";"7.286946";"43.695496";"000KL"
"2024-53845";"2024-12-13";"1";"Vente";"304900.0";"45.0";"None";"BD STALINGRAD";"6285";"06300";"06088";"Nice";"06";"None";"None";"06088000KL0041";"None";"None";"121";"nan";"17";"45.32";"None";"nan";"None";"None";"None";"None";"2";"2";"Appartement";"45.0";"3.0";"None";"None";"None";"None";"nan";"7.286946";"43.695496";"000KL"
"2024-53845";"2024-12-13";"1";"Vente";"304900.0";"45.0";"None";"BD STALINGRAD";"6285";"06300";"06088";"Nice";"06";"None";"None";"06088000KL0041";"None";"None";"121";"nan";"17";"45.32";"None";"nan";"None";"None";"None";"None";"2";"3";"Dépendance";"nan";"0.0";"None";"None";"None";"None";"nan";"7.286946";"43.695496";"000KL"
"2024-53591";"2024-12-12";"1";"Vente";"275000.0";"9.0";"None";"BD FRANCK PILATTE";"2610";"06300";"06088";"Nice";"06";"None";"None";"06088000KL0172";"None";"None";"198";"37.01";"None";"nan";"None";"nan";"None";"None";"None";"None";"1";"2";"Appartement";"35.0";"1.0";"None";"None";"None";"None";"nan";"7.288086";"43.694638";"000KL"
"2024-53733";"2024-12-11";"1";"Vente";"260000.0";"23.0";"None";"BD FRANCK PILATTE";"2610";"06300";"06088";"Nice";"06";"None";"None";"06088000KL0160";"None";"None";"250";"nan";"351";"31.77";"None";"nan";"None";"None";"None";"None";"2";"2";"Appartement";"33.0";"1.0";"None";"None";"None";"None";"nan";"7.291004";"43.693821";"000KL"
"2024-53733";"2024-12-11";"1";"Vente";"260000.0";"23.0";"None";"BD FRANCK PILATTE";"2610";"06300";"06088";"Nice";"06";"None";"None";"06088000KL0160";"None";"None";"250";"nan";"351";"31.77";"None";"nan";"None";"None";"None";"None";"2";"3";"Dépendance";"nan";"0.0";"None";"None";"None";"None";"nan";"7.291004";"43.693821";"000KL"
"2024-52898";"2024-11-28";"1";"Vente";"240000.0";"23.0";"None";"BD FRANCK PILATTE";"2610";"06300";"06088";"Nice";"06";"None";"None";"06088000KL0160";"None";"None";"1112";"nan";"None";"nan";"None";"nan";"None";"None";"None";"None";"1";"2";"Appartement";"32.0";"1.0";"None";"None";"None";"None";"nan";"7.291004";"43.693821";"000KL"
"2024-52959";"2024-11-25";"1";"Vente";"22500.0";"13.0";"None";"BD FRANCK PILATTE";"2610";"06300";"06088";"Nice";"06";"None";"None";"06088000KL0172";"None";"None";"698";"nan";"None";"nan";"None";"nan";"None";"None";"None";"None";"1";"3";"Dépendance";"nan";"0.0";"None";"None";"None";"None";"nan";"7.288086";"43.694638";"000KL"
"2024-53088";"2024-11-21";"1";"Vente";"536000.0";"7.0";"None";"BD FRANCK PILATTE";"2610";"06300";"06088";"Nice";"06";"None";"None";"06088000KL0172";"None";"None";"10";"67.13";"None";"nan";"None";"nan";"None";"None";"None";"None";"1";"2";"Appartement";"65.0";"3.0";"None";"None";"None";"None";"nan";"7.288086";"43.694638";"000KL"
"2024-53101";"2024-11-21";"1";"Vente";"190000.0";"6.0";"None";"AV LYMPIA";"3795";"06300";"06088";"Nice";"06";"None";"None";"06088000KL0021";"None";"None";"18";"nan";"38";"nan";"None";"nan";"None";"None";"None";"None";"2";"2";"Appartement";"23.0";"1.0";"None";"None";"None";"None";"nan";"7.288614";"43.696361";"000KL"
"2024-53101";"2024-11-21";"1";"Vente";"190000.0";"6.0";"None";"AV LYMPIA";"3795";"06300";"06088";"Nice";"06";"None";"None";"06088000KL0021";"None";"None";"18";"nan";"38";"nan";"None";"nan";"None";"None";"None";"None";"2";"3";"Dépendance";"nan";"0.0";"None";"None";"None";"None";"nan";"7.288614";"43.696361";"000KL"
"2024-52677";"2024-11-20";"1";"Vente";"155000.0";"52.0";"None";"BD CARNOT";"1145";"06300";"06088";"Nice";"06";"None";"None";"06088000KL0194";"None";"None";"77";"24.11";"None";"nan";"None";"nan";"None";"None";"None";"None";"1";"2";"Appartement";"24.0";"1.0";"None";"None";"None";"None";"nan";"7.290893";"43.696371";"000KL"
"2024-53587";"2024-11-20";"1";"Vente";"252500.0";"9.0";"None";"BD FRANCK PILATTE";"2610";"06300";"06088";"Nice";"06";"None";"None";"06088000KL0172";"None";"None";"188";"nan";"None";"nan";"None";"nan";"None";"None";"None";"None";"1";"2";"Appartement";"34.0";"1.0";"None";"None";"None";"None";"nan";"7.288086";"43.694638";"000KL"
"2024-52476";"2024-11-18";"1";"Vente";"858000.0";"23.0";"None";"BD FRANCK PILATTE";"2610";"06300";"06088";"Nice";"06";"None";"None";"06088000KL0160";"None";"None";"541";"nan";"572";"nan";"None";"nan";"None";"None";"None";"None";"2";"2";"Appartement";"110.0";"4.0";"None";"None";"None";"None";"nan";"7.291004";"43.693821";"000KL"
"2024-52794";"2024-11-18";"1";"Vente";"690000.0";"10.0";"None";"AV GUSTAVIN";"3140";"06300";"06088";"Nice";"06";"None";"None";"06088000KL0091";"None";"None";"14";"91.01";"7";"nan";"8";"nan";"None";"None";"None";"None";"3";"2";"Appartement";"82.0";"4.0";"None";"None";"None";"None";"nan";"7.290188";"43.695731";"000KL"
"2024-52476";"2024-11-18";"1";"Vente";"858000.0";"23.0";"None";"BD FRANCK PILATTE";"2610";"06300";"06088";"Nice";"06";"None";"None";"06088000KL0160";"None";"None";"3115";"nan";"None";"nan";"None";"nan";"None";"None";"None";"None";"1";"3";"Dépendance";"nan";"0.0";"None";"None";"None";"None";"nan";"7.291004";"43.693821";"000KL"
"2024-52476";"2024-11-18";"1";"Vente";"858000.0";"23.0";"None";"BD FRANCK PILATTE";"2610";"06300";"06088";"Nice";"06";"None";"None";"06088000KL0160";"None";"None";"541";"nan";"572";"nan";"None";"nan";"None";"None";"None";"None";"2";"3";"Dépendance";"nan";"0.0";"None";"None";"None";"None";"nan";"7.291004";"43.693821";"000KL"
"2024-52794";"2024-11-18";"1";"Vente";"690000.0";"10.0";"None";"AV GUSTAVIN";"3140";"06300";"06088";"Nice";"06";"None";"None";"06088000KL0091";"None";"None";"14";"91.01";"7";"nan";"8";"nan";"None";"None";"None";"None";"3";"3";"Dépendance";"nan";"0.0";"None";"None";"None";"None";"nan";"7.290188";"43.695731";"000KL"
"2024-52078";"2024-11-04";"1";"Vente";"838900.0";"23.0";"None";"BD FRANCK PILATTE";"2610";"06300";"06088";"Nice";"06";"None";"None";"06088000KL0160";"None";"None";"253";"nan";"340";"nan";"None";"nan";"None";"None";"None";"None";"2";"2";"Appartement";"91.0";"3.0";"None";"None";"None";"None";"nan";"7.291004";"43.693821";"000KL"
"2024-52382";"2024-11-04";"1";"Vente";"115200.0";"7.0";"B";"BD FRANCK PILATTE";"2610";"06300";"06088";"Nice";"06";"None";"None";"06088000KL0172";"None";"None";"85";"30.15";"None";"nan";"None";"nan";"None";"None";"None";"None";"1";"2";"Appartement";"29.0";"1.0";"None";"None";"None";"None";"nan";"7.288086";"43.694638";"000KL"
"2024-52078";"2024-11-04";"1";"Vente";"838900.0";"23.0";"None";"BD FRANCK PILATTE";"2610";"06300";"06088";"Nice";"06";"None";"None";"06088000KL0160";"None";"None";"253";"nan";"340";"nan";"None";"nan";"None";"None";"None";"None";"2";"3";"Dépendance";"nan";"0.0";"None";"None";"None";"None";"nan";"7.291004";"43.693821";"000KL"
"2024-51882";"2024-10-28";"1";"Vente";"114000.0";"46.0";"None";"BD CARNOT";"1145";"06300";"06088";"Nice";"06";"None";"None";"06088000KL0058";"None";"None";"36";"17.01";"None";"nan";"None";"nan";"None";"None";"None";"None";"1";"2";"Appartement";"17.0";"1.0";"None";"None";"None";"None";"nan";"7.290121";"43.696525";"000KL"
"2024-52031";"2024-10-23";"1";"Vente";"304000.0";"33.0";"None";"BD STALINGRAD";"6285";"06300";"06088";"Nice";"06";"None";"None";"06088000KL0015";"None";"None";"117";"nan";"16";"nan";"None";"nan";"None";"None";"None";"None";"2";"2";"Appartement";"71.0";"4.0";"None";"None";"None";"None";"nan";"7.287665";"43.696738";"000KL"
"2024-52031";"2024-10-23";"1";"Vente";"304000.0";"33.0";"None";"BD STALINGRAD";"6285";"06300";"06088";"Nice";"06";"None";"None";"06088000KL0015";"None";"None";"117";"nan";"16";"nan";"None";"nan";"None";"None";"None";"None";"2";"3";"Dépendance";"nan";"0.0";"None";"None";"None";"None";"nan";"7.287665";"43.696738";"000KL"
"2024-52130";"2024-10-18";"1";"Vente";"625000.0";"23.0";"None";"BD FRANCK PILATTE";"2610";"06300";"06088";"Nice";"06";"None";"None";"06088000KL0160";"None";"None";"2012";"nan";"2081";"nan";"None";"nan";"None";"None";"None";"None";"2";"2";"Appartement";"91.0";"3.0";"None";"None";"None";"None";"nan";"7.291004";"43.693821";"000KL"
"2024-51676";"2024-10-18";"1";"Vente";"65000.0";"55.0";"None";"BD STALINGRAD";"6285";"06300";"06088";"Nice";"06";"None";"None";"06088000KL0176";"None";"None";"18";"nan";"None";"nan";"None";"nan";"None";"None";"None";"None";"1";"3";"Dépendance";"nan";"0.0";"None";"None";"None";"None";"nan";"7.286852";"43.6947";"000KL"
"2024-52130";"2024-10-18";"1";"Vente";"625000.0";"23.0";"None";"BD FRANCK PILATTE";"2610";"06300";"06088";"Nice";"06";"None";"None";"06088000KL0160";"None";"None";"3026";"nan";"None";"nan";"None";"nan";"None";"None";"None";"None";"1";"3";"Dépendance";"nan";"0.0";"None";"None";"None";"None";"nan";"7.291004";"43.693821";"000KL"
"2024-51229";"2024-10-15";"1";"Vente";"174000.0";"43.0";"B";"BD STALINGRAD";"6285";"06300";"06088";"Nice";"06";"None";"None";"06088000KL0040";"None";"None";"77";"36.41";"None";"nan";"None";"nan";"None";"None";"None";"None";"1";"2";"Appartement";"36.0";"2.0";"None";"None";"None";"None";"nan";"7.286965";"43.69568";"000KL"
"2024-51038";"2024-10-07";"1";"Vente";"290500.0";"19.0";"None";"BD STALINGRAD";"6285";"06300";"06088";"Nice";"06";"None";"None";"06088000KL0005";"None";"None";"16";"61.05";"2";"nan";"None";"nan";"None";"None";"None";"None";"2";"2";"Appartement";"54.0";"3.0";"None";"None";"None";"None";"nan";"7.287436";"43.697955";"000KL"
"2024-51038";"2024-10-07";"1";"Vente";"290500.0";"19.0";"None";"BD STALINGRAD";"6285";"06300";"06088";"Nice";"06";"None";"None";"06088000KL0005";"None";"None";"16";"61.05";"2";"nan";"None";"nan";"None";"None";"None";"None";"2";"3";"Dépendance";"nan";"0.0";"None";"None";"None";"None";"nan";"7.287436";"43.697955";"000KL"
"2024-50669";"2024-09-30";"1";"Vente";"115000.0";"9007.0";"None";"AV LYMPIA";"3795";"06300";"06088";"Nice";"06";"None";"None";"06088000KL0059";"None";"None";"13";"nan";"27";"23.59";"None";"nan";"None";"None";"None";"None";"2";"2";"Appartement";"23.0";"1.0";"None";"None";"None";"None";"nan";"7.289922";"43.696094";"000KL"
"2024-50559";"2024-09-23";"1";"Vente";"305000.0";"39.0";"B";"BD STALINGRAD";"6285";"06300";"06088";"Nice";"06";"None";"None";"06088000KL0018";"None";"None";"31";"nan";"61";"nan";"None";"nan";"None";"None";"None";"None";"2";"2";"Appartement";"52.0";"3.0";"None";"None";"None";"None";"nan";"7.287295";"43.696354";"000KL"
"2024-50559";"2024-09-23";"1";"Vente";"305000.0";"39.0";"B";"BD STALINGRAD";"6285";"06300";"06088";"Nice";"06";"None";"None";"06088000KL0018";"None";"None";"31";"nan";"61";"nan";"None";"nan";"None";"None";"None";"None";"2";"3";"Dépendance";"nan";"0.0";"None";"None";"None";"None";"nan";"7.287295";"43.696354";"000KL"
"2024-49645";"2024-09-17";"1";"Vente";"220000.0";"52.0";"None";"BD CARNOT";"1145";"06300";"06088";"Nice";"06";"None";"None";"06088000KL0194";"None";"None";"76";"25.13";"None";"nan";"None";"nan";"None";"None";"None";"None";"1";"2";"Appartement";"25.0";"1.0";"None";"None";"None";"None";"nan";"7.290893";"43.696371";"000KL"
"2024-50451";"2024-09-17";"1";"Vente";"695000.0";"23.0";"None";"BD FRANCK PILATTE";"2610";"06300";"06088";"Nice";"06";"None";"None";"06088000KL0160";"None";"None";"1004";"nan";"1106";"55.89";"None";"nan";"None";"None";"None";"None";"2";"2";"Appartement";"58.0";"2.0";"None";"None";"None";"None";"nan";"7.291004";"43.693821";"000KL"
"2024-50451";"2024-09-17";"1";"Vente";"695000.0";"23.0";"None";"BD FRANCK PILATTE";"2610";"06300";"06088";"Nice";"06";"None";"None";"06088000KL0160";"None";"None";"1067";"nan";"None";"nan";"None";"nan";"None";"None";"None";"None";"1";"3";"Dépendance";"nan";"0.0";"None";"None";"None";"None";"nan";"7.291004";"43.693821";"000KL"
"2024-50451";"2024-09-17";"1";"Vente";"695000.0";"23.0";"None";"BD FRANCK PILATTE";"2610";"06300";"06088";"Nice";"06";"None";"None";"06088000KL0160";"None";"None";"1004";"nan";"1106";"55.89";"None";"nan";"None";"None";"None";"None";"2";"3";"Dépendance";"nan";"0.0";"None";"None";"None";"None";"nan";"7.291004";"43.693821";"000KL"
"2024-49708";"2024-09-16";"1";"Vente";"895500.0";"8.0";"None";"MTE COMMANDANT OCTOBON";"1634";"06300";"06088";"Nice";"06";"None";"None";"06088000KL0178";"None";"None";"3";"nan";"None";"nan";"None";"nan";"None";"None";"None";"None";"1";"2";"Appartement";"40.0";"2.0";"None";"None";"None";"None";"nan";"7.287403";"43.694976";"000KL"
"2024-49708";"2024-09-16";"1";"Vente";"895500.0";"8.0";"None";"MTE COMMANDANT OCTOBON";"1634";"06300";"06088";"Nice";"06";"None";"None";"06088000KL0178";"None";"None";"2";"nan";"None";"nan";"None";"nan";"None";"None";"None";"None";"1";"2";"Appartement";"31.0";"1.0";"None";"None";"None";"None";"nan";"7.287403";"43.694976";"000KL"
"2024-49708";"2024-09-16";"1";"Vente";"895500.0";"8.0";"None";"MTE COMMANDANT OCTOBON";"1634";"06300";"06088";"Nice";"06";"None";"None";"06088000KL0178";"None";"None";"1";"nan";"None";"nan";"None";"nan";"None";"None";"None";"None";"1";"2";"Appartement";"40.0";"1.0";"None";"None";"None";"None";"nan";"7.287403";"43.694976";"000KL"
"2024-49708";"2024-09-16";"1";"Vente";"895500.0";"8.0";"None";"MTE COMMANDANT OCTOBON";"1634";"06300";"06088";"Nice";"06";"None";"None";"06088000KL0178";"None";"None";"3";"nan";"None";"nan";"None";"nan";"None";"None";"None";"None";"1";"3";"Dépendance";"nan";"0.0";"None";"None";"None";"None";"nan";"7.287403";"43.694976";"000KL"
"2024-49708";"2024-09-16";"1";"Vente";"895500.0";"8.0";"None";"MTE COMMANDANT OCTOBON";"1634";"06300";"06088";"Nice";"06";"None";"None";"06088000KL0178";"None";"None";"2";"nan";"None";"nan";"None";"nan";"None";"None";"None";"None";"1";"3";"Dépendance";"nan";"0.0";"None";"None";"None";"None";"nan";"7.287403";"43.694976";"000KL"
"2024-49798";"2024-09-11";"1";"Vente";"335000.0";"15.0";"None";"AV LYMPIA";"3795";"06300";"06088";"Nice";"06";"None";"None";"06088000KL0044";"None";"None";"76";"61.81";"None";"nan";"None";"nan";"None";"None";"None";"None";"1";"2";"Appartement";"40.0";"1.0";"None";"None";"None";"None";"nan";"7.288581";"43.695365";"000KL"
"2024-49798";"2024-09-11";"1";"Vente";"335000.0";"15.0";"None";"AV LYMPIA";"3795";"06300";"06088";"Nice";"06";"None";"None";"06088000KL0044";"None";"None";"76";"61.81";"None";"nan";"None";"nan";"None";"None";"None";"None";"1";"3";"Dépendance";"nan";"0.0";"None";"None";"None";"None";"nan";"7.288581";"43.695365";"000KL"
"2024-49798";"2024-09-11";"1";"Vente";"335000.0";"15.0";"None";"AV LYMPIA";"3795";"06300";"06088";"Nice";"06";"None";"None";"06088000KL0044";"None";"None";"49";"nan";"None";"nan";"None";"nan";"None";"None";"None";"None";"1";"3";"Dépendance";"nan";"0.0";"None";"None";"None";"None";"nan";"7.288581";"43.695365";"000KL"
"2024-48971";"2024-08-29";"1";"Vente";"417600.0";"11.0";"B";"BD FRANCK PILATTE";"2610";"06300";"06088";"Nice";"06";"None";"None";"06088000KL0172";"None";"None";"345";"33.52";"None";"nan";"None";"nan";"None";"None";"None";"None";"1";"2";"Appartement";"35.0";"1.0";"None";"None";"None";"None";"nan";"7.288086";"43.694638";"000KL"
"2024-48917";"2024-08-27";"1";"Vente";"273000.0";"33.0";"None";"BD STALINGRAD";"6285";"06300";"06088";"Nice";"06";"None";"None";"06088000KL0015";"None";"None";"163";"nan";"None";"nan";"None";"nan";"None";"None";"None";"None";"1";"2";"Appartement";"55.0";"3.0";"None";"None";"None";"None";"nan";"7.287665";"43.696738";"000KL"
"2024-48917";"2024-08-27";"1";"Vente";"273000.0";"33.0";"None";"BD STALINGRAD";"6285";"06300";"06088";"Nice";"06";"None";"None";"06088000KL0015";"None";"None";"163";"nan";"None";"nan";"None";"nan";"None";"None";"None";"None";"1";"3";"Dépendance";"nan";"0.0";"None";"None";"None";"None";"nan";"7.287665";"43.696738";"000KL"
"2024-48941";"2024-08-23";"1";"Vente";"193000.0";"6.0";"None";"AV JEANNE MARLIN";"3405";"06300";"06088";"Nice";"06";"None";"None";"06088000KL0035";"None";"None";"5";"26.85";"None";"nan";"None";"nan";"None";"None";"None";"None";"1";"2";"Appartement";"41.0";"1.0";"None";"None";"None";"None";"nan";"7.287479";"43.695947";"000KL"
"2024-48439";"2024-08-09";"1";"Vente";"379057.0";"11.0";"None";"IMP JEANNE MARLIN";"3406";"06300";"06088";"Nice";"06";"None";"None";"06088000KL0216";"None";"None";"421";"nan";"None";"nan";"None";"nan";"None";"None";"None";"None";"1";"2";"Appartement";"39.0";"2.0";"None";"None";"None";"None";"nan";"7.287399";"43.695443";"000KL"
"2024-48633";"2024-08-09";"1";"Vente";"1100000.0";"23.0";"None";"BD FRANCK PILATTE";"2610";"06300";"06088";"Nice";"06";"None";"None";"06088000KL0160";"None";"None";"1089";"nan";"1155";"81.66";"None";"nan";"None";"None";"None";"None";"2";"2";"Appartement";"84.0";"3.0";"None";"None";"None";"None";"nan";"7.291004";"43.693821";"000KL"
"2024-48439";"2024-08-09";"1";"Vente";"379057.0";"11.0";"None";"IMP JEANNE MARLIN";"3406";"06300";"06088";"Nice";"06";"None";"None";"06088000KL0216";"None";"None";"421";"nan";"None";"nan";"None";"nan";"None";"None";"None";"None";"1";"3";"Dépendance";"nan";"0.0";"None";"None";"None";"None";"nan";"7.287399";"43.695443";"000KL"
"2024-48633";"2024-08-09";"1";"Vente";"1100000.0";"23.0";"None";"BD FRANCK PILATTE";"2610";"06300";"06088";"Nice";"06";"None";"None";"06088000KL0160";"None";"None";"1089";"nan";"1155";"81.66";"None";"nan";"None";"None";"None";"None";"2";"3";"Dépendance";"nan";"0.0";"None";"None";"None";"None";"nan";"7.291004";"43.693821";"000KL"
"2024-48633";"2024-08-09";"1";"Vente";"1100000.0";"23.0";"None";"BD FRANCK PILATTE";"2610";"06300";"06088";"Nice";"06";"None";"None";"06088000KL0160";"None";"None";"1092";"nan";"None";"nan";"None";"nan";"None";"None";"None";"None";"1";"3";"Dépendance";"nan";"0.0";"None";"None";"None";"None";"nan";"7.291004";"43.693821";"000KL"
"2024-48633";"2024-08-09";"1";"Vente";"1100000.0";"23.0";"None";"BD FRANCK PILATTE";"2610";"06300";"06088";"Nice";"06";"None";"None";"06088000KL0160";"None";"None";"1085";"nan";"None";"nan";"None";"nan";"None";"None";"None";"None";"1";"3";"Dépendance";"nan";"0.0";"None";"None";"None";"None";"nan";"7.291004";"43.693821";"000KL"
"2024-48436";"2024-08-08";"1";"Vente";"300000.0";"9003.0";"None";"AV JEANNE MARLIN";"3405";"06300";"06088";"Nice";"06";"None";"None";"06088000KL0024";"None";"None";"11";"nan";"6";"nan";"None";"nan";"None";"None";"None";"None";"2";"2";"Appartement";"40.0";"2.0";"None";"None";"None";"None";"nan";"7.288371";"43.696011";"000KL"
"2024-48436";"2024-08-08";"1";"Vente";"300000.0";"9003.0";"None";"AV JEANNE MARLIN";"3405";"06300";"06088";"Nice";"06";"None";"None";"06088000KL0024";"None";"None";"11";"nan";"6";"nan";"None";"nan";"None";"None";"None";"None";"2";"3";"Dépendance";"nan";"0.0";"None";"None";"None";"None";"nan";"7.288371";"43.696011";"000KL"
"2024-48436";"2024-08-08";"1";"Vente";"300000.0";"9003.0";"None";"AV JEANNE MARLIN";"3405";"06300";"06088";"Nice";"06";"None";"None";"06088000KL0024";"None";"None";"11";"nan";"6";"nan";"None";"nan";"None";"None";"None";"None";"2";"3";"Dépendance";"nan";"0.0";"None";"None";"None";"None";"nan";"7.288371";"43.696011";"000KL"
"2024-47908";"2024-08-01";"1";"Vente";"18000.0";"19.0";"B";"BD FRANCK PILATTE";"2610";"06300";"06088";"Nice";"06";"None";"None";"06088000KL0163";"None";"None";"239";"nan";"None";"nan";"None";"nan";"None";"None";"None";"None";"1";"3";"Dépendance";"nan";"0.0";"None";"None";"None";"None";"nan";"7.289135";"43.694399";"000KL"
"2024-47840";"2024-07-31";"1";"Vente";"940000.0";"23.0";"None";"BD FRANCK PILATTE";"2610";"06300";"06088";"Nice";"06";"None";"None";"06088000KL0160";"None";"None";"283";"nan";"346";"100.82";"None";"nan";"None";"None";"None";"None";"2";"2";"Appartement";"109.0";"4.0";"None";"None";"None";"None";"nan";"7.291004";"43.693821";"000KL"
"2024-47840";"2024-07-31";"1";"Vente";"940000.0";"23.0";"None";"BD FRANCK PILATTE";"2610";"06300";"06088";"Nice";"06";"None";"None";"06088000KL0160";"None";"None";"283";"nan";"346";"100.82";"None";"nan";"None";"None";"None";"None";"2";"3";"Dépendance";"nan";"0.0";"None";"None";"None";"None";"nan";"7.291004";"43.693821";"000KL"
"2024-47960";"2024-07-30";"1";"Vente";"700000.0";"21.0";"None";"BD FRANCK PILATTE";"2610";"06300";"06088";"Nice";"06";"None";"None";"06088000KL0162";"None";"None";"4";"nan";"54";"54.03";"None";"nan";"None";"None";"None";"None";"2";"2";"Appartement";"43.0";"2.0";"None";"None";"None";"None";"nan";"7.289346";"43.693928";"000KL"
"2024-47960";"2024-07-30";"1";"Vente";"700000.0";"21.0";"None";"BD FRANCK PILATTE";"2610";"06300";"06088";"Nice";"06";"None";"None";"06088000KL0162";"None";"None";"4";"nan";"54";"54.03";"None";"nan";"None";"None";"None";"None";"2";"3";"Dépendance";"nan";"0.0";"None";"None";"None";"None";"nan";"7.289346";"43.693928";"000KL"
"2024-47746";"2024-07-18";"1";"Vente";"600000.0";"51.0";"None";"BD STALINGRAD";"6285";"06300";"06088";"Nice";"06";"None";"None";"06088000KL0182";"None";"None";"116";"nan";"152";"82.06";"None";"nan";"None";"None";"None";"None";"2";"2";"Appartement";"82.0";"4.0";"None";"None";"None";"None";"nan";"7.286808";"43.694933";"000KL"
"2024-47746";"2024-07-18";"1";"Vente";"600000.0";"51.0";"None";"BD STALINGRAD";"6285";"06300";"06088";"Nice";"06";"None";"None";"06088000KL0182";"None";"None";"116";"nan";"152";"82.06";"None";"nan";"None";"None";"None";"None";"2";"3";"Dépendance";"nan";"0.0";"None";"None";"None";"None";"nan";"7.286808";"43.694933";"000KL"
"2024-47746";"2024-07-18";"1";"Vente";"600000.0";"51.0";"None";"BD STALINGRAD";"6285";"06300";"06088";"Nice";"06";"None";"None";"06088000KL0182";"None";"None";"116";"nan";"152";"82.06";"None";"nan";"None";"None";"None";"None";"2";"3";"Dépendance";"nan";"0.0";"None";"None";"None";"None";"nan";"7.286808";"43.694933";"000KL"
"2024-47746";"2024-07-18";"1";"Vente";"600000.0";"51.0";"None";"BD STALINGRAD";"6285";"06300";"06088";"Nice";"06";"None";"None";"06088000KL0182";"None";"None";"115";"nan";"None";"nan";"None";"nan";"None";"None";"None";"None";"1";"3";"Dépendance";"nan";"0.0";"None";"None";"None";"None";"nan";"7.286808";"43.694933";"000KL"
"2024-47210";"2024-07-16";"1";"Vente";"356010.0";"39.0";"B";"BD STALINGRAD";"6285";"06300";"06088";"Nice";"06";"None";"None";"06088000KL0018";"None";"None";"18";"nan";"60";"62.8";"None";"nan";"None";"None";"None";"None";"2";"2";"Appartement";"63.0";"4.0";"None";"None";"None";"None";"nan";"7.287295";"43.696354";"000KL"
"2024-47779";"2024-07-16";"1";"Vente";"590000.0";"10.0";"None";"AV GUSTAVIN";"3140";"06300";"06088";"Nice";"06";"None";"None";"06088000KL0091";"None";"None";"13";"nan";"2";"nan";"None";"nan";"None";"None";"None";"None";"2";"2";"Appartement";"90.0";"4.0";"None";"None";"None";"None";"nan";"7.290188";"43.695731";"000KL"
"2024-47210";"2024-07-16";"1";"Vente";"356010.0";"39.0";"B";"BD STALINGRAD";"6285";"06300";"06088";"Nice";"06";"None";"None";"06088000KL0018";"None";"None";"18";"nan";"60";"62.8";"None";"nan";"None";"None";"None";"None";"2";"3";"Dépendance";"nan";"0.0";"None";"None";"None";"None";"nan";"7.287295";"43.696354";"000KL"
"2024-47242";"2024-07-11";"1";"Vente";"190000.0";"6.0";"None";"AV LYMPIA";"3795";"06300";"06088";"Nice";"06";"None";"None";"06088000KL0021";"None";"None";"20";"nan";"40";"nan";"None";"nan";"None";"None";"None";"None";"2";"2";"Appartement";"54.0";"2.0";"None";"None";"None";"None";"nan";"7.288614";"43.696361";"000KL"
"2024-47242";"2024-07-11";"1";"Vente";"190000.0";"6.0";"None";"AV LYMPIA";"3795";"06300";"06088";"Nice";"06";"None";"None";"06088000KL0021";"None";"None";"20";"nan";"40";"nan";"None";"nan";"None";"None";"None";"None";"2";"3";"Dépendance";"nan";"0.0";"None";"None";"None";"None";"nan";"7.288614";"43.696361";"000KL"
"2024-47874";"2024-07-09";"1";"Vente";"446500.0";"33.0";"None";"BD STALINGRAD";"6285";"06300";"06088";"Nice";"06";"None";"None";"06088000KL0015";"None";"None";"159";"nan";"70";"nan";"None";"nan";"None";"None";"None";"None";"2";"2";"Appartement";"78.0";"5.0";"None";"None";"None";"None";"nan";"7.287665";"43.696738";"000KL"
"2024-47874";"2024-07-09";"1";"Vente";"446500.0";"33.0";"None";"BD STALINGRAD";"6285";"06300";"06088";"Nice";"06";"None";"None";"06088000KL0015";"None";"None";"253";"nan";"None";"nan";"None";"nan";"None";"None";"None";"None";"1";"3";"Dépendance";"nan";"0.0";"None";"None";"None";"None";"nan";"7.287665";"43.696738";"000KL"
"2024-47874";"2024-07-09";"1";"Vente";"446500.0";"33.0";"None";"BD STALINGRAD";"6285";"06300";"06088";"Nice";"06";"None";"None";"06088000KL0015";"None";"None";"159";"nan";"70";"nan";"None";"nan";"None";"None";"None";"None";"2";"3";"Dépendance";"nan";"0.0";"None";"None";"None";"None";"nan";"7.287665";"43.696738";"000KL"
"2024-47923";"2024-07-05";"1";"Vente";"330000.0";"45.0";"None";"BD STALINGRAD";"6285";"06300";"06088";"Nice";"06";"None";"None";"06088000KL0041";"None";"None";"124";"nan";"62";"nan";"None";"nan";"None";"None";"None";"None";"2";"2";"Appartement";"55.0";"2.0";"None";"None";"None";"None";"nan";"7.286946";"43.695496";"000KL"
"2024-47923";"2024-07-05";"1";"Vente";"330000.0";"45.0";"None";"BD STALINGRAD";"6285";"06300";"06088";"Nice";"06";"None";"None";"06088000KL0041";"None";"None";"124";"nan";"62";"nan";"None";"nan";"None";"None";"None";"None";"2";"3";"Dépendance";"nan";"0.0";"None";"None";"None";"None";"nan";"7.286946";"43.695496";"000KL"
"2024-47655";"2024-07-01";"1";"Vente";"419300.0";"33.0";"None";"BD STALINGRAD";"6285";"06300";"06088";"Nice";"06";"None";"None";"06088000KL0015";"None";"None";"156";"nan";"25";"77.05";"None";"nan";"None";"None";"None";"None";"2";"2";"Appartement";"78.0";"5.0";"None";"None";"None";"None";"nan";"7.287665";"43.696738";"000KL"
"2024-47655";"2024-07-01";"1";"Vente";"419300.0";"33.0";"None";"BD STALINGRAD";"6285";"06300";"06088";"Nice";"06";"None";"None";"06088000KL0015";"None";"None";"156";"nan";"25";"77.05";"None";"nan";"None";"None";"None";"None";"2";"3";"Dépendance";"nan";"0.0";"None";"None";"None";"None";"nan";"7.287665";"43.696738";"000KL"
"2024-46732";"2024-06-28";"1";"Vente";"282000.0";"3.0";"None";"AV GUSTAVIN";"3140";"06300";"06088";"Nice";"06";"None";"None";"06088000KL0096";"None";"None";"29";"nan";"None";"nan";"None";"nan";"None";"None";"None";"None";"1";"2";"Appartement";"35.0";"1.0";"None";"None";"None";"None";"nan";"7.290763";"43.696056";"000KL"
"2024-46732";"2024-06-28";"1";"Vente";"282000.0";"3.0";"None";"AV GUSTAVIN";"3140";"06300";"06088";"Nice";"06";"None";"None";"06088000KL0096";"None";"None";"5";"nan";"None";"nan";"None";"nan";"None";"None";"None";"None";"1";"3";"Dépendance";"nan";"0.0";"None";"None";"None";"None";"nan";"7.290763";"43.696056";"000KL"
"2024-46257";"2024-06-27";"1";"Vente";"240817.0";"5.0";"None";"AV LYMPIA";"3795";"06300";"06088";"Nice";"06";"None";"None";"06088000KL0222";"None";"None";"101";"58.62";"90";"nan";"None";"nan";"None";"None";"None";"None";"2";"2";"Appartement";"59.0";"2.0";"None";"None";"None";"None";"nan";"7.289214";"43.696152";"000KL"
"2024-46257";"2024-06-27";"1";"Vente";"240817.0";"5.0";"None";"AV LYMPIA";"3795";"06300";"06088";"Nice";"06";"None";"None";"06088000KL0222";"None";"None";"101";"58.62";"90";"nan";"None";"nan";"None";"None";"None";"None";"2";"3";"Dépendance";"nan";"0.0";"None";"None";"None";"None";"nan";"7.289214";"43.696152";"000KL"
"2024-46716";"2024-06-25";"1";"Vente";"400000.0";"2.0";"None";"AV ALFRED LEROUX";"0120";"06300";"06088";"Nice";"06";"None";"None";"06088000KL0109";"None";"None";"15";"nan";"25";"nan";"None";"nan";"None";"None";"None";"None";"2";"2";"Appartement";"43.0";"1.0";"None";"None";"None";"None";"nan";"7.291911";"43.696205";"000KL"
"2024-46716";"2024-06-25";"1";"Vente";"400000.0";"2.0";"None";"AV ALFRED LEROUX";"0120";"06300";"06088";"Nice";"06";"None";"None";"06088000KL0109";"None";"None";"5";"nan";"None";"nan";"None";"nan";"None";"None";"None";"None";"1";"3";"Dépendance";"nan";"0.0";"None";"None";"None";"None";"nan";"7.291911";"43.696205";"000KL"
"2024-46716";"2024-06-25";"1";"Vente";"400000.0";"2.0";"None";"AV ALFRED LEROUX";"0120";"06300";"06088";"Nice";"06";"None";"None";"06088000KL0109";"None";"None";"15";"nan";"25";"nan";"None";"nan";"None";"None";"None";"None";"2";"3";"Dépendance";"nan";"0.0";"None";"None";"None";"None";"nan";"7.291911";"43.696205";"000KL"
"2024-46176";"2024-06-21";"1";"Vente";"40000.0";"51.0";"None";"BD STALINGRAD";"6285";"06300";"06088";"Nice";"06";"None";"None";"06088000KL0182";"None";"None";"124";"nan";"None";"nan";"None";"nan";"None";"None";"None";"None";"1";"3";"Dépendance";"nan";"0.0";"None";"None";"None";"None";"nan";"7.286808";"43.694933";"000KL"
"2024-46431";"2024-06-11";"1";"Vente";"154100.0";"52.0";"None";"BD CARNOT";"1145";"06300";"06088";"Nice";"06";"None";"None";"06088000KL0194";"None";"None";"61";"nan";"None";"nan";"None";"nan";"None";"None";"None";"None";"1";"2";"Appartement";"25.0";"1.0";"None";"None";"None";"None";"nan";"7.290893";"43.696371";"000KL"
"2024-45530";"2024-06-04";"1";"Vente";"273000.0";"4.0";"None";"AV LYMPIA";"3795";"06300";"06088";"Nice";"06";"None";"None";"06088000KL0014";"None";"None";"14";"nan";"6";"nan";"None";"nan";"None";"None";"None";"None";"2";"2";"Appartement";"57.0";"3.0";"None";"None";"None";"None";"nan";"7.288595";"43.696535";"000KL"
"2024-45530";"2024-06-04";"1";"Vente";"273000.0";"4.0";"None";"AV LYMPIA";"3795";"06300";"06088";"Nice";"06";"None";"None";"06088000KL0014";"None";"None";"14";"nan";"6";"nan";"None";"nan";"None";"None";"None";"None";"2";"3";"Dépendance";"nan";"0.0";"None";"None";"None";"None";"nan";"7.288595";"43.696535";"000KL"
"2024-45167";"2024-05-28";"1";"Vente";"1197500.0";"23.0";"None";"BD FRANCK PILATTE";"2610";"06300";"06088";"Nice";"06";"None";"None";"06088000KL0160";"None";"None";"507";"nan";"563";"107.8";"None";"nan";"None";"None";"None";"None";"2";"2";"Appartement";"114.0";"4.0";"None";"None";"None";"None";"nan";"7.291004";"43.693821";"000KL"
"2024-45167";"2024-05-28";"1";"Vente";"1197500.0";"23.0";"None";"BD FRANCK PILATTE";"2610";"06300";"06088";"Nice";"06";"None";"None";"06088000KL0160";"None";"None";"507";"nan";"563";"107.8";"None";"nan";"None";"None";"None";"None";"2";"3";"Dépendance";"nan";"0.0";"None";"None";"None";"None";"nan";"7.291004";"43.693821";"000KL"
"2024-45167";"2024-05-28";"1";"Vente";"1197500.0";"23.0";"None";"BD FRANCK PILATTE";"2610";"06300";"06088";"Nice";"06";"None";"None";"06088000KL0160";"None";"None";"3121";"nan";"None";"nan";"None";"nan";"None";"None";"None";"None";"1";"3";"Dépendance";"nan";"0.0";"None";"None";"None";"None";"nan";"7.291004";"43.693821";"000KL"
"2024-45495";"2024-05-23";"1";"Vente";"316950.0";"36.0";"None";"BD CARNOT";"1145";"06300";"06088";"Nice";"06";"None";"None";"06088000KL0013";"None";"None";"23";"nan";"69";"nan";"None";"nan";"None";"None";"None";"None";"2";"2";"Appartement";"60.0";"2.0";"None";"None";"None";"None";"nan";"7.288977";"43.696813";"000KL"
"2024-45495";"2024-05-23";"1";"Vente";"316950.0";"36.0";"None";"BD CARNOT";"1145";"06300";"06088";"Nice";"06";"None";"None";"06088000KL0013";"None";"None";"23";"nan";"69";"nan";"None";"nan";"None";"None";"None";"None";"2";"3";"Dépendance";"nan";"0.0";"None";"None";"None";"None";"nan";"7.288977";"43.696813";"000KL"
"2024-45495";"2024-05-23";"1";"Vente";"316950.0";"36.0";"None";"BD CARNOT";"1145";"06300";"06088";"Nice";"06";"None";"None";"06088000KL0013";"None";"None";"23";"nan";"69";"nan";"None";"nan";"None";"None";"None";"None";"2";"3";"Dépendance";"nan";"0.0";"None";"None";"None";"None";"nan";"7.288977";"43.696813";"000KL"
"2024-45313";"2024-05-21";"1";"Vente";"75000.0";"23.0";"None";"BD FRANCK PILATTE";"2610";"06300";"06088";"Nice";"06";"None";"None";"06088000KL0160";"None";"None";"3091";"nan";"None";"nan";"None";"nan";"None";"None";"None";"None";"1";"3";"Dépendance";"nan";"0.0";"None";"None";"None";"None";"nan";"7.291004";"43.693821";"000KL"
"2024-44884";"2024-05-16";"1";"Vente";"600000.0";"11.0";"None";"IMP JEANNE MARLIN";"3406";"06300";"06088";"Nice";"06";"None";"None";"06088000KL0216";"None";"None";"418";"71.55";"None";"nan";"None";"nan";"None";"None";"None";"None";"1";"2";"Appartement";"73.0";"3.0";"None";"None";"None";"None";"nan";"7.287399";"43.695443";"000KL"
"2024-45291";"2024-05-16";"1";"Vente";"240000.0";"43.0";"B";"BD STALINGRAD";"6285";"06300";"06088";"Nice";"06";"None";"None";"06088000KL0040";"None";"None";"33";"nan";"None";"nan";"None";"nan";"None";"None";"None";"None";"1";"2";"Appartement";"44.0";"2.0";"None";"None";"None";"None";"nan";"7.286965";"43.69568";"000KL"
"2024-44884";"2024-05-16";"1";"Vente";"600000.0";"11.0";"None";"IMP JEANNE MARLIN";"3406";"06300";"06088";"Nice";"06";"None";"None";"06088000KL0216";"None";"None";"306";"71.55";"None";"nan";"None";"nan";"None";"None";"None";"None";"1";"3";"Dépendance";"nan";"0.0";"None";"None";"None";"None";"nan";"7.287399";"43.695443";"000KL"
"2024-44585";"2024-05-07";"1";"Vente";"78000.0";"23.0";"None";"BD FRANCK PILATTE";"2610";"06300";"06088";"Nice";"06";"None";"None";"06088000KL0160";"None";"None";"3098";"nan";"None";"nan";"None";"nan";"None";"None";"None";"None";"1";"3";"Dépendance";"nan";"0.0";"None";"None";"None";"None";"nan";"7.291004";"43.693821";"000KL"
"2024-44381";"2024-04-30";"1";"Vente";"45000.0";"33.0";"None";"BD STALINGRAD";"6285";"06300";"06088";"Nice";"06";"None";"None";"06088000KL0015";"None";"None";"207";"nan";"None";"nan";"None";"nan";"None";"None";"None";"None";"1";"3";"Dépendance";"nan";"0.0";"None";"None";"None";"None";"nan";"7.287665";"43.696738";"000KL"
"2024-44051";"2024-04-29";"1";"Vente";"51000.0";"11.0";"None";"IMP JEANNE MARLIN";"3406";"06300";"06088";"Nice";"06";"None";"None";"06088000KL0216";"None";"None";"126";"nan";"None";"nan";"None";"nan";"None";"None";"None";"None";"1";"3";"Dépendance";"nan";"0.0";"None";"None";"None";"None";"nan";"7.287399";"43.695443";"000KL"
"2024-43606";"2024-04-22";"1";"Vente";"295000.0";"12.0";"None";"AV GUSTAVIN";"3140";"06300";"06088";"Nice";"06";"None";"None";"06088000KL0083";"None";"None";"3";"nan";"9";"nan";"None";"nan";"None";"None";"None";"None";"2";"2";"Appartement";"42.0";"2.0";"None";"None";"None";"None";"nan";"7.290783";"43.695272";"000KL"
"2024-44096";"2024-04-22";"1";"Vente";"510000.0";"15.0";"None";"AV LYMPIA";"3795";"06300";"06088";"Nice";"06";"None";"None";"06088000KL0044";"None";"None";"107";"79.18";"None";"nan";"None";"nan";"None";"None";"None";"None";"1";"2";"Appartement";"80.0";"3.0";"None";"None";"None";"None";"nan";"7.288581";"43.695365";"000KL"
"2024-43606";"2024-04-22";"1";"Vente";"295000.0";"12.0";"None";"AV GUSTAVIN";"3140";"06300";"06088";"Nice";"06";"None";"None";"06088000KL0083";"None";"None";"3";"nan";"9";"nan";"None";"nan";"None";"None";"None";"None";"2";"3";"Dépendance";"nan";"0.0";"None";"None";"None";"None";"nan";"7.290783";"43.695272";"000KL"
"2024-44096";"2024-04-22";"1";"Vente";"510000.0";"15.0";"None";"AV LYMPIA";"3795";"06300";"06088";"Nice";"06";"None";"None";"06088000KL0044";"None";"None";"107";"79.18";"None";"nan";"None";"nan";"None";"None";"None";"None";"1";"3";"Dépendance";"nan";"0.0";"None";"None";"None";"None";"nan";"7.288581";"43.695365";"000KL"
"2024-44096";"2024-04-22";"1";"Vente";"510000.0";"15.0";"None";"AV LYMPIA";"3795";"06300";"06088";"Nice";"06";"None";"None";"06088000KL0044";"None";"None";"45";"nan";"None";"nan";"None";"nan";"None";"None";"None";"None";"1";"3";"Dépendance";"nan";"0.0";"None";"None";"None";"None";"nan";"7.288581";"43.695365";"000KL"
"2024-43514";"2024-04-19";"1";"Vente";"815871.0";"19.0";"B";"BD FRANCK PILATTE";"2610";"06300";"06088";"Nice";"06";"None";"None";"06088000KL0163";"None";"None";"240";"nan";"309";"nan";"None";"nan";"None";"None";"None";"None";"2";"2";"Appartement";"70.0";"3.0";"None";"None";"None";"None";"nan";"7.289135";"43.694399";"000KL"
"2024-43514";"2024-04-19";"1";"Vente";"815871.0";"19.0";"B";"BD FRANCK PILATTE";"2610";"06300";"06088";"Nice";"06";"None";"None";"06088000KL0163";"None";"None";"240";"nan";"309";"nan";"None";"nan";"None";"None";"None";"None";"2";"3";"Dépendance";"nan";"0.0";"None";"None";"None";"None";"nan";"7.289135";"43.694399";"000KL"
"2024-43514";"2024-04-19";"1";"Vente";"815871.0";"19.0";"B";"BD FRANCK PILATTE";"2610";"06300";"06088";"Nice";"06";"None";"None";"06088000KL0163";"None";"None";"240";"nan";"309";"nan";"None";"nan";"None";"None";"None";"None";"2";"3";"Dépendance";"nan";"0.0";"None";"None";"None";"None";"nan";"7.289135";"43.694399";"000KL"
"2024-43560";"2024-04-18";"1";"Vente";"584180.0";"19.0";"B";"BD FRANCK PILATTE";"2610";"06300";"06088";"Nice";"06";"None";"None";"06088000KL0163";"None";"None";"117";"57.52";"82";"nan";"None";"nan";"None";"None";"None";"None";"2";"2";"Appartement";"56.0";"2.0";"None";"None";"None";"None";"nan";"7.289135";"43.694399";"000KL"
"2024-43603";"2024-04-18";"1";"Vente";"287250.0";"33.0";"None";"BD STALINGRAD";"6285";"06300";"06088";"Nice";"06";"None";"None";"06088000KL0015";"None";"None";"113";"nan";"36";"nan";"None";"nan";"None";"None";"None";"None";"2";"2";"Appartement";"68.0";"4.0";"None";"None";"None";"None";"nan";"7.287665";"43.696738";"000KL"
"2024-43560";"2024-04-18";"1";"Vente";"584180.0";"19.0";"B";"BD FRANCK PILATTE";"2610";"06300";"06088";"Nice";"06";"None";"None";"06088000KL0163";"None";"None";"117";"57.52";"82";"nan";"None";"nan";"None";"None";"None";"None";"2";"3";"Dépendance";"nan";"0.0";"None";"None";"None";"None";"nan";"7.289135";"43.694399";"000KL"
"2024-43603";"2024-04-18";"1";"Vente";"287250.0";"33.0";"None";"BD STALINGRAD";"6285";"06300";"06088";"Nice";"06";"None";"None";"06088000KL0015";"None";"None";"113";"nan";"36";"nan";"None";"nan";"None";"None";"None";"None";"2";"3";"Dépendance";"nan";"0.0";"None";"None";"None";"None";"nan";"7.287665";"43.696738";"000KL"
"2024-43866";"2024-04-18";"1";"Vente";"67000.0";"23.0";"None";"BD FRANCK PILATTE";"2610";"06300";"06088";"Nice";"06";"None";"None";"06088000KL0160";"None";"None";"3095";"nan";"None";"nan";"None";"nan";"None";"None";"None";"None";"1";"3";"Dépendance";"nan";"0.0";"None";"None";"None";"None";"nan";"7.291004";"43.693821";"000KL"
"2024-43338";"2024-04-15";"1";"Vente";"200000.0";"23.0";"None";"BD FRANCK PILATTE";"2610";"06300";"06088";"Nice";"06";"None";"None";"06088000KL0160";"None";"None";"1070";"nan";"1144";"nan";"None";"nan";"None";"None";"None";"None";"2";"2";"Appartement";"57.0";"2.0";"None";"None";"None";"None";"nan";"7.291004";"43.693821";"000KL"
"2024-43338";"2024-04-15";"1";"Vente";"200000.0";"23.0";"None";"BD FRANCK PILATTE";"2610";"06300";"06088";"Nice";"06";"None";"None";"06088000KL0160";"None";"None";"1070";"nan";"1144";"nan";"None";"nan";"None";"None";"None";"None";"2";"3";"Dépendance";"nan";"0.0";"None";"None";"None";"None";"nan";"7.291004";"43.693821";"000KL"
"2024-43338";"2024-04-15";"1";"Vente";"200000.0";"23.0";"None";"BD FRANCK PILATTE";"2610";"06300";"06088";"Nice";"06";"None";"None";"06088000KL0160";"None";"None";"3088";"nan";"None";"nan";"None";"nan";"None";"None";"None";"None";"1";"3";"Dépendance";"nan";"0.0";"None";"None";"None";"None";"nan";"7.291004";"43.693821";"000KL"
"2024-43467";"2024-04-04";"1";"Vente";"121650.0";"19.0";"B";"BD FRANCK PILATTE";"2610";"06300";"06088";"Nice";"06";"None";"None";"06088000KL0163";"None";"None";"130";"31.48";"268";"nan";"None";"nan";"None";"None";"None";"None";"2";"2";"Appartement";"24.0";"1.0";"None";"None";"None";"None";"nan";"7.289135";"43.694399";"000KL"
"2024-43467";"2024-04-04";"1";"Vente";"121650.0";"19.0";"B";"BD FRANCK PILATTE";"2610";"06300";"06088";"Nice";"06";"None";"None";"06088000KL0163";"None";"None";"130";"31.48";"268";"nan";"None";"nan";"None";"None";"None";"None";"2";"3";"Dépendance";"nan";"0.0";"None";"None";"None";"None";"nan";"7.289135";"43.694399";"000KL"
"2024-42601";"2024-03-29";"1";"Vente";"519607.0";"21.0";"None";"BD FRANCK PILATTE";"2610";"06300";"06088";"Nice";"06";"None";"None";"06088000KL0162";"None";"None";"4";"nan";"54";"54.03";"None";"nan";"None";"None";"None";"None";"2";"2";"Appartement";"43.0";"2.0";"None";"None";"None";"None";"nan";"7.289346";"43.693928";"000KL"
"2024-43062";"2024-03-29";"1";"Vente";"1650000.0";"1.0";"None";"BD FRANCK PILATTE";"2610";"06300";"06088";"Nice";"06";"None";"None";"06088000KL0174";"None";"None";"10";"nan";"33";"nan";"None";"nan";"None";"None";"None";"None";"2";"2";"Appartement";"111.0";"4.0";"None";"None";"None";"None";"nan";"7.286838";"43.694493";"000KL"
"2024-42601";"2024-03-29";"1";"Vente";"519607.0";"21.0";"None";"BD FRANCK PILATTE";"2610";"06300";"06088";"Nice";"06";"None";"None";"06088000KL0162";"None";"None";"4";"nan";"54";"54.03";"None";"nan";"None";"None";"None";"None";"2";"3";"Dépendance";"nan";"0.0";"None";"None";"None";"None";"nan";"7.289346";"43.693928";"000KL"
"2024-43062";"2024-03-29";"1";"Vente";"1650000.0";"1.0";"None";"BD FRANCK PILATTE";"2610";"06300";"06088";"Nice";"06";"None";"None";"06088000KL0174";"None";"None";"10";"nan";"33";"nan";"None";"nan";"None";"None";"None";"None";"2";"3";"Dépendance";"nan";"0.0";"None";"None";"None";"None";"nan";"7.286838";"43.694493";"000KL"
"2024-43390";"2024-03-29";"1";"Vente";"60000.0";"11.0";"None";"IMP JEANNE MARLIN";"3406";"06300";"06088";"Nice";"06";"None";"None";"06088000KL0216";"None";"None";"112";"nan";"None";"nan";"None";"nan";"None";"None";"None";"None";"1";"3";"Dépendance";"nan";"0.0";"None";"None";"None";"None";"nan";"7.287399";"43.695443";"000KL"
"2024-42579";"2024-03-28";"1";"Vente";"65000.0";"11.0";"None";"IMP JEANNE MARLIN";"3406";"06300";"06088";"Nice";"06";"None";"None";"06088000KL0216";"None";"None";"298";"nan";"None";"nan";"None";"nan";"None";"None";"None";"None";"1";"3";"Dépendance";"nan";"0.0";"None";"None";"None";"None";"nan";"7.287399";"43.695443";"000KL"
"2024-42579";"2024-03-28";"1";"Vente";"65000.0";"11.0";"None";"IMP JEANNE MARLIN";"3406";"06300";"06088";"Nice";"06";"None";"None";"06088000KL0216";"None";"None";"299";"nan";"None";"nan";"None";"nan";"None";"None";"None";"None";"1";"3";"Dépendance";"nan";"0.0";"None";"None";"None";"None";"nan";"7.287399";"43.695443";"000KL"
"2024-42900";"2024-03-28";"1";"Vente";"48000.0";"11.0";"None";"IMP JEANNE MARLIN";"3406";"06300";"06088";"Nice";"06";"None";"None";"06088000KL0216";"None";"None";"294";"nan";"None";"nan";"None";"nan";"None";"None";"None";"None";"1";"3";"Dépendance";"nan";"0.0";"None";"None";"None";"None";"nan";"7.287399";"43.695443";"000KL"
"2024-42891";"2024-03-22";"1";"Vente";"293980.0";"2.0";"None";"AV ALFRED LEROUX";"0120";"06300";"06088";"Nice";"06";"None";"None";"06088000KL0109";"None";"None";"10";"nan";"20";"38.1";"None";"nan";"None";"None";"None";"None";"2";"2";"Appartement";"113.0";"4.0";"None";"None";"None";"None";"nan";"7.291911";"43.696205";"000KL"
"2024-42891";"2024-03-22";"1";"Vente";"293980.0";"2.0";"None";"AV ALFRED LEROUX";"0120";"06300";"06088";"Nice";"06";"None";"None";"06088000KL0109";"None";"None";"10";"nan";"20";"38.1";"None";"nan";"None";"None";"None";"None";"2";"3";"Dépendance";"nan";"0.0";"None";"None";"None";"None";"nan";"7.291911";"43.696205";"000KL"
"2024-42034";"2024-03-18";"1";"Vente";"2400000.0";"17.0";"None";"BD FRANCK PILATTE";"2610";"06300";"06088";"Nice";"06";"None";"None";"06088000KL0169";"None";"None";"None";"nan";"None";"nan";"None";"nan";"None";"None";"None";"None";"0";"1";"Maison";"158.0";"3.0";"S";"sols";"None";"None";"283.0";"7.288654";"43.69415";"000KL"
"2024-42207";"2024-03-18";"1";"Vente";"177700.0";"11.0";"None";"IMP JEANNE MARLIN";"3406";"06300";"06088";"Nice";"06";"None";"None";"06088000KL0216";"None";"None";"399";"nan";"478";"nan";"479";"nan";"None";"None";"None";"None";"3";"2";"Appartement";"29.0";"1.0";"None";"None";"None";"None";"nan";"7.287399";"43.695443";"000KL"
"2024-42034";"2024-03-18";"1";"Vente";"2400000.0";"21.0";"None";"BD FRANCK PILATTE";"2610";"06300";"06088";"Nice";"06";"None";"None";"06088000KL0162";"None";"None";"41";"nan";"None";"nan";"None";"nan";"None";"None";"None";"None";"1";"3";"Dépendance";"nan";"0.0";"None";"None";"None";"None";"nan";"7.289346";"43.693928";"000KL"
"2024-42034";"2024-03-18";"1";"Vente";"2400000.0";"nan";"None";"BD FRANCK PILATTE";"2610";"06300";"06088";"Nice";"06";"None";"None";"06088000KL0168";"None";"None";"None";"nan";"None";"nan";"None";"nan";"None";"None";"None";"None";"0";"None";"None";"nan";"nan";"S";"sols";"None";"None";"360.0";"7.288836";"43.694401";"000KL"
"2024-42561";"2024-03-08";"1";"Vente";"180900.0";"11.0";"None";"IMP JEANNE MARLIN";"3406";"06300";"06088";"Nice";"06";"None";"None";"06088000KL0216";"None";"None";"378";"nan";"None";"nan";"None";"nan";"None";"None";"None";"None";"1";"2";"Appartement";"33.0";"1.0";"None";"None";"None";"None";"nan";"7.287399";"43.695443";"000KL"
"2024-42561";"2024-03-08";"1";"Vente";"180900.0";"11.0";"None";"IMP JEANNE MARLIN";"3406";"06300";"06088";"Nice";"06";"None";"None";"06088000KL0216";"None";"None";"378";"nan";"None";"nan";"None";"nan";"None";"None";"None";"None";"1";"3";"Dépendance";"nan";"0.0";"None";"None";"None";"None";"nan";"7.287399";"43.695443";"000KL"
"2024-42524";"2024-03-04";"1";"Vente";"188000.0";"11.0";"None";"IMP JEANNE MARLIN";"3406";"06300";"06088";"Nice";"06";"None";"None";"06088000KL0216";"None";"None";"333";"31.81";"None";"nan";"None";"nan";"None";"None";"None";"None";"1";"2";"Appartement";"32.0";"2.0";"None";"None";"None";"None";"nan";"7.287399";"43.695443";"000KL"
"2024-41173";"2024-02-22";"1";"Vente";"240500.0";"23.0";"None";"BD FRANCK PILATTE";"2610";"06300";"06088";"Nice";"06";"None";"None";"06088000KL0160";"None";"None";"2070";"nan";"None";"nan";"None";"nan";"None";"None";"None";"None";"1";"2";"Appartement";"35.0";"1.0";"None";"None";"None";"None";"nan";"7.291004";"43.693821";"000KL"
"2024-41424";"2024-02-22";"1";"Vente";"205000.0";"70.0";"None";"BD CARNOT";"1145";"06300";"06088";"Nice";"06";"None";"None";"06088000KL0111";"None";"None";"61";"nan";"None";"nan";"None";"nan";"None";"None";"None";"None";"1";"2";"Appartement";"90.0";"3.0";"None";"None";"None";"None";"nan";"7.292469";"43.695879";"000KL"
"2024-41424";"2024-02-22";"1";"Vente";"205000.0";"70.0";"None";"BD CARNOT";"1145";"06300";"06088";"Nice";"06";"None";"None";"06088000KL0111";"None";"None";"22";"nan";"None";"nan";"None";"nan";"None";"None";"None";"None";"1";"2";"Appartement";"105.0";"4.0";"None";"None";"None";"None";"nan";"7.292469";"43.695879";"000KL"
"2024-41424";"2024-02-22";"1";"Vente";"205000.0";"70.0";"None";"BD CARNOT";"1145";"06300";"06088";"Nice";"06";"None";"None";"06088000KL0111";"None";"None";"22";"nan";"None";"nan";"None";"nan";"None";"None";"None";"None";"1";"3";"Dépendance";"nan";"0.0";"None";"None";"None";"None";"nan";"7.292469";"43.695879";"000KL"
"2024-41424";"2024-02-22";"1";"Vente";"205000.0";"70.0";"None";"BD CARNOT";"1145";"06300";"06088";"Nice";"06";"None";"None";"06088000KL0111";"None";"None";"61";"nan";"None";"nan";"None";"nan";"None";"None";"None";"None";"1";"3";"Dépendance";"nan";"0.0";"None";"None";"None";"None";"nan";"7.292469";"43.695879";"000KL"
"2024-41424";"2024-02-22";"1";"Vente";"205000.0";"70.0";"None";"BD CARNOT";"1145";"06300";"06088";"Nice";"06";"None";"None";"06088000KL0111";"None";"None";"61";"nan";"None";"nan";"None";"nan";"None";"None";"None";"None";"1";"3";"Dépendance";"nan";"0.0";"None";"None";"None";"None";"nan";"7.292469";"43.695879";"000KL"
"2024-41326";"2024-02-20";"1";"Vente";"170000.0";"11.0";"B";"BD FRANCK PILATTE";"2610";"06300";"06088";"Nice";"06";"None";"None";"06088000KL0172";"None";"None";"336";"nan";"None";"nan";"None";"nan";"None";"None";"None";"None";"1";"2";"Appartement";"26.0";"1.0";"None";"None";"None";"None";"nan";"7.288086";"43.694638";"000KL"
"2024-41386";"2024-02-19";"1";"Vente";"565553.0";"2.0";"None";"AV ALFRED LEROUX";"0120";"06300";"06088";"Nice";"06";"None";"None";"06088000KL0109";"None";"None";"19";"nan";"9";"nan";"None";"nan";"None";"None";"None";"None";"2";"2";"Appartement";"113.0";"4.0";"None";"None";"None";"None";"nan";"7.291911";"43.696205";"000KL"
"2024-41386";"2024-02-19";"1";"Vente";"565553.0";"2.0";"None";"AV ALFRED LEROUX";"0120";"06300";"06088";"Nice";"06";"None";"None";"06088000KL0109";"None";"None";"19";"nan";"9";"nan";"None";"nan";"None";"None";"None";"None";"2";"3";"Dépendance";"nan";"0.0";"None";"None";"None";"None";"nan";"7.291911";"43.696205";"000KL"
"2024-41386";"2024-02-19";"1";"Vente";"565553.0";"2.0";"None";"AV ALFRED LEROUX";"0120";"06300";"06088";"Nice";"06";"None";"None";"06088000KL0109";"None";"None";"1";"nan";"None";"nan";"None";"nan";"None";"None";"None";"None";"1";"3";"Dépendance";"nan";"0.0";"None";"None";"None";"None";"nan";"7.291911";"43.696205";"000KL"
"2024-41474";"2024-02-16";"1";"Vente";"22500.0";"11.0";"None";"IMP JEANNE MARLIN";"3406";"06300";"06088";"Nice";"06";"None";"None";"06088000KL0216";"None";"None";"98";"nan";"None";"nan";"None";"nan";"None";"None";"None";"None";"1";"3";"Dépendance";"nan";"0.0";"None";"None";"None";"None";"nan";"7.287399";"43.695443";"000KL"
"2024-41474";"2024-02-16";"1";"Vente";"22500.0";"11.0";"None";"IMP JEANNE MARLIN";"3406";"06300";"06088";"Nice";"06";"None";"None";"06088000KL0216";"None";"None";"251";"nan";"None";"nan";"None";"nan";"None";"None";"None";"None";"1";"3";"Dépendance";"nan";"0.0";"None";"None";"None";"None";"nan";"7.287399";"43.695443";"000KL"
"2024-41736";"2024-02-15";"1";"Vente";"258400.0";"11.0";"B";"BD FRANCK PILATTE";"2610";"06300";"06088";"Nice";"06";"None";"None";"06088000KL0172";"None";"None";"345";"nan";"None";"nan";"None";"nan";"None";"None";"None";"None";"1";"2";"Appartement";"35.0";"1.0";"None";"None";"None";"None";"nan";"7.288086";"43.694638";"000KL"
"2024-41131";"2024-02-12";"1";"Vente";"145000.0";"52.0";"None";"BD CARNOT";"1145";"06300";"06088";"Nice";"06";"None";"None";"06088000KL0194";"None";"None";"76";"nan";"None";"nan";"None";"nan";"None";"None";"None";"None";"1";"2";"Appartement";"25.0";"1.0";"None";"None";"None";"None";"nan";"7.290893";"43.696371";"000KL"
"2024-40350";"2024-01-26";"1";"Vente";"360000.0";"11.0";"None";"IMP JEANNE MARLIN";"3406";"06300";"06088";"Nice";"06";"None";"None";"06088000KL0216";"None";"None";"380";"nan";"None";"nan";"None";"nan";"None";"None";"None";"None";"1";"2";"Appartement";"56.0";"3.0";"None";"None";"None";"None";"nan";"7.287399";"43.695443";"000KL"
"2024-40350";"2024-01-26";"1";"Vente";"360000.0";"11.0";"None";"IMP JEANNE MARLIN";"3406";"06300";"06088";"Nice";"06";"None";"None";"06088000KL0216";"None";"None";"380";"nan";"None";"nan";"None";"nan";"None";"None";"None";"None";"1";"3";"Dépendance";"nan";"0.0";"None";"None";"None";"None";"nan";"7.287399";"43.695443";"000KL"
"2024-40117";"2024-01-23";"1";"Vente";"630000.0";"9.0";"B";"BD FRANCK PILATTE";"2610";"06300";"06088";"Nice";"06";"None";"None";"06088000KL0172";"None";"None";"127";"nan";"241";"76.54";"None";"nan";"None";"None";"None";"None";"2";"2";"Appartement";"76.0";"3.0";"None";"None";"None";"None";"nan";"7.288086";"43.694638";"000KL"
"2024-40971";"2024-01-23";"1";"Vente";"220000.0";"33.0";"None";"BD STALINGRAD";"6285";"06300";"06088";"Nice";"06";"None";"None";"06088000KL0015";"None";"None";"103";"nan";"19";"nan";"None";"nan";"None";"None";"None";"None";"2";"2";"Appartement";"58.0";"3.0";"None";"None";"None";"None";"nan";"7.287665";"43.696738";"000KL"
"2024-40117";"2024-01-23";"1";"Vente";"630000.0";"9.0";"B";"BD FRANCK PILATTE";"2610";"06300";"06088";"Nice";"06";"None";"None";"06088000KL0172";"None";"None";"375";"nan";"None";"nan";"None";"nan";"None";"None";"None";"None";"1";"3";"Dépendance";"nan";"0.0";"None";"None";"None";"None";"nan";"7.288086";"43.694638";"000KL"
"2024-40117";"2024-01-23";"1";"Vente";"630000.0";"9.0";"B";"BD FRANCK PILATTE";"2610";"06300";"06088";"Nice";"06";"None";"None";"06088000KL0172";"None";"None";"127";"nan";"241";"76.54";"None";"nan";"None";"None";"None";"None";"2";"3";"Dépendance";"nan";"0.0";"None";"None";"None";"None";"nan";"7.288086";"43.694638";"000KL"
"2024-40971";"2024-01-23";"1";"Vente";"220000.0";"33.0";"None";"BD STALINGRAD";"6285";"06300";"06088";"Nice";"06";"None";"None";"06088000KL0015";"None";"None";"103";"nan";"19";"nan";"None";"nan";"None";"None";"None";"None";"2";"3";"Dépendance";"nan";"0.0";"None";"None";"None";"None";"nan";"7.287665";"43.696738";"000KL"
"2024-39835";"2024-01-17";"1";"Vente";"220000.0";"9003.0";"None";"AV JEANNE MARLIN";"3405";"06300";"06088";"Nice";"06";"None";"None";"06088000KL0024";"None";"None";"11";"nan";"6";"nan";"None";"nan";"None";"None";"None";"None";"2";"2";"Appartement";"40.0";"2.0";"None";"None";"None";"None";"nan";"7.288371";"43.696011";"000KL"
"2024-39835";"2024-01-17";"1";"Vente";"220000.0";"9003.0";"None";"AV JEANNE MARLIN";"3405";"06300";"06088";"Nice";"06";"None";"None";"06088000KL0024";"None";"None";"11";"nan";"6";"nan";"None";"nan";"None";"None";"None";"None";"2";"3";"Dépendance";"nan";"0.0";"None";"None";"None";"None";"nan";"7.288371";"43.696011";"000KL"
"2024-39835";"2024-01-17";"1";"Vente";"220000.0";"9003.0";"None";"AV JEANNE MARLIN";"3405";"06300";"06088";"Nice";"06";"None";"None";"06088000KL0024";"None";"None";"11";"nan";"6";"nan";"None";"nan";"None";"None";"None";"None";"2";"3";"Dépendance";"nan";"0.0";"None";"None";"None";"None";"nan";"7.288371";"43.696011";"000KL"
"2024-40046";"2024-01-08";"1";"Vente";"50910.0";"7.0";"B";"BD FRANCK PILATTE";"2610";"06300";"06088";"Nice";"06";"None";"None";"06088000KL0172";"None";"None";"32";"nan";"None";"nan";"None";"nan";"None";"None";"None";"None";"1";"3";"Dépendance";"nan";"0.0";"None";"None";"None";"None";"nan";"7.288086";"43.694638";"000KL"
"2023-60184";"2023-12-22";"1";"Vente";"260000.0";"45.0";"None";"BD STALINGRAD";"6285";"06300";"06088";"Nice";"06";"None";"None";"06088000KL0041";"None";"None";"5";"nan";"91";"nan";"None";"nan";"None";"None";"None";"None";"2";"2";"Appartement";"70.0";"3.0";"None";"None";"None";"None";"nan";"7.286946";"43.695496";"000KL"
"2023-60277";"2023-12-22";"1";"Vente";"365000.0";"19.0";"B";"BD FRANCK PILATTE";"2610";"06300";"06088";"Nice";"06";"None";"None";"06088000KL0163";"None";"None";"181";"34.01";"284";"nan";"None";"nan";"None";"None";"None";"None";"2";"2";"Appartement";"33.0";"1.0";"None";"None";"None";"None";"nan";"7.289135";"43.694399";"000KL"
"2023-60184";"2023-12-22";"1";"Vente";"260000.0";"45.0";"None";"BD STALINGRAD";"6285";"06300";"06088";"Nice";"06";"None";"None";"06088000KL0041";"None";"None";"5";"nan";"91";"nan";"None";"nan";"None";"None";"None";"None";"2";"3";"Dépendance";"nan";"0.0";"None";"None";"None";"None";"nan";"7.286946";"43.695496";"000KL"
"2023-60277";"2023-12-22";"1";"Vente";"365000.0";"19.0";"B";"BD FRANCK PILATTE";"2610";"06300";"06088";"Nice";"06";"None";"None";"06088000KL0163";"None";"None";"181";"34.01";"284";"nan";"None";"nan";"None";"None";"None";"None";"2";"3";"Dépendance";"nan";"0.0";"None";"None";"None";"None";"nan";"7.289135";"43.694399";"000KL"
"2023-60292";"2023-12-21";"1";"Vente";"165000.0";"11.0";"B";"BD FRANCK PILATTE";"2610";"06300";"06088";"Nice";"06";"None";"None";"06088000KL0172";"None";"None";"321";"32.56";"None";"nan";"None";"nan";"None";"None";"None";"None";"1";"2";"Appartement";"35.0";"1.0";"None";"None";"None";"None";"nan";"7.288086";"43.694638";"000KL"
"2023-59655";"2023-12-14";"1";"Vente";"700000.0";"23.0";"None";"BD FRANCK PILATTE";"2610";"06300";"06088";"Nice";"06";"None";"None";"06088000KL0160";"None";"None";"2050";"nan";"2096";"68.12";"None";"nan";"None";"None";"None";"None";"2";"2";"Appartement";"70.0";"2.0";"None";"None";"None";"None";"nan";"7.291004";"43.693821";"000KL"
"2023-59655";"2023-12-14";"1";"Vente";"700000.0";"23.0";"None";"BD FRANCK PILATTE";"2610";"06300";"06088";"Nice";"06";"None";"None";"06088000KL0160";"None";"None";"2050";"nan";"2096";"68.12";"None";"nan";"None";"None";"None";"None";"2";"3";"Dépendance";"nan";"0.0";"None";"None";"None";"None";"nan";"7.291004";"43.693821";"000KL"
"2023-59655";"2023-12-14";"1";"Vente";"700000.0";"23.0";"None";"BD FRANCK PILATTE";"2610";"06300";"06088";"Nice";"06";"None";"None";"06088000KL0160";"None";"None";"3094";"nan";"None";"nan";"None";"nan";"None";"None";"None";"None";"1";"3";"Dépendance";"nan";"0.0";"None";"None";"None";"None";"nan";"7.291004";"43.693821";"000KL"
"2023-59163";"2023-12-11";"1";"Vente";"267000.0";"10.0";"None";"AV JEANNE MARLIN";"3405";"06300";"06088";"Nice";"06";"None";"None";"06088000KL0031";"None";"None";"1";"nan";"None";"nan";"None";"nan";"None";"None";"None";"None";"1";"2";"Appartement";"35.0";"2.0";"None";"None";"None";"None";"nan";"7.287915";"43.695864";"000KL"
"2023-59163";"2023-12-11";"1";"Vente";"267000.0";"10.0";"None";"AV JEANNE MARLIN";"3405";"06300";"06088";"Nice";"06";"None";"None";"06088000KL0031";"None";"None";"1";"nan";"None";"nan";"None";"nan";"None";"None";"None";"None";"1";"3";"Dépendance";"nan";"0.0";"None";"None";"None";"None";"nan";"7.287915";"43.695864";"000KL"
"2023-58831";"2023-12-06";"1";"Vente";"37000.0";"51.0";"None";"BD STALINGRAD";"6285";"06300";"06088";"Nice";"06";"None";"None";"06088000KL0182";"None";"None";"127";"nan";"None";"nan";"None";"nan";"None";"None";"None";"None";"1";"3";"Dépendance";"nan";"0.0";"None";"None";"None";"None";"nan";"7.286808";"43.694933";"000KL"
"2023-59451";"2023-12-01";"1";"Vente";"545000.0";"11.0";"None";"IMP JEANNE MARLIN";"3406";"06300";"06088";"Nice";"06";"None";"None";"06088000KL0216";"None";"None";"408";"75.16";"None";"nan";"None";"nan";"None";"None";"None";"None";"1";"2";"Appartement";"76.0";"4.0";"None";"None";"None";"None";"nan";"7.287399";"43.695443";"000KL"
"2023-59451";"2023-12-01";"1";"Vente";"545000.0";"11.0";"None";"IMP JEANNE MARLIN";"3406";"06300";"06088";"Nice";"06";"None";"None";"06088000KL0216";"None";"None";"408";"75.16";"None";"nan";"None";"nan";"None";"None";"None";"None";"1";"3";"Dépendance";"nan";"0.0";"None";"None";"None";"None";"nan";"7.287399";"43.695443";"000KL"
"2023-58441";"2023-11-30";"1";"Vente";"47000.0";"51.0";"None";"BD STALINGRAD";"6285";"06300";"06088";"Nice";"06";"None";"None";"06088000KL0182";"None";"None";"123";"nan";"None";"nan";"None";"nan";"None";"None";"None";"None";"1";"3";"Dépendance";"nan";"0.0";"None";"None";"None";"None";"nan";"7.286808";"43.694933";"000KL"
"2023-58683";"2023-11-28";"1";"Vente";"466890.0";"9006.0";"None";"AV LYMPIA";"3795";"06300";"06088";"Nice";"06";"None";"None";"06088000KL0063";"None";"None";"117";"nan";"184";"71.96";"None";"nan";"None";"None";"None";"None";"2";"2";"Appartement";"73.0";"3.0";"None";"None";"None";"None";"nan";"7.289405";"43.695595";"000KL"
"2023-58683";"2023-11-28";"1";"Vente";"466890.0";"9006.0";"None";"AV LYMPIA";"3795";"06300";"06088";"Nice";"06";"None";"None";"06088000KL0063";"None";"None";"146";"nan";"None";"nan";"None";"nan";"None";"None";"None";"None";"1";"3";"Dépendance";"nan";"0.0";"None";"None";"None";"None";"nan";"7.289405";"43.695595";"000KL"
"2023-58683";"2023-11-28";"1";"Vente";"466890.0";"9006.0";"None";"AV LYMPIA";"3795";"06300";"06088";"Nice";"06";"None";"None";"06088000KL0063";"None";"None";"117";"nan";"184";"71.96";"None";"nan";"None";"None";"None";"None";"2";"3";"Dépendance";"nan";"0.0";"None";"None";"None";"None";"nan";"7.289405";"43.695595";"000KL"
"2023-58683";"2023-11-28";"1";"Vente";"466890.0";"9006.0";"None";"AV LYMPIA";"3795";"06300";"06088";"Nice";"06";"None";"None";"06088000KL0063";"None";"None";"145";"nan";"None";"nan";"None";"nan";"None";"None";"None";"None";"1";"3";"Dépendance";"nan";"0.0";"None";"None";"None";"None";"nan";"7.289405";"43.695595";"000KL"
"2023-58677";"2023-11-28";"1";"Vente";"115000.0";"7.0";"None";"BD FRANCK PILATTE";"2610";"06300";"06088";"Nice";"06";"None";"None";"06088000KL0172";"None";"None";"2";"nan";"46";"nan";"None";"nan";"None";"None";"None";"None";"2";"4";"Local industriel. commercial ou assimilé";"22.0";"0.0";"None";"None";"None";"None";"nan";"7.288086";"43.694638";"000KL"
"2023-58290";"2023-11-27";"1";"Vente";"1262500.0";"23.0";"None";"BD FRANCK PILATTE";"2610";"06300";"06088";"Nice";"06";"None";"None";"06088000KL0160";"None";"None";"536";"nan";"578";"nan";"None";"nan";"None";"None";"None";"None";"2";"2";"Appartement";"114.0";"4.0";"None";"None";"None";"None";"nan";"7.291004";"43.693821";"000KL"
"2023-58290";"2023-11-27";"1";"Vente";"1262500.0";"23.0";"None";"BD FRANCK PILATTE";"2610";"06300";"06088";"Nice";"06";"None";"None";"06088000KL0160";"None";"None";"536";"nan";"578";"nan";"None";"nan";"None";"None";"None";"None";"2";"3";"Dépendance";"nan";"0.0";"None";"None";"None";"None";"nan";"7.291004";"43.693821";"000KL"
"2023-58290";"2023-11-27";"1";"Vente";"1262500.0";"23.0";"None";"BD FRANCK PILATTE";"2610";"06300";"06088";"Nice";"06";"None";"None";"06088000KL0160";"None";"None";"3040";"nan";"None";"nan";"None";"nan";"None";"None";"None";"None";"1";"3";"Dépendance";"nan";"0.0";"None";"None";"None";"None";"nan";"7.291004";"43.693821";"000KL"
"2023-58860";"2023-11-20";"1";"Vente";"60000.0";"55.0";"None";"BD STALINGRAD";"6285";"06300";"06088";"Nice";"06";"None";"None";"06088000KL0176";"None";"None";"20";"nan";"None";"nan";"None";"nan";"None";"None";"None";"None";"1";"3";"Dépendance";"nan";"0.0";"None";"None";"None";"None";"nan";"7.286852";"43.6947";"000KL"
"2023-58423";"2023-11-17";"1";"Vente";"200000.0";"6.0";"None";"MTE COMMANDANT OCTOBON";"1634";"06300";"06088";"Nice";"06";"None";"None";"06088000KL0179";"None";"None";"2";"nan";"None";"nan";"None";"nan";"None";"None";"None";"None";"1";"2";"Appartement";"40.0";"3.0";"None";"None";"None";"None";"nan";"7.287281";"43.694969";"000KL"
"2023-58738";"2023-11-16";"1";"Vente";"40000.0";"55.0";"None";"BD STALINGRAD";"6285";"06300";"06088";"Nice";"06";"None";"None";"06088000KL0176";"None";"None";"22";"nan";"None";"nan";"None";"nan";"None";"None";"None";"None";"1";"3";"Dépendance";"nan";"0.0";"None";"None";"None";"None";"nan";"7.286852";"43.6947";"000KL"
"2023-58370";"2023-11-13";"1";"Vente";"47500.0";"14.0";"None";"AV LYMPIA";"3795";"06300";"06088";"Nice";"06";"None";"None";"06088000KL0043";"None";"None";"39";"nan";"None";"nan";"None";"nan";"None";"None";"None";"None";"1";"3";"Dépendance";"nan";"0.0";"None";"None";"None";"None";"nan";"7.287886";"43.695375";"000KL"
"2023-57916";"2023-11-09";"1";"Vente";"240000.0";"39.0";"B";"BD STALINGRAD";"6285";"06300";"06088";"Nice";"06";"None";"None";"06088000KL0018";"None";"None";"3";"nan";"58";"nan";"None";"nan";"None";"None";"None";"None";"2";"2";"Appartement";"52.0";"3.0";"None";"None";"None";"None";"nan";"7.287295";"43.696354";"000KL"
"2023-57916";"2023-11-09";"1";"Vente";"240000.0";"39.0";"B";"BD STALINGRAD";"6285";"06300";"06088";"Nice";"06";"None";"None";"06088000KL0018";"None";"None";"79";"nan";"None";"nan";"None";"nan";"None";"None";"None";"None";"1";"3";"Dépendance";"nan";"0.0";"None";"None";"None";"None";"nan";"7.287295";"43.696354";"000KL"
"2023-57916";"2023-11-09";"1";"Vente";"240000.0";"39.0";"B";"BD STALINGRAD";"6285";"06300";"06088";"Nice";"06";"None";"None";"06088000KL0018";"None";"None";"3";"nan";"58";"nan";"None";"nan";"None";"None";"None";"None";"2";"3";"Dépendance";"nan";"0.0";"None";"None";"None";"None";"nan";"7.287295";"43.696354";"000KL"
"2023-57882";"2023-11-07";"1";"Vente";"278000.0";"3.0";"None";"AV LYMPIA";"3795";"06300";"06088";"Nice";"06";"None";"None";"06088000KL0053";"None";"None";"6";"32.23";"None";"nan";"None";"nan";"None";"None";"None";"None";"1";"2";"Appartement";"29.0";"1.0";"None";"None";"None";"None";"nan";"7.289258";"43.696412";"000KL"
"2023-58071";"2023-11-03";"1";"Vente";"611000.0";"23.0";"None";"BD FRANCK PILATTE";"2610";"06300";"06088";"Nice";"06";"None";"None";"06088000KL0160";"None";"None";"222";"nan";"306";"nan";"None";"nan";"None";"None";"None";"None";"2";"2";"Appartement";"90.0";"3.0";"None";"None";"None";"None";"nan";"7.291004";"43.693821";"000KL"
"2023-57879";"2023-11-03";"1";"Vente";"60000.0";"52.0";"None";"BD CARNOT";"1145";"06300";"06088";"Nice";"06";"None";"None";"06088000KL0194";"None";"None";"29";"nan";"None";"nan";"None";"nan";"None";"None";"None";"None";"1";"3";"Dépendance";"nan";"0.0";"None";"None";"None";"None";"nan";"7.290893";"43.696371";"000KL"
"2023-58071";"2023-11-03";"1";"Vente";"611000.0";"23.0";"None";"BD FRANCK PILATTE";"2610";"06300";"06088";"Nice";"06";"None";"None";"06088000KL0160";"None";"None";"240";"nan";"None";"nan";"None";"nan";"None";"None";"None";"None";"1";"3";"Dépendance";"nan";"0.0";"None";"None";"None";"None";"nan";"7.291004";"43.693821";"000KL"
"2023-58071";"2023-11-03";"1";"Vente";"611000.0";"23.0";"None";"BD FRANCK PILATTE";"2610";"06300";"06088";"Nice";"06";"None";"None";"06088000KL0160";"None";"None";"222";"nan";"306";"nan";"None";"nan";"None";"None";"None";"None";"2";"3";"Dépendance";"nan";"0.0";"None";"None";"None";"None";"nan";"7.291004";"43.693821";"000KL"
"2023-58071";"2023-11-03";"1";"Vente";"611000.0";"23.0";"None";"BD FRANCK PILATTE";"2610";"06300";"06088";"Nice";"06";"None";"None";"06088000KL0160";"None";"None";"3023";"nan";"None";"nan";"None";"nan";"None";"None";"None";"None";"1";"3";"Dépendance";"nan";"0.0";"None";"None";"None";"None";"nan";"7.291004";"43.693821";"000KL"
"2023-57699";"2023-10-31";"1";"Vente";"10000.0";"51.0";"None";"BD STALINGRAD";"6285";"06300";"06088";"Nice";"06";"None";"None";"06088000KL0182";"None";"None";"126";"nan";"None";"nan";"None";"nan";"None";"None";"None";"None";"1";"3";"Dépendance";"nan";"0.0";"None";"None";"None";"None";"nan";"7.286808";"43.694933";"000KL"
"2023-57285";"2023-10-27";"1";"Vente";"185000.0";"9007.0";"None";"AV LYMPIA";"3795";"06300";"06088";"Nice";"06";"None";"None";"06088000KL0059";"None";"None";"25";"22.0";"None";"nan";"None";"nan";"None";"None";"None";"None";"1";"2";"Appartement";"28.0";"1.0";"None";"None";"None";"None";"nan";"7.289922";"43.696094";"000KL"
"2023-57802";"2023-10-25";"1";"Vente";"160000.0";"55.0";"None";"BD STALINGRAD";"6285";"06300";"06088";"Nice";"06";"None";"None";"06088000KL0176";"None";"None";"36";"nan";"None";"nan";"None";"nan";"None";"None";"None";"None";"1";"2";"Appartement";"25.0";"2.0";"None";"None";"None";"None";"nan";"7.286852";"43.6947";"000KL"
"2023-58066";"2023-10-25";"1";"Vente";"175000.0";"55.0";"None";"BD STALINGRAD";"6285";"06300";"06088";"Nice";"06";"None";"None";"06088000KL0176";"None";"None";"33";"nan";"None";"nan";"None";"nan";"None";"None";"None";"None";"1";"2";"Appartement";"22.0";"1.0";"None";"None";"None";"None";"nan";"7.286852";"43.6947";"000KL"
"2023-57162";"2023-10-23";"1";"Vente";"735000.0";"23.0";"None";"BD FRANCK PILATTE";"2610";"06300";"06088";"Nice";"06";"None";"None";"06088000KL0160";"None";"None";"526";"nan";"576";"nan";"None";"nan";"None";"None";"None";"None";"2";"2";"Appartement";"63.0";"2.0";"None";"None";"None";"None";"nan";"7.291004";"43.693821";"000KL"
"2023-57162";"2023-10-23";"1";"Vente";"735000.0";"23.0";"None";"BD FRANCK PILATTE";"2610";"06300";"06088";"Nice";"06";"None";"None";"06088000KL0160";"None";"None";"3047";"nan";"None";"nan";"None";"nan";"None";"None";"None";"None";"1";"3";"Dépendance";"nan";"0.0";"None";"None";"None";"None";"nan";"7.291004";"43.693821";"000KL"
"2023-57162";"2023-10-23";"1";"Vente";"735000.0";"23.0";"None";"BD FRANCK PILATTE";"2610";"06300";"06088";"Nice";"06";"None";"None";"06088000KL0160";"None";"None";"526";"nan";"576";"nan";"None";"nan";"None";"None";"None";"None";"2";"3";"Dépendance";"nan";"0.0";"None";"None";"None";"None";"nan";"7.291004";"43.693821";"000KL"
"2023-57026";"2023-10-17";"1";"Vente";"685000.0";"52.0";"None";"BD CARNOT";"1145";"06300";"06088";"Nice";"06";"None";"None";"06088000KL0194";"None";"None";"75";"82.4";"None";"nan";"None";"nan";"None";"None";"None";"None";"1";"2";"Appartement";"83.0";"3.0";"None";"None";"None";"None";"nan";"7.290893";"43.696371";"000KL"
"2023-57026";"2023-10-17";"1";"Vente";"685000.0";"52.0";"None";"BD CARNOT";"1145";"06300";"06088";"Nice";"06";"None";"None";"06088000KL0194";"None";"None";"30";"nan";"None";"nan";"None";"nan";"None";"None";"None";"None";"1";"3";"Dépendance";"nan";"0.0";"None";"None";"None";"None";"nan";"7.290893";"43.696371";"000KL"
"2023-56587";"2023-10-16";"1";"Vente";"322500.0";"11.0";"None";"IMP JEANNE MARLIN";"3406";"06300";"06088";"Nice";"06";"None";"None";"06088000KL0216";"None";"None";"421";"nan";"None";"nan";"None";"nan";"None";"None";"None";"None";"1";"2";"Appartement";"39.0";"2.0";"None";"None";"None";"None";"nan";"7.287399";"43.695443";"000KL"
"2023-56587";"2023-10-16";"1";"Vente";"322500.0";"11.0";"None";"IMP JEANNE MARLIN";"3406";"06300";"06088";"Nice";"06";"None";"None";"06088000KL0216";"None";"None";"421";"nan";"None";"nan";"None";"nan";"None";"None";"None";"None";"1";"3";"Dépendance";"nan";"0.0";"None";"None";"None";"None";"nan";"7.287399";"43.695443";"000KL"
"2023-56600";"2023-10-12";"1";"Vente";"190000.0";"21.0";"None";"AV GUSTAVIN";"3140";"06300";"06088";"Nice";"06";"None";"None";"06088000KL0070";"None";"None";"4";"nan";"9";"nan";"None";"nan";"None";"None";"None";"None";"2";"2";"Appartement";"31.0";"2.0";"None";"None";"None";"None";"nan";"7.29066";"43.69488";"000KL"
"2023-56600";"2023-10-12";"1";"Vente";"190000.0";"21.0";"None";"AV GUSTAVIN";"3140";"06300";"06088";"Nice";"06";"None";"None";"06088000KL0070";"None";"None";"4";"nan";"9";"nan";"None";"nan";"None";"None";"None";"None";"2";"3";"Dépendance";"nan";"0.0";"None";"None";"None";"None";"nan";"7.29066";"43.69488";"000KL"
"2023-56467";"2023-10-06";"1";"Vente";"60000.0";"11.0";"None";"IMP JEANNE MARLIN";"3406";"06300";"06088";"Nice";"06";"None";"None";"06088000KL0216";"None";"None";"287";"nan";"None";"nan";"None";"nan";"None";"None";"None";"None";"1";"3";"Dépendance";"nan";"0.0";"None";"None";"None";"None";"nan";"7.287399";"43.695443";"000KL"
"2023-56067";"2023-10-05";"1";"Vente";"210000.0";"4.0";"None";"AV ROSERAIE";"5580";"06300";"06088";"Nice";"06";"None";"None";"06088000KL0122";"None";"None";"42";"34.22";"7";"nan";"None";"nan";"None";"None";"None";"None";"2";"2";"Appartement";"37.0";"2.0";"None";"None";"None";"None";"nan";"7.292316";"43.6955";"000KL"
"2023-56067";"2023-10-05";"1";"Vente";"210000.0";"4.0";"None";"AV ROSERAIE";"5580";"06300";"06088";"Nice";"06";"None";"None";"06088000KL0122";"None";"None";"42";"34.22";"7";"nan";"None";"nan";"None";"None";"None";"None";"2";"3";"Dépendance";"nan";"0.0";"None";"None";"None";"None";"nan";"7.292316";"43.6955";"000KL"
"2023-55672";"2023-09-26";"1";"Vente";"360000.0";"4.0";"None";"AV ROSERAIE";"5580";"06300";"06088";"Nice";"06";"None";"None";"06088000KL0122";"None";"None";"13";"nan";"27";"57.12";"None";"nan";"None";"None";"None";"None";"2";"2";"Appartement";"55.0";"2.0";"None";"None";"None";"None";"nan";"7.292316";"43.6955";"000KL"
"2023-56815";"2023-09-26";"1";"Vente";"295000.0";"2.0";"None";"AV ALFRED LEROUX";"0120";"06300";"06088";"Nice";"06";"None";"None";"06088000KL0109";"None";"None";"15";"nan";"25";"35.28";"None";"nan";"None";"None";"None";"None";"2";"2";"Appartement";"43.0";"1.0";"None";"None";"None";"None";"nan";"7.291911";"43.696205";"000KL"
"2023-55672";"2023-09-26";"1";"Vente";"360000.0";"4.0";"None";"AV ROSERAIE";"5580";"06300";"06088";"Nice";"06";"None";"None";"06088000KL0122";"None";"None";"13";"nan";"27";"57.12";"None";"nan";"None";"None";"None";"None";"2";"3";"Dépendance";"nan";"0.0";"None";"None";"None";"None";"nan";"7.292316";"43.6955";"000KL"
"2023-55672";"2023-09-26";"1";"Vente";"360000.0";"4.0";"None";"AV ROSERAIE";"5580";"06300";"06088";"Nice";"06";"None";"None";"06088000KL0122";"None";"None";"13";"nan";"27";"57.12";"None";"nan";"None";"None";"None";"None";"2";"3";"Dépendance";"nan";"0.0";"None";"None";"None";"None";"nan";"7.292316";"43.6955";"000KL"
"2023-56815";"2023-09-26";"1";"Vente";"295000.0";"2.0";"None";"AV ALFRED LEROUX";"0120";"06300";"06088";"Nice";"06";"None";"None";"06088000KL0109";"None";"None";"15";"nan";"25";"35.28";"None";"nan";"None";"None";"None";"None";"2";"3";"Dépendance";"nan";"0.0";"None";"None";"None";"None";"nan";"7.291911";"43.696205";"000KL"
"2023-56815";"2023-09-26";"1";"Vente";"295000.0";"2.0";"None";"AV ALFRED LEROUX";"0120";"06300";"06088";"Nice";"06";"None";"None";"06088000KL0109";"None";"None";"5";"nan";"None";"nan";"None";"nan";"None";"None";"None";"None";"1";"3";"Dépendance";"nan";"0.0";"None";"None";"None";"None";"nan";"7.291911";"43.696205";"000KL"
"2023-56860";"2023-09-25";"1";"Vente";"225000.0";"46.0";"None";"BD CARNOT";"1145";"06300";"06088";"Nice";"06";"None";"None";"06088000KL0058";"None";"None";"35";"nan";"None";"nan";"None";"nan";"None";"None";"None";"None";"1";"2";"Appartement";"38.0";"2.0";"None";"None";"None";"None";"nan";"7.290121";"43.696525";"000KL"
"2023-56860";"2023-09-25";"1";"Vente";"225000.0";"46.0";"None";"BD CARNOT";"1145";"06300";"06088";"Nice";"06";"None";"None";"06088000KL0058";"None";"None";"8";"nan";"None";"nan";"None";"nan";"None";"None";"None";"None";"1";"3";"Dépendance";"nan";"0.0";"None";"None";"None";"None";"nan";"7.290121";"43.696525";"000KL"
"2023-56647";"2023-09-19";"1";"Vente";"260000.0";"39.0";"None";"BD STALINGRAD";"6285";"06300";"06088";"Nice";"06";"None";"None";"06088000KL0017";"None";"None";"18";"nan";"20";"59.55";"None";"nan";"None";"None";"None";"None";"2";"2";"Appartement";"42.0";"2.0";"None";"None";"None";"None";"nan";"7.287189";"43.696455";"000KL"
"2023-55906";"2023-09-13";"1";"Vente";"560000.0";"11.0";"None";"IMP JEANNE MARLIN";"3406";"06300";"06088";"Nice";"06";"None";"None";"06088000KL0216";"None";"None";"231";"nan";"None";"nan";"None";"nan";"None";"None";"None";"None";"1";"3";"Dépendance";"nan";"0.0";"None";"None";"None";"None";"nan";"7.287399";"43.695443";"000KL"
"2023-55906";"2023-09-13";"1";"Vente";"560000.0";"11.0";"None";"IMP JEANNE MARLIN";"3406";"06300";"06088";"Nice";"06";"None";"None";"06088000KL0216";"None";"None";"244";"nan";"None";"nan";"None";"nan";"None";"None";"None";"None";"1";"4";"Local industriel. commercial ou assimilé";"13.0";"0.0";"None";"None";"None";"None";"nan";"7.287399";"43.695443";"000KL"
"2023-55906";"2023-09-13";"1";"Vente";"560000.0";"11.0";"None";"IMP JEANNE MARLIN";"3406";"06300";"06088";"Nice";"06";"None";"None";"06088000KL0216";"None";"None";"323";"nan";"324";"nan";"545";"nan";"None";"None";"None";"None";"3";"4";"Local industriel. commercial ou assimilé";"62.0";"0.0";"None";"None";"None";"None";"nan";"7.287399";"43.695443";"000KL"
"2023-55906";"2023-09-13";"1";"Vente";"560000.0";"11.0";"None";"IMP JEANNE MARLIN";"3406";"06300";"06088";"Nice";"06";"None";"None";"06088000KL0216";"None";"None";"245";"nan";"None";"nan";"None";"nan";"None";"None";"None";"None";"1";"4";"Local industriel. commercial ou assimilé";"13.0";"0.0";"None";"None";"None";"None";"nan";"7.287399";"43.695443";"000KL"
"2023-55696";"2023-09-07";"1";"Vente";"900000.0";"7.0";"None";"BD FRANCK PILATTE";"2610";"06300";"06088";"Nice";"06";"None";"None";"06088000KL0172";"None";"None";"20";"nan";"None";"nan";"None";"nan";"None";"None";"None";"None";"1";"2";"Appartement";"81.0";"3.0";"None";"None";"None";"None";"nan";"7.288086";"43.694638";"000KL"
"2023-54914";"2023-09-07";"1";"Vente";"23000.0";"4.0";"None";"AV ROSERAIE";"5580";"06300";"06088";"Nice";"06";"None";"None";"06088000KL0122";"None";"None";"47";"nan";"None";"nan";"None";"nan";"None";"None";"None";"None";"1";"3";"Dépendance";"nan";"0.0";"None";"None";"None";"None";"nan";"7.292316";"43.6955";"000KL"
"2023-55696";"2023-09-07";"1";"Vente";"900000.0";"7.0";"None";"BD FRANCK PILATTE";"2610";"06300";"06088";"Nice";"06";"None";"None";"06088000KL0172";"None";"None";"171";"nan";"None";"nan";"None";"nan";"None";"None";"None";"None";"1";"3";"Dépendance";"nan";"0.0";"None";"None";"None";"None";"nan";"7.288086";"43.694638";"000KL"
"2023-55233";"2023-09-06";"1";"Vente";"299000.0";"9.0";"None";"AV GUSTAVIN";"3140";"06300";"06088";"Nice";"06";"None";"None";"06088000KL0090";"None";"None";"4";"42.73";"None";"nan";"None";"nan";"None";"None";"None";"None";"1";"2";"Appartement";"42.0";"3.0";"None";"None";"None";"None";"nan";"7.290575";"43.695652";"000KL"
"2023-55145";"2023-09-05";"1";"Vente";"248000.0";"19.0";"B";"BD FRANCK PILATTE";"2610";"06300";"06088";"Nice";"06";"None";"None";"06088000KL0163";"None";"None";"181";"nan";"284";"nan";"None";"nan";"None";"None";"None";"None";"2";"2";"Appartement";"33.0";"1.0";"None";"None";"None";"None";"nan";"7.289135";"43.694399";"000KL"
"2023-55145";"2023-09-05";"1";"Vente";"248000.0";"19.0";"B";"BD FRANCK PILATTE";"2610";"06300";"06088";"Nice";"06";"None";"None";"06088000KL0163";"None";"None";"181";"nan";"284";"nan";"None";"nan";"None";"None";"None";"None";"2";"3";"Dépendance";"nan";"0.0";"None";"None";"None";"None";"nan";"7.289135";"43.694399";"000KL"
"2023-54813";"2023-09-01";"1";"Vente";"223250.0";"12.0";"None";"AV GUSTAVIN";"3140";"06300";"06088";"Nice";"06";"None";"None";"06088000KL0083";"None";"None";"12";"nan";"6";"nan";"None";"nan";"None";"None";"None";"None";"2";"2";"Appartement";"46.0";"2.0";"None";"None";"None";"None";"nan";"7.290783";"43.695272";"000KL"
"2023-54813";"2023-09-01";"1";"Vente";"223250.0";"12.0";"None";"AV GUSTAVIN";"3140";"06300";"06088";"Nice";"06";"None";"None";"06088000KL0083";"None";"None";"12";"nan";"6";"nan";"None";"nan";"None";"None";"None";"None";"2";"3";"Dépendance";"nan";"0.0";"None";"None";"None";"None";"nan";"7.290783";"43.695272";"000KL"
"2023-54938";"2023-08-31";"1";"Vente";"300840.0";"23.0";"None";"BD FRANCK PILATTE";"2610";"06300";"06088";"Nice";"06";"None";"None";"06088000KL0160";"None";"None";"287";"nan";"383";"63.2";"None";"nan";"None";"None";"None";"None";"2";"2";"Appartement";"70.0";"2.0";"None";"None";"None";"None";"nan";"7.291004";"43.693821";"000KL"
"2023-54938";"2023-08-31";"1";"Vente";"300840.0";"23.0";"None";"BD FRANCK PILATTE";"2610";"06300";"06088";"Nice";"06";"None";"None";"06088000KL0160";"None";"None";"287";"nan";"383";"63.2";"None";"nan";"None";"None";"None";"None";"2";"3";"Dépendance";"nan";"0.0";"None";"None";"None";"None";"nan";"7.291004";"43.693821";"000KL"
"2023-54671";"2023-08-29";"1";"Vente";"620000.0";"70.0";"None";"BD CARNOT";"1145";"06300";"06088";"Nice";"06";"None";"None";"06088000KL0111";"None";"None";"28";"nan";"76";"79.19";"None";"nan";"None";"None";"None";"None";"2";"2";"Appartement";"78.0";"2.0";"None";"None";"None";"None";"nan";"7.292469";"43.695879";"000KL"
"2023-54824";"2023-08-29";"1";"Vente";"540000.0";"15.0";"None";"AV LYMPIA";"3795";"06300";"06088";"Nice";"06";"None";"None";"06088000KL0044";"None";"None";"18";"nan";"83";"nan";"None";"nan";"None";"None";"None";"None";"2";"2";"Appartement";"74.0";"3.0";"None";"None";"None";"None";"nan";"7.288581";"43.695365";"000KL"
"2023-54671";"2023-08-29";"1";"Vente";"620000.0";"70.0";"None";"BD CARNOT";"1145";"06300";"06088";"Nice";"06";"None";"None";"06088000KL0111";"None";"None";"76";"79.19";"None";"nan";"None";"nan";"None";"None";"None";"None";"1";"3";"Dépendance";"nan";"0.0";"None";"None";"None";"None";"nan";"7.292469";"43.695879";"000KL"
"2023-54671";"2023-08-29";"1";"Vente";"620000.0";"70.0";"None";"BD CARNOT";"1145";"06300";"06088";"Nice";"06";"None";"None";"06088000KL0111";"None";"None";"3";"nan";"None";"nan";"None";"nan";"None";"None";"None";"None";"1";"3";"Dépendance";"nan";"0.0";"None";"None";"None";"None";"nan";"7.292469";"43.695879";"000KL"
"2023-54671";"2023-08-29";"1";"Vente";"620000.0";"70.0";"None";"BD CARNOT";"1145";"06300";"06088";"Nice";"06";"None";"None";"06088000KL0111";"None";"None";"28";"nan";"76";"79.19";"None";"nan";"None";"None";"None";"None";"2";"3";"Dépendance";"nan";"0.0";"None";"None";"None";"None";"nan";"7.292469";"43.695879";"000KL"
"2023-54824";"2023-08-29";"1";"Vente";"540000.0";"15.0";"None";"AV LYMPIA";"3795";"06300";"06088";"Nice";"06";"None";"None";"06088000KL0044";"None";"None";"18";"nan";"83";"nan";"None";"nan";"None";"None";"None";"None";"2";"3";"Dépendance";"nan";"0.0";"None";"None";"None";"None";"nan";"7.288581";"43.695365";"000KL"
"2023-54824";"2023-08-29";"1";"Vente";"540000.0";"15.0";"None";"AV LYMPIA";"3795";"06300";"06088";"Nice";"06";"None";"None";"06088000KL0044";"None";"None";"40";"nan";"None";"nan";"None";"nan";"None";"None";"None";"None";"1";"3";"Dépendance";"nan";"0.0";"None";"None";"None";"None";"nan";"7.288581";"43.695365";"000KL"
"2023-54824";"2023-08-29";"1";"Vente";"540000.0";"15.0";"None";"AV LYMPIA";"3795";"06300";"06088";"Nice";"06";"None";"None";"06088000KL0044";"None";"None";"18";"nan";"83";"nan";"None";"nan";"None";"None";"None";"None";"2";"3";"Dépendance";"nan";"0.0";"None";"None";"None";"None";"nan";"7.288581";"43.695365";"000KL"
"2023-55037";"2023-08-28";"1";"Vente";"960000.0";"8.0";"None";"AV ALFRED LEROUX";"0120";"06300";"06088";"Nice";"06";"None";"None";"06088000KL0092";"None";"None";"113";"134.1";"None";"nan";"None";"nan";"None";"None";"None";"None";"1";"2";"Appartement";"114.0";"5.0";"None";"None";"None";"None";"nan";"7.290281";"43.695632";"000KL"
"2023-54310";"2023-08-21";"1";"Vente";"500000.0";"23.0";"None";"BD FRANCK PILATTE";"2610";"06300";"06088";"Nice";"06";"None";"None";"06088000KL0160";"None";"None";"1058";"nan";"1102";"nan";"None";"nan";"None";"None";"None";"None";"2";"2";"Appartement";"58.0";"2.0";"None";"None";"None";"None";"nan";"7.291004";"43.693821";"000KL"
"2023-54310";"2023-08-21";"1";"Vente";"500000.0";"23.0";"None";"BD FRANCK PILATTE";"2610";"06300";"06088";"Nice";"06";"None";"None";"06088000KL0160";"None";"None";"1058";"nan";"1102";"nan";"None";"nan";"None";"None";"None";"None";"2";"3";"Dépendance";"nan";"0.0";"None";"None";"None";"None";"nan";"7.291004";"43.693821";"000KL"
"2023-54310";"2023-08-21";"1";"Vente";"500000.0";"23.0";"None";"BD FRANCK PILATTE";"2610";"06300";"06088";"Nice";"06";"None";"None";"06088000KL0160";"None";"None";"3005";"nan";"None";"nan";"None";"nan";"None";"None";"None";"None";"1";"3";"Dépendance";"nan";"0.0";"None";"None";"None";"None";"nan";"7.291004";"43.693821";"000KL"
"2023-53991";"2023-08-02";"1";"Vente";"110000.0";"12.0";"B";"AV GUSTAVIN";"3140";"06300";"06088";"Nice";"06";"None";"None";"06088000KL0082";"None";"None";"5";"nan";"None";"nan";"None";"nan";"None";"None";"None";"None";"1";"2";"Appartement";"23.0";"1.0";"None";"None";"None";"None";"nan";"7.290498";"43.695338";"000KL"
"2023-53356";"2023-08-01";"1";"Vente";"410000.0";"55.0";"None";"BD STALINGRAD";"6285";"06300";"06088";"Nice";"06";"None";"None";"06088000KL0176";"None";"None";"26";"33.18";"None";"nan";"None";"nan";"None";"None";"None";"None";"1";"2";"Appartement";"35.0";"2.0";"None";"None";"None";"None";"nan";"7.286852";"43.6947";"000KL"
"2023-53356";"2023-08-01";"1";"Vente";"410000.0";"55.0";"None";"BD STALINGRAD";"6285";"06300";"06088";"Nice";"06";"None";"None";"06088000KL0176";"None";"None";"29";"33.05";"None";"nan";"None";"nan";"None";"None";"None";"None";"1";"2";"Appartement";"35.0";"2.0";"None";"None";"None";"None";"nan";"7.286852";"43.6947";"000KL"
"2023-53306";"2023-07-27";"1";"Vente";"360000.0";"6.0";"None";"AV JEANNE MARLIN";"3405";"06300";"06088";"Nice";"06";"None";"None";"06088000KL0035";"None";"None";"3";"nan";"None";"nan";"None";"nan";"None";"None";"None";"None";"1";"4";"Local industriel. commercial ou assimilé";"220.0";"0.0";"None";"None";"None";"None";"nan";"7.287479";"43.695947";"000KL"
"2023-53394";"2023-07-26";"1";"Vente";"442000.0";"11.0";"B";"BD FRANCK PILATTE";"2610";"06300";"06088";"Nice";"06";"None";"None";"06088000KL0172";"None";"None";"312";"nan";"351";"36.22";"None";"nan";"None";"None";"None";"None";"2";"2";"Appartement";"35.0";"1.0";"None";"None";"None";"None";"nan";"7.288086";"43.694638";"000KL"
"2023-53394";"2023-07-26";"1";"Vente";"442000.0";"11.0";"B";"BD FRANCK PILATTE";"2610";"06300";"06088";"Nice";"06";"None";"None";"06088000KL0172";"None";"None";"312";"nan";"351";"36.22";"None";"nan";"None";"None";"None";"None";"2";"3";"Dépendance";"nan";"0.0";"None";"None";"None";"None";"nan";"7.288086";"43.694638";"000KL"
"2023-53119";"2023-07-24";"1";"Vente";"412000.0";"9017.0";"None";"AV LYMPIA";"3795";"06300";"06088";"Nice";"06";"None";"None";"06088000KL0048";"None";"None";"1";"nan";"3";"83.2";"None";"nan";"None";"None";"None";"None";"2";"2";"Appartement";"90.0";"4.0";"None";"None";"None";"None";"nan";"7.288711";"43.69586";"000KL"
"2023-52675";"2023-07-18";"1";"Vente";"377400.0";"11.0";"B";"BD FRANCK PILATTE";"2610";"06300";"06088";"Nice";"06";"None";"None";"06088000KL0172";"None";"None";"320";"44.56";"None";"nan";"None";"nan";"None";"None";"None";"None";"1";"2";"Appartement";"36.0";"2.0";"None";"None";"None";"None";"nan";"7.288086";"43.694638";"000KL"
"2023-52924";"2023-07-18";"1";"Vente";"860700.0";"9.0";"None";"AV GUSTAVIN";"3140";"06300";"06088";"Nice";"06";"None";"None";"06088000KL0090";"None";"None";"14";"nan";"9";"nan";"None";"nan";"None";"None";"None";"None";"2";"2";"Appartement";"94.0";"4.0";"None";"None";"None";"None";"nan";"7.290575";"43.695652";"000KL"
"2023-52924";"2023-07-18";"1";"Vente";"860700.0";"9.0";"None";"AV GUSTAVIN";"3140";"06300";"06088";"Nice";"06";"None";"None";"06088000KL0090";"None";"None";"14";"nan";"9";"nan";"None";"nan";"None";"None";"None";"None";"2";"3";"Dépendance";"nan";"0.0";"None";"None";"None";"None";"nan";"7.290575";"43.695652";"000KL"
"2023-53031";"2023-07-10";"1";"Vente";"520000.0";"15.0";"None";"AV LYMPIA";"3795";"06300";"06088";"Nice";"06";"None";"None";"06088000KL0044";"None";"None";"117";"76.01";"None";"nan";"None";"nan";"None";"None";"None";"None";"1";"2";"Appartement";"80.0";"3.0";"None";"None";"None";"None";"nan";"7.288581";"43.695365";"000KL"
"2023-53031";"2023-07-10";"1";"Vente";"520000.0";"15.0";"None";"AV LYMPIA";"3795";"06300";"06088";"Nice";"06";"None";"None";"06088000KL0044";"None";"None";"117";"76.01";"None";"nan";"None";"nan";"None";"None";"None";"None";"1";"3";"Dépendance";"nan";"0.0";"None";"None";"None";"None";"nan";"7.288581";"43.695365";"000KL"
"2023-53031";"2023-07-10";"1";"Vente";"520000.0";"15.0";"None";"AV LYMPIA";"3795";"06300";"06088";"Nice";"06";"None";"None";"06088000KL0044";"None";"None";"117";"76.01";"None";"nan";"None";"nan";"None";"None";"None";"None";"1";"3";"Dépendance";"nan";"0.0";"None";"None";"None";"None";"nan";"7.288581";"43.695365";"000KL"
"2023-53031";"2023-07-10";"1";"Vente";"520000.0";"15.0";"None";"AV LYMPIA";"3795";"06300";"06088";"Nice";"06";"None";"None";"06088000KL0044";"None";"None";"35";"nan";"None";"nan";"None";"nan";"None";"None";"None";"None";"1";"3";"Dépendance";"nan";"0.0";"None";"None";"None";"None";"nan";"7.288581";"43.695365";"000KL"
"2023-52602";"2023-07-07";"1";"Vente";"372500.0";"45.0";"None";"BD STALINGRAD";"6285";"06300";"06088";"Nice";"06";"None";"None";"06088000KL0041";"None";"None";"49";"nan";"96";"nan";"None";"nan";"None";"None";"None";"None";"2";"2";"Appartement";"75.0";"4.0";"None";"None";"None";"None";"nan";"7.286946";"43.695496";"000KL"
"2023-52602";"2023-07-07";"1";"Vente";"372500.0";"45.0";"None";"BD STALINGRAD";"6285";"06300";"06088";"Nice";"06";"None";"None";"06088000KL0041";"None";"None";"49";"nan";"96";"nan";"None";"nan";"None";"None";"None";"None";"2";"3";"Dépendance";"nan";"0.0";"None";"None";"None";"None";"nan";"7.286946";"43.695496";"000KL"
"2023-51916";"2023-06-29";"1";"Vente";"620000.0";"7.0";"T";"BD FRANCK PILATTE";"2610";"06300";"06088";"Nice";"06";"None";"None";"06088000KL0172";"None";"None";"119";"nan";"158";"77.01";"None";"nan";"None";"None";"None";"None";"2";"2";"Appartement";"81.0";"3.0";"None";"None";"None";"None";"nan";"7.288086";"43.694638";"000KL"
"2023-53035";"2023-06-29";"1";"Vente";"450000.0";"45.0";"None";"BD STALINGRAD";"6285";"06300";"06088";"Nice";"06";"None";"None";"06088000KL0041";"None";"None";"38";"68.27";"81";"nan";"None";"nan";"None";"None";"None";"None";"2";"2";"Appartement";"75.0";"4.0";"None";"None";"None";"None";"nan";"7.286946";"43.695496";"000KL"
"2023-51916";"2023-06-29";"1";"Vente";"620000.0";"7.0";"T";"BD FRANCK PILATTE";"2610";"06300";"06088";"Nice";"06";"None";"None";"06088000KL0172";"None";"None";"173";"nan";"None";"nan";"None";"nan";"None";"None";"None";"None";"1";"3";"Dépendance";"nan";"0.0";"None";"None";"None";"None";"nan";"7.288086";"43.694638";"000KL"
"2023-51916";"2023-06-29";"1";"Vente";"620000.0";"7.0";"T";"BD FRANCK PILATTE";"2610";"06300";"06088";"Nice";"06";"None";"None";"06088000KL0172";"None";"None";"119";"nan";"158";"77.01";"None";"nan";"None";"None";"None";"None";"2";"3";"Dépendance";"nan";"0.0";"None";"None";"None";"None";"nan";"7.288086";"43.694638";"000KL"
"2023-53035";"2023-06-29";"1";"Vente";"450000.0";"45.0";"None";"BD STALINGRAD";"6285";"06300";"06088";"Nice";"06";"None";"None";"06088000KL0041";"None";"None";"38";"68.27";"81";"nan";"None";"nan";"None";"None";"None";"None";"2";"3";"Dépendance";"nan";"0.0";"None";"None";"None";"None";"nan";"7.286946";"43.695496";"000KL"
"2023-51714";"2023-06-27";"1";"Vente";"352000.0";"45.0";"None";"BD STALINGRAD";"6285";"06300";"06088";"Nice";"06";"None";"None";"06088000KL0041";"None";"None";"115";"nan";"26";"43.9";"None";"nan";"None";"None";"None";"None";"2";"2";"Appartement";"44.0";"2.0";"None";"None";"None";"None";"nan";"7.286946";"43.695496";"000KL"
"2023-51714";"2023-06-27";"1";"Vente";"352000.0";"45.0";"None";"BD STALINGRAD";"6285";"06300";"06088";"Nice";"06";"None";"None";"06088000KL0041";"None";"None";"115";"nan";"26";"43.9";"None";"nan";"None";"None";"None";"None";"2";"3";"Dépendance";"nan";"0.0";"None";"None";"None";"None";"nan";"7.286946";"43.695496";"000KL"
"2023-52038";"2023-06-26";"1";"Vente";"127000.0";"55.0";"None";"BD STALINGRAD";"6285";"06300";"06088";"Nice";"06";"None";"None";"06088000KL0176";"None";"None";"25";"18.08";"None";"nan";"None";"nan";"None";"None";"None";"None";"1";"2";"Appartement";"18.0";"1.0";"None";"None";"None";"None";"nan";"7.286852";"43.6947";"000KL"
"2023-52040";"2023-06-26";"1";"Vente";"133000.0";"55.0";"None";"BD STALINGRAD";"6285";"06300";"06088";"Nice";"06";"None";"None";"06088000KL0176";"None";"None";"28";"18.1";"None";"nan";"None";"nan";"None";"None";"None";"None";"1";"2";"Appartement";"18.0";"1.0";"None";"None";"None";"None";"nan";"7.286852";"43.6947";"000KL"
"2023-51557";"2023-06-22";"1";"Vente";"140000.0";"52.0";"None";"BD CARNOT";"1145";"06300";"06088";"Nice";"06";"None";"None";"06088000KL0194";"None";"None";"61";"nan";"None";"nan";"None";"nan";"None";"None";"None";"None";"1";"2";"Appartement";"25.0";"1.0";"None";"None";"None";"None";"nan";"7.290893";"43.696371";"000KL"
"2023-51985";"2023-06-22";"1";"Vente";"232000.0";"11.0";"B";"BD FRANCK PILATTE";"2610";"06300";"06088";"Nice";"06";"None";"None";"06088000KL0172";"None";"None";"331";"nan";"None";"nan";"None";"nan";"None";"None";"None";"None";"1";"2";"Appartement";"26.0";"1.0";"None";"None";"None";"None";"nan";"7.288086";"43.694638";"000KL"
"2023-51557";"2023-06-22";"1";"Vente";"140000.0";"52.0";"None";"BD CARNOT";"1145";"06300";"06088";"Nice";"06";"None";"None";"06088000KL0194";"None";"None";"29";"nan";"None";"nan";"None";"nan";"None";"None";"None";"None";"1";"3";"Dépendance";"nan";"0.0";"None";"None";"None";"None";"nan";"7.290893";"43.696371";"000KL"
"2023-52169";"2023-06-21";"1";"Vente";"211000.0";"39.0";"B";"BD STALINGRAD";"6285";"06300";"06088";"Nice";"06";"None";"None";"06088000KL0018";"None";"None";"17";"nan";"84";"nan";"None";"nan";"None";"None";"None";"None";"2";"2";"Appartement";"42.0";"2.0";"None";"None";"None";"None";"nan";"7.287295";"43.696354";"000KL"
"2023-52229";"2023-06-21";"1";"Vente";"330000.0";"23.0";"None";"BD FRANCK PILATTE";"2610";"06300";"06088";"Nice";"06";"None";"None";"06088000KL0160";"None";"None";"1058";"nan";"1102";"nan";"None";"nan";"None";"None";"None";"None";"2";"2";"Appartement";"58.0";"2.0";"None";"None";"None";"None";"nan";"7.291004";"43.693821";"000KL"
"2023-52169";"2023-06-21";"1";"Vente";"211000.0";"39.0";"B";"BD STALINGRAD";"6285";"06300";"06088";"Nice";"06";"None";"None";"06088000KL0018";"None";"None";"77";"nan";"None";"nan";"None";"nan";"None";"None";"None";"None";"1";"3";"Dépendance";"nan";"0.0";"None";"None";"None";"None";"nan";"7.287295";"43.696354";"000KL"
"2023-52169";"2023-06-21";"1";"Vente";"211000.0";"39.0";"B";"BD STALINGRAD";"6285";"06300";"06088";"Nice";"06";"None";"None";"06088000KL0018";"None";"None";"17";"nan";"84";"nan";"None";"nan";"None";"None";"None";"None";"2";"3";"Dépendance";"nan";"0.0";"None";"None";"None";"None";"nan";"7.287295";"43.696354";"000KL"
"2023-52229";"2023-06-21";"1";"Vente";"330000.0";"23.0";"None";"BD FRANCK PILATTE";"2610";"06300";"06088";"Nice";"06";"None";"None";"06088000KL0160";"None";"None";"3005";"nan";"None";"nan";"None";"nan";"None";"None";"None";"None";"1";"3";"Dépendance";"nan";"0.0";"None";"None";"None";"None";"nan";"7.291004";"43.693821";"000KL"
"2023-52229";"2023-06-21";"1";"Vente";"330000.0";"23.0";"None";"BD FRANCK PILATTE";"2610";"06300";"06088";"Nice";"06";"None";"None";"06088000KL0160";"None";"None";"1058";"nan";"1102";"nan";"None";"nan";"None";"None";"None";"None";"2";"3";"Dépendance";"nan";"0.0";"None";"None";"None";"None";"nan";"7.291004";"43.693821";"000KL"
"2023-51119";"2023-06-19";"1";"Vente";"310000.0";"4.0";"None";"AV ROSERAIE";"5580";"06300";"06088";"Nice";"06";"None";"None";"06088000KL0122";"None";"None";"35";"nan";"5";"nan";"None";"nan";"None";"None";"None";"None";"2";"2";"Appartement";"50.0";"2.0";"None";"None";"None";"None";"nan";"7.292316";"43.6955";"000KL"
"2023-51119";"2023-06-19";"1";"Vente";"310000.0";"4.0";"None";"AV ROSERAIE";"5580";"06300";"06088";"Nice";"06";"None";"None";"06088000KL0122";"None";"None";"35";"nan";"5";"nan";"None";"nan";"None";"None";"None";"None";"2";"3";"Dépendance";"nan";"0.0";"None";"None";"None";"None";"nan";"7.292316";"43.6955";"000KL"
"2023-51119";"2023-06-19";"1";"Vente";"310000.0";"4.0";"None";"AV ROSERAIE";"5580";"06300";"06088";"Nice";"06";"None";"None";"06088000KL0122";"None";"None";"44";"nan";"None";"nan";"None";"nan";"None";"None";"None";"None";"1";"3";"Dépendance";"nan";"0.0";"None";"None";"None";"None";"nan";"7.292316";"43.6955";"000KL"
"2023-51679";"2023-06-15";"1";"Vente";"227000.0";"55.0";"None";"BD STALINGRAD";"6285";"06300";"06088";"Nice";"06";"None";"None";"06088000KL0176";"None";"None";"35";"33.01";"None";"nan";"None";"nan";"None";"None";"None";"None";"1";"2";"Appartement";"35.0";"2.0";"None";"None";"None";"None";"nan";"7.286852";"43.6947";"000KL"
"2023-51839";"2023-06-15";"1";"Vente";"120000.0";"39.0";"None";"BD STALINGRAD";"6285";"06300";"06088";"Nice";"06";"None";"None";"06088000KL0017";"None";"None";"31";"nan";"None";"nan";"None";"nan";"None";"None";"None";"None";"1";"2";"Appartement";"34.0";"2.0";"None";"None";"None";"None";"nan";"7.287189";"43.696455";"000KL"
"2023-50646";"2023-06-08";"1";"Vente";"470000.0";"15.0";"None";"AV LYMPIA";"3795";"06300";"06088";"Nice";"06";"None";"None";"06088000KL0044";"None";"None";"84";"85.37";"None";"nan";"None";"nan";"None";"None";"None";"None";"1";"2";"Appartement";"85.0";"4.0";"None";"None";"None";"None";"nan";"7.288581";"43.695365";"000KL"
"2023-51633";"2023-06-08";"1";"Vente";"225450.0";"55.0";"None";"BD STALINGRAD";"6285";"06300";"06088";"Nice";"06";"None";"None";"06088000KL0176";"None";"None";"32";"nan";"None";"nan";"None";"nan";"None";"None";"None";"None";"1";"2";"Appartement";"35.0";"2.0";"None";"None";"None";"None";"nan";"7.286852";"43.6947";"000KL"
"2023-50646";"2023-06-08";"1";"Vente";"470000.0";"15.0";"None";"AV LYMPIA";"3795";"06300";"06088";"Nice";"06";"None";"None";"06088000KL0044";"None";"None";"68";"nan";"None";"nan";"None";"nan";"None";"None";"None";"None";"1";"3";"Dépendance";"nan";"0.0";"None";"None";"None";"None";"nan";"7.288581";"43.695365";"000KL"
"2023-50646";"2023-06-08";"1";"Vente";"470000.0";"15.0";"None";"AV LYMPIA";"3795";"06300";"06088";"Nice";"06";"None";"None";"06088000KL0044";"None";"None";"8";"nan";"None";"nan";"None";"nan";"None";"None";"None";"None";"1";"3";"Dépendance";"nan";"0.0";"None";"None";"None";"None";"nan";"7.288581";"43.695365";"000KL"
"2023-51298";"2023-06-07";"1";"Vente";"60000.0";"55.0";"None";"BD STALINGRAD";"6285";"06300";"06088";"Nice";"06";"None";"None";"06088000KL0176";"None";"None";"19";"nan";"None";"nan";"None";"nan";"None";"None";"None";"None";"1";"3";"Dépendance";"nan";"0.0";"None";"None";"None";"None";"nan";"7.286852";"43.6947";"000KL"
"2023-50518";"2023-06-02";"1";"Vente";"205000.0";"33.0";"None";"BD STALINGRAD";"6285";"06300";"06088";"Nice";"06";"None";"None";"06088000KL0015";"None";"None";"195";"nan";"28";"nan";"None";"nan";"None";"None";"None";"None";"2";"2";"Appartement";"60.0";"3.0";"None";"None";"None";"None";"nan";"7.287665";"43.696738";"000KL"
"2023-50518";"2023-06-02";"1";"Vente";"205000.0";"33.0";"None";"BD STALINGRAD";"6285";"06300";"06088";"Nice";"06";"None";"None";"06088000KL0015";"None";"None";"195";"nan";"28";"nan";"None";"nan";"None";"None";"None";"None";"2";"3";"Dépendance";"nan";"0.0";"None";"None";"None";"None";"nan";"7.287665";"43.696738";"000KL"
"2023-50237";"2023-05-31";"1";"Vente";"285000.0";"23.0";"None";"BD STALINGRAD";"6285";"06300";"06088";"Nice";"06";"None";"None";"06088000KL0007";"None";"None";"35";"53.09";"None";"nan";"None";"nan";"None";"None";"None";"None";"1";"2";"Appartement";"54.0";"3.0";"None";"None";"None";"None";"nan";"7.287274";"43.697621";"000KL"
"2023-50820";"2023-05-26";"1";"Vente";"130000.0";"55.0";"None";"BD STALINGRAD";"6285";"06300";"06088";"Nice";"06";"None";"None";"06088000KL0176";"None";"None";"34";"nan";"None";"nan";"None";"nan";"None";"None";"None";"None";"1";"2";"Appartement";"18.0";"1.0";"None";"None";"None";"None";"nan";"7.286852";"43.6947";"000KL"
"2023-49812";"2023-05-11";"1";"Vente";"167000.0";"55.0";"None";"BD STALINGRAD";"6285";"06300";"06088";"Nice";"06";"None";"None";"06088000KL0176";"None";"None";"30";"24.76";"None";"nan";"None";"nan";"None";"None";"None";"None";"1";"2";"Appartement";"24.0";"2.0";"None";"None";"None";"None";"nan";"7.286852";"43.6947";"000KL"
"2023-49975";"2023-05-11";"1";"Vente";"1050000.0";"13.0";"None";"BD FRANCK PILATTE";"2610";"06300";"06088";"Nice";"06";"None";"None";"06088000KL0172";"None";"None";"651";"nan";"775";"87.05";"None";"nan";"None";"None";"None";"None";"2";"2";"Appartement";"91.0";"4.0";"None";"None";"None";"None";"nan";"7.288086";"43.694638";"000KL"
"2023-49975";"2023-05-11";"1";"Vente";"1050000.0";"13.0";"T";"BD FRANCK PILATTE";"2610";"06300";"06088";"Nice";"06";"None";"None";"06088000KL0172";"None";"None";"738";"nan";"None";"nan";"None";"nan";"None";"None";"None";"None";"1";"3";"Dépendance";"nan";"0.0";"None";"None";"None";"None";"nan";"7.288086";"43.694638";"000KL"
"2023-49975";"2023-05-11";"1";"Vente";"1050000.0";"13.0";"None";"BD FRANCK PILATTE";"2610";"06300";"06088";"Nice";"06";"None";"None";"06088000KL0172";"None";"None";"651";"nan";"775";"87.05";"None";"nan";"None";"None";"None";"None";"2";"3";"Dépendance";"nan";"0.0";"None";"None";"None";"None";"nan";"7.288086";"43.694638";"000KL"
"2023-50272";"2023-05-10";"1";"Vente";"255000.0";"33.0";"None";"BD STALINGRAD";"6285";"06300";"06088";"Nice";"06";"None";"None";"06088000KL0015";"None";"None";"21";"nan";"None";"nan";"None";"nan";"None";"None";"None";"None";"1";"2";"Appartement";"68.0";"4.0";"None";"None";"None";"None";"nan";"7.287665";"43.696738";"000KL"
"2023-50272";"2023-05-10";"1";"Vente";"255000.0";"33.0";"None";"BD STALINGRAD";"6285";"06300";"06088";"Nice";"06";"None";"None";"06088000KL0015";"None";"None";"21";"nan";"None";"nan";"None";"nan";"None";"None";"None";"None";"1";"3";"Dépendance";"nan";"0.0";"None";"None";"None";"None";"nan";"7.287665";"43.696738";"000KL"
"2023-49107";"2023-05-02";"1";"Vente";"40000.0";"8.0";"None";"AV JEANNE MARLIN";"3405";"06300";"06088";"Nice";"06";"None";"None";"06088000KL0033";"None";"None";"8";"nan";"None";"nan";"None";"nan";"None";"None";"None";"None";"1";"3";"Dépendance";"nan";"0.0";"None";"None";"None";"None";"nan";"7.28772";"43.695892";"000KL"
"2023-49405";"2023-04-28";"1";"Vente";"215000.0";"55.0";"None";"BD STALINGRAD";"6285";"06300";"06088";"Nice";"06";"None";"None";"06088000KL0176";"None";"None";"33";"nan";"None";"nan";"None";"nan";"None";"None";"None";"None";"1";"2";"Appartement";"22.0";"1.0";"None";"None";"None";"None";"nan";"7.286852";"43.6947";"000KL"
"2023-49418";"2023-04-28";"1";"Vente";"140000.0";"55.0";"None";"BD STALINGRAD";"6285";"06300";"06088";"Nice";"06";"None";"None";"06088000KL0176";"None";"None";"27";"nan";"None";"nan";"None";"nan";"None";"None";"None";"None";"1";"2";"Appartement";"22.0";"1.0";"None";"None";"None";"None";"nan";"7.286852";"43.6947";"000KL"
"2023-49405";"2023-04-28";"1";"Vente";"215000.0";"55.0";"None";"BD STALINGRAD";"6285";"06300";"06088";"Nice";"06";"None";"None";"06088000KL0176";"None";"None";"21";"nan";"None";"nan";"None";"nan";"None";"None";"None";"None";"1";"3";"Dépendance";"nan";"0.0";"None";"None";"None";"None";"nan";"7.286852";"43.6947";"000KL"
"2023-48518";"2023-04-27";"1";"Vente";"475000.0";"51.0";"None";"BD STALINGRAD";"6285";"06300";"06088";"Nice";"06";"None";"None";"06088000KL0182";"None";"None";"161";"49.16";"None";"nan";"None";"nan";"None";"None";"None";"None";"1";"2";"Appartement";"128.0";"3.0";"None";"None";"None";"None";"nan";"7.286808";"43.694933";"000KL"
"2023-48518";"2023-04-27";"1";"Vente";"475000.0";"51.0";"None";"BD STALINGRAD";"6285";"06300";"06088";"Nice";"06";"None";"None";"06088000KL0182";"None";"None";"161";"49.16";"None";"nan";"None";"nan";"None";"None";"None";"None";"1";"3";"Dépendance";"nan";"0.0";"None";"None";"None";"None";"nan";"7.286808";"43.694933";"000KL"
"2023-48961";"2023-04-21";"1";"Vente";"520000.0";"19.0";"B";"BD FRANCK PILATTE";"2610";"06300";"06088";"Nice";"06";"None";"None";"06088000KL0163";"None";"None";"21";"nan";"44";"nan";"None";"nan";"None";"None";"None";"None";"2";"2";"Appartement";"54.0";"2.0";"None";"None";"None";"None";"nan";"7.289135";"43.694399";"000KL"
"2023-48553";"2023-04-21";"1";"Vente";"35000.0";"33.0";"None";"BD STALINGRAD";"6285";"06300";"06088";"Nice";"06";"None";"None";"06088000KL0015";"None";"None";"222";"nan";"None";"nan";"None";"nan";"None";"None";"None";"None";"1";"3";"Dépendance";"nan";"0.0";"None";"None";"None";"None";"nan";"7.287665";"43.696738";"000KL"
"2023-48961";"2023-04-21";"1";"Vente";"520000.0";"19.0";"B";"BD FRANCK PILATTE";"2610";"06300";"06088";"Nice";"06";"None";"None";"06088000KL0163";"None";"None";"21";"nan";"44";"nan";"None";"nan";"None";"None";"None";"None";"2";"3";"Dépendance";"nan";"0.0";"None";"None";"None";"None";"nan";"7.289135";"43.694399";"000KL"
"2023-48709";"2023-04-18";"1";"Vente";"1030000.0";"23.0";"None";"BD FRANCK PILATTE";"2610";"06300";"06088";"Nice";"06";"None";"None";"06088000KL0160";"None";"None";"285";"nan";"395";"69.83";"None";"nan";"None";"None";"None";"None";"2";"2";"Appartement";"68.0";"2.0";"None";"None";"None";"None";"nan";"7.291004";"43.693821";"000KL"
"2023-48709";"2023-04-18";"1";"Vente";"1030000.0";"23.0";"None";"BD FRANCK PILATTE";"2610";"06300";"06088";"Nice";"06";"None";"None";"06088000KL0160";"None";"None";"285";"nan";"395";"69.83";"None";"nan";"None";"None";"None";"None";"2";"3";"Dépendance";"nan";"0.0";"None";"None";"None";"None";"nan";"7.291004";"43.693821";"000KL"
"2023-48709";"2023-04-18";"1";"Vente";"1030000.0";"23.0";"None";"BD FRANCK PILATTE";"2610";"06300";"06088";"Nice";"06";"None";"None";"06088000KL0160";"None";"None";"285";"nan";"395";"69.83";"None";"nan";"None";"None";"None";"None";"2";"3";"Dépendance";"nan";"0.0";"None";"None";"None";"None";"nan";"7.291004";"43.693821";"000KL"
"2023-48966";"2023-04-14";"1";"Vente";"41083.9";"52.0";"None";"BD CARNOT";"1145";"06300";"06088";"Nice";"06";"None";"None";"06088000KL0194";"None";"None";"72";"nan";"None";"nan";"None";"nan";"None";"None";"None";"None";"1";"2";"Appartement";"24.0";"1.0";"None";"None";"None";"None";"nan";"7.290893";"43.696371";"000KL"
"2023-48966";"2023-04-14";"1";"Vente";"41083.9";"52.0";"None";"BD CARNOT";"1145";"06300";"06088";"Nice";"06";"None";"None";"06088000KL0194";"None";"None";"3";"nan";"None";"nan";"None";"nan";"None";"None";"None";"None";"1";"3";"Dépendance";"nan";"0.0";"None";"None";"None";"None";"nan";"7.290893";"43.696371";"000KL"
"2023-48248";"2023-04-12";"1";"Vente";"138000.0";"55.0";"None";"BD STALINGRAD";"6285";"06300";"06088";"Nice";"06";"None";"None";"06088000KL0176";"None";"None";"31";"nan";"None";"nan";"None";"nan";"None";"None";"None";"None";"1";"2";"Appartement";"18.0";"1.0";"None";"None";"None";"None";"nan";"7.286852";"43.6947";"000KL"
"2023-48428";"2023-04-07";"1";"Vente";"1640000.0";"62.0";"None";"BD CARNOT";"1145";"06300";"06088";"Nice";"06";"None";"None";"06088000KL0099";"None";"None";"None";"nan";"None";"nan";"None";"nan";"None";"None";"None";"None";"0";"4";"Local industriel. commercial ou assimilé";"340.0";"0.0";"S";"sols";"None";"None";"465.0";"nan";"nan";"000KL"
"2023-48428";"2023-04-07";"1";"Vente";"1640000.0";"64.0";"None";"BD CARNOT";"1145";"06300";"06088";"Nice";"06";"None";"None";"06088000KL0208";"None";"None";"None";"nan";"None";"nan";"None";"nan";"None";"None";"None";"None";"0";"None";"None";"nan";"nan";"S";"sols";"None";"None";"225.0";"7.291391";"43.696406";"000KL"
"2023-48011";"2023-04-03";"1";"Vente";"1050000.0";"58.0";"None";"BD CARNOT";"1145";"06300";"06088";"Nice";"06";"None";"None";"06088000KL0102";"None";"None";"23";"nan";"None";"nan";"None";"nan";"None";"None";"None";"None";"1";"2";"Appartement";"180.0";"8.0";"None";"None";"None";"None";"nan";"7.291252";"43.696494";"000KL"
"2023-48011";"2023-04-03";"1";"Vente";"1050000.0";"58.0";"None";"BD CARNOT";"1145";"06300";"06088";"Nice";"06";"None";"None";"06088000KL0102";"None";"None";"23";"nan";"None";"nan";"None";"nan";"None";"None";"None";"None";"1";"3";"Dépendance";"nan";"0.0";"None";"None";"None";"None";"nan";"7.291252";"43.696494";"000KL"
"2023-48011";"2023-04-03";"1";"Vente";"1050000.0";"58.0";"None";"BD CARNOT";"1145";"06300";"06088";"Nice";"06";"None";"None";"06088000KL0102";"None";"None";"23";"nan";"None";"nan";"None";"nan";"None";"None";"None";"None";"1";"3";"Dépendance";"nan";"0.0";"None";"None";"None";"None";"nan";"7.291252";"43.696494";"000KL"
"2023-48011";"2023-04-03";"1";"Vente";"1050000.0";"58.0";"None";"BD CARNOT";"1145";"06300";"06088";"Nice";"06";"None";"None";"06088000KL0102";"None";"None";"23";"nan";"None";"nan";"None";"nan";"None";"None";"None";"None";"1";"3";"Dépendance";"nan";"0.0";"None";"None";"None";"None";"nan";"7.291252";"43.696494";"000KL"
"2023-48095";"2023-03-29";"1";"Vente";"762000.0";"14.0";"None";"AV GUSTAVIN";"3140";"06300";"06088";"Nice";"06";"None";"None";"06088000KL0081";"None";"None";"None";"nan";"None";"nan";"None";"nan";"None";"None";"None";"None";"0";"1";"Maison";"90.0";"4.0";"S";"sols";"None";"None";"383.0";"7.290266";"43.695394";"000KL"
"2023-47841";"2023-03-28";"1";"Vente";"370000.0";"9006.0";"None";"AV LYMPIA";"3795";"06300";"06088";"Nice";"06";"None";"None";"06088000KL0063";"None";"None";"103";"nan";"172";"80.34";"None";"nan";"None";"None";"None";"None";"2";"2";"Appartement";"80.0";"3.0";"None";"None";"None";"None";"nan";"7.289405";"43.695595";"000KL"
"2023-47841";"2023-03-28";"1";"Vente";"370000.0";"9006.0";"None";"AV LYMPIA";"3795";"06300";"06088";"Nice";"06";"None";"None";"06088000KL0063";"None";"None";"103";"nan";"172";"80.34";"None";"nan";"None";"None";"None";"None";"2";"3";"Dépendance";"nan";"0.0";"None";"None";"None";"None";"nan";"7.289405";"43.695595";"000KL"
"2023-47841";"2023-03-28";"1";"Vente";"370000.0";"9006.0";"None";"AV LYMPIA";"3795";"06300";"06088";"Nice";"06";"None";"None";"06088000KL0063";"None";"None";"140";"nan";"None";"nan";"None";"nan";"None";"None";"None";"None";"1";"3";"Dépendance";"nan";"0.0";"None";"None";"None";"None";"nan";"7.289405";"43.695595";"000KL"
"2023-47841";"2023-03-28";"1";"Vente";"370000.0";"9006.0";"None";"AV LYMPIA";"3795";"06300";"06088";"Nice";"06";"None";"None";"06088000KL0063";"None";"None";"103";"nan";"172";"80.34";"None";"nan";"None";"None";"None";"None";"2";"3";"Dépendance";"nan";"0.0";"None";"None";"None";"None";"nan";"7.289405";"43.695595";"000KL"
"2023-47965";"2023-03-27";"1";"Vente";"329000.0";"18.0";"None";"AV GUSTAVIN";"3140";"06300";"06088";"Nice";"06";"None";"None";"06088000KL0077";"None";"None";"10";"58.0";"6";"nan";"None";"nan";"None";"None";"None";"None";"2";"2";"Appartement";"61.0";"3.0";"None";"None";"None";"None";"nan";"7.29047";"43.695144";"000KL"
"2023-47181";"2023-03-20";"1";"Vente";"42000.0";"51.0";"None";"BD STALINGRAD";"6285";"06300";"06088";"Nice";"06";"None";"None";"06088000KL0182";"None";"None";"128";"nan";"None";"nan";"None";"nan";"None";"None";"None";"None";"1";"3";"Dépendance";"nan";"0.0";"None";"None";"None";"None";"nan";"7.286808";"43.694933";"000KL"
"2023-47420";"2023-03-14";"1";"Vente";"220000.0";"4.0";"None";"AV ROSERAIE";"5580";"06300";"06088";"Nice";"06";"None";"None";"06088000KL0122";"None";"None";"10";"nan";"57";"nan";"None";"nan";"None";"None";"None";"None";"2";"2";"Appartement";"41.0";"2.0";"None";"None";"None";"None";"nan";"7.292316";"43.6955";"000KL"
"2023-47420";"2023-03-14";"1";"Vente";"220000.0";"4.0";"None";"AV ROSERAIE";"5580";"06300";"06088";"Nice";"06";"None";"None";"06088000KL0122";"None";"None";"10";"nan";"57";"nan";"None";"nan";"None";"None";"None";"None";"2";"3";"Dépendance";"nan";"0.0";"None";"None";"None";"None";"nan";"7.292316";"43.6955";"000KL"
"2023-47107";"2023-03-03";"1";"Vente";"469000.0";"11.0";"None";"BD FRANCK PILATTE";"2610";"06300";"06088";"Nice";"06";"None";"None";"06088000KL0172";"None";"None";"224";"nan";"283";"47.65";"None";"nan";"None";"None";"None";"None";"2";"2";"Appartement";"50.0";"2.0";"None";"None";"None";"None";"nan";"7.288086";"43.694638";"000KL"
"2023-47107";"2023-03-03";"1";"Vente";"469000.0";"11.0";"None";"BD FRANCK PILATTE";"2610";"06300";"06088";"Nice";"06";"None";"None";"06088000KL0172";"None";"None";"224";"nan";"283";"47.65";"None";"nan";"None";"None";"None";"None";"2";"3";"Dépendance";"nan";"0.0";"None";"None";"None";"None";"nan";"7.288086";"43.694638";"000KL"
"2023-47107";"2023-03-03";"1";"Vente";"469000.0";"7.0";"None";"BD FRANCK PILATTE";"2610";"06300";"06088";"Nice";"06";"None";"None";"06088000KL0172";"None";"None";"36";"nan";"None";"nan";"None";"nan";"None";"None";"None";"None";"1";"3";"Dépendance";"nan";"0.0";"None";"None";"None";"None";"nan";"7.288086";"43.694638";"000KL"
"2023-46061";"2023-02-28";"1";"Vente";"172000.0";"39.0";"None";"BD STALINGRAD";"6285";"06300";"06088";"Nice";"06";"None";"None";"06088000KL0017";"None";"None";"48";"nan";"None";"nan";"None";"nan";"None";"None";"None";"None";"1";"2";"Appartement";"48.0";"3.0";"None";"None";"None";"None";"nan";"7.287189";"43.696455";"000KL"
"2023-46205";"2023-02-28";"1";"Vente";"750000.0";"23.0";"None";"BD FRANCK PILATTE";"2610";"06300";"06088";"Nice";"06";"None";"None";"06088000KL0160";"None";"None";"2016";"nan";"2073";"nan";"None";"nan";"None";"None";"None";"None";"2";"2";"Appartement";"71.0";"2.0";"None";"None";"None";"None";"nan";"7.291004";"43.693821";"000KL"
"2023-46207";"2023-02-28";"1";"Vente";"180000.0";"23.0";"None";"BD FRANCK PILATTE";"2610";"06300";"06088";"Nice";"06";"None";"None";"06088000KL0160";"None";"None";"2026";"nan";"2074";"nan";"None";"nan";"None";"None";"None";"None";"2";"2";"Appartement";"35.0";"1.0";"None";"None";"None";"None";"nan";"7.291004";"43.693821";"000KL"
"2023-46205";"2023-02-28";"1";"Vente";"750000.0";"23.0";"None";"BD FRANCK PILATTE";"2610";"06300";"06088";"Nice";"06";"None";"None";"06088000KL0160";"None";"None";"3096";"nan";"None";"nan";"None";"nan";"None";"None";"None";"None";"1";"3";"Dépendance";"nan";"0.0";"None";"None";"None";"None";"nan";"7.291004";"43.693821";"000KL"
"2023-46205";"2023-02-28";"1";"Vente";"750000.0";"23.0";"None";"BD FRANCK PILATTE";"2610";"06300";"06088";"Nice";"06";"None";"None";"06088000KL0160";"None";"None";"2016";"nan";"2073";"nan";"None";"nan";"None";"None";"None";"None";"2";"3";"Dépendance";"nan";"0.0";"None";"None";"None";"None";"nan";"7.291004";"43.693821";"000KL"
"2023-44966";"2023-02-14";"1";"Vente";"54000.0";"nan";"None";"IMP JEANNE MARLIN";"3406";"06300";"06088";"Nice";"06";"None";"None";"06088000KL0216";"None";"None";"122";"nan";"None";"nan";"None";"nan";"None";"None";"None";"None";"1";"3";"Dépendance";"nan";"0.0";"None";"None";"None";"None";"nan";"7.287399";"43.695443";"000KL"
"2023-45373";"2023-02-02";"1";"Vente";"100000.0";"11.0";"None";"BD FRANCK PILATTE";"2610";"06300";"06088";"Nice";"06";"None";"None";"06088000KL0172";"None";"None";"293";"nan";"None";"nan";"None";"nan";"None";"None";"None";"None";"1";"3";"Dépendance";"nan";"0.0";"None";"None";"None";"None";"nan";"7.288086";"43.694638";"000KL"
"2023-44715";"2023-02-01";"1";"Vente";"220000.0";"9007.0";"None";"AV LYMPIA";"3795";"06300";"06088";"Nice";"06";"None";"None";"06088000KL0059";"None";"None";"20";"nan";"36";"nan";"None";"nan";"None";"None";"None";"None";"2";"2";"Appartement";"28.0";"1.0";"None";"None";"None";"None";"nan";"7.289922";"43.696094";"000KL"
"2023-45160";"2023-02-01";"1";"Vente";"300000.0";"5.0";"None";"AV JEANNE MARLIN";"3405";"06300";"06088";"Nice";"06";"None";"None";"06088000KL0030";"None";"None";"3";"49.42";"None";"nan";"None";"nan";"None";"None";"None";"None";"1";"2";"Appartement";"54.0";"3.0";"None";"None";"None";"None";"nan";"7.287951";"43.695696";"000KL"
"2023-44142";"2023-01-26";"1";"Vente";"45000.0";"nan";"None";"IMP JEANNE MARLIN";"3406";"06300";"06088";"Nice";"06";"None";"None";"06088000KL0216";"None";"None";"291";"nan";"None";"nan";"None";"nan";"None";"None";"None";"None";"1";"3";"Dépendance";"nan";"0.0";"None";"None";"None";"None";"nan";"7.287399";"43.695443";"000KL"
"2023-43867";"2023-01-18";"1";"Vente";"373200.0";"25.0";"None";"BD STALINGRAD";"6285";"06300";"06088";"Nice";"06";"None";"None";"06088000KL0007";"None";"None";"11";"nan";"None";"nan";"None";"nan";"None";"None";"None";"None";"1";"2";"Appartement";"85.0";"4.0";"None";"None";"None";"None";"nan";"7.287274";"43.697621";"000KL"
"2023-44701";"2023-01-18";"1";"Vente";"585000.0";"9.0";"B";"BD FRANCK PILATTE";"2610";"06300";"06088";"Nice";"06";"None";"None";"06088000KL0172";"None";"None";"238";"nan";"None";"nan";"None";"nan";"None";"None";"None";"None";"1";"2";"Appartement";"76.0";"3.0";"None";"None";"None";"None";"nan";"7.288086";"43.694638";"000KL"
"2023-44233";"2023-01-16";"1";"Vente";"210000.0";"45.0";"None";"BD STALINGRAD";"6285";"06300";"06088";"Nice";"06";"None";"None";"06088000KL0041";"None";"None";"115";"nan";"26";"nan";"None";"nan";"None";"None";"None";"None";"2";"2";"Appartement";"44.0";"2.0";"None";"None";"None";"None";"nan";"7.286946";"43.695496";"000KL"
"2023-44669";"2023-01-16";"1";"Vente";"225000.0";"23.0";"None";"BD STALINGRAD";"6285";"06300";"06088";"Nice";"06";"None";"None";"06088000KL0007";"None";"None";"35";"nan";"None";"nan";"None";"nan";"None";"None";"None";"None";"1";"2";"Appartement";"54.0";"3.0";"None";"None";"None";"None";"nan";"7.287274";"43.697621";"000KL"
"2023-44233";"2023-01-16";"1";"Vente";"210000.0";"45.0";"None";"BD STALINGRAD";"6285";"06300";"06088";"Nice";"06";"None";"None";"06088000KL0041";"None";"None";"115";"nan";"26";"nan";"None";"nan";"None";"None";"None";"None";"2";"3";"Dépendance";"nan";"0.0";"None";"None";"None";"None";"nan";"7.286946";"43.695496";"000KL"
"2023-43728";"2023-01-12";"1";"Vente";"281000.0";"21.0";"None";"BD STALINGRAD";"6285";"06300";"06088";"Nice";"06";"None";"None";"06088000KL0006";"None";"None";"6";"148.37";"None";"nan";"None";"nan";"None";"None";"None";"None";"1";"4";"Local industriel. commercial ou assimilé";"105.0";"0.0";"None";"None";"None";"None";"nan";"7.287283";"43.697743";"000KL"
"2022-71213";"2022-12-20";"1";"Vente";"610000.0";"62.0";"None";"BD CARNOT";"1145";"06300";"06088";"Nice";"06";"None";"None";"06088000KL0100";"None";"None";"2";"118.96";"None";"nan";"None";"nan";"None";"None";"None";"None";"1";"1";"Maison";"115.0";"4.0";"None";"None";"None";"None";"nan";"nan";"nan";"000KL"
"2022-71213";"2022-12-20";"1";"Vente";"610000.0";"66.0";"None";"BD CARNOT";"1145";"06300";"06088";"Nice";"06";"None";"None";"06088000KL0103";"None";"None";"68";"nan";"None";"nan";"None";"nan";"None";"None";"None";"None";"1";"3";"Dépendance";"nan";"0.0";"None";"None";"None";"None";"nan";"7.29183";"43.696379";"000KL"
"2022-69996";"2022-12-15";"1";"Vente";"550000.0";"7.0";"None";"BD FRANCK PILATTE";"2610";"06300";"06088";"Nice";"06";"None";"None";"06088000KL0172";"None";"None";"797";"nan";"None";"nan";"None";"nan";"None";"None";"None";"None";"1";"2";"Appartement";"66.0";"2.0";"None";"None";"None";"None";"nan";"7.288086";"43.694638";"000KL"
"2022-69996";"2022-12-15";"1";"Vente";"550000.0";"7.0";"None";"BD FRANCK PILATTE";"2610";"06300";"06088";"Nice";"06";"None";"None";"06088000KL0172";"None";"None";"37";"nan";"None";"nan";"None";"nan";"None";"None";"None";"None";"1";"3";"Dépendance";"nan";"0.0";"None";"None";"None";"None";"nan";"7.288086";"43.694638";"000KL"
"2022-70196";"2022-12-13";"1";"Vente";"570000.0";"51.0";"None";"BD STALINGRAD";"6285";"06300";"06088";"Nice";"06";"None";"None";"06088000KL0182";"None";"None";"140";"144.04";"None";"nan";"None";"nan";"None";"None";"None";"None";"1";"2";"Appartement";"58.0";"2.0";"None";"None";"None";"None";"nan";"7.286808";"43.694933";"000KL"
"2022-70196";"2022-12-13";"1";"Vente";"570000.0";"51.0";"None";"BD STALINGRAD";"6285";"06300";"06088";"Nice";"06";"None";"None";"06088000KL0182";"None";"None";"141";"nan";"142";"nan";"None";"nan";"None";"None";"None";"None";"2";"2";"Appartement";"100.0";"1.0";"None";"None";"None";"None";"nan";"7.286808";"43.694933";"000KL"
"2022-70196";"2022-12-13";"1";"Vente";"570000.0";"51.0";"None";"BD STALINGRAD";"6285";"06300";"06088";"Nice";"06";"None";"None";"06088000KL0182";"None";"None";"141";"nan";"142";"nan";"None";"nan";"None";"None";"None";"None";"2";"3";"Dépendance";"nan";"0.0";"None";"None";"None";"None";"nan";"7.286808";"43.694933";"000KL"
"2022-69831";"2022-12-09";"1";"Vente";"249000.0";"45.0";"None";"BD STALINGRAD";"6285";"06300";"06088";"Nice";"06";"None";"None";"06088000KL0041";"None";"None";"12";"nan";"85";"nan";"None";"nan";"None";"None";"None";"None";"2";"2";"Appartement";"50.0";"2.0";"None";"None";"None";"None";"nan";"7.286946";"43.695496";"000KL"
"2022-70587";"2022-12-09";"1";"Vente";"765000.0";"3.0";"None";"BD FRANCK PILATTE";"2610";"06300";"06088";"Nice";"06";"None";"None";"06088000KL0177";"None";"None";"11";"nan";"None";"nan";"None";"nan";"None";"None";"None";"None";"1";"2";"Appartement";"138.0";"1.0";"None";"None";"None";"None";"nan";"7.287196";"43.694777";"000KL"
"2022-69831";"2022-12-09";"1";"Vente";"249000.0";"45.0";"None";"BD STALINGRAD";"6285";"06300";"06088";"Nice";"06";"None";"None";"06088000KL0041";"None";"None";"12";"nan";"85";"nan";"None";"nan";"None";"None";"None";"None";"2";"3";"Dépendance";"nan";"0.0";"None";"None";"None";"None";"nan";"7.286946";"43.695496";"000KL"
"2022-70043";"2022-12-08";"1";"Vente";"291200.0";"45.0";"None";"BD STALINGRAD";"6285";"06300";"06088";"Nice";"06";"None";"None";"06088000KL0041";"None";"None";"121";"nan";"17";"nan";"None";"nan";"None";"None";"None";"None";"2";"2";"Appartement";"54.0";"2.0";"None";"None";"None";"None";"nan";"7.286946";"43.695496";"000KL"
"2022-70043";"2022-12-08";"1";"Vente";"291200.0";"45.0";"None";"BD STALINGRAD";"6285";"06300";"06088";"Nice";"06";"None";"None";"06088000KL0041";"None";"None";"121";"nan";"17";"nan";"None";"nan";"None";"None";"None";"None";"2";"3";"Dépendance";"nan";"0.0";"None";"None";"None";"None";"nan";"7.286946";"43.695496";"000KL"
"2022-70715";"2022-12-07";"1";"Vente";"935000.0";"19.0";"B";"BD FRANCK PILATTE";"2610";"06300";"06088";"Nice";"06";"None";"None";"06088000KL0163";"None";"None";"249";"nan";"306";"87.19";"None";"nan";"None";"None";"None";"None";"2";"2";"Appartement";"85.0";"3.0";"None";"None";"None";"None";"nan";"7.289135";"43.694399";"000KL"
"2022-70715";"2022-12-07";"1";"Vente";"935000.0";"19.0";"B";"BD FRANCK PILATTE";"2610";"06300";"06088";"Nice";"06";"None";"None";"06088000KL0163";"None";"None";"103";"nan";"None";"nan";"None";"nan";"None";"None";"None";"None";"1";"3";"Dépendance";"nan";"0.0";"None";"None";"None";"None";"nan";"7.289135";"43.694399";"000KL"
"2022-70715";"2022-12-07";"1";"Vente";"935000.0";"19.0";"B";"BD FRANCK PILATTE";"2610";"06300";"06088";"Nice";"06";"None";"None";"06088000KL0163";"None";"None";"249";"nan";"306";"87.19";"None";"nan";"None";"None";"None";"None";"2";"3";"Dépendance";"nan";"0.0";"None";"None";"None";"None";"nan";"7.289135";"43.694399";"000KL"
"2022-69904";"2022-11-30";"1";"Vente";"490000.0";"13.0";"None";"BD FRANCK PILATTE";"2610";"06300";"06088";"Nice";"06";"None";"None";"06088000KL0172";"None";"None";"655";"nan";"760";"nan";"None";"nan";"None";"None";"None";"None";"2";"2";"Appartement";"60.0";"2.0";"None";"None";"None";"None";"nan";"7.288086";"43.694638";"000KL"
"2022-69904";"2022-11-30";"1";"Vente";"490000.0";"13.0";"None";"BD FRANCK PILATTE";"2610";"06300";"06088";"Nice";"06";"None";"None";"06088000KL0172";"None";"None";"792";"nan";"None";"nan";"None";"nan";"None";"None";"None";"None";"1";"3";"Dépendance";"nan";"0.0";"None";"None";"None";"None";"nan";"7.288086";"43.694638";"000KL"
"2022-69904";"2022-11-30";"1";"Vente";"490000.0";"13.0";"None";"BD FRANCK PILATTE";"2610";"06300";"06088";"Nice";"06";"None";"None";"06088000KL0172";"None";"None";"655";"nan";"760";"nan";"None";"nan";"None";"None";"None";"None";"2";"3";"Dépendance";"nan";"0.0";"None";"None";"None";"None";"nan";"7.288086";"43.694638";"000KL"
"2022-69904";"2022-11-30";"1";"Vente";"490000.0";"13.0";"None";"BD FRANCK PILATTE";"2610";"06300";"06088";"Nice";"06";"None";"None";"06088000KL0172";"None";"None";"655";"nan";"760";"nan";"None";"nan";"None";"None";"None";"None";"2";"3";"Dépendance";"nan";"0.0";"None";"None";"None";"None";"nan";"7.288086";"43.694638";"000KL"
"2022-69400";"2022-11-29";"1";"Vente";"660000.0";"23.0";"None";"BD FRANCK PILATTE";"2610";"06300";"06088";"Nice";"06";"None";"None";"06088000KL0160";"None";"None";"285";"nan";"395";"68.5";"None";"nan";"None";"None";"None";"None";"2";"2";"Appartement";"68.0";"2.0";"None";"None";"None";"None";"nan";"7.291004";"43.693821";"000KL"
"2022-69400";"2022-11-29";"1";"Vente";"660000.0";"23.0";"None";"BD FRANCK PILATTE";"2610";"06300";"06088";"Nice";"06";"None";"None";"06088000KL0160";"None";"None";"285";"nan";"395";"68.5";"None";"nan";"None";"None";"None";"None";"2";"3";"Dépendance";"nan";"0.0";"None";"None";"None";"None";"nan";"7.291004";"43.693821";"000KL"
"2022-69400";"2022-11-29";"1";"Vente";"660000.0";"23.0";"None";"BD FRANCK PILATTE";"2610";"06300";"06088";"Nice";"06";"None";"None";"06088000KL0160";"None";"None";"285";"nan";"395";"68.5";"None";"nan";"None";"None";"None";"None";"2";"3";"Dépendance";"nan";"0.0";"None";"None";"None";"None";"nan";"7.291004";"43.693821";"000KL"
"2022-69439";"2022-11-25";"1";"Vente";"244000.0";"39.0";"None";"BD STALINGRAD";"6285";"06300";"06088";"Nice";"06";"None";"None";"06088000KL0017";"None";"None";"24";"nan";"None";"nan";"None";"nan";"None";"None";"None";"None";"1";"2";"Appartement";"60.0";"3.0";"None";"None";"None";"None";"nan";"7.287189";"43.696455";"000KL"
"2022-68715";"2022-11-23";"1";"Vente";"42000.0";"29.0";"None";"BD STALINGRAD";"6285";"06300";"06088";"Nice";"06";"None";"None";"06088000KL0224";"None";"None";"None";"nan";"None";"nan";"None";"nan";"None";"None";"None";"None";"0";"None";"None";"nan";"nan";"S";"sols";"None";"None";"46.0";"7.287806";"43.698039";"000KL"
"2022-68846";"2022-11-21";"1";"Vente";"25000.0";"51.0";"None";"BD STALINGRAD";"6285";"06300";"06088";"Nice";"06";"None";"None";"06088000KL0182";"None";"None";"104";"nan";"None";"nan";"None";"nan";"None";"None";"None";"None";"1";"3";"Dépendance";"nan";"0.0";"None";"None";"None";"None";"nan";"7.286808";"43.694933";"000KL"
"2022-68857";"2022-11-14";"1";"Vente";"765000.0";"23.0";"None";"BD FRANCK PILATTE";"2610";"06300";"06088";"Nice";"06";"None";"None";"06088000KL0160";"None";"None";"361";"nan";"None";"nan";"None";"nan";"None";"None";"None";"None";"1";"2";"Appartement";"89.0";"3.0";"None";"None";"None";"None";"nan";"7.291004";"43.693821";"000KL"
"2022-68857";"2022-11-14";"1";"Vente";"765000.0";"23.0";"None";"BD FRANCK PILATTE";"2610";"06300";"06088";"Nice";"06";"None";"None";"06088000KL0160";"None";"None";"361";"nan";"None";"nan";"None";"nan";"None";"None";"None";"None";"1";"3";"Dépendance";"nan";"0.0";"None";"None";"None";"None";"nan";"7.291004";"43.693821";"000KL"
"2022-68552";"2022-11-08";"1";"Vente";"290000.0";"7.0";"B";"BD FRANCK PILATTE";"2610";"06300";"06088";"Nice";"06";"None";"None";"06088000KL0172";"None";"None";"96";"nan";"None";"nan";"None";"nan";"None";"None";"None";"None";"1";"2";"Appartement";"55.0";"2.0";"None";"None";"None";"None";"nan";"7.288086";"43.694638";"000KL"
"2022-69377";"2022-11-07";"1";"Vente";"450000.0";"19.0";"B";"BD FRANCK PILATTE";"2610";"06300";"06088";"Nice";"06";"None";"None";"06088000KL0163";"None";"None";"21";"nan";"44";"nan";"None";"nan";"None";"None";"None";"None";"2";"2";"Appartement";"54.0";"2.0";"None";"None";"None";"None";"nan";"7.289135";"43.694399";"000KL"
"2022-69377";"2022-11-07";"1";"Vente";"450000.0";"19.0";"B";"BD FRANCK PILATTE";"2610";"06300";"06088";"Nice";"06";"None";"None";"06088000KL0163";"None";"None";"21";"nan";"44";"nan";"None";"nan";"None";"None";"None";"None";"2";"3";"Dépendance";"nan";"0.0";"None";"None";"None";"None";"nan";"7.289135";"43.694399";"000KL"
"2022-68199";"2022-11-02";"1";"Vente";"556900.0";"13.0";"T";"BD FRANCK PILATTE";"2610";"06300";"06088";"Nice";"06";"None";"None";"06088000KL0172";"None";"None";"602";"nan";"639";"nan";"None";"nan";"None";"None";"None";"None";"2";"2";"Appartement";"73.0";"3.0";"None";"None";"None";"None";"nan";"7.288086";"43.694638";"000KL"
"2022-68199";"2022-11-02";"1";"Vente";"556900.0";"13.0";"T";"BD FRANCK PILATTE";"2610";"06300";"06088";"Nice";"06";"None";"None";"06088000KL0172";"None";"None";"602";"nan";"639";"nan";"None";"nan";"None";"None";"None";"None";"2";"3";"Dépendance";"nan";"0.0";"None";"None";"None";"None";"nan";"7.288086";"43.694638";"000KL"
"2022-67998";"2022-10-28";"1";"Vente";"1880000.0";"12.0";"None";"AV ALFRED LEROUX";"0120";"06300";"06088";"Nice";"06";"None";"None";"06088000KL0086";"None";"None";"None";"nan";"None";"nan";"None";"nan";"None";"None";"None";"None";"0";"1";"Maison";"165.0";"6.0";"S";"sols";"None";"None";"366.0";"7.291337";"43.695262";"000KL"
"2022-67499";"2022-10-28";"1";"Vente";"40000.0";"51.0";"None";"BD STALINGRAD";"6285";"06300";"06088";"Nice";"06";"None";"None";"06088000KL0182";"None";"None";"102";"nan";"None";"nan";"None";"nan";"None";"None";"None";"None";"1";"3";"Dépendance";"nan";"0.0";"None";"None";"None";"None";"nan";"7.286808";"43.694933";"000KL"
"2022-67671";"2022-10-28";"1";"Vente";"40000.0";"51.0";"None";"BD STALINGRAD";"6285";"06300";"06088";"Nice";"06";"None";"None";"06088000KL0182";"None";"None";"101";"nan";"None";"nan";"None";"nan";"None";"None";"None";"None";"1";"3";"Dépendance";"nan";"0.0";"None";"None";"None";"None";"nan";"7.286808";"43.694933";"000KL"
"2022-68263";"2022-10-26";"1";"Vente";"400000.0";"13.0";"B";"BD FRANCK PILATTE";"2610";"06300";"06088";"Nice";"06";"None";"None";"06088000KL0172";"None";"None";"678";"nan";"703";"58.04";"None";"nan";"None";"None";"None";"None";"2";"2";"Appartement";"60.0";"2.0";"None";"None";"None";"None";"nan";"7.288086";"43.694638";"000KL"
"2022-68263";"2022-10-26";"1";"Vente";"400000.0";"13.0";"None";"BD FRANCK PILATTE";"2610";"06300";"06088";"Nice";"06";"None";"None";"06088000KL0172";"None";"None";"791";"nan";"None";"nan";"None";"nan";"None";"None";"None";"None";"1";"3";"Dépendance";"nan";"0.0";"None";"None";"None";"None";"nan";"7.288086";"43.694638";"000KL"
"2022-68263";"2022-10-26";"1";"Vente";"400000.0";"13.0";"B";"BD FRANCK PILATTE";"2610";"06300";"06088";"Nice";"06";"None";"None";"06088000KL0172";"None";"None";"678";"nan";"703";"58.04";"None";"nan";"None";"None";"None";"None";"2";"3";"Dépendance";"nan";"0.0";"None";"None";"None";"None";"nan";"7.288086";"43.694638";"000KL"
"2022-67923";"2022-10-24";"1";"Vente";"435000.0";"7.0";"T";"BD FRANCK PILATTE";"2610";"06300";"06088";"Nice";"06";"None";"None";"06088000KL0172";"None";"None";"148";"48.3";"None";"nan";"None";"nan";"None";"None";"None";"None";"1";"2";"Appartement";"55.0";"2.0";"None";"None";"None";"None";"nan";"7.288086";"43.694638";"000KL"
"2022-68534";"2022-10-20";"1";"Vente";"536750.0";"2.0";"None";"AV ALFRED LEROUX";"0120";"06300";"06088";"Nice";"06";"None";"None";"06088000KL0109";"None";"None";"10";"nan";"19";"nan";"20";"nan";"9";"None";"None";"None";"4";"2";"Appartement";"113.0";"4.0";"None";"None";"None";"None";"nan";"7.291911";"43.696205";"000KL"
"2022-68534";"2022-10-20";"1";"Vente";"536750.0";"2.0";"None";"AV ALFRED LEROUX";"0120";"06300";"06088";"Nice";"06";"None";"None";"06088000KL0109";"None";"None";"1";"nan";"None";"nan";"None";"nan";"None";"None";"None";"None";"1";"3";"Dépendance";"nan";"0.0";"None";"None";"None";"None";"nan";"7.291911";"43.696205";"000KL"
"2022-68534";"2022-10-20";"1";"Vente";"536750.0";"2.0";"None";"AV ALFRED LEROUX";"0120";"06300";"06088";"Nice";"06";"None";"None";"06088000KL0109";"None";"None";"10";"nan";"19";"nan";"20";"nan";"9";"None";"None";"None";"4";"3";"Dépendance";"nan";"0.0";"None";"None";"None";"None";"nan";"7.291911";"43.696205";"000KL"
"2022-67624";"2022-10-19";"1";"Vente";"590000.0";"23.0";"None";"BD FRANCK PILATTE";"2610";"06300";"06088";"Nice";"06";"None";"None";"06088000KL0160";"None";"None";"219";"nan";"358";"86.05";"None";"nan";"None";"None";"None";"None";"2";"2";"Appartement";"87.0";"3.0";"None";"None";"None";"None";"nan";"7.291004";"43.693821";"000KL"
"2022-67624";"2022-10-19";"1";"Vente";"590000.0";"23.0";"None";"BD FRANCK PILATTE";"2610";"06300";"06088";"Nice";"06";"None";"None";"06088000KL0160";"None";"None";"219";"nan";"358";"86.05";"None";"nan";"None";"None";"None";"None";"2";"3";"Dépendance";"nan";"0.0";"None";"None";"None";"None";"nan";"7.291004";"43.693821";"000KL"
"2022-67650";"2022-10-17";"1";"Vente";"2550000.0";"4.0";"None";"AV FLEURIE";"2455";"06300";"06088";"Nice";"06";"None";"None";"06088000KL0127";"None";"None";"None";"nan";"None";"nan";"None";"nan";"None";"None";"None";"None";"0";"1";"Maison";"193.0";"5.0";"S";"sols";"None";"None";"642.0";"7.29201";"43.695299";"000KL"
"2022-66723";"2022-10-17";"1";"Vente";"1290000.0";"1.0";"None";"BD FRANCK PILATTE";"2610";"06300";"06088";"Nice";"06";"None";"None";"06088000KL0174";"None";"None";"10";"nan";"33";"nan";"None";"nan";"None";"None";"None";"None";"2";"2";"Appartement";"111.0";"4.0";"None";"None";"None";"None";"nan";"7.286838";"43.694493";"000KL"
"2022-68356";"2022-10-17";"1";"Vente";"189000.0";"13.0";"B";"BD FRANCK PILATTE";"2610";"06300";"06088";"Nice";"06";"None";"None";"06088000KL0172";"None";"None";"701";"30.8";"None";"nan";"None";"nan";"None";"None";"None";"None";"1";"2";"Appartement";"30.0";"1.0";"None";"None";"None";"None";"nan";"7.288086";"43.694638";"000KL"
"2022-66723";"2022-10-17";"1";"Vente";"1290000.0";"1.0";"None";"BD FRANCK PILATTE";"2610";"06300";"06088";"Nice";"06";"None";"None";"06088000KL0174";"None";"None";"10";"nan";"33";"nan";"None";"nan";"None";"None";"None";"None";"2";"3";"Dépendance";"nan";"0.0";"None";"None";"None";"None";"nan";"7.286838";"43.694493";"000KL"
"2022-67650";"2022-10-17";"1";"Vente";"2550000.0";"4.0";"None";"AV FLEURIE";"2455";"06300";"06088";"Nice";"06";"None";"None";"06088000KL0127";"None";"None";"None";"nan";"None";"nan";"None";"nan";"None";"None";"None";"None";"0";"3";"Dépendance";"nan";"0.0";"S";"sols";"None";"None";"642.0";"7.29201";"43.695299";"000KL"
"2022-66665";"2022-10-14";"1";"Vente";"80000.0";"52.0";"None";"BD CARNOT";"1145";"06300";"06088";"Nice";"06";"None";"None";"06088000KL0194";"None";"None";"19";"nan";"None";"nan";"None";"nan";"None";"None";"None";"None";"1";"3";"Dépendance";"nan";"0.0";"None";"None";"None";"None";"nan";"7.290893";"43.696371";"000KL"
"2022-66665";"2022-10-14";"1";"Vente";"80000.0";"52.0";"None";"BD CARNOT";"1145";"06300";"06088";"Nice";"06";"None";"None";"06088000KL0194";"None";"None";"18";"nan";"None";"nan";"None";"nan";"None";"None";"None";"None";"1";"3";"Dépendance";"nan";"0.0";"None";"None";"None";"None";"nan";"7.290893";"43.696371";"000KL"
"2022-67649";"2022-10-13";"1";"Vente";"665000.0";"23.0";"None";"BD FRANCK PILATTE";"2610";"06300";"06088";"Nice";"06";"None";"None";"06088000KL0160";"None";"None";"296";"nan";"388";"nan";"None";"nan";"None";"None";"None";"None";"2";"2";"Appartement";"130.0";"4.0";"None";"None";"None";"None";"nan";"7.291004";"43.693821";"000KL"
"2022-67649";"2022-10-13";"1";"Vente";"665000.0";"23.0";"None";"BD FRANCK PILATTE";"2610";"06300";"06088";"Nice";"06";"None";"None";"06088000KL0160";"None";"None";"296";"nan";"388";"nan";"None";"nan";"None";"None";"None";"None";"2";"3";"Dépendance";"nan";"0.0";"None";"None";"None";"None";"nan";"7.291004";"43.693821";"000KL"
"2022-68006";"2022-10-07";"1";"Vente";"20000.0";"19.0";"B";"BD FRANCK PILATTE";"2610";"06300";"06088";"Nice";"06";"None";"None";"06088000KL0163";"None";"None";"250";"nan";"None";"nan";"None";"nan";"None";"None";"None";"None";"1";"3";"Dépendance";"nan";"0.0";"None";"None";"None";"None";"nan";"7.289135";"43.694399";"000KL"
"2022-66306";"2022-10-05";"1";"Vente";"260000.0";"11.0";"None";"BD FRANCK PILATTE";"2610";"06300";"06088";"Nice";"06";"None";"None";"06088000KL0172";"None";"None";"280";"nan";"None";"nan";"None";"nan";"None";"None";"None";"None";"1";"2";"Appartement";"49.0";"2.0";"None";"None";"None";"None";"nan";"7.288086";"43.694638";"000KL"
"2022-66313";"2022-10-05";"1";"Vente";"300000.0";"33.0";"None";"BD STALINGRAD";"6285";"06300";"06088";"Nice";"06";"None";"None";"06088000KL0015";"None";"None";"146";"nan";"54";"nan";"None";"nan";"None";"None";"None";"None";"2";"2";"Appartement";"58.0";"3.0";"None";"None";"None";"None";"nan";"7.287665";"43.696738";"000KL"
"2022-66511";"2022-10-03";"1";"Vente";"40000.0";"23.0";"None";"BD FRANCK PILATTE";"2610";"06300";"06088";"Nice";"06";"None";"None";"06088000KL0160";"None";"None";"3091";"nan";"None";"nan";"None";"nan";"None";"None";"None";"None";"1";"3";"Dépendance";"nan";"0.0";"None";"None";"None";"None";"nan";"7.291004";"43.693821";"000KL"
"2022-66720";"2022-10-03";"1";"Vente";"23500.0";"13.0";"None";"BD FRANCK PILATTE";"2610";"06300";"06088";"Nice";"06";"None";"None";"06088000KL0172";"None";"None";"698";"nan";"None";"nan";"None";"nan";"None";"None";"None";"None";"1";"3";"Dépendance";"nan";"0.0";"None";"None";"None";"None";"nan";"7.288086";"43.694638";"000KL"
"2022-66603";"2022-09-30";"1";"Vente";"900000.0";"8.0";"None";"AV ALFRED LEROUX";"0120";"06300";"06088";"Nice";"06";"None";"None";"06088000KL0092";"None";"None";"118";"nan";"None";"nan";"None";"nan";"None";"None";"None";"None";"1";"2";"Appartement";"102.0";"4.0";"None";"None";"None";"None";"nan";"7.290281";"43.695632";"000KL"
"2022-67563";"2022-09-30";"1";"Vente";"617000.0";"23.0";"None";"BD FRANCK PILATTE";"2610";"06300";"06088";"Nice";"06";"None";"None";"06088000KL0160";"None";"None";"1042";"nan";"1141";"nan";"None";"nan";"None";"None";"None";"None";"2";"2";"Appartement";"85.0";"3.0";"None";"None";"None";"None";"nan";"7.291004";"43.693821";"000KL"
"2022-67563";"2022-09-30";"1";"Vente";"617000.0";"23.0";"None";"BD FRANCK PILATTE";"2610";"06300";"06088";"Nice";"06";"None";"None";"06088000KL0160";"None";"None";"3022";"nan";"None";"nan";"None";"nan";"None";"None";"None";"None";"1";"3";"Dépendance";"nan";"0.0";"None";"None";"None";"None";"nan";"7.291004";"43.693821";"000KL"
"2022-66863";"2022-09-29";"1";"Vente";"375000.0";"23.0";"None";"BD FRANCK PILATTE";"2610";"06300";"06088";"Nice";"06";"None";"None";"06088000KL0160";"None";"None";"2036";"nan";"2088";"nan";"None";"nan";"None";"None";"None";"None";"2";"2";"Appartement";"71.0";"2.0";"None";"None";"None";"None";"nan";"7.291004";"43.693821";"000KL"
"2022-66863";"2022-09-29";"1";"Vente";"375000.0";"23.0";"None";"BD FRANCK PILATTE";"2610";"06300";"06088";"Nice";"06";"None";"None";"06088000KL0160";"None";"None";"2036";"nan";"2088";"nan";"None";"nan";"None";"None";"None";"None";"2";"3";"Dépendance";"nan";"0.0";"None";"None";"None";"None";"nan";"7.291004";"43.693821";"000KL"
"2022-66864";"2022-09-29";"1";"Vente";"25000.0";"23.0";"None";"BD FRANCK PILATTE";"2610";"06300";"06088";"Nice";"06";"None";"None";"06088000KL0160";"None";"None";"3044";"nan";"None";"nan";"None";"nan";"None";"None";"None";"None";"1";"3";"Dépendance";"nan";"0.0";"None";"None";"None";"None";"nan";"7.291004";"43.693821";"000KL"
"2022-66540";"2022-09-27";"1";"Vente";"146500.0";"23.0";"None";"BD FRANCK PILATTE";"2610";"06300";"06088";"Nice";"06";"None";"None";"06088000KL0160";"None";"None";"2107";"nan";"None";"nan";"None";"nan";"None";"None";"None";"None";"1";"3";"Dépendance";"nan";"0.0";"None";"None";"None";"None";"nan";"7.291004";"43.693821";"000KL"
"2022-65843";"2022-09-26";"1";"Vente";"20000.0";"nan";"None";"IMP JEANNE MARLIN";"3406";"06300";"06088";"Nice";"06";"None";"None";"06088000KL0216";"None";"None";"331";"nan";"None";"nan";"None";"nan";"None";"None";"None";"None";"1";"3";"Dépendance";"nan";"0.0";"None";"None";"None";"None";"nan";"7.287399";"43.695443";"000KL"
"2022-66738";"2022-09-23";"1";"Vente";"2050000.0";"nan";"None";"IMP JEANNE MARLIN";"3406";"06300";"06088";"Nice";"06";"None";"None";"06088000KL0216";"None";"None";"259";"nan";"None";"nan";"None";"nan";"None";"None";"None";"None";"1";"3";"Dépendance";"nan";"0.0";"None";"None";"None";"None";"nan";"7.287399";"43.695443";"000KL"
"2022-66738";"2022-09-23";"1";"Vente";"2050000.0";"nan";"None";"IMP JEANNE MARLIN";"3406";"06300";"06088";"Nice";"06";"None";"None";"06088000KL0216";"None";"None";"258";"nan";"None";"nan";"None";"nan";"None";"None";"None";"None";"1";"3";"Dépendance";"nan";"0.0";"None";"None";"None";"None";"nan";"7.287399";"43.695443";"000KL"
"2022-66738";"2022-09-23";"1";"Vente";"2050000.0";"nan";"None";"IMP JEANNE MARLIN";"3406";"06300";"06088";"Nice";"06";"None";"None";"06088000KL0216";"None";"None";"265";"nan";"None";"nan";"None";"nan";"None";"None";"None";"None";"1";"3";"Dépendance";"nan";"0.0";"None";"None";"None";"None";"nan";"7.287399";"43.695443";"000KL"
"2022-66738";"2022-09-23";"1";"Vente";"2050000.0";"nan";"None";"IMP JEANNE MARLIN";"3406";"06300";"06088";"Nice";"06";"None";"None";"06088000KL0216";"None";"None";"267";"nan";"None";"nan";"None";"nan";"None";"None";"None";"None";"1";"3";"Dépendance";"nan";"0.0";"None";"None";"None";"None";"nan";"7.287399";"43.695443";"000KL"
"2022-66738";"2022-09-23";"1";"Vente";"2050000.0";"nan";"None";"IMP JEANNE MARLIN";"3406";"06300";"06088";"Nice";"06";"None";"None";"06088000KL0216";"None";"None";"264";"nan";"None";"nan";"None";"nan";"None";"None";"None";"None";"1";"3";"Dépendance";"nan";"0.0";"None";"None";"None";"None";"nan";"7.287399";"43.695443";"000KL"
"2022-66738";"2022-09-23";"1";"Vente";"2050000.0";"nan";"None";"IMP JEANNE MARLIN";"3406";"06300";"06088";"Nice";"06";"None";"None";"06088000KL0216";"None";"None";"266";"nan";"None";"nan";"None";"nan";"None";"None";"None";"None";"1";"3";"Dépendance";"nan";"0.0";"None";"None";"None";"None";"nan";"7.287399";"43.695443";"000KL"
"2022-66738";"2022-09-23";"1";"Vente";"2050000.0";"nan";"None";"IMP JEANNE MARLIN";"3406";"06300";"06088";"Nice";"06";"None";"None";"06088000KL0216";"None";"None";"257";"nan";"None";"nan";"None";"nan";"None";"None";"None";"None";"1";"3";"Dépendance";"nan";"0.0";"None";"None";"None";"None";"nan";"7.287399";"43.695443";"000KL"
"2022-66738";"2022-09-23";"1";"Vente";"2050000.0";"nan";"None";"IMP JEANNE MARLIN";"3406";"06300";"06088";"Nice";"06";"None";"None";"06088000KL0216";"None";"None";"256";"nan";"None";"nan";"None";"nan";"None";"None";"None";"None";"1";"3";"Dépendance";"nan";"0.0";"None";"None";"None";"None";"nan";"7.287399";"43.695443";"000KL"
"2022-66738";"2022-09-23";"1";"Vente";"2050000.0";"nan";"None";"IMP JEANNE MARLIN";"3406";"06300";"06088";"Nice";"06";"None";"None";"06088000KL0216";"None";"None";"255";"nan";"None";"nan";"None";"nan";"None";"None";"None";"None";"1";"3";"Dépendance";"nan";"0.0";"None";"None";"None";"None";"nan";"7.287399";"43.695443";"000KL"
"2022-66738";"2022-09-23";"1";"Vente";"2050000.0";"nan";"None";"IMP JEANNE MARLIN";"3406";"06300";"06088";"Nice";"06";"None";"None";"06088000KL0216";"None";"None";"568";"nan";"None";"nan";"None";"nan";"None";"None";"None";"None";"1";"4";"Local industriel. commercial ou assimilé";"71.0";"0.0";"None";"None";"None";"None";"nan";"7.287399";"43.695443";"000KL"
"2022-66738";"2022-09-23";"1";"Vente";"2050000.0";"nan";"None";"IMP JEANNE MARLIN";"3406";"06300";"06088";"Nice";"06";"None";"None";"06088000KL0216";"None";"None";"568";"nan";"None";"nan";"None";"nan";"None";"None";"None";"None";"1";"4";"Local industriel. commercial ou assimilé";"46.0";"0.0";"None";"None";"None";"None";"nan";"7.287399";"43.695443";"000KL"
"2022-66738";"2022-09-23";"1";"Vente";"2050000.0";"nan";"None";"IMP JEANNE MARLIN";"3406";"06300";"06088";"Nice";"06";"None";"None";"06088000KL0216";"None";"None";"568";"nan";"None";"nan";"None";"nan";"None";"None";"None";"None";"1";"4";"Local industriel. commercial ou assimilé";"26.0";"0.0";"None";"None";"None";"None";"nan";"7.287399";"43.695443";"000KL"
"2022-66738";"2022-09-23";"1";"Vente";"2050000.0";"nan";"None";"IMP JEANNE MARLIN";"3406";"06300";"06088";"Nice";"06";"None";"None";"06088000KL0216";"None";"None";"568";"nan";"None";"nan";"None";"nan";"None";"None";"None";"None";"1";"4";"Local industriel. commercial ou assimilé";"630.0";"0.0";"None";"None";"None";"None";"nan";"7.287399";"43.695443";"000KL"
"2022-66738";"2022-09-23";"1";"Vente";"2050000.0";"nan";"None";"IMP JEANNE MARLIN";"3406";"06300";"06088";"Nice";"06";"None";"None";"06088000KL0216";"None";"None";"568";"nan";"None";"nan";"None";"nan";"None";"None";"None";"None";"1";"4";"Local industriel. commercial ou assimilé";"347.0";"0.0";"None";"None";"None";"None";"nan";"7.287399";"43.695443";"000KL"
"2022-66738";"2022-09-23";"1";"Vente";"2050000.0";"nan";"None";"IMP JEANNE MARLIN";"3406";"06300";"06088";"Nice";"06";"None";"None";"06088000KL0216";"None";"None";"568";"nan";"None";"nan";"None";"nan";"None";"None";"None";"None";"1";"4";"Local industriel. commercial ou assimilé";"65.0";"0.0";"None";"None";"None";"None";"nan";"7.287399";"43.695443";"000KL"
"2022-66738";"2022-09-23";"1";"Vente";"2050000.0";"nan";"None";"IMP JEANNE MARLIN";"3406";"06300";"06088";"Nice";"06";"None";"None";"06088000KL0216";"None";"None";"568";"nan";"None";"nan";"None";"nan";"None";"None";"None";"None";"1";"4";"Local industriel. commercial ou assimilé";"70.0";"0.0";"None";"None";"None";"None";"nan";"7.287399";"43.695443";"000KL"
"2022-65406";"2022-09-22";"1";"Vente";"195000.0";"19.0";"B";"BD FRANCK PILATTE";"2610";"06300";"06088";"Nice";"06";"None";"None";"06088000KL0163";"None";"None";"23";"nan";"39";"nan";"None";"nan";"None";"None";"None";"None";"2";"2";"Appartement";"33.0";"1.0";"None";"None";"None";"None";"nan";"7.289135";"43.694399";"000KL"
"2022-65406";"2022-09-22";"1";"Vente";"195000.0";"19.0";"B";"BD FRANCK PILATTE";"2610";"06300";"06088";"Nice";"06";"None";"None";"06088000KL0163";"None";"None";"23";"nan";"39";"nan";"None";"nan";"None";"None";"None";"None";"2";"3";"Dépendance";"nan";"0.0";"None";"None";"None";"None";"nan";"7.289135";"43.694399";"000KL"
"2022-67046";"2022-09-15";"1";"Vente";"645000.0";"13.0";"B";"BD FRANCK PILATTE";"2610";"06300";"06088";"Nice";"06";"None";"None";"06088000KL0172";"None";"None";"687";"nan";"719";"nan";"None";"nan";"None";"None";"None";"None";"2";"2";"Appartement";"52.0";"2.0";"None";"None";"None";"None";"nan";"7.288086";"43.694638";"000KL"
"2022-67046";"2022-09-15";"1";"Vente";"645000.0";"13.0";"B";"BD FRANCK PILATTE";"2610";"06300";"06088";"Nice";"06";"None";"None";"06088000KL0172";"None";"None";"687";"nan";"719";"nan";"None";"nan";"None";"None";"None";"None";"2";"3";"Dépendance";"nan";"0.0";"None";"None";"None";"None";"nan";"7.288086";"43.694638";"000KL"
"2022-67046";"2022-09-15";"1";"Vente";"645000.0";"13.0";"B";"BD FRANCK PILATTE";"2610";"06300";"06088";"Nice";"06";"None";"None";"06088000KL0172";"None";"None";"687";"nan";"719";"nan";"None";"nan";"None";"None";"None";"None";"2";"3";"Dépendance";"nan";"0.0";"None";"None";"None";"None";"nan";"7.288086";"43.694638";"000KL"
"2022-67046";"2022-09-15";"1";"Vente";"645000.0";"13.0";"None";"BD FRANCK PILATTE";"2610";"06300";"06088";"Nice";"06";"None";"None";"06088000KL0172";"None";"None";"732";"nan";"None";"nan";"None";"nan";"None";"None";"None";"None";"1";"3";"Dépendance";"nan";"0.0";"None";"None";"None";"None";"nan";"7.288086";"43.694638";"000KL"
"2022-65490";"2022-09-14";"1";"Vente";"370000.0";"51.0";"None";"BD STALINGRAD";"6285";"06300";"06088";"Nice";"06";"None";"None";"06088000KL0182";"None";"None";"120";"nan";"146";"nan";"None";"nan";"None";"None";"None";"None";"2";"2";"Appartement";"61.0";"3.0";"None";"None";"None";"None";"nan";"7.286808";"43.694933";"000KL"
"2022-65490";"2022-09-14";"1";"Vente";"370000.0";"51.0";"None";"BD STALINGRAD";"6285";"06300";"06088";"Nice";"06";"None";"None";"06088000KL0182";"None";"None";"120";"nan";"146";"nan";"None";"nan";"None";"None";"None";"None";"2";"3";"Dépendance";"nan";"0.0";"None";"None";"None";"None";"nan";"7.286808";"43.694933";"000KL"
"2022-65490";"2022-09-14";"1";"Vente";"370000.0";"51.0";"None";"BD STALINGRAD";"6285";"06300";"06088";"Nice";"06";"None";"None";"06088000KL0182";"None";"None";"119";"nan";"None";"nan";"None";"nan";"None";"None";"None";"None";"1";"3";"Dépendance";"nan";"0.0";"None";"None";"None";"None";"nan";"7.286808";"43.694933";"000KL"
"2022-65490";"2022-09-14";"1";"Vente";"370000.0";"51.0";"None";"BD STALINGRAD";"6285";"06300";"06088";"Nice";"06";"None";"None";"06088000KL0182";"None";"None";"120";"nan";"146";"nan";"None";"nan";"None";"None";"None";"None";"2";"3";"Dépendance";"nan";"0.0";"None";"None";"None";"None";"nan";"7.286808";"43.694933";"000KL"
"2022-67188";"2022-09-12";"1";"Vente";"750000.0";"19.0";"B";"BD FRANCK PILATTE";"2610";"06300";"06088";"Nice";"06";"None";"None";"06088000KL0163";"None";"None";"249";"nan";"306";"nan";"None";"nan";"None";"None";"None";"None";"2";"2";"Appartement";"85.0";"3.0";"None";"None";"None";"None";"nan";"7.289135";"43.694399";"000KL"
"2022-67188";"2022-09-12";"1";"Vente";"750000.0";"19.0";"B";"BD FRANCK PILATTE";"2610";"06300";"06088";"Nice";"06";"None";"None";"06088000KL0163";"None";"None";"103";"nan";"None";"nan";"None";"nan";"None";"None";"None";"None";"1";"3";"Dépendance";"nan";"0.0";"None";"None";"None";"None";"nan";"7.289135";"43.694399";"000KL"
"2022-67188";"2022-09-12";"1";"Vente";"750000.0";"19.0";"B";"BD FRANCK PILATTE";"2610";"06300";"06088";"Nice";"06";"None";"None";"06088000KL0163";"None";"None";"249";"nan";"306";"nan";"None";"nan";"None";"None";"None";"None";"2";"3";"Dépendance";"nan";"0.0";"None";"None";"None";"None";"nan";"7.289135";"43.694399";"000KL"
"2022-67188";"2022-09-12";"1";"Vente";"750000.0";"19.0";"B";"BD FRANCK PILATTE";"2610";"06300";"06088";"Nice";"06";"None";"None";"06088000KL0163";"None";"None";"250";"nan";"None";"nan";"None";"nan";"None";"None";"None";"None";"1";"3";"Dépendance";"nan";"0.0";"None";"None";"None";"None";"nan";"7.289135";"43.694399";"000KL"
"2022-64452";"2022-08-31";"1";"Vente";"610000.0";"66.0";"None";"BD CARNOT";"1145";"06300";"06088";"Nice";"06";"None";"None";"06088000KL0103";"None";"None";"15";"nan";"26";"nan";"None";"nan";"None";"None";"None";"None";"2";"2";"Appartement";"86.0";"4.0";"None";"None";"None";"None";"nan";"7.29183";"43.696379";"000KL"
"2022-64922";"2022-08-31";"1";"Vente";"285000.0";"45.0";"None";"BD STALINGRAD";"6285";"06300";"06088";"Nice";"06";"None";"None";"06088000KL0041";"None";"None";"101";"nan";"14";"58.21";"None";"nan";"None";"None";"None";"None";"2";"2";"Appartement";"56.0";"3.0";"None";"None";"None";"None";"nan";"7.286946";"43.695496";"000KL"
"2022-65390";"2022-08-31";"1";"Vente";"157000.0";"19.0";"B";"BD FRANCK PILATTE";"2610";"06300";"06088";"Nice";"06";"None";"None";"06088000KL0163";"None";"None";"280";"nan";"45";"31.0";"None";"nan";"None";"None";"None";"None";"2";"2";"Appartement";"33.0";"1.0";"None";"None";"None";"None";"nan";"7.289135";"43.694399";"000KL"
"2022-64452";"2022-08-31";"1";"Vente";"610000.0";"66.0";"None";"BD CARNOT";"1145";"06300";"06088";"Nice";"06";"None";"None";"06088000KL0103";"None";"None";"15";"nan";"26";"nan";"None";"nan";"None";"None";"None";"None";"2";"3";"Dépendance";"nan";"0.0";"None";"None";"None";"None";"nan";"7.29183";"43.696379";"000KL"
"2022-64452";"2022-08-31";"1";"Vente";"610000.0";"66.0";"None";"BD CARNOT";"1145";"06300";"06088";"Nice";"06";"None";"None";"06088000KL0103";"None";"None";"64";"nan";"None";"nan";"None";"nan";"None";"None";"None";"None";"1";"3";"Dépendance";"nan";"0.0";"None";"None";"None";"None";"nan";"7.29183";"43.696379";"000KL"
"2022-64922";"2022-08-31";"1";"Vente";"285000.0";"45.0";"None";"BD STALINGRAD";"6285";"06300";"06088";"Nice";"06";"None";"None";"06088000KL0041";"None";"None";"101";"nan";"14";"58.21";"None";"nan";"None";"None";"None";"None";"2";"3";"Dépendance";"nan";"0.0";"None";"None";"None";"None";"nan";"7.286946";"43.695496";"000KL"
"2022-65390";"2022-08-31";"1";"Vente";"157000.0";"19.0";"B";"BD FRANCK PILATTE";"2610";"06300";"06088";"Nice";"06";"None";"None";"06088000KL0163";"None";"None";"280";"nan";"45";"31.0";"None";"nan";"None";"None";"None";"None";"2";"3";"Dépendance";"nan";"0.0";"None";"None";"None";"None";"nan";"7.289135";"43.694399";"000KL"
"2022-65008";"2022-08-29";"1";"Vente";"203000.0";"9007.0";"None";"AV LYMPIA";"3795";"06300";"06088";"Nice";"06";"None";"None";"06088000KL0059";"None";"None";"15";"nan";"30";"27.88";"None";"nan";"None";"None";"None";"None";"2";"2";"Appartement";"28.0";"1.0";"None";"None";"None";"None";"nan";"7.289922";"43.696094";"000KL"
"2022-64681";"2022-08-25";"1";"Vente";"860000.0";"9.0";"B";"BD FRANCK PILATTE";"2610";"06300";"06088";"Nice";"06";"None";"None";"06088000KL0172";"None";"None";"219";"nan";"246";"nan";"None";"nan";"None";"None";"None";"None";"2";"2";"Appartement";"93.0";"3.0";"None";"None";"None";"None";"nan";"7.288086";"43.694638";"000KL"
"2022-64681";"2022-08-25";"1";"Vente";"860000.0";"9.0";"B";"BD FRANCK PILATTE";"2610";"06300";"06088";"Nice";"06";"None";"None";"06088000KL0172";"None";"None";"219";"nan";"246";"nan";"None";"nan";"None";"None";"None";"None";"2";"3";"Dépendance";"nan";"0.0";"None";"None";"None";"None";"nan";"7.288086";"43.694638";"000KL"
"2022-64681";"2022-08-25";"1";"Vente";"860000.0";"9.0";"B";"BD FRANCK PILATTE";"2610";"06300";"06088";"Nice";"06";"None";"None";"06088000KL0172";"None";"None";"219";"nan";"246";"nan";"None";"nan";"None";"None";"None";"None";"2";"3";"Dépendance";"nan";"0.0";"None";"None";"None";"None";"nan";"7.288086";"43.694638";"000KL"
"2022-64681";"2022-08-25";"1";"Vente";"860000.0";"9.0";"None";"BD FRANCK PILATTE";"2610";"06300";"06088";"Nice";"06";"None";"None";"06088000KL0172";"None";"None";"48";"nan";"None";"nan";"None";"nan";"None";"None";"None";"None";"1";"3";"Dépendance";"nan";"0.0";"None";"None";"None";"None";"nan";"7.288086";"43.694638";"000KL"
"2022-63824";"2022-08-04";"1";"Vente";"566400.0";"19.0";"B";"BD FRANCK PILATTE";"2610";"06300";"06088";"Nice";"06";"None";"None";"06088000KL0163";"None";"None";"257";"nan";"299";"nan";"None";"nan";"None";"None";"None";"None";"2";"2";"Appartement";"71.0";"3.0";"None";"None";"None";"None";"nan";"7.289135";"43.694399";"000KL"
"2022-62603";"2022-07-21";"1";"Vente";"510000.0";"19.0";"B";"BD FRANCK PILATTE";"2610";"06300";"06088";"Nice";"06";"None";"None";"06088000KL0163";"None";"None";"117";"56.69";"82";"nan";"None";"nan";"None";"None";"None";"None";"2";"2";"Appartement";"56.0";"2.0";"None";"None";"None";"None";"nan";"7.289135";"43.694399";"000KL"
"2022-65387";"2022-07-21";"1";"Vente";"608481.0";"11.0";"None";"BD FRANCK PILATTE";"2610";"06300";"06088";"Nice";"06";"None";"None";"06088000KL0172";"None";"None";"281";"75.83";"None";"nan";"None";"nan";"None";"None";"None";"None";"1";"2";"Appartement";"76.0";"3.0";"None";"None";"None";"None";"nan";"7.288086";"43.694638";"000KL"
"2022-62603";"2022-07-21";"1";"Vente";"510000.0";"19.0";"B";"BD FRANCK PILATTE";"2610";"06300";"06088";"Nice";"06";"None";"None";"06088000KL0163";"None";"None";"117";"56.69";"82";"nan";"None";"nan";"None";"None";"None";"None";"2";"3";"Dépendance";"nan";"0.0";"None";"None";"None";"None";"nan";"7.289135";"43.694399";"000KL"
"2022-62710";"2022-07-18";"1";"Vente";"345000.0";"45.0";"None";"BD STALINGRAD";"6285";"06300";"06088";"Nice";"06";"None";"None";"06088000KL0041";"None";"None";"13";"69.0";"92";"nan";"None";"nan";"None";"None";"None";"None";"2";"2";"Appartement";"75.0";"4.0";"None";"None";"None";"None";"nan";"7.286946";"43.695496";"000KL"
"2022-62710";"2022-07-18";"1";"Vente";"345000.0";"45.0";"None";"BD STALINGRAD";"6285";"06300";"06088";"Nice";"06";"None";"None";"06088000KL0041";"None";"None";"13";"69.0";"92";"nan";"None";"nan";"None";"None";"None";"None";"2";"3";"Dépendance";"nan";"0.0";"None";"None";"None";"None";"nan";"7.286946";"43.695496";"000KL"
"2022-62100";"2022-07-13";"1";"Vente";"5000.0";"19.0";"B";"BD FRANCK PILATTE";"2610";"06300";"06088";"Nice";"06";"None";"None";"06088000KL0163";"None";"None";"77";"nan";"None";"nan";"None";"nan";"None";"None";"None";"None";"1";"2";"Appartement";"88.0";"3.0";"None";"None";"None";"None";"nan";"7.289135";"43.694399";"000KL"
"2022-62100";"2022-07-13";"1";"Vente";"5000.0";"19.0";"B";"BD FRANCK PILATTE";"2610";"06300";"06088";"Nice";"06";"None";"None";"06088000KL0163";"None";"None";"77";"nan";"None";"nan";"None";"nan";"None";"None";"None";"None";"1";"3";"Dépendance";"nan";"0.0";"None";"None";"None";"None";"nan";"7.289135";"43.694399";"000KL"
"2022-61979";"2022-07-08";"1";"Vente";"170000.0";"6.0";"None";"AV JEANNE MARLIN";"3405";"06300";"06088";"Nice";"06";"None";"None";"06088000KL0035";"None";"None";"7";"nan";"None";"nan";"None";"nan";"None";"None";"None";"None";"1";"2";"Appartement";"52.0";"2.0";"None";"None";"None";"None";"nan";"7.287479";"43.695947";"000KL"
"2022-62289";"2022-07-07";"1";"Vente";"280000.0";"nan";"None";"IMP JEANNE MARLIN";"3406";"06300";"06088";"Nice";"06";"None";"None";"06088000KL0216";"None";"None";"398";"49.15";"None";"nan";"None";"nan";"None";"None";"None";"None";"1";"2";"Appartement";"49.0";"2.0";"None";"None";"None";"None";"nan";"7.287399";"43.695443";"000KL"
"2022-62289";"2022-07-07";"1";"Vente";"280000.0";"nan";"None";"IMP JEANNE MARLIN";"3406";"06300";"06088";"Nice";"06";"None";"None";"06088000KL0216";"None";"None";"314";"nan";"None";"nan";"None";"nan";"None";"None";"None";"None";"1";"3";"Dépendance";"nan";"0.0";"None";"None";"None";"None";"nan";"7.287399";"43.695443";"000KL"
"2022-62289";"2022-07-07";"1";"Vente";"280000.0";"nan";"None";"IMP JEANNE MARLIN";"3406";"06300";"06088";"Nice";"06";"None";"None";"06088000KL0216";"None";"None";"398";"49.15";"None";"nan";"None";"nan";"None";"None";"None";"None";"1";"3";"Dépendance";"nan";"0.0";"None";"None";"None";"None";"nan";"7.287399";"43.695443";"000KL"
"2022-62370";"2022-07-01";"1";"Vente";"640000.0";"19.0";"B";"BD FRANCK PILATTE";"2610";"06300";"06088";"Nice";"06";"None";"None";"06088000KL0163";"None";"None";"240";"nan";"309";"70.85";"None";"nan";"None";"None";"None";"None";"2";"2";"Appartement";"70.0";"3.0";"None";"None";"None";"None";"nan";"7.289135";"43.694399";"000KL"
"2022-62370";"2022-07-01";"1";"Vente";"640000.0";"19.0";"B";"BD FRANCK PILATTE";"2610";"06300";"06088";"Nice";"06";"None";"None";"06088000KL0163";"None";"None";"240";"nan";"309";"70.85";"None";"nan";"None";"None";"None";"None";"2";"3";"Dépendance";"nan";"0.0";"None";"None";"None";"None";"nan";"7.289135";"43.694399";"000KL"
"2022-62370";"2022-07-01";"1";"Vente";"640000.0";"19.0";"B";"BD FRANCK PILATTE";"2610";"06300";"06088";"Nice";"06";"None";"None";"06088000KL0163";"None";"None";"240";"nan";"309";"70.85";"None";"nan";"None";"None";"None";"None";"2";"3";"Dépendance";"nan";"0.0";"None";"None";"None";"None";"nan";"7.289135";"43.694399";"000KL"
"2022-60988";"2022-06-30";"1";"Vente";"439411.0";"66.0";"None";"BD CARNOT";"1145";"06300";"06088";"Nice";"06";"None";"None";"06088000KL0103";"None";"None";"14";"nan";"34";"90.02";"None";"nan";"None";"None";"None";"None";"2";"2";"Appartement";"91.0";"3.0";"None";"None";"None";"None";"nan";"7.29183";"43.696379";"000KL"
"2022-60933";"2022-06-30";"1";"Vente";"92000.0";"13.0";"None";"BD FRANCK PILATTE";"2610";"06300";"06088";"Nice";"06";"None";"None";"06088000KL0172";"None";"None";"623";"14.3";"None";"nan";"None";"nan";"None";"None";"None";"None";"1";"3";"Dépendance";"nan";"0.0";"None";"None";"None";"None";"nan";"7.288086";"43.694638";"000KL"
"2022-60988";"2022-06-30";"1";"Vente";"439411.0";"66.0";"None";"BD CARNOT";"1145";"06300";"06088";"Nice";"06";"None";"None";"06088000KL0103";"None";"None";"45";"nan";"None";"nan";"None";"nan";"None";"None";"None";"None";"1";"3";"Dépendance";"nan";"0.0";"None";"None";"None";"None";"nan";"7.29183";"43.696379";"000KL"
"2022-60988";"2022-06-30";"1";"Vente";"439411.0";"66.0";"None";"BD CARNOT";"1145";"06300";"06088";"Nice";"06";"None";"None";"06088000KL0103";"None";"None";"14";"nan";"34";"90.02";"None";"nan";"None";"None";"None";"None";"2";"3";"Dépendance";"nan";"0.0";"None";"None";"None";"None";"nan";"7.29183";"43.696379";"000KL"
"2022-60988";"2022-06-30";"1";"Vente";"439411.0";"66.0";"None";"BD CARNOT";"1145";"06300";"06088";"Nice";"06";"None";"None";"06088000KL0103";"None";"None";"14";"nan";"34";"90.02";"None";"nan";"None";"None";"None";"None";"2";"3";"Dépendance";"nan";"0.0";"None";"None";"None";"None";"nan";"7.29183";"43.696379";"000KL"
"2022-61861";"2022-06-29";"1";"Vente";"360000.0";"9007.0";"None";"AV LYMPIA";"3795";"06300";"06088";"Nice";"06";"None";"None";"06088000KL0059";"None";"None";"34";"67.7";"None";"nan";"None";"nan";"None";"None";"None";"None";"1";"2";"Appartement";"67.0";"3.0";"None";"None";"None";"None";"nan";"7.289922";"43.696094";"000KL"
"2022-61861";"2022-06-29";"1";"Vente";"360000.0";"9007.0";"None";"AV LYMPIA";"3795";"06300";"06088";"Nice";"06";"None";"None";"06088000KL0059";"None";"None";"2";"nan";"None";"nan";"None";"nan";"None";"None";"None";"None";"1";"3";"Dépendance";"nan";"0.0";"None";"None";"None";"None";"nan";"7.289922";"43.696094";"000KL"
"2022-60770";"2022-06-28";"1";"Vente";"175000.0";"34.0";"None";"BD CARNOT";"1145";"06300";"06088";"Nice";"06";"None";"None";"06088000KL0013";"None";"None";"58";"48.35";"None";"nan";"None";"nan";"None";"None";"None";"None";"1";"2";"Appartement";"48.0";"2.0";"None";"None";"None";"None";"nan";"7.288977";"43.696813";"000KL"
"2022-60550";"2022-06-27";"1";"Vente";"218810.0";"33.0";"None";"BD STALINGRAD";"6285";"06300";"06088";"Nice";"06";"None";"None";"06088000KL0015";"None";"None";"13";"54.21";"190";"nan";"None";"nan";"None";"None";"None";"None";"2";"2";"Appartement";"59.0";"3.0";"None";"None";"None";"None";"nan";"7.287665";"43.696738";"000KL"
"2022-60550";"2022-06-27";"1";"Vente";"218810.0";"33.0";"None";"BD STALINGRAD";"6285";"06300";"06088";"Nice";"06";"None";"None";"06088000KL0015";"None";"None";"13";"54.21";"190";"nan";"None";"nan";"None";"None";"None";"None";"2";"3";"Dépendance";"nan";"0.0";"None";"None";"None";"None";"nan";"7.287665";"43.696738";"000KL"
"2022-61341";"2022-06-23";"1";"Vente";"220000.0";"11.0";"B";"BD FRANCK PILATTE";"2610";"06300";"06088";"Nice";"06";"None";"None";"06088000KL0172";"None";"None";"314";"nan";"323";"nan";"None";"nan";"None";"None";"None";"None";"2";"2";"Appartement";"45.0";"2.0";"None";"None";"None";"None";"nan";"7.288086";"43.694638";"000KL"
"2022-61373";"2022-06-23";"1";"Vente";"280000.0";"36.0";"None";"BD CARNOT";"1145";"06300";"06088";"Nice";"06";"None";"None";"06088000KL0013";"None";"None";"85";"50.01";"None";"nan";"None";"nan";"None";"None";"None";"None";"1";"2";"Appartement";"60.0";"2.0";"None";"None";"None";"None";"nan";"7.288977";"43.696813";"000KL"
"2022-61341";"2022-06-23";"1";"Vente";"220000.0";"11.0";"B";"BD FRANCK PILATTE";"2610";"06300";"06088";"Nice";"06";"None";"None";"06088000KL0172";"None";"None";"314";"nan";"323";"nan";"None";"nan";"None";"None";"None";"None";"2";"3";"Dépendance";"nan";"0.0";"None";"None";"None";"None";"nan";"7.288086";"43.694638";"000KL"
"2022-61373";"2022-06-23";"1";"Vente";"280000.0";"36.0";"None";"BD CARNOT";"1145";"06300";"06088";"Nice";"06";"None";"None";"06088000KL0013";"None";"None";"85";"50.01";"None";"nan";"None";"nan";"None";"None";"None";"None";"1";"3";"Dépendance";"nan";"0.0";"None";"None";"None";"None";"nan";"7.288977";"43.696813";"000KL"
"2022-60219";"2022-06-22";"1";"Vente";"437000.0";"3.0";"None";"AV GUSTAVIN";"3140";"06300";"06088";"Nice";"06";"None";"None";"06088000KL0096";"None";"None";"38";"63.06";"None";"nan";"None";"nan";"None";"None";"None";"None";"1";"2";"Appartement";"61.0";"3.0";"None";"None";"None";"None";"nan";"7.290763";"43.696056";"000KL"
"2022-60219";"2022-06-22";"1";"Vente";"437000.0";"3.0";"None";"AV GUSTAVIN";"3140";"06300";"06088";"Nice";"06";"None";"None";"06088000KL0096";"None";"None";"18";"nan";"None";"nan";"None";"nan";"None";"None";"None";"None";"1";"3";"Dépendance";"nan";"0.0";"None";"None";"None";"None";"nan";"7.290763";"43.696056";"000KL"
"2022-60219";"2022-06-22";"1";"Vente";"437000.0";"3.0";"None";"AV GUSTAVIN";"3140";"06300";"06088";"Nice";"06";"None";"None";"06088000KL0096";"None";"None";"115";"nan";"None";"nan";"None";"nan";"None";"None";"None";"None";"1";"3";"Dépendance";"nan";"0.0";"None";"None";"None";"None";"nan";"7.290763";"43.696056";"000KL"
"2022-61392";"2022-06-22";"1";"Vente";"25000.0";"nan";"None";"IMP JEANNE MARLIN";"3406";"06300";"06088";"Nice";"06";"None";"None";"06088000KL0216";"None";"None";"280";"nan";"None";"nan";"None";"nan";"None";"None";"None";"None";"1";"3";"Dépendance";"nan";"0.0";"None";"None";"None";"None";"nan";"7.287399";"43.695443";"000KL"
"2022-60180";"2022-06-20";"1";"Vente";"225000.0";"7.0";"T";"BD FRANCK PILATTE";"2610";"06300";"06088";"Nice";"06";"None";"None";"06088000KL0172";"None";"None";"148";"47.6";"None";"nan";"None";"nan";"None";"None";"None";"None";"1";"2";"Appartement";"55.0";"2.0";"None";"None";"None";"None";"nan";"7.288086";"43.694638";"000KL"
"2022-60410";"2022-06-20";"1";"Vente";"898450.0";"9.0";"None";"AV GUSTAVIN";"3140";"06300";"06088";"Nice";"06";"None";"None";"06088000KL0090";"None";"None";"17";"114.42";"7";"nan";"None";"nan";"None";"None";"None";"None";"2";"2";"Appartement";"94.0";"4.0";"None";"None";"None";"None";"nan";"7.290575";"43.695652";"000KL"
"2022-60410";"2022-06-20";"1";"Vente";"898450.0";"9.0";"None";"AV GUSTAVIN";"3140";"06300";"06088";"Nice";"06";"None";"None";"06088000KL0090";"None";"None";"17";"114.42";"7";"nan";"None";"nan";"None";"None";"None";"None";"2";"3";"Dépendance";"nan";"0.0";"None";"None";"None";"None";"nan";"7.290575";"43.695652";"000KL"
"2022-60410";"2022-06-20";"1";"Vente";"898450.0";"9.0";"None";"AV GUSTAVIN";"3140";"06300";"06088";"Nice";"06";"None";"None";"06088000KL0090";"None";"None";"23";"nan";"None";"nan";"None";"nan";"None";"None";"None";"None";"1";"3";"Dépendance";"nan";"0.0";"None";"None";"None";"None";"nan";"7.290575";"43.695652";"000KL"
"2022-61095";"2022-06-14";"1";"Vente";"335000.0";"45.0";"None";"BD STALINGRAD";"6285";"06300";"06088";"Nice";"06";"None";"None";"06088000KL0216";"None";"None";"491";"nan";"492";"nan";"493";"nan";"494";"None";"495";"None";"24";"4";"Local industriel. commercial ou assimilé";"160.0";"0.0";"None";"None";"None";"None";"nan";"7.287399";"43.695443";"000KL"
"2022-59841";"2022-06-03";"1";"Vente";"440300.0";"34.0";"None";"BD CARNOT";"1145";"06300";"06088";"Nice";"06";"None";"None";"06088000KL0013";"None";"None";"134";"nan";"90";"82.69";"None";"nan";"None";"None";"None";"None";"2";"2";"Appartement";"55.0";"1.0";"None";"None";"None";"None";"nan";"7.288977";"43.696813";"000KL"
"2022-59841";"2022-06-03";"1";"Vente";"440300.0";"34.0";"None";"BD CARNOT";"1145";"06300";"06088";"Nice";"06";"None";"None";"06088000KL0013";"None";"None";"91";"44.66";"None";"nan";"None";"nan";"None";"None";"None";"None";"1";"2";"Appartement";"90.0";"4.0";"None";"None";"None";"None";"nan";"7.288977";"43.696813";"000KL"
"2022-59841";"2022-06-03";"1";"Vente";"440300.0";"36.0";"None";"BD CARNOT";"1145";"06300";"06088";"Nice";"06";"None";"None";"06088000KL0013";"None";"None";"116";"nan";"None";"nan";"None";"nan";"None";"None";"None";"None";"1";"3";"Dépendance";"nan";"0.0";"None";"None";"None";"None";"nan";"7.288977";"43.696813";"000KL"
"2022-59841";"2022-06-03";"1";"Vente";"440300.0";"34.0";"None";"BD CARNOT";"1145";"06300";"06088";"Nice";"06";"None";"None";"06088000KL0013";"None";"None";"134";"nan";"90";"82.69";"None";"nan";"None";"None";"None";"None";"2";"3";"Dépendance";"nan";"0.0";"None";"None";"None";"None";"nan";"7.288977";"43.696813";"000KL"
"2022-59841";"2022-06-03";"1";"Vente";"440300.0";"34.0";"None";"BD CARNOT";"1145";"06300";"06088";"Nice";"06";"None";"None";"06088000KL0013";"None";"None";"134";"nan";"90";"82.69";"None";"nan";"None";"None";"None";"None";"2";"3";"Dépendance";"nan";"0.0";"None";"None";"None";"None";"nan";"7.288977";"43.696813";"000KL"
"2022-59841";"2022-06-03";"1";"Vente";"440300.0";"34.0";"None";"BD CARNOT";"1145";"06300";"06088";"Nice";"06";"None";"None";"06088000KL0013";"None";"None";"91";"44.66";"None";"nan";"None";"nan";"None";"None";"None";"None";"1";"3";"Dépendance";"nan";"0.0";"None";"None";"None";"None";"nan";"7.288977";"43.696813";"000KL"
"2022-59841";"2022-06-03";"1";"Vente";"440300.0";"34.0";"None";"BD CARNOT";"1145";"06300";"06088";"Nice";"06";"None";"None";"06088000KL0013";"None";"None";"91";"44.66";"None";"nan";"None";"nan";"None";"None";"None";"None";"1";"3";"Dépendance";"nan";"0.0";"None";"None";"None";"None";"nan";"7.288977";"43.696813";"000KL"
"2022-61182";"2022-06-02";"1";"Vente";"577600.0";"70.0";"None";"BD CARNOT";"1145";"06300";"06088";"Nice";"06";"None";"None";"06088000KL0111";"None";"None";"10";"nan";"72";"57.05";"None";"nan";"None";"None";"None";"None";"2";"2";"Appartement";"60.0";"2.0";"None";"None";"None";"None";"nan";"7.292469";"43.695879";"000KL"
"2022-61182";"2022-06-02";"1";"Vente";"577600.0";"70.0";"None";"BD CARNOT";"1145";"06300";"06088";"Nice";"06";"None";"None";"06088000KL0111";"None";"None";"10";"nan";"72";"57.05";"None";"nan";"None";"None";"None";"None";"2";"3";"Dépendance";"nan";"0.0";"None";"None";"None";"None";"nan";"7.292469";"43.695879";"000KL"
"2022-59884";"2022-06-01";"1";"Vente";"1175000.0";"7.0";"T";"BD FRANCK PILATTE";"2610";"06300";"06088";"Nice";"06";"None";"None";"06088000KL0172";"None";"None";"122";"nan";"162";"nan";"None";"nan";"None";"None";"None";"None";"2";"2";"Appartement";"102.0";"3.0";"None";"None";"None";"None";"nan";"7.288086";"43.694638";"000KL"
"2022-59884";"2022-06-01";"1";"Vente";"1175000.0";"7.0";"T";"BD FRANCK PILATTE";"2610";"06300";"06088";"Nice";"06";"None";"None";"06088000KL0172";"None";"None";"112";"nan";"None";"nan";"None";"nan";"None";"None";"None";"None";"1";"3";"Dépendance";"nan";"0.0";"None";"None";"None";"None";"nan";"7.288086";"43.694638";"000KL"
"2022-59884";"2022-06-01";"1";"Vente";"1175000.0";"7.0";"T";"BD FRANCK PILATTE";"2610";"06300";"06088";"Nice";"06";"None";"None";"06088000KL0172";"None";"None";"172";"nan";"None";"nan";"None";"nan";"None";"None";"None";"None";"1";"3";"Dépendance";"nan";"0.0";"None";"None";"None";"None";"nan";"7.288086";"43.694638";"000KL"
"2022-59884";"2022-06-01";"1";"Vente";"1175000.0";"7.0";"T";"BD FRANCK PILATTE";"2610";"06300";"06088";"Nice";"06";"None";"None";"06088000KL0172";"None";"None";"122";"nan";"162";"nan";"None";"nan";"None";"None";"None";"None";"2";"3";"Dépendance";"nan";"0.0";"None";"None";"None";"None";"nan";"7.288086";"43.694638";"000KL"
"2022-59884";"2022-06-01";"1";"Vente";"1175000.0";"7.0";"T";"BD FRANCK PILATTE";"2610";"06300";"06088";"Nice";"06";"None";"None";"06088000KL0172";"None";"None";"122";"nan";"162";"nan";"None";"nan";"None";"None";"None";"None";"2";"3";"Dépendance";"nan";"0.0";"None";"None";"None";"None";"nan";"7.288086";"43.694638";"000KL"
"2022-59023";"2022-05-31";"1";"Vente";"160000.0";"nan";"None";"IMP JEANNE MARLIN";"3406";"06300";"06088";"Nice";"06";"None";"None";"06088000KL0216";"None";"None";"403";"nan";"None";"nan";"None";"nan";"None";"None";"None";"None";"1";"2";"Appartement";"38.0";"1.0";"None";"None";"None";"None";"nan";"7.287399";"43.695443";"000KL"
"2022-59023";"2022-05-31";"1";"Vente";"160000.0";"nan";"None";"IMP JEANNE MARLIN";"3406";"06300";"06088";"Nice";"06";"None";"None";"06088000KL0216";"None";"None";"327";"nan";"None";"nan";"None";"nan";"None";"None";"None";"None";"1";"3";"Dépendance";"nan";"0.0";"None";"None";"None";"None";"nan";"7.287399";"43.695443";"000KL"
"2022-59848";"2022-05-30";"1";"Vente";"335000.0";"39.0";"B";"BD STALINGRAD";"6285";"06300";"06088";"Nice";"06";"None";"None";"06088000KL0018";"None";"None";"2";"nan";"95";"68.04";"None";"nan";"None";"None";"None";"None";"2";"2";"Appartement";"65.0";"4.0";"None";"None";"None";"None";"nan";"7.287295";"43.696354";"000KL"
"2022-59848";"2022-05-30";"1";"Vente";"335000.0";"39.0";"B";"BD STALINGRAD";"6285";"06300";"06088";"Nice";"06";"None";"None";"06088000KL0018";"None";"None";"2";"nan";"95";"68.04";"None";"nan";"None";"None";"None";"None";"2";"3";"Dépendance";"nan";"0.0";"None";"None";"None";"None";"nan";"7.287295";"43.696354";"000KL"
"2022-59332";"2022-05-24";"1";"Vente";"662220.0";"9.0";"None";"AV GUSTAVIN";"3140";"06300";"06088";"Nice";"06";"None";"None";"06088000KL0090";"None";"None";"13";"nan";"5";"nan";"None";"nan";"None";"None";"None";"None";"2";"2";"Appartement";"94.0";"4.0";"None";"None";"None";"None";"nan";"7.290575";"43.695652";"000KL"
"2022-59332";"2022-05-24";"1";"Vente";"662220.0";"9.0";"None";"AV GUSTAVIN";"3140";"06300";"06088";"Nice";"06";"None";"None";"06088000KL0090";"None";"None";"13";"nan";"5";"nan";"None";"nan";"None";"None";"None";"None";"2";"3";"Dépendance";"nan";"0.0";"None";"None";"None";"None";"nan";"7.290575";"43.695652";"000KL"
"2022-59606";"2022-05-23";"1";"Vente";"783800.0";"16.0";"None";"AV DE LA RESERVE";"5440";"06300";"06088";"Nice";"06";"None";"None";"06088000KL0146";"None";"None";"16";"80.01";"5";"nan";"None";"nan";"None";"None";"None";"None";"2";"2";"Appartement";"88.0";"3.0";"None";"None";"None";"None";"nan";"7.291792";"43.694155";"000KL"
"2022-59606";"2022-05-23";"1";"Vente";"783800.0";"16.0";"None";"AV DE LA RESERVE";"5440";"06300";"06088";"Nice";"06";"None";"None";"06088000KL0146";"None";"None";"16";"80.01";"5";"nan";"None";"nan";"None";"None";"None";"None";"2";"3";"Dépendance";"nan";"0.0";"None";"None";"None";"None";"nan";"7.291792";"43.694155";"000KL"
"2022-59606";"2022-05-23";"1";"Vente";"783800.0";"16.0";"None";"AV DE LA RESERVE";"5440";"06300";"06088";"Nice";"06";"None";"None";"06088000KL0146";"None";"None";"16";"80.01";"5";"nan";"None";"nan";"None";"None";"None";"None";"2";"3";"Dépendance";"nan";"0.0";"None";"None";"None";"None";"nan";"7.291792";"43.694155";"000KL"
"2022-58692";"2022-05-17";"1";"Vente";"173350.0";"9007.0";"None";"AV LYMPIA";"3795";"06300";"06088";"Nice";"06";"None";"None";"06088000KL0059";"None";"None";"13";"nan";"27";"23.59";"None";"nan";"None";"None";"None";"None";"2";"2";"Appartement";"23.0";"1.0";"None";"None";"None";"None";"nan";"7.289922";"43.696094";"000KL"
"2022-58881";"2022-05-17";"1";"Vente";"890000.0";"23.0";"None";"BD FRANCK PILATTE";"2610";"06300";"06088";"Nice";"06";"None";"None";"06088000KL0160";"None";"None";"2005";"nan";"2067";"88.48";"None";"nan";"None";"None";"None";"None";"2";"2";"Appartement";"91.0";"3.0";"None";"None";"None";"None";"nan";"7.291004";"43.693821";"000KL"
"2022-58881";"2022-05-17";"1";"Vente";"890000.0";"23.0";"None";"BD FRANCK PILATTE";"2610";"06300";"06088";"Nice";"06";"None";"None";"06088000KL0160";"None";"None";"2005";"nan";"2067";"88.48";"None";"nan";"None";"None";"None";"None";"2";"3";"Dépendance";"nan";"0.0";"None";"None";"None";"None";"nan";"7.291004";"43.693821";"000KL"
"2022-58181";"2022-05-12";"1";"Vente";"510000.0";"9.0";"B";"BD FRANCK PILATTE";"2610";"06300";"06088";"Nice";"06";"None";"None";"06088000KL0172";"None";"None";"124";"nan";"232";"76.5";"None";"nan";"None";"None";"None";"None";"2";"2";"Appartement";"75.0";"3.0";"None";"None";"None";"None";"nan";"7.288086";"43.694638";"000KL"
"2022-58181";"2022-05-12";"1";"Vente";"510000.0";"9.0";"B";"BD FRANCK PILATTE";"2610";"06300";"06088";"Nice";"06";"None";"None";"06088000KL0172";"None";"None";"124";"nan";"232";"76.5";"None";"nan";"None";"None";"None";"None";"2";"3";"Dépendance";"nan";"0.0";"None";"None";"None";"None";"nan";"7.288086";"43.694638";"000KL"
"2022-58328";"2022-05-10";"1";"Vente";"730000.0";"9.0";"B";"BD FRANCK PILATTE";"2610";"06300";"06088";"Nice";"06";"None";"None";"06088000KL0172";"None";"None";"219";"nan";"246";"92.02";"None";"nan";"None";"None";"None";"None";"2";"2";"Appartement";"93.0";"3.0";"None";"None";"None";"None";"nan";"7.288086";"43.694638";"000KL"
"2022-58328";"2022-05-10";"1";"Vente";"730000.0";"9.0";"B";"BD FRANCK PILATTE";"2610";"06300";"06088";"Nice";"06";"None";"None";"06088000KL0172";"None";"None";"219";"nan";"246";"92.02";"None";"nan";"None";"None";"None";"None";"2";"3";"Dépendance";"nan";"0.0";"None";"None";"None";"None";"nan";"7.288086";"43.694638";"000KL"
"2022-58328";"2022-05-10";"1";"Vente";"730000.0";"9.0";"B";"BD FRANCK PILATTE";"2610";"06300";"06088";"Nice";"06";"None";"None";"06088000KL0172";"None";"None";"219";"nan";"246";"92.02";"None";"nan";"None";"None";"None";"None";"2";"3";"Dépendance";"nan";"0.0";"None";"None";"None";"None";"nan";"7.288086";"43.694638";"000KL"
"2022-58328";"2022-05-10";"1";"Vente";"730000.0";"9.0";"None";"BD FRANCK PILATTE";"2610";"06300";"06088";"Nice";"06";"None";"None";"06088000KL0172";"None";"None";"48";"nan";"None";"nan";"None";"nan";"None";"None";"None";"None";"1";"3";"Dépendance";"nan";"0.0";"None";"None";"None";"None";"nan";"7.288086";"43.694638";"000KL"
"2022-57687";"2022-05-02";"1";"Vente";"580000.0";"1.0";"None";"BD FRANCK PILATTE";"2610";"06300";"06088";"Nice";"06";"None";"None";"06088000KL0174";"None";"None";"7";"nan";"None";"nan";"None";"nan";"None";"None";"None";"None";"1";"2";"Appartement";"90.0";"3.0";"None";"None";"None";"None";"nan";"7.286838";"43.694493";"000KL"
"2022-58273";"2022-04-29";"1";"Vente";"167010.0";"52.0";"None";"BD CARNOT";"1145";"06300";"06088";"Nice";"06";"None";"None";"06088000KL0194";"None";"None";"82";"24.05";"None";"nan";"None";"nan";"None";"None";"None";"None";"1";"2";"Appartement";"24.0";"1.0";"None";"None";"None";"None";"nan";"7.290893";"43.696371";"000KL"
"2022-58273";"2022-04-29";"1";"Vente";"167010.0";"52.0";"None";"BD CARNOT";"1145";"06300";"06088";"Nice";"06";"None";"None";"06088000KL0194";"None";"None";"16";"nan";"None";"nan";"None";"nan";"None";"None";"None";"None";"1";"3";"Dépendance";"nan";"0.0";"None";"None";"None";"None";"nan";"7.290893";"43.696371";"000KL"
"2022-57433";"2022-04-27";"1";"Vente";"336000.0";"13.0";"T";"BD FRANCK PILATTE";"2610";"06300";"06088";"Nice";"06";"None";"None";"06088000KL0172";"None";"None";"608";"nan";"634";"nan";"None";"nan";"None";"None";"None";"None";"2";"2";"Appartement";"56.0";"2.0";"None";"None";"None";"None";"nan";"7.288086";"43.694638";"000KL"
"2022-57433";"2022-04-27";"1";"Vente";"336000.0";"13.0";"T";"BD FRANCK PILATTE";"2610";"06300";"06088";"Nice";"06";"None";"None";"06088000KL0172";"None";"None";"608";"nan";"634";"nan";"None";"nan";"None";"None";"None";"None";"2";"3";"Dépendance";"nan";"0.0";"None";"None";"None";"None";"nan";"7.288086";"43.694638";"000KL"
"2022-57487";"2022-04-27";"1";"Vente";"84000.0";"nan";"None";"IMP JEANNE MARLIN";"3406";"06300";"06088";"Nice";"06";"None";"None";"06088000KL0216";"None";"None";"289";"nan";"None";"nan";"None";"nan";"None";"None";"None";"None";"1";"3";"Dépendance";"nan";"0.0";"None";"None";"None";"None";"nan";"7.287399";"43.695443";"000KL"
"2022-57487";"2022-04-27";"1";"Vente";"84000.0";"nan";"None";"IMP JEANNE MARLIN";"3406";"06300";"06088";"Nice";"06";"None";"None";"06088000KL0216";"None";"None";"288";"nan";"None";"nan";"None";"nan";"None";"None";"None";"None";"1";"3";"Dépendance";"nan";"0.0";"None";"None";"None";"None";"nan";"7.287399";"43.695443";"000KL"
"2022-57871";"2022-04-22";"1";"Vente";"455000.0";"nan";"None";"IMP JEANNE MARLIN";"3406";"06300";"06088";"Nice";"06";"None";"None";"06088000KL0216";"None";"None";"384";"nan";"462";"nan";"None";"nan";"None";"None";"None";"None";"2";"2";"Appartement";"80.0";"3.0";"None";"None";"None";"None";"nan";"7.287399";"43.695443";"000KL"
"2022-56444";"2022-04-13";"1";"Vente";"225000.0";"23.0";"None";"BD FRANCK PILATTE";"2610";"06300";"06088";"Nice";"06";"None";"None";"06088000KL0160";"None";"None";"335";"nan";"None";"nan";"None";"nan";"None";"None";"None";"None";"1";"2";"Appartement";"28.0";"1.0";"None";"None";"None";"None";"nan";"7.291004";"43.693821";"000KL"
"2022-56572";"2022-04-13";"1";"Vente";"268000.0";"nan";"None";"IMP JEANNE MARLIN";"3406";"06300";"06088";"Nice";"06";"None";"None";"06088000KL0216";"None";"None";"377";"46.41";"None";"nan";"None";"nan";"None";"None";"None";"None";"1";"2";"Appartement";"47.0";"2.0";"None";"None";"None";"None";"nan";"7.287399";"43.695443";"000KL"
"2022-56572";"2022-04-13";"1";"Vente";"268000.0";"nan";"None";"IMP JEANNE MARLIN";"3406";"06300";"06088";"Nice";"06";"None";"None";"06088000KL0216";"None";"None";"377";"46.41";"None";"nan";"None";"nan";"None";"None";"None";"None";"1";"3";"Dépendance";"nan";"0.0";"None";"None";"None";"None";"nan";"7.287399";"43.695443";"000KL"
"2022-55917";"2022-04-01";"1";"Vente";"570000.0";"23.0";"None";"BD FRANCK PILATTE";"2610";"06300";"06088";"Nice";"06";"None";"None";"06088000KL0160";"None";"None";"1025";"nan";"1120";"76.11";"None";"nan";"None";"None";"None";"None";"2";"2";"Appartement";"79.0";"3.0";"None";"None";"None";"None";"nan";"7.291004";"43.693821";"000KL"
"2022-55917";"2022-04-01";"1";"Vente";"570000.0";"23.0";"None";"BD FRANCK PILATTE";"2610";"06300";"06088";"Nice";"06";"None";"None";"06088000KL0160";"None";"None";"1025";"nan";"1120";"76.11";"None";"nan";"None";"None";"None";"None";"2";"3";"Dépendance";"nan";"0.0";"None";"None";"None";"None";"nan";"7.291004";"43.693821";"000KL"
"2022-56114";"2022-03-30";"1";"Vente";"315000.0";"52.0";"None";"BD CARNOT";"1145";"06300";"06088";"Nice";"06";"None";"None";"06088000KL0194";"None";"None";"48";"nan";"56";"59.1";"None";"nan";"None";"None";"None";"None";"2";"2";"Appartement";"59.0";"2.0";"None";"None";"None";"None";"nan";"7.290893";"43.696371";"000KL"
"2022-56335";"2022-03-30";"1";"Vente";"210000.0";"46.0";"None";"BD CARNOT";"1145";"06300";"06088";"Nice";"06";"None";"None";"06088000KL0058";"None";"None";"27";"35.87";"None";"nan";"None";"nan";"None";"None";"None";"None";"1";"2";"Appartement";"38.0";"2.0";"None";"None";"None";"None";"nan";"7.290121";"43.696525";"000KL"
"2022-56114";"2022-03-30";"1";"Vente";"315000.0";"52.0";"None";"BD CARNOT";"1145";"06300";"06088";"Nice";"06";"None";"None";"06088000KL0194";"None";"None";"17";"nan";"None";"nan";"None";"nan";"None";"None";"None";"None";"1";"3";"Dépendance";"nan";"0.0";"None";"None";"None";"None";"nan";"7.290893";"43.696371";"000KL"
"2022-56114";"2022-03-30";"1";"Vente";"315000.0";"52.0";"None";"BD CARNOT";"1145";"06300";"06088";"Nice";"06";"None";"None";"06088000KL0194";"None";"None";"48";"nan";"56";"59.1";"None";"nan";"None";"None";"None";"None";"2";"3";"Dépendance";"nan";"0.0";"None";"None";"None";"None";"nan";"7.290893";"43.696371";"000KL"
"2022-56114";"2022-03-30";"1";"Vente";"315000.0";"52.0";"None";"BD CARNOT";"1145";"06300";"06088";"Nice";"06";"None";"None";"06088000KL0194";"None";"None";"48";"nan";"56";"59.1";"None";"nan";"None";"None";"None";"None";"2";"3";"Dépendance";"nan";"0.0";"None";"None";"None";"None";"nan";"7.290893";"43.696371";"000KL"
"2022-55492";"2022-03-25";"1";"Vente";"335000.0";"nan";"None";"IMP JEANNE MARLIN";"3406";"06300";"06088";"Nice";"06";"None";"None";"06088000KL0216";"None";"None";"413";"47.53";"None";"nan";"None";"nan";"None";"None";"None";"None";"1";"2";"Appartement";"47.0";"2.0";"None";"None";"None";"None";"nan";"7.287399";"43.695443";"000KL"
"2022-55492";"2022-03-25";"1";"Vente";"335000.0";"nan";"None";"IMP JEANNE MARLIN";"3406";"06300";"06088";"Nice";"06";"None";"None";"06088000KL0216";"None";"None";"413";"47.53";"None";"nan";"None";"nan";"None";"None";"None";"None";"1";"3";"Dépendance";"nan";"0.0";"None";"None";"None";"None";"nan";"7.287399";"43.695443";"000KL"
"2022-54700";"2022-03-18";"1";"Vente";"590000.0";"7.0";"None";"BD FRANCK PILATTE";"2610";"06300";"06088";"Nice";"06";"None";"None";"06088000KL0172";"None";"None";"797";"66.62";"None";"nan";"None";"nan";"None";"None";"None";"None";"1";"2";"Appartement";"66.0";"2.0";"None";"None";"None";"None";"nan";"7.288086";"43.694638";"000KL"
"2022-54700";"2022-03-18";"1";"Vente";"590000.0";"7.0";"None";"BD FRANCK PILATTE";"2610";"06300";"06088";"Nice";"06";"None";"None";"06088000KL0172";"None";"None";"37";"nan";"None";"nan";"None";"nan";"None";"None";"None";"None";"1";"3";"Dépendance";"nan";"0.0";"None";"None";"None";"None";"nan";"7.288086";"43.694638";"000KL"
"2022-55067";"2022-03-15";"1";"Vente";"700000.0";"23.0";"None";"BD FRANCK PILATTE";"2610";"06300";"06088";"Nice";"06";"None";"None";"06088000KL0160";"None";"None";"2005";"nan";"2067";"88.48";"None";"nan";"None";"None";"None";"None";"2";"2";"Appartement";"91.0";"3.0";"None";"None";"None";"None";"nan";"7.291004";"43.693821";"000KL"
"2022-55067";"2022-03-15";"1";"Vente";"700000.0";"23.0";"None";"BD FRANCK PILATTE";"2610";"06300";"06088";"Nice";"06";"None";"None";"06088000KL0160";"None";"None";"2005";"nan";"2067";"88.48";"None";"nan";"None";"None";"None";"None";"2";"3";"Dépendance";"nan";"0.0";"None";"None";"None";"None";"nan";"7.291004";"43.693821";"000KL"
"2022-54309";"2022-03-10";"1";"Vente";"270000.0";"33.0";"None";"BD STALINGRAD";"6285";"06300";"06088";"Nice";"06";"None";"None";"06088000KL0015";"None";"None";"161";"nan";"95";"53.52";"None";"nan";"None";"None";"None";"None";"2";"2";"Appartement";"55.0";"3.0";"None";"None";"None";"None";"nan";"7.287665";"43.696738";"000KL"
"2022-54309";"2022-03-10";"1";"Vente";"270000.0";"33.0";"None";"BD STALINGRAD";"6285";"06300";"06088";"Nice";"06";"None";"None";"06088000KL0015";"None";"None";"161";"nan";"95";"53.52";"None";"nan";"None";"None";"None";"None";"2";"3";"Dépendance";"nan";"0.0";"None";"None";"None";"None";"nan";"7.287665";"43.696738";"000KL"
"2022-54309";"2022-03-10";"1";"Vente";"270000.0";"33.0";"None";"BD STALINGRAD";"6285";"06300";"06088";"Nice";"06";"None";"None";"06088000KL0015";"None";"None";"206";"nan";"None";"nan";"None";"nan";"None";"None";"None";"None";"1";"3";"Dépendance";"nan";"0.0";"None";"None";"None";"None";"nan";"7.287665";"43.696738";"000KL"
"2022-55222";"2022-03-07";"1";"Vente";"244000.0";"3.0";"None";"AV LYMPIA";"3795";"06300";"06088";"Nice";"06";"None";"None";"06088000KL0053";"None";"None";"8";"nan";"None";"nan";"None";"nan";"None";"None";"None";"None";"1";"2";"Appartement";"38.0";"1.0";"None";"None";"None";"None";"nan";"7.289258";"43.696412";"000KL"
"2022-55177";"2022-03-02";"1";"Vente";"50000.0";"7.0";"T";"BD FRANCK PILATTE";"2610";"06300";"06088";"Nice";"06";"None";"None";"06088000KL0172";"None";"None";"145";"58.06";"None";"nan";"None";"nan";"None";"None";"None";"None";"1";"2";"Appartement";"56.0";"2.0";"None";"None";"None";"None";"nan";"7.288086";"43.694638";"000KL"
"2022-54548";"2022-02-28";"1";"Vente";"295000.0";"13.0";"B";"BD FRANCK PILATTE";"2610";"06300";"06088";"Nice";"06";"None";"None";"06088000KL0172";"None";"None";"678";"nan";"703";"nan";"None";"nan";"None";"None";"None";"None";"2";"2";"Appartement";"60.0";"2.0";"None";"None";"None";"None";"nan";"7.288086";"43.694638";"000KL"
"2022-54548";"2022-02-28";"1";"Vente";"295000.0";"13.0";"B";"BD FRANCK PILATTE";"2610";"06300";"06088";"Nice";"06";"None";"None";"06088000KL0172";"None";"None";"678";"nan";"703";"nan";"None";"nan";"None";"None";"None";"None";"2";"3";"Dépendance";"nan";"0.0";"None";"None";"None";"None";"nan";"7.288086";"43.694638";"000KL"
"2022-54548";"2022-02-28";"1";"Vente";"295000.0";"13.0";"None";"BD FRANCK PILATTE";"2610";"06300";"06088";"Nice";"06";"None";"None";"06088000KL0172";"None";"None";"791";"nan";"None";"nan";"None";"nan";"None";"None";"None";"None";"1";"3";"Dépendance";"nan";"0.0";"None";"None";"None";"None";"nan";"7.288086";"43.694638";"000KL"
"2022-54253";"2022-02-22";"1";"Vente";"2100000.0";"23.0";"None";"BD FRANCK PILATTE";"2610";"06300";"06088";"Nice";"06";"None";"None";"06088000KL0160";"None";"None";"371";"179.19";"None";"nan";"None";"nan";"None";"None";"None";"None";"1";"2";"Appartement";"130.0";"4.0";"None";"None";"None";"None";"nan";"7.291004";"43.693821";"000KL"
"2022-54253";"2022-02-22";"1";"Vente";"2100000.0";"23.0";"None";"BD FRANCK PILATTE";"2610";"06300";"06088";"Nice";"06";"None";"None";"06088000KL0160";"None";"None";"372";"179.19";"None";"nan";"None";"nan";"None";"None";"None";"None";"1";"2";"Appartement";"45.0";"1.0";"None";"None";"None";"None";"nan";"7.291004";"43.693821";"000KL"
"2022-54253";"2022-02-22";"1";"Vente";"2100000.0";"23.0";"None";"BD FRANCK PILATTE";"2610";"06300";"06088";"Nice";"06";"None";"None";"06088000KL0160";"None";"None";"372";"179.19";"None";"nan";"None";"nan";"None";"None";"None";"None";"1";"3";"Dépendance";"nan";"0.0";"None";"None";"None";"None";"nan";"7.291004";"43.693821";"000KL"
"2022-54253";"2022-02-22";"1";"Vente";"2100000.0";"23.0";"None";"BD FRANCK PILATTE";"2610";"06300";"06088";"Nice";"06";"None";"None";"06088000KL0160";"None";"None";"371";"179.19";"None";"nan";"None";"nan";"None";"None";"None";"None";"1";"3";"Dépendance";"nan";"0.0";"None";"None";"None";"None";"nan";"7.291004";"43.693821";"000KL"
"2022-54253";"2022-02-22";"1";"Vente";"2100000.0";"23.0";"None";"BD FRANCK PILATTE";"2610";"06300";"06088";"Nice";"06";"None";"None";"06088000KL0160";"None";"None";"262";"nan";"None";"nan";"None";"nan";"None";"None";"None";"None";"1";"3";"Dépendance";"nan";"0.0";"None";"None";"None";"None";"nan";"7.291004";"43.693821";"000KL"
"2022-54360";"2022-02-15";"1";"Vente";"640000.0";"6.0";"None";"AV JEANNE MARLIN";"3405";"06300";"06088";"Nice";"06";"None";"None";"06088000KL0035";"None";"None";"10";"nan";"None";"nan";"None";"nan";"None";"None";"None";"None";"1";"2";"Appartement";"95.0";"3.0";"None";"None";"None";"None";"nan";"7.287479";"43.695947";"000KL"
"2022-54360";"2022-02-15";"1";"Vente";"640000.0";"6.0";"None";"AV JEANNE MARLIN";"3405";"06300";"06088";"Nice";"06";"None";"None";"06088000KL0035";"None";"None";"17";"nan";"None";"nan";"None";"nan";"None";"None";"None";"None";"1";"3";"Dépendance";"nan";"0.0";"None";"None";"None";"None";"nan";"7.287479";"43.695947";"000KL"
"2022-54360";"2022-02-15";"1";"Vente";"640000.0";"6.0";"None";"AV JEANNE MARLIN";"3405";"06300";"06088";"Nice";"06";"None";"None";"06088000KL0035";"None";"None";"10";"nan";"None";"nan";"None";"nan";"None";"None";"None";"None";"1";"3";"Dépendance";"nan";"0.0";"None";"None";"None";"None";"nan";"7.287479";"43.695947";"000KL"
"2022-52713";"2022-02-10";"1";"Vente";"208000.0";"39.0";"B";"BD STALINGRAD";"6285";"06300";"06088";"Nice";"06";"None";"None";"06088000KL0018";"None";"None";"22";"nan";"86";"56.31";"None";"nan";"None";"None";"None";"None";"2";"2";"Appartement";"56.0";"3.0";"None";"None";"None";"None";"nan";"7.287295";"43.696354";"000KL"
"2022-53578";"2022-02-10";"1";"Vente";"373000.0";"19.0";"None";"BD STALINGRAD";"6285";"06300";"06088";"Nice";"06";"None";"None";"06088000KL0005";"None";"None";"15";"94.47";"9";"nan";"None";"nan";"None";"None";"None";"None";"2";"2";"Appartement";"92.0";"5.0";"None";"None";"None";"None";"nan";"7.287436";"43.697955";"000KL"
"2022-52713";"2022-02-10";"1";"Vente";"208000.0";"39.0";"B";"BD STALINGRAD";"6285";"06300";"06088";"Nice";"06";"None";"None";"06088000KL0018";"None";"None";"22";"nan";"86";"56.31";"None";"nan";"None";"None";"None";"None";"2";"3";"Dépendance";"nan";"0.0";"None";"None";"None";"None";"nan";"7.287295";"43.696354";"000KL"
"2022-53578";"2022-02-10";"1";"Vente";"373000.0";"19.0";"None";"BD STALINGRAD";"6285";"06300";"06088";"Nice";"06";"None";"None";"06088000KL0005";"None";"None";"15";"94.47";"9";"nan";"None";"nan";"None";"None";"None";"None";"2";"3";"Dépendance";"nan";"0.0";"None";"None";"None";"None";"nan";"7.287436";"43.697955";"000KL"
"2022-52633";"2022-02-07";"1";"Vente";"285000.0";"6.0";"None";"AV LYMPIA";"3795";"06300";"06088";"Nice";"06";"None";"None";"06088000KL0021";"None";"None";"19";"nan";"23";"nan";"None";"nan";"None";"None";"None";"None";"2";"2";"Appartement";"41.0";"2.0";"None";"None";"None";"None";"nan";"7.288614";"43.696361";"000KL"
"2022-52633";"2022-02-07";"1";"Vente";"285000.0";"6.0";"None";"AV LYMPIA";"3795";"06300";"06088";"Nice";"06";"None";"None";"06088000KL0021";"None";"None";"19";"nan";"23";"nan";"None";"nan";"None";"None";"None";"None";"2";"3";"Dépendance";"nan";"0.0";"None";"None";"None";"None";"nan";"7.288614";"43.696361";"000KL"
"2022-52394";"2022-02-02";"1";"Vente";"163000.0";"43.0";"B";"BD STALINGRAD";"6285";"06300";"06088";"Nice";"06";"None";"None";"06088000KL0040";"None";"None";"63";"38.89";"None";"nan";"None";"nan";"None";"None";"None";"None";"1";"2";"Appartement";"38.0";"2.0";"None";"None";"None";"None";"nan";"7.286965";"43.69568";"000KL"
"2022-53287";"2022-01-31";"1";"Vente";"760000.0";"36.0";"None";"BD CARNOT";"1145";"06300";"06088";"Nice";"06";"None";"None";"06088000KL0013";"None";"None";"102";"90.81";"None";"nan";"None";"nan";"None";"None";"None";"None";"1";"2";"Appartement";"94.0";"3.0";"None";"None";"None";"None";"nan";"7.288977";"43.696813";"000KL"
"2022-53287";"2022-01-31";"1";"Vente";"760000.0";"36.0";"None";"BD CARNOT";"1145";"06300";"06088";"Nice";"06";"None";"None";"06088000KL0013";"None";"None";"102";"90.81";"None";"nan";"None";"nan";"None";"None";"None";"None";"1";"3";"Dépendance";"nan";"0.0";"None";"None";"None";"None";"nan";"7.288977";"43.696813";"000KL"
"2022-53287";"2022-01-31";"1";"Vente";"760000.0";"36.0";"None";"BD CARNOT";"1145";"06300";"06088";"Nice";"06";"None";"None";"06088000KL0013";"None";"None";"102";"90.81";"None";"nan";"None";"nan";"None";"None";"None";"None";"1";"3";"Dépendance";"nan";"0.0";"None";"None";"None";"None";"nan";"7.288977";"43.696813";"000KL"
"2022-53287";"2022-01-31";"1";"Vente";"760000.0";"36.0";"None";"BD CARNOT";"1145";"06300";"06088";"Nice";"06";"None";"None";"06088000KL0013";"None";"None";"142";"nan";"None";"nan";"None";"nan";"None";"None";"None";"None";"1";"3";"Dépendance";"nan";"0.0";"None";"None";"None";"None";"nan";"7.288977";"43.696813";"000KL"
"2022-51674";"2022-01-13";"1";"Vente";"121680.0";"19.0";"B";"BD FRANCK PILATTE";"2610";"06300";"06088";"Nice";"06";"None";"None";"06088000KL0163";"None";"None";"130";"31.48";"268";"nan";"None";"nan";"None";"None";"None";"None";"2";"2";"Appartement";"24.0";"1.0";"None";"None";"None";"None";"nan";"7.289135";"43.694399";"000KL"
"2022-51674";"2022-01-13";"1";"Vente";"121680.0";"19.0";"B";"BD FRANCK PILATTE";"2610";"06300";"06088";"Nice";"06";"None";"None";"06088000KL0163";"None";"None";"130";"31.48";"268";"nan";"None";"nan";"None";"None";"None";"None";"2";"3";"Dépendance";"nan";"0.0";"None";"None";"None";"None";"nan";"7.289135";"43.694399";"000KL"
"2022-51693";"2022-01-07";"1";"Vente";"144000.0";"45.0";"None";"BD STALINGRAD";"6285";"06300";"06088";"Nice";"06";"None";"None";"06088000KL0041";"None";"None";"121";"nan";"17";"45.05";"None";"nan";"None";"None";"None";"None";"2";"2";"Appartement";"54.0";"2.0";"None";"None";"None";"None";"nan";"7.286946";"43.695496";"000KL"
"2022-51693";"2022-01-07";"1";"Vente";"144000.0";"45.0";"None";"BD STALINGRAD";"6285";"06300";"06088";"Nice";"06";"None";"None";"06088000KL0041";"None";"None";"121";"nan";"17";"45.05";"None";"nan";"None";"None";"None";"None";"2";"3";"Dépendance";"nan";"0.0";"None";"None";"None";"None";"nan";"7.286946";"43.695496";"000KL"
"2022-51568";"2022-01-03";"1";"Vente";"300000.0";"6.0";"None";"AV LYMPIA";"3795";"06300";"06088";"Nice";"06";"None";"None";"06088000KL0021";"None";"None";"10";"nan";"30";"41.52";"None";"nan";"None";"None";"None";"None";"2";"2";"Appartement";"39.0";"2.0";"None";"None";"None";"None";"nan";"7.288614";"43.696361";"000KL"
"2022-51568";"2022-01-03";"1";"Vente";"300000.0";"6.0";"None";"AV LYMPIA";"3795";"06300";"06088";"Nice";"06";"None";"None";"06088000KL0021";"None";"None";"10";"nan";"30";"41.52";"None";"nan";"None";"None";"None";"None";"2";"3";"Dépendance";"nan";"0.0";"None";"None";"None";"None";"nan";"7.288614";"43.696361";"000KL"
"2021-71877";"2021-12-30";"1";"Vente";"1120000.0";"7.0";"None";"AV DE LA RESERVE";"5440";"06300";"06088";"Nice";"06";"None";"None";"06088000KL0154";"None";"None";"2";"nan";"4";"nan";"None";"nan";"None";"None";"None";"None";"2";"2";"Appartement";"80.0";"4.0";"None";"None";"None";"None";"nan";"7.292062";"43.69408";"000KL"
"2021-71877";"2021-12-30";"1";"Vente";"1120000.0";"7.0";"None";"AV DE LA RESERVE";"5440";"06300";"06088";"Nice";"06";"None";"None";"06088000KL0154";"None";"None";"1";"nan";"3";"nan";"None";"nan";"None";"None";"None";"None";"2";"2";"Appartement";"65.0";"3.0";"None";"None";"None";"None";"nan";"7.292062";"43.69408";"000KL"
"2021-71877";"2021-12-30";"1";"Vente";"1120000.0";"7.0";"None";"AV DE LA RESERVE";"5440";"06300";"06088";"Nice";"06";"None";"None";"06088000KL0154";"None";"None";"2";"nan";"4";"nan";"None";"nan";"None";"None";"None";"None";"2";"3";"Dépendance";"nan";"0.0";"None";"None";"None";"None";"nan";"7.292062";"43.69408";"000KL"
"2021-71877";"2021-12-30";"1";"Vente";"1120000.0";"7.0";"None";"AV DE LA RESERVE";"5440";"06300";"06088";"Nice";"06";"None";"None";"06088000KL0154";"None";"None";"6";"nan";"None";"nan";"None";"nan";"None";"None";"None";"None";"1";"3";"Dépendance";"nan";"0.0";"None";"None";"None";"None";"nan";"7.292062";"43.69408";"000KL"
"2021-71877";"2021-12-30";"1";"Vente";"1120000.0";"7.0";"None";"AV DE LA RESERVE";"5440";"06300";"06088";"Nice";"06";"None";"None";"06088000KL0154";"None";"None";"1";"nan";"3";"nan";"None";"nan";"None";"None";"None";"None";"2";"3";"Dépendance";"nan";"0.0";"None";"None";"None";"None";"nan";"7.292062";"43.69408";"000KL"
"2021-72036";"2021-12-23";"1";"Vente";"21720.0";"4.0";"None";"AV LYMPIA";"3795";"06300";"06088";"Nice";"06";"None";"None";"06088000KL0014";"None";"None";"11";"nan";"None";"nan";"None";"nan";"None";"None";"None";"None";"1";"2";"Appartement";"55.0";"3.0";"None";"None";"None";"None";"nan";"7.288595";"43.696535";"000KL"
"2021-72139";"2021-12-23";"1";"Vente";"191000.0";"4.0";"None";"AV LYMPIA";"3795";"06300";"06088";"Nice";"06";"None";"None";"06088000KL0014";"None";"None";"11";"54.87";"None";"nan";"None";"nan";"None";"None";"None";"None";"1";"2";"Appartement";"55.0";"3.0";"None";"None";"None";"None";"nan";"7.288595";"43.696535";"000KL"
"2021-72245";"2021-12-23";"1";"Vente";"1100000.0";"37.0";"None";"BD STALINGRAD";"6285";"06300";"06088";"Nice";"06";"None";"None";"06088000KL0016";"None";"None";"None";"nan";"None";"nan";"None";"nan";"None";"None";"None";"None";"0";"2";"Appartement";"60.0";"3.0";"S";"sols";"None";"None";"264.0";"7.287183";"43.696576";"000KL"
"2021-72245";"2021-12-23";"1";"Vente";"1100000.0";"37.0";"None";"BD STALINGRAD";"6285";"06300";"06088";"Nice";"06";"None";"None";"06088000KL0016";"None";"None";"None";"nan";"None";"nan";"None";"nan";"None";"None";"None";"None";"0";"2";"Appartement";"60.0";"3.0";"S";"sols";"None";"None";"264.0";"7.287183";"43.696576";"000KL"
"2021-72245";"2021-12-23";"1";"Vente";"1100000.0";"37.0";"None";"BD STALINGRAD";"6285";"06300";"06088";"Nice";"06";"None";"None";"06088000KL0016";"None";"None";"None";"nan";"None";"nan";"None";"nan";"None";"None";"None";"None";"0";"2";"Appartement";"60.0";"3.0";"S";"sols";"None";"None";"264.0";"7.287183";"43.696576";"000KL"
"2021-72036";"2021-12-23";"1";"Vente";"21720.0";"4.0";"None";"AV LYMPIA";"3795";"06300";"06088";"Nice";"06";"None";"None";"06088000KL0014";"None";"None";"11";"nan";"None";"nan";"None";"nan";"None";"None";"None";"None";"1";"3";"Dépendance";"nan";"0.0";"None";"None";"None";"None";"nan";"7.288595";"43.696535";"000KL"
"2021-72139";"2021-12-23";"1";"Vente";"191000.0";"4.0";"None";"AV LYMPIA";"3795";"06300";"06088";"Nice";"06";"None";"None";"06088000KL0014";"None";"None";"11";"54.87";"None";"nan";"None";"nan";"None";"None";"None";"None";"1";"3";"Dépendance";"nan";"0.0";"None";"None";"None";"None";"nan";"7.288595";"43.696535";"000KL"
"2021-72245";"2021-12-23";"1";"Vente";"1100000.0";"37.0";"None";"BD STALINGRAD";"6285";"06300";"06088";"Nice";"06";"None";"None";"06088000KL0016";"None";"None";"None";"nan";"None";"nan";"None";"nan";"None";"None";"None";"None";"0";"4";"Local industriel. commercial ou assimilé";"93.0";"0.0";"S";"sols";"None";"None";"264.0";"7.287183";"43.696576";"000KL"
"2021-72245";"2021-12-23";"1";"Vente";"1100000.0";"37.0";"None";"BD STALINGRAD";"6285";"06300";"06088";"Nice";"06";"None";"None";"06088000KL0016";"None";"None";"None";"nan";"None";"nan";"None";"nan";"None";"None";"None";"None";"0";"4";"Local industriel. commercial ou assimilé";"130.0";"0.0";"S";"sols";"None";"None";"264.0";"7.287183";"43.696576";"000KL"
"2021-71011";"2021-12-17";"1";"Vente";"198300.0";"9006.0";"None";"AV LYMPIA";"3795";"06300";"06088";"Nice";"06";"None";"None";"06088000KL0063";"None";"None";"122";"nan";"156";"35.0";"None";"nan";"None";"None";"None";"None";"2";"2";"Appartement";"33.0";"1.0";"None";"None";"None";"None";"nan";"7.289405";"43.695595";"000KL"
"2021-71011";"2021-12-17";"1";"Vente";"198300.0";"9006.0";"None";"AV LYMPIA";"3795";"06300";"06088";"Nice";"06";"None";"None";"06088000KL0063";"None";"None";"122";"nan";"156";"35.0";"None";"nan";"None";"None";"None";"None";"2";"3";"Dépendance";"nan";"0.0";"None";"None";"None";"None";"nan";"7.289405";"43.695595";"000KL"
"2021-70872";"2021-12-16";"1";"Vente";"198000.0";"1.0";"None";"AV LYMPIA";"3795";"06300";"06088";"Nice";"06";"None";"None";"06088000KL0054";"None";"None";"7";"35.01";"None";"nan";"None";"nan";"None";"None";"None";"None";"1";"2";"Appartement";"35.0";"2.0";"None";"None";"None";"None";"nan";"7.289407";"43.696618";"000KL"
"2021-70609";"2021-12-15";"1";"Vente";"26500.0";"66.0";"None";"BD CARNOT";"1145";"06300";"06088";"Nice";"06";"None";"None";"06088000KL0103";"None";"None";"57";"nan";"None";"nan";"None";"nan";"None";"None";"None";"None";"1";"3";"Dépendance";"nan";"0.0";"None";"None";"None";"None";"nan";"7.29183";"43.696379";"000KL"
"2021-70479";"2021-12-14";"1";"Vente";"506250.0";"42.0";"None";"BD CARNOT";"1145";"06300";"06088";"Nice";"06";"None";"None";"06088000KL0055";"None";"None";"10";"77.17";"None";"nan";"None";"nan";"None";"None";"None";"None";"1";"2";"Appartement";"79.0";"3.0";"None";"None";"None";"None";"nan";"7.289563";"43.696416";"000KL"
"2021-70479";"2021-12-14";"1";"Vente";"506250.0";"42.0";"None";"BD CARNOT";"1145";"06300";"06088";"Nice";"06";"None";"None";"06088000KL0055";"None";"None";"10";"77.17";"None";"nan";"None";"nan";"None";"None";"None";"None";"1";"3";"Dépendance";"nan";"0.0";"None";"None";"None";"None";"nan";"7.289563";"43.696416";"000KL"
"2021-70396";"2021-12-02";"1";"Vente";"438650.0";"33.0";"None";"BD STALINGRAD";"6285";"06300";"06088";"Nice";"06";"None";"None";"06088000KL0015";"None";"None";"116";"nan";"31";"77.88";"None";"nan";"None";"None";"None";"None";"2";"2";"Appartement";"71.0";"4.0";"None";"None";"None";"None";"nan";"7.287665";"43.696738";"000KL"
"2021-70396";"2021-12-02";"1";"Vente";"438650.0";"33.0";"None";"BD STALINGRAD";"6285";"06300";"06088";"Nice";"06";"None";"None";"06088000KL0015";"None";"None";"116";"nan";"31";"77.88";"None";"nan";"None";"None";"None";"None";"2";"3";"Dépendance";"nan";"0.0";"None";"None";"None";"None";"nan";"7.287665";"43.696738";"000KL"
"2021-69786";"2021-11-30";"1";"Vente";"89100.0";"46.0";"None";"BD CARNOT";"1145";"06300";"06088";"Nice";"06";"None";"None";"06088000KL0058";"None";"None";"32";"16.89";"None";"nan";"None";"nan";"None";"None";"None";"None";"1";"2";"Appartement";"20.0";"1.0";"None";"None";"None";"None";"nan";"7.290121";"43.696525";"000KL"
"2021-69786";"2021-11-30";"1";"Vente";"89100.0";"46.0";"None";"BD CARNOT";"1145";"06300";"06088";"Nice";"06";"None";"None";"06088000KL0058";"None";"None";"11";"nan";"None";"nan";"None";"nan";"None";"None";"None";"None";"1";"3";"Dépendance";"nan";"0.0";"None";"None";"None";"None";"nan";"7.290121";"43.696525";"000KL"
"2021-70179";"2021-11-26";"1";"Vente";"205000.0";"23.0";"None";"BD FRANCK PILATTE";"2610";"06300";"06088";"Nice";"06";"None";"None";"06088000KL0160";"None";"None";"1100";"30.63";"None";"nan";"None";"nan";"None";"None";"None";"None";"1";"2";"Appartement";"32.0";"1.0";"None";"None";"None";"None";"nan";"7.291004";"43.693821";"000KL"
"2021-69550";"2021-11-23";"1";"Vente";"25000.0";"39.0";"B";"BD STALINGRAD";"6285";"06300";"06088";"Nice";"06";"None";"None";"06088000KL0018";"None";"None";"105";"nan";"None";"nan";"None";"nan";"None";"None";"None";"None";"1";"3";"Dépendance";"nan";"0.0";"None";"None";"None";"None";"nan";"7.287295";"43.696354";"000KL"
"2021-68391";"2021-11-02";"1";"Vente";"175000.0";"21.0";"None";"AV GUSTAVIN";"3140";"06300";"06088";"Nice";"06";"None";"None";"06088000KL0070";"None";"None";"6";"36.03";"None";"nan";"None";"nan";"None";"None";"None";"None";"1";"2";"Appartement";"36.0";"2.0";"None";"None";"None";"None";"nan";"7.29066";"43.69488";"000KL"
"2021-68391";"2021-11-02";"1";"Vente";"175000.0";"21.0";"None";"AV GUSTAVIN";"3140";"06300";"06088";"Nice";"06";"None";"None";"06088000KL0070";"None";"None";"6";"36.03";"None";"nan";"None";"nan";"None";"None";"None";"None";"1";"3";"Dépendance";"nan";"0.0";"None";"None";"None";"None";"nan";"7.29066";"43.69488";"000KL"
"2021-68410";"2021-10-29";"1";"Vente";"420000.0";"19.0";"B";"BD FRANCK PILATTE";"2610";"06300";"06088";"Nice";"06";"None";"None";"06088000KL0163";"None";"None";"117";"56.69";"82";"nan";"None";"nan";"None";"None";"None";"None";"2";"2";"Appartement";"56.0";"2.0";"None";"None";"None";"None";"nan";"7.289135";"43.694399";"000KL"
"2021-68410";"2021-10-29";"1";"Vente";"420000.0";"19.0";"B";"BD FRANCK PILATTE";"2610";"06300";"06088";"Nice";"06";"None";"None";"06088000KL0163";"None";"None";"117";"56.69";"82";"nan";"None";"nan";"None";"None";"None";"None";"2";"3";"Dépendance";"nan";"0.0";"None";"None";"None";"None";"nan";"7.289135";"43.694399";"000KL"
"2021-68296";"2021-10-28";"1";"Vente";"340000.0";"6.0";"None";"AV LYMPIA";"3795";"06300";"06088";"Nice";"06";"None";"None";"06088000KL0021";"None";"None";"29";"nan";"9";"nan";"None";"nan";"None";"None";"None";"None";"2";"2";"Appartement";"56.0";"2.0";"None";"None";"None";"None";"nan";"7.288614";"43.696361";"000KL"
"2021-68296";"2021-10-28";"1";"Vente";"340000.0";"6.0";"None";"AV LYMPIA";"3795";"06300";"06088";"Nice";"06";"None";"None";"06088000KL0021";"None";"None";"29";"nan";"9";"nan";"None";"nan";"None";"None";"None";"None";"2";"3";"Dépendance";"nan";"0.0";"None";"None";"None";"None";"nan";"7.288614";"43.696361";"000KL"
"2021-69259";"2021-10-27";"1";"Vente";"30000.0";"5.0";"None";"AV LYMPIA";"3795";"06300";"06088";"Nice";"06";"None";"None";"06088000KL0222";"None";"None";"84";"nan";"None";"nan";"None";"nan";"None";"None";"None";"None";"1";"2";"Appartement";"53.0";"2.0";"None";"None";"None";"None";"nan";"7.289214";"43.696152";"000KL"
"2021-69259";"2021-10-27";"1";"Vente";"30000.0";"5.0";"None";"AV LYMPIA";"3795";"06300";"06088";"Nice";"06";"None";"None";"06088000KL0222";"None";"None";"84";"nan";"None";"nan";"None";"nan";"None";"None";"None";"None";"1";"3";"Dépendance";"nan";"0.0";"None";"None";"None";"None";"nan";"7.289214";"43.696152";"000KL"
"2021-69259";"2021-10-27";"1";"Vente";"30000.0";"5.0";"None";"AV LYMPIA";"3795";"06300";"06088";"Nice";"06";"None";"None";"06088000KL0222";"None";"None";"84";"nan";"None";"nan";"None";"nan";"None";"None";"None";"None";"1";"3";"Dépendance";"nan";"0.0";"None";"None";"None";"None";"nan";"7.289214";"43.696152";"000KL"
"2021-69259";"2021-10-27";"1";"Vente";"30000.0";"5.0";"None";"AV LYMPIA";"3795";"06300";"06088";"Nice";"06";"None";"None";"06088000KL0222";"None";"None";"42";"nan";"None";"nan";"None";"nan";"None";"None";"None";"None";"1";"3";"Dépendance";"nan";"0.0";"None";"None";"None";"None";"nan";"7.289214";"43.696152";"000KL"
"2021-67624";"2021-10-19";"1";"Vente";"275000.0";"45.0";"None";"BD STALINGRAD";"6285";"06300";"06088";"Nice";"06";"None";"None";"06088000KL0041";"None";"None";"32";"56.74";"98";"nan";"None";"nan";"None";"None";"None";"None";"2";"2";"Appartement";"65.0";"3.0";"None";"None";"None";"None";"nan";"7.286946";"43.695496";"000KL"
"2021-67624";"2021-10-19";"1";"Vente";"275000.0";"45.0";"None";"BD STALINGRAD";"6285";"06300";"06088";"Nice";"06";"None";"None";"06088000KL0041";"None";"None";"32";"56.74";"98";"nan";"None";"nan";"None";"None";"None";"None";"2";"3";"Dépendance";"nan";"0.0";"None";"None";"None";"None";"nan";"7.286946";"43.695496";"000KL"
"2021-67677";"2021-10-15";"1";"Vente";"1290000.0";"5.0";"None";"AV LYMPIA";"3795";"06300";"06088";"Nice";"06";"None";"None";"06088000KL0222";"None";"None";"137";"114.03";"85";"nan";"None";"nan";"None";"None";"None";"None";"2";"2";"Appartement";"114.0";"4.0";"None";"None";"None";"None";"nan";"7.289214";"43.696152";"000KL"
"2021-68210";"2021-10-15";"1";"Vente";"360000.0";"51.0";"None";"BD STALINGRAD";"6285";"06300";"06088";"Nice";"06";"None";"None";"06088000KL0182";"None";"None";"150";"66.42";"None";"nan";"None";"nan";"None";"None";"None";"None";"1";"2";"Appartement";"70.0";"3.0";"None";"None";"None";"None";"nan";"7.286808";"43.694933";"000KL"
"2021-67677";"2021-10-15";"1";"Vente";"1290000.0";"5.0";"None";"AV LYMPIA";"3795";"06300";"06088";"Nice";"06";"None";"None";"06088000KL0222";"None";"None";"137";"114.03";"85";"nan";"None";"nan";"None";"None";"None";"None";"2";"3";"Dépendance";"nan";"0.0";"None";"None";"None";"None";"nan";"7.289214";"43.696152";"000KL"
"2021-67677";"2021-10-15";"1";"Vente";"1290000.0";"5.0";"None";"AV LYMPIA";"3795";"06300";"06088";"Nice";"06";"None";"None";"06088000KL0222";"None";"None";"137";"114.03";"85";"nan";"None";"nan";"None";"None";"None";"None";"2";"3";"Dépendance";"nan";"0.0";"None";"None";"None";"None";"nan";"7.289214";"43.696152";"000KL"
"2021-67677";"2021-10-15";"1";"Vente";"1290000.0";"5.0";"None";"AV LYMPIA";"3795";"06300";"06088";"Nice";"06";"None";"None";"06088000KL0222";"None";"None";"39";"nan";"None";"nan";"None";"nan";"None";"None";"None";"None";"1";"3";"Dépendance";"nan";"0.0";"None";"None";"None";"None";"nan";"7.289214";"43.696152";"000KL"
"2021-68210";"2021-10-15";"1";"Vente";"360000.0";"51.0";"None";"BD STALINGRAD";"6285";"06300";"06088";"Nice";"06";"None";"None";"06088000KL0182";"None";"None";"150";"66.42";"None";"nan";"None";"nan";"None";"None";"None";"None";"1";"3";"Dépendance";"nan";"0.0";"None";"None";"None";"None";"nan";"7.286808";"43.694933";"000KL"
"2021-67391";"2021-10-14";"1";"Vente";"733500.0";"23.0";"None";"BD FRANCK PILATTE";"2610";"06300";"06088";"Nice";"06";"None";"None";"06088000KL0160";"None";"None";"302";"nan";"384";"123.74";"None";"nan";"None";"None";"None";"None";"2";"2";"Appartement";"130.0";"4.0";"None";"None";"None";"None";"nan";"7.291004";"43.693821";"000KL"
"2021-68076";"2021-10-14";"1";"Vente";"275000.0";"11.0";"B";"BD FRANCK PILATTE";"2610";"06300";"06088";"Nice";"06";"None";"None";"06088000KL0172";"None";"None";"320";"nan";"None";"nan";"None";"nan";"None";"None";"None";"None";"1";"2";"Appartement";"36.0";"2.0";"None";"None";"None";"None";"nan";"7.288086";"43.694638";"000KL"
"2021-67391";"2021-10-14";"1";"Vente";"733500.0";"23.0";"None";"BD FRANCK PILATTE";"2610";"06300";"06088";"Nice";"06";"None";"None";"06088000KL0160";"None";"None";"302";"nan";"384";"123.74";"None";"nan";"None";"None";"None";"None";"2";"3";"Dépendance";"nan";"0.0";"None";"None";"None";"None";"nan";"7.291004";"43.693821";"000KL"
"2021-67713";"2021-10-12";"1";"Vente";"350000.0";"70.0";"None";"BD CARNOT";"1145";"06300";"06088";"Nice";"06";"None";"None";"06088000KL0111";"None";"None";"46";"nan";"None";"nan";"None";"nan";"None";"None";"None";"None";"1";"2";"Appartement";"57.0";"2.0";"None";"None";"None";"None";"nan";"7.292469";"43.695879";"000KL"
"2021-67668";"2021-10-11";"1";"Vente";"205000.0";"nan";"None";"IMP JEANNE MARLIN";"3406";"06300";"06088";"Nice";"06";"None";"None";"06088000KL0216";"None";"None";"370";"33.65";"None";"nan";"None";"nan";"None";"None";"None";"None";"1";"2";"Appartement";"33.0";"1.0";"None";"None";"None";"None";"nan";"7.287399";"43.695443";"000KL"
"2021-67605";"2021-10-08";"1";"Vente";"170000.0";"12.0";"None";"AV GUSTAVIN";"3140";"06300";"06088";"Nice";"06";"None";"None";"06088000KL0083";"None";"None";"2";"nan";"8";"38.37";"None";"nan";"None";"None";"None";"None";"2";"2";"Appartement";"39.0";"2.0";"None";"None";"None";"None";"nan";"7.290783";"43.695272";"000KL"
"2021-67605";"2021-10-08";"1";"Vente";"170000.0";"12.0";"None";"AV GUSTAVIN";"3140";"06300";"06088";"Nice";"06";"None";"None";"06088000KL0083";"None";"None";"2";"nan";"8";"38.37";"None";"nan";"None";"None";"None";"None";"2";"3";"Dépendance";"nan";"0.0";"None";"None";"None";"None";"nan";"7.290783";"43.695272";"000KL"
"2021-67333";"2021-10-07";"1";"Vente";"40000.0";"7.0";"B";"BD FRANCK PILATTE";"2610";"06300";"06088";"Nice";"06";"None";"None";"06088000KL0172";"None";"None";"168";"nan";"None";"nan";"None";"nan";"None";"None";"None";"None";"1";"3";"Dépendance";"nan";"0.0";"None";"None";"None";"None";"nan";"7.288086";"43.694638";"000KL"
"2021-67528";"2021-10-06";"1";"Vente";"395000.0";"9.0";"B";"BD FRANCK PILATTE";"2610";"06300";"06088";"Nice";"06";"None";"None";"06088000KL0172";"None";"None";"229";"nan";"None";"nan";"None";"nan";"None";"None";"None";"None";"1";"2";"Appartement";"49.0";"2.0";"None";"None";"None";"None";"nan";"7.288086";"43.694638";"000KL"
"2021-67528";"2021-10-06";"1";"Vente";"395000.0";"9.0";"B";"BD FRANCK PILATTE";"2610";"06300";"06088";"Nice";"06";"None";"None";"06088000KL0172";"None";"None";"229";"nan";"None";"nan";"None";"nan";"None";"None";"None";"None";"1";"3";"Dépendance";"nan";"0.0";"None";"None";"None";"None";"nan";"7.288086";"43.694638";"000KL"
"2021-66740";"2021-09-27";"1";"Vente";"320000.0";"23.0";"None";"BD FRANCK PILATTE";"2610";"06300";"06088";"Nice";"06";"None";"None";"06088000KL0160";"None";"None";"1040";"nan";"1150";"52.07";"None";"nan";"None";"None";"None";"None";"2";"2";"Appartement";"53.0";"2.0";"None";"None";"None";"None";"nan";"7.291004";"43.693821";"000KL"
"2021-66740";"2021-09-27";"1";"Vente";"320000.0";"23.0";"None";"BD FRANCK PILATTE";"2610";"06300";"06088";"Nice";"06";"None";"None";"06088000KL0160";"None";"None";"1040";"nan";"1150";"52.07";"None";"nan";"None";"None";"None";"None";"2";"3";"Dépendance";"nan";"0.0";"None";"None";"None";"None";"nan";"7.291004";"43.693821";"000KL"
"2021-66582";"2021-09-22";"1";"Vente";"255000.0";"51.0";"None";"BD STALINGRAD";"6285";"06300";"06088";"Nice";"06";"None";"None";"06088000KL0182";"None";"None";"145";"53.04";"None";"nan";"None";"nan";"None";"None";"None";"None";"1";"2";"Appartement";"56.0";"2.0";"None";"None";"None";"None";"nan";"7.286808";"43.694933";"000KL"
"2021-67151";"2021-09-22";"1";"Vente";"288000.0";"11.0";"B";"BD FRANCK PILATTE";"2610";"06300";"06088";"Nice";"06";"None";"None";"06088000KL0172";"None";"None";"312";"nan";"351";"nan";"None";"nan";"None";"None";"None";"None";"2";"2";"Appartement";"35.0";"1.0";"None";"None";"None";"None";"nan";"7.288086";"43.694638";"000KL"
"2021-66582";"2021-09-22";"1";"Vente";"255000.0";"51.0";"None";"BD STALINGRAD";"6285";"06300";"06088";"Nice";"06";"None";"None";"06088000KL0182";"None";"None";"145";"53.04";"None";"nan";"None";"nan";"None";"None";"None";"None";"1";"3";"Dépendance";"nan";"0.0";"None";"None";"None";"None";"nan";"7.286808";"43.694933";"000KL"
"2021-67151";"2021-09-22";"1";"Vente";"288000.0";"11.0";"B";"BD FRANCK PILATTE";"2610";"06300";"06088";"Nice";"06";"None";"None";"06088000KL0172";"None";"None";"301";"nan";"None";"nan";"None";"nan";"None";"None";"None";"None";"1";"3";"Dépendance";"nan";"0.0";"None";"None";"None";"None";"nan";"7.288086";"43.694638";"000KL"
"2021-67151";"2021-09-22";"1";"Vente";"288000.0";"11.0";"B";"BD FRANCK PILATTE";"2610";"06300";"06088";"Nice";"06";"None";"None";"06088000KL0172";"None";"None";"312";"nan";"351";"nan";"None";"nan";"None";"None";"None";"None";"2";"3";"Dépendance";"nan";"0.0";"None";"None";"None";"None";"nan";"7.288086";"43.694638";"000KL"
"2021-67151";"2021-09-22";"1";"Vente";"288000.0";"nan";"None";"IMP JEANNE MARLIN";"3406";"06300";"06088";"Nice";"06";"None";"None";"06088000KL0216";"None";"None";"122";"nan";"None";"nan";"None";"nan";"None";"None";"None";"None";"1";"3";"Dépendance";"nan";"0.0";"None";"None";"None";"None";"nan";"7.287399";"43.695443";"000KL"
"2021-66370";"2021-09-20";"1";"Vente";"30000.0";"23.0";"None";"BD FRANCK PILATTE";"2610";"06300";"06088";"Nice";"06";"None";"None";"06088000KL0160";"None";"None";"3091";"nan";"None";"nan";"None";"nan";"None";"None";"None";"None";"1";"3";"Dépendance";"nan";"0.0";"None";"None";"None";"None";"nan";"7.291004";"43.693821";"000KL"
"2021-66364";"2021-09-17";"1";"Vente";"270000.0";"45.0";"None";"BD STALINGRAD";"6285";"06300";"06088";"Nice";"06";"None";"None";"06088000KL0041";"None";"None";"1";"88.22";"63";"nan";"None";"nan";"None";"None";"None";"None";"2";"2";"Appartement";"80.0";"5.0";"None";"None";"None";"None";"nan";"7.286946";"43.695496";"000KL"
"2021-66090";"2021-09-16";"1";"Vente";"31000.0";"7.0";"B";"BD FRANCK PILATTE";"2610";"06300";"06088";"Nice";"06";"None";"None";"06088000KL0172";"None";"None";"168";"nan";"None";"nan";"None";"nan";"None";"None";"None";"None";"1";"3";"Dépendance";"nan";"0.0";"None";"None";"None";"None";"nan";"7.288086";"43.694638";"000KL"
"2021-65670";"2021-09-10";"1";"Vente";"212000.0";"46.0";"None";"BD CARNOT";"1145";"06300";"06088";"Nice";"06";"None";"None";"06088000KL0058";"None";"None";"30";"37.34";"None";"nan";"None";"nan";"None";"None";"None";"None";"1";"2";"Appartement";"39.0";"2.0";"None";"None";"None";"None";"nan";"7.290121";"43.696525";"000KL"
"2021-70890";"2021-09-09";"1";"Adjudication";"310000.0";"15.0";"None";"AV LYMPIA";"3795";"06300";"06088";"Nice";"06";"None";"None";"06088000KL0044";"None";"None";"100";"nan";"12";"nan";"13";"nan";"None";"None";"None";"None";"3";"2";"Appartement";"64.0";"2.0";"None";"None";"None";"None";"nan";"7.288581";"43.695365";"000KL"
"2021-70890";"2021-09-09";"1";"Adjudication";"310000.0";"15.0";"None";"AV LYMPIA";"3795";"06300";"06088";"Nice";"06";"None";"None";"06088000KL0044";"None";"None";"100";"nan";"12";"nan";"13";"nan";"None";"None";"None";"None";"3";"3";"Dépendance";"nan";"0.0";"None";"None";"None";"None";"nan";"7.288581";"43.695365";"000KL"
"2021-70890";"2021-09-09";"1";"Adjudication";"310000.0";"15.0";"None";"AV LYMPIA";"3795";"06300";"06088";"Nice";"06";"None";"None";"06088000KL0044";"None";"None";"100";"nan";"12";"nan";"13";"nan";"None";"None";"None";"None";"3";"3";"Dépendance";"nan";"0.0";"None";"None";"None";"None";"nan";"7.288581";"43.695365";"000KL"
"2021-65646";"2021-09-02";"1";"Vente";"650000.0";"7.0";"B";"BD FRANCK PILATTE";"2610";"06300";"06088";"Nice";"06";"None";"None";"06088000KL0172";"None";"None";"72";"nan";"91";"75.01";"None";"nan";"None";"None";"None";"None";"2";"2";"Appartement";"81.0";"3.0";"None";"None";"None";"None";"nan";"7.288086";"43.694638";"000KL"
"2021-65646";"2021-09-02";"1";"Vente";"650000.0";"7.0";"B";"BD FRANCK PILATTE";"2610";"06300";"06088";"Nice";"06";"None";"None";"06088000KL0172";"None";"None";"47";"nan";"None";"nan";"None";"nan";"None";"None";"None";"None";"1";"3";"Dépendance";"nan";"0.0";"None";"None";"None";"None";"nan";"7.288086";"43.694638";"000KL"
"2021-65646";"2021-09-02";"1";"Vente";"650000.0";"7.0";"B";"BD FRANCK PILATTE";"2610";"06300";"06088";"Nice";"06";"None";"None";"06088000KL0172";"None";"None";"72";"nan";"91";"75.01";"None";"nan";"None";"None";"None";"None";"2";"3";"Dépendance";"nan";"0.0";"None";"None";"None";"None";"nan";"7.288086";"43.694638";"000KL"
"2021-64880";"2021-08-30";"1";"Vente";"415000.0";"7.0";"B";"BD FRANCK PILATTE";"2610";"06300";"06088";"Nice";"06";"None";"None";"06088000KL0172";"None";"None";"73";"nan";"93";"47.51";"None";"nan";"None";"None";"None";"None";"2";"2";"Appartement";"55.0";"2.0";"None";"None";"None";"None";"nan";"7.288086";"43.694638";"000KL"
"2021-66000";"2021-08-30";"1";"Vente";"470000.0";"23.0";"None";"BD FRANCK PILATTE";"2610";"06300";"06088";"Nice";"06";"None";"None";"06088000KL0160";"None";"None";"1025";"nan";"1120";"nan";"None";"nan";"None";"None";"None";"None";"2";"2";"Appartement";"79.0";"3.0";"None";"None";"None";"None";"nan";"7.291004";"43.693821";"000KL"
"2021-64880";"2021-08-30";"1";"Vente";"415000.0";"7.0";"B";"BD FRANCK PILATTE";"2610";"06300";"06088";"Nice";"06";"None";"None";"06088000KL0172";"None";"None";"73";"nan";"93";"47.51";"None";"nan";"None";"None";"None";"None";"2";"3";"Dépendance";"nan";"0.0";"None";"None";"None";"None";"nan";"7.288086";"43.694638";"000KL"
"2021-66000";"2021-08-30";"1";"Vente";"470000.0";"23.0";"None";"BD FRANCK PILATTE";"2610";"06300";"06088";"Nice";"06";"None";"None";"06088000KL0160";"None";"None";"1025";"nan";"1120";"nan";"None";"nan";"None";"None";"None";"None";"2";"3";"Dépendance";"nan";"0.0";"None";"None";"None";"None";"nan";"7.291004";"43.693821";"000KL"
"2021-66000";"2021-08-30";"1";"Vente";"470000.0";"23.0";"None";"BD FRANCK PILATTE";"2610";"06300";"06088";"Nice";"06";"None";"None";"06088000KL0160";"None";"None";"3091";"nan";"None";"nan";"None";"nan";"None";"None";"None";"None";"1";"3";"Dépendance";"nan";"0.0";"None";"None";"None";"None";"nan";"7.291004";"43.693821";"000KL"
"2021-64885";"2021-08-25";"1";"Vente";"281000.0";"46.0";"None";"BD CARNOT";"1145";"06300";"06088";"Nice";"06";"None";"None";"06088000KL0058";"None";"None";"33";"42.71";"None";"nan";"None";"nan";"None";"None";"None";"None";"1";"2";"Appartement";"43.0";"2.0";"None";"None";"None";"None";"nan";"7.290121";"43.696525";"000KL"
"2021-64919";"2021-08-25";"1";"Vente";"149000.0";"43.0";"B";"BD STALINGRAD";"6285";"06300";"06088";"Nice";"06";"None";"None";"06088000KL0040";"None";"None";"80";"28.04";"None";"nan";"None";"nan";"None";"None";"None";"None";"1";"2";"Appartement";"30.0";"2.0";"None";"None";"None";"None";"nan";"7.286965";"43.69568";"000KL"
"2021-64885";"2021-08-25";"1";"Vente";"281000.0";"46.0";"None";"BD CARNOT";"1145";"06300";"06088";"Nice";"06";"None";"None";"06088000KL0058";"None";"None";"18";"nan";"None";"nan";"None";"nan";"None";"None";"None";"None";"1";"3";"Dépendance";"nan";"0.0";"None";"None";"None";"None";"nan";"7.290121";"43.696525";"000KL"
"2021-64885";"2021-08-25";"1";"Vente";"281000.0";"46.0";"None";"BD CARNOT";"1145";"06300";"06088";"Nice";"06";"None";"None";"06088000KL0058";"None";"None";"3";"nan";"None";"nan";"None";"nan";"None";"None";"None";"None";"1";"3";"Dépendance";"nan";"0.0";"None";"None";"None";"None";"nan";"7.290121";"43.696525";"000KL"
"2021-65543";"2021-08-20";"1";"Vente";"535000.0";"23.0";"None";"BD FRANCK PILATTE";"2610";"06300";"06088";"Nice";"06";"None";"None";"06088000KL0160";"None";"None";"1037";"nan";"1152";"57.04";"None";"nan";"None";"None";"None";"None";"2";"2";"Appartement";"58.0";"2.0";"None";"None";"None";"None";"nan";"7.291004";"43.693821";"000KL"
"2021-65543";"2021-08-20";"1";"Vente";"535000.0";"23.0";"None";"BD FRANCK PILATTE";"2610";"06300";"06088";"Nice";"06";"None";"None";"06088000KL0160";"None";"None";"1037";"nan";"1152";"57.04";"None";"nan";"None";"None";"None";"None";"2";"3";"Dépendance";"nan";"0.0";"None";"None";"None";"None";"nan";"7.291004";"43.693821";"000KL"
"2021-64538";"2021-08-02";"1";"Vente";"230000.0";"45.0";"None";"BD STALINGRAD";"6285";"06300";"06088";"Nice";"06";"None";"None";"06088000KL0041";"None";"None";"57";"42.64";"90";"nan";"None";"nan";"None";"None";"None";"None";"2";"2";"Appartement";"46.0";"2.0";"None";"None";"None";"None";"nan";"7.286946";"43.695496";"000KL"
"2021-64538";"2021-08-02";"1";"Vente";"230000.0";"45.0";"None";"BD STALINGRAD";"6285";"06300";"06088";"Nice";"06";"None";"None";"06088000KL0041";"None";"None";"57";"42.64";"90";"nan";"None";"nan";"None";"None";"None";"None";"2";"3";"Dépendance";"nan";"0.0";"None";"None";"None";"None";"nan";"7.286946";"43.695496";"000KL"
"2021-63375";"2021-07-26";"1";"Vente";"382500.0";"39.0";"B";"BD STALINGRAD";"6285";"06300";"06088";"Nice";"06";"None";"None";"06088000KL0018";"None";"None";"38";"nan";"43";"63.24";"None";"nan";"None";"None";"None";"None";"2";"2";"Appartement";"79.0";"4.0";"None";"None";"None";"None";"nan";"7.287295";"43.696354";"000KL"
"2021-63375";"2021-07-26";"1";"Vente";"382500.0";"39.0";"B";"BD STALINGRAD";"6285";"06300";"06088";"Nice";"06";"None";"None";"06088000KL0018";"None";"None";"38";"nan";"43";"63.24";"None";"nan";"None";"None";"None";"None";"2";"3";"Dépendance";"nan";"0.0";"None";"None";"None";"None";"nan";"7.287295";"43.696354";"000KL"
"2021-63375";"2021-07-26";"1";"Vente";"382500.0";"39.0";"B";"BD STALINGRAD";"6285";"06300";"06088";"Nice";"06";"None";"None";"06088000KL0018";"None";"None";"38";"nan";"43";"63.24";"None";"nan";"None";"None";"None";"None";"2";"3";"Dépendance";"nan";"0.0";"None";"None";"None";"None";"nan";"7.287295";"43.696354";"000KL"
"2021-63375";"2021-07-26";"1";"Vente";"382500.0";"39.0";"B";"BD STALINGRAD";"6285";"06300";"06088";"Nice";"06";"None";"None";"06088000KL0018";"None";"None";"111";"nan";"None";"nan";"None";"nan";"None";"None";"None";"None";"1";"3";"Dépendance";"nan";"0.0";"None";"None";"None";"None";"nan";"7.287295";"43.696354";"000KL"
"2021-64189";"2021-07-19";"1";"Vente";"163000.0";"19.0";"B";"BD FRANCK PILATTE";"2610";"06300";"06088";"Nice";"06";"None";"None";"06088000KL0163";"None";"None";"111";"31.14";"266";"nan";"None";"nan";"None";"None";"None";"None";"2";"2";"Appartement";"33.0";"1.0";"None";"None";"None";"None";"nan";"7.289135";"43.694399";"000KL"
"2021-64189";"2021-07-19";"1";"Vente";"163000.0";"19.0";"B";"BD FRANCK PILATTE";"2610";"06300";"06088";"Nice";"06";"None";"None";"06088000KL0163";"None";"None";"111";"31.14";"266";"nan";"None";"nan";"None";"None";"None";"None";"2";"3";"Dépendance";"nan";"0.0";"None";"None";"None";"None";"nan";"7.289135";"43.694399";"000KL"
"2021-63115";"2021-07-13";"1";"Vente";"253000.0";"43.0";"B";"BD STALINGRAD";"6285";"06300";"06088";"Nice";"06";"None";"None";"06088000KL0040";"None";"None";"74";"32.64";"None";"nan";"None";"nan";"None";"None";"None";"None";"1";"2";"Appartement";"34.0";"2.0";"None";"None";"None";"None";"nan";"7.286965";"43.69568";"000KL"
"2021-62928";"2021-07-12";"1";"Vente";"233200.0";"70.0";"None";"BD CARNOT";"1145";"06300";"06088";"Nice";"06";"None";"None";"06088000KL0111";"None";"None";"20";"nan";"47";"55.21";"None";"nan";"None";"None";"None";"None";"2";"2";"Appartement";"53.0";"2.0";"None";"None";"None";"None";"nan";"7.292469";"43.695879";"000KL"
"2021-62928";"2021-07-12";"1";"Vente";"233200.0";"70.0";"None";"BD CARNOT";"1145";"06300";"06088";"Nice";"06";"None";"None";"06088000KL0111";"None";"None";"20";"nan";"47";"55.21";"None";"nan";"None";"None";"None";"None";"2";"3";"Dépendance";"nan";"0.0";"None";"None";"None";"None";"nan";"7.292469";"43.695879";"000KL"
"2021-62128";"2021-07-09";"1";"Vente";"185460.0";"39.0";"None";"BD STALINGRAD";"6285";"06300";"06088";"Nice";"06";"None";"None";"06088000KL0017";"None";"None";"21";"41.47";"None";"nan";"None";"nan";"None";"None";"None";"None";"1";"2";"Appartement";"45.0";"2.0";"None";"None";"None";"None";"nan";"7.287189";"43.696455";"000KL"
"2021-62088";"2021-06-30";"1";"Vente";"135000.0";"46.0";"None";"BD CARNOT";"1145";"06300";"06088";"Nice";"06";"None";"None";"06088000KL0058";"None";"None";"24";"28.49";"None";"nan";"None";"nan";"None";"None";"None";"None";"1";"2";"Appartement";"30.0";"1.0";"None";"None";"None";"None";"nan";"7.290121";"43.696525";"000KL"
"2021-62085";"2021-06-29";"1";"Vente";"257000.0";"33.0";"None";"BD STALINGRAD";"6285";"06300";"06088";"Nice";"06";"None";"None";"06088000KL0015";"None";"None";"186";"nan";"30";"65.93";"None";"nan";"None";"None";"None";"None";"2";"2";"Appartement";"71.0";"4.0";"None";"None";"None";"None";"nan";"7.287665";"43.696738";"000KL"
"2021-62085";"2021-06-29";"1";"Vente";"257000.0";"33.0";"None";"BD STALINGRAD";"6285";"06300";"06088";"Nice";"06";"None";"None";"06088000KL0015";"None";"None";"186";"nan";"30";"65.93";"None";"nan";"None";"None";"None";"None";"2";"3";"Dépendance";"nan";"0.0";"None";"None";"None";"None";"nan";"7.287665";"43.696738";"000KL"
"2021-62889";"2021-06-29";"1";"Vente";"20000.0";"4.0";"None";"AV ROSERAIE";"5580";"06300";"06088";"Nice";"06";"None";"None";"06088000KL0122";"None";"None";"48";"nan";"None";"nan";"None";"nan";"None";"None";"None";"None";"1";"3";"Dépendance";"nan";"0.0";"None";"None";"None";"None";"nan";"7.292316";"43.6955";"000KL"
"2021-62188";"2021-06-25";"1";"Vente";"485000.0";"6.0";"None";"AV ROSERAIE";"5580";"06300";"06088";"Nice";"06";"None";"None";"06088000KL0121";"None";"None";"2";"96.54";"None";"nan";"None";"nan";"None";"None";"None";"None";"1";"2";"Appartement";"99.0";"4.0";"None";"None";"None";"None";"nan";"7.292409";"43.695247";"000KL"
"2021-62220";"2021-06-25";"1";"Vente";"267500.0";"45.0";"None";"BD STALINGRAD";"6285";"06300";"06088";"Nice";"06";"None";"None";"06088000KL0041";"None";"None";"46";"nan";"75";"nan";"None";"nan";"None";"None";"None";"None";"2";"2";"Appartement";"72.0";"3.0";"None";"None";"None";"None";"nan";"7.286946";"43.695496";"000KL"
"2021-62220";"2021-06-25";"1";"Vente";"267500.0";"45.0";"None";"BD STALINGRAD";"6285";"06300";"06088";"Nice";"06";"None";"None";"06088000KL0041";"None";"None";"46";"nan";"75";"nan";"None";"nan";"None";"None";"None";"None";"2";"3";"Dépendance";"nan";"0.0";"None";"None";"None";"None";"nan";"7.286946";"43.695496";"000KL"
"2021-61302";"2021-06-21";"1";"Vente";"590000.0";"9.0";"B";"BD FRANCK PILATTE";"2610";"06300";"06088";"Nice";"06";"None";"None";"06088000KL0172";"None";"None";"240";"nan";"None";"nan";"None";"nan";"None";"None";"None";"None";"1";"2";"Appartement";"93.0";"4.0";"None";"None";"None";"None";"nan";"7.288086";"43.694638";"000KL"
"2021-61302";"2021-06-21";"1";"Vente";"590000.0";"11.0";"None";"BD FRANCK PILATTE";"2610";"06300";"06088";"Nice";"06";"None";"None";"06088000KL0172";"None";"None";"259";"nan";"None";"nan";"None";"nan";"None";"None";"None";"None";"1";"2";"Appartement";"8.0";"1.0";"None";"None";"None";"None";"nan";"7.288086";"43.694638";"000KL"
"2021-61348";"2021-06-17";"1";"Vente";"149000.0";"36.0";"None";"BD CARNOT";"1145";"06300";"06088";"Nice";"06";"None";"None";"06088000KL0013";"None";"None";"42";"nan";"79";"35.14";"None";"nan";"None";"None";"None";"None";"2";"2";"Appartement";"36.0";"1.0";"None";"None";"None";"None";"nan";"7.288977";"43.696813";"000KL"
"2021-61348";"2021-06-17";"1";"Vente";"149000.0";"36.0";"None";"BD CARNOT";"1145";"06300";"06088";"Nice";"06";"None";"None";"06088000KL0013";"None";"None";"42";"nan";"79";"35.14";"None";"nan";"None";"None";"None";"None";"2";"3";"Dépendance";"nan";"0.0";"None";"None";"None";"None";"nan";"7.288977";"43.696813";"000KL"
"2021-61348";"2021-06-17";"1";"Vente";"149000.0";"36.0";"None";"BD CARNOT";"1145";"06300";"06088";"Nice";"06";"None";"None";"06088000KL0013";"None";"None";"42";"nan";"79";"35.14";"None";"nan";"None";"None";"None";"None";"2";"3";"Dépendance";"nan";"0.0";"None";"None";"None";"None";"nan";"7.288977";"43.696813";"000KL"
"2021-61322";"2021-06-16";"1";"Vente";"80000.0";"66.0";"None";"BD CARNOT";"1145";"06300";"06088";"Nice";"06";"None";"None";"06088000KL0103";"None";"None";"41";"nan";"None";"nan";"None";"nan";"None";"None";"None";"None";"1";"2";"Appartement";"26.0";"1.0";"None";"None";"None";"None";"nan";"7.29183";"43.696379";"000KL"
"2021-61494";"2021-06-16";"1";"Vente";"460000.0";"23.0";"None";"BD FRANCK PILATTE";"2610";"06300";"06088";"Nice";"06";"None";"None";"06088000KL0160";"None";"None";"1037";"nan";"1152";"nan";"None";"nan";"None";"None";"None";"None";"2";"2";"Appartement";"58.0";"2.0";"None";"None";"None";"None";"nan";"7.291004";"43.693821";"000KL"
"2021-61322";"2021-06-16";"1";"Vente";"80000.0";"66.0";"None";"BD CARNOT";"1145";"06300";"06088";"Nice";"06";"None";"None";"06088000KL0103";"None";"None";"41";"nan";"None";"nan";"None";"nan";"None";"None";"None";"None";"1";"3";"Dépendance";"nan";"0.0";"None";"None";"None";"None";"nan";"7.29183";"43.696379";"000KL"
"2021-61494";"2021-06-16";"1";"Vente";"460000.0";"23.0";"None";"BD FRANCK PILATTE";"2610";"06300";"06088";"Nice";"06";"None";"None";"06088000KL0160";"None";"None";"1037";"nan";"1152";"nan";"None";"nan";"None";"None";"None";"None";"2";"3";"Dépendance";"nan";"0.0";"None";"None";"None";"None";"nan";"7.291004";"43.693821";"000KL"
"2021-60518";"2021-06-10";"1";"Vente";"57000.0";"23.0";"None";"BD FRANCK PILATTE";"2610";"06300";"06088";"Nice";"06";"None";"None";"06088000KL0160";"None";"None";"3101";"nan";"None";"nan";"None";"nan";"None";"None";"None";"None";"1";"3";"Dépendance";"nan";"0.0";"None";"None";"None";"None";"nan";"7.291004";"43.693821";"000KL"
"2021-60097";"2021-06-03";"1";"Vente";"200000.0";"5.0";"None";"AV LYMPIA";"3795";"06300";"06088";"Nice";"06";"None";"None";"06088000KL0222";"None";"None";"106";"49.01";"65";"nan";"None";"nan";"None";"None";"None";"None";"2";"2";"Appartement";"51.0";"2.0";"None";"None";"None";"None";"nan";"7.289214";"43.696152";"000KL"
"2021-61325";"2021-06-03";"1";"Vente";"245000.0";"45.0";"None";"BD STALINGRAD";"6285";"06300";"06088";"Nice";"06";"None";"None";"06088000KL0041";"None";"None";"53";"44.49";"None";"nan";"None";"nan";"None";"None";"None";"None";"1";"2";"Appartement";"45.0";"2.0";"None";"None";"None";"None";"nan";"7.286946";"43.695496";"000KL"
"2021-60097";"2021-06-03";"1";"Vente";"200000.0";"5.0";"None";"AV LYMPIA";"3795";"06300";"06088";"Nice";"06";"None";"None";"06088000KL0222";"None";"None";"106";"49.01";"65";"nan";"None";"nan";"None";"None";"None";"None";"2";"3";"Dépendance";"nan";"0.0";"None";"None";"None";"None";"nan";"7.289214";"43.696152";"000KL"
"2021-61325";"2021-06-03";"1";"Vente";"245000.0";"45.0";"None";"BD STALINGRAD";"6285";"06300";"06088";"Nice";"06";"None";"None";"06088000KL0041";"None";"None";"53";"44.49";"None";"nan";"None";"nan";"None";"None";"None";"None";"1";"3";"Dépendance";"nan";"0.0";"None";"None";"None";"None";"nan";"7.286946";"43.695496";"000KL"
"2021-60371";"2021-05-31";"1";"Vente";"1500000.0";"7.0";"None";"AV DE LA MER";"4175";"06300";"06088";"Nice";"06";"None";"None";"06088000KL0136";"None";"None";"None";"nan";"None";"nan";"None";"nan";"None";"None";"None";"None";"0";"2";"Appartement";"54.0";"3.0";"S";"sols";"None";"None";"800.0";"7.291845";"43.694422";"000KL"
"2021-60371";"2021-05-31";"1";"Vente";"1500000.0";"7.0";"None";"AV DE LA MER";"4175";"06300";"06088";"Nice";"06";"None";"None";"06088000KL0136";"None";"None";"None";"nan";"None";"nan";"None";"nan";"None";"None";"None";"None";"0";"2";"Appartement";"246.0";"7.0";"S";"sols";"None";"None";"800.0";"7.291845";"43.694422";"000KL"
"2021-60371";"2021-05-31";"1";"Vente";"1500000.0";"7.0";"None";"AV DE LA MER";"4175";"06300";"06088";"Nice";"06";"None";"None";"06088000KL0136";"None";"None";"None";"nan";"None";"nan";"None";"nan";"None";"None";"None";"None";"0";"3";"Dépendance";"nan";"0.0";"S";"sols";"None";"None";"800.0";"7.291845";"43.694422";"000KL"
"2021-60371";"2021-05-31";"1";"Vente";"1500000.0";"7.0";"None";"AV DE LA MER";"4175";"06300";"06088";"Nice";"06";"None";"None";"06088000KL0136";"None";"None";"None";"nan";"None";"nan";"None";"nan";"None";"None";"None";"None";"0";"3";"Dépendance";"nan";"0.0";"S";"sols";"None";"None";"800.0";"7.291845";"43.694422";"000KL"
"2021-60113";"2021-05-26";"1";"Vente";"325000.0";"14.0";"None";"AV LYMPIA";"3795";"06300";"06088";"Nice";"06";"None";"None";"06088000KL0043";"None";"None";"2";"nan";"25";"63.26";"None";"nan";"None";"None";"None";"None";"2";"2";"Appartement";"65.0";"3.0";"None";"None";"None";"None";"nan";"7.287886";"43.695375";"000KL"
"2021-59413";"2021-05-18";"1";"Vente";"790000.0";"5.0";"None";"AV LYMPIA";"3795";"06300";"06088";"Nice";"06";"None";"None";"06088000KL0222";"None";"None";"137";"114.09";"85";"nan";"None";"nan";"None";"None";"None";"None";"2";"2";"Appartement";"114.0";"4.0";"None";"None";"None";"None";"nan";"7.289214";"43.696152";"000KL"
"2021-59413";"2021-05-18";"1";"Vente";"790000.0";"5.0";"None";"AV LYMPIA";"3795";"06300";"06088";"Nice";"06";"None";"None";"06088000KL0222";"None";"None";"39";"nan";"None";"nan";"None";"nan";"None";"None";"None";"None";"1";"3";"Dépendance";"nan";"0.0";"None";"None";"None";"None";"nan";"7.289214";"43.696152";"000KL"
"2021-60002";"2021-05-12";"1";"Vente";"280000.0";"10.0";"None";"AV JEANNE MARLIN";"3405";"06300";"06088";"Nice";"06";"None";"None";"06088000KL0031";"None";"None";"3";"56.38";"None";"nan";"None";"nan";"None";"None";"None";"None";"1";"2";"Appartement";"55.0";"3.0";"None";"None";"None";"None";"nan";"7.287915";"43.695864";"000KL"
"2021-59107";"2021-05-05";"1";"Vente";"120000.0";"23.0";"None";"BD STALINGRAD";"6285";"06300";"06088";"Nice";"06";"None";"None";"06088000KL0007";"None";"None";"19";"nan";"None";"nan";"None";"nan";"None";"None";"None";"None";"1";"2";"Appartement";"60.0";"2.0";"None";"None";"None";"None";"nan";"7.287274";"43.697621";"000KL"
"2021-59192";"2021-04-30";"1";"Vente";"79000.0";"33.0";"None";"BD STALINGRAD";"6285";"06300";"06088";"Nice";"06";"None";"None";"06088000KL0015";"None";"None";"198";"nan";"None";"nan";"None";"nan";"None";"None";"None";"None";"1";"3";"Dépendance";"nan";"0.0";"None";"None";"None";"None";"nan";"7.287665";"43.696738";"000KL"
"2021-58417";"2021-04-28";"1";"Vente";"300000.0";"39.0";"B";"BD STALINGRAD";"6285";"06300";"06088";"Nice";"06";"None";"None";"06088000KL0018";"None";"None";"28";"nan";"59";"63.17";"None";"nan";"None";"None";"None";"None";"2";"2";"Appartement";"63.0";"4.0";"None";"None";"None";"None";"nan";"7.287295";"43.696354";"000KL"
"2021-59217";"2021-04-28";"1";"Vente";"216700.0";"46.0";"None";"BD CARNOT";"1145";"06300";"06088";"Nice";"06";"None";"None";"06088000KL0058";"None";"None";"26";"37.5";"None";"nan";"None";"nan";"None";"None";"None";"None";"1";"2";"Appartement";"39.0";"2.0";"None";"None";"None";"None";"nan";"7.290121";"43.696525";"000KL"
"2021-58103";"2021-04-27";"1";"Vente";"32000.0";"23.0";"None";"BD FRANCK PILATTE";"2610";"06300";"06088";"Nice";"06";"None";"None";"06088000KL0160";"None";"None";"1031";"nan";"None";"nan";"None";"nan";"None";"None";"None";"None";"1";"3";"Dépendance";"nan";"0.0";"None";"None";"None";"None";"nan";"7.291004";"43.693821";"000KL"
"2021-58013";"2021-04-21";"1";"Vente";"150000.0";"25.0";"None";"BD STALINGRAD";"6285";"06300";"06088";"Nice";"06";"None";"None";"06088000KL0007";"None";"None";"9";"87.95";"None";"nan";"None";"nan";"None";"None";"None";"None";"1";"2";"Appartement";"85.0";"4.0";"None";"None";"None";"None";"nan";"7.287274";"43.697621";"000KL"
"2021-57734";"2021-04-13";"1";"Vente";"620000.0";"23.0";"None";"BD FRANCK PILATTE";"2610";"06300";"06088";"Nice";"06";"None";"None";"06088000KL0160";"None";"None";"2010";"nan";"2084";"67.73";"None";"nan";"None";"None";"None";"None";"2";"2";"Appartement";"71.0";"2.0";"None";"None";"None";"None";"nan";"7.291004";"43.693821";"000KL"
"2021-57734";"2021-04-13";"1";"Vente";"620000.0";"23.0";"None";"BD FRANCK PILATTE";"2610";"06300";"06088";"Nice";"06";"None";"None";"06088000KL0160";"None";"None";"3083";"nan";"None";"nan";"None";"nan";"None";"None";"None";"None";"1";"3";"Dépendance";"nan";"0.0";"None";"None";"None";"None";"nan";"7.291004";"43.693821";"000KL"
"2021-57118";"2021-04-12";"1";"Vente";"831000.0";"23.0";"None";"BD FRANCK PILATTE";"2610";"06300";"06088";"Nice";"06";"None";"None";"06088000KL0160";"None";"None";"1021";"nan";"1130";"74.78";"None";"nan";"None";"None";"None";"None";"2";"2";"Appartement";"77.0";"3.0";"None";"None";"None";"None";"nan";"7.291004";"43.693821";"000KL"
"2021-57771";"2021-04-07";"1";"Vente";"298000.0";"3.0";"None";"AV GUSTAVIN";"3140";"06300";"06088";"Nice";"06";"None";"None";"06088000KL0096";"None";"None";"42";"54.4";"None";"nan";"None";"nan";"None";"None";"None";"None";"1";"2";"Appartement";"52.0";"2.0";"None";"None";"None";"None";"nan";"7.290763";"43.696056";"000KL"
"2021-57007";"2021-03-31";"1";"Vente";"595000.0";"9.0";"None";"BD FRANCK PILATTE";"2610";"06300";"06088";"Nice";"06";"None";"None";"06088000KL0172";"None";"None";"199";"nan";"200";"nan";"None";"nan";"None";"None";"None";"None";"2";"2";"Appartement";"71.0";"3.0";"None";"None";"None";"None";"nan";"7.288086";"43.694638";"000KL"
"2021-57551";"2021-03-31";"1";"Vente";"365000.0";"15.0";"None";"AV LYMPIA";"3795";"06300";"06088";"Nice";"06";"None";"None";"06088000KL0044";"None";"None";"108";"77.53";"None";"nan";"None";"nan";"None";"None";"None";"None";"1";"2";"Appartement";"80.0";"3.0";"None";"None";"None";"None";"nan";"7.288581";"43.695365";"000KL"
"2021-57551";"2021-03-31";"1";"Vente";"365000.0";"15.0";"None";"AV LYMPIA";"3795";"06300";"06088";"Nice";"06";"None";"None";"06088000KL0044";"None";"None";"30";"nan";"None";"nan";"None";"nan";"None";"None";"None";"None";"1";"3";"Dépendance";"nan";"0.0";"None";"None";"None";"None";"nan";"7.288581";"43.695365";"000KL"
"2021-57027";"2021-03-29";"1";"Vente";"870000.0";"8.0";"None";"AV ALFRED LEROUX";"0120";"06300";"06088";"Nice";"06";"None";"None";"06088000KL0092";"None";"None";"113";"134.1";"None";"nan";"None";"nan";"None";"None";"None";"None";"1";"2";"Appartement";"114.0";"5.0";"None";"None";"None";"None";"nan";"7.290281";"43.695632";"000KL"
"2021-57027";"2021-03-29";"1";"Vente";"870000.0";"6.0";"None";"AV ALFRED LEROUX";"0120";"06300";"06088";"Nice";"06";"None";"None";"06088000KL0092";"None";"None";"123";"nan";"None";"nan";"None";"nan";"None";"None";"None";"None";"1";"3";"Dépendance";"nan";"0.0";"None";"None";"None";"None";"nan";"7.290281";"43.695632";"000KL"
"2021-56652";"2021-03-25";"1";"Vente";"177000.0";"6.0";"None";"MTE COMMANDANT OCTOBON";"1634";"06300";"06088";"Nice";"06";"None";"None";"06088000KL0179";"None";"None";"3";"31.32";"None";"nan";"None";"nan";"None";"None";"None";"None";"1";"2";"Appartement";"33.0";"2.0";"None";"None";"None";"None";"nan";"7.287281";"43.694969";"000KL"
"2021-56780";"2021-03-23";"1";"Vente";"275000.0";"33.0";"None";"BD STALINGRAD";"6285";"06300";"06088";"Nice";"06";"None";"None";"06088000KL0015";"None";"None";"116";"nan";"31";"74.42";"None";"nan";"None";"None";"None";"None";"2";"2";"Appartement";"71.0";"4.0";"None";"None";"None";"None";"nan";"7.287665";"43.696738";"000KL"
"2021-68767";"2021-03-18";"1";"Adjudication";"144000.0";"33.0";"None";"BD STALINGRAD";"6285";"06300";"06088";"Nice";"06";"None";"None";"06088000KL0015";"None";"None";"140";"nan";"9";"nan";"None";"nan";"None";"None";"None";"None";"2";"2";"Appartement";"58.0";"3.0";"None";"None";"None";"None";"nan";"7.287665";"43.696738";"000KL"
"2021-68767";"2021-03-18";"1";"Adjudication";"144000.0";"33.0";"None";"BD STALINGRAD";"6285";"06300";"06088";"Nice";"06";"None";"None";"06088000KL0015";"None";"None";"140";"nan";"9";"nan";"None";"nan";"None";"None";"None";"None";"2";"3";"Dépendance";"nan";"0.0";"None";"None";"None";"None";"nan";"7.287665";"43.696738";"000KL"
"2021-56029";"2021-03-11";"1";"Vente";"185000.0";"33.0";"None";"BD STALINGRAD";"6285";"06300";"06088";"Nice";"06";"None";"None";"06088000KL0015";"None";"None";"180";"nan";"56";"51.29";"None";"nan";"None";"None";"None";"None";"2";"2";"Appartement";"55.0";"3.0";"None";"None";"None";"None";"nan";"7.287665";"43.696738";"000KL"
"2021-56635";"2021-03-09";"1";"Vente";"258000.0";"36.0";"None";"BD CARNOT";"1145";"06300";"06088";"Nice";"06";"None";"None";"06088000KL0013";"None";"None";"122";"nan";"62";"51.04";"None";"nan";"None";"None";"None";"None";"2";"2";"Appartement";"58.0";"2.0";"None";"None";"None";"None";"nan";"7.288977";"43.696813";"000KL"
"2021-55919";"2021-03-02";"1";"Vente";"340000.0";"3.0";"None";"AV GUSTAVIN";"3140";"06300";"06088";"Nice";"06";"None";"None";"06088000KL0096";"None";"None";"27";"53.84";"None";"nan";"None";"nan";"None";"None";"None";"None";"1";"2";"Appartement";"54.0";"2.0";"None";"None";"None";"None";"nan";"7.290763";"43.696056";"000KL"
"2021-55919";"2021-03-02";"1";"Vente";"340000.0";"3.0";"None";"AV GUSTAVIN";"3140";"06300";"06088";"Nice";"06";"None";"None";"06088000KL0096";"None";"None";"20";"nan";"None";"nan";"None";"nan";"None";"None";"None";"None";"1";"3";"Dépendance";"nan";"0.0";"None";"None";"None";"None";"nan";"7.290763";"43.696056";"000KL"
"2021-55299";"2021-03-01";"1";"Vente";"185000.0";"39.0";"B";"BD STALINGRAD";"6285";"06300";"06088";"Nice";"06";"None";"None";"06088000KL0018";"None";"None";"36";"nan";"99";"42.87";"None";"nan";"None";"None";"None";"None";"2";"2";"Appartement";"42.0";"2.0";"None";"None";"None";"None";"nan";"7.287295";"43.696354";"000KL"
"2021-55668";"2021-02-26";"1";"Vente";"237000.0";"9003.0";"None";"AV JEANNE MARLIN";"3405";"06300";"06088";"Nice";"06";"None";"None";"06088000KL0024";"None";"None";"2";"nan";"9";"46.65";"None";"nan";"None";"None";"None";"None";"2";"2";"Appartement";"48.0";"2.0";"None";"None";"None";"None";"nan";"7.288371";"43.696011";"000KL"
"2021-55578";"2021-02-22";"1";"Vente";"205660.0";"39.0";"None";"BD STALINGRAD";"6285";"06300";"06088";"Nice";"06";"None";"None";"06088000KL0017";"None";"None";"28";"44.02";"None";"nan";"None";"nan";"None";"None";"None";"None";"1";"2";"Appartement";"44.0";"2.0";"None";"None";"None";"None";"nan";"7.287189";"43.696455";"000KL"
"2021-56037";"2021-02-22";"1";"Vente";"227000.0";"53.0";"None";"BD STALINGRAD";"6285";"06300";"06088";"Nice";"06";"None";"None";"06088000KL0175";"None";"None";"9";"39.05";"None";"nan";"None";"nan";"None";"None";"None";"None";"1";"2";"Appartement";"50.0";"2.0";"None";"None";"None";"None";"nan";"7.286741";"43.694838";"000KL"
"2021-55472";"2021-02-19";"1";"Vente";"163000.0";"8.0";"None";"AV JEANNE MARLIN";"3405";"06300";"06088";"Nice";"06";"None";"None";"06088000KL0033";"None";"None";"3";"30.04";"None";"nan";"None";"nan";"None";"None";"None";"None";"1";"2";"Appartement";"30.0";"1.0";"None";"None";"None";"None";"nan";"7.28772";"43.695892";"000KL"
"2021-55195";"2021-02-17";"1";"Vente";"192000.0";"4.0";"None";"AV ROSERAIE";"5580";"06300";"06088";"Nice";"06";"None";"None";"06088000KL0122";"None";"None";"2";"nan";"33";"nan";"None";"nan";"None";"None";"None";"None";"2";"2";"Appartement";"36.0";"1.0";"None";"None";"None";"None";"nan";"7.292316";"43.6955";"000KL"
"2021-54978";"2021-02-16";"1";"Vente";"7000.0";"13.0";"B";"BD FRANCK PILATTE";"2610";"06300";"06088";"Nice";"06";"None";"None";"06088000KL0172";"None";"None";"677";"nan";"None";"nan";"None";"nan";"None";"None";"None";"None";"1";"2";"Appartement";"30.0";"1.0";"None";"None";"None";"None";"nan";"7.288086";"43.694638";"000KL"
"2021-55089";"2021-02-15";"1";"Vente";"175800.0";"13.0";"B";"BD FRANCK PILATTE";"2610";"06300";"06088";"Nice";"06";"None";"None";"06088000KL0172";"None";"None";"701";"30.56";"None";"nan";"None";"nan";"None";"None";"None";"None";"1";"2";"Appartement";"30.0";"1.0";"None";"None";"None";"None";"nan";"7.288086";"43.694638";"000KL"
"2021-54912";"2021-02-10";"1";"Vente";"182000.0";"39.0";"B";"BD STALINGRAD";"6285";"06300";"06088";"Nice";"06";"None";"None";"06088000KL0018";"None";"None";"34";"nan";"48";"62.8";"None";"nan";"None";"None";"None";"None";"2";"2";"Appartement";"63.0";"4.0";"None";"None";"None";"None";"nan";"7.287295";"43.696354";"000KL"
"2021-54912";"2021-02-10";"1";"Vente";"182000.0";"39.0";"B";"BD STALINGRAD";"6285";"06300";"06088";"Nice";"06";"None";"None";"06088000KL0018";"None";"None";"108";"nan";"None";"nan";"None";"nan";"None";"None";"None";"None";"1";"3";"Dépendance";"nan";"0.0";"None";"None";"None";"None";"nan";"7.287295";"43.696354";"000KL"
"2021-54457";"2021-02-09";"1";"Vente";"304000.0";"15.0";"None";"AV LYMPIA";"3795";"06300";"06088";"Nice";"06";"None";"None";"06088000KL0044";"None";"None";"123";"66.38";"59";"nan";"None";"nan";"None";"None";"None";"None";"2";"2";"Appartement";"65.0";"3.0";"None";"None";"None";"None";"nan";"7.288581";"43.695365";"000KL"
"2021-54316";"2021-01-28";"1";"Vente";"327000.0";"15.0";"None";"AV LYMPIA";"3795";"06300";"06088";"Nice";"06";"None";"None";"06088000KL0044";"None";"None";"55";"nan";"88";"62.89";"None";"nan";"None";"None";"None";"None";"2";"2";"Appartement";"65.0";"2.0";"None";"None";"None";"None";"nan";"7.288581";"43.695365";"000KL"
"2021-54316";"2021-01-28";"1";"Vente";"327000.0";"15.0";"None";"AV LYMPIA";"3795";"06300";"06088";"Nice";"06";"None";"None";"06088000KL0044";"None";"None";"131";"nan";"None";"nan";"None";"nan";"None";"None";"None";"None";"1";"3";"Dépendance";"nan";"0.0";"None";"None";"None";"None";"nan";"7.288581";"43.695365";"000KL"
"2021-54340";"2021-01-27";"1";"Vente";"120000.0";"39.0";"None";"BD STALINGRAD";"6285";"06300";"06088";"Nice";"06";"None";"None";"06088000KL0017";"None";"None";"3";"nan";"None";"nan";"None";"nan";"None";"None";"None";"None";"1";"4";"Local industriel. commercial ou assimilé";"32.0";"0.0";"None";"None";"None";"None";"nan";"7.287189";"43.696455";"000KL"
"2021-56100";"2021-01-26";"1";"Vente";"63000.0";"23.0";"None";"BD FRANCK PILATTE";"2610";"06300";"06088";"Nice";"06";"None";"None";"06088000KL0160";"None";"None";"3121";"nan";"None";"nan";"None";"nan";"None";"None";"None";"None";"1";"3";"Dépendance";"nan";"0.0";"None";"None";"None";"None";"nan";"7.291004";"43.693821";"000KL"
"2021-53909";"2021-01-22";"1";"Vente";"119000.0";"52.0";"None";"BD CARNOT";"1145";"06300";"06088";"Nice";"06";"None";"None";"06088000KL0194";"None";"None";"77";"nan";"None";"nan";"None";"nan";"None";"None";"None";"None";"1";"2";"Appartement";"24.0";"1.0";"None";"None";"None";"None";"nan";"7.290893";"43.696371";"000KL"
"2021-54163";"2021-01-21";"1";"Vente";"115000.0";"19.0";"None";"BD STALINGRAD";"6285";"06300";"06088";"Nice";"06";"None";"None";"06088000KL0005";"None";"None";"36";"nan";"None";"nan";"None";"nan";"None";"None";"None";"None";"1";"2";"Appartement";"24.0";"2.0";"None";"None";"None";"None";"nan";"7.287436";"43.697955";"000KL"
"2021-72337";"2021-01-14";"1";"Vente";"200000.0";"39.0";"B";"BD STALINGRAD";"6285";"06300";"06088";"Nice";"06";"None";"None";"06088000KL0018";"None";"None";"90";"43.19";"None";"nan";"None";"nan";"None";"None";"None";"None";"1";"2";"Appartement";"42.0";"2.0";"None";"None";"None";"None";"nan";"7.287295";"43.696354";"000KL"
"2021-72337";"2021-01-14";"1";"Vente";"200000.0";"39.0";"B";"BD STALINGRAD";"6285";"06300";"06088";"Nice";"06";"None";"None";"06088000KL0018";"None";"None";"90";"43.19";"None";"nan";"None";"nan";"None";"None";"None";"None";"1";"3";"Dépendance";"nan";"0.0";"None";"None";"None";"None";"nan";"7.287295";"43.696354";"000KL"
"2021-53927";"2021-01-08";"1";"Vente";"320000.0";"51.0";"None";"BD STALINGRAD";"6285";"06300";"06088";"Nice";"06";"None";"None";"06088000KL0182";"None";"None";"159";"66.31";"None";"nan";"None";"nan";"None";"None";"None";"None";"1";"2";"Appartement";"70.0";"3.0";"None";"None";"None";"None";"nan";"7.286808";"43.694933";"000KL"
"2021-53927";"2021-01-08";"1";"Vente";"320000.0";"51.0";"None";"BD STALINGRAD";"6285";"06300";"06088";"Nice";"06";"None";"None";"06088000KL0182";"None";"None";"132";"nan";"None";"nan";"None";"nan";"None";"None";"None";"None";"1";"3";"Dépendance";"nan";"0.0";"None";"None";"None";"None";"nan";"7.286808";"43.694933";"000KL"
"2021-53546";"2021-01-07";"1";"Vente";"1.0";"7.0";"None";"BD FRANCK PILATTE";"2610";"06300";"06088";"Nice";"06";"None";"None";"06088000KL0172";"None";"None";"6";"73.19";"65";"nan";"66";"nan";"7";"None";"None";"None";"4";"4";"Local industriel. commercial ou assimilé";"87.0";"0.0";"None";"None";"None";"None";"nan";"7.288086";"43.694638";"000KL"